nama_perusahaan,jenis_badan_usaha,provinsi,nib,npwp,telepon,email,alamat,jumlah_izin,jumlah_izin_nikel,jumlah_izin_lainnya,status_iup,komoditas,golongan,lokasi_izin,total_luas_ha,nilai_investasi_usd_juta,nilai_investasi_idr_miliar,tahun_investasi,kapasitas_produksi_ton_tahun,jenis_kapasitas,status_operasional,sumber_data_investasi,sumber_data_kapasitas,catatan
ANUGERAH JAYA BUANA,Perusahaan Perseroan Terbatas (PT),Sulawesi Selatan,1609210022494,002250410*******,02150806573____,,"Sopo Del Office Tower and Lifestyle A Tower Lantai 19, Jl. Mega Kuningan Barat III No.5, RT.3/RW.2, Kuningan Timur, Kota Jakarta Selatan, Daerah Khusus Jakarta – 12950",1,1,0,LEGAL,Nikel,Mineral Logam,KAB. LUWU TIMUR,2800.00,,,,,,,,,
CITRA LAMPIA MANDIRI,Perusahaan Perseroan Terbatas (PT),Sulawesi Selatan,0220107550155,002643362*******,02138250537____,,"Gedung Office 8 Lantai 35 Unit H, Jalan Senopati No. 8B, Senayan, Kebayoran Baru, Jakarta Selatan, DKI Jakarta 12190",1,1,0,LEGAL,Nikel,Mineral Logam,KAB. LUWU TIMUR,2660.00,,,,,,,,,
DAYA GUNA GEMILANG,Perusahaan Perseroan Terbatas (PT),Sulawesi Selatan,1404220014158,002508694*******,02158905002,pjkdayaguna@gmail.com,Jalan Galuh II Nomor 5 ,1,1,0,LEGAL,Nikel,Mineral Logam,KAB. LUWU TIMUR,4787.00,,,,,,,,,
ERA MARPADOT,Perusahaan Perseroan Terbatas (PT),Sulawesi Selatan,3012220011264,001817295*******,,,"MTH SQUARE GF A4/A, JL. LETJEN M.T. HARYONO KAV 10,
Desa/Kelurahan Bidara Cina, Kec. Jatinegara, Kota Adm. Jakarta Timur,
Provinsi DKI Jakarta,
Kode Pos: 13330",1,1,0,LEGAL,Nikel,Mineral Logam,"KAB. LUWU TIMUR, KAB. KOLAKA UTARA",4301.50,,,,,,,,,
KAHALA MINERA,Perusahaan Perseroan Terbatas (PT),Sulawesi Selatan,0234000960699,002435369*******,,,"JL. JUANDA NO 65 KEL. AIR HITAM, KEC. SAMARINDA ULU, KOTA SAMARINDA",1,1,0,LEGAL,Nikel,Mineral Logam,KAB. LUWU TIMUR,900.00,,,,,,,,,
KOLAKA MINERAL RESOURCES,Perusahaan Perseroan Terbatas (PT),Sulawesi Selatan,1264000521806,002145545*******,,,"LINGK II BATU PUTIH RT 01/04 KAB KOLAKA & JL. MATRAMAN RAYA NO 53, KEL PALMERIAM, KEC. MATRAMAN JAKARTA TIMUR",1,1,0,LEGAL,Nikel,Mineral Logam,KAB. BONE,2100.00,,,,,,,,,
LINGKE SULAWESI MINERAL,Perusahaan Perseroan Terbatas (PT),Sulawesi Selatan,3009240080284,027834284*******,,,"Jalan Sungai Saddang, Kompleks Latanette Plaza, Blok B Nomor 12, Kel. Pisang Selatan, Kec. Ujung Pandang, Kota Makassar, Provinsi Sulawesi Selatan",1,1,0,LEGAL,Nikel,Mineral Logam,KAB. LUWU TIMUR,943.00,,,,,,,,,
MADUMA ASIH PRATAMA,Perusahaan Perseroan Terbatas (PT),Sulawesi Selatan,9120212151293,001322587*******,,,"Jl. Agung timur 8 Nomor 12 A, Kel. SUnter Jaya, Kec. Tanjung Priok. Kota Adm. Jakarta Utara, Prov. DKI Jakarta",1,1,0,LEGAL,Nikel,Mineral Logam,KAB. LUWU TIMUR,7069.00,,,,,,,,,
MITRA BERKARYA SEJATI,Perusahaan Perseroan Terbatas (PT),Sulawesi Selatan,2912220028841,001920355*******,081770000940,mitraberkaryasejati002@gmail.com,"APL Tower Central Park Lantai 39, Jl. Letjend. S. Parman Kav. 28",1,1,0,LEGAL,Nikel,Mineral Logam,KAB. LUWU TIMUR,3807.00,,,,,,,,,
PARAMOS REZEKI INDAH,Perusahaan Perseroan Terbatas (PT),Sulawesi Selatan,9120302790846,001973671*******,,,"AKR Tower Lt. 16 , Jl. Panjang No.5, Kel. Kebon Jeruk, Kec. Kebon Jeruk",1,1,0,LEGAL,Nikel,Mineral Logam,KAB. LUWU TIMUR,6639.00,,,,,,,,,
PONGKERU MINERAL UTAMA,Perusahaan Perseroan Terbatas (PT),Sulawesi Selatan,2110240156267,012706485*******,,pongkerumineralutama@yahoo.com,"Gedung Antam Tower A, Desa/Kelurahan Tanjung Barat, Kec. Jagakarsa,
Kota Adm. Jakarta Selatan, Provinsi DKI Jakarta,
Kode Pos: 12530",1,1,0,LEGAL,Nikel,Mineral Logam,KAB. LUWU TIMUR,4252.00,,,,,,,,,
PRIMA UTAMA LESTARI,Perusahaan Perseroan Terbatas (PT),Sulawesi Selatan,8120015010858,002618467*******,,,"CFX Tower Lt. 6, Jl. Jend. Gatot Subroto, Kav 35-36, Kelurahan Kuningan Timur, Kecamatan Setiabudi, Kota Jakarta Selatan, Provinsi DKI Jakarta",1,1,0,LEGAL,Nikel,Mineral Logam,KAB. LUWU TIMUR,1419.00,,,,,,,,,
SANROY MITRA SAUDARA,Perusahaan Perseroan Terbatas (PT),Sulawesi Selatan,1312220036838,002635987*******,,,"JL. JEND. A. YANI NO. 42 B, Desa/Kelurahan Tiga-belas Ulu, Kec.
Seberang Ulu Dua, Kota Palembang, Provinsi Sumatera Selatan,
Kode Pos: 30263",1,1,0,LEGAL,Nikel,Mineral Logam,KAB. LUWU TIMUR,6378.00,,,,,,,,,
SULAWESI DAMAI MINERAL,Perusahaan Perseroan Terbatas (PT),Sulawesi Selatan,1110240100306,027978069*******,,,"Jalan Sungai Saddang, Kompleks Latanette Plaza, Blok B Nomor 12, Kel. Pisang Selatan, Kec. Ujung Pandang, Kota Makassar, Provinsi Sulawesi Selatan",1,1,0,LEGAL,Nikel,Mineral Logam,KAB. LUWU TIMUR,1665.00,,,,,,,,,
SUMBER WAHAU JAYA,Perusahaan Perseroan Terbatas (PT),Sulawesi Selatan,0285010240662,02435460*******,,,JL. KALI BESAR BARAT NO. 40 JAKARTA,1,1,0,LEGAL,Nikel,Mineral Logam,KAB. LUWU TIMUR,303.00,,,,,,,,,
TAMBORA RAYA,Perusahaan Perseroan Terbatas (PT),Sulawesi Selatan,0410230028838,002477401*******,02122907477,pt.tamboraraya@gmail.com,"18 Parc Place SCBD Tower D Lantai 11, Jl Jendral Sudirman Kav 52-53
",1,1,0,LEGAL,Nikel,Mineral Logam,KAB. LUWU TIMUR,5082.00,,,,,,,,,
TIZAR TIRZIA TRIZARDI,Perusahaan Perseroan Terbatas (PT),Sulawesi Selatan,9120006950913,099819592*******,085210959897,trizarditizartirzia@gmail.com,"GEDUNG OFFICE EIGHTYEIGHT@KASABKANKA, LANTAI 9 UNIT A, JL. CASABKANKA KAV.88",1,1,0,LEGAL,Nikel,Mineral Logam,KAB. LUWU TIMUR,5668.00,,,,,,,,,
VIRGO PUSPITA LESTARI,Perusahaan Perseroan Terbatas (PT),Sulawesi Selatan,2312220035063,001989146*******,,,,1,1,0,LEGAL,Nikel,Mineral Logam,KAB. LUWU TIMUR,2698.00,,,,,,,,,
ALASKA DWIPA PERDANA,Perusahaan Perseroan Terbatas (PT),Sulawesi Tengah,8120310160177,001965569*******,082184080438,alaska.adp@gmail.com,"World Capital Tower, lantai 39 Jl. Mega Kuningan Barat Lingkar Mega Kuningan No.3",1,1,0,LEGAL,Nikel,Mineral Logam,KAB. MOROWALI,480.00,,,,,,,,,
AMANAT SEPUH LESTARI,Perusahaan Perseroan Terbatas (PT),Sulawesi Tengah,0110210017085,02310943*******,,,"Jl. Brigjen H. Hasan Basri, Kel. Alalak Selatan, Kec. Banjarmasin Utara, Kota Banjarmasih, Prov. Kalimantan Selatan",1,1,0,LEGAL,Nikel,Mineral Logam,KAB. MOROWALI,2516.00,,,,,,,,,
ANEKA USAHA CEMERLANG,Perusahaan Perseroan Terbatas (PT),Sulawesi Tengah,9120502882514,002597406*******,,,"Gedung Bursa Efek Indonesia (Indonesia Stock Exchange Building) Tower I, Lantai 29, Suite 2901, Jalan Jenderal Sudirman Kaveling 52-53, Kelurahan Senayan, Kecamatan Kebayoran Baru, Jakarta 12190",1,1,0,LEGAL,Nikel,Mineral Logam,KAB. MOROWALI UTARA,2814.00,,,,,,,,,
ANG AND FANG BROTHER,Perusahaan Perseroan Terbatas (PT),Sulawesi Tengah,1411220027318,002821671*******,,,"JL.BOULEVARD JASPER 1 NO 4 PANAKUKANG MAS MAKASSAR & JL. PANGERAN DIPONEGORO 95 AM MAKASSAR 90171 SULAWESI SELATAN. TELP : +624113615560, FAX: +624113610689",1,1,0,LEGAL,Nikel,Mineral Logam,KAB. MOROWALI,775.00,,,,,,,,,
ANUGERAH ARGA PRATAMA,Perusahaan Perseroan Terbatas (PT),Sulawesi Tengah,2308210025595,002137393*******,081280139994___,,"KOMPLEK RUKAN BANDENGAN INDAH BLOK A 29, JL. BANDENGAN UTARA RAYA KAV. 80, RT. 7 / RW. 15, PENJARINGAN, KEC. PENJARINGAN, JAKARTA UTARA, DKI JAKARTA 14440",1,1,0,LEGAL,Nikel,Mineral Logam,KAB. MOROWALI,1855.00,,,,,,,,,
ANUGERAH BANGUN MAKMUR,Perusahaan Perseroan Terbatas (PT),Sulawesi Tengah,9120102482559,076166931*******,,,"WISMA 46 - Kota BNI, Lantai 44, Jl Jend. Sudirman Kav. 1 Jakarta Pusat, Jakarta 10220",1,1,0,LEGAL,Nikel,Mineral Logam,KAB. BANGGAI,4335.00,,,,,,,,,
ANUGERAH BUMI GEMILANG,Perusahaan Perseroan Terbatas (PT),Sulawesi Tengah,9120104560229,076167066*******,,,"GEDUNG WISMA 46 KOTA BNI LANTAI 24 JALAN JEND SUDIRMAN KAV 1, KARET TENGSIN, TANAH ABANG, JAKARTA PUSAT 10220",1,1,0,LEGAL,Nikel,Mineral Logam,KAB. BANGGAI,4100.00,,,,,,,,,
ANUGERAH SUMBER BUMI,Perusahaan Perseroan Terbatas (PT),Sulawesi Tengah,9120103520729,002681608*******,,,"WISMA INDOCEMENT LANTAI 17, JL. JEND. SUDIRMAN KAV. 70-71 SETIABUDI",1,1,0,LEGAL,Nikel,Mineral Logam,KAB. BANGGAI,199.00,,,,,,,,,
ANUGERAH TOMPIRA NIKEL,Perusahaan Perseroan Terbatas (PT),Sulawesi Tengah,0215010111433,002531854*******,,,"Jl. Griya Utama Blok BD N0.15 - 16, Komplek Rukan Puri Mutiara, Sunter - Jakarta Utara",1,1,0,LEGAL,Nikel,Mineral Logam,KAB. BANGGAI,1240.00,,,,,,,,,
ARTHA BUMI MINERAL,Perusahaan Perseroan Terbatas (PT),Sulawesi Tengah,8120000891625,002654614*******,,,"GEDUNG OFFICE 8 LT. 11 UNIT A JL JEND. SUDIRMAN KAV 52-53 SCBD LOT. 28, RT 001, RW 002",2,2,0,LEGAL,Nikel,Mineral Logam,"KAB. BOMBANA; KAB. MOROWALI, KAB. MOROWALI UTARA",7112.00,,,,,,,,,
AULIA PRIMA PERKASA,Perusahaan Perseroan Terbatas (PT),Sulawesi Tengah,0232010202062,002469844*******,,,"Jalan Tanjung Priok Blok 29 E No.11, Kel. Perak Barat, Kec. Krembangan, Kota Surabaya, Provinsi Jawa Timur",1,1,0,LEGAL,Nikel,Mineral Logam,KAB. MOROWALI UTARA,339.00,,,,,,,,,
Abadi Nikel Nusantara,Perusahaan Perseroan Terbatas (PT),Sulawesi Tengah,1810210037641,02845976*******,,,JL. BOULEVARD RAYA RUKO INKOPAL BLOK A NO. 21-23 KELAPA GADING,1,1,0,LEGAL,Nikel,,KAB. MOROWALI,4871.00,,,,,,,,,
BANGGAI KENCANA PERMAI,Perusahaan Perseroan Terbatas (PT),Sulawesi Tengah,0253011170239,002518560*******,,,JL. URIP SUMOHARJO NO. 3 LUWUK KAB. BANGGAI SULTENG,2,2,0,LEGAL,Nikel,Mineral Logam,KAB. BANGGAI,10024.00,,,,,,,,,
BANGGAI MANDIRI PRATAMA,Perusahaan Perseroan Terbatas (PT),Sulawesi Tengah,0217011160433,02518561*******,,,"JL DR. SUTOMO NO.02, LUWUK, LUWUK BANGGAI, SULAWESI TENGAH",1,1,0,LEGAL,Nikel,Mineral Logam,KAB. BANGGAI,2267.00,,,,,,,,,
BHAKTIPUTRA PERSADA NUSANTARA,Perusahaan Perseroan Terbatas (PT),Sulawesi Tengah,0804230013953,001252557*******,081514404675,bhaktiputrapersadanusantara23@gmail.com,"Prosperity Office Tower Lt 18E, District 8 SCBD Lot 28, Jln. Jenderal Sudirman Kav. 52-53",1,1,0,LEGAL,Nikel,Mineral Logam,KAB. MOROWALI UTARA,7031.69,,,,,,,,,
BIMA CAKRA PERKASA MINERALINDO,Perusahaan Perseroan Terbatas (PT),Sulawesi Tengah,8120016260973,002670831*******,021 29670593,,"APL TOWER CENTRAL PARK LT 38 UNIT T5-T6, JL LETJEN S PARMAN KAV 28 RT.008/RW.008 KEL. TANJUNG DUREN SELATAN, KEC. GROGOL PETAMBURAN, JAKARTA BARAT 11470",1,1,0,LEGAL,Nikel,,KAB. MOROWALI,199.00,,,,,,,,,
BINEKA KARYA,Perusahaan Komanditer (CV),Sulawesi Tengah,9120003991252,01142668*******,081223456188___,,Sisingamangaraja No.09 Palu,1,1,0,LEGAL,Nikel,Mineral Logam,KAB. MOROWALI,970.00,,,,,,,,,
BINTANG SINAR PERKASA,Perusahaan Perseroan Terbatas (PT),Sulawesi Tengah,9120202171882,002993138*******,,,"ALAMANDA TOWER LANTAI 25, JL. TB SIMATUPANG KAV 22-26, KELURAHAN CILANDAK BARAT, KECAMATAN CILANDAK, JAKARTA SELATAN",1,1,0,LEGAL,Nikel,Mineral Logam,KAB. MOROWALI,1867.70,,,,,,,,,
BINTANGDELAPAN MINERAL,Perusahaan Perseroan Terbatas (PT),Sulawesi Tengah,8120113130318,002506569*******,02180627300,secretariat@bd-em.com,"GEDUNG IMIP, JALAN BATU MULIA 8, Desa/Kelurahan Meruya Utara,
Kec. Kembangan, Kota Adm. Jakarta Barat, Provinsi DKI Jakarta,
Kode Pos: 11620",1,1,0,LEGAL,Nikel,,KAB. MOROWALI,20765.00,,,,,,,,,
BRATAMA MERCINDO ABADI,Perusahaan Perseroan Terbatas (PT),Sulawesi Tengah,0110210009907,002381572*******,02158905002,mercindo.bratama@yahoo.com,"Infiniti Office, arcade Business Center 6th Floor Unit 6-03, Desa/Kelurahan Kapuk Muara, Kec. Penjaringan, Kota Adm. Jakarta Utara, Provinsi DKI
Jakarta, Kode Pos: 14470",1,1,0,LEGAL,Nikel,Mineral Logam,KAB. MOROWALI,1199.00,,,,,,,,,
BUKIT MAKMUR ISTINDO NIKELTAMA,Perusahaan Perseroan Terbatas (PT),Sulawesi Tengah,8120102932571,002574727*******,,,GED.BLK.DS.IV TOMPIRA JL. TRANS SULAWESI TOMPIRA PETASIA MOROWALI SULTENG 94671,1,1,0,LEGAL,Nikel,Mineral Logam,"KAB. MOROWALI, KAB. MOROWALI UTARA",4778.00,,,,,,,,,
BUMI GEMILANG PERDANA,Perusahaan Perseroan Terbatas (PT),Sulawesi Tengah,9120205492397,002597031*******,,,WISMA INDOCEMENT LANTAI 17 JALAN JEND. SUDIRMAN KAV 70 -71 SETIABUDI,1,1,0,LEGAL,Nikel,Mineral Logam,KAB. BANGGAI,198.00,,,,,,,,,
BUMI INDAH SULTRA,Perusahaan Perseroan Terbatas (PT),Sulawesi Tengah,1273000722892,003107468*******,,,JL. SYECH YUSUF NO.33 KORUMBA MANDONGA - KENDARI,1,1,0,LEGAL,Nikel,Mineral Logam,KAB. MOROWALI UTARA,8034.00,,,,,,,,,
BUMI KALAENA PERSADA,Perusahaan Perseroan Terbatas (PT),Sulawesi Tengah,3009210019013,002164575*******,085939081996,pt.bumikalaenapersada@gmail.com,Rukan Osaka Nomor G 08 (PIK 2),1,1,0,LEGAL,Nikel,Mineral Logam,KAB. MOROWALI,685.00,,,,,,,,,
BUMI MAKMUR GEMILANG,Perusahaan Perseroan Terbatas (PT),Sulawesi Tengah,9120104492092,076126386*******,,,"GEDUNG WISMA 46 KOTA BNI LANTAI 11 JALAN JEND. SUDIRMAN KAV 1, KARET TENGSIN, TANAH ABANG",1,1,0,LEGAL,Nikel,Mineral Logam,KAB. BANGGAI,3447.00,,,,,,,,,
BUMI MATANO INDAH,Perusahaan Perseroan Terbatas (PT),Sulawesi Tengah,1296000632829,001735562*******,,,"JL. ANDI MANGERANGI III NO. 16, Desa/Kelurahan Pisang Selatan, Kec.
Ujung Pandang, Kota Makassar, Provinsi Sulawesi Selatan,
Kode Pos: 90114",1,1,0,LEGAL,Nikel,Mineral Logam,KAB. MOROWALI,32.00,,,,,,,,,
BUMI MOROWALI UTAMA,Perusahaan Perseroan Terbatas (PT),Sulawesi Tengah,9120306772953,002742213*******,02129508809,bumimorowaliutama.ptbmu@gmail.com,"Soho Podomoro City Lantai 30 Unit 02, Jalan Letjen S. Parman Kaveling 28",1,1,0,LEGAL,Nikel,,KAB. MOROWALI,1963.00,,,,,,,,,
BUMI PERSADA SURYA PRATAMA,Perusahaan Perseroan Terbatas (PT),Sulawesi Tengah,0238011160537,002518422*******,,,JL. URIP SUMOHARJO NO. 3 LUWUK SULTENG,2,2,0,LEGAL,Nikel,Mineral Logam,KAB. BANGGAI,7941.00,,,,,,,,,
BUMI ROUTA MINING,Perusahaan Perseroan Terbatas (PT),Sulawesi Tengah,1215000322268,003107400*******,,,"JL. AHMAD YANI NO.18, LORONG ILMIAH, KEL. MATAIMOI, KEC. BARUGA, KOTA KENDARI, SULAWESI TENGGARA",1,1,0,LEGAL,Nikel,Mineral Logam,KAB. MOROWALI,5690.00,,,,,,,,,
C-GONG PERKASA,Perusahaan Perseroan Terbatas (PT),Sulawesi Tengah,1246000520849,01125693*******,0215360825,perkasa.cgong@gmail.com,Jalan Ahmad Yani No.18,2,2,0,LEGAL,Nikel,Mineral Logam,KAB. BANGGAI,3119.00,,,,,,,,,
CAHAYA GINDA GANDA,Perusahaan Perseroan Terbatas (PT),Sulawesi Tengah,1258000140571,002506490*******,02189461523____,,"Summarecon	Bekasi,	Jl.	Bulevar	Selatan	Blok	UB53,	RT.	004,	RW.	011,
 Kelurahan	Marga	Mulya,	Kecamatan	Bekasi	Utara,	Jawa	Barat	17142,
 Desa/Kelurahan	Margamulya,	Kec.	Bekasi	Utara,	Kota	Bekasi,	Provinsi
 Jawa	Barat",1,1,0,LEGAL,Nikel,,KAB. MOROWALI,1942.00,,,,,,,,,
CAHAYA MURNI SEJAHTERA,Perusahaan Perseroan Terbatas (PT),Sulawesi Tengah,8120015160675,002510805*******,02138250302,ptcmsejahtera@gmail.com,Komplek Ruko Grand Wijaya Center Ruko No.H II  Jalan Darmawangsa Raya ,1,1,0,LEGAL,Nikel,Mineral Logam,KAB. MOROWALI UTARA,5428.00,,,,,,,,,
CAHYA ADITAMA TEKNINDO,Perusahaan Perseroan Terbatas (PT),Sulawesi Tengah,3011210032796,002655127*******,-,cahya.aditamateknindo@yahoo.com,Mega Legenda 2 Blok C2 No. 21,1,1,0,LEGAL,Nikel,Mineral Logam,KAB. MOROWALI,736.00,,,,,,,,,
CETARA BANGUN PERSADA,Perusahaan Perseroan Terbatas (PT),Sulawesi Tengah,8120204823705,002469754*******,02150106923____,,"Treasury Tower Lantai 18 Unit N, District 8 SCBD Lot 28, Jalan Jendral Sudirman Kav 52-53, Senayan, Kebayoran Baru, Jakarta Selatan",1,1,0,LEGAL,Nikel,Mineral Logam,KAB. MOROWALI,199.00,,,,,,,,,
CIPTA HUTAMA MARANTI,Perusahaan Perseroan Terbatas (PT),Sulawesi Tengah,9120201112949,002119628*******,08111137563____,,"JL.YOS SUDARSO, NOMOR : 56",1,1,0,LEGAL,Nikel,Mineral Logam,KAB. MOROWALI UTARA,150.28,,,,,,,,,
CITRA ANGGUN BARATAMA,Perusahaan Perseroan Terbatas (PT),Sulawesi Tengah,3012210035168,002216208*******,08114200555____,,"Jl. Kuda Laut No. 8, Komp. Pertamina, Lok Barat, Desa/Kelurahan Lotabat Utara, Kec. Banjarbaru, Kota Banjarbaru, Kalimantan Selatan",1,1,0,LEGAL,Nikel,,KAB. MOROWALI,6080.00,,,,,,,,,
CITRA MOLAMAHU,Perusahaan Perseroan Terbatas (PT),Sulawesi Tengah,0108230091383,001215418*******,08111980748,citraamolamahu@gmail.com,"DESA BUBE,KECAMATAN SUWAWA,KABUPATEN BONE BOLANGO",1,1,0,LEGAL,Nikel,Mineral Logam,KAB. BANGGAI,1607.00,,,,,,,,,
COCOMAN,Perusahaan Perseroan Terbatas (PT),Sulawesi Tengah,9120207893406,002424087*******,29034306,,"APL TOWER 23 TH FLOOR SIUTE 5 JL. LETJEN S. PARMAN, TJ. DUREN Kel. Tanjung Duren Selatan, Kec. Grogol Petamburan, JAKARTA BARAT",1,1,0,LEGAL,Nikel,Mineral Logam,KAB. MOROWALI UTARA,190.00,,,,,,,,,
CORE MINERAL RESOURCES,Perusahaan Perseroan Terbatas (PT),Sulawesi Tengah,0245011140136,002827844*******,,,JL KH WAHID HASYIM ATAS NO 56 RT 10 KELURAHAN SEMPAJA SELATAN UTARA,1,1,0,LEGAL,Nikel,Mineral Logam,KAB. BANGGAI,2030.00,,,,,,,,,
DELAPAN INTI POWER,Perusahaan Perseroan Terbatas (PT),Sulawesi Tengah,0205010161279,02192476*******,,,"JL. IMAM BONJOL NO. 68 RT. 002 RW. 005, KEL. MENTENG, KEC. MENTENG, JAKARTA PUSAT",1,1,0,LEGAL,Nikel,Mineral Logam,KAB. MOROWALI,4941.00,,,,,,,,,
DUA SAUDARA NIKELINDO,Perusahaan Perseroan Terbatas (PT),Sulawesi Tengah,2706230025342,040612582*******,02122907477____,,"Sona Topas Tower Lt. 5A, Jl. Jendral Sudirman Kav. 26, Desa/Kelurahan Karet Kuningan, Kec. setiabudi, Kota Adm. Jakarta Selatan, Provinsi DKI Jakarta,",1,1,0,LEGAL,Nikel,Mineral Logam,KAB. MOROWALI,1535.00,,,,,,,,,
EMAS HIJAU JAYA,Perusahaan Perseroan Terbatas (PT),Sulawesi Tengah,1509210037624,002310818*******,082331468249,emashijaujaya2021@gmail.com,JL. A. Yani Kav. 66-67 Plaza Dwima I Lt. 6,1,1,0,LEGAL,Nikel,Mineral Logam,KAB. MOROWALI,3580.00,,,,,,,,,
ENERSTEEL,Perusahaan Perseroan Terbatas (PT),Sulawesi Tengah,0220004472345,003181772*******,081230296727___,ptenersteel@gmail.com,"Jalan Pejaten Barat II No. 20 Kav. C RT 003 RW 08 Kelurahan Pejaten Barat,  Kecamatan Pasar Minggu, Jakarta Selatan 12510",1,1,0,LEGAL,Nikel,Mineral Logam,KAB. MOROWALI UTARA,484.00,,,,,,,,,
ERABARU TIMUR LESTARI,Perusahaan Perseroan Terbatas (PT),Sulawesi Tengah,8120114161994,001871257*******,,,"Neo Soho Residence Unit 3518, Jalan Letjen S. Parman Kavling 28 , ,
Kota Adm. Jakarta Barat, Provinsi DKI JakaRTA",1,1,0,LEGAL,Nikel,Mineral Logam,KAB. MOROWALI,1159.00,,,,,,,,,
FADLAN MULIA JAYA,Perusahaan Perseroan Terbatas (PT),Sulawesi Tengah,0220008433605,01732135*******,02130493218____,,"Lippo Tower Office St. Moritz Unit 16.01 Jl. Puri Indah Raya, Blok U 13, St. Moritz, CBD, Jakarta Barat-11610",1,1,0,LEGAL,Nikel,Mineral Logam,KAB. MOROWALI,199.00,,,,,,,,,
FAJAR PRIMA SUKSES,Perusahaan Perseroan Terbatas (PT),Sulawesi Tengah,0610210030579,002001997*******,,,"SOHO CAPITAL Lt. 32 Unit 7 Jl. Letjen. S. Parman Kav. 28, Kel. Tanjung Duren Selatan, Kec. Grogol Petamburan.
Kode Pos: 11470",1,1,0,LEGAL,Nikel,Mineral Logam,KAB. MOROWALI,640.00,,,,,,,,,
GALIH INSTRUMENTASI,Perusahaan Perseroan Terbatas (PT),Sulawesi Tengah,1212220020422,002091231*******,,,"Office EightyEight@Kasablanka, Lt. 9 Unit A,  Jl. Casablanka Kav.88, Desa/Kelurahan Menteng Dalam, Kec. Tebet, Kota Adm. Jakarta Selatan, Provinsi DKI Jakarta",1,1,0,LEGAL,Nikel,Mineral Logam,KAB. MOROWALI,1621.00,,,,,,,,,
GEMA RIPAH PRATAMA,Perusahaan Perseroan Terbatas (PT),Sulawesi Tengah,0293010251178,001484836*******,,,Menara Pertiwi lantai 37 unit c-d Jalan Mega Kuningan Barat III Kav 10.1 No 3,1,1,0,LEGAL,Nikel,Mineral Logam,KAB. MOROWALI UTARA,145.00,,,,,,,,,
GEMILANG BANGUN PERKASA,Perusahaan Perseroan Terbatas (PT),Sulawesi Tengah,9120102402097,081030524*******,,,"Gedung Wisma 46 Kota BNI Lt. 11, Jl. Jend Sudirman Kav I, Karet Tengsin, Tanah Abang, Kota Adm. Jakarta Pusat, DKI Jakarta, 10220",1,1,0,LEGAL,Nikel,Mineral Logam,KAB. BANGGAI,4398.00,,,,,,,,,
GEMILANG MANDIRI PERKASA,Perusahaan Perseroan Terbatas (PT),Sulawesi Tengah,9120203191751,002574896*******,,,"WISMA 46 KOTA BNI LT. 11, JL. JEND SUDIRMAN KAV.01, KEL. KARET TENGSIN,  KEC. TANAH ABANG",1,1,0,LEGAL,Nikel,Mineral Logam,KAB. BANGGAI,4677.00,,,,,,,,,
GENBA MULTI MINERAL,Perusahaan Perseroan Terbatas (PT),Sulawesi Tengah,8120102912903,002500163*******,02130027479____,,"Perwata Tower Lantai 2 Suite Blok D-E-F, Pluit Selatan Raya Kavling 1, Komplek Kawasan CBD Pluit Jakarta Utara 14440 - Indonesia",1,1,0,LEGAL,Nikel,Mineral Logam,KAB. MOROWALI,3744.00,,,,,,,,,
GHANESA WANA UTAMA,Perusahaan Perseroan Terbatas (PT),Sulawesi Tengah,9120107512931,001344281*******,08176907777/08129654811,ghanesawanautama1@gmail.com,Puri Kencana Utama II Blok M4 No. 1C,1,1,0,LEGAL,Nikel,Mineral Logam,KAB. MOROWALI UTARA,199.50,,,,,,,,,
GITA FLORA,Perusahaan Komanditer (CV),Sulawesi Tengah,2501220047189,002733681*******,,,"SONA TOPAS TOWER LANTAI 5A, JL. JENDRAL SUDIRMAN, KAVLING
26, Desa/Kelurahan Karet Kuningan, Kec. Setiabudi, Kota Adm. Jakarta
Selatan, Provinsi DKI Jakarta,
Kode Pos: 12920",1,1,0,LEGAL,Nikel,Mineral Logam,KAB. MOROWALI,624.00,,,,,,,,,
GRAHA MINING UTAMA,Perusahaan Perseroan Terbatas (PT),Sulawesi Tengah,1111210029158,031625142*******,082293456333,grahaminingutama123@gmail.com,Jl. Chairil Anwar No.23 Palu,2,2,0,LEGAL,Nikel,Mineral Logam,KAB. MOROWALI,1726.53,,,,,,,,,
GUNUNG WANGI NIKELINDO,Perusahaan Perseroan Terbatas (PT),Sulawesi Tengah,2706230022809,040612457*******,02122907477,ptgunungwanginikelindo@gmail.com,"Gedung Office 8, Level 18-A, Jalan Senopati No. 8B",1,1,0,LEGAL,Nikel,Mineral Logam,KAB. MOROWALI UTARA,5093.00,,,,,,,,,
HALMAHERA INTERNATIONAL RESOURCES,Perusahaan Perseroan Terbatas (PT),Sulawesi Tengah,1219000342537,002505357*******,0811556040,hir122007@gmail.com,"Treasury Tower Lantai 1, District 8 SCBD, Jl. Jend. Sudirman No. 52 - 53",1,1,0,LEGAL,Nikel,Mineral Logam,KAB. MOROWALI UTARA,750.00,,,,,,,,,
HARAPAN JAYA NIKELINDO,Perusahaan Perseroan Terbatas (PT),Sulawesi Tengah,2706230027041,040618959*******,02122907477____,,SONA TOPAS TOWER,1,1,0,LEGAL,Nikel,Mineral Logam,KAB. MOROWALI,1406.00,,,,,,,,,
HENGJAYA MINERALINDO,Perusahaan Perseroan Terbatas (PT),Sulawesi Tengah,8120019161561,002845977*******,02129183191,,"NOBLE HOUSE BUILDING LT.20-UNIT 6 , JL DR IDE ANAK AGUNG GDE AGUNG KAV.E.4.2 NO.2, MEGA KUNINGAN, SETIABUDI",1,1,0,LEGAL,Nikel,Mineral Logam,KAB. MOROWALI,5983.00,,,,,,,,,
HERBINDO LIFE SANOBAR,Perusahaan Perseroan Terbatas (PT),Sulawesi Tengah,1240000232424,002308454*******,0216915525,herbindolifesanobar@gmail.com,"RUKAN BATAVIA BLOK N-O JL.TIANG BENDERA V NO.41-43 , Kel. Roa Malaka, Kec. Tambora, Kota Adm. Jakarta Barat, Provinsi DKI Jakarta, Kode Pas: 11230",1,1,0,LEGAL,Nikel,Mineral Logam,KAB. MOROWALI,1838.00,,,,,,,,,
HOFFMEN INTERNATIONAL,Perusahaan Perseroan Terbatas (PT),Sulawesi Tengah,0220105571382,002574604*******,02150105769,hoffmenpt@gmail.com,"District 8, Treasury Tower, Lantai 52, Sudirman Central Business District Lot 28, Jalan Jenderal Sudirman, Kaveling 52-53",1,1,0,LEGAL,Nikel,Mineral Logam,KAB. MOROWALI UTARA,585.00,,,,,,,,,
INDICO SUKSES JAYA,Perusahaan Perseroan Terbatas (PT),Sulawesi Tengah,1508220027849,002427208*******,,ptindicosuksesjaya@gmail.com,"Gedung STC Senayan Lt.2 Ruang 89 Jl. Asia Afrika Pintu IX Gelora Senayan, Kel. Gelora, Kec. Tanah Abang, Jakarta Pusat",1,1,0,LEGAL,Nikel,,KAB. BANGGAI,1493.00,,,,,,,,,
INDOBERKAH JAYA MANDIRI,Perusahaan Perseroan Terbatas (PT),Sulawesi Tengah,8120004902227,031543218*******,50105669_______,indoberkahjayamandiri18@gmail.com,"District 8, Treasury Tower Lantai 52 SCBD LOT 28 Jalan Jenderal Sudirman, Kav. 52-53, Kel. Senayan, Kec. Kebayoran Baru",1,1,0,LEGAL,Nikel,Mineral Logam,KAB. MOROWALI,196.00,,,,,,,,,
INDUSTRI TAMBANG UTAMA,Perusahaan Perseroan Terbatas (PT),Sulawesi Tengah,0220908940329,002751917*******,0818101964,pt.itu2021@gmail.com,"PATRA OFFICE TOWER LANTAI 11, JL GATOT SUBROTO KAV 32-34, KUNINGAN TIMUR, SETIABUDI, JAKARTA SELATAN",1,1,0,LEGAL,Nikel,Mineral Logam,KAB. MOROWALI,507.00,,,,,,,,,
INTEGRA MINING NUSANTARA INDONESIA,Perusahaan Perseroan Terbatas (PT),Sulawesi Tengah,0220109361192,094715275*******,,,"JL A.P PETTARANI , TAMAMAUNG, PENAKUKANG",1,1,0,LEGAL,Nikel,Mineral Logam,KAB. BANGGAI,199.00,,,,,,,,,
ITAMATRA NUSANTARA,Perusahaan Perseroan Terbatas (PT),Sulawesi Tengah,9120001331838,01776385*******,021.5153533,,"APARTEMEN MUARA INDAH 1A LT.1-10. JL PLUIT KARANG BARAT. PLUIT, PENJARINGAN JAKARTA UTARA",1,1,0,LEGAL,Nikel,Mineral Logam,KAB. MOROWALI UTARA,974.00,,,,,,,,,
KEINZ VENTURA,Perusahaan Perseroan Terbatas (PT),Sulawesi Tengah,8120119122263,002932645*******,0215150508_____,,"Gedung Kirana Two Lantai 10-A, Jalan Boulevard Timur No. 88, RT. 005, RW. 002, Pegangsaan Dua, Kelapa Gading, Jakarta Utara",1,1,0,LEGAL,Nikel,Mineral Logam,KAB. MOROWALI UTARA,1205.00,,,,,,,,,
KENCANA BUMI MINERAL,Perusahaan Perseroan Terbatas (PT),Sulawesi Tengah,9120007661081,002845940*******,02180627300,secretariat@kencana-mineral.com,"GEDUNG IMIP, JALAN BATU MULIA 8",1,1,0,LEGAL,Nikel,Mineral Logam,KAB. MOROWALI,2549.00,,,,,,,,,
KENCANA NUSANTARA SAKTI,Perusahaan Perseroan Terbatas (PT),Sulawesi Tengah,0502220020074,002845947*******,0214529001,kencananusantarasakti.pt@gmail.com,JALAN KEMBANGAN KEREP NO.14 A,1,1,0,LEGAL,Nikel,Mineral Logam,KAB. MOROWALI,2815.00,,,,,,,,,
KIMBERWAN INTERBUANA,Perusahaan Perseroan Terbatas (PT),Sulawesi Tengah,1289000232329,002567987*******,0216915525,kimberwaninterbuana@gmail.com,"RUKAN BATAVIA BLOK N-0 JL. TIANG BENDERA V NO. 41-43, KEL. ROA MALAKA, KEC. TAMBORA, KOTA ADM. JAKARTA BARAT, PROV. DKI JAKARTA",1,1,0,LEGAL,Nikel,Mineral Logam,KAB. MOROWALI,3239.00,,,,,,,,,
KONINIS FAJAR MINERAL,Perusahaan Perseroan Terbatas (PT),Sulawesi Tengah,9120201391051,071598202*******,02166600035____,,"APL Tower – Central Park Lantai 16 Unit T 7, Jl.
Letjen S. Parman Kav. 28, Kel. Tanjung Duren
Selatan, Kec. Grogol Petamburan, Kota Adm.
Jakrta Barat, Prov DKI. Jakarta",1,1,0,LEGAL,Nikel,Mineral Logam,KAB. BANGGAI,2738.00,,,,,,,,,
KURNIA DEGESS RAPTAMA,Perusahaan Perseroan Terbatas (PT),Sulawesi Tengah,1216000672226,002338644*******,02157941899,mkalpsm@gmail.com,"Gedung Menara Anugrah Lantai 17 Unit B, Jalan Dr. Ide Anak Agung Gde Agung Lot. 8.6-8.7, Kel. Kuningan Timur, Kec. Setiabudi, Kota Adm. Jakarta Selatan, Prov. DKI Jakarta",1,1,0,LEGAL,Nikel,Mineral Logam,KAB. MOROWALI,6829.00,,,,,,,,,
LABOTA BAHODOPI SORAJAI,Perusahaan Perseroan Terbatas (PT),Sulawesi Tengah,0220200192316,074914801*******,02129670599,info.labotasorajai@gmail.com,"APL Tower 35 th Floor Suite 2, Jl. Letjen S. Parman Kav 28",1,1,0,LEGAL,Nikel,Mineral Logam,KAB. MOROWALI,608.00,,,,,,,,,
LAROENAI BUNGSEL SORAJAI,Perusahaan Perseroan Terbatas (PT),Sulawesi Tengah,0220201192519,074888671*******,-,info.laroenaisorajai@gmail.com,"APL Tower 35 th Floor Suite 2, Jl. Letjen S. Parman Kav 28",1,1,0,LEGAL,Nikel,,KAB. MOROWALI,256.00,,,,,,,,,
LUWUK GAS SEJATI,Perusahaan Perseroan Terbatas (PT),Sulawesi Tengah,0701230007805,01493143*******,085234685557,pt.luwukgassejati@gmail.com,"BTN Afika Residence Blok G 30, Desa/Kelurahan Watulondo, Kec. Puuwatu, Kode Pos: 93114",1,1,0,LEGAL,Nikel,Mineral Logam,KAB. MOROWALI UTARA,3172.00,,,,,,,,,
MACRO PURI INDAH PERKASA,Perusahaan Perseroan Terbatas (PT),Sulawesi Tengah,9120005150641,002679017*******,081342017272,,"Jl. Ahmad Yani No. 113 B, Kelurahan Bonggoeya, Kecamatan Wua-Wua, Kode Pos 93118.",1,1,0,LEGAL,Nikel,Mineral Logam,KAB. MOROWALI,3480.00,,,,,,,,,
MAGHANTARA MULTIMEDIA NUSAPHALA,Perusahaan Perseroan Terbatas (PT),Sulawesi Tengah,1236000511804,001955102*******,,,"Rukan Batavia Blok N-O Jl. Tiang Bendera V No 41, Jakarta Barat, DKI Jakarta",1,1,0,LEGAL,Nikel,Mineral Logam,KAB. MOROWALI,2318.00,,,,,,,,,
MAHLIGAI ARTHA SEJAHTERA,Perusahaan Perseroan Terbatas (PT),Sulawesi Tengah,9120109920958,002853256*******,082210077477,MAHLIGAISEJAHTERA95@GMAIL.COM,JL. ALAM ELOK VI NO 30 KEL PONDOK PINANG JAKARTA SELATAN 12310,1,1,0,LEGAL,Nikel,Mineral Logam,KAB. MOROWALI,514.00,,,,,,,,,
MAKARTI PADABAHO SORAJAI,Perusahaan Perseroan Terbatas (PT),Sulawesi Tengah,0220109142319,74896190*******,02129670599,makartisorajai@gmail.com,"APL Tower 35 th Floor Suite 2, Jl. Letjen S. Parman Kav 28",1,1,0,LEGAL,Nikel,,KAB. MOROWALI,1135.00,,,,,,,,,
MAKASSAR SUKSES SEJAHTERA,Perusahaan Perseroan Terbatas (PT),Sulawesi Tengah,2910210033323,002853358*******,0811453595_____,makassarsuksessejahtera.office@gmail.com,"APL Tower unit OT, lantai 7 T5 Central Park Jalan Letjen S.Parman Tanjung Duren Selatan Grogol petamburan Jakarta Barat",1,1,0,LEGAL,Nikel,Mineral Logam,KAB. MOROWALI,1029.00,,,,,,,,,
MERPATI PRATAMA SUKSES,Perusahaan Perseroan Terbatas (PT),Sulawesi Tengah,1101230017101,002024394*******,,,"Jl. Lontar Raya No. 20 Kel. Kebon Melati,  Kec. Tanah Abang, Jakarta Pusat Provinsi DKI Jakarta",1,1,0,LEGAL,Nikel,Mineral Logam,KAB. BANGGAI,2307.00,,,,,,,,,
MINERAL BUMI NUSANTARA,Perusahaan Perseroan Terbatas (PT),Sulawesi Tengah,9120109190632,002831084*******,02166672992____,,"KOMPLEK MITRA BAHARI, JL. PAKIN BLOK D KAVLING 15, KOTA JAKARTA UTARA, kel. Pluit, Kec Penjaringan, Kota Adm. Jakarta Utara, Provinsi DKI Jakarta",2,1,1,LEGAL,Batu Gamping; Nikel,Batuan; Mineral Logam,KAB. MOROWALI,432.00,,,,,,,,,
MITRA JAYA PERKASA ABADI,Perusahaan Perseroan Terbatas (PT),Sulawesi Tengah,2004220056005,001884858*******,081389864989,ptmitrajayaperkasaa@gmail.com,Jalan Taman Gunawarman Timur Nomor 14,1,1,0,LEGAL,Nikel,Mineral Logam,KAB. MOROWALI,1086.00,,,,,,,,,
MITRA KARYA AGUNG LESTARI,Perusahaan Perseroan Terbatas (PT),Sulawesi Tengah,9120110090832,001734533*******,02129612688,,EIGHTYEIGHT@KASABLANKA OFFICE TOWER LANTAI 21 UNIT E-F JL. CASABLANCA KAV.88 RT/RW.00/00 KEL.MENTENG DALAM KEC. TEBET KOTA ADMINISTRASI JAKARTA SELATAN,1,1,0,LEGAL,Nikel,Mineral Logam,KAB. MOROWALI,743.00,,,,,,,,,
MULAI DARI INDONESIA,Perusahaan Perseroan Terbatas (PT),Sulawesi Tengah,2502220012101,053686012*******,,,"Jl. Keroncong Permai DP 3/9 Kel. Keroncong, Kec. Jatiuwung, Kota Tangerang",1,1,0,LEGAL,Nikel,Mineral Logam,KAB. MOROWALI,3147.00,,,,,,,,,
MULIA PACIFIC RESOURCES,Perusahaan Perseroan Terbatas (PT),Sulawesi Tengah,9120209311523,02590114*******,,,"Gedung Plaza Asia. LT 6 Zona B C, Jalan Jenderal Sudirman Kav. 59, Senayan, Kebayoran Baru, Jakarta Selatan",1,1,0,LEGAL,Nikel,Mineral Logam,KAB. MOROWALI UTARA,4780.00,,,,,,,,,
MULIA TANGJONG,Perusahaan Perseroan Terbatas (PT),Sulawesi Tengah,1214000710325,002512324*******,,,"JL.GUNUNGTAMBORA NO.37,RT.III/03,NIKKEL-NUHA, Desa/Kelurahan
Nikkel, Kec. Nuha, Kab. Luwu Timur, Provinsi Sulawesi Selatan,
Kode Pos: 92983",1,1,0,LEGAL,Nikel,Mineral Logam,KAB. MOROWALI,1000.00,,,,,,,,,
MULTI DINAR KARYA,Perusahaan Perseroan Terbatas (PT),Sulawesi Tengah,9120118132051,002755558*******,021-6626567,,PANTAI MUTIARATOWN BLOK AG 10,1,1,0,LEGAL,Nikel,Mineral Logam,KAB. TOJO UNA-UNA,10800.00,,,,,,,,,
MULTI MENTARI INTERNUSA,Perusahaan Perseroan Terbatas (PT),Sulawesi Tengah,0110210015116,002409374*******,-,multi.mentari@yahoo.com,Jl. Brigjen. H. Hasan Basri ,1,1,0,LEGAL,Nikel,Mineral Logam,KAB. MOROWALI,856.00,,,,,,,,,
NUSA MINERAL SEMESTA,Perusahaan Perseroan Terbatas (PT),Sulawesi Tengah,0502220020333,002845946*******,021806273000___,nusamineralsemestapt@gmail.com,"Jalan Kembangan Kerep No. 14A, Meruya Utara, Kembangan, Kota Adm. Jakarta Barat, DKI Jakarta",1,1,0,LEGAL,Nikel,Mineral Logam,KAB. MOROWALI,1015.00,,,,,,,,,
NUSAJAYA PERSADATAMA MANDIRI,Perusahaan Perseroan Terbatas (PT),Sulawesi Tengah,9120303611679,002695225*******,02129333203,dedy.basri@aserranpm.com,"GEDUNG OFFICE 8, LANTAI 21 UNIT E&F, SCBD LOT 28. JL. JEND. SUDIRMAN KAV. 52-53, KEBAYORAN BARU",1,1,0,LEGAL,Nikel,Mineral Logam,KAB. MOROWALI,1825.00,,,,,,,,,
ODDELL INDONESIA,Perusahaan Perseroan Terbatas (PT),Sulawesi Tengah,0710210012299,02389334*******,,,,1,1,0,LEGAL,Nikel,Mineral Logam,KAB. MOROWALI,3050.00,,,,,,,,,
OTI EYA ABADI,Perusahaan Perseroan Terbatas (PT),Sulawesi Tengah,9120200520694,002678492*******,0451422463_____,,JL. CHAERIL ANWAR NO.23 PALU - SULTENG (0451)  422463,1,1,0,LEGAL,Nikel,Mineral Logam,KAB. MOROWALI,3339.23,,,,,,,,,
PALU BARUGA YAKU,Perusahaan Perseroan Terbatas (PT),Sulawesi Tengah,0710220070137,061126545*******,,,"JL. BUMI NANGKA NO. 15, KEL. BAHONTULA, KEC. PETASIA, KAB. MOROWALI UTARA, PROV. SULAWESI TENGAH",1,1,0,LEGAL,Nikel,Mineral Logam,KAB. MOROWALI UTARA,249.70,,,,,,,,,
PAM MINERAL,Perusahaan Perseroan Terbatas (PT),Sulawesi Tengah,8120314011492,02491586*******,0213453888,ptpammineraltbk@gmail.com,Jalan Batu Jajar nomor 37,1,1,0,LEGAL,Nikel,Mineral Logam,KAB. MOROWALI,198.00,,,,,,,,,
PANTAS INDOMINING,Perusahaan Perseroan Terbatas (PT),Sulawesi Tengah,1255000502307,002621268*******,,,"JL. DRS. H. ABD. SILONDAE 248, KENDARI - SULAWESI TENGGARA",1,1,0,LEGAL,Nikel,Mineral Logam,KAB. BANGGAI,4458.00,,,,,,,,,
PENTA DHARMA KARSA,Perusahaan Perseroan Terbatas (PT),Sulawesi Tengah,8120003881008,002072841*******,081296101255,pendadk.pt@gmail.com,GOLD COAST OFFICE TOWER EIFFEL LANTAI 20 F,1,1,0,LEGAL,Nikel,Mineral Logam,KAB. BANGGAI,1220.00,,,,,,,,,
PINHARD INDONESIA,Perusahaan Perseroan Terbatas (PT),Sulawesi Tengah,9120107402396,002626491*******,02122907477,pt.pinhardindonesia@gmail.com,"Office EightyEight@Kasablanka, Lt. 9 Unit A, Jl. Casablanka
Kav.88",2,2,0,LEGAL,Nikel,Mineral Logam,KAB. MOROWALI; KAB. MOROWALI UTARA,6813.00,,,,,,,,,
PRIMA BANGUN PERSADA NUSANTARA,Perusahaan Perseroan Terbatas (PT),Sulawesi Tengah,9120403862387,01864466*******,,,"JL. SOEKARNO NO.80, KEL. KANDAI, KEC. KENDARI 93127",2,2,0,LEGAL,Nikel,Mineral Logam,KAB. BANGGAI,7139.00,,,,,,,,,
PRIMA DHARMA KARSA,Perusahaan Perseroan Terbatas (PT),Sulawesi Tengah,8120006811105,084533961*******,08111737379____,,"GEDUNG STC SENAYAN LANTAI 4 RUANG 31-34, JL ASIA AFRIKA NO.8 GELORA, TANAH ABANG, JAKARTA SELATAN",1,1,0,LEGAL,Nikel,Mineral Logam,KAB. BANGGAI,938.00,,,,,,,,,
PT MITRA SULAWESI BERSAMA,Perusahaan Umum (Perum),Sulawesi Tengah,1221000521176,76310844*******,6221-29018306,mitrasulawesibersama1988@gmail.com,"Gold Coast Office, Tower Eiffel Unit 7/D, Jalan Pantai Indah Kapuk",1,1,0,LEGAL,Nikel,Mineral Logam,KAB. MOROWALI,606.00,,,,,,,,,
PUTRA SULAWESI MINNING,Perusahaan Perseroan Terbatas (PT),Sulawesi Tengah,1238000202667,002974243*******,,Psminning194@gmail.com,"Menara BCA - Grand Indonesia Lt. 50, Jl. MH Thamrin No. 1, Jakarta Pusat",1,1,0,LEGAL,Nikel,Mineral Logam,KAB. MOROWALI,650.00,,,,,,,,,
PUTRI PERDANA,Perusahaan Komanditer (CV),Sulawesi Tengah,0220001390326,002518380*******,081230076813___,,"Desa Bente, Kec. Bungku Tengah, Kab. orowali, Prov. Sulawesi Tengah",1,1,0,LEGAL,Nikel,Mineral Logam,KAB. MOROWALI UTARA,205.60,,,,,,,,,
RAIHAN CATURPUTRA,Perusahaan Perseroan Terbatas (PT),Sulawesi Tengah,0220307122407,002028637*******,,raihancaturputra.info@gmail.com,"18 Parc Place SCBD Tower D Lt.11, Jalan Jendral Sudirman Kav.52-53",1,1,0,LEGAL,Nikel,,KAB. MOROWALI,688.00,,,,,,,,,
REZKY UTAMA,Perusahaan Komanditer (CV),Sulawesi Tengah,0220200412309,002660695*******,0811 1251 23__,fandyiriantodjujur1711@gmail.com,Komp Pemda Blok Y.2/1,1,1,0,LEGAL,Nikel,Mineral Logam,KAB. MOROWALI UTARA,200.00,,,,,,,,,
ROUDHOH PRATAMA,Perusahaan Perseroan Terbatas (PT),Sulawesi Tengah,2308210016404,002519281*******,,,"The Honey Lady Tower Lt. 2 Unit 202-205 Jl. Pluit Selatan Raya No. 1, Kel. Penjaringan, Kec. Penjaringan.
Kode Pos: 14440",1,1,0,LEGAL,Nikel,Mineral Logam,KAB. MOROWALI,610.00,,,,,,,,,
SARANA ERANAS TAMBANG,Perusahaan Perseroan Terbatas (PT),Sulawesi Tengah,1910210015636,001323871*******,,,-,1,1,0,LEGAL,Nikel,Mineral Logam,KAB. MOROWALI,1060.00,,,,,,,,,
SARANA MAJU CEMERLANG,Perusahaan Perseroan Terbatas (PT),Sulawesi Tengah,0220305261038,021051102*******,,,MENARA DAGANG NEGARA LT 9 JL MH THAMRIN NO 5 JAKARTA PUSAT,1,1,0,LEGAL,Nikel,Mineral Logam,KAB. MOROWALI,538.00,,,,,,,,,
SARANA MINERALINDO PERKASA,Perusahaan Perseroan Terbatas (PT),Sulawesi Tengah,8120310052166,021034179*******,02157901102,,"PLAZA MUTIARA 18TH FLOOR, JL. DR. IDE ANAK AGUNG GDE AGUNG KAV E1.2 NO 1&2, JAKARTA SELATAN 12950, INDONESIA",1,1,0,LEGAL,Nikel,Mineral Logam,KAB. MOROWALI UTARA,4656.00,,,,,,,,,
SELARAS MAJU,Perusahaan Komanditer (CV),Sulawesi Tengah,9120000930881,31639415*******,081241961548,selarasmaju22@gmail.com,"Jalan Pluit Selatan Raya, Ruko CBD Pluit Blok C No.01
Kelurahan Pluit Kecamatan Penjaringan 
Jakarta Utara - 14450",1,1,0,LEGAL,Nikel,Mineral Logam,KAB. MOROWALI,572.00,,,,,,,,,
SINAR KARYAGAMMA PRIMATAMA,Perusahaan Perseroan Terbatas (PT),Sulawesi Tengah,9120200940941,001672023*******,0216915525,ptskp.ho@gmail.com,RUKAN BATAVIA BLOK O JL. TIANG BENDERA V NO.41,1,1,0,LEGAL,Nikel,Mineral Logam,KAB. MOROWALI UTARA,3596.00,,,,,,,,,
SINAR MAKMUR CEMERLANG,Perusahaan Perseroan Terbatas (PT),Sulawesi Tengah,9120305402194,002681825*******,,,"WISMA 46 KOTA BNI LANTAI 11 JALAN JEND. SUDIRMAN KAV 1 KARET TENGSIN, TANAH ABANG",1,1,0,LEGAL,Nikel,Mineral Logam,KAB. BANGGAI,3099.00,,,,,,,,,
SINOSTEEL INDONESIA MINING,Perusahaan Perseroan Terbatas (PT),Sulawesi Tengah,9120403291383,002718216*******,622129321652___,sinosteel.indomining@gmail.com,"GEDUNG GRIYA SINTA LT.2 NO.2A, JLN. TOMANG RAYA NO.39, TOMANG, GROGOL PETAMBURAN, JAKARTA BARAT, DKI JAKARTA RAYA - 11440 / WORLD TRADE CENTER BUILDING LT.14 JL. JEND SUDIRMAN KAV.29-31 JAKARTA",1,1,0,LEGAL,Nikel,Mineral Logam,KAB. MOROWALI UTARA,2038.70,,,,,,,,,
SUGICO PENDRAGON ENERGI,Perusahaan Perseroan Terbatas (PT),Sulawesi Tengah,9120010140825,002192477*******,,,"Komplek Griya Kemayoran, Jalan Industri Raya Kav 9-11, R101, Kel. Gunung Sahari Utara, Kec. Sawah Besar, Jakarta Pusat 10720",2,2,0,LEGAL,Nikel,Mineral Logam,KAB. MOROWALI,8953.00,,,,,,,,,
SUMBER MINERAL ABADI,Perusahaan Perseroan Terbatas (PT),Sulawesi Tengah,0290000943105,002724117*******,0213453888,sumbermineralabadipt@gmail.com,"Ruko Redtop, Jalan Pecenongan Nomor 72",1,1,0,LEGAL,Nikel,Mineral Logam,KAB. MOROWALI UTARA,1948.00,,,,,,,,,
SUMBER PERMATA MINERAL,Perusahaan Perseroan Terbatas (PT),Sulawesi Tengah,0226010220515,096704544*******,,,"JL. GUNUNG TINOMBALA NO 73, KEL. TALISE, KEC. MANTIKULORE, KOTA PALU",1,1,0,LEGAL,Nikel,Mineral Logam,KAB. MOROWALI,176.00,,,,,,,,,
SUMBER PERMATA SELARAS,Perusahaan Perseroan Terbatas (PT),Sulawesi Tengah,9120400712352,002466786*******,02131997117,sumberpermataselaras@yahoo.com,"GEDUNG THE CITY TOWER LT 12 UNIT 1-S JL. MH THAMRIN NO 81, KEL. MENTENG, KEC. MENTENG, JAKARTA PUSAT",1,1,0,LEGAL,Nikel,Mineral Logam,KAB. MOROWALI UTARA,424.00,,,,,,,,,
SUMBER SWARNA PRATAMA,Perusahaan Perseroan Terbatas (PT),Sulawesi Tengah,9120007950611,031185299*******,,,KOMP. PERKANTORAN ROXY MAS BLOK B.1/16 JL. K.H. HASYIM ASHARI NO.125 JAKARTA,2,2,0,LEGAL,Nikel,Mineral Logam,KAB. MOROWALI; KAB. MOROWALI UTARA,6664.00,,,,,,,,,
SURYA AMINDO PERKASA,Perusahaan Komanditer (CV),Sulawesi Tengah,1212000721235,002748104*******,,,Menara Gracia 6Th Floor Jln Rasuna Said Kav C17 Jakarta,1,1,0,LEGAL,Nikel,Mineral Logam,KAB. MOROWALI UTARA,160.00,,,,,,,,,
SYNERGY BARAPRIMA GEMILANG,Perusahaan Perseroan Terbatas (PT),Sulawesi Tengah,9120008970963,002899778*******,02150111516____,,"GOLD COAST OFFICE, TOWER LIBERTY  OTB LT5 UNIT K, JL. PANTAI INDAH KAPUK BOULEVARD, PENJARINGAN",1,1,0,LEGAL,Nikel,Mineral Logam,KAB. MOROWALI,1812.00,,,,,,,,,
TANJUNG BATANGA SAKTI,Perusahaan Komanditer (CV),Sulawesi Tengah,9120302980046,001795084*******,,,"Jln Trans Sulawesi, Kel Wosu, Kec Bungku Barat, Kab Morowali",1,1,0,LEGAL,Nikel,Mineral Logam,KAB. MOROWALI,228.70,,,,,,,,,
TEKNIK ALUM SERVICE,Perusahaan Perseroan Terbatas (PT),Sulawesi Tengah,8120110102134,002642307*******,081227522788___,,"Pondok Indah Office Tower 2 Lt. 11 Suite 1101, Jl. Iskandar Muda kav. V-TA",1,1,0,LEGAL,Nikel,Mineral Logam,KAB. MOROWALI,1301.00,,,,,,,,,
TERATAI BINDO UTAMA,Perusahaan Perseroan Terbatas (PT),Sulawesi Tengah,2403220019538,001871251*******,,,"JL. GEDONG PANJANG II NO. 18/3.A,, Desa/Kelurahan Pekojan, Kec.
Tambora, Kota Adm. Jakarta Barat, Provinsi DKI Jakarta,
Kode Pos: 11240",1,1,0,LEGAL,Nikel,Mineral Logam,KAB. MOROWALI,319.60,,,,,,,,,
TIGA BAJI,Perusahaan Perseroan Terbatas (PT),Sulawesi Tengah,9120606872092,002469802*******,0215279660_____,,"Jalan Jend Gatot Subroto Kav.27,kel.kuningan timur,kec setiabudi, Jakarta Selatan",1,1,0,LEGAL,Nikel,Mineral Logam,KAB. MOROWALI,199.00,,,,,,,,,
TIGA DARA,Perusahaan Komanditer (CV),Sulawesi Tengah,1288000302822,001931635*******,085241114111,tigadara444@gmail.com,JALAN SETIA BUDI NOMOR 57,1,1,0,LEGAL,Nikel,Mineral Logam,"KAB. BANGGAI, KAB. MOROWALI UTARA",1074.00,,,,,,,,,
TOPOGARO BUNGBAR SORAJAI,Perusahaan Perseroan Terbatas (PT),Sulawesi Tengah,0220202152314,074888733*******,02129670599,info.topogarobungbar@gmail.com,"APL Tower 35 th Floor Suite 2, Jl. Letjen S Parman Kav 28",1,1,0,LEGAL,Nikel,Mineral Logam,KAB. MOROWALI,148.80,,,,,,,,,
TOTAL PRIMA INDONESIA,Perusahaan Perseroan Terbatas (PT),Sulawesi Tengah,8120018193506,001813690*******,0313294680_____,,"JL. TRANS SULAWESI IPI-BUNGKU TENGAH, , Kab. Morowali, Provinsi",2,2,0,LEGAL,Nikel,Mineral Logam,KAB. MOROWALI; KAB. MOROWALI UTARA,4748.00,,,,,,,,,
TRINUSA BANGUN PERKASA,Perusahaan Perseroan Terbatas (PT),Sulawesi Tengah,0220000882234,002343870*******,02150333129____,,"SCBD, Gedung Treasury Tower Lantai 1, Kawasan
District 8 Lot 28, Desa/Kelurahan Senayan, Kec.
Kebayoran Baru, Kota Adm. Jakarta Selatan,
Provinsi DKI Jakarta, 12190",1,1,0,LEGAL,Nikel,Mineral Logam,KAB. MOROWALI UTARA,1305.00,,,,,,,,,
TRINUSA DHARMA UTAMA,Perusahaan Perseroan Terbatas (PT),Sulawesi Tengah,9120308900654,002343871*******,,,"JL. GRAHA HARAPAN BLOK B17, NO.6, RT.06/RW.017, KEL.MUSTIKA JAYA, KEC.MUSTIKA JAYA KOTA BEKASI & JL. BILLY DAN MOON BLOK F/9 RT. 004/010 KEL. PONDOK KELAPA KEC. DUREN SAWIT, JAKARTA TIMUR",1,1,0,LEGAL,Nikel,Mineral Logam,KAB. MOROWALI UTARA,85.00,,,,,,,,,
USAHA KITA KINERJATAMA,Perusahaan Perseroan Terbatas (PT),Sulawesi Tengah,9120202982409,002053023*******,,,"MENARA IMPERIUM LT. 27 SUITE A KAV. NO. 1 JL. HR. RASUNA SAID KEL. GUNTUR JAKARTA SELATAN, TELP. 021-831066, FAX. 8317520",1,1,0,LEGAL,Nikel,Mineral Logam,KAB. MOROWALI UTARA,1209.00,,,,,,,,,
VITA INDAH SEJATI,Perusahaan Perseroan Terbatas (PT),Sulawesi Tengah,1244000511608,002494254*******,,,"Rukan Batavia Blok N-O Jl. Tiang Bendera V No 41, Jakarta Barat, DKI Jakarta",1,1,0,LEGAL,Nikel,Mineral Logam,KAB. MOROWALI,993.00,,,,,,,,,
WAHIDA PERSADA,Perusahaan Perseroan Terbatas (PT),Sulawesi Tengah,1310220191704,001754040*******,,,"AKR Tower L.t 16 Unit 16A.
Jalan Panjang Nomor 5. Desa/Kel. Kebon Jeruk, Kec. Kebon Jeruk.",1,1,0,LEGAL,Nikel,Mineral Logam,KAB. MOROWALI,1386.00,,,,,,,,,
WARSITA KARYA,Perusahaan Komanditer (CV),Sulawesi Tengah,0609210032966,01931590*******,02126073761____,,"Jalan Taman Marina, Marina Coast The Forest Blok C2A No.6a, Kelurahan Ancol, Kecamatan Pademangan",2,2,0,LEGAL,Nikel,Mineral Logam,KAB. MOROWALI; KAB. MOROWALI UTARA,389.00,,,,,,,,,
WOSINDO MINERAL PERKASA,Perusahaan Perseroan Terbatas (PT),Sulawesi Tengah,0220207782819,074163200*******,082123798178,wosindomineralperkasa1988@gmail.com,World Capital Tower Lt. 39 Jalan Mega Kuningan Barat Lingkar Kuningan No.3 Rt 005 Rw 002,1,1,0,LEGAL,Nikel,Mineral Logam,KAB. MOROWALI,395.00,,,,,,,,,
WOSINDO PERKASA,Perusahaan Perseroan Terbatas (PT),Sulawesi Tengah,9120313091816,01735856*******,082293119586,,"JL.TRANS SULAWESI NO.04, KEC. BUNGKU BARAT, KAB. MOROWALI, PROV. SULAWESI TENGAH",1,1,0,LEGAL,Nikel,Mineral Logam,KAB. MOROWALI,477.00,,,,,,,,,
YUDAF PERSADA JAYA,Perusahaan Perseroan Terbatas (PT),Sulawesi Tengah,1212220020016,002470816*******,,,"Office EightyEight@Kasablanka, Lt. 9 Unit A, 
Jl. Casablanka Kav.88, Desa/Kelurahan Menteng Dalam, Kec. Tebet, Kota Adm. Jakarta Selatan, Provinsi DKI Jakarta,",1,1,0,LEGAL,Nikel,Mineral Logam,"KAB. MOROWALI, KAB. MOROWALI UTARA",4151.00,,,,,,,,,
ADHI KARTIKO PRATAMA,Perusahaan Perseroan Terbatas (PT),Sulawesi Tenggara,8120214043608,002832947*******,02172781783,perizinan@akp.co.id,"Jalan Malaka, Kawasan Citraland Kendari, Ruko Spazia Blok H01/003",1,1,0,LEGAL,Nikel,Mineral Logam,KAB. KONAWE UTARA,1975.00,,,,,,,,,
AGRABUDI BARAMULIA MANDIRI,Perusahaan Perseroan Terbatas (PT),Sulawesi Tenggara,1269000530453,002406504*******,,,"Rukan Mitra Bahari II Blok D-16, Jl. Pakin Raya No.1, RT 002, RW 004, Kelurahan Penjaringan, Kecamatan Penjaringan, Jakarta Utara",1,1,0,LEGAL,Nikel,Mineral Logam,KAB. BOMBANA,3940.00,,,,,,,,,
AKAR MAS INTERNASIONAL,Perusahaan Perseroan Terbatas (PT),Sulawesi Tenggara,0220000682849,002677838*******,082348868259,akarmas2009@gmail.com,JALAN HALUOLEO NO.18,1,1,0,LEGAL,Nikel,Mineral Logam,KAB. KOLAKA,225.00,,,,,,,,,
ALAM RAYA INDAH,Perusahaan Perseroan Terbatas (PT),Sulawesi Tenggara,9120501830392,003190894*******,085351298375,alam.rayaindah@yahoo.com,"JL MALAKA (RUKO SETELAH CITRALAND SAMPING SERVICE CENTER SHARP), Nomor 8, Anduonohu, Kendari",1,1,0,LEGAL,Nikel,Mineral Logam,KAB. KONAWE UTARA,196.00,,,,,,,,,
ALMHARIG,Perusahaan Perseroan Terbatas (PT),Sulawesi Tenggara,0220206152175,031334749*******,085241946639,almharig88@gmail.com,"KAWASAN HUNIAN DAN BISNIS TERPADU CBD PLUIT, JL. PLUIT SELATAN RAYA NO. 1, RUKO C-01, JAKARTA UTARA",1,1,0,LEGAL,Nikel,Mineral Logam,KAB. BOMBANA,2018.00,,,,,,,,,
ALVINDO MINING RESOURCE,Perusahaan Perseroan Terbatas (PT),Sulawesi Tenggara,0220106783805,02182530*******,0216626567_____,miningresourcea@gmail.com,"Gold Coast Office PIK Tower Eiffel Lantai 20 F, Pantai Indah Kapuk St",1,1,0,LEGAL,Nikel,Mineral Logam,KAB. KONAWE,2439.00,,,,,,,,,
ANDALAN ENERGI NUSANTARA,Perusahaan Perseroan Terbatas (PT),Sulawesi Tenggara,0252000911761,021000695*******,082123798178___,,JL. CIDENG TIMUR NO. 73-74,1,1,0,LEGAL,Nikel,Mineral Logam,KAB. KONAWE,403.20,,,,,,,,,
ANEKA TAMBANG,Perusahaan Perseroan Terbatas (PT),Sulawesi Tenggara,8120003803316,001001663*******,021 7891234,perijinan.antam@antam.com,GEDUNG ANEKA TAMBANG TOWER A JL. LETJEN TB. SIMATUPANG NO.1 LINGKAR SELATAN,7,7,0,LEGAL,Nikel,Mineral Logam,KAB. KOLAKA; KAB. KONAWE UTARA,29456.50,,,,,,,,,
ANUGRAH BUKIT BESAR,Perusahaan Perseroan Terbatas (PT),Sulawesi Tenggara,1205000352136,002845903*******,0214722618_____,anugrahbukitbesar@gmail.com,"Podomoro City Ruko GSA 8DH, Jl. Letjen S. Parman, Kel. Tanjung Duren Selatan, Kec. Grogol Petamburan, Jakarta Barat 11460",3,3,0,LEGAL,Nikel,Mineral Logam,KAB. KOLAKA UTARA,3982.00,,,,,,,,,
ANUGRAH LESTARI KENDARI,Perusahaan Perseroan Terbatas (PT),Sulawesi Tenggara,2711210008932,002679082*******,,anugerahlestari333@gmail.com,"PERUMAHAN BALAIKOTA GRAND PLATINUM C-8, Kel. Mandonga, Kec. Mandonga, Kota Kendari",1,1,0,LEGAL,Nikel,Mineral Logam,KAB. KONAWE UTARA,1060.00,,,,,,,,,
APOLLO NICKEL INDONESIA,Perusahaan Perseroan Terbatas (PT),Sulawesi Tenggara,8120310032928,081732690*******,,,"JL SULTAN HASANUDDIN NO 67
TIPULU, KENDARI BARAT, KOTA KENDARI",1,1,0,LEGAL,Nikel,Mineral Logam,KAB. KONAWE UTARA,106.00,,,,,,,,,
ARGA MORINI INDAH,Perusahaan Perseroan Terbatas (PT),Sulawesi Tenggara,9120419040099,001493456*******,0215150508_____,,"Desa Talaga I, Kecamatan Talaga I, Kabupaten Buton Tengah 
Sulawesi Tenggara – 93766",1,1,0,LEGAL,Nikel,Mineral Logam,KAB. BUTON TENGAH,2834.96,,,,,,,,,
ARGA MORINI INDOTAMA,Perusahaan Perseroan Terbatas (PT),Sulawesi Tenggara,0220008670994,094642323*******,,,GEDUNG BURSA EFEK INDONESIA TOWER 1 LT 29 SUIT 2903 JLN JENDERAL SUDIRMAN KAV 52-53,1,1,0,LEGAL,Nikel,Mineral Logam,KAB. BUTON TENGAH,1026.00,,,,,,,,,
BAKTI BUMI SULAWESI,Perusahaan Perseroan Terbatas (PT),Sulawesi Tenggara,0220200340063,002678622*******,,,"JL. SYECH YUSUF NO. 32, KENDARI- SULAWESI TENGGARA",1,1,0,LEGAL,Nikel,Mineral Logam,KAB. BOMBANA,4888.00,,,,,,,,,
BANGUN MEGA CEMERLANG,Perusahaan Perseroan Terbatas (PT),Sulawesi Tenggara,1108220045955,062174428*******,,,"Citra Towers, Lantai 18 A
Jl. Benyamin Sueb, Kav. A6",1,1,0,LEGAL,Nikel,Mineral Logam,KAB. KONAWE UTARA,199.00,,,,,,,,,
BERKAH TARULI JAYA,Perusahaan Perseroan Terbatas (PT),Sulawesi Tenggara,2308220041583,001973635*******,,,"GEDUNG PATRA OFFICE TOWER LT. 17 RUANG 1704, JL. JEND. GATOT SUBROTO KAV 32-34 , Desa/Kelurahan Kuningan Timur, Kec.
Setiabudi
Kode Pos: 12950",1,1,0,LEGAL,Nikel,Mineral Logam,KAB. KONAWE,1130.00,,,,,,,,,
BHUMI KARYA UTAMA,Perusahaan Perseroan Terbatas (PT),Sulawesi Tenggara,8120211020326,002604526*******,,,RUKO PLUIT VILLAGE LT 3&4 PLUIT PERMAI RAYA NO 67 RT 000 RW 000,1,1,0,LEGAL,Nikel,Mineral Logam,KAB. KONAWE UTARA,310.00,,,,,,,,,
BHUMI SWADAYA MINERAL,Perusahaan Perseroan Terbatas (PT),Sulawesi Tenggara,2103220029244,002623897*******,081286674566,bsmadmjkt@gmail.com,Gedung TCC Batavia Lantai 12,1,1,0,LEGAL,Nikel,Mineral Logam,KAB. KONAWE UTARA,317.00,,,,,,,,,
BINANGA HARTAMA RAYA,Perusahaan Perseroan Terbatas (PT),Sulawesi Tenggara,9120101832873,001732202*******,0818880972,ptbinangahartamaraya22@gmail.com,"Synergy Lestari Group, Citra Tower, Level 20 Unit A, Jalan Benyamin Suaeb Kav. A6",1,1,0,LEGAL,Nikel,Mineral Logam,KAB. KONAWE UTARA,185.00,,,,,,,,,
BOLA DUNIA MANDIRI,Perusahaan Perseroan Terbatas (PT),Sulawesi Tenggara,9120207621472,001655573*******,,,JL. PEMUDA NO.96 KOLAKA,1,1,0,LEGAL,Nikel,Mineral Logam,KAB. KOLAKA,260.00,,,,,,,,,
BOSOSI PRATAMA,Perusahaan Perseroan Terbatas (PT),Sulawesi Tenggara,9120208282882,002821480*******,,,"Jl. Poros Taman Sudiang Indah, 33A, Pai, Biringkanaya, Kota Makassar, Sulawesi Selatan",1,1,0,LEGAL,Nikel,Mineral Logam,KAB. KONAWE UTARA,1850.00,,,,,,,,,
BOSOWA MINING,Perusahaan Perseroan Terbatas (PT),Sulawesi Tenggara,9120008161117,001411456*******,0411-3681164,,"MENARA BOSOWA LT. 16, JL. JENDERAL SUDIRMAN NO. 5 MAKASSAR",1,1,0,LEGAL,Nikel,Mineral Logam,KAB. KONAWE UTARA,1500.00,,,,,,,,,
BUMI DUA MINERAL,Perusahaan Perseroan Terbatas (PT),Sulawesi Tenggara,9120216240241,93353167*******,0811841877_____,,KOMPLEKS CITRALAND RUKO KORIDOR RKK 01/008 RT035 RW007 KOTA KENDARI SULAWESI TENGGARA,1,1,0,LEGAL,Nikel,Mineral Logam,KAB. KOLAKA UTARA,855.00,,,,,,,,,
BUMI KONAWE ABADI,Perusahaan Perseroan Terbatas (PT),Sulawesi Tenggara,9120200391735,002678639*******,0401396485_____,,JL. RAMBUTAN II NO. 3 KENDARI SULAWESI TENGGARA,1,1,0,LEGAL,Nikel,Mineral Logam,KAB. KONAWE UTARA,419.60,,,,,,,,,
BUMI KONAWE MINERINA,Perusahaan Perseroan Terbatas (PT),Sulawesi Tenggara,8120103920565,002488453*******,02157991516,bumikonawe.m@yahoo.com,Jl. AH. Nasution LR. Belibis No. 6,1,1,0,LEGAL,Nikel,,KAB. KONAWE UTARA,616.00,,,,,,,,,
BUMI KONAWE MINING,Perusahaan Perseroan Terbatas (PT),Sulawesi Tenggara,9120107433007,002654624*******,04013090155____,,Jalan Martandu No. 97 RT 007 RW 003 Kelurahan Anduonohu Kecamatan Poasia Kota Kendari Provinsi Sulawesi Tenggara,1,1,0,LEGAL,Nikel,Mineral Logam,KAB. KONAWE,3175.00,,,,,,,,,
BUMI NIKEL NUSANTARA,Perusahaan Perseroan Terbatas (PT),Sulawesi Tenggara,9120210290745,083801989*******,08118752116,bnn.buminikelnusantara@gmail.com,Jalan DR Sam Ratulangi Nomor 153,1,1,0,LEGAL,Nikel,Mineral Logam,KAB. KONAWE UTARA,386.49,,,,,,,,,
BUMI SENTOSA JAYA,Perusahaan Perseroan Terbatas (PT),Sulawesi Tenggara,9120100850995,002505239*******,02129339207____,,"APL Tower Central Park Lantai 39, Jl. Letjen S. Parman Kav 28, RT.12/RW.7, Petamburan, Kec. Grogol petamburan, Kota Jakarta Barat, DKI Jakarta 11440",1,1,0,LEGAL,Nikel,Mineral Logam,KAB. KONAWE UTARA,1030.00,,,,,,,,,
CERIA NUGRAHA INDOTAMA,Perusahaan Perseroan Terbatas (PT),Sulawesi Tenggara,8120118021881,001584423*******,04114720747____,,"KAWASAN INDUSTRI MAKASSAR JL KIMA 12 KAV N NO. 1A, DAYA BIRINGKANAYA, KOTA MAKASSAR, SULAWESI SELATAN, 90421",1,1,0,LEGAL,Nikel,Mineral Logam,KAB. KOLAKA,6785.00,,,,,,,,,
CINTA JAYA,Perusahaan Perseroan Terbatas (PT),Sulawesi Tenggara,8120018002548,001411664*******,,,"JL. TIMAH V NO. 9 MAKASSAR , SULAWESI SELATAN TELP. 0411- 424641 FAX. 0411- 442145",1,1,0,LEGAL,Nikel,Mineral Logam,KAB. KONAWE UTARA,309.00,,,,,,,,,
CIPTA DJAYA SELARAS MINING,Perusahaan Perseroan Terbatas (PT),Sulawesi Tenggara,0204010202869,080431929*******,0411811912,ptciptadjayaselarasmining@gmail.com,"SOPO DEL OFFICE TOWER AND LIFESTYLE A TOWER LANTAI 19, JL. MEGA KUNINGAN BARAT III Lot 10. 1-6",1,1,0,LEGAL,Nikel,Mineral Logam,KAB. KONAWE UTARA,634.80,,,,,,,,,
CIPTA DJAYA SURYA,Perusahaan Perseroan Terbatas (PT),Sulawesi Tenggara,9120119172315,002308865*******,082221091188___,,"JL. H.A. MAPPANYUKKI NO 76 RT 004 RW 001, MARISO, MARIO, MAKASSAR - SULAWESI SELATAN",1,1,0,LEGAL,Nikel,Mineral Logam,KAB. KONAWE UTARA,195.70,,,,,,,,,
CITRA ARYA SENTOSA HUTAMA,Perusahaan Perseroan Terbatas (PT),Sulawesi Tenggara,2108220013196,002540873*******,,,"TAMARA CENTER SUITE 701, Jl. Jend. Sudirman Kav. 24, Jakarta 12920",1,1,0,LEGAL,Nikel,Mineral Logam,KAB. KONAWE,420.00,,,,,,,,,
CITRA SILIKA MALLAWA,Perusahaan Perseroan Terbatas (PT),Sulawesi Tenggara,9120012241991,003135028*******,085342022669,SCMMKS@YAHOO.COM,"JL. PENGAYOMAN JASPER III NO. 7 KEL. MASALE, KEC. PANAKKUKANG, KOTA MAKASSAR, SULAWESI SELATAN 90231",1,1,0,LEGAL,Nikel,,KAB. KOLAKA UTARA,475.00,,,,,,,,,
DAKA GROUP,Perusahaan Perseroan Terbatas (PT),Sulawesi Tenggara,9120007511442,002334614*******,082299158999,pt.dakagroup@yahoo.com,JL. KONGGOASA NOMOR 26,1,1,0,LEGAL,Nikel,Mineral Logam,KAB. KONAWE UTARA,200.00,,,,,,,,,
DHARMA BUMI KOLAKA,Perusahaan Perseroan Terbatas (PT),Sulawesi Tenggara,9120005541454,002505530*******,0216322680,kolakadharmabumi@gmail.com,"Jalan A.M. Sangaji Nomor 11H, Kelurahan Petojo Utara, Kecamatan Gambir, Kota Jakarta Pusat",1,1,0,LEGAL,Nikel,Mineral Logam,KAB. KOLAKA,1075.00,,,,,,,,,
DWIMITRA MULTIGUNA SEJAHTERA,Perusahaan Perseroan Terbatas (PT),Sulawesi Tenggara,8120011101754,002504863*******,,,JL. GEDUNG WISMA 46 KOTA BNI SUITE 1608 LT. 16 JL. JEND. SUDIRMAN KAV. 1 JAKARTA PUSAT TELP. 021- 572 7501 FAX. 021- 572 7501,1,1,0,LEGAL,Nikel,Mineral Logam,KAB. KONAWE UTARA,130.00,,,,,,,,,
ELIT KHARISMA UTAMA,Perusahaan Perseroan Terbatas (PT),Sulawesi Tenggara,9120003850593,002189481*******,,,"Jl. Malaka No.16 RT.020 RW.007, Andonohu, Poasia, Kota Kendari, Sulawesi Tenggara 93231",1,1,0,LEGAL,Nikel,Mineral Logam,KAB. KONAWE UTARA,496.10,,,,,,,,,
ENERGI PRIMA SENTOSA,Perusahaan Perseroan Terbatas (PT),Sulawesi Tenggara,0811210043063,002605245*******,,,JL. MANGGA BESAR RAYA NO.41 KEL.TANGKI KEC. TAMANSARI JAKBAR,1,1,0,LEGAL,Nikel,Mineral Logam,KAB. KONAWE UTARA,3638.00,,,,,,,,,
FATWA BUMI SEJAHTERA,Perusahaan Perseroan Terbatas (PT),Sulawesi Tenggara,0273010122779,002946483*******,,fatwabumisejahtera@gmail.com,JL.DR.SAM RATULANGI NOMOR 75,1,1,0,LEGAL,Nikel,,KAB. KOLAKA UTARA,99.00,,,,,,,,,
GEMA KREASI PERDANA,Perusahaan Perseroan Terbatas (PT),Sulawesi Tenggara,8120214102266,001955146*******,04013090155,,Jalan Martandu No. 97 RT 007 RW 003 Kelurahan Anduonohu Kecamatan Poasia Kota Kendari,2,2,0,LEGAL,Nikel,Mineral Logam,KAB. KONAWE; KAB. KONAWE KEPULAUAN,1808.90,,,,,,,,,
GEMILANG MULTI MINERAL,Perusahaan Perseroan Terbatas (PT),Sulawesi Tenggara,1221000711403,042060182*******,0213904701_____,,Jl. KH. WAHID HASYIM No.53,1,1,0,LEGAL,Nikel,Mineral Logam,KAB. KONAWE UTARA,5645.00,,,,,,,,,
GENERASI AGUNG PERKASA,Perusahaan Perseroan Terbatas (PT),Sulawesi Tenggara,1228000712189,002487801*******,081802060545___,,JL. POROS BANDARA HALUOLEO,1,1,0,LEGAL,Nikel,Mineral Logam,KAB. KONAWE SELATAN,584.00,,,,,,,,,
GEOMINERAL INTI PERKASA,Perusahaan Perseroan Terbatas (PT),Sulawesi Tenggara,9120212280162,002907095*******,0215152429,geomineralintiperkasa@gmail.com,"Indonesia Stock Exchange Building, Tower I, Lt. 17, Suite 1701, Jl. Jend. Sudirman, Kav. 52-53, Lot 2",1,1,0,LEGAL,Nikel,Mineral Logam,KAB. KONAWE UTARA,1398.00,,,,,,,,,
GERBANG MULTI SEJAHTERA,Perusahaan Perseroan Terbatas (PT),Sulawesi Tenggara,8120014142209,002556234*******,62215154118____,,"INDONESIA STOCK EXCHANGE BUILDING, TOWER 1 LANTAI 29 SUITE 2903 JL. JEND. SUDIRMAN KAV 52-53, SENAYAN - KEBAYORAN BARU, KOTA ADM. JAKARTA SELATAN - DKI JAKARTA, 12190   TELP. (+62) 21-5154118",1,1,0,LEGAL,Nikel,Mineral Logam,KAB. KONAWE SELATAN,2301.62,,,,,,,,,
HIJRAH SAWITTO MARIORITA,Perusahaan Perseroan Terbatas (PT),Sulawesi Tenggara,0704230025393,001732207*******,,,"Jalan Kwitang Raya Nomor 8 Desa/Kelurahan Kwitang, Kecamatan Senen",1,1,0,LEGAL,Nikel,Mineral Logam,KAB. KONAWE,5055.85,,,,,,,,,
HOMKEY INTI PRIMA,Perusahaan Perseroan Terbatas (PT),Sulawesi Tenggara,1508220053273,002900803*******,,,"GEDUNG PATRA OFFICE TOWER LT. 17 RUANG 1704, JL. JEND.
GATOT SUBROTO KAV 32-34 
Kode Pos: 12950",1,1,0,LEGAL,Nikel,Mineral Logam,KAB. KONAWE,4870.00,,,,,,,,,
IFISHDECO,Perusahaan Perseroan Terbatas (PT),Sulawesi Tenggara,8120214190683,001306430*******,0215704988_____,,"Gedung Sahid Sudirman Center, Lantai 42 F, Jalan Jenderal Sudirman nomor 86, Desa/Kelurahan Karet Tengsin, Kec. Tanah Abang,
Kota Adm. Jakarta Pusat, Provinsi DKI Jakarta, 10250",1,1,0,LEGAL,Nikel,,KAB. KONAWE SELATAN,920.20,,,,,,,,,
INDONUSA ARTA MULYA,Perusahaan Perseroan Terbatas (PT),Sulawesi Tenggara,1233000522926,002796724*******,,,GEDUNG GAJAH UNIT AJ.LT.4. JL.DR.SAHARJO NO.111 JAKSEL,1,1,0,LEGAL,Nikel,Mineral Logam,KAB. KONAWE UTARA,394.00,,,,,,,,,
INDRA BUMI MULIA,Perusahaan Perseroan Terbatas (PT),Sulawesi Tenggara,null_17452,,,indrabumimulia.pt@gmail.com,"Jalan Minangkabau Nomor 46, Kel. Pasar Manggis, Kec. Setiabudi. Kode pos 12970",1,1,0,LEGAL,Nikel,Mineral Logam,KAB. KONAWE UTARA,198.00,,,,,,,,,
INDRABAKTI MUSTIKA,Perusahaan Perseroan Terbatas (PT),Sulawesi Tenggara,9120304122449,001331654*******,021 3453888,,Jl. Batu Jajar No. 37 Jakarta 10120 Indonesia,1,1,0,LEGAL,Nikel,Mineral Logam,KAB. KONAWE UTARA,576.00,,,,,,,,,
INTAN PERDHANA PUSPA,Perusahaan Perseroan Terbatas (PT),Sulawesi Tenggara,2610210057236,01831736*******,085399166619___,intanperdhanapuspa@gmail.com,"PERKANTORAN GRAHA MAS BLOK B-3, JL. RS. FATMAWATI NO.71",1,1,0,LEGAL,Nikel,Mineral Logam,KAB. KONAWE,3000.00,,,,,,,,,
INTEGRA MINING NUSANTARA,Perusahaan Perseroan Terbatas (PT),Sulawesi Tenggara,9120019122656,002605225*******,081911171213___,,"JL. CIPINANG CEMPEDAK I/38-C RT. 013 RW. 003 JATINEGARA, JAKUT & PATRA JASA BUILDING 11TH SUITE #1143 JL. GATOT SOEBROTO KAV 32-34 JAKARTA 12950 TELP. 021-525992 & GEDUNG PATRA JASA LT. 11 SUIT ROOM 1111 JL. JEND. GATOT SUBROTO KAV. 32-34, JAKARTA SELATAN",1,1,0,LEGAL,Nikel,Mineral Logam,KAB. KONAWE SELATAN,100.00,,,,,,,,,
JAGAD RAYATAMA,Perusahaan Perseroan Terbatas (PT),Sulawesi Tenggara,9120105521407,02692712*******,,,"JL. CIDENG TIMUR NO.12A RT.005 RW.04, PETOJO UTARA, GAMBIR JAKARTA PUSAT",1,1,0,LEGAL,Nikel,Mineral Logam,KAB. KONAWE SELATAN,1670.00,,,,,,,,,
KABAENA KROMIT PRATHAMA,Perusahaan Perseroan Terbatas (PT),Sulawesi Tenggara,9120400621691,02488101*******,,,"GRAHA ASRI EE NO. 10 KEL. WATULONDO, KENDARI SULAWESI TENGGARA",1,1,0,LEGAL,Nikel,Mineral Logam,KAB. KONAWE UTARA,102.60,,,,,,,,,
KACCI PURNAMA INDAH,Perusahaan Perseroan Terbatas (PT),Sulawesi Tenggara,1262000482599,001708353*******,085332800852___,kaccipurnamaindah@gmail.com,"JALAN BRIGJEN M. JOENOES NO. 8, Kel. Korumba, Kec. Mandonga",1,1,0,LEGAL,Nikel,Mineral Logam,KAB. KONAWE UTARA,419.00,,,,,,,,,
KARYA ALAM ABADI,Perusahaan Perseroan Terbatas (PT),Sulawesi Tenggara,9120501850899,003190893*******,02129339207____,,"APL Tower Central Park Lantai 39, Jl. Letjen S. Parman Kav 28, RT.12/RW.7 Petamburan, Kec. Grogol petamburan, Kota Jakarta Barat, DKI Jakarta 11440",1,1,0,LEGAL,Nikel,Mineral Logam,KAB. KONAWE UTARA,1036.00,,,,,,,,,
KARYA ENERGI MAKMUR,Perusahaan Perseroan Terbatas (PT),Sulawesi Tenggara,0811210042635,002663181*******,021- 53652226,,JL. S. PARMAN KAV. 37 B JAKARTA BARAT 11480-INDONESIA,1,1,0,LEGAL,Nikel,Mineral Logam,KAB. KONAWE UTARA,3803.00,,,,,,,,,
KARYA PUTRA KONTARA,Perusahaan Perseroan Terbatas (PT),Sulawesi Tenggara,0206010102589,002678777*******,082197309464,ptkaryaputrakontara@gmail.com,"JL.HALUOLEO, RT 001, RW 003, MOKOU, KAMBU, KENDARI",1,1,0,LEGAL,Nikel,,KAB. KONAWE UTARA,7672.00,,,,,,,,,
KARYATAMA KONAWE UTARA,Perusahaan Perseroan Terbatas (PT),Sulawesi Tenggara,9120202702924,002678779*******,081990911992,,"KABUPATEN KONAWE UTARA, SULAWESI TENGGARA",1,1,0,LEGAL,Nikel,Mineral Logam,KAB. KONAWE UTARA,3119.00,,,,,,,,,
KASMAR TIAR RAYA,Perusahaan Perseroan Terbatas (PT),Sulawesi Tenggara,0809250060132,002275794*******,085242799127,kasmartiaraya955@gmail.coM,JL.GEDUNG ABA LPI UNIT 101 JL. CIKINI RAYA NO.64,1,1,0,LEGAL,Nikel,Mineral Logam,KAB. KOLAKA UTARA,955.00,,,,,,,,,
KELOMPOK DELAPAN INDONESIA,Perusahaan Perseroan Terbatas (PT),Sulawesi Tenggara,9120100541369,002275854*******,02157956866____,legaldoc@kdi.co.id,"Jl. Penjernihan 1, RT.5/RW.7, Bend. Hilir, Kecamatan Tanah Abang, Kota Jakarta Pusat, Daerah Khusus Ibukota Jakarta 10210",1,1,0,LEGAL,Nikel,Mineral Logam,KAB. KONAWE UTARA,226.51,,,,,,,,,
KEMBAR EMAS SULTRA,Perusahaan Perseroan Terbatas (PT),Sulawesi Tenggara,1201220011802,002334585*******,02139713333____,,"Jalan Bunga Seroja Nomor 21, Kel. Lahundape, Kec. Kendari Barat, Kota Kendari, Provinsi Sulawesi Tenggara 93127",2,2,0,LEGAL,Nikel,Mineral Logam,KAB. KONAWE UTARA,570.00,,,,,,,,,
KONAWE NIKEL NUSANTARA,Perusahaan Perseroan Terbatas (PT),Sulawesi Tenggara,8120114020837,002566634*******,02129379300,Konawenikelnusantara@gmail.com,JL. BALAI KOTA I PERUM DOLOG NO. 2,1,1,0,LEGAL,Nikel,Mineral Logam,KAB. KONAWE UTARA,373.80,,,,,,,,,
KONAWE UTARA INDO MINERAL MINING,Perusahaan Perseroan Terbatas (PT),Sulawesi Tenggara,9120303882976,021025713*******,0216915525,,"Rukan Batavia Blok N-O. Jl.Tiang Bendera V Nomor 41- 43, Roa Malaka, Tambora, Jakarta Barat 11230",1,1,0,LEGAL,Nikel,Mineral Logam,KAB. KONAWE UTARA,2000.00,,,,,,,,,
KONUT JAYA MINERAL,Perusahaan Perseroan Terbatas (PT),Sulawesi Tenggara,1282000310993,080320556*******,,,"JL SULTAN HASANUDDIN NO 67, KEL. TIPULU, KEC. KENDARO BARAT, KOTA KENDARI",1,1,0,LEGAL,Nikel,Mineral Logam,KAB. KONAWE,732.20,,,,,,,,,
KONUTARA PRIMA,Perusahaan Perseroan Terbatas (PT),Sulawesi Tenggara,9120001563105,002678776*******,,,"MENARA BATAVIA LANTAI 6, JL. K.H. MAS MANSYUR KAV.126 JAKARTA 10220, INDONESIA TELP. 021-5793-0294, FAX. 021- 5793-0295",1,1,0,LEGAL,Nikel,Mineral Logam,KAB. KONAWE UTARA,2827.00,,,,,,,,,
KONUTARA SEJATI,Perusahaan Perseroan Terbatas (PT),Sulawesi Tenggara,9120001563601,002678785*******,,,"TCC Batavia Tower One Lantai 12 Jl. KH Mas Mansyur Kav.126 Kel. Karet Tengsin, Kec. Tanah Abang, Jakarta Pusat 10220",1,1,0,LEGAL,Nikel,Mineral Logam,KAB. KONAWE UTARA,1923.00,,,,,,,,,
LAEYA CIPTA GUNA,Perusahaan Perseroan Terbatas (PT),Sulawesi Tenggara,9120509773105,081944004*******,085399976356,ptlcgkendari@gmail.com,"jl Bunga Cempaka No. 1 Kel. Kemaraya, Kec. Kendari Barat Kota Kendari Provinsi Sulawesi Tenggara",1,1,0,LEGAL,Nikel,Mineral Logam,KAB. KONAWE SELATAN,1185.00,,,,,,,,,
LAWAKI TIAR RAYA,Perusahaan Perseroan Terbatas (PT),Sulawesi Tenggara,0302250099323,021024891*******,02184597901____,,"Jl. Palem Kartika No.15 Bambu Apus - Cipayung, Jakarta Timur 13890",2,2,0,LEGAL,Nikel,Mineral Logam,KAB. KOLAKA UTARA,3861.00,,,,,,,,,
MACIKA MADA MADANA,Perusahaan Perseroan Terbatas (PT),Sulawesi Tenggara,8120211141637,02527577*******,,,GEDUNG INTI CENTRE LT 3 JL. TAMAN KEMANG NO. 32A JAKARTA SELATAN 021-7199711,1,1,0,LEGAL,Nikel,Mineral Logam,KAB. KONAWE SELATAN,705.00,,,,,,,,,
MADANI SEJAHTERA,Perusahaan Perseroan Terbatas (PT),Sulawesi Tenggara,0407220009934,02448303*******,02129508809____,,GEDUNG MENARA APL UNIT T1 KAV 28 LT 20 JL LETJEND S PARMAN,1,1,0,LEGAL,Nikel,Mineral Logam,KAB. KONAWE UTARA,2014.00,,,,,,,,,
MAKMUR LESTARI PRIMATAMA,Perusahaan Perseroan Terbatas (PT),Sulawesi Tenggara,8120101892733,002590029*******,02139713333,pt.makmurlestariprima@gmail.com,"CITRA TOWERS KEMAYORAN LT. 18 B/A-E, JL. BENYAMIN SUAEB KAV. A6",1,1,0,LEGAL,Nikel,Mineral Logam,KAB. KONAWE UTARA,407.00,,,,,,,,,
MANUNGGAL SARANA SURYA PRATAMA,Perusahaan Perseroan Terbatas (PT),Sulawesi Tenggara,9120008290596,001732262*******,,,"JL. AHMAD YANI NO. 193 KEL. KADIA KEC.BARUGA, KENDARI, SULAWESI TENGGARA",1,1,0,LEGAL,Nikel,Mineral Logam,KAB. KONAWE UTARA,284.92,,,,,,,,,
MANYOI MANDIRI,Perusahaan Perseroan Terbatas (PT),Sulawesi Tenggara,0241000981913,002702170*******,,,"Jl. AP. PETTARANI RUKO PETTARANI CENTRE B.17, Desa/Kelurahan Tidung, Kec. Rappocini, 
Kode pos: 90221",1,1,0,LEGAL,Nikel,Mineral Logam,KAB. BOMBANA,1731.62,,,,,,,,,
MARGO KARYA MANDIRI,Perusahaan Perseroan Terbatas (PT),Sulawesi Tenggara,9120006770981,002567959*******,0217202143,margokarya.adm@gmail.com,"Gedung Graha Surveyor Indonesia Lt. 15, Jl. Jenderal Gatot Subroto Kav. 56",1,1,0,LEGAL,Nikel,Mineral Logam,KAB. BOMBANA,2128.00,,,,,,,,,
MASEMPO DALLE,Perusahaan Perseroan Terbatas (PT),Sulawesi Tenggara,2312240068117,002385670*******,,,"JL CEMPAKA PUTIH NO. 3, WUA-WUA
KOTA KENDARI",1,1,0,LEGAL,Nikel,Mineral Logam,KAB. KONAWE UTARA,103.20,,,,,,,,,
MEGA TAMBANG INDONESIA,Perusahaan Perseroan Terbatas (PT),Sulawesi Tenggara,9120218151716,71382928*******,0811861121_____,,"JL. POROS KENDARI - ANDOOLO DESA WAWONGGURA (SAMPING RUJAB CAMAT PALANGGA) KAB. KONAWE SELATAN, SULAWESI TENGGARA - 93387",1,1,0,LEGAL,Nikel,Mineral Logam,KAB. KONAWE SELATAN,1758.00,,,,,,,,,
MEGA TAMBANG NIKEL,Perusahaan Perseroan Terbatas (PT),Sulawesi Tenggara,9120312101748,72984805*******,0811861121_____,,"JL. POROS KENDARI - ANDOOLO DESA WAWONGGURA (SAMPING RUJAB CAMAT PALANGGA) KAB. KONAWE SELATAN, SULAWESI TENGGARA - 93387",1,1,0,LEGAL,Nikel,Mineral Logam,KAB. KONAWE SELATAN,2466.00,,,,,,,,,
META ADHI PERDANA,Perusahaan Perseroan Terbatas (PT),Sulawesi Tenggara,2706230106048,084516296*******,022122379239___,,"Gedung Cendrawasih, Jl. Warung Jati Barat No.24, Kel. Duren Tiga, Kec. Pancoran, Kota Jakarta Selatan, DKI Jakarta",1,1,0,LEGAL,Nikel,Mineral Logam,KAB. KONAWE UTARA,165.50,,,,,,,,,
MINING MAJU,Perusahaan Perseroan Terbatas (PT),Sulawesi Tenggara,0312210025235,002505461*******,085292000080___,,"GEDUNG CITY LOFT LT.11 SUITE 17, JL KH MAS MANSYUR NO 121, KARET TENGSIN, TANAH ABANG",1,1,0,LEGAL,Nikel,Mineral Logam,KAB. KOLAKA UTARA,227.00,,,,,,,,,
MITRA UTAMA RESOURCES,Perusahaan Perseroan Terbatas (PT),Sulawesi Tenggara,9120408703013,003107245*******,,,JL. MALAKA KOMPLEKS RUKO CITRALAND G1 NO.2 RT:000 RW:000 ANDUONOHU POASIA KOTA KENDARI SULAWESI TENGGARA,1,1,0,LEGAL,Nikel,Mineral Logam,KAB. KONAWE UTARA,237.90,,,,,,,,,
MODERN CAHAYA MAKMUR,Perusahaan Perseroan Terbatas (PT),Sulawesi Tenggara,8120112181654,002663182*******,02129379200____,,"GEDUNG GREEN CENTRAL CITY AREA KOMERSIAL LT. 2 JL GAJAH MADA GREEN CENTRAL CITY AREA KOMERSIAL LT 2, Nomor 188, RT 009, RW 005 KEL. GLODOK KEC. TAMANSARI JAKARTA BARAT 11120 DKI JAKARTA",2,2,0,LEGAL,Nikel,Mineral Logam,KAB. KONAWE,6575.00,,,,,,,,,
MODERN ENERGI MINERAL,Perusahaan Perseroan Terbatas (PT),Sulawesi Tenggara,0811210040767,002145158*******,021- 2801000,,JL. MATRAMAN RAYA 12 JAKARTA 13150- INDONESIA,1,1,0,LEGAL,Nikel,Mineral Logam,KAB. KONAWE UTARA,3364.00,,,,,,,,,
MUDA PRIMA INSAN,Perusahaan Perseroan Terbatas (PT),Sulawesi Tenggara,8120118182698,001538574*******,0811925829,mudaprimainsan@gmail.com,Bellagio Boutique Mall Unit OUG-25. Jl. Mega Kuningan Barat Kav. E 4.3 Kawasan Mega Kuningan.,1,1,0,LEGAL,Nikel,,KAB. KONAWE,1000.00,,,,,,,,,
MULIA MAKMUR PERKASA,Perusahaan Perseroan Terbatas (PT),Sulawesi Tenggara,1218000212337,002426597*******,,,"LINGK II BATU PUTIH RT 01/04 KAB KOLAKA & JL. MATRAMAN RAYA NO 53, KEL PALMERIAM, KEC. MATRAMAN JAKARTA TIMUR",1,1,0,LEGAL,Nikel,Mineral Logam,KAB. KOLAKA UTARA,2450.00,,,,,,,,,
MUSHAR UTAMA SULTRA,Perusahaan Perseroan Terbatas (PT),Sulawesi Tenggara,0912210032138,002832997*******,082284397639,musharutamasultra1103@gmail.com,"JL. KELURAHAN ASINUA 1, UNAAHA",1,1,0,LEGAL,Nikel,Mineral Logam,KAB. KONAWE UTARA,136.00,,,,,,,,,
NARAYANA LAMBALE SELARAS,Perusahaan Perseroan Terbatas (PT),Sulawesi Tenggara,9120306381236,71600454*******,,,"Jl. Komjen Pol. M. Jasin No. 88, Kel. Mokoau, Kec. Kambu (belakang Kantor Polda Sulawesi Tenggara), Kendari, Provinsi Sulawesi Tenggara",1,1,0,LEGAL,Nikel,Mineral Logam,KAB. BOMBANA,414.00,,,,,,,,,
NIKELINDO SURYAKENCANA AGUNG,Perusahaan Perseroan Terbatas (PT),Sulawesi Tenggara,0220301732197,81851138*******,,,"Gold Coast Office PIK Tower Eiffel Lantai 20 F, Pantai Indah Kapuk St",1,1,0,LEGAL,Nikel,Mineral Logam,KAB. KONAWE,2654.00,,,,,,,,,
PANDU URANE PERKASA,Perusahaan Perseroan Terbatas (PT),Sulawesi Tenggara,9120004822773,092632504*******,082190372077,pandu.uraneperkasa2022@gmail.com,Jalan Banda BTN Bukit Damai Abadi Blok M/15,1,1,0,LEGAL,Nikel,Mineral Logam,KAB. KONAWE SELATAN,1665.00,,,,,,,,,
PANJI NUGRAHA SAKTI,Perusahaan Perseroan Terbatas (PT),Sulawesi Tenggara,9120003931286,002856934*******,04013417966,panjinugrahasakti64@gmail.com,Jalan Sao-sao Nomor 81-B,1,1,0,LEGAL,Nikel,Mineral Logam,KAB. KONAWE SELATAN,1883.00,,,,,,,,,
PARAMITHA PERSADA TAMA,Perusahaan Perseroan Terbatas (PT),Sulawesi Tenggara,8120013041546,021005367*******,628119054888,paramithapt.info@gmail.com,JL. CHAIRIL ANWAR PERUMAHAN ILHAMI RESIDENCE BLOK C NO. 2 ,1,1,0,LEGAL,Nikel,Mineral Logam,KAB. KONAWE UTARA,175.00,,,,,,,,,
PATOWONUA CIPTA MANDIRI,Perusahaan Perseroan Terbatas (PT),Sulawesi Tenggara,2011210001133,002263866*******,082197244473___,,"Jl. Gunung Tojabi, Desa Tojabi Lasusua - Kolaka Utara",1,1,0,LEGAL,Nikel,Mineral Logam,KAB. KONAWE UTARA,197.00,,,,,,,,,
PATRINDO JAYA MAKMUR,Perusahaan Perseroan Terbatas (PT),Sulawesi Tenggara,8120111181721,02621212*******,0215704988,pt.patrindojayamakmur@gmail.com,"GEDUNG SAHID SUDIRMAN CENTER, 42th FLOOR UNIT F, G, H, 
JALAN JENDERAL SUDIRMAN NOMOR. 86",1,1,0,LEGAL,Nikel,Mineral Logam,KAB. KOLAKA UTARA,500.00,,,,,,,,,
PD. ANEKA USAHA KOLAKA,Perusahaan Umum Daerah (Perumda),Sulawesi Tenggara,2805240043286,01111556*******,04052323307____,PD_ANEKAUSAHA@YAHOO.COM,"JL. BENDUNGAN KOMP.BTN KHR NO.A1, BALANDETE, KOLAKA, KAB. KOLAKA, SULAWESI TENGGARA",1,1,0,LEGAL,Nikel,Mineral Logam,KAB. KOLAKA,340.00,,,,,,,,,
PELANGI UTAMA JAYA MANDIRI,Perusahaan Perseroan Terbatas (PT),Sulawesi Tenggara,1808220060195,001973632*******,,,"GEDUNG PATRA OFFICE TOWER LT 17 RUANG 1704, JL. JEND GATOT SUBROTO KAV 32-34, KEL. KUNINGAN TIMUR, KEC, SETIABUDI, KOTA ADM. JAKARTA TIMUR, PROV DKI JAKARTA",1,1,0,LEGAL,Nikel,Mineral Logam,KAB. KONAWE,2375.00,,,,,,,,,
PERTAMBANGAN BUMI ANOA,Perusahaan Perseroan Terbatas (PT),Sulawesi Tenggara,1277000351464,080266847*******,081190049432,info-pba@pertambanganbumianoa.co.id,"APL Tower Lantai 38 Unit T5-6, Jl. Letjend S. Parman Kav 28",1,1,0,LEGAL,Nikel,Mineral Logam,KAB. KONAWE SELATAN,626.00,,,,,,,,,
PERTAMBANGAN BUMI INDONESIA,Perusahaan Perseroan Terbatas (PT),Sulawesi Tenggara,8120315140169,002437094*******,0778467596_____,,"JL. BATAM CENTRE INDUTRIAL STATE BLOK A, BATAM INDONESIA TLP. 0778- 467596, 469297",1,1,0,LEGAL,Nikel,Mineral Logam,KAB. KONAWE UTARA,5923.00,,,,,,,,,
PERTAMBANGAN NICKEL SULAWESI TENGGARA,Perusahaan Perseroan Terbatas (PT),Sulawesi Tenggara,8120115200748,02488457*******,085395882362___,,JL. PROTOKOL N0.40 POMALAA-KOLAKA & JL. PROTOKOL NO.45 DAWI-DAWI POMALA,2,2,0,LEGAL,Nikel,Mineral Logam,KAB. KOLAKA; KAB. KONAWE UTARA,647.00,,,,,,,,,
PRIMASTIAN METAL PRATAMA,Perusahaan Perseroan Terbatas (PT),Sulawesi Tenggara,8120217032936,081896123*******,0403190520,primastianpratama@gmail.com,JL LAODE HADI BY PASS,1,1,0,LEGAL,Nikel,Mineral Logam,KAB. KONAWE UTARA,102.00,,,,,,,,,
PUTRA DERMAWAN PRATAMA,Perusahaan Perseroan Terbatas (PT),Sulawesi Tenggara,0220206232253,002857273*******,0401 3125888,pdpkendari@gmail.com,"JL. GUNUNG MELUHU NO.8, KENDARI, SULAWESI TENGGARA",2,2,0,LEGAL,Nikel,,KAB. KOLAKA UTARA,881.00,,,,,,,,,
PUTRA INTISULTRA PERKASA,Perusahaan Perseroan Terbatas (PT),Sulawesi Tenggara,1203000351267,001493489*******,085351298375,pt.pip.nikel@gmail.com,"Jalan Doktor Sutomo, Griya Rafas Lalodati B.10",1,1,0,LEGAL,Nikel,Mineral Logam,KAB. KONAWE UTARA,261.00,,,,,,,,,
PUTRA KENDARI SEJAHTERA,Perusahaan Perseroan Terbatas (PT),Sulawesi Tenggara,0602230024058,083815801*******,085255225599___,,"JL. CEMPAKA PUTIH NO.03 RT.002 RW.005, KEL. WUA-WUA, KEC. WUA-WUA, KOTA KENDARI, PROV. SULAWESI TENGGARA",1,1,0,LEGAL,Nikel,Mineral Logam,KAB. KONAWE UTARA,218.00,,,,,,,,,
PUTRA KONAWE UTAMA,Perusahaan Perseroan Terbatas (PT),Sulawesi Tenggara,1264000320691,080529533*******,02129339511,pku.mining@gmail.com,JL. SULTAN HASANUDDIN NO. 67,1,1,0,LEGAL,Nikel,Mineral Logam,KAB. KONAWE UTARA,4845.00,,,,,,,,,
PUTRA MEKONGGA SEJAHTERA,Perusahaan Perseroan Terbatas (PT),Sulawesi Tenggara,1011210022284,002013782*******,04052310248,,JL. PROTOKOL NO. 21 DAWI-DAWI POMALAA,1,1,0,LEGAL,Nikel,Mineral Logam,KAB. KOLAKA,388.00,,,,,,,,,
PUTRI GLORY ELSHADAY,Perusahaan Perseroan Terbatas (PT),Sulawesi Tenggara,0220004521606,001973670*******,081218239997,putrigloryelshaday@gmail.com,"AKR TOWER LT. 16A, JL. PANJANG NO. 5 RT 011 RW 010",1,1,0,LEGAL,Nikel,Mineral Logam,KAB. KONAWE,4086.00,,,,,,,,,
PUTRI WULANDARI,Perusahaan Komanditer (CV),Sulawesi Tenggara,1710220071016,001987551*******,082219158848,cv1putriwulandari@gmail.com,"Jalan Poros kulahi No 51, Desa/Kelurahan Kulahi, Kec. Wawotobi, Kab.
Konawe, Provinsi Sulawesi Tenggara",1,1,0,LEGAL,Nikel,Mineral Logam,KAB. KONAWE UTARA,168.00,,,,,,,,,
RANASPI ARYANORI,Perusahaan Perseroan Terbatas (PT),Sulawesi Tenggara,2007230145541,001864593*******,0215704988_____,,"GEDUNG SAHID SUDIRMAN CENTER LT 42 UNIT F-H JL JEND SUDIRMAN, Nomor 86, RT 010, RW 011",1,1,0,LEGAL,Nikel,Mineral Logam,KAB. KOLAKA UTARA,1050.00,,,,,,,,,
RAODAH BUMI SULTRA,Perusahaan Perseroan Terbatas (PT),Sulawesi Tenggara,0220708812042,002678716*******,,,JL. SYECH YUSUF NO. 12 KENDARI SULAWESI TENGGARA,1,1,0,LEGAL,Nikel,Mineral Logam,KAB. KONAWE UTARA,1699.00,,,,,,,,,
RIOTA JAYA LESTARI,Perusahaan Perseroan Terbatas (PT),Sulawesi Tenggara,0220102411546,003159519*******,,,"Jalan Malaka Ruko Spazia RK K 01/08 RT 035 RW 007 KEL. Andounohu Kec. Poasia, KOTA KENDARI",1,1,0,LEGAL,Nikel,Mineral Logam,KAB. KOLAKA UTARA,3389.90,,,,,,,,,
RIZQI BIOKAS PRATAMA,Perusahaan Perseroan Terbatas (PT),Sulawesi Tenggara,1271001691106,084500683*******,,,"Jalan Malaka Perumahan Citraland Green Leaf Cluster Blok. E 01, Nomor 026 A, Rukun Tetangga 035, Rukun Warga 011",1,1,0,LEGAL,Nikel,Mineral Logam,KAB. KONAWE UTARA,251.00,,,,,,,,,
RIZQI SINAR BIOKAS,Perusahaan Perseroan Terbatas (PT),Sulawesi Tenggara,8120115150359,080863146*******,,,"KEL WANGGUDU KEC.ASERA, KONAWE UTARA",1,1,0,LEGAL,Nikel,Mineral Logam,KAB. KONAWE UTARA,220.00,,,,,,,,,
ROHUL ENERGI INDONESIA,Perusahaan Perseroan Terbatas (PT),Sulawesi Tenggara,8120014180781,002191404*******,(021) 6915525,,"Jl. Tiang Bendera V No. 41-43 Blok N & O, Kel. Roa Malaka, Kec. Tambora, Jakarta Barat",1,1,0,LEGAL,Nikel,Mineral Logam,KAB. BOMBANA,3450.00,,,,,,,,,
ROSHINI INDONESIA,Perusahaan Perseroan Terbatas (PT),Sulawesi Tenggara,8120016112627,002695131*******,,,"Sampoerna Strategic Square, South Tower, Lt.30, Jl. Jend Sudirman Kav 45-46,",1,1,0,LEGAL,Nikel,Mineral Logam,KAB. KONAWE UTARA,109.00,,,,,,,,,
SAMBAS MINERALS MINING,Perusahaan Perseroan Terbatas (PT),Sulawesi Tenggara,8120211172733,02667328*******,02127651937-38,,GEDUNG WISMA MRA LANTAI 16 ZONA C JL.TB SIMATUPANG NO.19 JAKARTA SELATAN,1,1,0,LEGAL,Nikel,Mineral Logam,KAB. KONAWE SELATAN,1008.00,,,,,,,,,
SENTRATAMA KARYA CEMERLANG,Perusahaan Perseroan Terbatas (PT),Sulawesi Tenggara,1244000710859,002530460*******,,,"Ruko Sedayu Square Blok C No.30 Jl Outer Ring Road RT/RW : 003/008 Kel Cengkareng Barat Kec. Cengkareng , Jakarta Barat 11730",1,1,0,LEGAL,Nikel,Mineral Logam,KAB. KONAWE SELATAN,1226.00,,,,,,,,,
SINAR JAYA SULTRA UTAMA,Perusahaan Perseroan Terbatas (PT),Sulawesi Tenggara,9120202242708,001652689*******,,,"JL. SULTAN HASANUDDIN NO.67 KENDARI TELP. 0401-321023, FAX. 0401-325451 & JL. SYEH YUSUF IV NO.1. KENDARI",1,1,0,LEGAL,Nikel,Mineral Logam,KAB. KONAWE UTARA,301.00,,,,,,,,,
ST NICKEL RESOURCES,Perusahaan Perseroan Terbatas (PT),Sulawesi Tenggara,9120013210317,002672532*******,,,JL. MARDANI RAYA GANG A NO. 27 RT 001/RW 005 CEMPAKA PUTIH BARAT JAKARTA,1,1,0,LEGAL,Nikel,Mineral Logam,KAB. KONAWE,1818.00,,,,,,,,,
STARGATE DUA PASIFIC RESOURCES,Perusahaan Perseroan Terbatas (PT),Sulawesi Tenggara,0220009162471,093547562*******,02129037688,sdpr.nickel@aspire.id,"PACIFIC CENTURY PLACE LT 18 UNIT 10A SCBD LOT 10 JL JEND SUDIRMAN, Nomor 52-53, RT 005, RW 003",1,1,0,LEGAL,Nikel,Mineral Logam,KAB. KONAWE UTARA,461.10,,,,,,,,,
STARGATE PASIFIC RESOURCES,Perusahaan Perseroan Terbatas (PT),Sulawesi Tenggara,0220209721845,002623012*******,02129037688____,,"PACIFIC CENTURY PLACE LT 18 UNIT 10A SCBD LOT 10 JL JEND SUDIRMAN, Nomor 52-53",1,1,0,LEGAL,Nikel,Mineral Logam,KAB. KONAWE UTARA,1213.20,,,,,,,,,
SUJUD BUMI BERKAH,Perusahaan Perseroan Terbatas (PT),Sulawesi Tenggara,1111210017223,002237723*******,081316220567,ptsbb.ho@gmail.com,"GEDUNG RAUDHA LT.DASAR BLOK B2-1
JL.KUNINGAN BARAT II NO.21",1,1,0,LEGAL,Nikel,Mineral Logam,KAB. KONAWE UTARA,168.00,,,,,,,,,
SULAWESI CAHAYA MINERAL,Perusahaan Perseroan Terbatas (PT),Sulawesi Tenggara,9120104170125,003036076*******,02139525581____,,"TREASURY TOWER LT.69, DISTRICT 8, SCBD, LOT 28, JL. JENDERAL SUDIRMAN KAV.52-53, KEL. SENAYAN, KEC. KEBAYORAN BARU",1,1,0,LEGAL,Nikel,Mineral Logam,KAB. KONAWE,21100.00,,,,,,,,,
SULEMANDARA KONAWE,Perusahaan Perseroan Terbatas (PT),Sulawesi Tenggara,1711230050682,002678820*******,082345678987___,,Jl. Poros Kendari - Kolaka KM 44 Pondidaha,1,1,0,LEGAL,Nikel,Mineral Logam,KAB. KONAWE,100.00,,,,,,,,,
SULTRA SARANA BUMI,Perusahaan Perseroan Terbatas (PT),Sulawesi Tenggara,9120301301445,002620897*******,02166600035____,,"JL. MUARA KARANG BLOK Z8 UTARA No. 16, JAKARTA UTARA, DKI JAKARTA, INDONESIA 14450",1,1,0,LEGAL,Nikel,Mineral Logam,KAB. KONAWE UTARA,2630.00,,,,,,,,,
SUMBER BUMI PUTERA,Perusahaan Perseroan Terbatas (PT),Sulawesi Tenggara,9120100820033,083802002*******,,corp.sbp@gmail.com,"JL. MALAKA KOMPLEKS RUKO ANDOUNOHU SQUARE, 3, ANDONOHU, POASIA, KOTA KENDARI, SULAWESI TENGGARA 93232",1,1,0,LEGAL,Nikel,Mineral Logam,KAB. KONAWE UTARA,218.21,,,,,,,,,
SURIA LINTAS GEMILANG,Perusahaan Perseroan Terbatas (PT),Sulawesi Tenggara,1232000112694,003070100*******,0216322680,surialintas@gmail.com,JALAN AM. SANGAJI NOMOR 11 L-M,1,1,0,LEGAL,Nikel,,KAB. KOLAKA,760.00,,,,,,,,,
SURYA SAGA UTAMA,Perusahaan Perseroan Terbatas (PT),Sulawesi Tenggara,9120404831799,002701875*******,085945228084,neosuryasagautama@gmail.com,"Jl. Perintis Kemerdekaan, Komplek Manggala Junction Blok A6",1,1,0,LEGAL,Nikel,,KAB. BOMBANA,1299.00,,,,,,,,,
TAMBANG BUMI SULAWESI,Perusahaan Perseroan Terbatas (PT),Sulawesi Tenggara,8120104872587,002678623*******,02155964855____,,Jl. Pantai Indah Kapuk Komplek Toho E No. 11 RT. 001 RW. 003 Kel. Kamal Muara Kec. Penjaringan Kota Adm. Jakarta Utara Prov. DKI Jakarta,1,1,0,LEGAL,Nikel,Mineral Logam,KAB. BOMBANA,1533.00,,,,,,,,,
TAMBANG INDONESIA SEJAHTERA,Perusahaan Perseroan Terbatas (PT),Sulawesi Tenggara,0239010010496,002998842*******,085256750999,pttambangindonesiasejahtera@gmail.com,PULO GADUNG TRADE CENTRE (PTC) BLOK 8 A NO 21 JL. RAYA BEKASI KM 21 RAWA TERATE CAKUNG,1,1,0,LEGAL,Nikel,Mineral Logam,KAB. KONAWE SELATAN,831.15,,,,,,,,,
TAMBANG MATARAPE SEJAHTERA,Perusahaan Perseroan Terbatas (PT),Sulawesi Tenggara,8120114040481,086147671*******,,,"JI. Kebon Kacang Raya No. 25, Kel. Kebon Kacang, Kec. Tanah Abang, Kota Adm. Jakarta Pusat, Prov. DKI Jakarta",1,1,0,LEGAL,Nikel,Mineral Logam,KAB. KONAWE UTARA,1681.00,,,,,,,,,
TAMBANG MINERAL MAJU,Perusahaan Perseroan Terbatas (PT),Sulawesi Tenggara,9120308700933,002505459*******,02150105669____,tambangmineralmajugroup@gmail.com,"The Boulevard 6th Unit B1-B2, Jalan Fachrudin Nomor 5, RT 01, RW 07",1,1,0,LEGAL,Nikel,Mineral Logam,KAB. KOLAKA UTARA,738.00,,,,,,,,,
TAMBANG PUSAKA BUMI,Perusahaan Perseroan Terbatas (PT),Sulawesi Tenggara,2502250039275,084778801*******,0213441997,tambangpusakabumi@gmail.com,"SOPO DEL OFFICE TOWER & LIFESTYLE TOWER A, LANTAI 19, JALAN MEGA KUNINGAN BARAT III LOT 10 1-6 KAWASAN MEGA KUNINGAN",1,1,0,LEGAL,Nikel,Mineral Logam,KAB. KONAWE UTARA,201.30,,,,,,,,,
TATARAN MEDIA SARANA,Perusahaan Perseroan Terbatas (PT),Sulawesi Tenggara,1208220024479,03189752*******,,,"Citra Towers, Lantai 18 A.
Jl. Benyamin Sueb, Kav. A6.
Kemayouran",1,1,0,LEGAL,Nikel,Mineral Logam,KAB. KONAWE UTARA,1597.00,,,,,,,,,
TEKONINDO,Perusahaan Perseroan Terbatas (PT),Sulawesi Tenggara,9120001242176,001753873*******,0411874218,tekonindo@gmail.com,Jalan Anuang Nomor 86A,1,1,0,LEGAL,Nikel,Mineral Logam,KAB. BOMBANA,531.30,,,,,,,,,
TIMAH INVESTASI MINERAL,Perusahaan Perseroan Terbatas (PT),Sulawesi Tenggara,9120004290061,001785153*******,02127095838,legal@pttim.co.id,JL. ISKANDARSYAH  I NO. 4,1,1,0,LEGAL,Nikel,Mineral Logam,KAB. BOMBANA,300.00,,,,,,,,,
TIRAN INDONESIA,Perusahaan Perseroan Terbatas (PT),Sulawesi Tenggara,0220001771164,002679500*******,0411420695_____,,"JL. A. PANGERAN PETTARANI, RUKO DIAMOND NO.40, PANAKKUKANG MAS, MAKASSAR, SULAWESI SELATAN",1,1,0,LEGAL,Nikel,Mineral Logam,KAB. KONAWE UTARA,1411.35,,,,,,,,,
TITAN AGRO ABADI,Perusahaan Perseroan Terbatas (PT),Sulawesi Tenggara,9120211281836,003089644*******,,,"Ruko Pluit Village Mall lantai 3 & 4
Jalan Pluit Permai Raya No. 67",1,1,0,LEGAL,Nikel,Mineral Logam,KAB. KONAWE UTARA,3029.00,,,,,,,,,
TONIA MITRA SEJAHTERA,Perusahaan Perseroan Terbatas (PT),Sulawesi Tenggara,8120001842069,002334637*******,,,"PERUMAHAN CITRA LAND CLUSTER GREEN LEAF, Blok D1, Nomor 19, RT 000, RW 000",1,1,0,LEGAL,Nikel,Mineral Logam,KAB. BOMBANA,5891.00,,,,,,,,,
TOSHIDA INDONESIA,Perusahaan Perseroan Terbatas (PT),Sulawesi Tenggara,9120601703006,002620769*******,,,JL. MALAKA NO. 25 TELP. 0405-393639,1,1,0,LEGAL,Nikel,Mineral Logam,KAB. KOLAKA,5000.00,,,,,,,,,
TRIAS JAYA AGUNG,Perusahaan Perseroan Terbatas (PT),Sulawesi Tenggara,8120213181239,002724237*******,0542232750,,"JL. WONOSARI NO. 40 RT. 023 KEL. GN. SARI ILIR, BALIKPAPAN KALIMANTAN TIMUR",1,1,0,LEGAL,Nikel,Mineral Logam,KAB. BOMBANA,512.00,,,,,,,,,
TRISED MEGA CEMERLANG,Perusahaan Perseroan Terbatas (PT),Sulawesi Tenggara,3008220061908,031155947*******,,,"Rukan Plaza 5 Pondok Indah Blok D-17, Jl. Radio Dalam Raya, Gandaria Utara, Kebayoran Baru.",1,1,0,LEGAL,Nikel,Mineral Logam,KAB. KONAWE UTARA,199.00,,,,,,,,,
TRISTACO MINERAL MAKMUR,Perusahaan Perseroan Terbatas (PT),Sulawesi Tenggara,8120314011852,031191508*******,0217260234,tristaco_tmm@yahoo.co.id,RUKAN PLAZA 5 PONDOK INDAH BLOK D-17JL. RADIO DALAM RAYA,1,1,0,LEGAL,Nikel,Mineral Logam,KAB. KONAWE UTARA,138.90,,,,,,,,,
UNAAHA BAKTI PERSADA,Perusahaan Komanditer (CV),Sulawesi Tenggara,1231000730528,001864807*******,08114223454,unaahabakti@gmail.com,Jl. P. Diponegoro,1,1,0,LEGAL,Nikel,Mineral Logam,KAB. KONAWE UTARA,159.00,,,,,,,,,
VALE INDONESIA,Perusahaan Perseroan Terbatas (PT),Sulawesi Tenggara,8120005782069,001000541*******,0215249000,,SEQUIS TOWER LT. 20 UNIT 6 & 7 JALAN JENDERAL SUDIRMAN KAV. 71,4,4,0,LEGAL,Nikel,Mineral Logam,"KAB. KOLAKA; KAB. KOLAKA UTARA; KAB. MOROWALI, KAB. LUWU TIMUR",118017.00,,,,,,,,,
VISI DEBTINDO MINERAL,Perusahaan Perseroan Terbatas (PT),Sulawesi Tenggara,0220301281084,002506057*******,,,"JL. PANTAI INDAH SELATAN RUKO ELANG LAUT BLOK A NO. 20 RT/RW 003/003 KEL. KAMAL MUARA, KEC. PENJARINGAN, JAKARTA UTARA",1,1,0,LEGAL,Nikel,Mineral Logam,KAB. KONAWE SELATAN,873.80,,,,,,,,,
WAJA INTI LESTARI,Perusahaan Perseroan Terbatas (PT),Sulawesi Tenggara,9120317091203,002261817*******,,,Jl. Nelayan I,1,1,0,LEGAL,Nikel,Mineral Logam,KAB. KOLAKA,210.30,,,,,,,,,
WANGGUDU SUMBER MINERAL,Perusahaan Perseroan Terbatas (PT),Sulawesi Tenggara,1267000320593,080320543*******,,,"Jl Sultan Hasanuddin No 67, Kel. Tipulu, Kec. Kendaro Barat, Kota Kendari",1,1,0,LEGAL,Nikel,Mineral Logam,KAB. KONAWE UTARA,203.00,,,,,,,,,
WAWONII MAKMUR JAYARAYA,Perusahaan Perseroan Terbatas (PT),Sulawesi Tenggara,9120100872266,083363166*******,,,"GEDUNG BANK PANIN LT.5 JL JEND SUDIRMAN SENAYAN, JAKPUS",1,1,0,LEGAL,Nikel,Mineral Logam,KAB. KONAWE,950.00,,,,,,,,,
WIJAYA INTI NUSANTARA,Perusahaan Perseroan Terbatas (PT),Sulawesi Tenggara,8120217272303,031205762*******,-,-,Jalan Anuang Nomor 86,1,1,0,LEGAL,Nikel,Mineral Logam,KAB. KONAWE SELATAN,1931.00,,,,,,,,,
WIJAYA NIKEL NUSANTARA,Perusahaan Perseroan Terbatas (PT),Sulawesi Tenggara,0237010120257,072077555*******,085333361988,nikelnusantarawijaya@gmail.com,Bukit Mekongga,1,1,0,LEGAL,Nikel,Mineral Logam,KAB. KOLAKA,110.00,,,,,,,,,
WISNU MANDIRI BATARA,Perusahaan Perseroan Terbatas (PT),Sulawesi Tenggara,9120301483403,003185843*******,02127087878,ptwisnumandiribatara@gmail.com,JL. BRIGJEN M.YUNUS BY PASS RUKO SENAPATI LAND NOMOR 35 A KEL. KORUMBA KEC. MANDONGA KOTA KENDARI PROV SULAWESI TENGGARA,1,1,0,LEGAL,Nikel,Mineral Logam,KAB. KONAWE UTARA,154.80,,,,,,,,,
YULAN PRATAMA,Perusahaan Komanditer (CV),Sulawesi Tenggara,0220106100365,93579417*******,,,KEL. TUOY KEC. UNAAHA KAB. KONAWE PROVINSI SULAWESI TENGGARA,1,1,0,LEGAL,Nikel,Mineral Logam,KAB. KONAWE UTARA,107.00,,,,,,,,,
BERKAH DAYA MANDIRI,Perusahaan Perseroan Terbatas (PT),Gorontalo,0202010091256,080198313*******,02129941389____,,"BAKRIE TOWER LT. 9 KOMPLEKS RASUNA EPICENTRUM, JL. HR RASUNA SAID KARET KUNINGAN, SETIA BUDI JAKARTA SELATAN DKI JAKARTA",1,0,1,LEGAL,Batuan,Batuan,KAB. GORONTALO UTARA,173.00,,,,,,,,,
KARYA JAYA BAROQAH,Perusahaan Komanditer (CV),Gorontalo,0509240105951,20619023*******,085256787334___,,Dusun Irigasi Desa Tamaila Kecamatan Tolangohula,1,0,1,LEGAL,Diorit,Batuan,KAB. GORONTALO,5.96,,,,,,,,,
LION GLOBAL ENERGI,Perusahaan Perseroan Terbatas (PT),Gorontalo,1412210058506,002584643*******,02129601100____,,"Jalan Pangeran Jayakarta 141 Blok B-25, Desa/Kelurahan Mangga Dua Selatan, Kec. Sawah Besar, Kota Adm. Jakarta Pusat, Provinsi DKI
Jakarta",1,0,1,LEGAL,Emas,Mineral Logam,KAB. GORONTALO,4981.00,,,,,,,,,
MITRA BERLIAN PRATAMA,Perusahaan Perseroan Terbatas (PT),Gorontalo,9120315002933,076423481*******,082346736661___,,JL. PROF. DR. HB.  JASSIN KELURAHAN LIMBA U II KEC. KOTA SELATAN KOTA GORONTALO,1,0,1,LEGAL,Basalt,,KAB. GORONTALO UTARA,46.30,,,,,,,,,
RAGAM TAMBANG INDONESIA,Perusahaan Komanditer (CV),Gorontalo,0305240100111,99244643*******,085241213632___,,DESA SUKAMAKMUR KECAMATAN TOLANGOHULA,1,0,1,LEGAL,Granodiorit,Batuan,KAB. GORONTALO,2.30,,,,,,,,,
RIZKILLAH,Perusahaan Komanditer (CV),Gorontalo,0205230007668,040554734*******,082190876499___,,"Jalan Raja Bulango Dusun III Desa Dumati, Kecamatan Telaga Biru",1,0,1,LEGAL,Diorit,Batuan,KAB. GORONTALO,3.68,,,,,,,,,
WANHONG LOGISTIK MINERAL,Perusahaan Perseroan Terbatas (PT),Gorontalo,1229000502839,42442305*******,085256472050___,,Jl. Beringin No. 579 Kel. Tomulabutao Selatan Kec. Dungingi,1,0,1,LEGAL,,Mineral Logam,KOTA GORONTALO,,,,,,,,,,
ABADI DUA PUTRI,Perusahaan Perseroan Terbatas (PT),Sulawesi Barat,1510210000576,43868419*******,085298425388___,,"Bambakoro, Desa/Kelurahan Bambakoro, Kec. Lariang, Kab. Pasangkayu, Provinsi Sulawesi Barat,",1,0,1,LEGAL,Kerikil Berpasir Alami (Sirtu),Batuan,KAB. PASANGKAYU,6.00,,,,,,,,,
ALAM SUMBER REZEKI,Perusahaan Perseroan Terbatas (PT),Sulawesi Barat,0220006320447,76081991*******,085342637099___,,"JL. KOMPLEKS GRIYA GOLDEN HILL MANGGALA, , Kota Makassar,
Provinsi Sulawesi Selatan,",1,0,1,LEGAL,Kerikil Berpasir Alami (Sirtu),Batuan,KAB. MAMUJU TENGAH,69.85,,,,,,,,,
ANEKA BARA LESTARI,Perusahaan Perseroan Terbatas (PT),Sulawesi Barat,0220201272417,021009842*******,08121811725____,pt_abl@ymail.com,Jl. Raden Saleh No.18 Blok D-G,1,0,1,LEGAL,Andesit,,KAB. MAMUJU,183.20,,,,,,,,,
ANUGERAH BATU ANDALAN,Perusahaan Perseroan Terbatas (PT),Sulawesi Barat,3001240094472,004666101*******,081241217451___,,"JALAN HUSNI THAMRIN NO.19 BINANGA, KEC. MAMUJU, KAB. MAMUJU, SULAWESI BARAT",1,0,1,LEGAL,Andesit,Batuan,KAB. MAMUJU,93.00,,,,,,,,,
ANUGERAH BATU SILOPO,Perusahaan Perseroan Terbatas (PT),Sulawesi Barat,0310230091681,050562853*******,08119251521,ptanugerahbatusilopo@gmail.com,BTN Marwah Greenlang Blok J nomor 8,1,0,1,LEGAL,Andesit,Batuan,KAB. POLEWALI MANDAR,55.50,,,,,,,,,
AZ ZAHRA,Perusahaan Komanditer (CV),Sulawesi Barat,9120017121236,,085211802311___,,BTN Axuri Blok O No. 15 Rimuku Mamuju Sulawesi Barat,1,0,1,LEGAL,Batu Gunung Quarry Besar,Batuan,KAB. MAMUJU,55.20,,,,,,,,,
BINA MITRA TOPOYO,Perusahaan Komanditer (CV),Sulawesi Barat,2408210028241,66475742*******,085238693766___,,"JL. TRANS SULAWESI, Kel. Topoyo Kec. Topoyo Kab. Mamuju Tengah Prov. Sulawesi Barat",1,0,1,LEGAL,Pasir,Batuan,KAB. MAMUJU TENGAH,2.50,,,,,,,,,
BINTANG PRATAMA PERKASA MANDIRI,Perusahaan Komanditer (CV),Sulawesi Barat,2912210017709,53696553*******,081356515599___,,"Dusun Kalukumbeo, Desa Lariang, Kec. Tikke Raya, Kab. Pasangkayu",1,0,1,LEGAL,Kerikil Berpasir Alami (Sirtu),Batuan,KAB. PASANGKAYU,5.00,,,,,,,,,
BONEHAU PRIMA COAL,Perusahaan Perseroan Terbatas (PT),Sulawesi Barat,2511210047134,002557173*******,0811461303_____,,jalan anuang nomor  B6 A kel maricaya selatan  kec. mamajang  kota makassar sulawesi selatan,1,0,1,LEGAL,Batubara,Batubara,KAB. MAMUJU,98.00,,,,,,,,,
BUTTU BATU INDAH,Perusahaan Komanditer (CV),Sulawesi Barat,3004240129733,20168610*******,081243367706,buttubatuindah@gmail.com,SIKUKU,1,0,1,LEGAL,Batu Gunung Quarry Besar,Batuan,KAB. MAMASA,7.80,,,,,,,,,
CADAS INDUSTRI AZELIA MEKAR,Perusahaan Perseroan Terbatas (PT),Sulawesi Barat,0506230044866,40948943*******,082123239788___,,"Ling. Baruga, Kel. Baruga, Kec. Banggae Timur, Kab. Majene Prov. Sulawesi Barat",1,0,1,LEGAL,Batu Gunung Quarry Besar,Batuan,KAB. MAJENE,31.63,,,,,,,,,
CAHAYA TIGA SAHABAT,Perusahaan Perseroan Terbatas (PT),Sulawesi Barat,0220306181257,93307487*******,082191333082___,,"BTN PESONA TALUMUNG PERMAI BLOK F NOMOR 9, Kel. Lembang, Kec. Banggae Timur, Kab.  majene, Prov. Sulawesi Barat",1,0,1,LEGAL,Andesit,Batuan,KAB. MAJENE,45.00,,,,,,,,,
DWI PERKASA NUSANTARA,Perusahaan Perseroan Terbatas (PT),Sulawesi Barat,9120010232783,093868140*******,081342178450,ptdwiperkasanusantara@gmail.com,Jalan Jeruk ,1,0,1,LEGAL,Pasir,Batuan,KAB. PASANGKAYU,74.00,,,,,,,,,
EMBRIO INTERNASIONAL INDONESIA,Perusahaan Perseroan Terbatas (PT),Sulawesi Barat,9120111020374,092547548*******,081341027480___,,"Jalan Diponegoro No. 95, Desa/Kelurahan Baru, Kec. Palu Barat, Kota
Palu, Provinsi Sulawesi Tengah",1,0,1,LEGAL,Pasir,Batuan,KAB. PASANGKAYU,23.40,,,,,,,,,
FAUZAN,Perusahaan Komanditer (CV),Sulawesi Barat,9120204202482,90376161*******,081248504711___,,"Dusun Saluponto, Kel. Bambakoro, Kec. Lariang, Kab. Mamuju Utara, Prov. Sulawesi Barat",1,0,1,LEGAL,Pasir,Batuan,KAB. PASANGKAYU,8.00,,,,,,,,,
HASILINDO UTAMA INVESTAMA,Perusahaan Perseroan Terbatas (PT),Sulawesi Barat,9120111132615,93502203*******,082339452765___,,"Ruko CBD Palm Blok C, No 7, Pegadungan, Kalideres, Jakarta Barat, DKI Jakarta.",1,0,1,LEGAL,Andesit,Batuan,KAB. POLEWALI MANDAR,49.48,,,,,,,,,
HORAS MANDIRI TO MARIO,Perusahaan Komanditer (CV),Sulawesi Barat,0809220050973,60903771*******,081355755759___,,"Somba utara, Desa Mosso, Kecamatan Sendana, Kabupaten Majene, Provinsi Sulawesi Barat",1,0,1,LEGAL,Batu Gunung Quarry Besar,Batuan,KAB. MAJENE,10.50,,,,,,,,,
INTI KARYA POLMAN,Perusahaan Perseroan Terbatas (PT),Sulawesi Barat,1006240129452,002636575*******,,,"JL. HA DEPU NO. 119 POLEWALI, KAB. POLEWALI MANDAR",1,0,1,LEGAL,Galena,Mineral Logam,KAB. POLEWALI MANDAR,776.06,,,,,,,,,
INTI KONSTRUKSI ABADI,Perusahaan Komanditer (CV),Sulawesi Barat,1811220043818,61724027*******,081356355495___,,Dusun Tapparang RT 000 RW 000 Pokkang Kalukku Kab mamuju Prov Sulawesi Barat,1,0,1,LEGAL,Kerikil Berpasir Alami (Sirtu),Batuan,KAB. PASANGKAYU,5.80,,,,,,,,,
IRA MANDIRI,Perusahaan Komanditer (CV),Sulawesi Barat,2902240024961,92608443*******,082394135997___,,DUSUN LABUAN Desa Sarudu Kec Sarudu Kab Pasangkayu  Provinsi Sulawesi Barat Kode Pos 91576,1,0,1,LEGAL,Pasir,Batuan,KAB. PASANGKAYU,2.60,,,,,,,,,
ISCO IRON,Perusahaan Perseroan Terbatas (PT),Sulawesi Barat,2511220027188,02433655*******,02157895507____,,"Menara Karya lantai 28 - Jl HR. Rasuna Said Blok X-5 Kav 1-2, Kuningan Timur, Jakarta Selatan",1,0,1,LEGAL,Besi,Mineral Logam,KAB. POLEWALI MANDAR,943.00,,,,,,,,,
ISCO POLMAN RESOURCES,Perusahaan Perseroan Terbatas (PT),Sulawesi Barat,9120100531537,002370961*******,,,"JL. BUDI UTOMO NO. 77 POLEWALI, KAB. POLEWALI MANDAR",1,0,1,LEGAL,Timbal,Mineral Logam,KAB. POLEWALI MANDAR,199.00,,,,,,,,,
JAYA PASIR ANDALAN,Perusahaan Perseroan Terbatas (PT),Sulawesi Barat,2410230129247,050820500*******,081355526155___,,"jl.husni thamrin no.19 kel.binanga,kec.mamuju,kabupaten mamuju, provinsi sulawesi barat",1,0,1,LEGAL,Kerikil Berpasir Alami (Sirtu),Batuan,KAB. MAMUJU,13.90,,,,,,,,,
KULAKA JAYA PERKASA,Perusahaan Perseroan Terbatas (PT),Sulawesi Barat,9120319090035,072520475*******,,,Jalan Andi Depu Pasangkayu,1,0,1,LEGAL,Pasir Laut,Batuan,KAB. PASANGKAYU,1000.00,,,,,,,,,
LIBAS PERKASA NUSANTARA,Perusahaan Perseroan Terbatas (PT),Sulawesi Barat,1101240034729,099807056*******,081342178450___,ptlibasperkasanusantara@gmail.com,"Jl. I Gusti Ngurah	Rai,	Desa/Kelurahan Pasangkayu, Kec. Pasangkayu, Kab. Pasangkayu, Provinsi Sulawesi Barat",1,0,1,LEGAL,Pasir,Batuan,KAB. PASANGKAYU,36.10,,,,,,,,,
MANAKARRA MULTI MINING,Perusahaan Perseroan Terbatas (PT),Sulawesi Barat,0211210050016,002636852*******,085333029910,manakarramultimining@gmail.com,"Ruko Paramount Dotcom Blok O No.9, Jl. Lilin Raya, Tangeran, Banten - 15811",1,0,1,LEGAL,Mangan,,KAB. MAMUJU,132.00,,,,,,,,,
MANDAR PRIMA AGUNG,Perusahaan Perseroan Terbatas (PT),Sulawesi Barat,1801240087822,002328250*******,085396975808___,,JL PIPIT PEKKABATA POLEWALI KAB POLEWALI MANDAR SULAWESI BARAT,1,0,1,LEGAL,Batu Gunung Quarry Besar,Batuan,KAB. POLEWALI MANDAR,98.20,,,,,,,,,
Maju Bersama,Perusahaan Komanditer (CV),Sulawesi Barat,9120315271192,02473822*******,08114419737____,,"Jalan Nangka Pasangkayu- Lariang Muara, Kabupaten Mamuju Utara",1,0,1,LEGAL,Pasir,Batuan,KAB. PASANGKAYU,24.70,,,,,,,,,
NUSANTARA MINING SEMESTA,Perusahaan Perseroan Terbatas (PT),Sulawesi Barat,1203240013088,012626752*******,6281320503322__,,"JL. TRANS SULAWESI, Desa/Kelurahan Bahomotefe, Kec. Bungku Timur, Kab. Morowali, Provinsi Sulawesi Tengah - Kode Pos 94974",1,0,1,LEGAL,Batu Gunung Quarry Besar,Batuan,KAB. MAMUJU,94.50,,,,,,,,,
PASIR PUTRA UTAMA,Perusahaan Perseroan Terbatas (PT),Sulawesi Barat,2009220108844,061068755*******,082333222804,ptpasirputrautama@gmail.com,"Desa Topoyo, Kecamatan Topoyo, Kabupaten Mamuju Tengah, Provinsi Sulawesi Barat.",1,0,1,LEGAL,Kerikil Berpasir Alami (Sirtu),Batuan,KAB. MAMUJU TENGAH,17.25,,,,,,,,,
PILAR BATU SULAWESI,Perusahaan Perseroan Terbatas (PT),Sulawesi Barat,1407240015315,13894371*******,0895321830440__,,Labuang Rano Tapalang Barat Kabupaten Mamuju Provinsi Sulawesi Barat,1,0,1,LEGAL,Batu Gunung Quarry Besar,Batuan,KAB. MAMUJU,97.60,,,,,,,,,
POLEMAJU MINERAL MANDIRI,Perusahaan Perseroan Terbatas (PT),Sulawesi Barat,1303220012749,63673119*******,0811845386_____,,"Jalan Balai Desa Sugih Waras Nomor 17, Desa/Kelurahan Sugihwaras, Kec. Wonomulyo, Kab. Polewali Mandar, Provinsi Sulawesi Barat, Kode Pos: 91352",1,0,1,LEGAL,Andesit,Batuan,KAB. MAMUJU,79.00,,,,,,,,,
PUTRA BONDE MAHATIDANA,Perusahaan Perseroan Terbatas (PT),Sulawesi Barat,0220006271243,090269292*******,081273558025,ptpbmbanua@gmail.com,BTN GC Masannang 3 Blok A/11,1,0,1,LEGAL,Batu Gunung Quarry Besar,,KAB. MAJENE,16.60,,,,,,,,,
RAMA KARYA CIPTA,Perusahaan Perseroan Terbatas (PT),Sulawesi Barat,0220005342443,02152880*******,082349183153___,,JL. PEMBANGUNAN NO. 06 PENANIAN RANTEPAO TORAJA UTARA,1,0,1,LEGAL,Kerikil Berpasir Alami (Sirtu),Batuan,KAB. MAMUJU,5.24,,,,,,,,,
SAMUDRA PANTOLOAN,Perusahaan Perseroan Terbatas (PT),Sulawesi Barat,9120402832271,002573396*******,081341027480___,,JL. DIPONEGORO NO 95 RT 002/004,1,0,1,LEGAL,Kerikil Berpasir Alami (Sirtu),Batuan,KAB. PASANGKAYU,14.00,,,,,,,,,
TAKODO PERKASA,Perusahaan Komanditer (CV),Sulawesi Barat,0901230027686,62245459*******,085240585366,cv.takodoperkasa@gmail.com,"Desa Rea, Kecamatan Binuang Kabupaten Polewali Mandar, Provinsi Sulawesi Barat",1,0,1,LEGAL,Batu Gunung Quarry Besar,Batuan,KAB. POLEWALI MANDAR,20.00,,,,,,,,,
TOPAZ PERKASA,Perusahaan Komanditer (CV),Sulawesi Barat,1209240075233,027830431*******,082333222804,topazperkasa@gmail.com,Dusun Benteng,1,0,1,LEGAL,Batu Gunung Quarry Besar,Batuan,KAB. MAMUJU TENGAH,3.60,,,,,,,,,
WAHAB TOLA,Perusahaan Komanditer (CV),Sulawesi Barat,2409210026137,43672003*******,082395072278___,,"Dusun Kalindu
Kab. Pasangkayu
Sulawesi Barat",1,0,1,LEGAL,Pasir,Batuan,KAB. PASANGKAYU,1.42,,,,,,,,,
YAKUSA TOLELO NUSANTARA,Perusahaan Perseroan Terbatas (PT),Sulawesi Barat,1007240093519,19623949*******,,,-,1,0,1,LEGAL,Pasir,Batuan,KAB. MAMUJU TENGAH,25.00,,,,,,,,,
ADE RESKY SEJAHTERA,Perusahaan Perseroan Terbatas (PT),Sulawesi Selatan,2701220038869,70068498*******,,,JA;AN DIPONEGORO NO 7 ENREKANG,1,0,1,LEGAL,Marmer,Batuan,KAB. ENREKANG,100.00,,,,,,,,,
AEPRRA ENERGI PERSADA,Perusahaan Perseroan Terbatas (PT),Sulawesi Selatan,1602240047734,003947416*******,,,-,1,0,1,LEGAL,Batu Gamping untuk Industri,Mineral Bukan Logam Jenis Tertentu,KAB. LUWU TIMUR,35.83,,,,,,,,,
AL FADJRI,Perusahaan Komanditer (CV),Sulawesi Selatan,1001240016923,99810080*******,085240484555___,,"Jalan Husni Thamrin Kelurahan Limba U II, Kecamatan Kota Selatan Kota Gorontalo Provinsi Gorontalo",1,0,1,LEGAL,Granodiorit,Batuan,KAB. BONE BOLANGO,24.00,,,,,,,,,
ALAQAH MALLEWA SEJAHTERA,Perusahaan Perseroan Terbatas (PT),Sulawesi Selatan,1706250076577,100000000*******,082192809088,alaqahmallewasejahtera@gmail.com,JALAN AMIR GATTANG NO. 25,1,0,1,LEGAL,Batu Gunung Quarry Besar,Batuan,KAB. LUWU,40.32,,,,,,,,,
ALI MINING KONSTRUKSI,Perusahaan Perseroan Terbatas (PT),Sulawesi Selatan,1260000512644,42387655*******,082129071361___,,Jln. Nikel I Blok A.22/30 No.38,1,0,1,LEGAL,Tanah Urug,Batuan,KAB. MAROS,46.29,,,,,,,,,
ALIFQA PRADANA GROUP,Perusahaan Komanditer (CV),Sulawesi Selatan,1712240084412,028723845*******,,,-,1,0,1,LEGAL,Batu Gamping,Batuan,KAB. BONE,10.28,,,,,,,,,
ALIM PERKASA,Perusahaan Komanditer (CV),Sulawesi Selatan,0220105290064,73818526*******,085292382490___,,Jl. Gunung Latimojong No.33 Desa Rumaju Kec. Bajo,1,0,1,LEGAL,Kerikil Berpasir Alami (Sirtu),Batuan,KAB. LUWU,48.71,,,,,,,,,
ALL BAROKAH SENTOSA,Perusahaan Perseroan Terbatas (PT),Sulawesi Selatan,2708240081968,11241622*******,081355010001___,,Jl Industri kecil RT 001 RW 009 Kel. Bukit Indah Kec. Soreang Kota Parepare,1,0,1,LEGAL,Tras,Batuan,KAB. BARRU,8.28,,,,,,,,,
ANATO GROUP,Perusahaan Komanditer (CV),Sulawesi Selatan,0220003630496,03012503*******,081242622892___,,"Dusun Kamali, Kel. Battusawe, Kec. Duampanua",1,0,1,LEGAL,Batu Gunung Quarry Besar,Batuan,KAB. PINRANG,9.48,,,,,,,,,
ANDRY BINTANG CEMERLANG,Perusahaan Perseroan Terbatas (PT),Sulawesi Selatan,2401230015439,95211153*******,081241502789___,,"Jl. Paccerakkang, Komp. Yayasan Gubernur   Blok K 12/55, Kel. Paccerakkang, Kec.  Biringkanaya, Kota Makassar",1,0,1,LEGAL,Batu Gamping untuk Industri,Mineral Bukan Logam Jenis Tertentu,KAB. BONE,48.22,,,,,,,,,
ANUGERAH TEHNIK UTAMA,Perusahaan Komanditer (CV),Sulawesi Selatan,1504230020971,40635807*******,087840683330___,,"Dusun Kencana, RT.003 / RW.007, Desa Margolembo, Kec. Mangkutana",1,0,1,LEGAL,Kerikil Berpasir Alami (Sirtu),Batuan,KAB. LUWU TIMUR,5.90,,,,,,,,,
ANUGRAH EMAS BINTANG CEMERLANG,Perusahaan Perseroan Terbatas (PT),Sulawesi Selatan,1512230065338,050991911*******,085399857777,ptanugerahemasbintangcemerlang@gmail.com,"Jl. Nasrun Amirullah No. 77, Maros",1,0,1,LEGAL,Kerikil Berpasir Alami (Sirtu),Batuan,KAB. MAROS,29.93,,,,,,,,,
ANUGRAH NUR TOMBOLO,Perusahaan Komanditer (CV),Sulawesi Selatan,1302240011042,04613781*******,085337533718,anugrahnurtombolo@gmail.com,Jalan Mawar No. 11,1,0,1,LEGAL,Batu Gamping,Batuan,KAB. MAROS,57.08,,,,,,,,,
ARABYAN KARUNIA JAYA,Perusahaan Perseroan Terbatas (PT),Sulawesi Selatan,0701240017954,099696908*******,081361200848,ptarabyankaruniajaya@gmail.com,"Jalan Pahlawan Nomor 22,",1,0,1,LEGAL,Batu Gamping untuk Industri,Mineral Bukan Logam Jenis Tertentu,KAB. BULUKUMBA,45.27,,,,,,,,,
ARTESIS INDONESIA,Perusahaan Perseroan Terbatas (PT),Sulawesi Selatan,1207230103646,002196878*******,,,"JL. URIP SUMOHARJO NO. 82 SAMARINDA. TELP: 0541-744194, FAX : 0541-744194",1,0,1,LEGAL,Tembaga,Mineral Logam,KAB. BONE,7614.00,,,,,,,,,
ASAS ANUGERAH BERKAH,Perusahaan Komanditer (CV),Sulawesi Selatan,1403240174183,12913480*******,081315156886___,,"Jl. Adam Hosea Desa Talumelito Kecamatan Telaga Biru, Kabupaten Gorontalo, Provinsi Gorontalo",1,0,1,LEGAL,Andesit,Batuan,KAB. BONE BOLANGO,2.00,,,,,,,,,
ASFHIA BERKAH ABADI,Perusahaan Komanditer (CV),Sulawesi Selatan,0604230007864,040390966*******,,,-,1,0,1,LEGAL,Tanah Urug,Batuan,KAB. WAJO,6.41,,,,,,,,,
ASTRICKY JAYA,Perusahaan Komanditer (CV),Sulawesi Selatan,1001220011912,53733841*******,081354804967___,,"Dusun Dohung Desa Buhung Bundang, Kec. Bonto Tiro, Kab.Bulukumba, Provinsi Sulawesi Selatan",2,0,2,LEGAL,Batu Gamping untuk Industri; Tanah Urug,Batuan; Mineral Bukan Logam Jenis Tertentu,KAB. BULUKUMBA,98.20,,,,,,,,,
ATNUR PRIMA MANDIRI,Perusahaan Perseroan Terbatas (PT),Sulawesi Selatan,2508220050008,070139841*******,085343926274___,,KOMPLEK YPPKG K7 A NO.18 PACCERAKKANG BIRINGKANAYA KOTA MAKASSAR SULAWESI SELATAN,1,0,1,LEGAL,Pasir,Batuan,KAB. PINRANG,12.90,,,,,,,,,
BANTENG BUANA INDONESIA,Perusahaan Perseroan Terbatas (PT),Sulawesi Selatan,0220008851622,95567735*******,081241101061___,,"JL. BONTOTANGNGA, PERUM. PURI DIVA ISTANBUL BLOK A 59, Desa/Kelurahan Paccinongang, Kec. Somba Opu, Kab. Gowa",1,0,1,LEGAL,Andesit,Batuan,KAB. GOWA,17.50,,,,,,,,,
BATU SIKUKU,Perusahaan Komanditer (CV),Sulawesi Selatan,1712210027257,53605938*******,081245723835___,,Kelurahan Batusitanduk Kec. Walenrang Kab. Luwu,1,0,1,LEGAL,Kerikil Berpasir Alami (Sirtu),Batuan,KAB. LUWU,8.16,,,,,,,,,
BEDDU COTTANG BACO,Perusahaan Komanditer (CV),Sulawesi Selatan,0104230022209,40100546*******,082337104972___,,Desa Nagauleng Kec. Cenrana  Kab. Bone Sulawesi Selatan,1,0,1,LEGAL,Pasir,Batuan,KAB. BONE,80.40,,,,,,,,,
BENJALA BUMI BERKAH,Perusahaan Komanditer (CV),Sulawesi Selatan,1406230105054,40929907*******,085342212777___,,"Kelurahan Benjala, Kecamatan Bonto Bahari, Kabupaten Bulukumba",1,0,1,LEGAL,Tanah Urug,Batuan,KAB. BULUKUMBA,12.42,,,,,,,,,
BENTENG UTAMA GROUP,Perusahaan Komanditer (CV),Sulawesi Selatan,0802230106129,62731848*******,,,-,1,0,1,LEGAL,Pasir,Batuan,KAB. BONE,60.72,,,,,,,,,
BENUA BORNOE KENCANA,Perusahaan Perseroan Terbatas (PT),Sulawesi Selatan,2104250053357,100000000*******,085397565902,Benuaborneokencana@gmail.com,"Desa Awo, Kecamatan Keera, Kabupaten Wajo, Provinsi Sulawesi Selatan",1,0,1,LEGAL,Kerikil Berpasir Alami (Sirtu),Batuan,KAB. WAJO,11.12,,,,,,,,,
BINTANG UTAMA ABADI,Perusahaan Perseroan Terbatas (PT),Sulawesi Selatan,8120112250559,002492140*******,,,"DESA HARAPAN, KEC. WALENRANG",1,0,1,LEGAL,Galena,Mineral Logam,KAB. LUWU,377.00,,,,,,,,,
BINTANG UTAMA MANYAMPA,Perusahaan Komanditer (CV),Sulawesi Selatan,1202220018915,063338082*******,081361200848___,,"Dusun Timbula, Desa/Kelurahan Bontotangnga, Kec. Bonto Tiro, Kab.
Bulukumba, Provinsi Sulawesi Selatan",1,0,1,LEGAL,Tanah Urug,Batuan,KAB. BULUKUMBA,38.12,,,,,,,,,
BUKIT EMAS SINJAI,Perusahaan Komanditer (CV),Sulawesi Selatan,3009240015901,27023505*******,081342467720___,,Dusun Maccini RT.003 RW.002 Desa Panaikang Kec. Sinjai Timur Provinsi Sulawesi Selatan,1,0,1,LEGAL,Batu Gunung Quarry Besar,Batuan,KAB. SINJAI,11.00,,,,,,,,,
BULU TAMMANGURA,Perusahaan Komanditer (CV),Sulawesi Selatan,0912220038331,03180593*******,08114554445,bulutammangura@gmail.com,Jl.Poros semen Bosowa Maros Baruga Kec.Bantimurung,2,0,2,LEGAL,Andesit; Tanah Urug,Batuan,KAB. MAROS,28.99,,,,,,,,,
BUMI BARRU SEJAHTERA,Perusahaan Perseroan Terbatas (PT),Sulawesi Selatan,0803240185473,012932424*******,082188088055___,,Kompleks Skarda N Nomor 26 Kelurahan Gunung Sari Kecamatan Rappocini Kota Makassar Provinsi Sulawesi Selatan,1,0,1,LEGAL,Kerikil Berpasir Alami (Sirtu),,KAB. BARRU,6.00,,,,,,,,,
BUMI TIRE PERSADA,Perusahaan Komanditer (CV),Sulawesi Selatan,1002230067942,62735872*******,082153262933___,,Jalan Nipa Nipa Lama Bukit Teknologi A1 Kelurahan Antang Kecamatan Manggala Kota Makassar Provinsi Sulawesi Selatan,1,0,1,LEGAL,Batu Gamping,,KAB. BULUKUMBA,40.91,,,,,,,,,
CAHAYA MAULANA,Perusahaan Komanditer (CV),Sulawesi Selatan,0710210005448,43720782*******,081240000021___,,Jalan Seroja No.107 Kelurahan Pacongang Kec. Paleteang Kab. Pinrang,1,0,1,LEGAL,Pasir,Batuan,KAB. PINRANG,7.29,,,,,,,,,
CAHAYA SAGA UTAMA,Perusahaan Perseroan Terbatas (PT),Sulawesi Selatan,0220007202109,002821091*******,081219933826___,,JL. BALANG BARU NO.8 RT.003 RW.002 KEL. BALANG BARU KEC. TAMALATE KOMPLEKS KEHUTANAN MAKASSAR,1,0,1,LEGAL,Tras,Batuan,KAB. BARRU,9.50,,,,,,,,,
CELEBES BONE MINERAL,Perusahaan Perseroan Terbatas (PT),Sulawesi Selatan,9120206492567,003091633*******,,info@celebesbonemineral.co.id,"GRAHA IRAMA LT. 14, Jl. H.R. RASUNA SAID BLOK X-1 KAV. 1 & 2",1,0,1,LEGAL,Tembaga,,KAB. BONE BOLANGO,13195.00,,,,,,,,,
CHRISTINA EXPLO MINING,Perusahaan Perseroan Terbatas (PT),Sulawesi Selatan,9120301911489,002930072*******,081315215229,christinaexplomining@gmail.com,Jl. Tanah Abang 1 No. 11F,1,0,1,LEGAL,Galena,Mineral Logam,KAB. TANA TORAJA,3200.00,,,,,,,,,
CIKAL MAS SEMESTA,Perusahaan Perseroan Terbatas (PT),Sulawesi Selatan,9120406450798,002642977*******,,,"DESA ROMANGLOE, KEC. BONTOMARANNU",1,0,1,LEGAL,Kerikil Berpasir Alami (Sirtu),Batuan,KAB. GOWA,20.75,,,,,,,,,
CIPTA BETON SINAR PERKASA,Perusahaan Perseroan Terbatas (PT),Sulawesi Selatan,0220102730936,01715075*******,,,"JL. ONTA BARU NO. 38 MAKASSAR & JL. DEWI SARTIKA V NO. 14 A, PALU  & JL. SAMIUN NO. 04 MAKASAR",1,0,1,LEGAL,Kerikil Berpasir Alami (Sirtu),Batuan,KAB. GOWA,6.47,,,,,,,,,
DIEGO PUTRA KONSTRUKSI,Perusahaan Perseroan Terbatas (PT),Sulawesi Selatan,9120000490463,72640661*******,081953992938___,,"Jl. Komp Ruko Cempaka II, Masale, Kec.Panakkukang, Kota Makassar",1,0,1,LEGAL,Batu Gunung Quarry Besar,Batuan,KAB. TAKALAR,30.64,,,,,,,,,
FADILAH UTAMA SEJAHTERA,Perusahaan Perseroan Terbatas (PT),Sulawesi Selatan,2202230001815,81823545*******,08124169434,fadilahutamasejahtera@gmail.com,jalan sutomo,1,0,1,LEGAL,Pasir Kuarsa,Mineral Bukan Logam Jenis Tertentu,KAB. BARRU,13.30,,,,,,,,,
GARASI SEMBILAN TUJUH,Perusahaan Komanditer (CV),Sulawesi Selatan,1105230022979,91918906*******,,,-,1,0,1,LEGAL,Tanah Urug,Batuan,KAB. SINJAI,5.82,,,,,,,,,
GORONTALO MINERALS,Perusahaan Perseroan Terbatas (PT),Sulawesi Selatan,1265000733601,001824616*******,,,"BAKRIE TOWER LT.10 KOMPLEK RASUNA EPICENTRUM. JL HR RASUNA SAID KARET, KUNINGAN",1,0,1,LEGAL,Emas,Mineral Logam,KAB. BONE BOLANGO,24995.00,,,,,,,,,
GRAND MARMER ALAM SERASI,Perusahaan Perseroan Terbatas (PT),Sulawesi Selatan,8120210180979,002557025*******,,,JL. BETE-BETE NO. 18 PANGKAJENE KABUPATEN PANGKEP,1,0,1,LEGAL,Marmer,Batuan,KAB. MAROS,35.00,,,,,,,,,
HADAF KARYA MANDIRI,Perusahaan Komanditer (CV),Sulawesi Selatan,2801220023816,074883948*******,085241619232,HADAFKARYAMANDIRI01@GMAIL.COM,JL. ARIF RAHMAN HAKIM,1,0,1,LEGAL,Emas,Mineral Logam,KAB. ENREKANG,1000.00,,,,,,,,,
HASNI GORONTALO SEJAHTERA,Perusahaan Komanditer (CV),Sulawesi Selatan,2312220021212,62174476*******,081354910626___,,"Jl. Pemerataan Puri Melati Nomor 9, Kelurahan Ipilo, Kecamatan Kota Timur, Kota Gorontalo, Provinsi Gorontalo",1,0,1,LEGAL,Andesit,Batuan,KAB. BONE BOLANGO,3.00,,,,,,,,,
ILHAM AFIQ MANDIRI,Perusahaan Perseroan Terbatas (PT),Sulawesi Selatan,3010230115856,61486456*******,082357407212___,,"Desa/Kelurahan Data, Kecamatan Duampanua Kabupaten Pinrang",1,0,1,LEGAL,Batu Gunung Quarry Besar,Batuan,KAB. PINRANG,13.15,,,,,,,,,
ILHAM JAYA PUTRA,Perusahaan Komanditer (CV),Sulawesi Selatan,0812220002903,61087951*******,082246279737___,,"JALAN BAMBU RUNCING, Desa/Kelurahan Pettuadae, Kec. Turikale,
Kab. Maros, Provinsi Sulawesi Selatan",1,0,1,LEGAL,Kerikil Berpasir Alami (Sirtu),Batuan,KAB. MAROS,6.69,,,,,,,,,
JASA SUMBER GALIAN,Perusahaan Komanditer (CV),Sulawesi Selatan,2101250053174,109103121*******,,,-,1,0,1,LEGAL,Tanah Urug,Batuan,KOTA PALOPO,9.70,,,,,,,,,
JUNIOR MANDIRI,Perusahaan Komanditer (CV),Sulawesi Selatan,2201250031283,109103121*******,082232071016___,,"Dusun Munte-munte, Desa Watangpanua",1,0,1,LEGAL,Tanah Urug,Batuan,KAB. LUWU TIMUR,3.91,,,,,,,,,
KALLA AREBAMMA,Perusahaan Perseroan Terbatas (PT),Sulawesi Selatan,0220102380125,002433217*******,0213800888_____,,"Komplek Ruko Atap Merah Blok B1, Jl. Pecenongan No. 72 , Kel. Kebon Kelapa, Kec. Gambir",3,0,3,LEGAL,Besi; Emas; Tembaga,Mineral Logam,KAB. LUWU UTARA; KAB. MAMUJU,20173.00,,,,,,,,,
KALOMANG BIRU PERSADA,Perusahaan Perseroan Terbatas (PT),Sulawesi Selatan,1259000632582,071987761*******,,,JL. BAU MASSEPE  BARRU,2,0,2,LEGAL,Batu Gamping untuk Industri; Pasir Kuarsa,Mineral Bukan Logam Jenis Tertentu,KAB. BARRU,1109.08,,,,,,,,,
LAKERA BUM BERKARYA,Perusahaan Perseroan Terbatas (PT),Sulawesi Selatan,1401250088379,063711731*******,,,-,1,0,1,LEGAL,Batu Gunung Quarry Besar,Batuan,KAB. PINRANG,30.50,,,,,,,,,
LIMA TUJU TUJU,Perusahaan Komanditer (CV),Sulawesi Selatan,1008230125853,039882245*******,081241765700___,,"Dusun Tanadidi, Desa Allaere, Kecamatan Tanralili",1,0,1,LEGAL,Tanah Urug,,KAB. MAROS,36.17,,,,,,,,,
MANREPO TAMBANG REMPOA,Perusahaan Perseroan Terbatas (PT),Sulawesi Selatan,0607230320674,085115479*******,082298898827,info.manrepotambangrempoa@gmail.com,JL. Singa. No. 47,2,0,2,LEGAL,Batu Gunung Quarry Besar; Tanah Urug,Batuan,KAB. MAROS,55.14,,,,,,,,,
MASMINDO DWI AREA,Perusahaan Perseroan Terbatas (PT),Sulawesi Selatan,8120411121942,001824631*******,0212525255_____,info@menaraciptamulia.co.id,"GEDUNG GRAHA MITRA,LT.10, UNIT 1002 JL.JEND GATOT SUBROTO KAV 21, KARET SEMANGGI",1,0,1,LEGAL,Emas,Mineral Logam,KAB. LUWU,14390.00,,,,,,,,,
MATTAPPA,Perusahaan Komanditer (CV),Sulawesi Selatan,1905220049362,65366089*******,081326886898___,,"Jln. Gabus No. 03 RT. 005 RW. 001, Mattiro Tappareng Kecamatan Tempe Kabupaten Wajo Sulawesi Selatan",1,0,1,LEGAL,Pasir,Batuan,KAB. WAJO,6.55,,,,,,,,,
MATTIRO DECENG LUTIM,Perusahaan Komanditer (CV),Sulawesi Selatan,1267000720564,42954066*******,082339902566___,,Jalan Gunung Verbeck No. 13 Desa Laskap Kecamatan Malili Kabupaten Luwu Timur Provinsi Sulawesi Selatan,1,0,1,LEGAL,Batu Gunung Quarry Besar,Batuan,KAB. LUWU TIMUR,17.03,,,,,,,,,
MEGA BATU MATTIROWALIE,Perusahaan Komanditer (CV),Sulawesi Selatan,0202230025586,64483013*******,085256409248___,,"Makkuntu, Desa Maccile, Kec. Lalabata",1,0,1,LEGAL,Batu Gunung Quarry Besar,Batuan,KAB. SOPPENG,13.71,,,,,,,,,
MERDEKA MINERAL INDONESIA,Perusahaan Perseroan Terbatas (PT),Sulawesi Selatan,2707220071929,002433079*******,,,"GD Revenue Tower LT.12.  Kawasan Distric 8 , SCBD Lot 13 JL JEND SUDIRMAN Kav 52-53 JAKARTA",1,0,1,LEGAL,Besi,Mineral Logam,KAB. BONE,6067.00,,,,,,,,,
MINERAL BUKIT HARAPAN,Perusahaan Perseroan Terbatas (PT),Sulawesi Selatan,0504230023736,040424728*******,08114442951,mineralharapan@gmail.com,KOMP. DOSEN UNHAS TAMALANREA EB NO. 1,1,0,1,LEGAL,Batu Gunung Quarry Besar,Batuan,KAB. MAROS,22.47,,,,,,,,,
MITRA ANUGRAH,Perusahaan Komanditer (CV),Sulawesi Selatan,8120012172089,86662508*******,085256772282___,,Desa Oluhata Kecamatan Kabila Bone Kabupaten Bone Bolango Provinsi Gorontalo,1,0,1,LEGAL,Batuan,,KAB. BONE BOLANGO,43.75,,,,,,,,,
MUDA BERSATU DJAYA,Perusahaan Perseroan Terbatas (PT),Sulawesi Selatan,1707240101292,013986157*******,081341618961___,,jalan Jend. Sudirman No. 24 Kota Makassar,1,0,1,LEGAL,Kuarsit,Mineral Bukan Logam Jenis Tertentu,KAB. LUWU,196.00,,,,,,,,,
NETRAL PINRANG,Perusahaan Komanditer (CV),Sulawesi Selatan,0706220024134,65580407*******,082196587409___,,"Jl. Ambo Daming, Pacongang, Paleteang",1,0,1,LEGAL,Batu Gunung Quarry Besar,Batuan,KAB. PINRANG,16.60,,,,,,,,,
NUSANTARA RESOURCES JAYAUTAMA,Perusahaan Perseroan Terbatas (PT),Sulawesi Selatan,2503250057291,100000000*******,085215987524,nusarejaya@gmail.com,"One Belpark Office Tower Lantai 9, Unit L9-02, Jalan RS. Fatmawati Nomor 1",1,0,1,LEGAL,Marmer,Batuan,KAB. MAROS,19.58,,,,,,,,,
OPTIMA JAYA SAKTI,Perusahaan Perseroan Terbatas (PT),Sulawesi Selatan,1235000502803,074797215*******,0______________,,"Dusun Tala-tala, Kel. Bontomanai, Kec. Tompobolu",1,0,1,LEGAL,Kerikil Berpasir Alami (Sirtu),Batuan,KAB. GOWA,8.95,,,,,,,,,
ORION MEA LUTIM,Perusahaan Perseroan Terbatas (PT),Sulawesi Selatan,1110240089069,27936784*******,081241131147___,,"Dusun Sidoarjo Desa Beringin jaya Kecamatan Tomoni
Kabupaten Luwu Timur Provinsi Sulawesi Selatan",1,0,1,LEGAL,Kerikil Berpasir Alami (Sirtu),Batuan,KAB. LUWU TIMUR,32.41,,,,,,,,,
PANCA DIGITAL SOLUTION,Perusahaan Perseroan Terbatas (PT),Sulawesi Selatan,9120301500885,002540920*******,0411 402966,,"Jl. Trans Sulawesi Tenggara Kav. 668, Desa Harapan, Kec. Malili, Kab. Luwu Timur, Sulawesi Selatan 92981",2,0,2,LEGAL,Besi,,KAB. LUWU TIMUR,1497.08,,,,,,,,,
PASIR PUTIH RADDA,Perusahaan Komanditer (CV),Sulawesi Selatan,2906220023591,60301545*******,082192389337___,,Jalan Soekarno No 57 Desa Kappuna Kecamatan Masamba,1,0,1,LEGAL,Pasir,Batuan,KAB. LUWU UTARA,6.40,,,,,,,,,
PATRI,Perusahaan Komanditer (CV),Sulawesi Selatan,1212240101233,27870571*******,,,"DESA SUBUR, KEC. SUKAMAJU",1,0,1,LEGAL,Pasir,Batuan,KAB. LUWU UTARA,3.53,,,,,,,,,
PIRANTI JAGADRAYA,Perusahaan Perseroan Terbatas (PT),Sulawesi Selatan,9120405890596,001685288*******,0811429558,,"JL ISLAMI CENTER NO 4, TAKKALALA,  WARA SELATAN, PALOPO",1,0,1,LEGAL,Kerikil Berpasir Alami (Sirtu),,KAB. LUWU,11.76,,,,,,,,,
PONRO KANNI,Perusahaan Komanditer (CV),Sulawesi Selatan,2510220135299,61324404*******,085398367000___,,Jl. Gunung Lompo Battang Kec. Paleteang Kab. Paleteang Prov. Sulsel,1,0,1,LEGAL,Batu Gunung Quarry Besar,Batuan,KAB. PINRANG,16.66,,,,,,,,,
PUTRA TUNGGAL CEMERLANG,Perusahaan Perseroan Terbatas (PT),Sulawesi Selatan,9120300733815,03079899*******,04113651004____,,"Jl. S. Limboto No. 68 Makassar, Sulawesi selatan",1,0,1,LEGAL,Kerikil Berpasir Alami (Sirtu),Batuan,KAB. GOWA,6.14,,,,,,,,,
RAGA UTAMA,Perusahaan Komanditer (CV),Sulawesi Selatan,9120105672947,02855390*******,08114103312____,,Dusun Carangki Selatan Desa Lekopancing Kecamatan Tanralili Kabupaten Maros Prov. Sulawesi Selatan,1,0,1,LEGAL,Tanah Urug,Batuan,KAB. MAROS,9.80,,,,,,,,,
REKHABILA UTAMA,Perusahaan Perseroan Terbatas (PT),Sulawesi Selatan,0220000200469,003315962*******,08114149777____,,"Jl. Bromo Bukit Baruga No. 16, Antang Manggala",2,0,2,LEGAL,Tras,Batuan,KAB. BARRU,20.73,,,,,,,,,
REZKY BATU KAPUR,Perusahaan Komanditer (CV),Sulawesi Selatan,9120416071901,83166085*******,085242201145___,,Jl Welalange Kelurahan Macannang Kec. Tanete Riattang Barat Kabupaten Bone,1,0,1,LEGAL,Batu Gamping,Batuan,KAB. BONE,199.31,,,,,,,,,
SANUSI KARSA TAMA BANGUNAN,Perusahaan Komanditer (CV),Sulawesi Selatan,1706220058302,65873232*******,085254055261___,,Jl. Poros BTP Ruko Boulevard Blok AE No.882 Kel.Katimbang Kec.Biringkanaya Kota Makassar Sulawesi Selatan,1,0,1,LEGAL,Batu Gunung Quarry Besar,Batuan,KAB. MAROS,42.97,,,,,,,,,
SARANG TENGNGE' TANDEALLOANAN,Perusahaan Komanditer (CV),Sulawesi Selatan,2911210036068,03266267*******,082213212112___,sarangtengngetandealloanan@gmail.com,"JL. FRANS PASANDE, Kel. Lapandan, Kec. Makale, Kab. Tana Toraja,
Provinsi Sulawesi Selatan",1,0,1,LEGAL,Batu Gamping,,KAB. TANA TORAJA,5.00,,,,,,,,,
SEMEN BOSOWA MAROS,Perusahaan Perseroan Terbatas (PT),Sulawesi Selatan,8120004782878,001502884*******,0411372372_____,,"Menara Bosowa Lt 19 Jalan Jendral Sudirman No.5, Kel. Pisang Utara,
Kec. Ujung Pandang, Kota Makassar, Provinsi Sulawesi Selatan,
Kode Pos: 90115",2,0,2,LEGAL,Batu Gamping untuk Industri; Clay,Mineral Bukan Logam Jenis Tertentu,KAB. MAROS,826.86,,,,,,,,,
SINAR FADLI,Perusahaan Komanditer (CV),Sulawesi Selatan,0311210032816,02722484*******,085299857163___,,JL. PASAR SENTRAL NO 18 KEL. S. BINANGAE KEC. BARRU KAB. BARRU,1,0,1,LEGAL,Kerikil Berpasir Alami (Sirtu),Batuan,KAB. BARRU,5.09,,,,,,,,,
SINAR MALIBA MANDIRI,Perusahaan Komanditer (CV),Sulawesi Selatan,1608230013473,40810715*******,,,-,1,0,1,LEGAL,Batu Gunung Quarry Besar,Batuan,KAB. ENREKANG,6.79,,,,,,,,,
SINAR MARS,Perusahaan Komanditer (CV),Sulawesi Selatan,0708230078185,39845862*******,082396698889,cvmarsjumarang@gmail.com,PUDUKKU DARRAH,1,0,1,LEGAL,Kerikil Berpasir Alami (Sirtu),Batuan,KAB. ENREKANG,5.05,,,,,,,,,
STAR MITRA SULAWESI,Perusahaan Perseroan Terbatas (PT),Sulawesi Selatan,9120101960344,002702156*******,085227641192___,,"JL. Pelita Raya 6 no. 8, Desa/Kelurahan Buakana, Kec. Rappocini, Kota Makassar, Provinsi Sulawesi Selatan,",1,0,1,LEGAL,Kerikil Berpasir Alami (Sirtu),Batuan,KAB. LUWU TIMUR,9.33,,,,,,,,,
SURYA PERKASA GLOBAL,Perusahaan Komanditer (CV),Sulawesi Selatan,1804230013309,40677543*******,0411490555_____,,Jl. Muria Blok E No.15 Kel.Antang Kec. Manggala-Makassar,1,0,1,LEGAL,Tanah Urug,,KAB. MAROS,33.29,,,,,,,,,
SURYA PERKASA MINERAL,Perusahaan Perseroan Terbatas (PT),Sulawesi Selatan,1298000700974,042905229*******,08114446336____,,"Jln. Muria Blok E no. 15 , Kel. Antang, Kec. Manggala, Kota
Makassar, Prov. Sulawesi Selatan",2,0,2,LEGAL,Batu Gunung Quarry Besar; Clay,Batuan; Mineral Bukan Logam Jenis Tertentu,KAB. MAROS; KAB. PINRANG,30.10,,,,,,,,,
SYARIF HIDAYATULLAH,Perusahaan Komanditer (CV),Sulawesi Selatan,1905220058867,41819086*******,081326886898___,,Jl. Bau Baharuddin 11 A Sengkang Kel. Tempe Kec. Tempe Kab. Wajo Sulawesi Selatan,1,0,1,LEGAL,Pasir,Batuan,KAB. WAJO,6.09,,,,,,,,,
Sumber Karunia Perkasa,Perusahaan Perseroan Terbatas (PT),Sulawesi Selatan,0291010162065,93841182*******,04114674172____,,"Jl. Pelita Raya Blok A5 No. 8  Makassar, Sulawesi selatan",1,0,1,LEGAL,Kerikil Berpasir Alami (Sirtu),Batuan,KAB. GOWA,13.98,,,,,,,,,
TANETE MULIA PAKORO,Perusahaan Perseroan Terbatas (PT),Sulawesi Selatan,0401240056313,050787693*******,085397090699,pttanetemuliapakoro@gmail.com,JALAN YOS SUDARSO NOMOR 17 PINRANG,2,0,2,LEGAL,Batu Gunung Quarry Besar,Batuan,KAB. PINRANG,60.50,,,,,,,,,
TEPPO TAMBANG PACIFIC,Perusahaan Perseroan Terbatas (PT),Sulawesi Selatan,1702220003767,063022695*******,081354338781___,,"Jl. Manggala Dalam 1 No. 2, Kelurahan Manggala, Kec. Manggala, Kota Makassar, Provinsi Sulawesi Selatan,",1,0,1,LEGAL,Pasir,Batuan,KAB. LUWU UTARA,8.00,,,,,,,,,
TRI PUTRA COPPO,Perusahaan Komanditer (CV),Sulawesi Selatan,2104220040807,01791286*******,,,-,1,0,1,LEGAL,Peridotit,Batuan,KAB. BARRU,11.09,,,,,,,,,
TRINUSA RESOURCES,Perusahaan Perseroan Terbatas (PT),Sulawesi Selatan,0220102421053,002795913*******,,,"Wisma Argo Manunggal Lt. 12 Jl. Jend. Gatot Subroto Kav. 22,
Desa/Kelurahan Karet Semanggi, Kec. Setiabudi, Kota Adm. Jakarta
Selatan, Provinsi DKI Jakarta,
Kode Pos: 12930",1,0,1,LEGAL,Emas,Mineral Logam,KAB. SINJAI,11326.00,,,,,,,,,
TUNGGAL PUTRA BONE PUTE,Perusahaan Komanditer (CV),Sulawesi Selatan,1002230064972,62729627*******,,,-,1,0,1,LEGAL,Batu Gunung Quarry Besar,Batuan,KAB. BONE,13.56,,,,,,,,,
USFATINDO,Perusahaan Perseroan Terbatas (PT),Sulawesi Selatan,0220202271285,02469572*******,081343976578___,,Jl. poros Allita Km.05 Kelurahan Allita Kecamatan Mattiro Bulu Kab. Pinrang propinsi Suawesi Selatan,1,0,1,LEGAL,Batu Gunung Quarry Besar,Batuan,KAB. PINRANG,77.79,,,,,,,,,
WIJAYA EKA SAKTI,Perusahaan Perseroan Terbatas (PT),Sulawesi Selatan,9120205341059,002604277*******,,,"GEDUNG SUDIRMAN PLAZA, INDOFOOD TOWER LANTAI 12 JALAN JEND. SUDIRMAN KAV 76-78 SETIABUDI, JAKARTA SELATAN 12910",1,0,1,LEGAL,Tembaga,Mineral Logam,KAB. BONE,10000.00,,,,,,,,,
ZAYN AL RAJHI,Perusahaan Komanditer (CV),Sulawesi Selatan,2201240018636,001942753*******,,,-,1,0,1,LEGAL,Tanah Urug,Batuan,KAB. LUWU TIMUR,15.80,,,,,,,,,
A RASMAMULIA,Perusahaan Perseroan Terbatas (PT),Sulawesi Tengah,9120316181632,001734699*******,,,-,1,0,1,LEGAL,Kerikil Berpasir Alami (Sirtu),Batuan,KAB. DONGGALA,33.35,,,,,,,,,
AAL RIZKI TAMBANG PALU,Perusahaan Perseroan Terbatas (PT),Sulawesi Tengah,0220301221897,072895846*******,0811985400,artp.palu@gmail.com,JL. PEMUDA NO.01,1,0,1,LEGAL,Batu Gunung Quarry Besar,,KAB. DONGGALA,95.70,,,,,,,,,
ABDARA BRM TAMBANG,Perusahaan Perseroan Terbatas (PT),Sulawesi Tengah,1004230048875,40451135*******,6285396815159__,,"Jl. Poros Palu-Donggala Kilometer 17 RT Loli Saluran, Banawa Kab. Donggala Sulawesi Tengah",1,0,1,LEGAL,Batu Gunung Quarry Besar,Batuan,KAB. DONGGALA,39.63,,,,,,,,,
ACES SELARAS,Perusahaan Perseroan Terbatas (PT),Sulawesi Tengah,0220007231113,003198175*******,081298888861,aces.selaras@yahoo.com,"Jl. Trans Palu - Donggala Km. 10
",1,0,1,LEGAL,Batu Gunung Quarry Besar,Batuan,KOTA PALU,19.79,,,,,,,,,
ADI RACHMAT MANDIRI,Perusahaan Perseroan Terbatas (PT),Sulawesi Tengah,9120402872095,080499768*******,0542424979,armossbpp@gmail.com,Jalan Letjen Suprapto Nomor 76 ,1,0,1,LEGAL,Kerikil Berpasir Alami (Sirtu),Batuan,KAB. DONGGALA,6.35,,,,,,,,,
AFIT LINTAS JAYA,Perusahaan Perseroan Terbatas (PT),Sulawesi Tengah,9120204810669,80943598*******,,,jl. toddopuli VII no34,1,0,1,LEGAL,Batu Gamping,Batuan,KAB. MOROWALI UTARA,67.99,,,,,,,,,
ALAM QUARRY PRATAMA,Perusahaan Perseroan Terbatas (PT),Sulawesi Tengah,1810230114615,50015538*******,082291518340___,,"Jalan Palu Donggala No 20, Desa Kabonga Besar, Kec. Banawa, Kab DOnggala, Prov Sulawesi Tengah",1,0,1,LEGAL,Batu Gunung Quarry Besar,Batuan,KAB. DONGGALA,17.00,,,,,,,,,
ALPHA OMEGA PERSADA,Perusahaan Perseroan Terbatas (PT),Sulawesi Tengah,0703240000246,08077993*******,08114506726____,,"Jl KH Wahid Hasyim 2, Sempaja Selatan, Samarinda Utara, Samarinda",1,0,1,LEGAL,Batu Gunung Quarry Besar,Batuan,KAB. DONGGALA,43.93,,,,,,,,,
AMARSHA,Perusahaan Komanditer (CV),Sulawesi Tengah,1811220100733,61794260*******,0811453917_____,,"JL. HAYAM WURUK NO. 12, Desa/Kelurahan Besusu Barat, Kec. Palu
Timur, Kota Palu, Provinsi Sulawesi Tengah",1,0,1,LEGAL,Pasir,Batuan,KAB. SIGI,15.00,,,,,,,,,
ANUGERAH BATU PUTIH,Perusahaan Perseroan Terbatas (PT),Sulawesi Tengah,9120207423108,003312856*******,02139525581____,,GEDUNG TREASURY TOWER LT.69 DISTRICT 8 SCBD LOT.28 JL. JEND SUDIRMAN KAV.52-53 SENAYAN KEBAYORAN BARU,1,0,1,LEGAL,Batu Gamping,,KAB. MOROWALI,502.28,,,,,,,,,
ANUGERAH PERDANA MEMBANGUN,Perusahaan Perseroan Terbatas (PT),Sulawesi Tengah,8120018182019,99520343*******,081341452277___,,"JALAN WIJAYA KUSUMA NOMOR 29, Desa/Kelurahan Gunungsari Ilir,
Kec. Balikpapan Tengah, Kota Balikpapan, Provinsi Kalimantan Timur,
Kode Pos: 76121",1,0,1,LEGAL,Kerikil Berpasir Alami (Sirtu),Batuan,KAB. DONGGALA,15.00,,,,,,,,,
ANUGRAH AFIT ABADI,Perusahaan Perseroan Terbatas (PT),Sulawesi Tengah,1283000730091,42867167*******,082193913338___,,"JL Yos Sudarso No 01, Kolonodale, Petasia",1,0,1,LEGAL,Batu Gamping untuk Industri,Mineral Bukan Logam Jenis Tertentu,KAB. MOROWALI UTARA,83.70,,,,,,,,,
ANUGRAH BATU AMPANA,Perusahaan Perseroan Terbatas (PT),Sulawesi Tengah,2911220072161,061882346*******,081311718071___,,"PONDOK INDAH OFFICE TOWER 2, LANTAI 11 UNIT 1101, JALAN SULTAN ISKANDAR MUDA KAV. V-TA",1,0,1,LEGAL,Kerikil Berpasir Alami (Sirtu),Batuan,KAB. TOJO UNA-UNA,387.09,,,,,,,,,
ANUGRAH BATU SULAWESI RESOURCES,Perusahaan Perseroan Terbatas (PT),Sulawesi Tengah,8120110150523,76876174*******,,,OFFICE KEBAYORAN ICON LT.6 JL.CILEDUG RAYA NO.35 CIPUL;IR KEBAYORAN LAMA JAKSEL,1,0,1,LEGAL,Batuan,Batuan,KAB. TOLI TOLI,47.82,,,,,,,,,
ANUGRAH RAYA KALTINDO,Perusahaan Perseroan Terbatas (PT),Sulawesi Tengah,9120201170088,066153324*******,082192923993___,,"Jl. Malonda, Watusampu, Ulujadi, Kota Palu, Sulawesi Tengah 94229",1,0,1,LEGAL,Kerikil Berpasir Alami (Sirtu),Batuan,KOTA PALU,10.60,,,,,,,,,
ARFIDI SUKSES MANDIRI,Perusahaan Komanditer (CV),Sulawesi Tengah,0220304360535,94522713*******,082223098370___,,"Jalan Towua 1 No. 6C, Kel. Tatura Selatan, Kec. Palu Selatan, Kota Palu, Sulawesi Tengah",1,0,1,LEGAL,Diorit,Batuan,KAB. DONGGALA,39.00,,,,,,,,,
ARGASARI PRATAMA,Perusahaan Perseroan Terbatas (PT),Sulawesi Tengah,9120109811531,01460996*******,082345678137___,,"JL.GAJAHMADA NO. 61, Desa/Kelurahan Ujuna, Kec. Palu Barat, Kota Palu, Provinsi Sulawesi Tengah",1,0,1,LEGAL,Kerikil Berpasir Alami (Sirtu),Batuan,KAB. DONGGALA,15.77,,,,,,,,,
ARIFIN CHAN MALINDO,Perusahaan Perseroan Terbatas (PT),Sulawesi Tengah,9120503812473,072540020*******,,,DUSUN MASENNANG,1,0,1,LEGAL,Batu Gunung Quarry Besar,,KAB. DONGGALA,18.50,,,,,,,,,
ASET SULAWESI MINERALINDO,Perusahaan Perseroan Terbatas (PT),Sulawesi Tengah,0260010210152,086448082*******,,,,1,0,1,LEGAL,Batu Gamping,Batuan,KAB. MOROWALI,166.66,,,,,,,,,
ASIA AMANAH MANDIRI,Perusahaan Perseroan Terbatas (PT),Sulawesi Tengah,2205240013398,020579209*******,0811545304,asiaamanahmandiri@gmail.com,PESONA BEVERLY HILLS BLOK CB NO. 3 ,1,0,1,LEGAL,Batu Gunung Quarry Besar,Batuan,KAB. DONGGALA,10.47,,,,,,,,,
ASSAQTI MORUT ENERGY,Perusahaan Komanditer (CV),Sulawesi Tengah,0109210034004,43327849*******,082312107703___,,"Beteleme, Kel. Beteleme, Kec. Lembo, Kab. Morowali Utara, Provinsi Sulawesi Tengah, Kode Pos: 94966",1,0,1,LEGAL,Pasir,Batuan,KAB. MOROWALI UTARA,24.50,,,,,,,,,
AURORA CAHAYA LESTARI,Perusahaan Perseroan Terbatas (PT),Sulawesi Tengah,8120118211013,84424636*******,085242839343___,,"Jln.Bayangkara II No 1, Kel. Apal, Kec. Liang, Kab. Banggai
Kepulauan, Prop. Sulawesi Tengah",1,0,1,LEGAL,Batu Gamping,Batuan,KAB. BANGGAI KEPULAUAN,113.70,,,,,,,,,
BAHOEA ALAM JAYA,Perusahaan Perseroan Terbatas (PT),Sulawesi Tengah,1403220040294,063355916*******,085311017990___,,BAHORURU DESA BAHORURU KECAMATAN BUNGKU TENGAH KABUPATEN MOROWALI SULAWESI TENGAH,1,0,1,LEGAL,Kerikil Berpasir Alami (Sirtu),Batuan,KAB. MOROWALI,38.56,,,,,,,,,
BAHTERA BERKAH ABADI GRUP,Perusahaan Perseroan Terbatas (PT),Sulawesi Tengah,8120010130755,076500023*******,082196222950,pt.bahteraberkahabadigrup@gmail.com,"Ruko Taman Tekno Jl. Boulevard Blok D1 BSD CITY, Serpong",1,0,1,LEGAL,Batu Gunung Quarry Besar,,KOTA PALU,9.50,,,,,,,,,
BAKAL MAJU,Perusahaan Perseroan Terbatas (PT),Sulawesi Tengah,9120214201796,01993188*******,,,JL. G. WITUMAPIDA NO. 9 PALU,1,0,1,LEGAL,Batu Gunung Quarry Besar,Batuan,KAB. DONGGALA,20.60,,,,,,,,,
BALQIS REZA REVOLO,Perusahaan Perseroan Terbatas (PT),Sulawesi Tengah,9120111073709,93097079*******,02131997117____,,"GEDUNG THE CITY TOWER LT.12 UNIT 1-S, JALAN MH THAMRIN NO. 81 KEL. MENTENG KEC. MENTENG JAKARTA PUSAT",1,0,1,LEGAL,Batu Gunung Quarry Besar,Batuan,KAB. DONGGALA,30.00,,,,,,,,,
BANUA INANTA CEMERLANG,Perusahaan Perseroan Terbatas (PT),Sulawesi Tengah,0266000951651,03341795*******,082172946918___,,"JL. MIANGAS III NO.30A, KOTA PALU
Kelurahan : Ujuna",1,0,1,LEGAL,Batu Gunung Quarry Besar,Batuan,KAB. DONGGALA,43.00,,,,,,,,,
BARA MITRA ANDALAN SEJAHTRA,Perusahaan Perseroan Terbatas (PT),Sulawesi Tengah,0202220041614,063181742*******,0218354081,bmas.oss.01@gmail.com,Menara Imperium Lantai 10,1,0,1,LEGAL,Batuan,Batuan,KOTA PALU,16.88,,,,,,,,,
BAROKAH SEJAHTERA WATUSAMPU,Perusahaan Perseroan Terbatas (PT),Sulawesi Tengah,2203230026726,040048929*******,082195180141___,,JALAN AGUS SALIM,1,0,1,LEGAL,Batu Gunung Quarry Besar,Batuan,KOTA PALU,10.30,,,,,,,,,
BAROKAH WATUSAMPU,Perusahaan Komanditer (CV),Sulawesi Tengah,3110220077584,60914041*******,081342975981___,,"MALONDA NO. 178, RT. 001 RW.002, WATUSAMPU, ULUJADI",1,0,1,LEGAL,Andesit,Batuan,KOTA PALU,7.05,,,,,,,,,
BARU TERBIT,Perusahaan Perseroan Terbatas (PT),Sulawesi Tengah,9120011000075,80674958*******,081341027480___,,"Jl. Pemuda No 1, Kel Besusu, Kec. Palu Timur, Kota Palu, Sulawesi Tengah",1,0,1,LEGAL,Kerikil Berpasir Alami (Sirtu),Batuan,KAB. DONGGALA,13.98,,,,,,,,,
BATU ALAM PRIMA,Perusahaan Perseroan Terbatas (PT),Sulawesi Tengah,0404220003495,63878478*******,081311567474___,,"JL. SAMRATULANGI NO. 77 A, Desa/Kelurahan Besusu Tengah, Kec.
Palu Timur, Kota Palu, Provinsi Sulawesi Tengah",1,0,1,LEGAL,Batu Gamping,Batuan,KAB. MOROWALI,22.02,,,,,,,,,
BATU ALAM SUMBER SEJAHTERA,Perusahaan Perseroan Terbatas (PT),Sulawesi Tengah,9120002711718,03227015*******,,,,1,0,1,LEGAL,Batu Gunung Quarry Besar,Batuan,KAB. DONGGALA,25.00,,,,,,,,,
BATU AMPANA SEJAHTERA,Perusahaan Perseroan Terbatas (PT),Sulawesi Tengah,2911220073173,61838785*******,081311718071___,,"PONDOK INDAH OFFICE TOWER 2 LANTAI 11 UNIT 1101, JALAN SULTAN ISKANDAR MUDA KAV. V-TA",1,0,1,LEGAL,Batu Gunung Quarry Besar,Batuan,KAB. TOJO UNA-UNA,153.80,,,,,,,,,
BATU HITAM JASA PERTAMBANGAN,Perusahaan Perseroan Terbatas (PT),Sulawesi Tengah,1512210047314,053611465*******,082122133383,batuhitamjasapertambangan@yahoo.com,JALAN R. E. MARTADINATA RUKO TRANSWAY AVENUE BLOK CC 1 NOMOR 1-2 CITRALAND,1,0,1,LEGAL,Andesit,Batuan,KAB. DONGGALA,43.21,,,,,,,,,
BATU TAMBANG SAMBALAGI,Perusahaan Perseroan Terbatas (PT),Sulawesi Tengah,0301220028454,53502803*******,081280798188___,,"DESA SAMBALAGI, KEC. BUNGKU PESISIR",1,0,1,LEGAL,Batu Gamping,Batuan,KAB. MOROWALI,193.16,,,,,,,,,
BATUAN UNGGUL PERKASA,Perusahaan Perseroan Terbatas (PT),Sulawesi Tengah,0403220029234,63394199*******,081119042627___,,APL Tower Lantai 38 Unit T5-T6,1,0,1,LEGAL,Batu Gamping untuk Industri,Mineral Bukan Logam Jenis Tertentu,KAB. MOROWALI,1136.63,,,,,,,,,
BATUJAYA BERSAMA SEJAHTERA,Perusahaan Perseroan Terbatas (PT),Sulawesi Tengah,9120410162701,075519456*******,6281290205678__,,"Jalan Boulevard Galaxy Raya Blok RSK 7 No.82, Kelurahan Jaka Setia,
Kecamatan Bekasi Selatan, Bekasi 17147, Komplek Grand Galaxy City.,
Desa/Kelurahan Jakasetia, Kec. Bekasi Selatan, Kota Bekasi, Provinsi
Jawa Barat,
Kode Pos: 17147",1,0,1,LEGAL,Batu Gunung Quarry Besar,Batuan,KAB. DONGGALA,86.00,,,,,,,,,
BATULICIN BARAMEGA,Perusahaan Perseroan Terbatas (PT),Sulawesi Tengah,1111220052122,002918800*******,02150105669____,,"JL. PELABUHAN FERRY RT 005, KEL. KERSIK PUTIH, KEC, BATULICIN",1,0,1,LEGAL,Andesit,Batuan,KAB. DONGGALA,43.15,,,,,,,,,
BERKAH BATU BANAWA,Perusahaan Perseroan Terbatas (PT),Sulawesi Tengah,9120318071505,03241449*******,,,,1,0,1,LEGAL,Batu Gunung Quarry Besar,Batuan,KAB. DONGGALA,20.00,,,,,,,,,
BERKAH BATU SENTOSA,Perusahaan Perseroan Terbatas (PT),Sulawesi Tengah,0703240078675,08078138*******,08114506726____,,"Jl Dewi Sartika, Birobuli Selatan, Kec Palu Selatan, Kota Palu",1,0,1,LEGAL,Batu Gunung Quarry Besar,Batuan,KAB. DONGGALA,47.87,,,,,,,,,
BERKAH MITRA SENTOSA SEJAHTERA,Perusahaan Perseroan Terbatas (PT),Sulawesi Tengah,0806250019372,100000000*******,,,-,1,0,1,LEGAL,Kerikil Berpasir Alami (Sirtu),Batuan,KAB. TOLI TOLI,27.60,,,,,,,,,
BERKAH UTAMA MOROWALI,Perusahaan Perseroan Terbatas (PT),Sulawesi Tengah,2102220056276,96073020*******,085216452919___,,"Desa Bahomoahi, Kecamatan Bungku Timur,Kabupaten Morowali, Provinsi Sulawesi Tengah, Desa/Kelurahan Bahomoahi, Kec. Bungku Timur, Kab. Morowali, Provinsi Sulawesi Tengah",1,0,1,LEGAL,Kerikil Berpasir Alami (Sirtu),Batuan,KAB. MOROWALI,19.77,,,,,,,,,
BINA DAYA LAHAN PERTIWI,Perusahaan Perseroan Terbatas (PT),Sulawesi Tengah,1007220008048,001938120*******,02150322682,binadayalahanpertiwi.office@gmail.com,Jl. Pintu Air II Nomor 32,1,0,1,LEGAL,Emas,Mineral Logam,KAB. BUOL,3836.00,,,,,,,,,
BINTANG CEMERLANG MINERAL MORUT,Perusahaan Perseroan Terbatas (PT),Sulawesi Tengah,0311220096023,061590072*******,082291808422___,,jln. moh. hatta no 55 Besusu Tengah Palu Timur Kota Palu Sulawesi Tengah,1,0,1,LEGAL,Batu Gamping,Batuan,KAB. MOROWALI UTARA,97.80,,,,,,,,,
BINTANG MANUNGGAL PERSADA,Perusahaan Perseroan Terbatas (PT),Sulawesi Tengah,0220004161718,031658689*******,081354687261___,,JL.MALONDA RT.002 RW.004,1,0,1,LEGAL,Batu Gunung Quarry Besar,Batuan,KOTA PALU,17.17,,,,,,,,,
BINTANG MINING UTAMA,Perusahaan Perseroan Terbatas (PT),Sulawesi Tengah,2110220004185,70275837*******,081242420234___,,JL. LASEMBA NO.150 WASUPONDA,1,0,1,LEGAL,Batu Gamping,Batuan,KAB. MOROWALI UTARA,97.83,,,,,,,,,
BIOMAS INTERNASIONAL,Perusahaan Perseroan Terbatas (PT),Sulawesi Tengah,9120004932909,003209333*******,,pt.biomasinternasional@gmail.com,"Gedung De Ploeit Centrale Lantai 8, Jalan Pluit Selatan Raya",1,0,1,LEGAL,Batu Gamping,Batuan,KAB. MOROWALI,180.00,,,,,,,,,
BOBBY CHANDRA GLOBAL INDONESIA,Perusahaan Perseroan Terbatas (PT),Sulawesi Tengah,1216000220999,031658209*******,082210946273,ptbobbychandraglobal.legal@gmail.com,"APARTEMEN NEO SOHO UNIT 3216, JL. S. PARMAN KAVLING 28",1,0,1,LEGAL,Batu Gamping,Batuan,KAB. BANGGAI,199.50,,,,,,,,,
BOSOWA TAMBANG INDONESIA,Perusahaan Perseroan Terbatas (PT),Sulawesi Tengah,9120006881567,02978730*******,04113666777____,bosowatambangindonesia2019@gmail.com,"MENARA BOSOWA LT. 16, JL. JEND. SUDIRMAN NO. 5, KEL. PISANG UTARA, KEC. UJUNG PANDANG, KOTA MAKASSAR",1,0,1,LEGAL,Batu Gunung Quarry Besar,Batuan,KAB. DONGGALA,22.00,,,,,,,,,
BRAVO MAHESA ARKATAMA,Perusahaan Perseroan Terbatas (PT),Sulawesi Tengah,0220003561692,94843545*******,02129339389____,,"Jalan Let Jend. S. Parman kav. 28, Lantai 16-T9 APL Tower Podomoro City (Central Park), Kota Adm. Jakarta Barat Provinsi DKI Jakarta 11470",1,0,1,LEGAL,Batu Gamping,Batuan,KAB. MOROWALI,82.00,,,,,,,,,
BUANA SULAWESI PARAMITA,Perusahaan Perseroan Terbatas (PT),Sulawesi Tengah,1287000231416,82175109*******,02157944584____,,"Gd. Menara Karya lantai 19 Unit E, Jl. HR Rasuna Said, Kel. Kuningan Timur, Kec. Setiabudi, Kuningan - Jakarta Selatan",1,0,1,LEGAL,Batu Gunung Quarry Besar,Batuan,KAB. DONGGALA,12.85,,,,,,,,,
BUKIT INDAH NIRWANA,Perusahaan Perseroan Terbatas (PT),Sulawesi Tengah,2001230049053,62504733*******,081341446089___,,"DESA BAHOMOHONI, KECAMATAN BUNGKU TENGAH, KABUPATEN MOROWALI PROVINSI SULAWESI TENGAH",1,0,1,LEGAL,Batu Gamping untuk Industri,Mineral Bukan Logam Jenis Tertentu,KAB. MOROWALI,190.00,,,,,,,,,
BUKIT MAKMUR PERDANA,Perusahaan Komanditer (CV),Sulawesi Tengah,9120103830061,92372021*******,085270888801___,,JL. BIMOR JAYA,1,0,1,LEGAL,Kerikil Berpasir Alami (Sirtu),Batuan,KAB. MOROWALI UTARA,50.00,,,,,,,,,
BULURI REZEKI MUSA,Perusahaan Perseroan Terbatas (PT),Sulawesi Tengah,1104230054026,40480892*******,085396815159___,,Jalan Trans Sulawesi,1,0,1,LEGAL,Batu Gunung Quarry Besar,Batuan,KOTA PALU,48.00,,,,,,,,,
BUMI ALPHA MANDIRI,Perusahaan Perseroan Terbatas (PT),Sulawesi Tengah,406230092509,39290847*******,08114538256____,,Jl. RADJAPANTO,1,0,1,LEGAL,Batu Gunung Quarry Besar,Batuan,KAB. SIGI,95.54,,,,,,,,,
BUMI BINTANG SILIKA,Perusahaan Perseroan Terbatas (PT),Sulawesi Tengah,2303220015406,63790476*******,0215153533_____,,"PLAZA ASIA LT 6, JL JENDERAL SUDIRMAN KAV 59, JAKARTA SELATAN",1,0,1,LEGAL,Batu Gamping,Batuan,KAB. MOROWALI UTARA,305.40,,,,,,,,,
BUMI MOROWALI ABADI,Perusahaan Perseroan Terbatas (PT),Sulawesi Tengah,2705230034126,40942687*******,081243443144___,,Dusun 003 Dekat Mesjid Desa Laroenai Kecamatan Bungku Pesisir,1,0,1,LEGAL,Batu Gamping,Batuan,KAB. MOROWALI,85.44,,,,,,,,,
BUMI NICKEL MOROWALI,Perusahaan Perseroan Terbatas (PT),Sulawesi Tengah,2208220044719,65952465*******,082190699945___,,JL. TRANS SULAWESI,1,0,1,LEGAL,Kerikil Berpasir Alami (Sirtu),Batuan,KAB. MOROWALI,7.90,,,,,,,,,
BUMI NUSANTARA RESEARCES,Perusahaan Perseroan Terbatas (PT),Sulawesi Tengah,null_16797,,082346846047,,"Desa Korololaki, Desa/Kelurahan Korololaki, Kec. Petasia, Kode Pos: 94971",1,0,1,LEGAL,,Mineral Logam,KAB. MOROWALI UTARA,,,,,,,,,,
CAHAYA ALAM MAKMUR,Perusahaan Komanditer (CV),Sulawesi Tengah,2008210004607,43140085*******,082293735398___,,"DESA PEBATAE, Desa/Kelurahan Pebatae, Kec. Bumi Raya, Kab. Morowali, Provinsi Sulawesi Tengah 94976",1,0,1,LEGAL,Pasir,Batuan,KAB. MOROWALI,42.71,,,,,,,,,
CAHAYA MINERAL INDUSTRI,Perusahaan Perseroan Terbatas (PT),Sulawesi Tengah,2811220064418,61838319*******,082191512369___,,DESA KEUREA,1,0,1,LEGAL,Kerikil Berpasir Alami (Sirtu),Batuan,KAB. MOROWALI,26.00,,,,,,,,,
CAHAYA MINERAL SEJAHTERA,Perusahaan Perseroan Terbatas (PT),Sulawesi Tengah,0510210028872,43280544*******,082360330399___,,Jalan Trans Sulawesi Nomor 07,1,0,1,LEGAL,Batu Gamping,Batuan,KAB. MOROWALI,41.80,,,,,,,,,
CALMONA PRIMA JAYA,Perusahaan Perseroan Terbatas (PT),Sulawesi Tengah,2102220011612,063397248*******,,,-,2,0,2,LEGAL,Batu Gamping untuk Industri,Mineral Bukan Logam Jenis Tertentu,KAB. MOROWALI,387.44,,,,,,,,,
CELEBES ANUGERAH MULIA,Perusahaan Perseroan Terbatas (PT),Sulawesi Tengah,0903230104133,40057883*******,02130010461____,,"Garden Avenue Rasuna 1st Floor GA-1.12, Jl. Epicentrum Tengah No.3, Kawasan Rasuna Epicentrum, Desa/Kelurahan Karet Kuningan, Kec. Setiabudi",1,0,1,LEGAL,Andesit,Batuan,KOTA PALU,12.00,,,,,,,,,
CELEBES LINOTA,Perusahaan Komanditer (CV),Sulawesi Tengah,9120014092492,76795468*******,085340625820___,,"Perum Graha Tinggede B, No 12 RT 025 RW 005, Kel Tinggede, Kec. Marawola, Kab. Sigi, Prov. Sulawesi Tengah",1,0,1,LEGAL,Batu Gunung Quarry Besar,Batuan,KAB. DONGGALA,48.03,,,,,,,,,
CETARA KARYA PERKASA,Perusahaan Perseroan Terbatas (PT),Sulawesi Tengah,0103230052505,31322159*******,02150106923____,,"Jl. DANAU TONDANO T. 10A RT 013 RW 005, BENDUNGAN HILIR, TANAH ABANG JAKARTA PUSAT",2,0,2,LEGAL,Batu Gunung Quarry Besar,Batuan,KAB. MOROWALI,198.86,,,,,,,,,
CIPTA MINERAL PERKASA,Perusahaan Perseroan Terbatas (PT),Sulawesi Tengah,0220209873813,081426511*******,0811825001_____,,"Jalan Maleo No.12, Tanamodindi, Mantikulore, Palu",1,0,1,LEGAL,Batu Gunung Quarry Besar,Batuan,KAB. MOROWALI,160.70,,,,,,,,,
CITRA PALU MINERALS,Perusahaan Perseroan Terbatas (PT),Sulawesi Tengah,9120209241018,001072061*******,,,"BAKRIE TOWER LANTAI 10, KOMPLEKS RASUNA EPICENTRUM, JLN.H.R.RASUNA SAID, KELURAHAN KARET KUNINGAN, KECAMATAN SETIABUDI, JAKARTA SELATAN 12940",1,0,1,LEGAL,Emas,Mineral Logam,"KAB. DONGGALA, KAB. TOLI TOLI, KAB. PARIGI MOUTONG, KAB. SIGI, KOTA PALU, KAB. LUWU UTARA",85180.00,,,,,,,,,
DAKSA PETRA MINERAL,Perusahaan Perseroan Terbatas (PT),Sulawesi Tengah,2305220055517,65482706*******,081290082267___,,"Jl. H. Mursalim Kelurahan Pisangan, Kec. Ciputat Timur, Kota Tangerang Selatan Provinsi Banteng",1,0,1,LEGAL,Batu Gamping,Batuan,KAB. MOROWALI UTARA,72.17,,,,,,,,,
DAMPALA SEJAHTERA BERSAMA,Perusahaan Perseroan Terbatas (PT),Sulawesi Tengah,1215000420664,41774370*******,085298638008___,,"Jl. Trans Sulawesi Desa Dampala Kecamatan Bahodopi,
Kabupaten Morowali, Propinsi Sulawesi Tengah",1,0,1,LEGAL,Kerikil Berpasir Alami (Sirtu),Batuan,KAB. MOROWALI,12.55,,,,,,,,,
DAVINDO JAYAMANDIRI PALU,Perusahaan Perseroan Terbatas (PT),Sulawesi Tengah,1509220062566,60730156*******,08125865450____,,Jalan Sungai Kapuas No 3A,1,0,1,LEGAL,Kerikil Berpasir Alami (Sirtu),Batuan,KOTA PALU,16.18,,,,,,,,,
DENMAR JAYA MANDIRI,Perusahaan Perseroan Terbatas (PT),Sulawesi Tengah,1254001422446,41436817*******,085396815159___,,"Desa Geresa dan laroue, kec. Bungku Timur, Kab. Morowali, Provinsi Sulawesi tengah",1,0,1,LEGAL,Batu Gamping,Batuan,KAB. MOROWALI,73.53,,,,,,,,,
DHEA HARUM PERKASA,Perusahaan Perseroan Terbatas (PT),Sulawesi Tengah,1207000351962,70813003*******,,,,1,0,1,LEGAL,Batu Gunung Quarry Besar,Batuan,KAB. DONGGALA,21.60,,,,,,,,,
DUTA SARANA MINERAL,Perusahaan Perseroan Terbatas (PT),Sulawesi Tengah,0108230081663,93790559*******,08114559954____,,Jalan Trans Sulawesi Desa Siumbatu,1,0,1,LEGAL,Tanah Urug,Batuan,KAB. MOROWALI,16.13,,,,,,,,,
DWI PERMATA KUARRY,Perusahaan Perseroan Terbatas (PT),Sulawesi Tengah,8120118281799,03275415*******,0217190086,info@dpkquarry.com,"Gedung Bangka Jl. Bangka Raya No. 33 Lantai 3 Unit 03, Kel. Pela Mampang, Kee. Mampang Prapatan, Kota Adm. Jakarta Selatan, Prop. DKI Jakarta",1,0,1,LEGAL,Batu Gunung Quarry Besar,Batuan,KAB. TOLI TOLI,102.70,,,,,,,,,
EMPROS DHARMA JAYA,Perusahaan Perseroan Terbatas (PT),Sulawesi Tengah,9120108492592,091153846*******,02154316538____,,"PIK Avenue Mall, Level 6, Jalan Pantai Indah Kapuk Boulevard, Kota Adm. Jakarta Utara, DKi Jakarta",1,0,1,LEGAL,Batu Gamping,Batuan,KAB. BANGGAI,92.00,,,,,,,,,
ESTETIKA KARYA UTAMA,Perusahaan Perseroan Terbatas (PT),Sulawesi Tengah,9120108973708,092711741*******,081342500699,,Desa Borone Kecamatan Ampana Tete Kabupaen Tojo Una-una,1,0,1,LEGAL,Batuan,,KAB. TOJO UNA-UNA,17.60,,,,,,,,,
ESWE SURYA MEDIKA,Perusahaan Perseroan Terbatas (PT),Sulawesi Tengah,1291000312328,41882108*******,02122464325____,,"Ruko Arcadia Grande Blok F No. 2, Jl. Boulevard Raya Gading Serpong",1,0,1,LEGAL,Andesit,Batuan,KAB. BANGGAI,72.20,,,,,,,,,
FARHAN BATU PALU.,Perusahaan Perseroan Terbatas (PT),Sulawesi Tengah,9120307881437,61997107*******,085242472229___,,"Jl. Malonda RT 002 RW 004 Buluri, Ulujadi, Kota Palu Sulawesi Tengah",1,0,1,LEGAL,Batu Gunung Quarry Besar,Batuan,KOTA PALU,18.01,,,,,,,,,
FAZDA PERTAMBANGAN BEBATUAN,Perusahaan Perseroan Terbatas (PT),Sulawesi Tengah,9120300731058,80714228*******,,fazdapertambangan@gmail.com,"JL. WOLTER MONGINSIDI NO.32 KEL. BAHOUE, KEC. PETASIA, KAB. MOROWALI UTARA, SULAWESI TENGAH",1,0,1,LEGAL,Batu Gamping,Batuan,KAB. MOROWALI UTARA,33.00,,,,,,,,,
FINARA RAMA MOROWALI,Perusahaan Perseroan Terbatas (PT),Sulawesi Tengah,2610220001685,61456844*******,081244730108___,,"Desa Kolono, Desa/Kel. Kolono, Kec. Bungku Timur, Kab. Morowali, Provinsi Sulawesi Tengah, 94973",1,0,1,LEGAL,Batu Gamping,Batuan,KAB. MOROWALI,80.00,,,,,,,,,
GAMPING BUMI ASIA,Perusahaan Perseroan Terbatas (PT),Sulawesi Tengah,0607230325275,039519631*******,,,-,1,0,1,LEGAL,Batu Gamping,Batuan,KAB. BANGGAI KEPULAUAN,199.00,,,,,,,,,
GAMPING SEJAHTERA MANDIRI,Perusahaan Perseroan Terbatas (PT),Sulawesi Tengah,0607230337065,039507081*******,,,-,1,0,1,LEGAL,Batu Gamping,Batuan,KAB. BANGGAI KEPULAUAN,199.00,,,,,,,,,
GEMILANG BATU KOLO,Perusahaan Perseroan Terbatas (PT),Sulawesi Tengah,1245000520668,42060272*******,085242164423___,,"Jalan Bunga Flamboyan Nomor 17, Kel. Hanga Hanga, Kec.
Luwuk Selatan, Kab. Banggai, Prov. Sulawesi Tengah",1,0,1,LEGAL,Batu Gamping untuk Industri,Mineral Bukan Logam Jenis Tertentu,KAB. MOROWALI UTARA,98.60,,,,,,,,,
GIRI MORI SEJAHTERA,Perusahaan Perseroan Terbatas (PT),Sulawesi Tengah,1011210049227,53159346*******,0216333803_____,,JALAN PEMBANGUNAN I NOMOR 3,1,0,1,LEGAL,Batu Gamping,Batuan,KAB. MOROWALI UTARA,45.00,,,,,,,,,
GITA PERKASA MINERALINDO,Perusahaan Perseroan Terbatas (PT),Sulawesi Tengah,0220202752436,95444807*******,,,,1,0,1,LEGAL,Batu Gunung Quarry Besar,Batuan,KAB. MOROWALI UTARA,160.00,,,,,,,,,
GOSYEN ALAM SEJAHTERA,Perusahaan Perseroan Terbatas (PT),Sulawesi Tengah,1410220001454,61364330*******,081244730108___,,"Desa Kolono, Desa/Kelurahan Kolono, Kec. Bungku Timur, Kab. Morowali,
Provinsi Sulawesi Tengah",1,0,1,LEGAL,Kerikil Berpasir Alami (Sirtu),Batuan,KAB. MOROWALI,11.00,,,,,,,,,
GRAHA BATU PERDANA,Perusahaan Perseroan Terbatas (PT),Sulawesi Tengah,1218000300495,041688938*******,0811511866,,": Jl. Poros Trans Sulawesi Tengah, Desa Bahomohoni,Kel. Bahomohoni , Kec. Bungku Tengah, Kab.Morowali,( Sulawesi Tengah )",1,0,1,LEGAL,Batu Gamping,Batuan,KAB. MOROWALI,122.36,,,,,,,,,
GRAHA ISTIKA UTAMA,Perusahaan Perseroan Terbatas (PT),Sulawesi Tengah,9120008861343,001521792*******,628111128876___,,Jl. Chairil Anwar No 23 Palu,1,0,1,LEGAL,Batu Gamping,Batuan,KAB. MOROWALI,61.50,,,,,,,,,
GRAHA OGE PERKASA,Perusahaan Perseroan Terbatas (PT),Sulawesi Tengah,2202230070757,62901494*******,085241163655___,,JALAN AGATIS KELURAHAN BOYAOGE KECAMATAN TATANGA KOTA PALU SULAWESI TENGAH,1,0,1,LEGAL,Batu Gunung Quarry Besar,Batuan,KAB. DONGGALA,30.57,,,,,,,,,
GRAHA VEGA TODEA,Perusahaan Perseroan Terbatas (PT),Sulawesi Tengah,2401230005576,03227103*******,085240731819___,,JALAN AGATIS PERUM BOYAOGE INDAH,1,0,1,LEGAL,Batu Gunung Quarry Besar,Batuan,KAB. DONGGALA,33.54,,,,,,,,,
GRIYA NUSA TAMBANG,Perusahaan Perseroan Terbatas (PT),Sulawesi Tengah,2408220000858,060733913*******,0811969175,main.griyanusatambang@gmail.com,"Gold Coast Office Tower Liberty Lantai 21 Unit F, Pantai Indah Kapuk",2,0,2,LEGAL,Tanah Urug,Batuan,KAB. BANGGAI,2821.20,,,,,,,,,
GUNUNG BATU ULTIMA,Perusahaan Perseroan Terbatas (PT),Sulawesi Tengah,1276000220838,041345547*******,04518446525,gunungbatuultima.pt@gmail.com,JL. JUANDA 1,1,0,1,LEGAL,Andesit,Batuan,KAB. DONGGALA,39.22,,,,,,,,,
GUNUNG SUKSES VANI,Perusahaan Perseroan Terbatas (PT),Sulawesi Tengah,1901230084229,62493963*******,082153927298___,,Jl. Arif Rahman Hakim No. 48 Rt. 02,1,0,1,LEGAL,Batu Gunung Quarry Besar,Batuan,KAB. DONGGALA,35.24,,,,,,,,,
HADJU PUTRA MANDIRI,Perusahaan Perseroan Terbatas (PT),Sulawesi Tengah,1294000200417,41317160*******,04514134627____,,sungai manonda perumaham galara griya Permai Blok R no 19,1,0,1,LEGAL,Batu Gunung Quarry Besar,Batuan,KAB. DONGGALA,124.64,,,,,,,,,
HAMPARAN PER KASA,Perusahaan Perseroan Terbatas (PT),Sulawesi Tengah,9120204512984,31701066*******,08119401424,hamparanperkasa@gmail.com,Jl. Trans Palu Donggala,1,0,1,LEGAL,Batu Gunung Quarry Besar,Batuan,KAB. DONGGALA,20.08,,,,,,,,,
HANADA LUCKY STONE,Perusahaan Perseroan Terbatas (PT),Sulawesi Tengah,0220109452994,94833328*******,0227830792_____,,"GRAHA PANYILEUKAN ASRI JL. GRAHA PANYILEUKAN RAYA BLOK B NO. 03, RT 001, RW 002",1,0,1,LEGAL,Kerikil Berpasir Alami (Sirtu),Batuan,KAB. DONGGALA,42.30,,,,,,,,,
HARAPAN BARU,Perusahaan Komanditer (CV),Sulawesi Tengah,0220100472327,02518443*******,,,,1,0,1,LEGAL,Batu Gamping untuk Industri,Mineral Bukan Logam Jenis Tertentu,KAB. MOROWALI,64.00,,,,,,,,,
HARAPAN BARU SEJATI,Perusahaan Komanditer (CV),Sulawesi Tengah,01296011100658,96434276*******,082195912015___,,"Desa Kami Wangi, Kec. Toili Barat, Kab. Banggai",1,0,1,LEGAL,Kerikil Berpasir Alami (Sirtu),Batuan,KAB. BANGGAI,12.00,,,,,,,,,
HASAL LOGAM UTAMA,Perusahaan Perseroan Terbatas (PT),Sulawesi Tengah,0220100581747,031605244*******,082271308224,hasallogamutama01@gmail.com,JL.MALONDA,1,0,1,LEGAL,Batu Gunung Quarry Besar,,KOTA PALU,22.05,,,,,,,,,
HASTARI NAWASENA ENERGI,Perusahaan Perseroan Terbatas (PT),Sulawesi Tengah,2103230088364,040281658*******,02127811879____,,"Talavera Suite 18th Floor, Jl TB Simatupang, Cilandak Barat",1,0,1,LEGAL,Batu Gunung Quarry Besar,Batuan,KAB. MOROWALI UTARA,60.00,,,,,,,,,
HEMDEV MINERAL PERKASA,Perusahaan Perseroan Terbatas (PT),Sulawesi Tengah,1108230069233,039947831*******,082299000709,pthemdevmineralperkasa@gmail.com,Jalan Tinumbu No. 3,1,0,1,LEGAL,Batu Gamping,Batuan,KAB. MOROWALI UTARA,98.70,,,,,,,,,
INDAKO BANGUN PERSADA,Perusahaan Perseroan Terbatas (PT),Sulawesi Tengah,9120106701952,70389105*******,082255937673___,Indakopalu93@gmail.com,"JL. Malonda, Kel. Watusampu, KeC. Ulujadi, Kota Palu, Prov. Sulawesi Tengah",1,0,1,LEGAL,Batu Gunung Quarry Besar,Batuan,KOTA PALU,13.07,,,,,,,,,
INDO TAMBANG SENTOSA,Perusahaan Perseroan Terbatas (PT),Sulawesi Tengah,2003240304972,12842027*******,04518452014____,,JL. UNTAD 1 BUMI ROVIEGA KELURAHAN TONDO KECAMATAN MANTIKULORE KOTA PALU PROVINSI SULAWEIS TENGAH,1,0,1,LEGAL,Batu Gunung Quarry Besar,Batuan,KAB. TOLI TOLI,95.97,,,,,,,,,
INDOLOGO SEJAHTERA,Perusahaan Komanditer (CV),Sulawesi Tengah,0220108620229,094942925*******,082220931126___,,"JALAN KARANJA LEMBAH PERUMAHAN KELAPA GADING BLOK AM NO. 36, Kel. Kalukubula, Kec. Sigi Biromaru, Kab. Sigi, Prov. Sulawesi Tengah",1,0,1,LEGAL,Batu Gunung Quarry Besar,Batuan,KAB. DONGGALA,31.37,,,,,,,,,
INDOTAMBANG PASIR UTAMA,Perusahaan Perseroan Terbatas (PT),Sulawesi Tengah,2707220082584,060026193*******,081341762308,indopasma@gmail.com,"Jl.MT. HARYONO No.17
Kompleks Ruko samping mesjid agung ",1,0,1,LEGAL,Kerikil Berpasir Alami (Sirtu),Batuan,KAB. TOJO UNA-UNA,24.00,,,,,,,,,
INIA MPUU SEJAHTERA,Perusahaan Perseroan Terbatas (PT),Sulawesi Tengah,1208220043706,60600132*******,082266336490___,,"Desa Umpanga, Kecamatan Bungku Barat",1,0,1,LEGAL,Kerikil Berpasir Alami (Sirtu),Batuan,KAB. MOROWALI,90.58,,,,,,,,,
INVESTASI STALAKTIT INDONESIA,Perusahaan Perseroan Terbatas (PT),Sulawesi Tengah,1210220068649,061334049*******,087737718200___,,"Ruko Permata Regency Blok D No. 37, Jl. Hj. Kelik Kelurahan Srengseng Kecamatan Kembangan Kota Adm. Jakarta Barat Provinsi DKI Jakarta",1,0,1,LEGAL,Batu Gamping,Batuan,KAB. MOROWALI,68.19,,,,,,,,,
JASATAMA MANDIRI SUKSES,Perusahaan Perseroan Terbatas (PT),Sulawesi Tengah,1260000122525,41236948*******,02716497779____,,"JALAN TASIKMADU-KEBAKKRAMAT KM. 1 NOMOR 17, Kel. Pandeyan, Kec. Tasikmadu, Kab. Karanganyar, Provinsi Jawa Tengah,",1,0,1,LEGAL,Batu Gamping untuk Industri,Mineral Bukan Logam Jenis Tertentu,KAB. MOROWALI,85.73,,,,,,,,,
JUBA PRATAMA,Perusahaan Perseroan Terbatas (PT),Sulawesi Tengah,0219010132951,03213669*******,,,,1,0,1,LEGAL,Batu Gunung Quarry Besar,Batuan,KOTA PALU,8.98,,,,,,,,,
JUYOMI SINAR LABUAN,Perusahaan Perseroan Terbatas (PT),Sulawesi Tengah,8120105902863,01734523*******,0451491199_____,pt.juyomisinarlabuan@yahoo.co.id,"JL. M. H. Thamrin No 17, Kel. Besusu Timur, Kee. Palu Timur, Kota Palu, Prop. Sulawesi Tengah",1,0,1,LEGAL,Kerikil Berpasir Alami (Sirtu),Batuan,KAB. DONGGALA,19.50,,,,,,,,,
KALTIM KHATULISTIWA,Perusahaan Perseroan Terbatas (PT),Sulawesi Tengah,9120305470054,003143833*******,082291518340___,,"Jl. Poros Palu-Donggala, Kel., Jl. Trans Palu-Donggala, Kabonga Besar, Banawa, Kabupaten Donggala, Sulawesi Tengah 94351",1,0,1,LEGAL,Batu Gunung Quarry Besar,,KAB. DONGGALA,35.00,,,,,,,,,
KARIVAN MUDA PRATAMA,Perusahaan Perseroan Terbatas (PT),Sulawesi Tengah,9120003532136,01559709*******,,,,1,0,1,LEGAL,Batu Gunung Quarry Besar,Batuan,KAB. PARIGI MOUTONG,20.06,,,,,,,,,
KARONA MEMBANGUN INDONESIA,Perusahaan Komanditer (CV),Sulawesi Tengah,0601220043083,53711802*******,082349242390___,,"Desa Tulo, Kecamatan Dolo, Kabupaten Sigi - Sulawesi Tengah",1,0,1,LEGAL,Pasir,Batuan,KAB. SIGI,38.68,,,,,,,,,
KARYA SOPAI SEJAHTERA,Perusahaan Perseroan Terbatas (PT),Sulawesi Tengah,9120306830891,75100849*******,082345278880___,,JALAN KARANJALEMBA LORONG LAMBORI,1,0,1,LEGAL,Batu Gunung Quarry Besar,Batuan,KOTA PALU,19.92,,,,,,,,,
KENCANA BATU ALAM,Perusahaan Perseroan Terbatas (PT),Sulawesi Tengah,1005220014956,065230127*******,,,-,1,0,1,LEGAL,Batu Gamping untuk Industri,Mineral Bukan Logam Jenis Tertentu,KAB. MOROWALI,196.90,,,,,,,,,
KHATULISTIWA MINERAL AND MINING,Perusahaan Perseroan Terbatas (PT),Sulawesi Tengah,8120219152877,03191803*******,,,"JL.RUKAN GARDEN HOUSE BLOK B NO 23 PANTAI INDAH KAPUK, Kel. Kapuk Muara, Kec. Penjaringan, Kota Adm. Jakarta Utara, Prov. DKI Jakarta",1,0,1,LEGAL,Batu Gunung Quarry Besar,Batuan,KAB. MOROWALI UTARA,169.20,,,,,,,,,
KURNIA PURNAMA MINERAL,Perusahaan Perseroan Terbatas (PT),Sulawesi Tengah,0211230202625,50956509*******,082290074447___,,JL. VETERAN DESA BARU KECAMATAN BAOLAN KABUATEN TOLI TOLI PROVINSI SULAWESI TENGAH,1,0,1,LEGAL,Batu Kuarsa,Mineral Bukan Logam Jenis Tertentu,KAB. TOLI TOLI,39.00,,,,,,,,,
Kawan Kita Lestari,Perusahaan Perseroan Terbatas (PT),Sulawesi Tengah,9120105821649,71615337*******,02156959060____,,Jl. Panjang 29,1,0,1,LEGAL,Batu Gunung Quarry Besar,Batuan,KOTA PALU,20.00,,,,,,,,,
LABUAN LELEA RATAN,Perusahaan Perseroan Terbatas (PT),Sulawesi Tengah,9120305910121,76329677*******,0811459399_____,,Jl. Mangga No. 61  Kec Labuan Kab Donggala,1,0,1,LEGAL,Kerikil Berpasir Alami (Sirtu),Batuan,KAB. DONGGALA,15.00,,,,,,,,,
LABUAN PERKASA RAYA,Perusahaan Perseroan Terbatas (PT),Sulawesi Tengah,1711220006704,71420364*******,08113611049____,,JL. Lantigau 99,1,0,1,LEGAL,Kerikil Berpasir Alami (Sirtu),Batuan,KAB. DONGGALA,20.83,,,,,,,,,
LAHAN NUSANTARA PERKASA,Perusahaan Perseroan Terbatas (PT),Sulawesi Tengah,0803220059445,63609705*******,0217982498_____,,"GRAHA AL ABDEGEL LT 5 JL. WARUNG JATI BARAT RAYA NO.7, KEL. KALIBATA, KEC. PANCORAN",1,0,1,LEGAL,Batu Gunung Quarry Besar,Batuan,KAB. DONGGALA,47.00,,,,,,,,,
LEWUTO BIMA PERSADA,Perusahaan Perseroan Terbatas (PT),Sulawesi Tengah,9120313042755,081292261*******,,,,1,0,1,LEGAL,Batu Gamping,Batuan,KAB. MOROWALI,178.80,,,,,,,,,
LOGAM JAYA UTAMA,Perusahaan Perseroan Terbatas (PT),Sulawesi Tengah,9120312041516,03277241*******,082122266299___,,"Jl. Kangkung No. 31 Kel. Wawondula, Kec. Towuti, Kab. Luwu Timur, Prop Sulawesi Selatan",1,0,1,LEGAL,Batu Gamping,Batuan,KAB. MOROWALI,58.30,,,,,,,,,
MAEGA ANUGRAH,Perusahaan Komanditer (CV),Sulawesi Tengah,0220200122577,94164092*******,081342975981___,,"Jl. Masumpanga, Komp. Perumahan Graha Tinggede Permai, Blok C-7, Kel. Tinggede, Kec. Marawola, Kab. Sigi, Provinsi Sulawesi Tengah",1,0,1,LEGAL,Batu Gunung Quarry Besar,Batuan,KAB. DONGGALA,30.50,,,,,,,,,
MAHKOTA PERKASA GROUP,Perusahaan Komanditer (CV),Sulawesi Tengah,0310220411843,61200611*******,081388992849___,,"Mertajati, Desa Sausu Peore, Kecamatan Sausu, Kabupaten Parigi Moutong, Provinsi Sulawesi Tengah",1,0,1,LEGAL,Kerikil Berpasir Alami (Sirtu),Batuan,KAB. PARIGI MOUTONG,39.50,,,,,,,,,
MAKMUR TAMIN RAYA,Perusahaan Perseroan Terbatas (PT),Sulawesi Tengah,2007220041083,60270847*******,082259694079___,,"Jalan Trans Sulawesi, Desa Topogaro Kecamatan Bungku Barat Kabupaten Morowali",1,0,1,LEGAL,Batu Gamping,Batuan,KAB. MOROWALI,53.00,,,,,,,,,
MANUNGGAL MULTI STONE,Perusahaan Perseroan Terbatas (PT),Sulawesi Tengah,001230045203,62461951*******,08114538256____,,"Perumahan Citra Land Cluster Leaf Blok A1-09, Andounohu, Poasia 
 Kota Kendari",1,0,1,LEGAL,Batuan,Batuan,KAB. DONGGALA,15.80,,,,,,,,,
MARALES JAYA SENTOSA,Perusahaan Perseroan Terbatas (PT),Sulawesi Tengah,9120017081561,002218986*******,,,JL. TG. TADA NO. 7 PALU SULAWESI TENGAH,1,0,1,LEGAL,Batu Gunung Quarry Besar,Batuan,KAB. DONGGALA,40.00,,,,,,,,,
MEGANITA BUANA PRATAMA,Perusahaan Perseroan Terbatas (PT),Sulawesi Tengah,2108230085763,39273184*******,085398688149___,,JALAN	MUTIARA,1,0,1,LEGAL,Batu Gunung Quarry Besar,Batuan,KAB. DONGGALA,18.56,,,,,,,,,
MEKAR INDAH BERMANFAAT,Perusahaan Komanditer (CV),Sulawesi Tengah,2202220068089,63440116*******,085216452919___,,"Jalan Poros Palu-Kulawi Kilometer 09, Desa/Kelurahan Kabobona, Kec.
Dolo, Kab. Sigi, Provinsi Sulawesi Tengah",1,0,1,LEGAL,Batu Gamping,Batuan,KAB. MOROWALI UTARA,27.40,,,,,,,,,
MENDUI PUTERA ABADI,Perusahaan Komanditer (CV),Sulawesi Tengah,2505220007639,65272440*******,08124474114____,,Mendui Kelurahan Mendui Kecamatan Bungku Tengah Kabupaten Morowali Provinsi Sulawesi Tengah,1,0,1,LEGAL,Batu Gamping,Batuan,KAB. MOROWALI,28.50,,,,,,,,,
MINERAL BUMI PULUTI,Perusahaan Perseroan Terbatas (PT),Sulawesi Tengah,1270000721333,42998921*******,085399285115___,,"Kelurahan Lamberea, Kecamatan Bungku Tengah, Kabupaten
Morowali, Provinsi Sulawesi Tengah",1,0,1,LEGAL,Batu Gamping,Batuan,KAB. MOROWALI,84.00,,,,,,,,,
MINERAL SUMBER ARTHA,Perusahaan Perseroan Terbatas (PT),Sulawesi Tengah,0612220026929,61944315*******,0811555722_____,,"Jl. Tanjung Malakosa, No. 24, Kel. Lolu Selatan, Kec. Palu Timur, Kota Palu Provinsi Sulawesi Tengah",1,0,1,LEGAL,Batu Gunung Quarry Besar,Batuan,KOTA PALU,35.23,,,,,,,,,
MINERALINDO ALAM NUSANTARA,Perusahaan Perseroan Terbatas (PT),Sulawesi Tengah,1611220085339,60981368*******,04114101833____,,"Komp. Bukit Villa Mas Blok C No 9, Desa/Kelurahan Paropo, Kec.
Panakkukang, Kota Makassar, Provinsi Sulawesi Selatan,",1,0,1,LEGAL,Batu Gamping,Batuan,KAB. MOROWALI UTARA,78.60,,,,,,,,,
MITRA CELEBES STEEL INDONESIA,Perusahaan Perseroan Terbatas (PT),Sulawesi Tengah,8120204823909,003059153*******,0451483012_____,,JALAN SAPTA MARGA NO. 12 KEL. BIROBULI SELATAN KEC. PALU SELATA KOTA PALU PROVINSI SULAWESI TENGAH,1,0,1,LEGAL,Andesit,,KAB. DONGGALA,66.00,,,,,,,,,
MOEDA JAYA SEJAHTERA,Perusahaan Perseroan Terbatas (PT),Sulawesi Tengah,2512220008583,62193289*******,02122793747____,,"Graha ADPD, Pejaten Barat, Pasar Minggu, Jakarta Selatan  12510",1,0,1,LEGAL,Batu Gunung Quarry Besar,Batuan,KAB. DONGGALA,38.77,,,,,,,,,
MOFARAH ENERGI TOPOGARO,Perusahaan Perseroan Terbatas (PT),Sulawesi Tengah,2709210036165,43661632*******,0818993036_____,,"jln.kihajar dewantara no.12 Marsaoleh, Bungku Tengah Kab. Morowali Sulawesi Tengah",1,0,1,LEGAL,Batu Gamping,Batuan,KAB. MOROWALI,93.15,,,,,,,,,
MORAMO GAMPING MAKMUR,Perusahaan Perseroan Terbatas (PT),Sulawesi Tengah,2202220083117,063443347*******,08111737379____,,"THE PROMINENCE OFFICE TOWER, LEVEL 28 UNIT C, JALAN JALUR
SUTERA BARAT NOMOR 15, Desa/Kelurahan Panunggangan, Kec. Pinang, Kota Tangerang, Provinsi Banten",1,0,1,LEGAL,Batu Gamping untuk Industri,Mineral Bukan Logam Jenis Tertentu,KAB. BANGGAI,2340.00,,,,,,,,,
MOROWALI BANGKIT SEJAHTERA,Perusahaan Perseroan Terbatas (PT),Sulawesi Tengah,0228010103708,96543524*******,081315686808___,,"DESA BENTE, Kel. Bente, Kec. Bungku Tengah, Kab. Morowali,
Prov. Sulawesi Tengah",1,0,1,LEGAL,Batu Gamping,Batuan,KAB. MOROWALI,788.00,,,,,,,,,
MOROWALI NUSANTARA MINERAL,Perusahaan Perseroan Terbatas (PT),Sulawesi Tengah,0220400861494,75307586*******,085808435980___,,"JL. Larino, Kel. Bahoruru, Kec. Bungku Tengah, Kab. Morowali, Provinsi Sulawesi Tengah, Kode Pos: 94973",1,0,1,LEGAL,Kerikil Berpasir Alami (Sirtu),Batuan,KAB. MOROWALI,7.20,,,,,,,,,
MULIA JAYA MOROWALI,Perusahaan Perseroan Terbatas (PT),Sulawesi Tengah,3011230074648,99258790*******,082292708165___,,Jl. Trans Sulawesi Bungku – Kendari No. 81 – Morowali,1,0,1,LEGAL,Kerikil Berpasir Alami (Sirtu),Batuan,KAB. MOROWALI,50.27,,,,,,,,,
MULIA SILIKA INDONESIA,Perusahaan Perseroan Terbatas (PT),Sulawesi Tengah,2303220027705,63730994*******,0215153533_____,,"PLAZA ASIA LT 6, JL JENDERAL SUDIRMAN KAV 59, JAKARTA SELATAN",1,0,1,LEGAL,Batu Gamping,Batuan,KAB. MOROWALI UTARA,296.60,,,,,,,,,
MURIND PERSADA,Perusahaan Komanditer (CV),Sulawesi Tengah,8120004982173,31685745*******,,,,1,0,1,LEGAL,Batu Gunung Quarry Besar,Batuan,KAB. DONGGALA,15.00,,,,,,,,,
MUTIA KARYA MANDIRI,Perusahaan Komanditer (CV),Sulawesi Tengah,9120101542171,003026693*******,081332147629___,,Jl. BTN Mangasa Permai Blok Z 2/3 Kelurahan Gunung Sari Kelurahan Rappocini,1,0,1,LEGAL,Kerikil Berpasir Alami (Sirtu),,KAB. MOROWALI,9.90,,,,,,,,,
MUTIARA PERDANA ABADI,Perusahaan Komanditer (CV),Sulawesi Tengah,0247011012024,096299570*******,081119042617___,,"Jl.	Swadaya	No.	01	Komplex	Balit,	Kel.	Tanamodindi,	Kec.	Mantikulore,
Kota	Palu, Provinsi	Sulawesi	Tengah, Kode Pos: 94227",1,0,1,LEGAL,Kerikil Berpasir Alami (Sirtu),Batuan,KAB. BANGGAI,25.00,,,,,,,,,
MUTIARA SELATAN,Perusahaan Komanditer (CV),Sulawesi Tengah,0401230048188,061376676*******,,,,1,0,1,LEGAL,Kerikil Berpasir Alami (Sirtu),Batuan,KAB. MOROWALI,5.00,,,,,,,,,
NATURAL PERSADA MOROWALI,Perusahaan Perseroan Terbatas (PT),Sulawesi Tengah,9120303951431,92853839*******,081355581691___,,Jl. Jati jaya No. A/6 RT 04 RW 01 Kel. Tavanjuka Kec. Tatanga Kota Palu Sulawesi Tengah,1,0,1,LEGAL,Batu Gamping,Batuan,KAB. MOROWALI,93.00,,,,,,,,,
NOVUS BUMI PERSADA,Perusahaan Perseroan Terbatas (PT),Sulawesi Tengah,1506230087957,39272003*******,02127650101____,,JL. TB SIMATUPANG KAV. 35 CILANDAK BARAT JAKARTA SELATAN,1,0,1,LEGAL,Batu Gamping,Batuan,KAB. MOROWALI,98.00,,,,,,,,,
Nadya Sederhana Membangun,Perusahaan Perseroan Terbatas (PT),Sulawesi Tengah,1261000121018,80697505*******,08111737379____,,"Jl. Ahmad Yani, Kel. Kolonodale, Kec. Petasia, Kab. Morowali Utara, Provinsi Sulawesi Tengah",1,0,1,LEGAL,Batu Gamping,Batuan,KAB. MOROWALI UTARA,80.00,,,,,,,,,
PALEWAI REZEKI PAMMASE,Perusahaan Perseroan Terbatas (PT),Sulawesi Tengah,2204220051147,63679924*******,082291975866___,,BTN Graha Asri Blok K No. 17,1,0,1,LEGAL,Kerikil Berpasir Alami (Sirtu),Batuan,KAB. MOROWALI,23.00,,,,,,,,,
PALU BATU MADU,Perusahaan Perseroan Terbatas (PT),Sulawesi Tengah,1245002432268,03300425*******,082196664604___,,"JLN. POROS PALU-DONGGALA, KM.16, DESA LOLI SALURAN, KEC. BANAWA, KAB DONGGALA",1,0,1,LEGAL,Batuan,Batuan,KAB. DONGGALA,28.60,,,,,,,,,
PANORAMA FATUTOKO GRUP,Perusahaan Komanditer (CV),Sulawesi Tengah,1004220014854,65002076*******,082349405453___,,Jalan Trans Sulawesi,1,0,1,LEGAL,Kerikil Berpasir Alami (Sirtu),Batuan,KAB. MOROWALI,75.44,,,,,,,,,
PASI WITA AKSATA,Perusahaan Perseroan Terbatas (PT),Sulawesi Tengah,0220208192508,93692685*******,0______________,,"Jl. Raya Jemursari No.76, Blok D-22, Surabaya",1,0,1,LEGAL,Batu Gamping,Batuan,KAB. MOROWALI UTARA,97.57,,,,,,,,,
PENINSULA KAPUR PRIMA,Perusahaan Perseroan Terbatas (PT),Sulawesi Tengah,2609220077376,61118082*******,02129657983____,,"Alamanda Tower lantai 25 
Jl. TB Simatupang Kav. 22-26, Cilandak,",1,0,1,LEGAL,Batu Gamping,Batuan,KAB. MOROWALI,97.00,,,,,,,,,
PERDANA GEOMINE MANDIRI,Perusahaan Perseroan Terbatas (PT),Sulawesi Tengah,2308230075007,50083954*******,082197469393___,,"GRAHA MUTIARA BLOCK C6 12 RT.000 RT.000 TINGGEDE, MARAWOLA KAB. SIGI SULAWESI TENGAH",1,0,1,LEGAL,Batu Gamping,Batuan,KAB. MOROWALI UTARA,24.00,,,,,,,,,
PERMATA INDAH MATABOLO,Perusahaan Perseroan Terbatas (PT),Sulawesi Tengah,2712210011767,53585176*******,082191545304___,,"Dusun III, Desa/Kelurahan Bunta, Kec. Petasia Timur, Kab. Morowali Utara, Provinsi Sulawesi Tengah",1,0,1,LEGAL,Batu Gamping untuk Industri,Mineral Bukan Logam Jenis Tertentu,KAB. MOROWALI UTARA,94.30,,,,,,,,,
PRIMA BERKAT MINERAL,Perusahaan Perseroan Terbatas (PT),Sulawesi Tengah,9120401351194,83648862*******,0215710467_____,,GD STC SENAYAN ROOM.31-34. JL ASIA AFRIKA PINTU IX TANANH ABANG,1,0,1,LEGAL,Batu Gamping,Batuan,KAB. MOROWALI,187.41,,,,,,,,,
PRIMA LESTARI SEJAHTERA GEMILANG,Perusahaan Perseroan Terbatas (PT),Sulawesi Tengah,9120203800226,76540750*******,081245924788___,,Jalan Jati Super No. 9.,1,0,1,LEGAL,Kerikil Berpasir Alami (Sirtu),Batuan,KAB. DONGGALA,19.35,,,,,,,,,
PRIMA MINERAL ABADI,Perusahaan Perseroan Terbatas (PT),Sulawesi Tengah,9120301201148,83648861*******,,,,1,0,1,LEGAL,Batu Gamping,Batuan,KAB. MOROWALI,495.35,,,,,,,,,
PRIMA MOROWALI SEJAHTERA,Perusahaan Perseroan Terbatas (PT),Sulawesi Tengah,0224010211309,096598926*******,085341500815___,,"Jl. Y. Wayong Perumahan Graha Wika Furi Indah Blok D No 1, Ruko Warkop Ana Wonua",1,0,1,LEGAL,Batu Gamping,Batuan,KAB. MOROWALI,164.45,,,,,,,,,
PRIMA TAMBANG SEMESTA,Perusahaan Perseroan Terbatas (PT),Sulawesi Tengah,0607230331362,39507154*******,,,-,1,0,1,LEGAL,Batu Gamping,Batuan,KAB. BANGGAI KEPULAUAN,199.00,,,,,,,,,
PT AAL RIZKI TADANGPALIE,"Badan Hukum (selain PT, Yayasan dan Koperasi)",Sulawesi Tengah,0220004252809,02794178*******,0811985400,feresiahaan@gmail.com,"CEO Building 12th Fl., Jl. TB Simatupang No 18C, ",1,0,1,LEGAL,Besi,Mineral Logam,KAB. DONGGALA,5248.00,,,,,,,,,
PUTERA SIUNA PERKASA,Perusahaan Perseroan Terbatas (PT),Sulawesi Tengah,2302220077463,63268745*******,082244881884___,,"Jalan Trans Desa Siuna, Desa/Kelurahan Siuna, Kec. Pagimana, Kab.
Banggai, Provinsi Sulawesi Tengah",1,0,1,LEGAL,Batu Gamping,Batuan,KAB. BANGGAI,52.00,,,,,,,,,
PUTRA ELAN BALINDO,Perusahaan Perseroan Terbatas (PT),Sulawesi Tengah,9120006952465,002794242*******,,,Jl. Malonda KM 11,1,0,1,LEGAL,Batu Gunung Quarry Besar,Batuan,KOTA PALU,17.86,,,,,,,,,
PUTRA LABUAN SULAWESI,Perusahaan Perseroan Terbatas (PT),Sulawesi Tengah,9120206190898,082403768*******,085959678067___,,JL. TARAGENGGE NO 268,1,0,1,LEGAL,Kerikil Berpasir Alami (Sirtu),,KAB. DONGGALA,10.00,,,,,,,,,
PUTRA SEJAHTERA MEMBANGUN,Perusahaan Perseroan Terbatas (PT),Sulawesi Tengah,2511220063256,61876755*******,081230054818___,,DESA EMEA,1,0,1,LEGAL,Kerikil Berpasir Alami (Sirtu),Batuan,KAB. MOROWALI,87.00,,,,,,,,,
RAHMAH CIPTA KHATULISTIWA,Perusahaan Perseroan Terbatas (PT),Sulawesi Tengah,8120317122926,072797651*******,085333299515___,,"JL Wisata No 24 Tanjung karang, kel labuan bajo, kec banawa, kab donggala, prov sulawesi Tengah",1,0,1,LEGAL,Kerikil Berpasir Alami (Sirtu),Batuan,KAB. DONGGALA,10.00,,,,,,,,,
REKAYASA BUMI MOROWALI,Perusahaan Perseroan Terbatas (PT),Sulawesi Tengah,9120206951332,92809845*******,6281355581691__,,Jl. Jati Jaya No A/6 Kel. Tavanjuka Kec. Tatanga Kota Palu Sulawesi Tengah,1,0,1,LEGAL,Batu Gamping,Batuan,KAB. MOROWALI UTARA,34.60,,,,,,,,,
REZKY UTAMA JAYA,Perusahaan Perseroan Terbatas (PT),Sulawesi Tengah,0224010181714,96502446*******,081366131373___,,"Desa Unsongi, Kel. Unsongi, Kec. Bungku Timur, Kab. Morowali,
Prov. Sulawesi Tengah",1,0,1,LEGAL,Batu Gamping,Batuan,KAB. MOROWALI,190.00,,,,,,,,,
RISGUN PERKASA ABADI,Perusahaan Perseroan Terbatas (PT),Sulawesi Tengah,0220003241738,002218541*******,,,,1,0,1,LEGAL,Batu Gunung Quarry Besar,Batuan,KOTA PALU,21.97,,,,,,,,,
SAMUDRA LIMESTONE ABADI,Perusahaan Perseroan Terbatas (PT),Sulawesi Tengah,1402230064537,61268927*******,087737718200___,,"Infiniti Office, MTH Square GF, A4 A Jl. Letjen MT Haryono Kav. 10 Kelurahan Bidara Cina Kecamatan Jatinegara Kota Adm. Jakarta Timur Provinsi DKI Jakarta",1,0,1,LEGAL,Batu Gamping,Batuan,KAB. MOROWALI,99.30,,,,,,,,,
SANDY KARYA MOROWALI,Perusahaan Komanditer (CV),Sulawesi Tengah,0220007300764,94476295*******,082292421108___,,Jln Saptamarga Kelurahan Botu Kecamatan Dumbo Raya Kota Gorontalo Provinsi Gorontalo,1,0,1,LEGAL,Batu Gamping,Batuan,KAB. MOROWALI,37.43,,,,,,,,,
SANTINA MAJU BERSAMA,Perusahaan Komanditer (CV),Sulawesi Tengah,9120216062412,093203414*******,08114561750____,,"JALAN DAYODARA BTN LAGARUTU CPI 1 BLOK T NOMOR 13, , Kota
Palu, Provinsi Sulawesi Tengah",1,0,1,LEGAL,Batu Gamping,Batuan,KAB. MOROWALI UTARA,23.35,,,,,,,,,
SENTOSA SWADAYA TAMA,Perusahaan Perseroan Terbatas (PT),Sulawesi Tengah,9120008220416,071258713*******,02129364412____,,"KOMP. RUKO JL. KRAMAT JAYA RT. 002/014, KEL. TUGU UTARA, KEC. KOJA",1,0,1,LEGAL,Batu Gunung Quarry Besar,Batuan,KAB. TOLI TOLI,164.06,,,,,,,,,
SENTRAL LABUAN TEGAR MANDIRI,Perusahaan Perseroan Terbatas (PT),Sulawesi Tengah,018112839831000,01811283*******,,,DESA LABUHAN,1,0,1,LEGAL,Kerikil Berpasir Alami (Sirtu),Batuan,KAB. DONGGALA,10.00,,,,,,,,,
SENTRAL SILIKA ABADI,Perusahaan Perseroan Terbatas (PT),Sulawesi Tengah,2303220016949,63731136*******,0215153533_____,,"PLAZA ASIA LANTAI 6, JALAN JENDERAL SUDIRMAN KAV. 59,
Desa/Kelurahan Senayan, Kec. Kebayoran Baru, Kota Adm. Jakarta Selatan, Provinsi DKI Jakarta, Kode Pos: 12190",1,0,1,LEGAL,Batu Gamping,Batuan,KAB. MOROWALI UTARA,37.05,,,,,,,,,
SILKAR NATIONAL,Perusahaan Perseroan Terbatas (PT),Sulawesi Tengah,9120202641342,01305407*******,,,,1,0,1,LEGAL,Batu Gunung Quarry Besar,Batuan,KAB. PARIGI MOUTONG,9.31,,,,,,,,,
SINAR MESTIKA NUSANTARA,Perusahaan Perseroan Terbatas (PT),Sulawesi Tengah,0220201370023,01760543*******,,,"KOMP. KEBAYORAN MALL NO.12A. JL. KYAI MAJA, JAKSEL",1,0,1,LEGAL,Batu Gamping,Batuan,KAB. MOROWALI UTARA,95.50,,,,,,,,,
SINAR MUTIARA MEGALITHINDO,Perusahaan Perseroan Terbatas (PT),Sulawesi Tengah,9120012190913,001734455*******,082191373588,sinarmutiara966@gmail.com,"JL. PALU - DONGGALA KM. 14, LOLI OGE",1,0,1,LEGAL,Batu Gunung Quarry Besar,Batuan,KAB. DONGGALA,10.00,,,,,,,,,
SOIL EXCAVATION,Perusahaan Komanditer (CV),Sulawesi Tengah,8120010281832,84668481*******,085340041485___,soilexcavation@yahoo.com,"JLN. YOS SUDARSO, KEL. KOROLAKI, KEC. PETASIA, KAB. MOROWALI UTARA, PROV. SULAWESI TENGAH",1,0,1,LEGAL,Batu Gamping,Batuan,KAB. MOROWALI UTARA,9.70,,,,,,,,,
SUKENA WALET,Perusahaan Komanditer (CV),Sulawesi Tengah,0911220358616,061646297*******,082292602905___,,"DUSUN II, DESA TOMPIRA KECAMATAN PETASIA TIMUR KABUPATEN MOROWALI UTARA PROVINSI SULAWESI TENGAH",1,0,1,LEGAL,Pasir,Batuan,KAB. MOROWALI UTARA,35.60,,,,,,,,,
SULAWESI UTAMA MANDIRI,Perusahaan Komanditer (CV),Sulawesi Tengah,0220007360366,03152349*******,081340048045___,,"Jl. Sedap Malam No.5 Kel. Besusu Tengah, Kec. Palu Timur, Kota Palu, Prov. Sulawesi Tengah",1,0,1,LEGAL,Batu Gamping,Batuan,KAB. MOROWALI,109.68,,,,,,,,,
SUMBAR MAKMUR BATUAN,Perusahaan Perseroan Terbatas (PT),Sulawesi Tengah,1412220067946,062096329*******,08125382090____,,"JL. ARIF RAHMAN HAKIM NOMOR 48 RT 02 RW. SUNGAI PINANG LUAR, SAMARINDA KOTA SAMARINDA KALIMANTAN TIMUR",1,0,1,LEGAL,Batu Gunung Quarry Besar,Batuan,KAB. DONGGALA,19.32,,,,,,,,,
SUMBER BATU NUSANTARA,Perusahaan Perseroan Terbatas (PT),Sulawesi Tengah,1205220051937,65234154*******,082291164705___,,SUNGAI SADDANG,1,0,1,LEGAL,Batu Gamping,Batuan,KAB. MOROWALI UTARA,51.96,,,,,,,,,
SUMBER BATUAN PRIMA,Perusahaan Perseroan Terbatas (PT),Sulawesi Tengah,8120007921334,082622091*******,08125511886,ptsbp.palu@gmail.com,JALAN POROS PALU DONGGALA,1,0,1,LEGAL,Batu Gunung Quarry Besar,Batuan,KOTA PALU,10.20,,,,,,,,,
SUMBER GLORI MAKMUR,Perusahaan Perseroan Terbatas (PT),Sulawesi Tengah,9120008132644,086129761*******,0216124719_____,,"Ruko Mangga Dua Mall No. 20 Lt. 4 Jl. Mangga Dua Raya, Kel. Mangga Dua Selatan, Kec. Sawah Besar, Jakarta Pusat, DKI Jakarta",1,0,1,LEGAL,Kerikil Berpasir Alami (Sirtu),,KAB. MOROWALI,18.23,,,,,,,,,
TAMA OTOLU METUTUAI,Perusahaan Komanditer (CV),Sulawesi Tengah,2604220016538,65184280*******,081242363790___,,DESA LANONA,1,0,1,LEGAL,Kerikil Berpasir Alami (Sirtu),Batuan,KAB. MOROWALI,49.20,,,,,,,,,
TAMBANG MAJU GLOBAL,Perusahaan Perseroan Terbatas (PT),Sulawesi Tengah,1810230028182,50745533*******,08114538256____,,jl yos sudarso,1,0,1,LEGAL,Batu Gunung Quarry Besar,Batuan,KOTA PALU,10.04,,,,,,,,,
TENAGA RESOURCES,Perusahaan Perseroan Terbatas (PT),Sulawesi Tengah,9120211240155,021009678*******,02122764332____,,"JL.CIPUTAT RAYA NO.26.PONDOK PINANG,KEBAYORAN
LAMA,JAKARTA SELATAN, Kel. , Kec. , Kota Adm. Jakarta
Selatan, Prop. DKI Jakarta",1,0,1,LEGAL,Kerikil Berpasir Alami (Sirtu),,KAB. TOLI TOLI,16.73,,,,,,,,,
TERA LIMESTONE SEJAHTERA,Perusahaan Perseroan Terbatas (PT),Sulawesi Tengah,1210220081203,61298498*******,087737718200___,,"MENARA CAKRAWALA LT 12, UNIT 1205 A, JL MH THAMRIN NO. 9 KELURAHAN KEBON SIRIH KECAMATAN MENTENG KOTA ADM JAKARTA PUSAT PROVINSI DKI JAKARTA",1,0,1,LEGAL,Batu Gamping,Batuan,KAB. MOROWALI,98.60,,,,,,,,,
TOHA BATU PALU,Perusahaan Perseroan Terbatas (PT),Sulawesi Tengah,9120111040883,074024991*******,085299721152___,,"Jl. Malonda, Kel. Buluri, Kec Ulujadi Kota Palu, Sulawesi Tengah",1,0,1,LEGAL,Batuan,Batuan,KOTA PALU,28.58,,,,,,,,,
TOLI TOLI KARYA PERSADA,Perusahaan Perseroan Terbatas (PT),Sulawesi Tengah,9120412063016,092926882*******,0811810277_____,,"Jl. KH. Wahid Hasyim 1 No. 26, Kota Samarinda",1,0,1,LEGAL,Batu Gunung Quarry Besar,Batuan,KAB. TOLI TOLI,49.00,,,,,,,,,
TOLI TOLI PERKASA,Perusahaan Perseroan Terbatas (PT),Sulawesi Tengah,9120313100873,093285464*******,021227647332___,,"Gedung Alamanda Tower Lt. 22 Kav 23-24 RT. 001 RW. 001 Jl. TB. Simatupang, Cilandak Barat, Cilandak, Jakarta Selatan",1,0,1,LEGAL,Batu Gunung Quarry Besar,,KAB. TOLI TOLI,49.29,,,,,,,,,
TOLITOLI ANUGERAH BERSAMA,Perusahaan Perseroan Terbatas (PT),Sulawesi Tengah,0512230097423,099149986*******,,,-,1,0,1,LEGAL,Batu Gunung Quarry Besar,Batuan,KAB. TOLI TOLI,47.29,,,,,,,,,
TOMBAL JAYA SIRTU,Perusahaan Perseroan Terbatas (PT),Sulawesi Tengah,1269000420585,042044815*******,081190049423,info-tjs@tombaljayasirtu.co.id,JL. METEOROLOGI BLOK GARDENIA I NO. 4 PALU,1,0,1,LEGAL,Batu Gunung Quarry Besar,,KAB. BANGGAI,49.00,,,,,,,,,
TOMPE MINERAL MINING,Perusahaan Perseroan Terbatas (PT),Sulawesi Tengah,0902230044225,62195334*******,08114538256____,,jl. veteran no. 77,1,0,1,LEGAL,Kerikil Berpasir Alami (Sirtu),Batuan,KAB. DONGGALA,82.11,,,,,,,,,
TRI MEGA ADHIRAJASA,Perusahaan Perseroan Terbatas (PT),Sulawesi Tengah,9120019140072,093194914*******,08119401424____,ptbbtm@gmail.com,"KANTOR TAMAN E3.3 UNIT A5 JL. MEGA KUNINGAN LOT 8.6-8.7 KAWASAN MEGA KUNINGAN, KEL. KUNINGAN TIMUR, KEC. SETIABUDI, JAKARTA SELATAN",1,0,1,LEGAL,Batu Gunung Quarry Besar,,KAB. TOLI TOLI,172.09,,,,,,,,,
TRIO KENCANA,Perusahaan Perseroan Terbatas (PT),Sulawesi Tengah,9120006912696,002336790*******,,PT.TRIOKENCANA19@GMAIL.COM,"JALAN BANTENG NO.28 D, KEL. BIROBULI SELATAN, KEC PALU SELATAN",1,0,1,LEGAL,Emas,Mineral Logam,KAB. PARIGI MOUTONG,15725.00,,,,,,,,,
TUNAS KASIH ANDHIKABAKTI,Perusahaan Perseroan Terbatas (PT),Sulawesi Tengah,1012210004825,02433380*******,,,,1,0,1,LEGAL,Molibdenum,,KAB. TOLI TOLI,600.00,,,,,,,,,
UTAMA SIRTU ABADI,Perusahaan Perseroan Terbatas (PT),Sulawesi Tengah,9120302832121,003293522*******,0451-4133488,,"Jln. Malonda Kel. Watusampu, Kec. Ulujadi Sulawesi Tengah",1,0,1,LEGAL,Batu Gunung Quarry Besar,,KOTA PALU,9.80,,,,,,,,,
VICTORY CEMERLANG LESTARI BERSAMA,Perusahaan Komanditer (CV),Sulawesi Tengah,0220001232409,94401626*******,085394234737___,,Jl. Palu Nagaya No. 412 RT. 001/RW.12 Kel.Tondo,1,0,1,LEGAL,Batuan,Batuan,KAB. DONGGALA,13.13,,,,,,,,,
WADI AL AINI MEMBANGUN,Perusahaan Perseroan Terbatas (PT),Sulawesi Tengah,9120302971926,,,,,2,0,2,LEGAL,Batu Gunung Quarry Besar; Kerikil Berpasir Alami (Sirtu),Batuan,KAB. DONGGALA,34.12,,,,,,,,,
WAHYU NUSANTARA INDONESIA,Perusahaan Perseroan Terbatas (PT),Sulawesi Tengah,2610220002043,061457187*******,081244730108,wahyunusantaraindonesia@gmail.com,Jalan Dr. Moh. Hatta Nomor 55,1,0,1,LEGAL,Kerikil Berpasir Alami (Sirtu),Batuan,KAB. SIGI,20.00,,,,,,,,,
WAHYU RIZKY,Perusahaan Komanditer (CV),Sulawesi Tengah,1280001412306,73190291*******,08114518838____,,"Desa Mantawa, Kel. Mantawa, Kec. Toili Barat, Kab. Banggai,
Prov. Sulawesi Tengah",1,0,1,LEGAL,Kerikil Berpasir Alami (Sirtu),Batuan,KAB. BANGGAI,14.00,,,,,,,,,
WATU MERIBA JAYA,Perusahaan Perseroan Terbatas (PT),Sulawesi Tengah,9120009261424,03115893*******,,,"JL GUSTI NGURAH RAI NO 28, TAWANJUKA, PALU SELATAN, KOTA PALU, SULAWESI TENGAH",1,0,1,LEGAL,Batu Gunung Quarry Besar,Batuan,KOTA PALU,18.58,,,,,,,,,
WATU SINAI ABADI,Perusahaan Perseroan Terbatas (PT),Sulawesi Tengah,9120202840051,003152361*******,,,"JL. RAYA PALU-DONGGALA KM 10 RT 2 RW 4 BULURI, KOTA PALU",1,0,1,LEGAL,Batu Gunung Quarry Besar,Batuan,KOTA PALU,18.70,,,,,,,,,
WIKA MANUNGGAL PERKASA,Perusahaan Perseroan Terbatas (PT),Sulawesi Tengah,0510210033833,43280683*******,082360330399___,,JALAN TRANS SULAWESI NOMOR 07 (RUKAN PMS PLAZA),1,0,1,LEGAL,Kerikil Berpasir Alami (Sirtu),Batuan,KAB. MOROWALI,51.65,,,,,,,,,
AKSAN RAYA PERKASA,Perusahaan Perseroan Terbatas (PT),Sulawesi Tenggara,1501230020876,75837244*******,0811408402_____,,JL. GUNUNG NIPA-NIPA NO. 11,1,0,1,LEGAL,Pasir Kuarsa,Mineral Bukan Logam Jenis Tertentu,KAB. KONAWE SELATAN,221.27,,,,,,,,,
ALAM MITRA MANDIRI,Perusahaan Perseroan Terbatas (PT),Sulawesi Tenggara,9120103781621,002791570*******,02130003615,ptamm.asphalt@gmail.com,"JL. SURYOPRANOTO NO. 2, KOMPLEK HARMONI PLAZA BLOK B 42",1,0,1,LEGAL,Batuan Aspal,Batubara,KAB. BUTON,251.00,,,,,,,,,
ALESHA INTI BUMI,Perusahaan Perseroan Terbatas (PT),Sulawesi Tenggara,3005220065979,065593261*******,0811400833_____,,"Jl. Malaka Kompleks Citraland Blok G1 Nomor 09, Kel. Andonohu, Kec. Poasia, Kota Kendari, Provinsi Sulawesi Tenggara",2,0,2,LEGAL,Batu Gamping untuk Industri,Mineral Bukan Logam Jenis Tertentu,KAB. KONAWE SELATAN,107.62,,,,,,,,,
ALEXANDRA INTI BUMI,Perusahaan Perseroan Terbatas (PT),Sulawesi Tenggara,3005220066214,65593317*******,0811400833_____,,"JL. MALAKA KOMPLEKS CITRALAND BLOK G1 NOMOR 09, Kelurahan Andonohu, Kec. Poasia, Kota Kendari, Provinsi Sulawesi Tenggara",1,0,1,LEGAL,Pasir Kuarsa,Mineral Bukan Logam Jenis Tertentu,KAB. BOMBANA,86.91,,,,,,,,,
ANEKA BATUAN INDONESIA,Perusahaan Perseroan Terbatas (PT),Sulawesi Tenggara,0403220019852,063394116*******,02129670591____,,"APL	Tower	Lantai	38	Unit	T5-T6, Jalan Letjen S. Parman, Kavling 28, Kelurahan Tanjung	Duren Selatan, Kec. Grogol Petamburan, Kota Adm. Jakarta	Barat, Provinsi DKI	Jakarta",1,0,1,LEGAL,Batu Gamping untuk Industri,Mineral Bukan Logam Jenis Tertentu,KAB. KONAWE UTARA,1226.09,,,,,,,,,
ANUGRAH ALAM BUANA INDONESIA,Perusahaan Perseroan Terbatas (PT),Sulawesi Tenggara,1268000132595,002747362*******,,,JLN RAYA LIDAH WETAN NO 14-15 KEL LIDAH WETAN KEC LAKARSANTRI,1,0,1,LEGAL,Emas,Mineral Logam,KAB. BOMBANA,2000.00,,,,,,,,,
ARYOS MINERAL INDONESIA,Perusahaan Perseroan Terbatas (PT),Sulawesi Tenggara,null_17250,,82198980438,,"JL. Pierre tendean no 99 , Desa/Kelurahan Baruga, Kec. Baruga.
Kode Pos: 93116",1,0,1,LEGAL,,Mineral Logam,KOTA KENDARI,,,,,,,,,,
AYASKARA ALAM NUSANTARA,Perusahaan Perseroan Terbatas (PT),Sulawesi Tenggara,0403220027419,063383936*******,02129670591____,,"APL Tower Lantai	38, Unit T5-T6, Jalan Letjen S. Parman, Kavling 28, Kelurahan Tanjung Duren Selatan, Kec. Grogol Petamburan, Kota Adm. Jakarta Barat, Provinsi DKI Jakarta.",1,0,1,LEGAL,Batu Gamping untuk Industri,Mineral Bukan Logam Jenis Tertentu,KAB. MUNA,464.20,,,,,,,,,
BENTENG GUNUNG MAS,Perusahaan Perseroan Terbatas (PT),Sulawesi Tenggara,2704230066211,40689543*******,081287778899___,,"18 Office Park Building 21TH Floor Unit C, Jl Kebagusan, Pasar Minggu Kota Adm. Jakarta Selatan DKI Jakarta",1,0,1,LEGAL,Batu Gamping untuk Industri,Mineral Bukan Logam Jenis Tertentu,KAB. KONAWE SELATAN,15.75,,,,,,,,,
BHUMI MINERAL PRATAMA,Perusahaan Perseroan Terbatas (PT),Sulawesi Tenggara,2710220085904,60364675*******,0216915525_____,,"Jl. Tiang Bendera V No 41-43 Roa Malaka, Tambora",1,0,1,LEGAL,Batu Gamping untuk Industri,Mineral Bukan Logam Jenis Tertentu,KAB. BUTON,4837.80,,,,,,,,,
BINTANG DELAPAN RESOURCES,Perusahaan Perseroan Terbatas (PT),Sulawesi Tenggara,null_9668,02845890*******,021 4529001,,"Komplek Pertokoan Taman Meruya Blok M nomor 23, Desa/Kelurahan
Meruya Utara, Kec. Kembangan, Kota Adm. Jakarta Barat, Provinsi DKI
Jakarta,
Kode Pos: 11620",1,0,1,LEGAL,,Mineral Logam,KAB. KONAWE UTARA,,,,,,,,,,
BINTANG ENERGI MINERAL,Perusahaan Perseroan Terbatas (PT),Sulawesi Tenggara,0220000731956,84629068*******,082283142182___,,Jln. Martandu Lorong Kharisma IV Kel. Kambu Kec. Kambu Kendari,1,0,1,LEGAL,Pasir Kuarsa,Mineral Bukan Logam Jenis Tertentu,KAB. KONAWE SELATAN,1031.10,,,,,,,,,
BINTANG MOROSI SEJAHTRA,Perusahaan Perseroan Terbatas (PT),Sulawesi Tenggara,9120210211613,93670701*******,085242662927___,,Jl. Mayjend Katamso,1,0,1,LEGAL,Batu Gamping,Batuan,KAB. KONAWE UTARA,33.20,,,,,,,,,
BINTANG ROHI,Perusahaan Perseroan Terbatas (PT),Sulawesi Tenggara,1246000322759,03340328*******,,bintang.rohi@gmail.com,Jl. Supu Yusuf No. 19 Komplek Plaza Kubra Kel. Korumba Kec. Mandonga Kota Kendari Prov. Sulawesi Tenggara,1,0,1,LEGAL,Batu Gamping,Batuan,KAB. MUNA,151.89,,,,,,,,,
BITUMEN ALAM INDONESIA,Perusahaan Perseroan Terbatas (PT),Sulawesi Tenggara,9120104771426,003324278*******,02130003615,,"Jl. Suryopranoto No. 2, Komplek Harmoni Plaza Blok B No. 42",1,0,1,LEGAL,Batuan Aspal,Batubara,KAB. BUTON,1751.00,,,,,,,,,
BUKIT GAMPING RESOURCES,Perusahaan Perseroan Terbatas (PT),Sulawesi Tenggara,0609220132913,60842269*******,085298006362___,,"DESA GUNDU GUNDU,	Kec. Mawasangka Tengah",1,0,1,LEGAL,Batu Gamping untuk Industri,Mineral Bukan Logam Jenis Tertentu,KAB. BUTON TENGAH,624.55,,,,,,,,,
BUMI ALAM SEMESTA,Perusahaan Perseroan Terbatas (PT),Sulawesi Tenggara,0302230060448,02930345*******,,,"JL. KAMBOJA UJUNG NO.15 RT.009, RW. 006 KEL. KOTA BUMBU UTARA, KEC. PALMERAH JAKARTA BARAT & JL. K.H. MAS MANSYUR KAV. 126 JAKARTA 10220",1,0,1,LEGAL,Batu Gamping,Batuan,KAB. KONAWE UTARA,2000.00,,,,,,,,,
BUMI NIAGA LESTARI,Perusahaan Perseroan Terbatas (PT),Sulawesi Tenggara,9120007701939,002189639*******,02130003615,ptbnl.asphalt@gmail.com,"JL. SURYOPRANOTO NO. 2, KOMPLEK HARMONI PLAZA BLOK B 42",1,0,1,LEGAL,Batuan Aspal,Batubara,KAB. BUTON,196.00,,,,,,,,,
BUMI NIAGA MANDIRI,Perusahaan Perseroan Terbatas (PT),Sulawesi Tenggara,1227005412225,42128087*******,085218818171___,,"DESA LALOWARU,  Kec. Lasolo, Kab. Konawe
Utara, Provinsi Sulawesi Tenggara,",1,0,1,LEGAL,Pasir,Batuan,KAB. KONAWE UTARA,5.00,,,,,,,,,
BUMINDO INTI CEMERLANG,Perusahaan Perseroan Terbatas (PT),Sulawesi Tenggara,9120009771221,071029497*******,,,WISMA BENHIL LT. DASAR BLOK C NO. 7 JL. JEND. SUDIRMAN KAV.36 JAKARTA PUSAT,1,0,1,LEGAL,Batuan Aspal,Batubara,KAB. BUTON,400.00,,,,,,,,,
BUNGA TAMBANG NUSANTARA,Perusahaan Perseroan Terbatas (PT),Sulawesi Tenggara,9120104701529,002746095*******,0216319393,,"JL.SURYOPRANOTO II, KOMPLEK HARMONI PLAZA B NO.42 JAKARTA PUSAT",1,0,1,LEGAL,Batuan Aspal,Batubara,KAB. BUTON,2000.00,,,,,,,,,
CAHAYA ALAM NUSANTARA,Perusahaan Komanditer (CV),Sulawesi Tenggara,1281000210234,72044596*******,,,"DESA MATA WAWATU, RT 000, RW 000",1,0,1,LEGAL,Batu Gamping,Batuan,KAB. KONAWE SELATAN,7.00,,,,,,,,,
CAHAYA CEMERLANG,Perusahaan Komanditer (CV),Sulawesi Tenggara,9120108172541,,082187532345,cahayacemerlang19@gmail.com,DESA MATANGGONAWE RT. 002 RW. 002 KEC. SAWA KAB. KONAWE UTARA,1,0,1,LEGAL,Batu Gamping untuk Industri,Mineral Bukan Logam Jenis Tertentu,KAB. KONAWE UTARA,38.41,,,,,,,,,
CAHAYA KARYA PERSADA,Perusahaan Perseroan Terbatas (PT),Sulawesi Tenggara,9120104741028,072940856*******,0216319393,,"JL.SURYOPRANOTO II, KOMPLEK HARMONI PLAZA B NO 42 JAKARTA PUSAT",1,0,1,LEGAL,Batuan Aspal,Batubara,KAB. BUTON,580.00,,,,,,,,,
CAHAYA RIZQI PERDANA,Perusahaan Komanditer (CV),Sulawesi Tenggara,0708230139554,73907894*******,081381743676___,,"JALAN INOWA, Desa/Kelurahan Puunaaha, Kec. Unaaha",1,0,1,LEGAL,Batu Gamping untuk Industri,Mineral Bukan Logam Jenis Tertentu,KAB. KONAWE UTARA,48.32,,,,,,,,,
CAHAYA SULTRA INDONESIA,Perusahaan Perseroan Terbatas (PT),Sulawesi Tenggara,9120401202086,75128861*******,085273581928___,,"KAWASAN INDUSTRI VIRTU DRAGON NOMOR	111, Desa/Kelurahan Morosi",1,0,1,LEGAL,Batu Gamping untuk Industri,Mineral Bukan Logam Jenis Tertentu,KAB. KONAWE SELATAN,162.34,,,,,,,,,
CATUR BINTANG SEJAHTERA,Perusahaan Perseroan Terbatas (PT),Sulawesi Tenggara,1011220493213,61677921*******,0811403073_____,,"CITRALAND CLUSTER BLUE STONE NO. H-01/18, Desa/Kelurahan
Andonohu, Kec. Poasia, Kota Kendari, Provinsi Sulawesi Tenggara",1,0,1,LEGAL,Pasir Kuarsa,Mineral Bukan Logam Jenis Tertentu,KAB. BOMBANA,199.11,,,,,,,,,
CITRA KHUSUMA SULTRA,Perusahaan Perseroan Terbatas (PT),Sulawesi Tenggara,8120210250143,002605549*******,081274000666,cksmorut@gmail.xom,JL. MALAKA RUKO SPAZIA CITRALAND KENDARI BLOK K NO. 12,1,0,1,LEGAL,Batu Gamping,,KAB. KONAWE SELATAN,122.00,,,,,,,,,
DIAMOND ALFA PROPERTINDO,Perusahaan Perseroan Terbatas (PT),Sulawesi Tenggara,9120004731772,073469681*******,040134119230853,pt_dap@gmail.com,"Jl. Gunung Melihu, Perumahan Diamond Alfa Blok A No. 1 Kel. Tobuuha Kec. Puuwatu Kota Kendari Provinsi Sulawesi Tenggara",1,0,1,LEGAL,Kalsit,Mineral Bukan Logam,KAB. BUTON TENGAH,4331.95,,,,,,,,,
EVI ANDRIANI SYAM,Perusahaan Perseroan Terbatas (PT),Sulawesi Tenggara,2104250010368,100000000*******,085241914424___,,"Jalan Poros Kolaka-Pomalaa, Kec Baula",1,0,1,LEGAL,Peridotit,Batuan,KAB. KOLAKA,23.83,,,,,,,,,
FARDAN TOLAKINDO PERKASA,Perusahaan Komanditer (CV),Sulawesi Tenggara,2806220080016,72062646*******,082227637224___,,JL GUNUNG NIPA-NIPA NO 11,1,0,1,LEGAL,Batu Gamping,Batuan,KAB. KONAWE SELATAN,131.49,,,,,,,,,
GAMPING KOLAKA SEJAHTERA,Perusahaan Perseroan Terbatas (PT),Sulawesi Tenggara,0220104142303,94046216*******,081341505055,sigmautama2020@gmail.com,JL. SULTAN HASANUDDIN NO. 60,1,0,1,LEGAL,Kerikil Berpasir Alami (Sirtu),Batuan,KAB. KOLAKA,95.55,,,,,,,,,
GARUDA PERKASA NUSANTARA,Perusahaan Perseroan Terbatas (PT),Sulawesi Tenggara,9120008701231,071028988*******,,,JL. GUNUNG SAHARI V NO. 9A JAKARTA PUSAT,1,0,1,LEGAL,Batuan Aspal,Batubara,KAB. BUTON,1871.00,,,,,,,,,
GASING SULAWESI,Perusahaan Perseroan Terbatas (PT),Sulawesi Tenggara,8120216212608,01937066*******,0411424641_____,,"JL. TIMAH V NO.9 KEL. BALLAPARANG, KEC. RAPPOCINI, KOTA MAKASSAR, SULAWESI SELATAN",1,0,1,LEGAL,Pasir Kuarsa,Mineral Bukan Logam Jenis Tertentu,KAB. KOLAKA,103.46,,,,,,,,,
GASING SULAWESI MINERAL,Perusahaan Perseroan Terbatas (PT),Sulawesi Tenggara,1709240001258,012699339*******,085399061865,gasingsulawesimineral@gmail.com,JL TIMAH V NO 9,1,0,1,LEGAL,Pasir Kuarsa,Mineral Bukan Logam Jenis Tertentu,KAB. BOMBANA,215.95,,,,,,,,,
GERBANG NUSANTARA,Perusahaan Komanditer (CV),Sulawesi Tenggara,9120117253109,75193166*******,082291424889___,,"Jl. Sao-Sao Lrg H Patoro III, Desa/Kelurahan Bende, Kec. Kadia",1,0,1,LEGAL,Batu Gamping,Batuan,KAB. KOLAKA UTARA,59.85,,,,,,,,,
GIO NIKEL NUSANTARA,Perusahaan Perseroan Terbatas (PT),Sulawesi Tenggara,null_14867,,,,,1,0,1,LEGAL,,Mineral Logam,KOTA KENDARI,,,,,,,,,,
GLOBAL CITRA KONAWE UTARA,Perusahaan Perseroan Terbatas (PT),Sulawesi Tenggara,1207000612387,081089720*******,081389772861___,,"Desa Wawoluri dan Desa Kokapi, Kecamatan Motui",1,0,1,LEGAL,Batu Gamping,Batuan,KAB. KONAWE UTARA,71.32,,,,,,,,,
HANGTIAN NUR CAHAYA,Perusahaan Perseroan Terbatas (PT),Sulawesi Tenggara,0707220053082,060116336*******,081268305116___,,"Jl. Brigjen M. joenoes, kompleks Senopati Land Blok C No.22, bende, Kadia, Kota Kendari, Sulawesi Tenggara",1,0,1,LEGAL,Pasir Kuarsa,Mineral Bukan Logam Jenis Tertentu,KAB. KONAWE SELATAN,47.70,,,,,,,,,
HANKING MAKMUR NICKELSMELT,Perusahaan Perseroan Terbatas (PT),Sulawesi Tenggara,null_21594,,,,"KONAWE UTARA,
Kode Pos: 93341",1,0,1,LEGAL,,Mineral Logam,KAB. KONAWE UTARA,,,,,,,,,,
HARJA BUMI PERSADA,Perusahaan Perseroan Terbatas (PT),Sulawesi Tenggara,3101240029309,049994445*******,0217500893_____,,"MTH Square, Jl. Letjen M.T. Haryono No.Kav 10 GF A4/A, Cawang, Kecamatan Jatinegara, Kota Jakarta Timur, Daerah Khusus Ibukota Jakarta 13330",1,0,1,LEGAL,Batu Gamping untuk Industri,Mineral Bukan Logam Jenis Tertentu,KAB. KONAWE UTARA,185.66,,,,,,,,,
HOFFMEN ENERGI PERKASA,Perusahaan Perseroan Terbatas (PT),Sulawesi Tenggara,9120209760928,002681896*******,,,"DESA WAWATU, KEC. MORAMO UTARA, KAB. KONAWE SELATAN",2,0,2,LEGAL,Batu Gamping; Batu Gamping untuk Industri,Mineral Bukan Logam Jenis Tertentu,KAB. KONAWE SELATAN,82.64,,,,,,,,,
ILYAS KARYA,Perusahaan Komanditer (CV),Sulawesi Tenggara,1238000700593,02263619*******,085241603989___,,JL SAO SAO NO.210 KENDARI,1,0,1,LEGAL,Batu Gamping,Batuan,KAB. KONAWE SELATAN,71.06,,,,,,,,,
INTI BUMI SELARAS,Perusahaan Perseroan Terbatas (PT),Sulawesi Tenggara,9120508820115,002747685*******,02165308074,,RUKUN  SUNTER PERMAI BLOK D3 LT.1 JAKARTA UTARA 14350,1,0,1,LEGAL,Batuan Aspal,Batubara,KAB. BUTON,1014.00,,,,,,,,,
JAYA MINERAL POMALAA,Perusahaan Perseroan Terbatas (PT),Sulawesi Tenggara,0509230163142,039707290*******,082216836626___,,Jl. Jambu Kelurahan Tonggoni Kecamatan Pomalaa,1,0,1,LEGAL,Kerikil Berpasir Alami (Sirtu),Batuan,KAB. KOLAKA,41.10,,,,,,,,,
JAYASINERGI MINERAL NUSANTARA,Perusahaan Perseroan Terbatas (PT),Sulawesi Tenggara,0220000562269,94918776*******,082143795712___,,"Jl Tunggala BTN Bumi Indah Permatasari Blok B 34 Kel. Anawai, Kec. Wua-Wua",1,0,1,LEGAL,Tanah Urug,Batuan,KAB. KONAWE UTARA,303.26,,,,,,,,,
KARSA CIPTA PERSADA,Perusahaan Perseroan Terbatas (PT),Sulawesi Tenggara,0906220053746,002677625*******,082194888418,karsaciptapersadafvm@gmail.com,JALAN WAKAAKA NO. 18,1,0,1,LEGAL,Batuan Aspal,Batubara,KAB. BUTON,1722.00,,,,,,,,,
KARUNIA ALAM INDONESIA,Perusahaan Perseroan Terbatas (PT),Sulawesi Tenggara,8120111071267,02435784*******,02130003615,ptkai.asphalt@gmail.com,"JL. SURYOPRANOTO NO. 2, KOMPLEK HARMONI PLAZA BLOK B 42",1,0,1,LEGAL,Batuan Aspal,Batubara,KAB. BUTON,319.50,,,,,,,,,
KARYA BUANA BUTON,Perusahaan Perseroan Terbatas (PT),Sulawesi Tenggara,0220001323412,074502312*******,085342209470,,GEDUNG PLAZA SENTRAL LT 15 JL JENDRAL SUDIRMAN NO KAV 47-48,1,0,1,LEGAL,Batuan Aspal,Batubara,KAB. BUTON,961.00,,,,,,,,,
KARYA CITRA BUTON,Perusahaan Perseroan Terbatas (PT),Sulawesi Tenggara,1012210023613,073706913*******,,,"JL. Dr. MAKALIWE RAYA NOMOR 16 A, GROGOL PETAMBURAN",1,0,1,LEGAL,Batuan Aspal,Batubara,KAB. BUTON,1000.00,,,,,,,,,
KARYA MEGAH BUTON,Perusahaan Perseroan Terbatas (PT),Sulawesi Tenggara,9120203362321,002387683*******,02156959150____,kmegahbuton@gmail.com,"JL. DR.MAKALIWE RAYA NO. 16A GROGOL PETAMBURAN, JAKARTA",1,0,1,LEGAL,Batuan Aspal,Batubara,KAB. BUTON,830.79,,,,,,,,,
KASMAR POLEANG RAYA,Perusahaan Perseroan Terbatas (PT),Sulawesi Tenggara,1206000142101,041201760*******,0218459790102__,,"Gedung Bank Panin Lantai 6, Jalan Jenderal Sudirman, Kav. 1, Gelora, Tanah Abang, Jakarta Pusat 10270",1,0,1,LEGAL,Pasir Kuarsa,Mineral Bukan Logam Jenis Tertentu,KAB. BOMBANA,3386.01,,,,,,,,,
KEMILAU BERSAMA SAHABAT,Perusahaan Perseroan Terbatas (PT),Sulawesi Tenggara,3006220021606,060037660*******,08114127050____,,"Desa/Kelurahan	Lamokula, Kec. Moramo Utara, Kab. Konawe Selatan, Provinsi Sulawesi Tenggara",1,0,1,LEGAL,Batu Gamping untuk Industri,Mineral Bukan Logam Jenis Tertentu,KAB. KONAWE SELATAN,78.25,,,,,,,,,
KISWAH PERDANA,Perusahaan Komanditer (CV),Sulawesi Tenggara,0220007350771,02263870*******,,,"JL PAHLAWAN NO. 79 KEL. LAMOKATO, KEC. KOLAKA. TELP: 0405-2321160 & 2321161, FAX: 0405-231747",1,0,1,LEGAL,Pasir Kuarsa,Mineral Bukan Logam Jenis Tertentu,KAB. KOLAKA,43.32,,,,,,,,,
KONAWEHA MAKMUR,Perusahaan Perseroan Terbatas (PT),Sulawesi Tenggara,9120201421017,01601935*******,,,"JL SULTAN HASANUDDIN NO.67A LT.II, KENDARI",1,0,1,LEGAL,Peridotit,Batuan,KAB. KONAWE,9.00,,,,,,,,,
KREASI KARBONAT UTAMA,Perusahaan Perseroan Terbatas (PT),Sulawesi Tenggara,2012220080543,62104657*******,085298818899___,,"Jl. Sorumba No.03 Desa/Kelurahan Anaiwoi, Kec. Kadia, Kota Kendari, Prov. Sulawesi Tenggara Kode Pos 93118",1,0,1,LEGAL,Batu Gamping,Batuan,KAB. KONAWE SELATAN,39.85,,,,,,,,,
KURNIA TEKNIK JAYATAMA,Perusahaan Perseroan Terbatas (PT),Sulawesi Tenggara,0280010122549,01621134*******,0317342507_____,,"JL. TELUK SAMPIT NO. 10, Desa/Kelurahan Perak Utara, Kec. Pabean Cantian, Kota Surabaya.",1,0,1,LEGAL,Kromit,Mineral Logam,KAB. KOLAKA UTARA,1088.00,,,,,,,,,
KYARA SUKSES MANDIRI,Perusahaan Perseroan Terbatas (PT),Sulawesi Tenggara,9120002501175,084958560*******,,,"Prosperity Tower Lantai 26, Kawasan District 8, SCBD Lot. 13 JI. Jend. Sudirman Kav. 52-53, SCBD, RT.5/RW.3, Kode Pos 12190",1,0,1,LEGAL,,Mineral Logam,KAB. KONAWE UTARA,,,,,,,,,,
LALOMERUI PERKASA,Perusahaan Komanditer (CV),Sulawesi Tenggara,509210027464,41976887*******,087810035537___,,"Jalan Poros Trans Sulawesi Desa Lalomerui, RT001 RW001, Kec.
Routa, Kab. Konawe – Sulawesi Tenggara",1,0,1,LEGAL,Pasir,Batuan,KAB. KONAWE,7.34,,,,,,,,,
LAMBOO INTI PASIR SILIKA,Perusahaan Perseroan Terbatas (PT),Sulawesi Tenggara,3112220011388,062192823*******,081381792947___,,Kendari,1,0,1,LEGAL,Pasir Kuarsa,Mineral Bukan Logam Jenis Tertentu,KAB. KONAWE SELATAN,145.26,,,,,,,,,
LAUTAN BERKAH NUSANTARA,Perusahaan Perseroan Terbatas (PT),Sulawesi Tenggara,9120008761432,071060753*******,,,WISMA BENHIL LT. DASAR BLOK C NO. 7 JL. JEND. SUDIRMAN KAV.36 JAKARTA PUSAT,1,0,1,LEGAL,Batuan Aspal,Batubara,KAB. BUTON,280.00,,,,,,,,,
LINTAS STONE MINERAL,Perusahaan Perseroan Terbatas (PT),Sulawesi Tenggara,2012220081263,62104532*******,085298818899___,,"Jalan Sorumba Nomor 3, Desa/Kelurahan Anaiwoi, Kec. Kadia, Kota
Kendari, Provinsi Sulawesi Tenggara,
Kode Pos: 93118",1,0,1,LEGAL,Batu Gamping,Batuan,KAB. KONAWE SELATAN,53.64,,,,,,,,,
MALINDO BARA MURNI,Perusahaan Perseroan Terbatas (PT),Sulawesi Tenggara,2212220008444,002431016*******,,,"JLN.H.AGUS SALIM RUKO NOMOR 7 KEL.WANGKANAPI,KEC WOLIO,KOTA BAUBAU,PROVINSI SULAWESI TENGGARA",2,0,2,LEGAL,Mangan,Mineral Logam,KAB. BUTON,695.00,,,,,,,,,
MAPAN JAYA SEJATI,Perusahaan Perseroan Terbatas (PT),Sulawesi Tenggara,8120011240769,086579973*******,081341598888,mapanjayasejati@gmail.com,"Jl. MT Haryono No. 25 Kel. Bende, Kec. Kadia, Kota Kendari,",1,0,1,LEGAL,Batu Gamping,,KAB. KONAWE UTARA,44.28,,,,,,,,,
MAPAN MULIA MAKMUR,Perusahaan Perseroan Terbatas (PT),Sulawesi Tenggara,9120211130985,092148483*******,081332082299___,,CITRALAND SPAZIA ARCADEFOOD RUKO BLOK G NO 17 KOTA KENDARI PROVINSI SULAWESI TENGGARA,1,0,1,LEGAL,Pasir Kuarsa,Mineral Bukan Logam Jenis Tertentu,KAB. KONAWE SELATAN,666.04,,,,,,,,,
MARAKTI MINERAL RESOURCES,Perusahaan Perseroan Terbatas (PT),Sulawesi Tenggara,1911230034528,99117440*******,082136960002___,,"Jalan Jetis Raya, Krajan, Kelurahan Wedomartani, Kec. Ngemplak, Kab. Sleman, Provinsi Daerah	Istimewa Yogyakarta",1,0,1,LEGAL,Pasir Kuarsa,Mineral Bukan Logam Jenis Tertentu,KAB. BOMBANA,146.23,,,,,,,,,
MARAKTI MINERAL SEJAHTERA,Perusahaan Perseroan Terbatas (PT),Sulawesi Tenggara,1811230008866,99107001*******,082136960002___,,"Jalan Jetis Raya,	Krajan,	Kelurahan Wedomartani, Kec.	Ngemplak, Kab. Sleman, Provinsi Daerah	Istimewa Yogyakarta",1,0,1,LEGAL,Batu Gamping untuk Industri,Mineral Bukan Logam Jenis Tertentu,KAB. KONAWE UTARA,265.28,,,,,,,,,
MATAIWOI JAYA MAKMUR,Perusahaan Perseroan Terbatas (PT),Sulawesi Tenggara,9120112091374,82167584*******,03133300017____,mataiwoijayamakmur@gmail.com,"Vieloft Soho Unit 1702, Ciputra World, Jalan Mayjend Sungkono, Gunung Sari, Dukuh Pakis, Kota Surabaya, Jawa Timur",1,0,1,LEGAL,Batu Gamping,Batuan,KAB. KONAWE UTARA,100.04,,,,,,,,,
MEKAR JAYA MORAMO,Perusahaan Perseroan Terbatas (PT),Sulawesi Tenggara,0253010160024,73774579*******,081341692222___,,"Desa Mekar Jaya, Kec. Moramo Utara,	Kab.
 Konawe Selatan,",1,0,1,LEGAL,Batu Gamping untuk Industri,Mineral Bukan Logam Jenis Tertentu,KAB. KONAWE SELATAN,37.03,,,,,,,,,
METRIX ELCIPTA,Perusahaan Perseroan Terbatas (PT),Sulawesi Tenggara,8120110192237,01304091*******,,,JL. RAYA PEGANGSAAN II KM 3 JAKARTA PUSAT,1,0,1,LEGAL,Batuan Aspal,Batubara,KAB. BUTON,99.00,,,,,,,,,
MINERAL ABADI DJOJO,Perusahaan Perseroan Terbatas (PT),Sulawesi Tenggara,0306220049159,65657233*******,0818303737_____,,"Darmo Bavarian 2/B-6 RT005/RW003 Kel. Sukomanunggal Kec. Sukomanunggal Kab. Kota Surabaya Prov. Jawa Timur , Kode Pos 60188",1,0,1,LEGAL,Batu Gamping untuk Industri,Mineral Bukan Logam Jenis Tertentu,KAB. KONAWE SELATAN,59.40,,,,,,,,,
MINERALINDO BERKAH SEMESTA,Perusahaan Perseroan Terbatas (PT),Sulawesi Tenggara,0407230065509,039418329*******,08176869234____,,"JL. AHMAD YANI NO. 220, Desa/Kelurahan Anawai, Kec. Wua-Wua",1,0,1,LEGAL,Grafit,Mineral Bukan Logam Jenis Tertentu,KAB. KOLAKA,189.13,,,,,,,,,
MOLYNCO ASIA INDOTAMA,Perusahaan Perseroan Terbatas (PT),Sulawesi Tenggara,0271010231708,096616387*******,081119970558,info-mai@molyncoasiaindotama.co.id,"Treasury Tower, Lantai 51 Unit B, District 8 SCBD Lot. 28, Jalan Jendral Sudirman Kavling 52-53",1,0,1,LEGAL,Batu Gamping untuk Industri,Mineral Bukan Logam Jenis Tertentu,KAB. BUTON SELATAN,4984.60,,,,,,,,,
MORAMO KENCANA SAKTI,Perusahaan Perseroan Terbatas (PT),Sulawesi Tenggara,1710230130305,050757210*******,085398128666___,,"Jalan Martandu Nomor 17-19, Desa/Kelurahan Kambu, Kec.Kambu, Kota Kendari, Provinsi Sulawesi Tenggara 93231",1,0,1,LEGAL,Batu Gamping untuk Industri,Mineral Bukan Logam Jenis Tertentu,KAB. KONAWE SELATAN,7.84,,,,,,,,,
MOSA INTI RAYA,Perusahaan Perseroan Terbatas (PT),Sulawesi Tenggara,1279000240193,066286630*******,081119970556,info-mir@mosaintiraya.co.id,"Treasury Tower Lantai 51,Unit B, District 8, SCBD Lot. 28 Jalan Jendral Sudirman Kaveling 52-53",1,0,1,LEGAL,Batu Gamping untuk Industri,Mineral Bukan Logam Jenis Tertentu,"KAB. BUTON, KAB. BUTON SELATAN",4924.00,,,,,,,,,
NAGA MAS SULTRA,Perusahaan Perseroan Terbatas (PT),Sulawesi Tenggara,0220009322445,081768066*******,081339864485___,,"Ds Lapuko, Kec. Moramo, Kab- Konawe Selatan
Sulawesi Tenggara 93891",1,0,1,LEGAL,Pasir Kuarsa,Mineral Bukan Logam Jenis Tertentu,KAB. KONAWE SELATAN,92.19,,,,,,,,,
NAKA MOROWALI SEJAHTERA,Perusahaan Perseroan Terbatas (PT),Sulawesi Tenggara,0302230041133,062580822*******,082123492992,info.nakamorowali@gmail.com,Jalan Trans Sulawesi Nomor 7,1,0,1,LEGAL,Kerikil Berpasir Alami (Sirtu),Batuan,KAB. KOLAKA,91.24,,,,,,,,,
NURDIN KADIR,Perseorangan (SDR),Sulawesi Tenggara,9120100171256,07227550*******,085241777227___,,JL. MAYJEN S PARMAN/WARUNG SOP SAUDARA NO. 38 KEL. KEMARAYA KEC. KENDARI BARAT,1,0,1,LEGAL,Batu Gamping,Batuan,KAB. KONAWE SELATAN,5.00,,,,,,,,,
ORISON MINERAL SYNERGY,Perusahaan Perseroan Terbatas (PT),Sulawesi Tenggara,1711220168965,61724292*******,081318084567___,,"GEDUNG 18 OFFICE PARK LT. 21 UNIT C, JL. TB SIMATUPANG NO.
18, Desa/Kelurahan Kebagusan, Kec. Pasar Minggu, Kota Adm. Jakarta
Selatan, Provinsi DKI Jakarta",1,0,1,LEGAL,Batu Gamping untuk Industri,Mineral Bukan Logam Jenis Tertentu,KAB. KONAWE SELATAN,46.73,,,,,,,,,
PANRITA BERKAH UTAMA,Perusahaan Perseroan Terbatas (PT),Sulawesi Tenggara,1607220002419,60187318*******,6281241189947__,,"Komplek Diamond Alfa Praja, Blok C4, Kel. Anduonohu, Kec. Poasia, Kota Kendari, Sulawesi Tenggara",1,0,1,LEGAL,Batu Gamping,Batuan,KAB. KONAWE SELATAN,20.00,,,,,,,,,
PRATAMA MINERAL INTERNATIONAL,Perusahaan Perseroan Terbatas (PT),Sulawesi Tenggara,0409210014817,043475486*******,,,"Komplek Ruko No. 2, Jl. Madusila, Kel. Andounohi, Kec. Poasia, Kota Kendari, Sulawesi Tenggara",1,0,1,LEGAL,,Mineral Logam,KOTA KENDARI,,,,,,,,,,
PUTINDO BUANA JAYA,Perusahaan Perseroan Terbatas (PT),Sulawesi Tenggara,0220107861794,074502364*******,,,"JL. POROS PASARWAJO-LASALIMU, KANCINAA, KECAMATAN PASARWAJO, SULAWESI TENGGARA",1,0,1,LEGAL,Batuan Aspal,Batubara,KAB. BUTON,1383.29,,,,,,,,,
PUTINDO CIPTA JAYA,Perusahaan Perseroan Terbatas (PT),Sulawesi Tenggara,1512210046368,74502172*******,,,"JL. POROS PASARWAJO-LASALIMU, KANCINAA, KEC. PASARWAJO, KAB. BUTON, SULAWESI TENGGARA",1,0,1,LEGAL,Batuan Aspal,Batubara,KAB. BUTON,1000.00,,,,,,,,,
PUTRA KOLAKA SEJAHTERA,Perusahaan Perseroan Terbatas (PT),Sulawesi Tenggara,9120111281418,83688256*******,082331727667___,,"LAMEDAI, Desa/Kelurahan Lamedai, Kec. Tanggetada, Kab. Kolaka, Provinsi Sulawesi Tenggara, Kode Pos: 93563",1,0,1,LEGAL,Pasir Kuarsa,Mineral Bukan Logam Jenis Tertentu,KAB. KOLAKA,199.59,,,,,,,,,
PUTRA UTAMA SUKSES,Perusahaan Perseroan Terbatas (PT),Sulawesi Tenggara,null_10739,82545777*******,0401-3080359,,"JL. BADAK RT/RW 02/08 KEL. RAHAN DAUNA, KEC. POASIA, KOTA KENDARI, SULAWESI TENGGARA",1,0,1,LEGAL,,Mineral Logam,KOTA KENDARI,,,,,,,,,,
RAMADHAN MORAMO RAYA,Perusahaan Perseroan Terbatas (PT),Sulawesi Tenggara,9120106651076,074294260*******,-,-,Jalan Poros Moramo,1,0,1,LEGAL,Batu Gamping,,KAB. KONAWE SELATAN,11.00,,,,,,,,,
REJEKI ALAM SULTRA,Perusahaan Perseroan Terbatas (PT),Sulawesi Tenggara,9120501322812,81709189*******,04013082094____,,"JL.	BRIGJEN	M. YOENOES NO. 115 BY PASS, Desa/Kelurahan Kandai,
 Kec. Kendari, Kota Kendari, Provinsi Sulawesi Tenggara,",1,0,1,LEGAL,Batu Gamping,Batuan,KAB. KOLAKA,83.20,,,,,,,,,
RIDHA BUANA MANDIRI,Perusahaan Perseroan Terbatas (PT),Sulawesi Tenggara,0612210020503,02856791*******,08124233477____,,"JL. KAKATUA NO. 1, KEL. LALOEHA, KEC. KOLAKA, KAB. KOLAKA, PROVINSI SULAWESI TENGGARA",1,0,1,LEGAL,Peridotit,Batuan,KAB. KOLAKA,5.32,,,,,,,,,
RIZQI PERDANA,Perusahaan Komanditer (CV),Sulawesi Tenggara,1208000521804,073927603*******,02129364338____,,"Chairil Anwar Lorong Nusantara, Desa/Kelurahan Wua Wua, Kec. Wua-Wua, Kota Kendari, Provinsi Sulawesi Tenggara",1,0,1,LEGAL,Batu Gamping,Batuan,KAB. KONAWE UTARA,84.50,,,,,,,,,
SASMAKA ANUGERAH ALAM,Perusahaan Perseroan Terbatas (PT),Sulawesi Tenggara,2601230047474,62546095*******,081331535102___,,"Diamond Park Residence, Permata Juanda Blok B Nomor 1, Raya
Juanda, Desa/Kelurahan Sedatiagung, Kec. Sedati, Kab. Sidoarjo,
Provinsi Jawa Timur,
Kode Pos: 61253",1,0,1,LEGAL,Batu Gamping untuk Industri,Mineral Bukan Logam Jenis Tertentu,KAB. KONAWE SELATAN,44.74,,,,,,,,,
SEJAHTERA ENERGI RESOURCES,Perusahaan Perseroan Terbatas (PT),Sulawesi Tenggara,1601240066521,099921576*******,0,sejahteraenergiresources@gmail.com,"TREASURY TOWER LT. 10 UNIT N, DISTRICT 8, SCBD JL. JEND. SUDIRMAN NO. 52-53
",1,0,1,LEGAL,Batu Gamping untuk Industri,Mineral Bukan Logam Jenis Tertentu,KAB. KONAWE,3012.93,,,,,,,,,
SILIKA BERKAH BOMBANA,Perusahaan Perseroan Terbatas (PT),Sulawesi Tenggara,0109220071107,60766994*******,08128812778____,,"JALAN POROS BOMBANA-KOLAKA Desa/Kelurahan Ranokomea, Kec. Poleang Barat",1,0,1,LEGAL,Pasir Kuarsa,Mineral Bukan Logam Jenis Tertentu,KAB. BOMBANA,178.81,,,,,,,,,
SILIKA CENTRA PRATAMA,Perusahaan Perseroan Terbatas (PT),Sulawesi Tenggara,2508230058655,050056514*******,082240344207___,,"JL. BUNGA TANJUNG PERUMAHAN GRAND KEMARAYA	NO.	5, Desa/Kelurahan Watu-Watu, Kec. Kendari	Barat",1,0,1,LEGAL,Pasir Kuarsa,Mineral Bukan Logam Jenis Tertentu,KAB. KONAWE SELATAN,194.10,,,,,,,,,
SINAR BATUMAS MAKMUR,Perusahaan Perseroan Terbatas (PT),Sulawesi Tenggara,9120009771039,071366329*******,,,"Neo Soho Capital Lt 39 Unit 06 Jl. Letjen S. Parman Kav. 28, Grogol Petamburan, Jakarta Barat",1,0,1,LEGAL,Batuan Aspal,Batubara,KAB. BUTON,801.00,,,,,,,,,
SULAWESI SUKSES JAYA,Perusahaan Perseroan Terbatas (PT),Sulawesi Tenggara,0502220001264,76410495*******,085337088883___,,"JALAN PEMUDA NOMOR 5, Desa/Kelurahan Sabilambo, Kec. Kolaka,
Kab. Kolaka, Provinsi Sulawesi Tenggara",1,0,1,LEGAL,Batu Gamping,Batuan,KAB. KONAWE UTARA,10.71,,,,,,,,,
SULTRA INDOMINERAL LIMA TUJUH,Perusahaan Perseroan Terbatas (PT),Sulawesi Tenggara,null_16899,,,,"Jalan Patimura Kompleks Pergudangan Graha No. 1 B , Kota Kendari,
Desa/Kelurahan Watulondo, Kec. Puuwatu",1,0,1,LEGAL,,Mineral Logam,KOTA KENDARI,,,,,,,,,,
SULTRA SUMBER SEJAHTERA,Perusahaan Perseroan Terbatas (PT),Sulawesi Tenggara,3003230068474,82213059*******,08114098081____,,"JL. BRIGJEN	M. YOENOES NO. 115  BY PASS, Desa/Kelurahan Bende,
 Kec.Kadia,",1,0,1,LEGAL,Batu Gamping,Batuan,KAB. KOLAKA,135.09,,,,,,,,,
SUMBER ALAM MATA WAWATU,Perusahaan Perseroan Terbatas (PT),Sulawesi Tenggara,0303220001397,63507138*******,081357816999___,,"DESA MATA WATU WATU, Desa/Kelurahan Wawatu, Kec. Moramo Utara,",2,0,2,LEGAL,Batu Gamping untuk Industri,Mineral Bukan Logam Jenis Tertentu,KAB. KONAWE SELATAN,10.18,,,,,,,,,
SURYA AMIEN SANTOSO,Perusahaan Perseroan Terbatas (PT),Sulawesi Tenggara,1205220046199,63596104*******,031994266828___,,"Jl. Raya Menganti 479, Desa/Kelurahan Babatan, Kec. Wiyung, Kota
Surabaya, Provinsi Jawa Timur",1,0,1,LEGAL,Batu Gamping untuk Industri,Mineral Bukan Logam Jenis Tertentu,KAB. KONAWE SELATAN,88.41,,,,,,,,,
TIAR SILICA INDONESIA,Perusahaan Perseroan Terbatas (PT),Sulawesi Tenggara,0220105650143,094969851*******,02184597901____,,"Jl. Palem Kartika No. 15 Bambu Apus - Cipayung, Jakarta Timur 13890",1,0,1,LEGAL,Pasir Kuarsa,Mineral Bukan Logam Jenis Tertentu,KAB. BOMBANA,4892.00,,,,,,,,,
TIMUR MULTI PERKASA,Perusahaan Perseroan Terbatas (PT),Sulawesi Tenggara,0812210041003,070277599*******,08128545772____,,"Pesona Khayangan V Blok S No. 4 , Desa/Kelurahan Mekar Jaya, Kec.Sukmajaya, Kota Depok, Provinsi Jawa Barat",1,0,1,LEGAL,Batu Gamping,Batuan,KAB. KONAWE UTARA,21.37,,,,,,,,,
TRI MITRA BABARINA PUTRA,Perusahaan Perseroan Terbatas (PT),Sulawesi Tenggara,3005230004326,39072563*******,085399034986___,,"Desa Muara Lapao pao Kec, wolo Kab. Kolaka Prov. Sulawesi tenggara",1,0,1,LEGAL,Peridotit,Batuan,KAB. KOLAKA,64.70,,,,,,,,,
WARA KIRANA BAKTI,Perusahaan Perseroan Terbatas (PT),Sulawesi Tenggara,9120013201556,002677626*******,08114601951,warakiranabaktifvm@gmail.com,JALAN ERLANGGA NOMOR 102,1,0,1,LEGAL,Batuan Aspal,Batubara,KAB. BUTON,99.00,,,,,,,,,
WATU MORINI,Perusahaan Komanditer (CV),Sulawesi Tenggara,0908230104926,39665621*******,082188454884___,,"Jl. MALIK III NO. 1 B, Kelurahan Mandonga, Kec. Mandonga, Kota Kendari, Provinsi Sulawesi Tenggara",1,0,1,LEGAL,Batu Gamping untuk Industri,Mineral Bukan Logam Jenis Tertentu,KAB. KONAWE SELATAN,14.35,,,,,,,,,
WIJAYA KARYA ASPAL,Perusahaan Perseroan Terbatas (PT),Sulawesi Tenggara,9120105890681,091125532*******,02185909416____,,Kabupaten Buton,1,0,1,LEGAL,Batuan Aspal,Batubara,KAB. BUTON,315.42,,,,,,,,,
WIJAYA KARYA BITUMEN,Perusahaan Perseroan Terbatas (PT),Sulawesi Tenggara,8120019202871,001061013*******,02129386554____,,"SIGNATURE PARK 3RD FLOOR, SUITE 03-06, JL.M.T. HARYONO KAV 22, JAKARTA 12820",1,0,1,LEGAL,Batuan Aspal,Batubara,KAB. BUTON,100.00,,,,,,,,,
WINDYA PERSADA SULTRA,Perusahaan Perseroan Terbatas (PT),Sulawesi Tenggara,3009220072507,84371018*******,085262221981___,,JL. GUNUNG MELUHU PERUMAHAN DIAMOND ALFA A NO.1 TOBUUHA PUUWATU,1,0,1,LEGAL,Batu Gamping,Batuan,KAB. KONAWE UTARA,62.14,,,,,,,,,
WIRSHA MINERAL INDONESIA,Perusahaan Perseroan Terbatas (PT),Sulawesi Tenggara,0911210022994,75129291*******,082194993692___,,JL. H. LAMUSE NO. 180 KEL. LEPO LEPO KEC. BARUGA KOTA KENDARI,1,0,1,LEGAL,Batu Gamping,Batuan,KAB. KONAWE UTARA,18.20,,,,,,,,,
YUANDA JAYA INDONESIA,Perusahaan Perseroan Terbatas (PT),Sulawesi Tenggara,null_14486,76474135*******,0218252824,yuandajayaindonesia@gmail.com; pt.yuandajayaindo@gmail.com,"TAMAN BUMYAGARA BLOK C 3 NOMOR 23, KOTA BEKASI, PROVINSI JAWA BARAT, KODE POS: 17158",1,0,1,LEGAL,,Mineral Logam,KAB. KOLAKA,,,,,,,,,,
YUMAN JAYA TAMA,Perusahaan Perseroan Terbatas (PT),Sulawesi Tenggara,2709210025422,001655865*******,02129553541____,,"The Prominence Office Tower, Level 28 Unit C Jl. Jalur Sutera Barat, Panunggangan, Pinang, Kota Tangerang, Banten 15143",1,0,1,LEGAL,Batuan Aspal,Batubara,KAB. BUTON,98.00,,,,,,,,,
ARAFURA SURYA ALAM,Perusahaan Perseroan Terbatas (PT),Sulawesi Utara,8120203961845,001911701*******,08119503033,general@asakencana.com,"GD EQUITY TOWER LANTAI 48,UNIT E, SCBD,LOT.9,JL.JENDRAL SUDIRMAN KAVELING 52-53,KELURAHAN SENAYAN",1,0,1,LEGAL,Emas,Mineral Logam,KAB. BOLAANG MONGONDOW TIMUR,4000.00,,,,,,,,,
BERKAT ABADI KORINDO,Perusahaan Perseroan Terbatas (PT),Sulawesi Utara,9120006451725,003348405*******,,,"Jl. Jodoku Tua RT. 003/RW.
003, Kel. Tanjung Merah, Kec.
Matuari, Kota Bitung, Prov.
Sulawesi Utara",1,0,1,LEGAL,Emas,Mineral Logam,KAB. BOLAANG MONGONDOW,162.30,,,,,,,,,
BOLMONG TIMUR PRIMANUSA RESOURCES,Perusahaan Perseroan Terbatas (PT),Sulawesi Utara,9120408782553,021144833*******,0215226668_____,,"MENARA SUDIRMAN LT. 19 JL. JEND. SUDIRMAN KAV. 60,
Kel. Senayan, Kec. Kebayoran Baru, Kota Adm. Jakarta Selatan,
Prov. DKI Jakarta",1,0,1,LEGAL,Emas,Mineral Logam,KAB. BOLAANG MONGONDOW TIMUR,7889.00,,,,,,,,,
BULAWAN DAYA LESTARI,Perusahaan Perseroan Terbatas (PT),Sulawesi Utara,1211000521774,002425526*******,082268688859___,,"Desa Mopait, Kec.Lolayan, Kab. Bolaang Mongondow, Sulawesi Utara",1,0,1,LEGAL,Emas,Mineral Logam,KAB. BOLAANG MONGONDOW,99.84,,,,,,,,,
J RESOURCES BOLAANG MONGONDOW,Perusahaan Perseroan Terbatas (PT),Sulawesi Utara,8120004960461,001072084*******,0215153335,generaljrbm@jresources.com,"Jl. KS Tubun, RT. 008, RW. 004, Kelurahan Matali, Kecamatan Kotamobagu Timur",1,0,1,LEGAL,Emas,Mineral Logam,"KAB. BOLAANG MONGONDOW, KAB. BOLAANG MONGONDOW TIMUR, KAB. BOLAANG MONGONDOW SELATAN",38150.00,,,,,,,,,
KARYADEKA MANADOKU,Perusahaan Perseroan Terbatas (PT),Sulawesi Utara,9120211061145,93065091*******,5261357________,,"LINGKUNGAN XI, KELURAHAN KAKASKASEN DUA, KECAMATAN TOMOHON UTARA, Kota	Tomohon, Provinsi Sulawesi Utara.",1,0,1,LEGAL,Batu Gunung Quarry Besar,Batuan,KAB. MINAHASA,15.40,,,,,,,,,
KINSTON SULUTINDO,Perusahaan Perseroan Terbatas (PT),Sulawesi Utara,8120109981606,002868594*******,082111900100,,"JL.RAYA MANADO TOMOHON KM. 3
KOMPLEKS RUKO SPBU WINANGUN NO. 1A",1,0,1,LEGAL,Batu Gunung Quarry Besar,Batuan,KAB. MINAHASA,6.84,,,,,,,,,
KOPERASI PRODUSEN UNIT DESA NOMONTANG,Koperasi,Sulawesi Utara,0908220028574,003177581*******,,,"DESA LANUT, KEC. MODAYAG, KAB. BOLAANG MONGONDOW TIMUR",1,0,1,LEGAL,Emas,Mineral Logam,KAB. BOLAANG MONGONDOW TIMUR,215.10,,,,,,,,,
MEARES SOPUTAN MINING,Perusahaan Perseroan Terbatas (PT),Sulawesi Utara,8120109890616,001061576*******,0215761719_____,,"Rajawali Place, Lantai 27, Jl. H.R. Rasuna Said Kav. B/4, RT 003, RW 007, Kel. Setiabudi, Kec. Setiabudi, Jakarta Selatan 12910, Kelurahan Setia Budi, Kec. Setiabudi, Kota Adm. Jakarta Selatan, Provinsi DKI Jakarta",1,0,1,LEGAL,Emas,Mineral Logam,"KAB. MINAHASA UTARA, KOTA BITUNG",8969.00,,,,,,,,,
MONUMEN ENERGI NUSANTARA,Perusahaan Perseroan Terbatas (PT),Sulawesi Utara,1298000412116,002676015*******,,,"GD.MENARA KUNINGAN LT.1 UNIT D JL.HR.RASUNA SAID BLOK X-7 KAV.V, KARET KUNINGAN.",1,0,1,LEGAL,Emas,Mineral Logam,KAB. BOLAANG MONGONDOW,1808.25,,,,,,,,,
PERINTIS,Koperasi,Sulawesi Utara,1008220002436,01416574*******,,,"DESA TANOYAN , LOLAYAN, BOLAANG MONGONDOW",1,0,1,LEGAL,Emas,Mineral Logam,KAB. BOLAANG MONGONDOW,100.00,,,,,,,,,
SULUT SOLOG TAMBANG,Perusahaan Perseroan Terbatas (PT),Sulawesi Utara,9120316002791,083807257*******,081285605700,sulutsolog@gmail.com,Desa Solog Kecamatan Lolak Kabupaten Bolaang Mongondow Provinsi Sulawesi Utara,2,0,2,LEGAL,Batu Gamping untuk Industri; Clay,Mineral Bukan Logam Jenis Tertentu,KAB. BOLAANG MONGONDOW,508.14,,,,,,,,,
SUMBER ENERGI JAYA,Perusahaan Perseroan Terbatas (PT),Sulawesi Utara,8120007932744,002066661*******,29676236,,"RUKO ELANG LAUT BOULEVARD BLOK A 32 & 33 JL. PANTAI INDAH SELATAN I RT 002 RW 003, KEL. KAMAL MUARA KEC, PENJARINGAN JAKARTA UTARA",3,0,3,LEGAL,Emas,Mineral Logam,KAB. MINAHASA SELATAN; KAB. MINAHASA TENGGARA,1959.84,,,,,,,,,
TAMBANG TONDANO NUSAJAYA,Perusahaan Perseroan Terbatas (PT),Sulawesi Utara,8120203840975,001072091*******,0215761719_____,EXTERNAL.RELATION@TOKATINDUNG.COM,"Rajawali Place, Lantai 27, Jl. H.R. Rasuna Said Kav. B/4, RT 003, RW 007, Kel. Setiabudi, Kec. Setiabudi, Jakarta Selatan 12910, Kelurahan Setia Budi, Kec. Setiabudi, Kota Adm. Jakarta Selatan, Provinsi DKI Jakarta",1,0,1,LEGAL,Emas,Mineral Logam,"KAB. MINAHASA UTARA, KOTA BITUNG",30848.00,,,,,,,,,
WIRA ENERGI UTAMA,Perusahaan Perseroan Terbatas (PT),Sulawesi Utara,9120101911441,092853784*******,04342603008____,,"TAMAN SARI CLUSTER LIHAGA BLOK H3-3 KELURAHAN PANIKI, KECAMATAN MAPANGET",1,0,1,LEGAL,Batu Gamping,Batuan,KAB. MINAHASA TENGGARA,97.05,,,,,,,,,
