tahun,provinsi,jenis_bencana,jumlah_kejadian,korban_terdampak,Sumber
2024,Sulawesi Utara,Banjir,1.0,69,Data DIBI BNPB (Raw Recovered)
2024,Sulawesi Tengah,Banjir,1.0,200,Data DIBI BNPB (Raw Recovered)
2024,Sulawesi Barat,Banjir,1.0,2440,Data DIBI BNPB (Raw Recovered)
2024,Sulawesi Selatan,Banjir,1.0,1135,Data DIBI BNPB (Raw Recovered)
2024,Sulawesi Selatan,Banjir,1.0,92,Data DIBI BNPB (Raw Recovered)
2024,Sulawesi Selatan,Tanah Longsor,1.0,218,Data DIBI BNPB (Raw Recovered)
2024,Sulawesi Selatan,Banjir,1.0,1156,Data DIBI BNPB (Raw Recovered)
2024,Sulawesi Selatan,Banjir,1.0,93876,Data DIBI BNPB (Raw Recovered)
2024,Sulawesi Selatan,Tanah Longsor,1.0,115,Data DIBI BNPB (Raw Recovered)
2024,Sulawesi Selatan,Banjir,1.0,22503,Data DIBI BNPB (Raw Recovered)
2024,Sulawesi Selatan,Banjir,1.0,790,Data DIBI BNPB (Raw Recovered)
2024,Sulawesi Selatan,Banjir,1.0,89,Data DIBI BNPB (Raw Recovered)
2024,Sulawesi Selatan,Banjir,1.0,28174,Data DIBI BNPB (Raw Recovered)
2024,Sulawesi Selatan,Banjir,1.0,193102,Data DIBI BNPB (Raw Recovered)
2024,Sulawesi Selatan,Tanah Longsor,1.0,1279,Data DIBI BNPB (Raw Recovered)
2024,Sulawesi Barat,Tanah Longsor,1.0,250,Data DIBI BNPB (Raw Recovered)
2024,Sulawesi Selatan,Banjir,1.0,66913,Data DIBI BNPB (Raw Recovered)
2024,Sulawesi Selatan,Banjir,1.0,64062,Data DIBI BNPB (Raw Recovered)
2024,Sulawesi Barat,Banjir,1.0,170,Data DIBI BNPB (Raw Recovered)
2024,Sulawesi Selatan,Banjir,1.0,1205,Data DIBI BNPB (Raw Recovered)
2024,Sulawesi Tengah,Banjir,1.0,1000,Data DIBI BNPB (Raw Recovered)
2024,Sulawesi Utara,Tanah Longsor,1.0,40,Data DIBI BNPB (Raw Recovered)
2024,Sulawesi Selatan,Banjir,1.0,100,Data DIBI BNPB (Raw Recovered)
2024,Sulawesi Utara,Banjir,1.0,110,Data DIBI BNPB (Raw Recovered)
2024,Sulawesi Selatan,Banjir,1.0,50,Data DIBI BNPB (Raw Recovered)
2024,Sulawesi Selatan,Banjir,1.0,1260,Data DIBI BNPB (Raw Recovered)
2024,Sulawesi Selatan,Banjir,1.0,456,Data DIBI BNPB (Raw Recovered)
2024,Sulawesi Tengah,Banjir,1.0,91,Data DIBI BNPB (Raw Recovered)
2024,Sulawesi Selatan,Banjir,1.0,710,Data DIBI BNPB (Raw Recovered)
2024,Sulawesi Tengah,Banjir,1.0,1000,Data DIBI BNPB (Raw Recovered)
2024,Sulawesi Selatan,Banjir,1.0,600,Data DIBI BNPB (Raw Recovered)
2024,Sulawesi Tengah,Banjir,1.0,500,Data DIBI BNPB (Raw Recovered)
2024,Sulawesi Tengah,Banjir,1.0,800,Data DIBI BNPB (Raw Recovered)
2024,Sulawesi Barat,Banjir,1.0,2190,Data DIBI BNPB (Raw Recovered)
2024,Sulawesi Barat,Banjir,1.0,505,Data DIBI BNPB (Raw Recovered)
2024,Sulawesi Barat,Banjir,1.0,250,Data DIBI BNPB (Raw Recovered)
2024,Sulawesi Selatan,Banjir,1.0,1525,Data DIBI BNPB (Raw Recovered)
2024,Sulawesi Barat,Banjir,1.0,1700,Data DIBI BNPB (Raw Recovered)
2024,Sulawesi Tengah,Banjir,1.0,10000,Data DIBI BNPB (Raw Recovered)
2024,Sulawesi Barat,Banjir,1.0,231,Data DIBI BNPB (Raw Recovered)
2024,Sulawesi Tengah,Banjir,1.0,425,Data DIBI BNPB (Raw Recovered)
2024,Sulawesi Selatan,Banjir,1.0,268,Data DIBI BNPB (Raw Recovered)
2024,Sulawesi Tengah,Banjir,1.0,155,Data DIBI BNPB (Raw Recovered)
2024,Sulawesi Tengah,Banjir,1.0,150,Data DIBI BNPB (Raw Recovered)
2024,Sulawesi Selatan,Banjir,1.0,175,Data DIBI BNPB (Raw Recovered)
2024,Sulawesi Tengah,Banjir,1.0,110,Data DIBI BNPB (Raw Recovered)
2024,Sulawesi Selatan,Banjir,1.0,160,Data DIBI BNPB (Raw Recovered)
2024,Sulawesi Tengah,Banjir,1.0,587,Data DIBI BNPB (Raw Recovered)
2024,Sulawesi Tengah,Banjir,1.0,762,Data DIBI BNPB (Raw Recovered)
2024,Sulawesi Tengah,Banjir,1.0,175,Data DIBI BNPB (Raw Recovered)
2024,Sulawesi Tengah,Banjir,1.0,150,Data DIBI BNPB (Raw Recovered)
2024,Sulawesi Tengah,Banjir,1.0,68,Data DIBI BNPB (Raw Recovered)
2024,Sulawesi Tengah,Banjir,1.0,350,Data DIBI BNPB (Raw Recovered)
2024,Sulawesi Barat,Banjir,1.0,135,Data DIBI BNPB (Raw Recovered)
2024,Sulawesi Tengah,Banjir,1.0,420,Data DIBI BNPB (Raw Recovered)
2024,Sulawesi Barat,Banjir,1.0,3590,Data DIBI BNPB (Raw Recovered)
2024,Sulawesi Utara,Banjir,1.0,3727,Data DIBI BNPB (Raw Recovered)
2024,Sulawesi Tengah,Banjir,1.0,1500,Data DIBI BNPB (Raw Recovered)
2024,Sulawesi Selatan,Banjir,1.0,253,Data DIBI BNPB (Raw Recovered)
2024,Sulawesi Selatan,Banjir,1.0,6194,Data DIBI BNPB (Raw Recovered)
2024,Sulawesi Selatan,Banjir,1.0,1875,Data DIBI BNPB (Raw Recovered)
2024,Sulawesi Selatan,Banjir,1.0,10752,Data DIBI BNPB (Raw Recovered)
2024,Sulawesi Selatan,Banjir,1.0,5390,Data DIBI BNPB (Raw Recovered)
2024,Sulawesi Tenggara,Banjir,1.0,1812,Data DIBI BNPB (Raw Recovered)
2024,Sulawesi Selatan,Banjir,1.0,1735,Data DIBI BNPB (Raw Recovered)
2024,Sulawesi Selatan,Banjir,1.0,4632,Data DIBI BNPB (Raw Recovered)
2024,Sulawesi Tengah,Banjir,1.0,144,Data DIBI BNPB (Raw Recovered)
2024,Sulawesi Tengah,Banjir,1.0,300,Data DIBI BNPB (Raw Recovered)
2024,Sulawesi Tengah,Banjir,1.0,100,Data DIBI BNPB (Raw Recovered)
2024,Sulawesi Tengah,Banjir,1.0,400,Data DIBI BNPB (Raw Recovered)
2024,Sulawesi Tengah,Banjir,1.0,220,Data DIBI BNPB (Raw Recovered)
2024,Sulawesi Selatan,Banjir,1.0,3450,Data DIBI BNPB (Raw Recovered)
2024,Sulawesi Tengah,Banjir,1.0,644,Data DIBI BNPB (Raw Recovered)
2024,Sulawesi Utara,Banjir,1.0,3518,Data DIBI BNPB (Raw Recovered)
2024,Sulawesi Selatan,Banjir,1.0,20520,Data DIBI BNPB (Raw Recovered)
2024,Sulawesi Selatan,Banjir,1.0,125,Data DIBI BNPB (Raw Recovered)
2024,Sulawesi Tenggara,Banjir,1.0,275,Data DIBI BNPB (Raw Recovered)
2024,Sulawesi Tengah,Banjir,1.0,1620,Data DIBI BNPB (Raw Recovered)
2024,Sulawesi Selatan,Banjir,1.0,2420,Data DIBI BNPB (Raw Recovered)
2024,Sulawesi Tenggara,Banjir,1.0,1670,Data DIBI BNPB (Raw Recovered)
2024,Sulawesi Tenggara,Banjir,1.0,675,Data DIBI BNPB (Raw Recovered)
2024,Sulawesi Tenggara,Banjir,1.0,395,Data DIBI BNPB (Raw Recovered)
2024,Sulawesi Tengah,Banjir,1.0,65,Data DIBI BNPB (Raw Recovered)
2024,Sulawesi Tenggara,Banjir,1.0,1321,Data DIBI BNPB (Raw Recovered)
2024,Sulawesi Tengah,Banjir,1.0,60,Data DIBI BNPB (Raw Recovered)
2024,Sulawesi Selatan,Tanah Longsor,1.0,0,Data DIBI BNPB (Raw Recovered)
2024,Sulawesi Tengah,Banjir,1.0,379,Data DIBI BNPB (Raw Recovered)
2024,Sulawesi Selatan,Banjir,1.0,350,Data DIBI BNPB (Raw Recovered)
2024,Sulawesi Barat,Banjir,1.0,1445,Data DIBI BNPB (Raw Recovered)
2024,Sulawesi Tengah,Banjir,1.0,85,Data DIBI BNPB (Raw Recovered)
2024,Sulawesi Utara,Banjir,1.0,66,Data DIBI BNPB (Raw Recovered)
2024,Sulawesi Utara,Banjir,1.0,1842,Data DIBI BNPB (Raw Recovered)
2024,Sulawesi Utara,Banjir,1.0,1893,Data DIBI BNPB (Raw Recovered)
2024,Sulawesi Utara,Banjir,1.0,7788,Data DIBI BNPB (Raw Recovered)
2024,Sulawesi Tengah,Banjir,1.0,575,Data DIBI BNPB (Raw Recovered)
2024,Sulawesi Tengah,Banjir,1.0,120,Data DIBI BNPB (Raw Recovered)
2024,Sulawesi Tengah,Banjir,1.0,60,Data DIBI BNPB (Raw Recovered)
2024,Sulawesi Tengah,Banjir,1.0,2603,Data DIBI BNPB (Raw Recovered)
2024,Sulawesi Tengah,Banjir,1.0,315,Data DIBI BNPB (Raw Recovered)
2024,Sulawesi Tengah,Banjir,1.0,175,Data DIBI BNPB (Raw Recovered)
2024,Sulawesi Tengah,Banjir,1.0,250,Data DIBI BNPB (Raw Recovered)
2024,Sulawesi Tengah,Banjir,1.0,1360,Data DIBI BNPB (Raw Recovered)
2024,Sulawesi Tengah,Banjir,1.0,1180,Data DIBI BNPB (Raw Recovered)
2024,Sulawesi Tengah,Banjir,1.0,390,Data DIBI BNPB (Raw Recovered)
2024,Sulawesi Tengah,Banjir,1.0,178,Data DIBI BNPB (Raw Recovered)
2024,Sulawesi Tengah,Banjir,1.0,295,Data DIBI BNPB (Raw Recovered)
2024,Sulawesi Tengah,Banjir,1.0,460,Data DIBI BNPB (Raw Recovered)
2024,Sulawesi Selatan,Banjir,1.0,510,Data DIBI BNPB (Raw Recovered)
2024,Sulawesi Tengah,Banjir,1.0,2025,Data DIBI BNPB (Raw Recovered)
2024,Sulawesi Barat,Tanah Longsor,1.0,4850,Data DIBI BNPB (Raw Recovered)
2024,Sulawesi Tenggara,Banjir,1.0,455,Data DIBI BNPB (Raw Recovered)
2024,Sulawesi Selatan,Banjir,1.0,600,Data DIBI BNPB (Raw Recovered)
2024,Sulawesi Selatan,Banjir,1.0,385,Data DIBI BNPB (Raw Recovered)
2024,Sulawesi Tengah,Banjir,1.0,70,Data DIBI BNPB (Raw Recovered)
2024,Sulawesi Tengah,Banjir,1.0,860,Data DIBI BNPB (Raw Recovered)
2024,Sulawesi Selatan,Banjir,1.0,661,Data DIBI BNPB (Raw Recovered)
2024,Sulawesi Selatan,Banjir,1.0,175,Data DIBI BNPB (Raw Recovered)
2024,Sulawesi Tengah,Banjir,1.0,175,Data DIBI BNPB (Raw Recovered)
2024,Sulawesi Selatan,Banjir,0.5,215,Data DIBI BNPB (Raw Recovered)
2024,Sulawesi Selatan,Banjir,0.5,470,Data DIBI BNPB (Raw Recovered)
2024,Sulawesi Selatan,Banjir,0.5,898,Data DIBI BNPB (Raw Recovered)
2024,Sulawesi Selatan,Banjir,1.0,1300,Data DIBI BNPB (Raw Recovered)
2024,Sulawesi Selatan,Banjir,0.5,110,Data DIBI BNPB (Raw Recovered)
2024,Sulawesi Selatan,Banjir,1.0,1625,Data DIBI BNPB (Raw Recovered)
2024,Sulawesi Tengah,Banjir,1.0,966,Data DIBI BNPB (Raw Recovered)
2024,Sulawesi Barat,Banjir,1.0,831,Data DIBI BNPB (Raw Recovered)
2024,Sulawesi Selatan,Banjir,1.0,9579,Data DIBI BNPB (Raw Recovered)
2024,Sulawesi Tengah,Banjir,1.0,376,Data DIBI BNPB (Raw Recovered)
2024,Sulawesi Selatan,Banjir,1.0,475,Data DIBI BNPB (Raw Recovered)
2024,Sulawesi Tengah,Banjir,1.0,350,Data DIBI BNPB (Raw Recovered)
2024,Sulawesi Selatan,Banjir,1.0,7693,Data DIBI BNPB (Raw Recovered)
2024,Sulawesi Barat,Tanah Longsor,1.0,1829,Data DIBI BNPB (Raw Recovered)
2024,Sulawesi Tengah,Tanah Longsor,1.0,174,Data DIBI BNPB (Raw Recovered)
2024,Sulawesi Tengah,Banjir,1.0,450,Data DIBI BNPB (Raw Recovered)
2024,Sulawesi Utara,Banjir,1.0,595,Data DIBI BNPB (Raw Recovered)
2024,Sulawesi Tengah,Banjir,1.0,60,Data DIBI BNPB (Raw Recovered)
2024,Sulawesi Tengah,Banjir,1.0,90,Data DIBI BNPB (Raw Recovered)
2024,Sulawesi Tengah,Banjir,1.0,585,Data DIBI BNPB (Raw Recovered)
2024,Sulawesi Tengah,Banjir,1.0,4224,Data DIBI BNPB (Raw Recovered)
2024,Sulawesi Selatan,Tanah Longsor,1.0,150,Data DIBI BNPB (Raw Recovered)
2024,Sulawesi Tengah,Banjir,1.0,300,Data DIBI BNPB (Raw Recovered)
2024,Sulawesi Selatan,Banjir,1.0,50,Data DIBI BNPB (Raw Recovered)
2024,Sulawesi Selatan,Banjir,1.0,1613,Data DIBI BNPB (Raw Recovered)
2024,Sulawesi Tenggara,Banjir,1.0,1115,Data DIBI BNPB (Raw Recovered)
2024,Sulawesi Tengah,Banjir,1.0,450,Data DIBI BNPB (Raw Recovered)
2024,Sulawesi Selatan,Banjir,1.0,1205,Data DIBI BNPB (Raw Recovered)
2024,Sulawesi Tengah,Banjir,1.0,215,Data DIBI BNPB (Raw Recovered)
2024,Sulawesi Tengah,Banjir,1.0,125,Data DIBI BNPB (Raw Recovered)
2024,Sulawesi Tengah,Banjir,1.0,185,Data DIBI BNPB (Raw Recovered)
2024,Sulawesi Tengah,Banjir,1.0,1195,Data DIBI BNPB (Raw Recovered)
2024,Sulawesi Tenggara,Banjir,1.0,60,Data DIBI BNPB (Raw Recovered)
2024,Sulawesi Selatan,Banjir,1.0,545,Data DIBI BNPB (Raw Recovered)
2024,Sulawesi Tengah,Banjir,1.0,125,Data DIBI BNPB (Raw Recovered)
2024,Sulawesi Tengah,Banjir,1.0,125,Data DIBI BNPB (Raw Recovered)
2024,Sulawesi Selatan,Banjir,1.0,3082,Data DIBI BNPB (Raw Recovered)
2024,Sulawesi Tenggara,Banjir,1.0,3468,Data DIBI BNPB (Raw Recovered)
2024,Sulawesi Selatan,Banjir,1.0,118,Data DIBI BNPB (Raw Recovered)
2024,Sulawesi Tengah,Banjir,1.0,330,Data DIBI BNPB (Raw Recovered)
2024,Sulawesi Tengah,Banjir,1.0,250,Data DIBI BNPB (Raw Recovered)
2024,Sulawesi Selatan,Banjir,1.0,12931,Data DIBI BNPB (Raw Recovered)
2024,Sulawesi Selatan,Banjir,1.0,18764,Data DIBI BNPB (Raw Recovered)
2024,Sulawesi Selatan,Banjir,1.0,8057,Data DIBI BNPB (Raw Recovered)
2024,Sulawesi Selatan,Banjir,1.0,3908,Data DIBI BNPB (Raw Recovered)
2024,Sulawesi Selatan,Banjir,1.0,23548,Data DIBI BNPB (Raw Recovered)
2024,Sulawesi Selatan,Tanah Longsor,1.0,0,Data DIBI BNPB (Raw Recovered)
2024,Sulawesi Utara,Banjir,1.0,3465,Data DIBI BNPB (Raw Recovered)
2024,Sulawesi Selatan,Banjir,1.0,150,Data DIBI BNPB (Raw Recovered)
2024,Sulawesi Selatan,Banjir,1.0,600,Data DIBI BNPB (Raw Recovered)
2024,Sulawesi Selatan,Banjir,1.0,34050,Data DIBI BNPB (Raw Recovered)
2024,Sulawesi Tengah,Banjir,1.0,1960,Data DIBI BNPB (Raw Recovered)
2024,Sulawesi Tengah,Banjir,1.0,4750,Data DIBI BNPB (Raw Recovered)
2024,Sulawesi Selatan,Banjir,1.0,0,Data DIBI BNPB (Raw Recovered)
2024,Sulawesi Selatan,Banjir,1.0,1160,Data DIBI BNPB (Raw Recovered)
2024,Sulawesi Selatan,Banjir,1.0,4450,Data DIBI BNPB (Raw Recovered)
2024,Sulawesi Selatan,Tanah Longsor,1.0,30,Data DIBI BNPB (Raw Recovered)
2024,Sulawesi Selatan,Banjir,1.0,100,Data DIBI BNPB (Raw Recovered)
2024,Sulawesi Tengah,Banjir,1.0,312,Data DIBI BNPB (Raw Recovered)
2024,Sulawesi Selatan,Banjir,0.3333333333333333,1537,Data DIBI BNPB (Raw Recovered)
2024,Sulawesi Selatan,Banjir,1.0,235,Data DIBI BNPB (Raw Recovered)
2024,Sulawesi Selatan,Banjir,0.3333333333333333,3576,Data DIBI BNPB (Raw Recovered)
2024,Sulawesi Selatan,Banjir,0.3333333333333333,6054,Data DIBI BNPB (Raw Recovered)
2024,Sulawesi Selatan,Banjir,0.25,150,Data DIBI BNPB (Raw Recovered)
2024,Sulawesi Selatan,Banjir,0.25,6043,Data DIBI BNPB (Raw Recovered)
2024,Sulawesi Selatan,Tanah Longsor,1.0,155,Data DIBI BNPB (Raw Recovered)
2024,Sulawesi Selatan,Banjir,1.0,610,Data DIBI BNPB (Raw Recovered)
2024,Sulawesi Selatan,Banjir,0.25,644,Data DIBI BNPB (Raw Recovered)
2024,Sulawesi Selatan,Banjir,0.25,500,Data DIBI BNPB (Raw Recovered)
2024,Sulawesi Selatan,Banjir,0.25,9141,Data DIBI BNPB (Raw Recovered)
2024,Sulawesi Selatan,Banjir,0.25,27967,Data DIBI BNPB (Raw Recovered)
2024,Sulawesi Selatan,Banjir,0.25,161,Data DIBI BNPB (Raw Recovered)
2024,Sulawesi Selatan,Banjir,0.25,560,Data DIBI BNPB (Raw Recovered)
2024,Sulawesi Tengah,Banjir,1.0,125,Data DIBI BNPB (Raw Recovered)
2024,Sulawesi Selatan,Tanah Longsor,1.0,565,Data DIBI BNPB (Raw Recovered)
2024,Sulawesi Tengah,Banjir,1.0,691,Data DIBI BNPB (Raw Recovered)
2024,Sulawesi Selatan,Banjir,1.0,1000,Data DIBI BNPB (Raw Recovered)
2024,Sulawesi Selatan,Tanah Longsor,1.0,116,Data DIBI BNPB (Raw Recovered)
2024,Sulawesi Selatan,Banjir,1.0,1020,Data DIBI BNPB (Raw Recovered)
2024,Sulawesi Tengah,Banjir,1.0,2460,Data DIBI BNPB (Raw Recovered)
2024,Sulawesi Selatan,Banjir,1.0,105,Data DIBI BNPB (Raw Recovered)
2024,Sulawesi Selatan,Tanah Longsor,1.0,74,Data DIBI BNPB (Raw Recovered)
2024,Sulawesi Tengah,Banjir,1.0,55,Data DIBI BNPB (Raw Recovered)
2024,Sulawesi Tengah,Banjir,1.0,145,Data DIBI BNPB (Raw Recovered)
2024,Sulawesi Tengah,Banjir,1.0,2350,Data DIBI BNPB (Raw Recovered)
2024,Sulawesi Selatan,Banjir,1.0,100,Data DIBI BNPB (Raw Recovered)
2024,Sulawesi Tengah,Banjir,1.0,3831,Data DIBI BNPB (Raw Recovered)
2024,Sulawesi Selatan,Banjir,1.0,2500,Data DIBI BNPB (Raw Recovered)
2024,Sulawesi Utara,Banjir,1.0,7950,Data DIBI BNPB (Raw Recovered)
2024,Sulawesi Utara,Banjir,1.0,12871,Data DIBI BNPB (Raw Recovered)
2024,Sulawesi Selatan,Banjir,1.0,1095,Data DIBI BNPB (Raw Recovered)
2024,Sulawesi Selatan,Banjir,1.0,1570,Data DIBI BNPB (Raw Recovered)
2024,Sulawesi Selatan,Banjir,0.5,5000,Data DIBI BNPB (Raw Recovered)
2024,Sulawesi Selatan,Banjir,0.5,440,Data DIBI BNPB (Raw Recovered)
2024,Sulawesi Barat,Banjir,1.0,520,Data DIBI BNPB (Raw Recovered)
2024,Sulawesi Tengah,Banjir,1.0,155,Data DIBI BNPB (Raw Recovered)
2024,Sulawesi Selatan,Banjir,1.0,785,Data DIBI BNPB (Raw Recovered)
2024,Sulawesi Selatan,Banjir,1.0,7500,Data DIBI BNPB (Raw Recovered)
2024,Sulawesi Selatan,Banjir,1.0,105,Data DIBI BNPB (Raw Recovered)
2024,Sulawesi Barat,Banjir,1.0,270,Data DIBI BNPB (Raw Recovered)
2024,Sulawesi Tenggara,Banjir,1.0,40,Data DIBI BNPB (Raw Recovered)
2024,Sulawesi Barat,Banjir,1.0,150,Data DIBI BNPB (Raw Recovered)
2024,Sulawesi Selatan,Banjir,1.0,1116,Data DIBI BNPB (Raw Recovered)
2024,Sulawesi Selatan,Banjir,1.0,785,Data DIBI BNPB (Raw Recovered)
2024,Sulawesi Selatan,Banjir,1.0,3302,Data DIBI BNPB (Raw Recovered)
2024,Sulawesi Tengah,Banjir,1.0,163,Data DIBI BNPB (Raw Recovered)
2024,Sulawesi Selatan,Banjir,1.0,695,Data DIBI BNPB (Raw Recovered)
2024,Sulawesi Tenggara,Banjir,1.0,1360,Data DIBI BNPB (Raw Recovered)
2024,Sulawesi Tenggara,Banjir,1.0,16165,Data DIBI BNPB (Raw Recovered)
2024,Sulawesi Tengah,Banjir,1.0,2959,Data DIBI BNPB (Raw Recovered)
2024,Sulawesi Utara,Banjir,1.0,414,Data DIBI BNPB (Raw Recovered)
2024,Sulawesi Utara,Banjir,1.0,1674,Data DIBI BNPB (Raw Recovered)
2024,Sulawesi Utara,Banjir,1.0,709,Data DIBI BNPB (Raw Recovered)
2024,Sulawesi Tenggara,Banjir,1.0,275,Data DIBI BNPB (Raw Recovered)
2024,Sulawesi Tengah,Banjir,1.0,0,Data DIBI BNPB (Raw Recovered)
2024,Sulawesi Selatan,Tanah Longsor,1.0,0,Data DIBI BNPB (Raw Recovered)
2024,Sulawesi Tenggara,Banjir,1.0,14,Data DIBI BNPB (Raw Recovered)
2024,Sulawesi Selatan,Banjir,1.0,770,Data DIBI BNPB (Raw Recovered)
2024,Sulawesi Utara,Banjir,1.0,2149,Data DIBI BNPB (Raw Recovered)
2024,Sulawesi Selatan,Banjir,1.0,200,Data DIBI BNPB (Raw Recovered)
2024,Sulawesi Tengah,Banjir,1.0,965,Data DIBI BNPB (Raw Recovered)
2024,Sulawesi Utara,Banjir,1.0,536,Data DIBI BNPB (Raw Recovered)
2024,Sulawesi Tengah,Banjir,1.0,1179,Data DIBI BNPB (Raw Recovered)
2024,Sulawesi Tenggara,Banjir,1.0,6315,Data DIBI BNPB (Raw Recovered)
2024,Sulawesi Selatan,Tanah Longsor,1.0,101,Data DIBI BNPB (Raw Recovered)
2024,Sulawesi Tengah,Banjir,1.0,210,Data DIBI BNPB (Raw Recovered)
2024,Sulawesi Selatan,Banjir,1.0,482,Data DIBI BNPB (Raw Recovered)
2024,Sulawesi Tenggara,Banjir,1.0,400,Data DIBI BNPB (Raw Recovered)
2024,Sulawesi Selatan,Banjir,1.0,340,Data DIBI BNPB (Raw Recovered)
2024,Sulawesi Tengah,Banjir,1.0,150,Data DIBI BNPB (Raw Recovered)
2024,Sulawesi Selatan,Banjir,1.0,0,Data DIBI BNPB (Raw Recovered)
2024,Sulawesi Selatan,Banjir,1.0,605,Data DIBI BNPB (Raw Recovered)
2024,Sulawesi Selatan,Banjir,1.0,245,Data DIBI BNPB (Raw Recovered)
2024,Sulawesi Selatan,Tanah Longsor,1.0,25,Data DIBI BNPB (Raw Recovered)
2024,Sulawesi Tengah,Banjir,1.0,75,Data DIBI BNPB (Raw Recovered)
2024,Sulawesi Tengah,Banjir,1.0,1000,Data DIBI BNPB (Raw Recovered)
2024,Sulawesi Barat,Banjir,1.0,1845,Data DIBI BNPB (Raw Recovered)
2023,Sulawesi Tengah,Banjir,1.0,425,Data DIBI BNPB (Raw Recovered)
2023,Sulawesi Selatan,Banjir,1.0,48,Data DIBI BNPB (Raw Recovered)
2023,Sulawesi Tengah,Banjir,1.0,12,Data DIBI BNPB (Raw Recovered)
2023,Sulawesi Barat,Banjir,1.0,364,Data DIBI BNPB (Raw Recovered)
2023,Sulawesi Barat,Tanah Longsor,1.0,8,Data DIBI BNPB (Raw Recovered)
2023,Sulawesi Utara,Banjir,1.0,79,Data DIBI BNPB (Raw Recovered)
2023,Sulawesi Tengah,Banjir,1.0,50,Data DIBI BNPB (Raw Recovered)
2023,Sulawesi Utara,Banjir,1.0,29,Data DIBI BNPB (Raw Recovered)
2023,Sulawesi Tengah,Banjir,1.0,70,Data DIBI BNPB (Raw Recovered)
2023,Sulawesi Barat,Banjir,1.0,203,Data DIBI BNPB (Raw Recovered)
2023,Sulawesi Utara,Banjir,1.0,1050,Data DIBI BNPB (Raw Recovered)
2023,Sulawesi Selatan,Banjir,1.0,768,Data DIBI BNPB (Raw Recovered)
2023,Sulawesi Tengah,Banjir,1.0,57,Data DIBI BNPB (Raw Recovered)
2023,Sulawesi Selatan,Tanah Longsor,1.0,5,Data DIBI BNPB (Raw Recovered)
2023,Sulawesi Tengah,Banjir,1.0,3135,Data DIBI BNPB (Raw Recovered)
2023,Sulawesi Tengah,Banjir,1.0,250,Data DIBI BNPB (Raw Recovered)
2023,Sulawesi Tengah,Banjir,1.0,0,Data DIBI BNPB (Raw Recovered)
2023,Sulawesi Tengah,Banjir,1.0,0,Data DIBI BNPB (Raw Recovered)
2023,Sulawesi Selatan,Banjir,1.0,484,Data DIBI BNPB (Raw Recovered)
2023,Sulawesi Utara,Banjir,1.0,1536,Data DIBI BNPB (Raw Recovered)
2023,Sulawesi Selatan,Tanah Longsor,1.0,5,Data DIBI BNPB (Raw Recovered)
2023,Sulawesi Tengah,Banjir,1.0,0,Data DIBI BNPB (Raw Recovered)
2023,Sulawesi Tengah,Banjir,1.0,0,Data DIBI BNPB (Raw Recovered)
2023,Sulawesi Tengah,Banjir,1.0,0,Data DIBI BNPB (Raw Recovered)
2023,Sulawesi Tengah,Banjir,1.0,5,Data DIBI BNPB (Raw Recovered)
2023,Sulawesi Tengah,Banjir,1.0,0,Data DIBI BNPB (Raw Recovered)
2023,Sulawesi Tengah,Banjir,1.0,0,Data DIBI BNPB (Raw Recovered)
2023,Sulawesi Selatan,Tanah Longsor,1.0,5,Data DIBI BNPB (Raw Recovered)
2023,Sulawesi Tengah,Tanah Longsor,1.0,2,Data DIBI BNPB (Raw Recovered)
2023,Sulawesi Utara,Banjir,1.0,924,Data DIBI BNPB (Raw Recovered)
2023,Sulawesi Tengah,Tanah Longsor,1.0,0,Data DIBI BNPB (Raw Recovered)
2023,Sulawesi Utara,Banjir,1.0,294,Data DIBI BNPB (Raw Recovered)
2023,Sulawesi Selatan,Banjir,1.0,2150,Data DIBI BNPB (Raw Recovered)
2023,Sulawesi Tenggara,Banjir,1.0,35,Data DIBI BNPB (Raw Recovered)
2023,Sulawesi Selatan,Banjir,1.0,0,Data DIBI BNPB (Raw Recovered)
2023,Sulawesi Tengah,Banjir,1.0,5,Data DIBI BNPB (Raw Recovered)
2023,Sulawesi Selatan,Tanah Longsor,1.0,0,Data DIBI BNPB (Raw Recovered)
2023,Sulawesi Tengah,Banjir,1.0,15,Data DIBI BNPB (Raw Recovered)
2023,Sulawesi Selatan,Banjir,1.0,0,Data DIBI BNPB (Raw Recovered)
2023,Sulawesi Tenggara,Banjir,1.0,5665,Data DIBI BNPB (Raw Recovered)
2023,Sulawesi Barat,Banjir,1.0,452,Data DIBI BNPB (Raw Recovered)
2023,Sulawesi Barat,Banjir,1.0,4,Data DIBI BNPB (Raw Recovered)
2023,Sulawesi Barat,Banjir,1.0,0,Data DIBI BNPB (Raw Recovered)
2023,Sulawesi Tengah,Banjir,1.0,820,Data DIBI BNPB (Raw Recovered)
2023,Sulawesi Barat,Banjir,1.0,85,Data DIBI BNPB (Raw Recovered)
2023,Sulawesi Selatan,Tanah Longsor,1.0,0,Data DIBI BNPB (Raw Recovered)
2023,Sulawesi Selatan,Banjir,1.0,500,Data DIBI BNPB (Raw Recovered)
2023,Sulawesi Selatan,Tanah Longsor,1.0,10,Data DIBI BNPB (Raw Recovered)
2023,Sulawesi Selatan,Banjir,1.0,55,Data DIBI BNPB (Raw Recovered)
2023,Sulawesi Selatan,Banjir,1.0,5,Data DIBI BNPB (Raw Recovered)
2023,Sulawesi Selatan,Banjir,1.0,840,Data DIBI BNPB (Raw Recovered)
2023,Sulawesi Selatan,Banjir,1.0,0,Data DIBI BNPB (Raw Recovered)
2023,Sulawesi Tengah,Banjir,1.0,0,Data DIBI BNPB (Raw Recovered)
2023,Sulawesi Barat,Banjir,1.0,438,Data DIBI BNPB (Raw Recovered)
2023,Sulawesi Utara,Banjir,1.0,1600,Data DIBI BNPB (Raw Recovered)
2023,Sulawesi Barat,Tanah Longsor,1.0,4,Data DIBI BNPB (Raw Recovered)
2023,Sulawesi Selatan,Tanah Longsor,1.0,4,Data DIBI BNPB (Raw Recovered)
2023,Sulawesi Tengah,Banjir,1.0,0,Data DIBI BNPB (Raw Recovered)
2023,Sulawesi Selatan,Banjir,1.0,0,Data DIBI BNPB (Raw Recovered)
2023,Sulawesi Selatan,Tanah Longsor,1.0,0,Data DIBI BNPB (Raw Recovered)
2023,Sulawesi Selatan,Banjir,1.0,143,Data DIBI BNPB (Raw Recovered)
2023,Sulawesi Selatan,Banjir,1.0,52,Data DIBI BNPB (Raw Recovered)
2023,Sulawesi Selatan,Tanah Longsor,1.0,3,Data DIBI BNPB (Raw Recovered)
2023,Sulawesi Selatan,Tanah Longsor,1.0,55,Data DIBI BNPB (Raw Recovered)
2023,Sulawesi Selatan,Tanah Longsor,1.0,0,Data DIBI BNPB (Raw Recovered)
2023,Sulawesi Tengah,Banjir,1.0,9811,Data DIBI BNPB (Raw Recovered)
2023,Sulawesi Tengah,Banjir,1.0,25,Data DIBI BNPB (Raw Recovered)
2023,Sulawesi Selatan,Banjir,1.0,78,Data DIBI BNPB (Raw Recovered)
2023,Sulawesi Selatan,Banjir,1.0,101,Data DIBI BNPB (Raw Recovered)
2023,Sulawesi Tengah,Banjir,1.0,25,Data DIBI BNPB (Raw Recovered)
2023,Sulawesi Tengah,Banjir,1.0,0,Data DIBI BNPB (Raw Recovered)
2023,Sulawesi Selatan,Banjir,1.0,350,Data DIBI BNPB (Raw Recovered)
2023,Sulawesi Selatan,Tanah Longsor,1.0,0,Data DIBI BNPB (Raw Recovered)
2023,Sulawesi Barat,Tanah Longsor,1.0,0,Data DIBI BNPB (Raw Recovered)
2023,Sulawesi Barat,Banjir,1.0,4575,Data DIBI BNPB (Raw Recovered)
2023,Sulawesi Barat,Tanah Longsor,1.0,6,Data DIBI BNPB (Raw Recovered)
2023,Sulawesi Selatan,Tanah Longsor,1.0,175,Data DIBI BNPB (Raw Recovered)
2023,Sulawesi Selatan,Banjir,1.0,287,Data DIBI BNPB (Raw Recovered)
2023,Sulawesi Selatan,Banjir,1.0,85,Data DIBI BNPB (Raw Recovered)
2023,Sulawesi Barat,Banjir,1.0,0,Data DIBI BNPB (Raw Recovered)
2023,Sulawesi Selatan,Banjir,1.0,85,Data DIBI BNPB (Raw Recovered)
2023,Sulawesi Selatan,Tanah Longsor,1.0,6,Data DIBI BNPB (Raw Recovered)
2023,Sulawesi Selatan,Tanah Longsor,1.0,5,Data DIBI BNPB (Raw Recovered)
2023,Sulawesi Tengah,Banjir,1.0,0,Data DIBI BNPB (Raw Recovered)
2023,Sulawesi Selatan,Banjir,1.0,0,Data DIBI BNPB (Raw Recovered)
2023,Sulawesi Selatan,Banjir,1.0,1,Data DIBI BNPB (Raw Recovered)
2023,Sulawesi Selatan,Banjir,1.0,581,Data DIBI BNPB (Raw Recovered)
2023,Sulawesi Selatan,Banjir,1.0,0,Data DIBI BNPB (Raw Recovered)
2023,Sulawesi Selatan,Tanah Longsor,1.0,15,Data DIBI BNPB (Raw Recovered)
2023,Sulawesi Tengah,Banjir,1.0,52,Data DIBI BNPB (Raw Recovered)
2023,Sulawesi Barat,Tanah Longsor,1.0,4,Data DIBI BNPB (Raw Recovered)
2023,Sulawesi Tengah,Banjir,1.0,0,Data DIBI BNPB (Raw Recovered)
2023,Sulawesi Barat,Banjir,1.0,20651,Data DIBI BNPB (Raw Recovered)
2023,Sulawesi Selatan,Banjir,1.0,0,Data DIBI BNPB (Raw Recovered)
2023,Sulawesi Selatan,Banjir,1.0,245,Data DIBI BNPB (Raw Recovered)
2023,Sulawesi Selatan,Tanah Longsor,1.0,10,Data DIBI BNPB (Raw Recovered)
2023,Sulawesi Selatan,Tanah Longsor,1.0,520,Data DIBI BNPB (Raw Recovered)
2023,Sulawesi Tengah,Banjir,1.0,758,Data DIBI BNPB (Raw Recovered)
2023,Sulawesi Utara,Banjir,1.0,1635,Data DIBI BNPB (Raw Recovered)
2023,Sulawesi Selatan,Tanah Longsor,1.0,15,Data DIBI BNPB (Raw Recovered)
2023,Sulawesi Barat,Tanah Longsor,1.0,4,Data DIBI BNPB (Raw Recovered)
2023,Sulawesi Selatan,Tanah Longsor,1.0,25,Data DIBI BNPB (Raw Recovered)
2023,Sulawesi Tengah,Tanah Longsor,1.0,0,Data DIBI BNPB (Raw Recovered)
2023,Sulawesi Barat,Tanah Longsor,1.0,6,Data DIBI BNPB (Raw Recovered)
2023,Sulawesi Selatan,Banjir,1.0,0,Data DIBI BNPB (Raw Recovered)
2023,Sulawesi Tengah,Banjir,1.0,10040,Data DIBI BNPB (Raw Recovered)
2023,Sulawesi Selatan,Banjir,1.0,0,Data DIBI BNPB (Raw Recovered)
2023,Sulawesi Tengah,Banjir,1.0,486,Data DIBI BNPB (Raw Recovered)
2023,Sulawesi Utara,Banjir,1.0,80,Data DIBI BNPB (Raw Recovered)
2023,Sulawesi Tengah,Banjir,1.0,0,Data DIBI BNPB (Raw Recovered)
2023,Sulawesi Tengah,Banjir,1.0,0,Data DIBI BNPB (Raw Recovered)
2023,Sulawesi Barat,Banjir,1.0,2738,Data DIBI BNPB (Raw Recovered)
2023,Sulawesi Tengah,Banjir,1.0,635,Data DIBI BNPB (Raw Recovered)
2023,Sulawesi Tengah,Banjir,1.0,199,Data DIBI BNPB (Raw Recovered)
2023,Sulawesi Selatan,Tanah Longsor,1.0,10,Data DIBI BNPB (Raw Recovered)
2023,Sulawesi Selatan,Tanah Longsor,1.0,10,Data DIBI BNPB (Raw Recovered)
2023,Sulawesi Selatan,Banjir,1.0,0,Data DIBI BNPB (Raw Recovered)
2023,Sulawesi Selatan,Tanah Longsor,1.0,0,Data DIBI BNPB (Raw Recovered)
2023,Sulawesi Tenggara,Banjir,1.0,232,Data DIBI BNPB (Raw Recovered)
2023,Sulawesi Tengah,Banjir,1.0,0,Data DIBI BNPB (Raw Recovered)
2023,Sulawesi Tengah,Banjir,1.0,40,Data DIBI BNPB (Raw Recovered)
2023,Sulawesi Selatan,Banjir,1.0,140,Data DIBI BNPB (Raw Recovered)
2023,Sulawesi Barat,Tanah Longsor,1.0,5,Data DIBI BNPB (Raw Recovered)
2023,Sulawesi Tengah,Banjir,1.0,0,Data DIBI BNPB (Raw Recovered)
2023,Sulawesi Tengah,Tanah Longsor,1.0,0,Data DIBI BNPB (Raw Recovered)
2023,Sulawesi Selatan,Banjir,1.0,1000,Data DIBI BNPB (Raw Recovered)
2023,Sulawesi Tengah,Banjir,1.0,0,Data DIBI BNPB (Raw Recovered)
2023,Sulawesi Tengah,Banjir,1.0,764,Data DIBI BNPB (Raw Recovered)
2023,Sulawesi Tengah,Banjir,1.0,0,Data DIBI BNPB (Raw Recovered)
2023,Sulawesi Tengah,Banjir,1.0,0,Data DIBI BNPB (Raw Recovered)
2023,Sulawesi Barat,Tanah Longsor,1.0,10,Data DIBI BNPB (Raw Recovered)
2023,Sulawesi Selatan,Banjir,1.0,0,Data DIBI BNPB (Raw Recovered)
2023,Sulawesi Barat,Banjir,1.0,29,Data DIBI BNPB (Raw Recovered)
2023,Sulawesi Utara,Banjir,1.0,540,Data DIBI BNPB (Raw Recovered)
2023,Sulawesi Utara,Tanah Longsor,1.0,5,Data DIBI BNPB (Raw Recovered)
2023,Sulawesi Barat,Tanah Longsor,1.0,83,Data DIBI BNPB (Raw Recovered)
2023,Sulawesi Tengah,Banjir,1.0,0,Data DIBI BNPB (Raw Recovered)
2023,Sulawesi Barat,Banjir,1.0,0,Data DIBI BNPB (Raw Recovered)
2023,Sulawesi Utara,Banjir,1.0,24,Data DIBI BNPB (Raw Recovered)
2023,Sulawesi Selatan,Tanah Longsor,1.0,10,Data DIBI BNPB (Raw Recovered)
2023,Sulawesi Utara,Banjir,1.0,230,Data DIBI BNPB (Raw Recovered)
2023,Sulawesi Tengah,Banjir,1.0,8,Data DIBI BNPB (Raw Recovered)
2023,Sulawesi Selatan,Banjir,1.0,235,Data DIBI BNPB (Raw Recovered)
2023,Sulawesi Selatan,Banjir,1.0,1240,Data DIBI BNPB (Raw Recovered)
2023,Sulawesi Tengah,Banjir,1.0,0,Data DIBI BNPB (Raw Recovered)
2023,Sulawesi Tengah,Banjir,1.0,0,Data DIBI BNPB (Raw Recovered)
2023,Sulawesi Selatan,Banjir,1.0,1512,Data DIBI BNPB (Raw Recovered)
2023,Sulawesi Selatan,Tanah Longsor,1.0,0,Data DIBI BNPB (Raw Recovered)
2023,Sulawesi Tengah,Banjir,1.0,50,Data DIBI BNPB (Raw Recovered)
2023,Sulawesi Tengah,Banjir,1.0,25,Data DIBI BNPB (Raw Recovered)
2023,Sulawesi Tengah,Banjir,1.0,0,Data DIBI BNPB (Raw Recovered)
2023,Sulawesi Tengah,Tanah Longsor,1.0,0,Data DIBI BNPB (Raw Recovered)
2023,Sulawesi Selatan,Banjir,1.0,208,Data DIBI BNPB (Raw Recovered)
2023,Sulawesi Selatan,Banjir,1.0,30,Data DIBI BNPB (Raw Recovered)
2023,Sulawesi Selatan,Banjir,1.0,125,Data DIBI BNPB (Raw Recovered)
2023,Sulawesi Tengah,Banjir,1.0,0,Data DIBI BNPB (Raw Recovered)
2023,Sulawesi Selatan,Banjir,1.0,0,Data DIBI BNPB (Raw Recovered)
2023,Sulawesi Selatan,Banjir,1.0,5,Data DIBI BNPB (Raw Recovered)
2023,Sulawesi Selatan,Tanah Longsor,1.0,183,Data DIBI BNPB (Raw Recovered)
2023,Sulawesi Selatan,Banjir,1.0,22941,Data DIBI BNPB (Raw Recovered)
2023,Sulawesi Selatan,Banjir,1.0,2490,Data DIBI BNPB (Raw Recovered)
2023,Sulawesi Selatan,Banjir,1.0,11163,Data DIBI BNPB (Raw Recovered)
2023,Sulawesi Selatan,Banjir,1.0,1869,Data DIBI BNPB (Raw Recovered)
2023,Sulawesi Selatan,Banjir,1.0,338,Data DIBI BNPB (Raw Recovered)
2023,Sulawesi Selatan,Tanah Longsor,1.0,5,Data DIBI BNPB (Raw Recovered)
2023,Sulawesi Barat,Tanah Longsor,1.0,15,Data DIBI BNPB (Raw Recovered)
2023,Sulawesi Barat,Tanah Longsor,1.0,18,Data DIBI BNPB (Raw Recovered)
2023,Sulawesi Tengah,Banjir,1.0,0,Data DIBI BNPB (Raw Recovered)
2023,Sulawesi Selatan,Tanah Longsor,1.0,2,Data DIBI BNPB (Raw Recovered)
2023,Sulawesi Selatan,Tanah Longsor,1.0,290,Data DIBI BNPB (Raw Recovered)
2023,Sulawesi Barat,Tanah Longsor,1.0,4,Data DIBI BNPB (Raw Recovered)
2023,Sulawesi Tengah,Banjir,1.0,0,Data DIBI BNPB (Raw Recovered)
2023,Sulawesi Selatan,Tanah Longsor,1.0,22,Data DIBI BNPB (Raw Recovered)
2023,Sulawesi Tengah,Banjir,1.0,414,Data DIBI BNPB (Raw Recovered)
2023,Sulawesi Selatan,Banjir,1.0,40,Data DIBI BNPB (Raw Recovered)
2023,Sulawesi Selatan,Banjir,1.0,6567,Data DIBI BNPB (Raw Recovered)
2023,Sulawesi Utara,Banjir,1.0,3242,Data DIBI BNPB (Raw Recovered)
2023,Sulawesi Selatan,Banjir,1.0,1228,Data DIBI BNPB (Raw Recovered)
2023,Sulawesi Tengah,Banjir,1.0,0,Data DIBI BNPB (Raw Recovered)
2023,Sulawesi Selatan,Banjir,1.0,0,Data DIBI BNPB (Raw Recovered)
2023,Sulawesi Utara,Banjir,1.0,18118,Data DIBI BNPB (Raw Recovered)
2023,Sulawesi Utara,Tanah Longsor,1.0,745,Data DIBI BNPB (Raw Recovered)
2023,Sulawesi Selatan,Banjir,1.0,840,Data DIBI BNPB (Raw Recovered)
2023,Sulawesi Tengah,Banjir,1.0,5,Data DIBI BNPB (Raw Recovered)
2023,Sulawesi Tengah,Banjir,1.0,0,Data DIBI BNPB (Raw Recovered)
2023,Sulawesi Tengah,Banjir,1.0,0,Data DIBI BNPB (Raw Recovered)
2023,Sulawesi Utara,Banjir,1.0,466,Data DIBI BNPB (Raw Recovered)
2023,Sulawesi Utara,Banjir,1.0,1118,Data DIBI BNPB (Raw Recovered)
2023,Sulawesi Barat,Tanah Longsor,1.0,4,Data DIBI BNPB (Raw Recovered)
2023,Sulawesi Tengah,Banjir,1.0,0,Data DIBI BNPB (Raw Recovered)
2023,Sulawesi Barat,Banjir,1.0,0,Data DIBI BNPB (Raw Recovered)
2023,Sulawesi Barat,Tanah Longsor,1.0,4,Data DIBI BNPB (Raw Recovered)
2023,Sulawesi Tengah,Banjir,1.0,750,Data DIBI BNPB (Raw Recovered)
2023,Sulawesi Selatan,Tanah Longsor,1.0,0,Data DIBI BNPB (Raw Recovered)
2023,Sulawesi Barat,Tanah Longsor,1.0,4,Data DIBI BNPB (Raw Recovered)
2023,Sulawesi Tengah,Banjir,1.0,11,Data DIBI BNPB (Raw Recovered)
2023,Sulawesi Barat,Tanah Longsor,1.0,5,Data DIBI BNPB (Raw Recovered)
2023,Sulawesi Tengah,Banjir,1.0,0,Data DIBI BNPB (Raw Recovered)
2023,Sulawesi Selatan,Banjir,1.0,2074,Data DIBI BNPB (Raw Recovered)
2023,Sulawesi Selatan,Tanah Longsor,1.0,1500,Data DIBI BNPB (Raw Recovered)
2023,Sulawesi Selatan,Banjir,1.0,548,Data DIBI BNPB (Raw Recovered)
2023,Sulawesi Tengah,Banjir,1.0,0,Data DIBI BNPB (Raw Recovered)
2022,Sulawesi Selatan,Banjir,1.0,2807,Data DIBI BNPB (Raw Recovered)
2022,Sulawesi Selatan,Banjir,1.0,1150,Data DIBI BNPB (Raw Recovered)
2022,Sulawesi Selatan,Tanah Longsor,1.0,75,Data DIBI BNPB (Raw Recovered)
2022,Sulawesi Selatan,Tanah Longsor,1.0,210,Data DIBI BNPB (Raw Recovered)
2022,Sulawesi Selatan,Banjir,1.0,1668,Data DIBI BNPB (Raw Recovered)
2022,Sulawesi Tengah,Banjir,1.0,3250,Data DIBI BNPB (Raw Recovered)
2022,Sulawesi Selatan,Banjir,1.0,27538,Data DIBI BNPB (Raw Recovered)
2022,Sulawesi Selatan,Banjir,1.0,7,Data DIBI BNPB (Raw Recovered)
2022,Sulawesi Selatan,Tanah Longsor,1.0,285,Data DIBI BNPB (Raw Recovered)
2022,Sulawesi Selatan,Banjir,1.0,5,Data DIBI BNPB (Raw Recovered)
2022,Sulawesi Barat,Banjir,0.5,2685,Data DIBI BNPB (Raw Recovered)
2022,Sulawesi Barat,Banjir,1.0,291,Data DIBI BNPB (Raw Recovered)
2022,Sulawesi Barat,Banjir,0.5,1115,Data DIBI BNPB (Raw Recovered)
2022,Sulawesi Selatan,Banjir,1.0,8950,Data DIBI BNPB (Raw Recovered)
2022,Sulawesi Selatan,Banjir,1.0,23770,Data DIBI BNPB (Raw Recovered)
2022,Sulawesi Selatan,Banjir,1.0,0,Data DIBI BNPB (Raw Recovered)
2022,Sulawesi Utara,Banjir,1.0,13,Data DIBI BNPB (Raw Recovered)
2022,Sulawesi Utara,Banjir,1.0,146,Data DIBI BNPB (Raw Recovered)
2022,Sulawesi Barat,Banjir,1.0,1480,Data DIBI BNPB (Raw Recovered)
2022,Sulawesi Selatan,Banjir,1.0,275,Data DIBI BNPB (Raw Recovered)
2022,Sulawesi Selatan,Tanah Longsor,1.0,30,Data DIBI BNPB (Raw Recovered)
2022,Sulawesi Selatan,Banjir,1.0,0,Data DIBI BNPB (Raw Recovered)
2022,Sulawesi Tengah,Banjir,1.0,100,Data DIBI BNPB (Raw Recovered)
2022,Sulawesi Barat,Banjir,0.5,13200,Data DIBI BNPB (Raw Recovered)
2022,Sulawesi Selatan,Banjir,1.0,155,Data DIBI BNPB (Raw Recovered)
2022,Sulawesi Selatan,Banjir,1.0,4949,Data DIBI BNPB (Raw Recovered)
2022,Sulawesi Barat,Banjir,0.5,11452,Data DIBI BNPB (Raw Recovered)
2022,Sulawesi Selatan,Banjir,1.0,2175,Data DIBI BNPB (Raw Recovered)
2022,Sulawesi Barat,Banjir,1.0,6376,Data DIBI BNPB (Raw Recovered)
2022,Sulawesi Barat,Banjir,1.0,2150,Data DIBI BNPB (Raw Recovered)
2022,Sulawesi Selatan,Tanah Longsor,1.0,75,Data DIBI BNPB (Raw Recovered)
2022,Sulawesi Tengah,Banjir,1.0,125,Data DIBI BNPB (Raw Recovered)
2022,Sulawesi Utara,Tanah Longsor,1.0,35,Data DIBI BNPB (Raw Recovered)
2022,Sulawesi Utara,Banjir,1.0,2064,Data DIBI BNPB (Raw Recovered)
2022,Sulawesi Barat,Tanah Longsor,1.0,47,Data DIBI BNPB (Raw Recovered)
2022,Sulawesi Utara,Banjir,1.0,900,Data DIBI BNPB (Raw Recovered)
2022,Sulawesi Tengah,Banjir,0.5,20,Data DIBI BNPB (Raw Recovered)
2022,Sulawesi Tengah,Banjir,0.5,140,Data DIBI BNPB (Raw Recovered)
2022,Sulawesi Tengah,Banjir,1.0,35,Data DIBI BNPB (Raw Recovered)
2022,Sulawesi Tengah,Banjir,1.0,26,Data DIBI BNPB (Raw Recovered)
2022,Sulawesi Barat,Banjir,1.0,3830,Data DIBI BNPB (Raw Recovered)
2022,Sulawesi Barat,Banjir,1.0,5000,Data DIBI BNPB (Raw Recovered)
2022,Sulawesi Utara,Banjir,1.0,90,Data DIBI BNPB (Raw Recovered)
2022,Sulawesi Utara,Banjir,1.0,272,Data DIBI BNPB (Raw Recovered)
2022,Sulawesi Tengah,Banjir,1.0,100,Data DIBI BNPB (Raw Recovered)
2022,Sulawesi Tengah,Banjir,1.0,1214,Data DIBI BNPB (Raw Recovered)
2022,Sulawesi Tengah,Banjir,1.0,100,Data DIBI BNPB (Raw Recovered)
2022,Sulawesi Barat,Banjir,1.0,3692,Data DIBI BNPB (Raw Recovered)
2022,Sulawesi Barat,Banjir,1.0,9682,Data DIBI BNPB (Raw Recovered)
2022,Sulawesi Tengah,Banjir,1.0,50,Data DIBI BNPB (Raw Recovered)
2022,Sulawesi Selatan,Banjir,1.0,3285,Data DIBI BNPB (Raw Recovered)
2022,Sulawesi Selatan,Banjir,1.0,0,Data DIBI BNPB (Raw Recovered)
2022,Sulawesi Barat,Banjir,1.0,1252,Data DIBI BNPB (Raw Recovered)
2022,Sulawesi Selatan,Banjir,1.0,8730,Data DIBI BNPB (Raw Recovered)
2022,Sulawesi Barat,Banjir,1.0,1800,Data DIBI BNPB (Raw Recovered)
2022,Sulawesi Selatan,Tanah Longsor,1.0,25,Data DIBI BNPB (Raw Recovered)
2022,Sulawesi Barat,Banjir,1.0,560,Data DIBI BNPB (Raw Recovered)
2022,Sulawesi Tengah,Banjir,1.0,350,Data DIBI BNPB (Raw Recovered)
2022,Sulawesi Barat,Banjir,1.0,8854,Data DIBI BNPB (Raw Recovered)
2022,Sulawesi Utara,Tanah Longsor,1.0,0,Data DIBI BNPB (Raw Recovered)
2022,Sulawesi Selatan,Banjir,1.0,240,Data DIBI BNPB (Raw Recovered)
2022,Sulawesi Tengah,Banjir,1.0,55,Data DIBI BNPB (Raw Recovered)
2022,Sulawesi Selatan,Banjir,1.0,620,Data DIBI BNPB (Raw Recovered)
2022,Sulawesi Selatan,Banjir,1.0,1075,Data DIBI BNPB (Raw Recovered)
2022,Sulawesi Barat,Banjir,1.0,380,Data DIBI BNPB (Raw Recovered)
2022,Sulawesi Selatan,Banjir,1.0,1465,Data DIBI BNPB (Raw Recovered)
2022,Sulawesi Selatan,Banjir,1.0,7490,Data DIBI BNPB (Raw Recovered)
2022,Sulawesi Selatan,Banjir,1.0,338,Data DIBI BNPB (Raw Recovered)
2022,Sulawesi Tengah,Banjir,1.0,450,Data DIBI BNPB (Raw Recovered)
2022,Sulawesi Tengah,Banjir,1.0,25,Data DIBI BNPB (Raw Recovered)
2022,Sulawesi Tengah,Banjir,1.0,500,Data DIBI BNPB (Raw Recovered)
2022,Sulawesi Tenggara,Banjir,1.0,151,Data DIBI BNPB (Raw Recovered)
2022,Sulawesi Tenggara,Banjir,1.0,250,Data DIBI BNPB (Raw Recovered)
2022,Sulawesi Selatan,Tanah Longsor,1.0,32,Data DIBI BNPB (Raw Recovered)
2022,Sulawesi Tengah,Banjir,1.0,1500,Data DIBI BNPB (Raw Recovered)
2022,Sulawesi Selatan,Banjir,1.0,1145,Data DIBI BNPB (Raw Recovered)
2022,Sulawesi Tengah,Banjir,1.0,45,Data DIBI BNPB (Raw Recovered)
2022,Sulawesi Tengah,Banjir,1.0,190,Data DIBI BNPB (Raw Recovered)
2022,Sulawesi Selatan,Tanah Longsor,1.0,5,Data DIBI BNPB (Raw Recovered)
2022,Sulawesi Tengah,Banjir,1.0,200,Data DIBI BNPB (Raw Recovered)
2022,Sulawesi Tengah,Banjir,1.0,662,Data DIBI BNPB (Raw Recovered)
2022,Sulawesi Tengah,Banjir,1.0,5230,Data DIBI BNPB (Raw Recovered)
2022,Sulawesi Tengah,Banjir,1.0,35,Data DIBI BNPB (Raw Recovered)
2022,Sulawesi Barat,Banjir,1.0,125,Data DIBI BNPB (Raw Recovered)
2022,Sulawesi Tengah,Banjir,1.0,1500,Data DIBI BNPB (Raw Recovered)
2022,Sulawesi Selatan,Banjir,1.0,555,Data DIBI BNPB (Raw Recovered)
2022,Sulawesi Tengah,Banjir,1.0,112,Data DIBI BNPB (Raw Recovered)
2022,Sulawesi Selatan,Tanah Longsor,1.0,12,Data DIBI BNPB (Raw Recovered)
2022,Sulawesi Selatan,Banjir,1.0,16,Data DIBI BNPB (Raw Recovered)
2022,Sulawesi Selatan,Banjir,1.0,150,Data DIBI BNPB (Raw Recovered)
2022,Sulawesi Utara,Banjir,1.0,513,Data DIBI BNPB (Raw Recovered)
2022,Sulawesi Tengah,Banjir,1.0,1000,Data DIBI BNPB (Raw Recovered)
2022,Sulawesi Selatan,Banjir,1.0,1825,Data DIBI BNPB (Raw Recovered)
2022,Sulawesi Barat,Banjir,1.0,2500,Data DIBI BNPB (Raw Recovered)
2022,Sulawesi Selatan,Banjir,1.0,10077,Data DIBI BNPB (Raw Recovered)
2022,Sulawesi Tengah,Banjir,1.0,25,Data DIBI BNPB (Raw Recovered)
2022,Sulawesi Utara,Banjir,1.0,559,Data DIBI BNPB (Raw Recovered)
2022,Sulawesi Barat,Banjir,1.0,0,Data DIBI BNPB (Raw Recovered)
2022,Sulawesi Tengah,Banjir,1.0,200,Data DIBI BNPB (Raw Recovered)
2022,Sulawesi Tengah,Banjir,1.0,300,Data DIBI BNPB (Raw Recovered)
2022,Sulawesi Selatan,Banjir,1.0,1280,Data DIBI BNPB (Raw Recovered)
2022,Sulawesi Tengah,Banjir,1.0,1465,Data DIBI BNPB (Raw Recovered)
2022,Sulawesi Tenggara,Banjir,1.0,1575,Data DIBI BNPB (Raw Recovered)
2022,Sulawesi Tenggara,Banjir,1.0,750,Data DIBI BNPB (Raw Recovered)
2022,Sulawesi Selatan,Banjir,1.0,1397,Data DIBI BNPB (Raw Recovered)
2022,Sulawesi Utara,Banjir,1.0,1175,Data DIBI BNPB (Raw Recovered)
2022,Sulawesi Utara,Banjir,1.0,528,Data DIBI BNPB (Raw Recovered)
2022,Sulawesi Tengah,Banjir,1.0,25,Data DIBI BNPB (Raw Recovered)
2022,Sulawesi Tenggara,Banjir,1.0,150,Data DIBI BNPB (Raw Recovered)
2022,Sulawesi Tengah,Banjir,1.0,305,Data DIBI BNPB (Raw Recovered)
2022,Sulawesi Tengah,Banjir,1.0,50,Data DIBI BNPB (Raw Recovered)
2022,Sulawesi Tengah,Banjir,1.0,50,Data DIBI BNPB (Raw Recovered)
2022,Sulawesi Tengah,Banjir,1.0,485,Data DIBI BNPB (Raw Recovered)
2022,Sulawesi Tengah,Banjir,0.5,25,Data DIBI BNPB (Raw Recovered)
2022,Sulawesi Tengah,Banjir,0.5,3570,Data DIBI BNPB (Raw Recovered)
2022,Sulawesi Tengah,Banjir,1.0,300,Data DIBI BNPB (Raw Recovered)
2022,Sulawesi Tengah,Banjir,1.0,250,Data DIBI BNPB (Raw Recovered)
2022,Sulawesi Tengah,Banjir,1.0,15,Data DIBI BNPB (Raw Recovered)
2022,Sulawesi Tengah,Banjir,1.0,70,Data DIBI BNPB (Raw Recovered)
2022,Sulawesi Selatan,Banjir,1.0,30,Data DIBI BNPB (Raw Recovered)
2022,Sulawesi Selatan,Banjir,1.0,0,Data DIBI BNPB (Raw Recovered)
2022,Sulawesi Selatan,Banjir,1.0,5,Data DIBI BNPB (Raw Recovered)
2022,Sulawesi Selatan,Banjir,1.0,625,Data DIBI BNPB (Raw Recovered)
2022,Sulawesi Tengah,Banjir,1.0,182,Data DIBI BNPB (Raw Recovered)
2022,Sulawesi Tengah,Banjir,1.0,125,Data DIBI BNPB (Raw Recovered)
2022,Sulawesi Tengah,Banjir,1.0,1000,Data DIBI BNPB (Raw Recovered)
2022,Sulawesi Tengah,Banjir,1.0,100,Data DIBI BNPB (Raw Recovered)
2022,Sulawesi Tengah,Banjir,1.0,100,Data DIBI BNPB (Raw Recovered)
2022,Sulawesi Selatan,Banjir,1.0,18,Data DIBI BNPB (Raw Recovered)
2022,Sulawesi Tengah,Banjir,1.0,74,Data DIBI BNPB (Raw Recovered)
2022,Sulawesi Selatan,Banjir,1.0,6,Data DIBI BNPB (Raw Recovered)
2022,Sulawesi Utara,Banjir,1.0,225,Data DIBI BNPB (Raw Recovered)
2022,Sulawesi Utara,Banjir,1.0,1000,Data DIBI BNPB (Raw Recovered)
2022,Sulawesi Tengah,Banjir,1.0,56,Data DIBI BNPB (Raw Recovered)
2022,Sulawesi Tengah,Banjir,1.0,125,Data DIBI BNPB (Raw Recovered)
2022,Sulawesi Tengah,Banjir,1.0,500,Data DIBI BNPB (Raw Recovered)
2022,Sulawesi Selatan,Banjir,1.0,12455,Data DIBI BNPB (Raw Recovered)
2022,Sulawesi Tengah,Tanah Longsor,1.0,4,Data DIBI BNPB (Raw Recovered)
2022,Sulawesi Selatan,Tanah Longsor,1.0,15,Data DIBI BNPB (Raw Recovered)
2022,Sulawesi Selatan,Banjir,1.0,50,Data DIBI BNPB (Raw Recovered)
2022,Sulawesi Tengah,Banjir,1.0,25,Data DIBI BNPB (Raw Recovered)
2022,Sulawesi Selatan,Banjir,1.0,380,Data DIBI BNPB (Raw Recovered)
2022,Sulawesi Barat,Banjir,1.0,135,Data DIBI BNPB (Raw Recovered)
2022,Sulawesi Barat,Tanah Longsor,1.0,0,Data DIBI BNPB (Raw Recovered)
2022,Sulawesi Barat,Tanah Longsor,1.0,4670,Data DIBI BNPB (Raw Recovered)
2022,Sulawesi Selatan,Tanah Longsor,1.0,0,Data DIBI BNPB (Raw Recovered)
2022,Sulawesi Tenggara,Tanah Longsor,1.0,85,Data DIBI BNPB (Raw Recovered)
2022,Sulawesi Tengah,Banjir,1.0,2850,Data DIBI BNPB (Raw Recovered)
2022,Sulawesi Barat,Banjir,1.0,300,Data DIBI BNPB (Raw Recovered)
2022,Sulawesi Tenggara,Banjir,1.0,235,Data DIBI BNPB (Raw Recovered)
2022,Sulawesi Selatan,Tanah Longsor,1.0,5,Data DIBI BNPB (Raw Recovered)
2022,Sulawesi Tenggara,Banjir,1.0,550,Data DIBI BNPB (Raw Recovered)
2022,Sulawesi Tengah,Banjir,1.0,485,Data DIBI BNPB (Raw Recovered)
2022,Sulawesi Selatan,Banjir,1.0,342,Data DIBI BNPB (Raw Recovered)
2022,Sulawesi Tenggara,Banjir,1.0,119,Data DIBI BNPB (Raw Recovered)
2022,Sulawesi Tenggara,Banjir,1.0,405,Data DIBI BNPB (Raw Recovered)
2022,Sulawesi Tenggara,Banjir,1.0,1385,Data DIBI BNPB (Raw Recovered)
2022,Sulawesi Tengah,Banjir,1.0,750,Data DIBI BNPB (Raw Recovered)
2022,Sulawesi Tengah,Banjir,1.0,237,Data DIBI BNPB (Raw Recovered)
2022,Sulawesi Barat,Banjir,1.0,4441,Data DIBI BNPB (Raw Recovered)
2022,Sulawesi Tengah,Banjir,1.0,110,Data DIBI BNPB (Raw Recovered)
2022,Sulawesi Selatan,Banjir,1.0,1750,Data DIBI BNPB (Raw Recovered)
2022,Sulawesi Tengah,Banjir,1.0,25,Data DIBI BNPB (Raw Recovered)
2022,Sulawesi Barat,Banjir,1.0,6646,Data DIBI BNPB (Raw Recovered)
2022,Sulawesi Barat,Banjir,1.0,83,Data DIBI BNPB (Raw Recovered)
2022,Sulawesi Utara,Tanah Longsor,1.0,23,Data DIBI BNPB (Raw Recovered)
2022,Sulawesi Tengah,Banjir,1.0,0,Data DIBI BNPB (Raw Recovered)
2022,Sulawesi Tenggara,Banjir,1.0,25,Data DIBI BNPB (Raw Recovered)
2022,Sulawesi Tengah,Tanah Longsor,1.0,7,Data DIBI BNPB (Raw Recovered)
2022,Sulawesi Tengah,Banjir,1.0,155,Data DIBI BNPB (Raw Recovered)
2022,Sulawesi Utara,Tanah Longsor,1.0,10,Data DIBI BNPB (Raw Recovered)
2022,Sulawesi Tengah,Banjir,1.0,40,Data DIBI BNPB (Raw Recovered)
2022,Sulawesi Tengah,Banjir,1.0,55,Data DIBI BNPB (Raw Recovered)
2022,Sulawesi Utara,Banjir,1.0,515,Data DIBI BNPB (Raw Recovered)
2022,Sulawesi Barat,Banjir,1.0,55,Data DIBI BNPB (Raw Recovered)
2022,Sulawesi Barat,Banjir,1.0,221,Data DIBI BNPB (Raw Recovered)
2022,Sulawesi Tengah,Banjir,1.0,85,Data DIBI BNPB (Raw Recovered)
2022,Sulawesi Tengah,Banjir,1.0,3455,Data DIBI BNPB (Raw Recovered)
2022,Sulawesi Tengah,Banjir,1.0,420,Data DIBI BNPB (Raw Recovered)
2022,Sulawesi Tengah,Banjir,1.0,105,Data DIBI BNPB (Raw Recovered)
2022,Sulawesi Tengah,Banjir,0.5,915,Data DIBI BNPB (Raw Recovered)
2022,Sulawesi Tengah,Banjir,0.5,245,Data DIBI BNPB (Raw Recovered)
2022,Sulawesi Selatan,Banjir,1.0,405,Data DIBI BNPB (Raw Recovered)
2022,Sulawesi Barat,Tanah Longsor,1.0,5,Data DIBI BNPB (Raw Recovered)
2022,Sulawesi Tengah,Banjir,1.0,165,Data DIBI BNPB (Raw Recovered)
2022,Sulawesi Tengah,Banjir,1.0,4995,Data DIBI BNPB (Raw Recovered)
2022,Sulawesi Tengah,Banjir,1.0,1500,Data DIBI BNPB (Raw Recovered)
2022,Sulawesi Barat,Banjir,1.0,630,Data DIBI BNPB (Raw Recovered)
2022,Sulawesi Barat,Banjir,1.0,2466,Data DIBI BNPB (Raw Recovered)
2022,Sulawesi Tengah,Banjir,1.0,3130,Data DIBI BNPB (Raw Recovered)
2022,Sulawesi Tengah,Banjir,1.0,1345,Data DIBI BNPB (Raw Recovered)
2022,Sulawesi Tengah,Banjir,1.0,320,Data DIBI BNPB (Raw Recovered)
2022,Sulawesi Utara,Banjir,1.0,80,Data DIBI BNPB (Raw Recovered)
2022,Sulawesi Tengah,Banjir,1.0,116,Data DIBI BNPB (Raw Recovered)
2022,Sulawesi Selatan,Tanah Longsor,1.0,750,Data DIBI BNPB (Raw Recovered)
2022,Sulawesi Tenggara,Banjir,1.0,19,Data DIBI BNPB (Raw Recovered)
2022,Sulawesi Tengah,Banjir,1.0,2000,Data DIBI BNPB (Raw Recovered)
2022,Sulawesi Tenggara,Banjir,1.0,80,Data DIBI BNPB (Raw Recovered)
2022,Sulawesi Utara,Banjir,1.0,475,Data DIBI BNPB (Raw Recovered)
2022,Sulawesi Utara,Banjir,1.0,1335,Data DIBI BNPB (Raw Recovered)
2022,Sulawesi Selatan,Tanah Longsor,1.0,82,Data DIBI BNPB (Raw Recovered)
2022,Sulawesi Utara,Banjir,1.0,11665,Data DIBI BNPB (Raw Recovered)
2022,Sulawesi Tengah,Banjir,1.0,0,Data DIBI BNPB (Raw Recovered)
2022,Sulawesi Utara,Banjir,1.0,1743,Data DIBI BNPB (Raw Recovered)
2022,Sulawesi Utara,Banjir,1.0,40,Data DIBI BNPB (Raw Recovered)
2022,Sulawesi Selatan,Banjir,1.0,20,Data DIBI BNPB (Raw Recovered)
2022,Sulawesi Tengah,Banjir,1.0,172,Data DIBI BNPB (Raw Recovered)
2022,Sulawesi Tengah,Banjir,1.0,1575,Data DIBI BNPB (Raw Recovered)
2022,Sulawesi Tengah,Banjir,1.0,7,Data DIBI BNPB (Raw Recovered)
2022,Sulawesi Tengah,Banjir,0.5,50,Data DIBI BNPB (Raw Recovered)
2022,Sulawesi Tengah,Banjir,0.5,4462,Data DIBI BNPB (Raw Recovered)
2022,Sulawesi Selatan,Tanah Longsor,1.0,5,Data DIBI BNPB (Raw Recovered)
2022,Sulawesi Tengah,Banjir,0.5,1212,Data DIBI BNPB (Raw Recovered)
2022,Sulawesi Tengah,Banjir,1.0,755,Data DIBI BNPB (Raw Recovered)
2022,Sulawesi Tengah,Banjir,0.5,1400,Data DIBI BNPB (Raw Recovered)
2022,Sulawesi Tengah,Banjir,1.0,25,Data DIBI BNPB (Raw Recovered)
2022,Sulawesi Tengah,Banjir,1.0,40,Data DIBI BNPB (Raw Recovered)
2022,Sulawesi Tengah,Banjir,1.0,580,Data DIBI BNPB (Raw Recovered)
2022,Sulawesi Utara,Banjir,1.0,4,Data DIBI BNPB (Raw Recovered)
2022,Sulawesi Selatan,Tanah Longsor,1.0,9,Data DIBI BNPB (Raw Recovered)
2022,Sulawesi Selatan,Banjir,1.0,480,Data DIBI BNPB (Raw Recovered)
2022,Sulawesi Tenggara,Banjir,1.0,50,Data DIBI BNPB (Raw Recovered)
2022,Sulawesi Tengah,Banjir,1.0,280,Data DIBI BNPB (Raw Recovered)
2022,Sulawesi Utara,Tanah Longsor,1.0,4,Data DIBI BNPB (Raw Recovered)
2022,Sulawesi Tengah,Banjir,1.0,240,Data DIBI BNPB (Raw Recovered)
2022,Sulawesi Tengah,Banjir,1.0,85,Data DIBI BNPB (Raw Recovered)
2022,Sulawesi Selatan,Banjir,1.0,18,Data DIBI BNPB (Raw Recovered)
2022,Sulawesi Utara,Tanah Longsor,1.0,4,Data DIBI BNPB (Raw Recovered)
2022,Sulawesi Utara,Banjir,1.0,278,Data DIBI BNPB (Raw Recovered)
2022,Sulawesi Utara,Banjir,1.0,16,Data DIBI BNPB (Raw Recovered)
2022,Sulawesi Utara,Banjir,1.0,40,Data DIBI BNPB (Raw Recovered)
2022,Sulawesi Utara,Banjir,1.0,485,Data DIBI BNPB (Raw Recovered)
2022,Sulawesi Selatan,Tanah Longsor,1.0,0,Data DIBI BNPB (Raw Recovered)
2022,Sulawesi Tenggara,Banjir,1.0,187,Data DIBI BNPB (Raw Recovered)
2022,Sulawesi Selatan,Banjir,1.0,3747,Data DIBI BNPB (Raw Recovered)
2022,Sulawesi Tenggara,Banjir,1.0,35,Data DIBI BNPB (Raw Recovered)
2022,Sulawesi Utara,Banjir,1.0,281,Data DIBI BNPB (Raw Recovered)
2022,Sulawesi Utara,Tanah Longsor,1.0,175,Data DIBI BNPB (Raw Recovered)
2022,Sulawesi Selatan,Banjir,1.0,22,Data DIBI BNPB (Raw Recovered)
2022,Sulawesi Selatan,Banjir,1.0,461,Data DIBI BNPB (Raw Recovered)
2022,Sulawesi Selatan,Banjir,1.0,225,Data DIBI BNPB (Raw Recovered)
2022,Sulawesi Selatan,Banjir,1.0,139,Data DIBI BNPB (Raw Recovered)
2022,Sulawesi Utara,Banjir,1.0,75,Data DIBI BNPB (Raw Recovered)
2022,Sulawesi Selatan,Tanah Longsor,1.0,35,Data DIBI BNPB (Raw Recovered)
2022,Sulawesi Selatan,Banjir,1.0,316,Data DIBI BNPB (Raw Recovered)
2022,Sulawesi Selatan,Tanah Longsor,0.5,10,Data DIBI BNPB (Raw Recovered)
2022,Sulawesi Selatan,Tanah Longsor,0.5,0,Data DIBI BNPB (Raw Recovered)
2022,Sulawesi Selatan,Banjir,1.0,0,Data DIBI BNPB (Raw Recovered)
2022,Sulawesi Selatan,Banjir,1.0,8,Data DIBI BNPB (Raw Recovered)
2022,Sulawesi Tengah,Banjir,1.0,0,Data DIBI BNPB (Raw Recovered)
2022,Sulawesi Utara,Banjir,1.0,5,Data DIBI BNPB (Raw Recovered)
2022,Sulawesi Tengah,Banjir,1.0,265,Data DIBI BNPB (Raw Recovered)
2022,Sulawesi Utara,Banjir,1.0,77,Data DIBI BNPB (Raw Recovered)
2022,Sulawesi Tengah,Banjir,1.0,150,Data DIBI BNPB (Raw Recovered)
2022,Sulawesi Tenggara,Banjir,1.0,278,Data DIBI BNPB (Raw Recovered)
2021,Sulawesi Barat,Banjir,1.0,951,Data DIBI BNPB (Raw Recovered)
2021,Sulawesi Tengah,Banjir,0.5,150,Data DIBI BNPB (Raw Recovered)
2021,Sulawesi Tengah,Banjir,0.5,0,Data DIBI BNPB (Raw Recovered)
2021,Sulawesi Tengah,Banjir,1.0,1500,Data DIBI BNPB (Raw Recovered)
2021,Sulawesi Tengah,Banjir,0.3333333333333333,0,Data DIBI BNPB (Raw Recovered)
2021,Sulawesi Tengah,Banjir,0.3333333333333333,0,Data DIBI BNPB (Raw Recovered)
2021,Sulawesi Tengah,Banjir,0.3333333333333333,0,Data DIBI BNPB (Raw Recovered)
2021,Sulawesi Tenggara,Banjir,1.0,0,Data DIBI BNPB (Raw Recovered)
2021,Sulawesi Selatan,Banjir,1.0,585,Data DIBI BNPB (Raw Recovered)
2021,Sulawesi Tengah,Banjir,1.0,85,Data DIBI BNPB (Raw Recovered)
2021,Sulawesi Tengah,Banjir,1.0,50,Data DIBI BNPB (Raw Recovered)
2021,Sulawesi Selatan,Banjir,1.0,25025,Data DIBI BNPB (Raw Recovered)
2021,Sulawesi Selatan,Banjir,1.0,12514,Data DIBI BNPB (Raw Recovered)
2021,Sulawesi Utara,Banjir,1.0,113,Data DIBI BNPB (Raw Recovered)
2021,Sulawesi Tengah,Banjir,1.0,450,Data DIBI BNPB (Raw Recovered)
2021,Sulawesi Tengah,Banjir,0.25,0,Data DIBI BNPB (Raw Recovered)
2021,Sulawesi Tengah,Banjir,0.25,0,Data DIBI BNPB (Raw Recovered)
2021,Sulawesi Tengah,Banjir,0.25,0,Data DIBI BNPB (Raw Recovered)
2021,Sulawesi Tengah,Banjir,0.25,0,Data DIBI BNPB (Raw Recovered)
2021,Sulawesi Barat,Banjir,1.0,0,Data DIBI BNPB (Raw Recovered)
2021,Sulawesi Selatan,Banjir,1.0,21381,Data DIBI BNPB (Raw Recovered)
2021,Sulawesi Selatan,Banjir,1.0,37950,Data DIBI BNPB (Raw Recovered)
2021,Sulawesi Tengah,Banjir,0.25,0,Data DIBI BNPB (Raw Recovered)
2021,Sulawesi Tengah,Banjir,0.25,101,Data DIBI BNPB (Raw Recovered)
2021,Sulawesi Tengah,Banjir,0.25,0,Data DIBI BNPB (Raw Recovered)
2021,Sulawesi Tengah,Banjir,0.25,108,Data DIBI BNPB (Raw Recovered)
2021,Sulawesi Utara,Tanah Longsor,1.0,6,Data DIBI BNPB (Raw Recovered)
2021,Sulawesi Tengah,Banjir,1.0,11,Data DIBI BNPB (Raw Recovered)
2021,Sulawesi Tengah,Banjir,1.0,0,Data DIBI BNPB (Raw Recovered)
2021,Sulawesi Selatan,Tanah Longsor,1.0,100,Data DIBI BNPB (Raw Recovered)
2021,Sulawesi Utara,Banjir,1.0,1298,Data DIBI BNPB (Raw Recovered)
2021,Sulawesi Tenggara,Banjir,1.0,391,Data DIBI BNPB (Raw Recovered)
2021,Sulawesi Selatan,Banjir,1.0,5000,Data DIBI BNPB (Raw Recovered)
2021,Sulawesi Selatan,Banjir,1.0,50,Data DIBI BNPB (Raw Recovered)
2021,Sulawesi Tengah,Banjir,1.0,650,Data DIBI BNPB (Raw Recovered)
2021,Sulawesi Tenggara,Banjir,1.0,100,Data DIBI BNPB (Raw Recovered)
2021,Sulawesi Barat,Banjir,0.5,1372,Data DIBI BNPB (Raw Recovered)
2021,Sulawesi Barat,Banjir,0.5,72,Data DIBI BNPB (Raw Recovered)
2021,Sulawesi Selatan,Tanah Longsor,1.0,0,Data DIBI BNPB (Raw Recovered)
2021,Sulawesi Selatan,Banjir,1.0,1046,Data DIBI BNPB (Raw Recovered)
2021,Sulawesi Tengah,Banjir,0.5,0,Data DIBI BNPB (Raw Recovered)
2021,Sulawesi Tengah,Banjir,0.5,0,Data DIBI BNPB (Raw Recovered)
2021,Sulawesi Tengah,Banjir,0.5,0,Data DIBI BNPB (Raw Recovered)
2021,Sulawesi Tengah,Banjir,0.5,0,Data DIBI BNPB (Raw Recovered)
2021,Sulawesi Selatan,Banjir,1.0,714,Data DIBI BNPB (Raw Recovered)
2021,Sulawesi Tenggara,Banjir,1.0,333,Data DIBI BNPB (Raw Recovered)
2021,Sulawesi Tenggara,Banjir,1.0,1,Data DIBI BNPB (Raw Recovered)
2021,Sulawesi Selatan,Tanah Longsor,0.5,0,Data DIBI BNPB (Raw Recovered)
2021,Sulawesi Selatan,Banjir,1.0,0,Data DIBI BNPB (Raw Recovered)
2021,Sulawesi Selatan,Tanah Longsor,0.5,4,Data DIBI BNPB (Raw Recovered)
2021,Sulawesi Selatan,Tanah Longsor,0.5,5,Data DIBI BNPB (Raw Recovered)
2021,Sulawesi Selatan,Tanah Longsor,0.5,200,Data DIBI BNPB (Raw Recovered)
2021,Sulawesi Barat,Banjir,1.0,150,Data DIBI BNPB (Raw Recovered)
2021,Sulawesi Tengah,Banjir,1.0,300,Data DIBI BNPB (Raw Recovered)
2021,Sulawesi Utara,Banjir,1.0,80,Data DIBI BNPB (Raw Recovered)
2021,Sulawesi Selatan,Banjir,1.0,1180,Data DIBI BNPB (Raw Recovered)
2021,Sulawesi Selatan,Tanah Longsor,1.0,5,Data DIBI BNPB (Raw Recovered)
2021,Sulawesi Tengah,Banjir,1.0,0,Data DIBI BNPB (Raw Recovered)
2021,Sulawesi Tengah,Banjir,1.0,271,Data DIBI BNPB (Raw Recovered)
2021,Sulawesi Selatan,Tanah Longsor,1.0,0,Data DIBI BNPB (Raw Recovered)
2021,Sulawesi Selatan,Banjir,1.0,1383,Data DIBI BNPB (Raw Recovered)
2021,Sulawesi Selatan,Tanah Longsor,1.0,5,Data DIBI BNPB (Raw Recovered)
2021,Sulawesi Tengah,Banjir,1.0,438,Data DIBI BNPB (Raw Recovered)
2021,Sulawesi Selatan,Tanah Longsor,1.0,0,Data DIBI BNPB (Raw Recovered)
2021,Sulawesi Selatan,Banjir,1.0,67,Data DIBI BNPB (Raw Recovered)
2021,Sulawesi Selatan,Tanah Longsor,1.0,5,Data DIBI BNPB (Raw Recovered)
2021,Sulawesi Tengah,Banjir,1.0,0,Data DIBI BNPB (Raw Recovered)
2021,Sulawesi Tengah,Banjir,1.0,183,Data DIBI BNPB (Raw Recovered)
2021,Sulawesi Tengah,Banjir,0.5,100,Data DIBI BNPB (Raw Recovered)
2021,Sulawesi Tengah,Banjir,0.5,20,Data DIBI BNPB (Raw Recovered)
2021,Sulawesi Tengah,Banjir,1.0,424,Data DIBI BNPB (Raw Recovered)
2021,Sulawesi Selatan,Banjir,1.0,45,Data DIBI BNPB (Raw Recovered)
2021,Sulawesi Barat,Banjir,1.0,0,Data DIBI BNPB (Raw Recovered)
2021,Sulawesi Barat,Banjir,1.0,4875,Data DIBI BNPB (Raw Recovered)
2021,Sulawesi Selatan,Banjir,1.0,1470,Data DIBI BNPB (Raw Recovered)
2021,Sulawesi Selatan,Banjir,1.0,2775,Data DIBI BNPB (Raw Recovered)
2021,Sulawesi Selatan,Tanah Longsor,1.0,5,Data DIBI BNPB (Raw Recovered)
2021,Sulawesi Selatan,Banjir,1.0,275,Data DIBI BNPB (Raw Recovered)
2021,Sulawesi Barat,Banjir,1.0,100,Data DIBI BNPB (Raw Recovered)
2021,Sulawesi Tengah,Banjir,1.0,704,Data DIBI BNPB (Raw Recovered)
2021,Sulawesi Tengah,Banjir,1.0,0,Data DIBI BNPB (Raw Recovered)
2021,Sulawesi Tengah,Banjir,1.0,0,Data DIBI BNPB (Raw Recovered)
2021,Sulawesi Tengah,Banjir,1.0,119,Data DIBI BNPB (Raw Recovered)
2021,Sulawesi Tengah,Banjir,0.3333333333333333,0,Data DIBI BNPB (Raw Recovered)
2021,Sulawesi Tengah,Banjir,0.3333333333333333,467,Data DIBI BNPB (Raw Recovered)
2021,Sulawesi Tengah,Banjir,0.3333333333333333,0,Data DIBI BNPB (Raw Recovered)
2021,Sulawesi Tengah,Banjir,1.0,0,Data DIBI BNPB (Raw Recovered)
2021,Sulawesi Tengah,Banjir,0.5,0,Data DIBI BNPB (Raw Recovered)
2021,Sulawesi Tengah,Banjir,0.5,0,Data DIBI BNPB (Raw Recovered)
2021,Sulawesi Barat,Banjir,1.0,0,Data DIBI BNPB (Raw Recovered)
2021,Sulawesi Selatan,Banjir,1.0,12169,Data DIBI BNPB (Raw Recovered)
2021,Sulawesi Tengah,Banjir,1.0,0,Data DIBI BNPB (Raw Recovered)
2021,Sulawesi Tengah,Banjir,1.0,9545,Data DIBI BNPB (Raw Recovered)
2021,Sulawesi Selatan,Banjir,1.0,195,Data DIBI BNPB (Raw Recovered)
2021,Sulawesi Tenggara,Banjir,1.0,0,Data DIBI BNPB (Raw Recovered)
2021,Sulawesi Utara,Banjir,1.0,2411,Data DIBI BNPB (Raw Recovered)
2021,Sulawesi Tengah,Banjir,1.0,225,Data DIBI BNPB (Raw Recovered)
2021,Sulawesi Tengah,Banjir,1.0,20,Data DIBI BNPB (Raw Recovered)
2021,Sulawesi Selatan,Banjir,1.0,252,Data DIBI BNPB (Raw Recovered)
2021,Sulawesi Selatan,Banjir,1.0,1086,Data DIBI BNPB (Raw Recovered)
2021,Sulawesi Utara,Banjir,1.0,2805,Data DIBI BNPB (Raw Recovered)
2021,Sulawesi Utara,Banjir,1.0,367,Data DIBI BNPB (Raw Recovered)
2021,Sulawesi Tengah,Banjir,1.0,30,Data DIBI BNPB (Raw Recovered)
2021,Sulawesi Tenggara,Banjir,1.0,0,Data DIBI BNPB (Raw Recovered)
2021,Sulawesi Selatan,Banjir,1.0,10156,Data DIBI BNPB (Raw Recovered)
2021,Sulawesi Utara,Banjir,1.0,1028,Data DIBI BNPB (Raw Recovered)
2021,Sulawesi Barat,Tanah Longsor,1.0,23,Data DIBI BNPB (Raw Recovered)
2021,Sulawesi Tenggara,Banjir,1.0,75,Data DIBI BNPB (Raw Recovered)
2021,Sulawesi Barat,Banjir,1.0,208,Data DIBI BNPB (Raw Recovered)
2021,Sulawesi Tengah,Banjir,0.5,100,Data DIBI BNPB (Raw Recovered)
2021,Sulawesi Tengah,Banjir,0.5,0,Data DIBI BNPB (Raw Recovered)
2021,Sulawesi Tengah,Banjir,1.0,0,Data DIBI BNPB (Raw Recovered)
2021,Sulawesi Tengah,Banjir,0.5,360,Data DIBI BNPB (Raw Recovered)
2021,Sulawesi Tengah,Banjir,0.5,116,Data DIBI BNPB (Raw Recovered)
2021,Sulawesi Tengah,Banjir,0.5,605,Data DIBI BNPB (Raw Recovered)
2021,Sulawesi Tengah,Banjir,0.5,1135,Data DIBI BNPB (Raw Recovered)
2021,Sulawesi Selatan,Tanah Longsor,1.0,0,Data DIBI BNPB (Raw Recovered)
2021,Sulawesi Tengah,Banjir,1.0,0,Data DIBI BNPB (Raw Recovered)
2021,Sulawesi Tengah,Banjir,1.0,20,Data DIBI BNPB (Raw Recovered)
2021,Sulawesi Tenggara,Banjir,1.0,0,Data DIBI BNPB (Raw Recovered)
2021,Sulawesi Tenggara,Tanah Longsor,1.0,3,Data DIBI BNPB (Raw Recovered)
2021,Sulawesi Selatan,Banjir,1.0,982,Data DIBI BNPB (Raw Recovered)
2021,Sulawesi Utara,Banjir,1.0,3483,Data DIBI BNPB (Raw Recovered)
2021,Sulawesi Utara,Banjir,1.0,8540,Data DIBI BNPB (Raw Recovered)
2021,Sulawesi Utara,Banjir,1.0,120,Data DIBI BNPB (Raw Recovered)
2021,Sulawesi Tenggara,Banjir,1.0,107,Data DIBI BNPB (Raw Recovered)
2021,Sulawesi Barat,Banjir,1.0,1706,Data DIBI BNPB (Raw Recovered)
2021,Sulawesi Barat,Banjir,1.0,194,Data DIBI BNPB (Raw Recovered)
2021,Sulawesi Barat,Banjir,1.0,508,Data DIBI BNPB (Raw Recovered)
2021,Sulawesi Tengah,Banjir,1.0,239,Data DIBI BNPB (Raw Recovered)
2021,Sulawesi Barat,Banjir,1.0,1610,Data DIBI BNPB (Raw Recovered)
2021,Sulawesi Tengah,Banjir,1.0,0,Data DIBI BNPB (Raw Recovered)
2021,Sulawesi Tengah,Banjir,0.5,0,Data DIBI BNPB (Raw Recovered)
2021,Sulawesi Tengah,Banjir,0.5,0,Data DIBI BNPB (Raw Recovered)
2021,Sulawesi Tengah,Banjir,1.0,0,Data DIBI BNPB (Raw Recovered)
2021,Sulawesi Tenggara,Banjir,1.0,1770,Data DIBI BNPB (Raw Recovered)
2021,Sulawesi Selatan,Banjir,1.0,4988,Data DIBI BNPB (Raw Recovered)
2021,Sulawesi Tenggara,Banjir,1.0,158,Data DIBI BNPB (Raw Recovered)
2021,Sulawesi Selatan,Banjir,1.0,652,Data DIBI BNPB (Raw Recovered)
2021,Sulawesi Tengah,Banjir,1.0,320,Data DIBI BNPB (Raw Recovered)
2021,Sulawesi Barat,Banjir,0.5,73,Data DIBI BNPB (Raw Recovered)
2021,Sulawesi Barat,Banjir,0.5,125,Data DIBI BNPB (Raw Recovered)
2021,Sulawesi Selatan,Tanah Longsor,1.0,7,Data DIBI BNPB (Raw Recovered)
2021,Sulawesi Selatan,Banjir,1.0,4310,Data DIBI BNPB (Raw Recovered)
2021,Sulawesi Selatan,Banjir,1.0,92,Data DIBI BNPB (Raw Recovered)
2021,Sulawesi Selatan,Banjir,1.0,30310,Data DIBI BNPB (Raw Recovered)
2021,Sulawesi Selatan,Banjir,1.0,0,Data DIBI BNPB (Raw Recovered)
2021,Sulawesi Selatan,Banjir,1.0,34336,Data DIBI BNPB (Raw Recovered)
2021,Sulawesi Tengah,Banjir,0.5,0,Data DIBI BNPB (Raw Recovered)
2021,Sulawesi Tengah,Banjir,0.5,0,Data DIBI BNPB (Raw Recovered)
2021,Sulawesi Tengah,Banjir,1.0,0,Data DIBI BNPB (Raw Recovered)
2021,Sulawesi Tenggara,Banjir,1.0,160,Data DIBI BNPB (Raw Recovered)
2021,Sulawesi Barat,Banjir,1.0,103,Data DIBI BNPB (Raw Recovered)
2021,Sulawesi Tenggara,Tanah Longsor,1.0,4,Data DIBI BNPB (Raw Recovered)
2021,Sulawesi Tengah,Banjir,1.0,184,Data DIBI BNPB (Raw Recovered)
2021,Sulawesi Selatan,Banjir,1.0,1876,Data DIBI BNPB (Raw Recovered)
2021,Sulawesi Selatan,Banjir,1.0,230,Data DIBI BNPB (Raw Recovered)
2021,Sulawesi Tenggara,Banjir,1.0,805,Data DIBI BNPB (Raw Recovered)
2021,Sulawesi Barat,Banjir,1.0,18,Data DIBI BNPB (Raw Recovered)
2021,Sulawesi Tengah,Banjir,0.5,0,Data DIBI BNPB (Raw Recovered)
2021,Sulawesi Tengah,Banjir,0.5,0,Data DIBI BNPB (Raw Recovered)
2021,Sulawesi Tenggara,Banjir,1.0,3065,Data DIBI BNPB (Raw Recovered)
2021,Sulawesi Tenggara,Banjir,1.0,0,Data DIBI BNPB (Raw Recovered)
2021,Sulawesi Tenggara,Banjir,1.0,0,Data DIBI BNPB (Raw Recovered)
2021,Sulawesi Tenggara,Banjir,1.0,0,Data DIBI BNPB (Raw Recovered)
2021,Sulawesi Tengah,Banjir,1.0,0,Data DIBI BNPB (Raw Recovered)
2021,Sulawesi Tengah,Banjir,0.5,120,Data DIBI BNPB (Raw Recovered)
2021,Sulawesi Tengah,Banjir,0.5,4025,Data DIBI BNPB (Raw Recovered)
2021,Sulawesi Tengah,Banjir,1.0,35,Data DIBI BNPB (Raw Recovered)
2021,Sulawesi Selatan,Banjir,1.0,500,Data DIBI BNPB (Raw Recovered)
2021,Sulawesi Tenggara,Banjir,1.0,58,Data DIBI BNPB (Raw Recovered)
2021,Sulawesi Selatan,Banjir,1.0,750,Data DIBI BNPB (Raw Recovered)
2021,Sulawesi Tengah,Banjir,1.0,0,Data DIBI BNPB (Raw Recovered)
2021,Sulawesi Tengah,Banjir,0.3333333333333333,0,Data DIBI BNPB (Raw Recovered)
2021,Sulawesi Tengah,Banjir,0.3333333333333333,0,Data DIBI BNPB (Raw Recovered)
2021,Sulawesi Tengah,Banjir,0.3333333333333333,0,Data DIBI BNPB (Raw Recovered)
2021,Sulawesi Tengah,Banjir,1.0,0,Data DIBI BNPB (Raw Recovered)
2021,Sulawesi Tengah,Banjir,1.0,0,Data DIBI BNPB (Raw Recovered)
2021,Sulawesi Tenggara,Banjir,1.0,515,Data DIBI BNPB (Raw Recovered)
2021,Sulawesi Selatan,Banjir,1.0,6200,Data DIBI BNPB (Raw Recovered)
2021,Sulawesi Selatan,Banjir,1.0,125,Data DIBI BNPB (Raw Recovered)
2021,Sulawesi Selatan,Banjir,1.0,700,Data DIBI BNPB (Raw Recovered)
2021,Sulawesi Utara,Banjir,1.0,425,Data DIBI BNPB (Raw Recovered)
2021,Sulawesi Utara,Banjir,1.0,6251,Data DIBI BNPB (Raw Recovered)
2021,Sulawesi Tengah,Banjir,1.0,24,Data DIBI BNPB (Raw Recovered)
2021,Sulawesi Tengah,Banjir,1.0,0,Data DIBI BNPB (Raw Recovered)
2021,Sulawesi Tengah,Banjir,1.0,0,Data DIBI BNPB (Raw Recovered)
2021,Sulawesi Selatan,Banjir,1.0,1050,Data DIBI BNPB (Raw Recovered)
2021,Sulawesi Tengah,Banjir,1.0,213,Data DIBI BNPB (Raw Recovered)
2021,Sulawesi Tengah,Banjir,1.0,0,Data DIBI BNPB (Raw Recovered)
2021,Sulawesi Tenggara,Banjir,1.0,2004,Data DIBI BNPB (Raw Recovered)
2021,Sulawesi Barat,Banjir,1.0,0,Data DIBI BNPB (Raw Recovered)
2021,Sulawesi Tengah,Banjir,1.0,275,Data DIBI BNPB (Raw Recovered)
2021,Sulawesi Tengah,Banjir,1.0,0,Data DIBI BNPB (Raw Recovered)
2021,Sulawesi Tenggara,Banjir,1.0,178,Data DIBI BNPB (Raw Recovered)
2021,Sulawesi Tenggara,Banjir,1.0,2658,Data DIBI BNPB (Raw Recovered)
2021,Sulawesi Tengah,Banjir,0.5,0,Data DIBI BNPB (Raw Recovered)
2021,Sulawesi Tengah,Banjir,0.5,379,Data DIBI BNPB (Raw Recovered)
2021,Sulawesi Selatan,Banjir,0.5,380,Data DIBI BNPB (Raw Recovered)
2021,Sulawesi Selatan,Banjir,0.5,2060,Data DIBI BNPB (Raw Recovered)
2021,Sulawesi Tenggara,Banjir,1.0,685,Data DIBI BNPB (Raw Recovered)
2021,Sulawesi Tenggara,Banjir,1.0,0,Data DIBI BNPB (Raw Recovered)
2021,Sulawesi Selatan,Banjir,1.0,3016,Data DIBI BNPB (Raw Recovered)
2021,Sulawesi Selatan,Banjir,1.0,1020,Data DIBI BNPB (Raw Recovered)
2021,Sulawesi Selatan,Banjir,1.0,2440,Data DIBI BNPB (Raw Recovered)
2021,Sulawesi Selatan,Banjir,1.0,4992,Data DIBI BNPB (Raw Recovered)
2021,Sulawesi Barat,Banjir,1.0,163,Data DIBI BNPB (Raw Recovered)
2021,Sulawesi Tengah,Banjir,1.0,145,Data DIBI BNPB (Raw Recovered)
2021,Sulawesi Tengah,Banjir,1.0,15,Data DIBI BNPB (Raw Recovered)
2021,Sulawesi Tenggara,Banjir,1.0,562,Data DIBI BNPB (Raw Recovered)
2021,Sulawesi Selatan,Banjir,1.0,500,Data DIBI BNPB (Raw Recovered)
2021,Sulawesi Tengah,Banjir,1.0,1000,Data DIBI BNPB (Raw Recovered)
2021,Sulawesi Tenggara,Tanah Longsor,0.5,4,Data DIBI BNPB (Raw Recovered)
2021,Sulawesi Tenggara,Tanah Longsor,0.5,9,Data DIBI BNPB (Raw Recovered)
2021,Sulawesi Tenggara,Banjir,1.0,0,Data DIBI BNPB (Raw Recovered)
2021,Sulawesi Tenggara,Tanah Longsor,1.0,742,Data DIBI BNPB (Raw Recovered)
2021,Sulawesi Tenggara,Banjir,1.0,90,Data DIBI BNPB (Raw Recovered)
2021,Sulawesi Selatan,Tanah Longsor,1.0,0,Data DIBI BNPB (Raw Recovered)
2021,Sulawesi Selatan,Banjir,0.3333333333333333,55,Data DIBI BNPB (Raw Recovered)
2021,Sulawesi Selatan,Banjir,0.3333333333333333,250,Data DIBI BNPB (Raw Recovered)
2021,Sulawesi Selatan,Banjir,0.3333333333333333,0,Data DIBI BNPB (Raw Recovered)
2021,Sulawesi Tenggara,Banjir,1.0,0,Data DIBI BNPB (Raw Recovered)
2021,Sulawesi Tengah,Banjir,0.5,0,Data DIBI BNPB (Raw Recovered)
2021,Sulawesi Tengah,Banjir,0.5,0,Data DIBI BNPB (Raw Recovered)
2021,Sulawesi Tenggara,Banjir,1.0,0,Data DIBI BNPB (Raw Recovered)
2021,Sulawesi Selatan,Banjir,1.0,283,Data DIBI BNPB (Raw Recovered)
2021,Sulawesi Selatan,Banjir,1.0,0,Data DIBI BNPB (Raw Recovered)
2021,Sulawesi Tenggara,Banjir,1.0,0,Data DIBI BNPB (Raw Recovered)
2021,Sulawesi Tenggara,Banjir,1.0,325,Data DIBI BNPB (Raw Recovered)
2021,Sulawesi Tenggara,Banjir,0.5,155,Data DIBI BNPB (Raw Recovered)
2021,Sulawesi Tenggara,Banjir,0.5,50,Data DIBI BNPB (Raw Recovered)
2021,Sulawesi Tengah,Banjir,1.0,0,Data DIBI BNPB (Raw Recovered)
2021,Sulawesi Tengah,Banjir,1.0,117,Data DIBI BNPB (Raw Recovered)
2021,Sulawesi Tengah,Banjir,1.0,141,Data DIBI BNPB (Raw Recovered)
2021,Sulawesi Tengah,Banjir,1.0,41,Data DIBI BNPB (Raw Recovered)
2021,Sulawesi Tengah,Banjir,1.0,15,Data DIBI BNPB (Raw Recovered)
2021,Sulawesi Tengah,Banjir,1.0,437,Data DIBI BNPB (Raw Recovered)
2021,Sulawesi Tengah,Tanah Longsor,1.0,10,Data DIBI BNPB (Raw Recovered)
2021,Sulawesi Tengah,Banjir,1.0,0,Data DIBI BNPB (Raw Recovered)
2021,Sulawesi Selatan,Tanah Longsor,0.5,0,Data DIBI BNPB (Raw Recovered)
2021,Sulawesi Selatan,Tanah Longsor,0.5,0,Data DIBI BNPB (Raw Recovered)
2021,Sulawesi Barat,Banjir,1.0,0,Data DIBI BNPB (Raw Recovered)
2021,Sulawesi Selatan,Banjir,1.0,11729,Data DIBI BNPB (Raw Recovered)
2021,Sulawesi Utara,Banjir,1.0,0,Data DIBI BNPB (Raw Recovered)
2021,Sulawesi Tengah,Banjir,1.0,0,Data DIBI BNPB (Raw Recovered)
2021,Sulawesi Selatan,Tanah Longsor,1.0,0,Data DIBI BNPB (Raw Recovered)
2021,Sulawesi Selatan,Banjir,1.0,1192,Data DIBI BNPB (Raw Recovered)
2021,Sulawesi Selatan,Banjir,0.5,39,Data DIBI BNPB (Raw Recovered)
2021,Sulawesi Selatan,Tanah Longsor,1.0,0,Data DIBI BNPB (Raw Recovered)
2021,Sulawesi Selatan,Banjir,0.5,39,Data DIBI BNPB (Raw Recovered)
2021,Sulawesi Selatan,Banjir,0.5,1700,Data DIBI BNPB (Raw Recovered)
2021,Sulawesi Selatan,Tanah Longsor,1.0,20,Data DIBI BNPB (Raw Recovered)
2021,Sulawesi Selatan,Banjir,0.5,190,Data DIBI BNPB (Raw Recovered)
2021,Sulawesi Selatan,Banjir,1.0,100,Data DIBI BNPB (Raw Recovered)
2021,Sulawesi Selatan,Tanah Longsor,1.0,16,Data DIBI BNPB (Raw Recovered)
2021,Sulawesi Tengah,Banjir,1.0,30,Data DIBI BNPB (Raw Recovered)
2021,Sulawesi Selatan,Banjir,1.0,41,Data DIBI BNPB (Raw Recovered)
2021,Sulawesi Selatan,Banjir,1.0,45,Data DIBI BNPB (Raw Recovered)
2021,Sulawesi Selatan,Tanah Longsor,1.0,5,Data DIBI BNPB (Raw Recovered)
2021,Sulawesi Tengah,Tanah Longsor,1.0,0,Data DIBI BNPB (Raw Recovered)
2021,Sulawesi Tenggara,Tanah Longsor,1.0,14,Data DIBI BNPB (Raw Recovered)
2021,Sulawesi Utara,Tanah Longsor,1.0,0,Data DIBI BNPB (Raw Recovered)
2021,Sulawesi Selatan,Banjir,1.0,265,Data DIBI BNPB (Raw Recovered)
2021,Sulawesi Selatan,Banjir,1.0,5500,Data DIBI BNPB (Raw Recovered)
2021,Sulawesi Selatan,Banjir,1.0,424,Data DIBI BNPB (Raw Recovered)
2021,Sulawesi Utara,Banjir,1.0,0,Data DIBI BNPB (Raw Recovered)
2021,Sulawesi Tengah,Banjir,1.0,899,Data DIBI BNPB (Raw Recovered)
2021,Sulawesi Selatan,Banjir,1.0,1260,Data DIBI BNPB (Raw Recovered)
2021,Sulawesi Selatan,Tanah Longsor,1.0,0,Data DIBI BNPB (Raw Recovered)
2021,Sulawesi Utara,Banjir,1.0,600,Data DIBI BNPB (Raw Recovered)
2021,Sulawesi Tengah,Banjir,1.0,121,Data DIBI BNPB (Raw Recovered)
2021,Sulawesi Tengah,Banjir,1.0,18,Data DIBI BNPB (Raw Recovered)
2021,Sulawesi Selatan,Tanah Longsor,1.0,0,Data DIBI BNPB (Raw Recovered)
2021,Sulawesi Selatan,Banjir,1.0,100,Data DIBI BNPB (Raw Recovered)
2021,Sulawesi Selatan,Tanah Longsor,1.0,0,Data DIBI BNPB (Raw Recovered)
2021,Sulawesi Tengah,Banjir,0.5,601,Data DIBI BNPB (Raw Recovered)
2021,Sulawesi Tengah,Banjir,0.5,652,Data DIBI BNPB (Raw Recovered)
2021,Sulawesi Tengah,Banjir,1.0,1,Data DIBI BNPB (Raw Recovered)
2021,Sulawesi Tengah,Banjir,1.0,3045,Data DIBI BNPB (Raw Recovered)
2021,Sulawesi Selatan,Banjir,1.0,136,Data DIBI BNPB (Raw Recovered)
2021,Sulawesi Selatan,Banjir,1.0,250,Data DIBI BNPB (Raw Recovered)
2021,Sulawesi Selatan,Banjir,1.0,1239,Data DIBI BNPB (Raw Recovered)
2021,Sulawesi Selatan,Banjir,1.0,1000,Data DIBI BNPB (Raw Recovered)
2021,Sulawesi Selatan,Banjir,1.0,10255,Data DIBI BNPB (Raw Recovered)
2021,Sulawesi Tengah,Banjir,1.0,0,Data DIBI BNPB (Raw Recovered)
2021,Sulawesi Tengah,Banjir,1.0,0,Data DIBI BNPB (Raw Recovered)
2021,Sulawesi Tenggara,Tanah Longsor,1.0,9,Data DIBI BNPB (Raw Recovered)
2021,Sulawesi Tenggara,Banjir,1.0,120,Data DIBI BNPB (Raw Recovered)
2021,Sulawesi Selatan,Tanah Longsor,1.0,0,Data DIBI BNPB (Raw Recovered)
2021,Sulawesi Barat,Banjir,1.0,0,Data DIBI BNPB (Raw Recovered)
2021,Sulawesi Barat,Tanah Longsor,1.0,0,Data DIBI BNPB (Raw Recovered)
2021,Sulawesi Tenggara,Banjir,1.0,5,Data DIBI BNPB (Raw Recovered)
2021,Sulawesi Tengah,Banjir,1.0,0,Data DIBI BNPB (Raw Recovered)
2021,Sulawesi Tengah,Banjir,0.5,0,Data DIBI BNPB (Raw Recovered)
2021,Sulawesi Tengah,Banjir,0.5,0,Data DIBI BNPB (Raw Recovered)
2021,Sulawesi Tengah,Tanah Longsor,1.0,0,Data DIBI BNPB (Raw Recovered)
2021,Sulawesi Tengah,Tanah Longsor,1.0,0,Data DIBI BNPB (Raw Recovered)
2021,Sulawesi Tengah,Banjir,1.0,51,Data DIBI BNPB (Raw Recovered)
2021,Sulawesi Tenggara,Banjir,1.0,151,Data DIBI BNPB (Raw Recovered)
2021,Sulawesi Tengah,Banjir,1.0,363,Data DIBI BNPB (Raw Recovered)
2021,Sulawesi Tengah,Banjir,1.0,0,Data DIBI BNPB (Raw Recovered)
2021,Sulawesi Selatan,Banjir,1.0,37,Data DIBI BNPB (Raw Recovered)
2021,Sulawesi Selatan,Tanah Longsor,1.0,0,Data DIBI BNPB (Raw Recovered)
2021,Sulawesi Tengah,Banjir,1.0,0,Data DIBI BNPB (Raw Recovered)
2021,Sulawesi Selatan,Banjir,1.0,0,Data DIBI BNPB (Raw Recovered)
2021,Sulawesi Utara,Banjir,1.0,2021,Data DIBI BNPB (Raw Recovered)
2021,Sulawesi Utara,Banjir,1.0,194,Data DIBI BNPB (Raw Recovered)
2021,Sulawesi Utara,Banjir,1.0,0,Data DIBI BNPB (Raw Recovered)
2021,Sulawesi Selatan,Banjir,1.0,4134,Data DIBI BNPB (Raw Recovered)
2021,Sulawesi Barat,Banjir,1.0,400,Data DIBI BNPB (Raw Recovered)
2021,Sulawesi Utara,Banjir,1.0,4127,Data DIBI BNPB (Raw Recovered)
2021,Sulawesi Utara,Banjir,1.0,5,Data DIBI BNPB (Raw Recovered)
2021,Sulawesi Utara,Tanah Longsor,1.0,0,Data DIBI BNPB (Raw Recovered)
2021,Sulawesi Tengah,Banjir,1.0,0,Data DIBI BNPB (Raw Recovered)
2021,Sulawesi Tenggara,Banjir,1.0,93,Data DIBI BNPB (Raw Recovered)
2021,Sulawesi Barat,Banjir,1.0,60,Data DIBI BNPB (Raw Recovered)
2021,Sulawesi Utara,Banjir,1.0,0,Data DIBI BNPB (Raw Recovered)
2021,Sulawesi Tengah,Banjir,1.0,0,Data DIBI BNPB (Raw Recovered)
2021,Sulawesi Tengah,Banjir,1.0,0,Data DIBI BNPB (Raw Recovered)
2021,Sulawesi Tenggara,Tanah Longsor,1.0,35,Data DIBI BNPB (Raw Recovered)
2021,Sulawesi Barat,Tanah Longsor,1.0,510,Data DIBI BNPB (Raw Recovered)
2021,Sulawesi Barat,Tanah Longsor,1.0,0,Data DIBI BNPB (Raw Recovered)
2021,Sulawesi Barat,Banjir,1.0,35,Data DIBI BNPB (Raw Recovered)
2021,Sulawesi Tengah,Banjir,0.5,27,Data DIBI BNPB (Raw Recovered)
2021,Sulawesi Tengah,Banjir,0.5,14,Data DIBI BNPB (Raw Recovered)
2021,Sulawesi Tengah,Banjir,0.5,0,Data DIBI BNPB (Raw Recovered)
2021,Sulawesi Tengah,Banjir,0.5,70,Data DIBI BNPB (Raw Recovered)
2021,Sulawesi Tengah,Banjir,0.3333333333333333,70,Data DIBI BNPB (Raw Recovered)
2021,Sulawesi Tengah,Banjir,0.3333333333333333,0,Data DIBI BNPB (Raw Recovered)
2021,Sulawesi Tengah,Banjir,0.3333333333333333,85,Data DIBI BNPB (Raw Recovered)
2021,Sulawesi Selatan,Banjir,1.0,1710,Data DIBI BNPB (Raw Recovered)
2021,Sulawesi Utara,Banjir,1.0,212,Data DIBI BNPB (Raw Recovered)
2021,Sulawesi Tenggara,Banjir,1.0,382,Data DIBI BNPB (Raw Recovered)
2021,Sulawesi Tenggara,Tanah Longsor,1.0,12,Data DIBI BNPB (Raw Recovered)
2021,Sulawesi Utara,Banjir,1.0,1040,Data DIBI BNPB (Raw Recovered)
2020,Sulawesi Selatan,Banjir,1.0,150,Data DIBI BNPB (Raw Recovered)
2020,Sulawesi Selatan,Banjir,1.0,250,Data DIBI BNPB (Raw Recovered)
2020,Sulawesi Selatan,Tanah Longsor,1.0,15,Data DIBI BNPB (Raw Recovered)
2020,Sulawesi Selatan,Banjir,1.0,745,Data DIBI BNPB (Raw Recovered)
2020,Sulawesi Selatan,Banjir,1.0,445,Data DIBI BNPB (Raw Recovered)
2020,Sulawesi Selatan,Banjir,1.0,85,Data DIBI BNPB (Raw Recovered)
2020,Sulawesi Selatan,Tanah Longsor,1.0,0,Data DIBI BNPB (Raw Recovered)
2020,Sulawesi Utara,Banjir,1.0,413,Data DIBI BNPB (Raw Recovered)
2020,Sulawesi Tengah,Banjir,1.0,25,Data DIBI BNPB (Raw Recovered)
2020,Sulawesi Utara,Tanah Longsor,1.0,9,Data DIBI BNPB (Raw Recovered)
2020,Sulawesi Selatan,Tanah Longsor,1.0,7,Data DIBI BNPB (Raw Recovered)
2020,Sulawesi Tengah,Banjir,1.0,7100,Data DIBI BNPB (Raw Recovered)
2020,Sulawesi Tengah,Banjir,1.0,1750,Data DIBI BNPB (Raw Recovered)
2020,Sulawesi Selatan,Tanah Longsor,1.0,10,Data DIBI BNPB (Raw Recovered)
2020,Sulawesi Barat,Banjir,1.0,340,Data DIBI BNPB (Raw Recovered)
2020,Sulawesi Tengah,Banjir,1.0,27,Data DIBI BNPB (Raw Recovered)
2020,Sulawesi Tengah,Banjir,1.0,83,Data DIBI BNPB (Raw Recovered)
2020,Sulawesi Selatan,Banjir,1.0,225,Data DIBI BNPB (Raw Recovered)
2020,Sulawesi Tengah,Banjir,1.0,784,Data DIBI BNPB (Raw Recovered)
2020,Sulawesi Tengah,Banjir,1.0,650,Data DIBI BNPB (Raw Recovered)
2020,Sulawesi Tengah,Banjir,1.0,17,Data DIBI BNPB (Raw Recovered)
2020,Sulawesi Tengah,Banjir,1.0,150,Data DIBI BNPB (Raw Recovered)
2020,Sulawesi Utara,Banjir,1.0,976,Data DIBI BNPB (Raw Recovered)
2020,Sulawesi Tengah,Tanah Longsor,1.0,0,Data DIBI BNPB (Raw Recovered)
2020,Sulawesi Tengah,Banjir,1.0,1245,Data DIBI BNPB (Raw Recovered)
2020,Sulawesi Tengah,Banjir,1.0,16,Data DIBI BNPB (Raw Recovered)
2020,Sulawesi Tengah,Banjir,1.0,196,Data DIBI BNPB (Raw Recovered)
2020,Sulawesi Barat,Banjir,1.0,75,Data DIBI BNPB (Raw Recovered)
2020,Sulawesi Selatan,Banjir,1.0,265,Data DIBI BNPB (Raw Recovered)
2020,Sulawesi Tengah,Banjir,1.0,1750,Data DIBI BNPB (Raw Recovered)
2020,Sulawesi Selatan,Banjir,1.0,1000,Data DIBI BNPB (Raw Recovered)
2020,Sulawesi Tengah,Banjir,1.0,1465,Data DIBI BNPB (Raw Recovered)
2020,Sulawesi Tengah,Banjir,1.0,891,Data DIBI BNPB (Raw Recovered)
2020,Sulawesi Utara,Banjir,1.0,45,Data DIBI BNPB (Raw Recovered)
2020,Sulawesi Selatan,Banjir,1.0,708,Data DIBI BNPB (Raw Recovered)
2020,Sulawesi Tengah,Banjir,1.0,348,Data DIBI BNPB (Raw Recovered)
2020,Sulawesi Utara,Banjir,1.0,1050,Data DIBI BNPB (Raw Recovered)
2020,Sulawesi Utara,Banjir,1.0,23854,Data DIBI BNPB (Raw Recovered)
2020,Sulawesi Tengah,Tanah Longsor,1.0,0,Data DIBI BNPB (Raw Recovered)
2020,Sulawesi Selatan,Banjir,1.0,0,Data DIBI BNPB (Raw Recovered)
2020,Sulawesi Selatan,Banjir,1.0,0,Data DIBI BNPB (Raw Recovered)
2020,Sulawesi Selatan,Banjir,1.0,1815,Data DIBI BNPB (Raw Recovered)
2020,Sulawesi Selatan,Banjir,1.0,60,Data DIBI BNPB (Raw Recovered)
2020,Sulawesi Tengah,Banjir,1.0,250,Data DIBI BNPB (Raw Recovered)
2020,Sulawesi Tengah,Banjir,1.0,605,Data DIBI BNPB (Raw Recovered)
2020,Sulawesi Selatan,Banjir,1.0,1815,Data DIBI BNPB (Raw Recovered)
2020,Sulawesi Tenggara,Banjir,1.0,17981,Data DIBI BNPB (Raw Recovered)
2020,Sulawesi Tengah,Banjir,1.0,4869,Data DIBI BNPB (Raw Recovered)
2020,Sulawesi Selatan,Banjir,1.0,31300,Data DIBI BNPB (Raw Recovered)
2020,Sulawesi Tengah,Tanah Longsor,1.0,13,Data DIBI BNPB (Raw Recovered)
2020,Sulawesi Selatan,Tanah Longsor,1.0,0,Data DIBI BNPB (Raw Recovered)
2020,Sulawesi Tengah,Banjir,1.0,3181,Data DIBI BNPB (Raw Recovered)
2020,Sulawesi Tenggara,Banjir,1.0,11586,Data DIBI BNPB (Raw Recovered)
2020,Sulawesi Selatan,Banjir,1.0,990,Data DIBI BNPB (Raw Recovered)
2020,Sulawesi Tengah,Banjir,1.0,16,Data DIBI BNPB (Raw Recovered)
2020,Sulawesi Tengah,Banjir,1.0,198,Data DIBI BNPB (Raw Recovered)
2020,Sulawesi Tengah,Banjir,1.0,3720,Data DIBI BNPB (Raw Recovered)
2020,Sulawesi Selatan,Banjir,1.0,14885,Data DIBI BNPB (Raw Recovered)
2020,Sulawesi Selatan,Banjir,1.0,0,Data DIBI BNPB (Raw Recovered)
2020,Sulawesi Selatan,Banjir,1.0,50158,Data DIBI BNPB (Raw Recovered)
2020,Sulawesi Tengah,Banjir,1.0,50,Data DIBI BNPB (Raw Recovered)
2020,Sulawesi Selatan,Banjir,1.0,0,Data DIBI BNPB (Raw Recovered)
2020,Sulawesi Utara,Banjir,1.0,1100,Data DIBI BNPB (Raw Recovered)
2020,Sulawesi Selatan,Tanah Longsor,1.0,247,Data DIBI BNPB (Raw Recovered)
2020,Sulawesi Selatan,Banjir,1.0,2950,Data DIBI BNPB (Raw Recovered)
2020,Sulawesi Tengah,Banjir,1.0,658,Data DIBI BNPB (Raw Recovered)
2020,Sulawesi Tenggara,Tanah Longsor,1.0,5,Data DIBI BNPB (Raw Recovered)
2020,Sulawesi Selatan,Banjir,1.0,65,Data DIBI BNPB (Raw Recovered)
2020,Sulawesi Selatan,Banjir,1.0,36,Data DIBI BNPB (Raw Recovered)
2020,Sulawesi Selatan,Banjir,1.0,0,Data DIBI BNPB (Raw Recovered)
2020,Sulawesi Selatan,Tanah Longsor,1.0,35,Data DIBI BNPB (Raw Recovered)
2020,Sulawesi Tengah,Banjir,1.0,225,Data DIBI BNPB (Raw Recovered)
2020,Sulawesi Tengah,Banjir,1.0,0,Data DIBI BNPB (Raw Recovered)
2020,Sulawesi Tengah,Tanah Longsor,1.0,22,Data DIBI BNPB (Raw Recovered)
2020,Sulawesi Selatan,Banjir,1.0,2000,Data DIBI BNPB (Raw Recovered)
2020,Sulawesi Selatan,Banjir,1.0,19235,Data DIBI BNPB (Raw Recovered)
2020,Sulawesi Tenggara,Banjir,1.0,4371,Data DIBI BNPB (Raw Recovered)
2020,Sulawesi Tengah,Banjir,1.0,1525,Data DIBI BNPB (Raw Recovered)
2020,Sulawesi Selatan,Banjir,1.0,235,Data DIBI BNPB (Raw Recovered)
2020,Sulawesi Selatan,Banjir,1.0,34820,Data DIBI BNPB (Raw Recovered)
2020,Sulawesi Selatan,Banjir,1.0,3640,Data DIBI BNPB (Raw Recovered)
2020,Sulawesi Selatan,Banjir,1.0,80,Data DIBI BNPB (Raw Recovered)
2020,Sulawesi Selatan,Banjir,1.0,0,Data DIBI BNPB (Raw Recovered)
2020,Sulawesi Selatan,Tanah Longsor,1.0,0,Data DIBI BNPB (Raw Recovered)
2020,Sulawesi Tenggara,Banjir,1.0,0,Data DIBI BNPB (Raw Recovered)
2020,Sulawesi Tengah,Banjir,1.0,1009,Data DIBI BNPB (Raw Recovered)
2020,Sulawesi Selatan,Banjir,1.0,864,Data DIBI BNPB (Raw Recovered)
2020,Sulawesi Selatan,Banjir,1.0,6,Data DIBI BNPB (Raw Recovered)
2020,Sulawesi Tengah,Banjir,1.0,35,Data DIBI BNPB (Raw Recovered)
2020,Sulawesi Selatan,Banjir,1.0,0,Data DIBI BNPB (Raw Recovered)
2020,Sulawesi Barat,Banjir,1.0,263,Data DIBI BNPB (Raw Recovered)
2020,Sulawesi Selatan,Banjir,1.0,0,Data DIBI BNPB (Raw Recovered)
2020,Sulawesi Selatan,Banjir,1.0,75,Data DIBI BNPB (Raw Recovered)
2020,Sulawesi Selatan,Tanah Longsor,1.0,0,Data DIBI BNPB (Raw Recovered)
2020,Sulawesi Selatan,Banjir,1.0,170,Data DIBI BNPB (Raw Recovered)
2020,Sulawesi Selatan,Banjir,1.0,51298,Data DIBI BNPB (Raw Recovered)
2020,Sulawesi Tenggara,Banjir,1.0,750,Data DIBI BNPB (Raw Recovered)
2020,Sulawesi Tengah,Banjir,1.0,85,Data DIBI BNPB (Raw Recovered)
2020,Sulawesi Barat,Tanah Longsor,1.0,0,Data DIBI BNPB (Raw Recovered)
2020,Sulawesi Barat,Banjir,1.0,3838,Data DIBI BNPB (Raw Recovered)
2020,Sulawesi Tengah,Banjir,0.5,0,Data DIBI BNPB (Raw Recovered)
2020,Sulawesi Tengah,Banjir,0.5,0,Data DIBI BNPB (Raw Recovered)
2020,Sulawesi Tengah,Banjir,1.0,360,Data DIBI BNPB (Raw Recovered)
2020,Sulawesi Tengah,Banjir,1.0,5230,Data DIBI BNPB (Raw Recovered)
2020,Sulawesi Tengah,Banjir,1.0,198,Data DIBI BNPB (Raw Recovered)
2020,Sulawesi Selatan,Banjir,1.0,1900,Data DIBI BNPB (Raw Recovered)
2020,Sulawesi Selatan,Banjir,1.0,108,Data DIBI BNPB (Raw Recovered)
2020,Sulawesi Selatan,Tanah Longsor,1.0,0,Data DIBI BNPB (Raw Recovered)
2020,Sulawesi Selatan,Tanah Longsor,1.0,6,Data DIBI BNPB (Raw Recovered)
2020,Sulawesi Selatan,Banjir,1.0,410,Data DIBI BNPB (Raw Recovered)
2020,Sulawesi Selatan,Tanah Longsor,1.0,30,Data DIBI BNPB (Raw Recovered)
2020,Sulawesi Tengah,Banjir,1.0,76,Data DIBI BNPB (Raw Recovered)
2020,Sulawesi Selatan,Tanah Longsor,0.5,0,Data DIBI BNPB (Raw Recovered)
2020,Sulawesi Selatan,Tanah Longsor,0.5,0,Data DIBI BNPB (Raw Recovered)
2020,Sulawesi Selatan,Banjir,1.0,132,Data DIBI BNPB (Raw Recovered)
2020,Sulawesi Selatan,Tanah Longsor,1.0,10,Data DIBI BNPB (Raw Recovered)
2020,Sulawesi Tengah,Banjir,1.0,100,Data DIBI BNPB (Raw Recovered)
2020,Sulawesi Selatan,Banjir,1.0,15,Data DIBI BNPB (Raw Recovered)
2020,Sulawesi Selatan,Banjir,0.5,2620,Data DIBI BNPB (Raw Recovered)
2020,Sulawesi Tengah,Banjir,1.0,3474,Data DIBI BNPB (Raw Recovered)
2020,Sulawesi Selatan,Banjir,0.5,0,Data DIBI BNPB (Raw Recovered)
2020,Sulawesi Selatan,Tanah Longsor,1.0,0,Data DIBI BNPB (Raw Recovered)
2020,Sulawesi Selatan,Tanah Longsor,1.0,2,Data DIBI BNPB (Raw Recovered)
2020,Sulawesi Tengah,Banjir,1.0,2165,Data DIBI BNPB (Raw Recovered)
2020,Sulawesi Selatan,Tanah Longsor,1.0,0,Data DIBI BNPB (Raw Recovered)
2020,Sulawesi Utara,Banjir,1.0,0,Data DIBI BNPB (Raw Recovered)
2020,Sulawesi Tengah,Tanah Longsor,1.0,36,Data DIBI BNPB (Raw Recovered)
2020,Sulawesi Selatan,Tanah Longsor,1.0,0,Data DIBI BNPB (Raw Recovered)
2020,Sulawesi Utara,Banjir,1.0,27512,Data DIBI BNPB (Raw Recovered)
2020,Sulawesi Utara,Banjir,1.0,746,Data DIBI BNPB (Raw Recovered)
2020,Sulawesi Tengah,Banjir,1.0,952,Data DIBI BNPB (Raw Recovered)
2020,Sulawesi Selatan,Tanah Longsor,1.0,0,Data DIBI BNPB (Raw Recovered)
2020,Sulawesi Selatan,Tanah Longsor,1.0,0,Data DIBI BNPB (Raw Recovered)
2020,Sulawesi Selatan,Tanah Longsor,1.0,5,Data DIBI BNPB (Raw Recovered)
2020,Sulawesi Tengah,Banjir,1.0,1460,Data DIBI BNPB (Raw Recovered)
2020,Sulawesi Tenggara,Banjir,1.0,180,Data DIBI BNPB (Raw Recovered)
2020,Sulawesi Tengah,Banjir,1.0,3405,Data DIBI BNPB (Raw Recovered)
2020,Sulawesi Selatan,Tanah Longsor,1.0,0,Data DIBI BNPB (Raw Recovered)
2020,Sulawesi Selatan,Tanah Longsor,1.0,5,Data DIBI BNPB (Raw Recovered)
2020,Sulawesi Selatan,Tanah Longsor,1.0,0,Data DIBI BNPB (Raw Recovered)
2020,Sulawesi Selatan,Tanah Longsor,1.0,5,Data DIBI BNPB (Raw Recovered)
2020,Sulawesi Utara,Tanah Longsor,1.0,10,Data DIBI BNPB (Raw Recovered)
2020,Sulawesi Selatan,Banjir,1.0,0,Data DIBI BNPB (Raw Recovered)
2020,Sulawesi Selatan,Tanah Longsor,1.0,0,Data DIBI BNPB (Raw Recovered)
2020,Sulawesi Selatan,Tanah Longsor,1.0,440,Data DIBI BNPB (Raw Recovered)
2020,Sulawesi Selatan,Banjir,1.0,0,Data DIBI BNPB (Raw Recovered)
2020,Sulawesi Selatan,Tanah Longsor,1.0,5,Data DIBI BNPB (Raw Recovered)
2020,Sulawesi Selatan,Banjir,1.0,83,Data DIBI BNPB (Raw Recovered)
2020,Sulawesi Tenggara,Tanah Longsor,1.0,5,Data DIBI BNPB (Raw Recovered)
2020,Sulawesi Selatan,Banjir,1.0,0,Data DIBI BNPB (Raw Recovered)
2020,Sulawesi Selatan,Banjir,1.0,200,Data DIBI BNPB (Raw Recovered)
2020,Sulawesi Selatan,Banjir,1.0,605,Data DIBI BNPB (Raw Recovered)
2020,Sulawesi Selatan,Banjir,1.0,0,Data DIBI BNPB (Raw Recovered)
2020,Sulawesi Tengah,Banjir,1.0,0,Data DIBI BNPB (Raw Recovered)
2020,Sulawesi Barat,Banjir,1.0,3460,Data DIBI BNPB (Raw Recovered)
2020,Sulawesi Tengah,Banjir,1.0,4168,Data DIBI BNPB (Raw Recovered)
2020,Sulawesi Tengah,Banjir,1.0,1560,Data DIBI BNPB (Raw Recovered)
2020,Sulawesi Utara,Banjir,1.0,412,Data DIBI BNPB (Raw Recovered)
2020,Sulawesi Selatan,Tanah Longsor,1.0,0,Data DIBI BNPB (Raw Recovered)
2020,Sulawesi Barat,Tanah Longsor,1.0,1310,Data DIBI BNPB (Raw Recovered)
2019,Sulawesi Tengah,Banjir,1.0,696,Data DIBI BNPB (Raw Recovered)
2019,Sulawesi Tengah,Banjir,1.0,1097,Data DIBI BNPB (Raw Recovered)
2019,Sulawesi Tengah,Banjir,1.0,39,Data DIBI BNPB (Raw Recovered)
2019,Sulawesi Selatan,Tanah Longsor,1.0,3,Data DIBI BNPB (Raw Recovered)
2019,Sulawesi Tenggara,Banjir,1.0,138,Data DIBI BNPB (Raw Recovered)
2019,Sulawesi Selatan,Tanah Longsor,1.0,0,Data DIBI BNPB (Raw Recovered)
2019,Sulawesi Selatan,Tanah Longsor,1.0,4,Data DIBI BNPB (Raw Recovered)
2019,Sulawesi Tengah,Banjir,1.0,0,Data DIBI BNPB (Raw Recovered)
2019,Sulawesi Selatan,Banjir,1.0,0,Data DIBI BNPB (Raw Recovered)
2019,Sulawesi Selatan,Tanah Longsor,1.0,70,Data DIBI BNPB (Raw Recovered)
2019,Sulawesi Selatan,Banjir,1.0,70,Data DIBI BNPB (Raw Recovered)
2019,Sulawesi Tengah,Banjir,1.0,215,Data DIBI BNPB (Raw Recovered)
2019,Sulawesi Tengah,Banjir,1.0,817,Data DIBI BNPB (Raw Recovered)
2019,Sulawesi Tengah,Banjir,1.0,7250,Data DIBI BNPB (Raw Recovered)
2019,Sulawesi Tengah,Banjir,1.0,0,Data DIBI BNPB (Raw Recovered)
2019,Sulawesi Tengah,Banjir,1.0,0,Data DIBI BNPB (Raw Recovered)
2019,Sulawesi Tengah,Banjir,1.0,373,Data DIBI BNPB (Raw Recovered)
2019,Sulawesi Selatan,Banjir,1.0,280,Data DIBI BNPB (Raw Recovered)
2019,Sulawesi Selatan,Banjir,1.0,200,Data DIBI BNPB (Raw Recovered)
2019,Sulawesi Selatan,Tanah Longsor,1.0,13,Data DIBI BNPB (Raw Recovered)
2019,Sulawesi Barat,Tanah Longsor,1.0,0,Data DIBI BNPB (Raw Recovered)
2019,Sulawesi Selatan,Banjir,1.0,12437,Data DIBI BNPB (Raw Recovered)
2019,Sulawesi Selatan,Banjir,1.0,1865,Data DIBI BNPB (Raw Recovered)
2019,Sulawesi Selatan,Banjir,1.0,2160,Data DIBI BNPB (Raw Recovered)
2019,Sulawesi Selatan,Banjir,1.0,200,Data DIBI BNPB (Raw Recovered)
2019,Sulawesi Selatan,Banjir,1.0,0,Data DIBI BNPB (Raw Recovered)
2019,Sulawesi Selatan,Banjir,1.0,0,Data DIBI BNPB (Raw Recovered)
2019,Sulawesi Selatan,Tanah Longsor,1.0,600,Data DIBI BNPB (Raw Recovered)
2019,Sulawesi Selatan,Banjir,1.0,0,Data DIBI BNPB (Raw Recovered)
2019,Sulawesi Selatan,Banjir,1.0,29685,Data DIBI BNPB (Raw Recovered)
2019,Sulawesi Selatan,Banjir,1.0,14760,Data DIBI BNPB (Raw Recovered)
2019,Sulawesi Selatan,Banjir,1.0,6150,Data DIBI BNPB (Raw Recovered)
2019,Sulawesi Tengah,Banjir,1.0,2277,Data DIBI BNPB (Raw Recovered)
2019,Sulawesi Selatan,Tanah Longsor,1.0,0,Data DIBI BNPB (Raw Recovered)
2019,Sulawesi Selatan,Banjir,1.0,50139,Data DIBI BNPB (Raw Recovered)
2019,Sulawesi Tenggara,Banjir,1.0,420,Data DIBI BNPB (Raw Recovered)
2019,Sulawesi Selatan,Banjir,1.0,700,Data DIBI BNPB (Raw Recovered)
2019,Sulawesi Tenggara,Banjir,1.0,28900,Data DIBI BNPB (Raw Recovered)
2019,Sulawesi Tenggara,Banjir,1.0,127357,Data DIBI BNPB (Raw Recovered)
2019,Sulawesi Tenggara,Banjir,1.0,500,Data DIBI BNPB (Raw Recovered)
2019,Sulawesi Tengah,Banjir,1.0,867,Data DIBI BNPB (Raw Recovered)
2019,Sulawesi Tengah,Banjir,1.0,0,Data DIBI BNPB (Raw Recovered)
2019,Sulawesi Selatan,Banjir,1.0,635,Data DIBI BNPB (Raw Recovered)
2019,Sulawesi Selatan,Banjir,1.0,0,Data DIBI BNPB (Raw Recovered)
2019,Sulawesi Selatan,Banjir,1.0,0,Data DIBI BNPB (Raw Recovered)
2019,Sulawesi Tenggara,Banjir,1.0,6291,Data DIBI BNPB (Raw Recovered)
2019,Sulawesi Barat,Banjir,1.0,0,Data DIBI BNPB (Raw Recovered)
2019,Sulawesi Utara,Tanah Longsor,1.0,5,Data DIBI BNPB (Raw Recovered)
2019,Sulawesi Utara,Banjir,1.0,400,Data DIBI BNPB (Raw Recovered)
2019,Sulawesi Selatan,Tanah Longsor,1.0,0,Data DIBI BNPB (Raw Recovered)
2019,Sulawesi Selatan,Tanah Longsor,1.0,450,Data DIBI BNPB (Raw Recovered)
2019,Sulawesi Selatan,Banjir,1.0,0,Data DIBI BNPB (Raw Recovered)
2019,Sulawesi Selatan,Tanah Longsor,1.0,224,Data DIBI BNPB (Raw Recovered)
2019,Sulawesi Selatan,Banjir,1.0,5740,Data DIBI BNPB (Raw Recovered)
2019,Sulawesi Selatan,Banjir,1.0,3265,Data DIBI BNPB (Raw Recovered)
2019,Sulawesi Tenggara,Banjir,1.0,4,Data DIBI BNPB (Raw Recovered)
2019,Sulawesi Tengah,Banjir,1.0,900,Data DIBI BNPB (Raw Recovered)
2019,Sulawesi Tenggara,Tanah Longsor,1.0,155,Data DIBI BNPB (Raw Recovered)
2019,Sulawesi Tengah,Banjir,1.0,24,Data DIBI BNPB (Raw Recovered)
2019,Sulawesi Barat,Banjir,1.0,5616,Data DIBI BNPB (Raw Recovered)
2019,Sulawesi Selatan,Banjir,1.0,500,Data DIBI BNPB (Raw Recovered)
2019,Sulawesi Selatan,Banjir,1.0,3000,Data DIBI BNPB (Raw Recovered)
2019,Sulawesi Selatan,Banjir,1.0,0,Data DIBI BNPB (Raw Recovered)
2019,Sulawesi Selatan,Banjir,1.0,10812,Data DIBI BNPB (Raw Recovered)
2019,Sulawesi Selatan,Tanah Longsor,1.0,0,Data DIBI BNPB (Raw Recovered)
2019,Sulawesi Selatan,Banjir,1.0,500,Data DIBI BNPB (Raw Recovered)
2019,Sulawesi Tengah,Banjir,1.0,5535,Data DIBI BNPB (Raw Recovered)
2019,Sulawesi Selatan,Banjir,1.0,300,Data DIBI BNPB (Raw Recovered)
2019,Sulawesi Selatan,Tanah Longsor,1.0,5,Data DIBI BNPB (Raw Recovered)
2019,Sulawesi Utara,Banjir,1.0,420,Data DIBI BNPB (Raw Recovered)
2019,Sulawesi Barat,Banjir,1.0,50,Data DIBI BNPB (Raw Recovered)
2019,Sulawesi Tengah,Banjir,1.0,0,Data DIBI BNPB (Raw Recovered)
2019,Sulawesi Tenggara,Banjir,1.0,1584,Data DIBI BNPB (Raw Recovered)
2019,Sulawesi Utara,Tanah Longsor,1.0,0,Data DIBI BNPB (Raw Recovered)
2019,Sulawesi Selatan,Tanah Longsor,1.0,0,Data DIBI BNPB (Raw Recovered)
2019,Sulawesi Selatan,Tanah Longsor,1.0,0,Data DIBI BNPB (Raw Recovered)
2019,Sulawesi Tengah,Tanah Longsor,1.0,0,Data DIBI BNPB (Raw Recovered)
2019,Sulawesi Selatan,Tanah Longsor,1.0,0,Data DIBI BNPB (Raw Recovered)
2019,Sulawesi Selatan,Banjir,1.0,0,Data DIBI BNPB (Raw Recovered)
2019,Sulawesi Tengah,Banjir,1.0,0,Data DIBI BNPB (Raw Recovered)
2019,Sulawesi Selatan,Banjir,1.0,0,Data DIBI BNPB (Raw Recovered)
2019,Sulawesi Barat,Banjir,1.0,0,Data DIBI BNPB (Raw Recovered)
2019,Sulawesi Tenggara,Tanah Longsor,1.0,0,Data DIBI BNPB (Raw Recovered)
2019,Sulawesi Selatan,Tanah Longsor,1.0,10,Data DIBI BNPB (Raw Recovered)
2019,Sulawesi Selatan,Banjir,1.0,175,Data DIBI BNPB (Raw Recovered)
2019,Sulawesi Barat,Banjir,1.0,1073,Data DIBI BNPB (Raw Recovered)
2019,Sulawesi Selatan,Banjir,1.0,0,Data DIBI BNPB (Raw Recovered)
2019,Sulawesi Selatan,Banjir,1.0,0,Data DIBI BNPB (Raw Recovered)
2019,Sulawesi Utara,Tanah Longsor,1.0,0,Data DIBI BNPB (Raw Recovered)
2019,Sulawesi Selatan,Tanah Longsor,1.0,5,Data DIBI BNPB (Raw Recovered)
2019,Sulawesi Selatan,Banjir,1.0,0,Data DIBI BNPB (Raw Recovered)
2019,Sulawesi Barat,Banjir,1.0,80,Data DIBI BNPB (Raw Recovered)
2019,Sulawesi Selatan,Tanah Longsor,1.0,0,Data DIBI BNPB (Raw Recovered)
2019,Sulawesi Utara,Tanah Longsor,1.0,0,Data DIBI BNPB (Raw Recovered)
2019,Sulawesi Utara,Banjir,1.0,12366,Data DIBI BNPB (Raw Recovered)
2019,Sulawesi Selatan,Banjir,1.0,4564,Data DIBI BNPB (Raw Recovered)
2019,Sulawesi Selatan,Banjir,1.0,183166,Data DIBI BNPB (Raw Recovered)
2019,Sulawesi Selatan,Banjir,1.0,0,Data DIBI BNPB (Raw Recovered)
2019,Sulawesi Selatan,Banjir,1.0,0,Data DIBI BNPB (Raw Recovered)
2019,Sulawesi Selatan,Banjir,1.0,3276,Data DIBI BNPB (Raw Recovered)
2019,Sulawesi Selatan,Banjir,1.0,2705,Data DIBI BNPB (Raw Recovered)
2019,Sulawesi Selatan,Banjir,1.0,2121,Data DIBI BNPB (Raw Recovered)
2019,Sulawesi Selatan,Banjir,1.0,10328,Data DIBI BNPB (Raw Recovered)
2019,Sulawesi Selatan,Banjir,1.0,1750,Data DIBI BNPB (Raw Recovered)
2019,Sulawesi Selatan,Banjir,1.0,7975,Data DIBI BNPB (Raw Recovered)
2019,Sulawesi Utara,Banjir,1.0,1280,Data DIBI BNPB (Raw Recovered)
2019,Sulawesi Selatan,Banjir,1.0,0,Data DIBI BNPB (Raw Recovered)
2019,Sulawesi Selatan,Banjir,1.0,0,Data DIBI BNPB (Raw Recovered)
2019,Sulawesi Selatan,Tanah Longsor,1.0,4,Data DIBI BNPB (Raw Recovered)
2019,Sulawesi Selatan,Tanah Longsor,1.0,5,Data DIBI BNPB (Raw Recovered)
2019,Sulawesi Tenggara,Tanah Longsor,1.0,15,Data DIBI BNPB (Raw Recovered)
2019,Sulawesi Utara,Banjir,1.0,2935,Data DIBI BNPB (Raw Recovered)
2018,Sulawesi Selatan,Banjir,1.0,0,Data DIBI BNPB (Raw Recovered)
2018,Sulawesi Selatan,Banjir,1.0,238,Data DIBI BNPB (Raw Recovered)
2018,Sulawesi Selatan,Tanah Longsor,1.0,20,Data DIBI BNPB (Raw Recovered)
2018,Sulawesi Selatan,Tanah Longsor,1.0,19,Data DIBI BNPB (Raw Recovered)
2018,Sulawesi Selatan,Tanah Longsor,1.0,2,Data DIBI BNPB (Raw Recovered)
2018,Sulawesi Tengah,Banjir,1.0,427,Data DIBI BNPB (Raw Recovered)
2018,Sulawesi Utara,Tanah Longsor,1.0,23,Data DIBI BNPB (Raw Recovered)
2018,Sulawesi Selatan,Tanah Longsor,1.0,0,Data DIBI BNPB (Raw Recovered)
2018,Sulawesi Utara,Tanah Longsor,1.0,0,Data DIBI BNPB (Raw Recovered)
2018,Sulawesi Selatan,Tanah Longsor,1.0,0,Data DIBI BNPB (Raw Recovered)
2018,Sulawesi Tengah,Banjir,1.0,2960,Data DIBI BNPB (Raw Recovered)
2018,Sulawesi Barat,Banjir,1.0,200,Data DIBI BNPB (Raw Recovered)
2018,Sulawesi Barat,Banjir,1.0,20,Data DIBI BNPB (Raw Recovered)
2018,Sulawesi Selatan,Tanah Longsor,1.0,0,Data DIBI BNPB (Raw Recovered)
2018,Sulawesi Selatan,Tanah Longsor,1.0,0,Data DIBI BNPB (Raw Recovered)
2018,Sulawesi Selatan,Tanah Longsor,1.0,10,Data DIBI BNPB (Raw Recovered)
2018,Sulawesi Selatan,Banjir,1.0,0,Data DIBI BNPB (Raw Recovered)
2018,Sulawesi Selatan,Banjir,1.0,8,Data DIBI BNPB (Raw Recovered)
2018,Sulawesi Tenggara,Banjir,1.0,200,Data DIBI BNPB (Raw Recovered)
2018,Sulawesi Tenggara,Banjir,1.0,1240,Data DIBI BNPB (Raw Recovered)
2018,Sulawesi Selatan,Banjir,1.0,50,Data DIBI BNPB (Raw Recovered)
2018,Sulawesi Selatan,Tanah Longsor,1.0,0,Data DIBI BNPB (Raw Recovered)
2018,Sulawesi Selatan,Banjir,1.0,0,Data DIBI BNPB (Raw Recovered)
2018,Sulawesi Selatan,Tanah Longsor,1.0,0,Data DIBI BNPB (Raw Recovered)
2018,Sulawesi Selatan,Banjir,1.0,47,Data DIBI BNPB (Raw Recovered)
2018,Sulawesi Tenggara,Banjir,1.0,0,Data DIBI BNPB (Raw Recovered)
2018,Sulawesi Tenggara,Banjir,1.0,17860,Data DIBI BNPB (Raw Recovered)
2018,Sulawesi Tenggara,Tanah Longsor,1.0,0,Data DIBI BNPB (Raw Recovered)
2018,Sulawesi Tenggara,Banjir,1.0,1445,Data DIBI BNPB (Raw Recovered)
2018,Sulawesi Selatan,Banjir,1.0,14585,Data DIBI BNPB (Raw Recovered)
2018,Sulawesi Selatan,Banjir,1.0,1535,Data DIBI BNPB (Raw Recovered)
2018,Sulawesi Selatan,Tanah Longsor,1.0,0,Data DIBI BNPB (Raw Recovered)
2018,Sulawesi Selatan,Banjir,1.0,480,Data DIBI BNPB (Raw Recovered)
2018,Sulawesi Tenggara,Banjir,1.0,5108,Data DIBI BNPB (Raw Recovered)
2018,Sulawesi Tenggara,Tanah Longsor,1.0,0,Data DIBI BNPB (Raw Recovered)
2018,Sulawesi Selatan,Banjir,1.0,1075,Data DIBI BNPB (Raw Recovered)
2018,Sulawesi Selatan,Banjir,1.0,0,Data DIBI BNPB (Raw Recovered)
2018,Sulawesi Selatan,Banjir,1.0,3,Data DIBI BNPB (Raw Recovered)
2018,Sulawesi Selatan,Tanah Longsor,1.0,0,Data DIBI BNPB (Raw Recovered)
2018,Sulawesi Tenggara,Banjir,1.0,250,Data DIBI BNPB (Raw Recovered)
2018,Sulawesi Selatan,Banjir,1.0,500,Data DIBI BNPB (Raw Recovered)
2018,Sulawesi Selatan,Banjir,1.0,0,Data DIBI BNPB (Raw Recovered)
2018,Sulawesi Tenggara,Banjir,1.0,1742,Data DIBI BNPB (Raw Recovered)
2018,Sulawesi Tenggara,Banjir,1.0,2674,Data DIBI BNPB (Raw Recovered)
2018,Sulawesi Selatan,Banjir,1.0,0,Data DIBI BNPB (Raw Recovered)
2018,Sulawesi Selatan,Banjir,1.0,5835,Data DIBI BNPB (Raw Recovered)
2018,Sulawesi Tenggara,Banjir,1.0,0,Data DIBI BNPB (Raw Recovered)
2018,Sulawesi Selatan,Banjir,1.0,0,Data DIBI BNPB (Raw Recovered)
2018,Sulawesi Selatan,Banjir,1.0,1985,Data DIBI BNPB (Raw Recovered)
2018,Sulawesi Selatan,Tanah Longsor,1.0,0,Data DIBI BNPB (Raw Recovered)
2018,Sulawesi Utara,Tanah Longsor,1.0,0,Data DIBI BNPB (Raw Recovered)
2018,Sulawesi Tengah,Banjir,1.0,1500,Data DIBI BNPB (Raw Recovered)
2018,Sulawesi Utara,Banjir,1.0,0,Data DIBI BNPB (Raw Recovered)
2018,Sulawesi Tengah,Banjir,1.0,900,Data DIBI BNPB (Raw Recovered)
2018,Sulawesi Selatan,Banjir,1.0,88,Data DIBI BNPB (Raw Recovered)
2018,Sulawesi Selatan,Banjir,1.0,5585,Data DIBI BNPB (Raw Recovered)
2018,Sulawesi Selatan,Banjir,1.0,0,Data DIBI BNPB (Raw Recovered)
2018,Sulawesi Tenggara,Banjir,1.0,100,Data DIBI BNPB (Raw Recovered)
2018,Sulawesi Tenggara,Banjir,1.0,0,Data DIBI BNPB (Raw Recovered)
2018,Sulawesi Selatan,Banjir,1.0,14,Data DIBI BNPB (Raw Recovered)
2018,Sulawesi Tenggara,Banjir,1.0,0,Data DIBI BNPB (Raw Recovered)
2018,Sulawesi Selatan,Banjir,1.0,13405,Data DIBI BNPB (Raw Recovered)
2018,Sulawesi Selatan,Banjir,1.0,63,Data DIBI BNPB (Raw Recovered)
2018,Sulawesi Selatan,Banjir,1.0,50868,Data DIBI BNPB (Raw Recovered)
2018,Sulawesi Utara,Tanah Longsor,1.0,8,Data DIBI BNPB (Raw Recovered)
2018,Sulawesi Selatan,Banjir,1.0,3975,Data DIBI BNPB (Raw Recovered)
2018,Sulawesi Selatan,Banjir,1.0,0,Data DIBI BNPB (Raw Recovered)
2018,Sulawesi Selatan,Banjir,1.0,35,Data DIBI BNPB (Raw Recovered)
2018,Sulawesi Selatan,Banjir,1.0,240,Data DIBI BNPB (Raw Recovered)
2018,Sulawesi Selatan,Banjir,1.0,200,Data DIBI BNPB (Raw Recovered)
2018,Sulawesi Utara,Banjir,1.0,0,Data DIBI BNPB (Raw Recovered)
2018,Sulawesi Selatan,Banjir,1.0,0,Data DIBI BNPB (Raw Recovered)
2018,Sulawesi Tenggara,Banjir,1.0,15,Data DIBI BNPB (Raw Recovered)
2018,Sulawesi Barat,Tanah Longsor,1.0,367,Data DIBI BNPB (Raw Recovered)
2018,Sulawesi Utara,Banjir,1.0,57,Data DIBI BNPB (Raw Recovered)
2018,Sulawesi Selatan,Tanah Longsor,1.0,4,Data DIBI BNPB (Raw Recovered)
2018,Sulawesi Selatan,Tanah Longsor,1.0,0,Data DIBI BNPB (Raw Recovered)
2018,Sulawesi Utara,Banjir,1.0,0,Data DIBI BNPB (Raw Recovered)
2018,Sulawesi Tengah,Banjir,1.0,2527,Data DIBI BNPB (Raw Recovered)
2018,Sulawesi Utara,Banjir,1.0,0,Data DIBI BNPB (Raw Recovered)
2018,Sulawesi Tenggara,Tanah Longsor,1.0,0,Data DIBI BNPB (Raw Recovered)
2018,Sulawesi Utara,Tanah Longsor,0.5,0,Data DIBI BNPB (Raw Recovered)
2018,Sulawesi Utara,Tanah Longsor,0.5,0,Data DIBI BNPB (Raw Recovered)
2018,Sulawesi Tenggara,Tanah Longsor,1.0,5,Data DIBI BNPB (Raw Recovered)
2018,Sulawesi Tenggara,Banjir,1.0,0,Data DIBI BNPB (Raw Recovered)
2018,Sulawesi Selatan,Banjir,1.0,0,Data DIBI BNPB (Raw Recovered)
2018,Sulawesi Selatan,Banjir,1.0,0,Data DIBI BNPB (Raw Recovered)
2018,Sulawesi Selatan,Tanah Longsor,1.0,0,Data DIBI BNPB (Raw Recovered)
2018,Sulawesi Selatan,Banjir,1.0,94,Data DIBI BNPB (Raw Recovered)
2018,Sulawesi Barat,Banjir,1.0,3364,Data DIBI BNPB (Raw Recovered)
2018,Sulawesi Barat,Banjir,1.0,390,Data DIBI BNPB (Raw Recovered)
2018,Sulawesi Utara,Banjir,1.0,215,Data DIBI BNPB (Raw Recovered)
2018,Sulawesi Utara,Banjir,1.0,1132,Data DIBI BNPB (Raw Recovered)
2018,Sulawesi Utara,Tanah Longsor,1.0,84,Data DIBI BNPB (Raw Recovered)
2018,Sulawesi Tenggara,Banjir,1.0,225,Data DIBI BNPB (Raw Recovered)
2018,Sulawesi Selatan,Banjir,1.0,0,Data DIBI BNPB (Raw Recovered)
2018,Sulawesi Selatan,Banjir,1.0,1755,Data DIBI BNPB (Raw Recovered)
2018,Sulawesi Tenggara,Tanah Longsor,1.0,0,Data DIBI BNPB (Raw Recovered)
2018,Sulawesi Selatan,Banjir,1.0,0,Data DIBI BNPB (Raw Recovered)
2018,Sulawesi Selatan,Tanah Longsor,1.0,4,Data DIBI BNPB (Raw Recovered)
2018,Sulawesi Selatan,Tanah Longsor,1.0,3,Data DIBI BNPB (Raw Recovered)
2018,Sulawesi Selatan,Tanah Longsor,1.0,0,Data DIBI BNPB (Raw Recovered)
2018,Sulawesi Selatan,Tanah Longsor,1.0,0,Data DIBI BNPB (Raw Recovered)
2018,Sulawesi Selatan,Tanah Longsor,1.0,0,Data DIBI BNPB (Raw Recovered)
2018,Sulawesi Selatan,Tanah Longsor,1.0,0,Data DIBI BNPB (Raw Recovered)
2018,Sulawesi Selatan,Banjir,1.0,0,Data DIBI BNPB (Raw Recovered)
2018,Sulawesi Tengah,Banjir,1.0,2154,Data DIBI BNPB (Raw Recovered)
2018,Sulawesi Selatan,Tanah Longsor,1.0,0,Data DIBI BNPB (Raw Recovered)
2018,Sulawesi Utara,Banjir,1.0,0,Data DIBI BNPB (Raw Recovered)
2018,Sulawesi Tengah,Banjir,1.0,120,Data DIBI BNPB (Raw Recovered)
2018,Sulawesi Utara,Banjir,1.0,557,Data DIBI BNPB (Raw Recovered)
2018,Sulawesi Utara,Tanah Longsor,1.0,476,Data DIBI BNPB (Raw Recovered)
2018,Sulawesi Utara,Banjir,1.0,4000,Data DIBI BNPB (Raw Recovered)
2018,Sulawesi Selatan,Tanah Longsor,1.0,0,Data DIBI BNPB (Raw Recovered)
2018,Sulawesi Selatan,Tanah Longsor,1.0,14,Data DIBI BNPB (Raw Recovered)
2018,Sulawesi Tenggara,Banjir,1.0,175,Data DIBI BNPB (Raw Recovered)
2018,Sulawesi Barat,Banjir,1.0,1250,Data DIBI BNPB (Raw Recovered)
2018,Sulawesi Selatan,Tanah Longsor,1.0,9500,Data DIBI BNPB (Raw Recovered)
2018,Sulawesi Selatan,Tanah Longsor,1.0,0,Data DIBI BNPB (Raw Recovered)
2017,Sulawesi Barat,Banjir,1.0,0,Data DIBI BNPB (Raw Recovered)
2017,Sulawesi Selatan,Banjir,1.0,1294,Data DIBI BNPB (Raw Recovered)
2017,Sulawesi Selatan,Banjir,1.0,1748,Data DIBI BNPB (Raw Recovered)
2017,Sulawesi Selatan,Banjir,1.0,1750,Data DIBI BNPB (Raw Recovered)
2017,Sulawesi Selatan,Banjir,1.0,0,Data DIBI BNPB (Raw Recovered)
2017,Sulawesi Selatan,Banjir,1.0,0,Data DIBI BNPB (Raw Recovered)
2017,Sulawesi Selatan,Banjir,1.0,1000,Data DIBI BNPB (Raw Recovered)
2017,Sulawesi Selatan,Banjir,1.0,17373,Data DIBI BNPB (Raw Recovered)
2017,Sulawesi Selatan,Tanah Longsor,1.0,0,Data DIBI BNPB (Raw Recovered)
2017,Sulawesi Selatan,Banjir,1.0,0,Data DIBI BNPB (Raw Recovered)
2017,Sulawesi Utara,Tanah Longsor,1.0,263,Data DIBI BNPB (Raw Recovered)
2017,Sulawesi Tengah,Banjir,1.0,0,Data DIBI BNPB (Raw Recovered)
2017,Sulawesi Tengah,Banjir,1.0,0,Data DIBI BNPB (Raw Recovered)
2017,Sulawesi Tengah,Banjir,1.0,1260,Data DIBI BNPB (Raw Recovered)
2017,Sulawesi Tengah,Banjir,1.0,197,Data DIBI BNPB (Raw Recovered)
2017,Sulawesi Selatan,Tanah Longsor,1.0,5,Data DIBI BNPB (Raw Recovered)
2017,Sulawesi Selatan,Tanah Longsor,1.0,0,Data DIBI BNPB (Raw Recovered)
2017,Sulawesi Utara,Banjir,1.0,0,Data DIBI BNPB (Raw Recovered)
2017,Sulawesi Selatan,Banjir,1.0,2145,Data DIBI BNPB (Raw Recovered)
2017,Sulawesi Selatan,Tanah Longsor,1.0,1304,Data DIBI BNPB (Raw Recovered)
2017,Sulawesi Utara,Banjir,1.0,1415,Data DIBI BNPB (Raw Recovered)
2017,Sulawesi Utara,Banjir,1.0,1130,Data DIBI BNPB (Raw Recovered)
2017,Sulawesi Utara,Banjir,1.0,9135,Data DIBI BNPB (Raw Recovered)
2017,Sulawesi Utara,Banjir,1.0,0,Data DIBI BNPB (Raw Recovered)
2017,Sulawesi Selatan,Banjir,1.0,0,Data DIBI BNPB (Raw Recovered)
2017,Sulawesi Barat,Banjir,1.0,2525,Data DIBI BNPB (Raw Recovered)
2017,Sulawesi Tengah,Tanah Longsor,1.0,0,Data DIBI BNPB (Raw Recovered)
2017,Sulawesi Selatan,Banjir,1.0,170,Data DIBI BNPB (Raw Recovered)
2017,Sulawesi Tengah,Banjir,1.0,0,Data DIBI BNPB (Raw Recovered)
2017,Sulawesi Tengah,Banjir,1.0,373,Data DIBI BNPB (Raw Recovered)
2017,Sulawesi Selatan,Banjir,1.0,0,Data DIBI BNPB (Raw Recovered)
2017,Sulawesi Utara,Banjir,1.0,110,Data DIBI BNPB (Raw Recovered)
2017,Sulawesi Utara,Banjir,1.0,7578,Data DIBI BNPB (Raw Recovered)
2017,Sulawesi Selatan,Banjir,1.0,127,Data DIBI BNPB (Raw Recovered)
2017,Sulawesi Selatan,Banjir,1.0,552,Data DIBI BNPB (Raw Recovered)
2017,Sulawesi Utara,Tanah Longsor,1.0,0,Data DIBI BNPB (Raw Recovered)
2017,Sulawesi Tengah,Banjir,1.0,75,Data DIBI BNPB (Raw Recovered)
2017,Sulawesi Utara,Banjir,1.0,255,Data DIBI BNPB (Raw Recovered)
2017,Sulawesi Selatan,Banjir,1.0,170,Data DIBI BNPB (Raw Recovered)
2017,Sulawesi Selatan,Banjir,1.0,0,Data DIBI BNPB (Raw Recovered)
2017,Sulawesi Tengah,Banjir,1.0,0,Data DIBI BNPB (Raw Recovered)
2017,Sulawesi Tengah,Banjir,1.0,258,Data DIBI BNPB (Raw Recovered)
2017,Sulawesi Barat,Banjir,1.0,75,Data DIBI BNPB (Raw Recovered)
2017,Sulawesi Utara,Banjir,1.0,0,Data DIBI BNPB (Raw Recovered)
2017,Sulawesi Tengah,Banjir,1.0,160,Data DIBI BNPB (Raw Recovered)
2017,Sulawesi Tengah,Banjir,1.0,73,Data DIBI BNPB (Raw Recovered)
2017,Sulawesi Selatan,Banjir,1.0,125,Data DIBI BNPB (Raw Recovered)
2017,Sulawesi Selatan,Banjir,1.0,566,Data DIBI BNPB (Raw Recovered)
2017,Sulawesi Selatan,Banjir,1.0,0,Data DIBI BNPB (Raw Recovered)
2017,Sulawesi Tenggara,Banjir,1.0,3900,Data DIBI BNPB (Raw Recovered)
2017,Sulawesi Tenggara,Tanah Longsor,1.0,50,Data DIBI BNPB (Raw Recovered)
2017,Sulawesi Tenggara,Banjir,1.0,2780,Data DIBI BNPB (Raw Recovered)
2017,Sulawesi Tenggara,Banjir,1.0,2225,Data DIBI BNPB (Raw Recovered)
2017,Sulawesi Utara,Banjir,1.0,65,Data DIBI BNPB (Raw Recovered)
2017,Sulawesi Tengah,Banjir,1.0,0,Data DIBI BNPB (Raw Recovered)
2017,Sulawesi Tenggara,Banjir,1.0,2000,Data DIBI BNPB (Raw Recovered)
2017,Sulawesi Tenggara,Banjir,1.0,0,Data DIBI BNPB (Raw Recovered)
2017,Sulawesi Tenggara,Banjir,1.0,0,Data DIBI BNPB (Raw Recovered)
2017,Sulawesi Tenggara,Banjir,1.0,0,Data DIBI BNPB (Raw Recovered)
2017,Sulawesi Tenggara,Banjir,1.0,0,Data DIBI BNPB (Raw Recovered)
2017,Sulawesi Selatan,Tanah Longsor,1.0,0,Data DIBI BNPB (Raw Recovered)
2017,Sulawesi Selatan,Tanah Longsor,1.0,15,Data DIBI BNPB (Raw Recovered)
2017,Sulawesi Tenggara,Banjir,1.0,0,Data DIBI BNPB (Raw Recovered)
2017,Sulawesi Tengah,Banjir,1.0,0,Data DIBI BNPB (Raw Recovered)
2017,Sulawesi Tengah,Banjir,1.0,700,Data DIBI BNPB (Raw Recovered)
2017,Sulawesi Tenggara,Banjir,1.0,50,Data DIBI BNPB (Raw Recovered)
2017,Sulawesi Tenggara,Banjir,1.0,1000,Data DIBI BNPB (Raw Recovered)
2017,Sulawesi Barat,Banjir,1.0,200,Data DIBI BNPB (Raw Recovered)
2017,Sulawesi Utara,Banjir,1.0,74,Data DIBI BNPB (Raw Recovered)
2017,Sulawesi Tengah,Banjir,1.0,280025,Data DIBI BNPB (Raw Recovered)
2017,Sulawesi Tenggara,Banjir,1.0,10479,Data DIBI BNPB (Raw Recovered)
2017,Sulawesi Tenggara,Banjir,1.0,1720,Data DIBI BNPB (Raw Recovered)
2017,Sulawesi Tengah,Banjir,1.0,3000,Data DIBI BNPB (Raw Recovered)
2017,Sulawesi Selatan,Banjir,1.0,14826,Data DIBI BNPB (Raw Recovered)
2017,Sulawesi Selatan,Banjir,1.0,2762,Data DIBI BNPB (Raw Recovered)
2017,Sulawesi Selatan,Banjir,1.0,15385,Data DIBI BNPB (Raw Recovered)
2017,Sulawesi Tenggara,Banjir,1.0,0,Data DIBI BNPB (Raw Recovered)
2017,Sulawesi Tenggara,Banjir,1.0,2000,Data DIBI BNPB (Raw Recovered)
2017,Sulawesi Tenggara,Banjir,1.0,0,Data DIBI BNPB (Raw Recovered)
2017,Sulawesi Selatan,Banjir,1.0,0,Data DIBI BNPB (Raw Recovered)
2017,Sulawesi Tengah,Banjir,1.0,1741,Data DIBI BNPB (Raw Recovered)
2017,Sulawesi Selatan,Banjir,1.0,0,Data DIBI BNPB (Raw Recovered)
2017,Sulawesi Selatan,Tanah Longsor,1.0,5,Data DIBI BNPB (Raw Recovered)
2017,Sulawesi Barat,Banjir,1.0,0,Data DIBI BNPB (Raw Recovered)
2017,Sulawesi Tenggara,Tanah Longsor,1.0,10,Data DIBI BNPB (Raw Recovered)
2017,Sulawesi Selatan,Tanah Longsor,1.0,0,Data DIBI BNPB (Raw Recovered)
2017,Sulawesi Selatan,Tanah Longsor,1.0,788,Data DIBI BNPB (Raw Recovered)
2017,Sulawesi Tenggara,Banjir,1.0,2375,Data DIBI BNPB (Raw Recovered)
2017,Sulawesi Tenggara,Banjir,1.0,605,Data DIBI BNPB (Raw Recovered)
2017,Sulawesi Tenggara,Tanah Longsor,1.0,0,Data DIBI BNPB (Raw Recovered)
2017,Sulawesi Tenggara,Banjir,1.0,603,Data DIBI BNPB (Raw Recovered)
2017,Sulawesi Selatan,Banjir,1.0,0,Data DIBI BNPB (Raw Recovered)
2017,Sulawesi Selatan,Banjir,1.0,0,Data DIBI BNPB (Raw Recovered)
2017,Sulawesi Tenggara,Banjir,1.0,0,Data DIBI BNPB (Raw Recovered)
2017,Sulawesi Selatan,Tanah Longsor,1.0,0,Data DIBI BNPB (Raw Recovered)
2017,Sulawesi Selatan,Banjir,1.0,18,Data DIBI BNPB (Raw Recovered)
2017,Sulawesi Utara,Banjir,1.0,0,Data DIBI BNPB (Raw Recovered)
2017,Sulawesi Selatan,Banjir,1.0,700,Data DIBI BNPB (Raw Recovered)
2017,Sulawesi Utara,Tanah Longsor,1.0,0,Data DIBI BNPB (Raw Recovered)
2017,Sulawesi Tenggara,Banjir,1.0,25,Data DIBI BNPB (Raw Recovered)
2017,Sulawesi Selatan,Tanah Longsor,1.0,0,Data DIBI BNPB (Raw Recovered)
2017,Sulawesi Barat,Banjir,1.0,103,Data DIBI BNPB (Raw Recovered)
2017,Sulawesi Barat,Banjir,1.0,23,Data DIBI BNPB (Raw Recovered)
2017,Sulawesi Utara,Banjir,1.0,8201,Data DIBI BNPB (Raw Recovered)
2017,Sulawesi Utara,Banjir,1.0,0,Data DIBI BNPB (Raw Recovered)
2017,Sulawesi Utara,Tanah Longsor,1.0,775,Data DIBI BNPB (Raw Recovered)
2017,Sulawesi Utara,Banjir,1.0,10611,Data DIBI BNPB (Raw Recovered)
2017,Sulawesi Selatan,Banjir,1.0,0,Data DIBI BNPB (Raw Recovered)
2017,Sulawesi Selatan,Banjir,1.0,13,Data DIBI BNPB (Raw Recovered)
2017,Sulawesi Utara,Tanah Longsor,1.0,363,Data DIBI BNPB (Raw Recovered)
2017,Sulawesi Barat,Banjir,1.0,0,Data DIBI BNPB (Raw Recovered)
2017,Sulawesi Utara,Banjir,1.0,0,Data DIBI BNPB (Raw Recovered)
2017,Sulawesi Utara,Banjir,1.0,5000,Data DIBI BNPB (Raw Recovered)
2017,Sulawesi Utara,Banjir,1.0,988,Data DIBI BNPB (Raw Recovered)
2017,Sulawesi Selatan,Banjir,1.0,783,Data DIBI BNPB (Raw Recovered)
2017,Sulawesi Selatan,Banjir,1.0,0,Data DIBI BNPB (Raw Recovered)
2016,Sulawesi Utara,Banjir,1.0,0,Data DIBI BNPB (Raw Recovered)
2016,Sulawesi Utara,Tanah Longsor,1.0,0,Data DIBI BNPB (Raw Recovered)
2016,Sulawesi Utara,Tanah Longsor,1.0,0,Data DIBI BNPB (Raw Recovered)
2016,Sulawesi Selatan,Banjir,1.0,0,Data DIBI BNPB (Raw Recovered)
2016,Sulawesi Selatan,Tanah Longsor,1.0,6,Data DIBI BNPB (Raw Recovered)
2016,Sulawesi Selatan,Banjir,1.0,11,Data DIBI BNPB (Raw Recovered)
2016,Sulawesi Selatan,Tanah Longsor,1.0,0,Data DIBI BNPB (Raw Recovered)
2016,Sulawesi Selatan,Banjir,1.0,0,Data DIBI BNPB (Raw Recovered)
2016,Sulawesi Selatan,Tanah Longsor,1.0,13,Data DIBI BNPB (Raw Recovered)
2016,Sulawesi Selatan,Banjir,1.0,0,Data DIBI BNPB (Raw Recovered)
2016,Sulawesi Selatan,Banjir,1.0,714,Data DIBI BNPB (Raw Recovered)
2016,Sulawesi Selatan,Banjir,1.0,0,Data DIBI BNPB (Raw Recovered)
2016,Sulawesi Selatan,Tanah Longsor,1.0,164,Data DIBI BNPB (Raw Recovered)
2016,Sulawesi Selatan,Banjir,1.0,12626,Data DIBI BNPB (Raw Recovered)
2016,Sulawesi Selatan,Tanah Longsor,1.0,8,Data DIBI BNPB (Raw Recovered)
2016,Sulawesi Selatan,Tanah Longsor,1.0,165,Data DIBI BNPB (Raw Recovered)
2016,Sulawesi Selatan,Banjir,1.0,0,Data DIBI BNPB (Raw Recovered)
2016,Sulawesi Selatan,Tanah Longsor,1.0,151,Data DIBI BNPB (Raw Recovered)
2016,Sulawesi Barat,Banjir,1.0,0,Data DIBI BNPB (Raw Recovered)
2016,Sulawesi Selatan,Banjir,1.0,5000,Data DIBI BNPB (Raw Recovered)
2016,Sulawesi Selatan,Banjir,1.0,20,Data DIBI BNPB (Raw Recovered)
2016,Sulawesi Tengah,Banjir,1.0,237,Data DIBI BNPB (Raw Recovered)
2016,Sulawesi Utara,Banjir,1.0,0,Data DIBI BNPB (Raw Recovered)
2016,Sulawesi Tengah,Banjir,1.0,0,Data DIBI BNPB (Raw Recovered)
2016,Sulawesi Tengah,Banjir,1.0,8,Data DIBI BNPB (Raw Recovered)
2016,Sulawesi Barat,Banjir,1.0,0,Data DIBI BNPB (Raw Recovered)
2016,Sulawesi Barat,Banjir,1.0,5,Data DIBI BNPB (Raw Recovered)
2016,Sulawesi Tengah,Banjir,1.0,0,Data DIBI BNPB (Raw Recovered)
2016,Sulawesi Selatan,Banjir,1.0,0,Data DIBI BNPB (Raw Recovered)
2016,Sulawesi Utara,Banjir,1.0,8315,Data DIBI BNPB (Raw Recovered)
2016,Sulawesi Selatan,Banjir,1.0,4,Data DIBI BNPB (Raw Recovered)
2016,Sulawesi Tenggara,Banjir,1.0,0,Data DIBI BNPB (Raw Recovered)
2016,Sulawesi Selatan,Banjir,1.0,910,Data DIBI BNPB (Raw Recovered)
2016,Sulawesi Tenggara,Banjir,1.0,1354,Data DIBI BNPB (Raw Recovered)
2016,Sulawesi Selatan,Banjir,1.0,0,Data DIBI BNPB (Raw Recovered)
2016,Sulawesi Barat,Banjir,1.0,7,Data DIBI BNPB (Raw Recovered)
2016,Sulawesi Utara,Banjir,1.0,920,Data DIBI BNPB (Raw Recovered)
2016,Sulawesi Utara,Banjir,1.0,2380,Data DIBI BNPB (Raw Recovered)
2016,Sulawesi Utara,Banjir,1.0,23,Data DIBI BNPB (Raw Recovered)
2016,Sulawesi Utara,Tanah Longsor,1.0,0,Data DIBI BNPB (Raw Recovered)
2016,Sulawesi Utara,Tanah Longsor,1.0,0,Data DIBI BNPB (Raw Recovered)
2016,Sulawesi Selatan,Banjir,1.0,60,Data DIBI BNPB (Raw Recovered)
2016,Sulawesi Selatan,Banjir,1.0,0,Data DIBI BNPB (Raw Recovered)
2016,Sulawesi Selatan,Banjir,1.0,15,Data DIBI BNPB (Raw Recovered)
2016,Sulawesi Selatan,Banjir,1.0,0,Data DIBI BNPB (Raw Recovered)
2016,Sulawesi Tengah,Banjir,1.0,45,Data DIBI BNPB (Raw Recovered)
2016,Sulawesi Selatan,Banjir,1.0,85000,Data DIBI BNPB (Raw Recovered)
2016,Sulawesi Tengah,Banjir,1.0,780,Data DIBI BNPB (Raw Recovered)
2016,Sulawesi Tengah,Banjir,1.0,0,Data DIBI BNPB (Raw Recovered)
2016,Sulawesi Tengah,Banjir,1.0,35,Data DIBI BNPB (Raw Recovered)
2016,Sulawesi Tengah,Banjir,1.0,0,Data DIBI BNPB (Raw Recovered)
2016,Sulawesi Selatan,Banjir,1.0,1675,Data DIBI BNPB (Raw Recovered)
2016,Sulawesi Selatan,Banjir,1.0,850,Data DIBI BNPB (Raw Recovered)
2016,Sulawesi Selatan,Tanah Longsor,1.0,0,Data DIBI BNPB (Raw Recovered)
2016,Sulawesi Barat,Banjir,1.0,922,Data DIBI BNPB (Raw Recovered)
2016,Sulawesi Selatan,Banjir,1.0,0,Data DIBI BNPB (Raw Recovered)
2016,Sulawesi Selatan,Banjir,1.0,0,Data DIBI BNPB (Raw Recovered)
2016,Sulawesi Tenggara,Banjir,1.0,0,Data DIBI BNPB (Raw Recovered)
2016,Sulawesi Tenggara,Banjir,1.0,0,Data DIBI BNPB (Raw Recovered)
2016,Sulawesi Selatan,Banjir,1.0,0,Data DIBI BNPB (Raw Recovered)
2016,Sulawesi Selatan,Tanah Longsor,1.0,935,Data DIBI BNPB (Raw Recovered)
2016,Sulawesi Selatan,Banjir,1.0,500,Data DIBI BNPB (Raw Recovered)
2016,Sulawesi Selatan,Banjir,1.0,13093,Data DIBI BNPB (Raw Recovered)
2016,Sulawesi Tenggara,Banjir,1.0,0,Data DIBI BNPB (Raw Recovered)
2016,Sulawesi Selatan,Banjir,1.0,0,Data DIBI BNPB (Raw Recovered)
2016,Sulawesi Barat,Banjir,1.0,0,Data DIBI BNPB (Raw Recovered)
2016,Sulawesi Selatan,Banjir,1.0,0,Data DIBI BNPB (Raw Recovered)
2016,Sulawesi Selatan,Tanah Longsor,1.0,0,Data DIBI BNPB (Raw Recovered)
2016,Sulawesi Tenggara,Banjir,1.0,0,Data DIBI BNPB (Raw Recovered)
2016,Sulawesi Utara,Banjir,1.0,0,Data DIBI BNPB (Raw Recovered)
2016,Sulawesi Utara,Tanah Longsor,1.0,0,Data DIBI BNPB (Raw Recovered)
2016,Sulawesi Tengah,Banjir,1.0,250,Data DIBI BNPB (Raw Recovered)
2016,Sulawesi Selatan,Banjir,1.0,575,Data DIBI BNPB (Raw Recovered)
2015,Sulawesi Selatan,Banjir,1.0,0,Data DIBI BNPB (Raw Recovered)
2015,Sulawesi Tengah,Banjir,1.0,2162,Data DIBI BNPB (Raw Recovered)
2015,Sulawesi Barat,Banjir,1.0,0,Data DIBI BNPB (Raw Recovered)
2015,Sulawesi Utara,Banjir,1.0,338,Data DIBI BNPB (Raw Recovered)
2015,Sulawesi Tengah,Banjir,1.0,2158,Data DIBI BNPB (Raw Recovered)
2015,Sulawesi Tengah,Banjir,1.0,1080,Data DIBI BNPB (Raw Recovered)
2015,Sulawesi Utara,Tanah Longsor,1.0,0,Data DIBI BNPB (Raw Recovered)
2015,Sulawesi Tengah,Tanah Longsor,1.0,0,Data DIBI BNPB (Raw Recovered)
2015,Sulawesi Selatan,Banjir,1.0,0,Data DIBI BNPB (Raw Recovered)
2015,Sulawesi Tengah,Banjir,1.0,3351,Data DIBI BNPB (Raw Recovered)
2015,Sulawesi Selatan,Tanah Longsor,1.0,30,Data DIBI BNPB (Raw Recovered)
2015,Sulawesi Selatan,Banjir,1.0,0,Data DIBI BNPB (Raw Recovered)
2015,Sulawesi Selatan,Banjir,1.0,53,Data DIBI BNPB (Raw Recovered)
2015,Sulawesi Selatan,Banjir,1.0,0,Data DIBI BNPB (Raw Recovered)
2015,Sulawesi Tengah,Banjir,1.0,0,Data DIBI BNPB (Raw Recovered)
2015,Sulawesi Selatan,Banjir,1.0,0,Data DIBI BNPB (Raw Recovered)
2015,Sulawesi Utara,Banjir,1.0,1000,Data DIBI BNPB (Raw Recovered)
2015,Sulawesi Selatan,Tanah Longsor,1.0,50,Data DIBI BNPB (Raw Recovered)
2015,Sulawesi Tenggara,Banjir,1.0,349,Data DIBI BNPB (Raw Recovered)
2015,Sulawesi Tengah,Banjir,1.0,375,Data DIBI BNPB (Raw Recovered)
2015,Sulawesi Tengah,Banjir,1.0,0,Data DIBI BNPB (Raw Recovered)
2015,Sulawesi Tengah,Banjir,1.0,4335,Data DIBI BNPB (Raw Recovered)
2015,Sulawesi Tenggara,Banjir,1.0,0,Data DIBI BNPB (Raw Recovered)
2015,Sulawesi Selatan,Tanah Longsor,1.0,0,Data DIBI BNPB (Raw Recovered)
2015,Sulawesi Selatan,Banjir,1.0,6578,Data DIBI BNPB (Raw Recovered)
2015,Sulawesi Selatan,Tanah Longsor,1.0,0,Data DIBI BNPB (Raw Recovered)
2015,Sulawesi Tengah,Banjir,1.0,0,Data DIBI BNPB (Raw Recovered)
2015,Sulawesi Tenggara,Banjir,1.0,0,Data DIBI BNPB (Raw Recovered)
2015,Sulawesi Utara,Banjir,1.0,0,Data DIBI BNPB (Raw Recovered)
2015,Sulawesi Utara,Banjir,1.0,1960,Data DIBI BNPB (Raw Recovered)
2015,Sulawesi Utara,Banjir,1.0,560,Data DIBI BNPB (Raw Recovered)
2015,Sulawesi Selatan,Tanah Longsor,1.0,50,Data DIBI BNPB (Raw Recovered)
2015,Sulawesi Selatan,Tanah Longsor,1.0,39,Data DIBI BNPB (Raw Recovered)
2015,Sulawesi Selatan,Banjir,1.0,6129,Data DIBI BNPB (Raw Recovered)
2015,Sulawesi Barat,Banjir,1.0,22,Data DIBI BNPB (Raw Recovered)
2015,Sulawesi Utara,Tanah Longsor,1.0,125,Data DIBI BNPB (Raw Recovered)
2015,Sulawesi Utara,Tanah Longsor,1.0,0,Data DIBI BNPB (Raw Recovered)
2015,Sulawesi Utara,Banjir,1.0,4031,Data DIBI BNPB (Raw Recovered)
2015,Sulawesi Tengah,Banjir,1.0,0,Data DIBI BNPB (Raw Recovered)
2015,Sulawesi Tengah,Banjir,1.0,0,Data DIBI BNPB (Raw Recovered)
2015,Sulawesi Utara,Tanah Longsor,1.0,27,Data DIBI BNPB (Raw Recovered)
2015,Sulawesi Utara,Banjir,1.0,0,Data DIBI BNPB (Raw Recovered)
2015,Sulawesi Selatan,Banjir,1.0,0,Data DIBI BNPB (Raw Recovered)
2015,Sulawesi Selatan,Banjir,1.0,770,Data DIBI BNPB (Raw Recovered)
2015,Sulawesi Selatan,Banjir,1.0,2085,Data DIBI BNPB (Raw Recovered)
2015,Sulawesi Selatan,Banjir,1.0,350,Data DIBI BNPB (Raw Recovered)
2015,Sulawesi Selatan,Banjir,1.0,0,Data DIBI BNPB (Raw Recovered)
2015,Sulawesi Selatan,Banjir,1.0,3484,Data DIBI BNPB (Raw Recovered)
2015,Sulawesi Selatan,Tanah Longsor,1.0,0,Data DIBI BNPB (Raw Recovered)
