provinsi,kabupaten,tahun,sektor_nama,nilai_miliar_rp,pct_dari_total
Sulawesi Tengah,Banggai Kepulauan,2016,"Pertanian, Kehutanan, dan Perikanan",1475.74,24.61835658531947
Sulawesi Tengah,Banggai Kepulauan,2016,Pertambangan dan Penggalian,27.66,0.4614252803000099
Sulawesi Tengah,Banggai Kepulauan,2016,Industri Pengolahan,75.72,1.2631642163527386
Sulawesi Tengah,Banggai Kepulauan,2016,Pengadaan Listrik dan Gas,0.34,0.005671894262545314
Sulawesi Tengah,Banggai Kepulauan,2016,"Pengadaan Air, Pengelolaan Sampah, Limbah dan Daur Ulang",3.25,0.05421663633315373
Sulawesi Tengah,Banggai Kepulauan,2016,Konstruksi,75.35,1.2569918608317334
Sulawesi Tengah,Banggai Kepulauan,2016,Perdagangan Besar dan Eceran; Reparasi Mobil dan Sepeda Motor,579.8,9.672247921834625
Sulawesi Tengah,Banggai Kepulauan,2016,Transportasi dan Pergudangan,94.25,1.5722824536614581
Sulawesi Tengah,Banggai Kepulauan,2016,Penyediaan Akomodasi dan Makan Minum,12.22,0.20385455261265803
Sulawesi Tengah,Banggai Kepulauan,2016,Informasi dan Komunikasi,90.04,1.5020510570575885
Sulawesi Tengah,Banggai Kepulauan,2016,Jasa Keuangan dan Asuransi,63.67,1.0621456108713532
Sulawesi Tengah,Banggai Kepulauan,2016,Real Estate,53.22,0.8878182725078281
Sulawesi Tengah,Banggai Kepulauan,2016,Jasa Perusahaan,2.61,0.043540129486009604
Sulawesi Tengah,Banggai Kepulauan,2016,"Administrasi Pemerintahan, Pertahanan dan Jaminan Sosial Wajib",161.28,2.690479725480318
Sulawesi Tengah,Banggai Kepulauan,2016,Jasa Pendidikan,170.62,2.8462899972808273
Sulawesi Tengah,Banggai Kepulauan,2016,Jasa Kesehatan dan Kegiatan Sosial,68.21,1.1378820813182817
Sulawesi Tengah,Banggai Kepulauan,2016,Jasa Lainnya,43.26,0.7216651346991477
Sulawesi Tengah,Banggai Kepulauan,2016,PRODUK DOMESTIK BRUTO,2997.23,49.99991658979026
Sulawesi Tengah,Banggai Kepulauan,2017,"Pertanian, Kehutanan, dan Perikanan",1615.67,24.48177735215502
Sulawesi Tengah,Banggai Kepulauan,2017,Pertambangan dan Penggalian,31.52,0.47761338772145684
Sulawesi Tengah,Banggai Kepulauan,2017,Industri Pengolahan,83.55,1.2660088370598894
Sulawesi Tengah,Banggai Kepulauan,2017,Pengadaan Listrik dan Gas,0.41,0.006212610690539255
Sulawesi Tengah,Banggai Kepulauan,2017,"Pengadaan Air, Pengelolaan Sampah, Limbah dan Daur Ulang",3.64,0.05515586076478753
Sulawesi Tengah,Banggai Kepulauan,2017,Konstruksi,85.96,1.3025268657530593
Sulawesi Tengah,Banggai Kepulauan,2017,Perdagangan Besar dan Eceran; Reparasi Mobil dan Sepeda Motor,639.06,9.683490214380527
Sulawesi Tengah,Banggai Kepulauan,2017,Transportasi dan Pergudangan,102.65,1.555425578985011
Sulawesi Tengah,Banggai Kepulauan,2017,Penyediaan Akomodasi dan Makan Minum,13.45,0.20380393606769018
Sulawesi Tengah,Banggai Kepulauan,2017,Informasi dan Komunikasi,98.4,1.4910265657294213
Sulawesi Tengah,Banggai Kepulauan,2017,Jasa Keuangan dan Asuransi,74.34,1.126452387157776
Sulawesi Tengah,Banggai Kepulauan,2017,Real Estate,57.31,0.8684017528653774
Sulawesi Tengah,Banggai Kepulauan,2017,Jasa Perusahaan,2.76,0.04182147684363011
Sulawesi Tengah,Banggai Kepulauan,2017,"Administrasi Pemerintahan, Pertahanan dan Jaminan Sosial Wajib",175.3,2.6562698879305646
Sulawesi Tengah,Banggai Kepulauan,2017,Jasa Pendidikan,189.67,2.8740143162794647
Sulawesi Tengah,Banggai Kepulauan,2017,Jasa Kesehatan dan Kegiatan Sosial,78.03,1.1823658833726296
Sulawesi Tengah,Banggai Kepulauan,2017,Jasa Lainnya,48.02,0.7276330862431586
Sulawesi Tengah,Banggai Kepulauan,2017,PRODUK DOMESTIK BRUTO,3299.74,50.0
Sulawesi Tengah,Banggai Kepulauan,2018,"Pertanian, Kehutanan, dan Perikanan",1767.97,24.541675053269387
Sulawesi Tengah,Banggai Kepulauan,2018,Pertambangan dan Penggalian,32.36,0.4491980094253846
Sulawesi Tengah,Banggai Kepulauan,2018,Industri Pengolahan,91.81,1.2744397170996469
Sulawesi Tengah,Banggai Kepulauan,2018,Pengadaan Listrik dan Gas,0.5,0.006940636734013978
Sulawesi Tengah,Banggai Kepulauan,2018,"Pengadaan Air, Pengelolaan Sampah, Limbah dan Daur Ulang",4.12,0.05719084668827518
Sulawesi Tengah,Banggai Kepulauan,2018,Konstruksi,96.42,1.3384323877872557
Sulawesi Tengah,Banggai Kepulauan,2018,Perdagangan Besar dan Eceran; Reparasi Mobil dan Sepeda Motor,683.88,9.49312529931496
Sulawesi Tengah,Banggai Kepulauan,2018,Transportasi dan Pergudangan,110.23,1.5301327743807218
Sulawesi Tengah,Banggai Kepulauan,2018,Penyediaan Akomodasi dan Makan Minum,15.45,0.21446567508103193
Sulawesi Tengah,Banggai Kepulauan,2018,Informasi dan Komunikasi,109.95,1.526246017809674
Sulawesi Tengah,Banggai Kepulauan,2018,Jasa Keuangan dan Asuransi,84.24,1.1693584769466752
Sulawesi Tengah,Banggai Kepulauan,2018,Real Estate,61.95,0.859944891344332
Sulawesi Tengah,Banggai Kepulauan,2018,Jasa Perusahaan,3.52,0.04886208260745841
Sulawesi Tengah,Banggai Kepulauan,2018,"Administrasi Pemerintahan, Pertahanan dan Jaminan Sosial Wajib",194.65,2.7019898805516416
Sulawesi Tengah,Banggai Kepulauan,2018,Jasa Pendidikan,201.69,2.799714045766559
Sulawesi Tengah,Banggai Kepulauan,2018,Jasa Kesehatan dan Kegiatan Sosial,89.04,1.2359885895932092
Sulawesi Tengah,Banggai Kepulauan,2018,Jasa Lainnya,54.2,0.7523650219671153
Sulawesi Tengah,Banggai Kepulauan,2018,PRODUK DOMESTIK BRUTO,3601.97,49.999930593632655
Sulawesi Tengah,Banggai Kepulauan,2019,"Pertanian, Kehutanan, dan Perikanan",1843.33,23.84234019243778
Sulawesi Tengah,Banggai Kepulauan,2019,Pertambangan dan Penggalian,38.56,0.4987498916745243
Sulawesi Tengah,Banggai Kepulauan,2019,Industri Pengolahan,101.01,1.306502244762544
Sulawesi Tengah,Banggai Kepulauan,2019,Pengadaan Listrik dan Gas,0.54,0.006984567985068546
Sulawesi Tengah,Banggai Kepulauan,2019,"Pengadaan Air, Pengelolaan Sampah, Limbah dan Daur Ulang",4.34,0.056135231583699055
Sulawesi Tengah,Banggai Kepulauan,2019,Konstruksi,117.84,1.5241879469638473
Sulawesi Tengah,Banggai Kepulauan,2019,Perdagangan Besar dan Eceran; Reparasi Mobil dan Sepeda Motor,755.05,9.766107513196307
Sulawesi Tengah,Banggai Kepulauan,2019,Transportasi dan Pergudangan,123.05,1.5915760936346008
Sulawesi Tengah,Banggai Kepulauan,2019,Penyediaan Akomodasi dan Makan Minum,16.65,0.2153575128729468
Sulawesi Tengah,Banggai Kepulauan,2019,Informasi dan Komunikasi,119.66,1.5477285279505597
Sulawesi Tengah,Banggai Kepulauan,2019,Jasa Keuangan dan Asuransi,90.75,1.1737954530462418
Sulawesi Tengah,Banggai Kepulauan,2019,Real Estate,66.95,0.8659570862969244
Sulawesi Tengah,Banggai Kepulauan,2019,Jasa Perusahaan,3.71,0.04798656893445242
Sulawesi Tengah,Banggai Kepulauan,2019,"Administrasi Pemerintahan, Pertahanan dan Jaminan Sosial Wajib",213.98,2.767699736009199
Sulawesi Tengah,Banggai Kepulauan,2019,Jasa Pendidikan,208.44,2.696043242236459
Sulawesi Tengah,Banggai Kepulauan,2019,Jasa Kesehatan dan Kegiatan Sosial,103.93,1.3442706494225445
Sulawesi Tengah,Banggai Kepulauan,2019,Jasa Lainnya,57.87,0.7485128690665125
Sulawesi Tengah,Banggai Kepulauan,2019,PRODUK DOMESTIK BRUTO,3865.67,50.00006467192579
Sulawesi Tengah,Banggai Kepulauan,2020,"Pertanian, Kehutanan, dan Perikanan",1836.92,23.958440664083337
Sulawesi Tengah,Banggai Kepulauan,2020,Pertambangan dan Penggalian,32.48,0.42362767718214545
Sulawesi Tengah,Banggai Kepulauan,2020,Industri Pengolahan,104.86,1.3676600440061508
Sulawesi Tengah,Banggai Kepulauan,2020,Pengadaan Listrik dan Gas,0.61,0.007956061671216404
Sulawesi Tengah,Banggai Kepulauan,2020,"Pengadaan Air, Pengelolaan Sampah, Limbah dan Daur Ulang",4.51,0.05882268547079668
Sulawesi Tengah,Banggai Kepulauan,2020,Konstruksi,102.98,1.3431397227899429
Sulawesi Tengah,Banggai Kepulauan,2020,Perdagangan Besar dan Eceran; Reparasi Mobil dan Sepeda Motor,727.22,9.48492978449507
Sulawesi Tengah,Banggai Kepulauan,2020,Transportasi dan Pergudangan,101.27,1.3208366646624345
Sulawesi Tengah,Banggai Kepulauan,2020,Penyediaan Akomodasi dan Makan Minum,15.86,0.2068576034516265
Sulawesi Tengah,Banggai Kepulauan,2020,Informasi dan Komunikasi,128.42,1.6749466226518201
Sulawesi Tengah,Banggai Kepulauan,2020,Jasa Keuangan dan Asuransi,103.06,1.344183140714037
Sulawesi Tengah,Banggai Kepulauan,2020,Real Estate,68.49,0.8932961702649367
Sulawesi Tengah,Banggai Kepulauan,2020,Jasa Perusahaan,3.82,0.04982320587548632
Sulawesi Tengah,Banggai Kepulauan,2020,"Administrasi Pemerintahan, Pertahanan dan Jaminan Sosial Wajib",218.31,2.84735708761189
Sulawesi Tengah,Banggai Kepulauan,2020,Jasa Pendidikan,212.78,2.7752308236088954
Sulawesi Tengah,Banggai Kepulauan,2020,Jasa Kesehatan dan Kegiatan Sosial,113.05,1.4744799539852693
Sulawesi Tengah,Banggai Kepulauan,2020,Jasa Lainnya,58.92,0.7684773010951975
Sulawesi Tengah,Banggai Kepulauan,2020,PRODUK DOMESTIK BRUTO,3833.55,49.99993478637974
Sulawesi Tengah,Banggai Kepulauan,2021,"Pertanian, Kehutanan, dan Perikanan",1958.21,23.706511448847607
Sulawesi Tengah,Banggai Kepulauan,2021,Pertambangan dan Penggalian,34.23,0.41439574248627753
Sulawesi Tengah,Banggai Kepulauan,2021,Industri Pengolahan,110.76,1.3408843832246597
Sulawesi Tengah,Banggai Kepulauan,2021,Pengadaan Listrik dan Gas,0.64,0.007747977656769431
Sulawesi Tengah,Banggai Kepulauan,2021,"Pengadaan Air, Pengelolaan Sampah, Limbah dan Daur Ulang",4.82,0.058351956727544785
Sulawesi Tengah,Banggai Kepulauan,2021,Konstruksi,107.76,1.304565737958553
Sulawesi Tengah,Banggai Kepulauan,2021,Perdagangan Besar dan Eceran; Reparasi Mobil dan Sepeda Motor,812.59,9.837389318928551
Sulawesi Tengah,Banggai Kepulauan,2021,Transportasi dan Pergudangan,107.69,1.3037183029023438
Sulawesi Tengah,Banggai Kepulauan,2021,Penyediaan Akomodasi dan Makan Minum,18.08,0.2188803688037364
Sulawesi Tengah,Banggai Kepulauan,2021,Informasi dan Komunikasi,140.48,1.70068109566089
Sulawesi Tengah,Banggai Kepulauan,2021,Jasa Keuangan dan Asuransi,124.48,1.5069816542416543
Sulawesi Tengah,Banggai Kepulauan,2021,Real Estate,70.71,0.8560304689221352
Sulawesi Tengah,Banggai Kepulauan,2021,Jasa Perusahaan,3.94,0.04769848744948681
Sulawesi Tengah,Banggai Kepulauan,2021,"Administrasi Pemerintahan, Pertahanan dan Jaminan Sosial Wajib",229.92,2.7834609731944178
Sulawesi Tengah,Banggai Kepulauan,2021,Jasa Pendidikan,216.68,2.6231746854200004
Sulawesi Tengah,Banggai Kepulauan,2021,Jasa Kesehatan dan Kegiatan Sosial,126.41,1.5303466493628495
Sulawesi Tengah,Banggai Kepulauan,2021,Jasa Lainnya,62.7,0.7590596860616303
Sulawesi Tengah,Banggai Kepulauan,2021,PRODUK DOMESTIK BRUTO,4130.12,50.00012106215088
Sulawesi Tengah,Banggai Kepulauan,2022,"Pertanian, Kehutanan, dan Perikanan",2190.23,23.96947550664399
Sulawesi Tengah,Banggai Kepulauan,2022,Pertambangan dan Penggalian,38.47,0.42100862591627103
Sulawesi Tengah,Banggai Kepulauan,2022,Industri Pengolahan,119.79,1.3109597946064495
Sulawesi Tengah,Banggai Kepulauan,2022,Pengadaan Listrik dan Gas,0.71,0.007770109810256108
Sulawesi Tengah,Banggai Kepulauan,2022,"Pengadaan Air, Pengelolaan Sampah, Limbah dan Daur Ulang",5.16,0.056470093832283824
Sulawesi Tengah,Banggai Kepulauan,2022,Konstruksi,115.57,1.2647768884102792
Sulawesi Tengah,Banggai Kepulauan,2022,Perdagangan Besar dan Eceran; Reparasi Mobil dan Sepeda Motor,909.4,9.952306847108314
Sulawesi Tengah,Banggai Kepulauan,2022,Transportasi dan Pergudangan,123.88,1.3557200046401783
Sulawesi Tengah,Banggai Kepulauan,2022,Penyediaan Akomodasi dan Makan Minum,19.64,0.21493655869497175
Sulawesi Tengah,Banggai Kepulauan,2022,Informasi dan Komunikasi,149.28,1.633692947147932
Sulawesi Tengah,Banggai Kepulauan,2022,Jasa Keuangan dan Asuransi,141.21,1.5453763469102324
Sulawesi Tengah,Banggai Kepulauan,2022,Real Estate,76.54,0.8376397251788767
Sulawesi Tengah,Banggai Kepulauan,2022,Jasa Perusahaan,4.33,0.04738672602592809
Sulawesi Tengah,Banggai Kepulauan,2022,"Administrasi Pemerintahan, Pertahanan dan Jaminan Sosial Wajib",243.92,2.6694157534051683
Sulawesi Tengah,Banggai Kepulauan,2022,Jasa Pendidikan,227.71,2.492016485765378
Sulawesi Tengah,Banggai Kepulauan,2022,Jasa Kesehatan dan Kegiatan Sosial,135.92,1.487483556915507
Sulawesi Tengah,Banggai Kepulauan,2022,Jasa Lainnya,67.03,0.7335640289879816
Sulawesi Tengah,Banggai Kepulauan,2022,PRODUK DOMESTIK BRUTO,4568.79,50.0
Sulawesi Tengah,Banggai Kepulauan,2023,"Pertanian, Kehutanan, dan Perikanan",2365.55,23.996100652663916
Sulawesi Tengah,Banggai Kepulauan,2023,Pertambangan dan Penggalian,44.01,0.4464367228440484
Sulawesi Tengah,Banggai Kepulauan,2023,Industri Pengolahan,122.93,1.2469999168193338
Sulawesi Tengah,Banggai Kepulauan,2023,Pengadaan Listrik dan Gas,0.75,0.007607987778528434
Sulawesi Tengah,Banggai Kepulauan,2023,"Pengadaan Air, Pengelolaan Sampah, Limbah dan Daur Ulang",5.41,0.05487895184245176
Sulawesi Tengah,Banggai Kepulauan,2023,Konstruksi,124.85,1.2664763655323663
Sulawesi Tengah,Banggai Kepulauan,2023,Perdagangan Besar dan Eceran; Reparasi Mobil dan Sepeda Motor,997.05,10.114058952775698
Sulawesi Tengah,Banggai Kepulauan,2023,Transportasi dan Pergudangan,132.74,1.3465123969624857
Sulawesi Tengah,Banggai Kepulauan,2023,Penyediaan Akomodasi dan Makan Minum,21.43,0.21738557079181908
Sulawesi Tengah,Banggai Kepulauan,2023,Informasi dan Komunikasi,159.5,1.6179654009003799
Sulawesi Tengah,Banggai Kepulauan,2023,Jasa Keuangan dan Asuransi,144.09,1.4616466120108826
Sulawesi Tengah,Banggai Kepulauan,2023,Real Estate,86.81,0.8805992254054044
Sulawesi Tengah,Banggai Kepulauan,2023,Jasa Perusahaan,4.71,0.04777816324915855
Sulawesi Tengah,Banggai Kepulauan,2023,"Administrasi Pemerintahan, Pertahanan dan Jaminan Sosial Wajib",256.34,2.600308782863971
Sulawesi Tengah,Banggai Kepulauan,2023,Jasa Pendidikan,241.38,2.4485547866415907
Sulawesi Tengah,Banggai Kepulauan,2023,Jasa Kesehatan dan Kegiatan Sosial,149.11,1.5125694102084997
Sulawesi Tengah,Banggai Kepulauan,2023,Jasa Lainnya,72.37,0.7341201007094703
Sulawesi Tengah,Banggai Kepulauan,2023,PRODUK DOMESTIK BRUTO,4929.03,50.0
Sulawesi Tengah,Banggai Kepulauan,2024,"Pertanian, Kehutanan, dan Perikanan",2527.87,23.50492438612543
Sulawesi Tengah,Banggai Kepulauan,2024,Pertambangan dan Penggalian,50.72,0.4716103932814116
Sulawesi Tengah,Banggai Kepulauan,2024,Industri Pengolahan,132.45,1.2315614469661467
Sulawesi Tengah,Banggai Kepulauan,2024,Pengadaan Listrik dan Gas,0.8,0.007438649736299868
Sulawesi Tengah,Banggai Kepulauan,2024,"Pengadaan Air, Pengelolaan Sampah, Limbah dan Daur Ulang",5.96,0.05541794053543401
Sulawesi Tengah,Banggai Kepulauan,2024,Konstruksi,138.79,1.290512746126323
Sulawesi Tengah,Banggai Kepulauan,2024,Perdagangan Besar dan Eceran; Reparasi Mobil dan Sepeda Motor,1150.02,10.693244962174466
Sulawesi Tengah,Banggai Kepulauan,2024,Transportasi dan Pergudangan,143.25,1.331983218406195
Sulawesi Tengah,Banggai Kepulauan,2024,Penyediaan Akomodasi dan Makan Minum,22.93,0.21321029806669495
Sulawesi Tengah,Banggai Kepulauan,2024,Informasi dan Komunikasi,168.03,1.5623953939880835
Sulawesi Tengah,Banggai Kepulauan,2024,Jasa Keuangan dan Asuransi,157.96,1.4687613904324088
Sulawesi Tengah,Banggai Kepulauan,2024,Real Estate,97.93,0.9105837108448076
Sulawesi Tengah,Banggai Kepulauan,2024,Jasa Perusahaan,5.08,0.047235425825504156
Sulawesi Tengah,Banggai Kepulauan,2024,"Administrasi Pemerintahan, Pertahanan dan Jaminan Sosial Wajib",276.93,2.574981589341903
Sulawesi Tengah,Banggai Kepulauan,2024,Jasa Pendidikan,259.92,2.416817299323827
Sulawesi Tengah,Banggai Kepulauan,2024,Jasa Kesehatan dan Kegiatan Sosial,158.73,1.4759210908035973
Sulawesi Tengah,Banggai Kepulauan,2024,Jasa Lainnya,79.95,0.743400058021468
Sulawesi Tengah,Banggai Kepulauan,2024,PRODUK DOMESTIK BRUTO,5377.32,50.0
Sulawesi Tengah,Banggai,2016,"Pertanian, Kehutanan, dan Perikanan",5010.67,11.99914173306222
Sulawesi Tengah,Banggai,2016,Pertambangan dan Penggalian,4220.46,10.106811607772967
Sulawesi Tengah,Banggai,2016,Industri Pengolahan,5447.32,13.044795355779662
Sulawesi Tengah,Banggai,2016,Pengadaan Listrik dan Gas,2.73,0.006537580190126242
Sulawesi Tengah,Banggai,2016,"Pengadaan Air, Pengelolaan Sampah, Limbah dan Daur Ulang",10.27,0.02459375404857015
Sulawesi Tengah,Banggai,2016,Konstruksi,1758.59,4.21132715990993
Sulawesi Tengah,Banggai,2016,Perdagangan Besar dan Eceran; Reparasi Mobil dan Sepeda Motor,1040.34,2.491320943221954
Sulawesi Tengah,Banggai,2016,Transportasi dan Pergudangan,608.78,1.4578564352179684
Sulawesi Tengah,Banggai,2016,Penyediaan Akomodasi dan Makan Minum,71.52,0.17127023267319738
Sulawesi Tengah,Banggai,2016,Informasi dan Komunikasi,444.1,1.0634942719542362
Sulawesi Tengah,Banggai,2016,Jasa Keuangan dan Asuransi,414.93,0.993640347358638
Sulawesi Tengah,Banggai,2016,Real Estate,329.35,0.7887003793472813
Sulawesi Tengah,Banggai,2016,Jasa Perusahaan,17.22,0.04123704427618091
Sulawesi Tengah,Banggai,2016,"Administrasi Pemerintahan, Pertahanan dan Jaminan Sosial Wajib",666.87,1.5969656049045742
Sulawesi Tengah,Banggai,2016,Jasa Pendidikan,592.93,1.4199001546269423
Sulawesi Tengah,Banggai,2016,Jasa Kesehatan dan Kegiatan Sosial,137.53,0.3293455690652242
Sulawesi Tengah,Banggai,2016,Jasa Lainnya,105.68,0.2530738001804181
Sulawesi Tengah,Banggai,2016,PRODUK DOMESTIK BRUTO,20879.28,49.99998802640991
Sulawesi Tengah,Banggai,2017,"Pertanian, Kehutanan, dan Perikanan",5475.39,11.481854823912348
Sulawesi Tengah,Banggai,2017,Pertambangan dan Penggalian,5037.38,10.563350894252205
Sulawesi Tengah,Banggai,2017,Industri Pengolahan,6416.13,13.454580073994496
Sulawesi Tengah,Banggai,2017,Pengadaan Listrik dan Gas,3.36,0.007045896677377408
Sulawesi Tengah,Banggai,2017,"Pengadaan Air, Pengelolaan Sampah, Limbah dan Daur Ulang",11.67,0.024471908995534034
Sulawesi Tengah,Banggai,2017,Konstruksi,1906.45,3.997812416841119
Sulawesi Tengah,Banggai,2017,Perdagangan Besar dan Eceran; Reparasi Mobil dan Sepeda Motor,1152.78,2.417371658258074
Sulawesi Tengah,Banggai,2017,Transportasi dan Pergudangan,697.52,1.46269459833461
Sulawesi Tengah,Banggai,2017,Penyediaan Akomodasi dan Makan Minum,79.9,0.16754974539358777
Sulawesi Tengah,Banggai,2017,Informasi dan Komunikasi,496.28,1.040695715193113
Sulawesi Tengah,Banggai,2017,Jasa Keuangan dan Asuransi,492.32,1.0323916226804897
Sulawesi Tengah,Banggai,2017,Real Estate,359.71,0.7543093731605438
Sulawesi Tengah,Banggai,2017,Jasa Perusahaan,20.48,0.0429464178430623
Sulawesi Tengah,Banggai,2017,"Administrasi Pemerintahan, Pertahanan dan Jaminan Sosial Wajib",770.26,1.6152298734275958
Sulawesi Tengah,Banggai,2017,Jasa Pendidikan,655.31,1.3741805213250562
Sulawesi Tengah,Banggai,2017,Jasa Kesehatan dan Kegiatan Sosial,151.88,0.3184913057619288
Sulawesi Tengah,Banggai,2017,Jasa Lainnya,116.85,0.2450336389141518
Sulawesi Tengah,Banggai,2017,PRODUK DOMESTIK BRUTO,23843.66,49.999989515034706
Sulawesi Tengah,Banggai,2018,"Pertanian, Kehutanan, dan Perikanan",5901.47,10.988365846760162
Sulawesi Tengah,Banggai,2018,Pertambangan dan Penggalian,6120.33,11.395876814234693
Sulawesi Tengah,Banggai,2018,Industri Pengolahan,7070.52,13.165103014475148
Sulawesi Tengah,Banggai,2018,Pengadaan Listrik dan Gas,3.96,0.007373405058937898
Sulawesi Tengah,Banggai,2018,"Pengadaan Air, Pengelolaan Sampah, Limbah dan Daur Ulang",13.19,0.024559397153381537
Sulawesi Tengah,Banggai,2018,Konstruksi,2164.99,4.031148540037869
Sulawesi Tengah,Banggai,2018,Perdagangan Besar dan Eceran; Reparasi Mobil dan Sepeda Motor,1323.81,2.4648957957253987
Sulawesi Tengah,Banggai,2018,Transportasi dan Pergudangan,784.98,1.4616099755467353
Sulawesi Tengah,Banggai,2018,Penyediaan Akomodasi dan Makan Minum,88.96,0.1656409378896756
Sulawesi Tengah,Banggai,2018,Informasi dan Komunikasi,603.5,1.1236994830982379
Sulawesi Tengah,Banggai,2018,Jasa Keuangan dan Asuransi,458.84,0.8543467619300669
Sulawesi Tengah,Banggai,2018,Real Estate,405.2,0.7544706388589991
Sulawesi Tengah,Banggai,2018,Jasa Perusahaan,23.07,0.042955670381236696
Sulawesi Tengah,Banggai,2018,"Administrasi Pemerintahan, Pertahanan dan Jaminan Sosial Wajib",909.09,1.6926991931893571
Sulawesi Tengah,Banggai,2018,Jasa Pendidikan,683.46,1.2725826822176
Sulawesi Tengah,Banggai,2018,Jasa Kesehatan dan Kegiatan Sosial,169.78,0.31612543204709
Sulawesi Tengah,Banggai,2018,Jasa Lainnya,128.11,0.23853710154053895
Sulawesi Tengah,Banggai,2018,PRODUK DOMESTIK BRUTO,26853.27,50.000009309854875
Sulawesi Tengah,Banggai,2019,"Pertanian, Kehutanan, dan Perikanan",6501.01,11.008236776462697
Sulawesi Tengah,Banggai,2019,Pertambangan dan Penggalian,6710.69,11.36329038925343
Sulawesi Tengah,Banggai,2019,Industri Pengolahan,7817.82,13.238006653699285
Sulawesi Tengah,Banggai,2019,Pengadaan Listrik dan Gas,4.41,0.007467504923727312
Sulawesi Tengah,Banggai,2019,"Pengadaan Air, Pengelolaan Sampah, Limbah dan Daur Ulang",13.7,0.023198371305003213
Sulawesi Tengah,Banggai,2019,Konstruksi,2387.25,4.042358532691162
Sulawesi Tengah,Banggai,2019,Perdagangan Besar dan Eceran; Reparasi Mobil dan Sepeda Motor,1469.3,2.487982989667242
Sulawesi Tengah,Banggai,2019,Transportasi dan Pergudangan,891.65,1.5098414433654097
Sulawesi Tengah,Banggai,2019,Penyediaan Akomodasi dan Makan Minum,93.47,0.15827385152398907
Sulawesi Tengah,Banggai,2019,Informasi dan Komunikasi,660.81,1.118957353434976
Sulawesi Tengah,Banggai,2019,Jasa Keuangan dan Asuransi,465.06,0.7874915736572843
Sulawesi Tengah,Banggai,2019,Real Estate,420.39,0.7118513367087811
Sulawesi Tengah,Banggai,2019,Jasa Perusahaan,26.2,0.04436476848110103
Sulawesi Tengah,Banggai,2019,"Administrasi Pemerintahan, Pertahanan dan Jaminan Sosial Wajib",1017.21,1.7224536697198773
Sulawesi Tengah,Banggai,2019,Jasa Pendidikan,715.44,1.2114629756533941
Sulawesi Tengah,Banggai,2019,Jasa Kesehatan dan Kegiatan Sosial,198.32,0.3358175910370976
Sulawesi Tengah,Banggai,2019,Jasa Lainnya,135.21,0.22895268497441493
Sulawesi Tengah,Banggai,2019,PRODUK DOMESTIK BRUTO,29527.93,49.99999153344113
Sulawesi Tengah,Banggai,2020,"Pertanian, Kehutanan, dan Perikanan",6395.95,11.688127047060062
Sulawesi Tengah,Banggai,2020,Pertambangan dan Penggalian,6270.76,11.459351552407753
Sulawesi Tengah,Banggai,2020,Industri Pengolahan,6645.56,12.144270918137332
Sulawesi Tengah,Banggai,2020,Pengadaan Listrik dan Gas,4.7,0.008588903465659097
Sulawesi Tengah,Banggai,2020,"Pengadaan Air, Pengelolaan Sampah, Limbah dan Daur Ulang",14.2,0.025949453023906204
Sulawesi Tengah,Banggai,2020,Konstruksi,2153.85,3.9360020701084775
Sulawesi Tengah,Banggai,2020,Perdagangan Besar dan Eceran; Reparasi Mobil dan Sepeda Motor,1411.76,2.579887309931678
Sulawesi Tengah,Banggai,2020,Transportasi dan Pergudangan,600.53,1.097424297496225
Sulawesi Tengah,Banggai,2020,Penyediaan Akomodasi dan Makan Minum,81.5,0.1489352409470673
Sulawesi Tengah,Banggai,2020,Informasi dan Komunikasi,706.79,1.291606612870892
Sulawesi Tengah,Banggai,2020,Jasa Keuangan dan Asuransi,518.69,0.9478677316175995
Sulawesi Tengah,Banggai,2020,Real Estate,426.14,0.7787394303948867
Sulawesi Tengah,Banggai,2020,Jasa Perusahaan,26.4,0.048244053509234074
Sulawesi Tengah,Banggai,2020,"Administrasi Pemerintahan, Pertahanan dan Jaminan Sosial Wajib",1048.37,1.9158188779346865
Sulawesi Tengah,Banggai,2020,Jasa Pendidikan,704.64,1.2876776463919204
Sulawesi Tengah,Banggai,2020,Jasa Kesehatan dan Kegiatan Sosial,215.46,0.39373726398104447
Sulawesi Tengah,Banggai,2020,Jasa Lainnya,135.59,0.2477807278529185
Sulawesi Tengah,Banggai,2020,PRODUK DOMESTIK BRUTO,27360.88,49.99999086286866
Sulawesi Tengah,Banggai,2021,"Pertanian, Kehutanan, dan Perikanan",6945.61,11.266159720487524
Sulawesi Tengah,Banggai,2021,Pertambangan dan Penggalian,6818.54,11.060045222886544
Sulawesi Tengah,Banggai,2021,Industri Pengolahan,8282.64,13.434895588335479
Sulawesi Tengah,Banggai,2021,Pengadaan Listrik dan Gas,4.94,0.008012950485156578
Sulawesi Tengah,Banggai,2021,"Pengadaan Air, Pengelolaan Sampah, Limbah dan Daur Ulang",15.85,0.02570956785217242
Sulawesi Tengah,Banggai,2021,Konstruksi,2275.49,3.690969372362133
Sulawesi Tengah,Banggai,2021,Perdagangan Besar dan Eceran; Reparasi Mobil dan Sepeda Motor,1563.03,2.5353202422700982
Sulawesi Tengah,Banggai,2021,Transportasi dan Pergudangan,682.85,1.1076200888237184
Sulawesi Tengah,Banggai,2021,Penyediaan Akomodasi dan Makan Minum,97.81,0.15865317549659208
Sulawesi Tengah,Banggai,2021,Informasi dan Komunikasi,800.98,1.2992334169232218
Sulawesi Tengah,Banggai,2021,Jasa Keuangan dan Asuransi,603.41,0.9787640591595809
Sulawesi Tengah,Banggai,2021,Real Estate,437.47,0.7096002932674996
Sulawesi Tengah,Banggai,2021,Jasa Perusahaan,27.57,0.044720049569993287
Sulawesi Tengah,Banggai,2021,"Administrasi Pemerintahan, Pertahanan dan Jaminan Sosial Wajib",1133.51,1.838615284297537
Sulawesi Tengah,Banggai,2021,Jasa Pendidikan,748.56,1.2142053067143335
Sulawesi Tengah,Banggai,2021,Jasa Kesehatan dan Kegiatan Sosial,240.86,0.390688108067776
Sulawesi Tengah,Banggai,2021,Jasa Lainnya,145.99,0.2368037735481799
Sulawesi Tengah,Banggai,2021,PRODUK DOMESTIK BRUTO,30825.09,49.999983779452464
Sulawesi Tengah,Banggai,2022,"Pertanian, Kehutanan, dan Perikanan",7550.42,9.260653390449376
Sulawesi Tengah,Banggai,2022,Pertambangan dan Penggalian,8810.67,10.80636057432972
Sulawesi Tengah,Banggai,2022,Industri Pengolahan,14847.95,18.211135077084826
Sulawesi Tengah,Banggai,2022,Pengadaan Listrik dan Gas,5.6,0.006868446919047748
Sulawesi Tengah,Banggai,2022,"Pengadaan Air, Pengelolaan Sampah, Limbah dan Daur Ulang",16.85,0.020666666176063317
Sulawesi Tengah,Banggai,2022,Konstruksi,2428.11,2.9780972586801844
Sulawesi Tengah,Banggai,2022,Perdagangan Besar dan Eceran; Reparasi Mobil dan Sepeda Motor,1780.81,2.184178385340968
Sulawesi Tengah,Banggai,2022,Transportasi dan Pergudangan,871.13,1.0684482436767975
Sulawesi Tengah,Banggai,2022,Penyediaan Akomodasi dan Makan Minum,111.84,0.13717269704041077
Sulawesi Tengah,Banggai,2022,Informasi dan Komunikasi,850.87,1.0435991839303855
Sulawesi Tengah,Banggai,2022,Jasa Keuangan dan Asuransi,635.64,0.7796177856470555
Sulawesi Tengah,Banggai,2022,Real Estate,479.05,0.5875588386731829
Sulawesi Tengah,Banggai,2022,Jasa Perusahaan,29.44,0.03610840666013674
Sulawesi Tengah,Banggai,2022,"Administrasi Pemerintahan, Pertahanan dan Jaminan Sosial Wajib",1173.71,1.4395651488134882
Sulawesi Tengah,Banggai,2022,Jasa Pendidikan,761.96,0.9345503240067184
Sulawesi Tengah,Banggai,2022,Jasa Kesehatan dan Kegiatan Sosial,256.34,0.3144031577194107
Sulawesi Tengah,Banggai,2022,Jasa Lainnya,155.74,0.1910164148522315
Sulawesi Tengah,Banggai,2022,PRODUK DOMESTIK BRUTO,40766.13,50.0
Sulawesi Tengah,Banggai,2023,"Pertanian, Kehutanan, dan Perikanan",8223.52,10.803942197637499
Sulawesi Tengah,Banggai,2023,Pertambangan dan Penggalian,7233.93,9.503833100880868
Sulawesi Tengah,Banggai,2023,Industri Pengolahan,12244.62,16.086805493515683
Sulawesi Tengah,Banggai,2023,Pengadaan Listrik dan Gas,6.1,0.008014092189912439
Sulawesi Tengah,Banggai,2023,"Pengadaan Air, Pengelolaan Sampah, Limbah dan Daur Ulang",17.92,0.023543038039873922
Sulawesi Tengah,Banggai,2023,Konstruksi,2634.27,3.460866005429613
Sulawesi Tengah,Banggai,2023,Perdagangan Besar dan Eceran; Reparasi Mobil dan Sepeda Motor,1979.98,2.6012692219971854
Sulawesi Tengah,Banggai,2023,Transportasi dan Pergudangan,966.67,1.2699971306922389
Sulawesi Tengah,Banggai,2023,Penyediaan Akomodasi dan Makan Minum,125.5,0.16488009341541165
Sulawesi Tengah,Banggai,2023,Informasi dan Komunikasi,897.8,1.1795167160825226
Sulawesi Tengah,Banggai,2023,Jasa Keuangan dan Asuransi,646.64,0.8495463235549147
Sulawesi Tengah,Banggai,2023,Real Estate,544.9,0.7158817761120144
Sulawesi Tengah,Banggai,2023,Jasa Perusahaan,31.78,0.0417521065238389
Sulawesi Tengah,Banggai,2023,"Administrasi Pemerintahan, Pertahanan dan Jaminan Sosial Wajib",1242.7,1.6326413712138013
Sulawesi Tengah,Banggai,2023,Jasa Pendidikan,809.78,1.0638773071389007
Sulawesi Tengah,Banggai,2023,Jasa Kesehatan dan Kegiatan Sosial,283.33,0.3722348754373592
Sulawesi Tengah,Banggai,2023,Jasa Lainnya,168.52,0.22139915013836792
Sulawesi Tengah,Banggai,2023,PRODUK DOMESTIK BRUTO,38057.96,50.0
Sulawesi Tengah,Banggai,2024,"Pertanian, Kehutanan, dan Perikanan",8849.04,10.861174710085642
Sulawesi Tengah,Banggai,2024,Pertambangan dan Penggalian,7524.61,9.235589830677396
Sulawesi Tengah,Banggai,2024,Industri Pengolahan,13103.55,16.083094422936576
Sulawesi Tengah,Banggai,2024,Pengadaan Listrik dan Gas,6.46,0.00792890399717407
Sulawesi Tengah,Banggai,2024,"Pengadaan Air, Pengelolaan Sampah, Limbah dan Daur Ulang",18.95,0.02325893664805706
Sulawesi Tengah,Banggai,2024,Konstruksi,2911.85,3.5739596136488103
Sulawesi Tengah,Banggai,2024,Perdagangan Besar dan Eceran; Reparasi Mobil dan Sepeda Motor,2112.33,2.592641142469149
Sulawesi Tengah,Banggai,2024,Transportasi dan Pergudangan,1020.39,1.252410890042794
Sulawesi Tengah,Banggai,2024,Penyediaan Akomodasi dan Makan Minum,137.74,0.16905994374160316
Sulawesi Tengah,Banggai,2024,Informasi dan Komunikasi,960.06,1.1783627819701141
Sulawesi Tengah,Banggai,2024,Jasa Keuangan dan Asuransi,714.12,0.8764998331984438
Sulawesi Tengah,Banggai,2024,Real Estate,605.81,0.743561815871211
Sulawesi Tengah,Banggai,2024,Jasa Perusahaan,33.38,0.040970095267131655
Sulawesi Tengah,Banggai,2024,"Administrasi Pemerintahan, Pertahanan dan Jaminan Sosial Wajib",1370.76,1.682449604205314
Sulawesi Tengah,Banggai,2024,Jasa Pendidikan,885.37,1.0866894321947378
Sulawesi Tengah,Banggai,2024,Jasa Kesehatan dan Kegiatan Sosial,299.02,0.3670125190766239
Sulawesi Tengah,Banggai,2024,Jasa Lainnya,183.59,0.22533552396922407
Sulawesi Tengah,Banggai,2024,PRODUK DOMESTIK BRUTO,40737.03,50.0
Sulawesi Tengah,Morowali,2016,"Pertanian, Kehutanan, dan Perikanan",1843.28,6.341515271510141
Sulawesi Tengah,Morowali,2016,Pertambangan dan Penggalian,3906.2,13.438667458862957
Sulawesi Tengah,Morowali,2016,Industri Pengolahan,4808.84,16.544058579406727
Sulawesi Tengah,Morowali,2016,Pengadaan Listrik dan Gas,1.19,0.004094008057971154
Sulawesi Tengah,Morowali,2016,"Pengadaan Air, Pengelolaan Sampah, Limbah dan Daur Ulang",3.94,0.013554951049080962
Sulawesi Tengah,Morowali,2016,Konstruksi,2403.83,8.269999487388906
Sulawesi Tengah,Morowali,2016,Perdagangan Besar dan Eceran; Reparasi Mobil dan Sepeda Motor,707.67,2.43462746418861
Sulawesi Tengah,Morowali,2016,Transportasi dan Pergudangan,59.91,0.20611094348995948
Sulawesi Tengah,Morowali,2016,Penyediaan Akomodasi dan Makan Minum,16.66,0.057316112811596154
Sulawesi Tengah,Morowali,2016,Informasi dan Komunikasi,154.63,0.5319802235328399
Sulawesi Tengah,Morowali,2016,Jasa Keuangan dan Asuransi,122.78,0.42240530198125903
Sulawesi Tengah,Morowali,2016,Real Estate,124.91,0.42973323237073685
Sulawesi Tengah,Morowali,2016,Jasa Perusahaan,2.8,0.009632960136402715
Sulawesi Tengah,Morowali,2016,"Administrasi Pemerintahan, Pertahanan dan Jaminan Sosial Wajib",175.99,0.6054659480019692
Sulawesi Tengah,Morowali,2016,Jasa Pendidikan,97.58,0.3357086607536346
Sulawesi Tengah,Morowali,2016,Jasa Kesehatan dan Kegiatan Sosial,57.72,0.19857659252613025
Sulawesi Tengah,Morowali,2016,Jasa Lainnya,45.51,0.1565700056456027
Sulawesi Tengah,Morowali,2016,PRODUK DOMESTIK BRUTO,14533.43,49.99998279828547
Sulawesi Tengah,Morowali,2017,"Pertanian, Kehutanan, dan Perikanan",1971.25,5.785589926190988
Sulawesi Tengah,Morowali,2017,Pertambangan dan Penggalian,4651.53,13.652172534876431
Sulawesi Tengah,Morowali,2017,Industri Pengolahan,6050.59,17.75839317768519
Sulawesi Tengah,Morowali,2017,Pengadaan Listrik dan Gas,1.38,0.004050279821505929
Sulawesi Tengah,Morowali,2017,"Pengadaan Air, Pengelolaan Sampah, Limbah dan Daur Ulang",4.47,0.013119384639225727
Sulawesi Tengah,Morowali,2017,Konstruksi,2626.71,7.709355441991188
Sulawesi Tengah,Morowali,2017,Perdagangan Besar dan Eceran; Reparasi Mobil dan Sepeda Motor,782.79,2.29747720396857
Sulawesi Tengah,Morowali,2017,Transportasi dan Pergudangan,66.31,0.19461888040873782
Sulawesi Tengah,Morowali,2017,Penyediaan Akomodasi dan Makan Minum,18.21,0.053446083731610854
Sulawesi Tengah,Morowali,2017,Informasi dan Komunikasi,172.17,0.5053164325135332
Sulawesi Tengah,Morowali,2017,Jasa Keuangan dan Asuransi,136.38,0.4002733058383903
Sulawesi Tengah,Morowali,2017,Real Estate,133.12,0.390705253506427
Sulawesi Tengah,Morowali,2017,Jasa Perusahaan,3.12,0.009157154379056884
Sulawesi Tengah,Morowali,2017,"Administrasi Pemerintahan, Pertahanan dan Jaminan Sosial Wajib",192.64,0.5653955831992045
Sulawesi Tengah,Morowali,2017,Jasa Pendidikan,108.2,0.3175654178890881
Sulawesi Tengah,Morowali,2017,Jasa Kesehatan dan Kegiatan Sosial,65.55,0.19238829152153164
Sulawesi Tengah,Morowali,2017,Jasa Lainnya,51.45,0.1510049976931015
Sulawesi Tengah,Morowali,2017,PRODUK DOMESTIK BRUTO,17035.85,49.99997065014622
Sulawesi Tengah,Morowali,2018,"Pertanian, Kehutanan, dan Perikanan",2049.0,2.7424960810012076
Sulawesi Tengah,Morowali,2018,Pertambangan dan Penggalian,6928.11,9.27296950890448
Sulawesi Tengah,Morowali,2018,Industri Pengolahan,23463.41,31.40473888332091
Sulawesi Tengah,Morowali,2018,Pengadaan Listrik dan Gas,1.68,0.002248605864364094
Sulawesi Tengah,Morowali,2018,"Pengadaan Air, Pengelolaan Sampah, Limbah dan Daur Ulang",5.66,0.0075756602335123645
Sulawesi Tengah,Morowali,2018,Konstruksi,2976.24,3.98356590342559
Sulawesi Tengah,Morowali,2018,Perdagangan Besar dan Eceran; Reparasi Mobil dan Sepeda Motor,893.43,1.195816629404055
Sulawesi Tengah,Morowali,2018,Transportasi dan Pergudangan,70.97,0.09499021321066652
Sulawesi Tengah,Morowali,2018,Penyediaan Akomodasi dan Makan Minum,21.03,0.02814772698070054
Sulawesi Tengah,Morowali,2018,Informasi dan Komunikasi,202.09,0.2704885471007975
Sulawesi Tengah,Morowali,2018,Jasa Keuangan dan Asuransi,148.35,0.19855992855857935
Sulawesi Tengah,Morowali,2018,Real Estate,138.88,0.18588475145409844
Sulawesi Tengah,Morowali,2018,Jasa Perusahaan,3.36,0.004497211728728188
Sulawesi Tengah,Morowali,2018,"Administrasi Pemerintahan, Pertahanan dan Jaminan Sosial Wajib",213.4,0.28562648300910576
Sulawesi Tengah,Morowali,2018,Jasa Pendidikan,111.57,0.14933152159946544
Sulawesi Tengah,Morowali,2018,Jasa Kesehatan dan Kegiatan Sosial,73.35,0.09817573818518231
Sulawesi Tengah,Morowali,2018,Jasa Lainnya,55.95,0.07488660601855421
Sulawesi Tengah,Morowali,2018,PRODUK DOMESTIK BRUTO,37356.48,50.0
Sulawesi Tengah,Morowali,2019,"Pertanian, Kehutanan, dan Perikanan",2063.37,2.2749599279728883
Sulawesi Tengah,Morowali,2019,Pertambangan dan Penggalian,8292.67,9.143048481805458
Sulawesi Tengah,Morowali,2019,Industri Pengolahan,29415.56,32.43200214158497
Sulawesi Tengah,Morowali,2019,Pengadaan Listrik dan Gas,1.73,0.0019074042345256046
Sulawesi Tengah,Morowali,2019,"Pengadaan Air, Pengelolaan Sampah, Limbah dan Daur Ulang",5.24,0.005777339993592004
Sulawesi Tengah,Morowali,2019,Konstruksi,3480.35,3.8372452760873914
Sulawesi Tengah,Morowali,2019,Perdagangan Besar dan Eceran; Reparasi Mobil dan Sepeda Motor,960.77,1.059292928557899
Sulawesi Tengah,Morowali,2019,Transportasi dan Pergudangan,81.34,0.08968107539671252
Sulawesi Tengah,Morowali,2019,Penyediaan Akomodasi dan Makan Minum,21.35,0.023539352836486508
Sulawesi Tengah,Morowali,2019,Informasi dan Komunikasi,221.71,0.24444542938535943
Sulawesi Tengah,Morowali,2019,Jasa Keuangan dan Asuransi,156.37,0.17240508679350797
Sulawesi Tengah,Morowali,2019,Real Estate,145.54,0.1604645157762176
Sulawesi Tengah,Morowali,2019,Jasa Perusahaan,3.77,0.0041565976671453925
Sulawesi Tengah,Morowali,2019,"Administrasi Pemerintahan, Pertahanan dan Jaminan Sosial Wajib",240.34,0.26498585764501953
Sulawesi Tengah,Morowali,2019,Jasa Pendidikan,119.1,0.13131320481618466
Sulawesi Tengah,Morowali,2019,Jasa Kesehatan dan Kegiatan Sosial,80.83,0.08911877703855757
Sulawesi Tengah,Morowali,2019,Jasa Lainnya,59.56,0.06566762786609538
Sulawesi Tengah,Morowali,2019,PRODUK DOMESTIK BRUTO,45349.58,49.999988974542006
Sulawesi Tengah,Morowali,2020,"Pertanian, Kehutanan, dan Perikanan",2025.94,1.6299231210235254
Sulawesi Tengah,Morowali,2020,Pertambangan dan Penggalian,11362.64,9.141548936230466
Sulawesi Tengah,Morowali,2020,Industri Pengolahan,43380.74,34.900969985838714
Sulawesi Tengah,Morowali,2020,Pengadaan Listrik dan Gas,1.78,0.0014320577881980095
Sulawesi Tengah,Morowali,2020,"Pengadaan Air, Pengelolaan Sampah, Limbah dan Daur Ulang",5.66,0.00455362195573075
Sulawesi Tengah,Morowali,2020,Konstruksi,3139.21,2.525578724319704
Sulawesi Tengah,Morowali,2020,Perdagangan Besar dan Eceran; Reparasi Mobil dan Sepeda Motor,947.45,0.7622489614765191
Sulawesi Tengah,Morowali,2020,Transportasi dan Pergudangan,170.85,0.13745341186158982
Sulawesi Tengah,Morowali,2020,Penyediaan Akomodasi dan Makan Minum,19.04,0.015318191172634886
Sulawesi Tengah,Morowali,2020,Informasi dan Komunikasi,234.25,0.18846041398055266
Sulawesi Tengah,Morowali,2020,Jasa Keuangan dan Asuransi,170.16,0.13689828833695128
Sulawesi Tengah,Morowali,2020,Real Estate,148.42,0.11940787467660031
Sulawesi Tengah,Morowali,2020,Jasa Perusahaan,3.74,0.0030089304089104246
Sulawesi Tengah,Morowali,2020,"Administrasi Pemerintahan, Pertahanan dan Jaminan Sosial Wajib",261.51,0.21039181583801203
Sulawesi Tengah,Morowali,2020,Jasa Pendidikan,120.36,0.09683285134129911
Sulawesi Tengah,Morowali,2020,Jasa Kesehatan dan Kegiatan Sosial,87.84,0.07066963826702986
Sulawesi Tengah,Morowali,2020,Jasa Lainnya,68.73,0.05529513021508382
Sulawesi Tengah,Morowali,2020,PRODUK DOMESTIK BRUTO,62148.34,50.00000804526847
Sulawesi Tengah,Morowali,2021,"Pertanian, Kehutanan, dan Perikanan",2147.5,1.0855081153547106
Sulawesi Tengah,Morowali,2021,Pertambangan dan Penggalian,18404.88,9.30321145617211
Sulawesi Tengah,Morowali,2021,Industri Pengolahan,70356.85,35.56364686649317
Sulawesi Tengah,Morowali,2021,Pengadaan Listrik dan Gas,1.9,0.0009604029891380444
Sulawesi Tengah,Morowali,2021,"Pengadaan Air, Pengelolaan Sampah, Limbah dan Daur Ulang",5.82,0.0029418659983070626
Sulawesi Tengah,Morowali,2021,Konstruksi,5543.21,2.801955501799947
Sulawesi Tengah,Morowali,2021,Perdagangan Besar dan Eceran; Reparasi Mobil dan Sepeda Motor,1065.44,0.53855355828802
Sulawesi Tengah,Morowali,2021,Transportasi dan Pergudangan,183.05,0.09252724587458896
Sulawesi Tengah,Morowali,2021,Penyediaan Akomodasi dan Makan Minum,22.75,0.01149956210678448
Sulawesi Tengah,Morowali,2021,Informasi dan Komunikasi,260.05,0.1314488406975518
Sulawesi Tengah,Morowali,2021,Jasa Keuangan dan Asuransi,191.63,0.0968642235834334
Sulawesi Tengah,Morowali,2021,Real Estate,151.95,0.07680696536817148
Sulawesi Tengah,Morowali,2021,Jasa Perusahaan,3.82,0.0019309154834249102
Sulawesi Tengah,Morowali,2021,"Administrasi Pemerintahan, Pertahanan dan Jaminan Sosial Wajib",278.72,0.14088606375397672
Sulawesi Tengah,Morowali,2021,Jasa Pendidikan,121.85,0.06159216011919511
Sulawesi Tengah,Morowali,2021,Jasa Kesehatan dan Kegiatan Sosial,97.66,0.04936471364169548
Sulawesi Tengah,Morowali,2021,Jasa Lainnya,79.73,0.040301542275776994
Sulawesi Tengah,Morowali,2021,PRODUK DOMESTIK BRUTO,98916.81,50.0
Sulawesi Tengah,Morowali,2022,"Pertanian, Kehutanan, dan Perikanan",2346.57,0.799390321673382
Sulawesi Tengah,Morowali,2022,Pertambangan dan Penggalian,25313.78,8.623476281112099
Sulawesi Tengah,Morowali,2022,Industri Pengolahan,107508.92,36.6243453813685
Sulawesi Tengah,Morowali,2022,Pengadaan Listrik dan Gas,2.13,0.000725612866935273
Sulawesi Tengah,Morowali,2022,"Pengadaan Air, Pengelolaan Sampah, Limbah dan Daur Ulang",6.17,0.0021018926708876217
Sulawesi Tengah,Morowali,2022,Konstruksi,7880.45,2.684580242835714
Sulawesi Tengah,Morowali,2022,Perdagangan Besar dan Eceran; Reparasi Mobil dan Sepeda Motor,1832.17,0.6241531109919245
Sulawesi Tengah,Morowali,2022,Transportasi dan Pergudangan,496.71,0.1692108765893988
Sulawesi Tengah,Morowali,2022,Penyediaan Akomodasi dan Makan Minum,39.19,0.013350595424973402
Sulawesi Tengah,Morowali,2022,Informasi dan Komunikasi,322.97,0.11002403175309163
Sulawesi Tengah,Morowali,2022,Jasa Keuangan dan Asuransi,222.62,0.07583846781085937
Sulawesi Tengah,Morowali,2022,Real Estate,201.46,0.06863003200600004
Sulawesi Tengah,Morowali,2022,Jasa Perusahaan,4.4,0.0014989185983639442
Sulawesi Tengah,Morowali,2022,"Administrasi Pemerintahan, Pertahanan dan Jaminan Sosial Wajib",277.91,0.09467374265257358
Sulawesi Tengah,Morowali,2022,Jasa Pendidikan,127.42,0.04340731995534858
Sulawesi Tengah,Morowali,2022,Jasa Kesehatan dan Kegiatan Sosial,100.19,0.03413105781138263
Sulawesi Tengah,Morowali,2022,Jasa Lainnya,89.43,0.030465520511747165
Sulawesi Tengah,Morowali,2022,PRODUK DOMESTIK BRUTO,146772.47,49.99999659336683
Sulawesi Tengah,Morowali,2023,"Pertanian, Kehutanan, dan Perikanan",2446.6,0.7740017170019287
Sulawesi Tengah,Morowali,2023,Pertambangan dan Penggalian,28114.26,8.89417375633068
Sulawesi Tengah,Morowali,2023,Industri Pengolahan,114926.06,36.357789490830825
Sulawesi Tengah,Morowali,2023,Pengadaan Listrik dan Gas,2.38,0.0007529322678266127
Sulawesi Tengah,Morowali,2023,"Pengadaan Air, Pengelolaan Sampah, Limbah dan Daur Ulang",6.43,0.002034182555514756
Sulawesi Tengah,Morowali,2023,Konstruksi,8490.79,2.6861301556048423
Sulawesi Tengah,Morowali,2023,Perdagangan Besar dan Eceran; Reparasi Mobil dan Sepeda Motor,1996.08,0.6314760677156911
Sulawesi Tengah,Morowali,2023,Transportasi dan Pergudangan,546.1,0.17276315607567783
Sulawesi Tengah,Morowali,2023,Penyediaan Akomodasi dan Makan Minum,47.1,0.01490046630866952
Sulawesi Tengah,Morowali,2023,Informasi dan Komunikasi,344.03,0.10883667567243256
Sulawesi Tengah,Morowali,2023,Jasa Keuangan dan Asuransi,226.35,0.07160765496745956
Sulawesi Tengah,Morowali,2023,Real Estate,261.38,0.08268967906072269
Sulawesi Tengah,Morowali,2023,Jasa Perusahaan,5.05,0.0015976083834136107
Sulawesi Tengah,Morowali,2023,"Administrasi Pemerintahan, Pertahanan dan Jaminan Sosial Wajib",293.12,0.09273088501904904
Sulawesi Tengah,Morowali,2023,Jasa Pendidikan,134.99,0.04270517934198086
Sulawesi Tengah,Morowali,2023,Jasa Kesehatan dan Kegiatan Sosial,111.46,0.035261273349560605
Sulawesi Tengah,Morowali,2023,Jasa Lainnya,96.57,0.030550701304208398
Sulawesi Tengah,Morowali,2023,PRODUK DOMESTIK BRUTO,158048.74,49.999998418209515
Sulawesi Tengah,Morowali,2024,"Pertanian, Kehutanan, dan Perikanan",2702.86,0.7773138673275932
Sulawesi Tengah,Morowali,2024,Pertambangan dan Penggalian,29202.53,8.398337882853738
Sulawesi Tengah,Morowali,2024,Industri Pengolahan,127964.18,36.801140878626434
Sulawesi Tengah,Morowali,2024,Pengadaan Listrik dan Gas,2.53,0.0007276011648175676
Sulawesi Tengah,Morowali,2024,"Pengadaan Air, Pengelolaan Sampah, Limbah dan Daur Ulang",7.01,0.0020160016463917586
Sulawesi Tengah,Morowali,2024,Konstruksi,9094.18,2.6153897079291015
Sulawesi Tengah,Morowali,2024,Perdagangan Besar dan Eceran; Reparasi Mobil dan Sepeda Motor,2419.03,0.6956873698532177
Sulawesi Tengah,Morowali,2024,Transportasi dan Pergudangan,757.7,0.21790648323409922
Sulawesi Tengah,Morowali,2024,Penyediaan Akomodasi dan Makan Minum,54.66,0.015719636232777962
Sulawesi Tengah,Morowali,2024,Informasi dan Komunikasi,371.68,0.10689122566774446
Sulawesi Tengah,Morowali,2024,Jasa Keuangan dan Asuransi,265.99,0.0764959026995355
Sulawesi Tengah,Morowali,2024,Real Estate,321.15,0.09235933362891771
Sulawesi Tengah,Morowali,2024,Jasa Perusahaan,6.26,0.0018003096014853647
Sulawesi Tengah,Morowali,2024,"Administrasi Pemerintahan, Pertahanan dan Jaminan Sosial Wajib",306.96,0.08827844013928875
Sulawesi Tengah,Morowali,2024,Jasa Pendidikan,151.57,0.043589924328616095
Sulawesi Tengah,Morowali,2024,Jasa Kesehatan dan Kegiatan Sosial,120.82,0.03474655048745395
Sulawesi Tengah,Morowali,2024,Jasa Lainnya,109.87,0.03159744663182061
Sulawesi Tengah,Morowali,2024,PRODUK DOMESTIK BRUTO,173858.99,50.00000143794697
Sulawesi Tengah,Poso,2016,"Pertanian, Kehutanan, dan Perikanan",2890.23,19.836720406860625
Sulawesi Tengah,Poso,2016,Pertambangan dan Penggalian,130.88,0.8982779802472186
Sulawesi Tengah,Poso,2016,Industri Pengolahan,111.21,0.7632754751168488
Sulawesi Tengah,Poso,2016,Pengadaan Listrik dan Gas,1.52,0.010432323731477478
Sulawesi Tengah,Poso,2016,"Pengadaan Air, Pengelolaan Sampah, Limbah dan Daur Ulang",5.73,0.03932711511931971
Sulawesi Tengah,Poso,2016,Konstruksi,810.25,5.561046252256333
Sulawesi Tengah,Poso,2016,Perdagangan Besar dan Eceran; Reparasi Mobil dan Sepeda Motor,877.98,6.025902361685918
Sulawesi Tengah,Poso,2016,Transportasi dan Pergudangan,340.49,2.3369091495597147
Sulawesi Tengah,Poso,2016,Penyediaan Akomodasi dan Makan Minum,45.34,0.3111852355165716
Sulawesi Tengah,Poso,2016,Informasi dan Komunikasi,329.27,2.2599021283313085
Sulawesi Tengah,Poso,2016,Jasa Keuangan dan Asuransi,207.4,1.4234631196765979
Sulawesi Tengah,Poso,2016,Real Estate,199.36,1.3682816178337829
Sulawesi Tengah,Poso,2016,Jasa Perusahaan,2.44,0.01674662493737174
Sulawesi Tengah,Poso,2016,"Administrasi Pemerintahan, Pertahanan dan Jaminan Sosial Wajib",626.89,4.302578568438102
Sulawesi Tengah,Poso,2016,Jasa Pendidikan,486.38,3.3382063266552735
Sulawesi Tengah,Poso,2016,Jasa Kesehatan dan Kegiatan Sosial,125.88,0.8639611258673584
Sulawesi Tengah,Poso,2016,Jasa Lainnya,93.8,0.6437841881661759
Sulawesi Tengah,Poso,2016,PRODUK DOMESTIK BRUTO,7285.05,50.0
Sulawesi Tengah,Poso,2017,"Pertanian, Kehutanan, dan Perikanan",3165.5,19.731494594486772
Sulawesi Tengah,Poso,2017,Pertambangan dan Penggalian,146.96,0.9160449994016038
Sulawesi Tengah,Poso,2017,Industri Pengolahan,122.36,0.7627059480592012
Sulawesi Tengah,Poso,2017,Pengadaan Listrik dan Gas,2.0,0.012466589540032711
Sulawesi Tengah,Poso,2017,"Pengadaan Air, Pengelolaan Sampah, Limbah dan Daur Ulang",6.24,0.03889575936490206
Sulawesi Tengah,Poso,2017,Konstruksi,906.73,5.65191536681693
Sulawesi Tengah,Poso,2017,Perdagangan Besar dan Eceran; Reparasi Mobil dan Sepeda Motor,949.14,5.916269398013324
Sulawesi Tengah,Poso,2017,Transportasi dan Pergudangan,376.09,2.344279830055451
Sulawesi Tengah,Poso,2017,Penyediaan Akomodasi dan Makan Minum,50.03,0.31185173734391824
Sulawesi Tengah,Poso,2017,Informasi dan Komunikasi,360.5,2.2471027645908963
Sulawesi Tengah,Poso,2017,Jasa Keuangan dan Asuransi,227.21,1.4162669046954162
Sulawesi Tengah,Poso,2017,Real Estate,219.83,1.3702651892926956
Sulawesi Tengah,Poso,2017,Jasa Perusahaan,2.64,0.01645589819284318
Sulawesi Tengah,Poso,2017,"Administrasi Pemerintahan, Pertahanan dan Jaminan Sosial Wajib",709.98,4.425514620816212
Sulawesi Tengah,Poso,2017,Jasa Pendidikan,533.4,3.324839430326724
Sulawesi Tengah,Poso,2017,Jasa Kesehatan dan Kegiatan Sosial,138.36,0.862438664379463
Sulawesi Tengah,Poso,2017,Jasa Lainnya,104.47,0.6511923046236088
Sulawesi Tengah,Poso,2017,PRODUK DOMESTIK BRUTO,8021.44,49.99999999999999
Sulawesi Tengah,Poso,2018,"Pertanian, Kehutanan, dan Perikanan",3364.56,19.365444076334576
Sulawesi Tengah,Poso,2018,Pertambangan dan Penggalian,157.6,0.9071004786451511
Sulawesi Tengah,Poso,2018,Industri Pengolahan,133.8,0.7701144926568605
Sulawesi Tengah,Poso,2018,Pengadaan Listrik dan Gas,2.33,0.013410812913979707
Sulawesi Tengah,Poso,2018,"Pengadaan Air, Pengelolaan Sampah, Limbah dan Daur Ulang",6.69,0.03850572463284302
Sulawesi Tengah,Poso,2018,Konstruksi,985.88,5.674443019585542
Sulawesi Tengah,Poso,2018,Perdagangan Besar dan Eceran; Reparasi Mobil dan Sepeda Motor,1062.33,6.114467331720197
Sulawesi Tengah,Poso,2018,Transportasi dan Pergudangan,418.05,2.4061761110254145
Sulawesi Tengah,Poso,2018,Penyediaan Akomodasi dan Makan Minum,56.34,0.3242769096882475
Sulawesi Tengah,Poso,2018,Informasi dan Komunikasi,393.99,2.2676936394759077
Sulawesi Tengah,Poso,2018,Jasa Keuangan dan Asuransi,239.63,1.3792416732089945
Sulawesi Tengah,Poso,2018,Real Estate,234.37,1.3489666191628429
Sulawesi Tengah,Poso,2018,Jasa Perusahaan,2.84,0.016346226899443074
Sulawesi Tengah,Poso,2018,"Administrasi Pemerintahan, Pertahanan dan Jaminan Sosial Wajib",786.27,4.525545008529967
Sulawesi Tengah,Poso,2018,Jasa Pendidikan,564.13,3.2469707678812756
Sulawesi Tengah,Poso,2018,Jasa Kesehatan dan Kegiatan Sosial,158.68,0.913316649437897
Sulawesi Tengah,Poso,2018,Jasa Lainnya,119.53,0.687980458200856
Sulawesi Tengah,Poso,2018,PRODUK DOMESTIK BRUTO,8687.02,50.0
Sulawesi Tengah,Poso,2019,"Pertanian, Kehutanan, dan Perikanan",3594.05,18.972250434444764
Sulawesi Tengah,Poso,2019,Pertambangan dan Penggalian,177.09,0.9348216717730203
Sulawesi Tengah,Poso,2019,Industri Pengolahan,144.98,0.7653195887608135
Sulawesi Tengah,Poso,2019,Pengadaan Listrik dan Gas,2.58,0.013619289136452606
Sulawesi Tengah,Poso,2019,"Pengadaan Air, Pengelolaan Sampah, Limbah dan Daur Ulang",7.02,0.03705713555732453
Sulawesi Tengah,Poso,2019,Konstruksi,1145.45,6.0465948609882325
Sulawesi Tengah,Poso,2019,Perdagangan Besar dan Eceran; Reparasi Mobil dan Sepeda Motor,1155.15,6.097799165105903
Sulawesi Tengah,Poso,2019,Transportasi dan Pergudangan,462.13,2.4394891816390865
Sulawesi Tengah,Poso,2019,Penyediaan Akomodasi dan Makan Minum,61.85,0.3264934236781371
Sulawesi Tengah,Poso,2019,Informasi dan Komunikasi,434.42,2.2932137932781944
Sulawesi Tengah,Poso,2019,Jasa Keuangan dan Asuransi,253.23,1.33674906512554
Sulawesi Tengah,Poso,2019,Real Estate,244.33,1.2897677963990177
Sulawesi Tengah,Poso,2019,Jasa Perusahaan,2.97,0.015678018889637303
Sulawesi Tengah,Poso,2019,"Administrasi Pemerintahan, Pertahanan dan Jaminan Sosial Wajib",866.77,4.575500482481793
Sulawesi Tengah,Poso,2019,Jasa Pendidikan,622.01,3.2834628045600334
Sulawesi Tengah,Poso,2019,Jasa Kesehatan dan Kegiatan Sosial,169.66,0.8956002305777323
Sulawesi Tengah,Poso,2019,Jasa Lainnya,128.17,0.6765830576043141
Sulawesi Tengah,Poso,2019,PRODUK DOMESTIK BRUTO,9471.86,50.0
Sulawesi Tengah,Poso,2020,"Pertanian, Kehutanan, dan Perikanan",3590.46,19.482716052732254
Sulawesi Tengah,Poso,2020,Pertambangan dan Penggalian,145.05,0.7870768546227541
Sulawesi Tengah,Poso,2020,Industri Pengolahan,148.17,0.8040067393964389
Sulawesi Tengah,Poso,2020,Pengadaan Listrik dan Gas,2.71,0.014705124274578856
Sulawesi Tengah,Poso,2020,"Pengadaan Air, Pengelolaan Sampah, Limbah dan Daur Ulang",7.2,0.03906896486234974
Sulawesi Tengah,Poso,2020,Konstruksi,1060.77,5.7559980356992675
Sulawesi Tengah,Poso,2020,Perdagangan Besar dan Eceran; Reparasi Mobil dan Sepeda Motor,1088.41,5.905979450809733
Sulawesi Tengah,Poso,2020,Transportasi dan Pergudangan,322.36,1.749204376809314
Sulawesi Tengah,Poso,2020,Penyediaan Akomodasi dan Makan Minum,57.14,0.3100556461437033
Sulawesi Tengah,Poso,2020,Informasi dan Komunikasi,466.39,2.5307464614099016
Sulawesi Tengah,Poso,2020,Jasa Keuangan dan Asuransi,261.13,1.416955388125748
Sulawesi Tengah,Poso,2020,Real Estate,250.01,1.3566155423938968
Sulawesi Tengah,Poso,2020,Jasa Perusahaan,3.01,0.016332997810510095
Sulawesi Tengah,Poso,2020,"Administrasi Pemerintahan, Pertahanan dan Jaminan Sosial Wajib",868.52,4.712802411423332
Sulawesi Tengah,Poso,2020,Jasa Pendidikan,623.93,3.385597117578593
Sulawesi Tengah,Poso,2020,Jasa Kesehatan dan Kegiatan Sosial,188.64,1.023606879393563
Sulawesi Tengah,Poso,2020,Jasa Lainnya,130.58,0.7085590877396707
Sulawesi Tengah,Poso,2020,PRODUK DOMESTIK BRUTO,9214.47,49.99997286877441
Sulawesi Tengah,Poso,2021,"Pertanian, Kehutanan, dan Perikanan",3830.12,19.282812604623597
Sulawesi Tengah,Poso,2021,Pertambangan dan Penggalian,149.08,0.7505461194681332
Sulawesi Tengah,Poso,2021,Industri Pengolahan,160.13,0.8061775564155632
Sulawesi Tengah,Poso,2021,Pengadaan Listrik dan Gas,2.94,0.014801486391442928
Sulawesi Tengah,Poso,2021,"Pengadaan Air, Pengelolaan Sampah, Limbah dan Daur Ulang",7.9,0.039772701528026914
Sulawesi Tengah,Poso,2021,Konstruksi,1151.18,5.795637790510636
Sulawesi Tengah,Poso,2021,Perdagangan Besar dan Eceran; Reparasi Mobil dan Sepeda Motor,1214.61,6.1149773421464255
Sulawesi Tengah,Poso,2021,Transportasi dan Pergudangan,330.83,1.66556998057179
Sulawesi Tengah,Poso,2021,Penyediaan Akomodasi dan Makan Minum,68.0,0.3423473042918772
Sulawesi Tengah,Poso,2021,Informasi dan Komunikasi,515.46,2.5950932569160448
Sulawesi Tengah,Poso,2021,Jasa Keuangan dan Asuransi,312.38,1.5726831016867147
Sulawesi Tengah,Poso,2021,Real Estate,261.41,1.3160736590432298
Sulawesi Tengah,Poso,2021,Jasa Perusahaan,3.16,0.015909080611210765
Sulawesi Tengah,Poso,2021,"Administrasi Pemerintahan, Pertahanan dan Jaminan Sosial Wajib",932.66,4.695494659130326
Sulawesi Tengah,Poso,2021,Jasa Pendidikan,640.54,3.224810916045868
Sulawesi Tengah,Poso,2021,Jasa Kesehatan dan Kegiatan Sosial,211.72,1.0659084009511213
Sulawesi Tengah,Poso,2021,Jasa Lainnya,139.32,0.7014092122638873
Sulawesi Tengah,Poso,2021,PRODUK DOMESTIK BRUTO,9931.43,49.999974827404095
Sulawesi Tengah,Poso,2022,"Pertanian, Kehutanan, dan Perikanan",4233.34,19.434377860636452
Sulawesi Tengah,Poso,2022,Pertambangan dan Penggalian,167.43,0.76863608526751
Sulawesi Tengah,Poso,2022,Industri Pengolahan,173.71,0.7974662508022408
Sulawesi Tengah,Poso,2022,Pengadaan Listrik dan Gas,3.31,0.015195517184706792
Sulawesi Tengah,Poso,2022,"Pengadaan Air, Pengelolaan Sampah, Limbah dan Daur Ulang",8.53,0.03915944458777913
Sulawesi Tengah,Poso,2022,Konstruksi,1252.3,5.74904718139224
Sulawesi Tengah,Poso,2022,Perdagangan Besar dan Eceran; Reparasi Mobil dan Sepeda Motor,1385.5,6.360540501332706
Sulawesi Tengah,Poso,2022,Transportasi dan Pergudangan,396.94,1.8222684565853515
Sulawesi Tengah,Poso,2022,Penyediaan Akomodasi dan Makan Minum,74.6,0.34247298549218325
Sulawesi Tengah,Poso,2022,Informasi dan Komunikasi,562.99,2.5845692507003255
Sulawesi Tengah,Poso,2022,Jasa Keuangan dan Asuransi,333.02,1.5288251156649715
Sulawesi Tengah,Poso,2022,Real Estate,285.0,1.308375346719467
Sulawesi Tengah,Poso,2022,Jasa Perusahaan,3.43,0.01574641206753604
Sulawesi Tengah,Poso,2022,"Administrasi Pemerintahan, Pertahanan dan Jaminan Sosial Wajib",957.15,4.394075309166799
Sulawesi Tengah,Poso,2022,Jasa Pendidikan,674.83,3.098003281497186
Sulawesi Tengah,Poso,2022,Jasa Kesehatan dan Kegiatan Sosial,229.88,1.0553309638732318
Sulawesi Tengah,Poso,2022,Jasa Lainnya,149.43,0.6860018528431227
Sulawesi Tengah,Poso,2022,PRODUK DOMESTIK BRUTO,10891.35,49.999908184186204
Sulawesi Tengah,Poso,2023,"Pertanian, Kehutanan, dan Perikanan",4562.81,19.48003266873045
Sulawesi Tengah,Poso,2023,Pertambangan dan Penggalian,195.61,0.8351189706190622
Sulawesi Tengah,Poso,2023,Industri Pengolahan,177.56,0.758057995108229
Sulawesi Tengah,Poso,2023,Pengadaan Listrik dan Gas,3.63,0.015497581224616306
Sulawesi Tengah,Poso,2023,"Pengadaan Air, Pengelolaan Sampah, Limbah dan Daur Ulang",9.07,0.03872260653092834
Sulawesi Tengah,Poso,2023,Konstruksi,1312.41,5.603080048209005
Sulawesi Tengah,Poso,2023,Perdagangan Besar dan Eceran; Reparasi Mobil dan Sepeda Motor,1527.87,6.52294474535937
Sulawesi Tengah,Poso,2023,Transportasi dan Pergudangan,429.18,1.8323008016476103
Sulawesi Tengah,Poso,2023,Penyediaan Akomodasi dan Makan Minum,82.47,0.3520896759212415
Sulawesi Tengah,Poso,2023,Informasi dan Komunikasi,593.15,2.532338926551284
Sulawesi Tengah,Poso,2023,Jasa Keuangan dan Asuransi,337.96,1.4428546971546354
Sulawesi Tengah,Poso,2023,Real Estate,321.31,1.3717707502152796
Sulawesi Tengah,Poso,2023,Jasa Perusahaan,3.73,0.015924511836864687
Sulawesi Tengah,Poso,2023,"Administrasi Pemerintahan, Pertahanan dan Jaminan Sosial Wajib",1015.58,4.335821911872129
Sulawesi Tengah,Poso,2023,Jasa Pendidikan,724.28,3.092173038392589
Sulawesi Tengah,Poso,2023,Jasa Kesehatan dan Kegiatan Sosial,255.2,1.0895269224578734
Sulawesi Tengah,Poso,2023,Jasa Lainnya,159.67,0.6816801085769932
Sulawesi Tengah,Poso,2023,PRODUK DOMESTIK BRUTO,11711.52,50.00006403959183
Sulawesi Tengah,Poso,2024,"Pertanian, Kehutanan, dan Perikanan",4957.7,19.459642349538775
Sulawesi Tengah,Poso,2024,Pertambangan dan Penggalian,214.07,0.8402536736320805
Sulawesi Tengah,Poso,2024,Industri Pengolahan,184.27,0.7232846472657705
Sulawesi Tengah,Poso,2024,Pengadaan Listrik dan Gas,3.9,0.01530802694055736
Sulawesi Tengah,Poso,2024,"Pengadaan Air, Pengelolaan Sampah, Limbah dan Daur Ulang",9.47,0.03717102951976364
Sulawesi Tengah,Poso,2024,Konstruksi,1391.92,5.463474066436052
Sulawesi Tengah,Poso,2024,Perdagangan Besar dan Eceran; Reparasi Mobil dan Sepeda Motor,1718.47,6.745226937574259
Sulawesi Tengah,Poso,2024,Transportasi dan Pergudangan,466.65,1.8316643004643824
Sulawesi Tengah,Poso,2024,Penyediaan Akomodasi dan Makan Minum,91.55,0.3593461195918016
Sulawesi Tengah,Poso,2024,Informasi dan Komunikasi,626.18,2.457841105035438
Sulawesi Tengah,Poso,2024,Jasa Keuangan dan Asuransi,372.12,1.46062127823595
Sulawesi Tengah,Poso,2024,Real Estate,349.49,1.3717954706295876
Sulawesi Tengah,Poso,2024,Jasa Perusahaan,3.95,0.015504283696205531
Sulawesi Tengah,Poso,2024,"Administrasi Pemerintahan, Pertahanan dan Jaminan Sosial Wajib",1106.03,4.341317188990938
Sulawesi Tengah,Poso,2024,Jasa Pendidikan,800.89,3.143601460621278
Sulawesi Tengah,Poso,2024,Jasa Kesehatan dan Kegiatan Sosial,277.59,1.0895782560075171
Sulawesi Tengah,Poso,2024,Jasa Lainnya,164.17,0.6443894314952056
Sulawesi Tengah,Poso,2024,PRODUK DOMESTIK BRUTO,12738.41,49.99998037432443
Sulawesi Tengah,Donggala,2016,"Pertanian, Kehutanan, dan Perikanan",3663.75,18.348796153701684
Sulawesi Tengah,Donggala,2016,Pertambangan dan Penggalian,1721.74,8.622819867533085
Sulawesi Tengah,Donggala,2016,Industri Pengolahan,246.43,1.234170954938712
Sulawesi Tengah,Donggala,2016,Pengadaan Listrik dan Gas,0.88,0.00440721681753872
Sulawesi Tengah,Donggala,2016,"Pengadaan Air, Pengelolaan Sampah, Limbah dan Daur Ulang",19.88,0.09956303446894288
Sulawesi Tengah,Donggala,2016,Konstruksi,1472.03,7.372222013547184
Sulawesi Tengah,Donggala,2016,Perdagangan Besar dan Eceran; Reparasi Mobil dan Sepeda Motor,864.85,4.331342573464047
Sulawesi Tengah,Donggala,2016,Transportasi dan Pergudangan,312.91,1.5671161527000463
Sulawesi Tengah,Donggala,2016,Penyediaan Akomodasi dan Makan Minum,44.65,0.2236161714807998
Sulawesi Tengah,Donggala,2016,Informasi dan Komunikasi,201.03,1.0067986327611462
Sulawesi Tengah,Donggala,2016,Jasa Keuangan dan Asuransi,174.6,0.8744318822071141
Sulawesi Tengah,Donggala,2016,Real Estate,107.85,0.5401344701949442
Sulawesi Tengah,Donggala,2016,Jasa Perusahaan,8.78,0.043972004156806764
Sulawesi Tengah,Donggala,2016,"Administrasi Pemerintahan, Pertahanan dan Jaminan Sosial Wajib",858.76,4.300842629806308
Sulawesi Tengah,Donggala,2016,Jasa Pendidikan,160.28,0.8027144449035295
Sulawesi Tengah,Donggala,2016,Jasa Kesehatan dan Kegiatan Sosial,62.11,0.3110593597015112
Sulawesi Tengah,Donggala,2016,Jasa Lainnya,63.1,0.3160174786212423
Sulawesi Tengah,Donggala,2016,PRODUK DOMESTIK BRUTO,9983.62,49.99997495899536
Sulawesi Tengah,Donggala,2017,"Pertanian, Kehutanan, dan Perikanan",3815.19,17.719059835887414
Sulawesi Tengah,Donggala,2017,Pertambangan dan Penggalian,1956.32,9.085825643845592
Sulawesi Tengah,Donggala,2017,Industri Pengolahan,263.5,1.223784992819842
Sulawesi Tengah,Donggala,2017,Pengadaan Listrik dan Gas,1.05,0.004876562589984191
Sulawesi Tengah,Donggala,2017,"Pengadaan Air, Pengelolaan Sampah, Limbah dan Daur Ulang",21.66,0.10059651971338816
Sulawesi Tengah,Donggala,2017,Konstruksi,1589.71,7.3831622046893015
Sulawesi Tengah,Donggala,2017,Perdagangan Besar dan Eceran; Reparasi Mobil dan Sepeda Motor,934.32,4.339304722927646
Sulawesi Tengah,Donggala,2017,Transportasi dan Pergudangan,336.25,1.5616611151258895
Sulawesi Tengah,Donggala,2017,Penyediaan Akomodasi dan Makan Minum,48.42,0.2248792005781281
Sulawesi Tengah,Donggala,2017,Informasi dan Komunikasi,225.08,1.0453492454796587
Sulawesi Tengah,Donggala,2017,Jasa Keuangan dan Asuransi,197.6,0.9177226359817867
Sulawesi Tengah,Donggala,2017,Real Estate,115.33,0.5356323461932159
Sulawesi Tengah,Donggala,2017,Jasa Perusahaan,9.24,0.042913750791860876
Sulawesi Tengah,Donggala,2017,"Administrasi Pemerintahan, Pertahanan dan Jaminan Sosial Wajib",940.79,4.369353637172597
Sulawesi Tengah,Donggala,2017,Jasa Pendidikan,173.41,0.8053759225991984
Sulawesi Tengah,Donggala,2017,Jasa Kesehatan dan Kegiatan Sosial,67.78,0.31479372604678896
Sulawesi Tengah,Donggala,2017,Jasa Lainnya,70.12,0.32566149410446804
Sulawesi Tengah,Donggala,2017,PRODUK DOMESTIK BRUTO,10765.79,50.000046443453236
Sulawesi Tengah,Donggala,2018,"Pertanian, Kehutanan, dan Perikanan",4027.47,17.88376333132921
Sulawesi Tengah,Donggala,2018,Pertambangan dan Penggalian,1841.21,8.175793707532684
Sulawesi Tengah,Donggala,2018,Industri Pengolahan,290.78,1.2911929080747735
Sulawesi Tengah,Donggala,2018,Pengadaan Listrik dan Gas,1.22,0.005417344204729431
Sulawesi Tengah,Donggala,2018,"Pengadaan Air, Pengelolaan Sampah, Limbah dan Daur Ulang",23.06,0.10239668636152514
Sulawesi Tengah,Donggala,2018,Konstruksi,1688.91,7.499513771155396
Sulawesi Tengah,Donggala,2018,Perdagangan Besar dan Eceran; Reparasi Mobil dan Sepeda Motor,1012.74,4.49701735237515
Sulawesi Tengah,Donggala,2018,Transportasi dan Pergudangan,365.3,1.622094949170214
Sulawesi Tengah,Donggala,2018,Penyediaan Akomodasi dan Makan Minum,51.82,0.2301039153189173
Sulawesi Tengah,Donggala,2018,Informasi dan Komunikasi,249.36,1.10726963187814
Sulawesi Tengah,Donggala,2018,Jasa Keuangan dan Asuransi,204.13,0.9064282561569005
Sulawesi Tengah,Donggala,2018,Real Estate,121.34,0.5388037260671058
Sulawesi Tengah,Donggala,2018,Jasa Perusahaan,10.27,0.04560338113325512
Sulawesi Tengah,Donggala,2018,"Administrasi Pemerintahan, Pertahanan dan Jaminan Sosial Wajib",1033.12,4.587513643270548
Sulawesi Tengah,Donggala,2018,Jasa Pendidikan,188.45,0.8368020617879189
Sulawesi Tengah,Donggala,2018,Jasa Kesehatan dan Kegiatan Sosial,73.33,0.3256179102727944
Sulawesi Tengah,Donggala,2018,Jasa Lainnya,77.62,0.34466742391073646
Sulawesi Tengah,Donggala,2018,PRODUK DOMESTIK BRUTO,11260.13,50.0
Sulawesi Tengah,Donggala,2019,"Pertanian, Kehutanan, dan Perikanan",4030.88,16.738874504535744
Sulawesi Tengah,Donggala,2019,Pertambangan dan Penggalian,2252.5,9.353866853259527
Sulawesi Tengah,Donggala,2019,Industri Pengolahan,286.21,1.1885328444268186
Sulawesi Tengah,Donggala,2019,Pengadaan Listrik dan Gas,1.26,0.005232351713699004
Sulawesi Tengah,Donggala,2019,"Pengadaan Air, Pengelolaan Sampah, Limbah dan Daur Ulang",23.16,0.09617560768989597
Sulawesi Tengah,Donggala,2019,Konstruksi,1823.9,7.574036738583819
Sulawesi Tengah,Donggala,2019,Perdagangan Besar dan Eceran; Reparasi Mobil dan Sepeda Motor,1073.14,4.456385649237261
Sulawesi Tengah,Donggala,2019,Transportasi dan Pergudangan,390.29,1.6207417066187175
Sulawesi Tengah,Donggala,2019,Penyediaan Akomodasi dan Makan Minum,54.26,0.22532333649627612
Sulawesi Tengah,Donggala,2019,Informasi dan Komunikasi,272.93,1.1333855184284674
Sulawesi Tengah,Donggala,2019,Jasa Keuangan dan Asuransi,207.8,0.862922766751312
Sulawesi Tengah,Donggala,2019,Real Estate,125.76,0.5222385329482434
Sulawesi Tengah,Donggala,2019,Jasa Perusahaan,10.9,0.04526399498358662
Sulawesi Tengah,Donggala,2019,"Administrasi Pemerintahan, Pertahanan dan Jaminan Sosial Wajib",1123.64,4.666094983794245
Sulawesi Tengah,Donggala,2019,Jasa Pendidikan,201.16,0.835349103752136
Sulawesi Tengah,Donggala,2019,Jasa Kesehatan dan Kegiatan Sosial,80.98,0.33628241410741694
Sulawesi Tengah,Donggala,2019,Jasa Lainnya,81.71,0.3393138559732901
Sulawesi Tengah,Donggala,2019,PRODUK DOMESTIK BRUTO,12040.47,49.99997923669955
Sulawesi Tengah,Donggala,2020,"Pertanian, Kehutanan, dan Perikanan",4132.17,17.602578083732343
Sulawesi Tengah,Donggala,2020,Pertambangan dan Penggalian,1889.57,8.049355053078195
Sulawesi Tengah,Donggala,2020,Industri Pengolahan,274.42,1.1689982449264744
Sulawesi Tengah,Donggala,2020,Pengadaan Listrik dan Gas,1.3,0.00553785335764309
Sulawesi Tengah,Donggala,2020,"Pengadaan Air, Pengelolaan Sampah, Limbah dan Daur Ulang",23.32,0.09934056946172065
Sulawesi Tengah,Donggala,2020,Konstruksi,1850.57,7.883219452348903
Sulawesi Tengah,Donggala,2020,Perdagangan Besar dan Eceran; Reparasi Mobil dan Sepeda Motor,1057.82,4.506193875986163
Sulawesi Tengah,Donggala,2020,Transportasi dan Pergudangan,282.2,1.2021401673283691
Sulawesi Tengah,Donggala,2020,Penyediaan Akomodasi dan Makan Minum,52.45,0.22343108354490773
Sulawesi Tengah,Donggala,2020,Informasi dan Komunikasi,295.31,1.2579872884966008
Sulawesi Tengah,Donggala,2020,Jasa Keuangan dan Asuransi,221.98,0.9456097602535485
Sulawesi Tengah,Donggala,2020,Real Estate,127.37,0.5425818324330772
Sulawesi Tengah,Donggala,2020,Jasa Perusahaan,10.89,0.04639017158825635
Sulawesi Tengah,Donggala,2020,"Administrasi Pemerintahan, Pertahanan dan Jaminan Sosial Wajib",1151.1,4.903556153833046
Sulawesi Tengah,Donggala,2020,Jasa Pendidikan,198.46,0.8454172133521904
Sulawesi Tengah,Donggala,2020,Jasa Kesehatan dan Kegiatan Sosial,86.46,0.3683098471552473
Sulawesi Tengah,Donggala,2020,Jasa Lainnya,82.0,0.34931075025133335
Sulawesi Tengah,Donggala,2020,PRODUK DOMESTIK BRUTO,11737.41,50.000042598871985
Sulawesi Tengah,Donggala,2021,"Pertanian, Kehutanan, dan Perikanan",4521.02,18.00008440612725
Sulawesi Tengah,Donggala,2021,Pertambangan dan Penggalian,1986.88,7.910605948402376
Sulawesi Tengah,Donggala,2021,Industri Pengolahan,290.09,1.1549704459112
Sulawesi Tengah,Donggala,2021,Pengadaan Listrik dan Gas,1.31,0.0052156616365392535
Sulawesi Tengah,Donggala,2021,"Pengadaan Air, Pengelolaan Sampah, Limbah dan Daur Ulang",24.33,0.09686797528015269
Sulawesi Tengah,Donggala,2021,Konstruksi,1965.62,7.825960935888768
Sulawesi Tengah,Donggala,2021,Perdagangan Besar dan Eceran; Reparasi Mobil dan Sepeda Motor,1140.21,4.539656148548414
Sulawesi Tengah,Donggala,2021,Transportasi dan Pergudangan,285.97,1.1385669909932294
Sulawesi Tengah,Donggala,2021,Penyediaan Akomodasi dan Makan Minum,58.51,0.23295294836176467
Sulawesi Tengah,Donggala,2021,Informasi dan Komunikasi,315.01,1.2541874596383435
Sulawesi Tengah,Donggala,2021,Jasa Keuangan dan Asuransi,251.81,1.0025616463335492
Sulawesi Tengah,Donggala,2021,Real Estate,132.46,0.5273790384549538
Sulawesi Tengah,Donggala,2021,Jasa Perusahaan,10.98,0.043716003640611456
Sulawesi Tengah,Donggala,2021,"Administrasi Pemerintahan, Pertahanan dan Jaminan Sosial Wajib",1199.11,4.77416185113785
Sulawesi Tengah,Donggala,2021,Jasa Pendidikan,199.56,0.7945323940364682
Sulawesi Tengah,Donggala,2021,Jasa Kesehatan dan Kegiatan Sosial,92.66,0.3689184788104788
Sulawesi Tengah,Donggala,2021,Jasa Lainnya,82.81,0.3297014810090195
Sulawesi Tengah,Donggala,2021,PRODUK DOMESTIK BRUTO,12558.32,49.999960185789035
Sulawesi Tengah,Donggala,2022,"Pertanian, Kehutanan, dan Perikanan",4975.56,18.05244888829386
Sulawesi Tengah,Donggala,2022,Pertambangan dan Penggalian,2359.18,8.559634768404983
Sulawesi Tengah,Donggala,2022,Industri Pengolahan,310.25,1.1256566632887897
Sulawesi Tengah,Donggala,2022,Pengadaan Listrik dan Gas,1.4,0.005079514354888977
Sulawesi Tengah,Donggala,2022,"Pengadaan Air, Pengelolaan Sampah, Limbah dan Daur Ulang",25.56,0.0927374192221159
Sulawesi Tengah,Donggala,2022,Konstruksi,2059.93,7.473888575047464
Sulawesi Tengah,Donggala,2022,Perdagangan Besar dan Eceran; Reparasi Mobil dan Sepeda Motor,1289.17,4.677398229208731
Sulawesi Tengah,Donggala,2022,Transportasi dan Pergudangan,326.6,1.1849781345048145
Sulawesi Tengah,Donggala,2022,Penyediaan Akomodasi dan Makan Minum,65.49,0.23761242507262795
Sulawesi Tengah,Donggala,2022,Informasi dan Komunikasi,334.47,1.213532261628369
Sulawesi Tengah,Donggala,2022,Jasa Keuangan dan Asuransi,265.96,0.9649625984473374
Sulawesi Tengah,Donggala,2022,Real Estate,142.37,0.516550327646817
Sulawesi Tengah,Donggala,2022,Jasa Perusahaan,11.88,0.04310330752577218
Sulawesi Tengah,Donggala,2022,"Administrasi Pemerintahan, Pertahanan dan Jaminan Sosial Wajib",1226.59,4.450343937545194
Sulawesi Tengah,Donggala,2022,Jasa Pendidikan,203.28,0.7375454843298795
Sulawesi Tengah,Donggala,2022,Jasa Kesehatan dan Kegiatan Sosial,97.44,0.35353419910027284
Sulawesi Tengah,Donggala,2022,Jasa Lainnya,85.71,0.3109751252553816
Sulawesi Tengah,Donggala,2022,PRODUK DOMESTIK BRUTO,13780.85,50.000018141122695
Sulawesi Tengah,Donggala,2023,"Pertanian, Kehutanan, dan Perikanan",5348.57,17.762802849583224
Sulawesi Tengah,Donggala,2023,Pertambangan dan Penggalian,2887.88,9.590758481847374
Sulawesi Tengah,Donggala,2023,Industri Pengolahan,323.88,1.0756177047178994
Sulawesi Tengah,Donggala,2023,Pengadaan Listrik dan Gas,1.5,0.004981556616885418
Sulawesi Tengah,Donggala,2023,"Pengadaan Air, Pengelolaan Sampah, Limbah dan Daur Ulang",26.78,0.08893739080012766
Sulawesi Tengah,Donggala,2023,Konstruksi,2179.41,7.237902870937499
Sulawesi Tengah,Donggala,2023,Perdagangan Besar dan Eceran; Reparasi Mobil dan Sepeda Motor,1390.13,4.616674199887284
Sulawesi Tengah,Donggala,2023,Transportasi dan Pergudangan,346.32,1.1501417917065053
Sulawesi Tengah,Donggala,2023,Penyediaan Akomodasi dan Makan Minum,70.82,0.23519589307188352
Sulawesi Tengah,Donggala,2023,Informasi dan Komunikasi,352.57,1.1708982776101944
Sulawesi Tengah,Donggala,2023,Jasa Keuangan dan Asuransi,271.04,0.9001340702937491
Sulawesi Tengah,Donggala,2023,Real Estate,159.25,0.5288752608260019
Sulawesi Tengah,Donggala,2023,Jasa Perusahaan,12.85,0.04267533501798508
Sulawesi Tengah,Donggala,2023,"Administrasi Pemerintahan, Pertahanan dan Jaminan Sosial Wajib",1280.77,4.253485512138891
Sulawesi Tengah,Donggala,2023,Jasa Pendidikan,210.09,0.6977168197609717
Sulawesi Tengah,Donggala,2023,Jasa Kesehatan dan Kegiatan Sosial,103.14,0.3425318329770413
Sulawesi Tengah,Donggala,2023,Jasa Lainnya,90.54,0.30068675739520384
Sulawesi Tengah,Donggala,2023,PRODUK DOMESTIK BRUTO,15055.53,49.99998339481128
Sulawesi Tengah,Donggala,2024,"Pertanian, Kehutanan, dan Perikanan",5960.12,18.031218186961212
Sulawesi Tengah,Donggala,2024,Pertambangan dan Penggalian,3179.76,9.619763753443184
Sulawesi Tengah,Donggala,2024,Industri Pengolahan,346.92,1.0495409846480581
Sulawesi Tengah,Donggala,2024,Pengadaan Listrik dan Gas,1.64,0.004961510477409245
Sulawesi Tengah,Donggala,2024,"Pengadaan Air, Pengelolaan Sampah, Limbah dan Daur Ulang",28.63,0.08661466156599187
Sulawesi Tengah,Donggala,2024,Konstruksi,2419.78,7.3205876969666726
Sulawesi Tengah,Donggala,2024,Perdagangan Besar dan Eceran; Reparasi Mobil dan Sepeda Motor,1478.37,4.4725294173704295
Sulawesi Tengah,Donggala,2024,Transportasi dan Pergudangan,372.82,1.1278965464559234
Sulawesi Tengah,Donggala,2024,Penyediaan Akomodasi dan Makan Minum,80.02,0.24208540756237057
Sulawesi Tengah,Donggala,2024,Informasi dan Komunikasi,374.82,1.1339471689893494
Sulawesi Tengah,Donggala,2024,Jasa Keuangan dan Asuransi,301.98,0.9135834963219779
Sulawesi Tengah,Donggala,2024,Real Estate,177.72,0.5376583183202263
Sulawesi Tengah,Donggala,2024,Jasa Perusahaan,14.03,0.042445117071982744
Sulawesi Tengah,Donggala,2024,"Administrasi Pemerintahan, Pertahanan dan Jaminan Sosial Wajib",1363.47,4.124921152825111
Sulawesi Tengah,Donggala,2024,Jasa Pendidikan,220.32,0.666536578282198
Sulawesi Tengah,Donggala,2024,Jasa Kesehatan dan Kegiatan Sosial,109.23,0.330454749663056
Sulawesi Tengah,Donggala,2024,Jasa Lainnya,97.6,0.2952703796311843
Sulawesi Tengah,Donggala,2024,PRODUK DOMESTIK BRUTO,16527.22,49.99998487344367
Sulawesi Tengah,Toli-Toli,2016,"Pertanian, Kehutanan, dan Perikanan",2713.86,20.66948519359411
Sulawesi Tengah,Toli-Toli,2016,Pertambangan dan Penggalian,136.29,1.0380211717019083
Sulawesi Tengah,Toli-Toli,2016,Industri Pengolahan,163.67,1.2465545907436446
Sulawesi Tengah,Toli-Toli,2016,Pengadaan Listrik dan Gas,1.4,0.01066277526144744
Sulawesi Tengah,Toli-Toli,2016,"Pengadaan Air, Pengelolaan Sampah, Limbah dan Daur Ulang",18.44,0.14044398272935057
Sulawesi Tengah,Toli-Toli,2016,Konstruksi,794.72,6.052800539841079
Sulawesi Tengah,Toli-Toli,2016,Perdagangan Besar dan Eceran; Reparasi Mobil dan Sepeda Motor,609.01,4.638383401410075
Sulawesi Tengah,Toli-Toli,2016,Transportasi dan Pergudangan,335.09,2.5521352588274446
Sulawesi Tengah,Toli-Toli,2016,Penyediaan Akomodasi dan Makan Minum,38.28,0.2915507407201486
Sulawesi Tengah,Toli-Toli,2016,Informasi dan Komunikasi,280.89,2.139333530848551
Sulawesi Tengah,Toli-Toli,2016,Jasa Keuangan dan Asuransi,212.99,1.6221889306683506
Sulawesi Tengah,Toli-Toli,2016,Real Estate,160.43,1.2218778822814378
Sulawesi Tengah,Toli-Toli,2016,Jasa Perusahaan,12.47,0.09497486250732114
Sulawesi Tengah,Toli-Toli,2016,"Administrasi Pemerintahan, Pertahanan dan Jaminan Sosial Wajib",575.72,4.384837838228943
Sulawesi Tengah,Toli-Toli,2016,Jasa Pendidikan,319.93,2.436672635282057
Sulawesi Tengah,Toli-Toli,2016,Jasa Kesehatan dan Kegiatan Sosial,88.84,0.676629253019279
Sulawesi Tengah,Toli-Toli,2016,Jasa Lainnya,102.86,0.7834093309946312
Sulawesi Tengah,Toli-Toli,2016,PRODUK DOMESTIK BRUTO,6564.9,50.000038081340215
Sulawesi Tengah,Toli-Toli,2017,"Pertanian, Kehutanan, dan Perikanan",2904.39,20.344977587804742
Sulawesi Tengah,Toli-Toli,2017,Pertambangan dan Penggalian,151.51,1.0613132376603336
Sulawesi Tengah,Toli-Toli,2017,Industri Pengolahan,178.29,1.2489046078969102
Sulawesi Tengah,Toli-Toli,2017,Pengadaan Listrik dan Gas,1.72,0.012048437520795813
Sulawesi Tengah,Toli-Toli,2017,"Pengadaan Air, Pengelolaan Sampah, Limbah dan Daur Ulang",20.16,0.1412188955925835
Sulawesi Tengah,Toli-Toli,2017,Konstruksi,866.07,6.066738536997461
Sulawesi Tengah,Toli-Toli,2017,Perdagangan Besar dan Eceran; Reparasi Mobil dan Sepeda Motor,661.13,4.6311531965835675
Sulawesi Tengah,Toli-Toli,2017,Transportasi dan Pergudangan,363.79,2.548314584703668
Sulawesi Tengah,Toli-Toli,2017,Penyediaan Akomodasi dan Makan Minum,43.46,0.3044331945661547
Sulawesi Tengah,Toli-Toli,2017,Informasi dan Komunikasi,310.77,2.1769144932196016
Sulawesi Tengah,Toli-Toli,2017,Jasa Keuangan dan Asuransi,239.77,1.6795662002100074
Sulawesi Tengah,Toli-Toli,2017,Real Estate,174.8,1.2244574875785514
Sulawesi Tengah,Toli-Toli,2017,Jasa Perusahaan,13.6,0.09526671528071108
Sulawesi Tengah,Toli-Toli,2017,"Administrasi Pemerintahan, Pertahanan dan Jaminan Sosial Wajib",657.58,4.606285781933088
Sulawesi Tengah,Toli-Toli,2017,Jasa Pendidikan,344.83,2.4155015757535003
Sulawesi Tengah,Toli-Toli,2017,Jasa Kesehatan dan Kegiatan Sosial,96.49,0.6759033351055744
Sulawesi Tengah,Toli-Toli,2017,Jasa Lainnya,109.5,0.7670371561204312
Sulawesi Tengah,Toli-Toli,2017,PRODUK DOMESTIK BRUTO,7137.85,49.99996497547233
Sulawesi Tengah,Toli-Toli,2018,"Pertanian, Kehutanan, dan Perikanan",3151.05,20.027304326934996
Sulawesi Tengah,Toli-Toli,2018,Pertambangan dan Penggalian,157.12,0.9986163519614181
Sulawesi Tengah,Toli-Toli,2018,Industri Pengolahan,191.64,1.2180170423236134
Sulawesi Tengah,Toli-Toli,2018,Pengadaan Listrik dan Gas,1.93,0.012266608702173732
Sulawesi Tengah,Toli-Toli,2018,"Pengadaan Air, Pengelolaan Sampah, Limbah dan Daur Ulang",21.11,0.13417000502740284
Sulawesi Tengah,Toli-Toli,2018,Konstruksi,964.39,6.129427340046282
Sulawesi Tengah,Toli-Toli,2018,Perdagangan Besar dan Eceran; Reparasi Mobil dan Sepeda Motor,739.84,4.702242374205292
Sulawesi Tengah,Toli-Toli,2018,Transportasi dan Pergudangan,393.27,2.4995280851315353
Sulawesi Tengah,Toli-Toli,2018,Penyediaan Akomodasi dan Makan Minum,48.12,0.3058389692997927
Sulawesi Tengah,Toli-Toli,2018,Informasi dan Komunikasi,365.86,2.3253168185374515
Sulawesi Tengah,Toli-Toli,2018,Jasa Keuangan dan Asuransi,254.73,1.6190016760128056
Sulawesi Tengah,Toli-Toli,2018,Real Estate,189.35,1.203462361531915
Sulawesi Tengah,Toli-Toli,2018,Jasa Perusahaan,15.12,0.09609902776003461
Sulawesi Tengah,Toli-Toli,2018,"Administrasi Pemerintahan, Pertahanan dan Jaminan Sosial Wajib",766.42,4.871178363481861
Sulawesi Tengah,Toli-Toli,2018,Jasa Pendidikan,379.62,2.4127720184037265
Sulawesi Tengah,Toli-Toli,2018,Jasa Kesehatan dan Kegiatan Sosial,108.67,0.6906799832462277
Sulawesi Tengah,Toli-Toli,2018,Jasa Lainnya,118.65,0.7541104261724939
Sulawesi Tengah,Toli-Toli,2018,PRODUK DOMESTIK BRUTO,7866.88,49.99996822122098
Sulawesi Tengah,Toli-Toli,2019,"Pertanian, Kehutanan, dan Perikanan",3275.06,19.373092302960035
Sulawesi Tengah,Toli-Toli,2019,Pertambangan dan Penggalian,182.27,1.0781889596100607
Sulawesi Tengah,Toli-Toli,2019,Industri Pengolahan,197.44,1.1679246622341055
Sulawesi Tengah,Toli-Toli,2019,Pengadaan Listrik dan Gas,2.08,0.012303906490310674
Sulawesi Tengah,Toli-Toli,2019,"Pengadaan Air, Pengelolaan Sampah, Limbah dan Daur Ulang",21.61,0.12783049002673733
Sulawesi Tengah,Toli-Toli,2019,Konstruksi,1067.19,6.312791330478196
Sulawesi Tengah,Toli-Toli,2019,Perdagangan Besar dan Eceran; Reparasi Mobil dan Sepeda Motor,803.35,4.752088114899557
Sulawesi Tengah,Toli-Toli,2019,Transportasi dan Pergudangan,438.07,2.5913328443319212
Sulawesi Tengah,Toli-Toli,2019,Penyediaan Akomodasi dan Makan Minum,51.67,0.30564560017036174
Sulawesi Tengah,Toli-Toli,2019,Informasi dan Komunikasi,401.58,2.375482100182192
Sulawesi Tengah,Toli-Toli,2019,Jasa Keuangan dan Asuransi,261.99,1.5497598372098524
Sulawesi Tengah,Toli-Toli,2019,Real Estate,197.98,1.1711189456498592
Sulawesi Tengah,Toli-Toli,2019,Jasa Perusahaan,16.07,0.09505950831696756
Sulawesi Tengah,Toli-Toli,2019,"Administrasi Pemerintahan, Pertahanan dan Jaminan Sosial Wajib",870.55,5.149598939971132
Sulawesi Tengah,Toli-Toli,2019,Jasa Pendidikan,411.58,2.434635496770224
Sulawesi Tengah,Toli-Toli,2019,Jasa Kesehatan dan Kegiatan Sosial,123.39,0.7298937604997279
Sulawesi Tengah,Toli-Toli,2019,Jasa Lainnya,130.72,0.7732532001987553
Sulawesi Tengah,Toli-Toli,2019,PRODUK DOMESTIK BRUTO,8452.6,50.0
Sulawesi Tengah,Toli-Toli,2020,"Pertanian, Kehutanan, dan Perikanan",3304.6,19.857417898716715
Sulawesi Tengah,Toli-Toli,2020,Pertambangan dan Penggalian,147.26,0.8848887489454165
Sulawesi Tengah,Toli-Toli,2020,Industri Pengolahan,200.27,1.2034270660824293
Sulawesi Tengah,Toli-Toli,2020,Pengadaan Listrik dan Gas,2.17,0.01303958023367889
Sulawesi Tengah,Toli-Toli,2020,"Pengadaan Air, Pengelolaan Sampah, Limbah dan Daur Ulang",21.32,0.12811237354010782
Sulawesi Tengah,Toli-Toli,2020,Konstruksi,970.04,5.828992815611922
Sulawesi Tengah,Toli-Toli,2020,Perdagangan Besar dan Eceran; Reparasi Mobil dan Sepeda Motor,785.35,4.719186330193419
Sulawesi Tengah,Toli-Toli,2020,Transportasi dan Pergudangan,314.04,1.8870736297624515
Sulawesi Tengah,Toli-Toli,2020,Penyediaan Akomodasi dan Makan Minum,48.26,0.2899954571784992
Sulawesi Tengah,Toli-Toli,2020,Informasi dan Komunikasi,436.3,2.6217367999788483
Sulawesi Tengah,Toli-Toli,2020,Jasa Keuangan dan Asuransi,285.69,1.7167178234837432
Sulawesi Tengah,Toli-Toli,2020,Real Estate,204.71,1.2301071288647034
Sulawesi Tengah,Toli-Toli,2020,Jasa Perusahaan,16.13,0.09692554339596338
Sulawesi Tengah,Toli-Toli,2020,"Administrasi Pemerintahan, Pertahanan dan Jaminan Sosial Wajib",903.04,5.426388264618151
Sulawesi Tengah,Toli-Toli,2020,Jasa Pendidikan,416.96,2.5055222922740787
Sulawesi Tengah,Toli-Toli,2020,Jasa Kesehatan dan Kegiatan Sosial,132.49,0.7961354770323118
Sulawesi Tengah,Toli-Toli,2020,Jasa Lainnya,132.19,0.7943327700875635
Sulawesi Tengah,Toli-Toli,2020,PRODUK DOMESTIK BRUTO,8320.82,50.0
Sulawesi Tengah,Toli-Toli,2021,"Pertanian, Kehutanan, dan Perikanan",3520.94,19.777895115265355
Sulawesi Tengah,Toli-Toli,2021,Pertambangan dan Penggalian,156.61,0.8797128477059274
Sulawesi Tengah,Toli-Toli,2021,Industri Pengolahan,206.7,1.1610794050240414
Sulawesi Tengah,Toli-Toli,2021,Pengadaan Listrik dan Gas,2.28,0.012807261942210038
Sulawesi Tengah,Toli-Toli,2021,"Pengadaan Air, Pengelolaan Sampah, Limbah dan Daur Ulang",22.58,0.1268368309890801
Sulawesi Tengah,Toli-Toli,2021,Konstruksi,1062.1,5.966049521412843
Sulawesi Tengah,Toli-Toli,2021,Perdagangan Besar dan Eceran; Reparasi Mobil dan Sepeda Motor,862.35,4.8440097964319415
Sulawesi Tengah,Toli-Toli,2021,Transportasi dan Pergudangan,336.6,1.8907563025210083
Sulawesi Tengah,Toli-Toli,2021,Penyediaan Akomodasi dan Makan Minum,52.69,0.2959713297083539
Sulawesi Tengah,Toli-Toli,2021,Informasi dan Komunikasi,472.61,2.654754415135038
Sulawesi Tengah,Toli-Toli,2021,Jasa Keuangan dan Asuransi,326.32,1.8330112793780613
Sulawesi Tengah,Toli-Toli,2021,Real Estate,210.36,1.181638430773379
Sulawesi Tengah,Toli-Toli,2021,Jasa Perusahaan,16.89,0.09487484833505595
Sulawesi Tengah,Toli-Toli,2021,"Administrasi Pemerintahan, Pertahanan dan Jaminan Sosial Wajib",943.9,5.302094099671954
Sulawesi Tengah,Toli-Toli,2021,Jasa Pendidikan,423.24,2.37743225632499
Sulawesi Tengah,Toli-Toli,2021,Jasa Kesehatan dan Kegiatan Sosial,147.45,0.8282591111310833
Sulawesi Tengah,Toli-Toli,2021,Jasa Lainnya,137.57,0.7727609760481732
Sulawesi Tengah,Toli-Toli,2021,PRODUK DOMESTIK BRUTO,8901.21,50.00005617220149
Sulawesi Tengah,Toli-Toli,2022,"Pertanian, Kehutanan, dan Perikanan",3812.54,19.657810733232512
Sulawesi Tengah,Toli-Toli,2022,Pertambangan dan Penggalian,175.17,0.9031928074565354
Sulawesi Tengah,Toli-Toli,2022,Industri Pengolahan,216.18,1.1146441806014378
Sulawesi Tengah,Toli-Toli,2022,Pengadaan Listrik dan Gas,2.49,0.012838671522331297
Sulawesi Tengah,Toli-Toli,2022,"Pengadaan Air, Pengelolaan Sampah, Limbah dan Daur Ulang",24.05,0.12400403618958541
Sulawesi Tengah,Toli-Toli,2022,Konstruksi,1195.36,6.163387305595959
Sulawesi Tengah,Toli-Toli,2022,Perdagangan Besar dan Eceran; Reparasi Mobil dan Sepeda Motor,983.31,5.070037789005457
Sulawesi Tengah,Toli-Toli,2022,Transportasi dan Pergudangan,400.09,2.0629012407106537
Sulawesi Tengah,Toli-Toli,2022,Penyediaan Akomodasi dan Makan Minum,58.28,0.30049709892428433
Sulawesi Tengah,Toli-Toli,2022,Informasi dan Komunikasi,508.58,2.622285768203715
Sulawesi Tengah,Toli-Toli,2022,Jasa Keuangan dan Asuransi,351.18,1.81071673301699
Sulawesi Tengah,Toli-Toli,2022,Real Estate,227.1,1.1709487159523846
Sulawesi Tengah,Toli-Toli,2022,Jasa Perusahaan,18.19,0.0937893313217696
Sulawesi Tengah,Toli-Toli,2022,"Administrasi Pemerintahan, Pertahanan dan Jaminan Sosial Wajib",971.89,5.011155207164082
Sulawesi Tengah,Toli-Toli,2022,Jasa Pendidikan,448.08,2.3103421428619306
Sulawesi Tengah,Toli-Toli,2022,Jasa Kesehatan dan Kegiatan Sosial,156.69,0.8079082091703176
Sulawesi Tengah,Toli-Toli,2022,Jasa Lainnya,148.09,0.7635658095349566
Sulawesi Tengah,Toli-Toli,2022,PRODUK DOMESTIK BRUTO,9697.26,49.9999742195351
Sulawesi Tengah,Toli-Toli,2023,"Pertanian, Kehutanan, dan Perikanan",4060.59,19.580564243369373
Sulawesi Tengah,Toli-Toli,2023,Pertambangan dan Penggalian,191.89,0.9253124478610618
Sulawesi Tengah,Toli-Toli,2023,Industri Pengolahan,220.65,1.0639959957295497
Sulawesi Tengah,Toli-Toli,2023,Pengadaan Listrik dan Gas,2.64,0.012730339581808345
Sulawesi Tengah,Toli-Toli,2023,"Pengadaan Air, Pengelolaan Sampah, Limbah dan Daur Ulang",25.1,0.12103466799370811
Sulawesi Tengah,Toli-Toli,2023,Konstruksi,1283.81,6.190658052470216
Sulawesi Tengah,Toli-Toli,2023,Perdagangan Besar dan Eceran; Reparasi Mobil dan Sepeda Motor,1074.36,5.180669557996823
Sulawesi Tengah,Toli-Toli,2023,Transportasi dan Pergudangan,435.24,2.0987700756008576
Sulawesi Tengah,Toli-Toli,2023,Penyediaan Akomodasi dan Makan Minum,63.65,0.3069265584780686
Sulawesi Tengah,Toli-Toli,2023,Informasi dan Komunikasi,542.39,2.615457911279177
Sulawesi Tengah,Toli-Toli,2023,Jasa Keuangan dan Asuransi,357.13,1.7221159753224295
Sulawesi Tengah,Toli-Toli,2023,Real Estate,254.28,1.2261631624478126
Sulawesi Tengah,Toli-Toli,2023,Jasa Perusahaan,19.86,0.09576687276314913
Sulawesi Tengah,Toli-Toli,2023,"Administrasi Pemerintahan, Pertahanan dan Jaminan Sosial Wajib",1031.93,4.976067926005865
Sulawesi Tengah,Toli-Toli,2023,Jasa Pendidikan,475.21,2.2915093457087665
Sulawesi Tengah,Toli-Toli,2023,Jasa Kesehatan dan Kegiatan Sosial,170.03,0.8199013784450275
Sulawesi Tengah,Toli-Toli,2023,Jasa Lainnya,160.17,0.7723554889463039
Sulawesi Tengah,Toli-Toli,2023,PRODUK DOMESTIK BRUTO,10368.93,50.0
Sulawesi Tengah,Toli-Toli,2024,"Pertanian, Kehutanan, dan Perikanan",4353.56,19.6550049029611
Sulawesi Tengah,Toli-Toli,2024,Pertambangan dan Penggalian,207.38,0.9362578939479581
Sulawesi Tengah,Toli-Toli,2024,Industri Pengolahan,230.23,1.0394187237131758
Sulawesi Tengah,Toli-Toli,2024,Pengadaan Listrik dan Gas,2.83,0.0127765929205937
Sulawesi Tengah,Toli-Toli,2024,"Pengadaan Air, Pengelolaan Sampah, Limbah dan Daur Ulang",26.4,0.11918800463027338
Sulawesi Tengah,Toli-Toli,2024,Konstruksi,1388.11,6.266896254065483
Sulawesi Tengah,Toli-Toli,2024,Perdagangan Besar dan Eceran; Reparasi Mobil dan Sepeda Motor,1168.53,5.275559054947475
Sulawesi Tengah,Toli-Toli,2024,Transportasi dan Pergudangan,454.37,2.051342941812777
Sulawesi Tengah,Toli-Toli,2024,Penyediaan Akomodasi dan Makan Minum,69.88,0.31548703649861753
Sulawesi Tengah,Toli-Toli,2024,Informasi dan Komunikasi,567.52,2.562180923779271
Sulawesi Tengah,Toli-Toli,2024,Jasa Keuangan dan Asuransi,397.09,1.7927410893422444
Sulawesi Tengah,Toli-Toli,2024,Real Estate,277.51,1.252873604732847
Sulawesi Tengah,Toli-Toli,2024,Jasa Perusahaan,21.11,0.09530525673276785
Sulawesi Tengah,Toli-Toli,2024,"Administrasi Pemerintahan, Pertahanan dan Jaminan Sosial Wajib",1083.04,4.889597596014063
Sulawesi Tengah,Toli-Toli,2024,Jasa Pendidikan,478.76,2.1614564051814273
Sulawesi Tengah,Toli-Toli,2024,Jasa Kesehatan dan Kegiatan Sosial,178.45,0.8056477055406168
Sulawesi Tengah,Toli-Toli,2024,Jasa Lainnya,170.17,0.7682660131793039
Sulawesi Tengah,Toli-Toli,2024,PRODUK DOMESTIK BRUTO,11074.94,50.0
Sulawesi Tengah,Buol,2016,"Pertanian, Kehutanan, dan Perikanan",2312.85,24.04722420058328
Sulawesi Tengah,Buol,2016,Pertambangan dan Penggalian,83.77,0.8709756237035957
Sulawesi Tengah,Buol,2016,Industri Pengolahan,675.59,7.024261926917898
Sulawesi Tengah,Buol,2016,Pengadaan Listrik dan Gas,1.01,0.010501198280298815
Sulawesi Tengah,Buol,2016,"Pengadaan Air, Pengelolaan Sampah, Limbah dan Daur Ulang",9.79,0.10178884273675781
Sulawesi Tengah,Buol,2016,Konstruksi,453.21,4.712126804568541
Sulawesi Tengah,Buol,2016,Perdagangan Besar dan Eceran; Reparasi Mobil dan Sepeda Motor,280.78,2.9193331219230703
Sulawesi Tengah,Buol,2016,Transportasi dan Pergudangan,152.88,1.5895279139525573
Sulawesi Tengah,Buol,2016,Penyediaan Akomodasi dan Makan Minum,26.98,0.28051715802223964
Sulawesi Tengah,Buol,2016,Informasi dan Komunikasi,55.53,0.577357960896033
Sulawesi Tengah,Buol,2016,Jasa Keuangan dan Asuransi,50.44,0.5244360804537349
Sulawesi Tengah,Buol,2016,Real Estate,144.36,1.5009435482613238
Sulawesi Tengah,Buol,2016,Jasa Perusahaan,3.71,0.038573708534562975
Sulawesi Tengah,Buol,2016,"Administrasi Pemerintahan, Pertahanan dan Jaminan Sosial Wajib",214.59,2.2311407316527947
Sulawesi Tengah,Buol,2016,Jasa Pendidikan,165.45,1.720221045025187
Sulawesi Tengah,Buol,2016,Jasa Kesehatan dan Kegiatan Sosial,95.08,0.9885682499909023
Sulawesi Tengah,Buol,2016,Jasa Lainnya,82.96,0.8625538706273165
Sulawesi Tengah,Buol,2016,PRODUK DOMESTIK BRUTO,4808.97,49.9999480138699
Sulawesi Tengah,Buol,2017,"Pertanian, Kehutanan, dan Perikanan",2455.23,23.853372337149192
Sulawesi Tengah,Buol,2017,Pertambangan dan Penggalian,89.85,0.8729224978893443
Sulawesi Tengah,Buol,2017,Industri Pengolahan,719.65,6.991638014536078
Sulawesi Tengah,Buol,2017,Pengadaan Listrik dan Gas,1.2,0.011658397300692411
Sulawesi Tengah,Buol,2017,"Pengadaan Air, Pengelolaan Sampah, Limbah dan Daur Ulang",10.37,0.10074798334015024
Sulawesi Tengah,Buol,2017,Konstruksi,503.53,4.891960660681375
Sulawesi Tengah,Buol,2017,Perdagangan Besar dan Eceran; Reparasi Mobil dan Sepeda Motor,302.02,2.9342242939626018
Sulawesi Tengah,Buol,2017,Transportasi dan Pergudangan,162.03,1.574175095525993
Sulawesi Tengah,Buol,2017,Penyediaan Akomodasi dan Makan Minum,29.46,0.2862136537319987
Sulawesi Tengah,Buol,2017,Informasi dan Komunikasi,60.53,0.5880689905090931
Sulawesi Tengah,Buol,2017,Jasa Keuangan dan Asuransi,53.07,0.5155926206231218
Sulawesi Tengah,Buol,2017,Real Estate,156.37,1.5191863215910604
Sulawesi Tengah,Buol,2017,Jasa Perusahaan,3.91,0.03798694453808944
Sulawesi Tengah,Buol,2017,"Administrasi Pemerintahan, Pertahanan dan Jaminan Sosial Wajib",230.99,2.24414432707245
Sulawesi Tengah,Buol,2017,Jasa Pendidikan,177.46,1.7240826541507295
Sulawesi Tengah,Buol,2017,Jasa Kesehatan dan Kegiatan Sosial,101.73,0.9883406311661992
Sulawesi Tengah,Buol,2017,Jasa Lainnya,89.1,0.8656359995764115
Sulawesi Tengah,Buol,2017,PRODUK DOMESTIK BRUTO,5146.51,50.00004857665542
Sulawesi Tengah,Buol,2018,"Pertanian, Kehutanan, dan Perikanan",2586.35,23.418683153506535
Sulawesi Tengah,Buol,2018,Pertambangan dan Penggalian,101.75,0.921318077935813
Sulawesi Tengah,Buol,2018,Industri Pengolahan,760.41,6.8853020112351
Sulawesi Tengah,Buol,2018,Pengadaan Listrik dan Gas,1.34,0.012133328987066237
Sulawesi Tengah,Buol,2018,"Pengadaan Air, Pengelolaan Sampah, Limbah dan Daur Ulang",11.0,0.09960195437143925
Sulawesi Tengah,Buol,2018,Konstruksi,555.53,5.0301703374514215
Sulawesi Tengah,Buol,2018,Perdagangan Besar dan Eceran; Reparasi Mobil dan Sepeda Motor,335.9,3.041481497578767
Sulawesi Tengah,Buol,2018,Transportasi dan Pergudangan,180.79,1.6370033937102273
Sulawesi Tengah,Buol,2018,Penyediaan Akomodasi dan Makan Minum,32.14,0.2910188012270961
Sulawesi Tengah,Buol,2018,Informasi dan Komunikasi,71.83,0.6504007620454981
Sulawesi Tengah,Buol,2018,Jasa Keuangan dan Asuransi,55.72,0.5045291725069632
Sulawesi Tengah,Buol,2018,Real Estate,164.07,1.4856084230656394
Sulawesi Tengah,Buol,2018,Jasa Perusahaan,4.16,0.03766764819865338
Sulawesi Tengah,Buol,2018,"Administrasi Pemerintahan, Pertahanan dan Jaminan Sosial Wajib",259.53,2.349972292547238
Sulawesi Tengah,Buol,2018,Jasa Pendidikan,188.06,1.702831230826624
Sulawesi Tengah,Buol,2018,Jasa Kesehatan dan Kegiatan Sosial,116.7,1.0566861886497236
Sulawesi Tengah,Buol,2018,Jasa Lainnya,96.71,0.8756822733874443
Sulawesi Tengah,Buol,2018,PRODUK DOMESTIK BRUTO,5521.97,49.99990945276876
Sulawesi Tengah,Buol,2019,"Pertanian, Kehutanan, dan Perikanan",2593.5,22.683541203841372
Sulawesi Tengah,Buol,2019,Pertambangan dan Penggalian,119.4,1.044308779540644
Sulawesi Tengah,Buol,2019,Industri Pengolahan,743.96,6.506900834397467
Sulawesi Tengah,Buol,2019,Pengadaan Listrik dan Gas,1.53,0.013381846169993177
Sulawesi Tengah,Buol,2019,"Pengadaan Air, Pengelolaan Sampah, Limbah dan Daur Ulang",11.44,0.10005772561092936
Sulawesi Tengah,Buol,2019,Konstruksi,611.19,5.345653961201393
Sulawesi Tengah,Buol,2019,Perdagangan Besar dan Eceran; Reparasi Mobil dan Sepeda Motor,367.36,3.2130424895481657
Sulawesi Tengah,Buol,2019,Transportasi dan Pergudangan,199.77,1.747249287176168
Sulawesi Tengah,Buol,2019,Penyediaan Akomodasi dan Makan Minum,35.25,0.3083072401910193
Sulawesi Tengah,Buol,2019,Informasi dan Komunikasi,79.89,0.6987422813861143
Sulawesi Tengah,Buol,2019,Jasa Keuangan dan Asuransi,58.78,0.5141077894589535
Sulawesi Tengah,Buol,2019,Real Estate,167.48,1.4648311088565078
Sulawesi Tengah,Buol,2019,Jasa Perusahaan,4.76,0.04163241030664543
Sulawesi Tengah,Buol,2019,"Administrasi Pemerintahan, Pertahanan dan Jaminan Sosial Wajib",292.04,2.5542708205783056
Sulawesi Tengah,Buol,2019,Jasa Pendidikan,200.85,1.7566952962373392
Sulawesi Tengah,Buol,2019,Jasa Kesehatan dan Kegiatan Sosial,128.37,1.1227631325764864
Sulawesi Tengah,Buol,2019,Jasa Lainnya,101.15,0.8846887190162156
Sulawesi Tengah,Buol,2019,PRODUK DOMESTIK BRUTO,5716.68,49.99982507390627
Sulawesi Tengah,Buol,2020,"Pertanian, Kehutanan, dan Perikanan",2606.16,23.11435760487518
Sulawesi Tengah,Buol,2020,Pertambangan dan Penggalian,102.5,0.909085265102567
Sulawesi Tengah,Buol,2020,Industri Pengolahan,752.45,6.673572758306601
Sulawesi Tengah,Buol,2020,Pengadaan Listrik dan Gas,1.6,0.014190599260137632
Sulawesi Tengah,Buol,2020,"Pengadaan Air, Pengelolaan Sampah, Limbah dan Daur Ulang",11.17,0.09906812108483583
Sulawesi Tengah,Buol,2020,Konstruksi,560.27,4.969104404673319
Sulawesi Tengah,Buol,2020,Perdagangan Besar dan Eceran; Reparasi Mobil dan Sepeda Motor,350.1,3.105080500608866
Sulawesi Tengah,Buol,2020,Transportasi dan Pergudangan,146.2,1.296666007395076
Sulawesi Tengah,Buol,2020,Penyediaan Akomodasi dan Makan Minum,31.88,0.2827476902582423
Sulawesi Tengah,Buol,2020,Informasi dan Komunikasi,85.87,0.7615917240425115
Sulawesi Tengah,Buol,2020,Jasa Keuangan dan Asuransi,67.51,0.5987545975324322
Sulawesi Tengah,Buol,2020,Real Estate,170.29,1.5103232175055232
Sulawesi Tengah,Buol,2020,Jasa Perusahaan,4.71,0.04177357657203015
Sulawesi Tengah,Buol,2020,"Administrasi Pemerintahan, Pertahanan dan Jaminan Sosial Wajib",304.48,2.7004710392041913
Sulawesi Tengah,Buol,2020,Jasa Pendidikan,203.5,1.8048668433987551
Sulawesi Tengah,Buol,2020,Jasa Kesehatan dan Kegiatan Sosial,137.86,1.2226975087516088
Sulawesi Tengah,Buol,2020,Jasa Lainnya,100.99,0.8956928870508122
Sulawesi Tengah,Buol,2020,PRODUK DOMESTIK BRUTO,5637.53,49.99995565437731
Sulawesi Tengah,Buol,2021,"Pertanian, Kehutanan, dan Perikanan",2916.53,23.776925572833356
Sulawesi Tengah,Buol,2021,Pertambangan dan Penggalian,108.78,0.8868257702862006
Sulawesi Tengah,Buol,2021,Industri Pengolahan,797.54,6.501921537360326
Sulawesi Tengah,Buol,2021,Pengadaan Listrik dan Gas,1.68,0.013696150892450975
Sulawesi Tengah,Buol,2021,"Pengadaan Air, Pengelolaan Sampah, Limbah dan Daur Ulang",11.58,0.09440561150867992
Sulawesi Tengah,Buol,2021,Konstruksi,595.21,4.85243212660461
Sulawesi Tengah,Buol,2021,Perdagangan Besar dan Eceran; Reparasi Mobil dan Sepeda Motor,374.18,3.050491512462682
Sulawesi Tengah,Buol,2021,Transportasi dan Pergudangan,152.62,1.2442300888130164
Sulawesi Tengah,Buol,2021,Penyediaan Akomodasi dan Makan Minum,35.08,0.28598867458760724
Sulawesi Tengah,Buol,2021,Informasi dan Komunikasi,92.36,0.7529622002540309
Sulawesi Tengah,Buol,2021,Jasa Keuangan dan Asuransi,78.01,0.6359742447143456
Sulawesi Tengah,Buol,2021,Real Estate,175.23,1.4285574529072524
Sulawesi Tengah,Buol,2021,Jasa Perusahaan,4.89,0.03986558206195551
Sulawesi Tengah,Buol,2021,"Administrasi Pemerintahan, Pertahanan dan Jaminan Sosial Wajib",318.44,2.596072791781005
Sulawesi Tengah,Buol,2021,Jasa Pendidikan,210.14,1.7131602074640757
Sulawesi Tengah,Buol,2021,Jasa Kesehatan dan Kegiatan Sosial,155.78,1.2699918964440553
Sulawesi Tengah,Buol,2021,Jasa Lainnya,105.07,0.8565801037320379
Sulawesi Tengah,Buol,2021,PRODUK DOMESTIK BRUTO,6133.1,49.999918475292304
Sulawesi Tengah,Buol,2022,"Pertanian, Kehutanan, dan Perikanan",3238.13,24.119681853461312
Sulawesi Tengah,Buol,2022,Pertambangan dan Penggalian,118.47,0.8824410104534288
Sulawesi Tengah,Buol,2022,Industri Pengolahan,886.74,6.605011746513662
Sulawesi Tengah,Buol,2022,Pengadaan Listrik dan Gas,1.76,0.013109615754182787
Sulawesi Tengah,Buol,2022,"Pengadaan Air, Pengelolaan Sampah, Limbah dan Daur Ulang",12.13,0.09035206766945296
Sulawesi Tengah,Buol,2022,Konstruksi,626.48,4.6664273168638815
Sulawesi Tengah,Buol,2022,Perdagangan Besar dan Eceran; Reparasi Mobil dan Sepeda Motor,427.14,3.1816143597963835
Sulawesi Tengah,Buol,2022,Transportasi dan Pergudangan,177.58,1.3227304350157838
Sulawesi Tengah,Buol,2022,Penyediaan Akomodasi dan Makan Minum,37.15,0.27671717344766505
Sulawesi Tengah,Buol,2022,Informasi dan Komunikasi,96.06,0.7155168689470446
Sulawesi Tengah,Buol,2022,Jasa Keuangan dan Asuransi,84.08,0.6262820980748232
Sulawesi Tengah,Buol,2022,Real Estate,187.9,1.39960045466531
Sulawesi Tengah,Buol,2022,Jasa Perusahaan,5.22,0.03888192854365576
Sulawesi Tengah,Buol,2022,"Administrasi Pemerintahan, Pertahanan dan Jaminan Sosial Wajib",325.86,2.4272155623056837
Sulawesi Tengah,Buol,2022,Jasa Pendidikan,214.03,1.594233556743035
Sulawesi Tengah,Buol,2022,Jasa Kesehatan dan Kegiatan Sosial,163.57,1.2183749141543627
Sulawesi Tengah,Buol,2022,Jasa Lainnya,110.32,0.8217345511371846
Sulawesi Tengah,Buol,2022,PRODUK DOMESTIK BRUTO,6712.64,50.00007448645315
Sulawesi Tengah,Buol,2023,"Pertanian, Kehutanan, dan Perikanan",3460.39,24.07933036388396
Sulawesi Tengah,Buol,2023,Pertambangan dan Penggalian,133.57,0.9294548177240082
Sulawesi Tengah,Buol,2023,Industri Pengolahan,920.88,6.407998446849477
Sulawesi Tengah,Buol,2023,Pengadaan Listrik dan Gas,1.93,0.013430020200698778
Sulawesi Tengah,Buol,2023,"Pengadaan Air, Pengelolaan Sampah, Limbah dan Daur Ulang",12.71,0.08844329365330646
Sulawesi Tengah,Buol,2023,Konstruksi,678.45,4.7210348213285425
Sulawesi Tengah,Buol,2023,Perdagangan Besar dan Eceran; Reparasi Mobil dan Sepeda Motor,466.02,3.2428279864920437
Sulawesi Tengah,Buol,2023,Transportasi dan Pergudangan,192.39,1.3387572986592942
Sulawesi Tengah,Buol,2023,Penyediaan Akomodasi dan Makan Minum,40.83,0.28411799212151867
Sulawesi Tengah,Buol,2023,Informasi dan Komunikasi,102.59,0.7138786385438796
Sulawesi Tengah,Buol,2023,Jasa Keuangan dan Asuransi,86.19,0.5997582596363874
Sulawesi Tengah,Buol,2023,Real Estate,213.38,1.4848174665415053
Sulawesi Tengah,Buol,2023,Jasa Perusahaan,5.71,0.03973337582693784
Sulawesi Tengah,Buol,2023,"Administrasi Pemerintahan, Pertahanan dan Jaminan Sosial Wajib",345.88,2.4068266253977684
Sulawesi Tengah,Buol,2023,Jasa Pendidikan,226.2,1.5740262017606546
Sulawesi Tengah,Buol,2023,Jasa Kesehatan dan Kegiatan Sosial,179.27,1.2474609955333005
Sulawesi Tengah,Buol,2023,Jasa Lainnya,119.01,0.8281381886451614
Sulawesi Tengah,Buol,2023,PRODUK DOMESTIK BRUTO,7185.39,49.999965207201555
Sulawesi Tengah,Buol,2024,"Pertanian, Kehutanan, dan Perikanan",3769.68,24.19251431618899
Sulawesi Tengah,Buol,2024,Pertambangan dan Penggalian,145.71,0.9351168430773694
Sulawesi Tengah,Buol,2024,Industri Pengolahan,998.4,6.40738903389229
Sulawesi Tengah,Buol,2024,Pengadaan Listrik dan Gas,2.09,0.013412903726797763
Sulawesi Tengah,Buol,2024,"Pengadaan Air, Pengelolaan Sampah, Limbah dan Daur Ulang",13.08,0.08394295729498313
Sulawesi Tengah,Buol,2024,Konstruksi,746.66,4.791807988828142
Sulawesi Tengah,Buol,2024,Perdagangan Besar dan Eceran; Reparasi Mobil dan Sepeda Motor,491.82,3.1563322061787926
Sulawesi Tengah,Buol,2024,Transportasi dan Pergudangan,205.92,1.321523988240285
Sulawesi Tengah,Buol,2024,Penyediaan Akomodasi dan Makan Minum,44.62,0.2863558680812039
Sulawesi Tengah,Buol,2024,Informasi dan Komunikasi,108.35,0.6953531668892524
Sulawesi Tengah,Buol,2024,Jasa Keuangan dan Asuransi,95.34,0.6118594456042579
Sulawesi Tengah,Buol,2024,Real Estate,236.61,1.5184818903337889
Sulawesi Tengah,Buol,2024,Jasa Perusahaan,6.16,0.03953276887898288
Sulawesi Tengah,Buol,2024,"Administrasi Pemerintahan, Pertahanan dan Jaminan Sosial Wajib",375.08,2.4071348946637823
Sulawesi Tengah,Buol,2024,Jasa Pendidikan,234.51,1.5050048100341358
Sulawesi Tengah,Buol,2024,Jasa Kesehatan dan Kegiatan Sosial,189.15,1.2138998755616253
Sulawesi Tengah,Buol,2024,Jasa Lainnya,127.83,0.8203691308117502
Sulawesi Tengah,Buol,2024,PRODUK DOMESTIK BRUTO,7791.0,49.999967911713576
Sulawesi Tengah,Parigi Moutong,2016,"Pertanian, Kehutanan, dan Perikanan",6146.32,21.57247655352528
Sulawesi Tengah,Parigi Moutong,2016,Pertambangan dan Penggalian,713.33,2.5036598647525983
Sulawesi Tengah,Parigi Moutong,2016,Industri Pengolahan,338.31,1.187407187198704
Sulawesi Tengah,Parigi Moutong,2016,Pengadaan Listrik dan Gas,1.32,0.004632962333665246
Sulawesi Tengah,Parigi Moutong,2016,"Pengadaan Air, Pengelolaan Sampah, Limbah dan Daur Ulang",7.94,0.027867970400986403
Sulawesi Tengah,Parigi Moutong,2016,Konstruksi,1778.38,6.2417936022300005
Sulawesi Tengah,Parigi Moutong,2016,Perdagangan Besar dan Eceran; Reparasi Mobil dan Sepeda Motor,2395.48,8.407703493218502
Sulawesi Tengah,Parigi Moutong,2016,Transportasi dan Pergudangan,848.89,2.9794510571402197
Sulawesi Tengah,Parigi Moutong,2016,Penyediaan Akomodasi dan Makan Minum,100.1,0.35133297696961446
Sulawesi Tengah,Parigi Moutong,2016,Informasi dan Komunikasi,287.16,1.0078798967691758
Sulawesi Tengah,Parigi Moutong,2016,Jasa Keuangan dan Asuransi,115.3,0.40468224020575966
Sulawesi Tengah,Parigi Moutong,2016,Real Estate,145.62,0.5110999810820706
Sulawesi Tengah,Parigi Moutong,2016,Jasa Perusahaan,23.58,0.08276155441502006
Sulawesi Tengah,Parigi Moutong,2016,"Administrasi Pemerintahan, Pertahanan dan Jaminan Sosial Wajib",582.97,2.046119736103658
Sulawesi Tengah,Parigi Moutong,2016,Jasa Pendidikan,464.2,1.629258420672278
Sulawesi Tengah,Parigi Moutong,2016,Jasa Kesehatan dan Kegiatan Sosial,155.3,0.5450750381956156
Sulawesi Tengah,Parigi Moutong,2016,Jasa Lainnya,141.55,0.49681501388660276
Sulawesi Tengah,Parigi Moutong,2016,PRODUK DOMESTIK BRUTO,14245.74,49.999982450900255
Sulawesi Tengah,Parigi Moutong,2017,"Pertanian, Kehutanan, dan Perikanan",6747.77,21.350770179032374
Sulawesi Tengah,Parigi Moutong,2017,Pertambangan dan Penggalian,813.86,2.575152653084988
Sulawesi Tengah,Parigi Moutong,2017,Industri Pengolahan,367.74,1.1635743698492043
Sulawesi Tengah,Parigi Moutong,2017,Pengadaan Listrik dan Gas,1.63,0.005157519505232509
Sulawesi Tengah,Parigi Moutong,2017,"Pengadaan Air, Pengelolaan Sampah, Limbah dan Daur Ulang",8.94,0.028287254218882594
Sulawesi Tengah,Parigi Moutong,2017,Konstruksi,2000.05,6.328402997816123
Sulawesi Tengah,Parigi Moutong,2017,Perdagangan Besar dan Eceran; Reparasi Mobil dan Sepeda Motor,2664.59,8.431088894753062
Sulawesi Tengah,Parigi Moutong,2017,Transportasi dan Pergudangan,937.84,2.9674405477222434
Sulawesi Tengah,Parigi Moutong,2017,Penyediaan Akomodasi dan Makan Minum,114.42,0.362038884532947
Sulawesi Tengah,Parigi Moutong,2017,Informasi dan Komunikasi,317.21,1.0036912651869965
Sulawesi Tengah,Parigi Moutong,2017,Jasa Keuangan dan Asuransi,128.71,0.4072541935696174
Sulawesi Tengah,Parigi Moutong,2017,Real Estate,152.37,0.4821173294553849
Sulawesi Tengah,Parigi Moutong,2017,Jasa Perusahaan,26.84,0.08492504510456475
Sulawesi Tengah,Parigi Moutong,2017,"Administrasi Pemerintahan, Pertahanan dan Jaminan Sosial Wajib",670.02,2.1200252876661874
Sulawesi Tengah,Parigi Moutong,2017,Jasa Pendidikan,518.35,1.6401228438878965
Sulawesi Tengah,Parigi Moutong,2017,Jasa Kesehatan dan Kegiatan Sosial,170.3,0.5388500440129426
Sulawesi Tengah,Parigi Moutong,2017,Jasa Lainnya,161.53,0.5111006906013541
Sulawesi Tengah,Parigi Moutong,2017,PRODUK DOMESTIK BRUTO,15802.17,50.0
Sulawesi Tengah,Parigi Moutong,2018,"Pertanian, Kehutanan, dan Perikanan",7307.99,21.529713578998656
Sulawesi Tengah,Parigi Moutong,2018,Pertambangan dan Penggalian,876.71,2.582832651911663
Sulawesi Tengah,Parigi Moutong,2018,Industri Pengolahan,396.3,1.1675201377337912
Sulawesi Tengah,Parigi Moutong,2018,Pengadaan Listrik dan Gas,1.79,0.005273431861073647
Sulawesi Tengah,Parigi Moutong,2018,"Pengadaan Air, Pengelolaan Sampah, Limbah dan Daur Ulang",10.26,0.03022648653330481
Sulawesi Tengah,Parigi Moutong,2018,Konstruksi,2219.59,6.539026047218131
Sulawesi Tengah,Parigi Moutong,2018,Perdagangan Besar dan Eceran; Reparasi Mobil dan Sepeda Motor,2629.7,7.747231153667802
Sulawesi Tengah,Parigi Moutong,2018,Transportasi dan Pergudangan,977.97,2.8811498084772036
Sulawesi Tengah,Parigi Moutong,2018,Penyediaan Akomodasi dan Makan Minum,119.15,0.3510220146630866
Sulawesi Tengah,Parigi Moutong,2018,Informasi dan Komunikasi,386.07,1.1373820327400574
Sulawesi Tengah,Parigi Moutong,2018,Jasa Keuangan dan Asuransi,132.02,0.3889376951390742
Sulawesi Tengah,Parigi Moutong,2018,Real Estate,168.21,0.495555292374971
Sulawesi Tengah,Parigi Moutong,2018,Jasa Perusahaan,30.35,0.08941265753272916
Sulawesi Tengah,Parigi Moutong,2018,"Administrasi Pemerintahan, Pertahanan dan Jaminan Sosial Wajib",792.41,2.334480525716965
Sulawesi Tengah,Parigi Moutong,2018,Jasa Pendidikan,549.14,1.6177946213351855
Sulawesi Tengah,Parigi Moutong,2018,Jasa Kesehatan dan Kegiatan Sosial,196.96,0.5802542677972432
Sulawesi Tengah,Parigi Moutong,2018,Jasa Lainnya,177.24,0.522158135785862
Sulawesi Tengah,Parigi Moutong,2018,PRODUK DOMESTIK BRUTO,16971.88,50.00002946051318
Sulawesi Tengah,Parigi Moutong,2019,"Pertanian, Kehutanan, dan Perikanan",7329.43,20.53639174714682
Sulawesi Tengah,Parigi Moutong,2019,Pertambangan dan Penggalian,1053.76,2.95253903338642
Sulawesi Tengah,Parigi Moutong,2019,Industri Pengolahan,427.8,1.1986564288668298
Sulawesi Tengah,Parigi Moutong,2019,Pengadaan Listrik dan Gas,1.87,0.0052395687750840855
Sulawesi Tengah,Parigi Moutong,2019,"Pengadaan Air, Pengelolaan Sampah, Limbah dan Daur Ulang",10.92,0.03059684011974236
Sulawesi Tengah,Parigi Moutong,2019,Konstruksi,2381.32,6.672240596515098
Sulawesi Tengah,Parigi Moutong,2019,Perdagangan Besar dan Eceran; Reparasi Mobil dan Sepeda Motor,2739.23,7.675071644798706
Sulawesi Tengah,Parigi Moutong,2019,Transportasi dan Pergudangan,1105.2,3.096669203327771
Sulawesi Tengah,Parigi Moutong,2019,Penyediaan Akomodasi dan Makan Minum,125.15,0.3506588407496114
Sulawesi Tengah,Parigi Moutong,2019,Informasi dan Komunikasi,423.48,1.186552184423855
Sulawesi Tengah,Parigi Moutong,2019,Jasa Keuangan dan Asuransi,137.43,0.3850662763421422
Sulawesi Tengah,Parigi Moutong,2019,Real Estate,170.68,0.4782297318349475
Sulawesi Tengah,Parigi Moutong,2019,Jasa Perusahaan,33.28,0.09324751274588147
Sulawesi Tengah,Parigi Moutong,2019,"Administrasi Pemerintahan, Pertahanan dan Jaminan Sosial Wajib",900.67,2.523594870938494
Sulawesi Tengah,Parigi Moutong,2019,Jasa Pendidikan,595.36,1.6681442063818508
Sulawesi Tengah,Parigi Moutong,2019,Jasa Kesehatan dan Kegiatan Sosial,221.29,0.6200343177745227
Sulawesi Tengah,Parigi Moutong,2019,Jasa Lainnya,188.11,0.5270669958722285
Sulawesi Tengah,Parigi Moutong,2019,PRODUK DOMESTIK BRUTO,17844.98,50.0
Sulawesi Tengah,Parigi Moutong,2020,"Pertanian, Kehutanan, dan Perikanan",7321.25,21.285568377371717
Sulawesi Tengah,Parigi Moutong,2020,Pertambangan dan Penggalian,962.74,2.7990395218891377
Sulawesi Tengah,Parigi Moutong,2020,Industri Pengolahan,440.15,1.2796780496909903
Sulawesi Tengah,Parigi Moutong,2020,Pengadaan Listrik dan Gas,1.97,0.005727515069615474
Sulawesi Tengah,Parigi Moutong,2020,"Pengadaan Air, Pengelolaan Sampah, Limbah dan Daur Ulang",11.21,0.032591595903751
Sulawesi Tengah,Parigi Moutong,2020,Konstruksi,2196.26,6.385336165885118
Sulawesi Tengah,Parigi Moutong,2020,Perdagangan Besar dan Eceran; Reparasi Mobil dan Sepeda Motor,2591.07,7.5331941479332825
Sulawesi Tengah,Parigi Moutong,2020,Transportasi dan Pergudangan,774.49,2.2517274854144613
Sulawesi Tengah,Parigi Moutong,2020,Penyediaan Akomodasi dan Makan Minum,113.09,0.3287942534125959
Sulawesi Tengah,Parigi Moutong,2020,Informasi dan Komunikasi,457.92,1.3313419800397555
Sulawesi Tengah,Parigi Moutong,2020,Jasa Keuangan dan Asuransi,157.59,0.4581721318886815
Sulawesi Tengah,Parigi Moutong,2020,Real Estate,174.3,0.5067542520984656
Sulawesi Tengah,Parigi Moutong,2020,Jasa Perusahaan,32.75,0.0952163038222877
Sulawesi Tengah,Parigi Moutong,2020,"Administrasi Pemerintahan, Pertahanan dan Jaminan Sosial Wajib",931.12,2.707108543969726
Sulawesi Tengah,Parigi Moutong,2020,Jasa Pendidikan,591.91,1.7209002258152768
Sulawesi Tengah,Parigi Moutong,2020,Jasa Kesehatan dan Kegiatan Sosial,250.85,0.7293132767578892
Sulawesi Tengah,Parigi Moutong,2020,Jasa Lainnya,189.02,0.5495507098775213
Sulawesi Tengah,Parigi Moutong,2020,PRODUK DOMESTIK BRUTO,17197.68,49.99998546315972
Sulawesi Tengah,Parigi Moutong,2021,"Pertanian, Kehutanan, dan Perikanan",7833.53,21.241789124766257
Sulawesi Tengah,Parigi Moutong,2021,Pertambangan dan Penggalian,1027.26,2.7855692511942105
Sulawesi Tengah,Parigi Moutong,2021,Industri Pengolahan,456.64,1.2382477102830094
Sulawesi Tengah,Parigi Moutong,2021,Pengadaan Listrik dan Gas,2.08,0.005640231336257577
Sulawesi Tengah,Parigi Moutong,2021,"Pengadaan Air, Pengelolaan Sampah, Limbah dan Daur Ulang",12.34,0.03346175706222043
Sulawesi Tengah,Parigi Moutong,2021,Konstruksi,2372.44,6.433226168937944
Sulawesi Tengah,Parigi Moutong,2021,Perdagangan Besar dan Eceran; Reparasi Mobil dan Sepeda Motor,2793.04,7.573746024721569
Sulawesi Tengah,Parigi Moutong,2021,Transportasi dan Pergudangan,818.06,2.218292137951381
Sulawesi Tengah,Parigi Moutong,2021,Penyediaan Akomodasi dan Makan Minum,126.7,0.3435660145691515
Sulawesi Tengah,Parigi Moutong,2021,Informasi dan Komunikasi,502.77,1.3633361100626067
Sulawesi Tengah,Parigi Moutong,2021,Jasa Keuangan dan Asuransi,176.78,0.47936543058827613
Sulawesi Tengah,Parigi Moutong,2021,Real Estate,185.68,0.5034991127482245
Sulawesi Tengah,Parigi Moutong,2021,Jasa Perusahaan,33.64,0.09121989526524274
Sulawesi Tengah,Parigi Moutong,2021,"Administrasi Pemerintahan, Pertahanan dan Jaminan Sosial Wajib",1002.29,2.7178593586623108
Sulawesi Tengah,Parigi Moutong,2021,Jasa Pendidikan,622.39,1.6877036448910352
Sulawesi Tengah,Parigi Moutong,2021,Jasa Kesehatan dan Kegiatan Sosial,275.38,0.7467340891243324
Sulawesi Tengah,Parigi Moutong,2021,Jasa Lainnya,197.95,0.5367710543327823
Sulawesi Tengah,Parigi Moutong,2021,PRODUK DOMESTIK BRUTO,18438.95,49.9999728835032
Sulawesi Tengah,Parigi Moutong,2022,"Pertanian, Kehutanan, dan Perikanan",8497.94,21.179727632462086
Sulawesi Tengah,Parigi Moutong,2022,Pertambangan dan Penggalian,1130.0,2.8163404571792876
Sulawesi Tengah,Parigi Moutong,2022,Industri Pengolahan,482.71,1.2030758425531096
Sulawesi Tengah,Parigi Moutong,2022,Pengadaan Listrik dan Gas,2.28,0.005682527648113961
Sulawesi Tengah,Parigi Moutong,2022,"Pengadaan Air, Pengelolaan Sampah, Limbah dan Daur Ulang",13.14,0.032749304077288356
Sulawesi Tengah,Parigi Moutong,2022,Konstruksi,2560.57,6.381802552601388
Sulawesi Tengah,Parigi Moutong,2022,Perdagangan Besar dan Eceran; Reparasi Mobil dan Sepeda Motor,3045.0,7.589165214257461
Sulawesi Tengah,Parigi Moutong,2022,Transportasi dan Pergudangan,1010.0,2.517260054646974
Sulawesi Tengah,Parigi Moutong,2022,Penyediaan Akomodasi dan Makan Minum,140.01,0.348952059654577
Sulawesi Tengah,Parigi Moutong,2022,Informasi dan Komunikasi,549.17,1.368716538822256
Sulawesi Tengah,Parigi Moutong,2022,Jasa Keuangan dan Asuransi,190.28,0.47424182494873884
Sulawesi Tengah,Parigi Moutong,2022,Real Estate,202.64,0.5050471064095671
Sulawesi Tengah,Parigi Moutong,2022,Jasa Perusahaan,36.92,0.09201707051244186
Sulawesi Tengah,Parigi Moutong,2022,"Administrasi Pemerintahan, Pertahanan dan Jaminan Sosial Wajib",1041.66,2.5961674341817496
Sulawesi Tengah,Parigi Moutong,2022,Jasa Pendidikan,650.53,1.6213397854945504
Sulawesi Tengah,Parigi Moutong,2022,Jasa Kesehatan dan Kegiatan Sosial,297.74,0.7420683254164258
Sulawesi Tengah,Parigi Moutong,2022,Jasa Lainnya,210.9,0.5256338074505414
Sulawesi Tengah,Parigi Moutong,2022,PRODUK DOMESTIK BRUTO,20061.5,50.00001246168343
Sulawesi Tengah,Parigi Moutong,2023,"Pertanian, Kehutanan, dan Perikanan",9190.14,21.210488853930965
Sulawesi Tengah,Parigi Moutong,2023,Pertambangan dan Penggalian,1230.85,2.8407543525845016
Sulawesi Tengah,Parigi Moutong,2023,Industri Pengolahan,498.2,1.149826395139618
Sulawesi Tengah,Parigi Moutong,2023,Pengadaan Listrik dan Gas,2.48,0.005723744399731538
Sulawesi Tengah,Parigi Moutong,2023,"Pengadaan Air, Pengelolaan Sampah, Limbah dan Daur Ulang",13.86,0.031988345717854486
Sulawesi Tengah,Parigi Moutong,2023,Konstruksi,2750.27,6.3475171412297
Sulawesi Tengah,Parigi Moutong,2023,Perdagangan Besar dan Eceran; Reparasi Mobil dan Sepeda Motor,3324.08,7.671848501717585
Sulawesi Tengah,Parigi Moutong,2023,Transportasi dan Pergudangan,1102.76,2.5451275702612706
Sulawesi Tengah,Parigi Moutong,2023,Penyediaan Akomodasi dan Makan Minum,153.52,0.35431824203499424
Sulawesi Tengah,Parigi Moutong,2023,Informasi dan Komunikasi,586.97,1.354704133189686
Sulawesi Tengah,Parigi Moutong,2023,Jasa Keuangan dan Asuransi,196.02,0.45240660372394204
Sulawesi Tengah,Parigi Moutong,2023,Real Estate,230.53,0.5320543534153674
Sulawesi Tengah,Parigi Moutong,2023,Jasa Perusahaan,40.4,0.09324164264078795
Sulawesi Tengah,Parigi Moutong,2023,"Administrasi Pemerintahan, Pertahanan dan Jaminan Sosial Wajib",1102.42,2.544342863367759
Sulawesi Tengah,Parigi Moutong,2023,Jasa Pendidikan,688.5,1.5890314593609531
Sulawesi Tengah,Parigi Moutong,2023,Jasa Kesehatan dan Kegiatan Sosial,324.44,0.7487950133261695
Sulawesi Tengah,Parigi Moutong,2023,Jasa Lainnya,228.7,0.527830783959114
Sulawesi Tengah,Parigi Moutong,2023,PRODUK DOMESTIK BRUTO,21664.14,50.0
Sulawesi Tengah,Parigi Moutong,2024,"Pertanian, Kehutanan, dan Perikanan",9969.49,21.23342478159017
Sulawesi Tengah,Parigi Moutong,2024,Pertambangan dan Penggalian,1381.36,2.9420766414628425
Sulawesi Tengah,Parigi Moutong,2024,Industri Pengolahan,546.63,1.1642347791472418
Sulawesi Tengah,Parigi Moutong,2024,Pengadaan Listrik dan Gas,2.68,0.005707972866682415
Sulawesi Tengah,Parigi Moutong,2024,"Pengadaan Air, Pengelolaan Sampah, Limbah dan Daur Ulang",14.68,0.03126606032943949
Sulawesi Tengah,Parigi Moutong,2024,Konstruksi,3037.89,6.470221526852924
Sulawesi Tengah,Parigi Moutong,2024,Perdagangan Besar dan Eceran; Reparasi Mobil dan Sepeda Motor,3563.71,7.5901343226585025
Sulawesi Tengah,Parigi Moutong,2024,Transportasi dan Pergudangan,1212.2,2.581792801862844
Sulawesi Tengah,Parigi Moutong,2024,Penyediaan Akomodasi dan Makan Minum,166.25,0.35408600339028035
Sulawesi Tengah,Parigi Moutong,2024,Informasi dan Komunikasi,620.07,1.3206502744193152
Sulawesi Tengah,Parigi Moutong,2024,Jasa Keuangan dan Asuransi,214.57,0.4569999022403155
Sulawesi Tengah,Parigi Moutong,2024,Real Estate,256.79,0.5469217732967826
Sulawesi Tengah,Parigi Moutong,2024,Jasa Perusahaan,44.34,0.0944371331748874
Sulawesi Tengah,Parigi Moutong,2024,"Administrasi Pemerintahan, Pertahanan dan Jaminan Sosial Wajib",1136.21,2.419946213004935
Sulawesi Tengah,Parigi Moutong,2024,Jasa Pendidikan,723.68,1.5413230612540034
Sulawesi Tengah,Parigi Moutong,2024,Jasa Kesehatan dan Kegiatan Sosial,342.45,0.7293639209684301
Sulawesi Tengah,Parigi Moutong,2024,Jasa Lainnya,242.93,0.5174021822772981
Sulawesi Tengah,Parigi Moutong,2024,PRODUK DOMESTIK BRUTO,23475.94,50.000010649203105
Sulawesi Tengah,Tojo Una-Una,2016,"Pertanian, Kehutanan, dan Perikanan",1831.74,19.93088485233601
Sulawesi Tengah,Tojo Una-Una,2016,Pertambangan dan Penggalian,73.64,0.8012656602607486
Sulawesi Tengah,Tojo Una-Una,2016,Industri Pengolahan,395.46,4.302940222796248
Sulawesi Tengah,Tojo Una-Una,2016,Pengadaan Listrik dan Gas,1.26,0.013709868711685815
Sulawesi Tengah,Tojo Una-Una,2016,"Pengadaan Air, Pengelolaan Sampah, Limbah dan Daur Ulang",7.59,0.08258563771563122
Sulawesi Tengah,Tojo Una-Una,2016,Konstruksi,396.4,4.313168220089093
Sulawesi Tengah,Tojo Una-Una,2016,Perdagangan Besar dan Eceran; Reparasi Mobil dan Sepeda Motor,359.46,3.9112296881766526
Sulawesi Tengah,Tojo Una-Una,2016,Transportasi dan Pergudangan,131.14,1.4269144308337125
Sulawesi Tengah,Tojo Una-Una,2016,Penyediaan Akomodasi dan Makan Minum,33.33,0.3626586699686414
Sulawesi Tengah,Tojo Una-Una,2016,Informasi dan Komunikasi,206.03,2.241781151324308
Sulawesi Tengah,Tojo Una-Una,2016,Jasa Keuangan dan Asuransi,72.48,0.7886438763674506
Sulawesi Tengah,Tojo Una-Una,2016,Real Estate,201.71,2.194775887169957
Sulawesi Tengah,Tojo Una-Una,2016,Jasa Perusahaan,1.6,0.01740935709420421
Sulawesi Tengah,Tojo Una-Una,2016,"Administrasi Pemerintahan, Pertahanan dan Jaminan Sosial Wajib",371.32,4.040276547637442
Sulawesi Tengah,Tojo Una-Una,2016,Jasa Pendidikan,309.87,3.3716484267381617
Sulawesi Tengah,Tojo Una-Una,2016,Jasa Kesehatan dan Kegiatan Sosial,147.61,1.6061220004221772
Sulawesi Tengah,Tojo Una-Una,2016,Jasa Lainnya,54.6,0.5940943108397186
Sulawesi Tengah,Tojo Una-Una,2016,PRODUK DOMESTIK BRUTO,4595.22,49.99989119151817
Sulawesi Tengah,Tojo Una-Una,2017,"Pertanian, Kehutanan, dan Perikanan",1982.33,19.863742579892662
Sulawesi Tengah,Tojo Una-Una,2017,Pertambangan dan Penggalian,83.32,0.834899856107034
Sulawesi Tengah,Tojo Una-Una,2017,Industri Pengolahan,419.63,4.204861097193887
Sulawesi Tengah,Tojo Una-Una,2017,Pengadaan Listrik dan Gas,1.56,0.015631826398547446
Sulawesi Tengah,Tojo Una-Una,2017,"Pengadaan Air, Pengelolaan Sampah, Limbah dan Daur Ulang",8.53,0.08547402511513441
Sulawesi Tengah,Tojo Una-Una,2017,Konstruksi,406.49,4.073193020990738
Sulawesi Tengah,Tojo Una-Una,2017,Perdagangan Besar dan Eceran; Reparasi Mobil dan Sepeda Motor,397.54,3.9835104272298403
Sulawesi Tengah,Tojo Una-Una,2017,Transportasi dan Pergudangan,141.85,1.421393958098689
Sulawesi Tengah,Tojo Una-Una,2017,Penyediaan Akomodasi dan Makan Minum,37.45,0.37526403758051396
Sulawesi Tengah,Tojo Una-Una,2017,Informasi dan Komunikasi,226.5,2.269620948250638
Sulawesi Tengah,Tojo Una-Una,2017,Jasa Keuangan dan Asuransi,81.0,0.8116525245399634
Sulawesi Tengah,Tojo Una-Una,2017,Real Estate,214.08,2.145167561154511
Sulawesi Tengah,Tojo Una-Una,2017,Jasa Perusahaan,1.72,0.01723509064455231
Sulawesi Tengah,Tojo Una-Una,2017,"Administrasi Pemerintahan, Pertahanan dan Jaminan Sosial Wajib",423.0,4.238629850375364
Sulawesi Tengah,Tojo Una-Una,2017,Jasa Pendidikan,338.52,3.392106328484795
Sulawesi Tengah,Tojo Una-Una,2017,Jasa Kesehatan dan Kegiatan Sosial,164.46,1.6479552368622516
Sulawesi Tengah,Tojo Una-Una,2017,Jasa Lainnya,61.84,0.6196616310808808
Sulawesi Tengah,Tojo Una-Una,2017,PRODUK DOMESTIK BRUTO,4989.82,50.0
Sulawesi Tengah,Tojo Una-Una,2018,"Pertanian, Kehutanan, dan Perikanan",2063.92,19.463415094161693
Sulawesi Tengah,Tojo Una-Una,2018,Pertambangan dan Penggalian,89.96,0.8483511094765231
Sulawesi Tengah,Tojo Una-Una,2018,Industri Pengolahan,440.68,4.155751077413453
Sulawesi Tengah,Tojo Una-Una,2018,Pengadaan Listrik dan Gas,1.81,0.017068869588178156
Sulawesi Tengah,Tojo Una-Una,2018,"Pengadaan Air, Pengelolaan Sampah, Limbah dan Daur Ulang",9.45,0.08911647381673125
Sulawesi Tengah,Tojo Una-Una,2018,Konstruksi,430.81,4.06267387142709
Sulawesi Tengah,Tojo Una-Una,2018,Perdagangan Besar dan Eceran; Reparasi Mobil dan Sepeda Motor,417.69,3.9389481426995214
Sulawesi Tengah,Tojo Una-Una,2018,Transportasi dan Pergudangan,147.58,1.391725841891344
Sulawesi Tengah,Tojo Una-Una,2018,Penyediaan Akomodasi dan Makan Minum,41.19,0.38843466206467303
Sulawesi Tengah,Tojo Una-Una,2018,Informasi dan Komunikasi,256.67,2.4204788713799377
Sulawesi Tengah,Tojo Una-Una,2018,Jasa Keuangan dan Asuransi,88.58,0.8353372752048736
Sulawesi Tengah,Tojo Una-Una,2018,Real Estate,229.28,2.1621825520317612
Sulawesi Tengah,Tojo Una-Una,2018,Jasa Perusahaan,1.86,0.017540385322658215
Sulawesi Tengah,Tojo Una-Una,2018,"Administrasi Pemerintahan, Pertahanan dan Jaminan Sosial Wajib",461.18,4.349072528550278
Sulawesi Tengah,Tojo Una-Una,2018,Jasa Pendidikan,365.38,3.4456483812864835
Sulawesi Tengah,Tojo Una-Una,2018,Jasa Kesehatan dan Kegiatan Sosial,187.17,1.765072000452655
Sulawesi Tengah,Tojo Una-Una,2018,Jasa Lainnya,68.84,0.649182863232146
Sulawesi Tengah,Tojo Una-Una,2018,PRODUK DOMESTIK BRUTO,5302.05,50.0
Sulawesi Tengah,Tojo Una-Una,2019,"Pertanian, Kehutanan, dan Perikanan",2179.24,19.143478581693856
Sulawesi Tengah,Tojo Una-Una,2019,Pertambangan dan Penggalian,108.18,0.9503044698920915
Sulawesi Tengah,Tojo Una-Una,2019,Industri Pengolahan,462.8,4.065454877667405
Sulawesi Tengah,Tojo Una-Una,2019,Pengadaan Listrik dan Gas,2.04,0.017920328328525297
Sulawesi Tengah,Tojo Una-Una,2019,"Pengadaan Air, Pengelolaan Sampah, Limbah dan Daur Ulang",9.82,0.08626354126770511
Sulawesi Tengah,Tojo Una-Una,2019,Konstruksi,463.23,4.069232201775869
Sulawesi Tengah,Tojo Una-Una,2019,Perdagangan Besar dan Eceran; Reparasi Mobil dan Sepeda Motor,464.4,4.079510037140759
Sulawesi Tengah,Tojo Una-Una,2019,Transportasi dan Pergudangan,162.15,1.4244025678776358
Sulawesi Tengah,Tojo Una-Una,2019,Penyediaan Akomodasi dan Makan Minum,41.95,0.3685087124419785
Sulawesi Tengah,Tojo Una-Una,2019,Informasi dan Komunikasi,282.57,2.482229007740879
Sulawesi Tengah,Tojo Una-Una,2019,Jasa Keuangan dan Asuransi,91.18,0.800968400487714
Sulawesi Tengah,Tojo Una-Una,2019,Real Estate,241.44,2.120923564528994
Sulawesi Tengah,Tojo Una-Una,2019,Jasa Perusahaan,1.97,0.017305415101566097
Sulawesi Tengah,Tojo Una-Una,2019,"Administrasi Pemerintahan, Pertahanan dan Jaminan Sosial Wajib",509.54,4.476041223782735
Sulawesi Tengah,Tojo Una-Una,2019,Jasa Pendidikan,383.64,3.3700758627232568
Sulawesi Tengah,Tojo Una-Una,2019,Jasa Kesehatan dan Kegiatan Sosial,212.63,1.8678428492619283
Sulawesi Tengah,Tojo Una-Una,2019,Jasa Lainnya,75.09,0.6596262030338061
Sulawesi Tengah,Tojo Una-Una,2019,PRODUK DOMESTIK BRUTO,5691.85,49.99991215525329
Sulawesi Tengah,Tojo Una-Una,2020,"Pertanian, Kehutanan, dan Perikanan",2161.01,19.340908562049037
Sulawesi Tengah,Tojo Una-Una,2020,Pertambangan dan Penggalian,81.42,0.7287040666734687
Sulawesi Tengah,Tojo Una-Una,2020,Industri Pengolahan,469.55,4.202444049453785
Sulawesi Tengah,Tojo Una-Una,2020,Pengadaan Listrik dan Gas,2.19,0.01960036730551334
Sulawesi Tengah,Tojo Una-Una,2020,"Pengadaan Air, Pengelolaan Sampah, Limbah dan Daur Ulang",10.38,0.0929003710644879
Sulawesi Tengah,Tojo Una-Una,2020,Konstruksi,390.74,3.4970993246375723
Sulawesi Tengah,Tojo Una-Una,2020,Perdagangan Besar dan Eceran; Reparasi Mobil dan Sepeda Motor,453.95,4.062824994674786
Sulawesi Tengah,Tojo Una-Una,2020,Transportasi dan Pergudangan,119.49,1.06942825997068
Sulawesi Tengah,Tojo Una-Una,2020,Penyediaan Akomodasi dan Makan Minum,38.34,0.34314067693761713
Sulawesi Tengah,Tojo Una-Una,2020,Informasi dan Komunikasi,304.37,2.724093057889998
Sulawesi Tengah,Tojo Una-Una,2020,Jasa Keuangan dan Asuransi,106.91,0.9568380222065896
Sulawesi Tengah,Tojo Una-Una,2020,Real Estate,243.88,2.18271122304502
Sulawesi Tengah,Tojo Una-Una,2020,Jasa Perusahaan,2.0,0.017899878817820403
Sulawesi Tengah,Tojo Una-Una,2020,"Administrasi Pemerintahan, Pertahanan dan Jaminan Sosial Wajib",530.2,4.745257874604189
Sulawesi Tengah,Tojo Una-Una,2020,Jasa Pendidikan,381.74,3.4165498699573806
Sulawesi Tengah,Tojo Una-Una,2020,Jasa Kesehatan dan Kegiatan Sosial,219.6,1.9654066941966801
Sulawesi Tengah,Tojo Una-Una,2020,Jasa Lainnya,70.86,0.6341927065153768
Sulawesi Tengah,Tojo Una-Una,2020,PRODUK DOMESTIK BRUTO,5586.63,50.0
Sulawesi Tengah,Tojo Una-Una,2021,"Pertanian, Kehutanan, dan Perikanan",2302.53,19.38484541576479
Sulawesi Tengah,Tojo Una-Una,2021,Pertambangan dan Penggalian,84.47,0.7111472563960737
Sulawesi Tengah,Tojo Una-Una,2021,Industri Pengolahan,472.48,3.977777384894246
Sulawesi Tengah,Tojo Una-Una,2021,Pengadaan Listrik dan Gas,2.3,0.019363545515697522
Sulawesi Tengah,Tojo Una-Una,2021,"Pengadaan Air, Pengelolaan Sampah, Limbah dan Daur Ulang",10.71,0.09016677064048717
Sulawesi Tengah,Tojo Una-Una,2021,Konstruksi,416.3,3.5048017383412517
Sulawesi Tengah,Tojo Una-Una,2021,Perdagangan Besar dan Eceran; Reparasi Mobil dan Sepeda Motor,506.89,4.2674728636747465
Sulawesi Tengah,Tojo Una-Una,2021,Transportasi dan Pergudangan,125.35,1.0553132306055149
Sulawesi Tengah,Tojo Una-Una,2021,Penyediaan Akomodasi dan Makan Minum,44.01,0.3705172339764556
Sulawesi Tengah,Tojo Una-Una,2021,Informasi dan Komunikasi,331.15,2.7879296076187976
Sulawesi Tengah,Tojo Una-Una,2021,Jasa Keuangan dan Asuransi,123.32,1.0382227969547035
Sulawesi Tengah,Tojo Una-Una,2021,Real Estate,251.39,2.116435524865739
Sulawesi Tengah,Tojo Una-Una,2021,Jasa Perusahaan,2.07,0.01742719096412777
Sulawesi Tengah,Tojo Una-Una,2021,"Administrasi Pemerintahan, Pertahanan dan Jaminan Sosial Wajib",564.56,4.752992720148779
Sulawesi Tengah,Tojo Una-Una,2021,Jasa Pendidikan,387.19,3.2597266035751837
Sulawesi Tengah,Tojo Una-Una,2021,Jasa Kesehatan dan Kegiatan Sosial,241.77,2.035445391013126
Sulawesi Tengah,Tojo Una-Una,2021,Jasa Lainnya,72.51,0.6104568197144467
Sulawesi Tengah,Tojo Una-Una,2021,PRODUK DOMESTIK BRUTO,5938.99,49.99995790533583
Sulawesi Tengah,Tojo Una-Una,2022,"Pertanian, Kehutanan, dan Perikanan",2488.43,19.51255276221931
Sulawesi Tengah,Tojo Una-Una,2022,Pertambangan dan Penggalian,94.17,0.7384162277493008
Sulawesi Tengah,Tojo Una-Una,2022,Industri Pengolahan,479.47,3.7596732369008947
Sulawesi Tengah,Tojo Una-Una,2022,Pengadaan Listrik dan Gas,2.48,0.019446450513096163
Sulawesi Tengah,Tojo Una-Una,2022,"Pengadaan Air, Pengelolaan Sampah, Limbah dan Daur Ulang",11.12,0.08719537488130215
Sulawesi Tengah,Tojo Una-Una,2022,Konstruksi,452.02,3.544429258439407
Sulawesi Tengah,Tojo Una-Una,2022,Perdagangan Besar dan Eceran; Reparasi Mobil dan Sepeda Motor,573.89,4.500049792322886
Sulawesi Tengah,Tojo Una-Una,2022,Transportasi dan Pergudangan,164.6,1.2906797396998504
Sulawesi Tengah,Tojo Una-Una,2022,Penyediaan Akomodasi dan Makan Minum,49.07,0.3847731155958181
Sulawesi Tengah,Tojo Una-Una,2022,Informasi dan Komunikasi,349.32,2.739126650497884
Sulawesi Tengah,Tojo Una-Una,2022,Jasa Keuangan dan Asuransi,132.89,1.0420317776957053
Sulawesi Tengah,Tojo Una-Una,2022,Real Estate,269.63,2.1142526015508545
Sulawesi Tengah,Tojo Una-Una,2022,Jasa Perusahaan,2.2,0.017250883519682084
Sulawesi Tengah,Tojo Una-Una,2022,"Administrasi Pemerintahan, Pertahanan dan Jaminan Sosial Wajib",582.15,4.564819018628602
Sulawesi Tengah,Tojo Una-Una,2022,Jasa Pendidikan,395.97,3.104923794222052
Sulawesi Tengah,Tojo Una-Una,2022,Jasa Kesehatan dan Kegiatan Sosial,253.94,1.9912224368127582
Sulawesi Tengah,Tojo Una-Una,2022,Jasa Lainnya,75.13,0.5891176721971431
Sulawesi Tengah,Tojo Una-Una,2022,PRODUK DOMESTIK BRUTO,6376.49,50.00003920655346
Sulawesi Tengah,Tojo Una-Una,2023,"Pertanian, Kehutanan, dan Perikanan",2644.01,19.40149120882427
Sulawesi Tengah,Tojo Una-Una,2023,Pertambangan dan Penggalian,102.48,0.7519883885009176
Sulawesi Tengah,Tojo Una-Una,2023,Industri Pengolahan,488.85,3.5871343063883057
Sulawesi Tengah,Tojo Una-Una,2023,Pengadaan Listrik dan Gas,2.69,0.019738961407762184
Sulawesi Tengah,Tojo Una-Una,2023,"Pengadaan Air, Pengelolaan Sampah, Limbah dan Daur Ulang",11.9,0.08732105604177323
Sulawesi Tengah,Tojo Una-Una,2023,Konstruksi,485.52,3.562699086504347
Sulawesi Tengah,Tojo Una-Una,2023,Perdagangan Besar dan Eceran; Reparasi Mobil dan Sepeda Motor,639.09,4.6895809836753655
Sulawesi Tengah,Tojo Una-Una,2023,Transportasi dan Pergudangan,184.39,1.3530360944153415
Sulawesi Tengah,Tojo Una-Una,2023,Penyediaan Akomodasi dan Makan Minum,54.69,0.401309962598704
Sulawesi Tengah,Tojo Una-Una,2023,Informasi dan Komunikasi,372.57,2.7338828444944077
Sulawesi Tengah,Tojo Una-Una,2023,Jasa Keuangan dan Asuransi,135.7,0.995753555030977
Sulawesi Tengah,Tojo Una-Una,2023,Real Estate,305.21,2.2396016398747567
Sulawesi Tengah,Tojo Una-Una,2023,Jasa Perusahaan,2.42,0.017757727363116906
Sulawesi Tengah,Tojo Una-Una,2023,"Administrasi Pemerintahan, Pertahanan dan Jaminan Sosial Wajib",618.98,4.542015736868638
Sulawesi Tengah,Tojo Una-Una,2023,Jasa Pendidikan,415.05,3.045597000851931
Sulawesi Tengah,Tojo Una-Una,2023,Jasa Kesehatan dan Kegiatan Sosial,268.52,1.9703739469190709
Sulawesi Tengah,Tojo Una-Una,2023,Jasa Lainnya,81.88,0.6008275687983522
Sulawesi Tengah,Tojo Una-Una,2023,PRODUK DOMESTIK BRUTO,6813.92,49.99988993144197
Sulawesi Tengah,Tojo Una-Una,2024,"Pertanian, Kehutanan, dan Perikanan",2881.41,19.590180875742092
Sulawesi Tengah,Tojo Una-Una,2024,Pertambangan dan Penggalian,101.01,0.6867485606903249
Sulawesi Tengah,Tojo Una-Una,2024,Industri Pengolahan,509.69,3.465289316882008
Sulawesi Tengah,Tojo Una-Una,2024,Pengadaan Listrik dan Gas,2.89,0.019648582718493603
Sulawesi Tengah,Tojo Una-Una,2024,"Pengadaan Air, Pengelolaan Sampah, Limbah dan Daur Ulang",12.2,0.08294557410575153
Sulawesi Tengah,Tojo Una-Una,2024,Konstruksi,503.76,3.4249723288125735
Sulawesi Tengah,Tojo Una-Una,2024,Perdagangan Besar dan Eceran; Reparasi Mobil dan Sepeda Motor,722.09,4.909358164428043
Sulawesi Tengah,Tojo Una-Una,2024,Transportasi dan Pergudangan,194.52,1.3225059897582614
Sulawesi Tengah,Tojo Una-Una,2024,Penyediaan Akomodasi dan Makan Minum,60.88,0.41391201242279946
Sulawesi Tengah,Tojo Una-Una,2024,Informasi dan Komunikasi,393.2,2.673295060523074
Sulawesi Tengah,Tojo Una-Una,2024,Jasa Keuangan dan Asuransi,153.89,1.04627003271591
Sulawesi Tengah,Tojo Una-Una,2024,Real Estate,333.83,2.269649262600249
Sulawesi Tengah,Tojo Una-Una,2024,Jasa Perusahaan,2.57,0.017472961102605034
Sulawesi Tengah,Tojo Una-Una,2024,"Administrasi Pemerintahan, Pertahanan dan Jaminan Sosial Wajib",655.62,4.45744076190269
Sulawesi Tengah,Tojo Una-Una,2024,Jasa Pendidikan,454.21,3.0880909192273283
Sulawesi Tengah,Tojo Una-Una,2024,Jasa Kesehatan dan Kegiatan Sosial,285.02,1.937798978001746
Sulawesi Tengah,Tojo Una-Una,2024,Jasa Lainnya,87.44,0.5944886065415503
Sulawesi Tengah,Tojo Una-Una,2024,PRODUK DOMESTIK BRUTO,7354.21,49.99993201182451
Sulawesi Tengah,Sigi,2016,"Pertanian, Kehutanan, dan Perikanan",3254.72,22.403253328597614
Sulawesi Tengah,Sigi,2016,Pertambangan dan Penggalian,282.1,1.9417823235170422
Sulawesi Tengah,Sigi,2016,Industri Pengolahan,140.6,0.9677936713452538
Sulawesi Tengah,Sigi,2016,Pengadaan Listrik dan Gas,0.55,0.0037858216162154315
Sulawesi Tengah,Sigi,2016,"Pengadaan Air, Pengelolaan Sampah, Limbah dan Daur Ulang",8.05,0.05541066183733496
Sulawesi Tengah,Sigi,2016,Konstruksi,892.76,6.145145647440888
Sulawesi Tengah,Sigi,2016,Perdagangan Besar dan Eceran; Reparasi Mobil dan Sepeda Motor,896.2,6.168824240822309
Sulawesi Tengah,Sigi,2016,Transportasi dan Pergudangan,131.45,0.9048113662754881
Sulawesi Tengah,Sigi,2016,Penyediaan Akomodasi dan Makan Minum,29.58,0.20360836983209538
Sulawesi Tengah,Sigi,2016,Informasi dan Komunikasi,123.72,0.8516033642875875
Sulawesi Tengah,Sigi,2016,Jasa Keuangan dan Asuransi,169.35,1.1656888921928787
Sulawesi Tengah,Sigi,2016,Real Estate,178.53,1.2288776966235289
Sulawesi Tengah,Sigi,2016,Jasa Perusahaan,8.95,0.06160564266386928
Sulawesi Tengah,Sigi,2016,"Administrasi Pemerintahan, Pertahanan dan Jaminan Sosial Wajib",628.67,4.327331773574827
Sulawesi Tengah,Sigi,2016,Jasa Pendidikan,368.44,2.53608748414257
Sulawesi Tengah,Sigi,2016,Jasa Kesehatan dan Kegiatan Sosial,105.39,0.7254322547871714
Sulawesi Tengah,Sigi,2016,Jasa Lainnya,44.88,0.3089230438831792
Sulawesi Tengah,Sigi,2016,PRODUK DOMESTIK BRUTO,7263.95,50.00003441656015
Sulawesi Tengah,Sigi,2017,"Pertanian, Kehutanan, dan Perikanan",3456.66,21.94235265216268
Sulawesi Tengah,Sigi,2017,Pertambangan dan Penggalian,305.24,1.9376171574717032
Sulawesi Tengah,Sigi,2017,Industri Pengolahan,156.72,0.9948347559918925
Sulawesi Tengah,Sigi,2017,Pengadaan Listrik dan Gas,0.59,0.0037452303856254253
Sulawesi Tengah,Sigi,2017,"Pengadaan Air, Pengelolaan Sampah, Limbah dan Daur Ulang",8.64,0.054845407681023174
Sulawesi Tengah,Sigi,2017,Konstruksi,1015.92,6.4489058531603085
Sulawesi Tengah,Sigi,2017,Perdagangan Besar dan Eceran; Reparasi Mobil dan Sepeda Motor,953.71,6.054006222160719
Sulawesi Tengah,Sigi,2017,Transportasi dan Pergudangan,141.14,0.8959352824189363
Sulawesi Tengah,Sigi,2017,Penyediaan Akomodasi dan Makan Minum,31.39,0.1992589522114951
Sulawesi Tengah,Sigi,2017,Informasi dan Komunikasi,140.69,0.8930787507688831
Sulawesi Tengah,Sigi,2017,Jasa Keuangan dan Asuransi,210.83,1.3383168172905227
Sulawesi Tengah,Sigi,2017,Real Estate,192.5,1.2219607614116854
Sulawesi Tengah,Sigi,2017,Jasa Perusahaan,9.86,0.0625897823767232
Sulawesi Tengah,Sigi,2017,"Administrasi Pemerintahan, Pertahanan dan Jaminan Sosial Wajib",685.41,4.350878573917835
Sulawesi Tengah,Sigi,2017,Jasa Pendidikan,398.05,2.526760940674916
Sulawesi Tengah,Sigi,2017,Jasa Kesehatan dan Kegiatan Sosial,119.4,0.7579330644808064
Sulawesi Tengah,Sigi,2017,Jasa Lainnya,49.95,0.31707501315591524
Sulawesi Tengah,Sigi,2017,PRODUK DOMESTIK BRUTO,7876.67,49.999904782278335
Sulawesi Tengah,Sigi,2018,"Pertanian, Kehutanan, dan Perikanan",3686.64,21.886507938863776
Sulawesi Tengah,Sigi,2018,Pertambangan dan Penggalian,334.99,1.9887380635049738
Sulawesi Tengah,Sigi,2018,Industri Pengolahan,171.14,1.0160083351390823
Sulawesi Tengah,Sigi,2018,Pengadaan Listrik dan Gas,0.7,0.004155696123626023
Sulawesi Tengah,Sigi,2018,"Pengadaan Air, Pengelolaan Sampah, Limbah dan Daur Ulang",9.09,0.053964682519657935
Sulawesi Tengah,Sigi,2018,Konstruksi,1086.42,6.449759118042548
Sulawesi Tengah,Sigi,2018,Perdagangan Besar dan Eceran; Reparasi Mobil dan Sepeda Motor,1018.92,6.049031277550039
Sulawesi Tengah,Sigi,2018,Transportasi dan Pergudangan,151.5,0.8994113753276322
Sulawesi Tengah,Sigi,2018,Penyediaan Akomodasi dan Makan Minum,34.9,0.20719113530649744
Sulawesi Tengah,Sigi,2018,Informasi dan Komunikasi,158.28,0.9396622606393243
Sulawesi Tengah,Sigi,2018,Jasa Keuangan dan Asuransi,222.43,1.3205021268259092
Sulawesi Tengah,Sigi,2018,Real Estate,206.31,1.2248023818075497
Sulawesi Tengah,Sigi,2018,Jasa Perusahaan,10.72,0.06364151777895853
Sulawesi Tengah,Sigi,2018,"Administrasi Pemerintahan, Pertahanan dan Jaminan Sosial Wajib",719.41,4.270927640425424
Sulawesi Tengah,Sigi,2018,Jasa Pendidikan,423.0,2.5112278004197255
Sulawesi Tengah,Sigi,2018,Jasa Kesehatan dan Kegiatan Sosial,132.15,0.7845360610531128
Sulawesi Tengah,Sigi,2018,Jasa Lainnya,55.58,0.32996227221590624
Sulawesi Tengah,Sigi,2018,PRODUK DOMESTIK BRUTO,8422.17,49.99997031645626
Sulawesi Tengah,Sigi,2019,"Pertanian, Kehutanan, dan Perikanan",3764.23,20.961263568442643
Sulawesi Tengah,Sigi,2019,Pertambangan dan Penggalian,409.83,2.28215455704217
Sulawesi Tengah,Sigi,2019,Industri Pengolahan,178.5,0.9939843067418865
Sulawesi Tengah,Sigi,2019,Pengadaan Listrik dan Gas,0.74,0.004120719254840314
Sulawesi Tengah,Sigi,2019,"Pengadaan Air, Pengelolaan Sampah, Limbah dan Daur Ulang",9.63,0.05362503570825977
Sulawesi Tengah,Sigi,2019,Konstruksi,1216.38,6.773460117841434
Sulawesi Tengah,Sigi,2019,Perdagangan Besar dan Eceran; Reparasi Mobil dan Sepeda Motor,1117.87,6.224903288389651
Sulawesi Tengah,Sigi,2019,Transportasi dan Pergudangan,168.21,0.9366840349414719
Sulawesi Tengah,Sigi,2019,Penyediaan Akomodasi dan Makan Minum,37.98,0.21149313148491233
Sulawesi Tengah,Sigi,2019,Informasi dan Komunikasi,183.28,1.0206019257123415
Sulawesi Tengah,Sigi,2019,Jasa Keuangan dan Asuransi,249.07,1.3869561416257796
Sulawesi Tengah,Sigi,2019,Real Estate,215.69,1.2010782919952803
Sulawesi Tengah,Sigi,2019,Jasa Perusahaan,11.9,0.0662656204494591
Sulawesi Tengah,Sigi,2019,"Administrasi Pemerintahan, Pertahanan dan Jaminan Sosial Wajib",762.47,4.245844338159587
Sulawesi Tengah,Sigi,2019,Jasa Pendidikan,441.43,2.458120406302919
Sulawesi Tengah,Sigi,2019,Jasa Kesehatan dan Kegiatan Sosial,151.09,0.8413506381267879
Sulawesi Tengah,Sigi,2019,Jasa Lainnya,60.71,0.33806603508291283
Sulawesi Tengah,Sigi,2019,PRODUK DOMESTIK BRUTO,8979.02,50.00002784269767
Sulawesi Tengah,Sigi,2020,"Pertanian, Kehutanan, dan Perikanan",3813.62,21.118529729202905
Sulawesi Tengah,Sigi,2020,Pertambangan dan Penggalian,366.1,2.0273372108026453
Sulawesi Tengah,Sigi,2020,Industri Pengolahan,182.44,1.0102906329932657
Sulawesi Tengah,Sigi,2020,Pengadaan Listrik dan Gas,0.77,0.004263997957711109
Sulawesi Tengah,Sigi,2020,"Pengadaan Air, Pengelolaan Sampah, Limbah dan Daur Ulang",10.15,0.05620724580619189
Sulawesi Tengah,Sigi,2020,Konstruksi,1191.04,6.595574191626284
Sulawesi Tengah,Sigi,2020,Perdagangan Besar dan Eceran; Reparasi Mobil dan Sepeda Motor,1130.23,6.258829106160812
Sulawesi Tengah,Sigi,2020,Transportasi dan Pergudangan,125.72,0.6961945756408319
Sulawesi Tengah,Sigi,2020,Penyediaan Akomodasi dan Makan Minum,40.23,0.22278004914119207
Sulawesi Tengah,Sigi,2020,Informasi dan Komunikasi,197.85,1.0956259687443413
Sulawesi Tengah,Sigi,2020,Jasa Keuangan dan Asuransi,276.95,1.5336548498546643
Sulawesi Tengah,Sigi,2020,Real Estate,229.84,1.2727757020783392
Sulawesi Tengah,Sigi,2020,Jasa Perusahaan,11.78,0.06523363109329462
Sulawesi Tengah,Sigi,2020,"Administrasi Pemerintahan, Pertahanan dan Jaminan Sosial Wajib",775.39,4.293845943415086
Sulawesi Tengah,Sigi,2020,Jasa Pendidikan,459.73,2.5458282871409454
Sulawesi Tengah,Sigi,2020,Jasa Kesehatan dan Kegiatan Sosial,155.38,0.8604415619079896
Sulawesi Tengah,Sigi,2020,Jasa Lainnya,61.87,0.34261500473193024
Sulawesi Tengah,Sigi,2020,PRODUK DOMESTIK BRUTO,9029.08,49.999972311701576
Sulawesi Tengah,Sigi,2021,"Pertanian, Kehutanan, dan Perikanan",3991.65,20.515470699673845
Sulawesi Tengah,Sigi,2021,Pertambangan dan Penggalian,388.02,1.994266266052245
Sulawesi Tengah,Sigi,2021,Industri Pengolahan,208.79,1.0730963705196852
Sulawesi Tengah,Sigi,2021,Pengadaan Listrik dan Gas,0.8,0.00411167726622802
Sulawesi Tengah,Sigi,2021,"Pengadaan Air, Pengelolaan Sampah, Limbah dan Daur Ulang",12.24,0.0629086621732887
Sulawesi Tengah,Sigi,2021,Konstruksi,1291.69,6.638765510017588
Sulawesi Tengah,Sigi,2021,Perdagangan Besar dan Eceran; Reparasi Mobil dan Sepeda Motor,1247.03,6.4092311266304085
Sulawesi Tengah,Sigi,2021,Transportasi dan Pergudangan,134.78,0.6927148274277656
Sulawesi Tengah,Sigi,2021,Penyediaan Akomodasi dan Makan Minum,45.07,0.23164161798612104
Sulawesi Tengah,Sigi,2021,Informasi dan Komunikasi,216.55,1.112979640002097
Sulawesi Tengah,Sigi,2021,Jasa Keuangan dan Asuransi,327.07,1.681007854331498
Sulawesi Tengah,Sigi,2021,Real Estate,254.72,1.3091580415670014
Sulawesi Tengah,Sigi,2021,Jasa Perusahaan,12.41,0.06378239359236215
Sulawesi Tengah,Sigi,2021,"Administrasi Pemerintahan, Pertahanan dan Jaminan Sosial Wajib",854.15,4.389986421185829
Sulawesi Tengah,Sigi,2021,Jasa Pendidikan,512.5,2.634043248677325
Sulawesi Tengah,Sigi,2021,Jasa Kesehatan dan Kegiatan Sosial,163.96,0.8426882557134326
Sulawesi Tengah,Sigi,2021,Jasa Lainnya,66.97,0.34419878314911306
Sulawesi Tengah,Sigi,2021,PRODUK DOMESTIK BRUTO,9728.38,49.999948604034174
Sulawesi Tengah,Sigi,2022,"Pertanian, Kehutanan, dan Perikanan",4374.76,20.63656566066342
Sulawesi Tengah,Sigi,2022,Pertambangan dan Penggalian,429.87,2.0277776336414757
Sulawesi Tengah,Sigi,2022,Industri Pengolahan,220.35,1.0394323901944755
Sulawesi Tengah,Sigi,2022,Pengadaan Listrik dan Gas,0.87,0.004103953616833191
Sulawesi Tengah,Sigi,2022,"Pengadaan Air, Pengelolaan Sampah, Limbah dan Daur Ulang",12.76,0.06019131971355347
Sulawesi Tengah,Sigi,2022,Konstruksi,1404.03,6.623073559358971
Sulawesi Tengah,Sigi,2022,Perdagangan Besar dan Eceran; Reparasi Mobil dan Sepeda Motor,1427.31,6.732889697519749
Sulawesi Tengah,Sigi,2022,Transportasi dan Pergudangan,157.11,0.7411174169432905
Sulawesi Tengah,Sigi,2022,Penyediaan Akomodasi dan Makan Minum,50.79,0.2395859818378825
Sulawesi Tengah,Sigi,2022,Informasi dan Komunikasi,226.2,1.0670279403766298
Sulawesi Tengah,Sigi,2022,Jasa Keuangan dan Asuransi,343.33,1.6195521784682063
Sulawesi Tengah,Sigi,2022,Real Estate,280.19,1.321708924023554
Sulawesi Tengah,Sigi,2022,Jasa Perusahaan,13.46,0.06349335135928133
Sulawesi Tengah,Sigi,2022,"Administrasi Pemerintahan, Pertahanan dan Jaminan Sosial Wajib",884.17,4.1707961717188535
Sulawesi Tengah,Sigi,2022,Jasa Pendidikan,528.88,2.4948264239893545
Sulawesi Tengah,Sigi,2022,Jasa Kesehatan dan Kegiatan Sosial,174.87,0.8248946769834715
Sulawesi Tengah,Sigi,2022,Jasa Lainnya,70.58,0.3329391336506743
Sulawesi Tengah,Sigi,2022,PRODUK DOMESTIK BRUTO,10599.54,50.00002358594033
Sulawesi Tengah,Sigi,2023,"Pertanian, Kehutanan, dan Perikanan",4686.01,20.60212958562374
Sulawesi Tengah,Sigi,2023,Pertambangan dan Penggalian,468.67,2.0605163183378346
Sulawesi Tengah,Sigi,2023,Industri Pengolahan,229.1,1.0072423849002452
Sulawesi Tengah,Sigi,2023,Pengadaan Listrik dan Gas,0.94,0.004132727375845615
Sulawesi Tengah,Sigi,2023,"Pengadaan Air, Pengelolaan Sampah, Limbah dan Daur Ulang",13.7,0.060232303243707375
Sulawesi Tengah,Sigi,2023,Konstruksi,1501.24,6.600229410334545
Sulawesi Tengah,Sigi,2023,Perdagangan Besar dan Eceran; Reparasi Mobil dan Sepeda Motor,1554.55,6.83460781076681
Sulawesi Tengah,Sigi,2023,Transportasi dan Pergudangan,174.59,0.767588162286049
Sulawesi Tengah,Sigi,2023,Penyediaan Akomodasi dan Makan Minum,55.94,0.24594124404766354
Sulawesi Tengah,Sigi,2023,Informasi dan Komunikasi,241.31,1.0609238756013888
Sulawesi Tengah,Sigi,2023,Jasa Keuangan dan Asuransi,349.6,1.5370228623357736
Sulawesi Tengah,Sigi,2023,Real Estate,315.43,1.3867938257053005
Sulawesi Tengah,Sigi,2023,Jasa Perusahaan,14.88,0.0654201950559391
Sulawesi Tengah,Sigi,2023,"Administrasi Pemerintahan, Pertahanan dan Jaminan Sosial Wajib",951.32,4.1824959650951605
Sulawesi Tengah,Sigi,2023,Jasa Pendidikan,549.65,2.4165463852484494
Sulawesi Tengah,Sigi,2023,Jasa Kesehatan dan Kegiatan Sosial,188.21,0.8274687440509609
Sulawesi Tengah,Sigi,2023,Jasa Lainnya,77.49,0.34068621739816674
Sulawesi Tengah,Sigi,2023,PRODUK DOMESTIK BRUTO,11372.64,50.00002198259242
Sulawesi Tengah,Sigi,2024,"Pertanian, Kehutanan, dan Perikanan",5171.94,20.58508161291478
Sulawesi Tengah,Sigi,2024,Pertambangan dan Penggalian,578.15,2.301122003446807
Sulawesi Tengah,Sigi,2024,Industri Pengolahan,247.97,0.9869570581937296
Sulawesi Tengah,Sigi,2024,Pengadaan Listrik dan Gas,1.0,0.003980147026631164
Sulawesi Tengah,Sigi,2024,"Pengadaan Air, Pengelolaan Sampah, Limbah dan Daur Ulang",15.02,0.059781808340000075
Sulawesi Tengah,Sigi,2024,Konstruksi,1636.65,6.514107631135895
Sulawesi Tengah,Sigi,2024,Perdagangan Besar dan Eceran; Reparasi Mobil dan Sepeda Motor,1747.93,6.95701839225941
Sulawesi Tengah,Sigi,2024,Transportasi dan Pergudangan,189.62,0.7547154791898013
Sulawesi Tengah,Sigi,2024,Penyediaan Akomodasi dan Makan Minum,60.93,0.24251035833263682
Sulawesi Tengah,Sigi,2024,Informasi dan Komunikasi,256.48,1.0208281093903608
Sulawesi Tengah,Sigi,2024,Jasa Keuangan dan Asuransi,387.7,1.543103002224902
Sulawesi Tengah,Sigi,2024,Real Estate,358.32,1.4261662825824786
Sulawesi Tengah,Sigi,2024,Jasa Perusahaan,16.31,0.06491619800435428
Sulawesi Tengah,Sigi,2024,"Administrasi Pemerintahan, Pertahanan dan Jaminan Sosial Wajib",1033.4,4.113083937320645
Sulawesi Tengah,Sigi,2024,Jasa Pendidikan,578.2,2.301321010798139
Sulawesi Tengah,Sigi,2024,Jasa Kesehatan dan Kegiatan Sosial,199.46,0.7938801259318519
Sulawesi Tengah,Sigi,2024,Jasa Lainnya,83.27,0.33142684290757696
Sulawesi Tengah,Sigi,2024,PRODUK DOMESTIK BRUTO,12562.35,50.0
Sulawesi Tengah,Banggai Laut,2016,"Pertanian, Kehutanan, dan Perikanan",1109.85,30.106934754066344
Sulawesi Tengah,Banggai Laut,2016,Pertambangan dan Penggalian,16.29,0.44189932616456346
Sulawesi Tengah,Banggai Laut,2016,Industri Pengolahan,49.42,1.340617845245717
Sulawesi Tengah,Banggai Laut,2016,Pengadaan Listrik dan Gas,0.54,0.014648596447444092
Sulawesi Tengah,Banggai Laut,2016,"Pengadaan Air, Pengelolaan Sampah, Limbah dan Daur Ulang",3.07,0.08327998350676548
Sulawesi Tengah,Banggai Laut,2016,Konstruksi,35.48,0.9624670406579933
Sulawesi Tengah,Banggai Laut,2016,Perdagangan Besar dan Eceran; Reparasi Mobil dan Sepeda Motor,221.73,6.014876463503294
Sulawesi Tengah,Banggai Laut,2016,Transportasi dan Pergudangan,61.74,1.674822860491108
Sulawesi Tengah,Banggai Laut,2016,Penyediaan Akomodasi dan Makan Minum,9.16,0.24848359899738498
Sulawesi Tengah,Banggai Laut,2016,Informasi dan Komunikasi,4.42,0.11990147462537572
Sulawesi Tengah,Banggai Laut,2016,Jasa Keuangan dan Asuransi,60.63,1.644711856682473
Sulawesi Tengah,Banggai Laut,2016,Real Estate,35.72,0.9689775279679685
Sulawesi Tengah,Banggai Laut,2016,Jasa Perusahaan,0.7,0.01898892132076086
Sulawesi Tengah,Banggai Laut,2016,"Administrasi Pemerintahan, Pertahanan dan Jaminan Sosial Wajib",76.4,2.072505127008757
Sulawesi Tengah,Banggai Laut,2016,Jasa Pendidikan,98.12,2.6617042285615082
Sulawesi Tengah,Banggai Laut,2016,Jasa Kesehatan dan Kegiatan Sosial,37.32,1.0123807767011361
Sulawesi Tengah,Banggai Laut,2016,Jasa Lainnya,22.58,0.6125283477468288
Sulawesi Tengah,Banggai Laut,2016,PRODUK DOMESTIK BRUTO,1843.19,50.00027127030459
Sulawesi Tengah,Banggai Laut,2017,"Pertanian, Kehutanan, dan Perikanan",1194.46,29.765209547115084
Sulawesi Tengah,Banggai Laut,2017,Pertambangan dan Penggalian,18.54,0.46200541249059285
Sulawesi Tengah,Banggai Laut,2017,Industri Pengolahan,53.44,1.3316919764561643
Sulawesi Tengah,Banggai Laut,2017,Pengadaan Listrik dan Gas,0.62,0.015450019187927055
Sulawesi Tengah,Banggai Laut,2017,"Pengadaan Air, Pengelolaan Sampah, Limbah dan Daur Ulang",3.37,0.08397833010211965
Sulawesi Tengah,Banggai Laut,2017,Konstruksi,37.82,0.9424511704635504
Sulawesi Tengah,Banggai Laut,2017,Perdagangan Besar dan Eceran; Reparasi Mobil dan Sepeda Motor,246.6,6.145120535069052
Sulawesi Tengah,Banggai Laut,2017,Transportasi dan Pergudangan,66.7,1.6621230319915075
Sulawesi Tengah,Banggai Laut,2017,Penyediaan Akomodasi dan Makan Minum,9.95,0.24794788858044225
Sulawesi Tengah,Banggai Laut,2017,Informasi dan Komunikasi,4.92,0.12260337807193729
Sulawesi Tengah,Banggai Laut,2017,Jasa Keuangan dan Asuransi,67.66,1.6860456423470074
Sulawesi Tengah,Banggai Laut,2017,Real Estate,39.84,0.9927883297532483
Sulawesi Tengah,Banggai Laut,2017,Jasa Perusahaan,0.79,0.01968631477171351
Sulawesi Tengah,Banggai Laut,2017,"Administrasi Pemerintahan, Pertahanan dan Jaminan Sosial Wajib",86.25,2.1492970241269496
Sulawesi Tengah,Banggai Laut,2017,Jasa Pendidikan,109.19,2.72094773408025
Sulawesi Tengah,Banggai Laut,2017,Jasa Kesehatan dan Kegiatan Sosial,41.6,1.0366464487383316
Sulawesi Tengah,Banggai Laut,2017,Jasa Lainnya,24.73,0.6162564105119936
Sulawesi Tengah,Banggai Laut,2017,PRODUK DOMESTIK BRUTO,2006.46,49.99975080614213
Sulawesi Tengah,Banggai Laut,2018,"Pertanian, Kehutanan, dan Perikanan",1322.32,29.60786904039533
Sulawesi Tengah,Banggai Laut,2018,Pertambangan dan Penggalian,19.91,0.44580182754119346
Sulawesi Tengah,Banggai Laut,2018,Industri Pengolahan,58.91,1.3190449854571427
Sulawesi Tengah,Banggai Laut,2018,Pengadaan Listrik dan Gas,0.72,0.016121412146140598
Sulawesi Tengah,Banggai Laut,2018,"Pengadaan Air, Pengelolaan Sampah, Limbah dan Daur Ulang",3.74,0.08374177975911923
Sulawesi Tengah,Banggai Laut,2018,Konstruksi,42.7,0.9560893036669494
Sulawesi Tengah,Banggai Laut,2018,Perdagangan Besar dan Eceran; Reparasi Mobil dan Sepeda Motor,274.43,6.144721021201895
Sulawesi Tengah,Banggai Laut,2018,Transportasi dan Pergudangan,72.86,1.6313973457886166
Sulawesi Tengah,Banggai Laut,2018,Penyediaan Akomodasi dan Makan Minum,11.47,0.25682305182810095
Sulawesi Tengah,Banggai Laut,2018,Informasi dan Komunikasi,5.42,0.12135840810011396
Sulawesi Tengah,Banggai Laut,2018,Jasa Keuangan dan Asuransi,75.81,1.6974503538873875
Sulawesi Tengah,Banggai Laut,2018,Real Estate,44.12,0.9878843109551712
Sulawesi Tengah,Banggai Laut,2018,Jasa Perusahaan,0.95,0.0212713076928244
Sulawesi Tengah,Banggai Laut,2018,"Administrasi Pemerintahan, Pertahanan dan Jaminan Sosial Wajib",99.36,2.2247548761674025
Sulawesi Tengah,Banggai Laut,2018,Jasa Pendidikan,124.05,2.7775849676788074
Sulawesi Tengah,Banggai Laut,2018,Jasa Kesehatan dan Kegiatan Sosial,48.79,1.0924495814030553
Sulawesi Tengah,Banggai Laut,2018,Jasa Lainnya,27.5,0.615748380581759
Sulawesi Tengah,Banggai Laut,2018,PRODUK DOMESTIK BRUTO,2233.05,49.99988804574898
Sulawesi Tengah,Banggai Laut,2019,"Pertanian, Kehutanan, dan Perikanan",1389.71,29.063398617631993
Sulawesi Tengah,Banggai Laut,2019,Pertambangan dan Penggalian,21.81,0.4561187037947152
Sulawesi Tengah,Banggai Laut,2019,Industri Pengolahan,64.65,1.3520437505881864
Sulawesi Tengah,Banggai Laut,2019,Pengadaan Listrik dan Gas,0.83,0.017358024949546705
Sulawesi Tengah,Banggai Laut,2019,"Pengadaan Air, Pengelolaan Sampah, Limbah dan Daur Ulang",3.97,0.08302573379481978
Sulawesi Tengah,Banggai Laut,2019,Konstruksi,48.3,1.0101115723651877
Sulawesi Tengah,Banggai Laut,2019,Perdagangan Besar dan Eceran; Reparasi Mobil dan Sepeda Motor,306.42,6.408248198843497
Sulawesi Tengah,Banggai Laut,2019,Transportasi dan Pergudangan,78.65,1.6448297135925887
Sulawesi Tengah,Banggai Laut,2019,Penyediaan Akomodasi dan Makan Minum,12.72,0.26601696067257125
Sulawesi Tengah,Banggai Laut,2019,Informasi dan Komunikasi,6.02,0.12589796409189297
Sulawesi Tengah,Banggai Laut,2019,Jasa Keuangan dan Asuransi,79.46,1.6617694728807004
Sulawesi Tengah,Banggai Laut,2019,Real Estate,48.69,1.0182677527631676
Sulawesi Tengah,Banggai Laut,2019,Jasa Perusahaan,1.06,0.0221680800560476
Sulawesi Tengah,Banggai Laut,2019,"Administrasi Pemerintahan, Pertahanan dan Jaminan Sosial Wajib",110.15,2.3035981303524937
Sulawesi Tengah,Banggai Laut,2019,Jasa Pendidikan,134.91,2.8214110192088504
Sulawesi Tengah,Banggai Laut,2019,Jasa Kesehatan dan Kegiatan Sosial,53.51,1.1190697771689688
Sulawesi Tengah,Banggai Laut,2019,Jasa Lainnya,29.96,0.6265619608294208
Sulawesi Tengah,Banggai Laut,2019,PRODUK DOMESTIK BRUTO,2390.83,50.00010456641536
Sulawesi Tengah,Banggai Laut,2020,"Pertanian, Kehutanan, dan Perikanan",1362.69,28.71868256002158
Sulawesi Tengah,Banggai Laut,2020,Pertambangan dan Penggalian,20.17,0.42508261397356356
Sulawesi Tengah,Banggai Laut,2020,Industri Pengolahan,68.17,1.4366822902616672
Sulawesi Tengah,Banggai Laut,2020,Pengadaan Listrik dan Gas,0.92,0.019388993795521985
Sulawesi Tengah,Banggai Laut,2020,"Pengadaan Air, Pengelolaan Sampah, Limbah dan Daur Ulang",4.15,0.08746122201240897
Sulawesi Tengah,Banggai Laut,2020,Konstruksi,47.42,0.9993761801996224
Sulawesi Tengah,Banggai Laut,2020,Perdagangan Besar dan Eceran; Reparasi Mobil dan Sepeda Motor,301.79,6.360222214728892
Sulawesi Tengah,Banggai Laut,2020,Transportasi dan Pergudangan,64.82,1.3660810628540596
Sulawesi Tengah,Banggai Laut,2020,Penyediaan Akomodasi dan Makan Minum,11.98,0.25247841920690584
Sulawesi Tengah,Banggai Laut,2020,Informasi dan Komunikasi,6.46,0.13614445643377393
Sulawesi Tengah,Banggai Laut,2020,Jasa Keuangan dan Asuransi,90.46,1.906443889937955
Sulawesi Tengah,Banggai Laut,2020,Real Estate,49.87,1.0510099136768276
Sulawesi Tengah,Banggai Laut,2020,Jasa Perusahaan,1.08,0.022760992716482333
Sulawesi Tengah,Banggai Laut,2020,"Administrasi Pemerintahan, Pertahanan dan Jaminan Sosial Wajib",115.25,2.4288929727542485
Sulawesi Tengah,Banggai Laut,2020,Jasa Pendidikan,136.54,2.8775795791745344
Sulawesi Tengah,Banggai Laut,2020,Jasa Kesehatan dan Kegiatan Sosial,60.21,1.26892534394389
Sulawesi Tengah,Banggai Laut,2020,Jasa Lainnya,30.5,0.6427872943080658
Sulawesi Tengah,Banggai Laut,2020,PRODUK DOMESTIK BRUTO,2372.48,50.0
Sulawesi Tengah,Banggai Laut,2021,"Pertanian, Kehutanan, dan Perikanan",1424.06,28.190555374093094
Sulawesi Tengah,Banggai Laut,2021,Pertambangan dan Penggalian,21.88,0.4331343844958478
Sulawesi Tengah,Banggai Laut,2021,Industri Pengolahan,73.43,1.453613247419109
Sulawesi Tengah,Banggai Laut,2021,Pengadaan Listrik dan Gas,0.99,0.019597945185141193
Sulawesi Tengah,Banggai Laut,2021,"Pengadaan Air, Pengelolaan Sampah, Limbah dan Daur Ulang",4.52,0.08947748710791736
Sulawesi Tengah,Banggai Laut,2021,Konstruksi,50.83,1.0062258118795222
Sulawesi Tengah,Banggai Laut,2021,Perdagangan Besar dan Eceran; Reparasi Mobil dan Sepeda Motor,335.19,6.63538913798735
Sulawesi Tengah,Banggai Laut,2021,Transportasi dan Pergudangan,69.5,1.3758153438053666
Sulawesi Tengah,Banggai Laut,2021,Penyediaan Akomodasi dan Makan Minum,13.48,0.26684878898555886
Sulawesi Tengah,Banggai Laut,2021,Informasi dan Komunikasi,7.07,0.1399570428878265
Sulawesi Tengah,Banggai Laut,2021,Jasa Keuangan dan Asuransi,110.29,2.183290277241639
Sulawesi Tengah,Banggai Laut,2021,Real Estate,51.42,1.0179053953736972
Sulawesi Tengah,Banggai Laut,2021,Jasa Perusahaan,1.13,0.02236937177697934
Sulawesi Tengah,Banggai Laut,2021,"Administrasi Pemerintahan, Pertahanan dan Jaminan Sosial Wajib",123.03,2.43549009709891
Sulawesi Tengah,Banggai Laut,2021,Jasa Pendidikan,139.19,2.7553919094139423
Sulawesi Tengah,Banggai Laut,2021,Jasa Kesehatan dan Kegiatan Sosial,67.32,1.332660272589601
Sulawesi Tengah,Banggai Laut,2021,Jasa Lainnya,32.46,0.6425750512219022
Sulawesi Tengah,Banggai Laut,2021,PRODUK DOMESTIK BRUTO,2525.76,49.99970306143659
Sulawesi Tengah,Banggai Laut,2022,"Pertanian, Kehutanan, dan Perikanan",1585.32,28.273439032655023
Sulawesi Tengah,Banggai Laut,2022,Pertambangan dan Penggalian,24.85,0.4431881008007704
Sulawesi Tengah,Banggai Laut,2022,Industri Pengolahan,80.53,1.4362147990940057
Sulawesi Tengah,Banggai Laut,2022,Pengadaan Listrik dan Gas,1.09,0.019439639029088122
Sulawesi Tengah,Banggai Laut,2022,"Pengadaan Air, Pengelolaan Sampah, Limbah dan Daur Ulang",4.81,0.08578409516505857
Sulawesi Tengah,Banggai Laut,2022,Konstruksi,57.87,1.0320843216636049
Sulawesi Tengah,Banggai Laut,2022,Perdagangan Besar dan Eceran; Reparasi Mobil dan Sepeda Motor,391.27,6.97811703019386
Sulawesi Tengah,Banggai Laut,2022,Transportasi dan Pergudangan,80.56,1.4367498350305863
Sulawesi Tengah,Banggai Laut,2022,Penyediaan Akomodasi dan Makan Minum,14.69,0.2619892636122059
Sulawesi Tengah,Banggai Laut,2022,Informasi dan Komunikasi,7.47,0.13322394820852135
Sulawesi Tengah,Banggai Laut,2022,Jasa Keuangan dan Asuransi,118.09,2.1060797916926752
Sulawesi Tengah,Banggai Laut,2022,Real Estate,55.33,0.9867846123664639
Sulawesi Tengah,Banggai Laut,2022,Jasa Perusahaan,1.23,0.021936473399796683
Sulawesi Tengah,Banggai Laut,2022,"Administrasi Pemerintahan, Pertahanan dan Jaminan Sosial Wajib",127.08,2.266412227354604
Sulawesi Tengah,Banggai Laut,2022,Jasa Pendidikan,146.39,2.610797025200192
Sulawesi Tengah,Banggai Laut,2022,Jasa Kesehatan dan Kegiatan Sosial,72.26,1.288723225910007
Sulawesi Tengah,Banggai Laut,2022,Jasa Lainnya,34.7,0.6188582333113374
Sulawesi Tengah,Banggai Laut,2022,PRODUK DOMESTIK BRUTO,2803.56,50.000178345312186
Sulawesi Tengah,Banggai Laut,2023,"Pertanian, Kehutanan, dan Perikanan",1706.73,28.2637639974961
Sulawesi Tengah,Banggai Laut,2023,Pertambangan dan Penggalian,29.28,0.484882207406377
Sulawesi Tengah,Banggai Laut,2023,Industri Pengolahan,82.69,1.3693616711213563
Sulawesi Tengah,Banggai Laut,2023,Pengadaan Listrik dan Gas,1.16,0.019209814227848267
Sulawesi Tengah,Banggai Laut,2023,"Pengadaan Air, Pengelolaan Sampah, Limbah dan Daur Ulang",5.04,0.08346333078306489
Sulawesi Tengah,Banggai Laut,2023,Konstruksi,63.27,1.0477628846516898
Sulawesi Tengah,Banggai Laut,2023,Perdagangan Besar dan Eceran; Reparasi Mobil dan Sepeda Motor,429.5,7.112599319707613
Sulawesi Tengah,Banggai Laut,2023,Transportasi dan Pergudangan,86.59,1.4339463913701567
Sulawesi Tengah,Banggai Laut,2023,Penyediaan Akomodasi dan Makan Minum,16.11,0.26678457518158244
Sulawesi Tengah,Banggai Laut,2023,Informasi dan Komunikasi,7.98,0.13215027373985277
Sulawesi Tengah,Banggai Laut,2023,Jasa Keuangan dan Asuransi,120.29,1.992024615058507
Sulawesi Tengah,Banggai Laut,2023,Real Estate,62.76,1.039317190465308
Sulawesi Tengah,Banggai Laut,2023,Jasa Perusahaan,1.34,0.022190647470100588
Sulawesi Tengah,Banggai Laut,2023,"Administrasi Pemerintahan, Pertahanan dan Jaminan Sosial Wajib",134.54,2.2280072467368157
Sulawesi Tengah,Banggai Laut,2023,Jasa Pendidikan,155.17,2.5696438566682893
Sulawesi Tengah,Banggai Laut,2023,Jasa Kesehatan dan Kegiatan Sosial,79.36,1.3142162561396884
Sulawesi Tengah,Banggai Laut,2023,Jasa Lainnya,37.49,0.620841323622441
Sulawesi Tengah,Banggai Laut,2023,PRODUK DOMESTIK BRUTO,3019.28,49.99983439815321
Sulawesi Tengah,Banggai Laut,2024,"Pertanian, Kehutanan, dan Perikanan",1799.81,27.917838434822805
Sulawesi Tengah,Banggai Laut,2024,Pertambangan dan Penggalian,31.86,0.4941979056308469
Sulawesi Tengah,Banggai Laut,2024,Industri Pengolahan,89.15,1.3828544660072193
Sulawesi Tengah,Banggai Laut,2024,Pengadaan Listrik dan Gas,1.23,0.019079203513055296
Sulawesi Tengah,Banggai Laut,2024,"Pengadaan Air, Pengelolaan Sampah, Limbah dan Daur Ulang",5.51,0.08546862711945909
Sulawesi Tengah,Banggai Laut,2024,Konstruksi,70.37,1.0915476026127653
Sulawesi Tengah,Banggai Laut,2024,Perdagangan Besar dan Eceran; Reparasi Mobil dan Sepeda Motor,471.48,7.313384449053098
Sulawesi Tengah,Banggai Laut,2024,Transportasi dan Pergudangan,91.97,1.426597030159102
Sulawesi Tengah,Banggai Laut,2024,Penyediaan Akomodasi dan Makan Minum,17.07,0.2647821170470357
Sulawesi Tengah,Banggai Laut,2024,Informasi dan Komunikasi,8.39,0.13014188412563735
Sulawesi Tengah,Banggai Laut,2024,Jasa Keuangan dan Asuransi,131.5,2.0397685056640418
Sulawesi Tengah,Banggai Laut,2024,Real Estate,70.09,1.0872043692927202
Sulawesi Tengah,Banggai Laut,2024,Jasa Perusahaan,1.45,0.022491743978805025
Sulawesi Tengah,Banggai Laut,2024,"Administrasi Pemerintahan, Pertahanan dan Jaminan Sosial Wajib",140.84,2.1846463599826893
Sulawesi Tengah,Banggai Laut,2024,Jasa Pendidikan,168.22,2.6093525324928146
Sulawesi Tengah,Banggai Laut,2024,Jasa Kesehatan dan Kegiatan Sosial,83.75,1.2990921091206349
Sulawesi Tengah,Banggai Laut,2024,Jasa Lainnya,40.7,0.6313199861636997
Sulawesi Tengah,Banggai Laut,2024,PRODUK DOMESTIK BRUTO,3223.42,50.000232673213574
Sulawesi Tengah,Morowali Utara,2016,"Pertanian, Kehutanan, dan Perikanan",2926.63,17.593471497918515
Sulawesi Tengah,Morowali Utara,2016,Pertambangan dan Penggalian,1628.27,9.788364718435805
Sulawesi Tengah,Morowali Utara,2016,Industri Pengolahan,97.57,0.5865432302859976
Sulawesi Tengah,Morowali Utara,2016,Pengadaan Listrik dan Gas,0.85,0.0051097852387321716
Sulawesi Tengah,Morowali Utara,2016,"Pengadaan Air, Pengelolaan Sampah, Limbah dan Daur Ulang",4.31,0.025909616916394897
Sulawesi Tengah,Morowali Utara,2016,Konstruksi,2260.99,13.59196861990712
Sulawesi Tengah,Morowali Utara,2016,Perdagangan Besar dan Eceran; Reparasi Mobil dan Sepeda Motor,571.96,3.4383444295826506
Sulawesi Tengah,Morowali Utara,2016,Transportasi dan Pergudangan,28.35,0.17042636649183188
Sulawesi Tengah,Morowali Utara,2016,Penyediaan Akomodasi dan Makan Minum,20.1,0.12083139211590196
Sulawesi Tengah,Morowali Utara,2016,Informasi dan Komunikasi,162.33,0.9758487503569335
Sulawesi Tengah,Morowali Utara,2016,Jasa Keuangan dan Asuransi,34.72,0.2087196982220953
Sulawesi Tengah,Morowali Utara,2016,Real Estate,150.25,0.9032296848464809
Sulawesi Tengah,Morowali Utara,2016,Jasa Perusahaan,1.23,0.007394159816047732
Sulawesi Tengah,Morowali Utara,2016,"Administrasi Pemerintahan, Pertahanan dan Jaminan Sosial Wajib",184.6,1.1097251236117165
Sulawesi Tengah,Morowali Utara,2016,Jasa Pendidikan,124.49,0.7483731345526683
Sulawesi Tengah,Morowali Utara,2016,Jasa Kesehatan dan Kegiatan Sosial,68.86,0.4139527194577616
Sulawesi Tengah,Morowali Utara,2016,Jasa Lainnya,51.86,0.31175701468311817
Sulawesi Tengah,Morowali Utara,2016,PRODUK DOMESTIK BRUTO,8317.38,50.00003005756022
Sulawesi Tengah,Morowali Utara,2017,"Pertanian, Kehutanan, dan Perikanan",3140.1,17.506193873250268
Sulawesi Tengah,Morowali Utara,2017,Pertambangan dan Penggalian,2426.97,13.530463152307954
Sulawesi Tengah,Morowali Utara,2017,Industri Pengolahan,137.97,0.7691887419803
Sulawesi Tengah,Morowali Utara,2017,Pengadaan Listrik dan Gas,0.97,0.005407792126700666
Sulawesi Tengah,Morowali Utara,2017,"Pengadaan Air, Pengelolaan Sampah, Limbah dan Daur Ulang",4.94,0.02754071454216628
Sulawesi Tengah,Morowali Utara,2017,Konstruksi,1699.65,9.475622565099782
Sulawesi Tengah,Morowali Utara,2017,Perdagangan Besar dan Eceran; Reparasi Mobil dan Sepeda Motor,641.28,3.575163850526395
Sulawesi Tengah,Morowali Utara,2017,Transportasi dan Pergudangan,31.26,0.17427585760893077
Sulawesi Tengah,Morowali Utara,2017,Penyediaan Akomodasi dan Makan Minum,21.81,0.12159169719932117
Sulawesi Tengah,Morowali Utara,2017,Informasi dan Komunikasi,182.04,1.014880905922257
Sulawesi Tengah,Morowali Utara,2017,Jasa Keuangan dan Asuransi,40.16,0.22389374413226676
Sulawesi Tengah,Morowali Utara,2017,Real Estate,160.16,0.8928989556828647
Sulawesi Tengah,Morowali Utara,2017,Jasa Perusahaan,1.41,0.007860811235719524
Sulawesi Tengah,Morowali Utara,2017,"Administrasi Pemerintahan, Pertahanan dan Jaminan Sosial Wajib",205.59,1.1461731786890619
Sulawesi Tengah,Morowali Utara,2017,Jasa Pendidikan,137.36,0.7657879654882511
Sulawesi Tengah,Morowali Utara,2017,Jasa Kesehatan dan Kegiatan Sosial,75.64,0.42169628501406026
Sulawesi Tengah,Morowali Utara,2017,Jasa Lainnya,61.24,0.3414156596279885
Sulawesi Tengah,Morowali Utara,2017,PRODUK DOMESTIK BRUTO,8968.53,49.9999442495657
Sulawesi Tengah,Morowali Utara,2018,"Pertanian, Kehutanan, dan Perikanan",3283.29,16.155863991745147
Sulawesi Tengah,Morowali Utara,2018,Pertambangan dan Penggalian,3279.27,16.136083048469708
Sulawesi Tengah,Morowali Utara,2018,Industri Pengolahan,239.31,1.177556600807279
Sulawesi Tengah,Morowali Utara,2018,Pengadaan Listrik dan Gas,1.15,0.005658727553919062
Sulawesi Tengah,Morowali Utara,2018,"Pengadaan Air, Pengelolaan Sampah, Limbah dan Daur Ulang",5.72,0.028146018789927858
Sulawesi Tengah,Morowali Utara,2018,Konstruksi,1626.97,8.00572171165191
Sulawesi Tengah,Morowali Utara,2018,Perdagangan Besar dan Eceran; Reparasi Mobil dan Sepeda Motor,720.78,3.546693605490245
Sulawesi Tengah,Morowali Utara,2018,Transportasi dan Pergudangan,31.77,0.15632849946783356
Sulawesi Tengah,Morowali Utara,2018,Penyediaan Akomodasi dan Makan Minum,23.67,0.11647137495762105
Sulawesi Tengah,Morowali Utara,2018,Informasi dan Komunikasi,202.63,0.9970677950005388
Sulawesi Tengah,Morowali Utara,2018,Jasa Keuangan dan Asuransi,45.78,0.22526656297253453
Sulawesi Tengah,Morowali Utara,2018,Real Estate,172.44,0.8485138951285245
Sulawesi Tengah,Morowali Utara,2018,Jasa Perusahaan,1.63,0.008020631228598323
Sulawesi Tengah,Morowali Utara,2018,"Administrasi Pemerintahan, Pertahanan dan Jaminan Sosial Wajib",231.25,1.1378963016032897
Sulawesi Tengah,Morowali Utara,2018,Jasa Pendidikan,146.54,0.721069509348956
Sulawesi Tengah,Morowali Utara,2018,Jasa Kesehatan dan Kegiatan Sosial,81.91,0.4030490208187047
Sulawesi Tengah,Morowali Utara,2018,Jasa Lainnya,67.19,0.3306173081285407
Sulawesi Tengah,Morowali Utara,2018,PRODUK DOMESTIK BRUTO,10161.29,49.999975396836724
Sulawesi Tengah,Morowali Utara,2019,"Pertanian, Kehutanan, dan Perikanan",3558.64,16.042440356566797
Sulawesi Tengah,Morowali Utara,2019,Pertambangan dan Penggalian,3586.19,16.166636462894893
Sulawesi Tengah,Morowali Utara,2019,Industri Pengolahan,260.78,1.17560292588896
Sulawesi Tengah,Morowali Utara,2019,Pengadaan Listrik dan Gas,1.24,0.005589951791173827
Sulawesi Tengah,Morowali Utara,2019,"Pengadaan Air, Pengelolaan Sampah, Limbah dan Daur Ulang",6.16,0.027769437930347397
Sulawesi Tengah,Morowali Utara,2019,Konstruksi,1798.18,8.106241541816898
Sulawesi Tengah,Morowali Utara,2019,Perdagangan Besar dan Eceran; Reparasi Mobil dan Sepeda Motor,779.45,3.513780583572935
Sulawesi Tengah,Morowali Utara,2019,Transportasi dan Pergudangan,35.46,0.1598545891250193
Sulawesi Tengah,Morowali Utara,2019,Penyediaan Akomodasi dan Makan Minum,26.24,0.11829059274225903
Sulawesi Tengah,Morowali Utara,2019,Informasi dan Komunikasi,226.94,1.0230513382975712
Sulawesi Tengah,Morowali Utara,2019,Jasa Keuangan dan Asuransi,50.89,0.22941342472002907
Sulawesi Tengah,Morowali Utara,2019,Real Estate,183.34,0.8265014204788786
Sulawesi Tengah,Morowali Utara,2019,Jasa Perusahaan,1.83,0.008249686917619438
Sulawesi Tengah,Morowali Utara,2019,"Administrasi Pemerintahan, Pertahanan dan Jaminan Sosial Wajib",259.0,1.1675786402532429
Sulawesi Tengah,Morowali Utara,2019,Jasa Pendidikan,153.49,0.6919368551832829
Sulawesi Tengah,Morowali Utara,2019,Jasa Kesehatan dan Kegiatan Sosial,91.74,0.4135662720341023
Sulawesi Tengah,Morowali Utara,2019,Jasa Lainnya,71.76,0.323495919785995
Sulawesi Tengah,Morowali Utara,2019,PRODUK DOMESTIK BRUTO,11091.33,50.0
Sulawesi Tengah,Morowali Utara,2020,"Pertanian, Kehutanan, dan Perikanan",3517.66,15.758903991760494
Sulawesi Tengah,Morowali Utara,2020,Pertambangan dan Penggalian,3666.64,16.42632537890208
Sulawesi Tengah,Morowali Utara,2020,Industri Pengolahan,280.23,1.2554134468968132
Sulawesi Tengah,Morowali Utara,2020,Pengadaan Listrik dan Gas,1.32,0.005913520143823978
Sulawesi Tengah,Morowali Utara,2020,"Pengadaan Air, Pengelolaan Sampah, Limbah dan Daur Ulang",6.54,0.02929880434894607
Sulawesi Tengah,Morowali Utara,2020,Konstruksi,1794.66,8.039968228269046
Sulawesi Tengah,Morowali Utara,2020,Perdagangan Besar dan Eceran; Reparasi Mobil dan Sepeda Motor,757.32,3.392747784333921
Sulawesi Tengah,Morowali Utara,2020,Transportasi dan Pergudangan,26.52,0.11880799561682719
Sulawesi Tengah,Morowali Utara,2020,Penyediaan Akomodasi dan Makan Minum,24.12,0.10805614080987452
Sulawesi Tengah,Morowali Utara,2020,Informasi dan Komunikasi,244.18,1.093911627817378
Sulawesi Tengah,Morowali Utara,2020,Jasa Keuangan dan Asuransi,54.41,0.24375350835262322
Sulawesi Tengah,Morowali Utara,2020,Real Estate,186.31,0.8346575287847314
Sulawesi Tengah,Morowali Utara,2020,Jasa Perusahaan,1.8,0.008063891105214516
Sulawesi Tengah,Morowali Utara,2020,"Administrasi Pemerintahan, Pertahanan dan Jaminan Sosial Wajib",270.08,1.209942060942409
Sulawesi Tengah,Morowali Utara,2020,Jasa Pendidikan,155.29,0.6956898054048678
Sulawesi Tengah,Morowali Utara,2020,Jasa Kesehatan dan Kegiatan Sosial,101.75,0.45583384441976493
Sulawesi Tengah,Morowali Utara,2020,Jasa Lainnya,72.04,0.3227348417886965
Sulawesi Tengah,Morowali Utara,2020,PRODUK DOMESTIK BRUTO,11160.86,49.999977600302486
Sulawesi Tengah,Morowali Utara,2021,"Pertanian, Kehutanan, dan Perikanan",3869.88,14.772919444627892
Sulawesi Tengah,Morowali Utara,2021,Pertambangan dan Penggalian,4394.14,16.774234924188143
Sulawesi Tengah,Morowali Utara,2021,Industri Pengolahan,602.24,2.298997128162295
Sulawesi Tengah,Morowali Utara,2021,Pengadaan Listrik dan Gas,1.4,0.005344374301652518
Sulawesi Tengah,Morowali Utara,2021,"Pengadaan Air, Pengelolaan Sampah, Limbah dan Daur Ulang",7.13,0.02721813483627318
Sulawesi Tengah,Morowali Utara,2021,Konstruksi,2155.69,8.229153027378084
Sulawesi Tengah,Morowali Utara,2021,Perdagangan Besar dan Eceran; Reparasi Mobil dan Sepeda Motor,837.47,3.1969665331463823
Sulawesi Tengah,Morowali Utara,2021,Transportasi dan Pergudangan,41.55,0.1586133944526158
Sulawesi Tengah,Morowali Utara,2021,Penyediaan Akomodasi dan Makan Minum,26.91,0.10272650889819235
Sulawesi Tengah,Morowali Utara,2021,Informasi dan Komunikasi,264.66,1.010315787625254
Sulawesi Tengah,Morowali Utara,2021,Jasa Keuangan dan Asuransi,61.41,0.23442716133177224
Sulawesi Tengah,Morowali Utara,2021,Real Estate,198.9,0.7592828918562042
Sulawesi Tengah,Morowali Utara,2021,Jasa Perusahaan,1.96,0.007482124022313526
Sulawesi Tengah,Morowali Utara,2021,"Administrasi Pemerintahan, Pertahanan dan Jaminan Sosial Wajib",288.85,1.1026589407373788
Sulawesi Tengah,Morowali Utara,2021,Jasa Pendidikan,158.09,0.6034943809630333
Sulawesi Tengah,Morowali Utara,2021,Jasa Kesehatan dan Kegiatan Sosial,110.67,0.4224727885456316
Sulawesi Tengah,Morowali Utara,2021,Jasa Lainnya,76.93,0.29367336787580595
Sulawesi Tengah,Morowali Utara,2021,PRODUK DOMESTIK BRUTO,13097.89,50.00001908705107
Sulawesi Tengah,Morowali Utara,2022,"Pertanian, Kehutanan, dan Perikanan",4251.86,10.084322607438216
Sulawesi Tengah,Morowali Utara,2022,Pertambangan dan Penggalian,9257.23,21.955777888090218
Sulawesi Tengah,Morowali Utara,2022,Industri Pengolahan,2649.52,6.283982641681453
Sulawesi Tengah,Morowali Utara,2022,Pengadaan Listrik dan Gas,1.57,0.0037236377711585044
Sulawesi Tengah,Morowali Utara,2022,"Pengadaan Air, Pengelolaan Sampah, Limbah dan Daur Ulang",7.59,0.018001535466938248
Sulawesi Tengah,Morowali Utara,2022,Konstruksi,2246.85,5.328952564412411
Sulawesi Tengah,Morowali Utara,2022,Perdagangan Besar dan Eceran; Reparasi Mobil dan Sepeda Motor,1209.4,2.8683869556936914
Sulawesi Tengah,Morowali Utara,2022,Transportasi dan Pergudangan,144.98,0.3438554166003566
Sulawesi Tengah,Morowali Utara,2022,Penyediaan Akomodasi dan Makan Minum,36.13,0.08569110361271132
Sulawesi Tengah,Morowali Utara,2022,Informasi dan Komunikasi,294.59,0.698692007009926
Sulawesi Tengah,Morowali Utara,2022,Jasa Keuangan dan Asuransi,75.42,0.17887691764380537
Sulawesi Tengah,Morowali Utara,2022,Real Estate,228.52,0.5419908939268416
Sulawesi Tengah,Morowali Utara,2022,Jasa Perusahaan,2.25,0.005336423557392761
Sulawesi Tengah,Morowali Utara,2022,"Administrasi Pemerintahan, Pertahanan dan Jaminan Sosial Wajib",305.1,0.7236190343824584
Sulawesi Tengah,Morowali Utara,2022,Jasa Pendidikan,167.24,0.3966504336614957
Sulawesi Tengah,Morowali Utara,2022,Jasa Kesehatan dan Kegiatan Sosial,119.69,0.283874015815262
Sulawesi Tengah,Morowali Utara,2022,Jasa Lainnya,83.59,0.1982540645166493
Sulawesi Tengah,Morowali Utara,2022,PRODUK DOMESTIK BRUTO,21081.54,50.00001185871902
Sulawesi Tengah,Morowali Utara,2023,"Pertanian, Kehutanan, dan Perikanan",4489.9,8.492755744985425
Sulawesi Tengah,Morowali Utara,2023,Pertambangan dan Penggalian,10205.4,19.30376388780914
Sulawesi Tengah,Morowali Utara,2023,Industri Pengolahan,6403.45,12.112282406117492
Sulawesi Tengah,Morowali Utara,2023,Pengadaan Listrik dan Gas,1.68,0.003177761119752225
Sulawesi Tengah,Morowali Utara,2023,"Pengadaan Air, Pengelolaan Sampah, Limbah dan Daur Ulang",7.9,0.01494304336073963
Sulawesi Tengah,Morowali Utara,2023,Konstruksi,2407.64,4.554109989500147
Sulawesi Tengah,Morowali Utara,2023,Perdagangan Besar dan Eceran; Reparasi Mobil dan Sepeda Motor,1329.39,2.514573723206792
Sulawesi Tengah,Morowali Utara,2023,Transportasi dan Pergudangan,154.76,0.2927323279124133
Sulawesi Tengah,Morowali Utara,2023,Penyediaan Akomodasi dan Makan Minum,41.09,0.07772274072060652
Sulawesi Tengah,Morowali Utara,2023,Informasi dan Komunikasi,312.29,0.5907041786234657
Sulawesi Tengah,Morowali Utara,2023,Jasa Keuangan dan Asuransi,76.89,0.1454393169629456
Sulawesi Tengah,Morowali Utara,2023,Real Estate,277.22,0.5243684152486381
Sulawesi Tengah,Morowali Utara,2023,Jasa Perusahaan,2.51,0.004747726434867907
Sulawesi Tengah,Morowali Utara,2023,"Administrasi Pemerintahan, Pertahanan dan Jaminan Sosial Wajib",324.12,0.6130809131750543
Sulawesi Tengah,Morowali Utara,2023,Jasa Pendidikan,179.53,0.3395853891839982
Sulawesi Tengah,Morowali Utara,2023,Jasa Kesehatan dan Kegiatan Sosial,129.5,0.24495241964756737
Sulawesi Tengah,Morowali Utara,2023,Jasa Lainnya,90.43,0.1710505583685677
Sulawesi Tengah,Morowali Utara,2023,PRODUK DOMESTIK BRUTO,26433.71,50.000009457622376
Sulawesi Tengah,Morowali Utara,2024,"Pertanian, Kehutanan, dan Perikanan",5169.81,8.54980119741307
Sulawesi Tengah,Morowali Utara,2024,Pertambangan dan Penggalian,10207.16,16.88054083035678
Sulawesi Tengah,Morowali Utara,2024,Industri Pengolahan,9007.54,14.896616370378432
Sulawesi Tengah,Morowali Utara,2024,Pengadaan Listrik dan Gas,1.75,0.002894139648357071
Sulawesi Tengah,Morowali Utara,2024,"Pengadaan Air, Pengelolaan Sampah, Limbah dan Daur Ulang",8.55,0.014139939424830264
Sulawesi Tengah,Morowali Utara,2024,Konstruksi,2550.72,4.218365647918485
Sulawesi Tengah,Morowali Utara,2024,Perdagangan Besar dan Eceran; Reparasi Mobil dan Sepeda Motor,1540.06,2.546942118199309
Sulawesi Tengah,Morowali Utara,2024,Transportasi dan Pergudangan,175.73,0.2906212345175932
Sulawesi Tengah,Morowali Utara,2024,Penyediaan Akomodasi dan Makan Minum,47.95,0.07929942636498376
Sulawesi Tengah,Morowali Utara,2024,Informasi dan Komunikasi,333.35,0.5512922581599027
Sulawesi Tengah,Morowali Utara,2024,Jasa Keuangan dan Asuransi,86.96,0.14381393361207478
Sulawesi Tengah,Morowali Utara,2024,Real Estate,312.4,0.5166452720838566
Sulawesi Tengah,Morowali Utara,2024,Jasa Perusahaan,2.8,0.004630623437371313
Sulawesi Tengah,Morowali Utara,2024,"Administrasi Pemerintahan, Pertahanan dan Jaminan Sosial Wajib",349.33,0.5777198876346147
Sulawesi Tengah,Morowali Utara,2024,Jasa Pendidikan,199.66,0.33019652696627017
Sulawesi Tengah,Morowali Utara,2024,Jasa Kesehatan dan Kegiatan Sosial,139.67,0.23098541982058976
Sulawesi Tengah,Morowali Utara,2024,Jasa Lainnya,100.07,0.1654951740634812
Sulawesi Tengah,Morowali Utara,2024,PRODUK DOMESTIK BRUTO,30233.51,49.99999999999999
Sulawesi Tengah,Palu,2016,"Pertanian, Kehutanan, dan Perikanan",782.26,2.106241530378629
Sulawesi Tengah,Palu,2016,Pertambangan dan Penggalian,1243.26,3.347487849383241
Sulawesi Tengah,Palu,2016,Industri Pengolahan,1481.95,3.990162651732939
Sulawesi Tengah,Palu,2016,Pengadaan Listrik dan Gas,21.77,0.05861590534648678
Sulawesi Tengah,Palu,2016,"Pengadaan Air, Pengelolaan Sampah, Limbah dan Daur Ulang",54.53,0.1468224767360553
Sulawesi Tengah,Palu,2016,Konstruksi,3000.34,8.07844030534121
Sulawesi Tengah,Palu,2016,Perdagangan Besar dan Eceran; Reparasi Mobil dan Sepeda Motor,1852.89,4.9889216746647636
Sulawesi Tengah,Palu,2016,Transportasi dan Pergudangan,1705.98,4.593365282636634
Sulawesi Tengah,Palu,2016,Penyediaan Akomodasi dan Makan Minum,210.92,0.5679038472981621
Sulawesi Tengah,Palu,2016,Informasi dan Komunikasi,1572.45,4.233834651450764
Sulawesi Tengah,Palu,2016,Jasa Keuangan dan Asuransi,1117.95,3.0100896362932885
Sulawesi Tengah,Palu,2016,Real Estate,471.33,1.2690599295801384
Sulawesi Tengah,Palu,2016,Jasa Perusahaan,220.14,0.5927287736782545
Sulawesi Tengah,Palu,2016,"Administrasi Pemerintahan, Pertahanan dan Jaminan Sosial Wajib",2553.23,6.874592926403787
Sulawesi Tengah,Palu,2016,Jasa Pendidikan,1560.24,4.200959125300989
Sulawesi Tengah,Palu,2016,Jasa Kesehatan dan Kegiatan Sosial,536.95,1.4457423231876931
Sulawesi Tengah,Palu,2016,Jasa Lainnya,183.87,0.4950714982112322
Sulawesi Tengah,Palu,2016,PRODUK DOMESTIK BRUTO,18570.03,49.99995961237574
Sulawesi Tengah,Palu,2017,"Pertanian, Kehutanan, dan Perikanan",858.15,2.1016578888397714
Sulawesi Tengah,Palu,2017,Pertambangan dan Penggalian,1421.14,3.4804522427847733
Sulawesi Tengah,Palu,2017,Industri Pengolahan,1540.74,3.7733594076221983
Sulawesi Tengah,Palu,2017,Pengadaan Listrik dan Gas,25.72,0.06298973477941959
Sulawesi Tengah,Palu,2017,"Pengadaan Air, Pengelolaan Sampah, Limbah dan Daur Ulang",58.77,0.14393105415966134
Sulawesi Tengah,Palu,2017,Konstruksi,3267.25,8.001680052801659
Sulawesi Tengah,Palu,2017,Perdagangan Besar dan Eceran; Reparasi Mobil dan Sepeda Motor,2034.44,4.982458632373344
Sulawesi Tengah,Palu,2017,Transportasi dan Pergudangan,1950.2,4.776150107574809
Sulawesi Tengah,Palu,2017,Penyediaan Akomodasi dan Makan Minum,234.65,0.5746711223169054
Sulawesi Tengah,Palu,2017,Informasi dan Komunikasi,1752.8,4.292706342199326
Sulawesi Tengah,Palu,2017,Jasa Keuangan dan Asuransi,1225.84,3.00215149618988
Sulawesi Tengah,Palu,2017,Real Estate,515.58,1.2626845823317712
Sulawesi Tengah,Palu,2017,Jasa Perusahaan,239.39,0.5862796504216662
Sulawesi Tengah,Palu,2017,"Administrasi Pemerintahan, Pertahanan dan Jaminan Sosial Wajib",2761.36,6.7627268285574695
Sulawesi Tengah,Palu,2017,Jasa Pendidikan,1715.52,4.2014055135610375
Sulawesi Tengah,Palu,2017,Jasa Kesehatan dan Kegiatan Sosial,613.73,1.5030594839103106
Sulawesi Tengah,Palu,2017,Jasa Lainnya,200.75,0.4916481048588057
Sulawesi Tengah,Palu,2017,PRODUK DOMESTIK BRUTO,20416.02,49.99998775471718
Sulawesi Tengah,Palu,2018,"Pertanian, Kehutanan, dan Perikanan",964.74,2.122530985203402
Sulawesi Tengah,Palu,2018,Pertambangan dan Penggalian,1452.61,3.1958970649255902
Sulawesi Tengah,Palu,2018,Industri Pengolahan,1561.72,3.4359507123285624
Sulawesi Tengah,Palu,2018,Pengadaan Listrik dan Gas,30.52,0.06714725798495744
Sulawesi Tengah,Palu,2018,"Pengadaan Air, Pengelolaan Sampah, Limbah dan Daur Ulang",68.69,0.1511253326011378
Sulawesi Tengah,Palu,2018,Konstruksi,3724.38,8.194033574509035
Sulawesi Tengah,Palu,2018,Perdagangan Besar dan Eceran; Reparasi Mobil dan Sepeda Motor,2288.52,5.034988297632202
Sulawesi Tengah,Palu,2018,Transportasi dan Pergudangan,2247.33,4.944365900633499
Sulawesi Tengah,Palu,2018,Penyediaan Akomodasi dan Makan Minum,248.51,0.5467485282385901
Sulawesi Tengah,Palu,2018,Informasi dan Komunikasi,1994.36,4.387804896293568
Sulawesi Tengah,Palu,2018,Jasa Keuangan dan Asuransi,1323.77,2.9124353113613077
Sulawesi Tengah,Palu,2018,Real Estate,565.96,1.2451724157656132
Sulawesi Tengah,Palu,2018,Jasa Perusahaan,263.96,0.580740177513413
Sulawesi Tengah,Palu,2018,"Administrasi Pemerintahan, Pertahanan dan Jaminan Sosial Wajib",3240.73,7.1299519452683855
Sulawesi Tengah,Palu,2018,Jasa Pendidikan,1829.14,4.024303259194137
Sulawesi Tengah,Palu,2018,Jasa Kesehatan dan Kegiatan Sosial,702.12,1.5447389507338898
Sulawesi Tengah,Palu,2018,Jasa Lainnya,219.11,0.4820653898127138
Sulawesi Tengah,Palu,2018,PRODUK DOMESTIK BRUTO,22726.17,50.0
Sulawesi Tengah,Palu,2019,"Pertanian, Kehutanan, dan Perikanan",973.76,1.9449483892397472
Sulawesi Tengah,Palu,2019,Pertambangan dan Penggalian,1809.67,3.6145608276736496
Sulawesi Tengah,Palu,2019,Industri Pengolahan,1571.54,3.1389297071412177
Sulawesi Tengah,Palu,2019,Pengadaan Listrik dan Gas,31.28,0.06247739239177959
Sulawesi Tengah,Palu,2019,"Pengadaan Air, Pengelolaan Sampah, Limbah dan Daur Ulang",68.15,0.13612002210677043
Sulawesi Tengah,Palu,2019,Konstruksi,4631.14,9.250049584439454
Sulawesi Tengah,Palu,2019,Perdagangan Besar dan Eceran; Reparasi Mobil dan Sepeda Motor,2485.64,4.964715652963651
Sulawesi Tengah,Palu,2019,Transportasi dan Pergudangan,2407.8,4.8092412212572535
Sulawesi Tengah,Palu,2019,Penyediaan Akomodasi dan Makan Minum,237.58,0.4745325730319372
Sulawesi Tengah,Palu,2019,Informasi dan Komunikasi,2288.77,4.571495568559251
Sulawesi Tengah,Palu,2019,Jasa Keuangan dan Asuransi,1299.04,2.594649354623317
Sulawesi Tengah,Palu,2019,Real Estate,568.69,1.1358781419207524
Sulawesi Tengah,Palu,2019,Jasa Perusahaan,279.26,0.5577824999785284
Sulawesi Tengah,Palu,2019,"Administrasi Pemerintahan, Pertahanan dan Jaminan Sosial Wajib",3447.84,6.886574571102089
Sulawesi Tengah,Palu,2019,Jasa Pendidikan,1929.05,3.8530055560537853
Sulawesi Tengah,Palu,2019,Jasa Kesehatan dan Kegiatan Sosial,771.76,1.5414818526943674
Sulawesi Tengah,Palu,2019,Jasa Lainnya,232.08,0.4635470980269887
Sulawesi Tengah,Palu,2019,PRODUK DOMESTIK BRUTO,25033.06,50.000009986795455
Sulawesi Tengah,Palu,2020,"Pertanian, Kehutanan, dan Perikanan",974.15,2.0155471171251884
Sulawesi Tengah,Palu,2020,Pertambangan dan Penggalian,1454.04,3.008454683759902
Sulawesi Tengah,Palu,2020,Industri Pengolahan,1588.93,3.2875463540663405
Sulawesi Tengah,Palu,2020,Pengadaan Listrik dan Gas,31.65,0.06548484961968096
Sulawesi Tengah,Palu,2020,"Pengadaan Air, Pengelolaan Sampah, Limbah dan Daur Ulang",70.86,0.1466115780110772
Sulawesi Tengah,Palu,2020,Konstruksi,4679.05,9.681102231057446
Sulawesi Tengah,Palu,2020,Perdagangan Besar dan Eceran; Reparasi Mobil dan Sepeda Motor,2414.67,4.9960284938753565
Sulawesi Tengah,Palu,2020,Transportasi dan Pergudangan,1556.08,3.219578666546387
Sulawesi Tengah,Palu,2020,Penyediaan Akomodasi dan Makan Minum,210.95,0.4364622125520284
Sulawesi Tengah,Palu,2020,Informasi dan Komunikasi,2405.36,4.97676580983241
Sulawesi Tengah,Palu,2020,Jasa Keuangan dan Asuransi,1390.91,2.877836719889746
Sulawesi Tengah,Palu,2020,Real Estate,576.89,1.1936036302400552
Sulawesi Tengah,Palu,2020,Jasa Perusahaan,275.32,0.5696457755857998
Sulawesi Tengah,Palu,2020,"Administrasi Pemerintahan, Pertahanan dan Jaminan Sosial Wajib",3563.72,7.373449234965227
Sulawesi Tengah,Palu,2020,Jasa Pendidikan,1909.81,3.9514572085991433
Sulawesi Tengah,Palu,2020,Jasa Kesehatan dan Kegiatan Sosial,832.9,1.7232964059473073
Sulawesi Tengah,Palu,2020,Jasa Lainnya,230.61,0.4771393734848224
Sulawesi Tengah,Palu,2020,PRODUK DOMESTIK BRUTO,24165.89,49.99998965484208
Sulawesi Tengah,Palu,2021,"Pertanian, Kehutanan, dan Perikanan",1001.66,1.9137072149853254
Sulawesi Tengah,Palu,2021,Pertambangan dan Penggalian,1587.27,3.0325360413011975
Sulawesi Tengah,Palu,2021,Industri Pengolahan,1695.98,3.2402303800399457
Sulawesi Tengah,Palu,2021,Pengadaan Listrik dan Gas,33.82,0.06461431824252112
Sulawesi Tengah,Palu,2021,"Pengadaan Air, Pengelolaan Sampah, Limbah dan Daur Ulang",77.29,0.14766530623786095
Sulawesi Tengah,Palu,2021,Konstruksi,5045.06,9.63876736820265
Sulawesi Tengah,Palu,2021,Perdagangan Besar dan Eceran; Reparasi Mobil dan Sepeda Motor,2767.03,5.286509669030255
Sulawesi Tengah,Palu,2021,Transportasi dan Pergudangan,1717.23,3.2808292642106607
Sulawesi Tengah,Palu,2021,Penyediaan Akomodasi dan Makan Minum,248.75,0.4752457617630729
Sulawesi Tengah,Palu,2021,Informasi dan Komunikasi,2584.28,4.937359265162108
Sulawesi Tengah,Palu,2021,Jasa Keuangan dan Asuransi,1552.98,2.9670237712676064
Sulawesi Tengah,Palu,2021,Real Estate,616.33,1.1775204838087832
Sulawesi Tengah,Palu,2021,Jasa Perusahaan,288.15,0.5505208693548923
Sulawesi Tengah,Palu,2021,"Administrasi Pemerintahan, Pertahanan dan Jaminan Sosial Wajib",3796.79,7.253902937907207
Sulawesi Tengah,Palu,2021,Jasa Pendidikan,1978.53,3.7800522493310265
Sulawesi Tengah,Palu,2021,Jasa Kesehatan dan Kegiatan Sosial,937.3,1.7907451356805155
Sulawesi Tengah,Palu,2021,Jasa Lainnya,242.23,0.46278906883163484
Sulawesi Tengah,Palu,2021,PRODUK DOMESTIK BRUTO,26170.66,49.999980894642746
Sulawesi Tengah,Palu,2022,"Pertanian, Kehutanan, dan Perikanan",1102.81,1.9384851196073847
Sulawesi Tengah,Palu,2022,Pertambangan dan Penggalian,1812.29,3.1855869981350073
Sulawesi Tengah,Palu,2022,Industri Pengolahan,1795.79,3.156583811299993
Sulawesi Tengah,Palu,2022,Pengadaan Listrik dan Gas,37.72,0.06630304287374121
Sulawesi Tengah,Palu,2022,"Pengadaan Air, Pengelolaan Sampah, Limbah dan Daur Ulang",82.4,0.1448401572851611
Sulawesi Tengah,Palu,2022,Konstruksi,5169.76,9.087243343768622
Sulawesi Tengah,Palu,2022,Perdagangan Besar dan Eceran; Reparasi Mobil dan Sepeda Motor,3193.09,5.61271429400091
Sulawesi Tengah,Palu,2022,Transportasi dan Pergudangan,2247.61,3.9507789552876322
Sulawesi Tengah,Palu,2022,Penyediaan Akomodasi dan Makan Minum,277.39,0.4875875149190635
Sulawesi Tengah,Palu,2022,Informasi dan Komunikasi,2728.53,4.796125174238843
Sulawesi Tengah,Palu,2022,Jasa Keuangan dan Asuransi,1664.19,2.925261424179517
Sulawesi Tengah,Palu,2022,Real Estate,678.66,1.1929274410576143
Sulawesi Tengah,Palu,2022,Jasa Perusahaan,315.62,0.5547870199313415
Sulawesi Tengah,Palu,2022,"Administrasi Pemerintahan, Pertahanan dan Jaminan Sosial Wajib",4014.43,7.056440201580936
Sulawesi Tengah,Palu,2022,Jasa Pendidikan,2052.2,3.6072933347161107
Sulawesi Tengah,Palu,2022,Jasa Kesehatan dan Kegiatan Sosial,1010.37,1.7759969625753422
Sulawesi Tengah,Palu,2022,Jasa Lainnya,262.3,0.4610627822317689
Sulawesi Tengah,Palu,2022,PRODUK DOMESTIK BRUTO,28445.14,49.99998242231101
Sulawesi Tengah,Palu,2023,"Pertanian, Kehutanan, dan Perikanan",1189.92,1.9324889142384962
Sulawesi Tengah,Palu,2023,Pertambangan dan Penggalian,2230.43,3.6223286010697935
Sulawesi Tengah,Palu,2023,Industri Pengolahan,1836.13,2.981965905355595
Sulawesi Tengah,Palu,2023,Pengadaan Listrik dan Gas,41.13,0.06679715362598271
Sulawesi Tengah,Palu,2023,"Pengadaan Air, Pengelolaan Sampah, Limbah dan Daur Ulang",86.4,0.14031787194954795
Sulawesi Tengah,Palu,2023,Konstruksi,5465.27,8.875868704047521
Sulawesi Tengah,Palu,2023,Perdagangan Besar dan Eceran; Reparasi Mobil dan Sepeda Motor,3515.1,5.708696200114073
Sulawesi Tengah,Palu,2023,Transportasi dan Pergudangan,2623.74,4.26108348783457
Sulawesi Tengah,Palu,2023,Penyediaan Akomodasi dan Makan Minum,308.58,0.5011491773864757
Sulawesi Tengah,Palu,2023,Informasi dan Komunikasi,2884.51,4.684586861310076
Sulawesi Tengah,Palu,2023,Jasa Keuangan dan Asuransi,1743.56,2.831627648337428
Sulawesi Tengah,Palu,2023,Real Estate,776.23,1.2606358998078424
Sulawesi Tengah,Palu,2023,Jasa Perusahaan,347.17,0.5638212454250527
Sulawesi Tengah,Palu,2023,"Administrasi Pemerintahan, Pertahanan dan Jaminan Sosial Wajib",4165.93,6.765676299661807
Sulawesi Tengah,Palu,2023,Jasa Pendidikan,2176.52,3.534776095551274
Sulawesi Tengah,Palu,2023,Jasa Kesehatan dan Kegiatan Sosial,1111.85,1.805699374156306
Sulawesi Tengah,Palu,2023,Jasa Lainnya,284.77,0.46248056012815697
Sulawesi Tengah,Palu,2023,PRODUK DOMESTIK BRUTO,30787.24,50.0
Sulawesi Tengah,Palu,2024,"Pertanian, Kehutanan, dan Perikanan",1241.27,1.8853543778780149
Sulawesi Tengah,Palu,2024,Pertambangan dan Penggalian,2564.11,3.894604730526635
Sulawesi Tengah,Palu,2024,Industri Pengolahan,1954.25,2.968293596854923
Sulawesi Tengah,Palu,2024,Pengadaan Listrik dan Gas,44.86,0.06813747000379268
Sulawesi Tengah,Palu,2024,"Pengadaan Air, Pengelolaan Sampah, Limbah dan Daur Ulang",93.32,0.14174294919201813
Sulawesi Tengah,Palu,2024,Konstruksi,5639.6,8.565940165701944
Sulawesi Tengah,Palu,2024,Perdagangan Besar dan Eceran; Reparasi Mobil dan Sepeda Motor,3751.95,5.698804738759026
Sulawesi Tengah,Palu,2024,Transportasi dan Pergudangan,2819.36,4.28230177061732
Sulawesi Tengah,Palu,2024,Penyediaan Akomodasi dan Makan Minum,351.96,0.5345890312647096
Sulawesi Tengah,Palu,2024,Informasi dan Komunikasi,3154.2,4.79088738042717
Sulawesi Tengah,Palu,2024,Jasa Keuangan dan Asuransi,1957.09,2.9726072485448642
Sulawesi Tengah,Palu,2024,Real Estate,852.35,1.2946271189864622
Sulawesi Tengah,Palu,2024,Jasa Perusahaan,377.32,0.5731081181861581
Sulawesi Tengah,Palu,2024,"Administrasi Pemerintahan, Pertahanan dan Jaminan Sosial Wajib",4421.02,6.715049434600258
Sulawesi Tengah,Palu,2024,Jasa Pendidikan,2248.12,3.4146502243630494
Sulawesi Tengah,Palu,2024,Jasa Kesehatan dan Kegiatan Sosial,1148.48,1.7444164411492602
Sulawesi Tengah,Palu,2024,Jasa Lainnya,299.49,0.4548927974016021
Sulawesi Tengah,Palu,2024,PRODUK DOMESTIK BRUTO,32918.74,49.999992405542805
Sulawesi Tenggara,Buton,2016,"Pertanian, Kehutanan, dan Perikanan",575.56,9.440733790859108
Sulawesi Tenggara,Buton,2016,Pertambangan dan Penggalian,1280.2,20.998727151049117
Sulawesi Tenggara,Buton,2016,Industri Pengolahan,77.67,1.2739971393703993
Sulawesi Tenggara,Buton,2016,Pengadaan Listrik dan Gas,1.15,0.018863096565932266
Sulawesi Tenggara,Buton,2016,"Pengadaan Air, Pengelolaan Sampah, Limbah dan Daur Ulang",13.38,0.21946802787145542
Sulawesi Tenggara,Buton,2016,Konstruksi,189.64,3.1106066371855605
Sulawesi Tenggara,Buton,2016,Perdagangan Besar dan Eceran; Reparasi Mobil dan Sepeda Motor,346.75,5.687633681945228
Sulawesi Tenggara,Buton,2016,Transportasi dan Pergudangan,23.48,0.3851352237983388
Sulawesi Tenggara,Buton,2016,Penyediaan Akomodasi dan Makan Minum,3.94,0.06462660910415055
Sulawesi Tenggara,Buton,2016,Informasi dan Komunikasi,7.95,0.13040140669492306
Sulawesi Tenggara,Buton,2016,Jasa Keuangan dan Asuransi,19.44,0.3188683454275854
Sulawesi Tenggara,Buton,2016,Real Estate,16.56,0.2716285905494246
Sulawesi Tenggara,Buton,2016,Jasa Perusahaan,0.54,0.00885745403965515
Sulawesi Tenggara,Buton,2016,"Administrasi Pemerintahan, Pertahanan dan Jaminan Sosial Wajib",303.02,4.970343931659822
Sulawesi Tenggara,Buton,2016,Jasa Pendidikan,147.25,2.4152964950726314
Sulawesi Tenggara,Buton,2016,Jasa Kesehatan dan Kegiatan Sosial,23.86,0.39136824701142936
Sulawesi Tenggara,Buton,2016,Jasa Lainnya,17.9,0.2936081987219022
Sulawesi Tenggara,Buton,2016,PRODUK DOMESTIK BRUTO,3048.27,49.999835973073345
Sulawesi Tenggara,Buton,2017,"Pertanian, Kehutanan, dan Perikanan",624.04,9.497631832073152
Sulawesi Tenggara,Buton,2017,Pertambangan dan Penggalian,1355.75,20.633956727666778
Sulawesi Tenggara,Buton,2017,Industri Pengolahan,86.12,1.3107109374048778
Sulawesi Tenggara,Buton,2017,Pengadaan Listrik dan Gas,1.4,0.02130742350634961
Sulawesi Tenggara,Buton,2017,"Pengadaan Air, Pengelolaan Sampah, Limbah dan Daur Ulang",13.77,0.20957372977316724
Sulawesi Tenggara,Buton,2017,Konstruksi,203.63,3.099164748998551
Sulawesi Tenggara,Buton,2017,Perdagangan Besar dan Eceran; Reparasi Mobil dan Sepeda Motor,397.27,6.046285811691079
Sulawesi Tenggara,Buton,2017,Transportasi dan Pergudangan,26.0,0.39570929368935
Sulawesi Tenggara,Buton,2017,Penyediaan Akomodasi dan Makan Minum,4.27,0.06498764169436631
Sulawesi Tenggara,Buton,2017,Informasi dan Komunikasi,8.76,0.1333235927968733
Sulawesi Tenggara,Buton,2017,Jasa Keuangan dan Asuransi,21.18,0.322350878474632
Sulawesi Tenggara,Buton,2017,Real Estate,17.73,0.26984329911969906
Sulawesi Tenggara,Buton,2017,Jasa Perusahaan,0.58,0.008827361166916268
Sulawesi Tenggara,Buton,2017,"Administrasi Pemerintahan, Pertahanan dan Jaminan Sosial Wajib",320.6,4.879399982954062
Sulawesi Tenggara,Buton,2017,Jasa Pendidikan,159.78,2.4317858056032438
Sulawesi Tenggara,Buton,2017,Jasa Kesehatan dan Kegiatan Sosial,25.49,0.38794730369775116
Sulawesi Tenggara,Buton,2017,Jasa Lainnya,18.87,0.2871936296891552
Sulawesi Tenggara,Buton,2017,PRODUK DOMESTIK BRUTO,3285.24,50.0
Sulawesi Tenggara,Buton,2018,"Pertanian, Kehutanan, dan Perikanan",676.38,9.526988768412957
Sulawesi Tenggara,Buton,2018,Pertambangan dan Penggalian,1435.7,20.222209075978714
Sulawesi Tenggara,Buton,2018,Industri Pengolahan,87.37,1.2306292449455043
Sulawesi Tenggara,Buton,2018,Pengadaan Listrik dan Gas,1.44,0.02028277569785425
Sulawesi Tenggara,Buton,2018,"Pengadaan Air, Pengelolaan Sampah, Limbah dan Daur Ulang",14.63,0.2060673669858387
Sulawesi Tenggara,Buton,2018,Konstruksi,222.56,3.134815666190585
Sulawesi Tenggara,Buton,2018,Perdagangan Besar dan Eceran; Reparasi Mobil dan Sepeda Motor,441.05,6.21230432051293
Sulawesi Tenggara,Buton,2018,Transportasi dan Pergudangan,28.37,0.39959885176953136
Sulawesi Tenggara,Buton,2018,Penyediaan Akomodasi dan Makan Minum,4.72,0.06648243145407783
Sulawesi Tenggara,Buton,2018,Informasi dan Komunikasi,9.49,0.13366912595322003
Sulawesi Tenggara,Buton,2018,Jasa Keuangan dan Asuransi,22.31,0.31424217070772803
Sulawesi Tenggara,Buton,2018,Real Estate,18.38,0.25888709536566745
Sulawesi Tenggara,Buton,2018,Jasa Perusahaan,0.63,0.008873714367811234
Sulawesi Tenggara,Buton,2018,"Administrasi Pemerintahan, Pertahanan dan Jaminan Sosial Wajib",361.42,5.090694994943392
Sulawesi Tenggara,Buton,2018,Jasa Pendidikan,177.36,2.498161873452382
Sulawesi Tenggara,Buton,2018,Jasa Kesehatan dan Kegiatan Sosial,27.84,0.39213366349184886
Sulawesi Tenggara,Buton,2018,Jasa Lainnya,20.16,0.2839588597699595
Sulawesi Tenggara,Buton,2018,PRODUK DOMESTIK BRUTO,3549.81,50.0
Sulawesi Tenggara,Buton,2019,"Pertanian, Kehutanan, dan Perikanan",768.91,10.015735272280128
Sulawesi Tenggara,Buton,2019,Pertambangan dan Penggalian,1514.67,19.729921245483272
Sulawesi Tenggara,Buton,2019,Industri Pengolahan,93.88,1.222870332498808
Sulawesi Tenggara,Buton,2019,Pengadaan Listrik dan Gas,1.55,0.020190125856126465
Sulawesi Tenggara,Buton,2019,"Pengadaan Air, Pengelolaan Sampah, Limbah dan Daur Ulang",15.14,0.19721193900758366
Sulawesi Tenggara,Buton,2019,Konstruksi,250.3,3.260379678573196
Sulawesi Tenggara,Buton,2019,Perdagangan Besar dan Eceran; Reparasi Mobil dan Sepeda Motor,492.8,6.4191574334833055
Sulawesi Tenggara,Buton,2019,Transportasi dan Pergudangan,31.09,0.40497484701094955
Sulawesi Tenggara,Buton,2019,Penyediaan Akomodasi dan Makan Minum,5.2,0.06773461577539201
Sulawesi Tenggara,Buton,2019,Informasi dan Komunikasi,10.09,0.13143120637955874
Sulawesi Tenggara,Buton,2019,Jasa Keuangan dan Asuransi,24.82,0.3233025314510057
Sulawesi Tenggara,Buton,2019,Real Estate,19.03,0.24788264196263654
Sulawesi Tenggara,Buton,2019,Jasa Perusahaan,0.68,0.008857603601397418
Sulawesi Tenggara,Buton,2019,"Administrasi Pemerintahan, Pertahanan dan Jaminan Sosial Wajib",362.93,4.72748540449289
Sulawesi Tenggara,Buton,2019,Jasa Pendidikan,196.07,2.553985791361752
Sulawesi Tenggara,Buton,2019,Jasa Kesehatan dan Kegiatan Sosial,30.24,0.3939028425092027
Sulawesi Tenggara,Buton,2019,Jasa Lainnya,21.1,0.2748462293963022
Sulawesi Tenggara,Buton,2019,PRODUK DOMESTIK BRUTO,3838.52,50.00013025887648
Sulawesi Tenggara,Buton,2020,"Pertanian, Kehutanan, dan Perikanan",769.97,10.08678906654265
Sulawesi Tenggara,Buton,2020,Pertambangan dan Penggalian,1479.48,19.38153783675795
Sulawesi Tenggara,Buton,2020,Industri Pengolahan,94.5,1.2379723454008345
Sulawesi Tenggara,Buton,2020,Pengadaan Listrik dan Gas,1.57,0.0205673712410509
Sulawesi Tenggara,Buton,2020,"Pengadaan Air, Pengelolaan Sampah, Limbah dan Daur Ulang",16.08,0.21065180226503083
Sulawesi Tenggara,Buton,2020,Konstruksi,244.3,3.2003877669991945
Sulawesi Tenggara,Buton,2020,Perdagangan Besar dan Eceran; Reparasi Mobil dan Sepeda Motor,486.6,6.374575061079852
Sulawesi Tenggara,Buton,2020,Transportasi dan Pergudangan,30.84,0.4040112924038278
Sulawesi Tenggara,Buton,2020,Penyediaan Akomodasi dan Makan Minum,5.0,0.06550118229634044
Sulawesi Tenggara,Buton,2020,Informasi dan Komunikasi,11.01,0.14423360341654165
Sulawesi Tenggara,Buton,2020,Jasa Keuangan dan Asuransi,25.32,0.331697987148668
Sulawesi Tenggara,Buton,2020,Real Estate,19.27,0.2524415565700961
Sulawesi Tenggara,Buton,2020,Jasa Perusahaan,0.68,0.0089081607923023
Sulawesi Tenggara,Buton,2020,"Administrasi Pemerintahan, Pertahanan dan Jaminan Sosial Wajib",369.66,4.8426334095330414
Sulawesi Tenggara,Buton,2020,Jasa Pendidikan,206.95,2.7110939352455308
Sulawesi Tenggara,Buton,2020,Jasa Kesehatan dan Kegiatan Sosial,33.76,0.44226398286489066
Sulawesi Tenggara,Buton,2020,Jasa Lainnya,21.73,0.28466813825989556
Sulawesi Tenggara,Buton,2020,PRODUK DOMESTIK BRUTO,3816.73,50.00006550118229
Sulawesi Tenggara,Buton,2021,"Pertanian, Kehutanan, dan Perikanan",805.72,9.980947850625203
Sulawesi Tenggara,Buton,2021,Pertambangan dan Penggalian,1563.69,19.370387162468504
Sulawesi Tenggara,Buton,2021,Industri Pengolahan,101.86,1.2618022986455384
Sulawesi Tenggara,Buton,2021,Pengadaan Listrik dan Gas,1.72,0.021306695009526075
Sulawesi Tenggara,Buton,2021,"Pengadaan Air, Pengelolaan Sampah, Limbah dan Daur Ulang",16.44,0.2036523639282609
Sulawesi Tenggara,Buton,2021,Konstruksi,263.8,3.2678524090191736
Sulawesi Tenggara,Buton,2021,Perdagangan Besar dan Eceran; Reparasi Mobil dan Sepeda Motor,532.03,6.5905819453012535
Sulawesi Tenggara,Buton,2021,Transportasi dan Pergudangan,31.98,0.39615587581665346
Sulawesi Tenggara,Buton,2021,Penyediaan Akomodasi dan Makan Minum,5.11,0.06330070435969665
Sulawesi Tenggara,Buton,2021,Informasi dan Komunikasi,11.31,0.14010390730101158
Sulawesi Tenggara,Buton,2021,Jasa Keuangan dan Asuransi,28.98,0.3589930356837591
Sulawesi Tenggara,Buton,2021,Real Estate,19.51,0.2416823369975894
Sulawesi Tenggara,Buton,2021,Jasa Perusahaan,0.7,0.008671329364342006
Sulawesi Tenggara,Buton,2021,"Administrasi Pemerintahan, Pertahanan dan Jaminan Sosial Wajib",376.63,4.665546826417328
Sulawesi Tenggara,Buton,2021,Jasa Pendidikan,217.76,2.697526689113022
Sulawesi Tenggara,Buton,2021,Jasa Kesehatan dan Kegiatan Sosial,36.42,0.45115687921333697
Sulawesi Tenggara,Buton,2021,Jasa Lainnya,22.63,0.28033169073579944
Sulawesi Tenggara,Buton,2021,PRODUK DOMESTIK BRUTO,4036.29,50.0
Sulawesi Tenggara,Buton,2022,"Pertanian, Kehutanan, dan Perikanan",958.38,10.435435925913827
Sulawesi Tenggara,Buton,2022,Pertambangan dan Penggalian,1779.05,19.371399949912345
Sulawesi Tenggara,Buton,2022,Industri Pengolahan,115.24,1.2548046037086642
Sulawesi Tenggara,Buton,2022,Pengadaan Listrik dan Gas,1.91,0.020797264778579905
Sulawesi Tenggara,Buton,2022,"Pengadaan Air, Pengelolaan Sampah, Limbah dan Daur Ulang",17.2,0.18728426921024835
Sulawesi Tenggara,Buton,2022,Konstruksi,269.88,2.938620847352432
Sulawesi Tenggara,Buton,2022,Perdagangan Besar dan Eceran; Reparasi Mobil dan Sepeda Motor,646.94,7.0442840187719815
Sulawesi Tenggara,Buton,2022,Transportasi dan Pergudangan,37.74,0.4109365302322543
Sulawesi Tenggara,Buton,2022,Penyediaan Akomodasi dan Makan Minum,5.86,0.06380731497511952
Sulawesi Tenggara,Buton,2022,Informasi dan Komunikasi,12.86,0.1400276570955694
Sulawesi Tenggara,Buton,2022,Jasa Keuangan dan Asuransi,33.21,0.3616110802600203
Sulawesi Tenggara,Buton,2022,Real Estate,20.95,0.22811659534620365
Sulawesi Tenggara,Buton,2022,Jasa Perusahaan,0.8,0.008710896242337134
Sulawesi Tenggara,Buton,2022,"Administrasi Pemerintahan, Pertahanan dan Jaminan Sosial Wajib",380.86,4.147039928570651
Sulawesi Tenggara,Buton,2022,Jasa Pendidikan,246.53,2.684371563279217
Sulawesi Tenggara,Buton,2022,Jasa Kesehatan dan Kegiatan Sosial,38.66,0.42095406091094195
Sulawesi Tenggara,Buton,2022,Jasa Lainnya,25.88,0.28179749343960625
Sulawesi Tenggara,Buton,2022,PRODUK DOMESTIK BRUTO,4591.95,50.0
Sulawesi Tenggara,Buton,2023,"Pertanian, Kehutanan, dan Perikanan",1048.7,10.357203525419443
Sulawesi Tenggara,Buton,2023,Pertambangan dan Penggalian,1992.17,19.67513125511095
Sulawesi Tenggara,Buton,2023,Industri Pengolahan,107.78,1.0644601849620556
Sulawesi Tenggara,Buton,2023,Pengadaan Listrik dan Gas,2.11,0.020838847562348644
Sulawesi Tenggara,Buton,2023,"Pengadaan Air, Pengelolaan Sampah, Limbah dan Daur Ulang",19.12,0.18883353810052425
Sulawesi Tenggara,Buton,2023,Konstruksi,268.41,2.650879182090048
Sulawesi Tenggara,Buton,2023,Perdagangan Besar dan Eceran; Reparasi Mobil dan Sepeda Motor,746.31,7.370730011495932
Sulawesi Tenggara,Buton,2023,Transportasi dan Pergudangan,41.82,0.4130239834395357
Sulawesi Tenggara,Buton,2023,Penyediaan Akomodasi dan Makan Minum,6.03,0.059553673365385
Sulawesi Tenggara,Buton,2023,Informasi dan Komunikasi,13.08,0.12918110242441722
Sulawesi Tenggara,Buton,2023,Jasa Keuangan dan Asuransi,36.74,0.3628527295927438
Sulawesi Tenggara,Buton,2023,Real Estate,22.1,0.21826470669568965
Sulawesi Tenggara,Buton,2023,Jasa Perusahaan,0.91,0.008987370275704868
Sulawesi Tenggara,Buton,2023,"Administrasi Pemerintahan, Pertahanan dan Jaminan Sosial Wajib",417.31,4.121449988741096
Sulawesi Tenggara,Buton,2023,Jasa Pendidikan,269.56,2.662236847823081
Sulawesi Tenggara,Buton,2023,Jasa Kesehatan dan Kegiatan Sosial,39.89,0.3939628574701837
Sulawesi Tenggara,Buton,2023,Jasa Lainnya,30.62,0.30241019543086045
Sulawesi Tenggara,Buton,2023,PRODUK DOMESTIK BRUTO,5062.66,50.0
Sulawesi Tenggara,Buton,2024,"Pertanian, Kehutanan, dan Perikanan",1147.35,10.829655331246718
Sulawesi Tenggara,Buton,2024,Pertambangan dan Penggalian,1830.42,17.277045113889066
Sulawesi Tenggara,Buton,2024,Industri Pengolahan,132.41,1.2497970648977017
Sulawesi Tenggara,Buton,2024,Pengadaan Listrik dan Gas,2.35,0.022181278623288267
Sulawesi Tenggara,Buton,2024,"Pengadaan Air, Pengelolaan Sampah, Limbah dan Daur Ulang",19.46,0.18367986468476155
Sulawesi Tenggara,Buton,2024,Konstruksi,325.26,3.070077738302443
Sulawesi Tenggara,Buton,2024,Perdagangan Besar dan Eceran; Reparasi Mobil dan Sepeda Motor,819.85,7.738434586937398
Sulawesi Tenggara,Buton,2024,Transportasi dan Pergudangan,47.17,0.445230175600216
Sulawesi Tenggara,Buton,2024,Penyediaan Akomodasi dan Makan Minum,6.51,0.061446861207492175
Sulawesi Tenggara,Buton,2024,Informasi dan Komunikasi,14.98,0.1413938526710035
Sulawesi Tenggara,Buton,2024,Jasa Keuangan dan Asuransi,35.76,0.3375329887526759
Sulawesi Tenggara,Buton,2024,Real Estate,22.87,0.21586631579344792
Sulawesi Tenggara,Buton,2024,Jasa Perusahaan,0.98,0.009250065128009573
Sulawesi Tenggara,Buton,2024,"Administrasi Pemerintahan, Pertahanan dan Jaminan Sosial Wajib",530.96,5.011647530987718
Sulawesi Tenggara,Buton,2024,Jasa Pendidikan,287.7,2.715554834008525
Sulawesi Tenggara,Buton,2024,Jasa Kesehatan dan Kegiatan Sosial,42.14,0.3977528005044117
Sulawesi Tenggara,Buton,2024,Jasa Lainnya,31.08,0.2933592083454465
Sulawesi Tenggara,Buton,2024,PRODUK DOMESTIK BRUTO,5297.27,50.00009438841968
Sulawesi Tenggara,Muna,2016,"Pertanian, Kehutanan, dan Perikanan",1524.29,13.97127634124858
Sulawesi Tenggara,Muna,2016,Pertambangan dan Penggalian,571.51,5.238323509166219
Sulawesi Tenggara,Muna,2016,Industri Pengolahan,278.78,2.555230578441949
Sulawesi Tenggara,Muna,2016,Pengadaan Listrik dan Gas,1.8,0.016498368036428394
Sulawesi Tenggara,Muna,2016,"Pengadaan Air, Pengelolaan Sampah, Limbah dan Daur Ulang",17.44,0.1598508547529507
Sulawesi Tenggara,Muna,2016,Konstruksi,717.19,6.573591428914491
Sulawesi Tenggara,Muna,2016,Perdagangan Besar dan Eceran; Reparasi Mobil dan Sepeda Motor,690.38,6.32785740277191
Sulawesi Tenggara,Muna,2016,Transportasi dan Pergudangan,153.91,1.4107021247148304
Sulawesi Tenggara,Muna,2016,Penyediaan Akomodasi dan Makan Minum,27.2,0.24930867255047356
Sulawesi Tenggara,Muna,2016,Informasi dan Komunikasi,53.81,0.4932095466890067
Sulawesi Tenggara,Muna,2016,Jasa Keuangan dan Asuransi,114.85,1.052687538324334
Sulawesi Tenggara,Muna,2016,Real Estate,119.49,1.0952166648182384
Sulawesi Tenggara,Muna,2016,Jasa Perusahaan,4.01,0.03675469768115437
Sulawesi Tenggara,Muna,2016,"Administrasi Pemerintahan, Pertahanan dan Jaminan Sosial Wajib",585.01,5.362061269439431
Sulawesi Tenggara,Muna,2016,Jasa Pendidikan,381.95,3.500862039729903
Sulawesi Tenggara,Muna,2016,Jasa Kesehatan dan Kegiatan Sosial,84.25,0.7722152817050514
Sulawesi Tenggara,Muna,2016,Jasa Lainnya,129.21,1.1843078522149517
Sulawesi Tenggara,Muna,2016,PRODUK DOMESTIK BRUTO,5455.09,50.0000458288001
Sulawesi Tenggara,Muna,2017,"Pertanian, Kehutanan, dan Perikanan",1657.45,13.996853463090684
Sulawesi Tenggara,Muna,2017,Pertambangan dan Penggalian,591.86,4.998146363790673
Sulawesi Tenggara,Muna,2017,Industri Pengolahan,311.45,2.6301366623907767
Sulawesi Tenggara,Muna,2017,Pengadaan Listrik dan Gas,2.16,0.018240793677200443
Sulawesi Tenggara,Muna,2017,"Pengadaan Air, Pengelolaan Sampah, Limbah dan Daur Ulang",17.79,0.15023320348027586
Sulawesi Tenggara,Muna,2017,Konstruksi,775.27,6.547009312094068
Sulawesi Tenggara,Muna,2017,Perdagangan Besar dan Eceran; Reparasi Mobil dan Sepeda Motor,784.96,6.628839539284844
Sulawesi Tenggara,Muna,2017,Transportasi dan Pergudangan,168.6,1.4237952842481456
Sulawesi Tenggara,Muna,2017,Penyediaan Akomodasi dan Makan Minum,30.14,0.2545266302920469
Sulawesi Tenggara,Muna,2017,Informasi dan Komunikasi,59.52,0.5026352035495234
Sulawesi Tenggara,Muna,2017,Jasa Keuangan dan Asuransi,126.23,1.0659886045708389
Sulawesi Tenggara,Muna,2017,Real Estate,131.82,1.1131951030224825
Sulawesi Tenggara,Muna,2017,Jasa Perusahaan,4.38,0.03698827606765645
Sulawesi Tenggara,Muna,2017,"Administrasi Pemerintahan, Pertahanan dan Jaminan Sosial Wajib",616.0,5.202004122757163
Sulawesi Tenggara,Muna,2017,Jasa Pendidikan,415.96,3.5127039527631
Sulawesi Tenggara,Muna,2017,Jasa Kesehatan dan Kegiatan Sosial,90.16,0.7613842397853666
Sulawesi Tenggara,Muna,2017,Jasa Lainnya,137.04,1.157277021075717
Sulawesi Tenggara,Muna,2017,PRODUK DOMESTIK BRUTO,5920.8,50.000042224059435
Sulawesi Tenggara,Muna,2018,"Pertanian, Kehutanan, dan Perikanan",1781.42,13.872302119057187
Sulawesi Tenggara,Muna,2018,Pertambangan dan Penggalian,621.12,4.836795529515106
Sulawesi Tenggara,Muna,2018,Industri Pengolahan,324.38,2.5260170882665345
Sulawesi Tenggara,Muna,2018,Pengadaan Listrik dan Gas,2.23,0.01736549142004554
Sulawesi Tenggara,Muna,2018,"Pengadaan Air, Pengelolaan Sampah, Limbah dan Daur Ulang",18.77,0.1461660421319528
Sulawesi Tenggara,Muna,2018,Konstruksi,868.01,6.759381258974767
Sulawesi Tenggara,Muna,2018,Perdagangan Besar dan Eceran; Reparasi Mobil dan Sepeda Motor,878.19,6.838655116668068
Sulawesi Tenggara,Muna,2018,Transportasi dan Pergudangan,180.72,1.4073056544531974
Sulawesi Tenggara,Muna,2018,Penyediaan Akomodasi dan Makan Minum,33.2,0.258535567329826
Sulawesi Tenggara,Muna,2018,Informasi dan Komunikasi,63.49,0.4944103364388751
Sulawesi Tenggara,Muna,2018,Jasa Keuangan dan Asuransi,132.43,1.0312609994424353
Sulawesi Tenggara,Muna,2018,Real Estate,138.46,1.0782179112195094
Sulawesi Tenggara,Muna,2018,Jasa Perusahaan,4.78,0.0372228919227882
Sulawesi Tenggara,Muna,2018,"Administrasi Pemerintahan, Pertahanan dan Jaminan Sosial Wajib",669.91,5.216733792467582
Sulawesi Tenggara,Muna,2018,Jasa Pendidikan,456.76,3.556888726914799
Sulawesi Tenggara,Muna,2018,Jasa Kesehatan dan Kegiatan Sosial,97.66,0.7604995031756266
Sulawesi Tenggara,Muna,2018,Jasa Lainnya,149.25,1.1622419706017026
Sulawesi Tenggara,Muna,2018,PRODUK DOMESTIK BRUTO,6420.78,50.0
Sulawesi Tenggara,Muna,2019,"Pertanian, Kehutanan, dan Perikanan",1913.65,13.809738584495483
Sulawesi Tenggara,Muna,2019,Pertambangan dan Penggalian,678.79,4.898446661494885
Sulawesi Tenggara,Muna,2019,Industri Pengolahan,340.52,2.457341824676613
Sulawesi Tenggara,Muna,2019,Pengadaan Listrik dan Gas,2.41,0.017391618106045573
Sulawesi Tenggara,Muna,2019,"Pengadaan Air, Pengelolaan Sampah, Limbah dan Daur Ulang",19.68,0.14201952046762525
Sulawesi Tenggara,Muna,2019,Konstruksi,948.47,6.844575944000433
Sulawesi Tenggara,Muna,2019,Perdagangan Besar dan Eceran; Reparasi Mobil dan Sepeda Motor,964.69,6.961626585361453
Sulawesi Tenggara,Muna,2019,Transportasi dan Pergudangan,195.29,1.4092983817135434
Sulawesi Tenggara,Muna,2019,Penyediaan Akomodasi dan Makan Minum,35.8,0.25834851792383046
Sulawesi Tenggara,Muna,2019,Informasi dan Komunikasi,67.15,0.484583882083386
Sulawesi Tenggara,Muna,2019,Jasa Keuangan dan Asuransi,144.54,1.043064100019845
Sulawesi Tenggara,Muna,2019,Real Estate,142.74,1.0300745097331723
Sulawesi Tenggara,Muna,2019,Jasa Perusahaan,5.29,0.038174962564722435
Sulawesi Tenggara,Muna,2019,"Administrasi Pemerintahan, Pertahanan dan Jaminan Sosial Wajib",707.05,5.102383228995651
Sulawesi Tenggara,Muna,2019,Jasa Pendidikan,495.8,3.577910480073608
Sulawesi Tenggara,Muna,2019,Jasa Kesehatan dan Kegiatan Sosial,107.69,0.7771383210954554
Sulawesi Tenggara,Muna,2019,Jasa Lainnya,159.07,1.1479189593894892
Sulawesi Tenggara,Muna,2019,PRODUK DOMESTIK BRUTO,6928.62,49.999963917804756
Sulawesi Tenggara,Muna,2020,"Pertanian, Kehutanan, dan Perikanan",1960.45,14.036008416808126
Sulawesi Tenggara,Muna,2020,Pertambangan dan Penggalian,629.16,4.504524499741897
Sulawesi Tenggara,Muna,2020,Industri Pengolahan,345.44,2.473207043026958
Sulawesi Tenggara,Muna,2020,Pengadaan Listrik dan Gas,2.51,0.017970558354555532
Sulawesi Tenggara,Muna,2020,"Pengadaan Air, Pengelolaan Sampah, Limbah dan Daur Ulang",20.51,0.14684308838722474
Sulawesi Tenggara,Muna,2020,Konstruksi,952.47,6.81928992667869
Sulawesi Tenggara,Muna,2020,Perdagangan Besar dan Eceran; Reparasi Mobil dan Sepeda Motor,961.02,6.880504378444208
Sulawesi Tenggara,Muna,2020,Transportasi dan Pergudangan,191.45,1.3707025485974729
Sulawesi Tenggara,Muna,2020,Penyediaan Akomodasi dan Makan Minum,35.28,0.2525901588640316
Sulawesi Tenggara,Muna,2020,Informasi dan Komunikasi,72.14,0.5164924620309308
Sulawesi Tenggara,Muna,2020,Jasa Keuangan dan Asuransi,148.83,1.0655610358201197
Sulawesi Tenggara,Muna,2020,Real Estate,144.38,1.033700882562043
Sulawesi Tenggara,Muna,2020,Jasa Perusahaan,5.25,0.03758782125952851
Sulawesi Tenggara,Muna,2020,"Administrasi Pemerintahan, Pertahanan dan Jaminan Sosial Wajib",729.01,5.21940906217312
Sulawesi Tenggara,Muna,2020,Jasa Pendidikan,512.89,3.6720795515808717
Sulawesi Tenggara,Muna,2020,Jasa Kesehatan dan Kegiatan Sosial,113.83,0.8149755607565963
Sulawesi Tenggara,Muna,2020,Jasa Lainnya,159.02,1.138517206988614
Sulawesi Tenggara,Muna,2020,PRODUK DOMESTIK BRUTO,6983.65,50.000035797925
Sulawesi Tenggara,Muna,2021,"Pertanian, Kehutanan, dan Perikanan",2070.74,14.05701306291965
Sulawesi Tenggara,Muna,2021,Pertambangan dan Penggalian,657.81,4.465477927175394
Sulawesi Tenggara,Muna,2021,Industri Pengolahan,375.8,2.5510810188846524
Sulawesi Tenggara,Muna,2021,Pengadaan Listrik dan Gas,2.78,0.01887175421101472
Sulawesi Tenggara,Muna,2021,"Pengadaan Air, Pengelolaan Sampah, Limbah dan Daur Ulang",21.58,0.1464936891632006
Sulawesi Tenggara,Muna,2021,Konstruksi,1020.15,6.925187071354917
Sulawesi Tenggara,Muna,2021,Perdagangan Besar dan Eceran; Reparasi Mobil dan Sepeda Motor,1027.44,6.974674513152866
Sulawesi Tenggara,Muna,2021,Transportasi dan Pergudangan,191.39,1.2992320282180243
Sulawesi Tenggara,Muna,2021,Penyediaan Akomodasi dan Makan Minum,36.77,0.24960949724424872
Sulawesi Tenggara,Muna,2021,Informasi dan Komunikasi,75.01,0.509197943657631
Sulawesi Tenggara,Muna,2021,Jasa Keuangan dan Asuransi,166.33,1.1291147042870788
Sulawesi Tenggara,Muna,2021,Real Estate,152.1,1.0325157609695466
Sulawesi Tenggara,Muna,2021,Jasa Perusahaan,5.64,0.038286580485655766
Sulawesi Tenggara,Muna,2021,"Administrasi Pemerintahan, Pertahanan dan Jaminan Sosial Wajib",738.55,5.01357340739026
Sulawesi Tenggara,Muna,2021,Jasa Pendidikan,537.12,3.6461858351871324
Sulawesi Tenggara,Muna,2021,Jasa Kesehatan dan Kegiatan Sosial,120.89,0.8206497721473274
Sulawesi Tenggara,Muna,2021,Jasa Lainnya,165.4,1.1228014915474227
Sulawesi Tenggara,Muna,2021,PRODUK DOMESTIK BRUTO,7365.51,50.000033942003974
Sulawesi Tenggara,Muna,2022,"Pertanian, Kehutanan, dan Perikanan",2325.25,14.072994980263612
Sulawesi Tenggara,Muna,2022,Pertambangan dan Penggalian,761.76,4.610362178761686
Sulawesi Tenggara,Muna,2022,Industri Pengolahan,398.95,2.4145452520701722
Sulawesi Tenggara,Muna,2022,Pengadaan Listrik dan Gas,2.96,0.017914660850050657
Sulawesi Tenggara,Muna,2022,"Pengadaan Air, Pengelolaan Sampah, Limbah dan Daur Ulang",23.02,0.13932280161086694
Sulawesi Tenggara,Muna,2022,Konstruksi,1130.27,6.840676932090122
Sulawesi Tenggara,Muna,2022,Perdagangan Besar dan Eceran; Reparasi Mobil dan Sepeda Motor,1210.65,7.327156810173592
Sulawesi Tenggara,Muna,2022,Transportasi dan Pergudangan,223.69,1.3538278667391324
Sulawesi Tenggara,Muna,2022,Penyediaan Akomodasi dan Makan Minum,40.63,0.24590292916809403
Sulawesi Tenggara,Muna,2022,Informasi dan Komunikasi,81.47,0.4930768308964956
Sulawesi Tenggara,Muna,2022,Jasa Keuangan dan Asuransi,186.25,1.1272316159871403
Sulawesi Tenggara,Muna,2022,Real Estate,166.11,1.0053392952033497
Sulawesi Tenggara,Muna,2022,Jasa Perusahaan,6.31,0.038189699312101234
Sulawesi Tenggara,Muna,2022,"Administrasi Pemerintahan, Pertahanan dan Jaminan Sosial Wajib",790.25,4.782790789443423
Sulawesi Tenggara,Muna,2022,Jasa Pendidikan,601.32,3.6393391426866426
Sulawesi Tenggara,Muna,2022,Jasa Kesehatan dan Kegiatan Sosial,130.1,0.7873977623620237
Sulawesi Tenggara,Muna,2022,Jasa Lainnya,182.4,1.1039304523815001
Sulawesi Tenggara,Muna,2022,PRODUK DOMESTIK BRUTO,8261.39,50.0
Sulawesi Tenggara,Muna,2023,"Pertanian, Kehutanan, dan Perikanan",2508.8,14.232404361850712
Sulawesi Tenggara,Muna,2023,Pertambangan dan Penggalian,820.04,4.65208102395251
Sulawesi Tenggara,Muna,2023,Industri Pengolahan,309.92,1.7581739316903588
Sulawesi Tenggara,Muna,2023,Pengadaan Listrik dan Gas,3.16,0.017926657279754565
Sulawesi Tenggara,Muna,2023,"Pengadaan Air, Pengelolaan Sampah, Limbah dan Daur Ulang",25.71,0.14585264514635754
Sulawesi Tenggara,Muna,2023,Konstruksi,1146.91,6.5064121837731985
Sulawesi Tenggara,Muna,2023,Perdagangan Besar dan Eceran; Reparasi Mobil dan Sepeda Motor,1395.49,7.916604736495157
Sulawesi Tenggara,Muna,2023,Transportasi dan Pergudangan,251.33,1.4257932829495932
Sulawesi Tenggara,Muna,2023,Penyediaan Akomodasi dan Makan Minum,44.03,0.2497818734264536
Sulawesi Tenggara,Muna,2023,Informasi dan Komunikasi,85.47,0.48487069547488054
Sulawesi Tenggara,Muna,2023,Jasa Keuangan dan Asuransi,202.18,1.1469656863356892
Sulawesi Tenggara,Muna,2023,Real Estate,174.46,0.9897103256411333
Sulawesi Tenggara,Muna,2023,Jasa Perusahaan,7.17,0.0406753584480507
Sulawesi Tenggara,Muna,2023,"Administrasi Pemerintahan, Pertahanan dan Jaminan Sosial Wajib",852.09,4.833900443514578
Sulawesi Tenggara,Muna,2023,Jasa Pendidikan,666.69,3.7821275765315097
Sulawesi Tenggara,Muna,2023,Jasa Kesehatan dan Kegiatan Sosial,127.77,0.7248382913399495
Sulawesi Tenggara,Muna,2023,Jasa Lainnya,192.47,1.0918809261501141
Sulawesi Tenggara,Muna,2023,PRODUK DOMESTIK BRUTO,8813.69,50.0
Sulawesi Tenggara,Muna,2024,"Pertanian, Kehutanan, dan Perikanan",2769.68,14.593538794055055
Sulawesi Tenggara,Muna,2024,Pertambangan dan Penggalian,853.67,4.4980164720548865
Sulawesi Tenggara,Muna,2024,Industri Pengolahan,376.73,1.9850032747047897
Sulawesi Tenggara,Muna,2024,Pengadaan Listrik dan Gas,3.25,0.017124361327185426
Sulawesi Tenggara,Muna,2024,"Pengadaan Air, Pengelolaan Sampah, Limbah dan Daur Ulang",27.0,0.142263924872002
Sulawesi Tenggara,Muna,2024,Konstruksi,1156.25,6.092320856787123
Sulawesi Tenggara,Muna,2024,Perdagangan Besar dan Eceran; Reparasi Mobil dan Sepeda Motor,1462.78,7.707437926824707
Sulawesi Tenggara,Muna,2024,Transportasi dan Pergudangan,265.6,1.3994554980001384
Sulawesi Tenggara,Muna,2024,Penyediaan Akomodasi dan Makan Minum,45.01,0.23715923179588186
Sulawesi Tenggara,Muna,2024,Informasi dan Komunikasi,91.98,0.48464577073062015
Sulawesi Tenggara,Muna,2024,Jasa Keuangan dan Asuransi,208.79,1.1001216620009369
Sulawesi Tenggara,Muna,2024,Real Estate,181.96,0.9587534729522031
Sulawesi Tenggara,Muna,2024,Jasa Perusahaan,7.67,0.0404134927321576
Sulawesi Tenggara,Muna,2024,"Administrasi Pemerintahan, Pertahanan dan Jaminan Sosial Wajib",989.12,5.21170716182943
Sulawesi Tenggara,Muna,2024,Jasa Pendidikan,699.85,3.6875336230248372
Sulawesi Tenggara,Muna,2024,Jasa Kesehatan dan Kegiatan Sosial,132.74,0.699411606944798
Sulawesi Tenggara,Muna,2024,Jasa Lainnya,217.32,1.1450665241919806
Sulawesi Tenggara,Muna,2024,PRODUK DOMESTIK BRUTO,9489.41,50.00002634517128
Sulawesi Tenggara,Konawe,2016,"Pertanian, Kehutanan, dan Perikanan",2043.51,15.351716739487111
Sulawesi Tenggara,Konawe,2016,Pertambangan dan Penggalian,886.71,6.661342861092247
Sulawesi Tenggara,Konawe,2016,Industri Pengolahan,382.77,2.8755311284865166
Sulawesi Tenggara,Konawe,2016,Pengadaan Listrik dan Gas,2.36,0.01772932430239616
Sulawesi Tenggara,Konawe,2016,"Pengadaan Air, Pengelolaan Sampah, Limbah dan Daur Ulang",7.75,0.05822129802693655
Sulawesi Tenggara,Konawe,2016,Konstruksi,932.7,7.006839312222415
Sulawesi Tenggara,Konawe,2016,Perdagangan Besar dan Eceran; Reparasi Mobil dan Sepeda Motor,716.8,5.38490663557524
Sulawesi Tenggara,Konawe,2016,Transportasi dan Pergudangan,76.28,0.5730478210960929
Sulawesi Tenggara,Konawe,2016,Penyediaan Akomodasi dan Makan Minum,35.1,0.2636861368703836
Sulawesi Tenggara,Konawe,2016,Informasi dan Komunikasi,53.8,0.4041684946902176
Sulawesi Tenggara,Konawe,2016,Jasa Keuangan dan Asuransi,124.04,0.9318412654530592
Sulawesi Tenggara,Konawe,2016,Real Estate,157.86,1.1859114976170586
Sulawesi Tenggara,Konawe,2016,Jasa Perusahaan,10.23,0.07685211339555624
Sulawesi Tenggara,Konawe,2016,"Administrasi Pemerintahan, Pertahanan dan Jaminan Sosial Wajib",645.31,4.8478433328725705
Sulawesi Tenggara,Konawe,2016,Jasa Pendidikan,397.37,2.985212541543713
Sulawesi Tenggara,Konawe,2016,Jasa Kesehatan dan Kegiatan Sosial,98.65,0.7411007806912634
Sulawesi Tenggara,Konawe,2016,Jasa Lainnya,84.4,0.6340487165772187
Sulawesi Tenggara,Konawe,2016,PRODUK DOMESTIK BRUTO,6655.64,50.0
Sulawesi Tenggara,Konawe,2017,"Pertanian, Kehutanan, dan Perikanan",2203.18,15.228772355711737
Sulawesi Tenggara,Konawe,2017,Pertambangan dan Penggalian,976.45,6.749396221250524
Sulawesi Tenggara,Konawe,2017,Industri Pengolahan,433.58,2.9969821430793195
Sulawesi Tenggara,Konawe,2017,Pengadaan Listrik dan Gas,2.84,0.01963058555824823
Sulawesi Tenggara,Konawe,2017,"Pengadaan Air, Pengelolaan Sampah, Limbah dan Daur Ulang",7.91,0.05467532808652941
Sulawesi Tenggara,Konawe,2017,Konstruksi,1002.35,6.928421631799337
Sulawesi Tenggara,Konawe,2017,Perdagangan Besar dan Eceran; Reparasi Mobil dan Sepeda Motor,806.73,5.576261368804787
Sulawesi Tenggara,Konawe,2017,Transportasi dan Pergudangan,82.68,0.5714988781535084
Sulawesi Tenggara,Konawe,2017,Penyediaan Akomodasi dan Makan Minum,39.07,0.27005879498618257
Sulawesi Tenggara,Konawe,2017,Informasi dan Komunikasi,60.16,0.41583662929021603
Sulawesi Tenggara,Konawe,2017,Jasa Keuangan dan Asuransi,134.77,0.9315542308750403
Sulawesi Tenggara,Konawe,2017,Real Estate,168.51,1.16477111704944
Sulawesi Tenggara,Konawe,2017,Jasa Perusahaan,11.24,0.0776928808713768
Sulawesi Tenggara,Konawe,2017,"Administrasi Pemerintahan, Pertahanan dan Jaminan Sosial Wajib",685.7,4.739680463834793
Sulawesi Tenggara,Konawe,2017,Jasa Pendidikan,425.1,2.938366873525114
Sulawesi Tenggara,Konawe,2017,Jasa Kesehatan dan Kegiatan Sosial,104.68,0.7235667944497975
Sulawesi Tenggara,Konawe,2017,Jasa Lainnya,88.65,0.6127645808939105
Sulawesi Tenggara,Konawe,2017,PRODUK DOMESTIK BRUTO,7233.62,50.000069121780136
Sulawesi Tenggara,Konawe,2018,"Pertanian, Kehutanan, dan Perikanan",2363.84,14.263603686341195
Sulawesi Tenggara,Konawe,2018,Pertambangan dan Penggalian,1056.12,6.372714365277962
Sulawesi Tenggara,Konawe,2018,Industri Pengolahan,920.13,5.552139594859687
Sulawesi Tenggara,Konawe,2018,Pengadaan Listrik dan Gas,2.93,0.01767985938176006
Sulawesi Tenggara,Konawe,2018,"Pengadaan Air, Pengelolaan Sampah, Limbah dan Daur Ulang",8.39,0.05062594546517642
Sulawesi Tenggara,Konawe,2018,Konstruksi,1112.04,6.710140213956469
Sulawesi Tenggara,Konawe,2018,Perdagangan Besar dan Eceran; Reparasi Mobil dan Sepeda Motor,898.47,5.421441385232068
Sulawesi Tenggara,Konawe,2018,Transportasi dan Pergudangan,92.55,0.558454261359008
Sulawesi Tenggara,Konawe,2018,Penyediaan Akomodasi dan Makan Minum,43.32,0.26139641925523743
Sulawesi Tenggara,Konawe,2018,Informasi dan Komunikasi,65.25,0.3937238309419262
Sulawesi Tenggara,Konawe,2018,Jasa Keuangan dan Asuransi,142.36,0.859011870848929
Sulawesi Tenggara,Konawe,2018,Real Estate,174.39,1.0522835077082378
Sulawesi Tenggara,Konawe,2018,Jasa Perusahaan,12.3,0.07421920491319069
Sulawesi Tenggara,Konawe,2018,"Administrasi Pemerintahan, Pertahanan dan Jaminan Sosial Wajib",721.19,4.351719381410081
Sulawesi Tenggara,Konawe,2018,Jasa Pendidikan,464.01,2.7998742497373668
Sulawesi Tenggara,Konawe,2018,Jasa Kesehatan dan Kegiatan Sosial,114.32,0.6898162199736552
Sulawesi Tenggara,Konawe,2018,Jasa Lainnya,94.66,0.5711861737465553
Sulawesi Tenggara,Konawe,2018,PRODUK DOMESTIK BRUTO,8286.26,49.99996982959151
Sulawesi Tenggara,Konawe,2019,"Pertanian, Kehutanan, dan Perikanan",2523.72,13.262689240264189
Sulawesi Tenggara,Konawe,2019,Pertambangan dan Penggalian,1124.96,5.911905792927743
Sulawesi Tenggara,Konawe,2019,Industri Pengolahan,1591.26,8.362412185370324
Sulawesi Tenggara,Konawe,2019,Pengadaan Listrik dan Gas,3.14,0.016501372661955192
Sulawesi Tenggara,Konawe,2019,"Pengadaan Air, Pengelolaan Sampah, Limbah dan Daur Ulang",8.65,0.04545760303373007
Sulawesi Tenggara,Konawe,2019,Konstruksi,1229.2,6.459709323590866
Sulawesi Tenggara,Konawe,2019,Perdagangan Besar dan Eceran; Reparasi Mobil dan Sepeda Motor,993.56,5.2213706439529295
Sulawesi Tenggara,Konawe,2019,Transportasi dan Pergudangan,101.1,0.5313021580011688
Sulawesi Tenggara,Konawe,2019,Penyediaan Akomodasi dan Makan Minum,47.37,0.24893949776968707
Sulawesi Tenggara,Konawe,2019,Informasi dan Komunikasi,69.34,0.3643965542611379
Sulawesi Tenggara,Konawe,2019,Jasa Keuangan dan Asuransi,154.24,0.8105642418407545
Sulawesi Tenggara,Konawe,2019,Real Estate,181.71,0.9549249765617446
Sulawesi Tenggara,Konawe,2019,Jasa Perusahaan,13.32,0.06999945345772075
Sulawesi Tenggara,Konawe,2019,"Administrasi Pemerintahan, Pertahanan dan Jaminan Sosial Wajib",758.18,3.984398320013117
Sulawesi Tenggara,Konawe,2019,Jasa Pendidikan,489.13,2.570482933166287
Sulawesi Tenggara,Konawe,2019,Jasa Kesehatan dan Kegiatan Sosial,126.24,0.6634182435812813
Sulawesi Tenggara,Konawe,2019,Jasa Lainnya,99.24,0.5215274595453608
Sulawesi Tenggara,Konawe,2019,PRODUK DOMESTIK BRUTO,9514.36,50.0
Sulawesi Tenggara,Konawe,2020,"Pertanian, Kehutanan, dan Perikanan",2560.61,12.355508761636022
Sulawesi Tenggara,Konawe,2020,Pertambangan dan Penggalian,1029.87,4.969350197158524
Sulawesi Tenggara,Konawe,2020,Industri Pengolahan,2543.15,12.271260405588764
Sulawesi Tenggara,Konawe,2020,Pengadaan Listrik dan Gas,3.27,0.015778472180671712
Sulawesi Tenggara,Konawe,2020,"Pengadaan Air, Pengelolaan Sampah, Limbah dan Daur Ulang",8.53,0.041159133853556476
Sulawesi Tenggara,Konawe,2020,Konstruksi,1186.54,5.7253175477841625
Sulawesi Tenggara,Konawe,2020,Perdagangan Besar dan Eceran; Reparasi Mobil dan Sepeda Motor,961.18,4.637905776947411
Sulawesi Tenggara,Konawe,2020,Transportasi dan Pergudangan,97.55,0.4707002939524542
Sulawesi Tenggara,Konawe,2020,Penyediaan Akomodasi dan Makan Minum,46.23,0.22306995991206516
Sulawesi Tenggara,Konawe,2020,Informasi dan Komunikasi,73.95,0.35682508188399786
Sulawesi Tenggara,Konawe,2020,Jasa Keuangan dan Asuransi,158.6,0.7652800268668297
Sulawesi Tenggara,Konawe,2020,Real Estate,182.32,0.8797342654373291
Sulawesi Tenggara,Konawe,2020,Jasa Perusahaan,13.18,0.06359641080772267
Sulawesi Tenggara,Konawe,2020,"Administrasi Pemerintahan, Pertahanan dan Jaminan Sosial Wajib",754.51,3.6406773838038564
Sulawesi Tenggara,Konawe,2020,Jasa Pendidikan,504.2,2.432876352750666
Sulawesi Tenggara,Konawe,2020,Jasa Kesehatan dan Kegiatan Sosial,140.04,0.6757239278841792
Sulawesi Tenggara,Konawe,2020,Jasa Lainnya,98.48,0.4751877493432875
Sulawesi Tenggara,Konawe,2020,PRODUK DOMESTIK BRUTO,10362.23,50.00004825220851
Sulawesi Tenggara,Konawe,2021,"Pertanian, Kehutanan, dan Perikanan",2652.33,11.489607790475036
Sulawesi Tenggara,Konawe,2021,Pertambangan dan Penggalian,1062.62,4.603155350320127
Sulawesi Tenggara,Konawe,2021,Industri Pengolahan,3372.38,14.608786810254456
Sulawesi Tenggara,Konawe,2021,Pengadaan Listrik dan Gas,3.5,0.01516162290011523
Sulawesi Tenggara,Konawe,2021,"Pengadaan Air, Pengelolaan Sampah, Limbah dan Daur Ulang",8.43,0.036517851727991824
Sulawesi Tenggara,Konawe,2021,Konstruksi,1315.51,5.69864758323731
Sulawesi Tenggara,Konawe,2021,Perdagangan Besar dan Eceran; Reparasi Mobil dan Sepeda Motor,1029.82,4.461069284284761
Sulawesi Tenggara,Konawe,2021,Transportasi dan Pergudangan,98.64,0.4272978522478189
Sulawesi Tenggara,Konawe,2021,Penyediaan Akomodasi dan Makan Minum,49.53,0.21455862349791638
Sulawesi Tenggara,Konawe,2021,Informasi dan Komunikasi,72.2,0.31276262096809127
Sulawesi Tenggara,Konawe,2021,Jasa Keuangan dan Asuransi,171.42,0.7425729707250721
Sulawesi Tenggara,Konawe,2021,Real Estate,183.81,0.7962451157914802
Sulawesi Tenggara,Konawe,2021,Jasa Perusahaan,13.62,0.059000372542734124
Sulawesi Tenggara,Konawe,2021,"Administrasi Pemerintahan, Pertahanan dan Jaminan Sosial Wajib",748.12,3.2407752354383446
Sulawesi Tenggara,Konawe,2021,Jasa Pendidikan,510.3,2.2105646188368007
Sulawesi Tenggara,Konawe,2021,Jasa Kesehatan dan Kegiatan Sosial,148.9,0.6450187570934737
Sulawesi Tenggara,Konawe,2021,Jasa Lainnya,101.18,0.43830085858104545
Sulawesi Tenggara,Konawe,2021,PRODUK DOMESTIK BRUTO,11542.29,49.999956681077435
Sulawesi Tenggara,Konawe,2022,"Pertanian, Kehutanan, dan Perikanan",2748.79,9.631663226941283
Sulawesi Tenggara,Konawe,2022,Pertambangan dan Penggalian,1210.82,4.2426705817632655
Sulawesi Tenggara,Konawe,2022,Industri Pengolahan,5594.95,19.60450750023652
Sulawesi Tenggara,Konawe,2022,Pengadaan Listrik dan Gas,4.02,0.01408593823911756
Sulawesi Tenggara,Konawe,2022,"Pengadaan Air, Pengelolaan Sampah, Limbah dan Daur Ulang",8.28,0.02901282801489886
Sulawesi Tenggara,Konawe,2022,Konstruksi,1322.44,4.633783125606624
Sulawesi Tenggara,Konawe,2022,Perdagangan Besar dan Eceran; Reparasi Mobil dan Sepeda Motor,1156.29,4.051599384703793
Sulawesi Tenggara,Konawe,2022,Transportasi dan Pergudangan,108.41,0.3798648170404813
Sulawesi Tenggara,Konawe,2022,Penyediaan Akomodasi dan Makan Minum,55.24,0.19355901202210302
Sulawesi Tenggara,Konawe,2022,Informasi dan Komunikasi,73.74,0.25838235963993256
Sulawesi Tenggara,Konawe,2022,Jasa Keuangan dan Asuransi,188.13,0.6592008858022853
Sulawesi Tenggara,Konawe,2022,Real Estate,195.03,0.6833782424813677
Sulawesi Tenggara,Konawe,2022,Jasa Perusahaan,15.56,0.05452169129369882
Sulawesi Tenggara,Konawe,2022,"Administrasi Pemerintahan, Pertahanan dan Jaminan Sosial Wajib",776.85,2.7220550052384276
Sulawesi Tenggara,Konawe,2022,Jasa Pendidikan,554.02,1.9412665430935103
Sulawesi Tenggara,Konawe,2022,Jasa Kesehatan dan Kegiatan Sosial,153.17,0.5367022786282679
Sulawesi Tenggara,Konawe,2022,Jasa Lainnya,103.81,0.3637465792544264
Sulawesi Tenggara,Konawe,2022,PRODUK DOMESTIK BRUTO,14269.55,50.0
Sulawesi Tenggara,Konawe,2023,"Pertanian, Kehutanan, dan Perikanan",2923.24,7.989000516796431
Sulawesi Tenggara,Konawe,2023,Pertambangan dan Penggalian,1309.9,3.5798606262064165
Sulawesi Tenggara,Konawe,2023,Industri Pengolahan,9003.52,24.605959802475
Sulawesi Tenggara,Konawe,2023,Pengadaan Listrik dan Gas,4.47,0.012216182150654769
Sulawesi Tenggara,Konawe,2023,"Pengadaan Air, Pengelolaan Sampah, Limbah dan Daur Ulang",8.79,0.024022425302965417
Sulawesi Tenggara,Konawe,2023,Konstruksi,1382.61,3.7785717233370897
Sulawesi Tenggara,Konawe,2023,Perdagangan Besar dan Eceran; Reparasi Mobil dan Sepeda Motor,1300.03,3.5528866401153736
Sulawesi Tenggara,Konawe,2023,Transportasi dan Pergudangan,124.0,0.3388829052978057
Sulawesi Tenggara,Konawe,2023,Penyediaan Akomodasi dan Makan Minum,58.54,0.1599855264204318
Sulawesi Tenggara,Konawe,2023,Informasi dan Komunikasi,74.38,0.20327508464557084
Sulawesi Tenggara,Konawe,2023,Jasa Keuangan dan Asuransi,204.7,0.5594300864069421
Sulawesi Tenggara,Konawe,2023,Real Estate,199.6,0.545492160463242
Sulawesi Tenggara,Konawe,2023,Jasa Perusahaan,16.69,0.045612545882422396
Sulawesi Tenggara,Konawe,2023,"Administrasi Pemerintahan, Pertahanan dan Jaminan Sosial Wajib",823.57,2.2507564057751117
Sulawesi Tenggara,Konawe,2023,Jasa Pendidikan,594.61,1.6250255187026472
Sulawesi Tenggara,Konawe,2023,Jasa Kesehatan dan Kegiatan Sosial,155.89,0.4260359363457655
Sulawesi Tenggara,Konawe,2023,Jasa Lainnya,110.86,0.3029722490428608
Sulawesi Tenggara,Konawe,2023,PRODUK DOMESTIK BRUTO,18295.41,50.00001366463328
Sulawesi Tenggara,Konawe,2024,"Pertanian, Kehutanan, dan Perikanan",3236.28,7.799122024010349
Sulawesi Tenggara,Konawe,2024,Pertambangan dan Penggalian,1241.44,2.9917504188412027
Sulawesi Tenggara,Konawe,2024,Industri Pengolahan,10813.43,26.059321216981914
Sulawesi Tenggara,Konawe,2024,Pengadaan Listrik dan Gas,4.63,0.011157852525482318
Sulawesi Tenggara,Konawe,2024,"Pengadaan Air, Pengelolaan Sampah, Limbah dan Daur Ulang",8.96,0.021592734044993858
Sulawesi Tenggara,Konawe,2024,Konstruksi,1473.42,3.550799798724872
Sulawesi Tenggara,Konawe,2024,Perdagangan Besar dan Eceran; Reparasi Mobil dan Sepeda Motor,1400.7,3.375551626877556
Sulawesi Tenggara,Konawe,2024,Transportasi dan Pergudangan,132.02,0.31815544069420637
Sulawesi Tenggara,Konawe,2024,Penyediaan Akomodasi dan Makan Minum,59.56,0.14353384371873149
Sulawesi Tenggara,Konawe,2024,Informasi dan Komunikasi,79.53,0.19165961368285286
Sulawesi Tenggara,Konawe,2024,Jasa Keuangan dan Asuransi,208.92,0.5034770085580487
Sulawesi Tenggara,Konawe,2024,Real Estate,202.92,0.4890175884386332
Sulawesi Tenggara,Konawe,2024,Jasa Perusahaan,16.8,0.040486376334363486
Sulawesi Tenggara,Konawe,2024,"Administrasi Pemerintahan, Pertahanan dan Jaminan Sosial Wajib",965.71,2.327267767253462
Sulawesi Tenggara,Konawe,2024,Jasa Pendidikan,624.35,1.5046231585928478
Sulawesi Tenggara,Konawe,2024,Jasa Kesehatan dan Kegiatan Sosial,164.55,0.396549596774971
Sulawesi Tenggara,Konawe,2024,Jasa Lainnya,114.5,0.275933933945513
Sulawesi Tenggara,Konawe,2024,PRODUK DOMESTIK BRUTO,20747.72,50.0
Sulawesi Tenggara,Kolaka,2016,"Pertanian, Kehutanan, dan Perikanan",2628.36,7.15221991859886
Sulawesi Tenggara,Kolaka,2016,Pertambangan dan Penggalian,8196.56,22.304250443619082
Sulawesi Tenggara,Kolaka,2016,Industri Pengolahan,1848.6,5.030358756609387
Sulawesi Tenggara,Kolaka,2016,Pengadaan Listrik dan Gas,2.68,0.007292741246193421
Sulawesi Tenggara,Kolaka,2016,"Pengadaan Air, Pengelolaan Sampah, Limbah dan Daur Ulang",20.1,0.05469555934645066
Sulawesi Tenggara,Kolaka,2016,Konstruksi,1699.63,4.624985747861091
Sulawesi Tenggara,Kolaka,2016,Perdagangan Besar dan Eceran; Reparasi Mobil dan Sepeda Motor,1818.87,4.949458309874562
Sulawesi Tenggara,Kolaka,2016,Transportasi dan Pergudangan,399.27,1.0864823870774802
Sulawesi Tenggara,Kolaka,2016,Penyediaan Akomodasi dan Makan Minum,69.61,0.18942079035355375
Sulawesi Tenggara,Kolaka,2016,Informasi dan Komunikasi,119.76,0.32588757150900155
Sulawesi Tenggara,Kolaka,2016,Jasa Keuangan dan Asuransi,340.21,0.9257699624505462
Sulawesi Tenggara,Kolaka,2016,Real Estate,165.74,0.45100706497914095
Sulawesi Tenggara,Kolaka,2016,Jasa Perusahaan,21.79,0.059294340206923375
Sulawesi Tenggara,Kolaka,2016,"Administrasi Pemerintahan, Pertahanan dan Jaminan Sosial Wajib",461.45,1.255684868677595
Sulawesi Tenggara,Kolaka,2016,Jasa Pendidikan,328.75,0.894585330106749
Sulawesi Tenggara,Kolaka,2016,Jasa Kesehatan dan Kegiatan Sosial,75.46,0.20533964717826697
Sulawesi Tenggara,Kolaka,2016,Jasa Lainnya,177.6,0.48328016616565356
Sulawesi Tenggara,Kolaka,2016,PRODUK DOMESTIK BRUTO,18374.43,49.99998639413947
Sulawesi Tenggara,Kolaka,2017,"Pertanian, Kehutanan, dan Perikanan",2806.64,6.576888936380415
Sulawesi Tenggara,Kolaka,2017,Pertambangan dan Penggalian,10425.0,24.429234658440635
Sulawesi Tenggara,Kolaka,2017,Industri Pengolahan,2001.7,4.6906473876067745
Sulawesi Tenggara,Kolaka,2017,Pengadaan Listrik dan Gas,3.21,0.007522095276124166
Sulawesi Tenggara,Kolaka,2017,"Pengadaan Air, Pengelolaan Sampah, Limbah dan Daur Ulang",20.51,0.04806173648389616
Sulawesi Tenggara,Kolaka,2017,Konstruksi,1785.75,4.184604872068141
Sulawesi Tenggara,Kolaka,2017,Perdagangan Besar dan Eceran; Reparasi Mobil dan Sepeda Motor,1990.41,4.664191170887945
Sulawesi Tenggara,Kolaka,2017,Transportasi dan Pergudangan,422.82,0.9908075777728411
Sulawesi Tenggara,Kolaka,2017,Penyediaan Akomodasi dan Makan Minum,74.44,0.1744376237865056
Sulawesi Tenggara,Kolaka,2017,Informasi dan Komunikasi,132.57,0.3106555049083429
Sulawesi Tenggara,Kolaka,2017,Jasa Keuangan dan Asuransi,369.75,0.8664469558713117
Sulawesi Tenggara,Kolaka,2017,Real Estate,176.03,0.4124967076187343
Sulawesi Tenggara,Kolaka,2017,Jasa Perusahaan,23.67,0.055466665166934284
Sulawesi Tenggara,Kolaka,2017,"Administrasi Pemerintahan, Pertahanan dan Jaminan Sosial Wajib",487.11,1.1414603831628793
Sulawesi Tenggara,Kolaka,2017,Jasa Pendidikan,351.58,0.8238686159438424
Sulawesi Tenggara,Kolaka,2017,Jasa Kesehatan dan Kegiatan Sosial,79.57,0.18645891623713393
Sulawesi Tenggara,Kolaka,2017,Jasa Lainnya,186.39,0.436773625706163
Sulawesi Tenggara,Kolaka,2017,PRODUK DOMESTIK BRUTO,21337.13,49.99997656668139
Sulawesi Tenggara,Kolaka,2018,"Pertanian, Kehutanan, dan Perikanan",3045.68,6.437263795125553
Sulawesi Tenggara,Kolaka,2018,Pertambangan dan Penggalian,11829.23,25.001928634397913
Sulawesi Tenggara,Kolaka,2018,Industri Pengolahan,2125.34,4.492058993174642
Sulawesi Tenggara,Kolaka,2018,Pengadaan Listrik dan Gas,3.31,0.0069959231310792935
Sulawesi Tenggara,Kolaka,2018,"Pengadaan Air, Pengelolaan Sampah, Limbah dan Daur Ulang",21.75,0.045970189758602606
Sulawesi Tenggara,Kolaka,2018,Konstruksi,1966.14,4.1555783398611
Sulawesi Tenggara,Kolaka,2018,Perdagangan Besar dan Eceran; Reparasi Mobil dan Sepeda Motor,2194.42,4.63806454299185
Sulawesi Tenggara,Kolaka,2018,Transportasi dan Pergudangan,467.47,0.9880314761588028
Sulawesi Tenggara,Kolaka,2018,Penyediaan Akomodasi dan Makan Minum,81.3,0.17183339895974215
Sulawesi Tenggara,Kolaka,2018,Informasi dan Komunikasi,143.66,0.30363574532049886
Sulawesi Tenggara,Kolaka,2018,Jasa Keuangan dan Asuransi,390.02,0.8243353291793188
Sulawesi Tenggara,Kolaka,2018,Real Estate,181.3,0.3831905932521679
Sulawesi Tenggara,Kolaka,2018,Jasa Perusahaan,25.7,0.054318798933153424
Sulawesi Tenggara,Kolaka,2018,"Administrasi Pemerintahan, Pertahanan dan Jaminan Sosial Wajib",516.39,1.0914274156066575
Sulawesi Tenggara,Kolaka,2018,Jasa Pendidikan,380.47,0.8041507171243923
Sulawesi Tenggara,Kolaka,2018,Jasa Kesehatan dan Kegiatan Sosial,86.12,0.18202081572463708
Sulawesi Tenggara,Kolaka,2018,Jasa Lainnya,198.34,0.4192058591595973
Sulawesi Tenggara,Kolaka,2018,PRODUK DOMESTIK BRUTO,23656.63,49.99998943214028
Sulawesi Tenggara,Kolaka,2019,"Pertanian, Kehutanan, dan Perikanan",3346.83,6.46320536425015
Sulawesi Tenggara,Kolaka,2019,Pertambangan dan Penggalian,13166.51,25.426405900644266
Sulawesi Tenggara,Kolaka,2019,Industri Pengolahan,2180.46,4.210778787250289
Sulawesi Tenggara,Kolaka,2019,Pengadaan Listrik dan Gas,3.46,0.00668175275120204
Sulawesi Tenggara,Kolaka,2019,"Pengadaan Air, Pengelolaan Sampah, Limbah dan Daur Ulang",23.38,0.045150109630954824
Sulawesi Tenggara,Kolaka,2019,Konstruksi,2146.1,4.144424733917542
Sulawesi Tenggara,Kolaka,2019,Perdagangan Besar dan Eceran; Reparasi Mobil dan Sepeda Motor,2377.82,4.591909054006715
Sulawesi Tenggara,Kolaka,2019,Transportasi dan Pergudangan,511.08,0.9869682647642597
Sulawesi Tenggara,Kolaka,2019,Penyediaan Akomodasi dan Makan Minum,86.18,0.16642585320768552
Sulawesi Tenggara,Kolaka,2019,Informasi dan Komunikasi,156.98,0.3031507360935538
Sulawesi Tenggara,Kolaka,2019,Jasa Keuangan dan Asuransi,407.57,0.7870757135281548
Sulawesi Tenggara,Kolaka,2019,Real Estate,186.88,0.3608918942614558
Sulawesi Tenggara,Kolaka,2019,Jasa Perusahaan,27.31,0.0527394993165687
Sulawesi Tenggara,Kolaka,2019,"Administrasi Pemerintahan, Pertahanan dan Jaminan Sosial Wajib",562.69,1.0866345247323341
Sulawesi Tenggara,Kolaka,2019,Jasa Pendidikan,408.7,0.7892579044555703
Sulawesi Tenggara,Kolaka,2019,Jasa Kesehatan dan Kegiatan Sosial,92.57,0.1787658532308592
Sulawesi Tenggara,Kolaka,2019,Jasa Lainnya,206.89,0.39953405395843644
Sulawesi Tenggara,Kolaka,2019,PRODUK DOMESTIK BRUTO,25891.41,50.0
Sulawesi Tenggara,Kolaka,2020,"Pertanian, Kehutanan, dan Perikanan",3527.91,6.884277571474009
Sulawesi Tenggara,Kolaka,2020,Pertambangan dan Penggalian,12664.25,24.71270872401499
Sulawesi Tenggara,Kolaka,2020,Industri Pengolahan,2253.78,4.397971349903115
Sulawesi Tenggara,Kolaka,2020,Pengadaan Listrik dan Gas,3.55,0.0069273834589693994
Sulawesi Tenggara,Kolaka,2020,"Pengadaan Air, Pengelolaan Sampah, Limbah dan Daur Ulang",24.9,0.04858925299389804
Sulawesi Tenggara,Kolaka,2020,Konstruksi,2130.5,4.157405763192763
Sulawesi Tenggara,Kolaka,2020,Perdagangan Besar dan Eceran; Reparasi Mobil dan Sepeda Motor,2309.68,4.507053247186604
Sulawesi Tenggara,Kolaka,2020,Transportasi dan Pergudangan,497.35,0.9705166657235018
Sulawesi Tenggara,Kolaka,2020,Penyediaan Akomodasi dan Makan Minum,84.9,0.16567179032859217
Sulawesi Tenggara,Kolaka,2020,Informasi dan Komunikasi,170.99,0.33366571764765574
Sulawesi Tenggara,Kolaka,2020,Jasa Keuangan dan Asuransi,416.81,0.8133528731078974
Sulawesi Tenggara,Kolaka,2020,Real Estate,187.98,0.3668195894695966
Sulawesi Tenggara,Kolaka,2020,Jasa Perusahaan,26.94,0.052570059263277645
Sulawesi Tenggara,Kolaka,2020,"Administrasi Pemerintahan, Pertahanan dan Jaminan Sosial Wajib",580.9,1.1335540989620632
Sulawesi Tenggara,Kolaka,2020,Jasa Pendidikan,430.86,0.8407697006004383
Sulawesi Tenggara,Kolaka,2020,Jasa Kesehatan dan Kegiatan Sosial,104.48,0.20387972501214732
Sulawesi Tenggara,Kolaka,2020,Jasa Lainnya,207.17,0.40426648766047624
Sulawesi Tenggara,Kolaka,2020,PRODUK DOMESTIK BRUTO,25622.95,50.0
Sulawesi Tenggara,Kolaka,2021,"Pertanian, Kehutanan, dan Perikanan",3818.01,6.933604284367832
Sulawesi Tenggara,Kolaka,2021,Pertambangan dan Penggalian,13244.39,24.05215262606396
Sulawesi Tenggara,Kolaka,2021,Industri Pengolahan,2390.18,4.340628308571822
Sulawesi Tenggara,Kolaka,2021,Pengadaan Listrik dan Gas,3.95,0.007173301516563061
Sulawesi Tenggara,Kolaka,2021,"Pengadaan Air, Pengelolaan Sampah, Limbah dan Daur Ulang",25.03,0.04545512328090467
Sulawesi Tenggara,Kolaka,2021,Konstruksi,2572.0,4.670818101417771
Sulawesi Tenggara,Kolaka,2021,Perdagangan Besar dan Eceran; Reparasi Mobil dan Sepeda Motor,2646.75,4.80656602252235
Sulawesi Tenggara,Kolaka,2021,Transportasi dan Pergudangan,512.32,0.9303862868267312
Sulawesi Tenggara,Kolaka,2021,Penyediaan Akomodasi dan Makan Minum,90.09,0.16360575534864968
Sulawesi Tenggara,Kolaka,2021,Informasi dan Komunikasi,169.77,0.30830668315618
Sulawesi Tenggara,Kolaka,2021,Jasa Keuangan dan Asuransi,467.05,0.8481748033698173
Sulawesi Tenggara,Kolaka,2021,Real Estate,196.26,0.3564132039596624
Sulawesi Tenggara,Kolaka,2021,Jasa Perusahaan,27.88,0.05063079652703245
Sulawesi Tenggara,Kolaka,2021,"Administrasi Pemerintahan, Pertahanan dan Jaminan Sosial Wajib",579.13,1.0517149638701686
Sulawesi Tenggara,Kolaka,2021,Jasa Pendidikan,458.27,0.8322300977203428
Sulawesi Tenggara,Kolaka,2021,Jasa Kesehatan dan Kegiatan Sosial,114.06,0.2071358913871349
Sulawesi Tenggara,Kolaka,2021,Jasa Lainnya,217.51,0.39500375009307126
Sulawesi Tenggara,Kolaka,2021,PRODUK DOMESTIK BRUTO,27532.65,50.0
Sulawesi Tenggara,Kolaka,2022,"Pertanian, Kehutanan, dan Perikanan",4373.05,6.964077523485776
Sulawesi Tenggara,Kolaka,2022,Pertambangan dan Penggalian,15678.89,24.968615826987094
Sulawesi Tenggara,Kolaka,2022,Industri Pengolahan,2473.53,3.939093922243691
Sulawesi Tenggara,Kolaka,2022,Pengadaan Listrik dan Gas,4.47,0.007118470296470751
Sulawesi Tenggara,Kolaka,2022,"Pengadaan Air, Pengelolaan Sampah, Limbah dan Daur Ulang",24.95,0.03973284874652019
Sulawesi Tenggara,Kolaka,2022,Konstruksi,2682.01,4.271098102871928
Sulawesi Tenggara,Kolaka,2022,Perdagangan Besar dan Eceran; Reparasi Mobil dan Sepeda Motor,3106.45,4.947018356257621
Sulawesi Tenggara,Kolaka,2022,Transportasi dan Pergudangan,600.98,0.9570600176225933
Sulawesi Tenggara,Kolaka,2022,Penyediaan Akomodasi dan Makan Minum,100.74,0.1604283439969717
Sulawesi Tenggara,Kolaka,2022,Informasi dan Komunikasi,184.7,0.2941345556505924
Sulawesi Tenggara,Kolaka,2022,Jasa Keuangan dan Asuransi,517.65,0.8243570803060593
Sulawesi Tenggara,Kolaka,2022,Real Estate,206.07,0.3281662581641449
Sulawesi Tenggara,Kolaka,2022,Jasa Perusahaan,32.13,0.05116699119141057
Sulawesi Tenggara,Kolaka,2022,"Administrasi Pemerintahan, Pertahanan dan Jaminan Sosial Wajib",581.34,0.9257833382886592
Sulawesi Tenggara,Kolaka,2022,Jasa Pendidikan,484.29,0.7712313154089083
Sulawesi Tenggara,Kolaka,2022,Jasa Kesehatan dan Kegiatan Sosial,117.41,0.18697530145606955
Sulawesi Tenggara,Kolaka,2022,Jasa Lainnya,228.53,0.36393378453075187
Sulawesi Tenggara,Kolaka,2022,PRODUK DOMESTIK BRUTO,31397.2,50.00000796249474
Sulawesi Tenggara,Kolaka,2023,"Pertanian, Kehutanan, dan Perikanan",4749.45,6.654835101412515
Sulawesi Tenggara,Kolaka,2023,Pertambangan dan Penggalian,19279.3,27.013772620127025
Sulawesi Tenggara,Kolaka,2023,Industri Pengolahan,2269.94,3.18059488785024
Sulawesi Tenggara,Kolaka,2023,Pengadaan Listrik dan Gas,4.63,0.00648746413153943
Sulawesi Tenggara,Kolaka,2023,"Pengadaan Air, Pengelolaan Sampah, Limbah dan Daur Ulang",23.08,0.03233923804663716
Sulawesi Tenggara,Kolaka,2023,Konstruksi,2873.33,4.026052983385786
Sulawesi Tenggara,Kolaka,2023,Perdagangan Besar dan Eceran; Reparasi Mobil dan Sepeda Motor,3242.65,4.543536839338301
Sulawesi Tenggara,Kolaka,2023,Transportasi dan Pergudangan,674.71,0.945390264404097
Sulawesi Tenggara,Kolaka,2023,Penyediaan Akomodasi dan Makan Minum,109.0,0.1527286372219866
Sulawesi Tenggara,Kolaka,2023,Informasi dan Komunikasi,194.68,0.27278175315941605
Sulawesi Tenggara,Kolaka,2023,Jasa Keuangan dan Asuransi,544.84,0.7634189972846529
Sulawesi Tenggara,Kolaka,2023,Real Estate,208.05,0.2915155318718744
Sulawesi Tenggara,Kolaka,2023,Jasa Perusahaan,35.73,0.050064167045335596
Sulawesi Tenggara,Kolaka,2023,"Administrasi Pemerintahan, Pertahanan dan Jaminan Sosial Wajib",605.57,0.8485126682799856
Sulawesi Tenggara,Kolaka,2023,Jasa Pendidikan,509.62,0.7140694321198973
Sulawesi Tenggara,Kolaka,2023,Jasa Kesehatan dan Kegiatan Sosial,119.67,0.16767922950784525
Sulawesi Tenggara,Kolaka,2023,Jasa Lainnya,239.95,0.3362131789120705
Sulawesi Tenggara,Kolaka,2023,PRODUK DOMESTIK BRUTO,35684.21,50.000007005900784
Sulawesi Tenggara,Kolaka,2024,"Pertanian, Kehutanan, dan Perikanan",4895.87,6.414354175559351
Sulawesi Tenggara,Kolaka,2024,Pertambangan dan Penggalian,21260.19,27.854168615523932
Sulawesi Tenggara,Kolaka,2024,Industri Pengolahan,2218.59,2.9066993262391
Sulawesi Tenggara,Kolaka,2024,Pengadaan Listrik dan Gas,5.1,0.006681796349852568
Sulawesi Tenggara,Kolaka,2024,"Pengadaan Air, Pengelolaan Sampah, Limbah dan Daur Ulang",24.74,0.032413263077520106
Sulawesi Tenggara,Kolaka,2024,Konstruksi,2809.83,3.681316046609067
Sulawesi Tenggara,Kolaka,2024,Perdagangan Besar dan Eceran; Reparasi Mobil dan Sepeda Motor,3484.04,4.564636422498106
Sulawesi Tenggara,Kolaka,2024,Transportasi dan Pergudangan,713.08,0.934246145324092
Sulawesi Tenggara,Kolaka,2024,Penyediaan Akomodasi dan Makan Minum,118.36,0.15507008156246077
Sulawesi Tenggara,Kolaka,2024,Informasi dan Komunikasi,195.42,0.25603071425258606
Sulawesi Tenggara,Kolaka,2024,Jasa Keuangan dan Asuransi,561.8,0.7360457234014064
Sulawesi Tenggara,Kolaka,2024,Real Estate,217.38,0.284801743241363
Sulawesi Tenggara,Kolaka,2024,Jasa Perusahaan,38.13,0.049956253886250676
Sulawesi Tenggara,Kolaka,2024,"Administrasi Pemerintahan, Pertahanan dan Jaminan Sosial Wajib",710.15,0.9304073878132945
Sulawesi Tenggara,Kolaka,2024,Jasa Pendidikan,531.63,0.6965183124455139
Sulawesi Tenggara,Kolaka,2024,Jasa Kesehatan dan Kegiatan Sosial,127.83,0.1674772602748341
Sulawesi Tenggara,Kolaka,2024,Jasa Lainnya,251.25,0.32917673194126623
Sulawesi Tenggara,Kolaka,2024,PRODUK DOMESTIK BRUTO,38163.39,50.0
Sulawesi Tenggara,Konawe Selatan,2016,"Pertanian, Kehutanan, dan Perikanan",2505.54,13.58504438180224
Sulawesi Tenggara,Konawe Selatan,2016,Pertambangan dan Penggalian,2092.54,11.345757310079446
Sulawesi Tenggara,Konawe Selatan,2016,Industri Pengolahan,249.4,1.352247447185628
Sulawesi Tenggara,Konawe Selatan,2016,Pengadaan Listrik dan Gas,2.0,0.010844005189940883
Sulawesi Tenggara,Konawe Selatan,2016,"Pengadaan Air, Pengelolaan Sampah, Limbah dan Daur Ulang",3.79,0.020549389834937974
Sulawesi Tenggara,Konawe Selatan,2016,Konstruksi,867.52,4.703695691188757
Sulawesi Tenggara,Konawe Selatan,2016,Perdagangan Besar dan Eceran; Reparasi Mobil dan Sepeda Motor,800.71,4.3414516978187825
Sulawesi Tenggara,Konawe Selatan,2016,Transportasi dan Pergudangan,1642.36,8.904880181875653
Sulawesi Tenggara,Konawe Selatan,2016,Penyediaan Akomodasi dan Makan Minum,23.73,0.12866412157864857
Sulawesi Tenggara,Konawe Selatan,2016,Informasi dan Komunikasi,40.48,0.21948266504440345
Sulawesi Tenggara,Konawe Selatan,2016,Jasa Keuangan dan Asuransi,75.11,0.4072466149082298
Sulawesi Tenggara,Konawe Selatan,2016,Real Estate,67.57,0.36636471534215265
Sulawesi Tenggara,Konawe Selatan,2016,Jasa Perusahaan,0.96,0.005205122491171623
Sulawesi Tenggara,Konawe Selatan,2016,"Administrasi Pemerintahan, Pertahanan dan Jaminan Sosial Wajib",373.3,2.0240335687024658
Sulawesi Tenggara,Konawe Selatan,2016,Jasa Pendidikan,343.22,1.860939730645755
Sulawesi Tenggara,Konawe Selatan,2016,Jasa Kesehatan dan Kegiatan Sosial,66.66,0.3614306929807296
Sulawesi Tenggara,Konawe Selatan,2016,Jasa Lainnya,66.79,0.3621355533180758
Sulawesi Tenggara,Konawe Selatan,2016,PRODUK DOMESTIK BRUTO,9221.69,50.000027110012965
Sulawesi Tenggara,Konawe Selatan,2017,"Pertanian, Kehutanan, dan Perikanan",2720.49,13.338337577625436
Sulawesi Tenggara,Konawe Selatan,2017,Pertambangan dan Penggalian,2277.55,11.166639373760177
Sulawesi Tenggara,Konawe Selatan,2017,Industri Pengolahan,257.51,1.2625502426453787
Sulawesi Tenggara,Konawe Selatan,2017,Pengadaan Listrik dan Gas,2.34,0.011472826561260481
Sulawesi Tenggara,Konawe Selatan,2017,"Pengadaan Air, Pengelolaan Sampah, Limbah dan Daur Ulang",4.03,0.019758756855504163
Sulawesi Tenggara,Konawe Selatan,2017,Konstruksi,936.53,4.591729170691145
Sulawesi Tenggara,Konawe Selatan,2017,Perdagangan Besar dan Eceran; Reparasi Mobil dan Sepeda Motor,918.64,4.504015979588175
Sulawesi Tenggara,Konawe Selatan,2017,Transportasi dan Pergudangan,1953.9,9.579810178652503
Sulawesi Tenggara,Konawe Selatan,2017,Penyediaan Akomodasi dan Makan Minum,25.33,0.12419089606697775
Sulawesi Tenggara,Konawe Selatan,2017,Informasi dan Komunikasi,44.16,0.21651282946378753
Sulawesi Tenggara,Konawe Selatan,2017,Jasa Keuangan dan Asuransi,79.62,0.3903702781228887
Sulawesi Tenggara,Konawe Selatan,2017,Real Estate,72.79,0.35688335273254296
Sulawesi Tenggara,Konawe Selatan,2017,Jasa Perusahaan,1.04,0.005099034027226881
Sulawesi Tenggara,Konawe Selatan,2017,"Administrasi Pemerintahan, Pertahanan dan Jaminan Sosial Wajib",394.98,1.9365542885327627
Sulawesi Tenggara,Konawe Selatan,2017,Jasa Pendidikan,367.3,1.8008415367311859
Sulawesi Tenggara,Konawe Selatan,2017,Jasa Kesehatan dan Kegiatan Sosial,70.45,0.34541052617128243
Sulawesi Tenggara,Konawe Selatan,2017,Jasa Lainnya,71.36,0.3498721809451059
Sulawesi Tenggara,Konawe Selatan,2017,PRODUK DOMESTIK BRUTO,10198.0,49.99995097082666
Sulawesi Tenggara,Konawe Selatan,2018,"Pertanian, Kehutanan, dan Perikanan",2905.31,13.00463103464637
Sulawesi Tenggara,Konawe Selatan,2018,Pertambangan dan Penggalian,2445.8,10.947790970511956
Sulawesi Tenggara,Konawe Selatan,2018,Industri Pengolahan,271.04,1.2132182781288579
Sulawesi Tenggara,Konawe Selatan,2018,Pengadaan Listrik dan Gas,2.61,0.011682776364803419
Sulawesi Tenggara,Konawe Selatan,2018,"Pengadaan Air, Pengelolaan Sampah, Limbah dan Daur Ulang",4.22,0.018889393202862235
Sulawesi Tenggara,Konawe Selatan,2018,Konstruksi,1074.44,4.809364841915474
Sulawesi Tenggara,Konawe Selatan,2018,Perdagangan Besar dan Eceran; Reparasi Mobil dan Sepeda Motor,1025.32,4.589495885961779
Sulawesi Tenggara,Konawe Selatan,2018,Transportasi dan Pergudangan,2204.53,9.867827961494285
Sulawesi Tenggara,Konawe Selatan,2018,Penyediaan Akomodasi dan Makan Minum,26.65,0.11928965138774372
Sulawesi Tenggara,Konawe Selatan,2018,Informasi dan Komunikasi,46.84,0.20966331223271734
Sulawesi Tenggara,Konawe Selatan,2018,Jasa Keuangan dan Asuransi,82.57,0.36959649212330203
Sulawesi Tenggara,Konawe Selatan,2018,Real Estate,76.0,0.34018812403259
Sulawesi Tenggara,Konawe Selatan,2018,Jasa Perusahaan,1.11,0.0049685370746865125
Sulawesi Tenggara,Konawe Selatan,2018,"Administrasi Pemerintahan, Pertahanan dan Jaminan Sosial Wajib",436.96,1.9559026668063226
Sulawesi Tenggara,Konawe Selatan,2018,Jasa Pendidikan,409.27,1.8319578095107643
Sulawesi Tenggara,Konawe Selatan,2018,Jasa Kesehatan dan Kegiatan Sosial,78.41,0.3509756684920445
Sulawesi Tenggara,Konawe Selatan,2018,Jasa Lainnya,79.21,0.35455659611344015
Sulawesi Tenggara,Konawe Selatan,2018,PRODUK DOMESTIK BRUTO,11170.29,50.0
Sulawesi Tenggara,Konawe Selatan,2019,"Pertanian, Kehutanan, dan Perikanan",3226.18,13.325766240439421
Sulawesi Tenggara,Konawe Selatan,2019,Pertambangan dan Penggalian,2717.04,11.222758775370105
Sulawesi Tenggara,Konawe Selatan,2019,Industri Pengolahan,297.06,1.227009069359098
Sulawesi Tenggara,Konawe Selatan,2019,Pengadaan Listrik dan Gas,2.82,0.011648036004822783
Sulawesi Tenggara,Konawe Selatan,2019,"Pengadaan Air, Pengelolaan Sampah, Limbah dan Daur Ulang",4.24,0.01751335909944986
Sulawesi Tenggara,Konawe Selatan,2019,Konstruksi,1191.82,4.922823500449606
Sulawesi Tenggara,Konawe Selatan,2019,Perdagangan Besar dan Eceran; Reparasi Mobil dan Sepeda Motor,1153.35,4.763922810695871
Sulawesi Tenggara,Konawe Selatan,2019,Transportasi dan Pergudangan,2198.85,9.082370201845595
Sulawesi Tenggara,Konawe Selatan,2019,Penyediaan Akomodasi dan Makan Minum,28.6,0.1181325637368552
Sulawesi Tenggara,Konawe Selatan,2019,Informasi dan Komunikasi,49.1,0.20280800277900665
Sulawesi Tenggara,Konawe Selatan,2019,Jasa Keuangan dan Asuransi,91.2,0.37670244100703476
Sulawesi Tenggara,Konawe Selatan,2019,Real Estate,79.67,0.3290776696823515
Sulawesi Tenggara,Konawe Selatan,2019,Jasa Perusahaan,1.21,0.00499791615809772
Sulawesi Tenggara,Konawe Selatan,2019,"Administrasi Pemerintahan, Pertahanan dan Jaminan Sosial Wajib",448.77,1.8536486233632343
Sulawesi Tenggara,Konawe Selatan,2019,Jasa Pendidikan,444.44,1.8357635184338434
Sulawesi Tenggara,Konawe Selatan,2019,Jasa Kesehatan dan Kegiatan Sosial,87.05,0.359560827737526
Sulawesi Tenggara,Konawe Selatan,2019,Jasa Lainnya,83.64,0.3454757912919779
Sulawesi Tenggara,Konawe Selatan,2019,PRODUK DOMESTIK BRUTO,12105.05,50.000020652546105
Sulawesi Tenggara,Konawe Selatan,2020,"Pertanian, Kehutanan, dan Perikanan",3352.83,14.178987392198497
Sulawesi Tenggara,Konawe Selatan,2020,Pertambangan dan Penggalian,2574.18,10.886106890373066
Sulawesi Tenggara,Konawe Selatan,2020,Industri Pengolahan,299.56,1.266827564537117
Sulawesi Tenggara,Konawe Selatan,2020,Pengadaan Listrik dan Gas,2.91,0.01230627658166314
Sulawesi Tenggara,Konawe Selatan,2020,"Pengadaan Air, Pengelolaan Sampah, Limbah dan Daur Ulang",4.43,0.01873429733909543
Sulawesi Tenggara,Konawe Selatan,2020,Konstruksi,1200.52,5.076952289284616
Sulawesi Tenggara,Konawe Selatan,2020,Perdagangan Besar dan Eceran; Reparasi Mobil dan Sepeda Motor,1155.35,4.885930119802237
Sulawesi Tenggara,Konawe Selatan,2020,Transportasi dan Pergudangan,1828.86,7.734177659498435
Sulawesi Tenggara,Konawe Selatan,2020,Penyediaan Akomodasi dan Makan Minum,29.2,0.12348566191909403
Sulawesi Tenggara,Konawe Selatan,2020,Informasi dan Komunikasi,52.17,0.22062489665476498
Sulawesi Tenggara,Konawe Selatan,2020,Jasa Keuangan dan Asuransi,97.94,0.4141844427519203
Sulawesi Tenggara,Konawe Selatan,2020,Real Estate,80.89,0.3420806572820383
Sulawesi Tenggara,Konawe Selatan,2020,Jasa Perusahaan,1.25,0.005286201280783135
Sulawesi Tenggara,Konawe Selatan,2020,"Administrasi Pemerintahan, Pertahanan dan Jaminan Sosial Wajib",483.52,2.044787234627409
Sulawesi Tenggara,Konawe Selatan,2020,Jasa Pendidikan,475.72,2.0118013386353226
Sulawesi Tenggara,Konawe Selatan,2020,Jasa Kesehatan dan Kegiatan Sosial,98.58,0.41689097780768125
Sulawesi Tenggara,Konawe Selatan,2020,Jasa Lainnya,85.34,0.36089953384162626
Sulawesi Tenggara,Konawe Selatan,2020,PRODUK DOMESTIK BRUTO,11823.22,49.999936565584626
Sulawesi Tenggara,Konawe Selatan,2021,"Pertanian, Kehutanan, dan Perikanan",3558.56,14.060247252302208
Sulawesi Tenggara,Konawe Selatan,2021,Pertambangan dan Penggalian,2783.42,10.99758705965419
Sulawesi Tenggara,Konawe Selatan,2021,Industri Pengolahan,327.04,1.2921696589049827
Sulawesi Tenggara,Konawe Selatan,2021,Pengadaan Listrik dan Gas,3.17,0.012525005561181489
Sulawesi Tenggara,Konawe Selatan,2021,"Pengadaan Air, Pengelolaan Sampah, Limbah dan Daur Ulang",4.62,0.018254109051311824
Sulawesi Tenggara,Konawe Selatan,2021,Konstruksi,1412.89,5.582477951841551
Sulawesi Tenggara,Konawe Selatan,2021,Perdagangan Besar dan Eceran; Reparasi Mobil dan Sepeda Motor,1257.98,4.970412143802868
Sulawesi Tenggara,Konawe Selatan,2021,Transportasi dan Pergudangan,1835.05,7.250476799699084
Sulawesi Tenggara,Konawe Selatan,2021,Penyediaan Akomodasi dan Makan Minum,30.96,0.12232623727892081
Sulawesi Tenggara,Konawe Selatan,2021,Informasi dan Komunikasi,54.29,0.21450553688219026
Sulawesi Tenggara,Konawe Selatan,2021,Jasa Keuangan dan Asuransi,113.36,0.4478973597525343
Sulawesi Tenggara,Konawe Selatan,2021,Real Estate,81.75,0.32300290366769296
Sulawesi Tenggara,Konawe Selatan,2021,Jasa Perusahaan,1.32,0.005215459728946235
Sulawesi Tenggara,Konawe Selatan,2021,"Administrasi Pemerintahan, Pertahanan dan Jaminan Sosial Wajib",510.65,2.0176322049896935
Sulawesi Tenggara,Konawe Selatan,2021,Jasa Pendidikan,482.5,1.9064085751640596
Sulawesi Tenggara,Konawe Selatan,2021,Jasa Kesehatan dan Kegiatan Sosial,106.62,0.4212669062880664
Sulawesi Tenggara,Konawe Selatan,2021,Jasa Lainnya,90.51,0.35761459095979076
Sulawesi Tenggara,Konawe Selatan,2021,PRODUK DOMESTIK BRUTO,12654.68,49.99998024447072
Sulawesi Tenggara,Konawe Selatan,2022,"Pertanian, Kehutanan, dan Perikanan",3758.91,12.929208224397817
Sulawesi Tenggara,Konawe Selatan,2022,Pertambangan dan Penggalian,3057.23,10.515698236955856
Sulawesi Tenggara,Konawe Selatan,2022,Industri Pengolahan,339.65,1.1682656869722121
Sulawesi Tenggara,Konawe Selatan,2022,Pengadaan Listrik dan Gas,3.43,0.011797884016825227
Sulawesi Tenggara,Konawe Selatan,2022,"Pengadaan Air, Pengelolaan Sampah, Limbah dan Daur Ulang",4.55,0.015650254308033462
Sulawesi Tenggara,Konawe Selatan,2022,Konstruksi,1547.18,5.321705595671037
Sulawesi Tenggara,Konawe Selatan,2022,Perdagangan Besar dan Eceran; Reparasi Mobil dan Sepeda Motor,1441.03,4.956590322089113
Sulawesi Tenggara,Konawe Selatan,2022,Transportasi dan Pergudangan,2792.23,9.604199909125336
Sulawesi Tenggara,Konawe Selatan,2022,Penyediaan Akomodasi dan Makan Minum,32.67,0.11237226554801172
Sulawesi Tenggara,Konawe Selatan,2022,Informasi dan Komunikasi,55.54,0.19103629104795133
Sulawesi Tenggara,Konawe Selatan,2022,Jasa Keuangan dan Asuransi,129.64,0.4459118612073534
Sulawesi Tenggara,Konawe Selatan,2022,Real Estate,82.99,0.2854537593458675
Sulawesi Tenggara,Konawe Selatan,2022,Jasa Perusahaan,1.45,0.004987443680582093
Sulawesi Tenggara,Konawe Selatan,2022,"Administrasi Pemerintahan, Pertahanan dan Jaminan Sosial Wajib",558.71,1.9217480405365663
Sulawesi Tenggara,Konawe Selatan,2022,Jasa Pendidikan,521.98,1.7954109326829246
Sulawesi Tenggara,Konawe Selatan,2022,Jasa Kesehatan dan Kegiatan Sosial,111.84,0.38468669050779397
Sulawesi Tenggara,Konawe Selatan,2022,Jasa Lainnya,97.48,0.33529379998837405
Sulawesi Tenggara,Konawe Selatan,2022,PRODUK DOMESTIK BRUTO,14536.5,49.99998280191834
Sulawesi Tenggara,Konawe Selatan,2023,"Pertanian, Kehutanan, dan Perikanan",4238.82,12.882017107461674
Sulawesi Tenggara,Konawe Selatan,2023,Pertambangan dan Penggalian,3431.53,10.428616493450528
Sulawesi Tenggara,Konawe Selatan,2023,Industri Pengolahan,255.37,0.7760840773452253
Sulawesi Tenggara,Konawe Selatan,2023,Pengadaan Listrik dan Gas,3.69,0.011214121648603522
Sulawesi Tenggara,Konawe Selatan,2023,"Pengadaan Air, Pengelolaan Sampah, Limbah dan Daur Ulang",4.84,0.014709037609550418
Sulawesi Tenggara,Konawe Selatan,2023,Konstruksi,1684.52,5.1193528995950155
Sulawesi Tenggara,Konawe Selatan,2023,Perdagangan Besar dan Eceran; Reparasi Mobil dan Sepeda Motor,1652.74,5.022771656778587
Sulawesi Tenggara,Konawe Selatan,2023,Transportasi dan Pergudangan,3426.68,10.413877065267402
Sulawesi Tenggara,Konawe Selatan,2023,Penyediaan Akomodasi dan Makan Minum,35.94,0.1092237214229839
Sulawesi Tenggara,Konawe Selatan,2023,Informasi dan Komunikasi,57.55,0.1748977509152121
Sulawesi Tenggara,Konawe Selatan,2023,Jasa Keuangan dan Asuransi,141.4,0.42972271032860104
Sulawesi Tenggara,Konawe Selatan,2023,Real Estate,86.84,0.26391174091185093
Sulawesi Tenggara,Konawe Selatan,2023,Jasa Perusahaan,1.63,0.004953663492472558
Sulawesi Tenggara,Konawe Selatan,2023,"Administrasi Pemerintahan, Pertahanan dan Jaminan Sosial Wajib",626.02,1.902510686845197
Sulawesi Tenggara,Konawe Selatan,2023,Jasa Pendidikan,581.8,1.768123570503395
Sulawesi Tenggara,Konawe Selatan,2023,Jasa Kesehatan dan Kegiatan Sosial,113.42,0.34468988547008445
Sulawesi Tenggara,Konawe Selatan,2023,Jasa Lainnya,109.68,0.33332381095361363
Sulawesi Tenggara,Konawe Selatan,2023,PRODUK DOMESTIK BRUTO,16452.47,50.0
Sulawesi Tenggara,Konawe Selatan,2024,"Pertanian, Kehutanan, dan Perikanan",4610.59,12.979986914694393
Sulawesi Tenggara,Konawe Selatan,2024,Pertambangan dan Penggalian,3918.32,11.031070281153896
Sulawesi Tenggara,Konawe Selatan,2024,Industri Pengolahan,307.85,0.8666762760706699
Sulawesi Tenggara,Konawe Selatan,2024,Pengadaan Listrik dan Gas,3.92,0.011035799909686618
Sulawesi Tenggara,Konawe Selatan,2024,"Pengadaan Air, Pengelolaan Sampah, Limbah dan Daur Ulang",5.05,0.014217038148958526
Sulawesi Tenggara,Konawe Selatan,2024,Konstruksi,1690.61,4.7594983891110445
Sulawesi Tenggara,Konawe Selatan,2024,Perdagangan Besar dan Eceran; Reparasi Mobil dan Sepeda Motor,1722.14,4.848263381751968
Sulawesi Tenggara,Konawe Selatan,2024,Transportasi dan Pergudangan,3612.97,10.17143214278073
Sulawesi Tenggara,Konawe Selatan,2024,Penyediaan Akomodasi dan Makan Minum,38.38,0.1080494899320848
Sulawesi Tenggara,Konawe Selatan,2024,Informasi dan Komunikasi,59.79,0.16832410117351093
Sulawesi Tenggara,Konawe Selatan,2024,Jasa Keuangan dan Asuransi,142.55,0.4013146115116907
Sulawesi Tenggara,Konawe Selatan,2024,Real Estate,91.65,0.2580181279905047
Sulawesi Tenggara,Konawe Selatan,2024,Jasa Perusahaan,1.72,0.004842238735882904
Sulawesi Tenggara,Konawe Selatan,2024,"Administrasi Pemerintahan, Pertahanan dan Jaminan Sosial Wajib",704.1,1.9822211011250888
Sulawesi Tenggara,Konawe Selatan,2024,Jasa Pendidikan,619.22,1.7432622500194257
Sulawesi Tenggara,Konawe Selatan,2024,Jasa Kesehatan dan Kegiatan Sosial,119.18,0.33552210031542123
Sulawesi Tenggara,Konawe Selatan,2024,Jasa Lainnya,112.33,0.3162376030242597
Sulawesi Tenggara,Konawe Selatan,2024,PRODUK DOMESTIK BRUTO,17760.39,50.00002815255079
Sulawesi Tenggara,Bombana,2016,"Pertanian, Kehutanan, dan Perikanan",1538.96,15.60847768254229
Sulawesi Tenggara,Bombana,2016,Pertambangan dan Penggalian,1345.89,13.650318415135446
Sulawesi Tenggara,Bombana,2016,Industri Pengolahan,284.76,2.888099823829562
Sulawesi Tenggara,Bombana,2016,Pengadaan Listrik dan Gas,0.55,0.005578223427118482
Sulawesi Tenggara,Bombana,2016,"Pengadaan Air, Pengelolaan Sampah, Limbah dan Daur Ulang",6.74,0.06835859254323376
Sulawesi Tenggara,Bombana,2016,Konstruksi,462.91,4.694937102995303
Sulawesi Tenggara,Bombana,2016,Perdagangan Besar dan Eceran; Reparasi Mobil dan Sepeda Motor,614.54,6.232802590729803
Sulawesi Tenggara,Bombana,2016,Transportasi dan Pergudangan,28.34,0.287430639862796
Sulawesi Tenggara,Bombana,2016,Penyediaan Akomodasi dan Makan Minum,21.87,0.22181044791105675
Sulawesi Tenggara,Bombana,2016,Informasi dan Komunikasi,33.49,0.3396630955894509
Sulawesi Tenggara,Bombana,2016,Jasa Keuangan dan Asuransi,51.72,0.5245558466373962
Sulawesi Tenggara,Bombana,2016,Real Estate,69.8,0.7079272640234
Sulawesi Tenggara,Bombana,2016,Jasa Perusahaan,0.62,0.006288179136024471
Sulawesi Tenggara,Bombana,2016,"Administrasi Pemerintahan, Pertahanan dan Jaminan Sosial Wajib",191.23,1.9394975744870313
Sulawesi Tenggara,Bombana,2016,Jasa Pendidikan,217.57,2.206643765523942
Sulawesi Tenggara,Bombana,2016,Jasa Kesehatan dan Kegiatan Sosial,39.63,0.40193635348491896
Sulawesi Tenggara,Bombana,2016,Jasa Lainnya,21.27,0.21572511326329114
Sulawesi Tenggara,Bombana,2016,PRODUK DOMESTIK BRUTO,4929.88,49.99994928887793
Sulawesi Tenggara,Bombana,2017,"Pertanian, Kehutanan, dan Perikanan",1648.4,15.043275425909771
Sulawesi Tenggara,Bombana,2017,Pertambangan dan Penggalian,1617.28,14.75927473963562
Sulawesi Tenggara,Bombana,2017,Industri Pengolahan,312.65,2.8532395425325707
Sulawesi Tenggara,Bombana,2017,Pengadaan Listrik dan Gas,0.66,0.0060231508014440965
Sulawesi Tenggara,Bombana,2017,"Pengadaan Air, Pengelolaan Sampah, Limbah dan Daur Ulang",6.99,0.06379064257893066
Sulawesi Tenggara,Bombana,2017,Konstruksi,492.6,4.495460734532367
Sulawesi Tenggara,Bombana,2017,Perdagangan Besar dan Eceran; Reparasi Mobil dan Sepeda Motor,676.3,6.17190437426764
Sulawesi Tenggara,Bombana,2017,Transportasi dan Pergudangan,30.33,0.2767911572845446
Sulawesi Tenggara,Bombana,2017,Penyediaan Akomodasi dan Makan Minum,23.4,0.21354807386938157
Sulawesi Tenggara,Bombana,2017,Informasi dan Komunikasi,36.05,0.32899179756372676
Sulawesi Tenggara,Bombana,2017,Jasa Keuangan dan Asuransi,56.38,0.5145230942203306
Sulawesi Tenggara,Bombana,2017,Real Estate,74.65,0.6812548595875785
Sulawesi Tenggara,Bombana,2017,Jasa Perusahaan,0.69,0.006296930383327919
Sulawesi Tenggara,Bombana,2017,"Administrasi Pemerintahan, Pertahanan dan Jaminan Sosial Wajib",204.25,1.863982653325692
Sulawesi Tenggara,Bombana,2017,Jasa Pendidikan,233.94,2.1349331795300484
Sulawesi Tenggara,Bombana,2017,Jasa Kesehatan dan Kegiatan Sosial,42.0,0.3832914146373516
Sulawesi Tenggara,Bombana,2017,Jasa Lainnya,22.29,0.20341822933968015
Sulawesi Tenggara,Bombana,2017,PRODUK DOMESTIK BRUTO,5478.86,50.0
Sulawesi Tenggara,Bombana,2018,"Pertanian, Kehutanan, dan Perikanan",1757.45,14.902459251319849
Sulawesi Tenggara,Bombana,2018,Pertambangan dan Penggalian,1704.08,14.449903417445235
Sulawesi Tenggara,Bombana,2018,Industri Pengolahan,326.42,2.767908474674002
Sulawesi Tenggara,Bombana,2018,Pengadaan Listrik dan Gas,0.7,0.005935714515874644
Sulawesi Tenggara,Bombana,2018,"Pengadaan Air, Pengelolaan Sampah, Limbah dan Daur Ulang",7.45,0.06317296163323728
Sulawesi Tenggara,Bombana,2018,Konstruksi,556.54,4.719232223806964
Sulawesi Tenggara,Bombana,2018,Perdagangan Besar dan Eceran; Reparasi Mobil dan Sepeda Motor,764.83,6.485446475966292
Sulawesi Tenggara,Bombana,2018,Transportasi dan Pergudangan,33.38,0.2830487864855652
Sulawesi Tenggara,Bombana,2018,Penyediaan Akomodasi dan Makan Minum,25.52,0.21639919206445846
Sulawesi Tenggara,Bombana,2018,Informasi dan Komunikasi,40.41,0.34266031940927766
Sulawesi Tenggara,Bombana,2018,Jasa Keuangan dan Asuransi,58.56,0.4965649172137417
Sulawesi Tenggara,Bombana,2018,Real Estate,77.21,0.6547093111009732
Sulawesi Tenggara,Bombana,2018,Jasa Perusahaan,0.73,0.006190102280840701
Sulawesi Tenggara,Bombana,2018,"Administrasi Pemerintahan, Pertahanan dan Jaminan Sosial Wajib",223.3,1.8934929305640118
Sulawesi Tenggara,Bombana,2018,Jasa Pendidikan,252.09,2.1376203890097702
Sulawesi Tenggara,Bombana,2018,Jasa Kesehatan dan Kegiatan Sosial,44.15,0.3743739941083793
Sulawesi Tenggara,Bombana,2018,Jasa Lainnya,23.68,0.20079674247987367
Sulawesi Tenggara,Bombana,2018,PRODUK DOMESTIK BRUTO,5896.52,50.000084795921666
Sulawesi Tenggara,Bombana,2019,"Pertanian, Kehutanan, dan Perikanan",1925.38,15.076388926953065
Sulawesi Tenggara,Bombana,2019,Pertambangan dan Penggalian,1855.04,14.525602486291023
Sulawesi Tenggara,Bombana,2019,Industri Pengolahan,335.18,2.6245749101663716
Sulawesi Tenggara,Bombana,2019,Pengadaan Listrik dan Gas,0.77,0.006029365358398789
Sulawesi Tenggara,Bombana,2019,"Pengadaan Air, Pengelolaan Sampah, Limbah dan Daur Ulang",7.64,0.059823832906710055
Sulawesi Tenggara,Bombana,2019,Konstruksi,612.17,4.793502066819463
Sulawesi Tenggara,Bombana,2019,Perdagangan Besar dan Eceran; Reparasi Mobil dan Sepeda Motor,820.89,6.427851596176599
Sulawesi Tenggara,Bombana,2019,Transportasi dan Pergudangan,35.91,0.2811876753507798
Sulawesi Tenggara,Bombana,2019,Penyediaan Akomodasi dan Makan Minum,26.97,0.21118439443638354
Sulawesi Tenggara,Bombana,2019,Informasi dan Komunikasi,42.71,0.33443401877560036
Sulawesi Tenggara,Bombana,2019,Jasa Keuangan dan Asuransi,62.84,0.4920588560023116
Sulawesi Tenggara,Bombana,2019,Real Estate,80.98,0.6341013074326415
Sulawesi Tenggara,Bombana,2019,Jasa Perusahaan,0.8,0.006264275697037703
Sulawesi Tenggara,Bombana,2019,"Administrasi Pemerintahan, Pertahanan dan Jaminan Sosial Wajib",235.95,1.847569813395057
Sulawesi Tenggara,Bombana,2019,Jasa Pendidikan,268.86,2.105266454881946
Sulawesi Tenggara,Bombana,2019,Jasa Kesehatan dan Kegiatan Sosial,48.3,0.37820564520865124
Sulawesi Tenggara,Bombana,2019,Jasa Lainnya,25.02,0.19591522242485412
Sulawesi Tenggara,Bombana,2019,PRODUK DOMESTIK BRUTO,6385.42,50.00003915172311
Sulawesi Tenggara,Bombana,2020,"Pertanian, Kehutanan, dan Perikanan",2007.37,15.300915903921558
Sulawesi Tenggara,Bombana,2020,Pertambangan dan Penggalian,1866.31,14.225704459391064
Sulawesi Tenggara,Bombana,2020,Industri Pengolahan,334.57,2.5502161703995956
Sulawesi Tenggara,Bombana,2020,Pengadaan Listrik dan Gas,0.81,0.006174119311425628
Sulawesi Tenggara,Bombana,2020,"Pengadaan Air, Pengelolaan Sampah, Limbah dan Daur Ulang",8.02,0.06113140355263399
Sulawesi Tenggara,Bombana,2020,Konstruksi,637.67,4.860556371996024
Sulawesi Tenggara,Bombana,2020,Perdagangan Besar dan Eceran; Reparasi Mobil dan Sepeda Motor,835.15,6.365821904860633
Sulawesi Tenggara,Bombana,2020,Transportasi dan Pergudangan,35.99,0.2743290790348251
Sulawesi Tenggara,Bombana,2020,Penyediaan Akomodasi dan Makan Minum,27.49,0.20953893811245738
Sulawesi Tenggara,Bombana,2020,Informasi dan Komunikasi,45.37,0.34582690513503794
Sulawesi Tenggara,Bombana,2020,Jasa Keuangan dan Asuransi,65.85,0.5019330329103426
Sulawesi Tenggara,Bombana,2020,Real Estate,83.74,0.6382972236281259
Sulawesi Tenggara,Bombana,2020,Jasa Perusahaan,0.82,0.006250343006628413
Sulawesi Tenggara,Bombana,2020,"Administrasi Pemerintahan, Pertahanan dan Jaminan Sosial Wajib",253.81,1.9346336079418995
Sulawesi Tenggara,Bombana,2020,Jasa Pendidikan,278.77,2.124887951168052
Sulawesi Tenggara,Bombana,2020,Jasa Kesehatan dan Kegiatan Sosial,52.56,0.40063174198584073
Sulawesi Tenggara,Bombana,2020,Jasa Lainnya,25.33,0.1930746199486557
Sulawesi Tenggara,Bombana,2020,PRODUK DOMESTIK BRUTO,6559.65,50.0000762236952
Sulawesi Tenggara,Bombana,2021,"Pertanian, Kehutanan, dan Perikanan",2138.16,15.464038314386844
Sulawesi Tenggara,Bombana,2021,Pertambangan dan Penggalian,1867.6,13.50723891380854
Sulawesi Tenggara,Bombana,2021,Industri Pengolahan,368.54,2.6654304076327904
Sulawesi Tenggara,Bombana,2021,Pengadaan Listrik dan Gas,0.89,0.00643684013348126
Sulawesi Tenggara,Bombana,2021,"Pengadaan Air, Pengelolaan Sampah, Limbah dan Daur Ulang",8.18,0.0591610699908727
Sulawesi Tenggara,Bombana,2021,Konstruksi,724.9,5.242770126697264
Sulawesi Tenggara,Bombana,2021,Perdagangan Besar dan Eceran; Reparasi Mobil dan Sepeda Motor,903.68,6.535779429016118
Sulawesi Tenggara,Bombana,2021,Transportasi dan Pergudangan,37.26,0.26947939704888957
Sulawesi Tenggara,Bombana,2021,Penyediaan Akomodasi dan Makan Minum,28.54,0.206412828550062
Sulawesi Tenggara,Bombana,2021,Informasi dan Komunikasi,47.25,0.34173111944605566
Sulawesi Tenggara,Bombana,2021,Jasa Keuangan dan Asuransi,73.32,0.530279908524546
Sulawesi Tenggara,Bombana,2021,Real Estate,86.18,0.6232886322510282
Sulawesi Tenggara,Bombana,2021,Jasa Perusahaan,0.88,0.00636451608703765
Sulawesi Tenggara,Bombana,2021,"Administrasi Pemerintahan, Pertahanan dan Jaminan Sosial Wajib",254.42,1.840068389618317
Sulawesi Tenggara,Bombana,2021,Jasa Pendidikan,290.95,2.104268131276823
Sulawesi Tenggara,Bombana,2021,Jasa Kesehatan dan Kegiatan Sosial,56.36,0.40761832575618406
Sulawesi Tenggara,Bombana,2021,Jasa Lainnya,26.22,0.18963364977514452
Sulawesi Tenggara,Bombana,2021,PRODUK DOMESTIK BRUTO,6913.33,50.0
Sulawesi Tenggara,Bombana,2022,"Pertanian, Kehutanan, dan Perikanan",2365.93,15.204609587927465
Sulawesi Tenggara,Bombana,2022,Pertambangan dan Penggalian,2219.38,14.262808463164362
Sulawesi Tenggara,Bombana,2022,Industri Pengolahan,375.94,2.4159721244861223
Sulawesi Tenggara,Bombana,2022,Pengadaan Listrik dan Gas,0.99,0.006362218447734376
Sulawesi Tenggara,Bombana,2022,"Pengadaan Air, Pengelolaan Sampah, Limbah dan Daur Ulang",8.4,0.05398245955653409
Sulawesi Tenggara,Bombana,2022,Konstruksi,801.15,5.148577080204439
Sulawesi Tenggara,Bombana,2022,Perdagangan Besar dan Eceran; Reparasi Mobil dan Sepeda Motor,1050.56,6.751406275203864
Sulawesi Tenggara,Bombana,2022,Transportasi dan Pergudangan,41.1,0.26412846283018465
Sulawesi Tenggara,Bombana,2022,Penyediaan Akomodasi dan Makan Minum,30.46,0.1957506807252415
Sulawesi Tenggara,Bombana,2022,Informasi dan Komunikasi,49.87,0.32048872120051847
Sulawesi Tenggara,Bombana,2022,Jasa Keuangan dan Asuransi,82.63,0.5310203134710014
Sulawesi Tenggara,Bombana,2022,Real Estate,90.2,0.5796687919046875
Sulawesi Tenggara,Bombana,2022,Jasa Perusahaan,0.97,0.00623368878212358
Sulawesi Tenggara,Bombana,2022,"Administrasi Pemerintahan, Pertahanan dan Jaminan Sosial Wajib",256.32,1.6472361944679543
Sulawesi Tenggara,Bombana,2022,Jasa Pendidikan,317.12,2.0379663779247728
Sulawesi Tenggara,Bombana,2022,Jasa Kesehatan dan Kegiatan Sosial,60.83,0.3909229779552344
Sulawesi Tenggara,Bombana,2022,Jasa Lainnya,28.46,0.18289771416416195
Sulawesi Tenggara,Bombana,2022,PRODUK DOMESTIK BRUTO,7780.3,49.99996786758359
Sulawesi Tenggara,Bombana,2023,"Pertanian, Kehutanan, dan Perikanan",2683.32,15.678415214020195
Sulawesi Tenggara,Bombana,2023,Pertambangan dan Penggalian,2492.77,14.565047438640608
Sulawesi Tenggara,Bombana,2023,Industri Pengolahan,335.93,1.9628110038481448
Sulawesi Tenggara,Bombana,2023,Pengadaan Listrik dan Gas,1.09,0.006368779192672516
Sulawesi Tenggara,Bombana,2023,"Pengadaan Air, Pengelolaan Sampah, Limbah dan Daur Ulang",8.73,0.05100866270828537
Sulawesi Tenggara,Bombana,2023,Konstruksi,821.75,4.801416790439118
Sulawesi Tenggara,Bombana,2023,Perdagangan Besar dan Eceran; Reparasi Mobil dan Sepeda Motor,1169.82,6.83516080291024
Sulawesi Tenggara,Bombana,2023,Transportasi dan Pergudangan,47.66,0.27847340947043303
Sulawesi Tenggara,Bombana,2023,Penyediaan Akomodasi dan Makan Minum,32.57,0.19030379661040714
Sulawesi Tenggara,Bombana,2023,Informasi dan Komunikasi,53.39,0.3119533221071427
Sulawesi Tenggara,Bombana,2023,Jasa Keuangan dan Asuransi,89.42,0.5224736104667672
Sulawesi Tenggara,Bombana,2023,Real Estate,94.03,0.5494094564100885
Sulawesi Tenggara,Bombana,2023,Jasa Perusahaan,1.06,0.006193491691956757
Sulawesi Tenggara,Bombana,2023,"Administrasi Pemerintahan, Pertahanan dan Jaminan Sosial Wajib",282.54,1.6508576817410021
Sulawesi Tenggara,Bombana,2023,Jasa Pendidikan,350.16,2.045955708354319
Sulawesi Tenggara,Bombana,2023,Jasa Kesehatan dan Kegiatan Sosial,61.88,0.361559684809702
Sulawesi Tenggara,Bombana,2023,Jasa Lainnya,31.25,0.18259114657891384
Sulawesi Tenggara,Bombana,2023,PRODUK DOMESTIK BRUTO,8557.37,50.0
Sulawesi Tenggara,Bombana,2024,"Pertanian, Kehutanan, dan Perikanan",3152.24,17.21536463538646
Sulawesi Tenggara,Bombana,2024,Pertambangan dan Penggalian,2417.64,13.203485190561542
Sulawesi Tenggara,Bombana,2024,Industri Pengolahan,399.88,2.183869251833089
Sulawesi Tenggara,Bombana,2024,Pengadaan Listrik dan Gas,1.14,0.0062258951362651836
Sulawesi Tenggara,Bombana,2024,"Pengadaan Air, Pengelolaan Sampah, Limbah dan Daur Ulang",8.68,0.04740418401998403
Sulawesi Tenggara,Bombana,2024,Konstruksi,857.99,4.685750673652777
Sulawesi Tenggara,Bombana,2024,Perdagangan Besar dan Eceran; Reparasi Mobil dan Sepeda Motor,1212.55,6.622113287261709
Sulawesi Tenggara,Bombana,2024,Transportasi dan Pergudangan,50.69,0.2768338811028791
Sulawesi Tenggara,Bombana,2024,Penyediaan Akomodasi dan Makan Minum,34.07,0.18606688358996037
Sulawesi Tenggara,Bombana,2024,Informasi dan Komunikasi,58.2,0.3178483306409068
Sulawesi Tenggara,Bombana,2024,Jasa Keuangan dan Asuransi,91.81,0.501403010930269
Sulawesi Tenggara,Bombana,2024,Real Estate,99.63,0.5441104670404389
Sulawesi Tenggara,Bombana,2024,Jasa Perusahaan,1.1,0.006007442675343599
Sulawesi Tenggara,Bombana,2024,"Administrasi Pemerintahan, Pertahanan dan Jaminan Sosial Wajib",313.58,1.7125580673947687
Sulawesi Tenggara,Bombana,2024,Jasa Pendidikan,362.05,1.9772678369165
Sulawesi Tenggara,Bombana,2024,Jasa Kesehatan dan Kegiatan Sosial,62.69,0.34236961937935473
Sulawesi Tenggara,Bombana,2024,Jasa Lainnya,31.36,0.17126672936252296
Sulawesi Tenggara,Bombana,2024,PRODUK DOMESTIK BRUTO,9155.32,50.00005461311523
Sulawesi Tenggara,Wakatobi,2016,"Pertanian, Kehutanan, dan Perikanan",881.12,13.335452185823362
Sulawesi Tenggara,Wakatobi,2016,Pertambangan dan Penggalian,533.04,8.067379509182954
Sulawesi Tenggara,Wakatobi,2016,Industri Pengolahan,151.7,2.295928019553981
Sulawesi Tenggara,Wakatobi,2016,Pengadaan Listrik dan Gas,0.37,0.00559982443793654
Sulawesi Tenggara,Wakatobi,2016,"Pengadaan Air, Pengelolaan Sampah, Limbah dan Daur Ulang",8.35,0.12637441636964894
Sulawesi Tenggara,Wakatobi,2016,Konstruksi,539.03,8.158036126434954
Sulawesi Tenggara,Wakatobi,2016,Perdagangan Besar dan Eceran; Reparasi Mobil dan Sepeda Motor,453.61,6.865233414303767
Sulawesi Tenggara,Wakatobi,2016,Transportasi dan Pergudangan,49.61,0.7508305145027885
Sulawesi Tenggara,Wakatobi,2016,Penyediaan Akomodasi dan Makan Minum,19.44,0.29421780290131444
Sulawesi Tenggara,Wakatobi,2016,Informasi dan Komunikasi,29.54,0.4470778753963389
Sulawesi Tenggara,Wakatobi,2016,Jasa Keuangan dan Asuransi,51.76,0.7833700348853927
Sulawesi Tenggara,Wakatobi,2016,Real Estate,75.06,1.1360076278689641
Sulawesi Tenggara,Wakatobi,2016,Jasa Perusahaan,1.72,0.026031616306083374
Sulawesi Tenggara,Wakatobi,2016,"Administrasi Pemerintahan, Pertahanan dan Jaminan Sosial Wajib",205.24,3.106237750384042
Sulawesi Tenggara,Wakatobi,2016,Jasa Pendidikan,180.78,2.736043951054507
Sulawesi Tenggara,Wakatobi,2016,Jasa Kesehatan dan Kegiatan Sosial,55.68,0.842697904606234
Sulawesi Tenggara,Wakatobi,2016,Jasa Lainnya,67.63,1.023557099290941
Sulawesi Tenggara,Wakatobi,2016,PRODUK DOMESTIK BRUTO,3303.67,49.999924326696785
Sulawesi Tenggara,Wakatobi,2017,"Pertanian, Kehutanan, dan Perikanan",1001.7,13.801227602455207
Sulawesi Tenggara,Wakatobi,2017,Pertambangan dan Penggalian,568.49,7.832544553977998
Sulawesi Tenggara,Wakatobi,2017,Industri Pengolahan,172.51,2.3768091980628405
Sulawesi Tenggara,Wakatobi,2017,Pengadaan Listrik dan Gas,0.43,0.005924456293357031
Sulawesi Tenggara,Wakatobi,2017,"Pengadaan Air, Pengelolaan Sampah, Limbah dan Daur Ulang",8.82,0.12152024304048609
Sulawesi Tenggara,Wakatobi,2017,Konstruksi,565.54,7.791900028244501
Sulawesi Tenggara,Wakatobi,2017,Perdagangan Besar dan Eceran; Reparasi Mobil dan Sepeda Motor,517.79,7.134009823575203
Sulawesi Tenggara,Wakatobi,2017,Transportasi dan Pergudangan,54.07,0.7449659343763132
Sulawesi Tenggara,Wakatobi,2017,Penyediaan Akomodasi dan Makan Minum,21.36,0.2942939219211772
Sulawesi Tenggara,Wakatobi,2017,Informasi dan Komunikasi,32.44,0.44695200501512117
Sulawesi Tenggara,Wakatobi,2017,Jasa Keuangan dan Asuransi,56.61,0.77996155992312
Sulawesi Tenggara,Wakatobi,2017,Real Estate,80.25,1.1056688780044228
Sulawesi Tenggara,Wakatobi,2017,Jasa Perusahaan,1.89,0.02604005208010416
Sulawesi Tenggara,Wakatobi,2017,"Administrasi Pemerintahan, Pertahanan dan Jaminan Sosial Wajib",218.41,3.0092104628653704
Sulawesi Tenggara,Wakatobi,2017,Jasa Pendidikan,197.49,2.720978775290884
Sulawesi Tenggara,Wakatobi,2017,Jasa Kesehatan dan Kegiatan Sosial,59.55,0.8204683076032819
Sulawesi Tenggara,Wakatobi,2017,Jasa Lainnya,71.68,0.9875930862972839
Sulawesi Tenggara,Wakatobi,2017,PRODUK DOMESTIK BRUTO,3629.02,49.999931110973336
Sulawesi Tenggara,Wakatobi,2018,"Pertanian, Kehutanan, dan Perikanan",1099.13,13.746083955002222
Sulawesi Tenggara,Wakatobi,2018,Pertambangan dan Penggalian,624.82,7.814205941758017
Sulawesi Tenggara,Wakatobi,2018,Industri Pengolahan,180.66,2.259393818120423
Sulawesi Tenggara,Wakatobi,2018,Pengadaan Listrik dan Gas,0.45,0.005627849098606169
Sulawesi Tenggara,Wakatobi,2018,"Pengadaan Air, Pengelolaan Sampah, Limbah dan Daur Ulang",9.42,0.11780964113082248
Sulawesi Tenggara,Wakatobi,2018,Konstruksi,637.91,7.977913818870803
Sulawesi Tenggara,Wakatobi,2018,Perdagangan Besar dan Eceran; Reparasi Mobil dan Sepeda Motor,581.79,7.276058504617963
Sulawesi Tenggara,Wakatobi,2018,Transportasi dan Pergudangan,58.66,0.7336213958316397
Sulawesi Tenggara,Wakatobi,2018,Penyediaan Akomodasi dan Makan Minum,23.59,0.29502435608026567
Sulawesi Tenggara,Wakatobi,2018,Informasi dan Komunikasi,35.37,0.4423489391504449
Sulawesi Tenggara,Wakatobi,2018,Jasa Keuangan dan Asuransi,60.05,0.7510051963806677
Sulawesi Tenggara,Wakatobi,2018,Real Estate,82.69,1.0341485376972093
Sulawesi Tenggara,Wakatobi,2018,Jasa Perusahaan,2.08,0.02601316916689074
Sulawesi Tenggara,Wakatobi,2018,"Administrasi Pemerintahan, Pertahanan dan Jaminan Sosial Wajib",243.0,3.0390385132473314
Sulawesi Tenggara,Wakatobi,2018,Jasa Pendidikan,216.28,2.7048693401034276
Sulawesi Tenggara,Wakatobi,2018,Jasa Kesehatan dan Kegiatan Sosial,65.24,0.8159130559845922
Sulawesi Tenggara,Wakatobi,2018,Jasa Lainnya,76.84,0.960986499415329
Sulawesi Tenggara,Wakatobi,2018,PRODUK DOMESTIK BRUTO,3997.97,49.99993746834335
Sulawesi Tenggara,Wakatobi,2019,"Pertanian, Kehutanan, dan Perikanan",1171.8,13.450860967594194
Sulawesi Tenggara,Wakatobi,2019,Pertambangan dan Penggalian,674.33,7.7405010038212945
Sulawesi Tenggara,Wakatobi,2019,Industri Pengolahan,193.89,2.2256250495023364
Sulawesi Tenggara,Wakatobi,2019,Pengadaan Listrik dan Gas,0.49,0.005624613307835087
Sulawesi Tenggara,Wakatobi,2019,"Pengadaan Air, Pengelolaan Sampah, Limbah dan Daur Ulang",9.96,0.11432887458374993
Sulawesi Tenggara,Wakatobi,2019,Konstruksi,726.52,8.339579715119076
Sulawesi Tenggara,Wakatobi,2019,Perdagangan Besar dan Eceran; Reparasi Mobil dan Sepeda Motor,653.17,7.49760953934417
Sulawesi Tenggara,Wakatobi,2019,Transportasi dan Pergudangan,61.83,0.7097343690274356
Sulawesi Tenggara,Wakatobi,2019,Penyediaan Akomodasi dan Makan Minum,27.24,0.31268258470495464
Sulawesi Tenggara,Wakatobi,2019,Informasi dan Komunikasi,38.45,0.4413599626250186
Sulawesi Tenggara,Wakatobi,2019,Jasa Keuangan dan Asuransi,61.86,0.7100787331075071
Sulawesi Tenggara,Wakatobi,2019,Real Estate,88.41,1.0148409439708164
Sulawesi Tenggara,Wakatobi,2019,Jasa Perusahaan,2.26,0.025942094032055704
Sulawesi Tenggara,Wakatobi,2019,"Administrasi Pemerintahan, Pertahanan dan Jaminan Sosial Wajib",264.3,3.033847545430232
Sulawesi Tenggara,Wakatobi,2019,Jasa Pendidikan,228.13,2.61865925289065
Sulawesi Tenggara,Wakatobi,2019,Jasa Kesehatan dan Kegiatan Sosial,70.93,0.8141914733158016
Sulawesi Tenggara,Wakatobi,2019,Jasa Lainnya,82.29,0.9445906716362232
Sulawesi Tenggara,Wakatobi,2019,PRODUK DOMESTIK BRUTO,4355.85,49.99994260598666
Sulawesi Tenggara,Wakatobi,2020,"Pertanian, Kehutanan, dan Perikanan",1217.95,13.748879612216008
Sulawesi Tenggara,Wakatobi,2020,Pertambangan dan Penggalian,660.54,7.45653346939789
Sulawesi Tenggara,Wakatobi,2020,Industri Pengolahan,197.11,2.2250844947361528
Sulawesi Tenggara,Wakatobi,2020,Pengadaan Listrik dan Gas,0.51,0.005757156371140165
Sulawesi Tenggara,Wakatobi,2020,"Pengadaan Air, Pengelolaan Sampah, Limbah dan Daur Ulang",10.47,0.11819103373693633
Sulawesi Tenggara,Wakatobi,2020,Konstruksi,730.3,8.244022152634631
Sulawesi Tenggara,Wakatobi,2020,Perdagangan Besar dan Eceran; Reparasi Mobil dan Sepeda Motor,651.78,7.3576458423171305
Sulawesi Tenggara,Wakatobi,2020,Transportasi dan Pergudangan,57.51,0.649204044910335
Sulawesi Tenggara,Wakatobi,2020,Penyediaan Akomodasi dan Makan Minum,26.94,0.3041133188990511
Sulawesi Tenggara,Wakatobi,2020,Informasi dan Komunikasi,41.67,0.470393541147864
Sulawesi Tenggara,Wakatobi,2020,Jasa Keuangan dan Asuransi,64.44,0.7274336403064161
Sulawesi Tenggara,Wakatobi,2020,Real Estate,90.7,1.0238707507106137
Sulawesi Tenggara,Wakatobi,2020,Jasa Perusahaan,2.29,0.02585076096060976
Sulawesi Tenggara,Wakatobi,2020,"Administrasi Pemerintahan, Pertahanan dan Jaminan Sosial Wajib",284.44,3.2109128592296248
Sulawesi Tenggara,Wakatobi,2020,Jasa Pendidikan,231.46,2.612845909145299
Sulawesi Tenggara,Wakatobi,2020,Jasa Kesehatan dan Kegiatan Sosial,79.97,0.9027446960785862
Sulawesi Tenggara,Wakatobi,2020,Jasa Lainnya,81.19,0.9165167172017059
Sulawesi Tenggara,Wakatobi,2020,PRODUK DOMESTIK BRUTO,4429.27,50.0
Sulawesi Tenggara,Wakatobi,2021,"Pertanian, Kehutanan, dan Perikanan",1322.35,14.041412264401378
Sulawesi Tenggara,Wakatobi,2021,Pertambangan dan Penggalian,668.97,7.103477568356784
Sulawesi Tenggara,Wakatobi,2021,Industri Pengolahan,205.12,2.178072736925936
Sulawesi Tenggara,Wakatobi,2021,Pengadaan Listrik dan Gas,0.56,0.00594637642686488
Sulawesi Tenggara,Wakatobi,2021,"Pengadaan Air, Pengelolaan Sampah, Limbah dan Daur Ulang",10.73,0.11393681975046456
Sulawesi Tenggara,Wakatobi,2021,Konstruksi,812.25,8.624900451287496
Sulawesi Tenggara,Wakatobi,2021,Perdagangan Besar dan Eceran; Reparasi Mobil dan Sepeda Motor,696.88,7.399840722059994
Sulawesi Tenggara,Wakatobi,2021,Transportasi dan Pergudangan,57.67,0.6123705866737457
Sulawesi Tenggara,Wakatobi,2021,Penyediaan Akomodasi dan Makan Minum,29.51,0.31335280063711174
Sulawesi Tenggara,Wakatobi,2021,Informasi dan Komunikasi,43.42,0.46105654366870186
Sulawesi Tenggara,Wakatobi,2021,Jasa Keuangan dan Asuransi,69.84,0.74159808866472
Sulawesi Tenggara,Wakatobi,2021,Real Estate,94.72,1.0057870984868595
Sulawesi Tenggara,Wakatobi,2021,Jasa Perusahaan,2.48,0.026333952747544465
Sulawesi Tenggara,Wakatobi,2021,"Administrasi Pemerintahan, Pertahanan dan Jaminan Sosial Wajib",293.95,3.121316697637377
Sulawesi Tenggara,Wakatobi,2021,Jasa Pendidikan,234.83,2.493549243429785
Sulawesi Tenggara,Wakatobi,2021,Jasa Kesehatan dan Kegiatan Sosial,83.61,0.8878152375895938
Sulawesi Tenggara,Wakatobi,2021,Jasa Lainnya,81.86,0.8692328112556411
Sulawesi Tenggara,Wakatobi,2021,PRODUK DOMESTIK BRUTO,4708.75,50.0
Sulawesi Tenggara,Wakatobi,2022,"Pertanian, Kehutanan, dan Perikanan",1504.03,14.349144745064478
Sulawesi Tenggara,Wakatobi,2022,Pertambangan dan Penggalian,752.14,7.17576493058835
Sulawesi Tenggara,Wakatobi,2022,Industri Pengolahan,224.98,2.1464136917113397
Sulawesi Tenggara,Wakatobi,2022,Pengadaan Listrik dan Gas,0.6,0.00572427866933418
Sulawesi Tenggara,Wakatobi,2022,"Pengadaan Air, Pengelolaan Sampah, Limbah dan Daur Ulang",11.22,0.10704401111654917
Sulawesi Tenggara,Wakatobi,2022,Konstruksi,878.87,8.384827990196218
Sulawesi Tenggara,Wakatobi,2022,Perdagangan Besar dan Eceran; Reparasi Mobil dan Sepeda Motor,811.15,7.738747737717368
Sulawesi Tenggara,Wakatobi,2022,Transportasi dan Pergudangan,64.68,0.6170772405542247
Sulawesi Tenggara,Wakatobi,2022,Penyediaan Akomodasi dan Makan Minum,33.55,0.3200825822602696
Sulawesi Tenggara,Wakatobi,2022,Informasi dan Komunikasi,46.78,0.44630292691908824
Sulawesi Tenggara,Wakatobi,2022,Jasa Keuangan dan Asuransi,77.29,0.7373824972547314
Sulawesi Tenggara,Wakatobi,2022,Real Estate,99.02,0.9446967897291176
Sulawesi Tenggara,Wakatobi,2022,Jasa Perusahaan,2.73,0.02604546794547052
Sulawesi Tenggara,Wakatobi,2022,"Administrasi Pemerintahan, Pertahanan dan Jaminan Sosial Wajib",297.25,2.835903057432642
Sulawesi Tenggara,Wakatobi,2022,Jasa Pendidikan,253.28,2.416408835614935
Sulawesi Tenggara,Wakatobi,2022,Jasa Kesehatan dan Kegiatan Sosial,92.1,0.8786767757427967
Sulawesi Tenggara,Wakatobi,2022,Jasa Lainnya,91.17,0.8698041438053288
Sulawesi Tenggara,Wakatobi,2022,PRODUK DOMESTIK BRUTO,5240.83,49.99995229767775
Sulawesi Tenggara,Wakatobi,2023,"Pertanian, Kehutanan, dan Perikanan",1715.35,14.869255267323265
Sulawesi Tenggara,Wakatobi,2023,Pertambangan dan Penggalian,789.29,6.84184247526486
Sulawesi Tenggara,Wakatobi,2023,Industri Pengolahan,211.64,1.834569729079369
Sulawesi Tenggara,Wakatobi,2023,Pengadaan Listrik dan Gas,0.65,0.005634427914862927
Sulawesi Tenggara,Wakatobi,2023,"Pengadaan Air, Pengelolaan Sampah, Limbah dan Daur Ulang",12.51,0.10844106648451571
Sulawesi Tenggara,Wakatobi,2023,Konstruksi,969.55,8.404399361315924
Sulawesi Tenggara,Wakatobi,2023,Perdagangan Besar dan Eceran; Reparasi Mobil dan Sepeda Motor,947.24,8.211008458576552
Sulawesi Tenggara,Wakatobi,2023,Transportasi dan Pergudangan,70.0,0.6067845446775461
Sulawesi Tenggara,Wakatobi,2023,Penyediaan Akomodasi dan Makan Minum,35.53,0.3079864981770458
Sulawesi Tenggara,Wakatobi,2023,Informasi dan Komunikasi,49.77,0.4314238112657352
Sulawesi Tenggara,Wakatobi,2023,Jasa Keuangan dan Asuransi,83.36,0.7225937092045747
Sulawesi Tenggara,Wakatobi,2023,Real Estate,101.3,0.8781039196547914
Sulawesi Tenggara,Wakatobi,2023,Jasa Perusahaan,2.97,0.025745001395604455
Sulawesi Tenggara,Wakatobi,2023,"Administrasi Pemerintahan, Pertahanan dan Jaminan Sosial Wajib",309.51,2.6829412060449607
Sulawesi Tenggara,Wakatobi,2023,Jasa Pendidikan,275.59,2.3889107523954984
Sulawesi Tenggara,Wakatobi,2023,Jasa Kesehatan dan Kegiatan Sosial,94.83,0.8220196910253098
Sulawesi Tenggara,Wakatobi,2023,Jasa Lainnya,99.03,0.8584267637059625
Sulawesi Tenggara,Wakatobi,2023,PRODUK DOMESTIK BRUTO,5768.1,49.99991331649362
Sulawesi Tenggara,Wakatobi,2024,"Pertanian, Kehutanan, dan Perikanan",1844.05,15.017806694144273
Sulawesi Tenggara,Wakatobi,2024,Pertambangan dan Penggalian,729.17,5.938306503169208
Sulawesi Tenggara,Wakatobi,2024,Industri Pengolahan,250.96,2.043799662678586
Sulawesi Tenggara,Wakatobi,2024,Pengadaan Listrik dan Gas,0.7,0.00570074818247932
Sulawesi Tenggara,Wakatobi,2024,"Pengadaan Air, Pengelolaan Sampah, Limbah dan Daur Ulang",13.41,0.10921004732435385
Sulawesi Tenggara,Wakatobi,2024,Konstruksi,1052.04,8.56773588270792
Sulawesi Tenggara,Wakatobi,2024,Perdagangan Besar dan Eceran; Reparasi Mobil dan Sepeda Motor,1058.48,8.620182765986732
Sulawesi Tenggara,Wakatobi,2024,Transportasi dan Pergudangan,65.15,0.5305767772693254
Sulawesi Tenggara,Wakatobi,2024,Penyediaan Akomodasi dan Makan Minum,37.25,0.30336124256764957
Sulawesi Tenggara,Wakatobi,2024,Informasi dan Komunikasi,51.78,0.4216924869839703
Sulawesi Tenggara,Wakatobi,2024,Jasa Keuangan dan Asuransi,85.21,0.6939439323272327
Sulawesi Tenggara,Wakatobi,2024,Real Estate,104.97,0.8548679095926489
Sulawesi Tenggara,Wakatobi,2024,Jasa Perusahaan,3.01,0.024513217184661075
Sulawesi Tenggara,Wakatobi,2024,"Administrasi Pemerintahan, Pertahanan dan Jaminan Sosial Wajib",352.17,2.8680464106053463
Sulawesi Tenggara,Wakatobi,2024,Jasa Pendidikan,290.2,2.3633673179364267
Sulawesi Tenggara,Wakatobi,2024,Jasa Kesehatan dan Kegiatan Sosial,95.16,0.7749759957781887
Sulawesi Tenggara,Wakatobi,2024,Jasa Lainnya,105.84,0.8619531251908733
Sulawesi Tenggara,Wakatobi,2024,PRODUK DOMESTIK BRUTO,6139.54,49.99995928037013
Sulawesi Tenggara,Kolaka Utara,2016,"Pertanian, Kehutanan, dan Perikanan",2777.61,21.016849890020588
Sulawesi Tenggara,Kolaka Utara,2016,Pertambangan dan Penggalian,1094.13,8.278759786351658
Sulawesi Tenggara,Kolaka Utara,2016,Industri Pengolahan,67.79,0.5129345927054179
Sulawesi Tenggara,Kolaka Utara,2016,Pengadaan Listrik dan Gas,0.77,0.005826222693364386
Sulawesi Tenggara,Kolaka Utara,2016,"Pengadaan Air, Pengelolaan Sampah, Limbah dan Daur Ulang",17.67,0.1337004610282451
Sulawesi Tenggara,Kolaka Utara,2016,Konstruksi,1009.27,7.6366646464050305
Sulawesi Tenggara,Kolaka Utara,2016,Perdagangan Besar dan Eceran; Reparasi Mobil dan Sepeda Motor,809.16,6.122527733198346
Sulawesi Tenggara,Kolaka Utara,2016,Transportasi dan Pergudangan,98.1,0.7422759041805795
Sulawesi Tenggara,Kolaka Utara,2016,Penyediaan Akomodasi dan Makan Minum,30.59,0.23145993790911246
Sulawesi Tenggara,Kolaka Utara,2016,Informasi dan Komunikasi,39.92,0.30205559729754067
Sulawesi Tenggara,Kolaka Utara,2016,Jasa Keuangan dan Asuransi,53.69,0.40624661871004397
Sulawesi Tenggara,Kolaka Utara,2016,Real Estate,85.86,0.649661662925021
Sulawesi Tenggara,Kolaka Utara,2016,Jasa Perusahaan,1.52,0.011501114927160867
Sulawesi Tenggara,Kolaka Utara,2016,"Administrasi Pemerintahan, Pertahanan dan Jaminan Sosial Wajib",200.82,1.5195091445213453
Sulawesi Tenggara,Kolaka Utara,2016,Jasa Pendidikan,156.14,1.181436897846643
Sulawesi Tenggara,Kolaka Utara,2016,Jasa Kesehatan dan Kegiatan Sosial,53.96,0.4082895799142107
Sulawesi Tenggara,Kolaka Utara,2016,Jasa Lainnya,111.06,0.8403380419805827
Sulawesi Tenggara,Kolaka Utara,2016,PRODUK DOMESTIK BRUTO,6608.05,49.99996216738511
Sulawesi Tenggara,Kolaka Utara,2017,"Pertanian, Kehutanan, dan Perikanan",3051.39,21.00896226512524
Sulawesi Tenggara,Kolaka Utara,2017,Pertambangan dan Penggalian,1230.24,8.47025969707172
Sulawesi Tenggara,Kolaka Utara,2017,Industri Pengolahan,76.54,0.5269814647661184
Sulawesi Tenggara,Kolaka Utara,2017,Pengadaan Listrik dan Gas,0.92,0.006334242847985746
Sulawesi Tenggara,Kolaka Utara,2017,"Pengadaan Air, Pengelolaan Sampah, Limbah dan Daur Ulang",18.11,0.12468819345328461
Sulawesi Tenggara,Kolaka Utara,2017,Konstruksi,1073.88,7.393713814777102
Sulawesi Tenggara,Kolaka Utara,2017,Perdagangan Besar dan Eceran; Reparasi Mobil dan Sepeda Motor,917.92,6.319921951112038
Sulawesi Tenggara,Kolaka Utara,2017,Transportasi dan Pergudangan,105.16,0.7240314977110662
Sulawesi Tenggara,Kolaka Utara,2017,Penyediaan Akomodasi dan Makan Minum,33.58,0.2311998639514797
Sulawesi Tenggara,Kolaka Utara,2017,Informasi dan Komunikasi,44.37,0.3054895164838342
Sulawesi Tenggara,Kolaka Utara,2017,Jasa Keuangan dan Asuransi,58.68,0.4040145329563082
Sulawesi Tenggara,Kolaka Utara,2017,Real Estate,92.17,0.6345947427161371
Sulawesi Tenggara,Kolaka Utara,2017,Jasa Perusahaan,1.66,0.011429177312669932
Sulawesi Tenggara,Kolaka Utara,2017,"Administrasi Pemerintahan, Pertahanan dan Jaminan Sosial Wajib",214.02,1.4735376677455536
Sulawesi Tenggara,Kolaka Utara,2017,Jasa Pendidikan,169.16,1.1646744784405094
Sulawesi Tenggara,Kolaka Utara,2017,Jasa Kesehatan dan Kegiatan Sosial,57.49,0.3958213275333701
Sulawesi Tenggara,Kolaka Utara,2017,Jasa Lainnya,116.82,0.8043111407627116
Sulawesi Tenggara,Kolaka Utara,2017,PRODUK DOMESTIK BRUTO,7262.12,50.000034425232876
Sulawesi Tenggara,Kolaka Utara,2018,"Pertanian, Kehutanan, dan Perikanan",3314.78,20.833155260359447
Sulawesi Tenggara,Kolaka Utara,2018,Pertambangan dan Penggalian,1369.61,8.607900909303453
Sulawesi Tenggara,Kolaka Utara,2018,Industri Pengolahan,79.57,0.5000917599559552
Sulawesi Tenggara,Kolaka Utara,2018,Pengadaan Listrik dan Gas,0.99,0.006222079205182804
Sulawesi Tenggara,Kolaka Utara,2018,"Pengadaan Air, Pengelolaan Sampah, Limbah dan Daur Ulang",19.27,0.12111057200391173
Sulawesi Tenggara,Kolaka Utara,2018,Konstruksi,1208.53,7.595524628120781
Sulawesi Tenggara,Kolaka Utara,2018,Perdagangan Besar dan Eceran; Reparasi Mobil dan Sepeda Motor,1010.04,6.34802917212408
Sulawesi Tenggara,Kolaka Utara,2018,Transportasi dan Pergudangan,117.1,0.7359651261887942
Sulawesi Tenggara,Kolaka Utara,2018,Penyediaan Akomodasi dan Makan Minum,36.93,0.23210240913878882
Sulawesi Tenggara,Kolaka Utara,2018,Informasi dan Komunikasi,48.21,0.30299640250693227
Sulawesi Tenggara,Kolaka Utara,2018,Jasa Keuangan dan Asuransi,61.83,0.38859712854187145
Sulawesi Tenggara,Kolaka Utara,2018,Real Estate,95.55,0.6005249172274918
Sulawesi Tenggara,Kolaka Utara,2018,Jasa Perusahaan,1.82,0.011438569851952225
Sulawesi Tenggara,Kolaka Utara,2018,"Administrasi Pemerintahan, Pertahanan dan Jaminan Sosial Wajib",222.86,1.40065916330004
Sulawesi Tenggara,Kolaka Utara,2018,Jasa Pendidikan,180.55,1.1347438388846012
Sulawesi Tenggara,Kolaka Utara,2018,Jasa Kesehatan dan Kegiatan Sosial,63.09,0.39651613843937683
Sulawesi Tenggara,Kolaka Utara,2018,Jasa Lainnya,124.81,0.7844219248473391
Sulawesi Tenggara,Kolaka Utara,2018,PRODUK DOMESTIK BRUTO,7955.54,50.0
Sulawesi Tenggara,Kolaka Utara,2019,"Pertanian, Kehutanan, dan Perikanan",3557.65,20.50703117974873
Sulawesi Tenggara,Kolaka Utara,2019,Pertambangan dan Penggalian,1534.76,8.846674398389712
Sulawesi Tenggara,Kolaka Utara,2019,Industri Pengolahan,85.06,0.4903034509154714
Sulawesi Tenggara,Kolaka Utara,2019,Pengadaan Listrik dan Gas,1.08,0.0062253436043817195
Sulawesi Tenggara,Kolaka Utara,2019,"Pengadaan Air, Pengelolaan Sampah, Limbah dan Daur Ulang",19.5,0.11240203730133662
Sulawesi Tenggara,Kolaka Utara,2019,Konstruksi,1339.57,7.721558826038537
Sulawesi Tenggara,Kolaka Utara,2019,Perdagangan Besar dan Eceran; Reparasi Mobil dan Sepeda Motor,1126.22,6.491765253821094
Sulawesi Tenggara,Kolaka Utara,2019,Transportasi dan Pergudangan,123.17,0.7099773812515707
Sulawesi Tenggara,Kolaka Utara,2019,Penyediaan Akomodasi dan Makan Minum,38.87,0.22405472768733098
Sulawesi Tenggara,Kolaka Utara,2019,Informasi dan Komunikasi,52.63,0.303370216572787
Sulawesi Tenggara,Kolaka Utara,2019,Jasa Keuangan dan Asuransi,66.48,0.38320448409194147
Sulawesi Tenggara,Kolaka Utara,2019,Real Estate,100.3,0.5781499662217467
Sulawesi Tenggara,Kolaka Utara,2019,Jasa Perusahaan,1.94,0.01118256165972272
Sulawesi Tenggara,Kolaka Utara,2019,"Administrasi Pemerintahan, Pertahanan dan Jaminan Sosial Wajib",229.37,1.3221361690157731
Sulawesi Tenggara,Kolaka Utara,2019,Jasa Pendidikan,196.91,1.1350300084618559
Sulawesi Tenggara,Kolaka Utara,2019,Jasa Kesehatan dan Kegiatan Sosial,67.28,0.3878158497248168
Sulawesi Tenggara,Kolaka Utara,2019,Jasa Lainnya,133.43,0.7691181454931971
Sulawesi Tenggara,Kolaka Utara,2019,PRODUK DOMESTIK BRUTO,8674.22,50.0
Sulawesi Tenggara,Kolaka Utara,2020,"Pertanian, Kehutanan, dan Perikanan",3587.39,20.30159905107275
Sulawesi Tenggara,Kolaka Utara,2020,Pertambangan dan Penggalian,1552.74,8.787197631303734
Sulawesi Tenggara,Kolaka Utara,2020,Industri Pengolahan,84.92,0.48057551351180045
Sulawesi Tenggara,Kolaka Utara,2020,Pengadaan Listrik dan Gas,1.13,0.00639484609359791
Sulawesi Tenggara,Kolaka Utara,2020,"Pengadaan Air, Pengelolaan Sampah, Limbah dan Daur Ulang",20.29,0.11482427189301025
Sulawesi Tenggara,Kolaka Utara,2020,Konstruksi,1407.15,7.963281133279912
Sulawesi Tenggara,Kolaka Utara,2020,Perdagangan Besar dan Eceran; Reparasi Mobil dan Sepeda Motor,1128.71,6.387545782570705
Sulawesi Tenggara,Kolaka Utara,2020,Transportasi dan Pergudangan,123.09,0.6965854917353689
Sulawesi Tenggara,Kolaka Utara,2020,Penyediaan Akomodasi dan Makan Minum,39.09,0.22121640159180736
Sulawesi Tenggara,Kolaka Utara,2020,Informasi dan Komunikasi,59.28,0.33547475790131337
Sulawesi Tenggara,Kolaka Utara,2020,Jasa Keuangan dan Asuransi,70.02,0.39625409156966873
Sulawesi Tenggara,Kolaka Utara,2020,Real Estate,102.43,0.5796673321833928
Sulawesi Tenggara,Kolaka Utara,2020,Jasa Perusahaan,1.96,0.011091945436683102
Sulawesi Tenggara,Kolaka Utara,2020,"Administrasi Pemerintahan, Pertahanan dan Jaminan Sosial Wajib",233.79,1.3230540426745625
Sulawesi Tenggara,Kolaka Utara,2020,Jasa Pendidikan,212.75,1.2039854039052702
Sulawesi Tenggara,Kolaka Utara,2020,Jasa Kesehatan dan Kegiatan Sosial,75.98,0.4299826603465215
Sulawesi Tenggara,Kolaka Utara,2020,Jasa Lainnya,134.52,0.7612696429299035
Sulawesi Tenggara,Kolaka Utara,2020,PRODUK DOMESTIK BRUTO,8835.24,50.0
Sulawesi Tenggara,Kolaka Utara,2021,"Pertanian, Kehutanan, dan Perikanan",3635.86,19.788619364094686
Sulawesi Tenggara,Kolaka Utara,2021,Pertambangan dan Penggalian,1547.6,8.423005101371595
Sulawesi Tenggara,Kolaka Utara,2021,Industri Pengolahan,87.03,0.4736715779092595
Sulawesi Tenggara,Kolaka Utara,2021,Pengadaan Listrik dan Gas,1.26,0.0068577064019954845
Sulawesi Tenggara,Kolaka Utara,2021,"Pengadaan Air, Pengelolaan Sampah, Limbah dan Daur Ulang",21.09,0.11478494287149585
Sulawesi Tenggara,Kolaka Utara,2021,Konstruksi,1576.28,8.579099561378921
Sulawesi Tenggara,Kolaka Utara,2021,Perdagangan Besar dan Eceran; Reparasi Mobil dan Sepeda Motor,1204.31,6.55460666427554
Sulawesi Tenggara,Kolaka Utara,2021,Transportasi dan Pergudangan,129.56,0.70514638209725
Sulawesi Tenggara,Kolaka Utara,2021,Penyediaan Akomodasi dan Makan Minum,41.66,0.2267397211961364
Sulawesi Tenggara,Kolaka Utara,2021,Informasi dan Komunikasi,64.09,0.3488177803999132
Sulawesi Tenggara,Kolaka Utara,2021,Jasa Keuangan dan Asuransi,78.73,0.4284977976421464
Sulawesi Tenggara,Kolaka Utara,2021,Real Estate,104.88,0.5708224186041956
Sulawesi Tenggara,Kolaka Utara,2021,Jasa Perusahaan,2.09,0.011375084428706795
Sulawesi Tenggara,Kolaka Utara,2021,"Administrasi Pemerintahan, Pertahanan dan Jaminan Sosial Wajib",240.88,1.3110193000894226
Sulawesi Tenggara,Kolaka Utara,2021,Jasa Pendidikan,228.52,1.243748465860324
Sulawesi Tenggara,Kolaka Utara,2021,Jasa Kesehatan dan Kegiatan Sosial,82.56,0.44934304805456127
Sulawesi Tenggara,Kolaka Utara,2021,Jasa Lainnya,140.35,0.763872296444497
Sulawesi Tenggara,Kolaka Utara,2021,PRODUK DOMESTIK BRUTO,9186.74,49.99997278687936
Sulawesi Tenggara,Kolaka Utara,2022,"Pertanian, Kehutanan, dan Perikanan",3973.03,19.67624817935411
Sulawesi Tenggara,Kolaka Utara,2022,Pertambangan dan Penggalian,1802.9,8.928779254764633
Sulawesi Tenggara,Kolaka Utara,2022,Industri Pengolahan,96.62,0.4785061021661538
Sulawesi Tenggara,Kolaka Utara,2022,Pengadaan Listrik dan Gas,1.46,0.0072305827899253215
Sulawesi Tenggara,Kolaka Utara,2022,"Pengadaan Air, Pengelolaan Sampah, Limbah dan Daur Ulang",21.13,0.10464535229528905
Sulawesi Tenggara,Kolaka Utara,2022,Konstruksi,1649.14,8.16728993299825
Sulawesi Tenggara,Kolaka Utara,2022,Perdagangan Besar dan Eceran; Reparasi Mobil dan Sepeda Motor,1361.72,6.743855614176102
Sulawesi Tenggara,Kolaka Utara,2022,Transportasi dan Pergudangan,141.12,0.6988903036399051
Sulawesi Tenggara,Kolaka Utara,2022,Penyediaan Akomodasi dan Makan Minum,44.94,0.22256328121866023
Sulawesi Tenggara,Kolaka Utara,2022,Informasi dan Komunikasi,64.5,0.31943328078779676
Sulawesi Tenggara,Kolaka Utara,2022,Jasa Keuangan dan Asuransi,90.6,0.4486923292926261
Sulawesi Tenggara,Kolaka Utara,2022,Real Estate,112.24,0.5558634331104233
Sulawesi Tenggara,Kolaka Utara,2022,Jasa Perusahaan,2.37,0.011737315898714391
Sulawesi Tenggara,Kolaka Utara,2022,"Administrasi Pemerintahan, Pertahanan dan Jaminan Sosial Wajib",241.56,1.1963147799550415
Sulawesi Tenggara,Kolaka Utara,2022,Jasa Pendidikan,252.27,1.249355561927713
Sulawesi Tenggara,Kolaka Utara,2022,Jasa Kesehatan dan Kegiatan Sosial,88.59,0.43873789682156455
Sulawesi Tenggara,Kolaka Utara,2022,Jasa Lainnya,151.82,0.7518815610729194
Sulawesi Tenggara,Kolaka Utara,2022,PRODUK DOMESTIK BRUTO,10096.0,49.99997523773017
Sulawesi Tenggara,Kolaka Utara,2023,"Pertanian, Kehutanan, dan Perikanan",4370.56,19.46461790328349
Sulawesi Tenggara,Kolaka Utara,2023,Pertambangan dan Penggalian,2248.78,10.015110980868776
Sulawesi Tenggara,Kolaka Utara,2023,Industri Pengolahan,89.87,0.4002428089233615
Sulawesi Tenggara,Kolaka Utara,2023,Pengadaan Listrik dan Gas,1.5,0.006680362895126763
Sulawesi Tenggara,Kolaka Utara,2023,"Pengadaan Air, Pengelolaan Sampah, Limbah dan Daur Ulang",20.71,0.09223354370538352
Sulawesi Tenggara,Kolaka Utara,2023,Konstruksi,1799.87,8.015856509367872
Sulawesi Tenggara,Kolaka Utara,2023,Perdagangan Besar dan Eceran; Reparasi Mobil dan Sepeda Motor,1424.51,6.34416249849135
Sulawesi Tenggara,Kolaka Utara,2023,Transportasi dan Pergudangan,155.45,0.6923082746983036
Sulawesi Tenggara,Kolaka Utara,2023,Penyediaan Akomodasi dan Makan Minum,45.58,0.20299396050658525
Sulawesi Tenggara,Kolaka Utara,2023,Informasi dan Komunikasi,69.22,0.308276479733783
Sulawesi Tenggara,Kolaka Utara,2023,Jasa Keuangan dan Asuransi,98.39,0.4381872701676815
Sulawesi Tenggara,Kolaka Utara,2023,Real Estate,105.24,0.4686942607220937
Sulawesi Tenggara,Kolaka Utara,2023,Jasa Perusahaan,2.51,0.011178473911178783
Sulawesi Tenggara,Kolaka Utara,2023,"Administrasi Pemerintahan, Pertahanan dan Jaminan Sosial Wajib",260.93,1.1620713934836178
Sulawesi Tenggara,Kolaka Utara,2023,Jasa Pendidikan,269.81,1.201619141822768
Sulawesi Tenggara,Kolaka Utara,2023,Jasa Kesehatan dan Kegiatan Sosial,89.9,0.40037641618126407
Sulawesi Tenggara,Kolaka Utara,2023,Jasa Lainnya,174.1,0.7753674533610464
Sulawesi Tenggara,Kolaka Utara,2023,PRODUK DOMESTIK BRUTO,11226.94,50.00002226787631
Sulawesi Tenggara,Kolaka Utara,2024,"Pertanian, Kehutanan, dan Perikanan",5334.76,21.720079702232205
Sulawesi Tenggara,Kolaka Utara,2024,Pertambangan dan Penggalian,2186.87,8.903679021815513
Sulawesi Tenggara,Kolaka Utara,2024,Industri Pengolahan,105.36,0.4289654262660709
Sulawesi Tenggara,Kolaka Utara,2024,Pengadaan Listrik dan Gas,1.56,0.006351424306900823
Sulawesi Tenggara,Kolaka Utara,2024,"Pengadaan Air, Pengelolaan Sampah, Limbah dan Daur Ulang",21.23,0.08643637053557979
Sulawesi Tenggara,Kolaka Utara,2024,Konstruksi,1847.58,7.522284949322963
Sulawesi Tenggara,Kolaka Utara,2024,Perdagangan Besar dan Eceran; Reparasi Mobil dan Sepeda Motor,1473.83,6.000589542461307
Sulawesi Tenggara,Kolaka Utara,2024,Transportasi dan Pergudangan,162.27,0.6606702706928184
Sulawesi Tenggara,Kolaka Utara,2024,Penyediaan Akomodasi dan Makan Minum,46.93,0.1910720145659331
Sulawesi Tenggara,Kolaka Utara,2024,Informasi dan Komunikasi,68.67,0.2795848122787689
Sulawesi Tenggara,Kolaka Utara,2024,Jasa Keuangan dan Asuransi,98.27,0.4000990170763743
Sulawesi Tenggara,Kolaka Utara,2024,Real Estate,106.62,0.43409542282164476
Sulawesi Tenggara,Kolaka Utara,2024,Jasa Perusahaan,2.48,0.010097136077637205
Sulawesi Tenggara,Kolaka Utara,2024,"Administrasi Pemerintahan, Pertahanan dan Jaminan Sosial Wajib",287.0,1.1684992154362412
Sulawesi Tenggara,Kolaka Utara,2024,Jasa Pendidikan,275.47,1.1215556755269038
Sulawesi Tenggara,Kolaka Utara,2024,Jasa Kesehatan dan Kegiatan Sosial,91.56,0.3727797497050252
Sulawesi Tenggara,Kolaka Utara,2024,Jasa Lainnya,170.26,0.6932009631364963
Sulawesi Tenggara,Kolaka Utara,2024,PRODUK DOMESTIK BRUTO,12280.7,49.99995928574163
Sulawesi Tenggara,Buton Utara,2016,"Pertanian, Kehutanan, dan Perikanan",920.2,19.11206373734101
Sulawesi Tenggara,Buton Utara,2016,Pertambangan dan Penggalian,178.29,3.702988310943847
Sulawesi Tenggara,Buton Utara,2016,Industri Pengolahan,115.54,2.399704242786764
Sulawesi Tenggara,Buton Utara,2016,Pengadaan Listrik dan Gas,0.22,0.004569282788757902
Sulawesi Tenggara,Buton Utara,2016,"Pengadaan Air, Pengelolaan Sampah, Limbah dan Daur Ulang",1.26,0.02616952869924981
Sulawesi Tenggara,Buton Utara,2016,Konstruksi,386.32,8.023660577058877
Sulawesi Tenggara,Buton Utara,2016,Perdagangan Besar dan Eceran; Reparasi Mobil dan Sepeda Motor,319.39,6.633560135915392
Sulawesi Tenggara,Buton Utara,2016,Transportasi dan Pergudangan,37.02,0.7688856765446254
Sulawesi Tenggara,Buton Utara,2016,Penyediaan Akomodasi dan Makan Minum,6.94,0.1441401025180902
Sulawesi Tenggara,Buton Utara,2016,Informasi dan Komunikasi,20.68,0.42951258214324284
Sulawesi Tenggara,Buton Utara,2016,Jasa Keuangan dan Asuransi,18.84,0.3912967624554495
Sulawesi Tenggara,Buton Utara,2016,Real Estate,44.23,0.9186335352125546
Sulawesi Tenggara,Buton Utara,2016,Jasa Perusahaan,1.51,0.03136189550465651
Sulawesi Tenggara,Buton Utara,2016,"Administrasi Pemerintahan, Pertahanan dan Jaminan Sosial Wajib",192.63,4.000822470901976
Sulawesi Tenggara,Buton Utara,2016,Jasa Pendidikan,100.47,2.0867083717568473
Sulawesi Tenggara,Buton Utara,2016,Jasa Kesehatan dan Kegiatan Sosial,34.74,0.7215312912793161
Sulawesi Tenggara,Buton Utara,2016,Jasa Lainnya,29.1,0.6043914961493407
Sulawesi Tenggara,Buton Utara,2016,PRODUK DOMESTIK BRUTO,2407.38,50.0
Sulawesi Tenggara,Buton Utara,2017,"Pertanian, Kehutanan, dan Perikanan",1024.88,19.375671138401973
Sulawesi Tenggara,Buton Utara,2017,Pertambangan dan Penggalian,194.33,3.673868328317125
Sulawesi Tenggara,Buton Utara,2017,Industri Pengolahan,128.98,2.4384065094753398
Sulawesi Tenggara,Buton Utara,2017,Pengadaan Listrik dan Gas,0.28,0.00529348598738638
Sulawesi Tenggara,Buton Utara,2017,"Pengadaan Air, Pengelolaan Sampah, Limbah dan Daur Ulang",1.3,0.024576899227151044
Sulawesi Tenggara,Buton Utara,2017,Konstruksi,419.79,7.936258866589029
Sulawesi Tenggara,Buton Utara,2017,Perdagangan Besar dan Eceran; Reparasi Mobil dan Sepeda Motor,355.07,6.712707391218863
Sulawesi Tenggara,Buton Utara,2017,Transportasi dan Pergudangan,40.12,0.7584809207640768
Sulawesi Tenggara,Buton Utara,2017,Penyediaan Akomodasi dan Makan Minum,7.52,0.14216790937551987
Sulawesi Tenggara,Buton Utara,2017,Informasi dan Komunikasi,23.12,0.43709070010133244
Sulawesi Tenggara,Buton Utara,2017,Jasa Keuangan dan Asuransi,20.9,0.3951209183441975
Sulawesi Tenggara,Buton Utara,2017,Real Estate,47.34,0.8949772380102543
Sulawesi Tenggara,Buton Utara,2017,Jasa Perusahaan,1.63,0.030815650569427845
Sulawesi Tenggara,Buton Utara,2017,"Administrasi Pemerintahan, Pertahanan dan Jaminan Sosial Wajib",201.5,3.809419380208412
Sulawesi Tenggara,Buton Utara,2017,Jasa Pendidikan,110.22,2.0837429483204524
Sulawesi Tenggara,Buton Utara,2017,Jasa Kesehatan dan Kegiatan Sosial,36.87,0.6970386726961991
Sulawesi Tenggara,Buton Utara,2017,Jasa Lainnya,30.91,0.5843630423932605
Sulawesi Tenggara,Buton Utara,2017,PRODUK DOMESTIK BRUTO,2644.76,50.0
Sulawesi Tenggara,Buton Utara,2018,"Pertanian, Kehutanan, dan Perikanan",1112.1,19.33044793241904
Sulawesi Tenggara,Buton Utara,2018,Pertambangan dan Penggalian,212.3,3.6901844223114497
Sulawesi Tenggara,Buton Utara,2018,Industri Pengolahan,135.39,2.353339938467956
Sulawesi Tenggara,Buton Utara,2018,Pengadaan Listrik dan Gas,0.29,0.005040760633397646
Sulawesi Tenggara,Buton Utara,2018,"Pengadaan Air, Pengelolaan Sampah, Limbah dan Daur Ulang",1.36,0.0236394291773131
Sulawesi Tenggara,Buton Utara,2018,Konstruksi,466.72,8.11249587179086
Sulawesi Tenggara,Buton Utara,2018,Perdagangan Besar dan Eceran; Reparasi Mobil dan Sepeda Motor,393.84,6.845700578818375
Sulawesi Tenggara,Buton Utara,2018,Transportasi dan Pergudangan,44.23,0.7688029062592341
Sulawesi Tenggara,Buton Utara,2018,Penyediaan Akomodasi dan Makan Minum,8.36,0.1453129617076011
Sulawesi Tenggara,Buton Utara,2018,Informasi dan Komunikasi,25.27,0.43924145243433965
Sulawesi Tenggara,Buton Utara,2018,Jasa Keuangan dan Asuransi,22.35,0.38848620743599105
Sulawesi Tenggara,Buton Utara,2018,Real Estate,49.1,0.8534529210338773
Sulawesi Tenggara,Buton Utara,2018,Jasa Perusahaan,1.76,0.030592202464758127
Sulawesi Tenggara,Buton Utara,2018,"Administrasi Pemerintahan, Pertahanan dan Jaminan Sosial Wajib",211.99,3.68479602301368
Sulawesi Tenggara,Buton Utara,2018,Jasa Pendidikan,119.6,2.0788792129460636
Sulawesi Tenggara,Buton Utara,2018,Jasa Kesehatan dan Kegiatan Sosial,39.2,0.6813717821696129
Sulawesi Tenggara,Buton Utara,2018,Jasa Lainnya,32.69,0.568215396916445
Sulawesi Tenggara,Buton Utara,2018,PRODUK DOMESTIK BRUTO,2876.55,50.0
Sulawesi Tenggara,Buton Utara,2019,"Pertanian, Kehutanan, dan Perikanan",1202.44,19.20275447514377
Sulawesi Tenggara,Buton Utara,2019,Pertambangan dan Penggalian,235.55,3.761691906972585
Sulawesi Tenggara,Buton Utara,2019,Industri Pengolahan,141.79,2.264361262957516
Sulawesi Tenggara,Buton Utara,2019,Pengadaan Listrik dan Gas,0.3,0.004790947026498728
Sulawesi Tenggara,Buton Utara,2019,"Pengadaan Air, Pengelolaan Sampah, Limbah dan Daur Ulang",1.4,0.022357752790327395
Sulawesi Tenggara,Buton Utara,2019,Konstruksi,519.86,8.30207240398543
Sulawesi Tenggara,Buton Utara,2019,Perdagangan Besar dan Eceran; Reparasi Mobil dan Sepeda Motor,432.59,6.90838591397695
Sulawesi Tenggara,Buton Utara,2019,Transportasi dan Pergudangan,47.99,0.76639182600558
Sulawesi Tenggara,Buton Utara,2019,Penyediaan Akomodasi dan Makan Minum,8.88,0.14181203198436237
Sulawesi Tenggara,Buton Utara,2019,Informasi dan Komunikasi,26.68,0.42607488888995354
Sulawesi Tenggara,Buton Utara,2019,Jasa Keuangan dan Asuransi,24.26,0.3874279162095305
Sulawesi Tenggara,Buton Utara,2019,Real Estate,52.35,0.8360202561240281
Sulawesi Tenggara,Buton Utara,2019,Jasa Perusahaan,1.91,0.030502362735375235
Sulawesi Tenggara,Buton Utara,2019,"Administrasi Pemerintahan, Pertahanan dan Jaminan Sosial Wajib",230.23,3.676732446369341
Sulawesi Tenggara,Buton Utara,2019,Jasa Pendidikan,127.07,2.0292854621906447
Sulawesi Tenggara,Buton Utara,2019,Jasa Kesehatan dan Kegiatan Sosial,43.01,0.686862105365701
Sulawesi Tenggara,Buton Utara,2019,Jasa Lainnya,34.6,0.55255589038952
Sulawesi Tenggara,Buton Utara,2019,PRODUK DOMESTIK BRUTO,3130.9,49.9999201508829
Sulawesi Tenggara,Buton Utara,2020,"Pertanian, Kehutanan, dan Perikanan",1263.74,19.67712903939038
Sulawesi Tenggara,Buton Utara,2020,Pertambangan dan Penggalian,226.95,3.5337367144267384
Sulawesi Tenggara,Buton Utara,2020,Industri Pengolahan,142.67,2.2214506148810873
Sulawesi Tenggara,Buton Utara,2020,Pengadaan Listrik dan Gas,0.32,0.004982576552617565
Sulawesi Tenggara,Buton Utara,2020,"Pengadaan Air, Pengelolaan Sampah, Limbah dan Daur Ulang",1.47,0.022888711038586942
Sulawesi Tenggara,Buton Utara,2020,Konstruksi,510.65,7.951102239356748
Sulawesi Tenggara,Buton Utara,2020,Perdagangan Besar dan Eceran; Reparasi Mobil dan Sepeda Motor,432.3,6.731149511551793
Sulawesi Tenggara,Buton Utara,2020,Transportasi dan Pergudangan,47.25,0.7357085690974374
Sulawesi Tenggara,Buton Utara,2020,Penyediaan Akomodasi dan Makan Minum,8.9,0.13857791036967604
Sulawesi Tenggara,Buton Utara,2020,Informasi dan Komunikasi,28.56,0.4446949573211177
Sulawesi Tenggara,Buton Utara,2020,Jasa Keuangan dan Asuransi,25.34,0.39455778076040343
Sulawesi Tenggara,Buton Utara,2020,Real Estate,53.52,0.8333359284252878
Sulawesi Tenggara,Buton Utara,2020,Jasa Perusahaan,1.93,0.030051164832974694
Sulawesi Tenggara,Buton Utara,2020,"Administrasi Pemerintahan, Pertahanan dan Jaminan Sosial Wajib",249.46,3.884229833799931
Sulawesi Tenggara,Buton Utara,2020,Jasa Pendidikan,135.02,2.102335894170074
Sulawesi Tenggara,Buton Utara,2020,Jasa Kesehatan dan Kegiatan Sosial,48.25,0.7512791208243673
Sulawesi Tenggara,Buton Utara,2020,Jasa Lainnya,34.86,0.542789433200776
Sulawesi Tenggara,Buton Utara,2020,PRODUK DOMESTIK BRUTO,3211.19,50.0
Sulawesi Tenggara,Buton Utara,2021,"Pertanian, Kehutanan, dan Perikanan",1306.41,19.095541289553076
Sulawesi Tenggara,Buton Utara,2021,Pertambangan dan Penggalian,243.17,3.5543686709230804
Sulawesi Tenggara,Buton Utara,2021,Industri Pengolahan,148.69,2.173372857176267
Sulawesi Tenggara,Buton Utara,2021,Pengadaan Listrik dan Gas,0.34,0.004969713978343741
Sulawesi Tenggara,Buton Utara,2021,"Pengadaan Air, Pengelolaan Sampah, Limbah dan Daur Ulang",1.53,0.02236371290254683
Sulawesi Tenggara,Buton Utara,2021,Konstruksi,588.97,8.608860123015036
Sulawesi Tenggara,Buton Utara,2021,Perdagangan Besar dan Eceran; Reparasi Mobil dan Sepeda Motor,460.42,6.7298697350265435
Sulawesi Tenggara,Buton Utara,2021,Transportasi dan Pergudangan,49.78,0.7276245936527982
Sulawesi Tenggara,Buton Utara,2021,Penyediaan Akomodasi dan Makan Minum,9.31,0.13608246217170655
Sulawesi Tenggara,Buton Utara,2021,Informasi dan Komunikasi,31.04,0.4537056526111461
Sulawesi Tenggara,Buton Utara,2021,Jasa Keuangan dan Asuransi,28.29,0.41350943660983647
Sulawesi Tenggara,Buton Utara,2021,Real Estate,56.62,0.8276035454524192
Sulawesi Tenggara,Buton Utara,2021,Jasa Perusahaan,2.1,0.030695292219181925
Sulawesi Tenggara,Buton Utara,2021,"Administrasi Pemerintahan, Pertahanan dan Jaminan Sosial Wajib",262.46,3.836326855164994
Sulawesi Tenggara,Buton Utara,2021,Jasa Pendidikan,142.46,2.082310156926027
Sulawesi Tenggara,Buton Utara,2021,Jasa Kesehatan dan Kegiatan Sosial,52.5,0.7673823054795481
Sulawesi Tenggara,Buton Utara,2021,Jasa Lainnya,36.63,0.5354135971374447
Sulawesi Tenggara,Buton Utara,2021,PRODUK DOMESTIK BRUTO,3420.72,49.99999999999999
Sulawesi Tenggara,Buton Utara,2022,"Pertanian, Kehutanan, dan Perikanan",1460.41,19.20795985874276
Sulawesi Tenggara,Buton Utara,2022,Pertambangan dan Penggalian,271.56,3.5716775283928373
Sulawesi Tenggara,Buton Utara,2022,Industri Pengolahan,164.54,2.164103036241558
Sulawesi Tenggara,Buton Utara,2022,Pengadaan Listrik dan Gas,0.38,0.00499792849016526
Sulawesi Tenggara,Buton Utara,2022,"Pengadaan Air, Pengelolaan Sampah, Limbah dan Daur Ulang",1.58,0.02078086056437135
Sulawesi Tenggara,Buton Utara,2022,Konstruksi,647.4,8.514891854034182
Sulawesi Tenggara,Buton Utara,2022,Perdagangan Besar dan Eceran; Reparasi Mobil dan Sepeda Motor,532.57,7.004596778966614
Sulawesi Tenggara,Buton Utara,2022,Transportasi dan Pergudangan,58.54,0.7699440363533536
Sulawesi Tenggara,Buton Utara,2022,Penyediaan Akomodasi dan Makan Minum,10.28,0.13520711810236546
Sulawesi Tenggara,Buton Utara,2022,Informasi dan Komunikasi,35.05,0.4609931410007694
Sulawesi Tenggara,Buton Utara,2022,Jasa Keuangan dan Asuransi,31.81,0.418379224400413
Sulawesi Tenggara,Buton Utara,2022,Real Estate,61.93,0.8145308194629858
Sulawesi Tenggara,Buton Utara,2022,Jasa Perusahaan,2.4,0.03156586414841217
Sulawesi Tenggara,Buton Utara,2022,"Administrasi Pemerintahan, Pertahanan dan Jaminan Sosial Wajib",266.14,3.500391285191006
Sulawesi Tenggara,Buton Utara,2022,Jasa Pendidikan,159.74,2.1009713079447336
Sulawesi Tenggara,Buton Utara,2022,Jasa Kesehatan dan Kegiatan Sosial,57.08,0.7507414689964028
Sulawesi Tenggara,Buton Utara,2022,Jasa Lainnya,40.16,0.5282021267500969
Sulawesi Tenggara,Buton Utara,2022,PRODUK DOMESTIK BRUTO,3801.58,50.00006576221697
Sulawesi Tenggara,Buton Utara,2023,"Pertanian, Kehutanan, dan Perikanan",1563.45,19.305426930913132
Sulawesi Tenggara,Buton Utara,2023,Pertambangan dan Penggalian,301.04,3.717231586096191
Sulawesi Tenggara,Buton Utara,2023,Industri Pengolahan,153.42,1.894424893498796
Sulawesi Tenggara,Buton Utara,2023,Pengadaan Listrik dan Gas,0.41,0.005062665925788726
Sulawesi Tenggara,Buton Utara,2023,"Pengadaan Air, Pengelolaan Sampah, Limbah dan Daur Ulang",1.69,0.020868061986787676
Sulawesi Tenggara,Buton Utara,2023,Konstruksi,681.03,8.409335062048527
Sulawesi Tenggara,Buton Utara,2023,Perdagangan Besar dan Eceran; Reparasi Mobil dan Sepeda Motor,570.15,7.040192628264492
Sulawesi Tenggara,Buton Utara,2023,Transportasi dan Pergudangan,67.11,0.8286719762919059
Sulawesi Tenggara,Buton Utara,2023,Penyediaan Akomodasi dan Makan Minum,11.49,0.14187812557881088
Sulawesi Tenggara,Buton Utara,2023,Informasi dan Komunikasi,34.91,0.43106748163240105
Sulawesi Tenggara,Buton Utara,2023,Jasa Keuangan dan Asuransi,35.47,0.4379823424090881
Sulawesi Tenggara,Buton Utara,2023,Real Estate,64.21,0.7928628758412051
Sulawesi Tenggara,Buton Utara,2023,Jasa Perusahaan,2.65,0.03272210903253689
Sulawesi Tenggara,Buton Utara,2023,"Administrasi Pemerintahan, Pertahanan dan Jaminan Sosial Wajib",281.96,3.4816324010619253
Sulawesi Tenggara,Buton Utara,2023,Jasa Pendidikan,174.63,2.1563252454158177
Sulawesi Tenggara,Buton Utara,2023,Jasa Kesehatan dan Kegiatan Sosial,60.57,0.7479162807927394
Sulawesi Tenggara,Buton Utara,2023,Jasa Lainnya,45.05,0.556275853553127
Sulawesi Tenggara,Buton Utara,2023,PRODUK DOMESTIK BRUTO,4049.26,50.000123479656736
Sulawesi Tenggara,Buton Utara,2024,"Pertanian, Kehutanan, dan Perikanan",1678.29,19.632153736015383
Sulawesi Tenggara,Buton Utara,2024,Pertambangan dan Penggalian,318.09,3.7209253358413226
Sulawesi Tenggara,Buton Utara,2024,Industri Pengolahan,183.53,2.146881155921148
Sulawesi Tenggara,Buton Utara,2024,Pengadaan Listrik dan Gas,0.42,0.004913039206052864
Sulawesi Tenggara,Buton Utara,2024,"Pengadaan Air, Pengelolaan Sampah, Limbah dan Daur Ulang",1.75,0.020470996691886935
Sulawesi Tenggara,Buton Utara,2024,Konstruksi,667.07,7.803193007575439
Sulawesi Tenggara,Buton Utara,2024,Perdagangan Besar dan Eceran; Reparasi Mobil dan Sepeda Motor,583.54,6.826083091190687
Sulawesi Tenggara,Buton Utara,2024,Transportasi dan Pergudangan,70.7,0.8270282663522323
Sulawesi Tenggara,Buton Utara,2024,Penyediaan Akomodasi dan Makan Minum,12.63,0.14774210755344686
Sulawesi Tenggara,Buton Utara,2024,Informasi dan Komunikasi,36.76,0.43000790765357927
Sulawesi Tenggara,Buton Utara,2024,Jasa Keuangan dan Asuransi,36.26,0.4241590514558973
Sulawesi Tenggara,Buton Utara,2024,Real Estate,66.69,0.7801204396468226
Sulawesi Tenggara,Buton Utara,2024,Jasa Perusahaan,2.82,0.03298754895492637
Sulawesi Tenggara,Buton Utara,2024,"Administrasi Pemerintahan, Pertahanan dan Jaminan Sosial Wajib",324.37,3.7943869696842083
Sulawesi Tenggara,Buton Utara,2024,Jasa Pendidikan,181.85,2.1272289990969364
Sulawesi Tenggara,Buton Utara,2024,Jasa Kesehatan dan Kegiatan Sosial,63.25,0.7398803090067706
Sulawesi Tenggara,Buton Utara,2024,Jasa Lainnya,46.31,0.5417210610293051
Sulawesi Tenggara,Buton Utara,2024,PRODUK DOMESTIK BRUTO,4274.35,50.00011697712395
Sulawesi Tenggara,Konawe Utara,2016,"Pertanian, Kehutanan, dan Perikanan",1214.89,20.52574313296817
Sulawesi Tenggara,Konawe Utara,2016,Pertambangan dan Penggalian,568.23,9.600328441625583
Sulawesi Tenggara,Konawe Utara,2016,Industri Pengolahan,37.7,0.6369469796548659
Sulawesi Tenggara,Konawe Utara,2016,Pengadaan Listrik dan Gas,0.08,0.0013516116279148349
Sulawesi Tenggara,Konawe Utara,2016,"Pengadaan Air, Pengelolaan Sampah, Limbah dan Daur Ulang",1.28,0.021625786046637358
Sulawesi Tenggara,Konawe Utara,2016,Konstruksi,419.35,7.084979202076075
Sulawesi Tenggara,Konawe Utara,2016,Perdagangan Besar dan Eceran; Reparasi Mobil dan Sepeda Motor,331.14,5.594658430846479
Sulawesi Tenggara,Konawe Utara,2016,Transportasi dan Pergudangan,9.6,0.16219339534978017
Sulawesi Tenggara,Konawe Utara,2016,Penyediaan Akomodasi dan Makan Minum,5.51,0.09309225087263424
Sulawesi Tenggara,Konawe Utara,2016,Informasi dan Komunikasi,7.58,0.1280652017449306
Sulawesi Tenggara,Konawe Utara,2016,Jasa Keuangan dan Asuransi,45.96,0.7765008802370725
Sulawesi Tenggara,Konawe Utara,2016,Real Estate,38.5,0.6504630959340143
Sulawesi Tenggara,Konawe Utara,2016,Jasa Perusahaan,1.43,0.02416005784897767
Sulawesi Tenggara,Konawe Utara,2016,"Administrasi Pemerintahan, Pertahanan dan Jaminan Sosial Wajib",158.46,2.677204731992309
Sulawesi Tenggara,Konawe Utara,2016,Jasa Pendidikan,76.14,1.2863963668679441
Sulawesi Tenggara,Konawe Utara,2016,Jasa Kesehatan dan Kegiatan Sosial,34.17,0.5773071165731238
Sulawesi Tenggara,Konawe Utara,2016,Jasa Lainnya,9.41,0.15898331773348245
Sulawesi Tenggara,Konawe Utara,2016,PRODUK DOMESTIK BRUTO,2959.43,49.99999999999999
Sulawesi Tenggara,Konawe Utara,2017,"Pertanian, Kehutanan, dan Perikanan",1334.56,20.44679094038753
Sulawesi Tenggara,Konawe Utara,2017,Pertambangan dan Penggalian,660.7,10.122583304095762
Sulawesi Tenggara,Konawe Utara,2017,Industri Pengolahan,40.71,0.6237178239893121
Sulawesi Tenggara,Konawe Utara,2017,Pengadaan Listrik dan Gas,0.09,0.0013788898098510952
Sulawesi Tenggara,Konawe Utara,2017,"Pengadaan Air, Pengelolaan Sampah, Limbah dan Daur Ulang",1.31,0.020070507232277053
Sulawesi Tenggara,Konawe Utara,2017,Konstruksi,448.52,6.871773972382369
Sulawesi Tenggara,Konawe Utara,2017,Perdagangan Besar dan Eceran; Reparasi Mobil dan Sepeda Motor,372.03,5.69987084398781
Sulawesi Tenggara,Konawe Utara,2017,Transportasi dan Pergudangan,10.31,0.1579594882173866
Sulawesi Tenggara,Konawe Utara,2017,Penyediaan Akomodasi dan Makan Minum,5.96,0.09131314740791698
Sulawesi Tenggara,Konawe Utara,2017,Informasi dan Komunikasi,8.49,0.13007527206261998
Sulawesi Tenggara,Konawe Utara,2017,Jasa Keuangan dan Asuransi,49.9,0.7645177945729962
Sulawesi Tenggara,Konawe Utara,2017,Real Estate,39.68,0.6079371961654607
Sulawesi Tenggara,Konawe Utara,2017,Jasa Perusahaan,1.54,0.023594336746340965
Sulawesi Tenggara,Konawe Utara,2017,"Administrasi Pemerintahan, Pertahanan dan Jaminan Sosial Wajib",162.06,2.4829209176052056
Sulawesi Tenggara,Konawe Utara,2017,Jasa Pendidikan,81.5,1.248661327809603
Sulawesi Tenggara,Konawe Utara,2017,Jasa Kesehatan dan Kegiatan Sosial,36.26,0.5555393833911191
Sulawesi Tenggara,Konawe Utara,2017,Jasa Lainnya,9.88,0.1513714591258758
Sulawesi Tenggara,Konawe Utara,2017,PRODUK DOMESTIK BRUTO,3263.49,49.99992339501056
Sulawesi Tenggara,Konawe Utara,2018,"Pertanian, Kehutanan, dan Perikanan",1452.56,20.22047410702975
Sulawesi Tenggara,Konawe Utara,2018,Pertambangan dan Penggalian,746.91,10.397418568101552
Sulawesi Tenggara,Konawe Utara,2018,Industri Pengolahan,42.12,0.5863347258551063
Sulawesi Tenggara,Konawe Utara,2018,Pengadaan Listrik dan Gas,0.1,0.0013920577536920852
Sulawesi Tenggara,Konawe Utara,2018,"Pengadaan Air, Pengelolaan Sampah, Limbah dan Daur Ulang",1.32,0.018375162348735524
Sulawesi Tenggara,Konawe Utara,2018,Konstruksi,497.25,6.9220071802338925
Sulawesi Tenggara,Konawe Utara,2018,Perdagangan Besar dan Eceran; Reparasi Mobil dan Sepeda Motor,417.31,5.8091962119324405
Sulawesi Tenggara,Konawe Utara,2018,Transportasi dan Pergudangan,11.17,0.1554928510874059
Sulawesi Tenggara,Konawe Utara,2018,Penyediaan Akomodasi dan Makan Minum,6.59,0.0917366059683084
Sulawesi Tenggara,Konawe Utara,2018,Informasi dan Komunikasi,9.26,0.12890454799188705
Sulawesi Tenggara,Konawe Utara,2018,Jasa Keuangan dan Asuransi,52.35,0.7287422340578066
Sulawesi Tenggara,Konawe Utara,2018,Real Estate,40.93,0.5697692385861705
Sulawesi Tenggara,Konawe Utara,2018,Jasa Perusahaan,1.67,0.02324736448665782
Sulawesi Tenggara,Konawe Utara,2018,"Administrasi Pemerintahan, Pertahanan dan Jaminan Sosial Wajib",173.56,2.416055437307983
Sulawesi Tenggara,Konawe Utara,2018,Jasa Pendidikan,88.63,1.233780787097295
Sulawesi Tenggara,Konawe Utara,2018,Jasa Kesehatan dan Kegiatan Sosial,39.58,0.5509764589113273
Sulawesi Tenggara,Konawe Utara,2018,Jasa Lainnya,10.5,0.14616606413766892
Sulawesi Tenggara,Konawe Utara,2018,PRODUK DOMESTIK BRUTO,3591.8,49.999930397112315
Sulawesi Tenggara,Konawe Utara,2019,"Pertanian, Kehutanan, dan Perikanan",1567.8,19.966734844104607
Sulawesi Tenggara,Konawe Utara,2019,Pertambangan dan Penggalian,843.65,10.7443142309152
Sulawesi Tenggara,Konawe Utara,2019,Industri Pengolahan,44.15,0.5622728303145926
Sulawesi Tenggara,Konawe Utara,2019,Pengadaan Listrik dan Gas,0.1,0.0012735511445404136
Sulawesi Tenggara,Konawe Utara,2019,"Pengadaan Air, Pengelolaan Sampah, Limbah dan Daur Ulang",1.33,0.016938230222387503
Sulawesi Tenggara,Konawe Utara,2019,Konstruksi,537.16,6.841007328013286
Sulawesi Tenggara,Konawe Utara,2019,Perdagangan Besar dan Eceran; Reparasi Mobil dan Sepeda Motor,466.86,5.945700873401376
Sulawesi Tenggara,Konawe Utara,2019,Transportasi dan Pergudangan,11.92,0.1518072964292173
Sulawesi Tenggara,Konawe Utara,2019,Penyediaan Akomodasi dan Makan Minum,7.27,0.09258716820808807
Sulawesi Tenggara,Konawe Utara,2019,Informasi dan Komunikasi,9.96,0.12684569399622522
Sulawesi Tenggara,Konawe Utara,2019,Jasa Keuangan dan Asuransi,57.4,0.7310183569661974
Sulawesi Tenggara,Konawe Utara,2019,Real Estate,41.4,0.5272501738397313
Sulawesi Tenggara,Konawe Utara,2019,Jasa Perusahaan,1.83,0.02330598594508957
Sulawesi Tenggara,Konawe Utara,2019,"Administrasi Pemerintahan, Pertahanan dan Jaminan Sosial Wajib",186.52,2.3754275947967796
Sulawesi Tenggara,Konawe Utara,2019,Jasa Pendidikan,95.34,1.2142036612048304
Sulawesi Tenggara,Konawe Utara,2019,Jasa Kesehatan dan Kegiatan Sosial,42.1,0.5361650318515142
Sulawesi Tenggara,Konawe Utara,2019,Jasa Lainnya,11.24,0.1431471486463425
Sulawesi Tenggara,Konawe Utara,2019,PRODUK DOMESTIK BRUTO,3926.03,50.000000000000014
Sulawesi Tenggara,Konawe Utara,2020,"Pertanian, Kehutanan, dan Perikanan",1577.46,19.88616379554866
Sulawesi Tenggara,Konawe Utara,2020,Pertambangan dan Penggalian,839.44,10.58235475798776
Sulawesi Tenggara,Konawe Utara,2020,Industri Pengolahan,44.64,0.5627517349620861
Sulawesi Tenggara,Konawe Utara,2020,Pengadaan Listrik dan Gas,0.11,0.0013867090243241367
Sulawesi Tenggara,Konawe Utara,2020,"Pengadaan Air, Pengelolaan Sampah, Limbah dan Daur Ulang",1.39,0.017522959489186817
Sulawesi Tenggara,Konawe Utara,2020,Konstruksi,542.42,6.837988263399075
Sulawesi Tenggara,Konawe Utara,2020,Perdagangan Besar dan Eceran; Reparasi Mobil dan Sepeda Motor,469.32,5.916457084507308
Sulawesi Tenggara,Konawe Utara,2020,Transportasi dan Pergudangan,11.92,0.15026883245403375
Sulawesi Tenggara,Konawe Utara,2020,Penyediaan Akomodasi dan Makan Minum,7.43,0.0936658913702576
Sulawesi Tenggara,Konawe Utara,2020,Informasi dan Komunikasi,10.94,0.13791451569187324
Sulawesi Tenggara,Konawe Utara,2020,Jasa Keuangan dan Asuransi,60.93,0.7681107350188151
Sulawesi Tenggara,Konawe Utara,2020,Real Estate,41.59,0.5243020756512805
Sulawesi Tenggara,Konawe Utara,2020,Jasa Perusahaan,1.86,0.02344798895675359
Sulawesi Tenggara,Konawe Utara,2020,"Administrasi Pemerintahan, Pertahanan dan Jaminan Sosial Wajib",194.49,2.4518276194618305
Sulawesi Tenggara,Konawe Utara,2020,Jasa Pendidikan,103.53,1.3051453208025263
Sulawesi Tenggara,Konawe Utara,2020,Jasa Kesehatan dan Kegiatan Sosial,47.6,0.6000668141620811
Sulawesi Tenggara,Konawe Utara,2020,Jasa Lainnya,11.15,0.1405618692837648
Sulawesi Tenggara,Konawe Utara,2020,PRODUK DOMESTIK BRUTO,3966.23,50.00006303222837
Sulawesi Tenggara,Konawe Utara,2021,"Pertanian, Kehutanan, dan Perikanan",1693.98,19.870453436432562
Sulawesi Tenggara,Konawe Utara,2021,Pertambangan dan Penggalian,883.32,10.361379077361962
Sulawesi Tenggara,Konawe Utara,2021,Industri Pengolahan,47.3,0.5548308997410006
Sulawesi Tenggara,Konawe Utara,2021,Pengadaan Listrik dan Gas,0.12,0.0014076048196389021
Sulawesi Tenggara,Konawe Utara,2021,"Pengadaan Air, Pengelolaan Sampah, Limbah dan Daur Ulang",1.48,0.01736045944221313
Sulawesi Tenggara,Konawe Utara,2021,Konstruksi,602.06,7.062187980931646
Sulawesi Tenggara,Konawe Utara,2021,Perdagangan Besar dan Eceran; Reparasi Mobil dan Sepeda Motor,514.01,6.0293579445216015
Sulawesi Tenggara,Konawe Utara,2021,Transportasi dan Pergudangan,12.56,0.14732930445553843
Sulawesi Tenggara,Konawe Utara,2021,Penyediaan Akomodasi dan Makan Minum,7.84,0.09196351488307496
Sulawesi Tenggara,Konawe Utara,2021,Informasi dan Komunikasi,11.56,0.13559926429188093
Sulawesi Tenggara,Konawe Utara,2021,Jasa Keuangan dan Asuransi,66.72,0.7826282797192297
Sulawesi Tenggara,Konawe Utara,2021,Real Estate,42.19,0.4948903945047107
Sulawesi Tenggara,Konawe Utara,2021,Jasa Perusahaan,2.03,0.02381198153222476
Sulawesi Tenggara,Konawe Utara,2021,"Administrasi Pemerintahan, Pertahanan dan Jaminan Sosial Wajib",204.6,2.3999662174843284
Sulawesi Tenggara,Konawe Utara,2021,Jasa Pendidikan,109.59,1.2854951015352276
Sulawesi Tenggara,Konawe Utara,2021,Jasa Kesehatan dan Kegiatan Sosial,51.56,0.6048008708381817
Sulawesi Tenggara,Konawe Utara,2021,Jasa Lainnya,11.64,0.13653766750497354
Sulawesi Tenggara,Konawe Utara,2021,PRODUK DOMESTIK BRUTO,4262.56,50.0
Sulawesi Tenggara,Konawe Utara,2022,"Pertanian, Kehutanan, dan Perikanan",1875.6,19.54055321143929
Sulawesi Tenggara,Konawe Utara,2022,Pertambangan dan Penggalian,1071.66,11.164869510861072
Sulawesi Tenggara,Konawe Utara,2022,Industri Pengolahan,49.5,0.5157055789967182
Sulawesi Tenggara,Konawe Utara,2022,Pengadaan Listrik dan Gas,0.13,0.0013543782882742097
Sulawesi Tenggara,Konawe Utara,2022,"Pengadaan Air, Pengelolaan Sampah, Limbah dan Daur Ulang",1.51,0.0157316247330312
Sulawesi Tenggara,Konawe Utara,2022,Konstruksi,664.06,6.918372662395165
Sulawesi Tenggara,Konawe Utara,2022,Perdagangan Besar dan Eceran; Reparasi Mobil dan Sepeda Motor,585.55,6.100432359222794
Sulawesi Tenggara,Konawe Utara,2022,Transportasi dan Pergudangan,14.06,0.14648122102411837
Sulawesi Tenggara,Konawe Utara,2022,Penyediaan Akomodasi dan Makan Minum,8.74,0.09105589415012763
Sulawesi Tenggara,Konawe Utara,2022,Informasi dan Komunikasi,11.98,0.124811168411731
Sulawesi Tenggara,Konawe Utara,2022,Jasa Keuangan dan Asuransi,74.22,0.7732458196593217
Sulawesi Tenggara,Konawe Utara,2022,Real Estate,45.8,0.47715788925352914
Sulawesi Tenggara,Konawe Utara,2022,Jasa Perusahaan,2.25,0.02344116268166901
Sulawesi Tenggara,Konawe Utara,2022,"Administrasi Pemerintahan, Pertahanan dan Jaminan Sosial Wajib",204.81,2.1337709017033912
Sulawesi Tenggara,Konawe Utara,2022,Jasa Pendidikan,121.74,1.2683231754961712
Sulawesi Tenggara,Konawe Utara,2022,Jasa Kesehatan dan Kegiatan Sosial,55.09,0.5739438453925093
Sulawesi Tenggara,Konawe Utara,2022,Jasa Lainnya,12.55,0.13074959629108715
Sulawesi Tenggara,Konawe Utara,2022,PRODUK DOMESTIK BRUTO,4799.25,50.0
Sulawesi Tenggara,Konawe Utara,2023,"Pertanian, Kehutanan, dan Perikanan",1944.21,18.481786379710254
Sulawesi Tenggara,Konawe Utara,2023,Pertambangan dan Penggalian,1325.99,12.604946956158027
Sulawesi Tenggara,Konawe Utara,2023,Industri Pengolahan,42.21,0.40125099813681125
Sulawesi Tenggara,Konawe Utara,2023,Pengadaan Listrik dan Gas,0.14,0.0013308490817141336
Sulawesi Tenggara,Konawe Utara,2023,"Pengadaan Air, Pengelolaan Sampah, Limbah dan Daur Ulang",1.58,0.015019582493630937
Sulawesi Tenggara,Konawe Utara,2023,Konstruksi,719.71,6.84160994714628
Sulawesi Tenggara,Konawe Utara,2023,Perdagangan Besar dan Eceran; Reparasi Mobil dan Sepeda Motor,633.15,6.0187649720521685
Sulawesi Tenggara,Konawe Utara,2023,Transportasi dan Pergudangan,14.94,0.14202060914863682
Sulawesi Tenggara,Konawe Utara,2023,Penyediaan Akomodasi dan Makan Minum,9.55,0.0907829195026427
Sulawesi Tenggara,Konawe Utara,2023,Informasi dan Komunikasi,12.57,0.11949123540819043
Sulawesi Tenggara,Konawe Utara,2023,Jasa Keuangan dan Asuransi,75.98,0.722270808775999
Sulawesi Tenggara,Konawe Utara,2023,Real Estate,46.82,0.44507395718468384
Sulawesi Tenggara,Konawe Utara,2023,Jasa Perusahaan,2.45,0.02328985892999734
Sulawesi Tenggara,Konawe Utara,2023,"Administrasi Pemerintahan, Pertahanan dan Jaminan Sosial Wajib",226.05,2.1488459637248565
Sulawesi Tenggara,Konawe Utara,2023,Jasa Pendidikan,132.85,1.2628807178980188
Sulawesi Tenggara,Konawe Utara,2023,Jasa Kesehatan dan Kegiatan Sosial,57.86,0.5500209133427126
Sulawesi Tenggara,Konawe Utara,2023,Jasa Lainnya,13.75,0.1307083919540667
Sulawesi Tenggara,Konawe Utara,2023,PRODUK DOMESTIK BRUTO,5259.79,49.9999049393513
Sulawesi Tenggara,Konawe Utara,2024,"Pertanian, Kehutanan, dan Perikanan",2265.73,19.850064218141934
Sulawesi Tenggara,Konawe Utara,2024,Pertambangan dan Penggalian,1323.14,11.59203169379949
Sulawesi Tenggara,Konawe Utara,2024,Industri Pengolahan,42.26,0.37023992879057877
Sulawesi Tenggara,Konawe Utara,2024,Pengadaan Listrik dan Gas,0.15,0.0013141502441691155
Sulawesi Tenggara,Konawe Utara,2024,"Pengadaan Air, Pengelolaan Sampah, Limbah dan Daur Ulang",1.66,0.01454326270213821
Sulawesi Tenggara,Konawe Utara,2024,Konstruksi,747.3,6.547096516450533
Sulawesi Tenggara,Konawe Utara,2024,Perdagangan Besar dan Eceran; Reparasi Mobil dan Sepeda Motor,668.67,5.8582189584570825
Sulawesi Tenggara,Konawe Utara,2024,Transportasi dan Pergudangan,16.38,0.1435052066632674
Sulawesi Tenggara,Konawe Utara,2024,Penyediaan Akomodasi dan Makan Minum,9.95,0.08717196619655132
Sulawesi Tenggara,Konawe Utara,2024,Informasi dan Komunikasi,12.99,0.1138054111450454
Sulawesi Tenggara,Konawe Utara,2024,Jasa Keuangan dan Asuransi,77.66,0.68037938641449
Sulawesi Tenggara,Konawe Utara,2024,Real Estate,47.88,0.41947675793878164
Sulawesi Tenggara,Konawe Utara,2024,Jasa Perusahaan,2.44,0.02137684397181761
Sulawesi Tenggara,Konawe Utara,2024,"Administrasi Pemerintahan, Pertahanan dan Jaminan Sosial Wajib",275.45,2.4132178983758856
Sulawesi Tenggara,Konawe Utara,2024,Jasa Pendidikan,142.28,1.246515311602545
Sulawesi Tenggara,Konawe Utara,2024,Jasa Kesehatan dan Kegiatan Sosial,59.03,0.5171619260886858
Sulawesi Tenggara,Konawe Utara,2024,Jasa Lainnya,14.14,0.12388056301700862
Sulawesi Tenggara,Konawe Utara,2024,PRODUK DOMESTIK BRUTO,5707.11,50.0
Sulawesi Tenggara,Kolaka Timur,2016,"Pertanian, Kehutanan, dan Perikanan",1491.59,21.297201903567974
Sulawesi Tenggara,Kolaka Timur,2016,Pertambangan dan Penggalian,337.82,4.823457348911788
Sulawesi Tenggara,Kolaka Timur,2016,Industri Pengolahan,114.37,1.632996320511045
Sulawesi Tenggara,Kolaka Timur,2016,Pengadaan Listrik dan Gas,0.67,0.009566385719527849
Sulawesi Tenggara,Kolaka Timur,2016,"Pengadaan Air, Pengelolaan Sampah, Limbah dan Daur Ulang",6.26,0.08938145463320049
Sulawesi Tenggara,Kolaka Timur,2016,Konstruksi,400.4,5.71698633149097
Sulawesi Tenggara,Kolaka Timur,2016,Perdagangan Besar dan Eceran; Reparasi Mobil dan Sepeda Motor,451.8,6.450885176242808
Sulawesi Tenggara,Kolaka Timur,2016,Transportasi dan Pergudangan,77.64,1.1085584884539434
Sulawesi Tenggara,Kolaka Timur,2016,Penyediaan Akomodasi dan Makan Minum,16.78,0.2395879886174288
Sulawesi Tenggara,Kolaka Timur,2016,Informasi dan Komunikasi,41.73,0.5958287702625329
Sulawesi Tenggara,Kolaka Timur,2016,Jasa Keuangan dan Asuransi,73.17,1.0447349896982876
Sulawesi Tenggara,Kolaka Timur,2016,Real Estate,47.57,0.6792133860864772
Sulawesi Tenggara,Kolaka Timur,2016,Jasa Perusahaan,7.15,0.10208904163376734
Sulawesi Tenggara,Kolaka Timur,2016,"Administrasi Pemerintahan, Pertahanan dan Jaminan Sosial Wajib",219.0,3.126923093397908
Sulawesi Tenggara,Kolaka Timur,2016,Jasa Pendidikan,129.11,1.8434568063406578
Sulawesi Tenggara,Kolaka Timur,2016,Jasa Kesehatan dan Kegiatan Sosial,30.62,0.4371981055700637
Sulawesi Tenggara,Kolaka Timur,2016,Jasa Lainnya,56.17,0.8020057997998199
Sulawesi Tenggara,Kolaka Timur,2016,PRODUK DOMESTIK BRUTO,3501.84,49.9999286090618
Sulawesi Tenggara,Kolaka Timur,2017,"Pertanian, Kehutanan, dan Perikanan",1619.14,21.32754110366739
Sulawesi Tenggara,Kolaka Timur,2017,Pertambangan dan Penggalian,357.65,4.711016388778388
Sulawesi Tenggara,Kolaka Timur,2017,Industri Pengolahan,128.57,1.6935422259338386
Sulawesi Tenggara,Kolaka Timur,2017,Pengadaan Listrik dan Gas,0.8,0.010537713158178977
Sulawesi Tenggara,Kolaka Timur,2017,"Pengadaan Air, Pengelolaan Sampah, Limbah dan Daur Ulang",6.38,0.08403826243647734
Sulawesi Tenggara,Kolaka Timur,2017,Konstruksi,424.79,5.59539396557856
Sulawesi Tenggara,Kolaka Timur,2017,Perdagangan Besar dan Eceran; Reparasi Mobil dan Sepeda Motor,511.12,6.732544936760548
Sulawesi Tenggara,Kolaka Timur,2017,Transportasi dan Pergudangan,82.4,1.0853844552924348
Sulawesi Tenggara,Kolaka Timur,2017,Penyediaan Akomodasi dan Makan Minum,18.19,0.2396012529340945
Sulawesi Tenggara,Kolaka Timur,2017,Informasi dan Komunikasi,46.2,0.608552934884836
Sulawesi Tenggara,Kolaka Timur,2017,Jasa Keuangan dan Asuransi,79.59,1.048370737824331
Sulawesi Tenggara,Kolaka Timur,2017,Real Estate,50.77,0.6687496213009334
Sulawesi Tenggara,Kolaka Timur,2017,Jasa Perusahaan,7.79,0.10261098187776779
Sulawesi Tenggara,Kolaka Timur,2017,"Administrasi Pemerintahan, Pertahanan dan Jaminan Sosial Wajib",232.78,3.0662110862011276
Sulawesi Tenggara,Kolaka Timur,2017,Jasa Pendidikan,138.25,1.8210485551478046
Sulawesi Tenggara,Kolaka Timur,2017,Jasa Kesehatan dan Kegiatan Sosial,32.46,0.427567711393112
Sulawesi Tenggara,Kolaka Timur,2017,Jasa Lainnya,59.0,0.7771563454156996
Sulawesi Tenggara,Kolaka Timur,2017,PRODUK DOMESTIK BRUTO,3795.9,50.000131721414476
Sulawesi Tenggara,Kolaka Timur,2018,"Pertanian, Kehutanan, dan Perikanan",1693.32,20.827224512688307
Sulawesi Tenggara,Kolaka Timur,2018,Pertambangan dan Penggalian,390.04,4.797351149770243
Sulawesi Tenggara,Kolaka Timur,2018,Industri Pengolahan,132.78,1.6331460508319475
Sulawesi Tenggara,Kolaka Timur,2018,Pengadaan Listrik dan Gas,0.83,0.010208700272559998
Sulawesi Tenggara,Kolaka Timur,2018,"Pengadaan Air, Pengelolaan Sampah, Limbah dan Daur Ulang",6.77,0.08326855523521828
Sulawesi Tenggara,Kolaka Timur,2018,Konstruksi,473.11,5.819082151748025
Sulawesi Tenggara,Kolaka Timur,2018,Perdagangan Besar dan Eceran; Reparasi Mobil dan Sepeda Motor,561.47,6.905878243414774
Sulawesi Tenggara,Kolaka Timur,2018,Transportasi dan Pergudangan,92.57,1.1385775713625046
Sulawesi Tenggara,Kolaka Timur,2018,Penyediaan Akomodasi dan Makan Minum,19.92,0.24500880654143997
Sulawesi Tenggara,Kolaka Timur,2018,Informasi dan Komunikasi,50.06,0.6157199224630766
Sulawesi Tenggara,Kolaka Timur,2018,Jasa Keuangan dan Asuransi,83.88,1.03169370947269
Sulawesi Tenggara,Kolaka Timur,2018,Real Estate,52.62,0.6472069980025387
Sulawesi Tenggara,Kolaka Timur,2018,Jasa Perusahaan,8.46,0.10405494494681639
Sulawesi Tenggara,Kolaka Timur,2018,"Administrasi Pemerintahan, Pertahanan dan Jaminan Sosial Wajib",251.8,3.0970490706392866
Sulawesi Tenggara,Kolaka Timur,2018,Jasa Pendidikan,149.61,1.8401489732261462
Sulawesi Tenggara,Kolaka Timur,2018,Jasa Kesehatan dan Kegiatan Sosial,35.14,0.4322093103346486
Sulawesi Tenggara,Kolaka Timur,2018,Jasa Lainnya,62.78,0.7721713290497791
Sulawesi Tenggara,Kolaka Timur,2018,PRODUK DOMESTIK BRUTO,4065.16,50.0
Sulawesi Tenggara,Kolaka Timur,2019,"Pertanian, Kehutanan, dan Perikanan",1862.02,21.02955626079984
Sulawesi Tenggara,Kolaka Timur,2019,Pertambangan dan Penggalian,436.85,4.933760997481451
Sulawesi Tenggara,Kolaka Timur,2019,Industri Pengolahan,136.21,1.5383485989858037
Sulawesi Tenggara,Kolaka Timur,2019,Pengadaan Listrik dan Gas,0.89,0.010051613340410874
Sulawesi Tenggara,Kolaka Timur,2019,"Pengadaan Air, Pengelolaan Sampah, Limbah dan Daur Ulang",7.4,0.0835752120438657
Sulawesi Tenggara,Kolaka Timur,2019,Konstruksi,521.59,5.890810114859447
Sulawesi Tenggara,Kolaka Timur,2019,Perdagangan Besar dan Eceran; Reparasi Mobil dan Sepeda Motor,608.84,6.876207040646919
Sulawesi Tenggara,Kolaka Timur,2019,Transportasi dan Pergudangan,99.65,1.1254418756988132
Sulawesi Tenggara,Kolaka Timur,2019,Penyediaan Akomodasi dan Makan Minum,21.35,0.24112578069412605
Sulawesi Tenggara,Kolaka Timur,2019,Informasi dan Komunikasi,54.28,0.6130354742893285
Sulawesi Tenggara,Kolaka Timur,2019,Jasa Keuangan dan Asuransi,89.55,1.0113730052065097
Sulawesi Tenggara,Kolaka Timur,2019,Real Estate,55.48,0.6265882113775229
Sulawesi Tenggara,Kolaka Timur,2019,Jasa Perusahaan,8.94,0.10096789130704856
Sulawesi Tenggara,Kolaka Timur,2019,"Administrasi Pemerintahan, Pertahanan dan Jaminan Sosial Wajib",266.73,3.0124346362784187
Sulawesi Tenggara,Kolaka Timur,2019,Jasa Pendidikan,153.52,1.7338468314830084
Sulawesi Tenggara,Kolaka Timur,2019,Jasa Kesehatan dan Kegiatan Sosial,37.54,0.423974791909016
Sulawesi Tenggara,Kolaka Timur,2019,Jasa Lainnya,66.31,0.7489016635984777
Sulawesi Tenggara,Kolaka Timur,2019,PRODUK DOMESTIK BRUTO,4427.15,50.0
Sulawesi Tenggara,Kolaka Timur,2020,"Pertanian, Kehutanan, dan Perikanan",1910.62,21.246391509538867
Sulawesi Tenggara,Kolaka Timur,2020,Pertambangan dan Penggalian,408.73,4.545141159253971
Sulawesi Tenggara,Kolaka Timur,2020,Industri Pengolahan,136.13,1.5137867687941748
Sulawesi Tenggara,Kolaka Timur,2020,Pengadaan Listrik dan Gas,0.95,0.010564147729041842
Sulawesi Tenggara,Kolaka Timur,2020,"Pengadaan Air, Pengelolaan Sampah, Limbah dan Daur Ulang",7.99,0.08885004247899403
Sulawesi Tenggara,Kolaka Timur,2020,Konstruksi,523.98,5.82673908111931
Sulawesi Tenggara,Kolaka Timur,2020,Perdagangan Besar dan Eceran; Reparasi Mobil dan Sepeda Motor,606.45,6.743818305555186
Sulawesi Tenggara,Kolaka Timur,2020,Transportasi dan Pergudangan,99.63,1.1079010928888828
Sulawesi Tenggara,Kolaka Timur,2020,Penyediaan Akomodasi dan Makan Minum,20.95,0.23296725781413327
Sulawesi Tenggara,Kolaka Timur,2020,Informasi dan Komunikasi,59.08,0.65697878719136
Sulawesi Tenggara,Kolaka Timur,2020,Jasa Keuangan dan Asuransi,94.32,1.048853067161291
Sulawesi Tenggara,Kolaka Timur,2020,Real Estate,55.87,0.6212830880227028
Sulawesi Tenggara,Kolaka Timur,2020,Jasa Perusahaan,8.87,0.09863577932273805
Sulawesi Tenggara,Kolaka Timur,2020,"Administrasi Pemerintahan, Pertahanan dan Jaminan Sosial Wajib",289.07,3.214503351614869
Sulawesi Tenggara,Kolaka Timur,2020,Jasa Pendidikan,164.95,1.8342696504267915
Sulawesi Tenggara,Kolaka Timur,2020,Jasa Kesehatan dan Kegiatan Sosial,42.32,0.4706049809400535
Sulawesi Tenggara,Kolaka Timur,2020,Jasa Lainnya,66.43,0.7387119301476311
Sulawesi Tenggara,Kolaka Timur,2020,PRODUK DOMESTIK BRUTO,4496.34,50.0
Sulawesi Tenggara,Kolaka Timur,2021,"Pertanian, Kehutanan, dan Perikanan",1980.87,20.488720637974367
Sulawesi Tenggara,Kolaka Timur,2021,Pertambangan dan Penggalian,445.0,4.602765796795647
Sulawesi Tenggara,Kolaka Timur,2021,Industri Pengolahan,145.33,1.503190906175981
Sulawesi Tenggara,Kolaka Timur,2021,Pengadaan Listrik dan Gas,1.03,0.010653592743144981
Sulawesi Tenggara,Kolaka Timur,2021,"Pengadaan Air, Pengelolaan Sampah, Limbah dan Daur Ulang",8.04,0.08316008316008314
Sulawesi Tenggara,Kolaka Timur,2021,Konstruksi,643.51,6.656013073923521
Sulawesi Tenggara,Kolaka Timur,2021,Perdagangan Besar dan Eceran; Reparasi Mobil dan Sepeda Motor,644.23,6.663460245549797
Sulawesi Tenggara,Kolaka Timur,2021,Transportasi dan Pergudangan,108.79,1.1252469461424686
Sulawesi Tenggara,Kolaka Timur,2021,Penyediaan Akomodasi dan Makan Minum,22.89,0.23675799795202782
Sulawesi Tenggara,Kolaka Timur,2021,Informasi dan Komunikasi,61.83,0.6395258634064603
Sulawesi Tenggara,Kolaka Timur,2021,Jasa Keuangan dan Asuransi,105.4,1.0901831797354185
Sulawesi Tenggara,Kolaka Timur,2021,Real Estate,58.35,0.603531200546126
Sulawesi Tenggara,Kolaka Timur,2021,Jasa Perusahaan,9.45,0.09774412759487386
Sulawesi Tenggara,Kolaka Timur,2021,"Administrasi Pemerintahan, Pertahanan dan Jaminan Sosial Wajib",305.48,3.1596694283261453
Sulawesi Tenggara,Kolaka Timur,2021,Jasa Pendidikan,178.34,1.8446230386528892
Sulawesi Tenggara,Kolaka Timur,2021,Jasa Kesehatan dan Kegiatan Sosial,46.56,0.4815837651658547
Sulawesi Tenggara,Kolaka Timur,2021,Jasa Lainnya,68.95,0.7131701161551908
Sulawesi Tenggara,Kolaka Timur,2021,PRODUK DOMESTIK BRUTO,4834.05,50.0
Sulawesi Tenggara,Kolaka Timur,2022,"Pertanian, Kehutanan, dan Perikanan",2193.87,20.800200998355034
Sulawesi Tenggara,Kolaka Timur,2022,Pertambangan dan Penggalian,484.1,4.589778475162007
Sulawesi Tenggara,Kolaka Timur,2022,Industri Pengolahan,161.59,1.5320435938885122
Sulawesi Tenggara,Kolaka Timur,2022,Pengadaan Listrik dan Gas,1.16,0.010998023200140318
Sulawesi Tenggara,Kolaka Timur,2022,"Pengadaan Air, Pengelolaan Sampah, Limbah dan Daur Ulang",8.44,0.08002009983550369
Sulawesi Tenggara,Kolaka Timur,2022,Konstruksi,634.2,6.012884753042234
Sulawesi Tenggara,Kolaka Timur,2022,Perdagangan Besar dan Eceran; Reparasi Mobil dan Sepeda Motor,735.94,6.977487236130403
Sulawesi Tenggara,Kolaka Timur,2022,Transportasi dan Pergudangan,127.48,1.2086448254774895
Sulawesi Tenggara,Kolaka Timur,2022,Penyediaan Akomodasi dan Makan Minum,25.14,0.2383537096995928
Sulawesi Tenggara,Kolaka Timur,2022,Informasi dan Komunikasi,66.96,0.634851408173617
Sulawesi Tenggara,Kolaka Timur,2022,Jasa Keuangan dan Asuransi,119.07,1.1289091572764722
Sulawesi Tenggara,Kolaka Timur,2022,Real Estate,63.42,0.6012884753042234
Sulawesi Tenggara,Kolaka Timur,2022,Jasa Perusahaan,10.77,0.10211095678061315
Sulawesi Tenggara,Kolaka Timur,2022,"Administrasi Pemerintahan, Pertahanan dan Jaminan Sosial Wajib",324.65,3.0780243378668573
Sulawesi Tenggara,Kolaka Timur,2022,Jasa Pendidikan,189.88,1.8002626252091758
Sulawesi Tenggara,Kolaka Timur,2022,Jasa Kesehatan dan Kegiatan Sosial,50.42,0.4780347670267887
Sulawesi Tenggara,Kolaka Timur,2022,Jasa Lainnya,76.58,0.7260591522989186
Sulawesi Tenggara,Kolaka Timur,2022,PRODUK DOMESTIK BRUTO,5273.68,50.00004740527242
Sulawesi Tenggara,Kolaka Timur,2023,"Pertanian, Kehutanan, dan Perikanan",2310.29,20.53443263196161
Sulawesi Tenggara,Kolaka Timur,2023,Pertambangan dan Penggalian,522.1,4.640554768945526
Sulawesi Tenggara,Kolaka Timur,2023,Industri Pengolahan,136.3,1.2114683298358075
Sulawesi Tenggara,Kolaka Timur,2023,Pengadaan Listrik dan Gas,1.3,0.011554723615455243
Sulawesi Tenggara,Kolaka Timur,2023,"Pengadaan Air, Pengelolaan Sampah, Limbah dan Daur Ulang",8.95,0.07954982796794186
Sulawesi Tenggara,Kolaka Timur,2023,Konstruksi,666.9,5.92757321472854
Sulawesi Tenggara,Kolaka Timur,2023,Perdagangan Besar dan Eceran; Reparasi Mobil dan Sepeda Motor,834.0,7.412799611761287
Sulawesi Tenggara,Kolaka Timur,2023,Transportasi dan Pergudangan,146.98,1.3063948284612397
Sulawesi Tenggara,Kolaka Timur,2023,Penyediaan Akomodasi dan Makan Minum,28.19,0.2505597374766795
Sulawesi Tenggara,Kolaka Timur,2023,Informasi dan Komunikasi,71.29,0.6336432665736956
Sulawesi Tenggara,Kolaka Timur,2023,Jasa Keuangan dan Asuransi,126.88,1.1277410248684319
Sulawesi Tenggara,Kolaka Timur,2023,Real Estate,67.84,0.6029788077480643
Sulawesi Tenggara,Kolaka Timur,2023,Jasa Perusahaan,11.94,0.10612569228348892
Sulawesi Tenggara,Kolaka Timur,2023,"Administrasi Pemerintahan, Pertahanan dan Jaminan Sosial Wajib",349.93,3.110264949812503
Sulawesi Tenggara,Kolaka Timur,2023,Jasa Pendidikan,205.73,1.8285794533904671
Sulawesi Tenggara,Kolaka Timur,2023,Jasa Kesehatan dan Kegiatan Sosial,51.11,0.45427840306609035
Sulawesi Tenggara,Kolaka Timur,2023,Jasa Lainnya,85.68,0.7615451687478503
Sulawesi Tenggara,Kolaka Timur,2023,PRODUK DOMESTIK BRUTO,5625.4,49.999955558755325
Sulawesi Tenggara,Kolaka Timur,2024,"Pertanian, Kehutanan, dan Perikanan",2643.12,21.533387863639472
Sulawesi Tenggara,Kolaka Timur,2024,Pertambangan dan Penggalian,560.01,4.56237799930262
Sulawesi Tenggara,Kolaka Timur,2024,Industri Pengolahan,156.71,1.2767098020940941
Sulawesi Tenggara,Kolaka Timur,2024,Pengadaan Listrik dan Gas,1.35,0.010998393419864892
Sulawesi Tenggara,Kolaka Timur,2024,"Pengadaan Air, Pengelolaan Sampah, Limbah dan Daur Ulang",8.94,0.07283380531377194
Sulawesi Tenggara,Kolaka Timur,2024,Konstruksi,679.0,5.531784542287601
Sulawesi Tenggara,Kolaka Timur,2024,Perdagangan Besar dan Eceran; Reparasi Mobil dan Sepeda Motor,855.33,6.968337662083732
Sulawesi Tenggara,Kolaka Timur,2024,Transportasi dan Pergudangan,144.78,1.1795165920948436
Sulawesi Tenggara,Kolaka Timur,2024,Penyediaan Akomodasi dan Makan Minum,30.68,0.24994867416404062
Sulawesi Tenggara,Kolaka Timur,2024,Informasi dan Komunikasi,72.49,0.5905729918563006
Sulawesi Tenggara,Kolaka Timur,2024,Jasa Keuangan dan Asuransi,131.08,1.0679032662784371
Sulawesi Tenggara,Kolaka Timur,2024,Real Estate,72.12,0.5875586173634488
Sulawesi Tenggara,Kolaka Timur,2024,Jasa Perusahaan,13.15,0.10713249886757284
Sulawesi Tenggara,Kolaka Timur,2024,"Administrasi Pemerintahan, Pertahanan dan Jaminan Sosial Wajib",414.31,3.375366205766091
Sulawesi Tenggara,Kolaka Timur,2024,Jasa Pendidikan,211.46,1.7227557574552812
Sulawesi Tenggara,Kolaka Timur,2024,Jasa Kesehatan dan Kegiatan Sosial,52.37,0.42665619510986985
Sulawesi Tenggara,Kolaka Timur,2024,Jasa Lainnya,90.36,0.7361591329029566
Sulawesi Tenggara,Kolaka Timur,2024,PRODUK DOMESTIK BRUTO,6137.26,50.0
Sulawesi Tenggara,Konawe Kepulauan,2016,"Pertanian, Kehutanan, dan Perikanan",570.44,27.386947942522166
Sulawesi Tenggara,Konawe Kepulauan,2016,Pertambangan dan Penggalian,100.79,4.838949728502224
Sulawesi Tenggara,Konawe Kepulauan,2016,Industri Pengolahan,34.64,1.6630739021263723
Sulawesi Tenggara,Konawe Kepulauan,2016,Pengadaan Listrik dan Gas,0.26,0.01248265630926261
Sulawesi Tenggara,Konawe Kepulauan,2016,"Pengadaan Air, Pengelolaan Sampah, Limbah dan Daur Ulang",0.97,0.04656991007686435
Sulawesi Tenggara,Konawe Kepulauan,2016,Konstruksi,55.05,2.642962422403487
Sulawesi Tenggara,Konawe Kepulauan,2016,Perdagangan Besar dan Eceran; Reparasi Mobil dan Sepeda Motor,63.3,3.039046709139704
Sulawesi Tenggara,Konawe Kepulauan,2016,Transportasi dan Pergudangan,3.24,0.15555310170004175
Sulawesi Tenggara,Konawe Kepulauan,2016,Penyediaan Akomodasi dan Makan Minum,0.51,0.024485210452784352
Sulawesi Tenggara,Konawe Kepulauan,2016,Informasi dan Komunikasi,1.59,0.07633624435279826
Sulawesi Tenggara,Konawe Kepulauan,2016,Jasa Keuangan dan Asuransi,17.32,0.8315369510631861
Sulawesi Tenggara,Konawe Kepulauan,2016,Real Estate,10.66,0.511788908679767
Sulawesi Tenggara,Konawe Kepulauan,2016,Jasa Perusahaan,0.93,0.04464950141390087
Sulawesi Tenggara,Konawe Kepulauan,2016,"Administrasi Pemerintahan, Pertahanan dan Jaminan Sosial Wajib",143.33,6.881304341563885
Sulawesi Tenggara,Konawe Kepulauan,2016,Jasa Pendidikan,31.52,1.513282026415221
Sulawesi Tenggara,Konawe Kepulauan,2016,Jasa Kesehatan dan Kegiatan Sosial,4.94,0.2371704698759896
Sulawesi Tenggara,Konawe Kepulauan,2016,Jasa Lainnya,1.95,0.09361992231946957
Sulawesi Tenggara,Konawe Kepulauan,2016,PRODUK DOMESTIK BRUTO,1041.45,50.00024005108287
Sulawesi Tenggara,Konawe Kepulauan,2017,"Pertanian, Kehutanan, dan Perikanan",627.42,27.217831145507077
Sulawesi Tenggara,Konawe Kepulauan,2017,Pertambangan dan Penggalian,119.83,5.198292541146462
Sulawesi Tenggara,Konawe Kepulauan,2017,Industri Pengolahan,37.59,1.6306752618016815
Sulawesi Tenggara,Konawe Kepulauan,2017,Pengadaan Listrik dan Gas,0.34,0.014749390503127742
Sulawesi Tenggara,Konawe Kepulauan,2017,"Pengadaan Air, Pengelolaan Sampah, Limbah dan Daur Ulang",1.01,0.04381436590635005
Sulawesi Tenggara,Konawe Kepulauan,2017,Konstruksi,62.81,2.7247329926513335
Sulawesi Tenggara,Konawe Kepulauan,2017,Perdagangan Besar dan Eceran; Reparasi Mobil dan Sepeda Motor,73.36,3.1823979038513266
Sulawesi Tenggara,Konawe Kepulauan,2017,Transportasi dan Pergudangan,3.48,0.15096434985554275
Sulawesi Tenggara,Konawe Kepulauan,2017,Penyediaan Akomodasi dan Makan Minum,0.57,0.024726919372890618
Sulawesi Tenggara,Konawe Kepulauan,2017,Informasi dan Komunikasi,1.76,0.07634978613383771
Sulawesi Tenggara,Konawe Kepulauan,2017,Jasa Keuangan dan Asuransi,18.86,0.8181573673205563
Sulawesi Tenggara,Konawe Kepulauan,2017,Real Estate,11.39,0.4941045818547793
Sulawesi Tenggara,Konawe Kepulauan,2017,Jasa Perusahaan,1.01,0.04381436590635005
Sulawesi Tenggara,Konawe Kepulauan,2017,"Administrasi Pemerintahan, Pertahanan dan Jaminan Sosial Wajib",152.1,6.598183222134497
Sulawesi Tenggara,Konawe Kepulauan,2017,Jasa Pendidikan,33.77,1.4649615214430112
Sulawesi Tenggara,Konawe Kepulauan,2017,Jasa Kesehatan dan Kegiatan Sosial,5.24,0.22731413598938047
Sulawesi Tenggara,Konawe Kepulauan,2017,Jasa Lainnya,2.05,0.0889301486217996
Sulawesi Tenggara,Konawe Kepulauan,2017,PRODUK DOMESTIK BRUTO,1152.59,50.0
Sulawesi Tenggara,Konawe Kepulauan,2018,"Pertanian, Kehutanan, dan Perikanan",681.9,27.01631914042226
Sulawesi Tenggara,Konawe Kepulauan,2018,Pertambangan dan Penggalian,140.84,5.5799653728362975
Sulawesi Tenggara,Konawe Kepulauan,2018,Industri Pengolahan,38.49,1.5249422550445124
Sulawesi Tenggara,Konawe Kepulauan,2018,Pengadaan Listrik dan Gas,0.33,0.013074329544419047
Sulawesi Tenggara,Konawe Kepulauan,2018,"Pengadaan Air, Pengelolaan Sampah, Limbah dan Daur Ulang",0.99,0.039222988633257135
Sulawesi Tenggara,Konawe Kepulauan,2018,Konstruksi,75.2,2.9793623689100373
Sulawesi Tenggara,Konawe Kepulauan,2018,Perdagangan Besar dan Eceran; Reparasi Mobil dan Sepeda Motor,83.13,3.29354246978047
Sulawesi Tenggara,Konawe Kepulauan,2018,Transportasi dan Pergudangan,3.77,0.14936431024987817
Sulawesi Tenggara,Konawe Kepulauan,2018,Penyediaan Akomodasi dan Makan Minum,0.64,0.025356275480085424
Sulawesi Tenggara,Konawe Kepulauan,2018,Informasi dan Komunikasi,1.92,0.07606882644025625
Sulawesi Tenggara,Konawe Kepulauan,2018,Jasa Keuangan dan Asuransi,19.91,0.7888178825132824
Sulawesi Tenggara,Konawe Kepulauan,2018,Real Estate,11.78,0.46671394555532225
Sulawesi Tenggara,Konawe Kepulauan,2018,Jasa Perusahaan,1.1,0.043581098481396824
Sulawesi Tenggara,Konawe Kepulauan,2018,"Administrasi Pemerintahan, Pertahanan dan Jaminan Sosial Wajib",157.2,6.228135164795981
Sulawesi Tenggara,Konawe Kepulauan,2018,Jasa Pendidikan,36.95,1.4639287171705568
Sulawesi Tenggara,Konawe Kepulauan,2018,Jasa Kesehatan dan Kegiatan Sosial,5.71,0.22622552029888712
Sulawesi Tenggara,Konawe Kepulauan,2018,Jasa Lainnya,2.16,0.08557742974528831
Sulawesi Tenggara,Konawe Kepulauan,2018,PRODUK DOMESTIK BRUTO,1262.01,49.999801904097815
Sulawesi Tenggara,Konawe Kepulauan,2019,"Pertanian, Kehutanan, dan Perikanan",748.25,27.024440278966626
Sulawesi Tenggara,Konawe Kepulauan,2019,Pertambangan dan Penggalian,161.13,5.81950960527884
Sulawesi Tenggara,Konawe Kepulauan,2019,Industri Pengolahan,41.18,1.4872922829105855
Sulawesi Tenggara,Konawe Kepulauan,2019,Pengadaan Listrik dan Gas,0.37,0.013363238093174275
Sulawesi Tenggara,Konawe Kepulauan,2019,"Pengadaan Air, Pengelolaan Sampah, Limbah dan Daur Ulang",1.0,0.036116859711281826
Sulawesi Tenggara,Konawe Kepulauan,2019,Konstruksi,86.5,3.1241083650258776
Sulawesi Tenggara,Konawe Kepulauan,2019,Perdagangan Besar dan Eceran; Reparasi Mobil dan Sepeda Motor,93.44,3.3747593714221735
Sulawesi Tenggara,Konawe Kepulauan,2019,Transportasi dan Pergudangan,4.05,0.14627328183069138
Sulawesi Tenggara,Konawe Kepulauan,2019,Penyediaan Akomodasi dan Makan Minum,0.7,0.025281801797897272
Sulawesi Tenggara,Konawe Kepulauan,2019,Informasi dan Komunikasi,2.09,0.07548423679657901
Sulawesi Tenggara,Konawe Kepulauan,2019,Jasa Keuangan dan Asuransi,21.72,0.7844581929290412
Sulawesi Tenggara,Konawe Kepulauan,2019,Real Estate,12.32,0.4449597116429921
Sulawesi Tenggara,Konawe Kepulauan,2019,Jasa Perusahaan,1.19,0.04297906305642537
Sulawesi Tenggara,Konawe Kepulauan,2019,"Administrasi Pemerintahan, Pertahanan dan Jaminan Sosial Wajib",161.78,5.842985564091173
Sulawesi Tenggara,Konawe Kepulauan,2019,Jasa Pendidikan,40.11,1.448647243019514
Sulawesi Tenggara,Konawe Kepulauan,2019,Jasa Kesehatan dan Kegiatan Sosial,6.3,0.22753621618107547
Sulawesi Tenggara,Konawe Kepulauan,2019,Jasa Lainnya,2.26,0.08162410294749692
Sulawesi Tenggara,Konawe Kepulauan,2019,PRODUK DOMESTIK BRUTO,1384.4,50.00018058429856
Sulawesi Tenggara,Konawe Kepulauan,2020,"Pertanian, Kehutanan, dan Perikanan",758.55,27.118577414234434
Sulawesi Tenggara,Konawe Kepulauan,2020,Pertambangan dan Penggalian,156.23,5.585307955211714
Sulawesi Tenggara,Konawe Kepulauan,2020,Industri Pengolahan,41.75,1.4925853365556494
Sulawesi Tenggara,Konawe Kepulauan,2020,Pengadaan Listrik dan Gas,0.38,0.013585207853680163
Sulawesi Tenggara,Konawe Kepulauan,2020,"Pengadaan Air, Pengelolaan Sampah, Limbah dan Daur Ulang",1.02,0.036465557923036226
Sulawesi Tenggara,Konawe Kepulauan,2020,Konstruksi,87.25,3.119235224298932
Sulawesi Tenggara,Konawe Kepulauan,2020,Perdagangan Besar dan Eceran; Reparasi Mobil dan Sepeda Motor,93.21,3.33230848431981
Sulawesi Tenggara,Konawe Kepulauan,2020,Transportasi dan Pergudangan,4.01,0.14335969340330906
Sulawesi Tenggara,Konawe Kepulauan,2020,Penyediaan Akomodasi dan Makan Minum,0.71,0.025382888358191878
Sulawesi Tenggara,Konawe Kepulauan,2020,Informasi dan Komunikasi,2.27,0.08115374165224729
Sulawesi Tenggara,Konawe Kepulauan,2020,Jasa Keuangan dan Asuransi,22.35,0.7990247250782938
Sulawesi Tenggara,Konawe Kepulauan,2020,Real Estate,12.44,0.4447368044731084
Sulawesi Tenggara,Konawe Kepulauan,2020,Jasa Perusahaan,1.21,0.043258161849876305
Sulawesi Tenggara,Konawe Kepulauan,2020,"Administrasi Pemerintahan, Pertahanan dan Jaminan Sosial Wajib",165.07,5.901342790544695
Sulawesi Tenggara,Konawe Kepulauan,2020,Jasa Pendidikan,42.84,1.5315534327675215
Sulawesi Tenggara,Konawe Kepulauan,2020,Jasa Kesehatan dan Kegiatan Sosial,7.05,0.25204135623275037
Sulawesi Tenggara,Konawe Kepulauan,2020,Jasa Lainnya,2.24,0.08008122524274622
Sulawesi Tenggara,Konawe Kepulauan,2020,PRODUK DOMESTIK BRUTO,1398.58,50.0
Sulawesi Tenggara,Konawe Kepulauan,2021,"Pertanian, Kehutanan, dan Perikanan",779.74,26.561068247236562
Sulawesi Tenggara,Konawe Kepulauan,2021,Pertambangan dan Penggalian,164.87,5.61613271336842
Sulawesi Tenggara,Konawe Kepulauan,2021,Industri Pengolahan,46.76,1.5928329330812598
Sulawesi Tenggara,Konawe Kepulauan,2021,Pengadaan Listrik dan Gas,0.4,0.013625602507110864
Sulawesi Tenggara,Konawe Kepulauan,2021,"Pengadaan Air, Pengelolaan Sampah, Limbah dan Daur Ulang",1.03,0.03508592645581047
Sulawesi Tenggara,Konawe Kepulauan,2021,Konstruksi,97.57,3.323625091547017
Sulawesi Tenggara,Konawe Kepulauan,2021,Perdagangan Besar dan Eceran; Reparasi Mobil dan Sepeda Motor,103.08,3.5113177660824695
Sulawesi Tenggara,Konawe Kepulauan,2021,Transportasi dan Pergudangan,3.9,0.1328496244443309
Sulawesi Tenggara,Konawe Kepulauan,2021,Penyediaan Akomodasi dan Makan Minum,0.74,0.025207364638155094
Sulawesi Tenggara,Konawe Kepulauan,2021,Informasi dan Komunikasi,2.41,0.08209425510534295
Sulawesi Tenggara,Konawe Kepulauan,2021,Jasa Keuangan dan Asuransi,25.32,0.8625006387001177
Sulawesi Tenggara,Konawe Kepulauan,2021,Real Estate,12.82,0.43670056035290317
Sulawesi Tenggara,Konawe Kepulauan,2021,Jasa Perusahaan,1.26,0.042920647897399224
Sulawesi Tenggara,Konawe Kepulauan,2021,"Administrasi Pemerintahan, Pertahanan dan Jaminan Sosial Wajib",172.96,5.891710524074738
Sulawesi Tenggara,Konawe Kepulauan,2021,Jasa Pendidikan,44.91,1.529814521485872
Sulawesi Tenggara,Konawe Kepulauan,2021,Jasa Kesehatan dan Kegiatan Sosial,7.71,0.26263348832456185
Sulawesi Tenggara,Konawe Kepulauan,2021,Jasa Lainnya,2.35,0.08005041472927632
Sulawesi Tenggara,Konawe Kepulauan,2021,PRODUK DOMESTIK BRUTO,1467.82,49.99982967996866
Sulawesi Tenggara,Konawe Kepulauan,2022,"Pertanian, Kehutanan, dan Perikanan",833.49,26.385367104475915
Sulawesi Tenggara,Konawe Kepulauan,2022,Pertambangan dan Penggalian,185.21,5.863098347214704
Sulawesi Tenggara,Konawe Kepulauan,2022,Industri Pengolahan,50.53,1.5996023944968363
Sulawesi Tenggara,Konawe Kepulauan,2022,Pengadaan Listrik dan Gas,0.44,0.013928855206384481
Sulawesi Tenggara,Konawe Kepulauan,2022,"Pengadaan Air, Pengelolaan Sampah, Limbah dan Daur Ulang",1.06,0.03355587845174444
Sulawesi Tenggara,Konawe Kepulauan,2022,Konstruksi,102.64,3.2492220417802344
Sulawesi Tenggara,Konawe Kepulauan,2022,Perdagangan Besar dan Eceran; Reparasi Mobil dan Sepeda Motor,114.47,3.6237183078973443
Sulawesi Tenggara,Konawe Kepulauan,2022,Transportasi dan Pergudangan,4.1,0.12979160533221903
Sulawesi Tenggara,Konawe Kepulauan,2022,Penyediaan Akomodasi dan Makan Minum,0.77,0.02437549661117284
Sulawesi Tenggara,Konawe Kepulauan,2022,Informasi dan Komunikasi,2.53,0.08009091743671076
Sulawesi Tenggara,Konawe Kepulauan,2022,Jasa Keuangan dan Asuransi,28.34,0.8971449012475824
Sulawesi Tenggara,Konawe Kepulauan,2022,Real Estate,13.53,0.42831229759632283
Sulawesi Tenggara,Konawe Kepulauan,2022,Jasa Perusahaan,1.37,0.04336939007442441
Sulawesi Tenggara,Konawe Kepulauan,2022,"Administrasi Pemerintahan, Pertahanan dan Jaminan Sosial Wajib",180.1,5.701333687886011
Sulawesi Tenggara,Konawe Kepulauan,2022,Jasa Pendidikan,49.96,1.5815581957067468
Sulawesi Tenggara,Konawe Kepulauan,2022,Jasa Kesehatan dan Kegiatan Sosial,8.45,0.26749733294079286
Sulawesi Tenggara,Konawe Kepulauan,2022,Jasa Lainnya,2.47,0.07819152809038561
Sulawesi Tenggara,Konawe Kepulauan,2022,PRODUK DOMESTIK BRUTO,1579.45,49.999841717554474
Sulawesi Tenggara,Konawe Kepulauan,2023,"Pertanian, Kehutanan, dan Perikanan",931.87,27.130334023331848
Sulawesi Tenggara,Konawe Kepulauan,2023,Pertambangan dan Penggalian,192.6,5.607329705746203
Sulawesi Tenggara,Konawe Kepulauan,2023,Industri Pengolahan,49.53,1.4420095551693117
Sulawesi Tenggara,Konawe Kepulauan,2023,Pengadaan Listrik dan Gas,0.48,0.01397465347226468
Sulawesi Tenggara,Konawe Kepulauan,2023,"Pengadaan Air, Pengelolaan Sampah, Limbah dan Daur Ulang",1.14,0.03318980199662861
Sulawesi Tenggara,Konawe Kepulauan,2023,Konstruksi,106.79,3.109069258964886
Sulawesi Tenggara,Konawe Kepulauan,2023,Perdagangan Besar dan Eceran; Reparasi Mobil dan Sepeda Motor,124.18,3.6153593087204747
Sulawesi Tenggara,Konawe Kepulauan,2023,Transportasi dan Pergudangan,4.67,0.13596173274057513
Sulawesi Tenggara,Konawe Kepulauan,2023,Penyediaan Akomodasi dan Makan Minum,0.83,0.024164504962457672
Sulawesi Tenggara,Konawe Kepulauan,2023,Informasi dan Komunikasi,2.65,0.07715173271146125
Sulawesi Tenggara,Konawe Kepulauan,2023,Jasa Keuangan dan Asuransi,30.87,0.8987449014350222
Sulawesi Tenggara,Konawe Kepulauan,2023,Real Estate,14.51,0.42244212892200106
Sulawesi Tenggara,Konawe Kepulauan,2023,Jasa Perusahaan,1.53,0.04454420794284367
Sulawesi Tenggara,Konawe Kepulauan,2023,"Administrasi Pemerintahan, Pertahanan dan Jaminan Sosial Wajib",189.62,5.52057039877256
Sulawesi Tenggara,Konawe Kepulauan,2023,Jasa Pendidikan,54.6,1.5896168324701074
Sulawesi Tenggara,Konawe Kepulauan,2023,Jasa Kesehatan dan Kegiatan Sosial,8.78,0.2556197030968414
Sulawesi Tenggara,Konawe Kepulauan,2023,Jasa Lainnya,2.74,0.07977198023751089
Sulawesi Tenggara,Konawe Kepulauan,2023,PRODUK DOMESTIK BRUTO,1717.4,50.00014556930701
Sulawesi Tenggara,Konawe Kepulauan,2024,"Pertanian, Kehutanan, dan Perikanan",1115.09,28.268342518746863
Sulawesi Tenggara,Konawe Kepulauan,2024,Pertambangan dan Penggalian,203.72,5.164450168075322
Sulawesi Tenggara,Konawe Kepulauan,2024,Industri Pengolahan,53.19,1.348405185744779
Sulawesi Tenggara,Konawe Kepulauan,2024,Pengadaan Listrik dan Gas,0.49,0.012421856383059631
Sulawesi Tenggara,Konawe Kepulauan,2024,"Pengadaan Air, Pengelolaan Sampah, Limbah dan Daur Ulang",1.15,0.029153336409221582
Sulawesi Tenggara,Konawe Kepulauan,2024,Konstruksi,106.24,2.6932612696658267
Sulawesi Tenggara,Konawe Kepulauan,2024,Perdagangan Besar dan Eceran; Reparasi Mobil dan Sepeda Motor,134.82,3.417785056253264
Sulawesi Tenggara,Konawe Kepulauan,2024,Transportasi dan Pergudangan,5.09,0.12903520201994595
Sulawesi Tenggara,Konawe Kepulauan,2024,Penyediaan Akomodasi dan Makan Minum,0.88,0.0223086400348826
Sulawesi Tenggara,Konawe Kepulauan,2024,Informasi dan Komunikasi,2.71,0.06870047101651347
Sulawesi Tenggara,Konawe Kepulauan,2024,Jasa Keuangan dan Asuransi,31.82,0.8066601430795051
Sulawesi Tenggara,Konawe Kepulauan,2024,Real Estate,15.51,0.3931897806148058
Sulawesi Tenggara,Konawe Kepulauan,2024,Jasa Perusahaan,1.64,0.04157519279228121
Sulawesi Tenggara,Konawe Kepulauan,2024,"Administrasi Pemerintahan, Pertahanan dan Jaminan Sosial Wajib",229.51,5.818245425461257
Sulawesi Tenggara,Konawe Kepulauan,2024,Jasa Pendidikan,58.48,1.4825105332271982
Sulawesi Tenggara,Konawe Kepulauan,2024,Jasa Kesehatan dan Kegiatan Sosial,9.09,0.23043811126941235
Sulawesi Tenggara,Konawe Kepulauan,2024,Jasa Lainnya,2.89,0.07326360193273945
Sulawesi Tenggara,Konawe Kepulauan,2024,PRODUK DOMESTIK BRUTO,1972.34,50.000253507273115
Sulawesi Tenggara,Muna Barat,2016,"Pertanian, Kehutanan, dan Perikanan",748.57,19.023621647034908
Sulawesi Tenggara,Muna Barat,2016,Pertambangan dan Penggalian,217.27,5.521544111106876
Sulawesi Tenggara,Muna Barat,2016,Industri Pengolahan,69.12,1.7565661571303324
Sulawesi Tenggara,Muna Barat,2016,Pengadaan Listrik dan Gas,0.5,0.012706641761648813
Sulawesi Tenggara,Muna Barat,2016,"Pengadaan Air, Pengelolaan Sampah, Limbah dan Daur Ulang",0.42,0.010673579079785004
Sulawesi Tenggara,Muna Barat,2016,Konstruksi,386.43,9.820455151907904
Sulawesi Tenggara,Muna Barat,2016,Perdagangan Besar dan Eceran; Reparasi Mobil dan Sepeda Motor,188.29,4.785067154601711
Sulawesi Tenggara,Muna Barat,2016,Transportasi dan Pergudangan,25.61,0.6508341910316523
Sulawesi Tenggara,Muna Barat,2016,Penyediaan Akomodasi dan Makan Minum,3.16,0.08030597593362052
Sulawesi Tenggara,Muna Barat,2016,Informasi dan Komunikasi,20.59,0.5232595077446982
Sulawesi Tenggara,Muna Barat,2016,Jasa Keuangan dan Asuransi,14.16,0.35985209468989443
Sulawesi Tenggara,Muna Barat,2016,Real Estate,34.94,0.8879401263040191
Sulawesi Tenggara,Muna Barat,2016,Jasa Perusahaan,0.36,0.009148782068387146
Sulawesi Tenggara,Muna Barat,2016,"Administrasi Pemerintahan, Pertahanan dan Jaminan Sosial Wajib",106.49,2.7062605623959644
Sulawesi Tenggara,Muna Barat,2016,Jasa Pendidikan,99.33,2.5243014523691536
Sulawesi Tenggara,Muna Barat,2016,Jasa Kesehatan dan Kegiatan Sosial,22.06,0.5606170345239456
Sulawesi Tenggara,Muna Barat,2016,Jasa Lainnya,30.17,0.7667187638978895
Sulawesi Tenggara,Muna Barat,2016,PRODUK DOMESTIK BRUTO,1967.48,50.00012706641762
Sulawesi Tenggara,Muna Barat,2017,"Pertanian, Kehutanan, dan Perikanan",822.28,19.202637945690448
Sulawesi Tenggara,Muna Barat,2017,Pertambangan dan Penggalian,224.89,5.2518378746975785
Sulawesi Tenggara,Muna Barat,2017,Industri Pengolahan,75.25,1.7573071282448876
Sulawesi Tenggara,Muna Barat,2017,Pengadaan Listrik dan Gas,0.61,0.014245280375141283
Sulawesi Tenggara,Muna Barat,2017,"Pengadaan Air, Pengelolaan Sampah, Limbah dan Daur Ulang",0.43,0.010041755018542214
Sulawesi Tenggara,Muna Barat,2017,Konstruksi,422.8,9.873614004278252
Sulawesi Tenggara,Muna Barat,2017,Perdagangan Besar dan Eceran; Reparasi Mobil dan Sepeda Motor,209.93,4.902478211726901
Sulawesi Tenggara,Muna Barat,2017,Transportasi dan Pergudangan,32.83,0.7666763192063742
Sulawesi Tenggara,Muna Barat,2017,Penyediaan Akomodasi dan Makan Minum,3.42,0.07986698177538226
Sulawesi Tenggara,Muna Barat,2017,Informasi dan Komunikasi,22.4,0.5231053777101061
Sulawesi Tenggara,Muna Barat,2017,Jasa Keuangan dan Asuransi,15.24,0.35589848019205433
Sulawesi Tenggara,Muna Barat,2017,Real Estate,36.23,0.8460762426088011
Sulawesi Tenggara,Muna Barat,2017,Jasa Perusahaan,0.39,0.009107638272631311
Sulawesi Tenggara,Muna Barat,2017,"Administrasi Pemerintahan, Pertahanan dan Jaminan Sosial Wajib",114.04,2.6631668425919868
Sulawesi Tenggara,Muna Barat,2017,Jasa Pendidikan,105.19,2.456493512559199
Sulawesi Tenggara,Muna Barat,2017,Jasa Kesehatan dan Kegiatan Sosial,23.67,0.5527635843927774
Sulawesi Tenggara,Muna Barat,2017,Jasa Lainnya,31.47,0.7349163498454035
Sulawesi Tenggara,Muna Barat,2017,PRODUK DOMESTIK BRUTO,2141.05,49.99976647081352
Sulawesi Tenggara,Muna Barat,2018,"Pertanian, Kehutanan, dan Perikanan",903.51,19.15612225859525
Sulawesi Tenggara,Muna Barat,2018,Pertambangan dan Penggalian,246.39,5.223934392862595
Sulawesi Tenggara,Muna Barat,2018,Industri Pengolahan,78.73,1.6692250284105365
Sulawesi Tenggara,Muna Barat,2018,Pengadaan Listrik dan Gas,0.66,0.013993249317299051
Sulawesi Tenggara,Muna Barat,2018,"Pengadaan Air, Pengelolaan Sampah, Limbah dan Daur Ulang",0.44,0.009328832878199366
Sulawesi Tenggara,Muna Barat,2018,Konstruksi,482.81,10.236485913462355
Sulawesi Tenggara,Muna Barat,2018,Perdagangan Besar dan Eceran; Reparasi Mobil dan Sepeda Motor,233.46,4.949793917600964
Sulawesi Tenggara,Muna Barat,2018,Transportasi dan Pergudangan,35.52,0.753091235985549
Sulawesi Tenggara,Muna Barat,2018,Penyediaan Akomodasi dan Makan Minum,3.86,0.08183930661329444
Sulawesi Tenggara,Muna Barat,2018,Informasi dan Komunikasi,23.99,0.5086334107909154
Sulawesi Tenggara,Muna Barat,2018,Jasa Keuangan dan Asuransi,16.61,0.3521634411520261
Sulawesi Tenggara,Muna Barat,2018,Real Estate,38.03,0.8063079871770953
Sulawesi Tenggara,Muna Barat,2018,Jasa Perusahaan,0.42,0.008904795020099396
Sulawesi Tenggara,Muna Barat,2018,"Administrasi Pemerintahan, Pertahanan dan Jaminan Sosial Wajib",123.55,2.6194938684125724
Sulawesi Tenggara,Muna Barat,2018,Jasa Pendidikan,111.51,2.3642230778363893
Sulawesi Tenggara,Muna Barat,2018,Jasa Kesehatan dan Kegiatan Sosial,25.73,0.545524704445613
Sulawesi Tenggara,Muna Barat,2018,Jasa Lainnya,33.05,0.7007225605102024
Sulawesi Tenggara,Muna Barat,2018,PRODUK DOMESTIK BRUTO,2358.29,50.000212018929055
Sulawesi Tenggara,Muna Barat,2019,"Pertanian, Kehutanan, dan Perikanan",984.16,19.006529535477913
Sulawesi Tenggara,Muna Barat,2019,Pertambangan dan Penggalian,273.42,5.280406951705385
Sulawesi Tenggara,Muna Barat,2019,Industri Pengolahan,83.55,1.613554241880568
Sulawesi Tenggara,Muna Barat,2019,Pengadaan Listrik dan Gas,0.72,0.013904955764859473
Sulawesi Tenggara,Muna Barat,2019,"Pengadaan Air, Pengelolaan Sampah, Limbah dan Daur Ulang",0.45,0.00869059735303717
Sulawesi Tenggara,Muna Barat,2019,Konstruksi,545.62,10.537252728364757
Sulawesi Tenggara,Muna Barat,2019,Perdagangan Besar dan Eceran; Reparasi Mobil dan Sepeda Motor,258.29,4.988209756257713
Sulawesi Tenggara,Muna Barat,2019,Transportasi dan Pergudangan,37.44,0.7230576997726925
Sulawesi Tenggara,Muna Barat,2019,Penyediaan Akomodasi dan Makan Minum,4.28,0.08265723704666464
Sulawesi Tenggara,Muna Barat,2019,Informasi dan Komunikasi,25.78,0.4978746661362184
Sulawesi Tenggara,Muna Barat,2019,Jasa Keuangan dan Asuransi,18.03,0.348203267278356
Sulawesi Tenggara,Muna Barat,2019,Real Estate,40.64,0.784857503172068
Sulawesi Tenggara,Muna Barat,2019,Jasa Perusahaan,0.46,0.008883721738660219
Sulawesi Tenggara,Muna Barat,2019,"Administrasi Pemerintahan, Pertahanan dan Jaminan Sosial Wajib",132.14,2.551945631622959
Sulawesi Tenggara,Muna Barat,2019,Jasa Pendidikan,120.56,2.32830759307147
Sulawesi Tenggara,Muna Barat,2019,Jasa Kesehatan dan Kegiatan Sosial,28.33,0.5471213844700956
Sulawesi Tenggara,Muna Barat,2019,Jasa Lainnya,35.13,0.6784459666937684
Sulawesi Tenggara,Muna Barat,2019,PRODUK DOMESTIK BRUTO,2589.01,50.00009656219281
Sulawesi Tenggara,Muna Barat,2020,"Pertanian, Kehutanan, dan Perikanan",1012.6,19.338857811840516
Sulawesi Tenggara,Muna Barat,2020,Pertambangan dan Penggalian,263.0,5.022831922293161
Sulawesi Tenggara,Muna Barat,2020,Industri Pengolahan,83.34,1.5916456745395897
Sulawesi Tenggara,Muna Barat,2020,Pengadaan Listrik dan Gas,0.73,0.01394170077290497
Sulawesi Tenggara,Muna Barat,2020,"Pengadaan Air, Pengelolaan Sampah, Limbah dan Daur Ulang",0.46,0.008785181308953819
Sulawesi Tenggara,Muna Barat,2020,Konstruksi,545.41,10.4163602993837
Sulawesi Tenggara,Muna Barat,2020,Perdagangan Besar dan Eceran; Reparasi Mobil dan Sepeda Motor,257.66,4.920847426228351
Sulawesi Tenggara,Muna Barat,2020,Transportasi dan Pergudangan,36.49,0.6968940564428802
Sulawesi Tenggara,Muna Barat,2020,Penyediaan Akomodasi dan Makan Minum,4.28,0.08174038261374422
Sulawesi Tenggara,Muna Barat,2020,Informasi dan Komunikasi,27.33,0.5219543590732779
Sulawesi Tenggara,Muna Barat,2020,Jasa Keuangan dan Asuransi,18.39,0.35121627015578416
Sulawesi Tenggara,Muna Barat,2020,Real Estate,40.91,0.7813081898897841
Sulawesi Tenggara,Muna Barat,2020,Jasa Perusahaan,0.47,0.008976163511322379
Sulawesi Tenggara,Muna Barat,2020,"Administrasi Pemerintahan, Pertahanan dan Jaminan Sosial Wajib",137.23,2.620848763103766
Sulawesi Tenggara,Muna Barat,2020,Jasa Pendidikan,124.43,2.376391544072008
Sulawesi Tenggara,Muna Barat,2020,Jasa Kesehatan dan Kegiatan Sosial,30.1,0.5748564291293694
Sulawesi Tenggara,Muna Barat,2020,Jasa Lainnya,35.23,0.6728302989444412
Sulawesi Tenggara,Muna Barat,2020,PRODUK DOMESTIK BRUTO,2618.03,49.999713526696446
Sulawesi Tenggara,Muna Barat,2021,"Pertanian, Kehutanan, dan Perikanan",1077.91,19.32077676724586
Sulawesi Tenggara,Muna Barat,2021,Pertambangan dan Penggalian,287.19,5.1476782660754035
Sulawesi Tenggara,Muna Barat,2021,Industri Pengolahan,88.78,1.591318905470853
Sulawesi Tenggara,Muna Barat,2021,Pengadaan Listrik dan Gas,0.77,0.013801707109850833
Sulawesi Tenggara,Muna Barat,2021,"Pengadaan Air, Pengelolaan Sampah, Limbah dan Daur Ulang",0.47,0.008424418625493365
Sulawesi Tenggara,Muna Barat,2021,Konstruksi,594.73,10.660115934339723
Sulawesi Tenggara,Muna Barat,2021,Perdagangan Besar dan Eceran; Reparasi Mobil dan Sepeda Motor,274.11,4.913228488157418
Sulawesi Tenggara,Muna Barat,2021,Transportasi dan Pergudangan,37.58,0.6735950041405121
Sulawesi Tenggara,Muna Barat,2021,Penyediaan Akomodasi dan Makan Minum,4.36,0.07814992597266186
Sulawesi Tenggara,Muna Barat,2021,Informasi dan Komunikasi,27.31,0.4895124950260081
Sulawesi Tenggara,Muna Barat,2021,Jasa Keuangan dan Asuransi,19.92,0.3570519553613359
Sulawesi Tenggara,Muna Barat,2021,Real Estate,41.96,0.7521034160121312
Sulawesi Tenggara,Muna Barat,2021,Jasa Perusahaan,0.49,0.008782904524450531
Sulawesi Tenggara,Muna Barat,2021,"Administrasi Pemerintahan, Pertahanan dan Jaminan Sosial Wajib",138.68,2.485741223368979
Sulawesi Tenggara,Muna Barat,2021,Jasa Pendidikan,127.22,2.2803288032665234
Sulawesi Tenggara,Muna Barat,2021,Jasa Kesehatan dan Kegiatan Sosial,31.73,0.5687378786955415
Sulawesi Tenggara,Muna Barat,2021,Jasa Lainnya,36.3,0.6506519066072535
Sulawesi Tenggara,Muna Barat,2021,PRODUK DOMESTIK BRUTO,2789.51,50.0
Sulawesi Tenggara,Muna Barat,2022,"Pertanian, Kehutanan, dan Perikanan",1210.75,19.719023258919773
Sulawesi Tenggara,Muna Barat,2022,Pertambangan dan Penggalian,315.82,5.143639831205486
Sulawesi Tenggara,Muna Barat,2022,Industri Pengolahan,94.99,1.5470658842575173
Sulawesi Tenggara,Muna Barat,2022,Pengadaan Listrik dan Gas,0.84,0.013680759477590428
Sulawesi Tenggara,Muna Barat,2022,"Pengadaan Air, Pengelolaan Sampah, Limbah dan Daur Ulang",0.5,0.008143309212851444
Sulawesi Tenggara,Muna Barat,2022,Konstruksi,625.35,10.184836832513303
Sulawesi Tenggara,Muna Barat,2022,Perdagangan Besar dan Eceran; Reparasi Mobil dan Sepeda Motor,308.32,5.021490193012715
Sulawesi Tenggara,Muna Barat,2022,Transportasi dan Pergudangan,44.22,0.7201942667845818
Sulawesi Tenggara,Muna Barat,2022,Penyediaan Akomodasi dan Makan Minum,4.67,0.07605850804803249
Sulawesi Tenggara,Muna Barat,2022,Informasi dan Komunikasi,28.15,0.4584683086835363
Sulawesi Tenggara,Muna Barat,2022,Jasa Keuangan dan Asuransi,21.91,0.3568398097071503
Sulawesi Tenggara,Muna Barat,2022,Real Estate,45.16,0.7355036881047424
Sulawesi Tenggara,Muna Barat,2022,Jasa Perusahaan,0.54,0.008794773949879561
Sulawesi Tenggara,Muna Barat,2022,"Administrasi Pemerintahan, Pertahanan dan Jaminan Sosial Wajib",153.05,2.4926669500538274
Sulawesi Tenggara,Muna Barat,2022,Jasa Pendidikan,141.35,2.3021135144731035
Sulawesi Tenggara,Muna Barat,2022,Jasa Kesehatan dan Kegiatan Sosial,34.37,0.5597710752914082
Sulawesi Tenggara,Muna Barat,2022,Jasa Lainnya,40.02,0.6517904693966297
Sulawesi Tenggara,Muna Barat,2022,PRODUK DOMESTIK BRUTO,3070.0,49.99991856690787
Sulawesi Tenggara,Muna Barat,2023,"Pertanian, Kehutanan, dan Perikanan",1329.28,19.623381301336295
Sulawesi Tenggara,Muna Barat,2023,Pertambangan dan Penggalian,359.13,5.3016256369981525
Sulawesi Tenggara,Muna Barat,2023,Industri Pengolahan,93.14,1.3749712132932583
Sulawesi Tenggara,Muna Barat,2023,Pengadaan Listrik dan Gas,0.93,0.013729044753733415
Sulawesi Tenggara,Muna Barat,2023,"Pengadaan Air, Pengelolaan Sampah, Limbah dan Daur Ulang",0.54,0.007971703405393596
Sulawesi Tenggara,Muna Barat,2023,Konstruksi,700.92,10.347271020200887
Sulawesi Tenggara,Muna Barat,2023,Perdagangan Besar dan Eceran; Reparasi Mobil dan Sepeda Motor,345.05,5.093770851909372
Sulawesi Tenggara,Muna Barat,2023,Transportasi dan Pergudangan,50.2,0.7410731684273306
Sulawesi Tenggara,Muna Barat,2023,Penyediaan Akomodasi dan Makan Minum,5.17,0.07632167889978683
Sulawesi Tenggara,Muna Barat,2023,Informasi dan Komunikasi,28.89,0.42648613218855747
Sulawesi Tenggara,Muna Barat,2023,Jasa Keuangan dan Asuransi,23.36,0.3448499843518415
Sulawesi Tenggara,Muna Barat,2023,Real Estate,47.93,0.7075624892972502
Sulawesi Tenggara,Muna Barat,2023,Jasa Perusahaan,0.59,0.008709824091078188
Sulawesi Tenggara,Muna Barat,2023,"Administrasi Pemerintahan, Pertahanan dan Jaminan Sosial Wajib",167.52,2.472999545317658
Sulawesi Tenggara,Muna Barat,2023,Jasa Pendidikan,158.83,2.344714170145676
Sulawesi Tenggara,Muna Barat,2023,Jasa Kesehatan dan Kegiatan Sosial,33.29,0.49144075252880154
Sulawesi Tenggara,Muna Barat,2023,Jasa Lainnya,42.2,0.622973858717796
Sulawesi Tenggara,Muna Barat,2023,PRODUK DOMESTIK BRUTO,3386.99,50.000147624137135
Sulawesi Tenggara,Muna Barat,2024,"Pertanian, Kehutanan, dan Perikanan",1430.72,20.201147356040423
Sulawesi Tenggara,Muna Barat,2024,Pertambangan dan Penggalian,358.55,5.062570862578488
Sulawesi Tenggara,Muna Barat,2024,Industri Pengolahan,104.07,1.4694233709902194
Sulawesi Tenggara,Muna Barat,2024,Pengadaan Listrik dan Gas,0.96,0.013554784627179883
Sulawesi Tenggara,Muna Barat,2024,"Pengadaan Air, Pengelolaan Sampah, Limbah dan Daur Ulang",0.6,0.008471740391987429
Sulawesi Tenggara,Muna Barat,2024,Konstruksi,677.94,9.572219468906596
Sulawesi Tenggara,Muna Barat,2024,Perdagangan Besar dan Eceran; Reparasi Mobil dan Sepeda Motor,374.72,5.290884266142549
Sulawesi Tenggara,Muna Barat,2024,Transportasi dan Pergudangan,47.61,0.6722326001042024
Sulawesi Tenggara,Muna Barat,2024,Penyediaan Akomodasi dan Makan Minum,5.51,0.07779881593308455
Sulawesi Tenggara,Muna Barat,2024,Informasi dan Komunikasi,30.09,0.42485778065816954
Sulawesi Tenggara,Muna Barat,2024,Jasa Keuangan dan Asuransi,23.92,0.3377400502938988
Sulawesi Tenggara,Muna Barat,2024,Real Estate,50.43,0.7120497799465433
Sulawesi Tenggara,Muna Barat,2024,Jasa Perusahaan,0.64,0.009036523084786589
Sulawesi Tenggara,Muna Barat,2024,"Administrasi Pemerintahan, Pertahanan dan Jaminan Sosial Wajib",190.74,2.6931662706128034
Sulawesi Tenggara,Muna Barat,2024,Jasa Pendidikan,165.82,2.3413066529989255
Sulawesi Tenggara,Muna Barat,2024,Jasa Kesehatan dan Kegiatan Sosial,34.0,0.4800652888792876
Sulawesi Tenggara,Muna Barat,2024,Jasa Lainnya,44.87,0.6335449856474598
Sulawesi Tenggara,Muna Barat,2024,PRODUK DOMESTIK BRUTO,3541.18,49.9999294021634
Sulawesi Tenggara,Buton Tengah,2016,"Pertanian, Kehutanan, dan Perikanan",729.4,20.26471372688478
Sulawesi Tenggara,Buton Tengah,2016,Pertambangan dan Penggalian,103.2,2.867176386913229
Sulawesi Tenggara,Buton Tengah,2016,Industri Pengolahan,101.55,2.82133490398293
Sulawesi Tenggara,Buton Tengah,2016,Pengadaan Listrik dan Gas,0.78,0.02167051920341394
Sulawesi Tenggara,Buton Tengah,2016,"Pengadaan Air, Pengelolaan Sampah, Limbah dan Daur Ulang",8.66,0.24059832859174962
Sulawesi Tenggara,Buton Tengah,2016,Konstruksi,270.63,7.518836682076813
Sulawesi Tenggara,Buton Tengah,2016,Perdagangan Besar dan Eceran; Reparasi Mobil dan Sepeda Motor,211.92,5.887713371266002
Sulawesi Tenggara,Buton Tengah,2016,Transportasi dan Pergudangan,20.33,0.5648226351351351
Sulawesi Tenggara,Buton Tengah,2016,Penyediaan Akomodasi dan Makan Minum,3.91,0.10863042318634425
Sulawesi Tenggara,Buton Tengah,2016,Informasi dan Komunikasi,11.83,0.3286695412517781
Sulawesi Tenggara,Buton Tengah,2016,Jasa Keuangan dan Asuransi,33.33,0.9259979551920341
Sulawesi Tenggara,Buton Tengah,2016,Real Estate,64.68,1.7969861308677098
Sulawesi Tenggara,Buton Tengah,2016,Jasa Perusahaan,0.66,0.018336593172119487
Sulawesi Tenggara,Buton Tengah,2016,"Administrasi Pemerintahan, Pertahanan dan Jaminan Sosial Wajib",65.27,1.8133779338549074
Sulawesi Tenggara,Buton Tengah,2016,Jasa Pendidikan,140.87,3.913751333570412
Sulawesi Tenggara,Buton Tengah,2016,Jasa Kesehatan dan Kegiatan Sosial,19.29,0.5359286095305832
Sulawesi Tenggara,Buton Tengah,2016,Jasa Lainnya,13.36,0.37117709815078237
Sulawesi Tenggara,Buton Tengah,2016,PRODUK DOMESTIK BRUTO,1799.69,50.00027782716927
Sulawesi Tenggara,Buton Tengah,2017,"Pertanian, Kehutanan, dan Perikanan",803.61,20.339150352437958
Sulawesi Tenggara,Buton Tengah,2017,Pertambangan dan Penggalian,109.6,2.773946166208982
Sulawesi Tenggara,Buton Tengah,2017,Industri Pengolahan,111.32,2.8174788980144516
Sulawesi Tenggara,Buton Tengah,2017,Pengadaan Listrik dan Gas,0.93,0.023538046848306148
Sulawesi Tenggara,Buton Tengah,2017,"Pengadaan Air, Pengelolaan Sampah, Limbah dan Daur Ulang",9.34,0.23639285759481654
Sulawesi Tenggara,Buton Tengah,2017,Konstruksi,289.4,7.324635223548171
Sulawesi Tenggara,Buton Tengah,2017,Perdagangan Besar dan Eceran; Reparasi Mobil dan Sepeda Motor,245.62,6.21657534073221
Sulawesi Tenggara,Buton Tengah,2017,Transportasi dan Pergudangan,22.58,0.5714936535857557
Sulawesi Tenggara,Buton Tengah,2017,Penyediaan Akomodasi dan Makan Minum,4.19,0.10604775945634705
Sulawesi Tenggara,Buton Tengah,2017,Informasi dan Komunikasi,13.4,0.33915035243795955
Sulawesi Tenggara,Buton Tengah,2017,Jasa Keuangan dan Asuransi,36.73,0.9296263018691233
Sulawesi Tenggara,Buton Tengah,2017,Real Estate,70.45,1.7830703230786753
Sulawesi Tenggara,Buton Tengah,2017,Jasa Perusahaan,0.72,0.018223004011591853
Sulawesi Tenggara,Buton Tengah,2017,"Administrasi Pemerintahan, Pertahanan dan Jaminan Sosial Wajib",70.41,1.7820579339669198
Sulawesi Tenggara,Buton Tengah,2017,Jasa Pendidikan,152.6,3.8622644613457178
Sulawesi Tenggara,Buton Tengah,2017,Jasa Kesehatan dan Kegiatan Sosial,20.46,0.5178370306627352
Sulawesi Tenggara,Buton Tengah,2017,Jasa Lainnya,14.16,0.3583857455613065
Sulawesi Tenggara,Buton Tengah,2017,PRODUK DOMESTIK BRUTO,1975.53,50.00012654863897
Sulawesi Tenggara,Buton Tengah,2018,"Pertanian, Kehutanan, dan Perikanan",884.82,20.389577769225987
Sulawesi Tenggara,Buton Tengah,2018,Pertambangan dan Penggalian,119.51,2.753959493682554
Sulawesi Tenggara,Buton Tengah,2018,Industri Pengolahan,113.91,2.6249144500491988
Sulawesi Tenggara,Buton Tengah,2018,Pengadaan Listrik dan Gas,0.96,0.02212200748000378
Sulawesi Tenggara,Buton Tengah,2018,"Pengadaan Air, Pengelolaan Sampah, Limbah dan Daur Ulang",9.86,0.22721145182587216
Sulawesi Tenggara,Buton Tengah,2018,Konstruksi,326.91,7.533234859675038
Sulawesi Tenggara,Buton Tengah,2018,Perdagangan Besar dan Eceran; Reparasi Mobil dan Sepeda Motor,276.65,6.375055593065672
Sulawesi Tenggara,Buton Tengah,2018,Transportasi dan Pergudangan,24.43,0.5629590028505129
Sulawesi Tenggara,Buton Tengah,2018,Penyediaan Akomodasi dan Makan Minum,4.63,0.10669259857543491
Sulawesi Tenggara,Buton Tengah,2018,Informasi dan Komunikasi,14.29,0.3292952988429729
Sulawesi Tenggara,Buton Tengah,2018,Jasa Keuangan dan Asuransi,38.19,0.8800411100639003
Sulawesi Tenggara,Buton Tengah,2018,Real Estate,73.68,1.6978640740902904
Sulawesi Tenggara,Buton Tengah,2018,Jasa Perusahaan,0.77,0.017743693499586367
Sulawesi Tenggara,Buton Tengah,2018,"Administrasi Pemerintahan, Pertahanan dan Jaminan Sosial Wajib",80.09,1.845574561534899
Sulawesi Tenggara,Buton Tengah,2018,Jasa Pendidikan,163.86,3.775950151743146
Sulawesi Tenggara,Buton Tengah,2018,Jasa Kesehatan dan Kegiatan Sosial,22.35,0.5150279866438381
Sulawesi Tenggara,Buton Tengah,2018,Jasa Lainnya,14.88,0.3428911159400586
Sulawesi Tenggara,Buton Tengah,2018,PRODUK DOMESTIK BRUTO,2169.78,49.99988478121105
Sulawesi Tenggara,Buton Tengah,2019,"Pertanian, Kehutanan, dan Perikanan",941.97,20.15133234070956
Sulawesi Tenggara,Buton Tengah,2019,Pertambangan dan Penggalian,128.55,2.750038506956924
Sulawesi Tenggara,Buton Tengah,2019,Industri Pengolahan,122.58,2.6223237664938135
Sulawesi Tenggara,Buton Tengah,2019,Pengadaan Listrik dan Gas,1.02,0.021820608923345485
Sulawesi Tenggara,Buton Tengah,2019,"Pengadaan Air, Pengelolaan Sampah, Limbah dan Daur Ulang",10.29,0.2201314370796324
Sulawesi Tenggara,Buton Tengah,2019,Konstruksi,369.51,7.904836473789599
Sulawesi Tenggara,Buton Tengah,2019,Perdagangan Besar dan Eceran; Reparasi Mobil dan Sepeda Motor,299.9,6.415686878540501
Sulawesi Tenggara,Buton Tengah,2019,Transportasi dan Pergudangan,26.84,0.5741815132378362
Sulawesi Tenggara,Buton Tengah,2019,Penyediaan Akomodasi dan Makan Minum,4.67,0.09990416046276807
Sulawesi Tenggara,Buton Tengah,2019,Informasi dan Komunikasi,15.22,0.32559771354246897
Sulawesi Tenggara,Buton Tengah,2019,Jasa Keuangan dan Asuransi,41.04,0.8779586178569596
Sulawesi Tenggara,Buton Tengah,2019,Real Estate,78.25,1.6739829884821416
Sulawesi Tenggara,Buton Tengah,2019,Jasa Perusahaan,0.83,0.01775598569252623
Sulawesi Tenggara,Buton Tengah,2019,"Administrasi Pemerintahan, Pertahanan dan Jaminan Sosial Wajib",81.7,1.7477879892522807
Sulawesi Tenggara,Buton Tengah,2019,Jasa Pendidikan,174.91,3.741806575276822
Sulawesi Tenggara,Buton Tengah,2019,Jasa Kesehatan dan Kegiatan Sosial,24.2,0.5177046430832949
Sulawesi Tenggara,Buton Tengah,2019,Jasa Lainnya,15.76,0.33714980061953415
Sulawesi Tenggara,Buton Tengah,2019,PRODUK DOMESTIK BRUTO,2337.24,50.0
Sulawesi Tenggara,Buton Tengah,2020,"Pertanian, Kehutanan, dan Perikanan",954.3,19.64651507509238
Sulawesi Tenggara,Buton Tengah,2020,Pertambangan dan Penggalian,196.33,4.0419158594706985
Sulawesi Tenggara,Buton Tengah,2020,Industri Pengolahan,122.83,2.5287450976355417
Sulawesi Tenggara,Buton Tengah,2020,Pengadaan Listrik dan Gas,1.04,0.021410851596034872
Sulawesi Tenggara,Buton Tengah,2020,"Pengadaan Air, Pengelolaan Sampah, Limbah dan Daur Ulang",10.63,0.21884360814024106
Sulawesi Tenggara,Buton Tengah,2020,Konstruksi,367.3,7.561736337715008
Sulawesi Tenggara,Buton Tengah,2020,Perdagangan Besar dan Eceran; Reparasi Mobil dan Sepeda Motor,293.54,6.043212862980844
Sulawesi Tenggara,Buton Tengah,2020,Transportasi dan Pergudangan,26.86,0.5529764171822084
Sulawesi Tenggara,Buton Tengah,2020,Penyediaan Akomodasi dan Makan Minum,4.62,0.09511359074392414
Sulawesi Tenggara,Buton Tengah,2020,Informasi dan Komunikasi,16.36,0.33680916549147166
Sulawesi Tenggara,Buton Tengah,2020,Jasa Keuangan dan Asuransi,41.96,0.8638455124707916
Sulawesi Tenggara,Buton Tengah,2020,Real Estate,79.28,1.6321656870515815
Sulawesi Tenggara,Buton Tengah,2020,Jasa Perusahaan,0.83,0.017087506562220137
Sulawesi Tenggara,Buton Tengah,2020,"Administrasi Pemerintahan, Pertahanan dan Jaminan Sosial Wajib",85.6,1.7622777852121008
Sulawesi Tenggara,Buton Tengah,2020,Jasa Pendidikan,184.58,3.8000144111501126
Sulawesi Tenggara,Buton Tengah,2020,Jasa Kesehatan dan Kegiatan Sosial,27.02,0.5562703943508291
Sulawesi Tenggara,Buton Tengah,2020,Jasa Lainnya,15.6,0.3211627739405231
Sulawesi Tenggara,Buton Tengah,2020,PRODUK DOMESTIK BRUTO,2428.67,49.999897063213474
Sulawesi Tenggara,Buton Tengah,2021,"Pertanian, Kehutanan, dan Perikanan",980.72,19.335199716099524
Sulawesi Tenggara,Buton Tengah,2021,Pertambangan dan Penggalian,205.73,4.056030913607508
Sulawesi Tenggara,Buton Tengah,2021,Industri Pengolahan,131.37,2.5900003943062186
Sulawesi Tenggara,Buton Tengah,2021,Pengadaan Listrik dan Gas,1.13,0.022278301328811954
Sulawesi Tenggara,Buton Tengah,2021,"Pengadaan Air, Pengelolaan Sampah, Limbah dan Daur Ulang",10.75,0.21193959228737036
Sulawesi Tenggara,Buton Tengah,2021,Konstruksi,406.65,8.017231181735736
Sulawesi Tenggara,Buton Tengah,2021,Perdagangan Besar dan Eceran; Reparasi Mobil dan Sepeda Motor,297.64,5.868065139387248
Sulawesi Tenggara,Buton Tengah,2021,Transportasi dan Pergudangan,28.16,0.5551831552383582
Sulawesi Tenggara,Buton Tengah,2021,Penyediaan Akomodasi dan Makan Minum,4.86,0.09581641102480187
Sulawesi Tenggara,Buton Tengah,2021,Informasi dan Komunikasi,17.01,0.33535743858680656
Sulawesi Tenggara,Buton Tengah,2021,Jasa Keuangan dan Asuransi,45.87,0.9043413114624816
Sulawesi Tenggara,Buton Tengah,2021,Real Estate,79.67,1.5707188202357953
Sulawesi Tenggara,Buton Tengah,2021,Jasa Perusahaan,0.86,0.01695516738298963
Sulawesi Tenggara,Buton Tengah,2021,"Administrasi Pemerintahan, Pertahanan dan Jaminan Sosial Wajib",86.68,1.7089231497180712
Sulawesi Tenggara,Buton Tengah,2021,Jasa Pendidikan,193.76,3.8200386420093846
Sulawesi Tenggara,Buton Tengah,2021,Jasa Kesehatan dan Kegiatan Sosial,29.41,0.5798272938764244
Sulawesi Tenggara,Buton Tengah,2021,Jasa Lainnya,15.83,0.3120933717124719
Sulawesi Tenggara,Buton Tengah,2021,PRODUK DOMESTIK BRUTO,2536.1,50.0
Sulawesi Tenggara,Buton Tengah,2022,"Pertanian, Kehutanan, dan Perikanan",1089.29,19.49236707472232
Sulawesi Tenggara,Buton Tengah,2022,Pertambangan dan Penggalian,244.02,4.366630937191878
Sulawesi Tenggara,Buton Tengah,2022,Industri Pengolahan,140.35,2.511501729509385
Sulawesi Tenggara,Buton Tengah,2022,Pengadaan Listrik dan Gas,1.24,0.02218925646306831
Sulawesi Tenggara,Buton Tengah,2022,"Pengadaan Air, Pengelolaan Sampah, Limbah dan Daur Ulang",11.1,0.1986296344677889
Sulawesi Tenggara,Buton Tengah,2022,Konstruksi,433.03,7.748882037260056
Sulawesi Tenggara,Buton Tengah,2022,Perdagangan Besar dan Eceran; Reparasi Mobil dan Sepeda Motor,338.61,6.059277524967388
Sulawesi Tenggara,Buton Tengah,2022,Transportasi dan Pergudangan,31.66,0.5665418222747924
Sulawesi Tenggara,Buton Tengah,2022,Penyediaan Akomodasi dan Makan Minum,5.4,0.09663063298432974
Sulawesi Tenggara,Buton Tengah,2022,Informasi dan Komunikasi,18.17,0.3251441854306058
Sulawesi Tenggara,Buton Tengah,2022,Jasa Keuangan dan Asuransi,50.21,0.8984859411376288
Sulawesi Tenggara,Buton Tengah,2022,Real Estate,82.94,1.4841749443926495
Sulawesi Tenggara,Buton Tengah,2022,Jasa Perusahaan,0.93,0.016641942347301233
Sulawesi Tenggara,Buton Tengah,2022,"Administrasi Pemerintahan, Pertahanan dan Jaminan Sosial Wajib",90.42,1.61802626563761
Sulawesi Tenggara,Buton Tengah,2022,Jasa Pendidikan,209.29,3.7451528106093277
Sulawesi Tenggara,Buton Tengah,2022,Jasa Kesehatan dan Kegiatan Sosial,30.26,0.5414894359455218
Sulawesi Tenggara,Buton Tengah,2022,Jasa Lainnya,17.22,0.30814435185002925
Sulawesi Tenggara,Buton Tengah,2022,PRODUK DOMESTIK BRUTO,2794.15,50.00008947280832
Sulawesi Tenggara,Buton Tengah,2023,"Pertanian, Kehutanan, dan Perikanan",1161.85,19.198039630398288
Sulawesi Tenggara,Buton Tengah,2023,Pertambangan dan Penggalian,294.44,4.865232851723089
Sulawesi Tenggara,Buton Tengah,2023,Industri Pengolahan,121.22,2.003000700604106
Sulawesi Tenggara,Buton Tengah,2023,Pengadaan Listrik dan Gas,1.34,0.022141733532498778
Sulawesi Tenggara,Buton Tengah,2023,"Pengadaan Air, Pengelolaan Sampah, Limbah dan Daur Ulang",11.84,0.1956403918095414
Sulawesi Tenggara,Buton Tengah,2023,Konstruksi,463.9,7.665335959497151
Sulawesi Tenggara,Buton Tengah,2023,Perdagangan Besar dan Eceran; Reparasi Mobil dan Sepeda Motor,388.81,6.424572697590186
Sulawesi Tenggara,Buton Tengah,2023,Transportasi dan Pergudangan,36.92,0.6100543298655633
Sulawesi Tenggara,Buton Tengah,2023,Penyediaan Akomodasi dan Makan Minum,5.69,0.09401974910441646
Sulawesi Tenggara,Buton Tengah,2023,Informasi dan Komunikasi,19.47,0.32171608349085906
Sulawesi Tenggara,Buton Tengah,2023,Jasa Keuangan dan Asuransi,53.87,0.890130735369932
Sulawesi Tenggara,Buton Tengah,2023,Real Estate,84.19,1.3911287657470688
Sulawesi Tenggara,Buton Tengah,2023,Jasa Perusahaan,1.05,0.017349865827704265
Sulawesi Tenggara,Buton Tengah,2023,"Administrasi Pemerintahan, Pertahanan dan Jaminan Sosial Wajib",100.28,1.656994804954461
Sulawesi Tenggara,Buton Tengah,2023,Jasa Pendidikan,230.64,3.8110219566682964
Sulawesi Tenggara,Buton Tengah,2023,Jasa Kesehatan dan Kegiatan Sosial,31.0,0.5122341339607925
Sulawesi Tenggara,Buton Tengah,2023,Jasa Lainnya,19.45,0.3213856098560457
Sulawesi Tenggara,Buton Tengah,2023,PRODUK DOMESTIK BRUTO,3025.96,50.0
Sulawesi Tenggara,Buton Tengah,2024,"Pertanian, Kehutanan, dan Perikanan",1162.84,18.340977773291357
Sulawesi Tenggara,Buton Tengah,2024,Pertambangan dan Penggalian,312.11,4.922777486861447
Sulawesi Tenggara,Buton Tengah,2024,Industri Pengolahan,152.65,2.407683135334978
Sulawesi Tenggara,Buton Tengah,2024,Pengadaan Listrik dan Gas,1.39,0.021923875257881552
Sulawesi Tenggara,Buton Tengah,2024,"Pengadaan Air, Pengelolaan Sampah, Limbah dan Daur Ulang",12.89,0.20330845472956346
Sulawesi Tenggara,Buton Tengah,2024,Konstruksi,467.79,7.378251515744181
Sulawesi Tenggara,Buton Tengah,2024,Perdagangan Besar dan Eceran; Reparasi Mobil dan Sepeda Motor,429.08,6.767695248670372
Sulawesi Tenggara,Buton Tengah,2024,Transportasi dan Pergudangan,39.04,0.6157612158760403
Sulawesi Tenggara,Buton Tengah,2024,Penyediaan Akomodasi dan Makan Minum,6.36,0.1003135587339041
Sulawesi Tenggara,Buton Tengah,2024,Informasi dan Komunikasi,21.28,0.33564033488325146
Sulawesi Tenggara,Buton Tengah,2024,Jasa Keuangan dan Asuransi,56.37,0.8890998908538008
Sulawesi Tenggara,Buton Tengah,2024,Real Estate,87.78,1.3845163813934123
Sulawesi Tenggara,Buton Tengah,2024,Jasa Perusahaan,1.16,0.018296183668447916
Sulawesi Tenggara,Buton Tengah,2024,"Administrasi Pemerintahan, Pertahanan dan Jaminan Sosial Wajib",116.79,1.84207869882589
Sulawesi Tenggara,Buton Tengah,2024,Jasa Pendidikan,248.53,3.9199573509649657
Sulawesi Tenggara,Buton Tengah,2024,Jasa Kesehatan dan Kegiatan Sosial,32.34,0.5100849826186256
Sulawesi Tenggara,Buton Tengah,2024,Jasa Lainnya,21.66,0.34163391229188095
Sulawesi Tenggara,Buton Tengah,2024,PRODUK DOMESTIK BRUTO,3170.06,50.0
Sulawesi Tenggara,Buton Selatan,2016,"Pertanian, Kehutanan, dan Perikanan",669.98,14.983439450561
Sulawesi Tenggara,Buton Selatan,2016,Pertambangan dan Penggalian,681.58,15.242861967093596
Sulawesi Tenggara,Buton Selatan,2016,Industri Pengolahan,85.33,1.908320977217783
Sulawesi Tenggara,Buton Selatan,2016,Pengadaan Listrik dan Gas,0.71,0.01587844713259845
Sulawesi Tenggara,Buton Selatan,2016,"Pengadaan Air, Pengelolaan Sampah, Limbah dan Daur Ulang",6.42,0.14357694449476346
Sulawesi Tenggara,Buton Selatan,2016,Konstruksi,322.25,7.206802237295565
Sulawesi Tenggara,Buton Selatan,2016,Perdagangan Besar dan Eceran; Reparasi Mobil dan Sepeda Motor,180.46,4.0358092528855165
Sulawesi Tenggara,Buton Selatan,2016,Transportasi dan Pergudangan,19.47,0.4354272755939322
Sulawesi Tenggara,Buton Selatan,2016,Penyediaan Akomodasi dan Makan Minum,3.13,0.06999935144370867
Sulawesi Tenggara,Buton Selatan,2016,Informasi dan Komunikasi,20.41,0.4564494450370907
Sulawesi Tenggara,Buton Selatan,2016,Jasa Keuangan dan Asuransi,20.32,0.4544366841329585
Sulawesi Tenggara,Buton Selatan,2016,Real Estate,1.59,0.035558775973002166
Sulawesi Tenggara,Buton Selatan,2016,Jasa Perusahaan,0.5,0.011182005022956656
Sulawesi Tenggara,Buton Selatan,2016,"Administrasi Pemerintahan, Pertahanan dan Jaminan Sosial Wajib",57.89,1.2946525415579215
Sulawesi Tenggara,Buton Selatan,2016,Jasa Pendidikan,120.58,2.6966523313362267
Sulawesi Tenggara,Buton Selatan,2016,Jasa Kesehatan dan Kegiatan Sosial,30.22,0.6758403835875002
Sulawesi Tenggara,Buton Selatan,2016,Jasa Lainnya,14.9,0.33322374968410834
Sulawesi Tenggara,Buton Selatan,2016,PRODUK DOMESTIK BRUTO,2235.73,49.99988817994977
Sulawesi Tenggara,Buton Selatan,2017,"Pertanian, Kehutanan, dan Perikanan",743.4,15.083574445981974
Sulawesi Tenggara,Buton Selatan,2017,Pertambangan dan Penggalian,751.31,15.244068223043742
Sulawesi Tenggara,Buton Selatan,2017,Industri Pengolahan,93.75,1.902186042925491
Sulawesi Tenggara,Buton Selatan,2017,Pengadaan Listrik dan Gas,0.87,0.01765228647834856
Sulawesi Tenggara,Buton Selatan,2017,"Pengadaan Air, Pengelolaan Sampah, Limbah dan Daur Ulang",6.87,0.13939219322558
Sulawesi Tenggara,Buton Selatan,2017,Konstruksi,345.88,7.017899824288734
Sulawesi Tenggara,Buton Selatan,2017,Perdagangan Besar dan Eceran; Reparasi Mobil dan Sepeda Motor,207.05,4.201041282002378
Sulawesi Tenggara,Buton Selatan,2017,Transportasi dan Pergudangan,21.58,0.4378578646008757
Sulawesi Tenggara,Buton Selatan,2017,Penyediaan Akomodasi dan Makan Minum,3.32,0.06736274840013473
Sulawesi Tenggara,Buton Selatan,2017,Informasi dan Komunikasi,23.95,0.4859451277660321
Sulawesi Tenggara,Buton Selatan,2017,Jasa Keuangan dan Asuransi,21.91,0.4445535594719735
Sulawesi Tenggara,Buton Selatan,2017,Real Estate,1.7,0.03449297357838224
Sulawesi Tenggara,Buton Selatan,2017,Jasa Perusahaan,0.53,0.01075369176267211
Sulawesi Tenggara,Buton Selatan,2017,"Administrasi Pemerintahan, Pertahanan dan Jaminan Sosial Wajib",63.27,1.2837473166495554
Sulawesi Tenggara,Buton Selatan,2017,Jasa Pendidikan,131.08,2.6596111627378494
Sulawesi Tenggara,Buton Selatan,2017,Jasa Kesehatan dan Kegiatan Sosial,32.12,0.6517143007868456
Sulawesi Tenggara,Buton Selatan,2017,Jasa Lainnya,15.68,0.31814695629943146
Sulawesi Tenggara,Buton Selatan,2017,PRODUK DOMESTIK BRUTO,2464.27,50.0
Sulawesi Tenggara,Buton Selatan,2018,"Pertanian, Kehutanan, dan Perikanan",822.85,15.273686418419377
Sulawesi Tenggara,Buton Selatan,2018,Pertambangan dan Penggalian,811.04,15.05446999185131
Sulawesi Tenggara,Buton Selatan,2018,Industri Pengolahan,95.89,1.7799037378164115
Sulawesi Tenggara,Buton Selatan,2018,Pengadaan Listrik dan Gas,0.89,0.016520120207076924
Sulawesi Tenggara,Buton Selatan,2018,"Pengadaan Air, Pengelolaan Sampah, Limbah dan Daur Ulang",7.22,0.13401715493830943
Sulawesi Tenggara,Buton Selatan,2018,Konstruksi,384.1,7.129638394986794
Sulawesi Tenggara,Buton Selatan,2018,Perdagangan Besar dan Eceran; Reparasi Mobil dan Sepeda Motor,233.48,4.3338400740992356
Sulawesi Tenggara,Buton Selatan,2018,Transportasi dan Pergudangan,23.5,0.4362054211980986
Sulawesi Tenggara,Buton Selatan,2018,Penyediaan Akomodasi dan Makan Minum,3.68,0.06830791276634054
Sulawesi Tenggara,Buton Selatan,2018,Informasi dan Komunikasi,25.71,0.47722729272353676
Sulawesi Tenggara,Buton Selatan,2018,Jasa Keuangan dan Asuransi,22.93,0.4256251194924425
Sulawesi Tenggara,Buton Selatan,2018,Real Estate,1.66,0.030812808476121
Sulawesi Tenggara,Buton Selatan,2018,Jasa Perusahaan,0.57,0.010580301705656004
Sulawesi Tenggara,Buton Selatan,2018,"Administrasi Pemerintahan, Pertahanan dan Jaminan Sosial Wajib",66.22,1.2291711911377907
Sulawesi Tenggara,Buton Selatan,2018,Jasa Pendidikan,142.36,2.6424767558196303
Sulawesi Tenggara,Buton Selatan,2018,Jasa Kesehatan dan Kegiatan Sosial,35.01,0.6498532679210821
Sulawesi Tenggara,Buton Selatan,2018,Jasa Lainnya,16.57,0.3075712267767018
Sulawesi Tenggara,Buton Selatan,2018,PRODUK DOMESTIK BRUTO,2693.69,50.00009280966409
Sulawesi Tenggara,Buton Selatan,2019,"Pertanian, Kehutanan, dan Perikanan",908.85,15.64269560038967
Sulawesi Tenggara,Buton Selatan,2019,Pertambangan dan Penggalian,830.63,14.2964100198621
Sulawesi Tenggara,Buton Selatan,2019,Industri Pengolahan,101.68,1.7500679855285486
Sulawesi Tenggara,Buton Selatan,2019,Pengadaan Listrik dan Gas,0.96,0.016523065166280552
Sulawesi Tenggara,Buton Selatan,2019,"Pengadaan Air, Pengelolaan Sampah, Limbah dan Daur Ulang",7.45,0.12822587030082305
Sulawesi Tenggara,Buton Selatan,2019,Konstruksi,432.92,7.451213928943935
Sulawesi Tenggara,Buton Selatan,2019,Perdagangan Besar dan Eceran; Reparasi Mobil dan Sepeda Motor,256.56,4.415789165688478
Sulawesi Tenggara,Buton Selatan,2019,Transportasi dan Pergudangan,25.82,0.4444016068680874
Sulawesi Tenggara,Buton Selatan,2019,Penyediaan Akomodasi dan Makan Minum,4.06,0.06987879643239484
Sulawesi Tenggara,Buton Selatan,2019,Informasi dan Komunikasi,27.77,0.4779640829870948
Sulawesi Tenggara,Buton Selatan,2019,Jasa Keuangan dan Asuransi,24.61,0.4235756601480879
Sulawesi Tenggara,Buton Selatan,2019,Real Estate,1.71,0.029431709827437237
Sulawesi Tenggara,Buton Selatan,2019,Jasa Perusahaan,0.62,0.010671146253222857
Sulawesi Tenggara,Buton Selatan,2019,"Administrasi Pemerintahan, Pertahanan dan Jaminan Sosial Wajib",72.13,1.2414673858789753
Sulawesi Tenggara,Buton Selatan,2019,Jasa Pendidikan,153.64,2.6443788876534833
Sulawesi Tenggara,Buton Selatan,2019,Jasa Kesehatan dan Kegiatan Sosial,38.34,0.6598899150783296
Sulawesi Tenggara,Buton Selatan,2019,Jasa Lainnya,17.28,0.29741517299305
Sulawesi Tenggara,Buton Selatan,2019,PRODUK DOMESTIK BRUTO,2905.03,50.0
Sulawesi Tenggara,Buton Selatan,2020,"Pertanian, Kehutanan, dan Perikanan",960.06,16.69823479381578
Sulawesi Tenggara,Buton Selatan,2020,Pertambangan dan Penggalian,737.47,12.826747508900823
Sulawesi Tenggara,Buton Selatan,2020,Industri Pengolahan,102.52,1.7831208789679747
Sulawesi Tenggara,Buton Selatan,2020,Pengadaan Listrik dan Gas,0.98,0.017045049369767997
Sulawesi Tenggara,Buton Selatan,2020,"Pengadaan Air, Pengelolaan Sampah, Limbah dan Daur Ulang",7.78,0.1353168205069337
Sulawesi Tenggara,Buton Selatan,2020,Konstruksi,432.43,7.5212149989477295
Sulawesi Tenggara,Buton Selatan,2020,Perdagangan Besar dan Eceran; Reparasi Mobil dan Sepeda Motor,246.0,4.278655249962171
Sulawesi Tenggara,Buton Selatan,2020,Transportasi dan Pergudangan,25.93,0.4509980919980451
Sulawesi Tenggara,Buton Selatan,2020,Penyediaan Akomodasi dan Makan Minum,3.91,0.06800626840387028
Sulawesi Tenggara,Buton Selatan,2020,Informasi dan Komunikasi,29.59,0.5146561335218726
Sulawesi Tenggara,Buton Selatan,2020,Jasa Keuangan dan Asuransi,25.12,0.43690983690670626
Sulawesi Tenggara,Buton Selatan,2020,Real Estate,1.73,0.03008973000989657
Sulawesi Tenggara,Buton Selatan,2020,Jasa Perusahaan,0.62,0.010783602662506284
Sulawesi Tenggara,Buton Selatan,2020,"Administrasi Pemerintahan, Pertahanan dan Jaminan Sosial Wajib",73.82,1.2839444331390546
Sulawesi Tenggara,Buton Selatan,2020,Jasa Pendidikan,166.05,2.8880922937244655
Sulawesi Tenggara,Buton Selatan,2020,Jasa Kesehatan dan Kegiatan Sosial,42.92,0.7465035907657577
Sulawesi Tenggara,Buton Selatan,2020,Jasa Lainnya,17.81,0.3097676829342531
Sulawesi Tenggara,Buton Selatan,2020,PRODUK DOMESTIK BRUTO,2874.73,49.999913035462406
Sulawesi Tenggara,Buton Selatan,2021,"Pertanian, Kehutanan, dan Perikanan",999.0,16.683561765084093
Sulawesi Tenggara,Buton Selatan,2021,Pertambangan dan Penggalian,733.76,12.253984265013116
Sulawesi Tenggara,Buton Selatan,2021,Industri Pengolahan,108.91,1.8188255373726814
Sulawesi Tenggara,Buton Selatan,2021,Pengadaan Listrik dan Gas,1.07,0.017869280369008988
Sulawesi Tenggara,Buton Selatan,2021,"Pengadaan Air, Pengelolaan Sampah, Limbah dan Daur Ulang",7.83,0.13076305167228072
Sulawesi Tenggara,Buton Selatan,2021,Konstruksi,477.91,7.981222225376716
Sulawesi Tenggara,Buton Selatan,2021,Perdagangan Besar dan Eceran; Reparasi Mobil dan Sepeda Motor,265.16,4.428241479108808
Sulawesi Tenggara,Buton Selatan,2021,Transportasi dan Pergudangan,26.14,0.4365448493886869
Sulawesi Tenggara,Buton Selatan,2021,Penyediaan Akomodasi dan Makan Minum,3.96,0.06613303762736036
Sulawesi Tenggara,Buton Selatan,2021,Informasi dan Komunikasi,30.7,0.5126980442323139
Sulawesi Tenggara,Buton Selatan,2021,Jasa Keuangan dan Asuransi,26.46,0.4418889332373625
Sulawesi Tenggara,Buton Selatan,2021,Real Estate,1.79,0.029893469028529056
Sulawesi Tenggara,Buton Selatan,2021,Jasa Perusahaan,0.64,0.01068816769735117
Sulawesi Tenggara,Buton Selatan,2021,"Administrasi Pemerintahan, Pertahanan dan Jaminan Sosial Wajib",75.06,1.253521667754967
Sulawesi Tenggara,Buton Selatan,2021,Jasa Pendidikan,173.72,2.901169519349758
Sulawesi Tenggara,Buton Selatan,2021,Jasa Kesehatan dan Kegiatan Sosial,43.61,0.7282984270023196
Sulawesi Tenggara,Buton Selatan,2021,Jasa Lainnya,18.24,0.30461277937450837
Sulawesi Tenggara,Buton Selatan,2021,PRODUK DOMESTIK BRUTO,2993.97,50.00008350131013
Sulawesi Tenggara,Buton Selatan,2022,"Pertanian, Kehutanan, dan Perikanan",1141.61,17.223451811418737
Sulawesi Tenggara,Buton Selatan,2022,Pertambangan dan Penggalian,806.13,12.16207041698915
Sulawesi Tenggara,Buton Selatan,2022,Industri Pengolahan,122.79,1.8525307661321349
Sulawesi Tenggara,Buton Selatan,2022,Pengadaan Listrik dan Gas,1.2,0.01810438080754591
Sulawesi Tenggara,Buton Selatan,2022,"Pengadaan Air, Pengelolaan Sampah, Limbah dan Daur Ulang",7.9,0.11918717364967724
Sulawesi Tenggara,Buton Selatan,2022,Konstruksi,502.4,7.5797007647592185
Sulawesi Tenggara,Buton Selatan,2022,Perdagangan Besar dan Eceran; Reparasi Mobil dan Sepeda Motor,297.45,4.487623392670441
Sulawesi Tenggara,Buton Selatan,2022,Transportasi dan Pergudangan,28.81,0.43465600922116465
Sulawesi Tenggara,Buton Selatan,2022,Penyediaan Akomodasi dan Makan Minum,4.36,0.06577925026741681
Sulawesi Tenggara,Buton Selatan,2022,Informasi dan Komunikasi,33.81,0.5100909292526059
Sulawesi Tenggara,Buton Selatan,2022,Jasa Keuangan dan Asuransi,29.1,0.43903123458298826
Sulawesi Tenggara,Buton Selatan,2022,Real Estate,1.95,0.0294196188122621
Sulawesi Tenggara,Buton Selatan,2022,Jasa Perusahaan,0.73,0.011013498324590426
Sulawesi Tenggara,Buton Selatan,2022,"Administrasi Pemerintahan, Pertahanan dan Jaminan Sosial Wajib",75.64,1.1411794702356437
Sulawesi Tenggara,Buton Selatan,2022,Jasa Pendidikan,193.96,2.9262714178596703
Sulawesi Tenggara,Buton Selatan,2022,Jasa Kesehatan dan Kegiatan Sosial,46.38,0.6997343182116493
Sulawesi Tenggara,Buton Selatan,2022,Jasa Lainnya,19.91,0.30038185156519914
Sulawesi Tenggara,Buton Selatan,2022,PRODUK DOMESTIK BRUTO,3314.1,49.99977369523991
Sulawesi Tenggara,Buton Selatan,2023,"Pertanian, Kehutanan, dan Perikanan",1280.31,17.81588402441298
Sulawesi Tenggara,Buton Selatan,2023,Pertambangan dan Penggalian,863.86,12.020861801695995
Sulawesi Tenggara,Buton Selatan,2023,Industri Pengolahan,102.76,1.4299351269213536
Sulawesi Tenggara,Buton Selatan,2023,Pengadaan Listrik dan Gas,1.29,0.01795072317758414
Sulawesi Tenggara,Buton Selatan,2023,"Pengadaan Air, Pengelolaan Sampah, Limbah dan Daur Ulang",8.66,0.12050640520765786
Sulawesi Tenggara,Buton Selatan,2023,Konstruksi,529.8,7.372320263165951
Sulawesi Tenggara,Buton Selatan,2023,Perdagangan Besar dan Eceran; Reparasi Mobil dan Sepeda Motor,331.69,4.615562302924715
Sulawesi Tenggara,Buton Selatan,2023,Transportasi dan Pergudangan,31.98,0.44501095133266727
Sulawesi Tenggara,Buton Selatan,2023,Penyediaan Akomodasi dan Makan Minum,4.63,0.06442778938931361
Sulawesi Tenggara,Buton Selatan,2023,Informasi dan Komunikasi,36.01,0.5010895671510115
Sulawesi Tenggara,Buton Selatan,2023,Jasa Keuangan dan Asuransi,30.73,0.42761683972648107
Sulawesi Tenggara,Buton Selatan,2023,Real Estate,1.94,0.026995661212800955
Sulawesi Tenggara,Buton Selatan,2023,Jasa Perusahaan,0.8,0.011132231427959155
Sulawesi Tenggara,Buton Selatan,2023,"Administrasi Pemerintahan, Pertahanan dan Jaminan Sosial Wajib",81.41,1.1328437006876935
Sulawesi Tenggara,Buton Selatan,2023,Jasa Pendidikan,217.34,3.0243489731908038
Sulawesi Tenggara,Buton Selatan,2023,Jasa Kesehatan dan Kegiatan Sosial,47.77,0.6647333691420111
Sulawesi Tenggara,Buton Selatan,2023,Jasa Lainnya,22.19,0.3087802692330171
Sulawesi Tenggara,Buton Selatan,2023,PRODUK DOMESTIK BRUTO,3593.17,50.0
Sulawesi Tenggara,Buton Selatan,2024,"Pertanian, Kehutanan, dan Perikanan",1289.97,16.85532438107508
Sulawesi Tenggara,Buton Selatan,2024,Pertambangan dan Penggalian,1004.02,13.118973918065539
Sulawesi Tenggara,Buton Selatan,2024,Industri Pengolahan,116.43,1.5213264011477565
Sulawesi Tenggara,Buton Selatan,2024,Pengadaan Listrik dan Gas,1.33,0.01737837424655601
Sulawesi Tenggara,Buton Selatan,2024,"Pengadaan Air, Pengelolaan Sampah, Limbah dan Daur Ulang",8.81,0.11511539632493117
Sulawesi Tenggara,Buton Selatan,2024,Konstruksi,535.19,6.993031663920535
Sulawesi Tenggara,Buton Selatan,2024,Perdagangan Besar dan Eceran; Reparasi Mobil dan Sepeda Motor,362.65,4.738546932716945
Sulawesi Tenggara,Buton Selatan,2024,Transportasi dan Pergudangan,33.46,0.43720330999230383
Sulawesi Tenggara,Buton Selatan,2024,Penyediaan Akomodasi dan Makan Minum,5.04,0.06585489188168593
Sulawesi Tenggara,Buton Selatan,2024,Informasi dan Komunikasi,37.63,0.49169039315631785
Sulawesi Tenggara,Buton Selatan,2024,Jasa Keuangan dan Asuransi,31.32,0.4092411138361912
Sulawesi Tenggara,Buton Selatan,2024,Real Estate,2.0,0.02613289360384362
Sulawesi Tenggara,Buton Selatan,2024,Jasa Perusahaan,0.86,0.011237144249652758
Sulawesi Tenggara,Buton Selatan,2024,"Administrasi Pemerintahan, Pertahanan dan Jaminan Sosial Wajib",96.26,1.2577761691529936
Sulawesi Tenggara,Buton Selatan,2024,Jasa Pendidikan,229.32,2.99639758061671
Sulawesi Tenggara,Buton Selatan,2024,Jasa Kesehatan dan Kegiatan Sosial,49.06,0.6410398801022841
Sulawesi Tenggara,Buton Selatan,2024,Jasa Lainnya,23.24,0.3036642236766629
Sulawesi Tenggara,Buton Selatan,2024,PRODUK DOMESTIK BRUTO,3826.6,50.000065332234
Sulawesi Tenggara,Kendari,2016,"Pertanian, Kehutanan, dan Perikanan",1932.12,5.660539874151631
Sulawesi Tenggara,Kendari,2016,Pertambangan dan Penggalian,394.84,1.1567643644856582
Sulawesi Tenggara,Kendari,2016,Industri Pengolahan,1784.51,5.228086252832291
Sulawesi Tenggara,Kendari,2016,Pengadaan Listrik dan Gas,18.73,0.054873357681127485
Sulawesi Tenggara,Kendari,2016,"Pengadaan Air, Pengelolaan Sampah, Limbah dan Daur Ulang",50.55,0.14809654195306965
Sulawesi Tenggara,Kendari,2016,Konstruksi,3319.14,9.724098046649091
Sulawesi Tenggara,Kendari,2016,Perdagangan Besar dan Eceran; Reparasi Mobil dan Sepeda Motor,2785.25,8.159958327888967
Sulawesi Tenggara,Kendari,2016,Transportasi dan Pergudangan,1364.13,3.9964972457851813
Sulawesi Tenggara,Kendari,2016,Penyediaan Akomodasi dan Makan Minum,220.74,0.646702881715541
Sulawesi Tenggara,Kendari,2016,Informasi dan Komunikasi,1028.45,3.013054175502166
Sulawesi Tenggara,Kendari,2016,Jasa Keuangan dan Asuransi,1141.92,3.3454876990514206
Sulawesi Tenggara,Kendari,2016,Real Estate,318.43,0.9329056746610479
Sulawesi Tenggara,Kendari,2016,Jasa Perusahaan,137.82,0.4037718182388142
Sulawesi Tenggara,Kendari,2016,"Administrasi Pemerintahan, Pertahanan dan Jaminan Sosial Wajib",813.0,2.381849428444028
Sulawesi Tenggara,Kendari,2016,Jasa Pendidikan,1283.81,3.7611834129529247
Sulawesi Tenggara,Kendari,2016,Jasa Kesehatan dan Kegiatan Sosial,178.93,0.5242119535442682
Sulawesi Tenggara,Kendari,2016,Jasa Lainnya,294.2,0.8619189444627714
Sulawesi Tenggara,Kendari,2016,PRODUK DOMESTIK BRUTO,17066.57,50.0
Sulawesi Tenggara,Kendari,2017,"Pertanian, Kehutanan, dan Perikanan",2154.38,5.771441920174195
Sulawesi Tenggara,Kendari,2017,Pertambangan dan Penggalian,433.18,1.160460648066292
Sulawesi Tenggara,Kendari,2017,Industri Pengolahan,2026.98,5.430145723296118
Sulawesi Tenggara,Kendari,2017,Pengadaan Listrik dan Gas,22.8,0.06107969614458529
Sulawesi Tenggara,Kendari,2017,"Pengadaan Air, Pengelolaan Sampah, Limbah dan Daur Ulang",50.86,0.13625058534708806
Sulawesi Tenggara,Kendari,2017,Konstruksi,3498.19,9.371420274387141
Sulawesi Tenggara,Kendari,2017,Perdagangan Besar dan Eceran; Reparasi Mobil dan Sepeda Motor,3101.4,8.308446036088457
Sulawesi Tenggara,Kendari,2017,Transportasi dan Pergudangan,1476.51,3.9554729015105976
Sulawesi Tenggara,Kendari,2017,Penyediaan Akomodasi dan Makan Minum,242.26,0.6489985608766329
Sulawesi Tenggara,Kendari,2017,Informasi dan Komunikasi,1170.59,3.1359333995565826
Sulawesi Tenggara,Kendari,2017,Jasa Keuangan dan Asuransi,1268.22,3.3974777300213135
Sulawesi Tenggara,Kendari,2017,Real Estate,339.3,0.9089623202569206
Sulawesi Tenggara,Kendari,2017,Jasa Perusahaan,151.11,0.4048137230003633
Sulawesi Tenggara,Kendari,2017,"Administrasi Pemerintahan, Pertahanan dan Jaminan Sosial Wajib",859.5,2.3025438086083794
Sulawesi Tenggara,Kendari,2017,Jasa Pendidikan,1371.72,3.6747474033092336
Sulawesi Tenggara,Kendari,2017,Jasa Kesehatan dan Kegiatan Sosial,188.85,0.5059166937239005
Sulawesi Tenggara,Kendari,2017,Jasa Lainnya,308.29,0.8258885756322017
Sulawesi Tenggara,Kendari,2017,PRODUK DOMESTIK BRUTO,18664.14,50.0
Sulawesi Tenggara,Kendari,2018,"Pertanian, Kehutanan, dan Perikanan",2462.17,6.068724172115078
Sulawesi Tenggara,Kendari,2018,Pertambangan dan Penggalian,471.52,1.1621962828056964
Sulawesi Tenggara,Kendari,2018,Industri Pengolahan,2081.73,5.131020673153
Sulawesi Tenggara,Kendari,2018,Pengadaan Listrik dan Gas,23.47,0.057848546737041255
Sulawesi Tenggara,Kendari,2018,"Pengadaan Air, Pengelolaan Sampah, Limbah dan Daur Ulang",53.1,0.13088018030408569
Sulawesi Tenggara,Kendari,2018,Konstruksi,3902.88,9.61976719595499
Sulawesi Tenggara,Kendari,2018,Perdagangan Besar dan Eceran; Reparasi Mobil dan Sepeda Motor,3344.03,8.242321079892122
Sulawesi Tenggara,Kendari,2018,Transportasi dan Pergudangan,1639.46,4.0409194049215875
Sulawesi Tenggara,Kendari,2018,Penyediaan Akomodasi dan Makan Minum,258.56,0.6372952809684443
Sulawesi Tenggara,Kendari,2018,Informasi dan Komunikasi,1284.2,3.1652792381639703
Sulawesi Tenggara,Kendari,2018,Jasa Keuangan dan Asuransi,1303.29,3.2123320186160416
Sulawesi Tenggara,Kendari,2018,Real Estate,347.2,0.8557739849638144
Sulawesi Tenggara,Kendari,2018,Jasa Perusahaan,164.08,0.40442222192644783
Sulawesi Tenggara,Kendari,2018,"Administrasi Pemerintahan, Pertahanan dan Jaminan Sosial Wajib",937.35,2.3103679285882244
Sulawesi Tenggara,Kendari,2018,Jasa Pendidikan,1491.48,3.6761802508462846
Sulawesi Tenggara,Kendari,2018,Jasa Kesehatan dan Kegiatan Sosial,204.55,0.504172144655381
Sulawesi Tenggara,Kendari,2018,Jasa Lainnya,316.66,0.7804993953877924
Sulawesi Tenggara,Kendari,2018,PRODUK DOMESTIK BRUTO,20285.73,50.0
Sulawesi Tenggara,Kendari,2019,"Pertanian, Kehutanan, dan Perikanan",2743.46,6.191930759504928
Sulawesi Tenggara,Kendari,2019,Pertambangan dan Penggalian,505.37,1.1406093210511563
Sulawesi Tenggara,Kendari,2019,Industri Pengolahan,2230.86,5.035003482518121
Sulawesi Tenggara,Kendari,2019,Pengadaan Listrik dan Gas,25.56,0.057688375340973055
Sulawesi Tenggara,Kendari,2019,"Pengadaan Air, Pengelolaan Sampah, Limbah dan Daur Ulang",55.15,0.12447237480652051
Sulawesi Tenggara,Kendari,2019,Konstruksi,4356.96,9.833565877371127
Sulawesi Tenggara,Kendari,2019,Perdagangan Besar dan Eceran; Reparasi Mobil dan Sepeda Motor,3662.86,8.266996967974828
Sulawesi Tenggara,Kendari,2019,Transportasi dan Pergudangan,1824.5,4.117857621659051
Sulawesi Tenggara,Kendari,2019,Penyediaan Akomodasi dan Makan Minum,271.63,0.6130631218258417
Sulawesi Tenggara,Kendari,2019,Informasi dan Komunikasi,1365.39,3.081656134851769
Sulawesi Tenggara,Kendari,2019,Jasa Keuangan dan Asuransi,1386.87,3.130136037133619
Sulawesi Tenggara,Kendari,2019,Real Estate,363.44,0.8202763354430065
Sulawesi Tenggara,Kendari,2019,Jasa Perusahaan,175.44,0.3959643415422658
Sulawesi Tenggara,Kendari,2019,"Administrasi Pemerintahan, Pertahanan dan Jaminan Sosial Wajib",1004.95,2.2681507354816466
Sulawesi Tenggara,Kendari,2019,Jasa Pendidikan,1634.34,3.6886705537858333
Sulawesi Tenggara,Kendari,2019,Jasa Kesehatan dan Kegiatan Sosial,221.9,0.5008235715243319
Sulawesi Tenggara,Kendari,2019,Jasa Lainnya,324.83,0.7331343881849874
Sulawesi Tenggara,Kendari,2019,PRODUK DOMESTIK BRUTO,22153.51,50.0
Sulawesi Tenggara,Kendari,2020,"Pertanian, Kehutanan, dan Perikanan",2708.49,6.14289722193053
Sulawesi Tenggara,Kendari,2020,Pertambangan dan Penggalian,488.77,1.1085379215588704
Sulawesi Tenggara,Kendari,2020,Industri Pengolahan,2180.76,4.945997417637585
Sulawesi Tenggara,Kendari,2020,Pengadaan Listrik dan Gas,25.75,0.05840139836761854
Sulawesi Tenggara,Kendari,2020,"Pengadaan Air, Pengelolaan Sampah, Limbah dan Daur Ulang",53.77,0.12195119185346988
Sulawesi Tenggara,Kendari,2020,Konstruksi,4260.52,9.66292527274587
Sulawesi Tenggara,Kendari,2020,Perdagangan Besar dan Eceran; Reparasi Mobil dan Sepeda Motor,3532.45,8.011651249075499
Sulawesi Tenggara,Kendari,2020,Transportasi dan Pergudangan,1767.08,4.007764777765101
Sulawesi Tenggara,Kendari,2020,Penyediaan Akomodasi dan Makan Minum,257.32,0.5836057408914798
Sulawesi Tenggara,Kendari,2020,Informasi dan Komunikasi,1466.75,3.3266116914836696
Sulawesi Tenggara,Kendari,2020,Jasa Keuangan dan Asuransi,1429.32,3.2417198724195933
Sulawesi Tenggara,Kendari,2020,Real Estate,363.63,0.8247184655695973
Sulawesi Tenggara,Kendari,2020,Jasa Perusahaan,173.94,0.394498610953925
Sulawesi Tenggara,Kendari,2020,"Administrasi Pemerintahan, Pertahanan dan Jaminan Sosial Wajib",1056.45,2.3960449439017713
Sulawesi Tenggara,Kendari,2020,Jasa Pendidikan,1715.05,3.8897599328304535
Sulawesi Tenggara,Kendari,2020,Jasa Kesehatan dan Kegiatan Sosial,246.28,0.5585668500961979
Sulawesi Tenggara,Kendari,2020,Jasa Lainnya,319.38,0.7243587809961168
Sulawesi Tenggara,Kendari,2020,PRODUK DOMESTIK BRUTO,22045.7,49.99998865992264
Sulawesi Tenggara,Kendari,2021,"Pertanian, Kehutanan, dan Perikanan",2836.18,5.985699391759844
Sulawesi Tenggara,Kendari,2021,Pertambangan dan Penggalian,516.53,1.0901259111994697
Sulawesi Tenggara,Kendari,2021,Industri Pengolahan,2331.17,4.919886202952138
Sulawesi Tenggara,Kendari,2021,Pengadaan Listrik dan Gas,28.43,0.060000928610924674
Sulawesi Tenggara,Kendari,2021,"Pengadaan Air, Pengelolaan Sampah, Limbah dan Daur Ulang",55.92,0.11801800661002139
Sulawesi Tenggara,Kendari,2021,Konstruksi,4838.67,10.211913233971963
Sulawesi Tenggara,Kendari,2021,Perdagangan Besar dan Eceran; Reparasi Mobil dan Sepeda Motor,3851.04,8.127540489546794
Sulawesi Tenggara,Kendari,2021,Transportasi dan Pergudangan,1799.6,3.7980186819634207
Sulawesi Tenggara,Kendari,2021,Penyediaan Akomodasi dan Makan Minum,271.92,0.5738815514555975
Sulawesi Tenggara,Kendari,2021,Informasi dan Komunikasi,1424.75,3.0069054885126607
Sulawesi Tenggara,Kendari,2021,Jasa Keuangan dan Asuransi,1616.2,3.410956764719538
Sulawesi Tenggara,Kendari,2021,Real Estate,366.9,0.7743348824251939
Sulawesi Tenggara,Kendari,2021,Jasa Perusahaan,181.57,0.383199739988941
Sulawesi Tenggara,Kendari,2021,"Administrasi Pemerintahan, Pertahanan dan Jaminan Sosial Wajib",1120.18,2.3641167854866554
Sulawesi Tenggara,Kendari,2021,Jasa Pendidikan,1834.4,3.871463364188542
Sulawesi Tenggara,Kendari,2021,Jasa Kesehatan dan Kegiatan Sosial,267.06,0.5636246216965721
Sulawesi Tenggara,Kendari,2021,Jasa Lainnya,350.77,0.7402928501179757
Sulawesi Tenggara,Kendari,2021,PRODUK DOMESTIK BRUTO,23691.31,50.00002110479373
Sulawesi Tenggara,Kendari,2022,"Pertanian, Kehutanan, dan Perikanan",3362.66,6.355205539774605
Sulawesi Tenggara,Kendari,2022,Pertambangan dan Penggalian,583.67,1.1030977908561213
Sulawesi Tenggara,Kendari,2022,Industri Pengolahan,2603.06,4.919611656357077
Sulawesi Tenggara,Kendari,2022,Pengadaan Listrik dan Gas,32.8,0.061989835934827514
Sulawesi Tenggara,Kendari,2022,"Pengadaan Air, Pengelolaan Sampah, Limbah dan Daur Ulang",57.06,0.10783963531833105
Sulawesi Tenggara,Kendari,2022,Konstruksi,5181.36,9.792428546319448
Sulawesi Tenggara,Kendari,2022,Perdagangan Besar dan Eceran; Reparasi Mobil dan Sepeda Motor,4365.14,8.249826598553444
Sulawesi Tenggara,Kendari,2022,Transportasi dan Pergudangan,2072.55,3.9169827581319137
Sulawesi Tenggara,Kendari,2022,Penyediaan Akomodasi dan Makan Minum,299.89,0.566772313978519
Sulawesi Tenggara,Kendari,2022,Informasi dan Komunikasi,1565.41,2.958521618010315
Sulawesi Tenggara,Kendari,2022,Jasa Keuangan dan Asuransi,1787.12,3.377538890117346
Sulawesi Tenggara,Kendari,2022,Real Estate,401.95,0.7596589803049976
Sulawesi Tenggara,Kendari,2022,Jasa Perusahaan,217.92,0.4118544221621223
Sulawesi Tenggara,Kendari,2022,"Administrasi Pemerintahan, Pertahanan dan Jaminan Sosial Wajib",1193.64,2.2559008465014485
Sulawesi Tenggara,Kendari,2022,Jasa Pendidikan,2053.57,3.8811118103866997
Sulawesi Tenggara,Kendari,2022,Jasa Kesehatan dan Kegiatan Sosial,287.8,0.5439230116476633
Sulawesi Tenggara,Kendari,2022,Jasa Lainnya,390.35,0.7377357456451196
Sulawesi Tenggara,Kendari,2022,PRODUK DOMESTIK BRUTO,26455.95,50.0
Sulawesi Tenggara,Kendari,2023,"Pertanian, Kehutanan, dan Perikanan",3842.82,6.799018121302429
Sulawesi Tenggara,Kendari,2023,Pertambangan dan Penggalian,627.24,1.1097621346838353
Sulawesi Tenggara,Kendari,2023,Industri Pengolahan,1784.12,3.1566048398254636
Sulawesi Tenggara,Kendari,2023,Pengadaan Listrik dan Gas,36.68,0.06489712885052464
Sulawesi Tenggara,Kendari,2023,"Pengadaan Air, Pengelolaan Sampah, Limbah dan Daur Ulang",65.3,0.11553387442582495
Sulawesi Tenggara,Kendari,2023,Konstruksi,5383.0,9.524025207262108
Sulawesi Tenggara,Kendari,2023,Perdagangan Besar dan Eceran; Reparasi Mobil dan Sepeda Motor,4913.8,8.693879818585277
Sulawesi Tenggara,Kendari,2023,Transportasi dan Pergudangan,2466.99,4.364791927561499
Sulawesi Tenggara,Kendari,2023,Penyediaan Akomodasi dan Makan Minum,320.26,0.5666290753999188
Sulawesi Tenggara,Kendari,2023,Informasi dan Komunikasi,1678.96,2.9705475314851926
Sulawesi Tenggara,Kendari,2023,Jasa Keuangan dan Asuransi,1968.76,3.4832843891973524
Sulawesi Tenggara,Kendari,2023,Real Estate,428.3,0.7577819053075165
Sulawesi Tenggara,Kendari,2023,Jasa Perusahaan,249.44,0.4413287846367193
Sulawesi Tenggara,Kendari,2023,"Administrasi Pemerintahan, Pertahanan dan Jaminan Sosial Wajib",1318.29,2.332421919093733
Sulawesi Tenggara,Kendari,2023,Jasa Pendidikan,2394.85,4.237156189413275
Sulawesi Tenggara,Kendari,2023,Jasa Kesehatan dan Kegiatan Sosial,297.33,0.5260595234767309
Sulawesi Tenggara,Kendari,2023,Jasa Lainnya,483.98,0.8562953222758157
Sulawesi Tenggara,Kendari,2023,PRODUK DOMESTIK BRUTO,28260.1,49.999982307216776
Sulawesi Tenggara,Kendari,2024,"Pertanian, Kehutanan, dan Perikanan",3899.67,6.4949414281586195
Sulawesi Tenggara,Kendari,2024,Pertambangan dan Penggalian,673.28,1.1213549261221167
Sulawesi Tenggara,Kendari,2024,Industri Pengolahan,1912.13,3.1846726397425784
Sulawesi Tenggara,Kendari,2024,Pengadaan Listrik dan Gas,36.87,0.06140737304854213
Sulawesi Tenggara,Kendari,2024,"Pengadaan Air, Pengelolaan Sampah, Limbah dan Daur Ulang",61.54,0.1024955176948002
Sulawesi Tenggara,Kendari,2024,Konstruksi,5697.54,9.489312835340135
Sulawesi Tenggara,Kendari,2024,Perdagangan Besar dan Eceran; Reparasi Mobil dan Sepeda Motor,5307.92,8.840396624676371
Sulawesi Tenggara,Kendari,2024,Transportasi dan Pergudangan,2663.06,4.435354458113659
Sulawesi Tenggara,Kendari,2024,Penyediaan Akomodasi dan Makan Minum,340.44,0.5670064030552124
Sulawesi Tenggara,Kendari,2024,Informasi dan Komunikasi,1825.11,3.0397399138764505
Sulawesi Tenggara,Kendari,2024,Jasa Keuangan dan Asuransi,1990.87,3.3158149384635496
Sulawesi Tenggara,Kendari,2024,Real Estate,454.43,0.7568579477745865
Sulawesi Tenggara,Kendari,2024,Jasa Perusahaan,271.56,0.4522860381085463
Sulawesi Tenggara,Kendari,2024,"Administrasi Pemerintahan, Pertahanan dan Jaminan Sosial Wajib",1493.92,2.4881394831754293
Sulawesi Tenggara,Kendari,2024,Jasa Pendidikan,2604.82,4.338355125150625
Sulawesi Tenggara,Kendari,2024,Jasa Kesehatan dan Kegiatan Sosial,335.33,0.5584956442736
Sulawesi Tenggara,Kendari,2024,Jasa Lainnya,452.33,0.7533603756725539
Sulawesi Tenggara,Kendari,2024,PRODUK DOMESTIK BRUTO,30020.83,50.00000832755263
Sulawesi Tenggara,Baubau,2016,"Pertanian, Kehutanan, dan Perikanan",957.7,7.066280039253011
Sulawesi Tenggara,Baubau,2016,Pertambangan dan Penggalian,302.34,2.2307811497000682
Sulawesi Tenggara,Baubau,2016,Industri Pengolahan,285.73,2.1082261622802165
Sulawesi Tenggara,Baubau,2016,Pengadaan Listrik dan Gas,3.61,0.026635972581918528
Sulawesi Tenggara,Baubau,2016,"Pengadaan Air, Pengelolaan Sampah, Limbah dan Daur Ulang",21.84,0.1611439449277287
Sulawesi Tenggara,Baubau,2016,Konstruksi,1421.98,10.491916978403465
Sulawesi Tenggara,Baubau,2016,Perdagangan Besar dan Eceran; Reparasi Mobil dan Sepeda Motor,1310.16,9.6668658830821
Sulawesi Tenggara,Baubau,2016,Transportasi dan Pergudangan,343.59,2.535139562166589
Sulawesi Tenggara,Baubau,2016,Penyediaan Akomodasi dan Makan Minum,85.96,0.634246039651445
Sulawesi Tenggara,Baubau,2016,Informasi dan Komunikasi,233.19,1.7205657746198286
Sulawesi Tenggara,Baubau,2016,Jasa Keuangan dan Asuransi,231.78,1.7101622507027914
Sulawesi Tenggara,Baubau,2016,Real Estate,195.24,1.4405560351506297
Sulawesi Tenggara,Baubau,2016,Jasa Perusahaan,10.58,0.07806332130656456
Sulawesi Tenggara,Baubau,2016,"Administrasi Pemerintahan, Pertahanan dan Jaminan Sosial Wajib",588.5,4.342180017855694
Sulawesi Tenggara,Baubau,2016,Jasa Pendidikan,481.35,3.5515859840184163
Sulawesi Tenggara,Baubau,2016,Jasa Kesehatan dan Kegiatan Sosial,80.28,0.5923368085530247
Sulawesi Tenggara,Baubau,2016,Jasa Lainnya,222.72,1.6433140757465083
Sulawesi Tenggara,Baubau,2016,PRODUK DOMESTIK BRUTO,6776.55,50.0
Sulawesi Tenggara,Baubau,2017,"Pertanian, Kehutanan, dan Perikanan",1064.87,7.091644556681477
Sulawesi Tenggara,Baubau,2017,Pertambangan dan Penggalian,331.03,2.204538673827105
Sulawesi Tenggara,Baubau,2017,Industri Pengolahan,326.23,2.1725724301803964
Sulawesi Tenggara,Baubau,2017,Pengadaan Listrik dan Gas,4.28,0.028503233918315597
Sulawesi Tenggara,Baubau,2017,"Pengadaan Air, Pengelolaan Sampah, Limbah dan Daur Ulang",23.0,0.153171584140481
Sulawesi Tenggara,Baubau,2017,Konstruksi,1553.19,10.343677077006681
Sulawesi Tenggara,Baubau,2017,Perdagangan Besar dan Eceran; Reparasi Mobil dan Sepeda Motor,1518.02,10.109457745953607
Sulawesi Tenggara,Baubau,2017,Transportasi dan Pergudangan,369.24,2.4590032925230956
Sulawesi Tenggara,Baubau,2017,Penyediaan Akomodasi dan Makan Minum,96.09,0.6399242400025573
Sulawesi Tenggara,Baubau,2017,Informasi dan Komunikasi,262.32,1.7469552152926509
Sulawesi Tenggara,Baubau,2017,Jasa Keuangan dan Asuransi,262.44,1.7477543713838188
Sulawesi Tenggara,Baubau,2017,Real Estate,213.35,1.4208329337552876
Sulawesi Tenggara,Baubau,2017,Jasa Perusahaan,11.6,0.07725175547954692
Sulawesi Tenggara,Baubau,2017,"Administrasi Pemerintahan, Pertahanan dan Jaminan Sosial Wajib",627.61,4.179652953148142
Sulawesi Tenggara,Baubau,2017,Jasa Pendidikan,521.99,3.476262400238681
Sulawesi Tenggara,Baubau,2017,Jasa Kesehatan dan Kegiatan Sosial,86.18,0.5739272661402892
Sulawesi Tenggara,Baubau,2017,Jasa Lainnya,236.48,1.5748702703278672
Sulawesi Tenggara,Baubau,2017,PRODUK DOMESTIK BRUTO,7507.92,50.0
Sulawesi Tenggara,Baubau,2018,"Pertanian, Kehutanan, dan Perikanan",1188.71,7.203381870560794
Sulawesi Tenggara,Baubau,2018,Pertambangan dan Penggalian,359.75,2.180024251444209
Sulawesi Tenggara,Baubau,2018,Industri Pengolahan,342.12,2.073189428503385
Sulawesi Tenggara,Baubau,2018,Pengadaan Listrik dan Gas,4.56,0.027632829983559672
Sulawesi Tenggara,Baubau,2018,"Pengadaan Air, Pengelolaan Sampah, Limbah dan Daur Ulang",24.48,0.1483446662275309
Sulawesi Tenggara,Baubau,2018,Konstruksi,1747.51,10.589615509774204
Sulawesi Tenggara,Baubau,2018,Perdagangan Besar dan Eceran; Reparasi Mobil dan Sepeda Motor,1692.66,10.257233771923712
Sulawesi Tenggara,Baubau,2018,Transportasi dan Pergudangan,402.38,2.4383548528036716
Sulawesi Tenggara,Baubau,2018,Penyediaan Akomodasi dan Makan Minum,106.07,0.6427662886745997
Sulawesi Tenggara,Baubau,2018,Informasi dan Komunikasi,287.24,1.74062589571879
Sulawesi Tenggara,Baubau,2018,Jasa Keuangan dan Asuransi,277.23,1.679966986039967
Sulawesi Tenggara,Baubau,2018,Real Estate,222.11,1.3459490937825527
Sulawesi Tenggara,Baubau,2018,Jasa Perusahaan,12.94,0.07841421490948733
Sulawesi Tenggara,Baubau,2018,"Administrasi Pemerintahan, Pertahanan dan Jaminan Sosial Wajib",662.1,4.012214195639224
Sulawesi Tenggara,Baubau,2018,Jasa Pendidikan,576.91,3.4959771810998714
Sulawesi Tenggara,Baubau,2018,Jasa Kesehatan dan Kegiatan Sosial,94.57,0.573078230602026
Sulawesi Tenggara,Baubau,2018,Jasa Lainnya,249.71,1.5132004331567297
Sulawesi Tenggara,Baubau,2018,PRODUK DOMESTIK BRUTO,8251.06,50.00003029915568
Sulawesi Tenggara,Baubau,2019,"Pertanian, Kehutanan, dan Perikanan",1301.93,7.202673209538799
Sulawesi Tenggara,Baubau,2019,Pertambangan dan Penggalian,389.72,2.156049713288319
Sulawesi Tenggara,Baubau,2019,Industri Pengolahan,363.2,2.0093329977068595
Sulawesi Tenggara,Baubau,2019,Pengadaan Listrik dan Gas,4.99,0.0276061995004329
Sulawesi Tenggara,Baubau,2019,"Pengadaan Air, Pengelolaan Sampah, Limbah dan Daur Ulang",26.15,0.14466976291309025
Sulawesi Tenggara,Baubau,2019,Konstruksi,1970.83,10.903231695678993
Sulawesi Tenggara,Baubau,2019,Perdagangan Besar dan Eceran; Reparasi Mobil dan Sepeda Motor,1873.19,10.363057483410001
Sulawesi Tenggara,Baubau,2019,Transportasi dan Pergudangan,441.94,2.444946654753771
Sulawesi Tenggara,Baubau,2019,Penyediaan Akomodasi dan Makan Minum,113.45,0.6276399465579384
Sulawesi Tenggara,Baubau,2019,Informasi dan Komunikasi,305.22,1.688569982268964
Sulawesi Tenggara,Baubau,2019,Jasa Keuangan dan Asuransi,299.75,1.6583082766041608
Sulawesi Tenggara,Baubau,2019,Real Estate,232.81,1.287975812764686
Sulawesi Tenggara,Baubau,2019,Jasa Perusahaan,13.88,0.07678838658637449
Sulawesi Tenggara,Baubau,2019,"Administrasi Pemerintahan, Pertahanan dan Jaminan Sosial Wajib",711.1,3.934021736424416
Sulawesi Tenggara,Baubau,2019,Jasa Pendidikan,621.82,3.4400975898515407
Sulawesi Tenggara,Baubau,2019,Jasa Kesehatan dan Kegiatan Sosial,105.59,0.5841560331163748
Sulawesi Tenggara,Baubau,2019,Jasa Lainnya,262.25,1.4508468575127311
Sulawesi Tenggara,Baubau,2019,PRODUK DOMESTIK BRUTO,9037.83,50.00002766152254
Sulawesi Tenggara,Baubau,2020,"Pertanian, Kehutanan, dan Perikanan",1379.2,7.598186395764584
Sulawesi Tenggara,Baubau,2020,Pertambangan dan Penggalian,356.5,1.9640033715850305
Sulawesi Tenggara,Baubau,2020,Industri Pengolahan,361.79,1.9931466474214536
Sulawesi Tenggara,Baubau,2020,Pengadaan Listrik dan Gas,4.99,0.02749053807632343
Sulawesi Tenggara,Baubau,2020,"Pengadaan Air, Pengelolaan Sampah, Limbah dan Daur Ulang",27.5,0.15150096134246377
Sulawesi Tenggara,Baubau,2020,Konstruksi,1927.8,10.62049284640006
Sulawesi Tenggara,Baubau,2020,Perdagangan Besar dan Eceran; Reparasi Mobil dan Sepeda Motor,1809.41,9.968267435006089
Sulawesi Tenggara,Baubau,2020,Transportasi dan Pergudangan,427.43,2.354765669331247
Sulawesi Tenggara,Baubau,2020,Penyediaan Akomodasi dan Makan Minum,109.97,0.6058385715938452
Sulawesi Tenggara,Baubau,2020,Informasi dan Komunikasi,330.42,1.8203253689737051
Sulawesi Tenggara,Baubau,2020,Jasa Keuangan dan Asuransi,310.36,1.7098123040817113
Sulawesi Tenggara,Baubau,2020,Real Estate,233.78,1.2879234451869521
Sulawesi Tenggara,Baubau,2020,Jasa Perusahaan,13.65,0.07519956808453201
Sulawesi Tenggara,Baubau,2020,"Administrasi Pemerintahan, Pertahanan dan Jaminan Sosial Wajib",752.53,4.145782488692519
Sulawesi Tenggara,Baubau,2020,Jasa Pendidikan,655.45,3.6109565495242872
Sulawesi Tenggara,Baubau,2020,Jasa Kesehatan dan Kegiatan Sosial,118.16,0.6509583124445644
Sulawesi Tenggara,Baubau,2020,Jasa Lainnya,256.91,1.4153495264906317
Sulawesi Tenggara,Baubau,2020,PRODUK DOMESTIK BRUTO,9075.85,50.0
Sulawesi Tenggara,Baubau,2021,"Pertanian, Kehutanan, dan Perikanan",1436.09,7.458224098317746
Sulawesi Tenggara,Baubau,2021,Pertambangan dan Penggalian,374.23,1.9435350182185314
Sulawesi Tenggara,Baubau,2021,Industri Pengolahan,381.13,1.979369642983269
Sulawesi Tenggara,Baubau,2021,Pengadaan Listrik dan Gas,5.28,0.027421278080842916
Sulawesi Tenggara,Baubau,2021,"Pengadaan Air, Pengelolaan Sampah, Limbah dan Daur Ulang",28.71,0.14910319956458334
Sulawesi Tenggara,Baubau,2021,Konstruksi,2131.17,11.06806916809659
Sulawesi Tenggara,Baubau,2021,Perdagangan Besar dan Eceran; Reparasi Mobil dan Sepeda Motor,1939.49,10.072593678979928
Sulawesi Tenggara,Baubau,2021,Transportasi dan Pergudangan,433.77,2.2527514759710665
Sulawesi Tenggara,Baubau,2021,Penyediaan Akomodasi dan Makan Minum,115.16,0.5980746938995966
Sulawesi Tenggara,Baubau,2021,Informasi dan Komunikasi,334.57,1.7375638271794724
Sulawesi Tenggara,Baubau,2021,Jasa Keuangan dan Asuransi,341.58,1.7739697285708944
Sulawesi Tenggara,Baubau,2021,Real Estate,247.0,1.282775698100038
Sulawesi Tenggara,Baubau,2021,Jasa Perusahaan,14.34,0.07447369842410746
Sulawesi Tenggara,Baubau,2021,"Administrasi Pemerintahan, Pertahanan dan Jaminan Sosial Wajib",763.71,3.9662697505910125
Sulawesi Tenggara,Baubau,2021,Jasa Pendidikan,686.71,3.566376111912053
Sulawesi Tenggara,Baubau,2021,Jasa Kesehatan dan Kegiatan Sosial,127.58,0.6625770184761248
Sulawesi Tenggara,Baubau,2021,Jasa Lainnya,267.03,1.3867999783953566
Sulawesi Tenggara,Baubau,2021,PRODUK DOMESTIK BRUTO,9627.57,50.00005193423879
Sulawesi Tenggara,Baubau,2022,"Pertanian, Kehutanan, dan Perikanan",1639.52,7.653158155403661
Sulawesi Tenggara,Baubau,2022,Pertambangan dan Penggalian,413.76,1.9314010920146254
Sulawesi Tenggara,Baubau,2022,Industri Pengolahan,417.36,1.9482056258778617
Sulawesi Tenggara,Baubau,2022,Pengadaan Listrik dan Gas,5.92,0.027634122352877467
Sulawesi Tenggara,Baubau,2022,"Pengadaan Air, Pengelolaan Sampah, Limbah dan Daur Ulang",29.53,0.1378438569392689
Sulawesi Tenggara,Baubau,2022,Konstruksi,2294.31,10.709669468822687
Sulawesi Tenggara,Baubau,2022,Perdagangan Besar dan Eceran; Reparasi Mobil dan Sepeda Motor,2234.6,10.430947602996621
Sulawesi Tenggara,Baubau,2022,Transportasi dan Pergudangan,508.33,2.372846860749697
Sulawesi Tenggara,Baubau,2022,Penyediaan Akomodasi dan Makan Minum,131.84,0.6154193734802983
Sulawesi Tenggara,Baubau,2022,Informasi dan Komunikasi,368.81,1.7215778150278278
Sulawesi Tenggara,Baubau,2022,Jasa Keuangan dan Asuransi,380.11,1.7743253796540972
Sulawesi Tenggara,Baubau,2022,Real Estate,268.31,1.2524512446791476
Sulawesi Tenggara,Baubau,2022,Jasa Perusahaan,16.4,0.07655398759918758
Sulawesi Tenggara,Baubau,2022,"Administrasi Pemerintahan, Pertahanan dan Jaminan Sosial Wajib",817.71,3.817009829251932
Sulawesi Tenggara,Baubau,2022,Jasa Pendidikan,759.47,3.545149814753354
Sulawesi Tenggara,Baubau,2022,Jasa Kesehatan dan Kegiatan Sosial,135.96,0.6346512289015577
Sulawesi Tenggara,Baubau,2022,Jasa Lainnya,289.46,1.351177881125661
Sulawesi Tenggara,Baubau,2022,PRODUK DOMESTIK BRUTO,10711.39,49.999976660369626
Sulawesi Tenggara,Baubau,2023,"Pertanian, Kehutanan, dan Perikanan",1797.11,7.798717738414817
Sulawesi Tenggara,Baubau,2023,Pertambangan dan Penggalian,441.99,1.9180546840215487
Sulawesi Tenggara,Baubau,2023,Industri Pengolahan,329.83,1.4313264472744347
Sulawesi Tenggara,Baubau,2023,Pengadaan Listrik dan Gas,6.49,0.028163928820334968
Sulawesi Tenggara,Baubau,2023,"Pengadaan Air, Pengelolaan Sampah, Limbah dan Daur Ulang",31.55,0.13691401452720617
Sulawesi Tenggara,Baubau,2023,Konstruksi,2417.95,10.492907810651605
Sulawesi Tenggara,Baubau,2023,Perdagangan Besar dan Eceran; Reparasi Mobil dan Sepeda Motor,2468.18,10.710885336791117
Sulawesi Tenggara,Baubau,2023,Transportasi dan Pergudangan,572.22,2.483199283447161
Sulawesi Tenggara,Baubau,2023,Penyediaan Akomodasi dan Makan Minum,138.97,0.6030726021821187
Sulawesi Tenggara,Baubau,2023,Informasi dan Komunikasi,392.43,1.702984682120809
Sulawesi Tenggara,Baubau,2023,Jasa Keuangan dan Asuransi,412.95,1.7920330364186938
Sulawesi Tenggara,Baubau,2023,Real Estate,280.5,1.2172545507093926
Sulawesi Tenggara,Baubau,2023,Jasa Perusahaan,18.47,0.08015219804492862
Sulawesi Tenggara,Baubau,2023,"Administrasi Pemerintahan, Pertahanan dan Jaminan Sosial Wajib",901.08,3.9103163299580017
Sulawesi Tenggara,Baubau,2023,Jasa Pendidikan,836.48,3.629978918279475
Sulawesi Tenggara,Baubau,2023,Jasa Kesehatan dan Kegiatan Sosial,140.13,0.6081065247447671
Sulawesi Tenggara,Baubau,2023,Jasa Lainnya,335.49,1.4558885177094263
Sulawesi Tenggara,Baubau,2023,PRODUK DOMESTIK BRUTO,11521.84,50.00004339588416
Sulawesi Tenggara,Baubau,2024,"Pertanian, Kehutanan, dan Perikanan",1851.43,7.5848529900362855
Sulawesi Tenggara,Baubau,2024,Pertambangan dan Penggalian,471.7,1.9324387934732155
Sulawesi Tenggara,Baubau,2024,Industri Pengolahan,365.47,1.4972406314408653
Sulawesi Tenggara,Baubau,2024,Pengadaan Listrik dan Gas,6.78,0.02777599113790206
Sulawesi Tenggara,Baubau,2024,"Pengadaan Air, Pengelolaan Sampah, Limbah dan Daur Ulang",31.27,0.1281054930504716
Sulawesi Tenggara,Baubau,2024,Konstruksi,2446.73,10.023650560005768
Sulawesi Tenggara,Baubau,2024,Perdagangan Besar dan Eceran; Reparasi Mobil dan Sepeda Motor,2759.84,11.306385159591095
Sulawesi Tenggara,Baubau,2024,Transportasi dan Pergudangan,594.04,2.433635660111997
Sulawesi Tenggara,Baubau,2024,Penyediaan Akomodasi dan Makan Minum,144.06,0.5901783603725915
Sulawesi Tenggara,Baubau,2024,Informasi dan Komunikasi,413.98,1.6959741609540848
Sulawesi Tenggara,Baubau,2024,Jasa Keuangan dan Asuransi,426.36,1.7466919736808146
Sulawesi Tenggara,Baubau,2024,Real Estate,295.52,1.2106726992732768
Sulawesi Tenggara,Baubau,2024,Jasa Perusahaan,20.45,0.08377861633777244
Sulawesi Tenggara,Baubau,2024,"Administrasi Pemerintahan, Pertahanan dan Jaminan Sosial Wajib",983.2,4.027928390381313
Sulawesi Tenggara,Baubau,2024,Jasa Pendidikan,900.12,3.6875700800956346
Sulawesi Tenggara,Baubau,2024,Jasa Kesehatan dan Kegiatan Sosial,141.9,0.5813293720454723
Sulawesi Tenggara,Baubau,2024,Jasa Lainnya,351.93,1.441770584242164
Sulawesi Tenggara,Baubau,2024,PRODUK DOMESTIK BRUTO,12204.79,50.00002048376928
