kode_hs,deskripsi,tahun,negara_tujuan,pelabuhan,nilai_usd,Sumber
3023200,Yellowfin tunas (thunnus albacares) fresh or chilled,2024,TOTAL,SEMUA,51148.0,data/raw/eksporimpor/
3028918,Mangrove red snappers (lutjanus argentimaculatus) fresh or chilled,2024,UNITED STATES,MAKASSAR,53425.0,data/raw/eksporimpor/
3028918,Mangrove red snappers (lutjanus argentimaculatus) fresh or chilled,2024,TOTAL,SEMUA,53425.0,data/raw/eksporimpor/
3034100,Albacore or longfinned tunas (thunnus alalunga) frozen,2023,TOTAL,SEMUA,5175.0,data/raw/eksporimpor/
3034100,Albacore or longfinned tunas (thunnus alalunga) frozen,2024,TOTAL,SEMUA,12471.0,data/raw/eksporimpor/
3034200,Yellowfin tunas (Thunnus albacares) frozen excluding fish fillets,2020,TOTAL,SEMUA,17864.93,data/raw/eksporimpor/
3034200,Yellowfin tunas (Thunnus albacares) frozen excluding fish fillets,2021,TOTAL,SEMUA,1526955.01,data/raw/eksporimpor/
3034200,Yellowfin tunas (thunnus albacares) frozen,2023,JAPAN,MAKASSAR,149495.6,data/raw/eksporimpor/
3034200,Yellowfin tunas (thunnus albacares) frozen,2023,UNITED STATES,BITUNG,469594.5,data/raw/eksporimpor/
3034200,Yellowfin tunas (thunnus albacares) frozen,2023,TOTAL,SEMUA,9893149.71,data/raw/eksporimpor/
3034200,Yellowfin tunas (thunnus albacares) frozen,2024,JAPAN,MAKASSAR,104775.4,data/raw/eksporimpor/
3034200,Yellowfin tunas (thunnus albacares) frozen,2024,UNITED STATES,BITUNG,126720.0,data/raw/eksporimpor/
3034200,Yellowfin tunas (thunnus albacares) frozen,2024,TOTAL,SEMUA,7311144.95,data/raw/eksporimpor/
3034200,Yellowfin tunas (thunnus albacares) frozen,2026,JAPAN,MAKASSAR,230115.21,data/raw/eksporimpor/
3034200,Yellowfin tunas (thunnus albacares) frozen,2026,TOTAL,SEMUA,1222604.38,data/raw/eksporimpor/
3034300,Skipjack or stripe-bellied bonito frozen excluding fish fillets,2020,TOTAL,SEMUA,33374.85,data/raw/eksporimpor/
3034300,Skipjack tuna (stripe-bellied bonito) (katsuwonus pelamis) frozen,2024,TOTAL,SEMUA,360932.33,data/raw/eksporimpor/
3035410,Mackerel (scomber scombrus scomber australasicus) frozen,2023,TOTAL,SEMUA,14840.18,data/raw/eksporimpor/
3035410,Mackerel (scomber scombrus scomber australasicus) frozen,2024,TOTAL,SEMUA,10138.0,data/raw/eksporimpor/
3035910,Indian mackerels (rastrelliger kanagurta) island mackerels (rastrelliger faughni) frozen,2024,TOTAL,SEMUA,6896.91,data/raw/eksporimpor/
3035990,Anchovies brisling or sprats scomberomorus spp caranx spp pacific saury decapterus spp capelin euthynnusaffinis sarda spp marlins sailfishes istiophoridae frozen,2023,TOTAL,SEMUA,28696.21,data/raw/eksporimpor/
3035990,Anchovies brisling or sprats scomberomorus spp caranx spp pacific saury decapterus spp capelin euthynnusaffinis sarda spp marlins sailfishes istiophoridae frozen,2024,TOTAL,SEMUA,49945.98,data/raw/eksporimpor/
3035990,Other Mackerels fish frozen excl fillets edible fish offal of subheadings 0303.91 to 0303.99,2020,TOTAL,SEMUA,2623.53,data/raw/eksporimpor/
3038911,Grouper frozen,2023,TOTAL,SEMUA,1068430.04,data/raw/eksporimpor/
3038911,Grouper frozen,2024,TOTAL,SEMUA,1318738.24,data/raw/eksporimpor/
3038911,Grouper frozen,2026,CHINA,MAKASSAR,35090.88,data/raw/eksporimpor/
3038911,Grouper frozen,2026,TOTAL,SEMUA,161916.35,data/raw/eksporimpor/
3038911,Grouper frozen excl. edible fish offal of subheadings 0303.91-99,2020,TOTAL,SEMUA,161535.66,data/raw/eksporimpor/
3038911,Grouper frozen excl. edible fish offal of subheadings 0303.91-99,2021,TOTAL,SEMUA,174077.16,data/raw/eksporimpor/
3038914,Savalai hairtails (lepturacanthus savala) belanger’s croakers (johnius belangerii) reeve’s croakers (chrysochir aureus) and bigeye croakers (pennahia anea) frozen,2023,TOTAL,SEMUA,12594.4,data/raw/eksporimpor/
3038914,Savalai hairtails (lepturacanthus savala) belanger’s croakers (johnius belangerii) reeve’s croakers (chrysochir aureus) and bigeye croakers (pennahia anea) frozen,2024,TOTAL,SEMUA,116718.26,data/raw/eksporimpor/
3038914,"Savalai hairtailsbelanger""sreeve""s&bigeye frozen excl. edible fish offal of subheadings 0303.91-99",2020,CHINA,MAKASSAR,43445.95,data/raw/eksporimpor/
3038914,"Savalai hairtailsbelanger""sreeve""s&bigeye frozen excl. edible fish offal of subheadings 0303.91-99",2020,TOTAL,SEMUA,895465.0,data/raw/eksporimpor/
3038914,"Savalai hairtailsbelanger""sreeve""s&bigeye frozen excl. edible fish offal of subheadings 0303.91-99",2021,TOTAL,SEMUA,455854.12,data/raw/eksporimpor/
3038916,Torpedo scads (megalaspis cordyla) spotted sicklefish (drepane punctata) and great barracudas (sphyraena barracuda) frozen,2023,TOTAL,SEMUA,11460.0,data/raw/eksporimpor/
3038917,Black pomfrets (parastromatus niger) frozen,2023,TOTAL,SEMUA,1440.0,data/raw/eksporimpor/
3038918,Mangrove red snappers (lutjanus argentimaculatus) frozen,2023,TOTAL,SEMUA,259634.41,data/raw/eksporimpor/
3038918,Mangrove red snappers (lutjanus argentimaculatus) frozen,2024,TOTAL,SEMUA,751661.31,data/raw/eksporimpor/
3038918,Mangrove red snappers (lutjanus argentimaculatus) frozen,2026,UNITED STATES,MAKASSAR,66582.67,data/raw/eksporimpor/
3038918,Mangrove red snappers (lutjanus argentimaculatus) frozen,2026,TOTAL,SEMUA,335995.97,data/raw/eksporimpor/
3038918,Mangrove red snappers (lutjanus) frozen excl. edible fish offal of subheadings 0303.91-99,2020,TOTAL,SEMUA,79446.28,data/raw/eksporimpor/
3038919,Frozen marine fish other than HS code 03038911 to 03038918,2023,JAPAN,MAKASSAR,8050.0,data/raw/eksporimpor/
3038919,Frozen marine fish other than HS code 03038911 to 03038918,2023,TOTAL,SEMUA,424121.98,data/raw/eksporimpor/
3038919,Frozen marine fish other than HS code 03038911 to 03038918,2024,JAPAN,MAKASSAR,27600.0,data/raw/eksporimpor/
3038919,Frozen marine fish other than HS code 03038911 to 03038918,2024,UNITED STATES,MAKASSAR,25916.0,data/raw/eksporimpor/
3038919,Frozen marine fish other than HS code 03038911 to 03038918,2024,TOTAL,SEMUA,930603.6,data/raw/eksporimpor/
3038919,Frozen marine fish other than HS code 03038911 to 03038918,2026,UNITED STATES,MAKASSAR,2933.02,data/raw/eksporimpor/
3038919,Frozen marine fish other than HS code 03038911 to 03038918,2026,TOTAL,SEMUA,80785.86,data/raw/eksporimpor/
3038919,Oth marine fish frozen excl. edible fish offal of subheadings 0303.91-99,2020,CHINA,MAKASSAR,27000.0,data/raw/eksporimpor/
3038919,Oth marine fish frozen excl. edible fish offal of subheadings 0303.91-99,2020,TOTAL,SEMUA,339634.87,data/raw/eksporimpor/
3038919,Oth marine fish frozen excl. edible fish offal of subheadings 0303.91-99,2021,JAPAN,MAKASSAR,27000.0,data/raw/eksporimpor/
3038919,Oth marine fish frozen excl. edible fish offal of subheadings 0303.91-99,2021,TOTAL,SEMUA,139215.33,data/raw/eksporimpor/
3038929,Frozen fish other than marine fish other than hs code 03038922 to 03038928,2023,TOTAL,SEMUA,63796.8,data/raw/eksporimpor/
3038929,Frozen fish other than marine fish other than hs code 03038922 to 03038928,2024,JAPAN,MAKASSAR,23797.0,data/raw/eksporimpor/
3038929,Frozen fish other than marine fish other than hs code 03038922 to 03038928,2024,TOTAL,SEMUA,111446.5,data/raw/eksporimpor/
3039100,Livers roes and milt of fish frozen,2020,TOTAL,SEMUA,79150.0,data/raw/eksporimpor/
3039100,Livers roes and milt of fish frozen,2021,TOTAL,SEMUA,516567.84,data/raw/eksporimpor/
3039100,Livers roes and milt frozen,2023,TOTAL,SEMUA,4781517.43,data/raw/eksporimpor/
3039100,Livers roes and milt frozen,2024,TOTAL,SEMUA,1757053.0,data/raw/eksporimpor/
3039100,Livers roes and milt frozen,2026,TOTAL,SEMUA,173825.0,data/raw/eksporimpor/
3044700,Fresh or chilled fillets of dogfish and other sharks,2023,TOTAL,SEMUA,3102.0,data/raw/eksporimpor/
3044900,Fresh or chilled fillets of oth fish subheading 030441 - 030449,2021,TOTAL,SEMUA,3152.3,data/raw/eksporimpor/
3048700,Frozen fillet of Tunas (of the genus Thunnus) skipjack or stripe-bellied bonito (Euthynnus (Katsuwonus) pelamis),2020,JAPAN,MAKASSAR,319839.4,data/raw/eksporimpor/
3048700,Frozen fillet of Tunas (of the genus Thunnus) skipjack or stripe-bellied bonito (Euthynnus (Katsuwonus) pelamis),2020,TOTAL,SEMUA,7096977.79,data/raw/eksporimpor/
3048700,Frozen fillet of Tunas (of the genus Thunnus) skipjack or stripe-bellied bonito (Euthynnus (Katsuwonus) pelamis),2021,JAPAN,MAKASSAR,250746.91,data/raw/eksporimpor/
3048700,Frozen fillet of Tunas (of the genus Thunnus) skipjack or stripe-bellied bonito (Euthynnus (Katsuwonus) pelamis),2021,TOTAL,SEMUA,18804777.71,data/raw/eksporimpor/
3048700,Frozen fillets of tunas (of the genus thunnus) skipjack tuna (stripe-bellied bonito) (katsuwonus pelamis),2023,JAPAN,BITUNG,169725.72,data/raw/eksporimpor/
3048700,Frozen fillets of tunas (of the genus thunnus) skipjack tuna (stripe-bellied bonito) (katsuwonus pelamis),2023,JAPAN,MAKASSAR,1409738.61,data/raw/eksporimpor/
3048700,Frozen fillets of tunas (of the genus thunnus) skipjack tuna (stripe-bellied bonito) (katsuwonus pelamis),2023,UNITED STATES,BITUNG,624565.0,data/raw/eksporimpor/
3048700,Frozen fillets of tunas (of the genus thunnus) skipjack tuna (stripe-bellied bonito) (katsuwonus pelamis),2023,UNITED STATES,MAKASSAR,137047.0,data/raw/eksporimpor/
3048700,Frozen fillets of tunas (of the genus thunnus) skipjack tuna (stripe-bellied bonito) (katsuwonus pelamis),2023,TOTAL,SEMUA,39539093.15,data/raw/eksporimpor/
3048700,Frozen fillets of tunas (of the genus thunnus) skipjack tuna (stripe-bellied bonito) (katsuwonus pelamis),2024,JAPAN,BITUNG,305337.97,data/raw/eksporimpor/
3048700,Frozen fillets of tunas (of the genus thunnus) skipjack tuna (stripe-bellied bonito) (katsuwonus pelamis),2024,JAPAN,MAKASSAR,903227.38,data/raw/eksporimpor/
3048700,Frozen fillets of tunas (of the genus thunnus) skipjack tuna (stripe-bellied bonito) (katsuwonus pelamis),2024,UNITED STATES,BITUNG,1585161.41,data/raw/eksporimpor/
3048700,Frozen fillets of tunas (of the genus thunnus) skipjack tuna (stripe-bellied bonito) (katsuwonus pelamis),2024,UNITED STATES,MAKASSAR,602843.79,data/raw/eksporimpor/
3048700,Frozen fillets of tunas (of the genus thunnus) skipjack tuna (stripe-bellied bonito) (katsuwonus pelamis),2024,TOTAL,SEMUA,43975809.05,data/raw/eksporimpor/
3048700,Frozen fillets of tunas (of the genus thunnus) skipjack tuna (stripe-bellied bonito) (katsuwonus pelamis),2026,JAPAN,MAKASSAR,284266.65,data/raw/eksporimpor/
3048700,Frozen fillets of tunas (of the genus thunnus) skipjack tuna (stripe-bellied bonito) (katsuwonus pelamis),2026,UNITED STATES,MAKASSAR,331666.0,data/raw/eksporimpor/
3048700,Frozen fillets of tunas (of the genus thunnus) skipjack tuna (stripe-bellied bonito) (katsuwonus pelamis),2026,TOTAL,SEMUA,2580563.41,data/raw/eksporimpor/
3048900,Frozen fillets of other fish,2020,TOTAL,SEMUA,346207.0,data/raw/eksporimpor/
3048900,Frozen fillets of other fish,2021,TOTAL,SEMUA,20951.68,data/raw/eksporimpor/
3048910,Frozen fillets of mahi-mahi (coryphaena hippurus),2024,UNITED STATES,MAKASSAR,13338.0,data/raw/eksporimpor/
3048910,Frozen fillets of mahi-mahi (coryphaena hippurus),2024,TOTAL,SEMUA,27683.0,data/raw/eksporimpor/
3048990,Frozen fillets of other fish other than HS code 03048100 to 03048910,2023,TOTAL,SEMUA,1644766.39,data/raw/eksporimpor/
3048990,Frozen fillets of other fish other than HS code 03048100 to 03048910,2024,JAPAN,MAKASSAR,26722.0,data/raw/eksporimpor/
3048990,Frozen fillets of other fish other than HS code 03048100 to 03048910,2024,SINGAPORE,MAKASSAR,83425.0,data/raw/eksporimpor/
3048990,Frozen fillets of other fish other than HS code 03048100 to 03048910,2024,TOTAL,SEMUA,2723798.95,data/raw/eksporimpor/
3048990,Frozen fillets of other fish other than HS code 03048100 to 03048910,2026,UNITED STATES,MAKASSAR,365769.31,data/raw/eksporimpor/
3048990,Frozen fillets of other fish other than HS code 03048100 to 03048910,2026,TOTAL,SEMUA,922984.21,data/raw/eksporimpor/
3049990,Frozen other fish meat (whether or not minced) of other fish other than HS code 03049100 to 03049910,2023,TOTAL,SEMUA,76178.5,data/raw/eksporimpor/
3049990,Frozen other fish meat (whether or not minced) of other fish other than HS code 03049100 to 03049910,2024,TOTAL,SEMUA,691334.91,data/raw/eksporimpor/
3052010,Livers roes and milt of freshwater fish dried salted or in brine,2020,TOTAL,SEMUA,82100.0,data/raw/eksporimpor/
3052010,Livers roes and milt of freshwater fish dried salted or in brine,2021,TOTAL,SEMUA,1308900.0,data/raw/eksporimpor/
3052010,Livers roes and milt of freshwater fish dried salted or in brine,2023,TOTAL,SEMUA,345000.0,data/raw/eksporimpor/
3052010,Livers roes and milt of freshwater fish dried salted or in brine,2024,TOTAL,SEMUA,246600.0,data/raw/eksporimpor/
3052090,Livers roes and milt of fish smoked dried salted or in brine other than freshwater fish dried salted or in brine,2023,CHINA,MAKASSAR,504562.55,data/raw/eksporimpor/
3052090,Livers roes and milt of fish smoked dried salted or in brine other than freshwater fish dried salted or in brine,2023,TOTAL,SEMUA,6402314.15,data/raw/eksporimpor/
3052090,Livers roes and milt of fish smoked dried salted or in brine other than freshwater fish dried salted or in brine,2024,CHINA,MAKASSAR,594780.0,data/raw/eksporimpor/
3052090,Livers roes and milt of fish smoked dried salted or in brine other than freshwater fish dried salted or in brine,2024,TOTAL,SEMUA,9320279.0,data/raw/eksporimpor/
3052090,Livers roes and milt of fish smoked dried salted or in brine other than freshwater fish dried salted or in brine,2026,CHINA,MAKASSAR,690710.0,data/raw/eksporimpor/
3052090,Livers roes and milt of fish smoked dried salted or in brine other than freshwater fish dried salted or in brine,2026,TOTAL,SEMUA,1135894.0,data/raw/eksporimpor/
3052090,Livers roes and milt of water marine fish dried salted or in brine,2020,TOTAL,SEMUA,5193762.0,data/raw/eksporimpor/
3052090,Livers roes and milt of water marine fish dried salted or in brine,2021,JAPAN,MAKASSAR,57800.0,data/raw/eksporimpor/
3052090,Livers roes and milt of water marine fish dried salted or in brine,2021,TOTAL,SEMUA,7449226.0,data/raw/eksporimpor/
3054900,Smoked fish of other fish including fillets other than edible fish offal,2020,JAPAN,MAKASSAR,195826.36,data/raw/eksporimpor/
3054900,Smoked fish of other fish including fillets other than edible fish offal,2020,TOTAL,SEMUA,1657228.61,data/raw/eksporimpor/
3054900,Smoked fish of other fish including fillets other than edible fish offal,2021,TOTAL,SEMUA,8508829.33,data/raw/eksporimpor/
3054910,Smoked fish including fillets other than edible fish offal of skipjack tuna (stripe-bellied bonito) (katsuwonus pelamis),2023,JAPAN,BITUNG,838012.8,data/raw/eksporimpor/
3054910,Smoked fish including fillets other than edible fish offal of skipjack tuna (stripe-bellied bonito) (katsuwonus pelamis),2023,TOTAL,SEMUA,14284103.31,data/raw/eksporimpor/
3054910,Smoked fish including fillets other than edible fish offal of skipjack tuna (stripe-bellied bonito) (katsuwonus pelamis),2024,JAPAN,BITUNG,749732.8,data/raw/eksporimpor/
3054910,Smoked fish including fillets other than edible fish offal of skipjack tuna (stripe-bellied bonito) (katsuwonus pelamis),2024,TOTAL,SEMUA,11400776.76,data/raw/eksporimpor/
3054910,Smoked fish including fillets other than edible fish offal of skipjack tuna (stripe-bellied bonito) (katsuwonus pelamis),2026,TOTAL,SEMUA,1215462.81,data/raw/eksporimpor/
3054990,Smoked fish including fillets other than edible fish offal not elsewhere classified in heading 0305,2023,JAPAN,BITUNG,17773.52,data/raw/eksporimpor/
3054990,Smoked fish including fillets other than edible fish offal not elsewhere classified in heading 0305,2023,TOTAL,SEMUA,2831135.13,data/raw/eksporimpor/
3054990,Smoked fish including fillets other than edible fish offal not elsewhere classified in heading 0305,2024,JAPAN,BITUNG,203044.43,data/raw/eksporimpor/
3054990,Smoked fish including fillets other than edible fish offal not elsewhere classified in heading 0305,2024,TOTAL,SEMUA,1073883.35,data/raw/eksporimpor/
3055929,Dried fish other than edible fish offal whether or not salted but not smoked of marine fish other than anchovies (stolephorus coilia setipinna lycothrissa thryssa and encrasicholina spp),2023,JAPAN,MAKASSAR,36900.0,data/raw/eksporimpor/
3055929,Dried fish other than edible fish offal whether or not salted but not smoked of marine fish other than anchovies (stolephorus coilia setipinna lycothrissa thryssa and encrasicholina spp),2023,TOTAL,SEMUA,92250.0,data/raw/eksporimpor/
3055929,Dried fish other than edible fish offal whether or not salted but not smoked of marine fish other than anchovies (stolephorus coilia setipinna lycothrissa thryssa and encrasicholina spp),2024,TOTAL,SEMUA,18450.0,data/raw/eksporimpor/
3055929,Dried of oth marine fish other than edible fish offal whether or not salted but not smoked,2021,TOTAL,SEMUA,53250.0,data/raw/eksporimpor/
3055990,Dried fish other than edible fish offal whether or not salted but not smoked of other fish other than marine fish,2023,TOTAL,SEMUA,3216.73,data/raw/eksporimpor/
3055990,Dried of oth not marine fish other than edible fish offal whether or not salted but not smoked,2021,TOTAL,SEMUA,17750.0,data/raw/eksporimpor/
3056990,Other fish salted but not dried/smoked & fish in brine ot edible fish offal,2021,TOTAL,SEMUA,47578.0,data/raw/eksporimpor/
3056990,Salted but not dried or smoked and fish in brine other than edible fish offal of other than marine fish not elsewhere classified in heading 0305,2023,TOTAL,SEMUA,36900.0,data/raw/eksporimpor/
3056990,Salted but not dried or smoked and fish in brine other than edible fish offal of other than marine fish not elsewhere classified in heading 0305,2024,JAPAN,MAKASSAR,18050.0,data/raw/eksporimpor/
3056990,Salted but not dried or smoked and fish in brine other than edible fish offal of other than marine fish not elsewhere classified in heading 0305,2024,TOTAL,SEMUA,54550.0,data/raw/eksporimpor/
3056990,Salted but not dried or smoked and fish in brine other than edible fish offal of other than marine fish not elsewhere classified in heading 0305,2026,TOTAL,SEMUA,3700.0,data/raw/eksporimpor/
3057211,Dried salted or in brine smoked of fish maws of cod,2023,TOTAL,SEMUA,63325.0,data/raw/eksporimpor/
3061190,Rock lobster and other sea crawfish (palinurus spp panulirus spp jasus spp) frozen other than smoked,2024,TOTAL,SEMUA,45150.0,data/raw/eksporimpor/
3061711,Giant tiger prawns (Penaeus monodon) headless frozen fit for human consumption,2020,JAPAN,MAKASSAR,174907.8,data/raw/eksporimpor/
3061711,Giant tiger prawns (Penaeus monodon) headless frozen fit for human consumption,2020,TOTAL,SEMUA,3448849.8,data/raw/eksporimpor/
3061711,Giant tiger prawns (Penaeus monodon) headless frozen fit for human consumption,2021,JAPAN,MAKASSAR,597061.0,data/raw/eksporimpor/
3061711,Giant tiger prawns (Penaeus monodon) headless frozen fit for human consumption,2021,TOTAL,SEMUA,6044250.18,data/raw/eksporimpor/
3061711,Giant tiger prawns (penaeus monodon) frozen headless,2023,TOTAL,SEMUA,510351.96,data/raw/eksporimpor/
3061711,Giant tiger prawns (penaeus monodon) frozen headless,2024,TOTAL,SEMUA,787680.93,data/raw/eksporimpor/
3061711,Giant tiger prawns (penaeus monodon) frozen headless,2026,TOTAL,SEMUA,58295.0,data/raw/eksporimpor/
3061719,Giant tiger prawns (Penaeus monodon) with head frozen fit for human consumption,2020,TOTAL,SEMUA,3197.6,data/raw/eksporimpor/
3061719,Giant tiger prawns (penaeus monodon) frozen other than headless,2023,JAPAN,MAKASSAR,213559.42,data/raw/eksporimpor/
3061719,Giant tiger prawns (penaeus monodon) frozen other than headless,2023,TOTAL,SEMUA,600220.38,data/raw/eksporimpor/
3061719,Giant tiger prawns (penaeus monodon) frozen other than headless,2024,JAPAN,MAKASSAR,9499.79,data/raw/eksporimpor/
3061719,Giant tiger prawns (penaeus monodon) frozen other than headless,2024,TOTAL,SEMUA,241015.65,data/raw/eksporimpor/
3061719,Giant tiger prawns (penaeus monodon) frozen other than headless,2026,JAPAN,MAKASSAR,10776.96,data/raw/eksporimpor/
3061719,Giant tiger prawns (penaeus monodon) frozen other than headless,2026,TOTAL,SEMUA,10776.96,data/raw/eksporimpor/
3061721,Whiteleg shrimps (Litopenaeus vannamei) headless with tail frozen fit for human consumption,2020,TOTAL,SEMUA,546368.2,data/raw/eksporimpor/
3061721,Whiteleg shrimps (Litopenaeus vannamei) headless with tail frozen fit for human consumption,2021,TOTAL,SEMUA,4763762.09,data/raw/eksporimpor/
3061721,Whiteleg shrimps (litopenaeus vannamei) frozen headless with tail,2023,CHINA,MAKASSAR,254201.81,data/raw/eksporimpor/
3061721,Whiteleg shrimps (litopenaeus vannamei) frozen headless with tail,2023,JAPAN,KENDARI,246658.0,data/raw/eksporimpor/
3061721,Whiteleg shrimps (litopenaeus vannamei) frozen headless with tail,2023,TOTAL,SEMUA,6544678.52,data/raw/eksporimpor/
3061721,Whiteleg shrimps (litopenaeus vannamei) frozen headless with tail,2024,CHINA,MAKASSAR,240404.57,data/raw/eksporimpor/
3061721,Whiteleg shrimps (litopenaeus vannamei) frozen headless with tail,2024,UNITED STATES,MAKASSAR,396840.0,data/raw/eksporimpor/
3061721,Whiteleg shrimps (litopenaeus vannamei) frozen headless with tail,2024,TOTAL,SEMUA,3966710.86,data/raw/eksporimpor/
3061721,Whiteleg shrimps (litopenaeus vannamei) frozen headless with tail,2026,UNITED STATES,MAKASSAR,260150.0,data/raw/eksporimpor/
3061721,Whiteleg shrimps (litopenaeus vannamei) frozen headless with tail,2026,TOTAL,SEMUA,1466430.93,data/raw/eksporimpor/
3061722,Whiteleg shrimps (Litopenaeus vannamei) headless without tail frozen fit for human consumption,2020,TOTAL,SEMUA,4486289.53,data/raw/eksporimpor/
3061722,Whiteleg shrimps (Litopenaeus vannamei) headless without tail frozen fit for human consumption,2021,JAPAN,MAKASSAR,146904.0,data/raw/eksporimpor/
3061722,Whiteleg shrimps (Litopenaeus vannamei) headless without tail frozen fit for human consumption,2021,TOTAL,SEMUA,2893684.08,data/raw/eksporimpor/
3061722,Whiteleg shrimps (litopenaeus vannamei) frozen headless without tail,2023,JAPAN,MAKASSAR,403007.4,data/raw/eksporimpor/
3061722,Whiteleg shrimps (litopenaeus vannamei) frozen headless without tail,2023,TOTAL,SEMUA,5989429.53,data/raw/eksporimpor/
3061722,Whiteleg shrimps (litopenaeus vannamei) frozen headless without tail,2024,JAPAN,MAKASSAR,539916.5,data/raw/eksporimpor/
3061722,Whiteleg shrimps (litopenaeus vannamei) frozen headless without tail,2024,TOTAL,SEMUA,9847622.11,data/raw/eksporimpor/
3061722,Whiteleg shrimps (litopenaeus vannamei) frozen headless without tail,2026,JAPAN,MAKASSAR,524221.58,data/raw/eksporimpor/
3061722,Whiteleg shrimps (litopenaeus vannamei) frozen headless without tail,2026,UNITED STATES,MAKASSAR,850650.0,data/raw/eksporimpor/
3061722,Whiteleg shrimps (litopenaeus vannamei) frozen headless without tail,2026,TOTAL,SEMUA,3392212.05,data/raw/eksporimpor/
3061729,Whiteleg shrimps (Litopenaeus vannamei) with head and tail frozen fit for human consumption,2020,CHINA,MAKASSAR,234744.0,data/raw/eksporimpor/
3061729,Whiteleg shrimps (Litopenaeus vannamei) with head and tail frozen fit for human consumption,2020,TOTAL,SEMUA,1395409.2,data/raw/eksporimpor/
3061729,Whiteleg shrimps (Litopenaeus vannamei) with head and tail frozen fit for human consumption,2021,TOTAL,SEMUA,1797453.78,data/raw/eksporimpor/
3061729,Whiteleg shrimps (litopenaeus vannamei) frozen other than headless with or without tail,2023,JAPAN,MAKASSAR,140107.58,data/raw/eksporimpor/
3061729,Whiteleg shrimps (litopenaeus vannamei) frozen other than headless with or without tail,2023,TOTAL,SEMUA,381922.24,data/raw/eksporimpor/
3061729,Whiteleg shrimps (litopenaeus vannamei) frozen other than headless with or without tail,2024,JAPAN,MAKASSAR,6600.0,data/raw/eksporimpor/
3061729,Whiteleg shrimps (litopenaeus vannamei) frozen other than headless with or without tail,2024,TOTAL,SEMUA,665783.62,data/raw/eksporimpor/
3061729,Whiteleg shrimps (litopenaeus vannamei) frozen other than headless with or without tail,2026,TOTAL,SEMUA,1324750.0,data/raw/eksporimpor/
3061790,Other shrimps and prawns frozen fit for human consumption,2020,TOTAL,SEMUA,703341.28,data/raw/eksporimpor/
3061790,Other shrimps and prawns frozen fit for human consumption,2021,TOTAL,SEMUA,461254.17,data/raw/eksporimpor/
3061790,Shrimps and prawns other than giant tiger prawns whiteleg shrimps and giant river prawns frozen,2024,TOTAL,SEMUA,256954.3,data/raw/eksporimpor/
3063300,Crabs live fresh or chilled,2021,TOTAL,SEMUA,32487.32,data/raw/eksporimpor/
3069521,Shrimps and prawns in airtight containers for retail sale in shell cooked by steaming or boiling in water,2024,TOTAL,SEMUA,25445.99,data/raw/eksporimpor/
3074310,Cuttle fish (Sepia officinalis Rossia macrosoma Sepiola spp) squid (Ommastrephes spp Loligo sppetc) frozen,2020,TOTAL,SEMUA,25026.51,data/raw/eksporimpor/
3074310,Cuttle fish (sepia officinalis rossia macrosoma sepiola spp) and squid (ommastrephes spp loligo spp nototodarus spp sepioteuthis spp) frozen,2023,TOTAL,SEMUA,670500.45,data/raw/eksporimpor/
3074310,Cuttle fish (sepia officinalis rossia macrosoma sepiola spp) and squid (ommastrephes spp loligo spp nototodarus spp sepioteuthis spp) frozen,2024,TOTAL,SEMUA,1056549.96,data/raw/eksporimpor/
3074390,Cuttle fish and squid other than HS 03074310 frozen,2020,JAPAN,MAKASSAR,8600.5,data/raw/eksporimpor/
3074390,Cuttle fish and squid other than HS 03074310 frozen,2020,TOTAL,SEMUA,304009.75,data/raw/eksporimpor/
3074390,Cuttle fish and squid other than HS 03074310 frozen,2021,TOTAL,SEMUA,136311.49,data/raw/eksporimpor/
3074390,Cuttle fish and squid other than sepia officinalis rossia macrosoma sepiola spp ommastrephes spp loligo spp nototodarus spp sepioteuthis spp frozen,2023,JAPAN,MAKASSAR,65806.28,data/raw/eksporimpor/
3074390,Cuttle fish and squid other than sepia officinalis rossia macrosoma sepiola spp ommastrephes spp loligo spp nototodarus spp sepioteuthis spp frozen,2023,TOTAL,SEMUA,997345.38,data/raw/eksporimpor/
3074390,Cuttle fish and squid other than sepia officinalis rossia macrosoma sepiola spp ommastrephes spp loligo spp nototodarus spp sepioteuthis spp frozen,2024,JAPAN,MAKASSAR,59032.4,data/raw/eksporimpor/
3074390,Cuttle fish and squid other than sepia officinalis rossia macrosoma sepiola spp ommastrephes spp loligo spp nototodarus spp sepioteuthis spp frozen,2024,UNITED STATES,MAKASSAR,30437.55,data/raw/eksporimpor/
3074390,Cuttle fish and squid other than sepia officinalis rossia macrosoma sepiola spp ommastrephes spp loligo spp nototodarus spp sepioteuthis spp frozen,2024,TOTAL,SEMUA,1172700.88,data/raw/eksporimpor/
3074390,Cuttle fish and squid other than sepia officinalis rossia macrosoma sepiola spp ommastrephes spp loligo spp nototodarus spp sepioteuthis spp frozen,2026,TOTAL,SEMUA,2116.7,data/raw/eksporimpor/
3075200,Octopus (Octopus spp) Frozen,2020,JAPAN,MAKASSAR,162351.7,data/raw/eksporimpor/
3075200,Octopus (Octopus spp) Frozen,2020,TOTAL,SEMUA,1685067.09,data/raw/eksporimpor/
3075200,Octopus (Octopus spp) Frozen,2021,JAPAN,MAKASSAR,135900.0,data/raw/eksporimpor/
3075200,Octopus (Octopus spp) Frozen,2021,TOTAL,SEMUA,1782511.63,data/raw/eksporimpor/
3075200,Octopus (octopus spp) frozen,2023,JAPAN,MAKASSAR,195196.32,data/raw/eksporimpor/
3075200,Octopus (octopus spp) frozen,2023,UNITED STATES,MAKASSAR,135700.0,data/raw/eksporimpor/
3075200,Octopus (octopus spp) frozen,2023,TOTAL,SEMUA,7313163.82,data/raw/eksporimpor/
3075200,Octopus (octopus spp) frozen,2024,JAPAN,KENDARI,196460.0,data/raw/eksporimpor/
3075200,Octopus (octopus spp) frozen,2024,JAPAN,MAKASSAR,98120.0,data/raw/eksporimpor/
3075200,Octopus (octopus spp) frozen,2024,UNITED STATES,MAKASSAR,287596.0,data/raw/eksporimpor/
3075200,Octopus (octopus spp) frozen,2024,TOTAL,SEMUA,7400215.33,data/raw/eksporimpor/
3075200,Octopus (octopus spp) frozen,2026,JAPAN,KENDARI,154520.0,data/raw/eksporimpor/
3075200,Octopus (octopus spp) frozen,2026,JAPAN,MAKASSAR,104596.0,data/raw/eksporimpor/
3075200,Octopus (octopus spp) frozen,2026,UNITED STATES,KENDARI,426650.0,data/raw/eksporimpor/
3075200,Octopus (octopus spp) frozen,2026,UNITED STATES,MAKASSAR,418996.6,data/raw/eksporimpor/
3075200,Octopus (octopus spp) frozen,2026,TOTAL,SEMUA,3970288.59,data/raw/eksporimpor/
3081920,Sea cucumbers (stichopus japonicus holothuroidea) dried salted or in brine,2020,TOTAL,SEMUA,52024.0,data/raw/eksporimpor/
3082200,Sea urchins (strongylocentrotus spp paracentrotus lividus loxechinus albus echinus esculentus) frozen,2023,TOTAL,SEMUA,6150.0,data/raw/eksporimpor/
3082200,Sea urchins (strongylocentrotus spp paracentrotus lividus loxechinus albus echinus esculentus) frozen,2024,TOTAL,SEMUA,6150.0,data/raw/eksporimpor/
5080020,Shells of molluscs crustaceans or echinoderms,2024,TOTAL,SEMUA,7500.0,data/raw/eksporimpor/
5080020,Shells of molluscs crustaceans/echinoderms unworked or simply prepared but not cut to shape powder and waste thereof,2020,TOTAL,SEMUA,2927.61,data/raw/eksporimpor/
5080090,Coral and similar materials unworked or simply prepared but not otherwise worked,2026,TOTAL,SEMUA,13332.07,data/raw/eksporimpor/
5080090,Coral&similar materials cuttle-bone unworked but not othwise worked powder and waste thereof,2020,TOTAL,SEMUA,3363.96,data/raw/eksporimpor/
7093000,Aubergines (egg-plants) fresh or chilled,2023,TOTAL,SEMUA,12.78,data/raw/eksporimpor/
7096010,Chillies (fruits of genus capsicum) fresh or chilled,2020,TOTAL,SEMUA,46066.92,data/raw/eksporimpor/
7096010,Chillies (fruits of genus capsicum) fresh or chilled,2024,TOTAL,SEMUA,155035.0,data/raw/eksporimpor/
7129090,Oth vegetables mix of vegetables oth garlic dried whole cut sliced broken or in powder but not further prepared,2020,TOTAL,SEMUA,1944.0,data/raw/eksporimpor/
7141011,Manioc (cassava) sliced or in the form of pellets dried chips,2020,TOTAL,SEMUA,550000.0,data/raw/eksporimpor/
7142010,Sweet potatoes whether or not sliced or in the form of pellets frozen,2023,TOTAL,SEMUA,55210.49,data/raw/eksporimpor/
7142010,Sweet potatoes whether or not sliced or in the form of pellets frozen,2024,TOTAL,SEMUA,205472.43,data/raw/eksporimpor/
7142010,Sweet potatoes whether or not sliced or in the form of pellets frozen,2026,TOTAL,SEMUA,74644.82,data/raw/eksporimpor/
7144010,Taro (Colocasia spp) frozen,2021,TOTAL,SEMUA,19425.04,data/raw/eksporimpor/
7144010,Taro (colocasia spp) whether or not sliced or in the form of pellets frozen,2023,TOTAL,SEMUA,11167.8,data/raw/eksporimpor/
7149099,arrowroot salep Jerusalem artichokes & similar roots & tubers with high starch/inulin content fresh/chilled/dried,2020,TOTAL,SEMUA,360952.64,data/raw/eksporimpor/
8011100,Coconuts desiccated and dried,2020,TOTAL,SEMUA,1923070.55,data/raw/eksporimpor/
8011100,Coconuts desiccated and dried,2021,CHINA,MAKASSAR,49335.0,data/raw/eksporimpor/
8011100,Coconuts desiccated and dried,2021,TOTAL,SEMUA,1983085.0,data/raw/eksporimpor/
8011100,Coconuts desiccated fresh or dried whether or not shelled or peeled,2023,TOTAL,SEMUA,155047.88,data/raw/eksporimpor/
8011100,Coconuts desiccated fresh or dried whether or not shelled or peeled,2024,TOTAL,SEMUA,434038.11,data/raw/eksporimpor/
8011200,Coconuts In the inner shell (endocarp),2020,TOTAL,SEMUA,221742.0,data/raw/eksporimpor/
8011200,Coconuts in the inner shell (endocarp) fresh or dried whether or not peeled,2023,CHINA,PANTOLOAN,120284.99,data/raw/eksporimpor/
8011200,Coconuts in the inner shell (endocarp) fresh or dried whether or not peeled,2023,TOTAL,SEMUA,4030474.62,data/raw/eksporimpor/
8011200,Coconuts in the inner shell (endocarp) fresh or dried whether or not peeled,2024,CHINA,PANTOLOAN,153131.14,data/raw/eksporimpor/
8011200,Coconuts in the inner shell (endocarp) fresh or dried whether or not peeled,2024,TOTAL,SEMUA,11848559.11,data/raw/eksporimpor/
8011200,Coconuts in the inner shell (endocarp) fresh or dried whether or not peeled,2026,CHINA,PANTOLOAN,89157.87,data/raw/eksporimpor/
8011200,Coconuts in the inner shell (endocarp) fresh or dried whether or not peeled,2026,TOTAL,SEMUA,227064.64,data/raw/eksporimpor/
8011990,Coconuts oth desiccated or dried In the inner shell (endocarp) oth young coconut,2021,TOTAL,SEMUA,49925.0,data/raw/eksporimpor/
8011990,Coconuts other than desiccated in the inner shell (endocarp) and young coconut fresh or dried whether or not shelled or peeled,2023,TOTAL,SEMUA,61135.53,data/raw/eksporimpor/
8011990,Coconuts other than desiccated in the inner shell (endocarp) and young coconut fresh or dried whether or not shelled or peeled,2024,TOTAL,SEMUA,6580.0,data/raw/eksporimpor/
8013200,Cashew nuts shelled,2020,TOTAL,SEMUA,910702.02,data/raw/eksporimpor/
8013200,Cashew nuts shelled,2021,TOTAL,SEMUA,88108.74,data/raw/eksporimpor/
8013200,Cashew nuts shelled fresh or dried whether or not peeled,2023,UNITED STATES,MAKASSAR,96075.0,data/raw/eksporimpor/
8013200,Cashew nuts shelled fresh or dried whether or not peeled,2023,TOTAL,SEMUA,1092992.5,data/raw/eksporimpor/
8013200,Cashew nuts shelled fresh or dried whether or not peeled,2024,UNITED STATES,MAKASSAR,991185.0,data/raw/eksporimpor/
8013200,Cashew nuts shelled fresh or dried whether or not peeled,2024,TOTAL,SEMUA,5240102.85,data/raw/eksporimpor/
8013200,Cashew nuts shelled fresh or dried whether or not peeled,2026,TOTAL,SEMUA,523160.0,data/raw/eksporimpor/
8029000,Oth nuts ot Almonds HazelnutsWalnutsChesnutsPistachiosMacadamia nutsKola nuts fresh/dried won shelled/peeled,2020,TOTAL,SEMUA,11497.0,data/raw/eksporimpor/
8045030,Mangosteens fresh or dried,2020,TOTAL,SEMUA,80295.0,data/raw/eksporimpor/
8045030,Mangosteens fresh or dried,2023,TOTAL,SEMUA,58859.0,data/raw/eksporimpor/
8045030,Mangosteens fresh or dried,2024,TOTAL,SEMUA,95287.1,data/raw/eksporimpor/
8119000,Fruit and nuts uncooked or cooked by steaming or boiling in water frozen whether or not containing added sugar or other sweetening matter n.ec. in heading 0811,2026,TOTAL,SEMUA,1519427.74,data/raw/eksporimpor/
9011110,Coffee Arabica WIB or Robusta OIB not roasted not decaffeinated,2020,TOTAL,SEMUA,5662144.28,data/raw/eksporimpor/
9011110,Coffee Arabica WIB or Robusta OIB not roasted not decaffeinated,2021,TOTAL,SEMUA,2736130.2,data/raw/eksporimpor/
9011120,Arabica not roasted not decaffeinated,2023,JAPAN,MAKASSAR,43015.0,data/raw/eksporimpor/
9011120,Arabica not roasted not decaffeinated,2023,TOTAL,SEMUA,4976958.42,data/raw/eksporimpor/
9011120,Arabica not roasted not decaffeinated,2024,TOTAL,SEMUA,7673206.32,data/raw/eksporimpor/
9011130,Robusta not roasted not decaffeinated,2023,TOTAL,SEMUA,186060.0,data/raw/eksporimpor/
9041110,White pepper neither crushed nor ground,2020,CHINA,MAKASSAR,136523.21,data/raw/eksporimpor/
9041110,White pepper neither crushed nor ground,2020,TOTAL,SEMUA,3629896.58,data/raw/eksporimpor/
9041110,White pepper neither crushed nor ground,2021,CHINA,MAKASSAR,108691.2,data/raw/eksporimpor/
9041110,White pepper neither crushed nor ground,2021,TOTAL,SEMUA,355931.2,data/raw/eksporimpor/
9041110,White pepper neither crushed nor ground,2023,TOTAL,SEMUA,122063.76,data/raw/eksporimpor/
9041110,White pepper neither crushed nor ground,2024,TOTAL,SEMUA,249074.57,data/raw/eksporimpor/
9041120,Black pepper neither crushed nor ground,2024,TOTAL,SEMUA,115796.1,data/raw/eksporimpor/
9041120,Black pepper neither crushed nor ground,2020,TOTAL,SEMUA,43726.2,data/raw/eksporimpor/
9041190,Pepper other than white pepper and black pepper neither crushed nor ground,2024,TOTAL,SEMUA,342395.1,data/raw/eksporimpor/
9041190,oth pepper neither crushed nor ground,2020,CHINA,MAKASSAR,72791.21,data/raw/eksporimpor/
9041190,oth pepper neither crushed nor ground,2020,TOTAL,SEMUA,72791.21,data/raw/eksporimpor/
9071000,Cloves (whole fruit cloves and stems) neither crushed nor ground,2020,TOTAL,SEMUA,5242651.87,data/raw/eksporimpor/
9071000,Cloves (whole fruit cloves and stems) neither crushed nor ground,2021,TOTAL,SEMUA,59042.0,data/raw/eksporimpor/
9071000,Cloves (whole fruit cloves and stems) neither crushed nor ground,2023,TOTAL,SEMUA,1500338.48,data/raw/eksporimpor/
9071000,Cloves (whole fruit cloves and stems) neither crushed nor ground,2024,CHINA,MAKASSAR,173063.09,data/raw/eksporimpor/
9071000,Cloves (whole fruit cloves and stems) neither crushed nor ground,2024,TOTAL,SEMUA,6684333.6,data/raw/eksporimpor/
9081100,Nutmeg neither crushed nor ground,2020,TOTAL,SEMUA,598058.84,data/raw/eksporimpor/
9081100,Nutmeg neither crushed nor ground,2021,TOTAL,SEMUA,1979660.85,data/raw/eksporimpor/
9081100,Nutmeg neither crushed nor ground,2023,CHINA,BITUNG,238517.15,data/raw/eksporimpor/
9081100,Nutmeg neither crushed nor ground,2023,TOTAL,SEMUA,3507551.8,data/raw/eksporimpor/
9081100,Nutmeg neither crushed nor ground,2024,JAPAN,BITUNG,174700.0,data/raw/eksporimpor/
9081100,Nutmeg neither crushed nor ground,2024,TOTAL,SEMUA,2461886.59,data/raw/eksporimpor/
9081100,Nutmeg neither crushed nor ground,2026,TOTAL,SEMUA,283010.51,data/raw/eksporimpor/
9081200,Nutmeg crushed or ground,2023,TOTAL,SEMUA,949892.0,data/raw/eksporimpor/
9081200,Nutmeg crushed or ground,2024,UNITED STATES,BITUNG,193000.0,data/raw/eksporimpor/
9081200,Nutmeg crushed or ground,2024,TOTAL,SEMUA,900950.0,data/raw/eksporimpor/
9082100,Mace neither crushed nor ground,2021,TOTAL,SEMUA,1480699.05,data/raw/eksporimpor/
9082100,Mace neither crushed nor ground,2023,INDIA,BITUNG,256700.0,data/raw/eksporimpor/
9082100,Mace neither crushed nor ground,2023,TOTAL,SEMUA,1679892.5,data/raw/eksporimpor/
9082100,Mace neither crushed nor ground,2024,INDIA,BITUNG,247337.5,data/raw/eksporimpor/
9082100,Mace neither crushed nor ground,2024,TOTAL,SEMUA,1954262.5,data/raw/eksporimpor/
9082200,Mace crushed or ground,2023,TOTAL,SEMUA,35705.0,data/raw/eksporimpor/
9083100,Cardamoms neither crushed nor ground,2021,TOTAL,SEMUA,1050.0,data/raw/eksporimpor/
9109190,oth spices oth than curry mixtures referred to in Note 1(b) to this Chapter,2020,TOTAL,SEMUA,1598.85,data/raw/eksporimpor/
9109910,Thyme bay leaves,2020,TOTAL,SEMUA,280.65,data/raw/eksporimpor/
9109990,oth spices oth mixtures referred to in Note 1(b) to this Chapter oth than Thyme bay leaves,2020,TOTAL,SEMUA,307.8,data/raw/eksporimpor/
11062090,Flourmeal & powder of oth sago/of roots/ tubers of 0714oth than manioc/cassavasagosweet potato/Ipomoea batatas,2021,TOTAL,SEMUA,2491166.13,data/raw/eksporimpor/
12030000,Copra,2023,TOTAL,SEMUA,12600.0,data/raw/eksporimpor/
12030000,Copra,2024,TOTAL,SEMUA,32900.0,data/raw/eksporimpor/
12122111,Eucheuma spinosum fit for human consumption dried but not ground,2020,CHINA,MAKASSAR,129880.8,data/raw/eksporimpor/
12122111,Eucheuma spinosum fit for human consumption dried but not ground,2020,TOTAL,SEMUA,4894471.58,data/raw/eksporimpor/
12122111,Eucheuma spinosum fit for human consumption dried but not ground,2021,CHINA,MAKASSAR,244495.84,data/raw/eksporimpor/
12122111,Eucheuma spinosum fit for human consumption dried but not ground,2021,TOTAL,SEMUA,5789413.6,data/raw/eksporimpor/
12122111,Eucheuma spinosum dried but not ground,2023,CHINA,MAKASSAR,838321.68,data/raw/eksporimpor/
12122111,Eucheuma spinosum dried but not ground,2023,TOTAL,SEMUA,12659993.67,data/raw/eksporimpor/
12122111,Eucheuma spinosum dried but not ground,2024,CHINA,MAKASSAR,860267.14,data/raw/eksporimpor/
12122111,Eucheuma spinosum dried but not ground,2024,TOTAL,SEMUA,11251950.3,data/raw/eksporimpor/
12122111,Eucheuma spinosum dried but not ground,2026,CHINA,MAKASSAR,911977.05,data/raw/eksporimpor/
12122111,Eucheuma spinosum dried but not ground,2026,TOTAL,SEMUA,3572596.07,data/raw/eksporimpor/
12122112,Eucheuma cottonii fit for human consumption dried but not ground,2020,CHINA,MAKASSAR,953376.66,data/raw/eksporimpor/
12122112,Eucheuma cottonii fit for human consumption dried but not ground,2020,TOTAL,SEMUA,63295273.2,data/raw/eksporimpor/
12122112,Eucheuma cottonii fit for human consumption dried but not ground,2021,CHINA,MAKASSAR,3400183.17,data/raw/eksporimpor/
12122112,Eucheuma cottonii fit for human consumption dried but not ground,2021,TOTAL,SEMUA,102739256.74,data/raw/eksporimpor/
12122112,Eucheuma cottonii dried but not ground,2023,CHINA,MAKASSAR,19518155.29,data/raw/eksporimpor/
12122112,Eucheuma cottonii dried but not ground,2023,TOTAL,SEMUA,140932662.18,data/raw/eksporimpor/
12122112,Eucheuma cottonii dried but not ground,2024,CHINA,MAKASSAR,7999182.85,data/raw/eksporimpor/
12122112,Eucheuma cottonii dried but not ground,2024,TOTAL,SEMUA,98436086.19,data/raw/eksporimpor/
12122112,Eucheuma cottonii dried but not ground,2026,CHINA,MAKASSAR,5856331.88,data/raw/eksporimpor/
12122112,Eucheuma cottonii dried but not ground,2026,TOTAL,SEMUA,29961775.18,data/raw/eksporimpor/
12122113,Gracilaria spp fit for human consumption dried but not ground,2020,CHINA,MAKASSAR,558085.6,data/raw/eksporimpor/
12122113,Gracilaria spp fit for human consumption dried but not ground,2020,TOTAL,SEMUA,12092719.37,data/raw/eksporimpor/
12122113,Gracilaria spp fit for human consumption dried but not ground,2021,CHINA,MAKASSAR,301658.46,data/raw/eksporimpor/
12122113,Gracilaria spp fit for human consumption dried but not ground,2021,TOTAL,SEMUA,17036396.97,data/raw/eksporimpor/
12122113,Gracilaria spp dried but not ground,2023,CHINA,MAKASSAR,1802583.12,data/raw/eksporimpor/
12122113,Gracilaria spp dried but not ground,2023,TOTAL,SEMUA,26919034.4,data/raw/eksporimpor/
12122113,Gracilaria spp dried but not ground,2024,CHINA,MAKASSAR,1497793.3,data/raw/eksporimpor/
12122113,Gracilaria spp dried but not ground,2024,JAPAN,MAKASSAR,83560.0,data/raw/eksporimpor/
12122113,Gracilaria spp dried but not ground,2024,TOTAL,SEMUA,16548049.45,data/raw/eksporimpor/
12122113,Gracilaria spp dried but not ground,2026,CHINA,MAKASSAR,773892.72,data/raw/eksporimpor/
12122113,Gracilaria spp dried but not ground,2026,TOTAL,SEMUA,3656011.92,data/raw/eksporimpor/
12122115,Sargassum spp fit for human consumption dried but not ground,2021,TOTAL,SEMUA,85360.0,data/raw/eksporimpor/
12122119,Seaweeds and other algae other than eucheuma spinosum cottonii and gracilaria spp fit for human consumption dried but not ground,2023,TOTAL,SEMUA,12210.0,data/raw/eksporimpor/
12122190,Seaweeds and oth algae fit for human consumption dried and ground,2021,TOTAL,SEMUA,13350.0,data/raw/eksporimpor/
12122190,Seaweeds and other algae other than eucheuma spinosum cottonii and gracilaria spp fit for human consumption fresh chilled frozen,2026,CHINA,MAKASSAR,12996.3,data/raw/eksporimpor/
12122190,Seaweeds and other algae other than eucheuma spinosum cottonii and gracilaria spp fit for human consumption fresh chilled frozen,2026,TOTAL,SEMUA,172268.0,data/raw/eksporimpor/
12122919,Seaweeds and other algae fresh chilled or dried of a kind used in dyeing tanning perfumery or for insecticidal fungicidal or similar purposes not fit for human consumption,2023,TOTAL,SEMUA,13795.0,data/raw/eksporimpor/
12129990,Fruit stones and kernels other than apricot peach (including nectarine) or plum of a kind used primarily for human consumption not elsewhere specified or included,2023,TOTAL,SEMUA,6002207.46,data/raw/eksporimpor/
12129990,Fruit stones and kernels other than apricot peach (including nectarine) or plum of a kind used primarily for human consumption not elsewhere specified or included,2024,TOTAL,SEMUA,9557846.05,data/raw/eksporimpor/
12129990,Fruit stones and kernels other than apricot peach (including nectarine) or plum of a kind used primarily for human consumption not elsewhere specified or included,2026,CHINA,MAKASSAR,130152.62,data/raw/eksporimpor/
12129990,Fruit stones and kernels other than apricot peach (including nectarine) or plum of a kind used primarily for human consumption not elsewhere specified or included,2026,TOTAL,SEMUA,4638376.75,data/raw/eksporimpor/
12129990,Oth than stones & kernels of apricotpeach (incld nectarine)/ plumused primarily for human consumption,2020,TOTAL,SEMUA,871040.0,data/raw/eksporimpor/
13019030,Cannabis resins,2020,TOTAL,SEMUA,14887.21,data/raw/eksporimpor/
13019040,Lac,2020,TOTAL,SEMUA,124449.1,data/raw/eksporimpor/
13019090,Natural gums resins gum-resins and oleoresins oth than gum arabic cannabis resins lac,2020,TOTAL,SEMUA,841987.55,data/raw/eksporimpor/
13019090,Natural gums resins gum-resins and oleoresins oth than gum arabic cannabis resins lac,2021,TOTAL,SEMUA,125929.2,data/raw/eksporimpor/
13019090,Natural gums resins gum-resins and oleoresins other than gum arabic and cannabis resins,2023,INDIA,MAKASSAR,59304.97,data/raw/eksporimpor/
13019090,Natural gums resins gum-resins and oleoresins other than gum arabic and cannabis resins,2023,TOTAL,SEMUA,885065.85,data/raw/eksporimpor/
13019090,Natural gums resins gum-resins and oleoresins other than gum arabic and cannabis resins,2024,INDIA,MAKASSAR,193944.44,data/raw/eksporimpor/
13019090,Natural gums resins gum-resins and oleoresins other than gum arabic and cannabis resins,2024,TOTAL,SEMUA,1598643.6,data/raw/eksporimpor/
13021990,Vegetable saps and extracts other then HS codes 13021110 to 13021950,2023,CHINA,MAKASSAR,91978.83,data/raw/eksporimpor/
13021990,Vegetable saps and extracts other then HS codes 13021110 to 13021950,2023,TOTAL,SEMUA,336830.05,data/raw/eksporimpor/
13021990,Vegetable saps and extracts other then HS codes 13021110 to 13021950,2024,CHINA,MAKASSAR,34359.9,data/raw/eksporimpor/
13021990,Vegetable saps and extracts other then HS codes 13021110 to 13021950,2024,TOTAL,SEMUA,295737.42,data/raw/eksporimpor/
13021990,oth vegetable saps and extracts oth than of opium liquorice hops ephedra oth than 13021920 - 13021950,2020,TOTAL,SEMUA,36190.5,data/raw/eksporimpor/
13021990,oth vegetable saps and extracts oth than of opium liquorice hops ephedra oth than 13021920 - 13021950,2021,TOTAL,SEMUA,258190.54,data/raw/eksporimpor/
13023100,Agar-agar,2023,CHINA,MAKASSAR,774314.42,data/raw/eksporimpor/
13023100,Agar-agar,2023,TOTAL,SEMUA,3892518.87,data/raw/eksporimpor/
13023100,Agar-agar,2024,UNITED STATES,MAKASSAR,234166.04,data/raw/eksporimpor/
13023100,Agar-agar,2024,TOTAL,SEMUA,5502695.15,data/raw/eksporimpor/
13023100,Agar-agar,2026,CHINA,MAKASSAR,968304.69,data/raw/eksporimpor/
13023100,Agar-agar,2026,TOTAL,SEMUA,1120742.02,data/raw/eksporimpor/
13023100,Mucilages and thickeners whether or not modified of Agar-agar,2021,TOTAL,SEMUA,250212.84,data/raw/eksporimpor/
13023911,Carrageenan powder Semirefined,2020,CHINA,MAKASSAR,3705180.0,data/raw/eksporimpor/
13023911,Carrageenan powder Semirefined,2020,TOTAL,SEMUA,36711088.53,data/raw/eksporimpor/
13023911,Carrageenan powder Semirefined,2021,CHINA,MAKASSAR,1344486.0,data/raw/eksporimpor/
13023911,Carrageenan powder Semirefined,2021,TOTAL,SEMUA,29893919.98,data/raw/eksporimpor/
13023911,Carrageenan powder semi-refined,2023,CHINA,MAKASSAR,5988747.42,data/raw/eksporimpor/
13023911,Carrageenan powder semi-refined,2023,TOTAL,SEMUA,48747270.92,data/raw/eksporimpor/
13023911,Carrageenan powder semi-refined,2024,CHINA,MAKASSAR,2170832.56,data/raw/eksporimpor/
13023911,Carrageenan powder semi-refined,2024,INDIA,MAKASSAR,49359.6,data/raw/eksporimpor/
13023911,Carrageenan powder semi-refined,2024,TOTAL,SEMUA,43681927.6,data/raw/eksporimpor/
13023911,Carrageenan powder semi-refined,2026,CHINA,MAKASSAR,2603017.88,data/raw/eksporimpor/
13023911,Carrageenan powder semi-refined,2026,TOTAL,SEMUA,12499703.29,data/raw/eksporimpor/
13023919,oth carrageenan oth than semirefined powder refined powder alkali treated carrageenan chips (ATCC),2020,CHINA,MAKASSAR,53250.0,data/raw/eksporimpor/
13023919,oth carrageenan oth than semirefined powder refined powder alkali treated carrageenan chips (ATCC),2020,TOTAL,SEMUA,3958200.0,data/raw/eksporimpor/
13023919,oth carrageenan oth than semirefined powder refined powder alkali treated carrageenan chips (ATCC),2021,TOTAL,SEMUA,1530244.0,data/raw/eksporimpor/
13023990,Mucilages and thickeners whether or not modified derived from vegetable products other than HS code 13023100 to 13023919,2023,TOTAL,SEMUA,4905021.92,data/raw/eksporimpor/
14049099,Vegetable products nec or included oth used primarily in tanning/ dyeingoth than14049091 - 14049092,2020,TOTAL,SEMUA,24300.0,data/raw/eksporimpor/
14049099,Vegetable products not elsewhere specified or included other than HS code 14042000 to 14049092,2023,TOTAL,SEMUA,33483.5,data/raw/eksporimpor/
14049099,Vegetable products not elsewhere specified or included other than HS code 14042000 to 14049092,2024,TOTAL,SEMUA,5930.4,data/raw/eksporimpor/
15111000,Crude palm oil,2020,INDIA,PANTOLOAN,12589147.32,data/raw/eksporimpor/
15111000,Crude palm oil,2020,TOTAL,SEMUA,143678766.42,data/raw/eksporimpor/
15111000,Crude palm oil,2021,INDIA,PANTOLOAN,1005919.52,data/raw/eksporimpor/
15111000,Crude palm oil,2021,TOTAL,SEMUA,1005919.52,data/raw/eksporimpor/
15119020,Refined palm oil,2020,JAPAN,BITUNG,1701691.56,data/raw/eksporimpor/
15119020,Refined palm oil,2020,UNITED STATES,BITUNG,359892.72,data/raw/eksporimpor/
15119020,Refined palm oil,2020,TOTAL,SEMUA,21096267.58,data/raw/eksporimpor/
15119020,Refined palm oil,2021,JAPAN,BITUNG,1769486.04,data/raw/eksporimpor/
15119020,Refined palm oil,2021,TOTAL,SEMUA,33438423.01,data/raw/eksporimpor/
15119031,Solid fractions of palm oil refined oil but not chemically modified with iodine value 30 or more but less than 40,2023,TOTAL,SEMUA,71737938.14,data/raw/eksporimpor/
15119031,Solid fractions of palm oil refined oil but not chemically modified with iodine value 30 or more but less than 40,2024,CHINA,PANTOLOAN,4042381.6,data/raw/eksporimpor/
15119031,Solid fractions of palm oil refined oil but not chemically modified with iodine value 30 or more but less than 40,2024,TOTAL,SEMUA,59976958.63,data/raw/eksporimpor/
15119031,Solid fractions of palm oil refined oil but not chemically modified with iodine value 30 or more but less than 40,2026,TOTAL,SEMUA,4829452.98,data/raw/eksporimpor/
15119031,Solid fractions of refined palm oil with iodine value 30 or more but less than 40,2020,CHINA,BITUNG,389997.66,data/raw/eksporimpor/
15119031,Solid fractions of refined palm oil with iodine value 30 or more but less than 40,2020,CHINA,PANTOLOAN,5351048.49,data/raw/eksporimpor/
15119031,Solid fractions of refined palm oil with iodine value 30 or more but less than 40,2020,JAPAN,BITUNG,382069.39,data/raw/eksporimpor/
15119031,Solid fractions of refined palm oil with iodine value 30 or more but less than 40,2020,UNITED STATES,BITUNG,362424.6,data/raw/eksporimpor/
15119031,Solid fractions of refined palm oil with iodine value 30 or more but less than 40,2020,TOTAL,SEMUA,55928061.27,data/raw/eksporimpor/
15119031,Solid fractions of refined palm oil with iodine value 30 or more but less than 40,2021,CHINA,PANTOLOAN,12665161.92,data/raw/eksporimpor/
15119031,Solid fractions of refined palm oil with iodine value 30 or more but less than 40,2021,TOTAL,SEMUA,130245649.61,data/raw/eksporimpor/
15119037,Liquid fractions of palm oil refined oil but not chemically modified with iodine value 55 or more but less than 60,2023,CHINA,BITUNG,10966086.08,data/raw/eksporimpor/
15119037,Liquid fractions of palm oil refined oil but not chemically modified with iodine value 55 or more but less than 60,2023,CHINA,PANTOLOAN,10674839.06,data/raw/eksporimpor/
15119037,Liquid fractions of palm oil refined oil but not chemically modified with iodine value 55 or more but less than 60,2023,TOTAL,SEMUA,306752626.31,data/raw/eksporimpor/
15119037,Liquid fractions of palm oil refined oil but not chemically modified with iodine value 55 or more but less than 60,2024,CHINA,PANTOLOAN,9659974.48,data/raw/eksporimpor/
15119037,Liquid fractions of palm oil refined oil but not chemically modified with iodine value 55 or more but less than 60,2024,TOTAL,SEMUA,252520030.38,data/raw/eksporimpor/
15119037,Liquid fractions of refined palm oil with iodine value 55 or more but less than 60,2020,CHINA,PANTOLOAN,11458769.48,data/raw/eksporimpor/
15119037,Liquid fractions of refined palm oil with iodine value 55 or more but less than 60,2020,JAPAN,BITUNG,1644491.52,data/raw/eksporimpor/
15119037,Liquid fractions of refined palm oil with iodine value 55 or more but less than 60,2020,TOTAL,SEMUA,134846244.33,data/raw/eksporimpor/
15119037,Liquid fractions of refined palm oil with iodine value 55 or more but less than 60,2021,CHINA,PANTOLOAN,21597213.39,data/raw/eksporimpor/
15119037,Liquid fractions of refined palm oil with iodine value 55 or more but less than 60,2021,INDIA,PANTOLOAN,5814918.3,data/raw/eksporimpor/
15119037,Liquid fractions of refined palm oil with iodine value 55 or more but less than 60,2021,JAPAN,BITUNG,703280.92,data/raw/eksporimpor/
15119037,Liquid fractions of refined palm oil with iodine value 55 or more but less than 60,2021,TOTAL,SEMUA,276285941.88,data/raw/eksporimpor/
15131100,Crude oil of coconut (copra) oil,2020,TOTAL,SEMUA,4897345.19,data/raw/eksporimpor/
15131100,Crude oil of coconut (copra) oil,2021,TOTAL,SEMUA,8807577.54,data/raw/eksporimpor/
15131110,Virgin coconut oil,2024,TOTAL,SEMUA,112392.0,data/raw/eksporimpor/
15131190,Crude coconut (copra) oil and its fractions other than virgin coconut oil whether or not refined but not chemically modified,2023,UNITED STATES,BITUNG,2657817.48,data/raw/eksporimpor/
15131190,Crude coconut (copra) oil and its fractions other than virgin coconut oil whether or not refined but not chemically modified,2023,TOTAL,SEMUA,9800797.99,data/raw/eksporimpor/
15131190,Crude coconut (copra) oil and its fractions other than virgin coconut oil whether or not refined but not chemically modified,2024,CHINA,GORONTALO,16745.0,data/raw/eksporimpor/
15131190,Crude coconut (copra) oil and its fractions other than virgin coconut oil whether or not refined but not chemically modified,2024,TOTAL,SEMUA,1355807.91,data/raw/eksporimpor/
15131190,Crude coconut (copra) oil and its fractions other than virgin coconut oil whether or not refined but not chemically modified,2026,TOTAL,SEMUA,43199396.52,data/raw/eksporimpor/
15131990,Coconut (copra) and fractions thereof other than crude oil and fractions of unrefined oil whether or not refined but not chemically modified,2023,CHINA,BITUNG,207060.0,data/raw/eksporimpor/
15131990,Coconut (copra) and fractions thereof other than crude oil and fractions of unrefined oil whether or not refined but not chemically modified,2023,UNITED STATES,BITUNG,7094974.2,data/raw/eksporimpor/
15131990,Coconut (copra) and fractions thereof other than crude oil and fractions of unrefined oil whether or not refined but not chemically modified,2023,TOTAL,SEMUA,106680522.69,data/raw/eksporimpor/
15131990,Coconut (copra) and fractions thereof other than crude oil and fractions of unrefined oil whether or not refined but not chemically modified,2024,CHINA,BITUNG,5563934.73,data/raw/eksporimpor/
15131990,Coconut (copra) and fractions thereof other than crude oil and fractions of unrefined oil whether or not refined but not chemically modified,2024,TOTAL,SEMUA,102879303.83,data/raw/eksporimpor/
15131990,Coconut (copra) and fractions thereof other than crude oil and fractions of unrefined oil whether or not refined but not chemically modified,2026,TOTAL,SEMUA,63586577.76,data/raw/eksporimpor/
15131990,Coconut (copra) oil and its fractions not chemically modified oth than crude oil and oth than 15131910,2020,UNITED STATES,BITUNG,6432363.79,data/raw/eksporimpor/
15131990,Coconut (copra) oil and its fractions not chemically modified oth than crude oil and oth than 15131910,2020,TOTAL,SEMUA,109457752.05,data/raw/eksporimpor/
15131990,Coconut (copra) oil and its fractions not chemically modified oth than crude oil and oth than 15131910,2021,CHINA,BITUNG,5999922.0,data/raw/eksporimpor/
15131990,Coconut (copra) oil and its fractions not chemically modified oth than crude oil and oth than 15131910,2021,TOTAL,SEMUA,192368518.86,data/raw/eksporimpor/
15132994,Palm kernel olein refined bleached and deodorized (RBD),2020,TOTAL,SEMUA,792855.77,data/raw/eksporimpor/
15132995,Palm kernel oil RBD,2020,CHINA,BITUNG,1579939.76,data/raw/eksporimpor/
15132995,Palm kernel oil RBD,2020,JAPAN,BITUNG,934115.18,data/raw/eksporimpor/
15132995,Palm kernel oil RBD,2020,UNITED STATES,BITUNG,1944827.87,data/raw/eksporimpor/
15132995,Palm kernel oil RBD,2020,TOTAL,SEMUA,18989801.65,data/raw/eksporimpor/
15132995,Palm kernel oil RBD,2021,CHINA,BITUNG,809851.5,data/raw/eksporimpor/
15132995,Palm kernel oil RBD,2021,JAPAN,BITUNG,1236844.3,data/raw/eksporimpor/
15132995,Palm kernel oil RBD,2021,TOTAL,SEMUA,23691409.17,data/raw/eksporimpor/
15132995,Palm kernel oil refined bleached and deodorised (rbd),2023,TOTAL,SEMUA,8515191.49,data/raw/eksporimpor/
15132995,Palm kernel oil refined bleached and deodorised (rbd),2024,TOTAL,SEMUA,30315740.77,data/raw/eksporimpor/
15132995,Palm kernel oil refined bleached and deodorised (rbd),2026,TOTAL,SEMUA,9792740.84,data/raw/eksporimpor/
15162014,Vegetable fats and oils and their fractions of coconuts reesterified but not further prepared,2021,TOTAL,SEMUA,18752.0,data/raw/eksporimpor/
15180039,oth inedible mixtures or preparations of vegetable fats or oils or of fractions of different fats or oils,2021,TOTAL,SEMUA,121272.84,data/raw/eksporimpor/
15200010,Crude glycerol,2020,CHINA,BITUNG,720470.53,data/raw/eksporimpor/
15200010,Crude glycerol,2020,TOTAL,SEMUA,7284434.65,data/raw/eksporimpor/
15200010,Crude glycerol,2021,CHINA,BITUNG,713995.31,data/raw/eksporimpor/
15200010,Crude glycerol,2021,TOTAL,SEMUA,13949395.82,data/raw/eksporimpor/
15200010,Crude glycerol,2023,CHINA,BITUNG,947575.36,data/raw/eksporimpor/
15200010,Crude glycerol,2023,TOTAL,SEMUA,9623362.74,data/raw/eksporimpor/
15200010,Crude glycerol,2024,CHINA,BITUNG,620281.68,data/raw/eksporimpor/
15200010,Crude glycerol,2024,TOTAL,SEMUA,13381650.57,data/raw/eksporimpor/
15200010,Crude glycerol,2026,CHINA,BITUNG,2133855.46,data/raw/eksporimpor/
15200010,Crude glycerol,2026,TOTAL,SEMUA,5558326.68,data/raw/eksporimpor/
16041411,Prepared or preserved tunas whole or in pieces but not minced in airtight containers for retail sale,2023,UNITED STATES,BITUNG,276015.6,data/raw/eksporimpor/
16041411,Prepared or preserved tunas whole or in pieces but not minced in airtight containers for retail sale,2023,TOTAL,SEMUA,7212244.2,data/raw/eksporimpor/
16041411,Prepared or preserved tunas whole or in pieces but not minced in airtight containers for retail sale,2024,UNITED STATES,BITUNG,262584.0,data/raw/eksporimpor/
16041411,Prepared or preserved tunas whole or in pieces but not minced in airtight containers for retail sale,2024,TOTAL,SEMUA,8670322.61,data/raw/eksporimpor/
16041411,Tunas whole or in pieces but not minced in airtight containers for retail sale,2021,TOTAL,SEMUA,5788893.11,data/raw/eksporimpor/
16041419,Prepared or preserved skipjack tuna and bonito (sarda spp) whole or in pieces but not minced not in airtight containers for retail sale,2023,UNITED STATES,BITUNG,875012.97,data/raw/eksporimpor/
16041419,Prepared or preserved skipjack tuna and bonito (sarda spp) whole or in pieces but not minced not in airtight containers for retail sale,2023,TOTAL,SEMUA,13097082.0,data/raw/eksporimpor/
16041419,Prepared or preserved skipjack tuna and bonito (sarda spp) whole or in pieces but not minced not in airtight containers for retail sale,2024,SINGAPORE,BITUNG,4499.44,data/raw/eksporimpor/
16041419,Prepared or preserved skipjack tuna and bonito (sarda spp) whole or in pieces but not minced not in airtight containers for retail sale,2024,UNITED STATES,BITUNG,621558.0,data/raw/eksporimpor/
16041419,Prepared or preserved skipjack tuna and bonito (sarda spp) whole or in pieces but not minced not in airtight containers for retail sale,2024,TOTAL,SEMUA,8282073.44,data/raw/eksporimpor/
16041419,Prepared or preserved skipjack tuna and bonito (sarda spp) whole or in pieces but not minced not in airtight containers for retail sale,2026,TOTAL,SEMUA,280966.47,data/raw/eksporimpor/
16041419,Skipjack and bonito (Sarda spp) whole or in pieces but not minced in aitright containers,2021,TOTAL,SEMUA,860291.33,data/raw/eksporimpor/
16043200,Caviar substitutes,2020,TOTAL,SEMUA,357960.0,data/raw/eksporimpor/
16043200,Caviar substitutes,2021,TOTAL,SEMUA,156950.0,data/raw/eksporimpor/
16051010,Crab prepared or preserved in airtight containers for retail sale,2020,TOTAL,SEMUA,877939.38,data/raw/eksporimpor/
16051011,Swimming crabs (crabs of the family portunidae) prepared or preserveed in airtight containers for retail sale,2023,UNITED STATES,MAKASSAR,373637.45,data/raw/eksporimpor/
16051011,Swimming crabs (crabs of the family portunidae) prepared or preserveed in airtight containers for retail sale,2023,TOTAL,SEMUA,14011929.11,data/raw/eksporimpor/
16051011,Swimming crabs (crabs of the family portunidae) prepared or preserveed in airtight containers for retail sale,2024,UNITED STATES,KENDARI,441000.0,data/raw/eksporimpor/
16051011,Swimming crabs (crabs of the family portunidae) prepared or preserveed in airtight containers for retail sale,2024,UNITED STATES,MAKASSAR,1845267.16,data/raw/eksporimpor/
16051011,Swimming crabs (crabs of the family portunidae) prepared or preserveed in airtight containers for retail sale,2024,TOTAL,SEMUA,22186814.38,data/raw/eksporimpor/
16051011,Swimming crabs (crabs of the family portunidae) prepared or preserveed in airtight containers for retail sale,2026,UNITED STATES,MAKASSAR,535110.4,data/raw/eksporimpor/
16051011,Swimming crabs (crabs of the family portunidae) prepared or preserveed in airtight containers for retail sale,2026,TOTAL,SEMUA,3053683.41,data/raw/eksporimpor/
16051090,Crab prepared or preserved not in airtight containers for retail sale,2020,UNITED STATES,MAKASSAR,328761.0,data/raw/eksporimpor/
16051090,Crab prepared or preserved not in airtight containers for retail sale,2020,TOTAL,SEMUA,606327.0,data/raw/eksporimpor/
16051090,Crab prepared or preserveed other than in airtight containers for retail sale,2023,TOTAL,SEMUA,2705121.0,data/raw/eksporimpor/
16051090,Crab prepared or preserveed other than in airtight containers for retail sale,2024,UNITED STATES,MAKASSAR,371643.0,data/raw/eksporimpor/
16051090,Crab prepared or preserveed other than in airtight containers for retail sale,2024,TOTAL,SEMUA,5371794.0,data/raw/eksporimpor/
16052100,Shrimps and prawns prepared or preserveed not in airtight container,2023,JAPAN,MAKASSAR,138352.3,data/raw/eksporimpor/
16052100,Shrimps and prawns prepared or preserveed not in airtight container,2023,TOTAL,SEMUA,4913248.04,data/raw/eksporimpor/
16052100,Shrimps and prawns prepared or preserveed not in airtight container,2024,JAPAN,MAKASSAR,301128.0,data/raw/eksporimpor/
16052100,Shrimps and prawns prepared or preserveed not in airtight container,2024,TOTAL,SEMUA,6150506.35,data/raw/eksporimpor/
16052100,Shrimps and prawns prepared or preserveed not in airtight container,2026,JAPAN,MAKASSAR,303368.5,data/raw/eksporimpor/
16052100,Shrimps and prawns prepared or preserveed not in airtight container,2026,UNITED STATES,MAKASSAR,11300.0,data/raw/eksporimpor/
16052100,Shrimps and prawns prepared or preserveed not in airtight container,2026,TOTAL,SEMUA,999521.06,data/raw/eksporimpor/
16052930,Breaded shrimp,2023,JAPAN,MAKASSAR,489336.18,data/raw/eksporimpor/
16052930,Breaded shrimp,2023,TOTAL,SEMUA,6323643.28,data/raw/eksporimpor/
16052930,Breaded shrimp,2024,JAPAN,MAKASSAR,354161.41,data/raw/eksporimpor/
16052930,Breaded shrimp,2024,TOTAL,SEMUA,6856327.44,data/raw/eksporimpor/
16052930,Breaded shrimp,2026,JAPAN,MAKASSAR,380959.0,data/raw/eksporimpor/
16052930,Breaded shrimp,2026,TOTAL,SEMUA,1046467.7,data/raw/eksporimpor/
16052930,Breaded shrimp in airtight container,2020,JAPAN,MAKASSAR,648345.92,data/raw/eksporimpor/
16052930,Breaded shrimp in airtight container,2020,TOTAL,SEMUA,15107218.5,data/raw/eksporimpor/
16052930,Breaded shrimp in airtight container,2021,JAPAN,MAKASSAR,951089.64,data/raw/eksporimpor/
16052930,Breaded shrimp in airtight container,2021,TOTAL,SEMUA,16652171.16,data/raw/eksporimpor/
16055500,Octopus prepared or preserved,2023,TOTAL,SEMUA,64112.4,data/raw/eksporimpor/
16055500,Octopus prepared or preserved,2024,JAPAN,MAKASSAR,178040.0,data/raw/eksporimpor/
16055500,Octopus prepared or preserved,2024,UNITED STATES,MAKASSAR,16841.0,data/raw/eksporimpor/
16055500,Octopus prepared or preserved,2024,TOTAL,SEMUA,1044773.26,data/raw/eksporimpor/
16055500,Octopus prepared or preserved,2026,TOTAL,SEMUA,529981.8,data/raw/eksporimpor/
17029099,Oth sugarincl invert sugar and sugar syrup blends in dry w/ fructose 50%,2021,TOTAL,SEMUA,347.94,data/raw/eksporimpor/
17031090,Cane molases not added flavour/colour matter,2020,TOTAL,SEMUA,2558007.2,data/raw/eksporimpor/
17031090,Cane molases not added flavour/colour matter,2021,TOTAL,SEMUA,2170830.6,data/raw/eksporimpor/
17031090,Cane molasses not containing added flavouring or colouring matter,2023,TOTAL,SEMUA,2771595.37,data/raw/eksporimpor/
17031090,Cane molasses not containing added flavouring or colouring matter,2024,TOTAL,SEMUA,1200018.0,data/raw/eksporimpor/
18010000,Cocoa beans whole or broken raw or roasted,2021,TOTAL,SEMUA,77329.34,data/raw/eksporimpor/
18010010,Cocoa beans whole or broken raw or roasted fermented,2023,TOTAL,SEMUA,131657.79,data/raw/eksporimpor/
18010010,Cocoa beans whole or broken raw or roasted fermented,2024,TOTAL,SEMUA,57990.6,data/raw/eksporimpor/
18020000,Cocoa shells husks skins and oth cocoa waste,2021,TOTAL,SEMUA,45.72,data/raw/eksporimpor/
18020000,Cocoa shells husks skins and other cocoa waste,2024,TOTAL,SEMUA,51620.0,data/raw/eksporimpor/
18031000,Cocoa paste defatted,2021,TOTAL,SEMUA,8380757.03,data/raw/eksporimpor/
18031000,Cocoa paste not defatted,2023,TOTAL,SEMUA,40706212.0,data/raw/eksporimpor/
18031000,Cocoa paste not defatted,2024,CHINA,MAKASSAR,2265122.5,data/raw/eksporimpor/
18031000,Cocoa paste not defatted,2024,TOTAL,SEMUA,63653333.75,data/raw/eksporimpor/
18031000,Cocoa paste not defatted,2026,CHINA,MAKASSAR,15328645.0,data/raw/eksporimpor/
18031000,Cocoa paste not defatted,2026,TOTAL,SEMUA,34160331.25,data/raw/eksporimpor/
18032000,Cocoa paste wholly or partly defatted,2023,TOTAL,SEMUA,506950.0,data/raw/eksporimpor/
18040000,Cocoa butter fat and oil,2021,TOTAL,SEMUA,718.05,data/raw/eksporimpor/
18050000,Cocoa powder not containing added sugar or oth sweetening matter,2020,TOTAL,SEMUA,492960.0,data/raw/eksporimpor/
18050000,Cocoa powder not containing added sugar or oth sweetening matter,2021,TOTAL,SEMUA,677.11,data/raw/eksporimpor/
19019099,oth medical foods,2021,TOTAL,SEMUA,747360.0,data/raw/eksporimpor/
19022030,Stuffed pasta with fish crustaceans or molluscs whether or not cooked or otherwise prepared,2024,TOTAL,SEMUA,44878.9,data/raw/eksporimpor/
19023040,Instant noodles whether or not cooked or otherwise prepared other than stuffed,2026,TOTAL,SEMUA,24195.0,data/raw/eksporimpor/
20081999,Nuts ground-nuts and other seeds other than ground nut&cashew nut w.o.n mixed together w.o.n containing added sugar/other sweetening matter or spirit not elsewhere specified/included not roasted,2023,TOTAL,SEMUA,8194.0,data/raw/eksporimpor/
20098920,Coconut water,2023,TOTAL,SEMUA,26858.62,data/raw/eksporimpor/
20098920,Coconut water,2024,CHINA,GORONTALO,963.0,data/raw/eksporimpor/
20098920,Coconut water,2024,TOTAL,SEMUA,658747.85,data/raw/eksporimpor/
20098920,Coconut water,2026,TOTAL,SEMUA,76939.28,data/raw/eksporimpor/
20098930,Coconut water concentrate,2026,TOTAL,SEMUA,202800.0,data/raw/eksporimpor/
20098999,Blackcurrant juice not suitable for infants or young children,2021,TOTAL,SEMUA,453274.5,data/raw/eksporimpor/
20098999,Juice of any other single fruit nut or vegetable other than HS code 20098110 to 20098940 not suitable for infants or young children,2023,TOTAL,SEMUA,1628955.0,data/raw/eksporimpor/
20098999,Juice of any other single fruit nut or vegetable other than HS code 20098110 to 20098940 not suitable for infants or young children,2024,UNITED STATES,BITUNG,100170.0,data/raw/eksporimpor/
20098999,Juice of any other single fruit nut or vegetable other than HS code 20098110 to 20098940 not suitable for infants or young children,2024,TOTAL,SEMUA,3405780.0,data/raw/eksporimpor/
21069030,Non-dairy creamer,2026,TOTAL,SEMUA,350150.0,data/raw/eksporimpor/
21069049,Autolysed yeast extracts not in powder form,2021,TOTAL,SEMUA,444359.19,data/raw/eksporimpor/
21069049,Autolysed yeast extracts other than in powder form,2023,TOTAL,SEMUA,1284674.21,data/raw/eksporimpor/
21069049,Autolysed yeast extracts other than in powder form,2024,CHINA,BITUNG,42400.0,data/raw/eksporimpor/
21069049,Autolysed yeast extracts other than in powder form,2024,CHINA,GORONTALO,48260.0,data/raw/eksporimpor/
21069049,Autolysed yeast extracts other than in powder form,2024,TOTAL,SEMUA,887502.3,data/raw/eksporimpor/
21069093,Coconut milk whether or not powdered,2023,CHINA,BITUNG,13362.5,data/raw/eksporimpor/
21069093,Coconut milk whether or not powdered,2023,TOTAL,SEMUA,14476.1,data/raw/eksporimpor/
21069093,Coconut milk whether or not powdered,2024,TOTAL,SEMUA,756731.5,data/raw/eksporimpor/
21069093,Coconut milk whether or not powdered,2026,TOTAL,SEMUA,739598.8,data/raw/eksporimpor/
21069099,Food preparations not elsewhere specified or included other than HS code 21061000 to 21069098,2023,TOTAL,SEMUA,779015.97,data/raw/eksporimpor/
21069099,Food preparations not elsewhere specified or included other than HS code 21061000 to 21069098,2024,CHINA,BITUNG,69350.4,data/raw/eksporimpor/
21069099,Food preparations not elsewhere specified or included other than HS code 21061000 to 21069098,2024,CHINA,GORONTALO,41463.15,data/raw/eksporimpor/
21069099,Food preparations not elsewhere specified or included other than HS code 21061000 to 21069098,2024,TOTAL,SEMUA,477376.75,data/raw/eksporimpor/
21069099,Food preparations not elsewhere specified or included other than HS code 21061000 to 21069098,2026,CHINA,MAKASSAR,6243.42,data/raw/eksporimpor/
21069099,Food preparations not elsewhere specified or included other than HS code 21061000 to 21069098,2026,TOTAL,SEMUA,6243.42,data/raw/eksporimpor/
21069099,Other Food preparations not elsewhere specified or included oth than HS 21069091 - 21069098,2020,TOTAL,SEMUA,33800.0,data/raw/eksporimpor/
23012020,Flours meals and pellets of fish with a protein content of 60% or more by weight,2024,TOTAL,SEMUA,28125.0,data/raw/eksporimpor/
23023010,Bran and pollard,2020,TOTAL,SEMUA,162575.0,data/raw/eksporimpor/
23023010,Bran and pollard whether or not in the form of pellets derived from the sifting milling or other working of wheat,2023,TOTAL,SEMUA,561600.0,data/raw/eksporimpor/
23023010,Bran and pollard whether or not in the form of pellets derived from the sifting milling or other working of wheat,2026,CHINA,MAKASSAR,60420.0,data/raw/eksporimpor/
23023010,Bran and pollard whether or not in the form of pellets derived from the sifting milling or other working of wheat,2026,TOTAL,SEMUA,373650.0,data/raw/eksporimpor/
23023090,Sharps and other residues whether or not in the form of pellets derived from the sifting milling or other working of wheat other than bran and pollard,2023,CHINA,MAKASSAR,2233000.0,data/raw/eksporimpor/
23023090,Sharps and other residues whether or not in the form of pellets derived from the sifting milling or other working of wheat other than bran and pollard,2023,TOTAL,SEMUA,23674387.94,data/raw/eksporimpor/
23023090,Sharps and other residues whether or not in the form of pellets derived from the sifting milling or other working of wheat other than bran and pollard,2024,CHINA,MAKASSAR,990000.0,data/raw/eksporimpor/
23023090,Sharps and other residues whether or not in the form of pellets derived from the sifting milling or other working of wheat other than bran and pollard,2024,TOTAL,SEMUA,990000.0,data/raw/eksporimpor/
23023090,oth than bran and pollard,2020,TOTAL,SEMUA,1192750.0,data/raw/eksporimpor/
23023090,oth than bran and pollard,2021,TOTAL,SEMUA,11022168.43,data/raw/eksporimpor/
23065000,Of coconut or copra,2020,TOTAL,SEMUA,11217350.0,data/raw/eksporimpor/
23065000,Of coconut or copra,2021,INDIA,BITUNG,1320000.0,data/raw/eksporimpor/
23065000,Of coconut or copra,2021,INDIA,GORONTALO,1280000.0,data/raw/eksporimpor/
23065000,Of coconut or copra,2021,TOTAL,SEMUA,10333780.0,data/raw/eksporimpor/
23065000,Oil-cake and oth solid residues of coconut or copra whether/not ground/in the form of pellets resulting from the extraction of vegetable/microbial fats/oils oth than those of heading 2304 or 2305,2023,CHINA,BITUNG,954800.0,data/raw/eksporimpor/
23065000,Oil-cake and oth solid residues of coconut or copra whether/not ground/in the form of pellets resulting from the extraction of vegetable/microbial fats/oils oth than those of heading 2304 or 2305,2023,TOTAL,SEMUA,16968200.0,data/raw/eksporimpor/
23065000,Oil-cake and oth solid residues of coconut or copra whether/not ground/in the form of pellets resulting from the extraction of vegetable/microbial fats/oils oth than those of heading 2304 or 2305,2024,TOTAL,SEMUA,8468600.0,data/raw/eksporimpor/
23065000,Oil-cake and oth solid residues of coconut or copra whether/not ground/in the form of pellets resulting from the extraction of vegetable/microbial fats/oils oth than those of heading 2304 or 2305,2026,INDIA,BITUNG,1393700.0,data/raw/eksporimpor/
23065000,Oil-cake and oth solid residues of coconut or copra whether/not ground/in the form of pellets resulting from the extraction of vegetable/microbial fats/oils oth than those of heading 2304 or 2305,2026,TOTAL,SEMUA,4273500.0,data/raw/eksporimpor/
23066010,Oil-cake & oth solid residues of palm nuts or kernels resulting from the extraction of vegetable/microbial fats/oils oth than those of heading 2304 / 2305 ground or in the form of pellets,2023,CHINA,PANTOLOAN,219054.0,data/raw/eksporimpor/
23066010,Oil-cake & oth solid residues of palm nuts or kernels resulting from the extraction of vegetable/microbial fats/oils oth than those of heading 2304 / 2305 ground or in the form of pellets,2023,TOTAL,SEMUA,2763054.0,data/raw/eksporimpor/
23066010,Oil-cake & oth solid residues of palm nuts or kernels resulting from the extraction of vegetable/microbial fats/oils oth than those of heading 2304 / 2305 ground or in the form of pellets,2024,TOTAL,SEMUA,769500.0,data/raw/eksporimpor/
23066010,Palm nuts or kernels ground or in the form of pellets,2020,CHINA,BITUNG,596000.0,data/raw/eksporimpor/
23066010,Palm nuts or kernels ground or in the form of pellets,2020,TOTAL,SEMUA,4282250.0,data/raw/eksporimpor/
23066010,Palm nuts or kernels ground or in the form of pellets,2021,TOTAL,SEMUA,1962000.0,data/raw/eksporimpor/
23066090,Oil-cake & oth solid residues of palm nuts or kernels resulting from the extraction of vegetable/microbial fats/oils oth than those of heading 2304 / 2305 other than ground/in the form of pellets,2023,CHINA,MAKASSAR,3660.0,data/raw/eksporimpor/
23066090,Oil-cake & oth solid residues of palm nuts or kernels resulting from the extraction of vegetable/microbial fats/oils oth than those of heading 2304 / 2305 other than ground/in the form of pellets,2023,TOTAL,SEMUA,47496.8,data/raw/eksporimpor/
23066090,Oil-cake & oth solid residues of palm nuts or kernels resulting from the extraction of vegetable/microbial fats/oils oth than those of heading 2304 / 2305 other than ground/in the form of pellets,2024,CHINA,BITUNG,963600.0,data/raw/eksporimpor/
23066090,Oil-cake & oth solid residues of palm nuts or kernels resulting from the extraction of vegetable/microbial fats/oils oth than those of heading 2304 / 2305 other than ground/in the form of pellets,2024,TOTAL,SEMUA,963600.0,data/raw/eksporimpor/
23066090,Palm nuts or kernels oth than ground or in the form of pellets,2020,TOTAL,SEMUA,1552059.9,data/raw/eksporimpor/
23066090,Palm nuts or kernels oth than ground or in the form of pellets,2021,CHINA,MAKASSAR,44368.8,data/raw/eksporimpor/
23066090,Palm nuts or kernels oth than ground or in the form of pellets,2021,TOTAL,SEMUA,1599695.2,data/raw/eksporimpor/
23069090,Oil-cake & oth solid residues w.o.n ground/in the form of pellets resulting from the extraction of vegetable/microbial fats/oils oth than those of heading 2304 / 2305 other than HS code 23061000 to 23069010,2023,TOTAL,SEMUA,687569.5,data/raw/eksporimpor/
23069090,Oil-cake & oth solid residues w.o.n ground/in the form of pellets resulting from the extraction of vegetable/microbial fats/oils oth than those of heading 2304 / 2305 other than HS code 23061000 to 23069010,2024,CHINA,MAKASSAR,225568.0,data/raw/eksporimpor/
23069090,Oil-cake & oth solid residues w.o.n ground/in the form of pellets resulting from the extraction of vegetable/microbial fats/oils oth than those of heading 2304 / 2305 other than HS code 23061000 to 23069010,2024,TOTAL,SEMUA,3221087.08,data/raw/eksporimpor/
23080000,Veg materialswaste residues won in the form of pellets of a kind used in animal feeding,2020,JAPAN,MAKASSAR,10081.29,data/raw/eksporimpor/
23080000,Veg materialswaste residues won in the form of pellets of a kind used in animal feeding,2020,TOTAL,SEMUA,61200.84,data/raw/eksporimpor/
23080000,Veg materialswaste residues won in the form of pellets of a kind used in animal feeding,2021,JAPAN,MAKASSAR,7514.28,data/raw/eksporimpor/
23080000,Veg materialswaste residues won in the form of pellets of a kind used in animal feeding,2021,TOTAL,SEMUA,7514.28,data/raw/eksporimpor/
23080000,Vegetable materials and wastevegetable residues whether or not in pellets form used in animal feeding not else specified,2023,TOTAL,SEMUA,69886.72,data/raw/eksporimpor/
23080000,Vegetable materials and wastevegetable residues whether or not in pellets form used in animal feeding not else specified,2024,JAPAN,MAKASSAR,15105.04,data/raw/eksporimpor/
23080000,Vegetable materials and wastevegetable residues whether or not in pellets form used in animal feeding not else specified,2024,TOTAL,SEMUA,160083.52,data/raw/eksporimpor/
25151210,Marble & travertineMerely cutby sawing/otherwiseinto blocks a rectangular (including square) shape blocks,2020,CHINA,MAKASSAR,93074.76,data/raw/eksporimpor/
25151210,Marble & travertineMerely cutby sawing/otherwiseinto blocks a rectangular (including square) shape blocks,2020,TOTAL,SEMUA,596357.79,data/raw/eksporimpor/
25151210,Marble & travertineMerely cutby sawing/otherwiseinto blocks a rectangular (including square) shape blocks,2021,TOTAL,SEMUA,626324.59,data/raw/eksporimpor/
25151210,Marble and travertine merely cut by sawing or otherwise into blocks of a rectangular (including square) shape,2023,CHINA,MAKASSAR,71616.72,data/raw/eksporimpor/
25151210,Marble and travertine merely cut by sawing or otherwise into blocks of a rectangular (including square) shape,2023,TOTAL,SEMUA,792437.34,data/raw/eksporimpor/
25151210,Marble and travertine merely cut by sawing or otherwise into blocks of a rectangular (including square) shape,2024,CHINA,MAKASSAR,67135.84,data/raw/eksporimpor/
25151210,Marble and travertine merely cut by sawing or otherwise into blocks of a rectangular (including square) shape,2024,TOTAL,SEMUA,1482674.5,data/raw/eksporimpor/
25151210,Marble and travertine merely cut by sawing or otherwise into blocks of a rectangular (including square) shape,2026,CHINA,MAKASSAR,7121.0,data/raw/eksporimpor/
25151210,Marble and travertine merely cut by sawing or otherwise into blocks of a rectangular (including square) shape,2026,TOTAL,SEMUA,60644.51,data/raw/eksporimpor/
29159020,Lauric acid myristic acid their salts & esters,2020,CHINA,BITUNG,1212766.65,data/raw/eksporimpor/
29159020,Lauric acid myristic acid their salts & esters,2020,TOTAL,SEMUA,6750221.64,data/raw/eksporimpor/
29159020,Lauric acid myristic acid their salts & esters,2021,CHINA,BITUNG,717949.74,data/raw/eksporimpor/
29159020,Lauric acid myristic acid their salts & esters,2021,TOTAL,SEMUA,8397932.7,data/raw/eksporimpor/
31010099,Animal fertilisersnot chemically treated,2020,TOTAL,SEMUA,64085.0,data/raw/eksporimpor/
33012950,Essential oils of cloves,2024,TOTAL,SEMUA,22400.0,data/raw/eksporimpor/
33012960,Essential oils of patchouli,2023,INDIA,MAKASSAR,454000.0,data/raw/eksporimpor/
33012960,Essential oils of patchouli,2023,SINGAPORE,MAKASSAR,223706.0,data/raw/eksporimpor/
33012960,Essential oils of patchouli,2023,TOTAL,SEMUA,3466034.0,data/raw/eksporimpor/
33012960,Essential oils of patchouli,2024,INDIA,MAKASSAR,306500.0,data/raw/eksporimpor/
33012960,Essential oils of patchouli,2024,TOTAL,SEMUA,4244956.63,data/raw/eksporimpor/
33012990,Oth essential oil of lemon grass citronella nutmeg cinnamon ginger ca,2020,TOTAL,SEMUA,97000.0,data/raw/eksporimpor/
33019090,Concentrates of essential oils in fats in fixed oils in waxes or the like obtained by enfleurage or maceration terpenic by-products of the deterpenation of essential oils,2023,INDIA,MAKASSAR,18800.0,data/raw/eksporimpor/
33019090,Concentrates of essential oils in fats in fixed oils in waxes or the like obtained by enfleurage or maceration terpenic by-products of the deterpenation of essential oils,2023,TOTAL,SEMUA,1186821.0,data/raw/eksporimpor/
33019090,Concentrates of essential oils in fats in fixed oils in waxes or the like obtained by enfleurage or maceration terpenic by-products of the deterpenation of essential oils,2024,INDIA,MAKASSAR,28950.0,data/raw/eksporimpor/
33019090,Concentrates of essential oils in fats in fixed oils in waxes or the like obtained by enfleurage or maceration terpenic by-products of the deterpenation of essential oils,2024,TOTAL,SEMUA,338745.57,data/raw/eksporimpor/
38021090,Activated carbon based on other than coconut shell charcoal,2024,TOTAL,SEMUA,435300.58,data/raw/eksporimpor/
38021090,Activated carbon based on other than coconut shell charcoal,2026,TOTAL,SEMUA,127247.55,data/raw/eksporimpor/
38051000,Gum wood or sulphate turpentine oils,2023,TOTAL,SEMUA,1688937.84,data/raw/eksporimpor/
38051000,Gum wood or sulphate turpentine oils,2024,INDIA,MAKASSAR,50729.28,data/raw/eksporimpor/
38051000,Gum wood or sulphate turpentine oils,2024,TOTAL,SEMUA,1162728.08,data/raw/eksporimpor/
38059000,Other terpenic oils other treatment of coniferous woods crude dipentene sulphite turpentine and other crude para-cymene pine oil containing alpha-terpineol as the main constituent,2024,TOTAL,SEMUA,23752.0,data/raw/eksporimpor/
38061000,Rosin & resin acids,2020,TOTAL,SEMUA,178686.8,data/raw/eksporimpor/
38061000,Rosin & resin acids,2021,TOTAL,SEMUA,63048.0,data/raw/eksporimpor/
38061000,Rosin and resin acids,2023,CHINA,MAKASSAR,302016.0,data/raw/eksporimpor/
38061000,Rosin and resin acids,2023,CHINA,PANTOLOAN,204913.39,data/raw/eksporimpor/
38061000,Rosin and resin acids,2023,TOTAL,SEMUA,5895457.56,data/raw/eksporimpor/
38061000,Rosin and resin acids,2024,CHINA,MAKASSAR,188456.0,data/raw/eksporimpor/
38061000,Rosin and resin acids,2024,CHINA,PANTOLOAN,167364.22,data/raw/eksporimpor/
38061000,Rosin and resin acids,2024,INDIA,MAKASSAR,15364.57,data/raw/eksporimpor/
38061000,Rosin and resin acids,2024,JAPAN,MAKASSAR,194394.0,data/raw/eksporimpor/
38061000,Rosin and resin acids,2024,TOTAL,SEMUA,4564859.17,data/raw/eksporimpor/
38061000,Rosin and resin acids,2026,JAPAN,MAKASSAR,188932.4,data/raw/eksporimpor/
38061000,Rosin and resin acids,2026,TOTAL,SEMUA,1208676.72,data/raw/eksporimpor/
38231910,Industrial monocarboxylic fatty acids acid oils from refining other acid oils from refining,2020,TOTAL,SEMUA,272981.28,data/raw/eksporimpor/
38231911,Industrial monocarboxylic fatty acids acid oils from refining coconut acid oil,2023,CHINA,BITUNG,920364.6,data/raw/eksporimpor/
38231911,Industrial monocarboxylic fatty acids acid oils from refining coconut acid oil,2023,TOTAL,SEMUA,5915596.66,data/raw/eksporimpor/
38231911,Industrial monocarboxylic fatty acids acid oils from refining coconut acid oil,2024,TOTAL,SEMUA,5210669.05,data/raw/eksporimpor/
38231911,Industrial monocarboxylic fatty acids acid oils from refining coconut acid oil,2026,CHINA,BITUNG,744347.27,data/raw/eksporimpor/
38231911,Industrial monocarboxylic fatty acids acid oils from refining coconut acid oil,2026,TOTAL,SEMUA,2578649.36,data/raw/eksporimpor/
38231920,Industrial monocarboxylic fatty acids acid oils from refining other Palm fatty acid distillate,2020,CHINA,BITUNG,305932.68,data/raw/eksporimpor/
38231920,Industrial monocarboxylic fatty acids acid oils from refining other Palm fatty acid distillate,2020,UNITED STATES,BITUNG,944959.05,data/raw/eksporimpor/
38231920,Industrial monocarboxylic fatty acids acid oils from refining other Palm fatty acid distillate,2020,TOTAL,SEMUA,11194412.49,data/raw/eksporimpor/
38231920,Industrial monocarboxylic fatty acids acid oils from refining other Palm fatty acid distillate,2021,CHINA,BITUNG,1334921.68,data/raw/eksporimpor/
38231920,Industrial monocarboxylic fatty acids acid oils from refining other Palm fatty acid distillate,2021,TOTAL,SEMUA,25823395.33,data/raw/eksporimpor/
38231920,Industrial monocarboxylic fatty acids other than acid oils from refining palm fatty acid distillate,2023,CHINA,BITUNG,1706165.37,data/raw/eksporimpor/
38231920,Industrial monocarboxylic fatty acids other than acid oils from refining palm fatty acid distillate,2023,TOTAL,SEMUA,14722593.83,data/raw/eksporimpor/
38231920,Industrial monocarboxylic fatty acids other than acid oils from refining palm fatty acid distillate,2024,CHINA,PANTOLOAN,1031205.48,data/raw/eksporimpor/
38231920,Industrial monocarboxylic fatty acids other than acid oils from refining palm fatty acid distillate,2024,TOTAL,SEMUA,11333353.44,data/raw/eksporimpor/
38231920,Industrial monocarboxylic fatty acids other than acid oils from refining palm fatty acid distillate,2026,TOTAL,SEMUA,4193917.13,data/raw/eksporimpor/
38231930,Industrial monocarboxylic fatty acids acid oils from refining other Palm kernel fatty acid distillate,2020,CHINA,BITUNG,230734.38,data/raw/eksporimpor/
38231930,Industrial monocarboxylic fatty acids acid oils from refining other Palm kernel fatty acid distillate,2020,TOTAL,SEMUA,585096.07,data/raw/eksporimpor/
38231930,Industrial monocarboxylic fatty acids acid oils from refining other Palm kernel fatty acid distillate,2021,TOTAL,SEMUA,344732.77,data/raw/eksporimpor/
38231930,Industrial monocarboxylic fatty acids other than acid oils from refining palm kernel fatty acid distillate,2023,TOTAL,SEMUA,735654.15,data/raw/eksporimpor/
38231930,Industrial monocarboxylic fatty acids other than acid oils from refining palm kernel fatty acid distillate,2024,TOTAL,SEMUA,523847.94,data/raw/eksporimpor/
38231930,Industrial monocarboxylic fatty acids other than acid oils from refining palm kernel fatty acid distillate,2026,TOTAL,SEMUA,473352.54,data/raw/eksporimpor/
38231990,Other industrial monocarboxylic fatty acids acid oils from refining,2020,TOTAL,SEMUA,13039.2,data/raw/eksporimpor/
40012110,Natural rubber in smoked sheets RSS Grade 1,2023,UNITED STATES,MAKASSAR,60480.0,data/raw/eksporimpor/
40012110,Natural rubber in smoked sheets RSS Grade 1,2023,TOTAL,SEMUA,648446.4,data/raw/eksporimpor/
40012110,Natural rubber in smoked sheets RSS Grade 1,2024,TOTAL,SEMUA,564253.2,data/raw/eksporimpor/
40159020,Divers' suits (wet suits) of vulcanised rubber other than hard rubber,2026,SINGAPORE,BITUNG,21975.0,data/raw/eksporimpor/
40159020,Divers' suits (wet suits) of vulcanised rubber other than hard rubber,2026,TOTAL,SEMUA,21975.0,data/raw/eksporimpor/
44013100,Sawdust and wood waste and scrap agglomerated in logs briquettes pellets or similar forms : wood pellets,2023,TOTAL,SEMUA,5557877.67,data/raw/eksporimpor/
44013100,Sawdust and wood waste and scrap agglomerated in logs briquettes pellets or similar forms : wood pellets,2024,JAPAN,GORONTALO,1340253.0,data/raw/eksporimpor/
44013100,Sawdust and wood waste and scrap agglomerated in logs briquettes pellets or similar forms : wood pellets,2024,TOTAL,SEMUA,6987238.89,data/raw/eksporimpor/
44013100,Sawdust and wood waste and scrap agglomerated in logs briquettes pellets or similar forms : wood pellets,2026,JAPAN,GORONTALO,1428000.0,data/raw/eksporimpor/
44013100,Sawdust and wood waste and scrap agglomerated in logs briquettes pellets or similar forms : wood pellets,2026,TOTAL,SEMUA,1428000.0,data/raw/eksporimpor/
44022010,Wood charcoal (including shell or nut charcoal) whether or not agglomerated of shell or nut of coconut shell,2023,TOTAL,SEMUA,512865.49,data/raw/eksporimpor/
44022010,Wood charcoal (including shell or nut charcoal) whether or not agglomerated of shell or nut of coconut shell,2024,CHINA,MAKASSAR,18347.93,data/raw/eksporimpor/
44022010,Wood charcoal (including shell or nut charcoal) whether or not agglomerated of shell or nut of coconut shell,2024,TOTAL,SEMUA,18347.93,data/raw/eksporimpor/
44022010,Wood charcoal (including shell or nut charcoal) whether or not agglomerated of shell or nut of coconut shell,2026,TOTAL,SEMUA,146822.96,data/raw/eksporimpor/
44022090,Wood charcoal (including shell or nut charcoal) whether or not agglomerated of shell or nut other than coconut shell,2023,CHINA,BITUNG,34160.93,data/raw/eksporimpor/
44022090,Wood charcoal (including shell or nut charcoal) whether or not agglomerated of shell or nut other than coconut shell,2023,TOTAL,SEMUA,34160.93,data/raw/eksporimpor/
44022090,Wood charcoal (including shell or nut charcoal) whether or not agglomerated of shell or nut other than coconut shell,2026,TOTAL,SEMUA,119777.53,data/raw/eksporimpor/
44029000,Wood charcoal (including shell or nut charcoal) whether or not agglomerated of bamboo or shell or nut,2026,CHINA,MAKASSAR,49631.29,data/raw/eksporimpor/
44029000,Wood charcoal (including shell or nut charcoal) whether or not agglomerated of bamboo or shell or nut,2026,TOTAL,SEMUA,838857.03,data/raw/eksporimpor/
44029010,Wood charcoal of coconut shell whether or not agglomerated.,2020,CHINA,MAKASSAR,29526.0,data/raw/eksporimpor/
44029010,Wood charcoal of coconut shell whether or not agglomerated.,2020,TOTAL,SEMUA,192628.0,data/raw/eksporimpor/
44029010,Wood charcoal of coconut shell whether or not agglomerated.,2021,TOTAL,SEMUA,53250.0,data/raw/eksporimpor/
44029090,Wood charcoal other of coconut shell whether or not agglomerated.,2021,TOTAL,SEMUA,383804.52,data/raw/eksporimpor/
44089090,Other than face veneer sheets of non-coniferous and other than tropical wood,2021,TOTAL,SEMUA,2.0,data/raw/eksporimpor/
44092200,Non-coniferous of tropical wood cotinuously shaped along any of its edgeeends/faces won planedsanded or end-jointed,2020,CHINA,MAKASSAR,10393.73,data/raw/eksporimpor/
44092200,Non-coniferous of tropical wood cotinuously shaped along any of its edgeeends/faces won planedsanded or end-jointed,2020,JAPAN,MAKASSAR,101822.53,data/raw/eksporimpor/
44092200,Non-coniferous of tropical wood cotinuously shaped along any of its edgeeends/faces won planedsanded or end-jointed,2020,TOTAL,SEMUA,1174662.58,data/raw/eksporimpor/
44092200,Non-coniferous of tropical wood cotinuously shaped along any of its edgeeends/faces won planedsanded or end-jointed,2021,JAPAN,MAKASSAR,36613.51,data/raw/eksporimpor/
44092200,Non-coniferous of tropical wood cotinuously shaped along any of its edgeeends/faces won planedsanded or end-jointed,2021,TOTAL,SEMUA,69523.51,data/raw/eksporimpor/
44092200,Woodnon-coniferous of tropical wood cotinuously shaped along any of its edgeeends/faceswhether or not planedsanded/end-jointed,2023,JAPAN,MAKASSAR,24922.02,data/raw/eksporimpor/
44092200,Woodnon-coniferous of tropical wood cotinuously shaped along any of its edgeeends/faceswhether or not planedsanded/end-jointed,2023,JAPAN,PANTOLOAN,14836.88,data/raw/eksporimpor/
44092200,Woodnon-coniferous of tropical wood cotinuously shaped along any of its edgeeends/faceswhether or not planedsanded/end-jointed,2023,TOTAL,SEMUA,419640.64,data/raw/eksporimpor/
44092200,Woodnon-coniferous of tropical wood cotinuously shaped along any of its edgeeends/faceswhether or not planedsanded/end-jointed,2024,JAPAN,PANTOLOAN,15320.17,data/raw/eksporimpor/
44092200,Woodnon-coniferous of tropical wood cotinuously shaped along any of its edgeeends/faceswhether or not planedsanded/end-jointed,2024,TOTAL,SEMUA,118510.09,data/raw/eksporimpor/
44123100,Oth plywoodconsis solely sheets of wood(exc bamboo)each ply <= 6 mm thickw/at least one outer ply of tropical wood,2020,TOTAL,SEMUA,1723676.84,data/raw/eksporimpor/
44123300,Oth plysolely of sheets exc bambooeach ply< 6 mm thickw/at least one outer ply non-coniferous of alder(Alnus spp)etc,2020,TOTAL,SEMUA,303524.48,data/raw/eksporimpor/
44129400,Oth plywoodconsis solely of sheets of wood(oth thn bamboo)each ply >6 mm thicknessBlockboardlaminboard & battenboard,2020,TOTAL,SEMUA,176324.99,data/raw/eksporimpor/
44129990,Other plywood except bamboo each ply more than 6 mm thickness other than HS code 4412.99.10 - 4412.99.30,2020,TOTAL,SEMUA,60524.0,data/raw/eksporimpor/
44182100,Doors and their frames and thresholds of tropical wood,2023,TOTAL,SEMUA,534.68,data/raw/eksporimpor/
44187900,Assembled flooring panels other than of bamboo or with at least the top layer (wear layer) of bamboo other than mosaic flooring other than multilayer,2023,TOTAL,SEMUA,7920.93,data/raw/eksporimpor/
44189200,Builders' joinery and carpentry of wood other than HS 44181100-44188900 of cellular wood panels,2023,TOTAL,SEMUA,45306.25,data/raw/eksporimpor/
44189900,Builders' joinery and carpentry of wood other than HS 44181100-44188900 other than of bamboo and cellular wood panels,2023,TOTAL,SEMUA,8291.06,data/raw/eksporimpor/
44189990,Other builders’ joinery and carpentry of wood other than of bamboo other than cellular wood panels,2021,TOTAL,SEMUA,46486.8,data/raw/eksporimpor/
48059390,Uncoated paper and paperboard in rolls or sheets weighing 225 g/m2 or more other than multiply paper and paperboard and blotting paper,2024,TOTAL,SEMUA,4850058.2,data/raw/eksporimpor/
48059390,Uncoated paper and paperboard in rolls or sheets weighing 225 g/m2 or more other than multiply paper and paperboard and blotting paper,2026,TOTAL,SEMUA,183798.78,data/raw/eksporimpor/
50010000,Silk-worm cocoons suitable for reeling,2023,TOTAL,SEMUA,9926.8,data/raw/eksporimpor/
53050021,Coconut fibres(coir) and abaca fibres coconut fibres raw,2021,TOTAL,SEMUA,70317.5,data/raw/eksporimpor/
53050022,Coconut fibres(coir) and abaca fibres other coconut fibres,2020,TOTAL,SEMUA,16780.0,data/raw/eksporimpor/
53050090,Ramie and other vegetable textile fibres not elsewhere specified or included raw or processed but not spun; tow noils and waste of these fibres (including yarn waste and garnetted stock),2023,TOTAL,SEMUA,9031.44,data/raw/eksporimpor/
53050090,Ramie and other vegetable textile fibres not elsewhere specified or included raw or processed but not spun; tow noils and waste of these fibres (including yarn waste and garnetted stock),2024,TOTAL,SEMUA,4861.49,data/raw/eksporimpor/
56081100,Knotted netting of twine cordage or rope; made up fishing nets; of man-made textile materials,2023,TOTAL,SEMUA,251005.0,data/raw/eksporimpor/
56081100,Knotted netting of twine cordage or rope; made up fishing nets; of man-made textile materials,2024,TOTAL,SEMUA,33760.0,data/raw/eksporimpor/
68022100,Marble travertine and alabaster; simply cut or sawn with a flat or even surface,2023,TOTAL,SEMUA,105260.0,data/raw/eksporimpor/
68022100,Marble travertine and alabaster; simply cut or sawn with a flat or even surface,2024,TOTAL,SEMUA,70535.38,data/raw/eksporimpor/
68022100,Oth monmental/building stone of marbletravertinealabastersimple,2020,TOTAL,SEMUA,29245.44,data/raw/eksporimpor/
68022100,Oth monmental/building stone of marbletravertinealabastersimple,2021,TOTAL,SEMUA,17873.95,data/raw/eksporimpor/
68029110,Other articles monumental or building stone; marble,2024,TOTAL,SEMUA,10100.82,data/raw/eksporimpor/
72015000,Alloy pig iron; spiegeleisen,2024,TOTAL,SEMUA,35051011.94,data/raw/eksporimpor/
72015000,Alloy pig iron; spiegeleisen,2026,CHINA,KENDARI,5820634.28,data/raw/eksporimpor/
72015000,Alloy pig iron; spiegeleisen,2026,TOTAL,SEMUA,47197387.2,data/raw/eksporimpor/
72026000,Ferro alloy nickel,2020,CHINA,KENDARI,130075536.47,data/raw/eksporimpor/
72026000,Ferro alloy nickel,2020,CHINA,MAKASSAR,1651247.29,data/raw/eksporimpor/
72026000,Ferro alloy nickel,2020,TOTAL,SEMUA,941006489.53,data/raw/eksporimpor/
72026000,Ferro alloy nickel,2021,CHINA,KENDARI,134866870.23,data/raw/eksporimpor/
72026000,Ferro alloy nickel,2021,CHINA,MAKASSAR,4234399.7,data/raw/eksporimpor/
72026000,Ferro alloy nickel,2021,TOTAL,SEMUA,1484628630.22,data/raw/eksporimpor/
72026000,Ferro-nickel,2023,CHINA,KENDARI,163501315.17,data/raw/eksporimpor/
72026000,Ferro-nickel,2023,CHINA,MAKASSAR,40927558.07,data/raw/eksporimpor/
72026000,Ferro-nickel,2023,TOTAL,SEMUA,3302552666.72,data/raw/eksporimpor/
72026000,Ferro-nickel,2024,CHINA,KENDARI,282796811.1,data/raw/eksporimpor/
72026000,Ferro-nickel,2024,CHINA,MAKASSAR,65596911.13,data/raw/eksporimpor/
72026000,Ferro-nickel,2024,TOTAL,SEMUA,3272352313.33,data/raw/eksporimpor/
72026000,Ferro-nickel,2026,CHINA,KENDARI,288888989.24,data/raw/eksporimpor/
72026000,Ferro-nickel,2026,CHINA,MAKASSAR,7545710.56,data/raw/eksporimpor/
72026000,Ferro-nickel,2026,TOTAL,SEMUA,1189270555.94,data/raw/eksporimpor/
72112990,Flat-rolled products of iron/non-alloy steel not clad plated/coated width<600mm; cold-rolled; weight ≥ 0.25% carbon; oth than corrugated; oth than hoop&strip width ≤400 mm; oth than thick ≤ 0.17mm,2026,TOTAL,SEMUA,296434.23,data/raw/eksporimpor/
72189100,Oth stainless steel in ingots/oth primary formrectangular(oth than square)cross-section,2021,TOTAL,SEMUA,37408850.6,data/raw/eksporimpor/
72189100,Semi- finished products of stainless steel; of rectangular (other than square) cross-section,2023,CHINA,KENDARI,11664921.7,data/raw/eksporimpor/
72189100,Semi- finished products of stainless steel; of rectangular (other than square) cross-section,2023,TOTAL,SEMUA,40489018.3,data/raw/eksporimpor/
72189100,Semi- finished products of stainless steel; of rectangular (other than square) cross-section,2024,CHINA,KENDARI,23316048.6,data/raw/eksporimpor/
72189100,Semi- finished products of stainless steel; of rectangular (other than square) cross-section,2024,INDIA,KENDARI,1375988.96,data/raw/eksporimpor/
72189100,Semi- finished products of stainless steel; of rectangular (other than square) cross-section,2024,TOTAL,SEMUA,62072723.76,data/raw/eksporimpor/
72189900,Oth than stainless steel in ingots/oth primary formrectangular (oth than square)cross-section,2020,TOTAL,SEMUA,1153561339.49,data/raw/eksporimpor/
72189900,Oth than stainless steel in ingots/oth primary formrectangular (oth than square)cross-section,2021,CHINA,KENDARI,53813127.5,data/raw/eksporimpor/
72189900,Oth than stainless steel in ingots/oth primary formrectangular (oth than square)cross-section,2021,TOTAL,SEMUA,2549210267.86,data/raw/eksporimpor/
72189900,Semi- finished products of stainless steel; other than of rectangular (other than square) cross-section,2023,CHINA,KENDARI,166504289.8,data/raw/eksporimpor/
72189900,Semi- finished products of stainless steel; other than of rectangular (other than square) cross-section,2023,TOTAL,SEMUA,918857553.91,data/raw/eksporimpor/
72189900,Semi- finished products of stainless steel; other than of rectangular (other than square) cross-section,2024,CHINA,KENDARI,101338106.6,data/raw/eksporimpor/
72189900,Semi- finished products of stainless steel; other than of rectangular (other than square) cross-section,2024,INDIA,KENDARI,21655218.64,data/raw/eksporimpor/
72189900,Semi- finished products of stainless steel; other than of rectangular (other than square) cross-section,2024,TOTAL,SEMUA,573464135.41,data/raw/eksporimpor/
72189900,Semi- finished products of stainless steel; other than of rectangular (other than square) cross-section,2026,TOTAL,SEMUA,30301806.34,data/raw/eksporimpor/
73089099,Other guardrails of iron or steel,2021,TOTAL,SEMUA,44501.0,data/raw/eksporimpor/
75011000,Nickel mattes,2023,TOTAL,SEMUA,57802978.0,data/raw/eksporimpor/
75011000,Nickel mattes,2026,TOTAL,SEMUA,2411994.31,data/raw/eksporimpor/
75021000,Unwrought nickel not alloyed,2024,TOTAL,SEMUA,3807488.05,data/raw/eksporimpor/
76012000,Aluminium alloysunwrought aluminium,2020,TOTAL,SEMUA,204720.5,data/raw/eksporimpor/
84145999,Other table fans otherthan with fan guard and Explosion-proof air fans of a kind used in underground mining,2024,TOTAL,SEMUA,43340.11,data/raw/eksporimpor/
84223000,Machinery for filling closing sealing/labelling bottles cans boxes bags or other containers; machinery for capsuling bottles jars tubes & similar containers; machinery for aerating beverages,2024,TOTAL,SEMUA,120000.0,data/raw/eksporimpor/
84283990,Other continuous-action elevators and conveyors for goods or materials ; otherthan of a kind used for agriculture,2024,TOTAL,SEMUA,25000.0,data/raw/eksporimpor/
84289090,Lifting/handling/loading/unloading mach oth than escalatorliftconveyortelefericauto mach of PCBmine wagon pusher,2021,TOTAL,SEMUA,86900.0,data/raw/eksporimpor/
84314990,Oth parts suitable use of oth moving grading levellingscraping excavating tamping compacting,2021,TOTAL,SEMUA,59473.31,data/raw/eksporimpor/
84716090,Other input or output units whether or not containing storage units in the same housing,2024,TOTAL,SEMUA,18508.21,data/raw/eksporimpor/
84741010,Sorting screening separating or washing machines electrically operated,2024,TOTAL,SEMUA,33291.19,data/raw/eksporimpor/
84796000,Machines evaporative air coolers,2020,TOTAL,SEMUA,179317.55,data/raw/eksporimpor/
84798969,Electrically operated non-automatic service-vending machines,2024,TOTAL,SEMUA,13366.49,data/raw/eksporimpor/
85177999,Other printed circuit boards unassembled; other than of goods for line/radio-telephony or line/radio-telegraphy,2023,TOTAL,SEMUA,3036.0,data/raw/eksporimpor/
90181900,Electro-diagnostic apparatus (incl. apparatus for functional exploratory examination or for checking physiological parameters) not elsewhere classified in heading 9018,2024,TOTAL,SEMUA,170000.0,data/raw/eksporimpor/
90249000,Parts and accessories of machines and appliances for testing the hardness strength compressibility elasticity or other mechanical properties of materials,2024,TOTAL,SEMUA,8180.97,data/raw/eksporimpor/
90251919,Electrically operated thermometers and pyrometers not combined with other instruments other than liquid-filled for direct reading and temperature gauges for motor vehicles,2024,TOTAL,SEMUA,12546.41,data/raw/eksporimpor/
90258000,Hydrometers and similar floating instruments barometers hygrometers and psychrometers recording or not and any combination of these instruments,2024,TOTAL,SEMUA,536.92,data/raw/eksporimpor/
90261090,Instruments and apparatus for measuring or checking the flow or level of liquids other than level gauges for motor vehicles,2024,TOTAL,SEMUA,2830.7,data/raw/eksporimpor/
90262090,Instruments and apparatus for measuring or checking pressure other than pressure gauges for motor vehicles,2024,TOTAL,SEMUA,24119.02,data/raw/eksporimpor/
90271000,Gas or smoke analysis apparatus,2024,TOTAL,SEMUA,20530.14,data/raw/eksporimpor/
94016990,Seats with wooden frames ; With backrest and/or the seat made of other than rattan,2023,TOTAL,SEMUA,7410.0,data/raw/eksporimpor/
94036090,Oth wooden furnitureoth than fume cupboard,2020,TOTAL,SEMUA,39191.0,data/raw/eksporimpor/
94036090,Oth wooden furnitureoth than fume cupboard,2021,TOTAL,SEMUA,17480.0,data/raw/eksporimpor/
94036090,Wooden firniture other than fume cupboards of wood not used in offices or kitchen or bedroom,2023,TOTAL,SEMUA,2467838.78,data/raw/eksporimpor/
94036090,Wooden firniture other than fume cupboards of wood not used in offices or kitchen or bedroom,2024,JAPAN,MAKASSAR,255144.0,data/raw/eksporimpor/
94036090,Wooden firniture other than fume cupboards of wood not used in offices or kitchen or bedroom,2024,TOTAL,SEMUA,3090636.15,data/raw/eksporimpor/
94036090,Wooden firniture other than fume cupboards of wood not used in offices or kitchen or bedroom,2026,JAPAN,MAKASSAR,265691.0,data/raw/eksporimpor/
94036090,Wooden firniture other than fume cupboards of wood not used in offices or kitchen or bedroom,2026,TOTAL,SEMUA,1042492.6,data/raw/eksporimpor/
96019019,Worked mother-of-pearl or tortoise-shell and articles of the foregoing; other than cigar or cigarette cases tobacco jars ornamental articles pearl nucleus,2024,TOTAL,SEMUA,405.0,data/raw/eksporimpor/
96031020,Brooms consisting of twigs or other vegetable materials bound together with or without handles,2023,TOTAL,SEMUA,4500.0,data/raw/eksporimpor/
96063090,Button moulds & other parts of buttons; button blanks of other material,2020,TOTAL,SEMUA,17537.5,data/raw/eksporimpor/
96063090,Button moulds and other parts of buttons button blanks; of material other than plastics,2023,TOTAL,SEMUA,34642.5,data/raw/eksporimpor/
