{"crs": {}, "features": [{"properties": null, "type": "Feature", "geometry": {"type": "MultiPolygon", "coordinates": [[[[121.3371, 0.4738], [121.3373, 0.4742], [121.3376, 0.4749], [121.3378, 0.4755], [121.338, 0.476], [121.3386, 0.4765], [121.339, 0.4768], [121.3393, 0.4769], [121.34, 0.4771], [121.3403, 0.4771], [121.3405, 0.4772], [121.3406, 0.4774], [121.3406, 0.4777], [121.3406, 0.4779], [121.3407, 0.4781], [121.3408, 0.4782], [121.3411, 0.4783], [121.3415, 0.4783], [121.3418, 0.4785], [121.3419, 0.4787], [121.342, 0.4792], [121.342, 0.4795], [121.3422, 0.4799], [121.3424, 0.4803], [121.3424, 0.4809], [121.3424, 0.4817], [121.3424, 0.4827], [121.3424, 0.4835], [121.3426, 0.4837], [121.3428, 0.4838], [121.3431, 0.4839], [121.3436, 0.4839], [121.3438, 0.4839], [121.3439, 0.484], [121.3441, 0.484], [121.3444, 0.4842], [121.3447, 0.4845], [121.3451, 0.485], [121.3453, 0.4851], [121.3455, 0.4852], [121.3458, 0.4852], [121.3465, 0.4852], [121.3469, 0.4852], [121.3471, 0.4853], [121.3473, 0.4855], [121.3476, 0.4857], [121.3479, 0.486], [121.3482, 0.4865], [121.3484, 0.4868], [121.3488, 0.4878], [121.3491, 0.4882], [121.3492, 0.4883], [121.3495, 0.4883], [121.3498, 0.4881], [121.35, 0.4881], [121.3503, 0.4881], [121.3505, 0.4881], [121.3506, 0.4881], [121.3508, 0.4883], [121.3508, 0.4886], [121.3508, 0.4888], [121.3506, 0.4895], [121.3506, 0.4901], [121.3506, 0.4905], [121.3508, 0.4908], [121.3509, 0.4911], [121.3512, 0.4913], [121.3512, 0.4914], [121.3515, 0.4917], [121.3516, 0.4919], [121.3517, 0.492], [121.3517, 0.4923], [121.3516, 0.4926], [121.3513, 0.4928], [121.3507, 0.4931], [121.3493, 0.4934], [121.3489, 0.4936], [121.3485, 0.4939], [121.3483, 0.4942], [121.3481, 0.4943], [121.3479, 0.4943], [121.3475, 0.4942], [121.3473, 0.4943], [121.347, 0.4944], [121.3467, 0.4946], [121.3462, 0.4952], [121.3455, 0.496], [121.3454, 0.4961], [121.3453, 0.4963], [121.3447, 0.4968], [121.3446, 0.497], [121.3447, 0.4972], [121.3452, 0.4975], [121.3453, 0.4978], [121.3454, 0.498], [121.3454, 0.4983], [121.3453, 0.4985], [121.3452, 0.4988], [121.3449, 0.499], [121.3445, 0.4994], [121.3443, 0.4996], [121.3442, 0.5], [121.3439, 0.5006], [121.3437, 0.5008], [121.3437, 0.501], [121.344, 0.5015], [121.3443, 0.502], [121.3444, 0.5025], [121.3443, 0.5029], [121.3441, 0.5032], [121.3438, 0.5034], [121.3435, 0.5034], [121.3431, 0.5035], [121.3431, 0.5036], [121.3435, 0.5038], [121.3443, 0.5044], [121.3446, 0.5048], [121.3446, 0.5051], [121.3444, 0.5054], [121.3442, 0.5056], [121.3434, 0.5057], [121.3422, 0.5058], [121.3416, 0.5059], [121.3411, 0.506], [121.3405, 0.5059], [121.3394, 0.5059], [121.339, 0.506], [121.3384, 0.5064], [121.3381, 0.5065], [121.3377, 0.5068], [121.3376, 0.507], [121.3371, 0.508], [121.3361, 0.5089], [121.3359, 0.5098], [121.3355, 0.5104], [121.3356, 0.5113], [121.3353, 0.5116], [121.3348, 0.5118], [121.3342, 0.5115], [121.3337, 0.5117], [121.3339, 0.5128], [121.334, 0.5136], [121.3337, 0.5141], [121.3338, 0.5148], [121.3342, 0.5153], [121.3342, 0.5171], [121.3341, 0.5181], [121.3338, 0.5192], [121.3337, 0.5201], [121.3332, 0.5217], [121.3326, 0.5221], [121.3315, 0.5224], [121.3313, 0.5227], [121.3317, 0.5235], [121.3326, 0.5239], [121.3336, 0.5237], [121.3343, 0.5239], [121.3348, 0.5247], [121.335, 0.5254], [121.3352, 0.526], [121.3354, 0.5264], [121.3357, 0.5265], [121.3361, 0.5265], [121.3365, 0.5263], [121.3371, 0.5264], [121.3374, 0.5265], [121.3382, 0.5268], [121.3393, 0.5267], [121.3403, 0.5263], [121.341, 0.5264], [121.3416, 0.5265], [121.3421, 0.5266], [121.3426, 0.5268], [121.343, 0.5272], [121.3434, 0.5277], [121.3438, 0.5285], [121.3442, 0.5291], [121.3446, 0.53], [121.3447, 0.5312], [121.3447, 0.5319], [121.3447, 0.5322], [121.3451, 0.533], [121.3458, 0.5337], [121.3467, 0.5343], [121.3473, 0.5352], [121.3474, 0.5362], [121.3476, 0.537], [121.3477, 0.5377], [121.3473, 0.5384], [121.347, 0.539], [121.3468, 0.5399], [121.3467, 0.5405], [121.3461, 0.5417], [121.3459, 0.5423], [121.3457, 0.5435], [121.3452, 0.5446], [121.3447, 0.5456], [121.344, 0.547], [121.344, 0.5474], [121.3442, 0.5478], [121.3459, 0.5495], [121.347, 0.5506], [121.3484, 0.5529], [121.35, 0.5547], [121.3503, 0.5552], [121.3502, 0.5556], [121.3494, 0.5576], [121.3487, 0.5588], [121.3483, 0.5596], [121.3477, 0.56], [121.3469, 0.5611], [121.3465, 0.5618], [121.3459, 0.5631], [121.3458, 0.5642], [121.3457, 0.5658], [121.3433, 0.5658], [121.3416, 0.5684], [121.3409, 0.5699], [121.3396, 0.5712], [121.3392, 0.5718], [121.3385, 0.5729], [121.338, 0.5735], [121.3371, 0.5744], [121.3353, 0.5752], [121.3344, 0.5754], [121.3331, 0.5756], [121.3321, 0.5754], [121.3309, 0.5748], [121.3299, 0.5745], [121.3288, 0.5749], [121.3284, 0.5753], [121.3279, 0.5754], [121.3272, 0.5758], [121.3264, 0.5762], [121.324, 0.5766], [121.3231, 0.5765], [121.3219, 0.5763], [121.3215, 0.5762], [121.3201, 0.5763], [121.3188, 0.5768], [121.3182, 0.5774], [121.3173, 0.5783], [121.3164, 0.5784], [121.3154, 0.5781], [121.315, 0.5778], [121.3151, 0.5762], [121.3147, 0.576], [121.3138, 0.5754], [121.3123, 0.5743], [121.3112, 0.5729], [121.3102, 0.5718], [121.3098, 0.5712], [121.309, 0.5699], [121.3076, 0.5686], [121.3067, 0.5681], [121.3062, 0.5679], [121.3049, 0.5678], [121.3038, 0.5679], [121.3027, 0.5683], [121.3016, 0.5698], [121.301, 0.5712], [121.3008, 0.5719], [121.3007, 0.5738], [121.3005, 0.5748], [121.3004, 0.5753], [121.2993, 0.5763], [121.2986, 0.5767], [121.2977, 0.5772], [121.2974, 0.5775], [121.2969, 0.5781], [121.2964, 0.5787], [121.2955, 0.5796], [121.2949, 0.5801], [121.293, 0.5807], [121.2924, 0.581], [121.2914, 0.5812], [121.2906, 0.5813], [121.2896, 0.5815], [121.2876, 0.5815], [121.2867, 0.5813], [121.286, 0.5811], [121.2853, 0.5812], [121.2846, 0.5814], [121.2833, 0.5818], [121.2825, 0.582], [121.2811, 0.5821], [121.2798, 0.5822], [121.2789, 0.5824], [121.2783, 0.5826], [121.2774, 0.5825], [121.2761, 0.5824], [121.2754, 0.5825], [121.2745, 0.583], [121.2738, 0.5836], [121.2732, 0.5842], [121.2727, 0.585], [121.2719, 0.5862], [121.2716, 0.5866], [121.2701, 0.5876], [121.2686, 0.5879], [121.2671, 0.5882], [121.2662, 0.5884], [121.2655, 0.5886], [121.2648, 0.589], [121.2634, 0.5893], [121.2628, 0.5895], [121.2618, 0.5899], [121.2616, 0.5901], [121.2611, 0.5906], [121.26, 0.5919], [121.2588, 0.5934], [121.258, 0.5943], [121.2572, 0.5951], [121.2568, 0.5954], [121.2558, 0.5963], [121.255, 0.5969], [121.2544, 0.5975], [121.2541, 0.5977], [121.2536, 0.598], [121.2529, 0.5985], [121.2521, 0.599], [121.2518, 0.5993], [121.2516, 0.5995], [121.2508, 0.6003], [121.2503, 0.6006], [121.25, 0.6009], [121.2496, 0.601], [121.2483, 0.6015], [121.2476, 0.6015], [121.246, 0.6013], [121.2444, 0.6006], [121.2437, 0.6005], [121.2428, 0.6005], [121.2419, 0.601], [121.2409, 0.6016], [121.2402, 0.602], [121.2394, 0.6022], [121.2386, 0.603], [121.238, 0.6039], [121.2371, 0.6054], [121.2366, 0.6062], [121.2351, 0.6082], [121.2346, 0.6095], [121.2345, 0.6107], [121.2341, 0.6119], [121.2334, 0.6131], [121.2333, 0.6138], [121.2334, 0.6139], [121.2336, 0.6146], [121.2332, 0.6157], [121.2319, 0.6172], [121.2317, 0.6177], [121.2316, 0.618], [121.2314, 0.6197], [121.2311, 0.6214], [121.2304, 0.6221], [121.2293, 0.623], [121.2286, 0.6245], [121.2279, 0.6261], [121.2275, 0.6283], [121.2275, 0.6292], [121.2281, 0.6302], [121.2293, 0.6315], [121.2306, 0.6329], [121.2314, 0.6339], [121.2316, 0.6351], [121.2317, 0.6361], [121.2315, 0.6372], [121.2316, 0.6381], [121.2316, 0.6393], [121.2318, 0.6402], [121.2318, 0.6415], [121.2314, 0.6424], [121.2307, 0.6432], [121.2295, 0.6439], [121.2288, 0.6449], [121.2285, 0.6453], [121.228, 0.6454], [121.2254, 0.644], [121.2246, 0.6431], [121.223, 0.6415], [121.2218, 0.6399], [121.221, 0.6391], [121.2201, 0.6387], [121.2189, 0.6384], [121.2176, 0.6384], [121.2162, 0.6388], [121.2147, 0.6395], [121.213, 0.6404], [121.2113, 0.6411], [121.2082, 0.6417], [121.2073, 0.6419], [121.2041, 0.6422], [121.2026, 0.6426], [121.2014, 0.6424], [121.2002, 0.6419], [121.1994, 0.6415], [121.1982, 0.6414], [121.1973, 0.6416], [121.1967, 0.6419], [121.1962, 0.6426], [121.1944, 0.6454], [121.1924, 0.6466], [121.1904, 0.6481], [121.1878, 0.6502], [121.1867, 0.6514], [121.1843, 0.6521], [121.1837, 0.6523], [121.1816, 0.6536], [121.1805, 0.6541], [121.1797, 0.6546], [121.1792, 0.6551], [121.1784, 0.6563], [121.1777, 0.6574], [121.1759, 0.6602], [121.1753, 0.6615], [121.1751, 0.6624], [121.1739, 0.6647], [121.1733, 0.6654], [121.1712, 0.6662], [121.1691, 0.6674], [121.1681, 0.6681], [121.1671, 0.6684], [121.1664, 0.6687], [121.1655, 0.6693], [121.165, 0.6701], [121.1647, 0.6713], [121.1643, 0.6735], [121.1636, 0.6751], [121.1625, 0.6766], [121.162, 0.6773], [121.1612, 0.6787], [121.1621, 0.6794], [121.1639, 0.6799], [121.1658, 0.6807], [121.1685, 0.6819], [121.1696, 0.6825], [121.1715, 0.6835], [121.1723, 0.6843], [121.173, 0.6854], [121.1734, 0.6863], [121.1739, 0.6881], [121.174, 0.6906], [121.1743, 0.693], [121.1746, 0.6938], [121.1749, 0.6946], [121.1753, 0.6953], [121.1757, 0.6962], [121.1769, 0.6984], [121.1776, 0.6994], [121.1786, 0.7007], [121.1789, 0.7013], [121.179, 0.7029], [121.1789, 0.7045], [121.1788, 0.7055], [121.1791, 0.7068], [121.1795, 0.7081], [121.1798, 0.709], [121.1797, 0.7103], [121.1799, 0.7114], [121.1801, 0.7123], [121.1806, 0.7138], [121.1817, 0.7154], [121.1819, 0.7163], [121.1827, 0.7171], [121.1842, 0.7177], [121.185, 0.7185], [121.1864, 0.7205], [121.187, 0.7214], [121.1874, 0.7221], [121.1876, 0.7234], [121.1871, 0.7254], [121.186, 0.7281], [121.1852, 0.7296], [121.1848, 0.7314], [121.1839, 0.7327], [121.1834, 0.733], [121.1827, 0.7341], [121.1827, 0.7346], [121.1829, 0.7353], [121.1836, 0.7363], [121.1838, 0.7374], [121.1829, 0.7391], [121.1828, 0.7403], [121.1821, 0.7432], [121.1822, 0.7441], [121.1825, 0.7452], [121.1831, 0.7456], [121.1844, 0.747], [121.1848, 0.7479], [121.1853, 0.7491], [121.1856, 0.75], [121.1859, 0.7517], [121.1862, 0.7531], [121.1864, 0.7539], [121.1862, 0.756], [121.1864, 0.7572], [121.1871, 0.7583], [121.189, 0.7604], [121.1904, 0.7619], [121.191, 0.763], [121.1914, 0.7655], [121.192, 0.7666], [121.1926, 0.7669], [121.194, 0.7664], [121.1947, 0.7661], [121.197, 0.7659], [121.1998, 0.766], [121.2009, 0.7661], [121.202, 0.7665], [121.2033, 0.767], [121.205, 0.7675], [121.2072, 0.7674], [121.2083, 0.7677], [121.2092, 0.7684], [121.2098, 0.7692], [121.2108, 0.7705], [121.2122, 0.7719], [121.213, 0.7728], [121.2136, 0.7734], [121.2138, 0.7741], [121.2138, 0.7753], [121.2136, 0.7782], [121.2138, 0.7793], [121.2142, 0.78], [121.2157, 0.7816], [121.2159, 0.7818], [121.217, 0.7829], [121.2172, 0.7837], [121.2171, 0.7847], [121.217, 0.7865], [121.2169, 0.7879], [121.2162, 0.7895], [121.2153, 0.7915], [121.2159, 0.792], [121.2171, 0.7921], [121.2185, 0.7924], [121.2203, 0.7928], [121.2225, 0.7935], [121.2238, 0.7939], [121.2253, 0.7944], [121.2276, 0.7952], [121.2296, 0.7955], [121.2328, 0.7967], [121.2336, 0.797], [121.2343, 0.7976], [121.2353, 0.7992], [121.2367, 0.8008], [121.2375, 0.8012], [121.24, 0.8012], [121.2414, 0.8011], [121.2448, 0.8013], [121.2458, 0.8012], [121.2479, 0.8005], [121.25, 0.7998], [121.2507, 0.8], [121.2511, 0.7999], [121.2514, 0.7991], [121.2517, 0.7987], [121.2521, 0.7985], [121.2542, 0.7986], [121.2553, 0.7987], [121.2561, 0.7988], [121.257, 0.7987], [121.2579, 0.7985], [121.2594, 0.798], [121.2608, 0.7974], [121.2619, 0.7971], [121.2631, 0.7968], [121.2644, 0.7966], [121.2659, 0.7965], [121.2674, 0.7963], [121.2686, 0.796], [121.2701, 0.7958], [121.271, 0.7958], [121.2724, 0.7961], [121.2738, 0.7966], [121.2749, 0.7969], [121.2765, 0.797], [121.2785, 0.7969], [121.2797, 0.7968], [121.282, 0.797], [121.283, 0.7972], [121.284, 0.7979], [121.2843, 0.7981], [121.2856, 0.798], [121.2872, 0.798], [121.2881, 0.7981], [121.2892, 0.7982], [121.2899, 0.7975], [121.2909, 0.7964], [121.292, 0.7954], [121.2927, 0.7949], [121.2932, 0.7948], [121.2946, 0.795], [121.296, 0.7952], [121.2982, 0.7953], [121.2991, 0.7952], [121.3003, 0.7949], [121.3013, 0.7948], [121.3021, 0.795], [121.3032, 0.7955], [121.3038, 0.7944], [121.3049, 0.7927], [121.3059, 0.7919], [121.3065, 0.7916], [121.3081, 0.7913], [121.3092, 0.7907], [121.3113, 0.7887], [121.3128, 0.7871], [121.3149, 0.7851], [121.3154, 0.7848], [121.3161, 0.7846], [121.3175, 0.7845], [121.3186, 0.7849], [121.3201, 0.7855], [121.3214, 0.7864], [121.3226, 0.7873], [121.3235, 0.7881], [121.3242, 0.7889], [121.3247, 0.7897], [121.325, 0.7907], [121.3253, 0.7915], [121.3262, 0.7922], [121.3273, 0.7923], [121.3281, 0.7924], [121.3287, 0.7926], [121.3303, 0.7935], [121.3324, 0.7946], [121.3334, 0.7948], [121.3348, 0.7949], [121.3357, 0.7949], [121.3371, 0.795], [121.3379, 0.7949], [121.3387, 0.7945], [121.3402, 0.7943], [121.341, 0.7942], [121.3415, 0.7941], [121.3423, 0.7937], [121.343, 0.7932], [121.3446, 0.7931], [121.3455, 0.7932], [121.3461, 0.7937], [121.3471, 0.7944], [121.3487, 0.7948], [121.3495, 0.7948], [121.3498, 0.7948], [121.3516, 0.795], [121.3525, 0.7952], [121.3533, 0.7953], [121.3537, 0.7971], [121.3539, 0.7984], [121.3541, 0.799], [121.3554, 0.7998], [121.3573, 0.8009], [121.358, 0.8012], [121.3593, 0.8014], [121.3623, 0.8009], [121.3634, 0.801], [121.364, 0.8017], [121.3645, 0.8028], [121.3646, 0.8057], [121.3645, 0.8068], [121.3642, 0.8077], [121.3636, 0.8092], [121.3632, 0.8101], [121.3621, 0.812], [121.3618, 0.8128], [121.3616, 0.8137], [121.3615, 0.8147], [121.3614, 0.8149], [121.3595, 0.8152], [121.3585, 0.8156], [121.3574, 0.8164], [121.3564, 0.8176], [121.3557, 0.8184], [121.3549, 0.8189], [121.3531, 0.8196], [121.352, 0.82], [121.3514, 0.8202], [121.3508, 0.8208], [121.3505, 0.8213], [121.3505, 0.8221], [121.3509, 0.8238], [121.3512, 0.8249], [121.3519, 0.8276], [121.3532, 0.8331], [121.3532, 0.8345], [121.353, 0.8356], [121.3524, 0.8371], [121.3521, 0.838], [121.352, 0.8395], [121.352, 0.8402], [121.3519, 0.8407], [121.3509, 0.8421], [121.3504, 0.8423], [121.3491, 0.8429], [121.3484, 0.8433], [121.348, 0.8438], [121.3476, 0.8452], [121.3474, 0.846], [121.3472, 0.8469], [121.347, 0.8483], [121.3472, 0.8488], [121.3478, 0.8496], [121.3485, 0.8501], [121.3493, 0.8505], [121.3499, 0.8508], [121.3518, 0.8506], [121.3539, 0.8503], [121.3548, 0.8502], [121.3557, 0.8509], [121.3564, 0.8515], [121.3572, 0.8521], [121.3585, 0.8532], [121.359, 0.8534], [121.3614, 0.853], [121.3631, 0.8526], [121.3637, 0.8524], [121.364, 0.852], [121.3645, 0.8507], [121.3648, 0.85], [121.3663, 0.8493], [121.3672, 0.8492], [121.368, 0.8493], [121.3694, 0.8498], [121.3698, 0.8502], [121.3704, 0.8516], [121.3707, 0.8518], [121.3734, 0.8526], [121.3746, 0.8532], [121.375, 0.8532], [121.3758, 0.853], [121.3775, 0.8525], [121.3781, 0.8524], [121.3788, 0.8524], [121.3807, 0.8527], [121.3822, 0.8535], [121.3838, 0.8544], [121.3843, 0.8545], [121.386, 0.8543], [121.3874, 0.8537], [121.3885, 0.8528], [121.3891, 0.8519], [121.3899, 0.8508], [121.3904, 0.8505], [121.391, 0.8504], [121.3919, 0.8506], [121.3925, 0.8508], [121.3929, 0.8511], [121.3939, 0.8512], [121.3944, 0.851], [121.395, 0.8508], [121.3959, 0.8505], [121.3974, 0.8498], [121.398, 0.8494], [121.3987, 0.8487], [121.3992, 0.8482], [121.3998, 0.8474], [121.4002, 0.8465], [121.4006, 0.8454], [121.4008, 0.8447], [121.4013, 0.8434], [121.4032, 0.844], [121.4044, 0.8444], [121.4056, 0.8446], [121.407, 0.8448], [121.4081, 0.8448], [121.4094, 0.8448], [121.4103, 0.8448], [121.4112, 0.8449], [121.4118, 0.8458], [121.4123, 0.8462], [121.4139, 0.847], [121.4149, 0.8474], [121.4159, 0.8478], [121.4165, 0.8479], [121.4176, 0.8475], [121.4186, 0.8466], [121.4193, 0.8459], [121.4197, 0.8454], [121.4201, 0.8442], [121.4221, 0.8441], [121.4229, 0.8439], [121.4237, 0.8438], [121.4249, 0.8435], [121.4263, 0.8435], [121.4273, 0.8436], [121.4278, 0.8436], [121.4289, 0.8437], [121.4299, 0.8441], [121.4308, 0.8442], [121.4314, 0.8442], [121.4321, 0.8442], [121.4332, 0.8444], [121.4339, 0.8448], [121.4346, 0.8451], [121.4351, 0.8456], [121.4362, 0.8466], [121.4366, 0.8469], [121.4372, 0.847], [121.4383, 0.847], [121.439, 0.8469], [121.4396, 0.8469], [121.4403, 0.8469], [121.4407, 0.8469], [121.4419, 0.847], [121.4428, 0.8471], [121.443, 0.8472], [121.4442, 0.8474], [121.4453, 0.8475], [121.4465, 0.8474], [121.4479, 0.8471], [121.449, 0.8469], [121.4501, 0.8466], [121.451, 0.8465], [121.452, 0.8469], [121.453, 0.8473], [121.4538, 0.8476], [121.4553, 0.8476], [121.4562, 0.8473], [121.4577, 0.8469], [121.4587, 0.8465], [121.4597, 0.8462], [121.4607, 0.8456], [121.4615, 0.8452], [121.4619, 0.8451], [121.4623, 0.845], [121.4636, 0.8457], [121.4641, 0.8461], [121.465, 0.8467], [121.4657, 0.8471], [121.4661, 0.8474], [121.4668, 0.8475], [121.4675, 0.847], [121.4685, 0.8465], [121.4695, 0.8456], [121.47, 0.8451], [121.4705, 0.8444], [121.4708, 0.8437], [121.4711, 0.8432], [121.472, 0.8422], [121.4732, 0.8418], [121.4749, 0.8417], [121.4753, 0.8415], [121.4755, 0.8409], [121.4757, 0.8398], [121.4758, 0.8392], [121.4761, 0.8383], [121.4766, 0.8376], [121.4778, 0.8376], [121.4786, 0.8376], [121.4792, 0.8376], [121.4798, 0.8376], [121.4808, 0.8376], [121.4811, 0.8378], [121.4819, 0.8391], [121.4826, 0.8397], [121.484, 0.8396], [121.4846, 0.8396], [121.4854, 0.8395], [121.4861, 0.8397], [121.4868, 0.8399], [121.4877, 0.84], [121.4884, 0.8399], [121.4893, 0.8398], [121.4901, 0.8397], [121.4902, 0.8397], [121.4905, 0.8397], [121.4908, 0.8397], [121.4914, 0.8396], [121.4928, 0.8395], [121.4937, 0.8395], [121.4943, 0.8398], [121.495, 0.8401], [121.4961, 0.841], [121.4976, 0.8421], [121.4981, 0.8425], [121.4986, 0.8429], [121.4994, 0.8432], [121.5, 0.8435], [121.5005, 0.8432], [121.5012, 0.8429], [121.501, 0.844], [121.501, 0.845], [121.5014, 0.8461], [121.503, 0.846], [121.5033, 0.846], [121.5041, 0.8459], [121.5051, 0.8459], [121.5059, 0.8459], [121.5075, 0.8464], [121.5095, 0.8475], [121.5102, 0.8478], [121.5111, 0.848], [121.512, 0.8482], [121.5126, 0.8482], [121.5128, 0.8482], [121.5139, 0.8482], [121.5147, 0.8483], [121.5159, 0.8495], [121.5167, 0.8497], [121.5176, 0.8498], [121.5184, 0.8499], [121.5196, 0.8501], [121.5209, 0.8508], [121.5219, 0.851], [121.5226, 0.8511], [121.5233, 0.8513], [121.5248, 0.8517], [121.5264, 0.8522], [121.5274, 0.8523], [121.5281, 0.8522], [121.5293, 0.8521], [121.5307, 0.8521], [121.5318, 0.8524], [121.5324, 0.8527], [121.533, 0.8537], [121.5335, 0.8548], [121.5338, 0.8555], [121.534, 0.8561], [121.5343, 0.8567], [121.5347, 0.8577], [121.5351, 0.8586], [121.5353, 0.8592], [121.5357, 0.8601], [121.5357, 0.8612], [121.5356, 0.8619], [121.5355, 0.8624], [121.5353, 0.8635], [121.5351, 0.8645], [121.535, 0.865], [121.5346, 0.867], [121.5346, 0.868], [121.5352, 0.8694], [121.5357, 0.8707], [121.5362, 0.8717], [121.5366, 0.8725], [121.5368, 0.873], [121.5362, 0.8738], [121.536, 0.8749], [121.5369, 0.8759], [121.5384, 0.8763], [121.5396, 0.8764], [121.5403, 0.8765], [121.5408, 0.8766], [121.5416, 0.8767], [121.5425, 0.8769], [121.5431, 0.8771], [121.5441, 0.8774], [121.5449, 0.8778], [121.5455, 0.8781], [121.5466, 0.8783], [121.5478, 0.8785], [121.5488, 0.8784], [121.5503, 0.8784], [121.5512, 0.8784], [121.552, 0.8783], [121.5522, 0.8783], [121.5538, 0.8782], [121.5548, 0.8781], [121.5553, 0.8781], [121.5561, 0.878], [121.557, 0.878], [121.5581, 0.8778], [121.5588, 0.8773], [121.5591, 0.8771], [121.5599, 0.8765], [121.5604, 0.8761], [121.5617, 0.875], [121.5623, 0.8744], [121.5632, 0.8739], [121.564, 0.8741], [121.5652, 0.8743], [121.5662, 0.8745], [121.5668, 0.8746], [121.5676, 0.8743], [121.5687, 0.8738], [121.5699, 0.8729], [121.5704, 0.8725], [121.5706, 0.8723], [121.5708, 0.8722], [121.571, 0.872], [121.5721, 0.8712], [121.5728, 0.8708], [121.574, 0.8706], [121.5746, 0.8707], [121.5756, 0.8709], [121.5761, 0.8713], [121.5767, 0.872], [121.5774, 0.8722], [121.5788, 0.8716], [121.5804, 0.8716], [121.581, 0.8716], [121.5814, 0.8715], [121.582, 0.8715], [121.5831, 0.8716], [121.5839, 0.8716], [121.5845, 0.8719], [121.5854, 0.8723], [121.5861, 0.8725], [121.5868, 0.8728], [121.5872, 0.873], [121.5879, 0.8732], [121.5889, 0.8729], [121.5893, 0.8728], [121.5902, 0.8726], [121.5914, 0.873], [121.5926, 0.8733], [121.5938, 0.8731], [121.5946, 0.8729], [121.5953, 0.8727], [121.5962, 0.8725], [121.5969, 0.8724], [121.5977, 0.8725], [121.5983, 0.8726], [121.599, 0.8727], [121.6, 0.8729], [121.6006, 0.8728], [121.6011, 0.8728], [121.6019, 0.8727], [121.6031, 0.8729], [121.6039, 0.8733], [121.6042, 0.874], [121.6045, 0.8746], [121.6048, 0.8753], [121.605, 0.8757], [121.6055, 0.8766], [121.606, 0.8772], [121.607, 0.878], [121.6074, 0.8782], [121.608, 0.8787], [121.6088, 0.8799], [121.6092, 0.8805], [121.6093, 0.8807], [121.6096, 0.8813], [121.6104, 0.8822], [121.611, 0.8824], [121.6121, 0.8827], [121.6127, 0.8827], [121.6138, 0.8827], [121.6154, 0.8824], [121.6166, 0.8822], [121.6172, 0.8821], [121.6186, 0.8819], [121.6198, 0.8817], [121.6217, 0.8817], [121.6222, 0.8818], [121.6233, 0.8821], [121.6253, 0.8833], [121.6265, 0.8837], [121.6273, 0.8842], [121.6277, 0.8847], [121.628, 0.8852], [121.6284, 0.8859], [121.6284, 0.8861], [121.6288, 0.8867], [121.6292, 0.8871], [121.6298, 0.8872], [121.6304, 0.8874], [121.6316, 0.8877], [121.6323, 0.8883], [121.6329, 0.8889], [121.6335, 0.8894], [121.6345, 0.8903], [121.6352, 0.891], [121.6369, 0.8918], [121.6376, 0.8921], [121.6386, 0.8924], [121.6399, 0.8928], [121.6413, 0.8933], [121.6426, 0.8938], [121.6437, 0.8941], [121.645, 0.8948], [121.6458, 0.8952], [121.6471, 0.8952], [121.6479, 0.895], [121.6494, 0.8947], [121.651, 0.894], [121.6514, 0.8935], [121.6522, 0.8926], [121.6532, 0.8919], [121.6538, 0.8916], [121.6546, 0.8912], [121.656, 0.892], [121.6569, 0.892], [121.6581, 0.8918], [121.659, 0.8921], [121.6598, 0.8929], [121.6605, 0.8937], [121.6614, 0.8948], [121.6618, 0.8953], [121.6629, 0.8959], [121.6646, 0.8966], [121.665, 0.8972], [121.6655, 0.8979], [121.6659, 0.8987], [121.6669, 0.8994], [121.6674, 0.8998], [121.6682, 0.9001], [121.6694, 0.9007], [121.6702, 0.9011], [121.6709, 0.9017], [121.6721, 0.9027], [121.6734, 0.9035], [121.6745, 0.9036], [121.6752, 0.9034], [121.676, 0.9032], [121.677, 0.9028], [121.6788, 0.9021], [121.6803, 0.9017], [121.6809, 0.9016], [121.6819, 0.9013], [121.6833, 0.9009], [121.6841, 0.9005], [121.6846, 0.9005], [121.6857, 0.9013], [121.6876, 0.9025], [121.6886, 0.9028], [121.6895, 0.9026], [121.6901, 0.9024], [121.6913, 0.9026], [121.6919, 0.903], [121.6921, 0.9032], [121.6928, 0.9036], [121.6941, 0.9048], [121.6946, 0.9053], [121.6952, 0.9057], [121.6962, 0.9064], [121.6972, 0.9068], [121.6978, 0.907], [121.6997, 0.9071], [121.7007, 0.9069], [121.7011, 0.907], [121.7015, 0.9071], [121.7021, 0.908], [121.7025, 0.9086], [121.7029, 0.9093], [121.7031, 0.9098], [121.7041, 0.9117], [121.7052, 0.9138], [121.7059, 0.9147], [121.7067, 0.9154], [121.7073, 0.9159], [121.7084, 0.9167], [121.7092, 0.9173], [121.7098, 0.9176], [121.7105, 0.918], [121.7124, 0.9183], [121.7141, 0.9187], [121.715, 0.9188], [121.7157, 0.919], [121.7165, 0.9192], [121.7174, 0.9195], [121.7182, 0.9198], [121.7193, 0.9202], [121.7206, 0.921], [121.7212, 0.9215], [121.7221, 0.9223], [121.7227, 0.9226], [121.7234, 0.9231], [121.7239, 0.9233], [121.7255, 0.9238], [121.7271, 0.9243], [121.7287, 0.9248], [121.7298, 0.9255], [121.731, 0.9262], [121.7318, 0.9268], [121.7328, 0.9277], [121.7338, 0.9287], [121.7354, 0.9297], [121.7368, 0.9301], [121.7388, 0.9306], [121.7401, 0.9308], [121.7416, 0.931], [121.7449, 0.9314], [121.7472, 0.9314], [121.7495, 0.9316], [121.75, 0.9316], [121.751, 0.9315], [121.752, 0.9317], [121.7522, 0.9317], [121.7527, 0.9318], [121.7534, 0.9316], [121.7545, 0.9317], [121.7555, 0.9317], [121.7568, 0.9319], [121.7575, 0.9322], [121.7583, 0.9327], [121.759, 0.9329], [121.76, 0.9326], [121.7606, 0.9324], [121.7612, 0.9323], [121.7617, 0.9322], [121.7624, 0.9324], [121.7628, 0.9327], [121.7633, 0.9331], [121.7641, 0.9337], [121.765, 0.9342], [121.7658, 0.9347], [121.7666, 0.935], [121.7676, 0.9352], [121.7689, 0.9355], [121.77, 0.936], [121.7709, 0.9365], [121.7715, 0.9367], [121.7721, 0.9367], [121.7728, 0.9362], [121.7733, 0.9361], [121.7739, 0.9361], [121.7744, 0.9365], [121.7746, 0.9367], [121.7752, 0.9372], [121.7759, 0.9376], [121.7766, 0.9381], [121.7773, 0.9384], [121.7782, 0.9387], [121.7791, 0.9391], [121.78, 0.9394], [121.7808, 0.9396], [121.7817, 0.9396], [121.7828, 0.9396], [121.784, 0.9396], [121.785, 0.9396], [121.7856, 0.9397], [121.787, 0.9406], [121.7883, 0.9421], [121.7897, 0.9437], [121.7907, 0.9442], [121.7914, 0.9448], [121.7918, 0.9455], [121.7925, 0.9463], [121.793, 0.947], [121.7935, 0.9477], [121.7941, 0.9482], [121.7957, 0.9488], [121.797, 0.949], [121.7981, 0.949], [121.7998, 0.9489], [121.8006, 0.9489], [121.8016, 0.9492], [121.8025, 0.9495], [121.8033, 0.9499], [121.8042, 0.9501], [121.8053, 0.9504], [121.8064, 0.951], [121.8073, 0.9508], [121.8076, 0.9507], [121.8082, 0.9505], [121.8093, 0.9502], [121.81, 0.9501], [121.811, 0.9501], [121.8119, 0.9502], [121.8129, 0.9507], [121.8135, 0.9512], [121.8139, 0.9521], [121.8142, 0.9533], [121.8147, 0.9542], [121.8155, 0.955], [121.8163, 0.9555], [121.8172, 0.9562], [121.8182, 0.957], [121.8186, 0.9574], [121.8195, 0.9583], [121.82, 0.9591], [121.8203, 0.9598], [121.8205, 0.9604], [121.8207, 0.9608], [121.8209, 0.9612], [121.8212, 0.9616], [121.8216, 0.9615], [121.8226, 0.9611], [121.8242, 0.9608], [121.8255, 0.9604], [121.8275, 0.9602], [121.8284, 0.9601], [121.8294, 0.9602], [121.83, 0.9604], [121.8307, 0.9608], [121.8317, 0.9619], [121.832, 0.9627], [121.8322, 0.9635], [121.8325, 0.964], [121.8325, 0.965], [121.8327, 0.9659], [121.8329, 0.9668], [121.8332, 0.9676], [121.8338, 0.9682], [121.8349, 0.969], [121.8356, 0.9697], [121.8361, 0.9704], [121.8366, 0.9715], [121.8368, 0.9726], [121.8371, 0.9732], [121.8374, 0.9738], [121.8379, 0.9741], [121.8386, 0.9745], [121.8395, 0.9748], [121.8405, 0.9753], [121.841, 0.9756], [121.8416, 0.9759], [121.8428, 0.9767], [121.8436, 0.9772], [121.8444, 0.9774], [121.8459, 0.9774], [121.8466, 0.9774], [121.8471, 0.9777], [121.8479, 0.9785], [121.8483, 0.9792], [121.8489, 0.9802], [121.8489, 0.9808], [121.8486, 0.9816], [121.8483, 0.9822], [121.8478, 0.9828], [121.8472, 0.9832], [121.8468, 0.9839], [121.8467, 0.9847], [121.8467, 0.9858], [121.8469, 0.9864], [121.8472, 0.9871], [121.8475, 0.9876], [121.8476, 0.9879], [121.8479, 0.9884], [121.8483, 0.989], [121.8486, 0.9897], [121.8493, 0.9907], [121.8496, 0.9912], [121.8501, 0.9917], [121.8507, 0.9924], [121.8515, 0.9927], [121.8527, 0.9927], [121.854, 0.9925], [121.8553, 0.9921], [121.856, 0.992], [121.8564, 0.992], [121.857, 0.9919], [121.8579, 0.9915], [121.8591, 0.9907], [121.86, 0.9906], [121.8606, 0.9907], [121.8614, 0.9909], [121.8622, 0.9909], [121.8629, 0.9908], [121.8634, 0.9903], [121.8639, 0.9896], [121.8645, 0.9887], [121.8652, 0.9881], [121.8657, 0.9878], [121.8663, 0.9874], [121.8671, 0.9866], [121.8676, 0.9862], [121.8688, 0.9858], [121.8698, 0.9857], [121.8705, 0.9852], [121.8715, 0.9847], [121.8723, 0.9841], [121.8729, 0.9838], [121.8737, 0.9837], [121.8744, 0.9836], [121.8751, 0.9834], [121.8761, 0.9831], [121.8765, 0.9827], [121.8772, 0.9821], [121.8777, 0.9815], [121.8778, 0.9813], [121.8782, 0.9807], [121.8788, 0.98], [121.8799, 0.9797], [121.8808, 0.9796], [121.8816, 0.9795], [121.8826, 0.9794], [121.8832, 0.9794], [121.8842, 0.9788], [121.8849, 0.9783], [121.886, 0.9775], [121.8866, 0.9772], [121.8876, 0.9768], [121.8876, 0.9766], [121.8883, 0.9762], [121.8891, 0.9756], [121.8903, 0.9748], [121.8914, 0.9735], [121.8919, 0.9727], [121.8924, 0.9719], [121.893, 0.9706], [121.894, 0.9688], [121.8948, 0.9681], [121.8954, 0.9675], [121.896, 0.9669], [121.8971, 0.9661], [121.8978, 0.9656], [121.899, 0.9644], [121.8997, 0.9641], [121.9006, 0.9641], [121.9015, 0.9641], [121.9021, 0.9639], [121.9028, 0.9628], [121.9034, 0.9614], [121.9044, 0.9604], [121.9051, 0.9598], [121.9058, 0.9591], [121.9065, 0.9581], [121.9066, 0.9574], [121.9067, 0.9568], [121.9069, 0.9557], [121.9071, 0.9549], [121.908, 0.9538], [121.9088, 0.9527], [121.9096, 0.9513], [121.9103, 0.95], [121.9116, 0.9479], [121.9127, 0.9464], [121.9136, 0.9452], [121.9142, 0.9445], [121.9146, 0.944], [121.915, 0.9435], [121.916, 0.9418], [121.9164, 0.9403], [121.9166, 0.9394], [121.917, 0.9379], [121.9171, 0.9364], [121.9174, 0.9352], [121.9178, 0.9341], [121.9183, 0.933], [121.9186, 0.9326], [121.9193, 0.9317], [121.9203, 0.9306], [121.9208, 0.9293], [121.9217, 0.9278], [121.9222, 0.9274], [121.9233, 0.9274], [121.9256, 0.9274], [121.9267, 0.9275], [121.9275, 0.9277], [121.9282, 0.9279], [121.9288, 0.9283], [121.9293, 0.9286], [121.9303, 0.9292], [121.9312, 0.9295], [121.932, 0.9296], [121.9332, 0.9293], [121.9343, 0.9288], [121.9348, 0.9287], [121.935, 0.9286], [121.9359, 0.9285], [121.9372, 0.9282], [121.9382, 0.9278], [121.9388, 0.9271], [121.9394, 0.9264], [121.9397, 0.9261], [121.9402, 0.9256], [121.9406, 0.9251], [121.9408, 0.9248], [121.9414, 0.924], [121.9423, 0.9232], [121.9426, 0.9227], [121.9429, 0.922], [121.9432, 0.9211], [121.9434, 0.9203], [121.9442, 0.9196], [121.9451, 0.9192], [121.9458, 0.919], [121.9464, 0.9189], [121.9473, 0.9187], [121.9476, 0.9182], [121.9478, 0.9174], [121.9479, 0.9167], [121.9482, 0.9158], [121.9485, 0.9148], [121.9487, 0.9141], [121.9492, 0.9134], [121.9497, 0.9131], [121.9503, 0.9127], [121.9508, 0.9123], [121.9512, 0.9119], [121.9518, 0.9111], [121.9522, 0.9106], [121.9527, 0.9098], [121.9527, 0.9097], [121.953, 0.9091], [121.9539, 0.9083], [121.9547, 0.9077], [121.9559, 0.9075], [121.9565, 0.9074], [121.9571, 0.9073], [121.9576, 0.9073], [121.9583, 0.9072], [121.959, 0.9072], [121.9605, 0.9072], [121.9611, 0.9072], [121.9621, 0.9072], [121.963, 0.9075], [121.9639, 0.9075], [121.9649, 0.9073], [121.9661, 0.9067], [121.9668, 0.9064], [121.9674, 0.9061], [121.9681, 0.9059], [121.969, 0.9058], [121.9703, 0.9056], [121.9711, 0.9052], [121.9718, 0.9049], [121.9721, 0.9048], [121.9724, 0.9047], [121.9731, 0.9045], [121.974, 0.9043], [121.9748, 0.9043], [121.9752, 0.9042], [121.9758, 0.9042], [121.9766, 0.9045], [121.9773, 0.9047], [121.978, 0.905], [121.9784, 0.9051], [121.9787, 0.9052], [121.9795, 0.9055], [121.9809, 0.9061], [121.9818, 0.9067], [121.9825, 0.9074], [121.9831, 0.9082], [121.9837, 0.909], [121.9846, 0.9097], [121.9852, 0.9105], [121.9852, 0.9114], [121.9852, 0.9128], [121.9851, 0.9136], [121.9851, 0.9144], [121.9854, 0.9156], [121.9862, 0.9172], [121.9865, 0.9184], [121.9865, 0.9191], [121.9855, 0.9202], [121.9847, 0.9209], [121.9836, 0.9217], [121.9832, 0.9235], [121.9833, 0.9265], [121.9837, 0.9275], [121.9846, 0.9289], [121.9854, 0.9299], [121.9871, 0.932], [121.9875, 0.933], [121.9881, 0.9344], [121.9885, 0.9354], [121.9894, 0.9365], [121.9909, 0.9382], [121.9921, 0.9397], [121.9928, 0.9409], [121.9933, 0.9417], [121.9939, 0.9422], [121.9945, 0.9425], [121.9954, 0.9426], [121.9967, 0.9426], [121.9978, 0.9426], [121.9984, 0.9426], [121.9991, 0.9425], [121.9997, 0.9428], [122.0003, 0.9431], [122.0016, 0.9444], [122.0027, 0.9452], [122.0032, 0.9455], [122.0058, 0.9473], [122.0069, 0.9479], [122.0077, 0.9484], [122.0085, 0.9501], [122.0089, 0.9509], [122.01, 0.952], [122.0113, 0.9525], [122.0126, 0.953], [122.0147, 0.9538], [122.017, 0.9546], [122.0174, 0.9557], [122.0179, 0.9569], [122.0231, 0.9581], [122.0251, 0.9603], [122.0259, 0.9617], [122.0265, 0.9628], [122.027, 0.964], [122.0281, 0.966], [122.0293, 0.9683], [122.0303, 0.9705], [122.0325, 0.9731], [122.0333, 0.9741], [122.0351, 0.9762], [122.037, 0.9803], [122.0378, 0.9817], [122.0383, 0.9826], [122.0407, 0.9852], [122.0416, 0.9875], [122.0423, 0.9895], [122.0449, 0.9891], [122.0457, 0.9895], [122.0471, 0.9903], [122.0481, 0.9908], [122.0489, 0.9911], [122.0497, 0.9917], [122.0505, 0.9924], [122.0511, 0.9932], [122.052, 0.9945], [122.0537, 0.9954], [122.0557, 0.9965], [122.0566, 0.997], [122.0587, 0.9969], [122.0595, 0.9968], [122.0622, 0.998], [122.0657, 1], [122.0664, 1.0007], [122.0676, 1.0016], [122.0685, 1.0023], [122.0696, 1.0031], [122.071, 1.0041], [122.074, 1.0054], [122.0747, 1.0057], [122.0759, 1.0062], [122.0768, 1.0064], [122.0775, 1.0058], [122.0783, 1.0052], [122.0792, 1.0038], [122.0804, 1.0022], [122.0816, 1.0009], [122.0825, 1], [122.0844, 0.9986], [122.0867, 0.9991], [122.0875, 0.9993], [122.0893, 0.9997], [122.0915, 0.9998], [122.0927, 0.9998], [122.093, 1], [122.0951, 1.0013], [122.096, 1.0018], [122.0987, 1.0032], [122.0999, 1.0039], [122.1013, 1.0047], [122.1026, 1.0056], [122.1035, 1.0063], [122.1056, 1.008], [122.1071, 1.0094], [122.108, 1.0101], [122.1102, 1.0116], [122.1121, 1.0125], [122.1131, 1.0131], [122.1158, 1.013], [122.1187, 1.0124], [122.1216, 1.0121], [122.123, 1.0123], [122.1237, 1.0134], [122.1245, 1.0154], [122.1255, 1.0182], [122.1262, 1.0183], [122.1268, 1.0183], [122.1283, 1.0187], [122.1297, 1.0191], [122.1308, 1.0193], [122.1326, 1.0188], [122.134, 1.0192], [122.1351, 1.0197], [122.1363, 1.0199], [122.138, 1.0196], [122.1393, 1.0192], [122.1405, 1.0185], [122.1413, 1.0184], [122.142, 1.0188], [122.1442, 1.0194], [122.1461, 1.0201], [122.1468, 1.0206], [122.1473, 1.021], [122.1481, 1.0212], [122.1489, 1.0215], [122.1509, 1.0236], [122.1514, 1.0242], [122.1532, 1.0248], [122.1548, 1.0252], [122.1563, 1.0256], [122.1574, 1.0267], [122.1581, 1.0279], [122.1586, 1.0286], [122.1593, 1.0291], [122.1606, 1.0299], [122.1619, 1.0299], [122.1633, 1.0298], [122.1652, 1.0296], [122.1664, 1.0295], [122.1672, 1.0288], [122.1684, 1.0287], [122.1703, 1.0278], [122.1713, 1.0287], [122.172, 1.0292], [122.1733, 1.0295], [122.1749, 1.0301], [122.1753, 1.0302], [122.175, 1.0316], [122.1747, 1.0326], [122.1749, 1.0346], [122.1755, 1.0363], [122.1773, 1.0367], [122.1792, 1.0372], [122.1812, 1.0367], [122.1824, 1.0367], [122.1836, 1.0367], [122.1853, 1.0369], [122.1858, 1.037], [122.1862, 1.037], [122.1864, 1.0371], [122.1872, 1.0373], [122.1873, 1.0374], [122.1876, 1.0376], [122.1883, 1.0383], [122.1885, 1.0385], [122.1888, 1.0388], [122.1892, 1.0393], [122.1898, 1.0391], [122.19, 1.039], [122.1912, 1.0386], [122.192, 1.0384], [122.1931, 1.0381], [122.1934, 1.0381], [122.1938, 1.0382], [122.1945, 1.0383], [122.1955, 1.0385], [122.1958, 1.0375], [122.1954, 1.0371], [122.1947, 1.037], [122.194, 1.0375], [122.1936, 1.0371], [122.1933, 1.0369], [122.1931, 1.0364], [122.1933, 1.036], [122.1937, 1.0358], [122.1935, 1.0348], [122.1935, 1.0341], [122.193, 1.0337], [122.1928, 1.033], [122.1933, 1.0327], [122.1936, 1.0331], [122.1941, 1.0338], [122.1946, 1.034], [122.1949, 1.0338], [122.1969, 1.031], [122.1997, 1.0272], [122.2056, 1.0229], [122.2092, 1.0206], [122.2117, 1.0197], [122.2126, 1.0193], [122.213, 1.0192], [122.2139, 1.0198], [122.2148, 1.0203], [122.2151, 1.0205], [122.2161, 1.021], [122.2166, 1.0209], [122.2178, 1.0209], [122.2183, 1.0212], [122.2188, 1.0219], [122.2197, 1.0224], [122.2204, 1.0234], [122.2199, 1.0245], [122.2203, 1.0247], [122.2209, 1.025], [122.2214, 1.025], [122.2217, 1.0251], [122.2223, 1.0253], [122.2227, 1.025], [122.2227, 1.0245], [122.2227, 1.024], [122.2227, 1.0236], [122.2233, 1.0231], [122.2235, 1.0224], [122.224, 1.0217], [122.2245, 1.0209], [122.2253, 1.0199], [122.2257, 1.0192], [122.2257, 1.0187], [122.2265, 1.0179], [122.2275, 1.0171], [122.2282, 1.0167], [122.2283, 1.0163], [122.2282, 1.0158], [122.2285, 1.0153], [122.2285, 1.0146], [122.2285, 1.0137], [122.2284, 1.013], [122.2277, 1.0121], [122.2265, 1.0114], [122.2252, 1.0114], [122.2235, 1.0114], [122.2228, 1.0107], [122.2227, 1.0098], [122.2222, 1.0096], [122.2218, 1.0091], [122.2215, 1.0085], [122.2213, 1.0081], [122.2214, 1.007], [122.2214, 1.0069], [122.2212, 1.0063], [122.2215, 1.0055], [122.2216, 1.0052], [122.2218, 1.0042], [122.2217, 1.0036], [122.2217, 1.0028], [122.2212, 1.0025], [122.2204, 1.0021], [122.22, 1.0016], [122.2204, 1.0007], [122.2208, 1.0002], [122.2214, 0.9995], [122.2219, 0.9987], [122.2221, 0.9983], [122.2213, 0.9972], [122.2212, 0.9962], [122.2227, 0.9966], [122.2234, 0.9969], [122.2235, 0.9965], [122.2239, 0.9961], [122.2248, 0.9951], [122.2255, 0.9943], [122.2272, 0.993], [122.2292, 0.9928], [122.23, 0.9928], [122.2324, 0.9926], [122.2342, 0.9929], [122.2352, 0.9935], [122.236, 0.9939], [122.2369, 0.9937], [122.2379, 0.9934], [122.2376, 0.9942], [122.2377, 0.9951], [122.2382, 0.9961], [122.2385, 0.9971], [122.2387, 1.0002], [122.2379, 1.0013], [122.2376, 1.002], [122.2382, 1.0025], [122.2383, 1.0047], [122.2382, 1.0053], [122.2379, 1.0055], [122.2374, 1.0057], [122.2369, 1.0065], [122.2372, 1.0067], [122.2377, 1.0071], [122.2382, 1.0074], [122.239, 1.0079], [122.2394, 1.0085], [122.2401, 1.0088], [122.2409, 1.01], [122.2419, 1.0101], [122.2427, 1.0097], [122.2432, 1.0091], [122.2436, 1.0089], [122.2448, 1.0082], [122.2459, 1.0079], [122.2466, 1.0076], [122.247, 1.0079], [122.2473, 1.0078], [122.2477, 1.0078], [122.2475, 1.007], [122.2481, 1.0065], [122.2481, 1.0059], [122.2484, 1.0056], [122.2485, 1.0049], [122.2485, 1.0043], [122.2485, 1.0032], [122.2495, 1.0026], [122.2517, 1.0018], [122.2532, 1.0023], [122.255, 1.0028], [122.2554, 1.0036], [122.2556, 1.0047], [122.2558, 1.0057], [122.2563, 1.0066], [122.2576, 1.0072], [122.259, 1.0076], [122.2596, 1.0082], [122.2599, 1.0092], [122.2599, 1.0098], [122.2601, 1.0105], [122.2604, 1.011], [122.2607, 1.0115], [122.2614, 1.0123], [122.2621, 1.0126], [122.2639, 1.0126], [122.2651, 1.0126], [122.2663, 1.0127], [122.2674, 1.0127], [122.2682, 1.0128], [122.2684, 1.0129], [122.2688, 1.0129], [122.2688, 1.0124], [122.269, 1.0119], [122.2697, 1.0117], [122.2698, 1.0114], [122.2698, 1.0109], [122.2697, 1.0103], [122.2698, 1.0098], [122.2714, 1.0096], [122.2749, 1.008], [122.2768, 1.007], [122.2784, 1.0063], [122.2806, 1.0059], [122.2846, 1.0045], [122.2865, 1.0043], [122.2888, 1.0044], [122.2898, 1.0047], [122.2907, 1.0051], [122.2913, 1.0058], [122.2918, 1.0062], [122.2923, 1.0063], [122.2925, 1.0066], [122.2924, 1.0069], [122.2923, 1.0075], [122.2918, 1.0076], [122.2919, 1.008], [122.2923, 1.0081], [122.2934, 1.0077], [122.294, 1.0079], [122.2946, 1.0078], [122.295, 1.0078], [122.2952, 1.0078], [122.2962, 1.0083], [122.297, 1.0081], [122.2989, 1.0069], [122.2999, 1.0057], [122.2999, 1.0044], [122.3002, 1.0037], [122.3014, 1.0033], [122.3026, 1.0033], [122.304, 1.004], [122.3046, 1.0047], [122.3064, 1.0049], [122.3074, 1.0054], [122.3084, 1.0062], [122.3094, 1.0066], [122.3103, 1.0069], [122.3113, 1.007], [122.3118, 1.0068], [122.3122, 1.0063], [122.3125, 1.006], [122.3129, 1.0057], [122.3132, 1.0054], [122.3138, 1.0052], [122.3144, 1.0056], [122.315, 1.0056], [122.3153, 1.0052], [122.3153, 1.0053], [122.3153, 1.0057], [122.3156, 1.0061], [122.3158, 1.0066], [122.3158, 1.0068], [122.3161, 1.008], [122.3163, 1.0099], [122.3162, 1.0104], [122.3167, 1.0114], [122.3172, 1.0119], [122.3173, 1.0124], [122.3175, 1.0135], [122.3168, 1.0148], [122.3163, 1.0159], [122.3162, 1.017], [122.3169, 1.0178], [122.3178, 1.0182], [122.3183, 1.0185], [122.3187, 1.0188], [122.3189, 1.0194], [122.319, 1.0196], [122.3194, 1.0203], [122.3198, 1.0205], [122.321, 1.0206], [122.3219, 1.0205], [122.3233, 1.0207], [122.3237, 1.0206], [122.324, 1.0206], [122.3249, 1.02], [122.325, 1.0199], [122.3257, 1.0194], [122.3268, 1.0196], [122.327, 1.0195], [122.3292, 1.0206], [122.3301, 1.0214], [122.3308, 1.0222], [122.3305, 1.0228], [122.3301, 1.0232], [122.3297, 1.0236], [122.3296, 1.0241], [122.3286, 1.0256], [122.3281, 1.0261], [122.3281, 1.0267], [122.3283, 1.0277], [122.3285, 1.0282], [122.3288, 1.0285], [122.329, 1.0287], [122.3294, 1.0293], [122.3297, 1.0303], [122.3292, 1.0311], [122.3286, 1.0319], [122.3282, 1.0331], [122.3283, 1.0336], [122.3284, 1.0342], [122.3286, 1.0347], [122.3288, 1.035], [122.3288, 1.0354], [122.3288, 1.0362], [122.3289, 1.0366], [122.3289, 1.0371], [122.3293, 1.0376], [122.3298, 1.0379], [122.3299, 1.0381], [122.3309, 1.0386], [122.3314, 1.0389], [122.3322, 1.0393], [122.3329, 1.0396], [122.3334, 1.0401], [122.3337, 1.0407], [122.3342, 1.041], [122.3362, 1.0409], [122.3364, 1.0409], [122.3372, 1.0404], [122.3374, 1.0402], [122.3374, 1.0397], [122.3368, 1.0392], [122.336, 1.0383], [122.3359, 1.0372], [122.3361, 1.0348], [122.3362, 1.0339], [122.3357, 1.0329], [122.3359, 1.0315], [122.3367, 1.0303], [122.3375, 1.0291], [122.3377, 1.0283], [122.3393, 1.0267], [122.3404, 1.0259], [122.3421, 1.0248], [122.3437, 1.0231], [122.3453, 1.0221], [122.3461, 1.0217], [122.3485, 1.0212], [122.3497, 1.0213], [122.35, 1.0213], [122.3502, 1.0213], [122.3509, 1.0204], [122.3508, 1.0197], [122.3502, 1.019], [122.3503, 1.0177], [122.3505, 1.0168], [122.3496, 1.0163], [122.3492, 1.0155], [122.3501, 1.0143], [122.3508, 1.0138], [122.3518, 1.0135], [122.3542, 1.0121], [122.3557, 1.0111], [122.357, 1.0114], [122.3572, 1.0114], [122.3575, 1.0114], [122.3577, 1.0115], [122.3578, 1.0115], [122.3581, 1.0113], [122.3585, 1.0108], [122.359, 1.0104], [122.3594, 1.0099], [122.3599, 1.0088], [122.3602, 1.0082], [122.3603, 1.0074], [122.3601, 1.0065], [122.3593, 1.0064], [122.3589, 1.0061], [122.3589, 1.0052], [122.3603, 1.0033], [122.3616, 1.0024], [122.3623, 1.0018], [122.3621, 1.0008], [122.3619, 0.9968], [122.3619, 0.9962], [122.3624, 0.9962], [122.3637, 0.9958], [122.3665, 0.9943], [122.3682, 0.9941], [122.3685, 0.9941], [122.3689, 0.9941], [122.3702, 0.9934], [122.3714, 0.9937], [122.3724, 0.9942], [122.3745, 0.9948], [122.3747, 0.9957], [122.3757, 0.9967], [122.3764, 0.9982], [122.3772, 0.9993], [122.3789, 1.0001], [122.38, 1.0004], [122.3808, 1.0007], [122.3814, 1.0016], [122.3817, 1.0026], [122.3822, 1.0036], [122.3833, 1.0044], [122.3846, 1.0041], [122.3853, 1.0037], [122.3862, 1.0032], [122.3878, 1.0033], [122.388, 1.0032], [122.3882, 1.0032], [122.3885, 1.0032], [122.3887, 1.0032], [122.389, 1.0032], [122.3892, 1.0032], [122.3894, 1.0032], [122.3899, 1.0041], [122.3905, 1.0051], [122.3905, 1.0055], [122.3905, 1.0061], [122.3904, 1.0067], [122.3899, 1.0069], [122.3898, 1.0078], [122.3901, 1.0086], [122.3904, 1.009], [122.3909, 1.0093], [122.3909, 1.0099], [122.3911, 1.0108], [122.3924, 1.0129], [122.3931, 1.0138], [122.394, 1.0139], [122.3958, 1.0128], [122.3959, 1.0121], [122.3968, 1.0111], [122.3971, 1.0108], [122.3974, 1.0105], [122.3977, 1.0103], [122.398, 1.0101], [122.3982, 1.0097], [122.3986, 1.0096], [122.3989, 1.0096], [122.399, 1.0096], [122.3994, 1.0096], [122.3997, 1.0096], [122.4001, 1.0094], [122.4013, 1.0082], [122.4014, 1.0078], [122.4012, 1.0075], [122.4007, 1.0069], [122.4005, 1.0063], [122.4006, 1.0055], [122.4011, 1.0047], [122.4015, 1.0044], [122.4021, 1.004], [122.4027, 1.0037], [122.4032, 1.0034], [122.4038, 1.0034], [122.4045, 1.0034], [122.405, 1.0035], [122.4061, 1.0039], [122.4059, 1.0047], [122.4059, 1.0053], [122.4061, 1.006], [122.4061, 1.0063], [122.4065, 1.0066], [122.4067, 1.0064], [122.4069, 1.0063], [122.4072, 1.0061], [122.4076, 1.0058], [122.4078, 1.0055], [122.408, 1.0051], [122.4079, 1.0048], [122.4077, 1.004], [122.4075, 1.0035], [122.4072, 1.0032], [122.4068, 1.0027], [122.4064, 1.0019], [122.4064, 1.0007], [122.4067, 1.0004], [122.407, 1.0001], [122.4074, 0.9998], [122.4077, 0.9997], [122.4082, 0.9995], [122.4085, 0.9995], [122.4088, 0.9996], [122.409, 0.9996], [122.4096, 0.9996], [122.4102, 0.9993], [122.4107, 0.9989], [122.4109, 0.9985], [122.4107, 0.998], [122.4106, 0.9971], [122.4106, 0.9961], [122.4108, 0.9952], [122.4109, 0.9947], [122.411, 0.9938], [122.4112, 0.9936], [122.4123, 0.9932], [122.4134, 0.9927], [122.4142, 0.9923], [122.4147, 0.9921], [122.4198, 0.9914], [122.4204, 0.9913], [122.4206, 0.9914], [122.4209, 0.9915], [122.4214, 0.9916], [122.4221, 0.9917], [122.4222, 0.9918], [122.4274, 0.9935], [122.4283, 0.9948], [122.4289, 0.9953], [122.4293, 0.9953], [122.4295, 0.9949], [122.4293, 0.9947], [122.4292, 0.9945], [122.429, 0.9943], [122.4294, 0.9941], [122.4295, 0.9941], [122.4298, 0.994], [122.4301, 0.9939], [122.4304, 0.9938], [122.4315, 0.9936], [122.4321, 0.9935], [122.4324, 0.9934], [122.433, 0.9934], [122.4344, 0.9939], [122.4352, 0.994], [122.436, 0.9942], [122.4362, 0.9943], [122.4373, 0.9956], [122.4377, 0.996], [122.438, 0.9964], [122.4381, 0.9965], [122.4386, 0.9971], [122.439, 0.9975], [122.4401, 0.9982], [122.4404, 0.9984], [122.4413, 0.9984], [122.4424, 0.9983], [122.443, 0.9982], [122.4435, 0.9982], [122.444, 0.9981], [122.4443, 0.9983], [122.4445, 0.9981], [122.4447, 0.9984], [122.4449, 0.9989], [122.4451, 0.9992], [122.4451, 0.9996], [122.4451, 1], [122.445, 1.0004], [122.4449, 1.0007], [122.4446, 1.001], [122.4445, 1.0014], [122.4445, 1.0016], [122.4445, 1.002], [122.4445, 1.0024], [122.4443, 1.0025], [122.4441, 1.0022], [122.4435, 1.0021], [122.4427, 1.0024], [122.4423, 1.0031], [122.4422, 1.0034], [122.4422, 1.0039], [122.4427, 1.0049], [122.443, 1.0053], [122.4435, 1.0055], [122.4438, 1.0059], [122.4434, 1.0063], [122.4423, 1.0068], [122.442, 1.0076], [122.442, 1.0081], [122.442, 1.0085], [122.4423, 1.0091], [122.4424, 1.0101], [122.4421, 1.0108], [122.4417, 1.0119], [122.4414, 1.0122], [122.4413, 1.0123], [122.4411, 1.0127], [122.4409, 1.013], [122.4407, 1.0134], [122.4408, 1.0136], [122.4413, 1.0139], [122.4414, 1.014], [122.4418, 1.014], [122.4423, 1.0141], [122.4432, 1.0161], [122.4449, 1.0172], [122.4449, 1.018], [122.4445, 1.0189], [122.4433, 1.0192], [122.4426, 1.0196], [122.4419, 1.0197], [122.4407, 1.0199], [122.4404, 1.02], [122.4397, 1.0202], [122.4394, 1.0209], [122.4403, 1.0222], [122.4404, 1.0225], [122.4406, 1.0228], [122.4407, 1.0232], [122.4409, 1.0238], [122.4411, 1.0241], [122.4418, 1.0242], [122.4427, 1.0247], [122.4452, 1.0267], [122.4462, 1.0282], [122.4466, 1.0293], [122.4468, 1.0297], [122.447, 1.0301], [122.4477, 1.0301], [122.4487, 1.0297], [122.4489, 1.0297], [122.4492, 1.0298], [122.4494, 1.0299], [122.4497, 1.03], [122.45, 1.0301], [122.4514, 1.0318], [122.4523, 1.0319], [122.4529, 1.0315], [122.4579, 1.0286], [122.4627, 1.0239], [122.4635, 1.0234], [122.4642, 1.0232], [122.4643, 1.022], [122.4635, 1.0216], [122.4629, 1.0214], [122.4621, 1.0206], [122.4618, 1.0203], [122.4618, 1.0201], [122.4617, 1.0196], [122.4617, 1.0194], [122.4616, 1.0186], [122.4618, 1.0177], [122.463, 1.0166], [122.4669, 1.0149], [122.4683, 1.0147], [122.4703, 1.0147], [122.4706, 1.0149], [122.4707, 1.0151], [122.4708, 1.0155], [122.4708, 1.0156], [122.4709, 1.0158], [122.4709, 1.0161], [122.4709, 1.0163], [122.471, 1.0164], [122.4711, 1.0166], [122.4714, 1.0168], [122.4715, 1.0168], [122.4717, 1.0166], [122.4718, 1.0165], [122.4719, 1.0164], [122.4719, 1.0162], [122.4719, 1.0161], [122.4718, 1.0158], [122.4717, 1.0154], [122.4717, 1.0152], [122.4717, 1.0151], [122.4718, 1.015], [122.4719, 1.0149], [122.472, 1.0148], [122.472, 1.0145], [122.472, 1.0142], [122.472, 1.0141], [122.4718, 1.014], [122.4718, 1.0138], [122.4715, 1.0137], [122.4713, 1.0136], [122.471, 1.0135], [122.4708, 1.0134], [122.4708, 1.0132], [122.4708, 1.0131], [122.4705, 1.0131], [122.4704, 1.0129], [122.4704, 1.0128], [122.4702, 1.0125], [122.4701, 1.0113], [122.4701, 1.011], [122.4701, 1.0107], [122.4701, 1.0103], [122.4702, 1.0098], [122.4704, 1.0095], [122.4706, 1.0092], [122.4709, 1.0088], [122.4711, 1.0086], [122.4713, 1.0084], [122.4716, 1.0082], [122.4718, 1.008], [122.472, 1.0078], [122.4722, 1.0074], [122.4722, 1.007], [122.4722, 1.0065], [122.4722, 1.0061], [122.4723, 1.0058], [122.4725, 1.0055], [122.4726, 1.0051], [122.4727, 1.0048], [122.4729, 1.0045], [122.4731, 1.0042], [122.4734, 1.0038], [122.4735, 1.0036], [122.4736, 1.0034], [122.4738, 1.0032], [122.474, 1.0029], [122.4742, 1.0028], [122.4744, 1.0027], [122.4745, 1.0025], [122.4745, 1.0024], [122.4746, 1.0022], [122.4746, 1.0021], [122.4746, 1.0017], [122.4748, 1.0015], [122.475, 1.0013], [122.4752, 1.0011], [122.4753, 1.0009], [122.4755, 1.0007], [122.4757, 1.0006], [122.4761, 1.0002], [122.4762, 1], [122.4764, 0.9998], [122.4765, 0.9995], [122.4769, 0.9993], [122.4773, 0.999], [122.4775, 0.9989], [122.4778, 0.9987], [122.4783, 0.9985], [122.4785, 0.9984], [122.479, 0.9983], [122.4796, 0.9984], [122.4805, 0.9984], [122.4808, 0.9986], [122.4812, 0.9989], [122.4816, 0.9992], [122.4816, 0.9994], [122.4818, 0.9996], [122.4819, 0.9997], [122.4822, 0.9999], [122.4825, 0.9998], [122.483, 0.9999], [122.4833, 0.9998], [122.4835, 0.9998], [122.4838, 0.9997], [122.4839, 0.9995], [122.4843, 0.9988], [122.4844, 0.9986], [122.4844, 0.9984], [122.4846, 0.9982], [122.4848, 0.998], [122.4848, 0.9977], [122.485, 0.9975], [122.4854, 0.9974], [122.4856, 0.9971], [122.4858, 0.9968], [122.486, 0.9966], [122.4864, 0.9959], [122.4866, 0.9957], [122.4867, 0.9955], [122.4869, 0.9953], [122.4871, 0.9951], [122.4872, 0.9949], [122.4872, 0.9947], [122.4872, 0.9945], [122.4874, 0.9943], [122.4875, 0.9941], [122.4877, 0.9939], [122.4879, 0.9937], [122.4878, 0.9935], [122.4876, 0.9934], [122.4876, 0.9932], [122.4873, 0.993], [122.4871, 0.9926], [122.4872, 0.9917], [122.4875, 0.9909], [122.4879, 0.9905], [122.4887, 0.9898], [122.491, 0.9887], [122.4915, 0.9883], [122.4922, 0.988], [122.4929, 0.9878], [122.4935, 0.9876], [122.494, 0.9874], [122.4946, 0.9872], [122.4948, 0.9872], [122.495, 0.9872], [122.4953, 0.9872], [122.4956, 0.9872], [122.4959, 0.9872], [122.4962, 0.987], [122.4965, 0.9868], [122.4968, 0.9868], [122.4971, 0.9867], [122.4973, 0.9867], [122.4978, 0.9867], [122.4987, 0.9863], [122.4995, 0.9862], [122.4999, 0.9862], [122.5, 0.9862], [122.5001, 0.9862], [122.5005, 0.9864], [122.5006, 0.9864], [122.5009, 0.9864], [122.5013, 0.9864], [122.5016, 0.9862], [122.5018, 0.9861], [122.5021, 0.9859], [122.5024, 0.9859], [122.5027, 0.9859], [122.5029, 0.986], [122.5032, 0.9859], [122.5035, 0.9859], [122.5038, 0.9857], [122.5041, 0.9855], [122.5043, 0.9854], [122.5046, 0.9853], [122.5048, 0.9853], [122.5051, 0.9853], [122.5055, 0.9851], [122.5059, 0.9848], [122.5062, 0.9846], [122.5066, 0.9843], [122.5071, 0.9841], [122.5072, 0.9841], [122.5079, 0.9838], [122.5086, 0.9835], [122.509, 0.9831], [122.5094, 0.9827], [122.5098, 0.9819], [122.5099, 0.9817], [122.5104, 0.9811], [122.5106, 0.981], [122.5113, 0.9808], [122.5116, 0.9806], [122.5118, 0.9802], [122.512, 0.98], [122.5125, 0.9798], [122.5129, 0.9797], [122.5132, 0.9796], [122.5145, 0.9794], [122.5151, 0.9791], [122.5157, 0.9792], [122.5164, 0.9792], [122.5167, 0.9792], [122.5171, 0.9792], [122.5172, 0.9792], [122.5176, 0.9791], [122.5187, 0.9786], [122.5214, 0.977], [122.5242, 0.9763], [122.5245, 0.9762], [122.5256, 0.9761], [122.5268, 0.9756], [122.5277, 0.9747], [122.5303, 0.9731], [122.5326, 0.972], [122.5332, 0.9719], [122.5334, 0.9721], [122.5341, 0.9722], [122.5341, 0.9721], [122.5343, 0.9718], [122.5371, 0.9707], [122.5379, 0.9702], [122.5388, 0.9696], [122.5405, 0.9696], [122.542, 0.9696], [122.5424, 0.9697], [122.5425, 0.97], [122.5426, 0.9701], [122.5426, 0.9703], [122.5426, 0.9705], [122.5426, 0.9707], [122.5427, 0.9709], [122.5429, 0.9712], [122.5432, 0.9714], [122.5435, 0.9714], [122.5437, 0.9714], [122.5438, 0.9714], [122.5439, 0.9713], [122.5443, 0.9712], [122.5448, 0.9712], [122.5452, 0.9712], [122.5456, 0.9711], [122.5458, 0.9711], [122.5459, 0.9713], [122.546, 0.9714], [122.5462, 0.9716], [122.5462, 0.9717], [122.5466, 0.9718], [122.5467, 0.9718], [122.5468, 0.9716], [122.5473, 0.971], [122.5491, 0.9704], [122.5505, 0.9704], [122.551, 0.9709], [122.5516, 0.9714], [122.5518, 0.9714], [122.5522, 0.9711], [122.5523, 0.9708], [122.5515, 0.9702], [122.5511, 0.9696], [122.5506, 0.9693], [122.5505, 0.9686], [122.5508, 0.9671], [122.5514, 0.9658], [122.5531, 0.9641], [122.5537, 0.9637], [122.5548, 0.9636], [122.5555, 0.9633], [122.5556, 0.9633], [122.5561, 0.9636], [122.5563, 0.9637], [122.5564, 0.9637], [122.5567, 0.9634], [122.5568, 0.9634], [122.5569, 0.9633], [122.5569, 0.9631], [122.557, 0.963], [122.5572, 0.9627], [122.5574, 0.9626], [122.5598, 0.9607], [122.562, 0.9598], [122.5639, 0.9592], [122.567, 0.9592], [122.5676, 0.9591], [122.568, 0.9591], [122.5685, 0.9592], [122.569, 0.9593], [122.5694, 0.9593], [122.5697, 0.9594], [122.57, 0.9595], [122.5703, 0.9596], [122.5705, 0.9597], [122.5708, 0.9597], [122.5712, 0.9598], [122.5715, 0.9598], [122.5719, 0.9598], [122.5723, 0.9598], [122.5727, 0.9597], [122.573, 0.9596], [122.5733, 0.9595], [122.5736, 0.9595], [122.5739, 0.9594], [122.5743, 0.9594], [122.5747, 0.9593], [122.5751, 0.9592], [122.5775, 0.9575], [122.5785, 0.9569], [122.5806, 0.9559], [122.582, 0.9555], [122.5838, 0.9541], [122.5867, 0.953], [122.5885, 0.9526], [122.589, 0.9525], [122.5893, 0.9525], [122.5896, 0.9525], [122.5899, 0.9525], [122.5903, 0.9524], [122.5907, 0.9524], [122.5911, 0.9524], [122.5915, 0.9524], [122.5927, 0.953], [122.593, 0.9538], [122.5945, 0.9544], [122.5966, 0.9539], [122.5971, 0.9537], [122.5974, 0.9538], [122.5978, 0.9537], [122.5999, 0.9528], [122.6023, 0.9525], [122.6024, 0.9518], [122.6022, 0.9515], [122.6022, 0.951], [122.602, 0.9507], [122.602, 0.9503], [122.602, 0.95], [122.6023, 0.9496], [122.6032, 0.9485], [122.6039, 0.9484], [122.6043, 0.9484], [122.6055, 0.9481], [122.6065, 0.9484], [122.6068, 0.9484], [122.6076, 0.9479], [122.6082, 0.9473], [122.6083, 0.9469], [122.6087, 0.946], [122.6097, 0.9447], [122.6109, 0.9442], [122.6117, 0.9442], [122.6133, 0.9444], [122.6142, 0.945], [122.6146, 0.9458], [122.615, 0.9482], [122.6158, 0.9509], [122.6163, 0.9519], [122.616, 0.9523], [122.6158, 0.953], [122.6155, 0.9535], [122.6151, 0.954], [122.6149, 0.9545], [122.6149, 0.9549], [122.615, 0.9553], [122.6155, 0.9558], [122.6152, 0.9564], [122.6155, 0.9568], [122.6164, 0.9573], [122.6172, 0.9587], [122.6178, 0.96], [122.6188, 0.9613], [122.6215, 0.9623], [122.623, 0.9626], [122.6239, 0.9635], [122.6244, 0.9642], [122.6248, 0.9642], [122.6252, 0.9641], [122.626, 0.963], [122.6262, 0.9624], [122.6262, 0.9617], [122.6258, 0.9616], [122.6254, 0.9612], [122.6249, 0.9612], [122.6244, 0.9611], [122.6242, 0.9608], [122.624, 0.9603], [122.6238, 0.9597], [122.6235, 0.9585], [122.6232, 0.9582], [122.6227, 0.9579], [122.6223, 0.9579], [122.622, 0.9578], [122.6219, 0.9568], [122.6216, 0.9559], [122.622, 0.9549], [122.6225, 0.9541], [122.6236, 0.9537], [122.6253, 0.9533], [122.6266, 0.9536], [122.6278, 0.9539], [122.6282, 0.9543], [122.6283, 0.9552], [122.6286, 0.9555], [122.6291, 0.9556], [122.6295, 0.9555], [122.6292, 0.9542], [122.6288, 0.9539], [122.629, 0.9537], [122.6299, 0.9527], [122.632, 0.9513], [122.6332, 0.9507], [122.634, 0.9506], [122.6354, 0.9484], [122.6374, 0.9457], [122.6383, 0.9435], [122.6395, 0.9421], [122.6411, 0.9417], [122.6424, 0.9423], [122.6437, 0.9437], [122.6441, 0.9446], [122.646, 0.9459], [122.6476, 0.9467], [122.6483, 0.9473], [122.6483, 0.948], [122.6487, 0.9487], [122.6497, 0.9488], [122.6506, 0.9479], [122.6508, 0.9473], [122.651, 0.9464], [122.6519, 0.9447], [122.6532, 0.9443], [122.6541, 0.9442], [122.6549, 0.9445], [122.6554, 0.9443], [122.6556, 0.9437], [122.6567, 0.9428], [122.6568, 0.9427], [122.6577, 0.9403], [122.6577, 0.9392], [122.6577, 0.938], [122.6572, 0.9363], [122.6574, 0.9352], [122.6578, 0.9349], [122.6585, 0.9337], [122.6597, 0.9334], [122.6604, 0.9338], [122.6611, 0.934], [122.6619, 0.9339], [122.6621, 0.9342], [122.6626, 0.9352], [122.6634, 0.9352], [122.6638, 0.9351], [122.6638, 0.935], [122.6646, 0.9333], [122.6649, 0.9329], [122.666, 0.9307], [122.6672, 0.9296], [122.6676, 0.9279], [122.6678, 0.9277], [122.6689, 0.9256], [122.6702, 0.9243], [122.6711, 0.9235], [122.6714, 0.9232], [122.6722, 0.9211], [122.6726, 0.9197], [122.6733, 0.9187], [122.674, 0.9163], [122.674, 0.9161], [122.6743, 0.915], [122.6748, 0.9139], [122.6757, 0.9133], [122.6766, 0.9132], [122.6773, 0.9135], [122.6782, 0.9132], [122.679, 0.9126], [122.6796, 0.9115], [122.6797, 0.9109], [122.6798, 0.9104], [122.6811, 0.9082], [122.6812, 0.9072], [122.6813, 0.9057], [122.6812, 0.9046], [122.6815, 0.904], [122.682, 0.9035], [122.682, 0.9019], [122.6827, 0.8997], [122.6847, 0.8988], [122.6858, 0.8975], [122.6867, 0.8961], [122.6882, 0.8952], [122.6893, 0.894], [122.6898, 0.8944], [122.6902, 0.8955], [122.6904, 0.8963], [122.6904, 0.8972], [122.6909, 0.8976], [122.6919, 0.8977], [122.6924, 0.8977], [122.693, 0.8974], [122.6936, 0.897], [122.694, 0.8964], [122.6942, 0.8963], [122.6945, 0.8958], [122.6944, 0.8951], [122.6942, 0.8941], [122.6945, 0.8935], [122.6959, 0.8916], [122.697, 0.8906], [122.6978, 0.89], [122.6981, 0.8898], [122.6986, 0.8896], [122.699, 0.8893], [122.6993, 0.8892], [122.6996, 0.8892], [122.7001, 0.8892], [122.7004, 0.8894], [122.7007, 0.8894], [122.7012, 0.8894], [122.7014, 0.8894], [122.7017, 0.8894], [122.7021, 0.8892], [122.7026, 0.8892], [122.7029, 0.8894], [122.7033, 0.8894], [122.7035, 0.8894], [122.7038, 0.8892], [122.704, 0.8891], [122.7042, 0.8896], [122.7044, 0.89], [122.7044, 0.8902], [122.7044, 0.8904], [122.7046, 0.8907], [122.7048, 0.8906], [122.705, 0.8904], [122.705, 0.89], [122.7051, 0.8895], [122.7053, 0.8888], [122.7054, 0.8884], [122.7056, 0.8882], [122.7058, 0.8878], [122.706, 0.8878], [122.706, 0.8881], [122.7063, 0.8882], [122.7064, 0.8881], [122.7066, 0.8886], [122.707, 0.8892], [122.7073, 0.8897], [122.7075, 0.8901], [122.7081, 0.8903], [122.7085, 0.8907], [122.7089, 0.8911], [122.7091, 0.8914], [122.7095, 0.8916], [122.7099, 0.8918], [122.7106, 0.8919], [122.7112, 0.892], [122.7123, 0.892], [122.7134, 0.8911], [122.7138, 0.8906], [122.7137, 0.8899], [122.7143, 0.8897], [122.7151, 0.8897], [122.7158, 0.8897], [122.7161, 0.8897], [122.7165, 0.8893], [122.7169, 0.8883], [122.717, 0.8881], [122.7176, 0.8881], [122.718, 0.888], [122.7185, 0.8877], [122.7189, 0.8873], [122.7194, 0.8873], [122.7198, 0.8873], [122.7199, 0.8869], [122.72, 0.8865], [122.7201, 0.8864], [122.7207, 0.8864], [122.7211, 0.8867], [122.7215, 0.887], [122.722, 0.887], [122.7225, 0.8865], [122.7221, 0.8861], [122.7208, 0.8853], [122.7205, 0.885], [122.7205, 0.8846], [122.7203, 0.8841], [122.7194, 0.8837], [122.7187, 0.8835], [122.718, 0.8834], [122.7178, 0.8832], [122.7174, 0.8829], [122.7164, 0.8821], [122.7161, 0.8817], [122.7157, 0.8815], [122.7156, 0.8812], [122.7159, 0.8795], [122.7159, 0.8789], [122.7156, 0.8787], [122.7151, 0.8786], [122.7147, 0.8785], [122.7145, 0.8784], [122.7144, 0.8779], [122.7143, 0.877], [122.7137, 0.8767], [122.7135, 0.8766], [122.7137, 0.8757], [122.7137, 0.8753], [122.7146, 0.8742], [122.7146, 0.8737], [122.7143, 0.8725], [122.7135, 0.8716], [122.7131, 0.8709], [122.7125, 0.8706], [122.7123, 0.8705], [122.7124, 0.8699], [122.7124, 0.8698], [122.7127, 0.8699], [122.713, 0.8696], [122.7131, 0.869], [122.713, 0.8688], [122.7128, 0.8689], [122.7127, 0.8687], [122.7131, 0.8679], [122.7132, 0.8674], [122.7136, 0.8673], [122.714, 0.8673], [122.7143, 0.8675], [122.7148, 0.8675], [122.7153, 0.8677], [122.7158, 0.8677], [122.7164, 0.8677], [122.7169, 0.8677], [122.7174, 0.8674], [122.718, 0.8675], [122.7186, 0.8675], [122.7189, 0.8673], [122.7192, 0.8672], [122.7194, 0.867], [122.72, 0.8669], [122.7203, 0.8668], [122.7206, 0.8668], [122.7211, 0.8668], [122.7216, 0.867], [122.7217, 0.8671], [122.7219, 0.8672], [122.7219, 0.8675], [122.7219, 0.8677], [122.7218, 0.868], [122.7217, 0.8687], [122.7219, 0.8694], [122.7223, 0.8701], [122.7225, 0.8706], [122.723, 0.8708], [122.7234, 0.8708], [122.7238, 0.871], [122.724, 0.8716], [122.7245, 0.872], [122.7254, 0.8724], [122.7257, 0.8729], [122.7257, 0.8735], [122.7258, 0.874], [122.7263, 0.8745], [122.7267, 0.8746], [122.7272, 0.8743], [122.7274, 0.8738], [122.7277, 0.8717], [122.7279, 0.8706], [122.7283, 0.87], [122.7287, 0.8698], [122.729, 0.8692], [122.729, 0.8689], [122.729, 0.8686], [122.7291, 0.8686], [122.7293, 0.8689], [122.7295, 0.8689], [122.7295, 0.8693], [122.7297, 0.8695], [122.73, 0.8698], [122.7303, 0.8699], [122.7306, 0.8701], [122.7309, 0.8704], [122.7313, 0.8703], [122.7315, 0.8701], [122.7319, 0.8705], [122.7322, 0.8705], [122.7319, 0.8724], [122.7322, 0.8726], [122.7322, 0.8731], [122.7318, 0.8735], [122.7318, 0.8743], [122.732, 0.8751], [122.7323, 0.876], [122.7326, 0.8764], [122.7329, 0.8764], [122.7331, 0.8766], [122.7334, 0.8767], [122.7341, 0.8764], [122.7342, 0.8762], [122.7347, 0.8761], [122.7348, 0.876], [122.7351, 0.8759], [122.7351, 0.8758], [122.7352, 0.8758], [122.7353, 0.876], [122.7352, 0.8762], [122.7353, 0.8765], [122.7355, 0.8766], [122.7354, 0.8768], [122.7356, 0.8774], [122.7355, 0.8777], [122.7354, 0.878], [122.7355, 0.8781], [122.7358, 0.8782], [122.7361, 0.878], [122.7362, 0.8779], [122.7364, 0.878], [122.7367, 0.8779], [122.7372, 0.8781], [122.7371, 0.8789], [122.7373, 0.8797], [122.7376, 0.88], [122.7378, 0.8802], [122.7381, 0.8804], [122.7385, 0.8804], [122.739, 0.8805], [122.7394, 0.8806], [122.7398, 0.8804], [122.7402, 0.8803], [122.7406, 0.8803], [122.7419, 0.8802], [122.7426, 0.8798], [122.7444, 0.8779], [122.7464, 0.8767], [122.7478, 0.8754], [122.7482, 0.8748], [122.7491, 0.875], [122.7494, 0.8749], [122.7501, 0.8752], [122.7501, 0.8751], [122.7509, 0.8749], [122.7514, 0.8754], [122.7522, 0.8756], [122.7525, 0.8748], [122.7519, 0.8716], [122.7516, 0.8697], [122.7526, 0.8689], [122.7551, 0.8666], [122.7556, 0.8657], [122.7563, 0.8646], [122.7571, 0.8647], [122.7578, 0.8658], [122.7594, 0.8657], [122.7598, 0.8661], [122.7604, 0.8659], [122.761, 0.8652], [122.7619, 0.8641], [122.7628, 0.8631], [122.7633, 0.8621], [122.7643, 0.8621], [122.7652, 0.8618], [122.766, 0.862], [122.7667, 0.8624], [122.7674, 0.8629], [122.768, 0.8634], [122.7685, 0.8639], [122.7689, 0.8645], [122.769, 0.8653], [122.7691, 0.8659], [122.7692, 0.8664], [122.7687, 0.8673], [122.7683, 0.868], [122.7679, 0.8687], [122.7674, 0.87], [122.7672, 0.8707], [122.767, 0.8716], [122.7669, 0.8726], [122.7669, 0.8733], [122.7668, 0.8737], [122.7672, 0.8741], [122.7678, 0.8742], [122.7684, 0.8742], [122.7688, 0.8739], [122.7689, 0.8741], [122.7689, 0.8746], [122.769, 0.8749], [122.7696, 0.8754], [122.77, 0.8757], [122.7704, 0.8757], [122.7705, 0.8765], [122.7705, 0.8772], [122.7706, 0.8778], [122.7706, 0.8782], [122.7713, 0.8788], [122.7719, 0.8793], [122.7722, 0.8796], [122.773, 0.8788], [122.7733, 0.8785], [122.7738, 0.8783], [122.7742, 0.8782], [122.7751, 0.8776], [122.7764, 0.8765], [122.7777, 0.8753], [122.7792, 0.8741], [122.7807, 0.8727], [122.7822, 0.8713], [122.7838, 0.8699], [122.7848, 0.869], [122.7864, 0.8676], [122.7878, 0.8662], [122.7884, 0.8659], [122.7886, 0.8659], [122.7893, 0.8648], [122.7888, 0.8637], [122.7885, 0.8631], [122.7885, 0.8624], [122.7885, 0.8619], [122.7881, 0.8609], [122.7886, 0.86], [122.7894, 0.8603], [122.79, 0.8606], [122.7913, 0.8604], [122.792, 0.8604], [122.793, 0.8604], [122.7938, 0.8601], [122.7941, 0.8595], [122.7945, 0.8589], [122.7943, 0.8582], [122.7947, 0.8576], [122.795, 0.8573], [122.7958, 0.857], [122.7961, 0.8569], [122.7961, 0.8563], [122.7964, 0.8556], [122.7968, 0.855], [122.7974, 0.8545], [122.7979, 0.8542], [122.7986, 0.8531], [122.7991, 0.8524], [122.7997, 0.8518], [122.8007, 0.8518], [122.8013, 0.8514], [122.8018, 0.851], [122.8018, 0.8504], [122.8018, 0.8496], [122.8024, 0.8487], [122.8028, 0.8478], [122.8028, 0.8473], [122.8023, 0.847], [122.8018, 0.8474], [122.8016, 0.8476], [122.8013, 0.8476], [122.8012, 0.8473], [122.8013, 0.8469], [122.8013, 0.8462], [122.8012, 0.8458], [122.8008, 0.8455], [122.8004, 0.8454], [122.7997, 0.8456], [122.7989, 0.8458], [122.7981, 0.846], [122.7973, 0.8463], [122.7963, 0.8466], [122.7955, 0.847], [122.795, 0.8472], [122.7944, 0.8474], [122.7938, 0.8479], [122.793, 0.8485], [122.7923, 0.8492], [122.7916, 0.8496], [122.7908, 0.8501], [122.7898, 0.8499], [122.7889, 0.8497], [122.7896, 0.849], [122.7904, 0.8481], [122.7912, 0.8475], [122.7918, 0.8466], [122.7924, 0.8457], [122.7928, 0.8449], [122.7933, 0.844], [122.7934, 0.8432], [122.7933, 0.8426], [122.7937, 0.8421], [122.7945, 0.842], [122.7948, 0.8414], [122.7951, 0.8406], [122.7954, 0.8398], [122.7955, 0.8389], [122.7955, 0.838], [122.7955, 0.837], [122.7959, 0.836], [122.7961, 0.8348], [122.7983, 0.8353], [122.7986, 0.8352], [122.7989, 0.8352], [122.8002, 0.8347], [122.8018, 0.8351], [122.8025, 0.8349], [122.8026, 0.8355], [122.8033, 0.8358], [122.8054, 0.8363], [122.8065, 0.836], [122.8073, 0.8352], [122.8083, 0.8349], [122.8089, 0.8349], [122.8094, 0.8351], [122.8098, 0.8362], [122.8078, 0.8375], [122.8067, 0.8376], [122.8067, 0.8381], [122.8077, 0.8387], [122.8075, 0.8406], [122.8079, 0.8417], [122.8083, 0.8421], [122.8098, 0.8424], [122.8114, 0.841], [122.8118, 0.8396], [122.8123, 0.8385], [122.8118, 0.8369], [122.813, 0.836], [122.813, 0.8352], [122.8124, 0.8345], [122.8126, 0.8338], [122.8137, 0.8337], [122.815, 0.8333], [122.8155, 0.8325], [122.8172, 0.8312], [122.8174, 0.8313], [122.8187, 0.8319], [122.8188, 0.8325], [122.8191, 0.8332], [122.8203, 0.8332], [122.8208, 0.8331], [122.8217, 0.8333], [122.8221, 0.8337], [122.8221, 0.8346], [122.8219, 0.8348], [122.821, 0.8355], [122.8205, 0.8364], [122.8206, 0.8377], [122.8213, 0.8385], [122.8223, 0.8395], [122.8232, 0.8398], [122.8237, 0.8392], [122.8245, 0.8372], [122.8257, 0.8343], [122.8262, 0.8323], [122.8258, 0.8295], [122.8254, 0.8274], [122.8244, 0.8263], [122.8236, 0.8261], [122.8234, 0.8257], [122.8239, 0.8249], [122.8241, 0.8246], [122.8252, 0.8243], [122.8257, 0.8238], [122.8275, 0.8238], [122.8278, 0.8236], [122.8283, 0.8222], [122.8287, 0.8214], [122.8295, 0.8203], [122.8299, 0.8198], [122.8306, 0.8192], [122.8318, 0.819], [122.8335, 0.819], [122.8348, 0.8191], [122.836, 0.8194], [122.8363, 0.8213], [122.8368, 0.8224], [122.837, 0.8236], [122.838, 0.8236], [122.8386, 0.823], [122.839, 0.8225], [122.8397, 0.8218], [122.8395, 0.8208], [122.8398, 0.8199], [122.8404, 0.8192], [122.841, 0.8183], [122.8422, 0.8172], [122.8427, 0.8153], [122.8427, 0.8146], [122.8419, 0.8135], [122.8416, 0.8132], [122.8412, 0.8123], [122.8407, 0.8119], [122.841, 0.8113], [122.8411, 0.8101], [122.8417, 0.8098], [122.8415, 0.809], [122.8423, 0.8073], [122.8433, 0.8063], [122.8436, 0.8046], [122.8447, 0.8024], [122.8471, 0.802], [122.8473, 0.8014], [122.8486, 0.8016], [122.8496, 0.8027], [122.8503, 0.8054], [122.8511, 0.8078], [122.8517, 0.8093], [122.8527, 0.809], [122.8541, 0.8096], [122.8561, 0.8087], [122.8587, 0.8085], [122.8584, 0.809], [122.8584, 0.8102], [122.8575, 0.8122], [122.8573, 0.8132], [122.8584, 0.8139], [122.8605, 0.8141], [122.8603, 0.8144], [122.8601, 0.8155], [122.858, 0.8203], [122.858, 0.8212], [122.8582, 0.8228], [122.8592, 0.8242], [122.8595, 0.8252], [122.8596, 0.8267], [122.8614, 0.828], [122.8622, 0.8278], [122.8627, 0.8278], [122.8636, 0.8282], [122.8649, 0.8279], [122.8654, 0.8275], [122.8664, 0.8273], [122.8681, 0.8273], [122.8682, 0.8273], [122.8685, 0.8271], [122.8691, 0.8267], [122.869, 0.8265], [122.8701, 0.8264], [122.871, 0.8264], [122.8728, 0.8275], [122.8751, 0.8285], [122.8761, 0.8299], [122.8771, 0.8307], [122.8789, 0.831], [122.8801, 0.8312], [122.8829, 0.835], [122.8841, 0.8357], [122.8847, 0.8363], [122.8852, 0.8378], [122.8865, 0.8386], [122.8878, 0.8386], [122.8876, 0.8392], [122.8877, 0.84], [122.8885, 0.8409], [122.8885, 0.8416], [122.8901, 0.8427], [122.8936, 0.8429], [122.8946, 0.8439], [122.8961, 0.8455], [122.8963, 0.8465], [122.8966, 0.8472], [122.8968, 0.8491], [122.8981, 0.8495], [122.8981, 0.8503], [122.898, 0.8518], [122.897, 0.8532], [122.8973, 0.8539], [122.8983, 0.8542], [122.8996, 0.853], [122.9008, 0.8525], [122.9017, 0.8525], [122.9025, 0.8524], [122.9033, 0.8524], [122.9035, 0.8525], [122.905, 0.8525], [122.9065, 0.8529], [122.9077, 0.8541], [122.9069, 0.8554], [122.9064, 0.8564], [122.9062, 0.8569], [122.9064, 0.8573], [122.9071, 0.8573], [122.9085, 0.8567], [122.9099, 0.8561], [122.9103, 0.8562], [122.9112, 0.8565], [122.9118, 0.8565], [122.9129, 0.8561], [122.9138, 0.8559], [122.9144, 0.8567], [122.9144, 0.8575], [122.9147, 0.8585], [122.9152, 0.8585], [122.9167, 0.8589], [122.9182, 0.8593], [122.9192, 0.8597], [122.9201, 0.8601], [122.9211, 0.8606], [122.9215, 0.8615], [122.9215, 0.8625], [122.9221, 0.8638], [122.9219, 0.8643], [122.9216, 0.8649], [122.9218, 0.8655], [122.9225, 0.8658], [122.9218, 0.8663], [122.9214, 0.8674], [122.9216, 0.8676], [122.9219, 0.8676], [122.9219, 0.8679], [122.9229, 0.868], [122.9237, 0.8678], [122.9241, 0.8671], [122.9243, 0.8675], [122.9245, 0.8677], [122.925, 0.8681], [122.9258, 0.8681], [122.9262, 0.8683], [122.926, 0.8691], [122.926, 0.8699], [122.9259, 0.8706], [122.9261, 0.871], [122.9266, 0.8715], [122.9263, 0.8719], [122.9269, 0.8721], [122.9269, 0.8724], [122.9259, 0.8729], [122.9258, 0.8735], [122.9256, 0.8742], [122.9249, 0.8744], [122.9246, 0.8748], [122.924, 0.8755], [122.9244, 0.8762], [122.9249, 0.8766], [122.9256, 0.8771], [122.9261, 0.8776], [122.9264, 0.8782], [122.9262, 0.8787], [122.9262, 0.8793], [122.9267, 0.8799], [122.927, 0.8796], [122.9274, 0.8795], [122.9278, 0.8798], [122.9276, 0.8801], [122.9275, 0.8803], [122.9278, 0.8808], [122.9283, 0.8812], [122.9288, 0.8816], [122.9291, 0.8821], [122.9294, 0.8823], [122.9299, 0.883], [122.9301, 0.8833], [122.9301, 0.8838], [122.9301, 0.8842], [122.9303, 0.8848], [122.9307, 0.8849], [122.9314, 0.885], [122.9326, 0.8846], [122.9333, 0.8839], [122.934, 0.8838], [122.9346, 0.8848], [122.9349, 0.8853], [122.9347, 0.8855], [122.9347, 0.8868], [122.9348, 0.8883], [122.9352, 0.889], [122.936, 0.8889], [122.937, 0.8887], [122.9379, 0.8887], [122.9391, 0.8888], [122.9393, 0.889], [122.9394, 0.8895], [122.9397, 0.8902], [122.9399, 0.8903], [122.94, 0.8915], [122.9402, 0.8923], [122.9406, 0.8925], [122.9414, 0.8923], [122.9422, 0.8922], [122.9432, 0.8918], [122.9442, 0.891], [122.9448, 0.8904], [122.9449, 0.8913], [122.9453, 0.8918], [122.9456, 0.8929], [122.9453, 0.8942], [122.9458, 0.8949], [122.9468, 0.8952], [122.9488, 0.8943], [122.9496, 0.8936], [122.9502, 0.8931], [122.951, 0.8929], [122.9511, 0.8933], [122.9515, 0.8935], [122.952, 0.8941], [122.952, 0.8945], [122.9517, 0.8951], [122.9514, 0.8955], [122.9509, 0.8964], [122.9504, 0.8972], [122.9504, 0.8976], [122.9506, 0.8979], [122.9511, 0.8982], [122.9506, 0.8988], [122.9502, 0.8991], [122.9502, 0.8994], [122.9496, 0.9003], [122.949, 0.9008], [122.9485, 0.9014], [122.9485, 0.9019], [122.9489, 0.9021], [122.949, 0.9024], [122.9493, 0.9029], [122.9492, 0.9031], [122.9492, 0.9033], [122.9491, 0.9039], [122.9499, 0.9046], [122.9504, 0.9046], [122.9506, 0.9055], [122.9504, 0.9061], [122.9502, 0.9062], [122.9497, 0.9064], [122.949, 0.9065], [122.9491, 0.907], [122.9484, 0.9078], [122.948, 0.9082], [122.9477, 0.9088], [122.9474, 0.9096], [122.9469, 0.9102], [122.9464, 0.9103], [122.9462, 0.911], [122.9462, 0.9117], [122.9459, 0.9128], [122.9461, 0.9132], [122.9467, 0.9136], [122.9473, 0.9138], [122.948, 0.9145], [122.9489, 0.9155], [122.9501, 0.9157], [122.9502, 0.9163], [122.9508, 0.9163], [122.9509, 0.9168], [122.9514, 0.9176], [122.9517, 0.9179], [122.9512, 0.9185], [122.9512, 0.9189], [122.9509, 0.9191], [122.9505, 0.9192], [122.9504, 0.9194], [122.9499, 0.9199], [122.9496, 0.9206], [122.9501, 0.921], [122.95, 0.9215], [122.9502, 0.9224], [122.9501, 0.9227], [122.9507, 0.9229], [122.9517, 0.9223], [122.9522, 0.9219], [122.9533, 0.921], [122.9546, 0.9203], [122.9562, 0.9203], [122.9569, 0.9212], [122.957, 0.922], [122.9572, 0.9235], [122.9575, 0.9236], [122.9585, 0.9241], [122.9592, 0.9251], [122.9612, 0.9264], [122.962, 0.9271], [122.9619, 0.9276], [122.962, 0.928], [122.962, 0.9291], [122.9624, 0.9295], [122.963, 0.9297], [122.9641, 0.9295], [122.9649, 0.9303], [122.9649, 0.9309], [122.9655, 0.932], [122.9661, 0.9326], [122.9664, 0.9329], [122.968, 0.933], [122.9686, 0.9331], [122.9696, 0.9332], [122.9704, 0.9344], [122.9712, 0.935], [122.9719, 0.9358], [122.9725, 0.9359], [122.9733, 0.9364], [122.9743, 0.9363], [122.9751, 0.9364], [122.9758, 0.9374], [122.9764, 0.9383], [122.9762, 0.9396], [122.976, 0.9408], [122.9753, 0.9408], [122.9743, 0.9407], [122.9731, 0.9406], [122.9718, 0.9398], [122.9706, 0.939], [122.9688, 0.9383], [122.9679, 0.9381], [122.9669, 0.9381], [122.9664, 0.9381], [122.9644, 0.9379], [122.9632, 0.9377], [122.9614, 0.9375], [122.9604, 0.9378], [122.9594, 0.9372], [122.9585, 0.9367], [122.9567, 0.9363], [122.9558, 0.9367], [122.9552, 0.9375], [122.955, 0.9377], [122.9545, 0.9381], [122.9533, 0.938], [122.9525, 0.9381], [122.952, 0.9384], [122.9504, 0.9391], [122.9495, 0.9394], [122.9482, 0.9395], [122.9471, 0.9389], [122.9468, 0.9379], [122.9467, 0.9379], [122.9463, 0.9378], [122.9457, 0.9381], [122.9456, 0.9385], [122.9458, 0.9392], [122.9462, 0.9394], [122.9463, 0.9398], [122.9461, 0.9403], [122.9456, 0.9412], [122.945, 0.9417], [122.9446, 0.9419], [122.9433, 0.9418], [122.9433, 0.9411], [122.9431, 0.941], [122.9427, 0.941], [122.9425, 0.9416], [122.9419, 0.9424], [122.9413, 0.9433], [122.9408, 0.9437], [122.9401, 0.9439], [122.9398, 0.9444], [122.9398, 0.9455], [122.9402, 0.9462], [122.9407, 0.9463], [122.9408, 0.9476], [122.941, 0.9494], [122.9413, 0.9495], [122.9416, 0.9498], [122.9425, 0.9504], [122.9429, 0.9516], [122.9427, 0.9524], [122.9418, 0.9533], [122.9408, 0.954], [122.9403, 0.9542], [122.9399, 0.9547], [122.9399, 0.9555], [122.9401, 0.9559], [122.9397, 0.9568], [122.9391, 0.9575], [122.9389, 0.9581], [122.939, 0.9588], [122.939, 0.9592], [122.9399, 0.9599], [122.9405, 0.9602], [122.9409, 0.9604], [122.9424, 0.9613], [122.9427, 0.9621], [122.9426, 0.9629], [122.943, 0.9637], [122.944, 0.9644], [122.945, 0.9648], [122.9461, 0.9648], [122.9472, 0.9648], [122.9482, 0.9647], [122.9547, 0.9638], [122.9567, 0.9638], [122.9573, 0.9643], [122.9588, 0.9644], [122.9598, 0.9645], [122.9605, 0.9649], [122.9616, 0.965], [122.9623, 0.9648], [122.9631, 0.9654], [122.965, 0.9656], [122.966, 0.9654], [122.9668, 0.966], [122.9679, 0.9664], [122.97, 0.9672], [122.9763, 0.9658], [122.9771, 0.9659], [122.9779, 0.9665], [122.9806, 0.9673], [122.9816, 0.9674], [122.9824, 0.967], [122.9833, 0.967], [122.9841, 0.9676], [122.9851, 0.9673], [122.9855, 0.9679], [122.9862, 0.9679], [122.9864, 0.9672], [122.987, 0.9667], [122.9884, 0.9663], [122.9888, 0.966], [122.9892, 0.9659], [122.9893, 0.9658], [122.9896, 0.9646], [122.9909, 0.9638], [122.9919, 0.9631], [122.9943, 0.9619], [122.9954, 0.962], [122.9964, 0.9617], [122.9972, 0.9614], [122.9974, 0.9613], [122.9975, 0.9607], [122.9962, 0.9606], [122.9953, 0.9602], [122.9953, 0.9594], [122.9956, 0.959], [122.9965, 0.9581], [122.9969, 0.9577], [122.9976, 0.9582], [122.9983, 0.9578], [123.0002, 0.9578], [123.0008, 0.9571], [123.002, 0.957], [123.0024, 0.9565], [123.0023, 0.9561], [123.0005, 0.9559], [123.0005, 0.9551], [123.0002, 0.9539], [122.9987, 0.9537], [122.9987, 0.9511], [122.9979, 0.9506], [122.997, 0.9496], [122.9971, 0.9485], [122.9961, 0.9479], [122.9947, 0.9475], [122.9946, 0.9468], [122.9959, 0.9462], [122.9967, 0.9454], [122.997, 0.9448], [122.9975, 0.944], [122.9988, 0.9434], [123.0006, 0.9434], [123.0013, 0.943], [123.0038, 0.9431], [123.0043, 0.9432], [123.0045, 0.9436], [123.0057, 0.9438], [123.0071, 0.9434], [123.0071, 0.9438], [123.0072, 0.9439], [123.0073, 0.944], [123.0074, 0.9442], [123.0075, 0.9443], [123.0076, 0.9444], [123.0077, 0.9445], [123.0079, 0.9445], [123.0081, 0.9445], [123.0082, 0.9445], [123.0084, 0.9445], [123.0085, 0.9445], [123.0087, 0.9445], [123.0089, 0.9447], [123.009, 0.9447], [123.0092, 0.9447], [123.0093, 0.9448], [123.0095, 0.9448], [123.0097, 0.9448], [123.0098, 0.9448], [123.01, 0.9448], [123.0101, 0.9448], [123.0103, 0.9448], [123.0105, 0.9448], [123.0107, 0.9447], [123.0108, 0.9446], [123.011, 0.9446], [123.0111, 0.9446], [123.0112, 0.9445], [123.0114, 0.9444], [123.0115, 0.9443], [123.0117, 0.9443], [123.0118, 0.9442], [123.0119, 0.9442], [123.0121, 0.9443], [123.0123, 0.9442], [123.0125, 0.9441], [123.0126, 0.944], [123.0126, 0.9438], [123.0125, 0.9437], [123.0124, 0.9436], [123.0123, 0.9434], [123.0124, 0.9434], [123.0125, 0.9432], [123.0125, 0.9431], [123.0125, 0.9429], [123.0126, 0.9427], [123.0127, 0.9426], [123.0127, 0.9425], [123.0128, 0.9423], [123.0128, 0.9422], [123.0127, 0.942], [123.0127, 0.9418], [123.0127, 0.9417], [123.0127, 0.9414], [123.0126, 0.9414], [123.0145, 0.9386], [123.015, 0.9381], [123.0158, 0.9376], [123.0167, 0.9371], [123.017, 0.9371], [123.0173, 0.9369], [123.0174, 0.9368], [123.0176, 0.9366], [123.0176, 0.9363], [123.0174, 0.9362], [123.0175, 0.936], [123.0177, 0.9359], [123.018, 0.9358], [123.0185, 0.9355], [123.0186, 0.9355], [123.0193, 0.9351], [123.0194, 0.935], [123.0197, 0.9346], [123.0198, 0.9346], [123.0199, 0.9344], [123.0201, 0.9342], [123.0202, 0.934], [123.0203, 0.934], [123.0204, 0.9339], [123.0207, 0.9337], [123.0212, 0.9335], [123.0217, 0.9333], [123.0224, 0.9332], [123.0228, 0.9331], [123.0233, 0.933], [123.024, 0.9328], [123.0247, 0.9328], [123.0254, 0.9327], [123.0267, 0.9326], [123.0272, 0.9325], [123.0274, 0.9325], [123.028, 0.9325], [123.0286, 0.9325], [123.0293, 0.9325], [123.03, 0.9326], [123.0303, 0.9329], [123.0304, 0.9331], [123.0308, 0.9337], [123.0318, 0.9338], [123.0331, 0.9338], [123.034, 0.9333], [123.0352, 0.9331], [123.0355, 0.9329], [123.0357, 0.9326], [123.0357, 0.9325], [123.0359, 0.9323], [123.0365, 0.9323], [123.037, 0.9323], [123.0377, 0.9324], [123.0379, 0.9324], [123.0382, 0.9325], [123.0387, 0.9327], [123.0393, 0.933], [123.0397, 0.9332], [123.0399, 0.9334], [123.0405, 0.9342], [123.0406, 0.9344], [123.0407, 0.9346], [123.0406, 0.9349], [123.0405, 0.9353], [123.0406, 0.9357], [123.0406, 0.936], [123.0407, 0.9363], [123.0407, 0.9364], [123.0407, 0.9372], [123.041, 0.9378], [123.0413, 0.9385], [123.0415, 0.9388], [123.0419, 0.939], [123.0423, 0.939], [123.0428, 0.939], [123.044, 0.939], [123.0446, 0.939], [123.0451, 0.9391], [123.0454, 0.9393], [123.0455, 0.9394], [123.0457, 0.9394], [123.0458, 0.9395], [123.046, 0.9395], [123.0462, 0.9395], [123.0464, 0.9395], [123.0466, 0.9395], [123.0467, 0.9395], [123.0469, 0.9395], [123.047, 0.9395], [123.0471, 0.9394], [123.0472, 0.9392], [123.0474, 0.9391], [123.0475, 0.9391], [123.0476, 0.9389], [123.0477, 0.9388], [123.0479, 0.9388], [123.0481, 0.9388], [123.0482, 0.9388], [123.0484, 0.9388], [123.0486, 0.9387], [123.0487, 0.9386], [123.0488, 0.9384], [123.0488, 0.9382], [123.0487, 0.938], [123.0488, 0.9378], [123.0487, 0.9376], [123.0486, 0.9375], [123.0486, 0.9374], [123.0486, 0.9372], [123.0485, 0.937], [123.0485, 0.9369], [123.0485, 0.9367], [123.0485, 0.9365], [123.0485, 0.9364], [123.0485, 0.9363], [123.0484, 0.9361], [123.0484, 0.9359], [123.0484, 0.9358], [123.0484, 0.9356], [123.0484, 0.9354], [123.0484, 0.9353], [123.0486, 0.9351], [123.0487, 0.935], [123.0488, 0.9348], [123.0488, 0.9347], [123.0489, 0.9346], [123.049, 0.9345], [123.0491, 0.9343], [123.0492, 0.9342], [123.0493, 0.934], [123.0494, 0.9339], [123.0495, 0.9338], [123.0497, 0.9337], [123.0498, 0.9337], [123.0501, 0.9332], [123.0507, 0.933], [123.0512, 0.9328], [123.0516, 0.9328], [123.0521, 0.9328], [123.0524, 0.933], [123.0529, 0.9332], [123.0533, 0.9337], [123.0534, 0.9341], [123.0537, 0.9344], [123.0539, 0.9345], [123.054, 0.9342], [123.0538, 0.9339], [123.0536, 0.9335], [123.0534, 0.933], [123.0532, 0.9327], [123.053, 0.9323], [123.0531, 0.9322], [123.0533, 0.9318], [123.0535, 0.9315], [123.0536, 0.9312], [123.0537, 0.931], [123.0535, 0.9307], [123.0535, 0.9302], [123.0536, 0.9297], [123.0537, 0.9291], [123.054, 0.9285], [123.0544, 0.928], [123.0547, 0.9273], [123.0551, 0.927], [123.0553, 0.9265], [123.0556, 0.9264], [123.0564, 0.926], [123.0569, 0.9257], [123.0573, 0.9254], [123.0573, 0.9253], [123.0574, 0.9252], [123.0573, 0.925], [123.0574, 0.9249], [123.0574, 0.9248], [123.0572, 0.9246], [123.0571, 0.9243], [123.0573, 0.9238], [123.0572, 0.9235], [123.057, 0.9231], [123.0568, 0.9229], [123.0568, 0.9227], [123.057, 0.9228], [123.0573, 0.9228], [123.0574, 0.9225], [123.0573, 0.9224], [123.0572, 0.9223], [123.0571, 0.9223], [123.057, 0.9221], [123.0569, 0.9221], [123.0572, 0.9213], [123.0574, 0.921], [123.0578, 0.9205], [123.0582, 0.9201], [123.0585, 0.9197], [123.0588, 0.9194], [123.059, 0.9193], [123.0592, 0.9191], [123.0597, 0.9191], [123.0601, 0.9191], [123.0605, 0.9192], [123.061, 0.9195], [123.0614, 0.9196], [123.0616, 0.9197], [123.0617, 0.9198], [123.0619, 0.9199], [123.0621, 0.9203], [123.0625, 0.9206], [123.0627, 0.9208], [123.0627, 0.9209], [123.0628, 0.9212], [123.0629, 0.9214], [123.063, 0.9214], [123.063, 0.9216], [123.063, 0.9217], [123.063, 0.9218], [123.0631, 0.9219], [123.0634, 0.9221], [123.0636, 0.9223], [123.0637, 0.9226], [123.0638, 0.9228], [123.0639, 0.923], [123.064, 0.923], [123.0641, 0.9233], [123.0642, 0.9234], [123.0643, 0.9235], [123.0643, 0.9237], [123.0644, 0.9238], [123.0645, 0.9238], [123.0646, 0.924], [123.0646, 0.9241], [123.0647, 0.9242], [123.0648, 0.9242], [123.0649, 0.9243], [123.065, 0.9244], [123.0651, 0.9245], [123.0652, 0.9246], [123.0653, 0.9245], [123.0653, 0.9244], [123.0653, 0.9243], [123.0652, 0.924], [123.0651, 0.924], [123.0649, 0.9239], [123.065, 0.9238], [123.065, 0.9237], [123.065, 0.9235], [123.065, 0.9234], [123.0649, 0.9233], [123.0648, 0.9232], [123.0646, 0.9232], [123.0645, 0.9231], [123.0644, 0.923], [123.0644, 0.9229], [123.0644, 0.9228], [123.0644, 0.9226], [123.0644, 0.9225], [123.0644, 0.9224], [123.0644, 0.9222], [123.0643, 0.9222], [123.0643, 0.9221], [123.0643, 0.922], [123.0643, 0.9218], [123.0645, 0.9217], [123.0645, 0.9216], [123.0646, 0.9214], [123.0646, 0.9213], [123.0646, 0.9212], [123.0646, 0.9211], [123.0647, 0.9209], [123.0648, 0.9208], [123.065, 0.9207], [123.0651, 0.9206], [123.0652, 0.9205], [123.0652, 0.9204], [123.0653, 0.9203], [123.0654, 0.9203], [123.0655, 0.9203], [123.0657, 0.9203], [123.0658, 0.9203], [123.0659, 0.9201], [123.0659, 0.9198], [123.0659, 0.9196], [123.0659, 0.9194], [123.0659, 0.9193], [123.0661, 0.9193], [123.0662, 0.9192], [123.0663, 0.9191], [123.0664, 0.919], [123.0666, 0.9189], [123.0666, 0.9188], [123.0667, 0.9187], [123.0668, 0.9186], [123.0668, 0.9185], [123.0669, 0.9184], [123.067, 0.9182], [123.067, 0.9179], [123.067, 0.9178], [123.0671, 0.9174], [123.0672, 0.9171], [123.0673, 0.9168], [123.0672, 0.9166], [123.0673, 0.9165], [123.0674, 0.9166], [123.0675, 0.9166], [123.0676, 0.9167], [123.0677, 0.9169], [123.0679, 0.9169], [123.068, 0.917], [123.0681, 0.917], [123.0683, 0.917], [123.0685, 0.917], [123.0687, 0.9169], [123.0689, 0.9168], [123.069, 0.9168], [123.0691, 0.9168], [123.0692, 0.9169], [123.0693, 0.917], [123.0694, 0.917], [123.0695, 0.9171], [123.0697, 0.9171], [123.0698, 0.9171], [123.07, 0.9171], [123.0701, 0.9171], [123.0702, 0.917], [123.0703, 0.9169], [123.0704, 0.9168], [123.0705, 0.9167], [123.0706, 0.9167], [123.0708, 0.9167], [123.0709, 0.9167], [123.0711, 0.9167], [123.0713, 0.9167], [123.0714, 0.9168], [123.0715, 0.9168], [123.0716, 0.9169], [123.0718, 0.917], [123.0719, 0.9169], [123.072, 0.9168], [123.0722, 0.9167], [123.0723, 0.9166], [123.0724, 0.9164], [123.0725, 0.9164], [123.0727, 0.9164], [123.0729, 0.9166], [123.073, 0.9166], [123.0731, 0.9167], [123.0732, 0.9167], [123.0733, 0.9167], [123.0735, 0.9167], [123.0736, 0.9167], [123.0737, 0.9167], [123.0738, 0.9166], [123.0739, 0.9167], [123.0741, 0.9168], [123.0742, 0.9169], [123.0743, 0.917], [123.0745, 0.9171], [123.0747, 0.9171], [123.0749, 0.9171], [123.075, 0.9171], [123.0751, 0.9171], [123.0752, 0.9171], [123.0754, 0.9172], [123.0754, 0.9173], [123.0753, 0.9174], [123.0753, 0.9175], [123.0754, 0.9176], [123.0754, 0.9177], [123.0755, 0.9179], [123.0756, 0.9179], [123.0757, 0.918], [123.0759, 0.9181], [123.076, 0.9182], [123.0762, 0.9184], [123.0762, 0.9185], [123.0763, 0.9186], [123.0763, 0.9187], [123.0764, 0.919], [123.0764, 0.9191], [123.0764, 0.9192], [123.0764, 0.9194], [123.0764, 0.9195], [123.0765, 0.9197], [123.0766, 0.9199], [123.0765, 0.92], [123.0763, 0.9201], [123.0763, 0.9203], [123.0761, 0.9211], [123.0761, 0.9212], [123.0761, 0.9213], [123.076, 0.9214], [123.0759, 0.9215], [123.0759, 0.9216], [123.0759, 0.9218], [123.0759, 0.9219], [123.0759, 0.922], [123.0759, 0.9222], [123.0759, 0.9223], [123.076, 0.9225], [123.076, 0.9226], [123.0761, 0.9227], [123.0762, 0.9227], [123.0764, 0.9228], [123.0766, 0.9228], [123.0768, 0.9228], [123.077, 0.9229], [123.0771, 0.923], [123.0774, 0.9231], [123.0775, 0.9232], [123.0776, 0.9232], [123.0778, 0.9233], [123.0779, 0.9234], [123.0783, 0.9236], [123.0784, 0.9237], [123.0785, 0.9238], [123.0786, 0.924], [123.0786, 0.9241], [123.0787, 0.9242], [123.0788, 0.9242], [123.079, 0.9243], [123.0791, 0.9244], [123.0792, 0.9245], [123.0798, 0.925], [123.0801, 0.9255], [123.0802, 0.9256], [123.0803, 0.9258], [123.0804, 0.9259], [123.0804, 0.926], [123.0805, 0.9261], [123.0806, 0.9262], [123.0807, 0.9263], [123.0807, 0.9264], [123.0808, 0.9265], [123.0809, 0.9266], [123.0809, 0.9267], [123.081, 0.9269], [123.081, 0.927], [123.081, 0.9271], [123.0808, 0.9272], [123.0807, 0.9272], [123.0808, 0.9274], [123.0807, 0.9275], [123.0806, 0.9276], [123.0805, 0.9277], [123.0804, 0.9279], [123.0804, 0.928], [123.0803, 0.9281], [123.0803, 0.9283], [123.0803, 0.9284], [123.0804, 0.9285], [123.0805, 0.9286], [123.0806, 0.9287], [123.0808, 0.9288], [123.0809, 0.9288], [123.081, 0.9288], [123.0812, 0.9289], [123.0813, 0.9289], [123.0815, 0.929], [123.0816, 0.929], [123.0821, 0.9292], [123.0822, 0.9292], [123.0824, 0.9292], [123.0825, 0.9293], [123.0826, 0.9294], [123.0827, 0.9294], [123.0829, 0.9295], [123.083, 0.9296], [123.083, 0.9297], [123.083, 0.9298], [123.083, 0.93], [123.083, 0.9301], [123.0831, 0.9302], [123.0832, 0.9303], [123.0833, 0.9304], [123.0835, 0.9304], [123.0836, 0.9303], [123.0838, 0.9303], [123.0839, 0.9303], [123.084, 0.9303], [123.0841, 0.9303], [123.0843, 0.9303], [123.0844, 0.9302], [123.0845, 0.9301], [123.0846, 0.93], [123.0848, 0.9299], [123.0849, 0.9299], [123.0851, 0.9299], [123.0852, 0.9298], [123.0852, 0.9297], [123.0853, 0.9296], [123.0854, 0.9294], [123.0855, 0.9294], [123.0857, 0.9293], [123.0858, 0.9292], [123.0858, 0.9291], [123.0862, 0.9289], [123.0863, 0.9288], [123.0864, 0.9286], [123.0864, 0.9285], [123.0865, 0.9284], [123.0865, 0.9283], [123.0865, 0.9281], [123.0864, 0.9281], [123.0863, 0.928], [123.0864, 0.9278], [123.0865, 0.9277], [123.0865, 0.9276], [123.0865, 0.9275], [123.0865, 0.9273], [123.0864, 0.9272], [123.0863, 0.9271], [123.0862, 0.9271], [123.0861, 0.9271], [123.0859, 0.927], [123.0858, 0.9269], [123.0857, 0.9269], [123.0856, 0.9269], [123.0854, 0.9269], [123.0853, 0.9268], [123.0852, 0.9267], [123.0853, 0.9258], [123.0853, 0.9254], [123.0854, 0.9251], [123.0854, 0.925], [123.0854, 0.9248], [123.0854, 0.9247], [123.0855, 0.9246], [123.0856, 0.9244], [123.0857, 0.9242], [123.0859, 0.9237], [123.0859, 0.9235], [123.0859, 0.9233], [123.0858, 0.9231], [123.0857, 0.9231], [123.0856, 0.9229], [123.0855, 0.9229], [123.0854, 0.9228], [123.0853, 0.9227], [123.0851, 0.9227], [123.085, 0.9227], [123.0849, 0.9226], [123.0847, 0.9226], [123.0846, 0.9226], [123.0844, 0.9226], [123.0843, 0.9227], [123.0842, 0.9227], [123.084, 0.9229], [123.0839, 0.9229], [123.0837, 0.9228], [123.0836, 0.9227], [123.0836, 0.9226], [123.0836, 0.9225], [123.0836, 0.9224], [123.0835, 0.9222], [123.0835, 0.9221], [123.0834, 0.9221], [123.0834, 0.9219], [123.0833, 0.9217], [123.0833, 0.9216], [123.0832, 0.9215], [123.0831, 0.9214], [123.083, 0.9213], [123.0827, 0.9212], [123.0826, 0.9212], [123.0825, 0.9211], [123.0821, 0.921], [123.082, 0.921], [123.0818, 0.9209], [123.0817, 0.9208], [123.0816, 0.9208], [123.0816, 0.9206], [123.0815, 0.9205], [123.0815, 0.9204], [123.0815, 0.9202], [123.0814, 0.92], [123.0813, 0.9199], [123.0812, 0.9198], [123.0811, 0.9197], [123.0809, 0.9196], [123.0808, 0.9195], [123.0808, 0.9194], [123.0807, 0.9194], [123.0807, 0.9192], [123.0807, 0.919], [123.0806, 0.919], [123.0806, 0.9189], [123.0806, 0.9187], [123.0803, 0.9176], [123.0803, 0.917], [123.0803, 0.9165], [123.0803, 0.9162], [123.0803, 0.9159], [123.0804, 0.9157], [123.0806, 0.9154], [123.0807, 0.9152], [123.081, 0.9151], [123.0814, 0.9151], [123.0817, 0.9151], [123.0821, 0.9152], [123.0823, 0.915], [123.0824, 0.9148], [123.0824, 0.9145], [123.0824, 0.9141], [123.0823, 0.9139], [123.0825, 0.914], [123.0829, 0.9142], [123.0831, 0.9143], [123.0834, 0.9144], [123.0836, 0.9144], [123.0838, 0.9144], [123.084, 0.9144], [123.0842, 0.9141], [123.0842, 0.914], [123.0842, 0.9139], [123.0841, 0.9138], [123.0842, 0.9137], [123.0843, 0.9136], [123.0844, 0.9135], [123.0844, 0.9133], [123.0844, 0.9132], [123.0844, 0.913], [123.0843, 0.9129], [123.0844, 0.9127], [123.0845, 0.9127], [123.0847, 0.9126], [123.0847, 0.9125], [123.0846, 0.9124], [123.0845, 0.9123], [123.0846, 0.9121], [123.0847, 0.912], [123.0848, 0.9118], [123.0849, 0.9117], [123.085, 0.9117], [123.0852, 0.9116], [123.0853, 0.9115], [123.0855, 0.9115], [123.0855, 0.9114], [123.0856, 0.9112], [123.0856, 0.9111], [123.0856, 0.911], [123.0856, 0.9107], [123.0855, 0.9106], [123.0855, 0.9104], [123.0855, 0.9102], [123.0855, 0.9101], [123.0856, 0.91], [123.0857, 0.9099], [123.0859, 0.9097], [123.0861, 0.9097], [123.0861, 0.9096], [123.0862, 0.9095], [123.0863, 0.9094], [123.0865, 0.909], [123.0865, 0.9089], [123.0865, 0.9088], [123.0865, 0.9087], [123.0866, 0.9086], [123.0867, 0.9086], [123.0869, 0.9086], [123.0871, 0.9085], [123.087, 0.9081], [123.0868, 0.9076], [123.0867, 0.9072], [123.0868, 0.9069], [123.0872, 0.9068], [123.0878, 0.9066], [123.0887, 0.9065], [123.089, 0.9065], [123.0893, 0.9065], [123.0895, 0.907], [123.0898, 0.9079], [123.09, 0.9085], [123.0901, 0.9093], [123.0901, 0.9095], [123.0901, 0.9099], [123.0901, 0.9102], [123.0901, 0.9103], [123.09, 0.9106], [123.0901, 0.9111], [123.0902, 0.9113], [123.0908, 0.9115], [123.0913, 0.9118], [123.0918, 0.912], [123.0921, 0.9121], [123.0923, 0.9121], [123.0925, 0.9124], [123.0927, 0.9124], [123.093, 0.9124], [123.0932, 0.9124], [123.0934, 0.9124], [123.0935, 0.9124], [123.0938, 0.9123], [123.0939, 0.9121], [123.094, 0.912], [123.0941, 0.912], [123.0943, 0.9119], [123.0944, 0.9118], [123.0945, 0.9117], [123.0946, 0.9119], [123.0948, 0.912], [123.0949, 0.9121], [123.095, 0.9123], [123.0951, 0.9124], [123.0953, 0.9124], [123.0954, 0.9124], [123.0955, 0.9123], [123.0958, 0.9123], [123.0957, 0.9125], [123.0957, 0.9127], [123.0958, 0.9129], [123.0959, 0.913], [123.096, 0.913], [123.0961, 0.9131], [123.0962, 0.9132], [123.0964, 0.9132], [123.0965, 0.9133], [123.0965, 0.9134], [123.0965, 0.9135], [123.0965, 0.9137], [123.0965, 0.9138], [123.0965, 0.9139], [123.0965, 0.9141], [123.0966, 0.9142], [123.0967, 0.9143], [123.0967, 0.9145], [123.0966, 0.9146], [123.0966, 0.9148], [123.0967, 0.9149], [123.0968, 0.915], [123.0968, 0.9151], [123.0968, 0.9152], [123.0969, 0.9153], [123.097, 0.9154], [123.097, 0.9155], [123.097, 0.9156], [123.0969, 0.9157], [123.0969, 0.9159], [123.097, 0.916], [123.097, 0.9161], [123.097, 0.9162], [123.0971, 0.9163], [123.0972, 0.9164], [123.0973, 0.9165], [123.0974, 0.9165], [123.0976, 0.9165], [123.0977, 0.9165], [123.0981, 0.9167], [123.0984, 0.9171], [123.0984, 0.9175], [123.0984, 0.9177], [123.0983, 0.9178], [123.0982, 0.9179], [123.0981, 0.9181], [123.098, 0.9182], [123.098, 0.9184], [123.0981, 0.9185], [123.0981, 0.9186], [123.0981, 0.9187], [123.0982, 0.9188], [123.0984, 0.9189], [123.0988, 0.9193], [123.099, 0.9193], [123.0991, 0.9194], [123.0991, 0.9196], [123.0989, 0.9198], [123.0988, 0.9199], [123.0987, 0.92], [123.0985, 0.9201], [123.0985, 0.9203], [123.0986, 0.9204], [123.0987, 0.9205], [123.0988, 0.9206], [123.0989, 0.9207], [123.0988, 0.9208], [123.0987, 0.9208], [123.0986, 0.9208], [123.0984, 0.9208], [123.0983, 0.9209], [123.0981, 0.921], [123.0979, 0.921], [123.0978, 0.9211], [123.0977, 0.9212], [123.0975, 0.9212], [123.0974, 0.9213], [123.0973, 0.9213], [123.0972, 0.9213], [123.097, 0.9213], [123.0966, 0.9214], [123.0965, 0.9215], [123.0964, 0.9216], [123.0963, 0.9217], [123.0962, 0.9218], [123.0961, 0.9219], [123.096, 0.9219], [123.0958, 0.922], [123.0957, 0.9221], [123.0956, 0.9221], [123.0955, 0.9221], [123.0954, 0.9222], [123.0952, 0.9223], [123.0951, 0.9223], [123.095, 0.9223], [123.0949, 0.9224], [123.0947, 0.9224], [123.0946, 0.9225], [123.0945, 0.9226], [123.0943, 0.9226], [123.0942, 0.9226], [123.094, 0.9226], [123.0938, 0.9226], [123.0937, 0.9226], [123.0937, 0.9227], [123.0937, 0.9229], [123.0937, 0.923], [123.0936, 0.9231], [123.0934, 0.9232], [123.0933, 0.9233], [123.0932, 0.9235], [123.0931, 0.9236], [123.0929, 0.9236], [123.0928, 0.9236], [123.0926, 0.9236], [123.0925, 0.9238], [123.0924, 0.9239], [123.0923, 0.924], [123.0922, 0.9241], [123.0921, 0.9241], [123.0919, 0.9242], [123.0917, 0.9244], [123.0916, 0.9245], [123.0915, 0.9246], [123.0914, 0.9247], [123.0914, 0.9248], [123.0914, 0.925], [123.0915, 0.9251], [123.0915, 0.9252], [123.0916, 0.9254], [123.0917, 0.9254], [123.0919, 0.9254], [123.092, 0.9255], [123.0922, 0.9255], [123.0924, 0.9255], [123.0925, 0.9255], [123.0927, 0.9255], [123.0928, 0.9255], [123.093, 0.9255], [123.0932, 0.9255], [123.094, 0.9267], [123.0942, 0.9271], [123.0943, 0.9278], [123.0944, 0.9282], [123.0942, 0.9284], [123.0938, 0.9283], [123.0932, 0.9283], [123.093, 0.9284], [123.0931, 0.9287], [123.0935, 0.9289], [123.0938, 0.9291], [123.0943, 0.9294], [123.0947, 0.9296], [123.0948, 0.93], [123.0949, 0.9303], [123.0952, 0.9303], [123.0955, 0.9302], [123.0961, 0.93], [123.0969, 0.9297], [123.0973, 0.9294], [123.0977, 0.9293], [123.0981, 0.9292], [123.0984, 0.9291], [123.0987, 0.929], [123.099, 0.9289], [123.0991, 0.9285], [123.0992, 0.9282], [123.0992, 0.928], [123.0993, 0.9279], [123.0994, 0.9278], [123.0997, 0.9276], [123.1006, 0.9275], [123.1014, 0.9274], [123.1025, 0.9273], [123.1037, 0.9272], [123.1049, 0.9272], [123.1059, 0.9269], [123.1064, 0.9266], [123.1078, 0.9265], [123.1095, 0.9265], [123.1109, 0.9263], [123.1127, 0.9263], [123.1141, 0.9261], [123.1146, 0.9259], [123.1149, 0.9257], [123.1153, 0.9257], [123.1155, 0.9254], [123.1155, 0.9251], [123.1154, 0.9249], [123.1152, 0.9246], [123.1151, 0.9244], [123.1154, 0.9241], [123.1153, 0.9239], [123.1153, 0.9238], [123.1152, 0.9236], [123.1149, 0.9231], [123.1146, 0.9227], [123.1143, 0.9224], [123.114, 0.922], [123.1135, 0.9216], [123.113, 0.9216], [123.1126, 0.9216], [123.1123, 0.9216], [123.1118, 0.9216], [123.1112, 0.9215], [123.1109, 0.9213], [123.1108, 0.921], [123.1108, 0.9207], [123.1109, 0.9206], [123.1111, 0.9205], [123.1115, 0.9205], [123.112, 0.9205], [123.1129, 0.9208], [123.1136, 0.9209], [123.1141, 0.9209], [123.1143, 0.9208], [123.1143, 0.9205], [123.1143, 0.9202], [123.1142, 0.9199], [123.1141, 0.9195], [123.1143, 0.9194], [123.1146, 0.9194], [123.1149, 0.9195], [123.1153, 0.9196], [123.1155, 0.9196], [123.1156, 0.9194], [123.1156, 0.9191], [123.1155, 0.9188], [123.1151, 0.9184], [123.115, 0.918], [123.115, 0.9175], [123.1149, 0.9173], [123.1146, 0.9171], [123.1144, 0.917], [123.1141, 0.917], [123.1139, 0.9168], [123.1138, 0.9166], [123.1136, 0.9161], [123.1136, 0.9158], [123.1135, 0.9154], [123.1133, 0.915], [123.1134, 0.9146], [123.1135, 0.9143], [123.1136, 0.9142], [123.1139, 0.9139], [123.1143, 0.9137], [123.1144, 0.9133], [123.1145, 0.9129], [123.1143, 0.9123], [123.1142, 0.9117], [123.1143, 0.9114], [123.1144, 0.9112], [123.1148, 0.911], [123.1153, 0.9108], [123.1157, 0.9105], [123.116, 0.91], [123.116, 0.9097], [123.116, 0.9094], [123.116, 0.9093], [123.1159, 0.9092], [123.1156, 0.9091], [123.1154, 0.9091], [123.115, 0.9091], [123.1146, 0.9091], [123.1142, 0.9091], [123.1139, 0.9092], [123.1138, 0.9092], [123.1135, 0.9093], [123.1133, 0.9092], [123.1131, 0.909], [123.1131, 0.9087], [123.1132, 0.908], [123.1133, 0.9077], [123.1136, 0.9075], [123.1137, 0.9075], [123.1138, 0.9075], [123.1141, 0.9076], [123.1146, 0.9078], [123.1149, 0.9078], [123.1151, 0.9077], [123.1152, 0.9075], [123.1153, 0.9072], [123.1153, 0.9071], [123.1153, 0.9067], [123.1153, 0.9065], [123.1153, 0.9063], [123.1154, 0.9059], [123.1158, 0.9053], [123.116, 0.9051], [123.1162, 0.905], [123.1166, 0.9049], [123.1169, 0.9051], [123.1171, 0.9053], [123.1173, 0.9055], [123.1176, 0.9055], [123.1178, 0.9055], [123.118, 0.9053], [123.1181, 0.9051], [123.1182, 0.9049], [123.1183, 0.9048], [123.1185, 0.9046], [123.1187, 0.9044], [123.1188, 0.9044], [123.1191, 0.9043], [123.1196, 0.904], [123.1199, 0.9037], [123.1199, 0.9029], [123.12, 0.9025], [123.1199, 0.9018], [123.1199, 0.9015], [123.1198, 0.9011], [123.1198, 0.9009], [123.1197, 0.9006], [123.1196, 0.9004], [123.1191, 0.8997], [123.1189, 0.8995], [123.1188, 0.8993], [123.1185, 0.8988], [123.1186, 0.8985], [123.119, 0.8983], [123.1193, 0.8983], [123.1195, 0.8981], [123.1196, 0.8978], [123.1196, 0.8974], [123.1194, 0.8971], [123.1193, 0.8966], [123.1194, 0.8961], [123.1195, 0.8957], [123.1196, 0.895], [123.1199, 0.8946], [123.12, 0.8943], [123.1203, 0.8939], [123.121, 0.8932], [123.1213, 0.8932], [123.1215, 0.8932], [123.1217, 0.8935], [123.122, 0.8935], [123.1222, 0.8934], [123.1223, 0.8933], [123.1224, 0.8931], [123.1226, 0.8926], [123.1227, 0.8924], [123.1228, 0.8921], [123.1229, 0.8917], [123.1229, 0.8916], [123.1229, 0.8915], [123.1228, 0.8914], [123.1227, 0.8913], [123.1224, 0.8913], [123.1221, 0.8913], [123.1217, 0.8913], [123.1213, 0.8914], [123.1209, 0.8913], [123.1209, 0.8911], [123.1208, 0.8909], [123.1208, 0.8907], [123.1208, 0.8904], [123.1209, 0.8901], [123.121, 0.8899], [123.1214, 0.8897], [123.1217, 0.8897], [123.1219, 0.8897], [123.1222, 0.8899], [123.1223, 0.8901], [123.1226, 0.8901], [123.1228, 0.8901], [123.123, 0.89], [123.1231, 0.8897], [123.1231, 0.8892], [123.1234, 0.8888], [123.1237, 0.8888], [123.1239, 0.8888], [123.124, 0.889], [123.1241, 0.8892], [123.1242, 0.8895], [123.1242, 0.8897], [123.1244, 0.89], [123.1247, 0.8903], [123.125, 0.8906], [123.1254, 0.8908], [123.1257, 0.8909], [123.1259, 0.8909], [123.1263, 0.8909], [123.1267, 0.8908], [123.1272, 0.8906], [123.1275, 0.8903], [123.1276, 0.89], [123.1277, 0.8898], [123.1278, 0.8897], [123.1279, 0.8893], [123.1281, 0.8889], [123.1283, 0.8882], [123.1286, 0.8868], [123.1287, 0.8865], [123.1288, 0.8863], [123.129, 0.886], [123.1295, 0.8859], [123.1299, 0.8858], [123.1303, 0.8856], [123.1303, 0.8853], [123.1302, 0.8849], [123.1302, 0.8844], [123.1303, 0.8842], [123.1307, 0.8839], [123.1314, 0.8837], [123.1318, 0.8835], [123.1325, 0.8833], [123.1328, 0.8832], [123.1334, 0.8831], [123.1338, 0.8828], [123.1345, 0.8826], [123.1351, 0.8824], [123.1354, 0.8823], [123.1357, 0.8825], [123.1358, 0.8828], [123.1361, 0.883], [123.1363, 0.8832], [123.1369, 0.8833], [123.1373, 0.8832], [123.1378, 0.883], [123.138, 0.8829], [123.138, 0.8826], [123.1381, 0.8822], [123.138, 0.8819], [123.1378, 0.8816], [123.1375, 0.8814], [123.137, 0.8811], [123.1368, 0.8808], [123.1368, 0.8805], [123.1368, 0.8802], [123.1369, 0.8799], [123.1372, 0.8794], [123.1376, 0.8792], [123.1382, 0.8791], [123.1386, 0.879], [123.1393, 0.8789], [123.1396, 0.8789], [123.1406, 0.8789], [123.1412, 0.8789], [123.1417, 0.8788], [123.142, 0.8786], [123.1422, 0.8784], [123.1423, 0.878], [123.1424, 0.8775], [123.1425, 0.877], [123.1426, 0.8765], [123.1429, 0.8761], [123.1433, 0.876], [123.1439, 0.8759], [123.1447, 0.876], [123.1456, 0.8762], [123.1459, 0.8762], [123.1464, 0.8763], [123.1471, 0.8767], [123.1476, 0.8771], [123.1484, 0.8777], [123.1489, 0.878], [123.1491, 0.878], [123.1495, 0.8781], [123.1497, 0.878], [123.15, 0.8778], [123.1503, 0.8775], [123.1505, 0.8767], [123.1505, 0.8762], [123.1504, 0.8756], [123.1504, 0.8749], [123.1505, 0.8743], [123.1507, 0.8738], [123.151, 0.8732], [123.1511, 0.8726], [123.1511, 0.8722], [123.1511, 0.8719], [123.1511, 0.8715], [123.1514, 0.8712], [123.1517, 0.871], [123.1524, 0.8711], [123.153, 0.8712], [123.1535, 0.8713], [123.1541, 0.8714], [123.1547, 0.8713], [123.1553, 0.8712], [123.1558, 0.8712], [123.1561, 0.8713], [123.1563, 0.8715], [123.1564, 0.8717], [123.1566, 0.8718], [123.157, 0.872], [123.1576, 0.8719], [123.1583, 0.8718], [123.159, 0.8716], [123.1596, 0.8715], [123.1603, 0.8716], [123.1609, 0.8718], [123.1612, 0.8721], [123.1614, 0.8724], [123.1613, 0.8728], [123.1612, 0.8731], [123.1612, 0.8734], [123.161, 0.8738], [123.1611, 0.8741], [123.1613, 0.8743], [123.1615, 0.8745], [123.1617, 0.8745], [123.1621, 0.8745], [123.1626, 0.8745], [123.1631, 0.8743], [123.1638, 0.8742], [123.1646, 0.8739], [123.1649, 0.8737], [123.1652, 0.8735], [123.1657, 0.8731], [123.1658, 0.8727], [123.166, 0.8722], [123.1661, 0.8718], [123.1661, 0.8715], [123.1662, 0.8708], [123.1663, 0.8704], [123.1666, 0.87], [123.167, 0.8697], [123.1675, 0.8697], [123.1681, 0.8697], [123.1686, 0.8697], [123.1695, 0.8697], [123.1711, 0.8698], [123.1717, 0.8697], [123.1719, 0.8696], [123.1721, 0.8695], [123.1727, 0.8694], [123.1732, 0.8693], [123.1737, 0.8692], [123.1741, 0.8691], [123.1746, 0.8689], [123.1751, 0.8687], [123.1754, 0.8685], [123.1757, 0.8684], [123.1758, 0.8682], [123.176, 0.8681], [123.1762, 0.8675], [123.1762, 0.867], [123.1763, 0.8667], [123.1762, 0.866], [123.1761, 0.8654], [123.1761, 0.8648], [123.1763, 0.8643], [123.1765, 0.8639], [123.1769, 0.8632], [123.1775, 0.8624], [123.1785, 0.8619], [123.1796, 0.8615], [123.1808, 0.8611], [123.1819, 0.8609], [123.1823, 0.8608], [123.1833, 0.8608], [123.1843, 0.8607], [123.1849, 0.8607], [123.1855, 0.8608], [123.1861, 0.861], [123.1865, 0.8613], [123.1869, 0.8617], [123.1873, 0.8619], [123.1878, 0.862], [123.1883, 0.862], [123.1886, 0.862], [123.1891, 0.8616], [123.1895, 0.8614], [123.1898, 0.8612], [123.1902, 0.8611], [123.1905, 0.8611], [123.1908, 0.8613], [123.1912, 0.8615], [123.1913, 0.8617], [123.1916, 0.8619], [123.1918, 0.8621], [123.1919, 0.8622], [123.1923, 0.8623], [123.1927, 0.8622], [123.1931, 0.8617], [123.1934, 0.8615], [123.1936, 0.8612], [123.1938, 0.8611], [123.1942, 0.8609], [123.1948, 0.8608], [123.1952, 0.8605], [123.1956, 0.86], [123.1959, 0.8596], [123.1963, 0.8591], [123.1966, 0.8588], [123.197, 0.8584], [123.1971, 0.8582], [123.1979, 0.8573], [123.1981, 0.8569], [123.1984, 0.8566], [123.1986, 0.8563], [123.1988, 0.8562], [123.1995, 0.8557], [123.2002, 0.8556], [123.2008, 0.8557], [123.2016, 0.856], [123.2024, 0.8565], [123.2031, 0.8569], [123.2035, 0.8569], [123.2041, 0.857], [123.2045, 0.857], [123.2048, 0.857], [123.205, 0.8571], [123.2061, 0.8568], [123.2065, 0.8566], [123.2067, 0.8565], [123.2068, 0.8562], [123.2071, 0.8559], [123.2074, 0.8552], [123.2075, 0.8549], [123.2077, 0.8542], [123.2081, 0.8534], [123.2086, 0.8529], [123.2089, 0.8526], [123.2092, 0.8521], [123.2093, 0.852], [123.2094, 0.8518], [123.2096, 0.8514], [123.2098, 0.8509], [123.21, 0.8503], [123.2103, 0.8499], [123.2109, 0.8496], [123.2113, 0.8496], [123.2117, 0.8495], [123.2122, 0.8494], [123.2125, 0.8493], [123.213, 0.8492], [123.2135, 0.8491], [123.2141, 0.8491], [123.2149, 0.849], [123.2154, 0.849], [123.2164, 0.8487], [123.2174, 0.8484], [123.2185, 0.8479], [123.2188, 0.8478], [123.2194, 0.8474], [123.2199, 0.8472], [123.2203, 0.8469], [123.2207, 0.8466], [123.2212, 0.8463], [123.2216, 0.8459], [123.2218, 0.8458], [123.222, 0.8456], [123.2225, 0.8453], [123.2228, 0.8449], [123.223, 0.8447], [123.2236, 0.844], [123.224, 0.8437], [123.2244, 0.8435], [123.2247, 0.8434], [123.225, 0.8434], [123.2256, 0.8431], [123.2262, 0.8428], [123.2264, 0.8425], [123.2265, 0.842], [123.2265, 0.8416], [123.2265, 0.841], [123.2266, 0.8403], [123.227, 0.8394], [123.2273, 0.8388], [123.2277, 0.8382], [123.2287, 0.8368], [123.2289, 0.8366], [123.2294, 0.8361], [123.2298, 0.8357], [123.23, 0.8356], [123.231, 0.8346], [123.2314, 0.8342], [123.2316, 0.834], [123.2327, 0.8333], [123.233, 0.8331], [123.2336, 0.8329], [123.2342, 0.8327], [123.2349, 0.8325], [123.2356, 0.8324], [123.2367, 0.8321], [123.2371, 0.8321], [123.2388, 0.8318], [123.24, 0.8316], [123.2405, 0.8315], [123.2416, 0.8314], [123.2427, 0.8311], [123.2434, 0.8308], [123.2438, 0.8302], [123.2439, 0.83], [123.2441, 0.8294], [123.2443, 0.829], [123.2446, 0.8284], [123.2448, 0.8279], [123.2451, 0.8273], [123.2454, 0.8269], [123.2457, 0.8265], [123.2459, 0.8262], [123.2461, 0.8259], [123.2464, 0.8256], [123.2469, 0.8249], [123.2471, 0.8246], [123.2476, 0.8238], [123.2479, 0.8233], [123.2482, 0.8228], [123.2487, 0.8218], [123.2489, 0.8215], [123.249, 0.8212], [123.2492, 0.8209], [123.2493, 0.8207], [123.25, 0.8194], [123.2508, 0.8187], [123.2515, 0.8179], [123.2523, 0.8168], [123.2529, 0.8161], [123.2541, 0.8151], [123.2547, 0.8146], [123.2551, 0.8143], [123.2555, 0.814], [123.2562, 0.8134], [123.2568, 0.813], [123.2571, 0.8127], [123.2574, 0.8125], [123.2576, 0.8123], [123.2585, 0.8117], [123.26, 0.8102], [123.2605, 0.8097], [123.2615, 0.8092], [123.2624, 0.8091], [123.2629, 0.8089], [123.2637, 0.8083], [123.265, 0.8074], [123.2675, 0.8054], [123.2686, 0.8044], [123.2696, 0.8037], [123.2702, 0.8034], [123.2714, 0.8029], [123.2712, 0.8027], [123.2694, 0.8008], [123.268, 0.7979], [123.2679, 0.7977], [123.2675, 0.796], [123.2676, 0.7952], [123.2676, 0.7945], [123.2679, 0.7939], [123.2684, 0.7935], [123.2695, 0.7926], [123.2698, 0.7924], [123.2703, 0.7921], [123.2711, 0.7915], [123.2725, 0.7908], [123.2733, 0.7904], [123.2738, 0.7899], [123.2742, 0.7894], [123.2744, 0.7886], [123.2744, 0.7878], [123.2741, 0.7867], [123.2734, 0.7852], [123.2723, 0.7834], [123.2722, 0.7832], [123.2718, 0.782], [123.2705, 0.7782], [123.2702, 0.7776], [123.2698, 0.7772], [123.2698, 0.7768], [123.2698, 0.7762], [123.2699, 0.7751], [123.2698, 0.7739], [123.2698, 0.7736], [123.2696, 0.7726], [123.2686, 0.7706], [123.2685, 0.7703], [123.2684, 0.7694], [123.2686, 0.7684], [123.2686, 0.7681], [123.2683, 0.7679], [123.268, 0.7676], [123.2669, 0.7671], [123.2664, 0.7667], [123.2659, 0.7657], [123.2649, 0.7644], [123.2639, 0.7636], [123.263, 0.7631], [123.2618, 0.7627], [123.2614, 0.7626], [123.2607, 0.7622], [123.2599, 0.7619], [123.2591, 0.7616], [123.2587, 0.7612], [123.2583, 0.7609], [123.2571, 0.76], [123.2565, 0.7594], [123.2562, 0.7592], [123.2552, 0.7586], [123.2544, 0.7581], [123.2538, 0.7575], [123.2533, 0.757], [123.2532, 0.7568], [123.252, 0.7548], [123.2515, 0.7539], [123.2514, 0.7536], [123.2513, 0.7533], [123.2513, 0.7526], [123.2514, 0.7517], [123.2512, 0.7513], [123.251, 0.7508], [123.2507, 0.75], [123.2495, 0.7478], [123.2477, 0.7444], [123.2473, 0.7428], [123.2472, 0.7416], [123.2473, 0.7402], [123.2474, 0.7394], [123.2474, 0.7387], [123.2474, 0.7384], [123.2472, 0.7369], [123.2471, 0.7366], [123.2468, 0.7357], [123.2462, 0.7345], [123.2462, 0.7339], [123.2462, 0.7332], [123.2466, 0.7323], [123.2469, 0.7316], [123.2475, 0.7308], [123.2481, 0.7301], [123.2487, 0.7292], [123.2491, 0.7285], [123.2491, 0.7283], [123.2493, 0.7268], [123.2487, 0.7253], [123.2482, 0.7243], [123.2474, 0.7227], [123.2471, 0.7219], [123.2471, 0.7211], [123.2471, 0.7188], [123.2471, 0.7178], [123.2471, 0.717], [123.25, 0.7179], [123.2509, 0.718], [123.2515, 0.7178], [123.252, 0.7176], [123.2521, 0.7176], [123.2526, 0.717], [123.2536, 0.7157], [123.2553, 0.7143], [123.2557, 0.714], [123.2573, 0.7128], [123.2582, 0.7119], [123.2592, 0.7103], [123.2605, 0.709], [123.2622, 0.7075], [123.2636, 0.7064], [123.2643, 0.7061], [123.265, 0.7058], [123.2665, 0.7045], [123.267, 0.7037], [123.2676, 0.7025], [123.2681, 0.7021], [123.2687, 0.7018], [123.2703, 0.7009], [123.2713, 0.7005], [123.2726, 0.6991], [123.2728, 0.699], [123.2737, 0.6982], [123.2742, 0.6979], [123.2744, 0.6979], [123.2749, 0.6979], [123.2755, 0.6982], [123.2763, 0.6985], [123.277, 0.6988], [123.2781, 0.699], [123.2794, 0.699], [123.2807, 0.699], [123.2822, 0.6991], [123.2831, 0.6988], [123.284, 0.6983], [123.2855, 0.697], [123.2866, 0.6963], [123.2876, 0.6959], [123.2879, 0.6958], [123.2885, 0.6957], [123.2894, 0.6956], [123.2899, 0.6957], [123.2906, 0.6958], [123.2924, 0.6964], [123.2935, 0.6967], [123.2949, 0.6967], [123.296, 0.6965], [123.2968, 0.6959], [123.2972, 0.6958], [123.2976, 0.6959], [123.2985, 0.6963], [123.2996, 0.6965], [123.3008, 0.697], [123.3019, 0.6978], [123.3024, 0.698], [123.3036, 0.6979], [123.3046, 0.6978], [123.3056, 0.6977], [123.3071, 0.6977], [123.3092, 0.6979], [123.3114, 0.6978], [123.3119, 0.6978], [123.3134, 0.6978], [123.3152, 0.6978], [123.3171, 0.6978], [123.3185, 0.6982], [123.3202, 0.6987], [123.3212, 0.6988], [123.3221, 0.6987], [123.3223, 0.6986], [123.3224, 0.6985], [123.3226, 0.6981], [123.3229, 0.6974], [123.3233, 0.6966], [123.3238, 0.6951], [123.324, 0.6949], [123.3253, 0.6929], [123.3267, 0.6909], [123.3285, 0.6887], [123.3294, 0.6882], [123.3302, 0.6872], [123.3308, 0.6869], [123.3314, 0.6866], [123.3323, 0.6864], [123.3326, 0.6863], [123.3331, 0.686], [123.3342, 0.6856], [123.3366, 0.6846], [123.3381, 0.6839], [123.339, 0.6835], [123.3395, 0.683], [123.3401, 0.6823], [123.3411, 0.681], [123.3422, 0.6796], [123.3425, 0.6789], [123.3426, 0.6783], [123.3425, 0.6774], [123.3425, 0.6761], [123.3425, 0.6756], [123.3428, 0.6751], [123.3433, 0.6745], [123.3435, 0.6744], [123.3444, 0.6736], [123.345, 0.6729], [123.3458, 0.6721], [123.3471, 0.6712], [123.3478, 0.6708], [123.3483, 0.6707], [123.3484, 0.6704], [123.3484, 0.6701], [123.3483, 0.6692], [123.3486, 0.6685], [123.3491, 0.6675], [123.3499, 0.6665], [123.3508, 0.6658], [123.3524, 0.6646], [123.3531, 0.6642], [123.3534, 0.664], [123.3543, 0.6631], [123.3546, 0.6622], [123.3547, 0.6615], [123.3548, 0.6605], [123.3546, 0.659], [123.3545, 0.6581], [123.3544, 0.6576], [123.3545, 0.6573], [123.3553, 0.6564], [123.3571, 0.6545], [123.3582, 0.6527], [123.3595, 0.6514], [123.3601, 0.6514], [123.361, 0.6516], [123.3624, 0.6518], [123.3635, 0.6519], [123.3637, 0.6518], [123.3648, 0.6515], [123.3654, 0.6511], [123.3663, 0.6503], [123.3673, 0.6497], [123.3686, 0.6493], [123.3697, 0.6489], [123.3701, 0.6487], [123.3714, 0.648], [123.3715, 0.6478], [123.3725, 0.6467], [123.3734, 0.646], [123.3747, 0.6457], [123.3756, 0.6455], [123.3767, 0.6452], [123.3769, 0.6451], [123.3771, 0.6449], [123.3779, 0.6443], [123.3785, 0.6436], [123.3799, 0.6423], [123.3805, 0.6419], [123.3814, 0.6413], [123.3826, 0.6404], [123.3831, 0.6401], [123.3842, 0.6397], [123.3854, 0.6396], [123.3862, 0.6397], [123.3877, 0.6399], [123.3891, 0.6403], [123.3898, 0.6402], [123.3907, 0.6399], [123.3918, 0.6397], [123.3925, 0.6397], [123.3938, 0.6399], [123.3948, 0.6404], [123.3962, 0.6407], [123.3967, 0.6408], [123.3977, 0.6409], [123.3991, 0.6409], [123.4005, 0.6406], [123.4017, 0.6403], [123.4026, 0.64], [123.4027, 0.64], [123.4032, 0.64], [123.4039, 0.6401], [123.4048, 0.6404], [123.4058, 0.6405], [123.407, 0.6405], [123.4072, 0.6405], [123.4087, 0.6404], [123.409, 0.6404], [123.4109, 0.6405], [123.4112, 0.6404], [123.4133, 0.6402], [123.4146, 0.6401], [123.4159, 0.6396], [123.4169, 0.6395], [123.4171, 0.6394], [123.4181, 0.6394], [123.4191, 0.6394], [123.4202, 0.6394], [123.4221, 0.6393], [123.4233, 0.6391], [123.4238, 0.6392], [123.4241, 0.6396], [123.4246, 0.64], [123.4252, 0.6402], [123.4255, 0.6404], [123.4269, 0.641], [123.4282, 0.6414], [123.4284, 0.6414], [123.429, 0.6414], [123.43, 0.6413], [123.4311, 0.6407], [123.4322, 0.6402], [123.4336, 0.6401], [123.4351, 0.6401], [123.4366, 0.6398], [123.4382, 0.6394], [123.4388, 0.6394], [123.4393, 0.6394], [123.4413, 0.6393], [123.4419, 0.6392], [123.443, 0.6387], [123.4444, 0.6381], [123.4455, 0.6379], [123.4476, 0.6374], [123.4481, 0.6374], [123.4482, 0.6373], [123.4487, 0.6371], [123.449, 0.6371], [123.45, 0.637], [123.4509, 0.6368], [123.4538, 0.6359], [123.4545, 0.6356], [123.455, 0.6355], [123.4556, 0.6354], [123.4569, 0.6357], [123.4583, 0.636], [123.4591, 0.6361], [123.4595, 0.6356], [123.4604, 0.6346], [123.4605, 0.6342], [123.4608, 0.6336], [123.4613, 0.6329], [123.4616, 0.6327], [123.4619, 0.6325], [123.4625, 0.6322], [123.4628, 0.6321], [123.4634, 0.6321], [123.4641, 0.6321], [123.4652, 0.6318], [123.4657, 0.6317], [123.4681, 0.6314], [123.4693, 0.6311], [123.4703, 0.631], [123.4709, 0.6307], [123.4721, 0.6301], [123.4731, 0.6298], [123.4743, 0.6297], [123.4751, 0.6297], [123.4758, 0.6297], [123.4769, 0.6297], [123.4774, 0.6294], [123.4781, 0.6289], [123.4792, 0.628], [123.4794, 0.6279], [123.4806, 0.6274], [123.4815, 0.6274], [123.4829, 0.6273], [123.4837, 0.6273], [123.485, 0.6269], [123.4855, 0.6268], [123.4862, 0.6265], [123.4873, 0.6258], [123.4876, 0.6255], [123.4881, 0.6248], [123.4885, 0.6243], [123.4894, 0.6238], [123.4905, 0.6234], [123.491, 0.623], [123.4913, 0.6223], [123.4917, 0.6216], [123.4917, 0.6215], [123.4918, 0.6213], [123.4921, 0.6204], [123.4922, 0.6191], [123.4921, 0.6189], [123.492, 0.6178], [123.4917, 0.6169], [123.4915, 0.6155], [123.4912, 0.6148], [123.4905, 0.6143], [123.49, 0.6138], [123.4899, 0.6135], [123.4895, 0.6128], [123.4892, 0.6119], [123.4891, 0.6106], [123.4892, 0.6087], [123.4892, 0.6083], [123.4891, 0.6069], [123.4884, 0.6045], [123.4879, 0.6022], [123.4878, 0.6014], [123.4884, 0.6011], [123.4899, 0.6006], [123.4903, 0.6004], [123.4915, 0.5997], [123.4919, 0.5996], [123.4925, 0.5993], [123.493, 0.5987], [123.4931, 0.5984], [123.4937, 0.5972], [123.4943, 0.5964], [123.4945, 0.5963], [123.4952, 0.5959], [123.497, 0.5952], [123.4984, 0.5947], [123.4991, 0.5941], [123.5, 0.5929], [123.5008, 0.5929], [123.5014, 0.5925], [123.5019, 0.5922], [123.5034, 0.5914], [123.5044, 0.59], [123.506, 0.5881], [123.5074, 0.586], [123.5084, 0.585], [123.5091, 0.5844], [123.5109, 0.5843], [123.5133, 0.5846], [123.5156, 0.5845], [123.5177, 0.5846], [123.5191, 0.5845], [123.5207, 0.5843], [123.5223, 0.5836], [123.5236, 0.5831], [123.525, 0.5825], [123.5266, 0.5813], [123.5281, 0.5799], [123.5288, 0.579], [123.5304, 0.5788], [123.5312, 0.5788], [123.5314, 0.5786], [123.5315, 0.5786], [123.5323, 0.5784], [123.5327, 0.5781], [123.5329, 0.5779], [123.5334, 0.5769], [123.533, 0.5751], [123.5325, 0.574], [123.5324, 0.5731], [123.5324, 0.5729], [123.5325, 0.5722], [123.5329, 0.5714], [123.5335, 0.5692], [123.5336, 0.5683], [123.5337, 0.5669], [123.5335, 0.5653], [123.5331, 0.5631], [123.5326, 0.5611], [123.532, 0.5591], [123.5315, 0.5575], [123.5312, 0.5563], [123.5303, 0.5538], [123.5294, 0.5521], [123.5288, 0.5503], [123.5283, 0.5481], [123.528, 0.5469], [123.5279, 0.5463], [123.5276, 0.5449], [123.5276, 0.5431], [123.5279, 0.5409], [123.5281, 0.5405], [123.5286, 0.5392], [123.5292, 0.5373], [123.53, 0.5357], [123.5307, 0.5344], [123.5309, 0.5342], [123.5313, 0.5338], [123.5316, 0.5335], [123.5335, 0.5326], [123.5347, 0.532], [123.5354, 0.5316], [123.5373, 0.5303], [123.5379, 0.53], [123.5397, 0.5289], [123.5408, 0.5284], [123.5411, 0.5282], [123.5415, 0.528], [123.5424, 0.5273], [123.5432, 0.5267], [123.5442, 0.5261], [123.5449, 0.5254], [123.5455, 0.5245], [123.546, 0.5238], [123.5473, 0.523], [123.5477, 0.5225], [123.5481, 0.5211], [123.5481, 0.5208], [123.5482, 0.5197], [123.5484, 0.5188], [123.5489, 0.5174], [123.5493, 0.5159], [123.5496, 0.5149], [123.5497, 0.5142], [123.5503, 0.5128], [123.5507, 0.5123], [123.551, 0.5118], [123.5519, 0.511], [123.5523, 0.5107], [123.5522, 0.51], [123.5511, 0.5084], [123.5508, 0.5077], [123.5504, 0.5071], [123.5497, 0.5056], [123.5496, 0.5053], [123.5491, 0.504], [123.5482, 0.5025], [123.5481, 0.5022], [123.5477, 0.5013], [123.5473, 0.5], [123.5471, 0.4997], [123.5467, 0.4988], [123.5463, 0.4977], [123.5452, 0.4968], [123.5439, 0.4963], [123.5433, 0.4961], [123.5428, 0.496], [123.5427, 0.496], [123.5416, 0.4958], [123.5407, 0.4958], [123.5399, 0.4956], [123.5375, 0.4945], [123.5368, 0.4942], [123.535, 0.4941], [123.5342, 0.494], [123.534, 0.494], [123.5337, 0.4939], [123.5334, 0.4938], [123.5332, 0.4938], [123.5317, 0.4933], [123.5308, 0.4929], [123.5298, 0.4926], [123.529, 0.4923], [123.5281, 0.4918], [123.5271, 0.4916], [123.5258, 0.4912], [123.5245, 0.4908], [123.5235, 0.4906], [123.5232, 0.4906], [123.523, 0.4904], [123.5226, 0.4886], [123.5227, 0.4868], [123.5229, 0.4856], [123.5232, 0.4837], [123.5232, 0.4835], [123.5242, 0.4808], [123.5236, 0.4791], [123.5237, 0.4772], [123.5238, 0.4749], [123.5239, 0.4729], [123.5239, 0.4712], [123.5237, 0.4695], [123.5238, 0.4691], [123.5241, 0.4681], [123.5245, 0.4672], [123.5244, 0.4667], [123.5239, 0.4658], [123.5236, 0.4651], [123.5236, 0.463], [123.5246, 0.4625], [123.5249, 0.462], [123.525, 0.4615], [123.525, 0.4606], [123.5247, 0.46], [123.5247, 0.4584], [123.5248, 0.4571], [123.5253, 0.4563], [123.5255, 0.4557], [123.5256, 0.4554], [123.5257, 0.4541], [123.5259, 0.4536], [123.5267, 0.4528], [123.5286, 0.4509], [123.5292, 0.4507], [123.5303, 0.4506], [123.5309, 0.4503], [123.5328, 0.4488], [123.5347, 0.4478], [123.5357, 0.4471], [123.537, 0.4457], [123.5376, 0.4452], [123.5384, 0.4452], [123.5394, 0.4451], [123.5419, 0.4438], [123.5445, 0.4429], [123.5456, 0.4429], [123.5459, 0.443], [123.5474, 0.4429], [123.5477, 0.4424], [123.5484, 0.4405], [123.5489, 0.4393], [123.5489, 0.439], [123.5491, 0.4384], [123.5495, 0.4367], [123.5499, 0.4352], [123.5499, 0.4348], [123.55, 0.4343], [123.5501, 0.4335], [123.5499, 0.433], [123.5491, 0.4325], [123.5488, 0.4323], [123.5483, 0.4319], [123.5474, 0.4315], [123.5471, 0.4312], [123.5465, 0.431], [123.5457, 0.4308], [123.5446, 0.4301], [123.5429, 0.4288], [123.5417, 0.428], [123.5415, 0.4278], [123.5412, 0.4274], [123.5399, 0.426], [123.5389, 0.4246], [123.5382, 0.4238], [123.5376, 0.4231], [123.537, 0.422], [123.5367, 0.4213], [123.5362, 0.4203], [123.5357, 0.4195], [123.5355, 0.4192], [123.5348, 0.4184], [123.5345, 0.4176], [123.534, 0.4163], [123.5335, 0.4152], [123.5333, 0.4147], [123.5327, 0.4134], [123.5321, 0.4121], [123.5318, 0.411], [123.5317, 0.4107], [123.5311, 0.4099], [123.53, 0.4085], [123.5298, 0.4082], [123.529, 0.4075], [123.5281, 0.4069], [123.5267, 0.4062], [123.5257, 0.4055], [123.5248, 0.4048], [123.5235, 0.4038], [123.5232, 0.4036], [123.5222, 0.4031], [123.5217, 0.4029], [123.5205, 0.4023], [123.5197, 0.4018], [123.519, 0.4014], [123.5184, 0.4011], [123.5175, 0.4005], [123.5166, 0.3998], [123.5157, 0.3991], [123.5142, 0.3983], [123.5141, 0.3983], [123.513, 0.3976], [123.5125, 0.3974], [123.5119, 0.397], [123.511, 0.3963], [123.5095, 0.3948], [123.5085, 0.3937], [123.5087, 0.3929], [123.5085, 0.3924], [123.508, 0.3922], [123.5076, 0.3918], [123.5071, 0.3917], [123.5063, 0.3917], [123.5061, 0.3915], [123.5056, 0.3909], [123.5049, 0.39], [123.5042, 0.3891], [123.5041, 0.3889], [123.5033, 0.3882], [123.5024, 0.3874], [123.502, 0.3867], [123.5018, 0.3864], [123.5015, 0.3861], [123.5013, 0.3857], [123.5008, 0.3849], [123.5, 0.3839], [123.4993, 0.3832], [123.4979, 0.3821], [123.4971, 0.3802], [123.4971, 0.38], [123.4968, 0.3788], [123.4965, 0.377], [123.4964, 0.3759], [123.4967, 0.3748], [123.4971, 0.3724], [123.4967, 0.371], [123.4965, 0.3705], [123.496, 0.3696], [123.495, 0.3684], [123.4924, 0.3666], [123.4916, 0.3657], [123.4916, 0.3651], [123.4917, 0.3647], [123.4918, 0.3645], [123.4921, 0.3636], [123.4921, 0.3626], [123.4923, 0.3613], [123.4925, 0.3611], [123.4938, 0.3595], [123.4941, 0.3587], [123.4942, 0.3584], [123.4942, 0.3574], [123.4937, 0.3568], [123.4928, 0.3563], [123.4917, 0.3558], [123.4908, 0.3557], [123.4898, 0.3562], [123.4885, 0.3563], [123.4881, 0.3564], [123.4876, 0.3564], [123.487, 0.3563], [123.4863, 0.3563], [123.4847, 0.3561], [123.4821, 0.355], [123.4803, 0.3537], [123.48, 0.3528], [123.48, 0.3469], [123.4802, 0.3465], [123.4805, 0.3458], [123.4834, 0.3411], [123.4837, 0.3397], [123.4836, 0.3393], [123.4833, 0.3387], [123.4826, 0.3378], [123.481, 0.3369], [123.4808, 0.3363], [123.4808, 0.336], [123.4808, 0.3353], [123.4811, 0.3346], [123.4816, 0.3341], [123.4818, 0.3334], [123.482, 0.3322], [123.482, 0.332], [123.4819, 0.3296], [123.4819, 0.328], [123.4822, 0.3271], [123.4828, 0.3259], [123.4829, 0.3254], [123.4828, 0.3249], [123.4826, 0.3241], [123.4825, 0.3225], [123.4823, 0.3219], [123.4817, 0.3214], [123.4804, 0.3205], [123.4801, 0.3201], [123.479, 0.3189], [123.4781, 0.3181], [123.4764, 0.3166], [123.4762, 0.317], [123.4759, 0.3175], [123.4754, 0.3181], [123.4752, 0.3185], [123.4747, 0.3186], [123.4741, 0.319], [123.4736, 0.3192], [123.4733, 0.3197], [123.4731, 0.3202], [123.4727, 0.3208], [123.4726, 0.3209], [123.4724, 0.3211], [123.4718, 0.3212], [123.4712, 0.3214], [123.4708, 0.3217], [123.4707, 0.322], [123.4715, 0.3226], [123.4715, 0.3228], [123.4712, 0.3232], [123.4709, 0.3234], [123.4707, 0.3233], [123.4704, 0.323], [123.4702, 0.3227], [123.4698, 0.3227], [123.4693, 0.3227], [123.469, 0.3229], [123.4682, 0.3234], [123.468, 0.3236], [123.468, 0.324], [123.4681, 0.3246], [123.4681, 0.3248], [123.468, 0.3249], [123.4678, 0.325], [123.4674, 0.3249], [123.467, 0.3251], [123.4666, 0.3252], [123.4661, 0.3256], [123.4655, 0.3267], [123.4648, 0.3273], [123.4642, 0.3283], [123.4643, 0.3284], [123.464, 0.3286], [123.4636, 0.329], [123.4632, 0.3296], [123.4629, 0.3304], [123.4629, 0.3312], [123.4632, 0.3317], [123.4637, 0.3322], [123.4637, 0.3324], [123.4636, 0.3327], [123.4637, 0.3331], [123.4632, 0.3337], [123.4623, 0.3351], [123.4618, 0.3356], [123.4616, 0.3358], [123.4615, 0.336], [123.4611, 0.3363], [123.4609, 0.3366], [123.4608, 0.3369], [123.4605, 0.3371], [123.4598, 0.3375], [123.4591, 0.3376], [123.4586, 0.3376], [123.4581, 0.3375], [123.4578, 0.3373], [123.4575, 0.3371], [123.4572, 0.337], [123.457, 0.3368], [123.4567, 0.3364], [123.4564, 0.3359], [123.4564, 0.3351], [123.4565, 0.3348], [123.4564, 0.3343], [123.4561, 0.334], [123.4557, 0.334], [123.4556, 0.3341], [123.4556, 0.3343], [123.4545, 0.3339], [123.4537, 0.3336], [123.4529, 0.3333], [123.4526, 0.333], [123.4525, 0.3327], [123.4523, 0.3324], [123.452, 0.3322], [123.4515, 0.3319], [123.4508, 0.3316], [123.4506, 0.3314], [123.4504, 0.3314], [123.45, 0.3312], [123.4493, 0.3309], [123.4481, 0.3302], [123.4478, 0.33], [123.4474, 0.3297], [123.4469, 0.3293], [123.4467, 0.3291], [123.4462, 0.3289], [123.4459, 0.3287], [123.4454, 0.3283], [123.4448, 0.3282], [123.4444, 0.3279], [123.4439, 0.3276], [123.4438, 0.3275], [123.4436, 0.3265], [123.4434, 0.3261], [123.4431, 0.3258], [123.4427, 0.3255], [123.4425, 0.3252], [123.4424, 0.3249], [123.4422, 0.3241], [123.4419, 0.3237], [123.4408, 0.3222], [123.4394, 0.3209], [123.438, 0.3186], [123.4373, 0.3181], [123.4364, 0.3184], [123.4364, 0.3183], [123.435, 0.3167], [123.4337, 0.3161], [123.432, 0.3161], [123.4292, 0.3162], [123.4274, 0.3156], [123.4262, 0.3147], [123.424, 0.3137], [123.4211, 0.3131], [123.4194, 0.3128], [123.4181, 0.3125], [123.4168, 0.3119], [123.4154, 0.3113], [123.4152, 0.3113], [123.4147, 0.3114], [123.4142, 0.3116], [123.4137, 0.312], [123.4132, 0.3122], [123.4127, 0.3122], [123.4122, 0.3123], [123.412, 0.3124], [123.4116, 0.3124], [123.411, 0.3126], [123.4106, 0.3129], [123.4095, 0.3136], [123.4044, 0.3146], [123.4014, 0.3148], [123.401, 0.3152], [123.3985, 0.3153], [123.3953, 0.3149], [123.3941, 0.3144], [123.3925, 0.3141], [123.3893, 0.3136], [123.3881, 0.3131], [123.3861, 0.313], [123.3849, 0.3125], [123.3834, 0.3126], [123.383, 0.3126], [123.3826, 0.3126], [123.3814, 0.3123], [123.381, 0.3114], [123.3805, 0.3113], [123.3796, 0.3118], [123.3772, 0.3125], [123.3759, 0.3124], [123.3748, 0.312], [123.3732, 0.3121], [123.3726, 0.3123], [123.372, 0.3122], [123.3715, 0.3119], [123.371, 0.3118], [123.3699, 0.3119], [123.3694, 0.3122], [123.3689, 0.313], [123.369, 0.3134], [123.3683, 0.3133], [123.3676, 0.3129], [123.3674, 0.3124], [123.3669, 0.3122], [123.3663, 0.312], [123.3646, 0.3125], [123.361, 0.3127], [123.3594, 0.3141], [123.3584, 0.3144], [123.3577, 0.3131], [123.3572, 0.3121], [123.3566, 0.3117], [123.3543, 0.3094], [123.352, 0.3094], [123.3507, 0.3087], [123.3488, 0.3081], [123.3481, 0.3082], [123.3465, 0.307], [123.3452, 0.306], [123.3447, 0.306], [123.3443, 0.3062], [123.3441, 0.3068], [123.3433, 0.3072], [123.3429, 0.3073], [123.3424, 0.3074], [123.3415, 0.3076], [123.3403, 0.3075], [123.3388, 0.3075], [123.3386, 0.3076], [123.3378, 0.3081], [123.3368, 0.3085], [123.3353, 0.3096], [123.3342, 0.3106], [123.3329, 0.3111], [123.3322, 0.3112], [123.3309, 0.3108], [123.3295, 0.3112], [123.328, 0.3123], [123.3276, 0.3128], [123.3266, 0.313], [123.3241, 0.3128], [123.3205, 0.3129], [123.3203, 0.313], [123.3193, 0.3133], [123.3139, 0.3133], [123.3121, 0.3137], [123.311, 0.3137], [123.3101, 0.3141], [123.3083, 0.3149], [123.3078, 0.3151], [123.3057, 0.3151], [123.3054, 0.3151], [123.3042, 0.3158], [123.303, 0.316], [123.3024, 0.316], [123.3008, 0.3158], [123.3002, 0.3167], [123.2993, 0.318], [123.2978, 0.3186], [123.2971, 0.3189], [123.2964, 0.3198], [123.2964, 0.32], [123.2963, 0.3201], [123.2962, 0.3203], [123.2961, 0.3204], [123.296, 0.3205], [123.2958, 0.3205], [123.2957, 0.3205], [123.2955, 0.3204], [123.2947, 0.3204], [123.294, 0.3202], [123.2934, 0.3194], [123.2928, 0.3188], [123.2928, 0.3178], [123.2928, 0.3169], [123.2927, 0.3162], [123.2926, 0.316], [123.2925, 0.3159], [123.2924, 0.3158], [123.2922, 0.3158], [123.292, 0.3158], [123.2918, 0.3158], [123.2915, 0.3158], [123.2898, 0.316], [123.2896, 0.316], [123.289, 0.3164], [123.2877, 0.3167], [123.2869, 0.3167], [123.2858, 0.3171], [123.2857, 0.3171], [123.2855, 0.3172], [123.2853, 0.3172], [123.2851, 0.3172], [123.2849, 0.3172], [123.2848, 0.3173], [123.2846, 0.3174], [123.2844, 0.3174], [123.2843, 0.3174], [123.2841, 0.3174], [123.2839, 0.3174], [123.2838, 0.3174], [123.2836, 0.3173], [123.2826, 0.3173], [123.2819, 0.3178], [123.2816, 0.3184], [123.2814, 0.3184], [123.2812, 0.3185], [123.2812, 0.3187], [123.2811, 0.3188], [123.2809, 0.3188], [123.2807, 0.3187], [123.2806, 0.3186], [123.2804, 0.3185], [123.2803, 0.3185], [123.2801, 0.3184], [123.2799, 0.3185], [123.2797, 0.3186], [123.2796, 0.3187], [123.2794, 0.3187], [123.2793, 0.3188], [123.2792, 0.3189], [123.279, 0.3189], [123.2788, 0.319], [123.2786, 0.3193], [123.2787, 0.3194], [123.2788, 0.3195], [123.2789, 0.3196], [123.279, 0.3198], [123.2791, 0.3199], [123.2792, 0.32], [123.2793, 0.3202], [123.2794, 0.3204], [123.2795, 0.3205], [123.2796, 0.3207], [123.2796, 0.3208], [123.2797, 0.321], [123.2797, 0.3212], [123.2797, 0.3213], [123.2797, 0.3215], [123.2797, 0.3217], [123.2797, 0.3218], [123.2797, 0.3219], [123.2796, 0.322], [123.2796, 0.3222], [123.2795, 0.3223], [123.2794, 0.3225], [123.2793, 0.3227], [123.2793, 0.3228], [123.2792, 0.323], [123.2791, 0.323], [123.2789, 0.3232], [123.2787, 0.3232], [123.2786, 0.3233], [123.2784, 0.3235], [123.2782, 0.3235], [123.2781, 0.3236], [123.2778, 0.3237], [123.2777, 0.3237], [123.2775, 0.3239], [123.2773, 0.3239], [123.2771, 0.324], [123.277, 0.324], [123.2768, 0.3241], [123.2766, 0.3241], [123.2765, 0.3241], [123.2763, 0.324], [123.2762, 0.324], [123.276, 0.3239], [123.2759, 0.3238], [123.2757, 0.3236], [123.2755, 0.3235], [123.2752, 0.3234], [123.2751, 0.3234], [123.2749, 0.3233], [123.2748, 0.3232], [123.2747, 0.323], [123.2746, 0.3228], [123.2744, 0.3228], [123.2743, 0.3229], [123.2743, 0.3231], [123.2742, 0.3232], [123.2742, 0.3234], [123.274, 0.3235], [123.2739, 0.3236], [123.2737, 0.3237], [123.2735, 0.3237], [123.2734, 0.3237], [123.2732, 0.3237], [123.2731, 0.3237], [123.273, 0.3237], [123.2729, 0.3237], [123.2727, 0.3237], [123.2725, 0.3237], [123.2724, 0.3236], [123.2722, 0.3236], [123.272, 0.3236], [123.2719, 0.3236], [123.2717, 0.3235], [123.2716, 0.3234], [123.2714, 0.3233], [123.2713, 0.3232], [123.2711, 0.323], [123.271, 0.3229], [123.2709, 0.3228], [123.2707, 0.3227], [123.2705, 0.3226], [123.2704, 0.3226], [123.2702, 0.3226], [123.27, 0.3227], [123.2698, 0.3227], [123.2697, 0.3227], [123.2695, 0.3226], [123.2693, 0.3225], [123.2692, 0.3226], [123.269, 0.3227], [123.2689, 0.3227], [123.2687, 0.3227], [123.2685, 0.3226], [123.2684, 0.3225], [123.2682, 0.3224], [123.2681, 0.3224], [123.2679, 0.3224], [123.2678, 0.3224], [123.2676, 0.3224], [123.2675, 0.3226], [123.2674, 0.3227], [123.2674, 0.3229], [123.2674, 0.323], [123.2674, 0.3232], [123.2673, 0.3233], [123.2674, 0.3235], [123.2673, 0.3237], [123.2674, 0.3238], [123.2674, 0.324], [123.2675, 0.3241], [123.2675, 0.3243], [123.2675, 0.3244], [123.2674, 0.3248], [123.2674, 0.325], [123.2673, 0.3251], [123.2671, 0.3253], [123.2671, 0.3255], [123.267, 0.3256], [123.2668, 0.3258], [123.2666, 0.3259], [123.2664, 0.326], [123.2664, 0.3261], [123.2663, 0.3262], [123.2664, 0.3264], [123.2663, 0.3266], [123.2661, 0.3267], [123.266, 0.3268], [123.2658, 0.327], [123.2657, 0.3271], [123.2655, 0.3272], [123.2653, 0.3273], [123.2652, 0.3274], [123.2651, 0.3276], [123.2649, 0.3277], [123.2648, 0.3277], [123.2646, 0.3278], [123.2643, 0.3279], [123.2642, 0.3279], [123.2641, 0.3281], [123.264, 0.3282], [123.2638, 0.3283], [123.2637, 0.3284], [123.2636, 0.3286], [123.2634, 0.3287], [123.2633, 0.3288], [123.2632, 0.329], [123.2631, 0.3291], [123.2629, 0.3292], [123.2628, 0.3293], [123.2627, 0.3293], [123.2626, 0.3295], [123.2625, 0.3297], [123.2623, 0.3298], [123.2622, 0.3299], [123.2621, 0.33], [123.262, 0.3302], [123.2619, 0.3303], [123.2618, 0.3304], [123.2617, 0.3306], [123.2615, 0.3307], [123.2614, 0.3309], [123.2613, 0.331], [123.2611, 0.331], [123.2609, 0.3311], [123.2607, 0.3312], [123.2606, 0.3312], [123.2604, 0.3313], [123.2602, 0.3313], [123.26, 0.3313], [123.2598, 0.3313], [123.2597, 0.3312], [123.2595, 0.3312], [123.2593, 0.3312], [123.2592, 0.3313], [123.259, 0.3314], [123.2589, 0.3314], [123.2587, 0.3314], [123.2585, 0.3314], [123.2584, 0.3315], [123.2583, 0.3316], [123.2581, 0.3317], [123.2579, 0.3319], [123.2577, 0.3321], [123.2576, 0.3322], [123.2574, 0.3323], [123.2573, 0.3324], [123.2573, 0.3326], [123.2571, 0.3328], [123.257, 0.3329], [123.2568, 0.333], [123.2567, 0.333], [123.2565, 0.333], [123.2564, 0.333], [123.2563, 0.333], [123.2562, 0.3331], [123.2561, 0.3331], [123.256, 0.3332], [123.2558, 0.3333], [123.2557, 0.3334], [123.2554, 0.3334], [123.2552, 0.3334], [123.2551, 0.3333], [123.2549, 0.3334], [123.2548, 0.3334], [123.2546, 0.3334], [123.2544, 0.3333], [123.2542, 0.3333], [123.254, 0.3333], [123.2539, 0.3333], [123.2537, 0.3334], [123.2536, 0.3335], [123.2535, 0.3336], [123.2534, 0.3338], [123.2534, 0.334], [123.2532, 0.3341], [123.2531, 0.3343], [123.253, 0.3345], [123.253, 0.3347], [123.2529, 0.3349], [123.2528, 0.335], [123.2527, 0.3352], [123.2526, 0.3354], [123.2525, 0.3355], [123.2524, 0.3357], [123.2523, 0.3358], [123.2523, 0.336], [123.2522, 0.3361], [123.2521, 0.3363], [123.252, 0.3364], [123.2519, 0.3366], [123.2518, 0.3367], [123.2517, 0.3369], [123.2515, 0.337], [123.2514, 0.3372], [123.2513, 0.3372], [123.2511, 0.3374], [123.251, 0.3375], [123.2509, 0.3377], [123.2508, 0.3378], [123.2506, 0.3379], [123.2505, 0.338], [123.2503, 0.3381], [123.2502, 0.3382], [123.25, 0.3382], [123.2499, 0.3382], [123.2497, 0.3381], [123.2496, 0.3381], [123.2494, 0.3381], [123.2492, 0.3381], [123.2491, 0.3381], [123.2489, 0.3381], [123.2487, 0.338], [123.2485, 0.3381], [123.2484, 0.3382], [123.2483, 0.3384], [123.2484, 0.3386], [123.2482, 0.3386], [123.2479, 0.3387], [123.2478, 0.3387], [123.2477, 0.3389], [123.2477, 0.339], [123.2477, 0.3392], [123.2478, 0.3394], [123.2479, 0.3395], [123.2479, 0.3397], [123.2479, 0.3398], [123.2478, 0.34], [123.2477, 0.3401], [123.2477, 0.3403], [123.2476, 0.3404], [123.2475, 0.3406], [123.2473, 0.3407], [123.2472, 0.3409], [123.2471, 0.341], [123.2469, 0.3411], [123.2468, 0.3412], [123.2467, 0.3413], [123.2465, 0.3414], [123.2464, 0.3416], [123.2462, 0.3417], [123.246, 0.3417], [123.2458, 0.3417], [123.2456, 0.3417], [123.2455, 0.3417], [123.2453, 0.3417], [123.2451, 0.3418], [123.2449, 0.3418], [123.2447, 0.3419], [123.2446, 0.3419], [123.2444, 0.3421], [123.2443, 0.3422], [123.2441, 0.3423], [123.244, 0.3423], [123.2438, 0.3425], [123.2437, 0.3426], [123.2435, 0.3427], [123.2434, 0.3428], [123.2433, 0.3429], [123.2431, 0.343], [123.243, 0.3431], [123.2428, 0.3432], [123.2426, 0.3433], [123.2425, 0.3435], [123.2423, 0.3436], [123.2422, 0.3437], [123.2421, 0.3439], [123.242, 0.344], [123.2418, 0.3441], [123.2417, 0.3443], [123.2416, 0.3444], [123.2415, 0.3445], [123.2413, 0.3446], [123.2412, 0.3447], [123.2411, 0.3448], [123.241, 0.3448], [123.2409, 0.3449], [123.2407, 0.3449], [123.2406, 0.345], [123.2404, 0.345], [123.2402, 0.345], [123.24, 0.345], [123.2398, 0.345], [123.2396, 0.345], [123.2394, 0.3451], [123.2393, 0.3452], [123.2391, 0.3452], [123.239, 0.3453], [123.2388, 0.3453], [123.2385, 0.3453], [123.238, 0.3453], [123.2377, 0.3453], [123.2373, 0.3455], [123.2369, 0.3456], [123.2366, 0.3457], [123.2363, 0.3459], [123.2362, 0.3462], [123.236, 0.3466], [123.2361, 0.3469], [123.2361, 0.3472], [123.2362, 0.3475], [123.2362, 0.3476], [123.2361, 0.3479], [123.2361, 0.348], [123.2363, 0.348], [123.2356, 0.3484], [123.2355, 0.3485], [123.2354, 0.3486], [123.2352, 0.3486], [123.2351, 0.3487], [123.2349, 0.3486], [123.2346, 0.3485], [123.2345, 0.3484], [123.2343, 0.3483], [123.2342, 0.3482], [123.234, 0.3481], [123.2338, 0.3479], [123.2337, 0.3477], [123.2336, 0.3476], [123.2335, 0.3475], [123.2334, 0.3474], [123.2333, 0.3473], [123.2331, 0.3471], [123.2329, 0.3471], [123.2327, 0.3471], [123.2325, 0.3471], [123.2324, 0.3471], [123.2322, 0.3472], [123.2321, 0.3472], [123.2319, 0.3473], [123.2317, 0.3474], [123.2316, 0.3475], [123.2314, 0.3476], [123.2313, 0.3476], [123.2308, 0.3477], [123.2307, 0.3478], [123.2304, 0.3479], [123.2302, 0.348], [123.23, 0.3481], [123.2298, 0.3482], [123.2296, 0.3483], [123.2293, 0.3484], [123.2291, 0.3485], [123.2288, 0.3485], [123.2286, 0.3485], [123.2284, 0.3485], [123.2283, 0.3486], [123.2281, 0.3487], [123.228, 0.3488], [123.2278, 0.3489], [123.2277, 0.3491], [123.2276, 0.3493], [123.2274, 0.3496], [123.2273, 0.3499], [123.2272, 0.3501], [123.2271, 0.3503], [123.2271, 0.3505], [123.227, 0.3506], [123.2269, 0.3509], [123.2268, 0.351], [123.2268, 0.3512], [123.2267, 0.3513], [123.2266, 0.3514], [123.2265, 0.3515], [123.2263, 0.3516], [123.2261, 0.3516], [123.2256, 0.3527], [123.2257, 0.3527], [123.2249, 0.3538], [123.2248, 0.3556], [123.2232, 0.3584], [123.2229, 0.36], [123.2229, 0.3609], [123.2225, 0.362], [123.2222, 0.3627], [123.2214, 0.3635], [123.2213, 0.3636], [123.2211, 0.3637], [123.2209, 0.3638], [123.2207, 0.3639], [123.2206, 0.364], [123.2203, 0.3639], [123.2195, 0.3636], [123.2191, 0.3638], [123.2186, 0.3644], [123.2177, 0.3651], [123.2166, 0.3651], [123.2162, 0.3655], [123.2158, 0.3657], [123.2163, 0.3665], [123.217, 0.3666], [123.2171, 0.3676], [123.2168, 0.3693], [123.2168, 0.3694], [123.2168, 0.3701], [123.217, 0.3718], [123.2165, 0.3729], [123.2146, 0.3737], [123.2118, 0.3747], [123.2111, 0.3761], [123.2102, 0.3763], [123.209, 0.3766], [123.2082, 0.3777], [123.2076, 0.3777], [123.2067, 0.3792], [123.2062, 0.3808], [123.2051, 0.3825], [123.2043, 0.3828], [123.2029, 0.3832], [123.2025, 0.3843], [123.202, 0.3846], [123.2011, 0.3855], [123.2011, 0.3866], [123.1997, 0.3873], [123.1995, 0.388], [123.1986, 0.3886], [123.1981, 0.3897], [123.1972, 0.3908], [123.1967, 0.3918], [123.1958, 0.392], [123.1953, 0.3926], [123.1946, 0.394], [123.193, 0.3941], [123.1916, 0.3935], [123.1901, 0.3945], [123.1887, 0.3958], [123.1854, 0.3968], [123.1843, 0.3969], [123.182, 0.3979], [123.1806, 0.398], [123.179, 0.3984], [123.1767, 0.3994], [123.1757, 0.3989], [123.1746, 0.3983], [123.1711, 0.3988], [123.1692, 0.3998], [123.1668, 0.4001], [123.1646, 0.4004], [123.1634, 0.4002], [123.1622, 0.3998], [123.1617, 0.3999], [123.161, 0.4007], [123.1596, 0.402], [123.1575, 0.4033], [123.1572, 0.403], [123.1569, 0.4031], [123.1567, 0.4032], [123.1565, 0.4032], [123.1563, 0.4033], [123.1561, 0.4035], [123.1561, 0.4037], [123.156, 0.4039], [123.156, 0.404], [123.1559, 0.4042], [123.1558, 0.4044], [123.1556, 0.4045], [123.1556, 0.4048], [123.1555, 0.405], [123.1555, 0.4053], [123.1554, 0.4055], [123.1554, 0.4057], [123.1555, 0.4059], [123.1557, 0.4059], [123.1559, 0.406], [123.1558, 0.4062], [123.1555, 0.4062], [123.1554, 0.4063], [123.1552, 0.4062], [123.155, 0.406], [123.1548, 0.406], [123.1546, 0.406], [123.1544, 0.406], [123.1541, 0.406], [123.154, 0.4062], [123.154, 0.4064], [123.1538, 0.4064], [123.1536, 0.4063], [123.1534, 0.4063], [123.1533, 0.4064], [123.1532, 0.4066], [123.1531, 0.4069], [123.153, 0.407], [123.1529, 0.4073], [123.1527, 0.4075], [123.1525, 0.4076], [123.1524, 0.4076], [123.1523, 0.4078], [123.1522, 0.408], [123.1521, 0.4085], [123.152, 0.4086], [123.152, 0.4088], [123.1519, 0.409], [123.152, 0.4092], [123.1521, 0.4094], [123.1522, 0.4096], [123.1521, 0.4098], [123.1521, 0.41], [123.1521, 0.4102], [123.1521, 0.4104], [123.1521, 0.4107], [123.1521, 0.4109], [123.1522, 0.4111], [123.1523, 0.4112], [123.1526, 0.4112], [123.1528, 0.4111], [123.153, 0.4111], [123.1531, 0.4113], [123.1531, 0.4116], [123.1531, 0.4118], [123.153, 0.4119], [123.1529, 0.4121], [123.1528, 0.4124], [123.1528, 0.4126], [123.1526, 0.4127], [123.1525, 0.4129], [123.1524, 0.4131], [123.1522, 0.4133], [123.1521, 0.4135], [123.1519, 0.4136], [123.1518, 0.4138], [123.1516, 0.4139], [123.1514, 0.4141], [123.1512, 0.4142], [123.1511, 0.4144], [123.1509, 0.4145], [123.1507, 0.4145], [123.1505, 0.4146], [123.1503, 0.4146], [123.1501, 0.4146], [123.1499, 0.4146], [123.1497, 0.4146], [123.1495, 0.4146], [123.1492, 0.4147], [123.149, 0.4147], [123.1481, 0.4149], [123.1479, 0.4149], [123.1477, 0.415], [123.1474, 0.4151], [123.1472, 0.4152], [123.147, 0.4152], [123.1468, 0.4152], [123.1466, 0.4151], [123.1464, 0.415], [123.1462, 0.415], [123.146, 0.4151], [123.1458, 0.4151], [123.1455, 0.4151], [123.1453, 0.4152], [123.1451, 0.4153], [123.1449, 0.4153], [123.1447, 0.4154], [123.1445, 0.4154], [123.1443, 0.4155], [123.1443, 0.4158], [123.1443, 0.416], [123.1444, 0.4162], [123.1444, 0.4164], [123.1445, 0.4166], [123.1447, 0.4167], [123.1446, 0.417], [123.1445, 0.4171], [123.1445, 0.4173], [123.1445, 0.4176], [123.1446, 0.4177], [123.1445, 0.418], [123.1445, 0.4182], [123.1445, 0.4184], [123.1445, 0.4186], [123.1446, 0.4188], [123.1448, 0.419], [123.1449, 0.4191], [123.1451, 0.4193], [123.1452, 0.4195], [123.1453, 0.4196], [123.1455, 0.4198], [123.1456, 0.42], [123.1456, 0.4202], [123.1456, 0.4204], [123.1457, 0.4206], [123.1458, 0.4208], [123.1459, 0.4209], [123.1461, 0.421], [123.1462, 0.4212], [123.1463, 0.4214], [123.1464, 0.4217], [123.1465, 0.4219], [123.1465, 0.422], [123.1465, 0.4223], [123.1464, 0.4225], [123.1463, 0.4226], [123.1461, 0.4228], [123.1459, 0.4229], [123.1454, 0.423], [123.1453, 0.423], [123.1451, 0.4231], [123.1449, 0.423], [123.1447, 0.423], [123.1445, 0.423], [123.1443, 0.423], [123.1441, 0.4231], [123.1439, 0.423], [123.1436, 0.423], [123.1434, 0.423], [123.1432, 0.423], [123.143, 0.423], [123.1428, 0.4231], [123.1427, 0.4233], [123.1427, 0.4234], [123.1426, 0.4236], [123.1425, 0.4238], [123.1423, 0.4239], [123.1422, 0.4237], [123.1421, 0.4235], [123.142, 0.4234], [123.1419, 0.4232], [123.1417, 0.423], [123.1415, 0.4229], [123.1413, 0.4228], [123.1411, 0.4229], [123.1409, 0.4229], [123.1408, 0.423], [123.1405, 0.4231], [123.1403, 0.4232], [123.1402, 0.4231], [123.1401, 0.4232], [123.14, 0.4233], [123.1398, 0.4235], [123.1396, 0.4236], [123.1395, 0.4237], [123.1394, 0.4237], [123.1394, 0.4238], [123.1392, 0.424], [123.139, 0.4241], [123.1387, 0.4242], [123.1386, 0.4243], [123.1385, 0.4243], [123.1385, 0.4244], [123.1383, 0.4245], [123.138, 0.4247], [123.1379, 0.4249], [123.1377, 0.4251], [123.1377, 0.4252], [123.1377, 0.4253], [123.1377, 0.4255], [123.1376, 0.4256], [123.1375, 0.4258], [123.1373, 0.426], [123.1371, 0.4266], [123.137, 0.4267], [123.137, 0.4268], [123.1368, 0.4269], [123.1368, 0.4271], [123.1369, 0.4272], [123.1369, 0.4273], [123.1369, 0.4274], [123.1369, 0.4276], [123.1369, 0.4278], [123.137, 0.428], [123.1371, 0.4286], [123.1372, 0.4288], [123.1372, 0.4289], [123.1371, 0.4292], [123.137, 0.4293], [123.1367, 0.4295], [123.1365, 0.4296], [123.1363, 0.4296], [123.1361, 0.4298], [123.1358, 0.4299], [123.1356, 0.4301], [123.1353, 0.4304], [123.1352, 0.4306], [123.135, 0.4308], [123.1349, 0.4311], [123.1348, 0.4311], [123.1348, 0.4314], [123.1347, 0.4314], [123.1346, 0.4315], [123.1346, 0.4316], [123.1346, 0.4317], [123.1345, 0.4319], [123.1344, 0.4322], [123.1343, 0.4323], [123.1341, 0.4326], [123.1339, 0.4328], [123.1338, 0.4328], [123.1339, 0.433], [123.1339, 0.4331], [123.1338, 0.4333], [123.1336, 0.4334], [123.1333, 0.4336], [123.133, 0.4337], [123.133, 0.4338], [123.1329, 0.4339], [123.1327, 0.4341], [123.1325, 0.4343], [123.1324, 0.4344], [123.1323, 0.4345], [123.1322, 0.4345], [123.1322, 0.4346], [123.1321, 0.4347], [123.1321, 0.4348], [123.1322, 0.4349], [123.1322, 0.4351], [123.1321, 0.4353], [123.132, 0.4354], [123.132, 0.4355], [123.132, 0.4356], [123.132, 0.4357], [123.132, 0.4358], [123.132, 0.4359], [123.1319, 0.436], [123.1319, 0.4361], [123.132, 0.4363], [123.1319, 0.4365], [123.132, 0.4369], [123.1321, 0.4372], [123.1322, 0.4375], [123.1323, 0.4379], [123.1324, 0.4382], [123.1324, 0.4383], [123.1324, 0.4384], [123.1324, 0.4386], [123.1324, 0.4389], [123.1324, 0.439], [123.1323, 0.4392], [123.1322, 0.4393], [123.1322, 0.4394], [123.1322, 0.4395], [123.1323, 0.4396], [123.1321, 0.4402], [123.132, 0.4405], [123.1319, 0.4408], [123.1315, 0.4414], [123.1314, 0.4414], [123.1312, 0.4416], [123.1311, 0.4417], [123.131, 0.4418], [123.1304, 0.4421], [123.1301, 0.4421], [123.1297, 0.4421], [123.1294, 0.4421], [123.1291, 0.4421], [123.1286, 0.4419], [123.1283, 0.4419], [123.1273, 0.4417], [123.127, 0.4417], [123.1266, 0.4418], [123.1263, 0.4422], [123.1262, 0.4423], [123.1261, 0.4423], [123.1261, 0.4425], [123.1259, 0.4425], [123.1258, 0.4426], [123.1257, 0.4426], [123.1257, 0.4427], [123.1257, 0.4428], [123.1256, 0.4429], [123.1255, 0.4431], [123.1253, 0.4432], [123.1252, 0.4434], [123.1252, 0.4435], [123.1252, 0.4436], [123.1252, 0.4437], [123.1253, 0.4438], [123.1255, 0.444], [123.1255, 0.4441], [123.1256, 0.4443], [123.1257, 0.4444], [123.1258, 0.4445], [123.126, 0.4447], [123.1261, 0.4447], [123.1261, 0.4449], [123.1264, 0.4457], [123.1264, 0.4459], [123.1263, 0.4462], [123.1263, 0.4464], [123.1263, 0.4466], [123.1262, 0.4468], [123.1262, 0.4471], [123.1261, 0.4473], [123.1259, 0.4477], [123.1259, 0.4478], [123.1258, 0.448], [123.1258, 0.4482], [123.1257, 0.4485], [123.1253, 0.4491], [123.1251, 0.4494], [123.1248, 0.4496], [123.1243, 0.4501], [123.1241, 0.4502], [123.1239, 0.4502], [123.1237, 0.4503], [123.1235, 0.4503], [123.1232, 0.4503], [123.1227, 0.4503], [123.1224, 0.4503], [123.1223, 0.4504], [123.1221, 0.4504], [123.1221, 0.4505], [123.122, 0.4506], [123.1218, 0.4508], [123.1217, 0.4509], [123.1216, 0.451], [123.1215, 0.4511], [123.1214, 0.4513], [123.1214, 0.4514], [123.1213, 0.4516], [123.1213, 0.4517], [123.1213, 0.4518], [123.1213, 0.452], [123.1212, 0.4521], [123.1212, 0.4522], [123.1211, 0.4523], [123.121, 0.4524], [123.121, 0.4525], [123.1211, 0.4526], [123.1211, 0.4527], [123.1211, 0.4528], [123.1211, 0.453], [123.1211, 0.4531], [123.1211, 0.4532], [123.1212, 0.4533], [123.1212, 0.4535], [123.1213, 0.4538], [123.1213, 0.4539], [123.1213, 0.4541], [123.1214, 0.4543], [123.1215, 0.4544], [123.1216, 0.4546], [123.1217, 0.4548], [123.1217, 0.4552], [123.1217, 0.4556], [123.1217, 0.4558], [123.1217, 0.456], [123.1217, 0.4562], [123.1215, 0.4565], [123.1213, 0.4566], [123.1212, 0.4567], [123.1211, 0.4567], [123.1209, 0.4568], [123.1205, 0.4568], [123.1203, 0.4567], [123.1201, 0.4566], [123.1201, 0.4565], [123.1201, 0.4564], [123.12, 0.4565], [123.1199, 0.4565], [123.1197, 0.4566], [123.1195, 0.4567], [123.1194, 0.4567], [123.1193, 0.4567], [123.1192, 0.4567], [123.1191, 0.4568], [123.119, 0.4569], [123.1188, 0.457], [123.1186, 0.457], [123.1185, 0.4571], [123.1184, 0.4572], [123.1184, 0.4573], [123.1182, 0.4573], [123.1182, 0.4574], [123.1181, 0.4576], [123.1179, 0.4577], [123.1179, 0.4578], [123.1177, 0.4578], [123.1177, 0.4579], [123.1175, 0.458], [123.1174, 0.4581], [123.1173, 0.4581], [123.1172, 0.4583], [123.1171, 0.4584], [123.1169, 0.4585], [123.1167, 0.4586], [123.1167, 0.4587], [123.1168, 0.4588], [123.1168, 0.4589], [123.1168, 0.459], [123.1168, 0.4592], [123.1169, 0.4593], [123.117, 0.4593], [123.1171, 0.4596], [123.1172, 0.4596], [123.1171, 0.4597], [123.1171, 0.4599], [123.1169, 0.4605], [123.1169, 0.4607], [123.1168, 0.461], [123.1167, 0.4613], [123.1166, 0.4614], [123.1165, 0.4616], [123.1164, 0.4618], [123.1162, 0.4619], [123.1161, 0.4619], [123.1159, 0.4621], [123.1157, 0.4621], [123.1155, 0.4622], [123.1153, 0.4622], [123.115, 0.4622], [123.1148, 0.4622], [123.1145, 0.4622], [123.1143, 0.4621], [123.1141, 0.4621], [123.1141, 0.462], [123.1141, 0.4619], [123.114, 0.4618], [123.1138, 0.4618], [123.1138, 0.4619], [123.1138, 0.462], [123.1137, 0.4621], [123.1136, 0.4622], [123.1137, 0.4623], [123.1138, 0.4625], [123.1137, 0.4626], [123.1135, 0.4628], [123.1133, 0.463], [123.1132, 0.4632], [123.1132, 0.4633], [123.113, 0.4636], [123.1128, 0.4638], [123.1125, 0.464], [123.1121, 0.4641], [123.1119, 0.4642], [123.1116, 0.4642], [123.1109, 0.4644], [123.1107, 0.4645], [123.1105, 0.4646], [123.1099, 0.465], [123.1096, 0.4652], [123.1092, 0.4654], [123.109, 0.4656], [123.1087, 0.4658], [123.1084, 0.466], [123.1079, 0.4663], [123.1074, 0.4665], [123.107, 0.4666], [123.1067, 0.4667], [123.1064, 0.4668], [123.1064, 0.4669], [123.1063, 0.467], [123.1064, 0.4672], [123.1064, 0.4676], [123.1061, 0.4679], [123.1058, 0.4682], [123.1057, 0.4683], [123.1056, 0.4685], [123.1056, 0.4686], [123.1054, 0.4688], [123.1052, 0.4693], [123.1049, 0.4697], [123.1047, 0.4705], [123.1046, 0.4707], [123.1046, 0.471], [123.1045, 0.4713], [123.1044, 0.4714], [123.1043, 0.4716], [123.104, 0.4718], [123.1039, 0.4719], [123.1037, 0.472], [123.1036, 0.472], [123.1035, 0.4721], [123.1033, 0.4722], [123.103, 0.4724], [123.1027, 0.4725], [123.1022, 0.4725], [123.1021, 0.4725], [123.1013, 0.4723], [123.101, 0.4724], [123.1008, 0.4725], [123.1007, 0.4726], [123.1006, 0.4728], [123.1004, 0.4733], [123.1004, 0.4735], [123.1004, 0.4737], [123.1004, 0.474], [123.1004, 0.4743], [123.1003, 0.4745], [123.1003, 0.4747], [123.1002, 0.4749], [123.1002, 0.475], [123.1001, 0.4751], [123.1, 0.4752], [123.0998, 0.4754], [123.0997, 0.4755], [123.0994, 0.4756], [123.0993, 0.4757], [123.0992, 0.4758], [123.0991, 0.4758], [123.099, 0.4759], [123.099, 0.476], [123.0988, 0.4761], [123.0987, 0.4762], [123.0984, 0.4762], [123.0982, 0.4763], [123.098, 0.4762], [123.0977, 0.4762], [123.0976, 0.4761], [123.0974, 0.4761], [123.0973, 0.476], [123.0971, 0.476], [123.097, 0.4759], [123.0968, 0.4759], [123.0965, 0.4758], [123.0963, 0.4757], [123.096, 0.4758], [123.0958, 0.4758], [123.0957, 0.4759], [123.0955, 0.476], [123.0953, 0.4761], [123.0952, 0.4763], [123.0951, 0.4765], [123.095, 0.4766], [123.0949, 0.4767], [123.0948, 0.4768], [123.0947, 0.4768], [123.0944, 0.4769], [123.0941, 0.4771], [123.0939, 0.4771], [123.0937, 0.4771], [123.0931, 0.4773], [123.093, 0.4774], [123.0927, 0.4775], [123.0925, 0.4775], [123.0922, 0.4775], [123.0919, 0.4775], [123.0915, 0.4776], [123.0913, 0.4777], [123.0911, 0.4778], [123.091, 0.4778], [123.0908, 0.4778], [123.0906, 0.4778], [123.0904, 0.4778], [123.0903, 0.4778], [123.0902, 0.4778], [123.0901, 0.4778], [123.09, 0.4778], [123.0899, 0.4778], [123.0898, 0.4778], [123.0897, 0.4778], [123.0895, 0.4778], [123.0894, 0.4777], [123.0893, 0.4777], [123.0892, 0.4777], [123.0891, 0.4777], [123.089, 0.4776], [123.0887, 0.4775], [123.0886, 0.4775], [123.0884, 0.4775], [123.0883, 0.4775], [123.0882, 0.4776], [123.0881, 0.4776], [123.088, 0.4776], [123.0878, 0.4778], [123.0879, 0.4778], [123.088, 0.4778], [123.0883, 0.4777], [123.0884, 0.4781], [123.0884, 0.4783], [123.0883, 0.4784], [123.0878, 0.4786], [123.0875, 0.4781], [123.0876, 0.478], [123.0876, 0.4779], [123.0875, 0.4779], [123.0875, 0.4778], [123.0874, 0.4779], [123.0873, 0.4779], [123.0872, 0.4779], [123.0872, 0.478], [123.0871, 0.478], [123.087, 0.478], [123.0869, 0.4781], [123.0868, 0.4781], [123.0867, 0.4782], [123.0866, 0.4782], [123.0865, 0.4782], [123.0864, 0.4782], [123.0863, 0.4783], [123.0864, 0.4783], [123.0865, 0.4783], [123.0866, 0.4783], [123.0867, 0.4784], [123.0868, 0.4784], [123.0868, 0.4785], [123.0868, 0.4786], [123.0868, 0.4787], [123.0868, 0.4788], [123.0868, 0.4789], [123.0868, 0.4791], [123.0867, 0.4792], [123.0865, 0.4796], [123.0864, 0.4796], [123.0864, 0.4797], [123.0865, 0.4798], [123.0866, 0.48], [123.0866, 0.4801], [123.0866, 0.4802], [123.0866, 0.4803], [123.0866, 0.4804], [123.0866, 0.4805], [123.0865, 0.4806], [123.0866, 0.4808], [123.0866, 0.4809], [123.0866, 0.481], [123.0866, 0.4811], [123.0867, 0.4812], [123.0867, 0.4814], [123.0867, 0.4815], [123.0867, 0.4816], [123.0867, 0.4817], [123.0866, 0.4818], [123.0866, 0.4819], [123.0866, 0.4821], [123.0866, 0.4822], [123.0865, 0.4823], [123.0865, 0.4824], [123.0864, 0.4825], [123.0864, 0.4826], [123.0864, 0.4827], [123.0863, 0.4828], [123.0863, 0.4829], [123.0862, 0.4829], [123.0862, 0.483], [123.0862, 0.4831], [123.0862, 0.4832], [123.0861, 0.4833], [123.0861, 0.4834], [123.0861, 0.4836], [123.0861, 0.4837], [123.0861, 0.4838], [123.086, 0.4838], [123.086, 0.4839], [123.086, 0.4841], [123.0861, 0.4842], [123.0861, 0.4843], [123.086, 0.4844], [123.086, 0.4845], [123.086, 0.4846], [123.086, 0.4847], [123.086, 0.4848], [123.0859, 0.485], [123.0859, 0.4852], [123.0858, 0.4853], [123.0858, 0.4854], [123.0858, 0.4855], [123.0857, 0.4855], [123.0857, 0.4856], [123.0856, 0.4857], [123.0855, 0.4858], [123.0855, 0.4859], [123.0855, 0.486], [123.0855, 0.4861], [123.0855, 0.4864], [123.0855, 0.4865], [123.0854, 0.4866], [123.0853, 0.4867], [123.0852, 0.4868], [123.0851, 0.4868], [123.085, 0.4869], [123.0849, 0.487], [123.0848, 0.487], [123.0847, 0.487], [123.0846, 0.487], [123.0844, 0.487], [123.0843, 0.4869], [123.0842, 0.4869], [123.0841, 0.4869], [123.084, 0.4869], [123.0839, 0.4869], [123.0838, 0.4869], [123.0837, 0.4869], [123.0836, 0.4869], [123.0835, 0.487], [123.0834, 0.487], [123.0833, 0.4871], [123.0832, 0.4871], [123.0831, 0.4872], [123.083, 0.4872], [123.0829, 0.4872], [123.0828, 0.4872], [123.0827, 0.4873], [123.0826, 0.4873], [123.0825, 0.4873], [123.0823, 0.4873], [123.0822, 0.4874], [123.082, 0.4875], [123.082, 0.4876], [123.0819, 0.4876], [123.0818, 0.4877], [123.0817, 0.4877], [123.0816, 0.4877], [123.0815, 0.4878], [123.0814, 0.4878], [123.0813, 0.4878], [123.0812, 0.4878], [123.0811, 0.4879], [123.081, 0.4878], [123.0809, 0.4878], [123.0807, 0.4878], [123.0807, 0.4879], [123.0805, 0.4879], [123.0804, 0.4878], [123.0803, 0.4879], [123.0802, 0.4878], [123.0801, 0.4878], [123.08, 0.4878], [123.0799, 0.4878], [123.0798, 0.4878], [123.0797, 0.4878], [123.0796, 0.4879], [123.0795, 0.4879], [123.0794, 0.4879], [123.0793, 0.488], [123.0792, 0.488], [123.0791, 0.4881], [123.0789, 0.4882], [123.0788, 0.4883], [123.0787, 0.4883], [123.0786, 0.4884], [123.0785, 0.4885], [123.0785, 0.4886], [123.0785, 0.4887], [123.0785, 0.4888], [123.0786, 0.4888], [123.0787, 0.4889], [123.0787, 0.489], [123.0787, 0.4891], [123.0786, 0.4892], [123.0785, 0.4892], [123.0785, 0.4893], [123.0785, 0.4894], [123.0785, 0.4895], [123.0785, 0.4896], [123.0785, 0.4897], [123.0785, 0.4898], [123.0785, 0.4899], [123.0784, 0.4899], [123.0784, 0.49], [123.0784, 0.4902], [123.0783, 0.4903], [123.0783, 0.4904], [123.0783, 0.4905], [123.0783, 0.4906], [123.0783, 0.4907], [123.0784, 0.4908], [123.0784, 0.4909], [123.0784, 0.491], [123.0784, 0.4911], [123.0784, 0.4912], [123.0784, 0.4913], [123.0783, 0.4922], [123.0778, 0.4929], [123.0766, 0.493], [123.0752, 0.4934], [123.0739, 0.4936], [123.0723, 0.4949], [123.0722, 0.495], [123.0722, 0.4951], [123.0722, 0.4952], [123.0721, 0.4952], [123.072, 0.4953], [123.0719, 0.4953], [123.0718, 0.4953], [123.0717, 0.4954], [123.0717, 0.4966], [123.0709, 0.4973], [123.0704, 0.4976], [123.0703, 0.4975], [123.0702, 0.4974], [123.0701, 0.4975], [123.0698, 0.4972], [123.0704, 0.4964], [123.0706, 0.4964], [123.0706, 0.4962], [123.0703, 0.4963], [123.0696, 0.4972], [123.069, 0.4978], [123.069, 0.4979], [123.0689, 0.498], [123.0689, 0.4981], [123.0688, 0.4982], [123.0688, 0.4983], [123.0686, 0.4985], [123.0685, 0.4985], [123.0685, 0.4986], [123.0684, 0.4987], [123.0683, 0.4988], [123.0683, 0.4989], [123.0682, 0.4989], [123.0681, 0.499], [123.0681, 0.4991], [123.068, 0.4992], [123.0678, 0.4996], [123.0677, 0.4997], [123.0677, 0.4998], [123.0677, 0.4999], [123.0676, 0.5], [123.0675, 0.5001], [123.0674, 0.5002], [123.0673, 0.5003], [123.0672, 0.5004], [123.0671, 0.5004], [123.067, 0.5005], [123.0669, 0.5005], [123.0669, 0.5006], [123.0668, 0.5007], [123.0667, 0.5007], [123.0666, 0.5007], [123.0666, 0.5008], [123.0665, 0.5008], [123.0664, 0.5009], [123.0663, 0.501], [123.0663, 0.5011], [123.0662, 0.5012], [123.0661, 0.5013], [123.0661, 0.5014], [123.066, 0.5017], [123.066, 0.5018], [123.066, 0.5019], [123.066, 0.502], [123.0659, 0.5021], [123.0659, 0.5022], [123.0658, 0.5023], [123.0658, 0.5024], [123.0657, 0.5025], [123.0657, 0.5026], [123.0656, 0.5027], [123.0655, 0.5027], [123.0654, 0.5027], [123.0653, 0.5028], [123.0652, 0.5029], [123.0651, 0.5029], [123.065, 0.5029], [123.0649, 0.503], [123.0648, 0.503], [123.0648, 0.5031], [123.0647, 0.5031], [123.0646, 0.5032], [123.0645, 0.5033], [123.0645, 0.5034], [123.0644, 0.5035], [123.0644, 0.5036], [123.0643, 0.5036], [123.0642, 0.5037], [123.0642, 0.5038], [123.0641, 0.5039], [123.064, 0.5039], [123.064, 0.504], [123.0639, 0.5041], [123.0638, 0.5042], [123.0637, 0.5043], [123.0637, 0.5044], [123.0636, 0.5045], [123.0636, 0.5046], [123.0635, 0.5047], [123.0635, 0.5048], [123.0634, 0.5049], [123.0634, 0.505], [123.0633, 0.5051], [123.0632, 0.5052], [123.0631, 0.5052], [123.063, 0.5053], [123.0629, 0.5053], [123.0628, 0.5054], [123.0627, 0.5055], [123.0627, 0.5056], [123.0627, 0.5057], [123.0627, 0.5059], [123.0628, 0.506], [123.0628, 0.5061], [123.0629, 0.5062], [123.0629, 0.5064], [123.0628, 0.5065], [123.0628, 0.5067], [123.0629, 0.5067], [123.0629, 0.5069], [123.063, 0.507], [123.063, 0.5071], [123.063, 0.5073], [123.0629, 0.5074], [123.063, 0.5075], [123.063, 0.5076], [123.063, 0.5077], [123.063, 0.5078], [123.063, 0.5079], [123.0631, 0.508], [123.0631, 0.5081], [123.0632, 0.5081], [123.0632, 0.5082], [123.0633, 0.5083], [123.0632, 0.5083], [123.0627, 0.5093], [123.0628, 0.5093], [123.0629, 0.5092], [123.063, 0.5093], [123.0631, 0.5095], [123.063, 0.5095], [123.063, 0.51], [123.0629, 0.5102], [123.0629, 0.5105], [123.0628, 0.5109], [123.0629, 0.5111], [123.0628, 0.5116], [123.0628, 0.5119], [123.0628, 0.5121], [123.0628, 0.5123], [123.0629, 0.5129], [123.0629, 0.5136], [123.063, 0.5142], [123.063, 0.5148], [123.0631, 0.5155], [123.0631, 0.5156], [123.0631, 0.5157], [123.0631, 0.5158], [123.0631, 0.5159], [123.0631, 0.516], [123.0631, 0.5161], [123.0631, 0.5162], [123.0631, 0.5163], [123.0631, 0.5164], [123.0631, 0.5165], [123.0631, 0.5166], [123.0631, 0.5167], [123.063, 0.5168], [123.063, 0.5169], [123.063, 0.517], [123.0629, 0.517], [123.0629, 0.5171], [123.0629, 0.5172], [123.0629, 0.5173], [123.0628, 0.5174], [123.0628, 0.5175], [123.0628, 0.5176], [123.0628, 0.5178], [123.0628, 0.5179], [123.0627, 0.518], [123.0627, 0.5181], [123.0627, 0.5182], [123.0627, 0.5183], [123.0627, 0.5184], [123.0627, 0.5185], [123.0627, 0.5186], [123.0627, 0.5187], [123.0627, 0.5188], [123.0627, 0.5189], [123.0627, 0.519], [123.0627, 0.5191], [123.0627, 0.5192], [123.0627, 0.5193], [123.0627, 0.5194], [123.0627, 0.5195], [123.0627, 0.5196], [123.0627, 0.5197], [123.0627, 0.5198], [123.0627, 0.5199], [123.0627, 0.52], [123.0627, 0.5201], [123.0627, 0.5202], [123.0627, 0.5203], [123.0627, 0.5204], [123.0627, 0.5205], [123.0627, 0.5206], [123.0627, 0.5207], [123.0627, 0.5209], [123.0627, 0.521], [123.0627, 0.5211], [123.0627, 0.5212], [123.0627, 0.5213], [123.0627, 0.5214], [123.0627, 0.5215], [123.0626, 0.5216], [123.0625, 0.5215], [123.0624, 0.5216], [123.0623, 0.5217], [123.0623, 0.5218], [123.0623, 0.522], [123.0623, 0.5221], [123.0623, 0.5222], [123.0623, 0.5223], [123.0623, 0.5225], [123.0624, 0.5226], [123.0624, 0.5227], [123.0624, 0.5228], [123.0625, 0.5229], [123.0625, 0.523], [123.062, 0.5233], [123.0619, 0.5232], [123.0618, 0.5232], [123.0619, 0.5231], [123.0619, 0.523], [123.062, 0.5229], [123.062, 0.5227], [123.0619, 0.5223], [123.0619, 0.5222], [123.0619, 0.5221], [123.0618, 0.5218], [123.0617, 0.5217], [123.0617, 0.5213], [123.0617, 0.5212], [123.0617, 0.5211], [123.0617, 0.521], [123.0617, 0.5209], [123.0617, 0.5208], [123.0617, 0.5207], [123.0617, 0.5206], [123.0617, 0.5205], [123.0617, 0.5204], [123.0617, 0.5203], [123.0617, 0.5202], [123.0617, 0.5201], [123.0617, 0.52], [123.0617, 0.5199], [123.0617, 0.5198], [123.0617, 0.5197], [123.0617, 0.5196], [123.0617, 0.5195], [123.0617, 0.5194], [123.0617, 0.5193], [123.0617, 0.5192], [123.0617, 0.5191], [123.0617, 0.519], [123.0617, 0.5189], [123.0617, 0.5188], [123.0617, 0.5187], [123.0616, 0.5186], [123.0616, 0.5185], [123.0616, 0.5184], [123.0615, 0.5183], [123.0615, 0.5182], [123.0615, 0.5181], [123.0615, 0.518], [123.0615, 0.5179], [123.0615, 0.5178], [123.0614, 0.5177], [123.0614, 0.5176], [123.0614, 0.5175], [123.0613, 0.5174], [123.0614, 0.5173], [123.0613, 0.5173], [123.0613, 0.5172], [123.0613, 0.517], [123.0613, 0.5168], [123.0612, 0.5167], [123.0612, 0.5166], [123.0612, 0.5165], [123.0612, 0.5164], [123.0612, 0.5162], [123.0611, 0.5162], [123.0611, 0.5161], [123.0611, 0.516], [123.061, 0.5159], [123.061, 0.5158], [123.0611, 0.5157], [123.0611, 0.5156], [123.0611, 0.5154], [123.0611, 0.5153], [123.0611, 0.5152], [123.0611, 0.5151], [123.0611, 0.515], [123.061, 0.5149], [123.061, 0.5148], [123.061, 0.5147], [123.061, 0.5146], [123.061, 0.5145], [123.061, 0.5144], [123.061, 0.5143], [123.061, 0.5142], [123.061, 0.5141], [123.061, 0.514], [123.061, 0.5139], [123.061, 0.5138], [123.0609, 0.5137], [123.061, 0.5135], [123.061, 0.5134], [123.061, 0.5133], [123.061, 0.5132], [123.0609, 0.5131], [123.0609, 0.5132], [123.0608, 0.5133], [123.0607, 0.5132], [123.0607, 0.5131], [123.0607, 0.513], [123.0607, 0.5129], [123.0607, 0.5127], [123.0606, 0.5126], [123.0607, 0.5125], [123.0607, 0.5124], [123.0607, 0.5123], [123.0607, 0.5122], [123.0607, 0.5121], [123.0607, 0.512], [123.0607, 0.5119], [123.0607, 0.5118], [123.0607, 0.5117], [123.0606, 0.5116], [123.0606, 0.5115], [123.0605, 0.5114], [123.0604, 0.5113], [123.0603, 0.5113], [123.0603, 0.5112], [123.0603, 0.5111], [123.0603, 0.511], [123.0603, 0.5109], [123.0603, 0.5108], [123.0603, 0.5107], [123.0602, 0.5106], [123.0601, 0.5106], [123.0601, 0.5105], [123.0599, 0.5106], [123.0599, 0.5105], [123.0598, 0.5105], [123.0597, 0.5104], [123.0596, 0.5104], [123.0596, 0.5102], [123.0595, 0.5101], [123.0595, 0.51], [123.0595, 0.5099], [123.0595, 0.5098], [123.0595, 0.5097], [123.0595, 0.5096], [123.0595, 0.5095], [123.0595, 0.5094], [123.0594, 0.5093], [123.0594, 0.5092], [123.0593, 0.5091], [123.0593, 0.509], [123.0593, 0.5089], [123.0592, 0.5089], [123.0591, 0.5088], [123.059, 0.5087], [123.0591, 0.5085], [123.059, 0.5085], [123.059, 0.5083], [123.059, 0.5081], [123.059, 0.508], [123.059, 0.5079], [123.059, 0.5078], [123.059, 0.5077], [123.059, 0.5076], [123.0589, 0.5076], [123.0589, 0.5075], [123.0589, 0.5074], [123.0588, 0.5073], [123.0587, 0.5072], [123.0586, 0.507], [123.0584, 0.507], [123.0583, 0.5069], [123.0582, 0.5069], [123.058, 0.5069], [123.0578, 0.507], [123.0577, 0.507], [123.0576, 0.507], [123.0576, 0.5069], [123.0575, 0.5068], [123.0574, 0.5068], [123.0574, 0.5067], [123.0574, 0.5066], [123.0572, 0.5065], [123.0571, 0.5065], [123.057, 0.5064], [123.0569, 0.5064], [123.0568, 0.5064], [123.0567, 0.5063], [123.0566, 0.5062], [123.0565, 0.5062], [123.0564, 0.5061], [123.0563, 0.5061], [123.0562, 0.506], [123.0561, 0.506], [123.0559, 0.5059], [123.0558, 0.5059], [123.0557, 0.5058], [123.0556, 0.5057], [123.0554, 0.5057], [123.0553, 0.5056], [123.0552, 0.5056], [123.0551, 0.5055], [123.055, 0.5055], [123.0548, 0.5054], [123.0547, 0.5054], [123.0546, 0.5053], [123.0545, 0.5053], [123.0543, 0.5052], [123.0542, 0.5052], [123.0542, 0.5051], [123.0541, 0.5051], [123.054, 0.5051], [123.0539, 0.505], [123.0537, 0.505], [123.0536, 0.5049], [123.0535, 0.5049], [123.0534, 0.5048], [123.0533, 0.5048], [123.0532, 0.5047], [123.0531, 0.5047], [123.053, 0.5046], [123.0529, 0.5046], [123.0528, 0.5045], [123.0527, 0.5045], [123.0524, 0.5043], [123.0523, 0.5043], [123.0522, 0.5043], [123.0521, 0.5042], [123.052, 0.5041], [123.0519, 0.5041], [123.0518, 0.504], [123.0517, 0.504], [123.0516, 0.5039], [123.0515, 0.5039], [123.0514, 0.5039], [123.0513, 0.5038], [123.0512, 0.5038], [123.0511, 0.5037], [123.051, 0.5036], [123.0509, 0.5036], [123.0508, 0.5035], [123.0507, 0.5034], [123.0506, 0.5033], [123.0505, 0.5033], [123.0505, 0.5032], [123.0504, 0.5032], [123.0503, 0.5031], [123.0503, 0.503], [123.0502, 0.5029], [123.0501, 0.5029], [123.05, 0.5028], [123.0499, 0.5028], [123.0498, 0.5027], [123.0497, 0.5027], [123.0496, 0.5027], [123.0495, 0.5026], [123.0493, 0.5025], [123.0492, 0.5024], [123.0491, 0.5023], [123.049, 0.5022], [123.049, 0.5021], [123.0489, 0.502], [123.0488, 0.5018], [123.0489, 0.5017], [123.0489, 0.5016], [123.0489, 0.5015], [123.0489, 0.5014], [123.0489, 0.5013], [123.0489, 0.5012], [123.0489, 0.5011], [123.0488, 0.5011], [123.0488, 0.501], [123.0488, 0.5009], [123.0487, 0.5008], [123.0487, 0.5007], [123.0487, 0.5006], [123.0487, 0.5005], [123.0488, 0.5004], [123.0488, 0.5003], [123.0488, 0.5002], [123.0488, 0.5001], [123.0489, 0.5], [123.0489, 0.4999], [123.0489, 0.4998], [123.049, 0.4998], [123.049, 0.4997], [123.0491, 0.4996], [123.0491, 0.4994], [123.0492, 0.4993], [123.0492, 0.4992], [123.0492, 0.4991], [123.0492, 0.4989], [123.0493, 0.4989], [123.0493, 0.4988], [123.0493, 0.4987], [123.0493, 0.4986], [123.0493, 0.4985], [123.0493, 0.4984], [123.0493, 0.4983], [123.0493, 0.4982], [123.0493, 0.4981], [123.0493, 0.498], [123.0493, 0.4979], [123.0493, 0.4978], [123.0492, 0.4977], [123.0491, 0.4976], [123.0491, 0.4974], [123.0492, 0.4973], [123.0492, 0.4972], [123.0492, 0.4971], [123.0493, 0.497], [123.0493, 0.4969], [123.0493, 0.4968], [123.0494, 0.4967], [123.0494, 0.4966], [123.0495, 0.4965], [123.0495, 0.4964], [123.0495, 0.4963], [123.0496, 0.4962], [123.0497, 0.4961], [123.0497, 0.496], [123.0497, 0.4959], [123.0496, 0.4958], [123.0495, 0.4957], [123.0494, 0.4957], [123.0493, 0.4956], [123.0493, 0.4955], [123.0492, 0.4954], [123.0492, 0.4953], [123.0491, 0.4952], [123.0492, 0.4951], [123.0492, 0.495], [123.0493, 0.4949], [123.0493, 0.4948], [123.0493, 0.4947], [123.0494, 0.4946], [123.0494, 0.4945], [123.0495, 0.4944], [123.0494, 0.4943], [123.0494, 0.4942], [123.0494, 0.494], [123.0493, 0.4939], [123.0493, 0.4938], [123.0492, 0.4937], [123.0492, 0.4936], [123.0491, 0.4936], [123.0491, 0.4934], [123.0491, 0.4933], [123.049, 0.4932], [123.0489, 0.4932], [123.0488, 0.4932], [123.0487, 0.4932], [123.0486, 0.4932], [123.0485, 0.4932], [123.0484, 0.4931], [123.0483, 0.4931], [123.0482, 0.493], [123.0482, 0.4929], [123.0481, 0.4928], [123.0481, 0.4927], [123.048, 0.4926], [123.0479, 0.4925], [123.0478, 0.4924], [123.0478, 0.4923], [123.0477, 0.4923], [123.0477, 0.4922], [123.0476, 0.4921], [123.0475, 0.492], [123.0475, 0.4919], [123.0475, 0.4918], [123.0475, 0.4917], [123.0475, 0.4916], [123.0476, 0.4915], [123.0477, 0.4915], [123.0478, 0.4914], [123.0478, 0.4913], [123.0478, 0.4912], [123.0477, 0.4912], [123.0476, 0.4912], [123.0475, 0.4911], [123.0474, 0.491], [123.0474, 0.4909], [123.0473, 0.4909], [123.0473, 0.4908], [123.0472, 0.4907], [123.0472, 0.4906], [123.0461, 0.4909], [123.0454, 0.4915], [123.0452, 0.4923], [123.0454, 0.4928], [123.0457, 0.4937], [123.0451, 0.4946], [123.045, 0.4953], [123.0444, 0.4959], [123.0439, 0.4962], [123.0427, 0.4963], [123.0411, 0.4961], [123.0407, 0.4965], [123.0393, 0.4976], [123.037, 0.4977], [123.0354, 0.4982], [123.0343, 0.4978], [123.0328, 0.497], [123.0309, 0.4962], [123.0293, 0.4954], [123.0287, 0.4946], [123.0288, 0.4944], [123.0287, 0.494], [123.0287, 0.4926], [123.0281, 0.4916], [123.028, 0.4915], [123.0274, 0.4913], [123.0272, 0.4915], [123.0269, 0.4919], [123.0266, 0.4923], [123.0264, 0.4924], [123.0262, 0.4925], [123.0261, 0.4926], [123.0259, 0.4927], [123.0258, 0.4928], [123.0255, 0.4928], [123.0254, 0.4929], [123.0251, 0.4929], [123.0248, 0.4928], [123.0248, 0.4926], [123.0246, 0.4925], [123.024, 0.4926], [123.0237, 0.4928], [123.0237, 0.4932], [123.0236, 0.4935], [123.0236, 0.4943], [123.0235, 0.495], [123.0214, 0.4962], [123.0208, 0.4964], [123.0201, 0.4964], [123.0193, 0.497], [123.0184, 0.497], [123.0168, 0.4964], [123.0158, 0.4953], [123.0146, 0.4945], [123.0139, 0.4939], [123.0137, 0.4936], [123.0134, 0.4933], [123.0132, 0.4929], [123.0131, 0.4924], [123.0129, 0.4914], [123.0128, 0.4912], [123.0127, 0.491], [123.0111, 0.4903], [123.0107, 0.4904], [123.0105, 0.4903], [123.011, 0.4901], [123.0109, 0.4897], [123.0106, 0.4895], [123.0104, 0.4892], [123.0105, 0.489], [123.0103, 0.4888], [123.0099, 0.4892], [123.0099, 0.4897], [123.0097, 0.4898], [123.0091, 0.4899], [123.009, 0.49], [123.0079, 0.4914], [123.0075, 0.4913], [123.0072, 0.4909], [123.0067, 0.4908], [123.0064, 0.4907], [123.0053, 0.4908], [123.0049, 0.4905], [123.0045, 0.4903], [123.0034, 0.4893], [123.0025, 0.49], [123.0026, 0.4905], [123.0025, 0.4915], [123.0025, 0.4928], [123.0022, 0.4942], [123.0011, 0.4955], [122.9997, 0.4956], [122.9977, 0.4937], [122.9955, 0.4922], [122.9949, 0.4906], [122.9947, 0.4896], [122.9942, 0.4896], [122.9929, 0.4886], [122.9923, 0.4871], [122.9911, 0.4865], [122.9904, 0.4865], [122.9899, 0.486], [122.9893, 0.4855], [122.989, 0.4852], [122.9883, 0.4857], [122.9877, 0.4862], [122.9867, 0.4865], [122.9857, 0.4867], [122.9854, 0.4867], [122.9842, 0.4867], [122.9827, 0.4867], [122.9808, 0.4869], [122.9802, 0.4873], [122.9798, 0.4881], [122.98, 0.4885], [122.9797, 0.489], [122.979, 0.489], [122.9786, 0.4879], [122.9786, 0.4875], [122.9784, 0.4869], [122.9775, 0.4868], [122.9767, 0.4868], [122.9756, 0.4878], [122.9749, 0.489], [122.9748, 0.4898], [122.974, 0.4905], [122.9728, 0.4905], [122.9717, 0.4904], [122.9699, 0.4908], [122.9682, 0.4918], [122.9671, 0.4924], [122.9664, 0.4929], [122.9654, 0.4928], [122.9648, 0.4924], [122.9641, 0.4921], [122.9635, 0.4921], [122.9632, 0.493], [122.9624, 0.4933], [122.9611, 0.4932], [122.9602, 0.4928], [122.9598, 0.4929], [122.9591, 0.4932], [122.9585, 0.4928], [122.9584, 0.492], [122.9583, 0.4917], [122.958, 0.4911], [122.9568, 0.4912], [122.9557, 0.4909], [122.9553, 0.4906], [122.9536, 0.4913], [122.9525, 0.4909], [122.9516, 0.4911], [122.9505, 0.4908], [122.9492, 0.4904], [122.9487, 0.4896], [122.9467, 0.4896], [122.9454, 0.4903], [122.9416, 0.4885], [122.9405, 0.4895], [122.9396, 0.4897], [122.9383, 0.4888], [122.9377, 0.4878], [122.9364, 0.4873], [122.9352, 0.4878], [122.9347, 0.4878], [122.9333, 0.4866], [122.931, 0.4867], [122.9298, 0.4864], [122.9286, 0.4865], [122.9274, 0.4865], [122.9259, 0.4873], [122.9249, 0.4878], [122.9218, 0.4896], [122.9216, 0.4903], [122.92, 0.4924], [122.9184, 0.4929], [122.9164, 0.4922], [122.916, 0.4905], [122.9164, 0.4895], [122.9164, 0.4875], [122.9155, 0.4867], [122.9149, 0.4866], [122.9135, 0.4868], [122.9124, 0.4874], [122.9108, 0.4897], [122.9086, 0.4911], [122.9074, 0.4926], [122.9052, 0.4932], [122.9005, 0.4928], [122.899, 0.4914], [122.8974, 0.4909], [122.8955, 0.4912], [122.8909, 0.4882], [122.8907, 0.4872], [122.8903, 0.4868], [122.8899, 0.4864], [122.8898, 0.4862], [122.8882, 0.4859], [122.8861, 0.4871], [122.8812, 0.4888], [122.8725, 0.4902], [122.8689, 0.4911], [122.8669, 0.4912], [122.866, 0.4915], [122.865, 0.4928], [122.8636, 0.4928], [122.8624, 0.4927], [122.8592, 0.492], [122.8575, 0.492], [122.8548, 0.493], [122.8468, 0.4928], [122.842, 0.4939], [122.8404, 0.4932], [122.8372, 0.4932], [122.8355, 0.4923], [122.8351, 0.4924], [122.8342, 0.4927], [122.8334, 0.4933], [122.8328, 0.4935], [122.8326, 0.4936], [122.8323, 0.4938], [122.8315, 0.4942], [122.8312, 0.4942], [122.8307, 0.4941], [122.8303, 0.4939], [122.8298, 0.494], [122.8291, 0.4944], [122.8287, 0.4943], [122.8281, 0.4943], [122.8278, 0.4943], [122.8273, 0.4945], [122.8266, 0.4945], [122.8264, 0.4944], [122.8251, 0.4951], [122.8234, 0.495], [122.8231, 0.4953], [122.8236, 0.4964], [122.8236, 0.4977], [122.8231, 0.4984], [122.8221, 0.498], [122.8221, 0.4965], [122.8221, 0.4949], [122.8213, 0.4937], [122.8212, 0.4934], [122.8211, 0.4933], [122.8191, 0.4925], [122.8175, 0.4907], [122.8172, 0.4905], [122.8169, 0.4902], [122.8166, 0.4897], [122.816, 0.4891], [122.815, 0.4891], [122.8146, 0.4897], [122.8135, 0.4896], [122.8121, 0.4899], [122.8116, 0.4903], [122.8103, 0.4919], [122.8097, 0.4944], [122.8084, 0.4948], [122.8075, 0.494], [122.8068, 0.4942], [122.8042, 0.4949], [122.8008, 0.4948], [122.7989, 0.4945], [122.7967, 0.4943], [122.7959, 0.4947], [122.7948, 0.4946], [122.794, 0.4939], [122.7887, 0.4946], [122.7817, 0.4937], [122.779, 0.4909], [122.7767, 0.4898], [122.7721, 0.4857], [122.7702, 0.4836], [122.7682, 0.4842], [122.766, 0.4846], [122.764, 0.4847], [122.7623, 0.4851], [122.761, 0.4841], [122.76, 0.4834], [122.759, 0.483], [122.7579, 0.4838], [122.757, 0.4842], [122.7542, 0.484], [122.7533, 0.4841], [122.752, 0.4846], [122.7491, 0.4842], [122.7479, 0.4833], [122.7459, 0.4816], [122.7432, 0.4817], [122.7417, 0.4824], [122.7394, 0.4844], [122.7374, 0.4861], [122.7366, 0.4863], [122.735, 0.4862], [122.7334, 0.4852], [122.7334, 0.4846], [122.7327, 0.4837], [122.7319, 0.4835], [122.7314, 0.4841], [122.7306, 0.4844], [122.7296, 0.4845], [122.7284, 0.4837], [122.7274, 0.4827], [122.7261, 0.4825], [122.7252, 0.4835], [122.7251, 0.4843], [122.724, 0.4853], [122.7221, 0.4852], [122.7201, 0.4835], [122.7194, 0.4829], [122.7182, 0.4829], [122.7177, 0.4833], [122.7166, 0.4833], [122.7158, 0.4827], [122.7147, 0.4819], [122.714, 0.4814], [122.7123, 0.4814], [122.7106, 0.4816], [122.7087, 0.4811], [122.7082, 0.4805], [122.7071, 0.4792], [122.706, 0.4787], [122.7045, 0.4787], [122.7025, 0.48], [122.7023, 0.4809], [122.7016, 0.4812], [122.7013, 0.4819], [122.701, 0.4819], [122.7001, 0.481], [122.698, 0.4793], [122.6971, 0.4785], [122.6972, 0.4773], [122.697, 0.4759], [122.6963, 0.4752], [122.6941, 0.4737], [122.693, 0.4732], [122.6922, 0.4733], [122.6918, 0.4737], [122.6918, 0.4746], [122.6919, 0.4762], [122.691, 0.481], [122.6909, 0.4812], [122.6908, 0.4842], [122.6903, 0.4916], [122.6879, 0.4927], [122.6851, 0.4927], [122.6846, 0.494], [122.6839, 0.4955], [122.6858, 0.4975], [122.6866, 0.4972], [122.6876, 0.4979], [122.6876, 0.4988], [122.6856, 0.5004], [122.6854, 0.5038], [122.6803, 0.5064], [122.6772, 0.5072], [122.6765, 0.5087], [122.677, 0.5098], [122.677, 0.5116], [122.6749, 0.5128], [122.6738, 0.5126], [122.6718, 0.5126], [122.669, 0.5133], [122.6666, 0.5126], [122.6638, 0.5133], [122.6623, 0.5144], [122.6607, 0.5155], [122.6578, 0.5155], [122.6558, 0.5152], [122.6528, 0.5156], [122.6519, 0.5157], [122.6505, 0.5181], [122.6495, 0.5179], [122.6486, 0.5177], [122.6478, 0.5179], [122.6477, 0.5175], [122.6473, 0.5169], [122.647, 0.5164], [122.6466, 0.5157], [122.6473, 0.515], [122.6477, 0.5141], [122.6477, 0.5128], [122.6482, 0.5111], [122.6486, 0.5106], [122.6493, 0.511], [122.65, 0.5102], [122.6513, 0.5089], [122.6516, 0.5078], [122.6513, 0.5072], [122.6509, 0.5061], [122.6508, 0.5056], [122.6507, 0.505], [122.6507, 0.5048], [122.6507, 0.5041], [122.6507, 0.5035], [122.6507, 0.503], [122.6506, 0.5025], [122.6506, 0.5019], [122.6513, 0.5013], [122.6524, 0.5], [122.6525, 0.4992], [122.6525, 0.4985], [122.6522, 0.4982], [122.6523, 0.4981], [122.652, 0.4977], [122.652, 0.4973], [122.6523, 0.4968], [122.6529, 0.4963], [122.6537, 0.4962], [122.6547, 0.4962], [122.6552, 0.4957], [122.6554, 0.4948], [122.655, 0.4935], [122.6544, 0.4922], [122.6543, 0.491], [122.6534, 0.4898], [122.6532, 0.4891], [122.6535, 0.4881], [122.6537, 0.4865], [122.6534, 0.4854], [122.6518, 0.4837], [122.6476, 0.4806], [122.6445, 0.4774], [122.6444, 0.4772], [122.6442, 0.4768], [122.6436, 0.4758], [122.6422, 0.4762], [122.6412, 0.4779], [122.6389, 0.4822], [122.6367, 0.4843], [122.6338, 0.4862], [122.6306, 0.4871], [122.6278, 0.487], [122.6248, 0.4862], [122.6222, 0.4874], [122.6195, 0.4887], [122.6179, 0.4893], [122.6173, 0.4917], [122.618, 0.4933], [122.6195, 0.4944], [122.6196, 0.4945], [122.6193, 0.4958], [122.6192, 0.4966], [122.6195, 0.4976], [122.6191, 0.4977], [122.6184, 0.4972], [122.6178, 0.4956], [122.617, 0.4938], [122.6168, 0.493], [122.6156, 0.4933], [122.6147, 0.492], [122.6152, 0.4901], [122.6146, 0.4894], [122.6127, 0.4886], [122.6104, 0.4876], [122.6092, 0.4871], [122.609, 0.4872], [122.6072, 0.4888], [122.6061, 0.4907], [122.6037, 0.4923], [122.601, 0.4937], [122.5986, 0.4939], [122.5967, 0.4941], [122.5937, 0.4941], [122.5925, 0.495], [122.5925, 0.4967], [122.5931, 0.4979], [122.595, 0.4986], [122.5969, 0.4998], [122.5978, 0.5014], [122.5999, 0.5035], [122.6019, 0.5041], [122.6043, 0.5047], [122.6052, 0.5054], [122.6051, 0.5058], [122.6051, 0.5065], [122.6048, 0.5065], [122.603, 0.5065], [122.6024, 0.5067], [122.6011, 0.5071], [122.5989, 0.5079], [122.5984, 0.508], [122.5962, 0.5081], [122.5952, 0.5064], [122.5931, 0.5084], [122.5898, 0.5093], [122.5874, 0.5101], [122.5854, 0.5107], [122.5845, 0.5102], [122.5843, 0.5099], [122.5848, 0.5096], [122.585, 0.5094], [122.5862, 0.5089], [122.5866, 0.508], [122.5874, 0.508], [122.5882, 0.5071], [122.5915, 0.5059], [122.5935, 0.5057], [122.5948, 0.5049], [122.595, 0.5045], [122.5945, 0.5027], [122.5933, 0.5018], [122.5918, 0.5014], [122.5912, 0.5007], [122.5907, 0.5], [122.5903, 0.4974], [122.5895, 0.4969], [122.5881, 0.497], [122.5868, 0.4974], [122.5863, 0.4967], [122.5849, 0.4956], [122.5836, 0.4954], [122.5825, 0.495], [122.5795, 0.4938], [122.5781, 0.4934], [122.5767, 0.4933], [122.5734, 0.4927], [122.5717, 0.4933], [122.5705, 0.4939], [122.5683, 0.4947], [122.5669, 0.4943], [122.5651, 0.495], [122.5639, 0.4963], [122.5626, 0.4975], [122.5602, 0.4993], [122.5597, 0.5019], [122.5617, 0.5036], [122.5628, 0.5055], [122.5653, 0.5077], [122.568, 0.5081], [122.5691, 0.509], [122.5688, 0.5091], [122.5686, 0.5094], [122.5681, 0.5099], [122.5679, 0.5105], [122.5678, 0.511], [122.5678, 0.5112], [122.568, 0.5115], [122.5682, 0.5119], [122.5682, 0.5123], [122.568, 0.5126], [122.5676, 0.5131], [122.5669, 0.5135], [122.5659, 0.5137], [122.5637, 0.5133], [122.5607, 0.5125], [122.5598, 0.5121], [122.5595, 0.5127], [122.5581, 0.5113], [122.557, 0.5116], [122.5565, 0.5124], [122.5562, 0.513], [122.5551, 0.5131], [122.5548, 0.5128], [122.5542, 0.5121], [122.5536, 0.5126], [122.5529, 0.5137], [122.5513, 0.5131], [122.5519, 0.512], [122.552, 0.5113], [122.5515, 0.5107], [122.55, 0.509], [122.55, 0.5084], [122.5501, 0.5082], [122.5507, 0.5077], [122.5511, 0.5071], [122.5519, 0.5073], [122.5548, 0.5071], [122.5552, 0.5066], [122.5559, 0.5058], [122.5569, 0.504], [122.5572, 0.5022], [122.5577, 0.5004], [122.5566, 0.4988], [122.5567, 0.4974], [122.5566, 0.4969], [122.5565, 0.4961], [122.5552, 0.4944], [122.5537, 0.4925], [122.5519, 0.4906], [122.5488, 0.4899], [122.5457, 0.4898], [122.5435, 0.4905], [122.5416, 0.4924], [122.54, 0.4942], [122.5402, 0.4957], [122.5414, 0.497], [122.5421, 0.4993], [122.5436, 0.5012], [122.5433, 0.5032], [122.5446, 0.5046], [122.5463, 0.5047], [122.5465, 0.5063], [122.545, 0.5065], [122.5441, 0.5078], [122.5432, 0.5072], [122.5414, 0.5056], [122.5393, 0.5045], [122.5388, 0.5045], [122.5386, 0.5029], [122.5361, 0.5034], [122.535, 0.5032], [122.5343, 0.5017], [122.5333, 0.5007], [122.5315, 0.5012], [122.5314, 0.5026], [122.5307, 0.5035], [122.5303, 0.5041], [122.5294, 0.505], [122.5287, 0.5063], [122.5279, 0.5063], [122.5265, 0.506], [122.5259, 0.5053], [122.5258, 0.5038], [122.5252, 0.5035], [122.5248, 0.5033], [122.5242, 0.5044], [122.5238, 0.5053], [122.5229, 0.5056], [122.5224, 0.5051], [122.5226, 0.5037], [122.5222, 0.5032], [122.5212, 0.5026], [122.5203, 0.5017], [122.5189, 0.5026], [122.518, 0.5041], [122.5173, 0.5062], [122.5164, 0.5084], [122.5156, 0.5095], [122.5148, 0.5111], [122.514, 0.5109], [122.5129, 0.5093], [122.5133, 0.5082], [122.5136, 0.5063], [122.5138, 0.5049], [122.5146, 0.5039], [122.5151, 0.5026], [122.5169, 0.5024], [122.5177, 0.5019], [122.5175, 0.5004], [122.5178, 0.4991], [122.5175, 0.4973], [122.5156, 0.4973], [122.5124, 0.4982], [122.5115, 0.4991], [122.5119, 0.5012], [122.511, 0.5027], [122.5082, 0.5038], [122.5076, 0.5054], [122.5063, 0.5066], [122.5063, 0.5077], [122.5071, 0.5087], [122.5088, 0.5095], [122.5103, 0.5106], [122.512, 0.511], [122.5124, 0.5115], [122.5124, 0.5124], [122.5125, 0.5128], [122.511, 0.5134], [122.509, 0.5129], [122.5079, 0.5117], [122.5026, 0.508], [122.5024, 0.5072], [122.5018, 0.5057], [122.5013, 0.5056], [122.501, 0.5058], [122.5004, 0.5048], [122.4997, 0.5048], [122.4996, 0.5057], [122.4996, 0.5069], [122.4988, 0.5069], [122.4975, 0.5077], [122.4964, 0.5078], [122.4962, 0.5079], [122.4963, 0.5075], [122.4965, 0.5067], [122.4966, 0.5062], [122.4962, 0.5056], [122.4958, 0.505], [122.4961, 0.5046], [122.4962, 0.5041], [122.4959, 0.5035], [122.496, 0.503], [122.4962, 0.5026], [122.496, 0.5021], [122.4956, 0.5018], [122.4947, 0.5018], [122.4936, 0.5018], [122.493, 0.5013], [122.4918, 0.5011], [122.4907, 0.5017], [122.4882, 0.501], [122.4863, 0.5011], [122.4854, 0.5011], [122.4844, 0.5014], [122.4835, 0.5009], [122.4815, 0.5012], [122.4813, 0.5014], [122.4811, 0.5016], [122.4804, 0.502], [122.4793, 0.5032], [122.4792, 0.5032], [122.4786, 0.5033], [122.478, 0.5027], [122.4779, 0.5033], [122.4778, 0.5038], [122.4777, 0.5042], [122.4776, 0.5048], [122.4773, 0.5052], [122.4771, 0.5055], [122.4766, 0.506], [122.4767, 0.5062], [122.4765, 0.5065], [122.4758, 0.5063], [122.4754, 0.5063], [122.475, 0.5062], [122.4748, 0.5062], [122.4742, 0.5063], [122.4736, 0.5064], [122.4733, 0.5063], [122.473, 0.5062], [122.4727, 0.5062], [122.4722, 0.5062], [122.4723, 0.5058], [122.4726, 0.5057], [122.4731, 0.5058], [122.4736, 0.5059], [122.4746, 0.5056], [122.4753, 0.5057], [122.4757, 0.5046], [122.4762, 0.5041], [122.4763, 0.5037], [122.4761, 0.5034], [122.4761, 0.503], [122.476, 0.5027], [122.4758, 0.5025], [122.4756, 0.5022], [122.4754, 0.502], [122.4751, 0.502], [122.4747, 0.5021], [122.4744, 0.5019], [122.4741, 0.5021], [122.474, 0.5021], [122.4738, 0.5021], [122.4737, 0.5024], [122.4737, 0.5026], [122.4734, 0.5027], [122.473, 0.5024], [122.4724, 0.5025], [122.4719, 0.5023], [122.4715, 0.5022], [122.4713, 0.5021], [122.4712, 0.5021], [122.471, 0.5021], [122.4709, 0.502], [122.4706, 0.5019], [122.4704, 0.502], [122.4702, 0.5017], [122.4697, 0.5016], [122.4691, 0.5015], [122.4687, 0.5013], [122.468, 0.5012], [122.4678, 0.5015], [122.4674, 0.5014], [122.467, 0.5012], [122.4665, 0.5013], [122.4662, 0.5014], [122.4658, 0.5018], [122.465, 0.5016], [122.4645, 0.5018], [122.4638, 0.5017], [122.4634, 0.5017], [122.4625, 0.5014], [122.4624, 0.5014], [122.4619, 0.5017], [122.4619, 0.5021], [122.4623, 0.5029], [122.4625, 0.5036], [122.4629, 0.5038], [122.4634, 0.5038], [122.4639, 0.5036], [122.4646, 0.5038], [122.4654, 0.504], [122.4663, 0.5032], [122.4665, 0.5031], [122.4668, 0.5028], [122.4672, 0.503], [122.4676, 0.5033], [122.4679, 0.5035], [122.4682, 0.5036], [122.4686, 0.5039], [122.4689, 0.5041], [122.4693, 0.5046], [122.4695, 0.5049], [122.4696, 0.5053], [122.4695, 0.5056], [122.4693, 0.5058], [122.469, 0.506], [122.4688, 0.5062], [122.4686, 0.5063], [122.4683, 0.5064], [122.468, 0.5064], [122.4676, 0.5063], [122.4671, 0.5064], [122.4668, 0.5064], [122.4665, 0.5065], [122.4662, 0.5066], [122.4656, 0.5067], [122.4652, 0.5068], [122.4644, 0.507], [122.464, 0.507], [122.4637, 0.5071], [122.4635, 0.5071], [122.4632, 0.5067], [122.4625, 0.5062], [122.4611, 0.5062], [122.4595, 0.5062], [122.4579, 0.5062], [122.4535, 0.507], [122.4532, 0.507], [122.453, 0.5071], [122.4526, 0.5074], [122.4523, 0.5075], [122.4519, 0.5077], [122.4517, 0.5076], [122.4513, 0.5076], [122.4507, 0.5075], [122.4505, 0.5075], [122.4502, 0.5074], [122.45, 0.5073], [122.4496, 0.5078], [122.4493, 0.5081], [122.4491, 0.5082], [122.449, 0.5084], [122.4488, 0.5086], [122.4486, 0.5089], [122.4485, 0.5091], [122.4484, 0.5094], [122.4484, 0.5101], [122.449, 0.5101], [122.4492, 0.5099], [122.4496, 0.5095], [122.45, 0.5093], [122.4505, 0.5095], [122.4503, 0.5099], [122.4496, 0.5105], [122.4491, 0.5109], [122.4487, 0.5111], [122.4486, 0.5117], [122.4485, 0.5119], [122.4483, 0.5121], [122.4483, 0.5125], [122.4484, 0.5128], [122.4486, 0.513], [122.449, 0.514], [122.449, 0.5147], [122.4481, 0.5166], [122.4478, 0.5172], [122.447, 0.5174], [122.4465, 0.5172], [122.4459, 0.5168], [122.4457, 0.5161], [122.4459, 0.5158], [122.4461, 0.5155], [122.4463, 0.5152], [122.4465, 0.5147], [122.4465, 0.5143], [122.4465, 0.5137], [122.4465, 0.5134], [122.4466, 0.5132], [122.4463, 0.513], [122.446, 0.5128], [122.4456, 0.5125], [122.4453, 0.5125], [122.445, 0.5129], [122.4452, 0.5132], [122.4454, 0.5134], [122.4453, 0.5138], [122.4453, 0.514], [122.4453, 0.5144], [122.4449, 0.5146], [122.4448, 0.5146], [122.4448, 0.5148], [122.4447, 0.5153], [122.4445, 0.5154], [122.4443, 0.5151], [122.4438, 0.5144], [122.4432, 0.5141], [122.4426, 0.5141], [122.4422, 0.5137], [122.4424, 0.5133], [122.4428, 0.513], [122.4432, 0.5129], [122.4435, 0.5128], [122.4437, 0.5125], [122.4437, 0.512], [122.4432, 0.5113], [122.4429, 0.5112], [122.4424, 0.5113], [122.4425, 0.5118], [122.4424, 0.5119], [122.4425, 0.5127], [122.4421, 0.5128], [122.4416, 0.5126], [122.4412, 0.5121], [122.4407, 0.5118], [122.4406, 0.5114], [122.4407, 0.5112], [122.441, 0.5109], [122.4412, 0.5107], [122.4413, 0.5107], [122.4415, 0.5103], [122.4415, 0.51], [122.4412, 0.51], [122.4413, 0.5095], [122.4413, 0.5091], [122.4413, 0.509], [122.4417, 0.5092], [122.4423, 0.5096], [122.4429, 0.5098], [122.4436, 0.5096], [122.4438, 0.5093], [122.4438, 0.5083], [122.4438, 0.5082], [122.4442, 0.5074], [122.4447, 0.5078], [122.4449, 0.5074], [122.4453, 0.5073], [122.4458, 0.5074], [122.4461, 0.5074], [122.4464, 0.5075], [122.4468, 0.5075], [122.4472, 0.5073], [122.4474, 0.5069], [122.4472, 0.5064], [122.4469, 0.5055], [122.4461, 0.5056], [122.4457, 0.5056], [122.4455, 0.5051], [122.4451, 0.5049], [122.4448, 0.5047], [122.4446, 0.5047], [122.4442, 0.5045], [122.4434, 0.5043], [122.4431, 0.5042], [122.4428, 0.5042], [122.4423, 0.5041], [122.4417, 0.5041], [122.4412, 0.5046], [122.4407, 0.505], [122.4406, 0.5052], [122.4403, 0.5057], [122.4402, 0.5057], [122.4395, 0.5057], [122.4393, 0.5051], [122.4388, 0.5047], [122.4384, 0.5041], [122.4389, 0.5037], [122.4393, 0.5031], [122.4391, 0.5028], [122.4389, 0.5024], [122.4385, 0.5018], [122.4383, 0.5015], [122.4367, 0.5006], [122.4359, 0.4999], [122.4351, 0.4999], [122.4351, 0.5002], [122.4347, 0.5007], [122.4339, 0.5009], [122.4334, 0.5011], [122.4327, 0.5014], [122.4319, 0.5017], [122.4318, 0.5021], [122.4321, 0.5024], [122.4325, 0.5027], [122.4324, 0.5032], [122.4324, 0.5035], [122.4322, 0.5037], [122.4315, 0.5036], [122.4314, 0.5034], [122.4312, 0.5031], [122.4307, 0.5028], [122.4301, 0.5027], [122.4299, 0.5027], [122.4297, 0.5034], [122.429, 0.5042], [122.4284, 0.5049], [122.4275, 0.5052], [122.4266, 0.5047], [122.4261, 0.5045], [122.4258, 0.5045], [122.4245, 0.5048], [122.4242, 0.5052], [122.4234, 0.5058], [122.4227, 0.5057], [122.4211, 0.5044], [122.4207, 0.5039], [122.4206, 0.5037], [122.4205, 0.5036], [122.4201, 0.5032], [122.4198, 0.5029], [122.4192, 0.5025], [122.419, 0.5024], [122.4176, 0.5023], [122.4164, 0.502], [122.4148, 0.5017], [122.4142, 0.5017], [122.413, 0.5022], [122.4129, 0.5028], [122.4127, 0.5037], [122.4127, 0.5038], [122.4126, 0.5046], [122.4124, 0.505], [122.4123, 0.5053], [122.4126, 0.5057], [122.4135, 0.5058], [122.4147, 0.5062], [122.4151, 0.5067], [122.4155, 0.507], [122.4159, 0.5073], [122.4161, 0.5075], [122.4163, 0.5078], [122.4165, 0.508], [122.4166, 0.5082], [122.4168, 0.5086], [122.4173, 0.5104], [122.4174, 0.5112], [122.4164, 0.5127], [122.4146, 0.5139], [122.4137, 0.514], [122.4132, 0.5136], [122.4134, 0.5129], [122.4138, 0.5123], [122.4138, 0.5115], [122.4127, 0.5109], [122.4124, 0.5108], [122.4122, 0.5108], [122.4118, 0.5112], [122.4115, 0.5113], [122.4113, 0.5114], [122.4112, 0.511], [122.4112, 0.5104], [122.4111, 0.5099], [122.4109, 0.5099], [122.409, 0.5095], [122.4079, 0.5094], [122.4074, 0.5094], [122.4069, 0.5093], [122.4063, 0.5093], [122.4058, 0.5093], [122.4052, 0.5099], [122.4053, 0.5104], [122.4057, 0.5107], [122.4065, 0.5106], [122.4073, 0.5107], [122.4075, 0.511], [122.4068, 0.5112], [122.4063, 0.5114], [122.4054, 0.5119], [122.4048, 0.5127], [122.4049, 0.513], [122.4051, 0.5134], [122.4053, 0.514], [122.4054, 0.5145], [122.4055, 0.5146], [122.4059, 0.5154], [122.4057, 0.5161], [122.4062, 0.5169], [122.4072, 0.517], [122.4078, 0.5169], [122.4084, 0.5173], [122.4085, 0.5179], [122.4081, 0.5187], [122.4071, 0.5187], [122.4063, 0.5186], [122.4052, 0.5185], [122.4046, 0.518], [122.4041, 0.5171], [122.4038, 0.5164], [122.4025, 0.5158], [122.4004, 0.5158], [122.4004, 0.5162], [122.4007, 0.5165], [122.4009, 0.5168], [122.4011, 0.5172], [122.4013, 0.5177], [122.4017, 0.5182], [122.4018, 0.5187], [122.4018, 0.5189], [122.4018, 0.5193], [122.402, 0.5198], [122.4025, 0.52], [122.4028, 0.52], [122.4032, 0.5201], [122.4034, 0.5201], [122.4037, 0.5205], [122.4036, 0.5209], [122.403, 0.5214], [122.4022, 0.5215], [122.4016, 0.5211], [122.4012, 0.5203], [122.4012, 0.5201], [122.4011, 0.5199], [122.401, 0.5195], [122.4008, 0.5193], [122.4003, 0.5199], [122.3999, 0.5199], [122.4, 0.5194], [122.4, 0.519], [122.4, 0.5187], [122.4, 0.5186], [122.3999, 0.5184], [122.3992, 0.5185], [122.3987, 0.5188], [122.3977, 0.5192], [122.3972, 0.5192], [122.3963, 0.5194], [122.396, 0.5191], [122.396, 0.5183], [122.3965, 0.5179], [122.3965, 0.5176], [122.3963, 0.5173], [122.3958, 0.5169], [122.3956, 0.5168], [122.395, 0.517], [122.3947, 0.5175], [122.3946, 0.5178], [122.3943, 0.5188], [122.3937, 0.5192], [122.3928, 0.519], [122.3925, 0.5185], [122.3921, 0.5181], [122.3917, 0.5181], [122.3914, 0.5188], [122.3913, 0.5192], [122.3906, 0.5196], [122.3899, 0.5199], [122.3896, 0.5209], [122.3896, 0.5212], [122.3892, 0.5213], [122.3887, 0.5211], [122.3887, 0.5208], [122.3886, 0.5201], [122.3889, 0.5198], [122.3893, 0.5193], [122.3895, 0.519], [122.3895, 0.5184], [122.3893, 0.5181], [122.3892, 0.5177], [122.3896, 0.5173], [122.3899, 0.517], [122.39, 0.5163], [122.39, 0.516], [122.3894, 0.5155], [122.3886, 0.5151], [122.3882, 0.5143], [122.3883, 0.5133], [122.3877, 0.5128], [122.3875, 0.5133], [122.3872, 0.5136], [122.3868, 0.5134], [122.3867, 0.5138], [122.386, 0.5138], [122.3855, 0.5142], [122.3857, 0.5163], [122.3853, 0.5165], [122.3844, 0.5163], [122.3842, 0.5161], [122.3839, 0.5157], [122.3836, 0.5154], [122.3838, 0.5149], [122.3835, 0.5145], [122.3834, 0.5142], [122.3828, 0.5139], [122.3823, 0.5139], [122.3815, 0.5144], [122.3812, 0.5147], [122.3816, 0.5153], [122.3814, 0.5158], [122.3815, 0.5162], [122.3814, 0.5166], [122.3813, 0.517], [122.3809, 0.5178], [122.3804, 0.5183], [122.3797, 0.5184], [122.3792, 0.5179], [122.3792, 0.5169], [122.3791, 0.5166], [122.3793, 0.5165], [122.3794, 0.5163], [122.3787, 0.5153], [122.3786, 0.5152], [122.3783, 0.5153], [122.378, 0.5152], [122.3779, 0.5152], [122.3778, 0.515], [122.3776, 0.5149], [122.377, 0.5143], [122.3767, 0.514], [122.3766, 0.5138], [122.3759, 0.5136], [122.376, 0.5133], [122.3761, 0.513], [122.3759, 0.5129], [122.3758, 0.5127], [122.375, 0.5131], [122.3744, 0.5131], [122.3741, 0.5131], [122.374, 0.513], [122.3738, 0.5125], [122.3737, 0.5121], [122.3735, 0.5118], [122.3732, 0.5116], [122.373, 0.5114], [122.3728, 0.5112], [122.3727, 0.5112], [122.3725, 0.511], [122.3724, 0.5108], [122.3721, 0.5108], [122.3719, 0.5107], [122.3717, 0.5105], [122.3717, 0.5104], [122.3715, 0.5103], [122.3715, 0.5102], [122.3714, 0.51], [122.3713, 0.5099], [122.3714, 0.5097], [122.3715, 0.5097], [122.3714, 0.5094], [122.3715, 0.5093], [122.3714, 0.509], [122.3711, 0.509], [122.3712, 0.5089], [122.3711, 0.5088], [122.3711, 0.5086], [122.3709, 0.5085], [122.3708, 0.5084], [122.3707, 0.5084], [122.3705, 0.5082], [122.3705, 0.5081], [122.3704, 0.508], [122.3703, 0.5079], [122.3704, 0.5078], [122.3705, 0.5075], [122.3705, 0.5071], [122.3704, 0.5067], [122.3701, 0.5062], [122.3693, 0.5059], [122.3687, 0.506], [122.3684, 0.5056], [122.3685, 0.5054], [122.3682, 0.5053], [122.368, 0.505], [122.368, 0.5048], [122.368, 0.5047], [122.3681, 0.5044], [122.3676, 0.504], [122.3675, 0.5042], [122.3675, 0.5038], [122.3672, 0.5035], [122.3667, 0.5032], [122.3664, 0.5032], [122.3663, 0.5031], [122.3663, 0.5029], [122.3662, 0.5026], [122.3662, 0.5025], [122.3659, 0.5021], [122.3656, 0.5021], [122.3654, 0.5027], [122.365, 0.5032], [122.3643, 0.5032], [122.3637, 0.5032], [122.3634, 0.5032], [122.3631, 0.5033], [122.3631, 0.5034], [122.363, 0.5037], [122.3627, 0.5038], [122.3622, 0.5039], [122.3619, 0.504], [122.3619, 0.5044], [122.362, 0.5047], [122.362, 0.5049], [122.3623, 0.5053], [122.3624, 0.5059], [122.3629, 0.5062], [122.3635, 0.5062], [122.3635, 0.5065], [122.3635, 0.5067], [122.3631, 0.5067], [122.3625, 0.5068], [122.3619, 0.5071], [122.3615, 0.5068], [122.3614, 0.5061], [122.3614, 0.5058], [122.3615, 0.5056], [122.3614, 0.5053], [122.3612, 0.5052], [122.3609, 0.5052], [122.3606, 0.5053], [122.3602, 0.5056], [122.3598, 0.5058], [122.3594, 0.5059], [122.3593, 0.5062], [122.3594, 0.5065], [122.3591, 0.5067], [122.3589, 0.5069], [122.3589, 0.5073], [122.3587, 0.5076], [122.3586, 0.5079], [122.3585, 0.5081], [122.3585, 0.5086], [122.358, 0.5092], [122.3573, 0.5093], [122.3571, 0.5095], [122.3568, 0.5098], [122.3565, 0.5101], [122.3562, 0.5104], [122.3557, 0.5104], [122.3552, 0.5098], [122.3545, 0.5096], [122.354, 0.5091], [122.3532, 0.5076], [122.3531, 0.5075], [122.353, 0.5074], [122.3529, 0.5072], [122.3521, 0.5069], [122.3515, 0.5066], [122.3505, 0.5063], [122.3503, 0.5061], [122.35, 0.5058], [122.3494, 0.5054], [122.3493, 0.5053], [122.349, 0.5049], [122.3482, 0.5039], [122.3478, 0.5029], [122.3477, 0.502], [122.3481, 0.5012], [122.3483, 0.501], [122.3488, 0.5007], [122.3491, 0.5005], [122.3492, 0.5003], [122.3496, 0.5001], [122.3498, 0.5002], [122.3503, 0.5001], [122.3506, 0.5], [122.3507, 0.4997], [122.3505, 0.499], [122.3505, 0.4988], [122.3507, 0.4985], [122.3508, 0.4983], [122.351, 0.4979], [122.3509, 0.4977], [122.3512, 0.4977], [122.3512, 0.4973], [122.3513, 0.497], [122.3514, 0.4971], [122.3518, 0.4971], [122.3521, 0.4967], [122.3523, 0.4966], [122.3524, 0.4966], [122.3523, 0.4963], [122.3524, 0.4959], [122.353, 0.4953], [122.3529, 0.4948], [122.353, 0.4945], [122.353, 0.4939], [122.3529, 0.4937], [122.3525, 0.4933], [122.3523, 0.4928], [122.352, 0.4928], [122.3519, 0.4932], [122.3519, 0.4935], [122.3519, 0.4939], [122.3519, 0.4941], [122.3519, 0.4942], [122.3514, 0.4946], [122.351, 0.4946], [122.3506, 0.4944], [122.3505, 0.4939], [122.3503, 0.4933], [122.3501, 0.493], [122.3495, 0.4929], [122.3493, 0.4933], [122.3494, 0.4937], [122.3493, 0.4942], [122.3493, 0.4945], [122.3491, 0.4948], [122.3489, 0.4949], [122.3486, 0.495], [122.3485, 0.495], [122.3487, 0.4955], [122.3482, 0.4957], [122.3477, 0.4965], [122.3471, 0.4969], [122.3468, 0.4964], [122.3465, 0.4962], [122.346, 0.4956], [122.3453, 0.4953], [122.3444, 0.4955], [122.344, 0.4956], [122.3441, 0.4968], [122.3441, 0.4973], [122.3438, 0.4974], [122.3433, 0.4974], [122.3432, 0.497], [122.343, 0.4968], [122.343, 0.4964], [122.3428, 0.496], [122.3426, 0.4956], [122.3425, 0.4953], [122.3423, 0.495], [122.3424, 0.4947], [122.3426, 0.4943], [122.3431, 0.494], [122.3435, 0.4939], [122.3436, 0.4936], [122.3436, 0.4931], [122.3433, 0.4931], [122.3428, 0.4934], [122.3426, 0.4934], [122.3422, 0.4936], [122.3415, 0.4937], [122.3411, 0.4937], [122.3408, 0.4936], [122.3404, 0.4934], [122.3402, 0.4936], [122.3401, 0.4939], [122.34, 0.4941], [122.3402, 0.4945], [122.3403, 0.4947], [122.3404, 0.4949], [122.3407, 0.4952], [122.3409, 0.4955], [122.341, 0.4958], [122.3411, 0.496], [122.3414, 0.4962], [122.3414, 0.4964], [122.3412, 0.4965], [122.341, 0.4965], [122.3409, 0.4964], [122.3407, 0.4962], [122.3403, 0.4964], [122.3401, 0.4964], [122.3398, 0.4965], [122.3398, 0.4963], [122.34, 0.4961], [122.3401, 0.496], [122.3403, 0.4957], [122.3396, 0.4952], [122.3389, 0.4945], [122.3386, 0.4943], [122.3384, 0.494], [122.3385, 0.4937], [122.3386, 0.4938], [122.3388, 0.4937], [122.339, 0.4936], [122.3391, 0.4931], [122.339, 0.4929], [122.3391, 0.4926], [122.339, 0.4922], [122.3376, 0.4923], [122.3375, 0.4929], [122.3373, 0.4933], [122.3372, 0.4939], [122.3372, 0.4947], [122.337, 0.4952], [122.3368, 0.4956], [122.3371, 0.4959], [122.3376, 0.4959], [122.3381, 0.4963], [122.3382, 0.4969], [122.3383, 0.4974], [122.3383, 0.4979], [122.3383, 0.4985], [122.3382, 0.4988], [122.338, 0.4989], [122.3376, 0.4989], [122.3371, 0.4983], [122.3368, 0.4972], [122.3362, 0.4969], [122.336, 0.4971], [122.3355, 0.4972], [122.3352, 0.4974], [122.3351, 0.4977], [122.3354, 0.4981], [122.3363, 0.5], [122.3367, 0.5006], [122.3376, 0.5011], [122.338, 0.5018], [122.3396, 0.5027], [122.3399, 0.5028], [122.3401, 0.503], [122.3405, 0.5033], [122.3406, 0.5035], [122.3405, 0.5038], [122.3403, 0.5038], [122.3401, 0.5038], [122.3399, 0.5039], [122.3397, 0.5041], [122.3395, 0.5046], [122.3393, 0.5047], [122.339, 0.5053], [122.339, 0.5058], [122.3388, 0.507], [122.3385, 0.5077], [122.3382, 0.5077], [122.338, 0.5072], [122.338, 0.507], [122.3383, 0.5064], [122.3385, 0.5056], [122.3386, 0.5045], [122.3387, 0.5041], [122.3384, 0.504], [122.3382, 0.5036], [122.338, 0.5036], [122.3377, 0.5036], [122.3374, 0.5038], [122.3371, 0.5036], [122.3369, 0.5034], [122.3367, 0.5031], [122.3365, 0.503], [122.3363, 0.5029], [122.336, 0.5029], [122.3358, 0.5025], [122.3355, 0.5024], [122.3354, 0.502], [122.3355, 0.5017], [122.3352, 0.5014], [122.3349, 0.5011], [122.3346, 0.5009], [122.3343, 0.5009], [122.3343, 0.5012], [122.3343, 0.5017], [122.3344, 0.5022], [122.3345, 0.503], [122.3345, 0.5037], [122.3344, 0.5043], [122.3346, 0.5047], [122.3347, 0.5052], [122.3346, 0.5057], [122.3345, 0.5061], [122.3344, 0.5065], [122.3342, 0.5069], [122.334, 0.5073], [122.3337, 0.5077], [122.3336, 0.5081], [122.3337, 0.5086], [122.3338, 0.5091], [122.3337, 0.5094], [122.3333, 0.5096], [122.3325, 0.5096], [122.3321, 0.5096], [122.3317, 0.5092], [122.3318, 0.5088], [122.3321, 0.5086], [122.3321, 0.5081], [122.3324, 0.5076], [122.3326, 0.5073], [122.3327, 0.5068], [122.333, 0.5061], [122.3331, 0.5056], [122.3331, 0.5051], [122.3328, 0.5043], [122.3322, 0.5035], [122.3316, 0.5035], [122.3308, 0.5035], [122.3299, 0.5037], [122.3298, 0.5038], [122.3294, 0.5041], [122.329, 0.5038], [122.3285, 0.5034], [122.3283, 0.5027], [122.3282, 0.5024], [122.3281, 0.5015], [122.3281, 0.5013], [122.3284, 0.5009], [122.3287, 0.5005], [122.3289, 0.5001], [122.3287, 0.4994], [122.3282, 0.499], [122.3276, 0.4985], [122.3272, 0.4979], [122.3271, 0.4974], [122.3272, 0.4968], [122.3274, 0.4963], [122.3276, 0.4961], [122.3274, 0.4957], [122.3273, 0.4947], [122.3272, 0.4937], [122.327, 0.4936], [122.327, 0.4934], [122.3269, 0.4927], [122.3264, 0.4923], [122.3256, 0.4923], [122.3245, 0.4924], [122.3239, 0.4928], [122.3229, 0.4935], [122.3223, 0.4937], [122.3216, 0.4939], [122.3217, 0.4943], [122.322, 0.4946], [122.3225, 0.4951], [122.3226, 0.4956], [122.3229, 0.4961], [122.3229, 0.4964], [122.3229, 0.497], [122.3228, 0.4975], [122.3225, 0.4983], [122.3218, 0.4991], [122.3206, 0.4993], [122.3203, 0.4995], [122.32, 0.5002], [122.3194, 0.5007], [122.3187, 0.5025], [122.3188, 0.5031], [122.3182, 0.5039], [122.3179, 0.5046], [122.3179, 0.5052], [122.318, 0.5058], [122.3183, 0.5069], [122.3184, 0.5078], [122.3183, 0.5086], [122.3177, 0.5084], [122.3173, 0.5078], [122.3171, 0.5071], [122.3171, 0.507], [122.3166, 0.5068], [122.3164, 0.5059], [122.3164, 0.5055], [122.3162, 0.5051], [122.3161, 0.505], [122.3158, 0.5047], [122.3165, 0.5039], [122.3168, 0.5033], [122.3166, 0.503], [122.3167, 0.5024], [122.3172, 0.5017], [122.3173, 0.5007], [122.3171, 0.4999], [122.317, 0.4997], [122.3171, 0.4994], [122.3174, 0.4989], [122.3173, 0.4985], [122.3171, 0.4982], [122.3169, 0.4973], [122.3171, 0.4961], [122.3173, 0.496], [122.3174, 0.4956], [122.3175, 0.4954], [122.3176, 0.4953], [122.3176, 0.495], [122.3175, 0.495], [122.3175, 0.4948], [122.3169, 0.4947], [122.316, 0.4941], [122.3152, 0.494], [122.3149, 0.4942], [122.3148, 0.4942], [122.3148, 0.4952], [122.3144, 0.4958], [122.3137, 0.4962], [122.3137, 0.496], [122.3138, 0.4958], [122.3139, 0.4953], [122.3131, 0.495], [122.3126, 0.4946], [122.3122, 0.4934], [122.312, 0.4927], [122.3122, 0.4921], [122.3126, 0.4918], [122.3134, 0.4918], [122.3141, 0.4914], [122.3148, 0.4913], [122.3152, 0.4913], [122.3156, 0.4914], [122.3161, 0.4911], [122.3162, 0.4905], [122.3159, 0.49], [122.3145, 0.4898], [122.3139, 0.4894], [122.3132, 0.489], [122.3126, 0.489], [122.3115, 0.4894], [122.3107, 0.4898], [122.3101, 0.491], [122.3098, 0.4914], [122.3093, 0.4919], [122.3077, 0.492], [122.3076, 0.4916], [122.3042, 0.4902], [122.3023, 0.4879], [122.3013, 0.487], [122.3008, 0.486], [122.3014, 0.4853], [122.3011, 0.4847], [122.3003, 0.4843], [122.2996, 0.484], [122.2981, 0.484], [122.2959, 0.4843], [122.294, 0.4846], [122.2935, 0.4849], [122.2931, 0.4854], [122.2924, 0.4859], [122.2916, 0.4863], [122.2911, 0.4858], [122.2898, 0.4855], [122.2888, 0.4856], [122.2878, 0.4858], [122.286, 0.4869], [122.2856, 0.4868], [122.2843, 0.4867], [122.2847, 0.4864], [122.285, 0.4862], [122.286, 0.4847], [122.2872, 0.4845], [122.2883, 0.4845], [122.2886, 0.4842], [122.289, 0.4836], [122.2894, 0.4832], [122.29, 0.4835], [122.2903, 0.4834], [122.2904, 0.4831], [122.2908, 0.4832], [122.2912, 0.4834], [122.2915, 0.4829], [122.2919, 0.4828], [122.2919, 0.4821], [122.292, 0.4819], [122.2924, 0.4817], [122.2929, 0.4817], [122.2933, 0.4817], [122.2935, 0.4808], [122.2934, 0.4805], [122.2931, 0.48], [122.2926, 0.4794], [122.291, 0.4784], [122.2906, 0.4782], [122.2894, 0.4782], [122.2887, 0.4786], [122.2882, 0.4783], [122.2878, 0.4781], [122.2876, 0.4781], [122.2872, 0.4784], [122.2868, 0.4785], [122.2864, 0.4783], [122.2859, 0.4781], [122.2856, 0.4787], [122.2846, 0.4794], [122.2842, 0.4793], [122.2831, 0.4791], [122.2819, 0.4795], [122.2811, 0.4799], [122.2805, 0.4802], [122.2798, 0.4806], [122.2795, 0.4805], [122.2798, 0.4798], [122.2802, 0.4795], [122.2809, 0.4786], [122.2818, 0.4778], [122.2822, 0.4773], [122.2824, 0.4764], [122.2824, 0.476], [122.282, 0.4755], [122.2811, 0.4751], [122.2805, 0.4751], [122.2798, 0.4753], [122.2798, 0.4759], [122.2793, 0.4763], [122.2788, 0.4759], [122.2779, 0.4759], [122.2773, 0.4764], [122.2769, 0.477], [122.2767, 0.4787], [122.2765, 0.4791], [122.2756, 0.4798], [122.2754, 0.4793], [122.276, 0.4778], [122.2755, 0.4759], [122.2752, 0.4747], [122.2749, 0.4741], [122.274, 0.4743], [122.2736, 0.4744], [122.273, 0.4746], [122.2728, 0.4749], [122.2721, 0.4756], [122.2721, 0.4749], [122.2723, 0.4744], [122.2722, 0.4741], [122.2716, 0.4738], [122.2712, 0.4741], [122.2707, 0.4746], [122.2699, 0.4746], [122.2695, 0.4745], [122.2694, 0.4742], [122.2686, 0.4743], [122.2684, 0.4746], [122.2686, 0.4751], [122.2684, 0.4759], [122.2679, 0.4762], [122.2673, 0.4763], [122.2674, 0.4769], [122.2676, 0.4774], [122.2672, 0.4781], [122.2669, 0.4783], [122.2669, 0.4791], [122.2669, 0.4806], [122.2666, 0.4806], [122.2661, 0.4797], [122.2658, 0.4795], [122.2651, 0.4791], [122.2654, 0.4785], [122.2654, 0.4781], [122.2642, 0.478], [122.2636, 0.4784], [122.2632, 0.4787], [122.2631, 0.4789], [122.2626, 0.479], [122.2618, 0.479], [122.2611, 0.4793], [122.2608, 0.4805], [122.2607, 0.482], [122.2601, 0.4826], [122.2584, 0.4826], [122.258, 0.4828], [122.2578, 0.4834], [122.2573, 0.4837], [122.2572, 0.4843], [122.2571, 0.4847], [122.2569, 0.4851], [122.2566, 0.4853], [122.2558, 0.4858], [122.2548, 0.4856], [122.2544, 0.4851], [122.2534, 0.4845], [122.2514, 0.4839], [122.251, 0.484], [122.2504, 0.484], [122.2498, 0.4835], [122.2492, 0.4828], [122.2488, 0.4828], [122.2485, 0.4828], [122.248, 0.4829], [122.248, 0.4824], [122.2475, 0.4822], [122.2472, 0.4824], [122.2465, 0.4825], [122.2453, 0.4828], [122.2445, 0.4828], [122.2435, 0.4826], [122.2426, 0.4823], [122.2422, 0.4825], [122.2417, 0.4827], [122.2411, 0.4829], [122.2408, 0.4827], [122.2407, 0.4827], [122.2405, 0.4829], [122.2403, 0.4832], [122.2397, 0.4833], [122.239, 0.4829], [122.2385, 0.4821], [122.2386, 0.4817], [122.2384, 0.4811], [122.2378, 0.4809], [122.2371, 0.4807], [122.2363, 0.4802], [122.2362, 0.4796], [122.2354, 0.4793], [122.2345, 0.4794], [122.234, 0.4795], [122.2332, 0.4801], [122.2331, 0.4808], [122.2333, 0.4814], [122.2339, 0.4819], [122.2346, 0.4822], [122.235, 0.4823], [122.2352, 0.4829], [122.2361, 0.4832], [122.2368, 0.4833], [122.2372, 0.4832], [122.2377, 0.4833], [122.2379, 0.4836], [122.2379, 0.4841], [122.2374, 0.484], [122.2368, 0.4841], [122.2362, 0.4843], [122.2358, 0.4848], [122.2349, 0.4852], [122.2341, 0.4856], [122.2339, 0.4856], [122.2336, 0.4857], [122.2331, 0.486], [122.2331, 0.4863], [122.2331, 0.487], [122.2326, 0.4867], [122.2326, 0.4863], [122.2326, 0.4859], [122.2323, 0.4856], [122.2314, 0.4851], [122.2307, 0.4845], [122.2305, 0.4844], [122.2302, 0.4846], [122.2298, 0.4844], [122.2296, 0.4849], [122.2293, 0.4853], [122.2288, 0.4855], [122.2286, 0.4853], [122.2285, 0.4849], [122.2287, 0.4846], [122.2286, 0.4842], [122.2286, 0.4835], [122.2286, 0.4828], [122.2292, 0.4825], [122.2296, 0.4824], [122.23, 0.4822], [122.2299, 0.4818], [122.2295, 0.4814], [122.2296, 0.4811], [122.2287, 0.4801], [122.2284, 0.4802], [122.228, 0.4797], [122.2275, 0.4798], [122.2272, 0.4802], [122.2275, 0.4809], [122.2276, 0.4813], [122.2273, 0.482], [122.2255, 0.482], [122.2249, 0.4822], [122.2245, 0.4829], [122.2247, 0.4833], [122.2245, 0.4838], [122.2243, 0.4839], [122.2237, 0.4841], [122.2231, 0.4843], [122.2224, 0.4844], [122.2203, 0.4842], [122.2187, 0.4838], [122.2181, 0.4837], [122.2174, 0.4832], [122.2172, 0.4831], [122.2162, 0.4824], [122.2157, 0.4822], [122.2153, 0.4824], [122.2154, 0.482], [122.2152, 0.4819], [122.2133, 0.4807], [122.2118, 0.4798], [122.2113, 0.4795], [122.2108, 0.479], [122.2103, 0.4786], [122.2098, 0.4784], [122.2091, 0.4777], [122.2071, 0.4768], [122.2057, 0.4764], [122.2047, 0.4756], [122.2046, 0.475], [122.2026, 0.4742], [122.2012, 0.474], [122.2008, 0.474], [122.2004, 0.4741], [122.1999, 0.4741], [122.1991, 0.4741], [122.1984, 0.4742], [122.1979, 0.4743], [122.1975, 0.475], [122.1961, 0.4763], [122.1949, 0.4768], [122.1944, 0.4772], [122.194, 0.4773], [122.1935, 0.4773], [122.1924, 0.4788], [122.1915, 0.4797], [122.1903, 0.4798], [122.1889, 0.4786], [122.1883, 0.478], [122.1875, 0.4778], [122.1871, 0.4781], [122.1866, 0.4785], [122.1854, 0.4785], [122.1852, 0.4785], [122.1841, 0.4779], [122.1834, 0.477], [122.1832, 0.4763], [122.1832, 0.4758], [122.1829, 0.4756], [122.1827, 0.4756], [122.1825, 0.476], [122.1821, 0.4771], [122.1815, 0.4774], [122.1811, 0.4774], [122.1804, 0.4772], [122.1803, 0.4769], [122.1802, 0.4767], [122.1798, 0.4766], [122.1792, 0.4768], [122.1791, 0.4763], [122.1788, 0.476], [122.1785, 0.4759], [122.178, 0.4756], [122.178, 0.4753], [122.178, 0.4751], [122.1779, 0.4749], [122.1773, 0.4747], [122.1767, 0.4748], [122.1762, 0.4746], [122.1757, 0.4748], [122.1756, 0.4746], [122.1752, 0.4745], [122.1747, 0.4742], [122.1745, 0.4738], [122.1745, 0.4735], [122.1744, 0.473], [122.1738, 0.4728], [122.1729, 0.4729], [122.1725, 0.4729], [122.1724, 0.4726], [122.1718, 0.4724], [122.1707, 0.4724], [122.1706, 0.4722], [122.1706, 0.4719], [122.1702, 0.4712], [122.1698, 0.4711], [122.1689, 0.4706], [122.1686, 0.47], [122.1688, 0.4699], [122.1693, 0.4692], [122.1691, 0.469], [122.1687, 0.469], [122.1683, 0.4694], [122.1677, 0.4695], [122.1672, 0.4698], [122.1669, 0.4703], [122.1657, 0.4708], [122.1648, 0.471], [122.1631, 0.4709], [122.162, 0.4705], [122.1605, 0.47], [122.1591, 0.4699], [122.1587, 0.4696], [122.1577, 0.4698], [122.1574, 0.4701], [122.1567, 0.4703], [122.1551, 0.4703], [122.1544, 0.4704], [122.1536, 0.4706], [122.1529, 0.4695], [122.1523, 0.468], [122.1524, 0.4667], [122.1529, 0.4662], [122.1538, 0.4659], [122.154, 0.4655], [122.1537, 0.4647], [122.1532, 0.4642], [122.1533, 0.4635], [122.1533, 0.4625], [122.1529, 0.4619], [122.1523, 0.4619], [122.152, 0.4632], [122.1513, 0.4634], [122.1507, 0.463], [122.1499, 0.4632], [122.1495, 0.4635], [122.149, 0.4634], [122.1486, 0.4633], [122.1482, 0.4633], [122.1478, 0.4633], [122.1479, 0.4638], [122.1485, 0.4642], [122.1496, 0.4643], [122.1505, 0.4651], [122.1507, 0.4661], [122.1508, 0.4669], [122.1515, 0.4673], [122.1518, 0.4676], [122.1518, 0.4684], [122.1515, 0.4689], [122.1508, 0.4695], [122.1504, 0.47], [122.1499, 0.4704], [122.1487, 0.4704], [122.1481, 0.471], [122.1476, 0.4712], [122.1476, 0.4717], [122.1479, 0.4725], [122.1477, 0.4738], [122.1465, 0.4756], [122.1467, 0.4762], [122.1472, 0.4768], [122.1479, 0.477], [122.148, 0.4791], [122.1476, 0.4803], [122.1461, 0.482], [122.1449, 0.4832], [122.1444, 0.4832], [122.1422, 0.4842], [122.141, 0.4849], [122.1391, 0.4857], [122.1381, 0.4863], [122.1361, 0.4873], [122.134, 0.4878], [122.1334, 0.4881], [122.133, 0.4882], [122.1323, 0.4893], [122.1323, 0.4899], [122.1321, 0.49], [122.1312, 0.4901], [122.1309, 0.4904], [122.1305, 0.4906], [122.1305, 0.4912], [122.13, 0.4914], [122.1293, 0.4915], [122.1281, 0.4925], [122.1261, 0.4923], [122.1247, 0.4924], [122.1243, 0.4927], [122.1242, 0.4927], [122.1243, 0.4945], [122.1242, 0.495], [122.1234, 0.4955], [122.1228, 0.4951], [122.1225, 0.4945], [122.1222, 0.494], [122.1216, 0.494], [122.1209, 0.4947], [122.1203, 0.495], [122.1199, 0.4952], [122.1195, 0.4962], [122.1189, 0.4971], [122.1184, 0.4972], [122.1178, 0.4976], [122.1177, 0.4981], [122.1174, 0.4984], [122.1172, 0.4983], [122.1167, 0.498], [122.1162, 0.4979], [122.1151, 0.4978], [122.1147, 0.4975], [122.1138, 0.4966], [122.1132, 0.4969], [122.113, 0.4972], [122.1125, 0.4984], [122.1121, 0.4983], [122.1121, 0.4982], [122.1122, 0.4972], [122.1117, 0.4968], [122.1113, 0.4971], [122.111, 0.497], [122.1111, 0.4967], [122.1112, 0.4963], [122.1112, 0.4962], [122.1122, 0.4964], [122.113, 0.496], [122.1141, 0.4947], [122.1148, 0.4927], [122.1152, 0.492], [122.1155, 0.4916], [122.1163, 0.4907], [122.1164, 0.4899], [122.1169, 0.4894], [122.1169, 0.4885], [122.1164, 0.4882], [122.1154, 0.488], [122.1146, 0.4877], [122.1137, 0.4873], [122.1124, 0.4865], [122.1117, 0.4864], [122.1106, 0.4855], [122.1101, 0.4857], [122.1096, 0.486], [122.1083, 0.4864], [122.1068, 0.4864], [122.1051, 0.4873], [122.1036, 0.4877], [122.1026, 0.4876], [122.1012, 0.4872], [122.0994, 0.4851], [122.0986, 0.4844], [122.0985, 0.4842], [122.0979, 0.4842], [122.096, 0.4843], [122.0951, 0.4846], [122.0946, 0.4847], [122.094, 0.4847], [122.0933, 0.4846], [122.0912, 0.4844], [122.0901, 0.4834], [122.0879, 0.4823], [122.0855, 0.4808], [122.0833, 0.4788], [122.0825, 0.4778], [122.0823, 0.4774], [122.082, 0.4768], [122.0816, 0.4766], [122.0815, 0.4767], [122.081, 0.4769], [122.0808, 0.4769], [122.0805, 0.4769], [122.0804, 0.4768], [122.0806, 0.4765], [122.0805, 0.4763], [122.0803, 0.4763], [122.0779, 0.4771], [122.0779, 0.477], [122.0776, 0.477], [122.0772, 0.477], [122.0767, 0.477], [122.0761, 0.477], [122.0751, 0.4774], [122.0744, 0.4777], [122.0738, 0.4778], [122.0733, 0.478], [122.0719, 0.4786], [122.0679, 0.4792], [122.0645, 0.4794], [122.0637, 0.4792], [122.0623, 0.4791], [122.0599, 0.4786], [122.0596, 0.4787], [122.0572, 0.4781], [122.0544, 0.4781], [122.051, 0.4773], [122.0469, 0.4766], [122.0422, 0.4747], [122.0393, 0.4732], [122.0364, 0.4714], [122.0343, 0.4711], [122.0322, 0.4703], [122.0289, 0.4679], [122.0268, 0.4672], [122.0247, 0.4682], [122.0245, 0.4681], [122.024, 0.468], [122.0238, 0.468], [122.0234, 0.468], [122.0226, 0.4681], [122.017, 0.4679], [122.014, 0.467], [122.0108, 0.4646], [122.0086, 0.4646], [122.0072, 0.4646], [122.0056, 0.464], [122.0049, 0.4637], [122.0047, 0.464], [122.0045, 0.4642], [122.0036, 0.4638], [122.0025, 0.4633], [122.0016, 0.4625], [122.0011, 0.4616], [122.0006, 0.4607], [122.0001, 0.4601], [121.9999, 0.4594], [121.999, 0.4595], [121.998, 0.4599], [121.9967, 0.4597], [121.9949, 0.4594], [121.9941, 0.4594], [121.9933, 0.4593], [121.9922, 0.4594], [121.9909, 0.4595], [121.9904, 0.4599], [121.9896, 0.4606], [121.9892, 0.461], [121.988, 0.4612], [121.9859, 0.4603], [121.985, 0.4592], [121.9844, 0.4586], [121.984, 0.4574], [121.9838, 0.4568], [121.9838, 0.4563], [121.9839, 0.4559], [121.9838, 0.4551], [121.9827, 0.4543], [121.9822, 0.4537], [121.9811, 0.4532], [121.9805, 0.4529], [121.9801, 0.4525], [121.9795, 0.4525], [121.9789, 0.4524], [121.9782, 0.4527], [121.9776, 0.4539], [121.9775, 0.4552], [121.9771, 0.457], [121.9769, 0.4574], [121.9765, 0.4576], [121.9766, 0.4578], [121.977, 0.4578], [121.9772, 0.458], [121.9772, 0.4584], [121.9769, 0.4586], [121.9766, 0.4583], [121.9759, 0.4582], [121.9755, 0.4585], [121.9745, 0.4594], [121.9736, 0.4598], [121.9724, 0.4597], [121.9713, 0.4592], [121.9693, 0.4574], [121.9686, 0.4567], [121.9664, 0.4554], [121.966, 0.455], [121.9655, 0.4546], [121.9654, 0.454], [121.9645, 0.4531], [121.9638, 0.4527], [121.9635, 0.4529], [121.9632, 0.4529], [121.963, 0.4526], [121.963, 0.4521], [121.9624, 0.4519], [121.9604, 0.4515], [121.9589, 0.4517], [121.9577, 0.4514], [121.9565, 0.4514], [121.9556, 0.4512], [121.9551, 0.451], [121.9545, 0.451], [121.954, 0.4509], [121.9535, 0.4508], [121.953, 0.4507], [121.9526, 0.4504], [121.9518, 0.4502], [121.9515, 0.4498], [121.951, 0.4493], [121.9505, 0.4493], [121.9503, 0.4495], [121.9494, 0.4493], [121.9486, 0.4492], [121.9471, 0.4491], [121.9462, 0.4488], [121.9454, 0.4486], [121.9447, 0.4485], [121.944, 0.4483], [121.9431, 0.4482], [121.9424, 0.448], [121.9413, 0.4474], [121.9413, 0.4472], [121.9398, 0.4455], [121.9387, 0.4448], [121.9375, 0.4447], [121.9358, 0.4443], [121.935, 0.4446], [121.9345, 0.4448], [121.9343, 0.4448], [121.9338, 0.4454], [121.9322, 0.4465], [121.9314, 0.4465], [121.9309, 0.4465], [121.9305, 0.4463], [121.9303, 0.4461], [121.9301, 0.4458], [121.93, 0.4451], [121.9297, 0.445], [121.9293, 0.4454], [121.9293, 0.4456], [121.9293, 0.4461], [121.9291, 0.4462], [121.9288, 0.4464], [121.9286, 0.4466], [121.9284, 0.4472], [121.9278, 0.4469], [121.9278, 0.4466], [121.9274, 0.4463], [121.927, 0.4459], [121.9267, 0.4453], [121.9263, 0.4449], [121.9258, 0.4445], [121.9255, 0.4445], [121.9251, 0.4447], [121.9243, 0.4454], [121.9225, 0.4456], [121.9218, 0.4459], [121.9218, 0.4465], [121.9218, 0.4466], [121.922, 0.4469], [121.9223, 0.4472], [121.9227, 0.4476], [121.9231, 0.448], [121.923, 0.4481], [121.9223, 0.4479], [121.9215, 0.4477], [121.9206, 0.4476], [121.9194, 0.447], [121.9193, 0.447], [121.9191, 0.4471], [121.919, 0.447], [121.9188, 0.4469], [121.9183, 0.4468], [121.9177, 0.4469], [121.9175, 0.4468], [121.9171, 0.4462], [121.9171, 0.4454], [121.9167, 0.445], [121.916, 0.4445], [121.9159, 0.4436], [121.9153, 0.4432], [121.9145, 0.4427], [121.9135, 0.4425], [121.9118, 0.4435], [121.9114, 0.4431], [121.911, 0.443], [121.9105, 0.4429], [121.91, 0.4429], [121.9093, 0.4431], [121.909, 0.4433], [121.9086, 0.443], [121.9081, 0.443], [121.9071, 0.4431], [121.9066, 0.4434], [121.9062, 0.4435], [121.9054, 0.4439], [121.905, 0.444], [121.9047, 0.444], [121.9044, 0.4441], [121.9041, 0.4443], [121.9037, 0.4443], [121.9031, 0.4443], [121.9026, 0.4441], [121.9026, 0.4439], [121.9024, 0.4438], [121.8998, 0.4434], [121.8961, 0.4424], [121.8954, 0.442], [121.8933, 0.4418], [121.8925, 0.441], [121.8916, 0.4414], [121.891, 0.4405], [121.8903, 0.4396], [121.8886, 0.4396], [121.8876, 0.439], [121.8875, 0.4388], [121.8871, 0.4389], [121.8865, 0.4391], [121.886, 0.4387], [121.8848, 0.4384], [121.8833, 0.4384], [121.8819, 0.4374], [121.8809, 0.4374], [121.8802, 0.4374], [121.8801, 0.4382], [121.8798, 0.4384], [121.8795, 0.4384], [121.8793, 0.4384], [121.8786, 0.4372], [121.8783, 0.4369], [121.8771, 0.4376], [121.877, 0.4378], [121.8769, 0.4383], [121.8767, 0.4385], [121.8765, 0.4387], [121.8765, 0.4392], [121.8743, 0.4398], [121.873, 0.44], [121.8719, 0.4409], [121.871, 0.4411], [121.8699, 0.4414], [121.8691, 0.4418], [121.8684, 0.4419], [121.8677, 0.4411], [121.8674, 0.4411], [121.867, 0.441], [121.8666, 0.4413], [121.8666, 0.4408], [121.8676, 0.4402], [121.868, 0.4391], [121.8675, 0.439], [121.8657, 0.4386], [121.8647, 0.4389], [121.8644, 0.4385], [121.8646, 0.4381], [121.8665, 0.4375], [121.8662, 0.4369], [121.8651, 0.4367], [121.8639, 0.4368], [121.8629, 0.4365], [121.8616, 0.4353], [121.8603, 0.4344], [121.8594, 0.4348], [121.8586, 0.4353], [121.8585, 0.4352], [121.8582, 0.4349], [121.8586, 0.4334], [121.8574, 0.4323], [121.857, 0.4321], [121.8559, 0.4326], [121.855, 0.4335], [121.8547, 0.4346], [121.8544, 0.4363], [121.8532, 0.4373], [121.8529, 0.4375], [121.852, 0.4376], [121.8511, 0.4371], [121.8507, 0.4367], [121.8492, 0.4359], [121.8486, 0.4354], [121.8484, 0.4355], [121.8486, 0.436], [121.8491, 0.4369], [121.8489, 0.437], [121.8483, 0.4365], [121.8482, 0.4363], [121.8476, 0.4357], [121.8474, 0.4354], [121.8472, 0.4346], [121.8469, 0.4342], [121.8466, 0.4337], [121.8461, 0.4333], [121.8458, 0.433], [121.8457, 0.4324], [121.8453, 0.432], [121.8456, 0.4318], [121.8459, 0.4319], [121.8462, 0.4317], [121.8461, 0.4313], [121.8455, 0.4304], [121.8444, 0.4299], [121.843, 0.4285], [121.842, 0.4274], [121.8409, 0.4269], [121.8402, 0.4271], [121.8379, 0.4262], [121.8366, 0.4256], [121.8357, 0.4243], [121.8346, 0.4237], [121.8342, 0.4233], [121.8336, 0.4235], [121.8328, 0.4231], [121.8318, 0.4227], [121.8299, 0.423], [121.8262, 0.423], [121.8259, 0.4229], [121.8257, 0.4229], [121.8248, 0.4227], [121.8245, 0.4227], [121.8227, 0.4226], [121.8208, 0.4225], [121.8191, 0.4225], [121.8174, 0.4225], [121.8157, 0.4225], [121.8112, 0.4188], [121.8044, 0.4091], [121.8036, 0.4107], [121.8012, 0.4168], [121.7963, 0.4229], [121.7909, 0.4307], [121.7846, 0.4348], [121.784, 0.437], [121.7817, 0.437], [121.7807, 0.4375], [121.7804, 0.4373], [121.7792, 0.4374], [121.7786, 0.4376], [121.778, 0.4378], [121.7773, 0.4381], [121.7759, 0.4388], [121.7734, 0.4404], [121.7674, 0.4454], [121.7662, 0.4463], [121.7654, 0.4473], [121.7653, 0.4483], [121.7645, 0.4503], [121.764, 0.4509], [121.7614, 0.4521], [121.7599, 0.4537], [121.7578, 0.4561], [121.7567, 0.4583], [121.7539, 0.4614], [121.7537, 0.4621], [121.7542, 0.4623], [121.7547, 0.4647], [121.7522, 0.4667], [121.7505, 0.4688], [121.7499, 0.4695], [121.749, 0.4701], [121.7486, 0.4708], [121.7484, 0.4712], [121.7483, 0.4713], [121.7478, 0.4721], [121.7474, 0.4725], [121.7471, 0.4729], [121.742, 0.4801], [121.7418, 0.4804], [121.7415, 0.4808], [121.7412, 0.4813], [121.741, 0.4816], [121.7403, 0.483], [121.74, 0.4837], [121.7393, 0.4852], [121.7392, 0.4854], [121.7391, 0.4857], [121.739, 0.4858], [121.7388, 0.486], [121.7388, 0.4861], [121.7388, 0.4862], [121.7379, 0.4871], [121.7374, 0.4876], [121.7371, 0.4878], [121.7366, 0.4888], [121.7359, 0.4897], [121.7354, 0.4903], [121.7353, 0.4905], [121.7348, 0.4909], [121.7344, 0.4914], [121.7334, 0.4936], [121.7331, 0.494], [121.7327, 0.495], [121.7325, 0.4954], [121.732, 0.4961], [121.7319, 0.4964], [121.7317, 0.4966], [121.7312, 0.4971], [121.731, 0.4975], [121.7309, 0.4977], [121.7308, 0.4979], [121.7274, 0.501], [121.7262, 0.502], [121.726, 0.502], [121.7255, 0.5022], [121.725, 0.5023], [121.7245, 0.5026], [121.724, 0.5028], [121.7237, 0.503], [121.7235, 0.503], [121.7231, 0.5032], [121.7227, 0.5034], [121.7226, 0.5035], [121.7225, 0.5036], [121.7223, 0.5037], [121.7217, 0.504], [121.7214, 0.5041], [121.7212, 0.5042], [121.7206, 0.5045], [121.7192, 0.505], [121.7187, 0.5053], [121.7181, 0.5057], [121.718, 0.5058], [121.7178, 0.5062], [121.7177, 0.5066], [121.7177, 0.507], [121.7178, 0.5071], [121.7178, 0.5072], [121.718, 0.5073], [121.7183, 0.5077], [121.7182, 0.5078], [121.7178, 0.5079], [121.7173, 0.508], [121.717, 0.5082], [121.716, 0.5088], [121.7155, 0.5092], [121.7149, 0.51], [121.7141, 0.5113], [121.7137, 0.512], [121.7137, 0.5126], [121.7137, 0.5134], [121.7139, 0.5142], [121.7143, 0.5147], [121.7151, 0.5152], [121.7157, 0.5156], [121.7161, 0.5158], [121.7169, 0.5161], [121.7175, 0.5163], [121.718, 0.5165], [121.7185, 0.5169], [121.7186, 0.517], [121.7189, 0.5174], [121.7192, 0.518], [121.7194, 0.5183], [121.7195, 0.5187], [121.7197, 0.5188], [121.72, 0.5188], [121.7201, 0.5188], [121.7206, 0.5186], [121.7209, 0.5186], [121.7218, 0.5179], [121.722, 0.5177], [121.7222, 0.5176], [121.7224, 0.5174], [121.7228, 0.5172], [121.7228, 0.5171], [121.7231, 0.5169], [121.7233, 0.5166], [121.7235, 0.5159], [121.7237, 0.5155], [121.7238, 0.5152], [121.7238, 0.5151], [121.7239, 0.5149], [121.724, 0.5145], [121.7244, 0.5138], [121.7245, 0.5137], [121.7247, 0.5134], [121.7248, 0.5132], [121.725, 0.5131], [121.725, 0.513], [121.7253, 0.5129], [121.7255, 0.5128], [121.7255, 0.5129], [121.7254, 0.513], [121.7251, 0.5133], [121.7249, 0.5137], [121.7245, 0.5144], [121.724, 0.5154], [121.7239, 0.5158], [121.7238, 0.5163], [121.7237, 0.5165], [121.7237, 0.5167], [121.7234, 0.5173], [121.7233, 0.5175], [121.7222, 0.5184], [121.722, 0.5186], [121.7215, 0.5194], [121.7214, 0.5197], [121.7213, 0.5201], [121.7212, 0.5205], [121.7212, 0.5208], [121.7214, 0.521], [121.7216, 0.5213], [121.7219, 0.5216], [121.722, 0.5216], [121.7224, 0.5218], [121.7233, 0.5221], [121.7245, 0.5221], [121.7249, 0.522], [121.7251, 0.5216], [121.7258, 0.5209], [121.7259, 0.5213], [121.7256, 0.5219], [121.7253, 0.5223], [121.7242, 0.5228], [121.7229, 0.5227], [121.7219, 0.5222], [121.7217, 0.5221], [121.7211, 0.5218], [121.7209, 0.5214], [121.7206, 0.5213], [121.7202, 0.5214], [121.7197, 0.5217], [121.7197, 0.5218], [121.7196, 0.5219], [121.7192, 0.5219], [121.7188, 0.5231], [121.7183, 0.5236], [121.7173, 0.5239], [121.7166, 0.5236], [121.7155, 0.5232], [121.7153, 0.5232], [121.7148, 0.5233], [121.7142, 0.5232], [121.7137, 0.5237], [121.7132, 0.5241], [121.7123, 0.524], [121.7116, 0.5229], [121.7117, 0.5222], [121.7117, 0.5213], [121.7121, 0.5205], [121.7124, 0.519], [121.711, 0.5189], [121.709, 0.5191], [121.7088, 0.5202], [121.7084, 0.5197], [121.7079, 0.5183], [121.7072, 0.5183], [121.705, 0.5191], [121.704, 0.5192], [121.7031, 0.5203], [121.7023, 0.5223], [121.7018, 0.5224], [121.7006, 0.5215], [121.6992, 0.5213], [121.699, 0.5209], [121.6987, 0.5209], [121.6987, 0.5208], [121.6986, 0.5208], [121.6976, 0.5206], [121.6969, 0.5203], [121.6965, 0.5203], [121.6958, 0.5201], [121.6953, 0.5201], [121.6947, 0.5201], [121.6944, 0.5201], [121.6938, 0.5199], [121.6929, 0.5191], [121.6928, 0.519], [121.6923, 0.5184], [121.6922, 0.5182], [121.6915, 0.5173], [121.6913, 0.5172], [121.6913, 0.5171], [121.6911, 0.5169], [121.6907, 0.5164], [121.6898, 0.5153], [121.6897, 0.5151], [121.6895, 0.5141], [121.689, 0.5136], [121.6882, 0.5139], [121.6886, 0.5153], [121.688, 0.5164], [121.687, 0.5162], [121.6863, 0.5162], [121.6858, 0.5154], [121.6854, 0.5139], [121.6845, 0.5132], [121.6836, 0.5134], [121.6831, 0.5137], [121.6826, 0.5138], [121.6823, 0.5142], [121.682, 0.5148], [121.682, 0.5151], [121.6818, 0.5163], [121.6818, 0.5166], [121.6819, 0.5169], [121.6823, 0.5172], [121.6829, 0.5178], [121.6831, 0.5182], [121.6831, 0.5186], [121.683, 0.519], [121.6826, 0.5195], [121.6822, 0.5197], [121.6814, 0.5198], [121.6807, 0.5201], [121.6799, 0.5204], [121.6795, 0.5206], [121.6789, 0.5208], [121.6779, 0.5206], [121.6775, 0.5204], [121.6764, 0.52], [121.6762, 0.5199], [121.6754, 0.5197], [121.6754, 0.5198], [121.6751, 0.5198], [121.6749, 0.5198], [121.6743, 0.5198], [121.6738, 0.5199], [121.6735, 0.5199], [121.6732, 0.5199], [121.6729, 0.5198], [121.6722, 0.5198], [121.6718, 0.52], [121.6715, 0.5203], [121.6712, 0.5203], [121.671, 0.5204], [121.6704, 0.5209], [121.6691, 0.5216], [121.6686, 0.5217], [121.6684, 0.5219], [121.667, 0.5226], [121.6665, 0.5229], [121.6656, 0.524], [121.6649, 0.5256], [121.665, 0.5269], [121.6653, 0.5275], [121.6656, 0.5282], [121.666, 0.5293], [121.6655, 0.5297], [121.6646, 0.5301], [121.6637, 0.5299], [121.6626, 0.5302], [121.6621, 0.5305], [121.6609, 0.531], [121.6605, 0.5314], [121.6604, 0.5317], [121.6592, 0.5335], [121.6593, 0.5343], [121.6599, 0.5357], [121.6605, 0.5365], [121.6608, 0.5368], [121.6614, 0.5371], [121.6611, 0.5375], [121.6607, 0.5374], [121.6601, 0.5369], [121.6596, 0.5369], [121.6591, 0.5371], [121.6582, 0.5369], [121.6574, 0.5364], [121.6567, 0.5364], [121.6562, 0.5372], [121.6562, 0.5378], [121.6559, 0.5386], [121.6556, 0.5394], [121.6556, 0.5397], [121.6552, 0.54], [121.6551, 0.5402], [121.6547, 0.541], [121.6545, 0.5413], [121.6539, 0.5413], [121.6537, 0.5409], [121.6535, 0.5405], [121.6528, 0.5402], [121.6525, 0.5394], [121.6525, 0.5391], [121.6525, 0.5384], [121.6526, 0.5379], [121.6532, 0.5379], [121.6536, 0.5377], [121.6536, 0.5373], [121.6536, 0.5369], [121.6534, 0.5367], [121.6533, 0.5367], [121.6528, 0.5367], [121.6525, 0.5362], [121.6524, 0.5353], [121.6522, 0.5351], [121.6521, 0.5344], [121.6519, 0.5338], [121.6519, 0.5334], [121.6517, 0.533], [121.6511, 0.5331], [121.6507, 0.5334], [121.6504, 0.5333], [121.6501, 0.5333], [121.6499, 0.5335], [121.6494, 0.5335], [121.6489, 0.5339], [121.6479, 0.5349], [121.6473, 0.5357], [121.6469, 0.5361], [121.6466, 0.537], [121.6467, 0.5373], [121.6465, 0.5376], [121.6463, 0.5377], [121.6459, 0.537], [121.6456, 0.5366], [121.6455, 0.5358], [121.6449, 0.5358], [121.6448, 0.5352], [121.6434, 0.5353], [121.6428, 0.5356], [121.6422, 0.5361], [121.6418, 0.5365], [121.6407, 0.5366], [121.6401, 0.5377], [121.6401, 0.5383], [121.6401, 0.5386], [121.6393, 0.5389], [121.639, 0.539], [121.6389, 0.5394], [121.639, 0.5399], [121.6396, 0.5403], [121.6404, 0.5405], [121.6412, 0.5411], [121.641, 0.5416], [121.6401, 0.5416], [121.6383, 0.543], [121.6376, 0.5436], [121.6372, 0.5442], [121.6356, 0.5449], [121.6353, 0.5449], [121.6351, 0.5444], [121.6347, 0.5442], [121.6344, 0.5447], [121.6341, 0.545], [121.6337, 0.5444], [121.6342, 0.5439], [121.6348, 0.5429], [121.6357, 0.5418], [121.6363, 0.541], [121.6363, 0.5398], [121.636, 0.5389], [121.6358, 0.5386], [121.635, 0.5377], [121.6333, 0.5379], [121.6327, 0.5384], [121.6327, 0.5389], [121.6324, 0.5394], [121.6321, 0.5404], [121.6317, 0.5411], [121.6304, 0.5408], [121.6295, 0.5399], [121.6287, 0.5395], [121.6285, 0.5392], [121.6287, 0.5386], [121.6293, 0.5378], [121.6307, 0.5373], [121.6311, 0.5363], [121.6318, 0.5356], [121.6334, 0.5357], [121.6349, 0.5357], [121.6355, 0.5359], [121.6364, 0.5352], [121.6368, 0.5342], [121.6377, 0.533], [121.6383, 0.5329], [121.6391, 0.5322], [121.6397, 0.5315], [121.64, 0.5304], [121.64, 0.5296], [121.6403, 0.5296], [121.6408, 0.5301], [121.6413, 0.5302], [121.6423, 0.5301], [121.6426, 0.529], [121.6421, 0.5277], [121.6421, 0.5264], [121.6418, 0.5253], [121.6413, 0.5248], [121.6401, 0.524], [121.638, 0.5244], [121.6367, 0.5246], [121.6364, 0.5246], [121.636, 0.5254], [121.6354, 0.5259], [121.6353, 0.5271], [121.6353, 0.528], [121.6342, 0.5296], [121.6333, 0.5304], [121.6334, 0.5318], [121.6318, 0.5335], [121.6308, 0.5334], [121.6302, 0.5335], [121.6295, 0.5339], [121.629, 0.5342], [121.6287, 0.5341], [121.627, 0.5349], [121.6261, 0.5349], [121.6257, 0.5349], [121.6253, 0.5351], [121.625, 0.5351], [121.6247, 0.5353], [121.624, 0.5354], [121.6239, 0.5351], [121.6231, 0.5354], [121.6225, 0.5359], [121.6223, 0.5353], [121.6224, 0.5349], [121.6233, 0.5336], [121.6242, 0.5334], [121.6239, 0.5326], [121.6238, 0.532], [121.6245, 0.531], [121.6251, 0.5302], [121.6255, 0.5286], [121.6254, 0.5282], [121.625, 0.5277], [121.6254, 0.5274], [121.6258, 0.5259], [121.6259, 0.5247], [121.6254, 0.5241], [121.6243, 0.5239], [121.6236, 0.5237], [121.623, 0.5234], [121.6221, 0.5232], [121.6214, 0.523], [121.621, 0.5229], [121.6191, 0.5234], [121.6183, 0.5239], [121.6175, 0.5243], [121.6174, 0.5263], [121.6179, 0.5283], [121.6178, 0.5293], [121.6177, 0.5303], [121.6177, 0.5315], [121.6175, 0.5322], [121.6179, 0.5326], [121.6178, 0.5334], [121.6175, 0.5338], [121.6176, 0.5355], [121.6172, 0.5364], [121.6173, 0.5369], [121.6174, 0.5374], [121.6171, 0.5376], [121.6171, 0.538], [121.6176, 0.5385], [121.6183, 0.5391], [121.6189, 0.5394], [121.6193, 0.5398], [121.6189, 0.5406], [121.6193, 0.5414], [121.6198, 0.5416], [121.6198, 0.5422], [121.6198, 0.5427], [121.6201, 0.543], [121.6201, 0.5436], [121.6198, 0.5438], [121.6198, 0.5444], [121.6188, 0.5448], [121.6186, 0.5454], [121.6188, 0.5459], [121.6191, 0.5462], [121.6198, 0.5468], [121.6201, 0.5472], [121.62, 0.5477], [121.6189, 0.5482], [121.6185, 0.548], [121.6176, 0.5482], [121.6172, 0.5481], [121.6166, 0.5479], [121.6156, 0.5476], [121.6152, 0.5476], [121.614, 0.5477], [121.6138, 0.5478], [121.6135, 0.5476], [121.6134, 0.5467], [121.6134, 0.546], [121.6117, 0.5452], [121.6104, 0.5446], [121.61, 0.544], [121.61, 0.5433], [121.6095, 0.5428], [121.6092, 0.5425], [121.6097, 0.5416], [121.6106, 0.5409], [121.6104, 0.5402], [121.6101, 0.5397], [121.6095, 0.5393], [121.6085, 0.5393], [121.608, 0.5389], [121.6071, 0.5389], [121.6059, 0.5392], [121.6054, 0.5396], [121.6053, 0.5402], [121.6062, 0.5411], [121.6069, 0.5418], [121.6076, 0.5428], [121.6075, 0.5434], [121.6075, 0.5447], [121.6063, 0.5461], [121.6051, 0.5466], [121.6047, 0.5468], [121.6039, 0.5477], [121.6039, 0.5484], [121.6034, 0.5487], [121.6031, 0.5489], [121.6027, 0.5487], [121.6021, 0.5477], [121.6018, 0.5472], [121.6023, 0.5455], [121.6024, 0.5446], [121.6024, 0.5438], [121.6024, 0.5427], [121.6026, 0.5417], [121.6029, 0.5398], [121.6033, 0.5378], [121.6048, 0.5369], [121.6062, 0.5363], [121.6075, 0.5355], [121.6077, 0.5347], [121.6069, 0.5333], [121.6065, 0.5328], [121.6057, 0.5315], [121.6053, 0.5311], [121.6051, 0.5307], [121.6047, 0.5302], [121.6044, 0.5299], [121.6038, 0.5292], [121.6035, 0.5288], [121.6032, 0.5284], [121.6029, 0.5281], [121.6025, 0.5277], [121.6018, 0.5279], [121.6017, 0.5281], [121.6009, 0.5282], [121.6, 0.5282], [121.5997, 0.5283], [121.5988, 0.5288], [121.5982, 0.529], [121.5981, 0.5296], [121.5978, 0.5299], [121.5977, 0.5305], [121.5977, 0.5314], [121.5976, 0.532], [121.5972, 0.5323], [121.5969, 0.5328], [121.5969, 0.5341], [121.5971, 0.5345], [121.5978, 0.535], [121.5982, 0.5359], [121.5987, 0.5365], [121.5988, 0.5369], [121.5988, 0.5375], [121.5989, 0.5384], [121.598, 0.5398], [121.5971, 0.54], [121.5965, 0.5397], [121.5956, 0.5397], [121.5953, 0.5392], [121.5951, 0.5388], [121.5948, 0.5382], [121.5943, 0.5378], [121.5935, 0.5379], [121.5929, 0.5374], [121.5929, 0.5368], [121.5929, 0.5365], [121.5926, 0.5361], [121.5926, 0.5354], [121.5928, 0.5351], [121.5932, 0.5348], [121.5935, 0.5343], [121.5936, 0.5335], [121.5932, 0.533], [121.5925, 0.5323], [121.5922, 0.5316], [121.592, 0.5316], [121.5909, 0.5317], [121.5905, 0.532], [121.5904, 0.5325], [121.5902, 0.5329], [121.5899, 0.5334], [121.5899, 0.5337], [121.59, 0.5343], [121.5899, 0.5352], [121.5888, 0.5366], [121.5879, 0.5371], [121.5868, 0.5369], [121.5861, 0.5367], [121.5854, 0.5367], [121.5848, 0.5367], [121.5842, 0.5369], [121.5836, 0.5366], [121.5829, 0.5362], [121.5824, 0.5363], [121.5819, 0.5369], [121.5816, 0.5374], [121.5814, 0.5372], [121.5812, 0.5367], [121.5808, 0.5363], [121.5805, 0.536], [121.5802, 0.5361], [121.5793, 0.536], [121.5785, 0.5361], [121.5778, 0.5365], [121.5772, 0.5363], [121.5768, 0.5356], [121.5765, 0.5354], [121.5758, 0.5354], [121.5752, 0.535], [121.5746, 0.5348], [121.5742, 0.534], [121.5742, 0.5331], [121.5741, 0.5329], [121.5739, 0.5325], [121.5736, 0.5324], [121.5732, 0.5323], [121.5728, 0.5323], [121.5725, 0.5325], [121.5714, 0.5329], [121.571, 0.5321], [121.5705, 0.5321], [121.5701, 0.5324], [121.57, 0.5329], [121.5693, 0.5327], [121.5684, 0.5322], [121.5681, 0.5323], [121.5677, 0.5327], [121.5676, 0.5332], [121.5679, 0.5341], [121.568, 0.5348], [121.5683, 0.5353], [121.568, 0.5355], [121.5676, 0.5353], [121.5673, 0.5357], [121.5669, 0.5356], [121.5665, 0.5351], [121.5655, 0.5353], [121.5646, 0.5356], [121.5639, 0.5358], [121.5637, 0.5358], [121.5633, 0.5358], [121.5625, 0.5356], [121.5622, 0.5357], [121.5617, 0.536], [121.5609, 0.5363], [121.5601, 0.537], [121.5596, 0.5376], [121.5591, 0.5378], [121.5585, 0.5378], [121.5582, 0.538], [121.5578, 0.5386], [121.5572, 0.5383], [121.5571, 0.5378], [121.5561, 0.5375], [121.5553, 0.5375], [121.5549, 0.5382], [121.5548, 0.5386], [121.5543, 0.5399], [121.5545, 0.5406], [121.554, 0.5415], [121.5536, 0.5425], [121.5525, 0.5432], [121.5522, 0.5436], [121.5516, 0.5437], [121.5511, 0.5432], [121.5508, 0.5423], [121.5507, 0.5421], [121.55, 0.5419], [121.5492, 0.5419], [121.5486, 0.5427], [121.5481, 0.5432], [121.5476, 0.5437], [121.5466, 0.5437], [121.5455, 0.5438], [121.5447, 0.5449], [121.5441, 0.5457], [121.5432, 0.5454], [121.542, 0.5449], [121.5413, 0.5443], [121.5406, 0.5445], [121.54, 0.545], [121.5383, 0.5454], [121.5354, 0.5464], [121.5346, 0.5466], [121.5328, 0.5488], [121.5325, 0.5492], [121.5324, 0.5497], [121.533, 0.5505], [121.5335, 0.5511], [121.5342, 0.5517], [121.535, 0.5527], [121.5358, 0.5532], [121.536, 0.5539], [121.5358, 0.5543], [121.5356, 0.5547], [121.5351, 0.5556], [121.5343, 0.5556], [121.534, 0.5558], [121.5334, 0.5558], [121.5325, 0.5554], [121.5321, 0.5542], [121.532, 0.5524], [121.5318, 0.5517], [121.5302, 0.5492], [121.5295, 0.5496], [121.5284, 0.5503], [121.5278, 0.5496], [121.527, 0.55], [121.5267, 0.5502], [121.5261, 0.5511], [121.5256, 0.5511], [121.5246, 0.5509], [121.5242, 0.5505], [121.5239, 0.55], [121.5239, 0.5491], [121.5243, 0.5482], [121.525, 0.5469], [121.5246, 0.5455], [121.5242, 0.545], [121.5235, 0.5446], [121.5229, 0.5439], [121.5226, 0.5432], [121.5222, 0.5429], [121.5211, 0.5427], [121.5212, 0.5423], [121.5211, 0.5416], [121.5211, 0.5408], [121.5214, 0.5402], [121.5216, 0.5398], [121.5213, 0.5387], [121.5208, 0.5382], [121.5206, 0.5378], [121.5206, 0.5372], [121.5206, 0.5365], [121.5211, 0.5359], [121.5213, 0.5356], [121.5216, 0.5345], [121.5216, 0.5341], [121.5212, 0.5336], [121.5204, 0.5333], [121.5187, 0.5331], [121.5183, 0.5334], [121.5176, 0.5337], [121.5168, 0.5334], [121.5166, 0.5332], [121.5158, 0.5332], [121.515, 0.533], [121.5147, 0.5325], [121.5147, 0.5316], [121.514, 0.5309], [121.5136, 0.5303], [121.5133, 0.5294], [121.5136, 0.5291], [121.5135, 0.5283], [121.513, 0.5282], [121.5132, 0.5276], [121.5134, 0.5275], [121.5135, 0.5273], [121.5131, 0.5267], [121.5131, 0.5256], [121.5138, 0.5251], [121.5148, 0.5243], [121.5159, 0.5228], [121.5166, 0.5228], [121.517, 0.5231], [121.5173, 0.5234], [121.5178, 0.5235], [121.5181, 0.5233], [121.5181, 0.5231], [121.5181, 0.5227], [121.5184, 0.5224], [121.5187, 0.5218], [121.5187, 0.5212], [121.5186, 0.5207], [121.519, 0.5203], [121.5194, 0.5194], [121.5191, 0.5188], [121.5187, 0.5185], [121.5186, 0.5178], [121.5188, 0.5171], [121.5187, 0.5169], [121.5186, 0.5165], [121.5186, 0.5164], [121.5183, 0.5163], [121.5181, 0.5153], [121.5168, 0.5143], [121.5154, 0.5136], [121.5153, 0.5128], [121.5163, 0.5121], [121.5168, 0.5116], [121.5174, 0.5106], [121.5175, 0.5099], [121.5176, 0.5094], [121.5179, 0.5087], [121.518, 0.5083], [121.5183, 0.5077], [121.5185, 0.5069], [121.5187, 0.5067], [121.5187, 0.5062], [121.5186, 0.5057], [121.5191, 0.5055], [121.5194, 0.5052], [121.5194, 0.505], [121.5195, 0.5048], [121.5197, 0.5045], [121.5199, 0.5043], [121.5201, 0.5035], [121.5201, 0.5031], [121.5201, 0.5028], [121.5201, 0.5025], [121.5201, 0.5017], [121.5202, 0.5012], [121.5203, 0.5009], [121.5204, 0.5006], [121.5204, 0.5003], [121.5195, 0.4977], [121.5183, 0.4955], [121.5173, 0.4952], [121.5157, 0.4953], [121.5137, 0.4951], [121.5133, 0.4942], [121.5122, 0.4932], [121.5107, 0.4918], [121.5107, 0.4904], [121.5105, 0.4897], [121.5105, 0.4891], [121.5094, 0.4883], [121.5085, 0.4874], [121.5069, 0.4866], [121.5066, 0.4868], [121.5062, 0.4869], [121.5058, 0.487], [121.5054, 0.4873], [121.5052, 0.4875], [121.5049, 0.4875], [121.5047, 0.4875], [121.5027, 0.4891], [121.5018, 0.4887], [121.5017, 0.488], [121.501, 0.4871], [121.5008, 0.486], [121.5, 0.4854], [121.4994, 0.4846], [121.4992, 0.4837], [121.4981, 0.4835], [121.4961, 0.4821], [121.4955, 0.4808], [121.4956, 0.4807], [121.4949, 0.4801], [121.4948, 0.4798], [121.4948, 0.4795], [121.4948, 0.4793], [121.4943, 0.4787], [121.4938, 0.4789], [121.4934, 0.4792], [121.4928, 0.4799], [121.4921, 0.4806], [121.4916, 0.481], [121.4911, 0.4811], [121.4905, 0.4815], [121.4895, 0.4825], [121.4888, 0.4829], [121.488, 0.4831], [121.487, 0.4833], [121.4866, 0.4837], [121.4861, 0.4841], [121.4855, 0.484], [121.4849, 0.4841], [121.4847, 0.4838], [121.4843, 0.4839], [121.4838, 0.4839], [121.4833, 0.484], [121.4826, 0.4846], [121.4777, 0.4845], [121.4746, 0.4835], [121.4708, 0.4811], [121.4676, 0.478], [121.465, 0.4762], [121.4615, 0.474], [121.4607, 0.4741], [121.4597, 0.4741], [121.4583, 0.4737], [121.4579, 0.4734], [121.4565, 0.4731], [121.4562, 0.4734], [121.456, 0.4732], [121.4558, 0.4729], [121.456, 0.4727], [121.4559, 0.4726], [121.4555, 0.4728], [121.4555, 0.473], [121.4556, 0.4735], [121.4553, 0.4737], [121.4548, 0.4729], [121.4547, 0.4724], [121.4545, 0.4718], [121.4537, 0.4714], [121.4533, 0.4708], [121.4528, 0.4699], [121.4518, 0.4693], [121.4509, 0.4683], [121.4504, 0.4676], [121.4497, 0.467], [121.4492, 0.4668], [121.4484, 0.4664], [121.4468, 0.4659], [121.4465, 0.4661], [121.4462, 0.4661], [121.4454, 0.4662], [121.4452, 0.4661], [121.4443, 0.4663], [121.4434, 0.4665], [121.4427, 0.4668], [121.4422, 0.4673], [121.4422, 0.4678], [121.4418, 0.4687], [121.4417, 0.4695], [121.4412, 0.4698], [121.4411, 0.4704], [121.4418, 0.4715], [121.4419, 0.4719], [121.4419, 0.4725], [121.4411, 0.474], [121.4409, 0.4744], [121.4412, 0.4749], [121.4413, 0.4753], [121.441, 0.4752], [121.4407, 0.4751], [121.4403, 0.4752], [121.4398, 0.4759], [121.4398, 0.4763], [121.4394, 0.4771], [121.4394, 0.4774], [121.4392, 0.4777], [121.439, 0.4774], [121.4389, 0.4771], [121.4386, 0.4769], [121.4382, 0.4767], [121.4379, 0.477], [121.4379, 0.4774], [121.4374, 0.4777], [121.437, 0.4778], [121.4367, 0.4778], [121.4365, 0.4782], [121.4361, 0.4782], [121.4362, 0.4778], [121.4363, 0.4773], [121.4364, 0.4768], [121.4361, 0.4767], [121.4357, 0.4767], [121.4353, 0.4769], [121.4351, 0.4777], [121.435, 0.478], [121.435, 0.4785], [121.4348, 0.4791], [121.435, 0.4793], [121.4352, 0.4795], [121.4349, 0.4799], [121.4345, 0.4802], [121.4343, 0.4802], [121.4343, 0.48], [121.4341, 0.4797], [121.4338, 0.4797], [121.4335, 0.4801], [121.4333, 0.4805], [121.4332, 0.4807], [121.4336, 0.4808], [121.434, 0.4808], [121.4343, 0.4811], [121.4338, 0.4814], [121.4338, 0.4818], [121.4337, 0.482], [121.4335, 0.4823], [121.4336, 0.4826], [121.4336, 0.4829], [121.4337, 0.4831], [121.4337, 0.4835], [121.4342, 0.4841], [121.4344, 0.4844], [121.4348, 0.4848], [121.4356, 0.4851], [121.4364, 0.4849], [121.4368, 0.4846], [121.4371, 0.4841], [121.4373, 0.4836], [121.4376, 0.4838], [121.4375, 0.4841], [121.4374, 0.4842], [121.4373, 0.4846], [121.4373, 0.4849], [121.4377, 0.485], [121.4378, 0.4852], [121.4383, 0.4856], [121.4385, 0.4858], [121.4383, 0.4862], [121.438, 0.4863], [121.4377, 0.4865], [121.4376, 0.4868], [121.4376, 0.487], [121.4379, 0.4873], [121.438, 0.4875], [121.4379, 0.4877], [121.4378, 0.488], [121.4376, 0.4883], [121.4373, 0.4886], [121.4372, 0.4891], [121.4372, 0.4897], [121.437, 0.4902], [121.4371, 0.4911], [121.4369, 0.4923], [121.4369, 0.4925], [121.4372, 0.4928], [121.4376, 0.4929], [121.4379, 0.4929], [121.4381, 0.4928], [121.4383, 0.4928], [121.4383, 0.4931], [121.4383, 0.4934], [121.4385, 0.4935], [121.4388, 0.4939], [121.4389, 0.4945], [121.439, 0.4948], [121.4394, 0.4948], [121.4398, 0.4948], [121.4401, 0.4955], [121.4405, 0.4956], [121.4407, 0.4957], [121.4411, 0.4962], [121.442, 0.4967], [121.4421, 0.4971], [121.4423, 0.4976], [121.4425, 0.4986], [121.4407, 0.5009], [121.4394, 0.5011], [121.4389, 0.5009], [121.4386, 0.5002], [121.4389, 0.4996], [121.4389, 0.4991], [121.4382, 0.4987], [121.4374, 0.4985], [121.437, 0.4979], [121.4355, 0.4972], [121.4354, 0.4974], [121.4352, 0.4976], [121.435, 0.4977], [121.4348, 0.4978], [121.4347, 0.4976], [121.4345, 0.4976], [121.4337, 0.4981], [121.4335, 0.4978], [121.4338, 0.4973], [121.4344, 0.4969], [121.4343, 0.4962], [121.434, 0.4959], [121.4332, 0.4954], [121.4329, 0.4946], [121.4322, 0.4937], [121.4321, 0.4923], [121.432, 0.4912], [121.4322, 0.4905], [121.4319, 0.4902], [121.4302, 0.4895], [121.4297, 0.4891], [121.4293, 0.4888], [121.4289, 0.4893], [121.4287, 0.4896], [121.4282, 0.4899], [121.4278, 0.4897], [121.4275, 0.4876], [121.4272, 0.4866], [121.4276, 0.4856], [121.4276, 0.485], [121.4273, 0.4846], [121.427, 0.4841], [121.4265, 0.4841], [121.4253, 0.4847], [121.4248, 0.484], [121.4252, 0.4836], [121.4252, 0.4829], [121.4247, 0.4829], [121.424, 0.4829], [121.424, 0.4828], [121.4234, 0.4825], [121.4232, 0.4828], [121.4228, 0.4829], [121.4226, 0.4831], [121.4223, 0.4832], [121.4219, 0.4833], [121.4216, 0.4833], [121.4214, 0.4834], [121.421, 0.4836], [121.4207, 0.4837], [121.4205, 0.4836], [121.4201, 0.4838], [121.42, 0.4839], [121.4198, 0.484], [121.4194, 0.484], [121.4192, 0.484], [121.4189, 0.4841], [121.4187, 0.484], [121.4185, 0.484], [121.4184, 0.4842], [121.4182, 0.4843], [121.4179, 0.4845], [121.4174, 0.4847], [121.4169, 0.4849], [121.4166, 0.4849], [121.4164, 0.4851], [121.4161, 0.4852], [121.416, 0.485], [121.4157, 0.4851], [121.4156, 0.4851], [121.4154, 0.4852], [121.4152, 0.4851], [121.4151, 0.4851], [121.4149, 0.4852], [121.4148, 0.4853], [121.4147, 0.4855], [121.4145, 0.4856], [121.4144, 0.4856], [121.4143, 0.4857], [121.4142, 0.4855], [121.4142, 0.4853], [121.4136, 0.4862], [121.4128, 0.4865], [121.4123, 0.4862], [121.412, 0.4859], [121.4115, 0.4857], [121.4112, 0.4858], [121.4111, 0.4857], [121.4106, 0.4861], [121.41, 0.4852], [121.4098, 0.4847], [121.4104, 0.4844], [121.4112, 0.4836], [121.4126, 0.4815], [121.4127, 0.4806], [121.4127, 0.48], [121.4123, 0.4793], [121.4124, 0.4787], [121.4123, 0.4771], [121.412, 0.4763], [121.4118, 0.4756], [121.4111, 0.4754], [121.4104, 0.4756], [121.4101, 0.4754], [121.4107, 0.4749], [121.4102, 0.4744], [121.4095, 0.4739], [121.4093, 0.4733], [121.4097, 0.4727], [121.41, 0.4719], [121.4096, 0.4715], [121.4093, 0.4716], [121.4089, 0.4725], [121.4087, 0.4725], [121.4085, 0.4734], [121.4079, 0.4733], [121.4073, 0.473], [121.4073, 0.4736], [121.4077, 0.4741], [121.4072, 0.4745], [121.407, 0.4747], [121.408, 0.4751], [121.4078, 0.4752], [121.4075, 0.4753], [121.4072, 0.4754], [121.4071, 0.4755], [121.4069, 0.4757], [121.4066, 0.4762], [121.4056, 0.4765], [121.4053, 0.4771], [121.4051, 0.4783], [121.4045, 0.4784], [121.4038, 0.479], [121.4043, 0.4803], [121.4049, 0.482], [121.4052, 0.4836], [121.4061, 0.4857], [121.4061, 0.4861], [121.4064, 0.4868], [121.4081, 0.4867], [121.4088, 0.487], [121.4087, 0.4871], [121.4081, 0.4879], [121.4053, 0.4879], [121.4034, 0.486], [121.4021, 0.485], [121.4011, 0.4851], [121.4008, 0.4855], [121.4005, 0.4852], [121.4008, 0.4844], [121.4006, 0.4833], [121.3999, 0.4824], [121.3995, 0.482], [121.3993, 0.4827], [121.3988, 0.4824], [121.3988, 0.4816], [121.3983, 0.4791], [121.3979, 0.4785], [121.3971, 0.4782], [121.396, 0.4781], [121.3956, 0.4778], [121.3949, 0.4773], [121.3945, 0.4773], [121.3937, 0.4777], [121.3934, 0.478], [121.3928, 0.4774], [121.3926, 0.4774], [121.3915, 0.4782], [121.391, 0.4806], [121.3915, 0.4818], [121.3934, 0.4856], [121.3943, 0.4866], [121.396, 0.4892], [121.396, 0.4903], [121.3946, 0.4897], [121.3948, 0.4886], [121.3942, 0.4874], [121.3928, 0.4869], [121.3919, 0.4862], [121.3923, 0.4856], [121.3917, 0.4834], [121.3908, 0.4823], [121.3897, 0.4819], [121.3888, 0.4823], [121.3884, 0.4804], [121.3874, 0.4796], [121.3856, 0.4798], [121.383, 0.4779], [121.3812, 0.477], [121.3799, 0.477], [121.3789, 0.4769], [121.378, 0.4768], [121.3776, 0.4768], [121.3773, 0.4768], [121.3769, 0.4775], [121.3766, 0.4784], [121.3756, 0.4776], [121.3751, 0.4767], [121.3739, 0.4767], [121.3723, 0.4767], [121.3709, 0.476], [121.3655, 0.474], [121.3634, 0.4726], [121.3614, 0.471], [121.3611, 0.4711], [121.3609, 0.4711], [121.3605, 0.4711], [121.3603, 0.4714], [121.3601, 0.4715], [121.3598, 0.4718], [121.3597, 0.4718], [121.3596, 0.4718], [121.3593, 0.4719], [121.359, 0.4721], [121.3587, 0.4721], [121.3583, 0.4721], [121.3581, 0.4722], [121.3579, 0.4722], [121.3577, 0.4723], [121.3576, 0.4725], [121.3573, 0.4726], [121.3572, 0.4727], [121.3569, 0.4728], [121.3568, 0.4729], [121.3567, 0.473], [121.3564, 0.4732], [121.3563, 0.4733], [121.3561, 0.4735], [121.356, 0.4736], [121.3559, 0.4737], [121.3556, 0.474], [121.3554, 0.4741], [121.3551, 0.4742], [121.3547, 0.4744], [121.3545, 0.4745], [121.3543, 0.4746], [121.3538, 0.4747], [121.3534, 0.4749], [121.3531, 0.475], [121.3527, 0.4752], [121.3521, 0.4753], [121.351, 0.4761], [121.3485, 0.4765], [121.3467, 0.4765], [121.3454, 0.4752], [121.3451, 0.4743], [121.3419, 0.4735], [121.3418, 0.4737], [121.3417, 0.4739], [121.3415, 0.474], [121.3414, 0.4738], [121.3413, 0.4737], [121.3411, 0.4737], [121.3405, 0.4746], [121.3392, 0.4743], [121.3391, 0.4739], [121.3388, 0.4738], [121.3385, 0.4737], [121.3381, 0.4736], [121.3379, 0.4733], [121.3377, 0.4733], [121.3376, 0.4735], [121.3373, 0.4737], [121.3371, 0.4738]]], [[[123.039, 0.9457], [123.0391, 0.9457], [123.0391, 0.9455], [123.0391, 0.9454], [123.0389, 0.9453], [123.0388, 0.9453], [123.0387, 0.9452], [123.0386, 0.9451], [123.0386, 0.945], [123.0385, 0.9449], [123.0383, 0.9447], [123.0383, 0.9446], [123.0383, 0.9445], [123.0383, 0.9444], [123.0382, 0.9443], [123.0382, 0.9442], [123.0382, 0.9441], [123.0381, 0.9441], [123.0378, 0.9441], [123.0377, 0.9442], [123.0377, 0.9443], [123.0376, 0.9445], [123.0376, 0.9447], [123.0376, 0.9449], [123.0376, 0.9451], [123.0376, 0.9453], [123.0375, 0.9454], [123.0376, 0.9455], [123.0376, 0.9456], [123.0377, 0.9457], [123.0378, 0.9457], [123.0381, 0.9457], [123.0382, 0.9457], [123.0383, 0.9457], [123.0384, 0.9457], [123.0385, 0.9457], [123.0386, 0.9457], [123.0387, 0.9457], [123.039, 0.9457]]], [[[123.0385, 0.9513], [123.0386, 0.9512], [123.0387, 0.9511], [123.0388, 0.951], [123.0389, 0.9508], [123.0389, 0.9507], [123.039, 0.9505], [123.039, 0.9504], [123.039, 0.9503], [123.039, 0.9502], [123.039, 0.9501], [123.039, 0.95], [123.0389, 0.9499], [123.0389, 0.9498], [123.0389, 0.9497], [123.0388, 0.9495], [123.0387, 0.9494], [123.0386, 0.9494], [123.0385, 0.9494], [123.0384, 0.9493], [123.0384, 0.9492], [123.0383, 0.9491], [123.0382, 0.9491], [123.0381, 0.949], [123.038, 0.949], [123.0377, 0.949], [123.0375, 0.9491], [123.0375, 0.9492], [123.0374, 0.9493], [123.0374, 0.9495], [123.0374, 0.9497], [123.0374, 0.9499], [123.0374, 0.9501], [123.0374, 0.9502], [123.0373, 0.9504], [123.0372, 0.9506], [123.0372, 0.9507], [123.0372, 0.951], [123.0373, 0.9511], [123.0374, 0.9512], [123.0375, 0.9513], [123.0376, 0.9513], [123.0377, 0.9513], [123.0378, 0.9513], [123.0379, 0.9513], [123.038, 0.9513], [123.0381, 0.9514], [123.0382, 0.9513], [123.0384, 0.9513], [123.0385, 0.9513]]], [[[122.9481, 0.966], [122.948, 0.9659], [122.9478, 0.966], [122.9478, 0.9661], [122.9476, 0.9662], [122.9476, 0.9663], [122.9476, 0.9664], [122.9477, 0.9665], [122.9478, 0.9665], [122.948, 0.9665], [122.9482, 0.9663], [122.9482, 0.9662], [122.9483, 0.9661], [122.9482, 0.966], [122.9481, 0.966]]], [[[122.9478, 0.9728], [122.9476, 0.9727], [122.9475, 0.9727], [122.9473, 0.9729], [122.9473, 0.9731], [122.9473, 0.9733], [122.9474, 0.9734], [122.9475, 0.9735], [122.9477, 0.9735], [122.9478, 0.9735], [122.948, 0.9734], [122.948, 0.9733], [122.948, 0.9731], [122.948, 0.973], [122.9478, 0.9728]]], [[[122.9446, 0.9757], [122.9445, 0.9757], [122.9443, 0.9758], [122.9442, 0.9759], [122.9442, 0.9761], [122.9443, 0.9763], [122.9444, 0.9764], [122.9445, 0.9764], [122.9446, 0.9763], [122.9448, 0.9761], [122.9448, 0.9759], [122.9446, 0.9757]]], [[[122.939, 0.953], [122.9388, 0.953], [122.9387, 0.953], [122.9386, 0.9531], [122.9386, 0.9532], [122.9385, 0.9533], [122.9386, 0.9534], [122.9386, 0.9535], [122.9387, 0.9536], [122.9388, 0.9537], [122.9389, 0.9537], [122.939, 0.9538], [122.9392, 0.9538], [122.9393, 0.9538], [122.9394, 0.9538], [122.9395, 0.9538], [122.9396, 0.9537], [122.9396, 0.9535], [122.9395, 0.9534], [122.9394, 0.9533], [122.9393, 0.9532], [122.9393, 0.9531], [122.9392, 0.9531], [122.9391, 0.953], [122.939, 0.953]]], [[[122.9394, 0.9834], [122.9394, 0.9833], [122.9394, 0.9832], [122.9394, 0.9831], [122.9393, 0.983], [122.9391, 0.983], [122.939, 0.9829], [122.9388, 0.983], [122.9388, 0.9831], [122.9388, 0.9832], [122.9388, 0.9833], [122.9389, 0.9834], [122.9391, 0.9834], [122.9394, 0.9834]]], [[[122.9379, 0.9562], [122.9378, 0.9562], [122.9375, 0.9562], [122.9375, 0.9564], [122.9375, 0.9565], [122.9376, 0.9567], [122.9377, 0.9567], [122.9378, 0.9567], [122.9379, 0.9567], [122.938, 0.9567], [122.938, 0.9566], [122.9381, 0.9564], [122.938, 0.9563], [122.938, 0.9562], [122.9379, 0.9562]]], [[[122.9321, 0.9875], [122.9322, 0.9873], [122.9324, 0.9872], [122.9326, 0.9871], [122.9328, 0.987], [122.933, 0.9869], [122.9333, 0.9869], [122.9335, 0.9868], [122.9337, 0.9867], [122.9338, 0.9866], [122.934, 0.9865], [122.9342, 0.9864], [122.9344, 0.9863], [122.9347, 0.9857], [122.9348, 0.9856], [122.9349, 0.9854], [122.935, 0.9853], [122.9351, 0.985], [122.9351, 0.9849], [122.9352, 0.9847], [122.9352, 0.9846], [122.9352, 0.9844], [122.935, 0.9842], [122.9349, 0.9841], [122.9347, 0.9841], [122.9345, 0.984], [122.9344, 0.9839], [122.9343, 0.9838], [122.9342, 0.9836], [122.9341, 0.9835], [122.934, 0.9834], [122.9339, 0.9833], [122.9338, 0.9831], [122.9337, 0.9829], [122.9337, 0.9826], [122.9337, 0.9825], [122.9336, 0.9823], [122.9336, 0.9822], [122.9336, 0.9821], [122.9336, 0.982], [122.9334, 0.9819], [122.9333, 0.9818], [122.9332, 0.9818], [122.9329, 0.9817], [122.9328, 0.9817], [122.9324, 0.9818], [122.9323, 0.9819], [122.9321, 0.982], [122.9319, 0.9821], [122.9318, 0.9822], [122.9315, 0.9823], [122.9313, 0.9824], [122.9311, 0.9827], [122.9307, 0.9829], [122.9306, 0.983], [122.9305, 0.9832], [122.9305, 0.9834], [122.9305, 0.9837], [122.9305, 0.9839], [122.9304, 0.984], [122.9304, 0.9842], [122.9303, 0.9844], [122.9301, 0.9849], [122.9301, 0.985], [122.9299, 0.9852], [122.9297, 0.9852], [122.9295, 0.9852], [122.9293, 0.9852], [122.9292, 0.9852], [122.9291, 0.9853], [122.9291, 0.9854], [122.929, 0.9856], [122.9291, 0.9859], [122.9292, 0.9861], [122.9295, 0.9865], [122.9296, 0.9867], [122.9299, 0.9871], [122.9301, 0.9872], [122.9303, 0.9873], [122.9305, 0.9874], [122.9306, 0.9875], [122.9308, 0.9877], [122.931, 0.9878], [122.9311, 0.988], [122.9313, 0.9881], [122.9314, 0.9881], [122.9316, 0.9881], [122.9318, 0.988], [122.9319, 0.9878], [122.932, 0.9876], [122.9321, 0.9875]]], [[[122.8985, 0.8549], [122.8984, 0.8549], [122.8983, 0.855], [122.8983, 0.8551], [122.8983, 0.8552], [122.8984, 0.8554], [122.8984, 0.8556], [122.8984, 0.8559], [122.8985, 0.856], [122.8985, 0.8561], [122.8985, 0.8562], [122.8986, 0.8563], [122.8987, 0.8563], [122.8988, 0.8563], [122.8989, 0.8562], [122.8989, 0.8561], [122.8989, 0.8559], [122.8989, 0.8557], [122.8989, 0.8555], [122.8988, 0.8554], [122.8988, 0.8553], [122.8987, 0.8552], [122.8987, 0.8551], [122.8986, 0.855], [122.8985, 0.8549]]], [[[122.8588, 0.8991], [122.859, 0.8991], [122.8592, 0.8991], [122.8593, 0.8991], [122.8595, 0.899], [122.8596, 0.8988], [122.8597, 0.8987], [122.8598, 0.8985], [122.8599, 0.8983], [122.86, 0.8983], [122.8604, 0.8982], [122.8608, 0.8983], [122.861, 0.8984], [122.8615, 0.8984], [122.8616, 0.8984], [122.8617, 0.8983], [122.8619, 0.8982], [122.862, 0.8981], [122.8623, 0.898], [122.8626, 0.898], [122.8631, 0.898], [122.8632, 0.8981], [122.8634, 0.8982], [122.8636, 0.8983], [122.8638, 0.8984], [122.864, 0.8985], [122.8642, 0.8986], [122.8645, 0.8986], [122.8648, 0.8986], [122.865, 0.8986], [122.8652, 0.8985], [122.8655, 0.8981], [122.8656, 0.898], [122.8656, 0.8978], [122.8657, 0.8977], [122.8659, 0.8974], [122.866, 0.8973], [122.8661, 0.8972], [122.8662, 0.897], [122.8663, 0.8968], [122.8664, 0.8967], [122.8665, 0.8967], [122.8667, 0.8965], [122.8668, 0.8964], [122.867, 0.8963], [122.8674, 0.8962], [122.8675, 0.8961], [122.8677, 0.8959], [122.8678, 0.8958], [122.8679, 0.8956], [122.8679, 0.8954], [122.8679, 0.8951], [122.868, 0.8949], [122.8681, 0.8948], [122.8683, 0.8946], [122.8685, 0.8945], [122.8689, 0.894], [122.8691, 0.8939], [122.8692, 0.8939], [122.8694, 0.8937], [122.8695, 0.8937], [122.8696, 0.8937], [122.8699, 0.8937], [122.8701, 0.8937], [122.8705, 0.8937], [122.8706, 0.8938], [122.8708, 0.8939], [122.8709, 0.8941], [122.8709, 0.8944], [122.871, 0.8945], [122.8712, 0.8946], [122.8713, 0.8946], [122.8716, 0.8944], [122.8718, 0.8942], [122.8721, 0.8941], [122.8722, 0.8942], [122.8723, 0.8942], [122.8724, 0.8943], [122.8725, 0.8944], [122.8726, 0.8945], [122.8727, 0.8947], [122.8728, 0.8948], [122.8729, 0.8948], [122.8731, 0.895], [122.8732, 0.8952], [122.8733, 0.8953], [122.8733, 0.8956], [122.8734, 0.8959], [122.8736, 0.8961], [122.8744, 0.8964], [122.8746, 0.8965], [122.8748, 0.8965], [122.8751, 0.8965], [122.8754, 0.8966], [122.8755, 0.8966], [122.876, 0.8965], [122.8762, 0.8966], [122.8763, 0.8967], [122.8766, 0.8969], [122.8768, 0.8969], [122.8769, 0.897], [122.877, 0.8971], [122.877, 0.8972], [122.877, 0.8973], [122.8772, 0.8973], [122.8775, 0.8972], [122.8777, 0.8971], [122.8778, 0.897], [122.8779, 0.897], [122.878, 0.897], [122.8781, 0.8971], [122.8783, 0.8972], [122.8785, 0.8972], [122.8786, 0.8971], [122.879, 0.8969], [122.8791, 0.8968], [122.8792, 0.8968], [122.8795, 0.8968], [122.8796, 0.8968], [122.8798, 0.8968], [122.88, 0.8968], [122.8801, 0.8967], [122.8802, 0.8966], [122.8804, 0.8966], [122.8805, 0.8966], [122.8807, 0.8967], [122.8808, 0.8967], [122.8811, 0.8966], [122.8812, 0.8965], [122.8813, 0.8965], [122.8813, 0.8966], [122.8815, 0.8967], [122.8817, 0.8966], [122.8817, 0.8965], [122.8819, 0.8965], [122.8821, 0.8965], [122.8822, 0.8964], [122.8823, 0.8964], [122.8824, 0.8964], [122.8827, 0.8964], [122.8828, 0.8964], [122.883, 0.8964], [122.8833, 0.8964], [122.8834, 0.8963], [122.8839, 0.896], [122.8839, 0.8959], [122.884, 0.8959], [122.8841, 0.8958], [122.8842, 0.8957], [122.8843, 0.8956], [122.8843, 0.8955], [122.8845, 0.8954], [122.8846, 0.8954], [122.8847, 0.8953], [122.8849, 0.8945], [122.8849, 0.8942], [122.8849, 0.8941], [122.8848, 0.8937], [122.8848, 0.8934], [122.8847, 0.8933], [122.8845, 0.8928], [122.8845, 0.8927], [122.8845, 0.8926], [122.8845, 0.8925], [122.8846, 0.8923], [122.8847, 0.8922], [122.8848, 0.892], [122.8849, 0.8918], [122.8849, 0.8917], [122.885, 0.8916], [122.8852, 0.8911], [122.8853, 0.891], [122.8854, 0.8909], [122.8855, 0.8907], [122.8856, 0.8906], [122.8857, 0.8905], [122.8857, 0.8904], [122.8863, 0.8901], [122.8864, 0.89], [122.8865, 0.8899], [122.8867, 0.8898], [122.8868, 0.8897], [122.8877, 0.8895], [122.8879, 0.8895], [122.8885, 0.8895], [122.8887, 0.8895], [122.8889, 0.8894], [122.8891, 0.8894], [122.8893, 0.8895], [122.8895, 0.8895], [122.8897, 0.8895], [122.8899, 0.8894], [122.89, 0.8894], [122.8905, 0.8894], [122.8906, 0.8895], [122.8907, 0.8896], [122.8909, 0.8897], [122.8911, 0.8896], [122.8912, 0.8896], [122.8913, 0.8894], [122.8917, 0.889], [122.8919, 0.8888], [122.892, 0.8886], [122.892, 0.8883], [122.8921, 0.8881], [122.8921, 0.8879], [122.8921, 0.8877], [122.8922, 0.8875], [122.8925, 0.8871], [122.8927, 0.887], [122.8929, 0.8868], [122.893, 0.8866], [122.893, 0.8864], [122.8929, 0.8861], [122.8927, 0.8858], [122.8925, 0.8855], [122.8922, 0.8852], [122.8921, 0.8849], [122.892, 0.8847], [122.8919, 0.8843], [122.8919, 0.884], [122.8918, 0.8836], [122.8919, 0.8831], [122.892, 0.8829], [122.8921, 0.8827], [122.8921, 0.8824], [122.8921, 0.8822], [122.8919, 0.8819], [122.8917, 0.8817], [122.8916, 0.8815], [122.8914, 0.8812], [122.8914, 0.881], [122.8915, 0.8807], [122.8916, 0.8805], [122.8916, 0.8802], [122.8916, 0.88], [122.8915, 0.8798], [122.8913, 0.8796], [122.8907, 0.8789], [122.8907, 0.8787], [122.8906, 0.8786], [122.8906, 0.8783], [122.8906, 0.878], [122.8907, 0.8777], [122.8908, 0.8774], [122.8909, 0.877], [122.8909, 0.8764], [122.8907, 0.8761], [122.8903, 0.8753], [122.8901, 0.875], [122.8897, 0.8741], [122.8898, 0.8738], [122.8899, 0.8735], [122.8901, 0.8734], [122.8905, 0.8732], [122.8908, 0.873], [122.8909, 0.8728], [122.8911, 0.8726], [122.8914, 0.8725], [122.8918, 0.8725], [122.8921, 0.8724], [122.8924, 0.8723], [122.8928, 0.8721], [122.893, 0.8719], [122.8931, 0.8718], [122.8933, 0.8717], [122.8936, 0.8716], [122.8937, 0.8714], [122.8939, 0.8708], [122.8938, 0.8707], [122.8938, 0.8706], [122.8937, 0.8705], [122.8938, 0.8705], [122.894, 0.8704], [122.8941, 0.8703], [122.8942, 0.8701], [122.8943, 0.8694], [122.8943, 0.8693], [122.8944, 0.8692], [122.8946, 0.8693], [122.8948, 0.8694], [122.8951, 0.8695], [122.8956, 0.8697], [122.8957, 0.8697], [122.896, 0.8697], [122.8962, 0.8697], [122.8963, 0.8696], [122.8965, 0.8695], [122.8966, 0.8692], [122.8967, 0.8689], [122.8968, 0.8688], [122.8968, 0.8687], [122.8968, 0.8684], [122.8968, 0.8683], [122.8969, 0.8681], [122.8971, 0.868], [122.8973, 0.8679], [122.8977, 0.8679], [122.8979, 0.8677], [122.898, 0.8675], [122.8979, 0.8672], [122.8978, 0.8669], [122.8979, 0.8656], [122.8979, 0.865], [122.8979, 0.8649], [122.8978, 0.8648], [122.8977, 0.8648], [122.8976, 0.8647], [122.8974, 0.8646], [122.8972, 0.8645], [122.8972, 0.8644], [122.8969, 0.8644], [122.8968, 0.8644], [122.8966, 0.8642], [122.8966, 0.8641], [122.8969, 0.8641], [122.8971, 0.8641], [122.8972, 0.8639], [122.8973, 0.8638], [122.8974, 0.8637], [122.8975, 0.8635], [122.8976, 0.8634], [122.8977, 0.8632], [122.8977, 0.863], [122.8978, 0.8629], [122.8979, 0.8629], [122.898, 0.8628], [122.8981, 0.8627], [122.898, 0.8622], [122.8981, 0.8619], [122.8982, 0.8618], [122.8982, 0.8617], [122.8982, 0.8615], [122.8982, 0.8614], [122.8982, 0.8613], [122.8983, 0.8612], [122.8983, 0.8611], [122.8983, 0.8609], [122.8982, 0.8608], [122.8981, 0.8607], [122.8979, 0.8606], [122.8978, 0.8606], [122.8976, 0.8606], [122.8975, 0.8607], [122.8972, 0.8607], [122.8971, 0.8608], [122.8969, 0.8609], [122.8966, 0.8609], [122.8964, 0.8609], [122.8963, 0.8607], [122.8961, 0.8605], [122.896, 0.8603], [122.8958, 0.8601], [122.8957, 0.8596], [122.8956, 0.8594], [122.8956, 0.8593], [122.8955, 0.8592], [122.8953, 0.8591], [122.8952, 0.859], [122.8952, 0.8587], [122.8953, 0.8585], [122.8953, 0.8583], [122.8954, 0.8579], [122.8955, 0.8576], [122.8956, 0.8574], [122.8957, 0.8572], [122.8958, 0.857], [122.8958, 0.8569], [122.8957, 0.8567], [122.8956, 0.8565], [122.8954, 0.8565], [122.8951, 0.8565], [122.8949, 0.8565], [122.8946, 0.8561], [122.8946, 0.8557], [122.8945, 0.8554], [122.8945, 0.8552], [122.8946, 0.855], [122.8947, 0.8549], [122.895, 0.8548], [122.895, 0.8547], [122.8953, 0.8546], [122.8954, 0.8545], [122.8955, 0.8543], [122.8955, 0.8541], [122.8954, 0.854], [122.8953, 0.8539], [122.8952, 0.8538], [122.895, 0.8538], [122.8948, 0.8537], [122.8946, 0.8537], [122.8944, 0.8537], [122.8942, 0.8537], [122.8939, 0.8537], [122.8937, 0.8537], [122.8936, 0.8536], [122.8936, 0.8535], [122.8934, 0.8534], [122.8933, 0.8533], [122.8926, 0.8533], [122.8923, 0.8533], [122.8922, 0.8534], [122.8921, 0.8534], [122.8919, 0.8535], [122.8915, 0.8536], [122.8913, 0.8536], [122.8911, 0.8537], [122.891, 0.8539], [122.8903, 0.8544], [122.8901, 0.8546], [122.89, 0.8547], [122.8899, 0.8548], [122.8898, 0.8549], [122.8894, 0.8553], [122.8893, 0.8555], [122.8893, 0.8556], [122.8893, 0.8558], [122.8893, 0.8559], [122.8893, 0.856], [122.8892, 0.856], [122.8891, 0.856], [122.889, 0.856], [122.8888, 0.856], [122.8886, 0.856], [122.8885, 0.8562], [122.8885, 0.8563], [122.8884, 0.8565], [122.8884, 0.8566], [122.8884, 0.8568], [122.8883, 0.8568], [122.8879, 0.8568], [122.8877, 0.8569], [122.8876, 0.8569], [122.8875, 0.857], [122.8873, 0.8571], [122.8872, 0.8572], [122.8872, 0.8574], [122.8871, 0.8575], [122.8871, 0.8577], [122.8869, 0.8578], [122.8866, 0.858], [122.8865, 0.8581], [122.8864, 0.8582], [122.8862, 0.8582], [122.8861, 0.8582], [122.886, 0.8582], [122.8859, 0.8581], [122.8857, 0.8581], [122.8855, 0.858], [122.8854, 0.858], [122.8853, 0.858], [122.8851, 0.858], [122.8849, 0.8579], [122.8848, 0.858], [122.8846, 0.858], [122.8844, 0.8582], [122.8842, 0.8583], [122.8834, 0.8584], [122.8832, 0.8585], [122.8831, 0.8585], [122.883, 0.8587], [122.8828, 0.8588], [122.8827, 0.859], [122.8825, 0.8591], [122.8824, 0.8592], [122.8823, 0.8592], [122.8822, 0.8591], [122.882, 0.8589], [122.8819, 0.8586], [122.8816, 0.8585], [122.8814, 0.8584], [122.8812, 0.8583], [122.881, 0.8584], [122.8808, 0.8585], [122.8806, 0.8586], [122.8805, 0.8587], [122.8804, 0.8588], [122.8803, 0.859], [122.8804, 0.8592], [122.8804, 0.8593], [122.8805, 0.8595], [122.8808, 0.8596], [122.8809, 0.8598], [122.881, 0.8599], [122.8811, 0.8602], [122.8811, 0.8604], [122.881, 0.8606], [122.881, 0.8609], [122.8809, 0.8611], [122.8809, 0.8614], [122.8808, 0.8616], [122.8807, 0.8618], [122.8805, 0.862], [122.8805, 0.8622], [122.8804, 0.8628], [122.8806, 0.8629], [122.8806, 0.8631], [122.8804, 0.8632], [122.8804, 0.8631], [122.8802, 0.863], [122.8801, 0.8629], [122.8799, 0.8629], [122.8795, 0.8629], [122.8793, 0.8631], [122.8787, 0.8635], [122.8785, 0.8637], [122.8783, 0.8639], [122.8783, 0.8641], [122.8782, 0.865], [122.8782, 0.8652], [122.8782, 0.8654], [122.8782, 0.8657], [122.8781, 0.8658], [122.8779, 0.8659], [122.8779, 0.8662], [122.8779, 0.8664], [122.8779, 0.8667], [122.8782, 0.8674], [122.8782, 0.8676], [122.8781, 0.8681], [122.8783, 0.8684], [122.8784, 0.8686], [122.8785, 0.8689], [122.8785, 0.8694], [122.8784, 0.8696], [122.8784, 0.8698], [122.8784, 0.8699], [122.8785, 0.8701], [122.8787, 0.8703], [122.8789, 0.8705], [122.8791, 0.8707], [122.8792, 0.8708], [122.8793, 0.8711], [122.8795, 0.8715], [122.8797, 0.8717], [122.8812, 0.8733], [122.8813, 0.8736], [122.8816, 0.8739], [122.8818, 0.874], [122.8819, 0.8743], [122.882, 0.8747], [122.882, 0.8751], [122.8822, 0.8757], [122.8823, 0.8761], [122.8826, 0.8774], [122.8827, 0.8777], [122.8828, 0.8777], [122.8829, 0.8779], [122.883, 0.8782], [122.883, 0.8783], [122.883, 0.8785], [122.883, 0.8788], [122.8831, 0.8791], [122.8833, 0.8795], [122.8834, 0.8806], [122.8834, 0.8808], [122.8834, 0.881], [122.8832, 0.8814], [122.8831, 0.8816], [122.8831, 0.8819], [122.8831, 0.8821], [122.883, 0.8824], [122.883, 0.8825], [122.8829, 0.8828], [122.883, 0.8829], [122.883, 0.8831], [122.8829, 0.884], [122.8829, 0.8845], [122.883, 0.8848], [122.8831, 0.885], [122.883, 0.8852], [122.883, 0.8853], [122.8829, 0.8857], [122.8828, 0.8859], [122.8826, 0.8861], [122.8821, 0.8868], [122.8821, 0.887], [122.8822, 0.8873], [122.8823, 0.8875], [122.8824, 0.8876], [122.8828, 0.8878], [122.8829, 0.8879], [122.8832, 0.8881], [122.8837, 0.8888], [122.8839, 0.8891], [122.884, 0.8893], [122.8841, 0.8896], [122.8841, 0.8898], [122.884, 0.89], [122.8838, 0.89], [122.8837, 0.89], [122.8836, 0.8898], [122.8836, 0.8896], [122.8836, 0.8893], [122.8836, 0.8891], [122.8835, 0.8889], [122.8833, 0.8887], [122.8831, 0.8884], [122.8829, 0.8883], [122.8828, 0.8882], [122.8825, 0.888], [122.8824, 0.8879], [122.8822, 0.8878], [122.882, 0.8877], [122.8818, 0.8876], [122.8816, 0.8875], [122.8815, 0.8876], [122.8814, 0.8877], [122.8813, 0.8879], [122.8812, 0.8881], [122.8811, 0.8883], [122.8809, 0.8885], [122.8805, 0.8888], [122.8804, 0.8888], [122.8801, 0.889], [122.8799, 0.8891], [122.8797, 0.8893], [122.8795, 0.8894], [122.8793, 0.8896], [122.879, 0.8897], [122.8786, 0.8903], [122.8784, 0.8905], [122.8784, 0.8906], [122.8785, 0.8907], [122.8786, 0.8909], [122.8785, 0.891], [122.8783, 0.8911], [122.878, 0.8912], [122.8779, 0.8914], [122.8779, 0.8915], [122.8778, 0.8917], [122.8778, 0.8919], [122.8778, 0.892], [122.8779, 0.8922], [122.8778, 0.8923], [122.8773, 0.8924], [122.8771, 0.8925], [122.8769, 0.8926], [122.8767, 0.8927], [122.8765, 0.8926], [122.8762, 0.8927], [122.876, 0.8927], [122.8759, 0.8928], [122.8756, 0.8928], [122.8753, 0.8928], [122.875, 0.8929], [122.8749, 0.8929], [122.8745, 0.8929], [122.8744, 0.8929], [122.8742, 0.8929], [122.8739, 0.8928], [122.8737, 0.8927], [122.8732, 0.8927], [122.873, 0.8928], [122.8728, 0.8928], [122.8726, 0.8928], [122.8724, 0.8928], [122.8723, 0.8928], [122.8721, 0.8927], [122.8719, 0.8926], [122.8717, 0.8926], [122.8716, 0.8926], [122.8714, 0.8926], [122.8712, 0.8926], [122.8711, 0.8925], [122.8707, 0.8927], [122.8706, 0.8927], [122.8705, 0.8928], [122.8703, 0.8929], [122.87, 0.893], [122.8698, 0.893], [122.8697, 0.893], [122.8695, 0.8931], [122.8694, 0.8931], [122.8693, 0.8931], [122.8691, 0.8933], [122.8689, 0.8933], [122.8687, 0.8933], [122.8687, 0.8932], [122.8686, 0.8931], [122.8686, 0.8929], [122.8686, 0.8928], [122.8685, 0.8928], [122.8682, 0.8924], [122.8681, 0.8923], [122.868, 0.8921], [122.8679, 0.8919], [122.8678, 0.8917], [122.8677, 0.8916], [122.8673, 0.8912], [122.8671, 0.8913], [122.867, 0.8914], [122.8669, 0.8916], [122.8669, 0.8917], [122.8669, 0.8919], [122.8669, 0.8921], [122.8668, 0.8923], [122.8668, 0.8925], [122.8669, 0.8927], [122.8669, 0.893], [122.8668, 0.8931], [122.8666, 0.8931], [122.8665, 0.8929], [122.8663, 0.8927], [122.866, 0.8923], [122.8658, 0.8921], [122.8657, 0.892], [122.8655, 0.8918], [122.8655, 0.8917], [122.8653, 0.8917], [122.8652, 0.8918], [122.8651, 0.8919], [122.865, 0.8921], [122.8649, 0.8923], [122.8648, 0.8924], [122.8645, 0.8925], [122.8643, 0.8924], [122.8643, 0.8923], [122.8642, 0.8921], [122.8641, 0.8919], [122.864, 0.8918], [122.8639, 0.8917], [122.8638, 0.8916], [122.8635, 0.8916], [122.8631, 0.8916], [122.8628, 0.8916], [122.8626, 0.8917], [122.8626, 0.8918], [122.8623, 0.892], [122.8617, 0.8922], [122.8616, 0.8923], [122.8616, 0.8924], [122.8615, 0.8925], [122.8615, 0.8927], [122.8614, 0.8928], [122.8614, 0.8929], [122.8613, 0.893], [122.8612, 0.8931], [122.8611, 0.8935], [122.8611, 0.8936], [122.8612, 0.8937], [122.8612, 0.8938], [122.8612, 0.894], [122.8612, 0.8941], [122.8612, 0.8943], [122.861, 0.8943], [122.8609, 0.8943], [122.8608, 0.8942], [122.8607, 0.8942], [122.8606, 0.8941], [122.8605, 0.894], [122.8603, 0.8939], [122.8602, 0.8939], [122.86, 0.8939], [122.8599, 0.894], [122.8597, 0.8941], [122.8596, 0.8941], [122.8593, 0.8942], [122.8589, 0.8942], [122.8585, 0.8944], [122.8583, 0.8945], [122.8582, 0.8945], [122.8579, 0.8945], [122.8578, 0.8944], [122.8577, 0.8943], [122.8575, 0.8942], [122.8574, 0.894], [122.8573, 0.8939], [122.8571, 0.8937], [122.8569, 0.8937], [122.8564, 0.8938], [122.8562, 0.8939], [122.8561, 0.8941], [122.8561, 0.8942], [122.8559, 0.8946], [122.8558, 0.8947], [122.8551, 0.8958], [122.855, 0.8959], [122.8548, 0.8961], [122.8547, 0.8962], [122.8545, 0.8962], [122.8543, 0.8963], [122.8539, 0.8963], [122.8537, 0.8962], [122.8535, 0.8962], [122.8533, 0.8961], [122.853, 0.8961], [122.8527, 0.8961], [122.8526, 0.8962], [122.8525, 0.8963], [122.8524, 0.8966], [122.8524, 0.8967], [122.8525, 0.8968], [122.853, 0.8973], [122.853, 0.8974], [122.8531, 0.8976], [122.8531, 0.8977], [122.8532, 0.8978], [122.8533, 0.8979], [122.8535, 0.898], [122.8537, 0.8982], [122.8538, 0.8982], [122.854, 0.8983], [122.8542, 0.8984], [122.8556, 0.8989], [122.8558, 0.8989], [122.856, 0.899], [122.8566, 0.8991], [122.8568, 0.8992], [122.8571, 0.8992], [122.8578, 0.8992], [122.8582, 0.8992], [122.8583, 0.8992], [122.8586, 0.8992], [122.8588, 0.8991]]], [[[122.8958, 0.8582], [122.8957, 0.8582], [122.8956, 0.8582], [122.8955, 0.8583], [122.8955, 0.8584], [122.8954, 0.8585], [122.8954, 0.8586], [122.8954, 0.8587], [122.8955, 0.8588], [122.8956, 0.8588], [122.8957, 0.8588], [122.8958, 0.8587], [122.8958, 0.8586], [122.8959, 0.8585], [122.8959, 0.8584], [122.8958, 0.8583], [122.8958, 0.8582]]], [[[122.8935, 0.8526], [122.8934, 0.8527], [122.8934, 0.8528], [122.8934, 0.8529], [122.8936, 0.8529], [122.8937, 0.8529], [122.8938, 0.8529], [122.8938, 0.8528], [122.8938, 0.8527], [122.8937, 0.8527], [122.8935, 0.8526]]], [[[122.8925, 0.966], [122.8924, 0.9659], [122.8923, 0.9655], [122.8922, 0.9655], [122.8921, 0.9653], [122.892, 0.9652], [122.8919, 0.9651], [122.8918, 0.965], [122.8917, 0.9649], [122.8916, 0.9648], [122.8915, 0.9647], [122.8914, 0.9646], [122.8914, 0.9645], [122.8913, 0.9644], [122.8912, 0.9641], [122.8911, 0.9639], [122.891, 0.9638], [122.8909, 0.9636], [122.8908, 0.9635], [122.8906, 0.9634], [122.8904, 0.9633], [122.8903, 0.9632], [122.8901, 0.9632], [122.89, 0.9632], [122.8899, 0.9631], [122.8898, 0.9631], [122.8896, 0.9631], [122.8895, 0.9633], [122.8894, 0.9635], [122.8894, 0.9637], [122.8894, 0.9639], [122.8894, 0.9641], [122.8895, 0.9642], [122.8895, 0.9644], [122.8896, 0.9646], [122.8896, 0.9647], [122.8897, 0.9649], [122.8898, 0.9651], [122.8898, 0.9652], [122.8899, 0.9654], [122.89, 0.9656], [122.89, 0.9657], [122.8901, 0.9658], [122.8902, 0.9658], [122.8903, 0.9659], [122.8905, 0.9659], [122.8907, 0.9659], [122.8908, 0.9659], [122.8909, 0.9659], [122.891, 0.9659], [122.8913, 0.9661], [122.8914, 0.9662], [122.8916, 0.9663], [122.8917, 0.9664], [122.8919, 0.9668], [122.892, 0.9669], [122.8921, 0.967], [122.8922, 0.9671], [122.8923, 0.9672], [122.8924, 0.9672], [122.8925, 0.9673], [122.8927, 0.9673], [122.8928, 0.9673], [122.8929, 0.9672], [122.8929, 0.9669], [122.8929, 0.9667], [122.8927, 0.9664], [122.8926, 0.9663], [122.8925, 0.9662], [122.8925, 0.966]]], [[[122.8895, 0.9662], [122.8894, 0.9662], [122.8893, 0.9662], [122.8893, 0.9664], [122.8893, 0.9665], [122.8894, 0.9665], [122.8896, 0.9665], [122.8896, 0.9664], [122.8896, 0.9663], [122.8895, 0.9662]]], [[[122.8761, 0.9261], [122.8763, 0.9261], [122.8766, 0.9261], [122.877, 0.9261], [122.8772, 0.9261], [122.8774, 0.9262], [122.8776, 0.9262], [122.8778, 0.9263], [122.8781, 0.9263], [122.8784, 0.9263], [122.8787, 0.9263], [122.8789, 0.9263], [122.8791, 0.9263], [122.8793, 0.9263], [122.8795, 0.9262], [122.8796, 0.9261], [122.8797, 0.9258], [122.8795, 0.9257], [122.8793, 0.9256], [122.8791, 0.9255], [122.8789, 0.9255], [122.8787, 0.9254], [122.8786, 0.9254], [122.8784, 0.9253], [122.8782, 0.9253], [122.878, 0.9253], [122.8779, 0.9252], [122.8777, 0.9252], [122.8775, 0.9252], [122.8772, 0.9252], [122.8771, 0.9251], [122.877, 0.925], [122.8769, 0.9248], [122.8768, 0.9246], [122.8766, 0.9244], [122.8766, 0.9243], [122.8765, 0.9241], [122.8764, 0.9239], [122.8763, 0.9237], [122.8763, 0.9235], [122.8764, 0.9233], [122.8765, 0.9231], [122.8767, 0.9228], [122.8769, 0.9226], [122.8769, 0.9225], [122.8772, 0.9224], [122.8773, 0.9223], [122.8774, 0.9223], [122.8776, 0.9222], [122.8778, 0.9222], [122.8783, 0.9222], [122.8784, 0.9221], [122.8786, 0.922], [122.8787, 0.9219], [122.8788, 0.9216], [122.8788, 0.9215], [122.8786, 0.9213], [122.8785, 0.9212], [122.8784, 0.921], [122.8784, 0.9209], [122.8783, 0.9208], [122.8783, 0.9207], [122.8781, 0.9203], [122.8779, 0.9201], [122.8779, 0.92], [122.8779, 0.9199], [122.8779, 0.9198], [122.8779, 0.9196], [122.8778, 0.9196], [122.8776, 0.9196], [122.8774, 0.9196], [122.877, 0.9196], [122.8768, 0.9197], [122.8767, 0.9198], [122.8766, 0.9199], [122.8764, 0.92], [122.8761, 0.9201], [122.8759, 0.9201], [122.8757, 0.9202], [122.8754, 0.9203], [122.8752, 0.9204], [122.8751, 0.9205], [122.8743, 0.9207], [122.8741, 0.9208], [122.8739, 0.9209], [122.8737, 0.9211], [122.8736, 0.9213], [122.8736, 0.9215], [122.8736, 0.9218], [122.8736, 0.9221], [122.8735, 0.9224], [122.8735, 0.9226], [122.8737, 0.9227], [122.8739, 0.9229], [122.8741, 0.923], [122.8744, 0.9231], [122.8746, 0.9233], [122.8749, 0.9235], [122.8751, 0.9237], [122.8752, 0.9238], [122.8753, 0.9241], [122.8752, 0.9244], [122.875, 0.9245], [122.8748, 0.9247], [122.8744, 0.9248], [122.8741, 0.9249], [122.8739, 0.925], [122.8735, 0.9251], [122.8731, 0.9252], [122.8729, 0.9252], [122.8727, 0.9253], [122.8725, 0.9254], [122.8721, 0.9256], [122.8721, 0.9258], [122.8722, 0.9259], [122.8723, 0.926], [122.8725, 0.9261], [122.8727, 0.9262], [122.8729, 0.9262], [122.8733, 0.9263], [122.8735, 0.9263], [122.8738, 0.9263], [122.874, 0.9264], [122.8743, 0.9263], [122.8747, 0.9263], [122.875, 0.9262], [122.8755, 0.9262], [122.8757, 0.9261], [122.8761, 0.9261]]], [[[122.8775, 0.87], [122.8773, 0.87], [122.8772, 0.8701], [122.8771, 0.8702], [122.8771, 0.8703], [122.877, 0.8704], [122.877, 0.8705], [122.877, 0.8706], [122.877, 0.8707], [122.8771, 0.8708], [122.8772, 0.8708], [122.8773, 0.8706], [122.8774, 0.8704], [122.8775, 0.8704], [122.8775, 0.8703], [122.8775, 0.8702], [122.8775, 0.87]]], [[[122.8647, 0.9238], [122.8645, 0.9238], [122.8644, 0.9238], [122.8643, 0.9238], [122.8643, 0.9239], [122.8642, 0.924], [122.8642, 0.9241], [122.8642, 0.9242], [122.8642, 0.9243], [122.8642, 0.9244], [122.8642, 0.9245], [122.8641, 0.9246], [122.8641, 0.9247], [122.8641, 0.9248], [122.8641, 0.9249], [122.8641, 0.9251], [122.8641, 0.9253], [122.8641, 0.9254], [122.864, 0.9255], [122.8639, 0.9256], [122.8638, 0.9257], [122.8638, 0.9258], [122.8637, 0.926], [122.8636, 0.9261], [122.8635, 0.9265], [122.8634, 0.9267], [122.8634, 0.9268], [122.8635, 0.9269], [122.8636, 0.9271], [122.8637, 0.9271], [122.8638, 0.9272], [122.8639, 0.9272], [122.8641, 0.9271], [122.8642, 0.927], [122.8643, 0.927], [122.8644, 0.9269], [122.8645, 0.9268], [122.8647, 0.9268], [122.8648, 0.9267], [122.865, 0.9267], [122.8651, 0.9266], [122.8653, 0.9266], [122.8654, 0.9265], [122.8655, 0.9264], [122.8656, 0.9263], [122.8657, 0.9262], [122.8658, 0.9261], [122.8659, 0.926], [122.8659, 0.9259], [122.8659, 0.9258], [122.8659, 0.9257], [122.8658, 0.9256], [122.8658, 0.9255], [122.8657, 0.9255], [122.8655, 0.9253], [122.8654, 0.9252], [122.8653, 0.9251], [122.8652, 0.925], [122.8651, 0.9248], [122.865, 0.9247], [122.8649, 0.9246], [122.8649, 0.9245], [122.8648, 0.9245], [122.8648, 0.9244], [122.8648, 0.9243], [122.8648, 0.9242], [122.8648, 0.9241], [122.8649, 0.924], [122.8648, 0.9239], [122.8647, 0.9238]]], [[[122.8622, 0.936], [122.8621, 0.9359], [122.862, 0.9359], [122.8619, 0.936], [122.8618, 0.9361], [122.8618, 0.9362], [122.8618, 0.9364], [122.8619, 0.9364], [122.862, 0.9364], [122.8622, 0.9364], [122.8622, 0.9363], [122.8623, 0.9362], [122.8623, 0.9361], [122.8622, 0.936]]], [[[122.8614, 0.9231], [122.8612, 0.9232], [122.8611, 0.9233], [122.8611, 0.9234], [122.8612, 0.9236], [122.8613, 0.9236], [122.8614, 0.9236], [122.8616, 0.9235], [122.8617, 0.9235], [122.8618, 0.9234], [122.8616, 0.9232], [122.8615, 0.9231], [122.8614, 0.9231]]], [[[122.8581, 0.9368], [122.8582, 0.9362], [122.8583, 0.936], [122.8583, 0.9359], [122.8585, 0.9356], [122.8586, 0.9355], [122.8586, 0.9354], [122.8587, 0.9353], [122.8588, 0.9352], [122.8588, 0.9351], [122.859, 0.935], [122.8591, 0.935], [122.8592, 0.935], [122.8593, 0.9349], [122.8592, 0.9348], [122.8591, 0.9348], [122.859, 0.9348], [122.8587, 0.9348], [122.8585, 0.9348], [122.8584, 0.9349], [122.8583, 0.935], [122.8582, 0.9351], [122.8581, 0.9353], [122.858, 0.9354], [122.858, 0.9356], [122.8579, 0.9357], [122.8579, 0.9359], [122.8578, 0.936], [122.8577, 0.9361], [122.8576, 0.9362], [122.8575, 0.9363], [122.8573, 0.9362], [122.857, 0.9362], [122.8568, 0.9362], [122.8567, 0.9364], [122.8568, 0.9366], [122.8568, 0.9369], [122.8568, 0.937], [122.8567, 0.9371], [122.8567, 0.9372], [122.8567, 0.9374], [122.8568, 0.9375], [122.8569, 0.9376], [122.857, 0.9378], [122.857, 0.9385], [122.857, 0.9386], [122.857, 0.9387], [122.857, 0.9389], [122.8571, 0.9391], [122.8572, 0.9392], [122.8573, 0.9393], [122.8574, 0.9394], [122.8575, 0.9397], [122.8575, 0.9398], [122.8576, 0.9399], [122.8577, 0.9399], [122.8578, 0.94], [122.858, 0.9399], [122.8581, 0.9399], [122.8584, 0.9398], [122.8586, 0.9397], [122.8587, 0.9396], [122.8588, 0.9395], [122.8589, 0.9393], [122.8589, 0.9391], [122.8589, 0.9389], [122.8589, 0.9387], [122.8588, 0.9385], [122.8587, 0.9384], [122.8587, 0.9383], [122.8586, 0.9381], [122.8584, 0.9379], [122.8584, 0.9377], [122.8583, 0.9376], [122.8582, 0.9374], [122.8582, 0.9372], [122.8581, 0.937], [122.858, 0.9369], [122.8581, 0.9368]]], [[[122.8484, 0.9026], [122.8482, 0.9026], [122.8481, 0.9027], [122.848, 0.9028], [122.8479, 0.903], [122.8477, 0.9031], [122.8474, 0.9032], [122.8472, 0.9033], [122.847, 0.9035], [122.8468, 0.9035], [122.8467, 0.9036], [122.8465, 0.9036], [122.8463, 0.9036], [122.8462, 0.9037], [122.8461, 0.9037], [122.8457, 0.9039], [122.8456, 0.904], [122.8455, 0.9042], [122.8454, 0.9044], [122.8454, 0.9047], [122.8454, 0.905], [122.8456, 0.9053], [122.8457, 0.9055], [122.8459, 0.9056], [122.8461, 0.9057], [122.8465, 0.9059], [122.8469, 0.9059], [122.8471, 0.9058], [122.8473, 0.9057], [122.8475, 0.9057], [122.8477, 0.9055], [122.8478, 0.9054], [122.8479, 0.9052], [122.8482, 0.9047], [122.8482, 0.9045], [122.8483, 0.9043], [122.8483, 0.9042], [122.8484, 0.9041], [122.8485, 0.9039], [122.8485, 0.9037], [122.8484, 0.9035], [122.8484, 0.9034], [122.8485, 0.9033], [122.8485, 0.9032], [122.8485, 0.9031], [122.8485, 0.903], [122.8485, 0.9029], [122.8485, 0.9028], [122.8484, 0.9026]]], [[[122.8184, 0.8898], [122.8184, 0.8896], [122.8182, 0.8896], [122.8181, 0.8896], [122.818, 0.8897], [122.8179, 0.8897], [122.8178, 0.8896], [122.8176, 0.8896], [122.8175, 0.8896], [122.8174, 0.8896], [122.8174, 0.8897], [122.8173, 0.8897], [122.8173, 0.8898], [122.8174, 0.89], [122.8175, 0.89], [122.8176, 0.8901], [122.8177, 0.8901], [122.8178, 0.8902], [122.8179, 0.8902], [122.818, 0.8902], [122.8181, 0.8902], [122.8182, 0.8903], [122.8183, 0.8902], [122.8184, 0.8901], [122.8184, 0.89], [122.8184, 0.8899], [122.8184, 0.8898]]], [[[122.8157, 0.8468], [122.8158, 0.8469], [122.8161, 0.8472], [122.8162, 0.8476], [122.8161, 0.848], [122.8156, 0.8488], [122.8157, 0.8491], [122.8158, 0.8491], [122.816, 0.8492], [122.8161, 0.8491], [122.8163, 0.8486], [122.8165, 0.8484], [122.8167, 0.8482], [122.8171, 0.8479], [122.8174, 0.8476], [122.8175, 0.8473], [122.8174, 0.8471], [122.817, 0.8467], [122.8168, 0.8466], [122.8161, 0.8465], [122.8157, 0.8468]]], [[[122.8153, 0.8916], [122.8152, 0.8916], [122.8151, 0.8916], [122.8151, 0.8917], [122.8151, 0.8918], [122.8152, 0.8919], [122.8153, 0.8919], [122.8154, 0.8919], [122.8155, 0.8918], [122.8155, 0.8917], [122.8154, 0.8916], [122.8153, 0.8916]]], [[[122.7706, 0.9133], [122.7708, 0.9133], [122.771, 0.9133], [122.7712, 0.9133], [122.7713, 0.9133], [122.7715, 0.9133], [122.7717, 0.9133], [122.7718, 0.9133], [122.772, 0.9132], [122.772, 0.9131], [122.7721, 0.913], [122.7722, 0.9129], [122.7722, 0.9126], [122.7724, 0.9124], [122.7726, 0.9124], [122.7727, 0.9124], [122.773, 0.9124], [122.7731, 0.9123], [122.7734, 0.9122], [122.7736, 0.9121], [122.7738, 0.912], [122.774, 0.9118], [122.7743, 0.9117], [122.7745, 0.9116], [122.7747, 0.9115], [122.7749, 0.9114], [122.775, 0.9113], [122.7752, 0.9111], [122.7753, 0.9111], [122.7756, 0.9105], [122.7757, 0.9102], [122.7758, 0.9101], [122.7759, 0.9099], [122.7761, 0.9098], [122.7762, 0.9097], [122.7763, 0.9095], [122.7764, 0.9093], [122.7765, 0.9092], [122.7765, 0.9091], [122.7764, 0.909], [122.7763, 0.9088], [122.7761, 0.9087], [122.776, 0.9085], [122.7759, 0.9084], [122.7757, 0.9082], [122.7754, 0.9079], [122.7753, 0.9078], [122.7751, 0.9077], [122.775, 0.9076], [122.7748, 0.9075], [122.7748, 0.9074], [122.7747, 0.9073], [122.7747, 0.9071], [122.7747, 0.907], [122.7749, 0.9064], [122.775, 0.9061], [122.775, 0.906], [122.7751, 0.9058], [122.7752, 0.9056], [122.7752, 0.9054], [122.7753, 0.9053], [122.7754, 0.905], [122.7754, 0.9049], [122.7755, 0.9048], [122.7756, 0.9046], [122.7756, 0.9044], [122.7757, 0.9043], [122.7758, 0.9041], [122.7758, 0.904], [122.7759, 0.9038], [122.7758, 0.9031], [122.7758, 0.9028], [122.7758, 0.9026], [122.7759, 0.9025], [122.7759, 0.9023], [122.776, 0.9021], [122.7761, 0.902], [122.7761, 0.9014], [122.776, 0.9012], [122.7759, 0.901], [122.7759, 0.9008], [122.7759, 0.9005], [122.776, 0.9004], [122.7762, 0.9003], [122.7765, 0.9001], [122.7767, 0.9], [122.7769, 0.8999], [122.7771, 0.8998], [122.7773, 0.8998], [122.7774, 0.8996], [122.7776, 0.8995], [122.7777, 0.8994], [122.778, 0.8992], [122.7783, 0.8989], [122.7787, 0.8988], [122.7788, 0.8988], [122.779, 0.8989], [122.7791, 0.8992], [122.7792, 0.8994], [122.7793, 0.8997], [122.7794, 0.8999], [122.7795, 0.9001], [122.7796, 0.9003], [122.7798, 0.9004], [122.7798, 0.9005], [122.78, 0.9006], [122.7802, 0.9006], [122.7804, 0.9006], [122.7806, 0.9006], [122.7807, 0.9007], [122.7809, 0.9008], [122.781, 0.9009], [122.7812, 0.901], [122.7813, 0.901], [122.7814, 0.9012], [122.7814, 0.9013], [122.7814, 0.9014], [122.7813, 0.9016], [122.7813, 0.9018], [122.7812, 0.902], [122.7812, 0.9022], [122.7812, 0.9024], [122.7813, 0.9025], [122.7813, 0.9027], [122.7813, 0.9029], [122.7812, 0.903], [122.7812, 0.9031], [122.7813, 0.9032], [122.7814, 0.9033], [122.7816, 0.9033], [122.7818, 0.9033], [122.7824, 0.9033], [122.7825, 0.9033], [122.7828, 0.9034], [122.7831, 0.9034], [122.7833, 0.9034], [122.784, 0.9034], [122.7842, 0.9035], [122.7844, 0.9035], [122.7847, 0.9035], [122.7849, 0.9035], [122.7851, 0.9035], [122.7853, 0.9034], [122.7857, 0.9034], [122.7859, 0.9034], [122.7861, 0.9034], [122.7862, 0.9033], [122.7864, 0.9033], [122.7867, 0.9033], [122.7868, 0.9032], [122.7869, 0.9032], [122.7871, 0.9031], [122.7872, 0.9031], [122.7873, 0.903], [122.7873, 0.9029], [122.7875, 0.9028], [122.7876, 0.9029], [122.7877, 0.903], [122.7878, 0.9031], [122.7879, 0.9031], [122.7882, 0.903], [122.7883, 0.9029], [122.7884, 0.9028], [122.7887, 0.9027], [122.7889, 0.9027], [122.7892, 0.9026], [122.7893, 0.9026], [122.7894, 0.9025], [122.7895, 0.9023], [122.7896, 0.9022], [122.7898, 0.9022], [122.7899, 0.9021], [122.79, 0.902], [122.7907, 0.9016], [122.791, 0.9015], [122.7912, 0.9014], [122.7914, 0.9014], [122.7915, 0.9013], [122.7916, 0.9012], [122.7918, 0.9012], [122.792, 0.9011], [122.7922, 0.9011], [122.7923, 0.9011], [122.7925, 0.901], [122.7926, 0.9009], [122.7926, 0.9007], [122.7926, 0.9005], [122.7925, 0.9004], [122.7924, 0.9003], [122.7922, 0.9003], [122.7921, 0.9002], [122.792, 0.9001], [122.7913, 0.8996], [122.7911, 0.8995], [122.7911, 0.8994], [122.791, 0.8991], [122.7911, 0.899], [122.7911, 0.8988], [122.7912, 0.8986], [122.7913, 0.8984], [122.7914, 0.8983], [122.7915, 0.8981], [122.7916, 0.898], [122.7917, 0.8978], [122.7918, 0.8976], [122.7919, 0.897], [122.7918, 0.8968], [122.7918, 0.8967], [122.7917, 0.8966], [122.7916, 0.8964], [122.7917, 0.8964], [122.7918, 0.8964], [122.7919, 0.8965], [122.7921, 0.8966], [122.7922, 0.8966], [122.7923, 0.8965], [122.7922, 0.8963], [122.7922, 0.8962], [122.7922, 0.896], [122.7922, 0.8959], [122.7923, 0.8959], [122.7925, 0.896], [122.7926, 0.8962], [122.7927, 0.8963], [122.7928, 0.8963], [122.793, 0.8963], [122.7931, 0.8962], [122.7932, 0.8961], [122.7932, 0.8959], [122.7932, 0.8957], [122.7932, 0.8956], [122.7935, 0.8953], [122.7936, 0.8953], [122.7938, 0.8954], [122.7939, 0.8955], [122.794, 0.8957], [122.7941, 0.8959], [122.7943, 0.896], [122.7946, 0.8962], [122.7947, 0.8964], [122.7948, 0.8966], [122.7949, 0.8968], [122.795, 0.897], [122.795, 0.8974], [122.7951, 0.8976], [122.7952, 0.8977], [122.7953, 0.8978], [122.7954, 0.8979], [122.7958, 0.898], [122.796, 0.898], [122.7961, 0.8981], [122.7962, 0.8981], [122.7963, 0.8982], [122.7965, 0.8982], [122.7969, 0.8981], [122.797, 0.898], [122.797, 0.8978], [122.797, 0.8976], [122.7971, 0.8975], [122.7972, 0.8974], [122.7973, 0.8973], [122.7974, 0.8972], [122.7975, 0.897], [122.7976, 0.897], [122.7977, 0.8969], [122.7981, 0.8967], [122.7981, 0.8966], [122.7982, 0.8965], [122.7983, 0.8964], [122.7984, 0.8963], [122.7985, 0.8961], [122.7985, 0.8959], [122.7985, 0.8957], [122.7985, 0.8955], [122.7984, 0.8954], [122.7983, 0.8953], [122.7982, 0.8952], [122.7982, 0.8951], [122.7981, 0.8949], [122.7981, 0.8948], [122.7981, 0.8947], [122.798, 0.8941], [122.7979, 0.8939], [122.7979, 0.8936], [122.7979, 0.8935], [122.7978, 0.8932], [122.7977, 0.8931], [122.7976, 0.8929], [122.7976, 0.8927], [122.7977, 0.8925], [122.7978, 0.8921], [122.7979, 0.892], [122.7981, 0.892], [122.7982, 0.8922], [122.7984, 0.8922], [122.7986, 0.8922], [122.7988, 0.8922], [122.799, 0.8921], [122.7994, 0.8919], [122.7996, 0.8917], [122.7997, 0.8917], [122.7999, 0.8916], [122.8001, 0.8914], [122.8002, 0.8912], [122.8003, 0.8912], [122.8005, 0.8912], [122.8007, 0.8911], [122.8008, 0.8911], [122.801, 0.8911], [122.8012, 0.891], [122.8016, 0.8909], [122.8019, 0.8908], [122.8021, 0.8908], [122.8023, 0.8909], [122.8027, 0.891], [122.8029, 0.891], [122.803, 0.8911], [122.8032, 0.8912], [122.8033, 0.8914], [122.8035, 0.8917], [122.8036, 0.8919], [122.8036, 0.8922], [122.8037, 0.8925], [122.8039, 0.8927], [122.8041, 0.8927], [122.8043, 0.8928], [122.8045, 0.8928], [122.8047, 0.8927], [122.8052, 0.8928], [122.8054, 0.8929], [122.8056, 0.893], [122.8057, 0.8932], [122.8058, 0.8933], [122.8058, 0.8936], [122.8059, 0.8937], [122.8059, 0.8939], [122.806, 0.894], [122.8061, 0.8942], [122.8062, 0.8942], [122.8067, 0.8943], [122.8069, 0.8943], [122.8071, 0.8943], [122.8073, 0.8943], [122.8076, 0.8943], [122.8077, 0.8944], [122.8079, 0.8944], [122.8082, 0.8944], [122.8083, 0.8944], [122.8084, 0.8942], [122.8085, 0.8942], [122.8087, 0.8941], [122.8089, 0.894], [122.809, 0.8939], [122.8091, 0.8938], [122.8091, 0.8936], [122.809, 0.8933], [122.8089, 0.8931], [122.8089, 0.8929], [122.809, 0.8926], [122.809, 0.8924], [122.8092, 0.8922], [122.8093, 0.892], [122.8094, 0.8919], [122.8098, 0.8916], [122.81, 0.8914], [122.8101, 0.8913], [122.8103, 0.8911], [122.8106, 0.891], [122.8108, 0.8909], [122.811, 0.8909], [122.8112, 0.8909], [122.8114, 0.8909], [122.8118, 0.891], [122.812, 0.891], [122.8122, 0.891], [122.8123, 0.8909], [122.8124, 0.8907], [122.8124, 0.8905], [122.8124, 0.8899], [122.8123, 0.8897], [122.8122, 0.8895], [122.8121, 0.8892], [122.8121, 0.8891], [122.812, 0.8889], [122.8119, 0.8887], [122.8119, 0.8885], [122.8119, 0.8883], [122.8119, 0.8881], [122.8118, 0.8879], [122.8116, 0.8878], [122.8115, 0.8877], [122.8112, 0.8877], [122.8108, 0.8877], [122.8105, 0.8877], [122.8104, 0.8878], [122.8102, 0.8878], [122.81, 0.8878], [122.8098, 0.8878], [122.8096, 0.8878], [122.8093, 0.8877], [122.809, 0.8877], [122.8088, 0.8877], [122.8086, 0.8877], [122.8081, 0.8875], [122.8079, 0.8874], [122.8079, 0.8873], [122.8077, 0.8871], [122.8076, 0.8871], [122.8075, 0.887], [122.8075, 0.8869], [122.8072, 0.8868], [122.8071, 0.8869], [122.807, 0.8868], [122.807, 0.8867], [122.8072, 0.8865], [122.8074, 0.8865], [122.8076, 0.8863], [122.8078, 0.8861], [122.808, 0.8859], [122.8083, 0.8857], [122.8087, 0.8852], [122.8087, 0.8849], [122.8086, 0.8846], [122.8087, 0.8844], [122.8088, 0.8843], [122.8089, 0.8842], [122.8089, 0.884], [122.8089, 0.8839], [122.8087, 0.8838], [122.8086, 0.8837], [122.8083, 0.8837], [122.8082, 0.8838], [122.808, 0.8839], [122.8077, 0.8839], [122.8074, 0.8837], [122.8072, 0.8835], [122.8071, 0.8834], [122.8069, 0.8835], [122.8068, 0.8836], [122.8057, 0.8834], [122.8056, 0.8833], [122.8055, 0.8831], [122.8055, 0.8828], [122.8055, 0.8825], [122.8056, 0.8822], [122.8056, 0.8821], [122.8056, 0.8818], [122.8056, 0.8815], [122.8057, 0.8814], [122.8057, 0.8811], [122.806, 0.8809], [122.8062, 0.8809], [122.8064, 0.8809], [122.8066, 0.8809], [122.8069, 0.8808], [122.8073, 0.8803], [122.8075, 0.8802], [122.8077, 0.8801], [122.8079, 0.8801], [122.8081, 0.8801], [122.8082, 0.8801], [122.8084, 0.88], [122.8085, 0.88], [122.8085, 0.8798], [122.8085, 0.8797], [122.8084, 0.8796], [122.808, 0.8795], [122.8077, 0.8794], [122.8076, 0.8792], [122.8074, 0.8791], [122.8072, 0.879], [122.8071, 0.879], [122.8069, 0.8789], [122.8069, 0.8788], [122.8068, 0.8786], [122.8068, 0.8785], [122.8068, 0.8784], [122.8068, 0.8775], [122.8067, 0.8774], [122.8067, 0.8772], [122.8067, 0.877], [122.8067, 0.8767], [122.8067, 0.8765], [122.8067, 0.8761], [122.8068, 0.8758], [122.8069, 0.8755], [122.807, 0.8754], [122.8071, 0.8751], [122.8071, 0.8749], [122.807, 0.8747], [122.8069, 0.8746], [122.8067, 0.8744], [122.8066, 0.8743], [122.8064, 0.8742], [122.8061, 0.874], [122.8058, 0.874], [122.8055, 0.8739], [122.8052, 0.8738], [122.8048, 0.8737], [122.8046, 0.8736], [122.8043, 0.8735], [122.8038, 0.8735], [122.8036, 0.8734], [122.8033, 0.8734], [122.8029, 0.8735], [122.8026, 0.8735], [122.8022, 0.8736], [122.802, 0.8737], [122.8016, 0.8737], [122.8013, 0.8738], [122.801, 0.8738], [122.8003, 0.8737], [122.8002, 0.8736], [122.8001, 0.8735], [122.7999, 0.8734], [122.7997, 0.8734], [122.7995, 0.8735], [122.7993, 0.8736], [122.7992, 0.8737], [122.799, 0.8739], [122.7989, 0.874], [122.7988, 0.8741], [122.7989, 0.8744], [122.7989, 0.8746], [122.799, 0.8748], [122.7989, 0.8749], [122.799, 0.8751], [122.7991, 0.8753], [122.7992, 0.8755], [122.7991, 0.8757], [122.799, 0.8759], [122.7989, 0.876], [122.7988, 0.8761], [122.7985, 0.8763], [122.7983, 0.8764], [122.7978, 0.8767], [122.7976, 0.8768], [122.7976, 0.8769], [122.7975, 0.877], [122.7975, 0.8772], [122.7974, 0.8773], [122.7972, 0.8773], [122.7972, 0.8772], [122.7972, 0.8771], [122.7971, 0.877], [122.797, 0.877], [122.7968, 0.877], [122.7965, 0.877], [122.7964, 0.8769], [122.7962, 0.8769], [122.7961, 0.8767], [122.796, 0.8766], [122.7959, 0.8763], [122.7957, 0.8761], [122.7956, 0.8759], [122.7954, 0.8758], [122.7951, 0.8756], [122.7948, 0.8756], [122.7947, 0.8756], [122.7939, 0.8754], [122.7936, 0.8753], [122.7932, 0.8753], [122.7931, 0.8752], [122.7929, 0.875], [122.7929, 0.8748], [122.7928, 0.8745], [122.7926, 0.8744], [122.7924, 0.8742], [122.7921, 0.874], [122.7912, 0.8738], [122.7909, 0.8738], [122.7905, 0.8738], [122.7902, 0.8738], [122.7899, 0.8738], [122.7897, 0.8739], [122.7895, 0.874], [122.7894, 0.8742], [122.7892, 0.8744], [122.789, 0.8745], [122.7889, 0.8745], [122.7886, 0.8745], [122.7884, 0.8746], [122.7882, 0.8748], [122.788, 0.8749], [122.7879, 0.8751], [122.7879, 0.8753], [122.788, 0.8755], [122.7881, 0.8757], [122.7882, 0.8758], [122.7882, 0.876], [122.7882, 0.8762], [122.7882, 0.8764], [122.7881, 0.8765], [122.788, 0.8766], [122.7878, 0.8766], [122.7876, 0.8765], [122.7875, 0.8764], [122.7873, 0.8762], [122.7871, 0.8759], [122.7869, 0.8757], [122.7868, 0.8756], [122.7864, 0.8756], [122.7861, 0.8758], [122.7859, 0.876], [122.7857, 0.8762], [122.7856, 0.8765], [122.7857, 0.8768], [122.7858, 0.877], [122.7858, 0.8772], [122.7858, 0.8775], [122.7856, 0.8777], [122.7855, 0.8779], [122.7853, 0.8781], [122.7852, 0.8783], [122.785, 0.8784], [122.7848, 0.8786], [122.7847, 0.8788], [122.7844, 0.8796], [122.7843, 0.8799], [122.7842, 0.8802], [122.7842, 0.8804], [122.7842, 0.8806], [122.7843, 0.8808], [122.7844, 0.8811], [122.7844, 0.8813], [122.7843, 0.8815], [122.7841, 0.8818], [122.7839, 0.8819], [122.7836, 0.8819], [122.7833, 0.8819], [122.7831, 0.8818], [122.7828, 0.8818], [122.7826, 0.8817], [122.7824, 0.8817], [122.7822, 0.8817], [122.782, 0.8818], [122.7819, 0.8821], [122.7819, 0.8824], [122.7819, 0.8825], [122.7819, 0.8828], [122.7819, 0.883], [122.7818, 0.8831], [122.7814, 0.8832], [122.7812, 0.8833], [122.781, 0.8834], [122.7808, 0.8835], [122.7804, 0.8836], [122.7801, 0.8836], [122.78, 0.8837], [122.7798, 0.8837], [122.7796, 0.8844], [122.7795, 0.8845], [122.7794, 0.8846], [122.7791, 0.8848], [122.7788, 0.8849], [122.7786, 0.8851], [122.7784, 0.8851], [122.7782, 0.8851], [122.778, 0.8851], [122.7777, 0.8852], [122.7775, 0.8852], [122.7774, 0.8853], [122.7774, 0.8855], [122.7774, 0.8857], [122.7774, 0.8859], [122.7773, 0.8861], [122.7772, 0.8863], [122.7772, 0.8865], [122.7772, 0.8868], [122.7772, 0.887], [122.7772, 0.8871], [122.7772, 0.8873], [122.7772, 0.8876], [122.777, 0.8882], [122.7769, 0.8882], [122.7766, 0.8883], [122.7765, 0.8884], [122.7762, 0.8885], [122.776, 0.8887], [122.7759, 0.889], [122.7759, 0.8893], [122.776, 0.8896], [122.7761, 0.8898], [122.7762, 0.8899], [122.7762, 0.8902], [122.7762, 0.8904], [122.7759, 0.8906], [122.7757, 0.8912], [122.7757, 0.8913], [122.7756, 0.8914], [122.7753, 0.8915], [122.7749, 0.8915], [122.7746, 0.8913], [122.7745, 0.8912], [122.7743, 0.8909], [122.7739, 0.8905], [122.7736, 0.8904], [122.7733, 0.8903], [122.773, 0.8901], [122.7728, 0.89], [122.7727, 0.8899], [122.7725, 0.8897], [122.7723, 0.8896], [122.7721, 0.8895], [122.7719, 0.8893], [122.7717, 0.8892], [122.7715, 0.8892], [122.7714, 0.8892], [122.7712, 0.8893], [122.7712, 0.8894], [122.7712, 0.8896], [122.7712, 0.8898], [122.7711, 0.8902], [122.7708, 0.8905], [122.7706, 0.8906], [122.7705, 0.8908], [122.7705, 0.8911], [122.7705, 0.8914], [122.7706, 0.8916], [122.7708, 0.8918], [122.7708, 0.8921], [122.7708, 0.8924], [122.7706, 0.8926], [122.7703, 0.8927], [122.7701, 0.8927], [122.7698, 0.8928], [122.7697, 0.8929], [122.7696, 0.8931], [122.7697, 0.8937], [122.7696, 0.894], [122.7695, 0.8943], [122.7693, 0.8945], [122.769, 0.8947], [122.7688, 0.8948], [122.7685, 0.895], [122.7683, 0.8952], [122.7681, 0.8955], [122.768, 0.8957], [122.768, 0.8959], [122.7679, 0.8961], [122.7678, 0.8964], [122.7672, 0.8969], [122.7669, 0.8971], [122.7666, 0.8972], [122.7663, 0.8974], [122.7661, 0.8976], [122.7659, 0.8977], [122.7652, 0.898], [122.7645, 0.898], [122.7644, 0.8983], [122.7643, 0.8985], [122.7641, 0.8986], [122.7638, 0.8986], [122.7634, 0.8987], [122.7629, 0.8987], [122.7627, 0.8988], [122.7626, 0.8989], [122.7627, 0.8992], [122.7628, 0.8993], [122.763, 0.8994], [122.7632, 0.8994], [122.7634, 0.8993], [122.7636, 0.8994], [122.7637, 0.8994], [122.7638, 0.8995], [122.7638, 0.8997], [122.7637, 0.8999], [122.7633, 0.8999], [122.763, 0.9001], [122.7629, 0.9003], [122.7628, 0.9004], [122.7626, 0.9006], [122.7624, 0.9008], [122.7623, 0.9009], [122.7622, 0.901], [122.7619, 0.901], [122.7618, 0.9011], [122.7616, 0.9011], [122.7615, 0.9012], [122.7613, 0.9011], [122.7611, 0.9011], [122.7607, 0.9009], [122.7606, 0.9009], [122.7604, 0.9009], [122.7602, 0.9009], [122.7601, 0.901], [122.7599, 0.9011], [122.7599, 0.9012], [122.7598, 0.9013], [122.7598, 0.9016], [122.7598, 0.9017], [122.7597, 0.9022], [122.7595, 0.9023], [122.7594, 0.9025], [122.7592, 0.9028], [122.7591, 0.9029], [122.759, 0.9031], [122.7589, 0.9032], [122.7589, 0.9033], [122.7588, 0.9034], [122.7582, 0.9038], [122.758, 0.904], [122.7577, 0.9042], [122.7575, 0.9043], [122.7575, 0.9045], [122.7576, 0.9046], [122.7576, 0.9047], [122.7575, 0.9048], [122.7574, 0.9048], [122.7573, 0.9049], [122.7568, 0.9052], [122.7567, 0.9052], [122.7565, 0.9053], [122.7563, 0.9054], [122.7563, 0.9055], [122.7561, 0.9057], [122.7561, 0.9059], [122.756, 0.906], [122.756, 0.9062], [122.7559, 0.9063], [122.7559, 0.9064], [122.7558, 0.9065], [122.7558, 0.9067], [122.7559, 0.9069], [122.7561, 0.9072], [122.7563, 0.9073], [122.7563, 0.9074], [122.7565, 0.9075], [122.7566, 0.9077], [122.7566, 0.9079], [122.7566, 0.908], [122.7564, 0.9085], [122.7565, 0.9086], [122.7565, 0.9088], [122.7567, 0.909], [122.7568, 0.9091], [122.7569, 0.9093], [122.7571, 0.9093], [122.7573, 0.9094], [122.7582, 0.9099], [122.7583, 0.91], [122.7584, 0.91], [122.7585, 0.9101], [122.7586, 0.9102], [122.7586, 0.9103], [122.7587, 0.9105], [122.7589, 0.9105], [122.759, 0.9105], [122.7592, 0.9105], [122.7594, 0.9105], [122.7596, 0.9105], [122.7598, 0.9105], [122.76, 0.9105], [122.7602, 0.9105], [122.7603, 0.9105], [122.7606, 0.9105], [122.7608, 0.9105], [122.7612, 0.9105], [122.7615, 0.9105], [122.7617, 0.9105], [122.7621, 0.9106], [122.7625, 0.9106], [122.7626, 0.9106], [122.7632, 0.9106], [122.7634, 0.9106], [122.7636, 0.9107], [122.7638, 0.9107], [122.764, 0.9107], [122.7642, 0.9107], [122.7645, 0.9107], [122.7656, 0.9106], [122.7659, 0.9106], [122.7662, 0.9107], [122.7664, 0.9107], [122.7666, 0.9107], [122.7668, 0.9107], [122.7669, 0.9108], [122.767, 0.9108], [122.7671, 0.911], [122.7672, 0.9111], [122.7673, 0.9112], [122.7675, 0.9113], [122.7676, 0.9113], [122.7678, 0.9114], [122.7679, 0.9115], [122.7682, 0.9116], [122.7685, 0.9116], [122.7688, 0.9116], [122.769, 0.9116], [122.7692, 0.9117], [122.7693, 0.9117], [122.7695, 0.9118], [122.7697, 0.9119], [122.7698, 0.912], [122.7699, 0.9121], [122.77, 0.9122], [122.7701, 0.9124], [122.7701, 0.9126], [122.7701, 0.9127], [122.7701, 0.9128], [122.7701, 0.9133], [122.7702, 0.9134], [122.7704, 0.9134], [122.7706, 0.9133]]], [[[122.8085, 0.8613], [122.8084, 0.8612], [122.8082, 0.8612], [122.808, 0.8612], [122.8079, 0.8613], [122.8078, 0.8614], [122.8077, 0.8616], [122.8076, 0.8617], [122.8075, 0.8617], [122.8074, 0.8617], [122.8072, 0.8618], [122.8071, 0.8618], [122.807, 0.8619], [122.807, 0.862], [122.807, 0.8622], [122.8071, 0.8623], [122.8071, 0.8624], [122.8069, 0.8626], [122.8068, 0.8628], [122.8068, 0.8629], [122.8066, 0.8631], [122.8064, 0.8633], [122.8063, 0.8635], [122.806, 0.8636], [122.8058, 0.8637], [122.8056, 0.8637], [122.8055, 0.8637], [122.8053, 0.8637], [122.8052, 0.8638], [122.8051, 0.8639], [122.8051, 0.8642], [122.8052, 0.8644], [122.8053, 0.8644], [122.8054, 0.8645], [122.8055, 0.8645], [122.8057, 0.8646], [122.8059, 0.8647], [122.806, 0.8647], [122.8062, 0.8647], [122.8064, 0.8647], [122.8066, 0.8647], [122.8068, 0.8647], [122.8069, 0.8645], [122.807, 0.8643], [122.8071, 0.8642], [122.8072, 0.864], [122.8074, 0.8639], [122.8075, 0.8638], [122.8076, 0.8636], [122.8077, 0.8635], [122.8078, 0.8634], [122.8078, 0.8632], [122.8079, 0.863], [122.8079, 0.8629], [122.8079, 0.8628], [122.808, 0.8626], [122.8081, 0.8625], [122.8082, 0.8624], [122.8083, 0.8623], [122.8084, 0.8622], [122.8086, 0.8616], [122.8087, 0.8616], [122.8087, 0.8615], [122.8086, 0.8614], [122.8086, 0.8613], [122.8085, 0.8613]]], [[[122.8076, 0.8738], [122.8072, 0.8738], [122.807, 0.8738], [122.8068, 0.874], [122.8068, 0.8741], [122.8069, 0.8743], [122.807, 0.8744], [122.8072, 0.8745], [122.8075, 0.8745], [122.8076, 0.8745], [122.8078, 0.8744], [122.8079, 0.8743], [122.8079, 0.8742], [122.8079, 0.8741], [122.8078, 0.8739], [122.8077, 0.8738], [122.8076, 0.8738]]], [[[122.8038, 0.8663], [122.8037, 0.8663], [122.8035, 0.8663], [122.8034, 0.8663], [122.8033, 0.8664], [122.8033, 0.8665], [122.8033, 0.8667], [122.8034, 0.8668], [122.8035, 0.8669], [122.8037, 0.867], [122.8038, 0.8671], [122.8039, 0.8671], [122.804, 0.867], [122.8041, 0.8668], [122.8041, 0.8666], [122.804, 0.8664], [122.8038, 0.8663]]], [[[122.8032, 0.8649], [122.8031, 0.8649], [122.803, 0.8649], [122.8029, 0.865], [122.8028, 0.8651], [122.8028, 0.8652], [122.8028, 0.8653], [122.8029, 0.8655], [122.803, 0.8655], [122.8031, 0.8655], [122.8034, 0.8652], [122.8034, 0.8651], [122.8033, 0.865], [122.8032, 0.8649]]], [[[122.8022, 0.866], [122.802, 0.866], [122.8018, 0.866], [122.8016, 0.8661], [122.8014, 0.8662], [122.801, 0.8665], [122.8008, 0.8668], [122.8005, 0.867], [122.8003, 0.8672], [122.7997, 0.8674], [122.7995, 0.8676], [122.7994, 0.8677], [122.7994, 0.8678], [122.7994, 0.868], [122.7994, 0.8682], [122.7995, 0.8683], [122.7997, 0.8685], [122.8, 0.8687], [122.8002, 0.8687], [122.8003, 0.8687], [122.8009, 0.8686], [122.8012, 0.8685], [122.8013, 0.8684], [122.8015, 0.8683], [122.8016, 0.868], [122.8018, 0.8677], [122.8021, 0.8674], [122.8023, 0.8672], [122.8026, 0.8671], [122.8028, 0.867], [122.8028, 0.8669], [122.8029, 0.8668], [122.8028, 0.8666], [122.8027, 0.8665], [122.8025, 0.8662], [122.8023, 0.8661], [122.8022, 0.866]]], [[[122.8004, 0.8664], [122.8002, 0.8664], [122.8001, 0.8664], [122.8001, 0.8666], [122.8002, 0.8667], [122.8002, 0.8668], [122.8003, 0.8668], [122.8005, 0.8666], [122.8005, 0.8665], [122.8004, 0.8664]]], [[[122.7983, 0.8686], [122.7982, 0.8685], [122.798, 0.8685], [122.7978, 0.8686], [122.7978, 0.8688], [122.7978, 0.8689], [122.7979, 0.869], [122.798, 0.8691], [122.7981, 0.8691], [122.7982, 0.8691], [122.7983, 0.869], [122.7983, 0.8689], [122.7983, 0.8687], [122.7983, 0.8686]]], [[[122.7412, 0.8854], [122.7417, 0.8853], [122.742, 0.8857], [122.7422, 0.8858], [122.7424, 0.8855], [122.7423, 0.8852], [122.7425, 0.8849], [122.7423, 0.8847], [122.7422, 0.8843], [122.7423, 0.8836], [122.7423, 0.8831], [122.7422, 0.8828], [122.7419, 0.8828], [122.7415, 0.883], [122.7413, 0.8828], [122.7409, 0.8827], [122.7402, 0.8834], [122.7397, 0.8842], [122.7392, 0.8843], [122.7387, 0.8849], [122.7386, 0.8852], [122.7386, 0.8856], [122.739, 0.8856], [122.7396, 0.8852], [122.7398, 0.8849], [122.7401, 0.8846], [122.7404, 0.8848], [122.7405, 0.8853], [122.7406, 0.8858], [122.7409, 0.8859], [122.741, 0.8857], [122.7412, 0.8854]]], [[[122.7396, 0.9086], [122.7389, 0.9084], [122.7387, 0.9087], [122.7387, 0.9094], [122.7385, 0.91], [122.7383, 0.9107], [122.7384, 0.9114], [122.7387, 0.9118], [122.7393, 0.9118], [122.7397, 0.9116], [122.7403, 0.9104], [122.7403, 0.9097], [122.7399, 0.9091], [122.7396, 0.9086]]], [[[122.7198, 0.8812], [122.7194, 0.8811], [122.7191, 0.8813], [122.7188, 0.8814], [122.7185, 0.882], [122.7184, 0.8827], [122.7187, 0.8831], [122.7189, 0.8833], [122.7194, 0.8834], [122.7199, 0.8834], [122.7202, 0.8833], [122.7205, 0.8828], [122.7205, 0.8822], [122.7203, 0.8821], [122.7202, 0.8817], [122.7198, 0.8812]]], [[[122.6624, 1.003], [122.6628, 1.003], [122.6629, 1.003], [122.6631, 1.003], [122.6633, 1.0029], [122.6635, 1.0028], [122.6637, 1.0027], [122.6638, 1.0027], [122.664, 1.0026], [122.6641, 1.0025], [122.6641, 1.0024], [122.6642, 1.0022], [122.6644, 1.002], [122.6645, 1.0019], [122.6646, 1.0017], [122.6647, 1.0016], [122.6648, 1.0015], [122.6649, 1.0015], [122.6651, 1.0014], [122.6652, 1.0013], [122.6658, 1.001], [122.6659, 1.0008], [122.666, 1.0007], [122.6661, 1.0006], [122.6661, 1.0004], [122.6661, 1.0003], [122.6661, 1.0001], [122.6661, 1], [122.6662, 0.9999], [122.6662, 0.9998], [122.6662, 0.9997], [122.6662, 0.9995], [122.6662, 0.999], [122.6662, 0.9988], [122.6662, 0.9986], [122.6662, 0.9984], [122.6662, 0.9979], [122.6663, 0.9977], [122.6663, 0.9976], [122.6664, 0.9975], [122.6665, 0.9974], [122.6665, 0.9972], [122.6665, 0.9971], [122.6666, 0.997], [122.6666, 0.9969], [122.6667, 0.9967], [122.6668, 0.9966], [122.6668, 0.9965], [122.6668, 0.9963], [122.6667, 0.9962], [122.6666, 0.9961], [122.6665, 0.996], [122.6663, 0.9956], [122.6662, 0.9955], [122.666, 0.9953], [122.6658, 0.9952], [122.6657, 0.9952], [122.6654, 0.9949], [122.6653, 0.9947], [122.6653, 0.9945], [122.6653, 0.9943], [122.6652, 0.9941], [122.6652, 0.9938], [122.6651, 0.9928], [122.6651, 0.9927], [122.665, 0.9924], [122.665, 0.9913], [122.665, 0.9909], [122.665, 0.9908], [122.6651, 0.9905], [122.6651, 0.9904], [122.6651, 0.9901], [122.6651, 0.9899], [122.6651, 0.9895], [122.6651, 0.9893], [122.6652, 0.9892], [122.6652, 0.9891], [122.6652, 0.9889], [122.6652, 0.9888], [122.6651, 0.9887], [122.6651, 0.9886], [122.6651, 0.9884], [122.6651, 0.9882], [122.6651, 0.988], [122.6651, 0.9879], [122.6651, 0.9878], [122.6651, 0.9877], [122.6652, 0.9876], [122.6652, 0.9875], [122.6652, 0.9874], [122.6652, 0.9873], [122.6652, 0.9872], [122.6651, 0.987], [122.6651, 0.9869], [122.665, 0.9867], [122.665, 0.9866], [122.6648, 0.9864], [122.6647, 0.9863], [122.6646, 0.9863], [122.6643, 0.9864], [122.6642, 0.9865], [122.6641, 0.9867], [122.664, 0.9869], [122.6639, 0.9871], [122.6637, 0.9873], [122.6636, 0.9874], [122.6635, 0.9877], [122.6633, 0.988], [122.6632, 0.9883], [122.6631, 0.9886], [122.6629, 0.9891], [122.6628, 0.9893], [122.6625, 0.9897], [122.6623, 0.99], [122.6622, 0.9901], [122.6621, 0.9902], [122.6619, 0.9903], [122.6617, 0.9904], [122.6615, 0.9906], [122.6613, 0.9908], [122.6612, 0.9909], [122.661, 0.9912], [122.6603, 0.9918], [122.66, 0.9919], [122.6598, 0.992], [122.6596, 0.9921], [122.6595, 0.9922], [122.6593, 0.9923], [122.6591, 0.9924], [122.6589, 0.9925], [122.6588, 0.9926], [122.6579, 0.9927], [122.6576, 0.9927], [122.6573, 0.9928], [122.657, 0.9928], [122.6567, 0.9928], [122.6564, 0.9928], [122.6562, 0.9927], [122.6559, 0.9927], [122.6557, 0.9927], [122.6553, 0.9926], [122.6548, 0.9927], [122.6547, 0.9927], [122.6543, 0.9931], [122.6542, 0.9932], [122.6542, 0.9934], [122.6542, 0.9936], [122.6542, 0.9938], [122.6541, 0.9939], [122.6539, 0.994], [122.6538, 0.994], [122.6536, 0.9941], [122.6535, 0.9943], [122.6535, 0.9944], [122.6534, 0.9946], [122.6534, 0.9947], [122.6535, 0.9948], [122.6535, 0.9949], [122.6536, 0.995], [122.6536, 0.9959], [122.6537, 0.996], [122.6537, 0.9962], [122.6538, 0.9966], [122.6539, 0.9968], [122.654, 0.9972], [122.6539, 0.9973], [122.6539, 0.9975], [122.6538, 0.9976], [122.6536, 0.9978], [122.6535, 0.9979], [122.6535, 0.9983], [122.6535, 0.9985], [122.6536, 0.9986], [122.6538, 0.9988], [122.6539, 0.9988], [122.654, 0.9989], [122.6544, 0.9989], [122.6549, 0.9993], [122.655, 0.9994], [122.6551, 0.9995], [122.6553, 0.9996], [122.6554, 0.9996], [122.6555, 0.9997], [122.6557, 0.9998], [122.6559, 0.9999], [122.6561, 0.9999], [122.6563, 0.9999], [122.6565, 0.9999], [122.6567, 0.9998], [122.6569, 0.9998], [122.657, 0.9999], [122.6571, 0.9999], [122.6573, 0.9999], [122.6574, 1], [122.6575, 1], [122.6577, 1], [122.6581, 1], [122.6583, 1], [122.6585, 1], [122.6586, 1.0001], [122.6587, 1.0002], [122.6588, 1.0004], [122.6589, 1.0005], [122.659, 1.0006], [122.6596, 1.0011], [122.6597, 1.0013], [122.6598, 1.0015], [122.66, 1.0017], [122.6601, 1.0018], [122.6603, 1.0019], [122.6604, 1.002], [122.6608, 1.0021], [122.6613, 1.0025], [122.6615, 1.0025], [122.6616, 1.0026], [122.6618, 1.0026], [122.6619, 1.0027], [122.662, 1.0028], [122.6624, 1.003]]], [[[122.6372, 0.9943], [122.6371, 0.9943], [122.637, 0.9944], [122.6369, 0.9944], [122.6368, 0.9945], [122.6367, 0.9947], [122.6365, 0.9948], [122.6364, 0.995], [122.6363, 0.9952], [122.6362, 0.9954], [122.6362, 0.9956], [122.6362, 0.9957], [122.6363, 0.9958], [122.6363, 0.9959], [122.6364, 0.9961], [122.6364, 0.9962], [122.6364, 0.9964], [122.6364, 0.9966], [122.6363, 0.9968], [122.6363, 0.9969], [122.6363, 0.9971], [122.6363, 0.9973], [122.6364, 0.9974], [122.6365, 0.9974], [122.6366, 0.9975], [122.6366, 0.9976], [122.6367, 0.9977], [122.6367, 0.9978], [122.6368, 0.9979], [122.6369, 0.998], [122.637, 0.998], [122.6371, 0.998], [122.6372, 0.9979], [122.6372, 0.9978], [122.6373, 0.9976], [122.6373, 0.9975], [122.6373, 0.9973], [122.6374, 0.9972], [122.6376, 0.997], [122.6377, 0.9968], [122.6378, 0.9966], [122.6379, 0.9964], [122.638, 0.9962], [122.638, 0.996], [122.6381, 0.9959], [122.6381, 0.9957], [122.6381, 0.9956], [122.638, 0.9954], [122.638, 0.9953], [122.6379, 0.9952], [122.6379, 0.995], [122.6378, 0.9949], [122.6377, 0.9948], [122.6376, 0.9946], [122.6375, 0.9945], [122.6374, 0.9944], [122.6373, 0.9943], [122.6372, 0.9943]]], [[[122.5295, 0.501], [122.531, 0.5003], [122.531, 0.5009], [122.5334, 0.5002], [122.5342, 0.4993], [122.5356, 0.4971], [122.5353, 0.4942], [122.5345, 0.4921], [122.5333, 0.4903], [122.5309, 0.4886], [122.529, 0.4886], [122.5255, 0.4902], [122.5234, 0.4918], [122.5236, 0.493], [122.5221, 0.4953], [122.5214, 0.4968], [122.5225, 0.4979], [122.5231, 0.497], [122.5242, 0.4958], [122.5249, 0.4962], [122.5246, 0.4974], [122.524, 0.4978], [122.5246, 0.4986], [122.5255, 0.4981], [122.527, 0.4987], [122.5282, 0.4994], [122.5295, 0.501]]], [[[122.5269, 0.9876], [122.5272, 0.9876], [122.5275, 0.9876], [122.5277, 0.9877], [122.5279, 0.9877], [122.5282, 0.9877], [122.5284, 0.9877], [122.5286, 0.9876], [122.5289, 0.9875], [122.5292, 0.9874], [122.5295, 0.9872], [122.5297, 0.9871], [122.5299, 0.987], [122.53, 0.987], [122.5302, 0.9869], [122.5303, 0.9868], [122.5304, 0.9868], [122.5305, 0.9867], [122.5305, 0.9866], [122.5305, 0.9865], [122.5304, 0.9864], [122.5303, 0.9863], [122.5303, 0.9862], [122.5302, 0.9862], [122.5301, 0.9862], [122.53, 0.9861], [122.5299, 0.9861], [122.5297, 0.9861], [122.5295, 0.9861], [122.5294, 0.9861], [122.5292, 0.9861], [122.529, 0.9861], [122.5288, 0.986], [122.5286, 0.986], [122.5284, 0.9859], [122.5281, 0.9859], [122.5279, 0.9859], [122.5276, 0.9859], [122.5275, 0.986], [122.5273, 0.986], [122.527, 0.986], [122.5267, 0.9861], [122.5262, 0.9861], [122.5258, 0.9862], [122.5255, 0.9863], [122.5252, 0.9863], [122.525, 0.9864], [122.5247, 0.9864], [122.5245, 0.9865], [122.5242, 0.9865], [122.5239, 0.9865], [122.5235, 0.9865], [122.5233, 0.9865], [122.523, 0.9865], [122.5227, 0.9866], [122.5225, 0.9866], [122.5223, 0.9867], [122.5221, 0.9868], [122.522, 0.987], [122.522, 0.9871], [122.522, 0.9873], [122.522, 0.9876], [122.522, 0.9879], [122.522, 0.9883], [122.5221, 0.9887], [122.5221, 0.989], [122.5221, 0.9893], [122.522, 0.9895], [122.5219, 0.9896], [122.5217, 0.9898], [122.5216, 0.9899], [122.5214, 0.99], [122.5213, 0.9901], [122.5211, 0.9902], [122.5211, 0.9903], [122.521, 0.9905], [122.5209, 0.9907], [122.5209, 0.9908], [122.5209, 0.991], [122.521, 0.9911], [122.5211, 0.9912], [122.5212, 0.9913], [122.5213, 0.9914], [122.5215, 0.9916], [122.5217, 0.9917], [122.522, 0.992], [122.5222, 0.9922], [122.5224, 0.9925], [122.5225, 0.9927], [122.5225, 0.9929], [122.5226, 0.9931], [122.5226, 0.9932], [122.5227, 0.9932], [122.5228, 0.9933], [122.5229, 0.9932], [122.523, 0.9932], [122.5231, 0.9932], [122.5232, 0.9932], [122.5233, 0.9931], [122.5234, 0.993], [122.5234, 0.9928], [122.5234, 0.9926], [122.5233, 0.9924], [122.5233, 0.9922], [122.5233, 0.992], [122.5233, 0.9918], [122.5234, 0.9915], [122.5236, 0.9913], [122.5238, 0.991], [122.524, 0.9906], [122.5243, 0.9902], [122.5245, 0.9899], [122.5247, 0.9896], [122.5248, 0.9893], [122.525, 0.9891], [122.5253, 0.9888], [122.5256, 0.9884], [122.5259, 0.9881], [122.5261, 0.9879], [122.5263, 0.9878], [122.5266, 0.9877], [122.5269, 0.9876]]], [[[122.5061, 1.004], [122.5061, 1.0042], [122.5062, 1.0044], [122.5064, 1.0044], [122.5066, 1.0044], [122.5068, 1.0044], [122.5071, 1.0043], [122.5073, 1.0043], [122.5074, 1.0043], [122.5076, 1.0044], [122.5077, 1.0043], [122.5078, 1.0042], [122.5078, 1.0041], [122.5075, 1.0039], [122.5073, 1.0039], [122.507, 1.0039], [122.5068, 1.0036], [122.5067, 1.0035], [122.5066, 1.0034], [122.5065, 1.0033], [122.5065, 1.0032], [122.5064, 1.0031], [122.5063, 1.003], [122.5063, 1.0031], [122.5062, 1.0032], [122.5061, 1.0034], [122.5061, 1.0037], [122.5061, 1.004]]], [[[122.4453, 0.5018], [122.4454, 0.5017], [122.4455, 0.5017], [122.4454, 0.5015], [122.4454, 0.5013], [122.4454, 0.5011], [122.4454, 0.501], [122.4454, 0.5009], [122.4455, 0.5008], [122.4456, 0.5007], [122.4456, 0.5006], [122.4457, 0.5006], [122.4458, 0.5005], [122.4459, 0.5005], [122.446, 0.5004], [122.4461, 0.5003], [122.4463, 0.5002], [122.4464, 0.5002], [122.4466, 0.5002], [122.4468, 0.5003], [122.4469, 0.5004], [122.447, 0.5006], [122.447, 0.5008], [122.447, 0.5009], [122.447, 0.501], [122.447, 0.5012], [122.447, 0.5013], [122.447, 0.5014], [122.4471, 0.5016], [122.4472, 0.5017], [122.4474, 0.5018], [122.4475, 0.5018], [122.4477, 0.5019], [122.4478, 0.5019], [122.4479, 0.5019], [122.448, 0.5018], [122.4481, 0.5017], [122.4482, 0.5017], [122.4483, 0.5016], [122.4484, 0.5016], [122.4486, 0.5017], [122.4488, 0.5017], [122.449, 0.5017], [122.4492, 0.5017], [122.4494, 0.5017], [122.4497, 0.5017], [122.45, 0.5016], [122.4502, 0.5015], [122.4503, 0.5013], [122.4504, 0.5011], [122.4505, 0.501], [122.4507, 0.5008], [122.4508, 0.5006], [122.4508, 0.5004], [122.4508, 0.5], [122.4507, 0.4993], [122.4507, 0.4992], [122.4507, 0.4989], [122.451, 0.4985], [122.4511, 0.4982], [122.4511, 0.4979], [122.4511, 0.4977], [122.4512, 0.4974], [122.4512, 0.4973], [122.4513, 0.497], [122.4515, 0.4967], [122.4515, 0.4965], [122.4516, 0.4963], [122.4516, 0.4962], [122.4516, 0.4959], [122.4516, 0.4957], [122.4515, 0.4955], [122.4508, 0.4967], [122.4507, 0.4966], [122.4505, 0.4965], [122.4503, 0.4963], [122.4501, 0.4962], [122.45, 0.4961], [122.4499, 0.496], [122.4499, 0.4959], [122.4497, 0.4958], [122.4496, 0.4957], [122.4495, 0.4957], [122.4505, 0.495], [122.4504, 0.4949], [122.4503, 0.4949], [122.4501, 0.4948], [122.45, 0.4948], [122.4499, 0.4947], [122.4498, 0.4946], [122.4497, 0.4945], [122.4496, 0.4944], [122.4494, 0.4944], [122.4491, 0.4944], [122.4488, 0.4944], [122.4485, 0.4943], [122.4483, 0.4943], [122.4481, 0.4943], [122.4479, 0.4943], [122.4476, 0.4943], [122.4474, 0.4943], [122.4472, 0.4942], [122.4469, 0.4941], [122.4466, 0.4941], [122.4465, 0.494], [122.4464, 0.494], [122.4462, 0.494], [122.4461, 0.494], [122.446, 0.494], [122.4454, 0.494], [122.4453, 0.494], [122.4449, 0.4939], [122.4448, 0.4939], [122.4446, 0.4939], [122.4444, 0.494], [122.4442, 0.494], [122.4437, 0.4941], [122.4434, 0.4942], [122.4431, 0.4943], [122.4429, 0.4945], [122.4428, 0.4946], [122.4427, 0.4947], [122.4426, 0.4948], [122.4425, 0.4949], [122.4425, 0.495], [122.4425, 0.4952], [122.4424, 0.4952], [122.4422, 0.4953], [122.4422, 0.4954], [122.4421, 0.4955], [122.4421, 0.4956], [122.442, 0.4957], [122.442, 0.4958], [122.4419, 0.4959], [122.4419, 0.496], [122.4418, 0.4962], [122.4418, 0.4964], [122.4417, 0.4964], [122.4416, 0.4965], [122.4415, 0.4965], [122.4403, 0.4972], [122.4405, 0.4976], [122.4406, 0.4979], [122.4407, 0.4982], [122.4407, 0.4984], [122.4407, 0.4986], [122.4406, 0.4988], [122.4406, 0.4991], [122.4405, 0.4993], [122.4403, 0.4993], [122.4402, 0.4994], [122.4402, 0.4998], [122.44, 0.5001], [122.44, 0.5002], [122.4401, 0.5004], [122.4402, 0.5005], [122.4403, 0.5006], [122.4404, 0.5009], [122.4404, 0.501], [122.4405, 0.501], [122.4406, 0.5011], [122.4407, 0.5011], [122.4408, 0.5012], [122.4409, 0.5013], [122.441, 0.5014], [122.4411, 0.5014], [122.4413, 0.5014], [122.4414, 0.5015], [122.4415, 0.5015], [122.4417, 0.5015], [122.4418, 0.5014], [122.4419, 0.5014], [122.442, 0.5014], [122.4421, 0.5013], [122.4422, 0.5013], [122.4423, 0.5012], [122.4424, 0.5011], [122.4426, 0.5011], [122.4426, 0.5012], [122.4426, 0.5013], [122.4427, 0.5014], [122.4427, 0.5015], [122.4428, 0.5016], [122.443, 0.5017], [122.4432, 0.5017], [122.4433, 0.5018], [122.4435, 0.5018], [122.4436, 0.5017], [122.4438, 0.5018], [122.4439, 0.5018], [122.444, 0.5018], [122.4441, 0.5018], [122.4442, 0.5018], [122.4443, 0.5018], [122.4444, 0.5018], [122.4445, 0.5018], [122.4446, 0.5019], [122.4448, 0.502], [122.4449, 0.5019], [122.445, 0.5019], [122.4453, 0.5018]]], [[[122.4399, 1.0062], [122.44, 1.0061], [122.4402, 1.0047], [122.4406, 1.0042], [122.4406, 1.0041], [122.4406, 1.004], [122.4406, 1.0039], [122.4406, 1.0038], [122.4407, 1.0038], [122.4408, 1.0037], [122.4409, 1.0036], [122.4409, 1.0035], [122.4409, 1.0034], [122.4408, 1.0034], [122.4407, 1.0033], [122.4405, 1.0033], [122.4404, 1.0034], [122.4402, 1.0035], [122.4401, 1.0035], [122.44, 1.0036], [122.4398, 1.0036], [122.4397, 1.0036], [122.4395, 1.0035], [122.4393, 1.0035], [122.439, 1.0034], [122.4388, 1.0034], [122.4386, 1.0034], [122.4384, 1.0033], [122.4382, 1.0033], [122.438, 1.0032], [122.4378, 1.0032], [122.4376, 1.0033], [122.4365, 1.0036], [122.4361, 1.0047], [122.4359, 1.0064], [122.4359, 1.0073], [122.4365, 1.008], [122.4375, 1.0076], [122.4377, 1.0075], [122.4379, 1.0074], [122.4381, 1.0072], [122.4383, 1.0071], [122.4385, 1.0069], [122.4387, 1.0068], [122.439, 1.0067], [122.4392, 1.0066], [122.4394, 1.0064], [122.4396, 1.0063], [122.4398, 1.0063], [122.4399, 1.0062]]], [[[122.392, 1.0153], [122.3921, 1.0155], [122.3924, 1.0157], [122.3926, 1.0157], [122.3931, 1.0154], [122.3931, 1.0152], [122.3928, 1.0147], [122.3924, 1.0147], [122.392, 1.015], [122.392, 1.0153]]], [[[122.3848, 0.5], [122.3849, 0.5003], [122.3853, 0.5007], [122.3858, 0.501], [122.3865, 0.5011], [122.387, 0.5005], [122.3871, 0.4993], [122.3862, 0.4988], [122.3853, 0.499], [122.3849, 0.4996], [122.3848, 0.5]]], [[[122.3632, 0.4748], [122.3634, 0.4747], [122.3639, 0.4748], [122.364, 0.4748], [122.3642, 0.4747], [122.3644, 0.4747], [122.3645, 0.4747], [122.3647, 0.4747], [122.3648, 0.4747], [122.3649, 0.4748], [122.3651, 0.4748], [122.3652, 0.4748], [122.3654, 0.4748], [122.3656, 0.4748], [122.3656, 0.4746], [122.3657, 0.4745], [122.3658, 0.4744], [122.3659, 0.4738], [122.3659, 0.4735], [122.3658, 0.4733], [122.3657, 0.4729], [122.3656, 0.4727], [122.3655, 0.4726], [122.3654, 0.4724], [122.3652, 0.4724], [122.3651, 0.4723], [122.365, 0.4722], [122.3648, 0.4721], [122.3646, 0.4719], [122.3644, 0.4718], [122.3642, 0.4718], [122.3641, 0.4718], [122.364, 0.4717], [122.3638, 0.4716], [122.3637, 0.4714], [122.3636, 0.4713], [122.3637, 0.4711], [122.3638, 0.471], [122.3638, 0.4709], [122.3638, 0.4708], [122.3638, 0.4707], [122.3638, 0.4706], [122.3637, 0.4705], [122.3636, 0.4704], [122.3635, 0.4705], [122.3634, 0.4705], [122.3633, 0.4705], [122.3632, 0.4706], [122.3631, 0.4706], [122.3629, 0.4706], [122.3628, 0.4706], [122.3626, 0.4705], [122.3625, 0.4705], [122.3625, 0.4704], [122.3625, 0.4703], [122.3625, 0.4702], [122.3625, 0.4701], [122.3625, 0.47], [122.3624, 0.4698], [122.3623, 0.4698], [122.3621, 0.4696], [122.362, 0.4694], [122.3618, 0.4693], [122.3617, 0.4693], [122.3615, 0.4693], [122.3614, 0.4693], [122.3613, 0.4694], [122.3613, 0.4695], [122.3612, 0.4695], [122.3609, 0.4695], [122.3608, 0.4693], [122.3608, 0.469], [122.3608, 0.4688], [122.3607, 0.4687], [122.3605, 0.4686], [122.3604, 0.4685], [122.3603, 0.4686], [122.3602, 0.4686], [122.3602, 0.4688], [122.3601, 0.4689], [122.36, 0.4689], [122.3599, 0.4689], [122.3597, 0.4689], [122.3597, 0.469], [122.3596, 0.4691], [122.3595, 0.4691], [122.3594, 0.4691], [122.3593, 0.469], [122.3592, 0.4688], [122.3592, 0.4685], [122.3592, 0.4683], [122.3591, 0.4683], [122.3589, 0.4683], [122.3587, 0.4682], [122.3586, 0.4681], [122.3584, 0.4681], [122.3583, 0.4679], [122.3582, 0.4679], [122.3579, 0.4678], [122.3579, 0.4677], [122.358, 0.4676], [122.3582, 0.4676], [122.3584, 0.4676], [122.3585, 0.4676], [122.3586, 0.4675], [122.3586, 0.4673], [122.3585, 0.4672], [122.3584, 0.4672], [122.3583, 0.4672], [122.3581, 0.4672], [122.3579, 0.4673], [122.3578, 0.4672], [122.3577, 0.4671], [122.3575, 0.467], [122.3568, 0.467], [122.3566, 0.467], [122.3564, 0.467], [122.3562, 0.4671], [122.3561, 0.4672], [122.3559, 0.4674], [122.3558, 0.4675], [122.3557, 0.4675], [122.3556, 0.4677], [122.3554, 0.4679], [122.3553, 0.468], [122.3552, 0.4682], [122.3552, 0.4684], [122.3552, 0.4685], [122.3553, 0.4686], [122.3554, 0.4688], [122.3555, 0.4689], [122.3557, 0.4691], [122.3559, 0.4693], [122.356, 0.4695], [122.3561, 0.4697], [122.3563, 0.4699], [122.3565, 0.4699], [122.3567, 0.47], [122.3569, 0.47], [122.3571, 0.4701], [122.3572, 0.4702], [122.3574, 0.4702], [122.3575, 0.4702], [122.3577, 0.4702], [122.3578, 0.47], [122.358, 0.47], [122.358, 0.4702], [122.3582, 0.4702], [122.3586, 0.4701], [122.3588, 0.4702], [122.359, 0.4704], [122.3592, 0.4706], [122.3593, 0.4708], [122.3595, 0.4709], [122.3596, 0.471], [122.3597, 0.4712], [122.3598, 0.4713], [122.3603, 0.4718], [122.3604, 0.472], [122.3605, 0.4722], [122.3606, 0.4723], [122.3606, 0.4725], [122.3606, 0.4727], [122.3606, 0.4729], [122.3606, 0.473], [122.3609, 0.4733], [122.361, 0.4734], [122.3611, 0.4736], [122.3613, 0.4737], [122.3614, 0.4739], [122.3615, 0.474], [122.3615, 0.4742], [122.3615, 0.4743], [122.3619, 0.4746], [122.3621, 0.4747], [122.3622, 0.4748], [122.3623, 0.4748], [122.3625, 0.4748], [122.3626, 0.4748], [122.3628, 0.4748], [122.3629, 0.4748], [122.3631, 0.4748], [122.3632, 0.4748]]], [[[122.3557, 0.4856], [122.3559, 0.4856], [122.3561, 0.4854], [122.3561, 0.4853], [122.3562, 0.4851], [122.3562, 0.4849], [122.3562, 0.4847], [122.3561, 0.4846], [122.3561, 0.4844], [122.3562, 0.4843], [122.3562, 0.4842], [122.3562, 0.4841], [122.3562, 0.484], [122.3562, 0.4839], [122.3561, 0.4838], [122.3561, 0.4836], [122.356, 0.4834], [122.356, 0.483], [122.3559, 0.4828], [122.3557, 0.4826], [122.3556, 0.4824], [122.3554, 0.4822], [122.3552, 0.4822], [122.3551, 0.4822], [122.355, 0.4823], [122.3549, 0.4824], [122.3548, 0.4827], [122.3546, 0.4828], [122.3544, 0.4829], [122.3542, 0.483], [122.3541, 0.4832], [122.3541, 0.4833], [122.3541, 0.4835], [122.3542, 0.4843], [122.3542, 0.4845], [122.3542, 0.4847], [122.3543, 0.4849], [122.3543, 0.4851], [122.3544, 0.4852], [122.3545, 0.4854], [122.3546, 0.4855], [122.3548, 0.4856], [122.3549, 0.4857], [122.355, 0.4857], [122.3551, 0.4857], [122.3552, 0.4857], [122.3553, 0.4857], [122.3554, 0.4856], [122.3556, 0.4856], [122.3557, 0.4856]]], [[[122.3499, 0.4674], [122.35, 0.4673], [122.3501, 0.4671], [122.3502, 0.4671], [122.3502, 0.4669], [122.3504, 0.4669], [122.3505, 0.4668], [122.3507, 0.4666], [122.3508, 0.4664], [122.3508, 0.4663], [122.351, 0.4657], [122.351, 0.4655], [122.351, 0.4653], [122.351, 0.4651], [122.3509, 0.4649], [122.3509, 0.4647], [122.3509, 0.4646], [122.3509, 0.4645], [122.3508, 0.4644], [122.3507, 0.4643], [122.3503, 0.4639], [122.3501, 0.4638], [122.35, 0.4637], [122.3499, 0.4637], [122.3497, 0.4637], [122.3496, 0.4637], [122.3494, 0.4637], [122.3493, 0.4637], [122.3492, 0.4637], [122.3491, 0.4637], [122.3489, 0.4637], [122.3488, 0.4637], [122.3487, 0.4637], [122.3485, 0.4637], [122.3484, 0.4637], [122.3482, 0.4636], [122.3481, 0.4636], [122.348, 0.4636], [122.3479, 0.4637], [122.3477, 0.4637], [122.3476, 0.4638], [122.3475, 0.4638], [122.3474, 0.4639], [122.3474, 0.464], [122.3474, 0.4641], [122.3472, 0.4642], [122.3471, 0.4642], [122.347, 0.4643], [122.3469, 0.4643], [122.3468, 0.4644], [122.3467, 0.4645], [122.3466, 0.4646], [122.3466, 0.4647], [122.3466, 0.4649], [122.3466, 0.4651], [122.3466, 0.4652], [122.3466, 0.4653], [122.3466, 0.4655], [122.3465, 0.4656], [122.3464, 0.4658], [122.3464, 0.466], [122.3464, 0.4661], [122.3465, 0.4662], [122.3466, 0.4663], [122.3466, 0.4664], [122.3466, 0.4665], [122.3467, 0.4665], [122.347, 0.4667], [122.3471, 0.4668], [122.3472, 0.4669], [122.3474, 0.4669], [122.3475, 0.4669], [122.3477, 0.4669], [122.3477, 0.467], [122.3478, 0.4672], [122.3478, 0.4673], [122.348, 0.4673], [122.3481, 0.4674], [122.3482, 0.4674], [122.3483, 0.4675], [122.3485, 0.4675], [122.3486, 0.4675], [122.3487, 0.4674], [122.3488, 0.4674], [122.3488, 0.4675], [122.3488, 0.4676], [122.3489, 0.4677], [122.349, 0.4677], [122.3491, 0.4677], [122.3492, 0.4677], [122.3493, 0.4677], [122.3495, 0.4677], [122.3496, 0.4676], [122.3497, 0.4676], [122.3497, 0.4675], [122.3498, 0.4674], [122.3499, 0.4674]]], [[[122.3495, 0.4923], [122.3494, 0.4923], [122.3493, 0.4924], [122.3493, 0.4926], [122.3494, 0.4927], [122.3495, 0.4927], [122.3495, 0.4925], [122.3495, 0.4924], [122.3495, 0.4923]]], [[[122.3484, 0.4899], [122.3482, 0.4899], [122.3481, 0.4901], [122.3481, 0.4902], [122.3481, 0.4904], [122.3481, 0.4905], [122.3482, 0.4906], [122.3483, 0.4908], [122.3484, 0.4909], [122.3485, 0.4909], [122.3486, 0.4909], [122.3487, 0.4909], [122.3488, 0.4909], [122.3489, 0.4908], [122.3488, 0.4906], [122.3488, 0.4905], [122.3487, 0.4905], [122.3486, 0.4904], [122.3485, 0.4903], [122.3485, 0.4901], [122.3484, 0.49], [122.3484, 0.4899]]], [[[122.346, 0.4768], [122.3459, 0.4768], [122.3458, 0.4768], [122.3457, 0.4769], [122.3458, 0.4771], [122.3458, 0.4772], [122.3459, 0.4773], [122.346, 0.4773], [122.3461, 0.4774], [122.3462, 0.4775], [122.3461, 0.4776], [122.3461, 0.4777], [122.3461, 0.4778], [122.3461, 0.4779], [122.3461, 0.478], [122.3462, 0.4781], [122.3463, 0.4781], [122.3464, 0.4781], [122.3465, 0.4781], [122.3467, 0.4781], [122.3468, 0.478], [122.3469, 0.478], [122.3469, 0.4779], [122.3469, 0.4778], [122.3468, 0.4777], [122.3467, 0.4775], [122.3467, 0.4774], [122.3466, 0.4774], [122.3466, 0.4773], [122.3464, 0.4772], [122.3463, 0.4771], [122.3461, 0.477], [122.3461, 0.4769], [122.346, 0.4768]]], [[[122.344, 0.4849], [122.3439, 0.4849], [122.3438, 0.4849], [122.3437, 0.4849], [122.3436, 0.485], [122.3435, 0.4851], [122.3434, 0.4852], [122.3434, 0.4854], [122.3434, 0.4855], [122.3434, 0.4856], [122.3435, 0.4857], [122.3436, 0.4858], [122.3437, 0.4858], [122.3438, 0.4858], [122.3439, 0.4857], [122.344, 0.4856], [122.3441, 0.4855], [122.3441, 0.4854], [122.3441, 0.4853], [122.3441, 0.4851], [122.344, 0.4849]]], [[[122.3321, 0.4605], [122.3322, 0.4605], [122.3323, 0.4605], [122.3324, 0.4604], [122.3326, 0.4602], [122.3327, 0.4601], [122.3327, 0.4599], [122.3327, 0.4598], [122.3326, 0.4596], [122.3326, 0.4595], [122.3326, 0.459], [122.3326, 0.4588], [122.3326, 0.4586], [122.3324, 0.4585], [122.3323, 0.4585], [122.3322, 0.4586], [122.3321, 0.4588], [122.332, 0.4589], [122.3318, 0.4589], [122.3317, 0.459], [122.3315, 0.459], [122.3314, 0.4589], [122.3312, 0.4589], [122.3312, 0.4587], [122.3312, 0.4585], [122.3312, 0.4584], [122.3314, 0.4584], [122.3315, 0.4584], [122.3316, 0.4584], [122.3318, 0.4582], [122.3319, 0.4581], [122.332, 0.4581], [122.3321, 0.4579], [122.3322, 0.4577], [122.3321, 0.4576], [122.332, 0.4573], [122.332, 0.4571], [122.332, 0.457], [122.3321, 0.4568], [122.3323, 0.4564], [122.3323, 0.4562], [122.3324, 0.4561], [122.3325, 0.4561], [122.3325, 0.456], [122.3325, 0.4558], [122.3324, 0.4557], [122.3324, 0.4556], [122.3323, 0.4554], [122.3323, 0.4553], [122.3323, 0.4552], [122.3322, 0.4551], [122.3322, 0.455], [122.3321, 0.4549], [122.332, 0.4548], [122.3318, 0.4547], [122.3317, 0.4547], [122.3316, 0.4547], [122.3315, 0.4546], [122.3315, 0.4545], [122.3315, 0.4543], [122.3314, 0.4541], [122.3311, 0.4541], [122.331, 0.4542], [122.331, 0.4543], [122.3309, 0.4545], [122.3308, 0.4546], [122.3307, 0.4547], [122.3305, 0.4547], [122.3304, 0.4548], [122.3304, 0.455], [122.3303, 0.4551], [122.3299, 0.4553], [122.3299, 0.4556], [122.3299, 0.4557], [122.3299, 0.4559], [122.3299, 0.4561], [122.3299, 0.4563], [122.3299, 0.4564], [122.3299, 0.4566], [122.3299, 0.4568], [122.3297, 0.4572], [122.3297, 0.4574], [122.3296, 0.4576], [122.3295, 0.4577], [122.3293, 0.4579], [122.3292, 0.458], [122.329, 0.458], [122.3289, 0.4581], [122.3287, 0.4582], [122.3287, 0.4584], [122.3285, 0.4585], [122.3284, 0.4586], [122.3283, 0.4586], [122.3282, 0.4588], [122.3282, 0.4589], [122.3282, 0.4592], [122.3282, 0.4593], [122.3283, 0.4596], [122.3283, 0.4598], [122.3284, 0.4602], [122.3285, 0.4604], [122.3287, 0.4605], [122.3288, 0.4607], [122.3289, 0.4609], [122.3293, 0.4614], [122.3295, 0.4615], [122.3296, 0.4617], [122.3297, 0.4618], [122.3298, 0.4619], [122.3299, 0.462], [122.33, 0.4622], [122.3301, 0.4623], [122.3303, 0.4623], [122.3304, 0.4624], [122.3305, 0.4625], [122.3306, 0.4625], [122.3308, 0.4626], [122.3309, 0.4625], [122.331, 0.4624], [122.3313, 0.4623], [122.3314, 0.4622], [122.3315, 0.4621], [122.3315, 0.462], [122.3316, 0.4618], [122.3317, 0.4617], [122.3317, 0.4615], [122.3318, 0.4613], [122.3318, 0.4612], [122.3319, 0.4611], [122.3319, 0.461], [122.332, 0.4607], [122.3321, 0.4605]]], [[[122.3293, 0.4985], [122.3295, 0.4982], [122.3294, 0.498], [122.329, 0.498], [122.3288, 0.4984], [122.3293, 0.4985]]], [[[122.3254, 0.4874], [122.3255, 0.4877], [122.3258, 0.4879], [122.3261, 0.4878], [122.326, 0.4874], [122.3259, 0.487], [122.3257, 0.4867], [122.3254, 0.4866], [122.3252, 0.4868], [122.3252, 0.4871], [122.3254, 0.4874]]], [[[122.2251, 0.4319], [122.225, 0.4326], [122.2254, 0.4327], [122.2254, 0.4334], [122.2255, 0.4342], [122.2259, 0.4346], [122.2261, 0.4346], [122.2284, 0.4346], [122.231, 0.4346], [122.2323, 0.4337], [122.2329, 0.4332], [122.2331, 0.4331], [122.2333, 0.4324], [122.2329, 0.432], [122.2322, 0.4312], [122.2317, 0.4309], [122.2311, 0.4309], [122.2305, 0.431], [122.2298, 0.4307], [122.2293, 0.4304], [122.2288, 0.4301], [122.2284, 0.4302], [122.2276, 0.4305], [122.2268, 0.4311], [122.226, 0.4313], [122.2255, 0.4313], [122.2253, 0.4316], [122.2251, 0.4319]]], [[[122.1471, 0.4615], [122.147, 0.4615], [122.1469, 0.4615], [122.1468, 0.4616], [122.1467, 0.4617], [122.1467, 0.4618], [122.1468, 0.4619], [122.1468, 0.462], [122.1469, 0.4621], [122.147, 0.4622], [122.1472, 0.4622], [122.1473, 0.4623], [122.1473, 0.4622], [122.1474, 0.4621], [122.1473, 0.462], [122.1473, 0.4618], [122.1472, 0.4618], [122.1472, 0.4617], [122.1472, 0.4616], [122.1471, 0.4615]]], [[[122.1333, 0.4792], [122.1334, 0.4791], [122.1334, 0.479], [122.1333, 0.4789], [122.1334, 0.4788], [122.1334, 0.4787], [122.1334, 0.4785], [122.1335, 0.4783], [122.1335, 0.4782], [122.1334, 0.4781], [122.1333, 0.4781], [122.1331, 0.4781], [122.133, 0.4782], [122.1329, 0.4782], [122.1328, 0.4783], [122.1328, 0.4784], [122.1328, 0.4785], [122.1328, 0.4786], [122.1327, 0.4786], [122.1326, 0.4786], [122.1325, 0.4787], [122.1325, 0.4788], [122.1325, 0.4789], [122.1326, 0.479], [122.1326, 0.4792], [122.1327, 0.4792], [122.1328, 0.4792], [122.1329, 0.4792], [122.1331, 0.4792], [122.1332, 0.4792], [122.1333, 0.4792]]], [[[122.1267, 0.4805], [122.1268, 0.4805], [122.1269, 0.4805], [122.1271, 0.4806], [122.1272, 0.4805], [122.1274, 0.4805], [122.1275, 0.4804], [122.1276, 0.4804], [122.1277, 0.4804], [122.1279, 0.4804], [122.1279, 0.4803], [122.128, 0.4802], [122.1283, 0.4802], [122.1284, 0.4802], [122.1286, 0.4801], [122.1287, 0.48], [122.1289, 0.48], [122.129, 0.48], [122.1291, 0.48], [122.1292, 0.48], [122.1293, 0.48], [122.1294, 0.4799], [122.1296, 0.4798], [122.1296, 0.4797], [122.1297, 0.4796], [122.1298, 0.4796], [122.1299, 0.4796], [122.13, 0.4796], [122.1302, 0.4796], [122.1305, 0.4796], [122.1306, 0.4796], [122.1307, 0.4796], [122.1309, 0.4795], [122.131, 0.4795], [122.1311, 0.4795], [122.1312, 0.4795], [122.1313, 0.4794], [122.1314, 0.4793], [122.1314, 0.4792], [122.1314, 0.4791], [122.1313, 0.479], [122.1312, 0.479], [122.131, 0.479], [122.1309, 0.479], [122.1308, 0.4791], [122.1307, 0.4791], [122.1307, 0.4792], [122.1306, 0.4792], [122.1305, 0.4793], [122.1304, 0.4793], [122.1303, 0.4793], [122.1302, 0.4793], [122.1303, 0.4791], [122.1303, 0.4788], [122.1303, 0.4787], [122.1302, 0.4787], [122.1302, 0.4786], [122.1301, 0.4785], [122.1301, 0.4784], [122.13, 0.4783], [122.1298, 0.4783], [122.1297, 0.4783], [122.1295, 0.4784], [122.1295, 0.4785], [122.1294, 0.4785], [122.1293, 0.4785], [122.1292, 0.4784], [122.1291, 0.4784], [122.129, 0.4784], [122.1289, 0.4783], [122.1288, 0.4782], [122.1287, 0.4781], [122.1286, 0.478], [122.1284, 0.478], [122.1282, 0.4781], [122.128, 0.4781], [122.1279, 0.4783], [122.1279, 0.4785], [122.1278, 0.4786], [122.1277, 0.4786], [122.1276, 0.4786], [122.1275, 0.4786], [122.1274, 0.4785], [122.1274, 0.4783], [122.1274, 0.4781], [122.1273, 0.478], [122.1272, 0.478], [122.1271, 0.4779], [122.127, 0.4777], [122.1271, 0.4776], [122.1271, 0.4774], [122.1271, 0.4773], [122.1269, 0.4771], [122.1268, 0.4772], [122.1267, 0.4773], [122.1267, 0.4774], [122.1266, 0.4775], [122.1264, 0.4774], [122.1264, 0.4773], [122.1263, 0.4772], [122.1262, 0.4771], [122.1261, 0.4771], [122.126, 0.477], [122.1258, 0.477], [122.1257, 0.477], [122.1257, 0.4771], [122.1256, 0.4772], [122.1256, 0.4773], [122.1255, 0.4774], [122.1254, 0.4775], [122.1253, 0.4777], [122.1253, 0.4779], [122.1253, 0.4781], [122.1254, 0.4782], [122.1254, 0.4784], [122.1255, 0.4785], [122.1255, 0.4787], [122.1255, 0.4788], [122.1256, 0.4789], [122.1257, 0.479], [122.1257, 0.4791], [122.1256, 0.4792], [122.1255, 0.4793], [122.1254, 0.4794], [122.1253, 0.4795], [122.1253, 0.4796], [122.1252, 0.4798], [122.1252, 0.48], [122.1252, 0.4801], [122.1252, 0.4803], [122.1251, 0.4804], [122.125, 0.4804], [122.1249, 0.4806], [122.1248, 0.4808], [122.1248, 0.4809], [122.1249, 0.481], [122.1249, 0.4811], [122.1249, 0.4813], [122.125, 0.4815], [122.125, 0.4816], [122.1251, 0.4816], [122.1253, 0.4816], [122.1254, 0.4816], [122.1255, 0.4815], [122.1256, 0.4815], [122.1257, 0.4814], [122.1258, 0.4812], [122.1259, 0.4811], [122.126, 0.4811], [122.1261, 0.4811], [122.1262, 0.481], [122.1264, 0.481], [122.1265, 0.4809], [122.1266, 0.4807], [122.1267, 0.4805]]], [[[122.1224, 0.4879], [122.1223, 0.487], [122.1215, 0.4868], [122.1211, 0.4871], [122.1208, 0.4874], [122.1203, 0.4872], [122.1198, 0.4869], [122.1187, 0.4861], [122.1181, 0.4858], [122.1176, 0.4858], [122.117, 0.4858], [122.1165, 0.4859], [122.1162, 0.4864], [122.1167, 0.4869], [122.1174, 0.4875], [122.1176, 0.4879], [122.1181, 0.4884], [122.1184, 0.4888], [122.1185, 0.4895], [122.119, 0.4901], [122.1198, 0.4901], [122.1201, 0.49], [122.1205, 0.49], [122.1209, 0.4894], [122.121, 0.4892], [122.1208, 0.4891], [122.1208, 0.4889], [122.121, 0.4886], [122.1216, 0.4884], [122.1224, 0.4879]]], [[[122.1215, 0.4053], [122.1215, 0.4052], [122.1215, 0.4051], [122.1214, 0.4051], [122.1212, 0.4051], [122.1211, 0.4051], [122.121, 0.4051], [122.1209, 0.405], [122.1207, 0.405], [122.1205, 0.405], [122.1203, 0.4049], [122.12, 0.4049], [122.1198, 0.4049], [122.1196, 0.4049], [122.1195, 0.405], [122.1193, 0.4051], [122.1191, 0.4052], [122.119, 0.4052], [122.1188, 0.4052], [122.1187, 0.4052], [122.1184, 0.4052], [122.1183, 0.4052], [122.1181, 0.4052], [122.118, 0.4052], [122.1178, 0.4052], [122.1177, 0.4052], [122.1176, 0.4052], [122.1174, 0.4051], [122.1171, 0.4052], [122.117, 0.4053], [122.117, 0.4054], [122.117, 0.4055], [122.1169, 0.4057], [122.1169, 0.4059], [122.1169, 0.4061], [122.117, 0.4063], [122.117, 0.4065], [122.117, 0.4066], [122.1171, 0.4067], [122.1173, 0.407], [122.1175, 0.4071], [122.1176, 0.4072], [122.1177, 0.4073], [122.1179, 0.4074], [122.118, 0.4075], [122.118, 0.4076], [122.1182, 0.4077], [122.1183, 0.4078], [122.1184, 0.4079], [122.1187, 0.4081], [122.1187, 0.4082], [122.1187, 0.4083], [122.1187, 0.4085], [122.1188, 0.4085], [122.1189, 0.4086], [122.1191, 0.4086], [122.1193, 0.4084], [122.1194, 0.4083], [122.1195, 0.4082], [122.1196, 0.408], [122.1197, 0.4079], [122.1198, 0.4078], [122.12, 0.4076], [122.12, 0.4074], [122.1201, 0.4072], [122.1202, 0.4071], [122.1203, 0.407], [122.1204, 0.4068], [122.1205, 0.4067], [122.1205, 0.4066], [122.1206, 0.4064], [122.1207, 0.4063], [122.1208, 0.4061], [122.1209, 0.406], [122.121, 0.4059], [122.1211, 0.4058], [122.1212, 0.4058], [122.1213, 0.4057], [122.1214, 0.4056], [122.1215, 0.4055], [122.1215, 0.4053]]], [[[122.1161, 0.483], [122.116, 0.483], [122.1159, 0.483], [122.1159, 0.4831], [122.1159, 0.4832], [122.116, 0.4832], [122.1161, 0.4831], [122.1161, 0.483]]], [[[122.1146, 0.4827], [122.1147, 0.4826], [122.1147, 0.4825], [122.1146, 0.4824], [122.1146, 0.4823], [122.1145, 0.4822], [122.1144, 0.4821], [122.1142, 0.4821], [122.1141, 0.4823], [122.1141, 0.4824], [122.1141, 0.4825], [122.1142, 0.4826], [122.1143, 0.4826], [122.1144, 0.4827], [122.1145, 0.4827], [122.1146, 0.4827]]], [[[122.1042, 0.4776], [122.1043, 0.4777], [122.1044, 0.4778], [122.1044, 0.4779], [122.1045, 0.4779], [122.1046, 0.4778], [122.1047, 0.4777], [122.1049, 0.4774], [122.105, 0.4774], [122.1051, 0.4773], [122.1052, 0.4772], [122.1053, 0.4771], [122.1055, 0.477], [122.1056, 0.477], [122.1058, 0.477], [122.1059, 0.477], [122.106, 0.4769], [122.1062, 0.4769], [122.1063, 0.4769], [122.1064, 0.4769], [122.1065, 0.4769], [122.1066, 0.4768], [122.1066, 0.4767], [122.1068, 0.4765], [122.1068, 0.4764], [122.1068, 0.4763], [122.107, 0.4763], [122.1071, 0.4764], [122.1073, 0.4764], [122.1075, 0.4764], [122.1076, 0.4763], [122.1076, 0.4762], [122.1077, 0.4761], [122.108, 0.4761], [122.1081, 0.4762], [122.1082, 0.4762], [122.1083, 0.4761], [122.1085, 0.4761], [122.1086, 0.4761], [122.1088, 0.4759], [122.1088, 0.4758], [122.1089, 0.4757], [122.1089, 0.4756], [122.109, 0.4756], [122.1092, 0.4756], [122.1092, 0.4757], [122.1093, 0.4758], [122.1095, 0.4758], [122.1096, 0.4758], [122.1098, 0.4758], [122.1099, 0.4758], [122.11, 0.4758], [122.1101, 0.4758], [122.1102, 0.4758], [122.1105, 0.4758], [122.1106, 0.4757], [122.1107, 0.4756], [122.1108, 0.4756], [122.1109, 0.4755], [122.111, 0.4754], [122.1111, 0.4754], [122.1112, 0.4755], [122.1113, 0.4755], [122.1114, 0.4755], [122.1115, 0.4754], [122.1116, 0.4753], [122.1117, 0.4752], [122.1118, 0.4752], [122.1119, 0.4753], [122.112, 0.4754], [122.1123, 0.4754], [122.1125, 0.4754], [122.1126, 0.4753], [122.1126, 0.4752], [122.1126, 0.475], [122.1126, 0.4749], [122.1126, 0.4747], [122.1126, 0.4746], [122.1126, 0.4745], [122.1128, 0.4744], [122.1129, 0.4743], [122.113, 0.4741], [122.113, 0.474], [122.113, 0.4739], [122.113, 0.4738], [122.113, 0.4736], [122.113, 0.4731], [122.1128, 0.4729], [122.1127, 0.4727], [122.1127, 0.4726], [122.1126, 0.4725], [122.1125, 0.4724], [122.1123, 0.4724], [122.1122, 0.4724], [122.1121, 0.4725], [122.1121, 0.4726], [122.112, 0.4727], [122.112, 0.4729], [122.1121, 0.4729], [122.1121, 0.473], [122.1121, 0.4731], [122.1121, 0.4733], [122.112, 0.4734], [122.1118, 0.4733], [122.1117, 0.4732], [122.1117, 0.4731], [122.1115, 0.473], [122.1113, 0.473], [122.1111, 0.4731], [122.1109, 0.4731], [122.1109, 0.4732], [122.1109, 0.4733], [122.1109, 0.4734], [122.1109, 0.4735], [122.1111, 0.4735], [122.1111, 0.4737], [122.111, 0.4737], [122.1109, 0.4737], [122.1108, 0.4738], [122.1107, 0.4738], [122.1106, 0.4737], [122.1104, 0.4737], [122.1103, 0.4737], [122.1103, 0.4736], [122.1103, 0.4733], [122.1105, 0.4733], [122.1106, 0.4733], [122.1108, 0.4732], [122.1108, 0.473], [122.1107, 0.4729], [122.1106, 0.4728], [122.1104, 0.4728], [122.1101, 0.4727], [122.11, 0.4728], [122.1098, 0.4728], [122.1097, 0.4728], [122.1095, 0.4729], [122.1095, 0.4731], [122.1094, 0.4732], [122.1094, 0.4733], [122.1093, 0.4734], [122.1092, 0.4734], [122.1091, 0.4734], [122.1089, 0.4734], [122.1089, 0.4735], [122.1088, 0.4735], [122.1087, 0.4733], [122.1087, 0.4732], [122.1086, 0.4732], [122.1085, 0.4732], [122.1083, 0.4733], [122.1083, 0.4734], [122.108, 0.4733], [122.108, 0.4731], [122.1078, 0.4729], [122.1077, 0.4726], [122.1075, 0.4725], [122.1074, 0.4725], [122.1072, 0.4724], [122.1069, 0.4723], [122.1067, 0.4722], [122.1065, 0.4721], [122.1062, 0.4721], [122.106, 0.4721], [122.1058, 0.4721], [122.1057, 0.4721], [122.1056, 0.4722], [122.1056, 0.4723], [122.1055, 0.4725], [122.1055, 0.4726], [122.1055, 0.4728], [122.1055, 0.4729], [122.1055, 0.4731], [122.1055, 0.4733], [122.1055, 0.4734], [122.1051, 0.4737], [122.1049, 0.4738], [122.1047, 0.4739], [122.1044, 0.4738], [122.1043, 0.4737], [122.104, 0.4736], [122.1036, 0.4736], [122.1034, 0.4736], [122.1033, 0.4737], [122.1029, 0.4738], [122.1027, 0.4739], [122.102, 0.4739], [122.1019, 0.4739], [122.1016, 0.4739], [122.1014, 0.474], [122.1013, 0.4741], [122.1013, 0.4743], [122.1014, 0.4744], [122.1016, 0.4745], [122.1017, 0.4745], [122.1019, 0.4746], [122.1019, 0.4748], [122.102, 0.4749], [122.1022, 0.475], [122.1023, 0.4751], [122.1023, 0.4752], [122.1022, 0.4757], [122.1021, 0.4759], [122.1021, 0.4761], [122.1021, 0.4763], [122.1021, 0.4764], [122.1022, 0.4764], [122.1022, 0.4766], [122.1022, 0.477], [122.102, 0.4771], [122.102, 0.4773], [122.102, 0.4775], [122.1021, 0.4776], [122.1022, 0.4776], [122.1023, 0.4777], [122.1024, 0.4777], [122.1025, 0.4778], [122.1026, 0.4779], [122.1025, 0.4779], [122.1025, 0.478], [122.1026, 0.4781], [122.1031, 0.4785], [122.1032, 0.4785], [122.1033, 0.4786], [122.1035, 0.4786], [122.1037, 0.4786], [122.1038, 0.4785], [122.1039, 0.4784], [122.104, 0.4782], [122.1041, 0.4781], [122.1041, 0.478], [122.1042, 0.4779], [122.1042, 0.4777], [122.1042, 0.4776]]], [[[122.1117, 0.4822], [122.1115, 0.4823], [122.1114, 0.4823], [122.1114, 0.4824], [122.1113, 0.4825], [122.1112, 0.4826], [122.1111, 0.4827], [122.1111, 0.4829], [122.111, 0.4831], [122.1109, 0.4832], [122.1109, 0.4833], [122.1109, 0.4834], [122.1109, 0.4835], [122.1108, 0.4836], [122.1108, 0.4838], [122.1108, 0.4839], [122.1109, 0.484], [122.111, 0.484], [122.1111, 0.484], [122.1112, 0.484], [122.1113, 0.4839], [122.1113, 0.4837], [122.1113, 0.4836], [122.1113, 0.4834], [122.1113, 0.4833], [122.1113, 0.4832], [122.1113, 0.4831], [122.1114, 0.4829], [122.1114, 0.4828], [122.1115, 0.4828], [122.1116, 0.4827], [122.1117, 0.4826], [122.1118, 0.4824], [122.1117, 0.4823], [122.1117, 0.4822]]], [[[121.9811, 0.4481], [121.9813, 0.4481], [121.9814, 0.4481], [121.9815, 0.4482], [121.9816, 0.4482], [121.9817, 0.4482], [121.9818, 0.4481], [121.9819, 0.4481], [121.9821, 0.4481], [121.9822, 0.4481], [121.9823, 0.4481], [121.9825, 0.4481], [121.9826, 0.4481], [121.9827, 0.448], [121.9828, 0.4479], [121.983, 0.4476], [121.9831, 0.4474], [121.9831, 0.4472], [121.9832, 0.4471], [121.9833, 0.4471], [121.9834, 0.4469], [121.9834, 0.4466], [121.9833, 0.4461], [121.9832, 0.446], [121.9831, 0.4458], [121.9831, 0.4457], [121.9832, 0.4455], [121.9833, 0.4455], [121.9834, 0.4454], [121.9835, 0.4454], [121.9835, 0.4453], [121.9835, 0.445], [121.9835, 0.4449], [121.9834, 0.4448], [121.9834, 0.4447], [121.9834, 0.4446], [121.9833, 0.4446], [121.9833, 0.4445], [121.9832, 0.4444], [121.9831, 0.4442], [121.9831, 0.4441], [121.983, 0.444], [121.9829, 0.444], [121.9828, 0.4439], [121.9828, 0.4438], [121.9826, 0.4437], [121.9824, 0.4437], [121.9822, 0.4437], [121.9821, 0.4438], [121.982, 0.444], [121.9819, 0.4441], [121.9817, 0.4442], [121.9816, 0.4443], [121.9814, 0.4444], [121.9813, 0.4446], [121.9812, 0.4447], [121.9812, 0.4449], [121.9812, 0.4454], [121.9812, 0.4457], [121.9811, 0.4459], [121.9809, 0.4467], [121.9808, 0.4469], [121.9806, 0.4471], [121.9805, 0.4473], [121.9805, 0.4475], [121.9804, 0.4476], [121.9804, 0.4478], [121.9805, 0.4482], [121.9806, 0.4482], [121.9807, 0.4482], [121.9808, 0.4482], [121.981, 0.4481], [121.9811, 0.4481]]], [[[121.9771, 0.451], [121.977, 0.4509], [121.9769, 0.451], [121.9769, 0.4511], [121.9769, 0.4512], [121.977, 0.4513], [121.9771, 0.4513], [121.9772, 0.4512], [121.9772, 0.451], [121.9771, 0.451]]], [[[121.9711, 0.446], [121.9711, 0.4459], [121.9711, 0.4457], [121.9712, 0.4457], [121.9712, 0.4453], [121.9712, 0.4451], [121.9712, 0.4449], [121.9712, 0.4447], [121.9712, 0.4445], [121.9713, 0.4443], [121.9714, 0.4443], [121.9716, 0.4443], [121.9716, 0.4441], [121.9716, 0.444], [121.9715, 0.4438], [121.9714, 0.4437], [121.9713, 0.4436], [121.9711, 0.4436], [121.9709, 0.4435], [121.9708, 0.4435], [121.9707, 0.4434], [121.9707, 0.4433], [121.9705, 0.4432], [121.9703, 0.4432], [121.9701, 0.4431], [121.9698, 0.443], [121.9697, 0.443], [121.9695, 0.4429], [121.9691, 0.4428], [121.9688, 0.4428], [121.9685, 0.4428], [121.9682, 0.4428], [121.9679, 0.4428], [121.9678, 0.4428], [121.9677, 0.4429], [121.9676, 0.4431], [121.9674, 0.4432], [121.9673, 0.4433], [121.9671, 0.4433], [121.9669, 0.4433], [121.9667, 0.4434], [121.9665, 0.4434], [121.966, 0.4434], [121.9657, 0.4435], [121.9655, 0.4435], [121.9653, 0.4436], [121.9653, 0.4438], [121.9654, 0.4439], [121.9655, 0.444], [121.9656, 0.4441], [121.9656, 0.4444], [121.9657, 0.4446], [121.9657, 0.4447], [121.9658, 0.4448], [121.9659, 0.4448], [121.966, 0.4449], [121.9661, 0.4451], [121.9661, 0.4453], [121.9662, 0.4454], [121.9664, 0.4454], [121.9665, 0.4454], [121.9667, 0.4454], [121.9669, 0.4454], [121.9671, 0.4457], [121.9671, 0.4459], [121.9672, 0.446], [121.9674, 0.446], [121.9676, 0.446], [121.9677, 0.446], [121.9679, 0.4461], [121.9681, 0.4461], [121.9682, 0.4462], [121.9688, 0.4466], [121.969, 0.4467], [121.9692, 0.4468], [121.9693, 0.4469], [121.9694, 0.447], [121.9696, 0.447], [121.9697, 0.4471], [121.9699, 0.4471], [121.9701, 0.4471], [121.9702, 0.4472], [121.9705, 0.4472], [121.9706, 0.4471], [121.9707, 0.4471], [121.9707, 0.4469], [121.9708, 0.4467], [121.9707, 0.4465], [121.9708, 0.4464], [121.9709, 0.4462], [121.971, 0.4462], [121.9711, 0.4462], [121.9711, 0.446]]], [[[121.953, 0.4156], [121.9529, 0.4156], [121.9527, 0.4156], [121.9526, 0.4157], [121.9525, 0.4158], [121.9525, 0.4159], [121.9525, 0.416], [121.9525, 0.4162], [121.9525, 0.4163], [121.9524, 0.4164], [121.9524, 0.4166], [121.9525, 0.4166], [121.9526, 0.4167], [121.9527, 0.4168], [121.9528, 0.4172], [121.9529, 0.4173], [121.953, 0.4173], [121.9531, 0.4174], [121.9532, 0.4174], [121.9534, 0.4174], [121.9535, 0.4174], [121.9536, 0.4173], [121.9537, 0.4173], [121.9538, 0.4173], [121.9539, 0.4172], [121.954, 0.4171], [121.9541, 0.4171], [121.9542, 0.417], [121.9543, 0.417], [121.9543, 0.4169], [121.9544, 0.4168], [121.9544, 0.4167], [121.9544, 0.4166], [121.9544, 0.4165], [121.9541, 0.4161], [121.954, 0.4161], [121.9539, 0.416], [121.9539, 0.4159], [121.9537, 0.4158], [121.9536, 0.4158], [121.9533, 0.4157], [121.9532, 0.4156], [121.953, 0.4156]]], [[[121.8543, 0.4345], [121.8541, 0.4343], [121.8534, 0.4351], [121.8527, 0.4356], [121.8524, 0.4359], [121.852, 0.4368], [121.8523, 0.4373], [121.8527, 0.4373], [121.8541, 0.4361], [121.8543, 0.4345]]], [[[121.8536, 0.4309], [121.854, 0.4299], [121.8539, 0.429], [121.8533, 0.4287], [121.8527, 0.4287], [121.8522, 0.4285], [121.8515, 0.4286], [121.8512, 0.4293], [121.8502, 0.4301], [121.8503, 0.4304], [121.8498, 0.4306], [121.849, 0.4306], [121.8487, 0.4306], [121.8486, 0.4306], [121.8485, 0.4299], [121.8483, 0.4296], [121.8482, 0.4295], [121.8476, 0.4299], [121.8469, 0.4302], [121.8469, 0.4304], [121.8465, 0.4307], [121.8465, 0.4311], [121.8466, 0.4313], [121.8468, 0.4314], [121.8472, 0.4318], [121.8474, 0.4325], [121.8475, 0.4326], [121.8475, 0.4334], [121.8476, 0.4341], [121.8478, 0.4345], [121.8484, 0.4348], [121.8491, 0.4356], [121.8503, 0.4361], [121.8508, 0.4365], [121.851, 0.4364], [121.8512, 0.4355], [121.8517, 0.4351], [121.8524, 0.4348], [121.8528, 0.4345], [121.8534, 0.4341], [121.854, 0.4335], [121.854, 0.4325], [121.8536, 0.4317], [121.8536, 0.4309]]], [[[121.8534, 0.4346], [121.8532, 0.4344], [121.8528, 0.4348], [121.8524, 0.4351], [121.8519, 0.4352], [121.8516, 0.4354], [121.8513, 0.4357], [121.8513, 0.436], [121.8513, 0.4366], [121.8515, 0.4367], [121.8517, 0.4367], [121.8518, 0.4364], [121.8521, 0.436], [121.8529, 0.4352], [121.8533, 0.4349], [121.8534, 0.4346]]], [[[121.8465, 0.4319], [121.8463, 0.4319], [121.8463, 0.432], [121.8465, 0.4332], [121.847, 0.4335], [121.8472, 0.4333], [121.8472, 0.4331], [121.8471, 0.4326], [121.8468, 0.4323], [121.8465, 0.4319]]], [[[121.7161, 0.4867], [121.7156, 0.4863], [121.7146, 0.4864], [121.7141, 0.4872], [121.7143, 0.4879], [121.7151, 0.4882], [121.7159, 0.488], [121.7161, 0.4879], [121.7162, 0.487], [121.7161, 0.4867]]], [[[121.7071, 0.4853], [121.7063, 0.4849], [121.7034, 0.4849], [121.7005, 0.4843], [121.6977, 0.4847], [121.6938, 0.4852], [121.6918, 0.4866], [121.6895, 0.4868], [121.6873, 0.488], [121.6872, 0.4889], [121.6868, 0.4899], [121.6858, 0.4905], [121.6828, 0.4934], [121.6805, 0.4968], [121.6799, 0.4999], [121.68, 0.5014], [121.6808, 0.5041], [121.6822, 0.5065], [121.6835, 0.5098], [121.686, 0.5113], [121.6922, 0.5133], [121.6928, 0.5133], [121.697, 0.5118], [121.7003, 0.5086], [121.7025, 0.5052], [121.7046, 0.502], [121.7066, 0.4996], [121.7074, 0.4969], [121.7072, 0.4933], [121.7087, 0.4901], [121.7094, 0.4886], [121.7089, 0.4871], [121.7076, 0.4868], [121.7072, 0.4854], [121.7071, 0.4853]]], [[[121.6744, 0.5068], [121.6726, 0.5087], [121.6725, 0.5096], [121.6727, 0.5105], [121.6731, 0.5116], [121.6731, 0.513], [121.6737, 0.5142], [121.6744, 0.5152], [121.676, 0.5157], [121.6771, 0.5157], [121.6777, 0.5148], [121.6804, 0.5139], [121.6816, 0.5117], [121.6817, 0.5098], [121.6807, 0.5081], [121.6786, 0.5071], [121.676, 0.5063], [121.6744, 0.5068]]], [[[121.6693, 0.5045], [121.6687, 0.5044], [121.6679, 0.505], [121.6677, 0.5053], [121.6682, 0.5062], [121.6686, 0.5064], [121.6696, 0.5059], [121.6697, 0.505], [121.6693, 0.5045]]], [[[121.667, 0.4554], [121.6665, 0.4554], [121.6662, 0.4556], [121.6661, 0.4559], [121.666, 0.4564], [121.666, 0.4565], [121.666, 0.4569], [121.6658, 0.4574], [121.6654, 0.4581], [121.6653, 0.4585], [121.6655, 0.4588], [121.6661, 0.4588], [121.6664, 0.4587], [121.6668, 0.4583], [121.6672, 0.4579], [121.6677, 0.4578], [121.668, 0.4576], [121.6682, 0.4575], [121.6684, 0.4573], [121.6685, 0.4568], [121.6685, 0.4564], [121.6682, 0.4561], [121.668, 0.456], [121.668, 0.4558], [121.6677, 0.4556], [121.6674, 0.4554], [121.667, 0.4554]]], [[[121.6622, 0.5141], [121.6614, 0.5141], [121.661, 0.5145], [121.66, 0.515], [121.6599, 0.5157], [121.6607, 0.5163], [121.6624, 0.516], [121.663, 0.5154], [121.663, 0.5148], [121.6622, 0.5141]]], [[[121.6618, 0.5078], [121.661, 0.5076], [121.6602, 0.5078], [121.6599, 0.5083], [121.6589, 0.5084], [121.6586, 0.5091], [121.6576, 0.5096], [121.6575, 0.5104], [121.6576, 0.5111], [121.6581, 0.5121], [121.6584, 0.5122], [121.6595, 0.5124], [121.6619, 0.5108], [121.6625, 0.5098], [121.6625, 0.5087], [121.6618, 0.5078]]], [[[121.6595, 0.4998], [121.6587, 0.4998], [121.6563, 0.5003], [121.6553, 0.5008], [121.655, 0.5012], [121.6551, 0.5023], [121.6555, 0.503], [121.6567, 0.5032], [121.658, 0.5024], [121.6596, 0.5004], [121.6595, 0.4998]]], [[[121.6478, 0.5035], [121.6473, 0.503], [121.6469, 0.5036], [121.6469, 0.5042], [121.6468, 0.5048], [121.6467, 0.5049], [121.6464, 0.5051], [121.6461, 0.5054], [121.6459, 0.5055], [121.6458, 0.5056], [121.6456, 0.5058], [121.6454, 0.5059], [121.6452, 0.5063], [121.645, 0.5066], [121.6448, 0.5068], [121.6444, 0.5075], [121.6443, 0.5076], [121.6442, 0.5077], [121.6439, 0.508], [121.6437, 0.5082], [121.6434, 0.5085], [121.6433, 0.5087], [121.6433, 0.5089], [121.6432, 0.5105], [121.6444, 0.5113], [121.6455, 0.5115], [121.6464, 0.511], [121.6474, 0.5093], [121.6475, 0.5091], [121.6476, 0.509], [121.6476, 0.5089], [121.6477, 0.5087], [121.6478, 0.5085], [121.6479, 0.5084], [121.648, 0.5082], [121.6481, 0.5079], [121.6482, 0.5076], [121.6483, 0.5071], [121.6483, 0.5069], [121.6483, 0.5064], [121.6485, 0.5059], [121.6485, 0.5057], [121.648, 0.5046], [121.6478, 0.5035]]], [[[121.6456, 0.5233], [121.6449, 0.5231], [121.6442, 0.5234], [121.6438, 0.5241], [121.6438, 0.5245], [121.6439, 0.5251], [121.6438, 0.5258], [121.6439, 0.5264], [121.6445, 0.5268], [121.6449, 0.5266], [121.6458, 0.5266], [121.6466, 0.526], [121.6466, 0.5254], [121.6461, 0.5247], [121.6461, 0.5239], [121.6456, 0.5233]]], [[[121.6422, 0.5061], [121.6415, 0.5056], [121.6414, 0.5056], [121.6411, 0.5057], [121.6408, 0.5058], [121.6404, 0.5058], [121.6396, 0.5063], [121.6394, 0.5068], [121.6393, 0.507], [121.6389, 0.5077], [121.6389, 0.508], [121.6387, 0.5086], [121.6385, 0.5089], [121.6382, 0.5098], [121.6384, 0.5103], [121.6386, 0.5106], [121.6395, 0.5103], [121.64, 0.5101], [121.6401, 0.5101], [121.6404, 0.5099], [121.6405, 0.5097], [121.6407, 0.5096], [121.641, 0.5093], [121.6412, 0.5092], [121.6414, 0.509], [121.6415, 0.5089], [121.6415, 0.5088], [121.6417, 0.5084], [121.642, 0.508], [121.642, 0.5078], [121.6421, 0.5075], [121.6423, 0.507], [121.6422, 0.5061]]], [[[121.6354, 0.4859], [121.6358, 0.4858], [121.6362, 0.4859], [121.6363, 0.486], [121.6366, 0.486], [121.6368, 0.486], [121.6371, 0.4859], [121.6374, 0.4858], [121.6376, 0.4857], [121.6377, 0.4856], [121.638, 0.4853], [121.6381, 0.4851], [121.6383, 0.4848], [121.6383, 0.4846], [121.6383, 0.4844], [121.6385, 0.4837], [121.6385, 0.4835], [121.6385, 0.4834], [121.6384, 0.4832], [121.638, 0.4827], [121.6377, 0.4825], [121.6374, 0.4822], [121.6373, 0.4821], [121.6371, 0.4819], [121.6369, 0.4818], [121.6367, 0.4816], [121.6366, 0.4815], [121.6365, 0.4814], [121.6364, 0.4813], [121.6362, 0.4812], [121.6359, 0.481], [121.6357, 0.4809], [121.6354, 0.481], [121.6351, 0.481], [121.6349, 0.4811], [121.6348, 0.4812], [121.6345, 0.4813], [121.6342, 0.4814], [121.6339, 0.4815], [121.6337, 0.4816], [121.6334, 0.4816], [121.6333, 0.4817], [121.633, 0.4816], [121.6327, 0.4816], [121.6326, 0.4816], [121.6324, 0.4816], [121.632, 0.482], [121.632, 0.4822], [121.6322, 0.4826], [121.6324, 0.4828], [121.6326, 0.483], [121.6327, 0.4831], [121.6327, 0.4832], [121.6328, 0.4834], [121.6329, 0.4836], [121.6329, 0.4838], [121.633, 0.4839], [121.633, 0.484], [121.633, 0.4842], [121.633, 0.4845], [121.633, 0.4847], [121.6329, 0.4849], [121.6329, 0.4851], [121.6328, 0.4852], [121.6327, 0.4856], [121.6327, 0.4857], [121.6328, 0.486], [121.6328, 0.4861], [121.6329, 0.4862], [121.6329, 0.4863], [121.633, 0.4863], [121.6336, 0.4865], [121.6339, 0.4867], [121.6342, 0.4865], [121.6345, 0.4864], [121.6348, 0.4862], [121.635, 0.4861], [121.6352, 0.486], [121.6353, 0.4859], [121.6354, 0.4859]]], [[[121.6365, 0.4907], [121.6367, 0.4906], [121.6368, 0.4907], [121.637, 0.4907], [121.6372, 0.4907], [121.6374, 0.4907], [121.6376, 0.4906], [121.6379, 0.4904], [121.638, 0.4902], [121.6382, 0.4902], [121.6382, 0.49], [121.6383, 0.4899], [121.6383, 0.4897], [121.6383, 0.4896], [121.6381, 0.4894], [121.6378, 0.4892], [121.6376, 0.4891], [121.6374, 0.4889], [121.6371, 0.4888], [121.6368, 0.4887], [121.6367, 0.4886], [121.6364, 0.4884], [121.6363, 0.4883], [121.636, 0.4883], [121.6358, 0.4884], [121.6356, 0.4885], [121.6354, 0.4887], [121.6352, 0.4889], [121.6349, 0.4892], [121.6347, 0.4893], [121.6345, 0.4895], [121.6344, 0.4895], [121.6342, 0.4897], [121.6339, 0.4899], [121.6336, 0.4901], [121.6335, 0.4902], [121.6333, 0.4902], [121.6332, 0.4902], [121.633, 0.4904], [121.6329, 0.4907], [121.633, 0.4908], [121.633, 0.491], [121.6332, 0.4911], [121.6336, 0.4915], [121.6337, 0.4917], [121.6338, 0.4918], [121.6339, 0.4918], [121.6344, 0.4917], [121.6347, 0.4916], [121.635, 0.4915], [121.6353, 0.4914], [121.6356, 0.4913], [121.6358, 0.4912], [121.636, 0.4911], [121.6363, 0.4908], [121.6364, 0.4908], [121.6365, 0.4907]]], [[[121.6299, 0.5045], [121.6297, 0.5045], [121.6289, 0.5048], [121.6281, 0.5052], [121.6274, 0.506], [121.6269, 0.508], [121.6272, 0.5091], [121.6279, 0.5094], [121.6288, 0.5098], [121.6303, 0.51], [121.6315, 0.5098], [121.632, 0.5092], [121.6321, 0.5086], [121.6331, 0.5076], [121.633, 0.5069], [121.6331, 0.5067], [121.6328, 0.5063], [121.6328, 0.5059], [121.6324, 0.5054], [121.6312, 0.505], [121.6309, 0.505], [121.6305, 0.505], [121.6304, 0.5049], [121.6302, 0.5048], [121.6299, 0.5045]]], [[[121.6255, 0.4898], [121.6259, 0.4893], [121.626, 0.4889], [121.6264, 0.4882], [121.6265, 0.4879], [121.6267, 0.4876], [121.6268, 0.4874], [121.627, 0.4871], [121.6271, 0.4869], [121.6273, 0.4869], [121.6275, 0.4868], [121.6278, 0.4868], [121.628, 0.4868], [121.6283, 0.4869], [121.6284, 0.4869], [121.6286, 0.4868], [121.629, 0.4868], [121.6294, 0.4866], [121.6296, 0.4863], [121.6297, 0.4857], [121.6297, 0.4853], [121.6297, 0.4851], [121.6297, 0.4848], [121.6298, 0.4843], [121.6299, 0.4839], [121.6299, 0.4836], [121.6299, 0.4834], [121.6298, 0.4832], [121.6298, 0.483], [121.6297, 0.4828], [121.6296, 0.4827], [121.6294, 0.4825], [121.6289, 0.4823], [121.6287, 0.4824], [121.6283, 0.4825], [121.6279, 0.4827], [121.6275, 0.4828], [121.6272, 0.483], [121.6265, 0.4833], [121.6263, 0.4833], [121.6262, 0.4833], [121.6258, 0.4833], [121.6254, 0.4832], [121.6251, 0.4831], [121.6249, 0.483], [121.6246, 0.4828], [121.6238, 0.4826], [121.6234, 0.4825], [121.6231, 0.4824], [121.6225, 0.4823], [121.6219, 0.4822], [121.6216, 0.4822], [121.621, 0.4821], [121.6208, 0.4821], [121.6204, 0.4821], [121.6201, 0.4821], [121.6197, 0.4821], [121.6195, 0.4821], [121.6192, 0.4822], [121.619, 0.4822], [121.6185, 0.4822], [121.6181, 0.4823], [121.6177, 0.4824], [121.6174, 0.4825], [121.6171, 0.4826], [121.6168, 0.4827], [121.6165, 0.4828], [121.6162, 0.4828], [121.6157, 0.4828], [121.6153, 0.4828], [121.6151, 0.4828], [121.6148, 0.4828], [121.6146, 0.4827], [121.6141, 0.4827], [121.614, 0.4827], [121.6137, 0.4826], [121.6134, 0.4827], [121.613, 0.4828], [121.6128, 0.4829], [121.6124, 0.4831], [121.6123, 0.4831], [121.6119, 0.4834], [121.6116, 0.4836], [121.6115, 0.4836], [121.6113, 0.4838], [121.611, 0.484], [121.6108, 0.4842], [121.6106, 0.4843], [121.6105, 0.4844], [121.6104, 0.4846], [121.6103, 0.4847], [121.6104, 0.4852], [121.6105, 0.4854], [121.6105, 0.4858], [121.6105, 0.4859], [121.6106, 0.4862], [121.6109, 0.4866], [121.611, 0.4868], [121.6112, 0.4869], [121.6113, 0.4871], [121.6114, 0.4872], [121.6115, 0.4874], [121.6117, 0.4875], [121.6118, 0.4877], [121.6118, 0.4878], [121.6119, 0.488], [121.6119, 0.4881], [121.6119, 0.4884], [121.612, 0.4885], [121.6121, 0.4885], [121.6124, 0.4886], [121.6126, 0.4886], [121.6129, 0.4885], [121.6132, 0.4883], [121.6135, 0.488], [121.6139, 0.4877], [121.6142, 0.4874], [121.6144, 0.4872], [121.6147, 0.487], [121.615, 0.4869], [121.6152, 0.4868], [121.6156, 0.4865], [121.6157, 0.4864], [121.6157, 0.4862], [121.6158, 0.4861], [121.6159, 0.4859], [121.616, 0.4857], [121.6161, 0.4855], [121.6162, 0.4854], [121.6163, 0.4854], [121.6168, 0.4856], [121.6171, 0.4858], [121.6172, 0.4858], [121.6175, 0.4857], [121.6178, 0.4855], [121.6179, 0.4852], [121.6181, 0.485], [121.6182, 0.485], [121.6184, 0.4849], [121.6187, 0.4849], [121.6189, 0.4849], [121.6193, 0.4848], [121.6196, 0.4848], [121.6198, 0.4847], [121.62, 0.4846], [121.6203, 0.4844], [121.6206, 0.4842], [121.6208, 0.4842], [121.621, 0.484], [121.6213, 0.4839], [121.6215, 0.4838], [121.6217, 0.4837], [121.622, 0.4836], [121.6222, 0.4835], [121.6224, 0.4834], [121.6228, 0.4834], [121.623, 0.4836], [121.6232, 0.4838], [121.6229, 0.4843], [121.6228, 0.4845], [121.6226, 0.4846], [121.6221, 0.4848], [121.6218, 0.4849], [121.6216, 0.4849], [121.6214, 0.4851], [121.6212, 0.4853], [121.6209, 0.4857], [121.6208, 0.4861], [121.6207, 0.4862], [121.6206, 0.4867], [121.6206, 0.487], [121.6205, 0.4875], [121.6204, 0.4879], [121.6204, 0.4883], [121.6204, 0.4886], [121.6204, 0.4888], [121.6205, 0.4891], [121.6206, 0.4894], [121.6208, 0.4895], [121.6213, 0.4896], [121.6216, 0.4896], [121.6218, 0.4896], [121.6221, 0.4896], [121.6226, 0.4897], [121.6228, 0.4898], [121.6231, 0.49], [121.6233, 0.4901], [121.6235, 0.4902], [121.6241, 0.4903], [121.6245, 0.4903], [121.6248, 0.4903], [121.6251, 0.4901], [121.6254, 0.4899], [121.6255, 0.4898]]], [[[121.6214, 0.5129], [121.6197, 0.5128], [121.6186, 0.5132], [121.6177, 0.5141], [121.6172, 0.515], [121.6172, 0.5155], [121.617, 0.5164], [121.6173, 0.5169], [121.6185, 0.5169], [121.6192, 0.5166], [121.6202, 0.5155], [121.6212, 0.5149], [121.6218, 0.5143], [121.6218, 0.5132], [121.6214, 0.5129]]], [[[121.6156, 0.5422], [121.6155, 0.5422], [121.6154, 0.5424], [121.6153, 0.5424], [121.6152, 0.5425], [121.6152, 0.5427], [121.6153, 0.5429], [121.6154, 0.5429], [121.6155, 0.5429], [121.6156, 0.5429], [121.6158, 0.543], [121.6159, 0.5429], [121.616, 0.5429], [121.616, 0.5428], [121.6161, 0.5428], [121.6162, 0.5427], [121.6161, 0.5426], [121.6161, 0.5425], [121.616, 0.5424], [121.6159, 0.5423], [121.6158, 0.5423], [121.6157, 0.5423], [121.6156, 0.5423], [121.6156, 0.5422]]], [[[121.5835, 0.4849], [121.5838, 0.4848], [121.5841, 0.4849], [121.5843, 0.485], [121.5845, 0.485], [121.5846, 0.485], [121.5848, 0.4849], [121.585, 0.4849], [121.5851, 0.4847], [121.5853, 0.4842], [121.5853, 0.4839], [121.5853, 0.4837], [121.5855, 0.4834], [121.5858, 0.4833], [121.586, 0.4833], [121.5863, 0.4833], [121.5865, 0.4833], [121.5866, 0.4834], [121.5871, 0.4835], [121.5872, 0.4834], [121.5872, 0.4833], [121.5866, 0.4825], [121.5862, 0.4822], [121.5858, 0.482], [121.5856, 0.4819], [121.5854, 0.4817], [121.5851, 0.4816], [121.5847, 0.4815], [121.5842, 0.4814], [121.5839, 0.4813], [121.5835, 0.4813], [121.5832, 0.4812], [121.5829, 0.4811], [121.5825, 0.481], [121.5822, 0.4809], [121.5819, 0.4809], [121.5816, 0.4809], [121.5814, 0.4809], [121.581, 0.481], [121.5807, 0.4813], [121.5803, 0.4816], [121.58, 0.4825], [121.5799, 0.4829], [121.5797, 0.4834], [121.5796, 0.484], [121.5795, 0.4843], [121.5795, 0.4844], [121.5794, 0.4848], [121.5794, 0.485], [121.5793, 0.4852], [121.5795, 0.4856], [121.5796, 0.4857], [121.5798, 0.4858], [121.58, 0.4859], [121.5802, 0.486], [121.5804, 0.4862], [121.5807, 0.4865], [121.5809, 0.4866], [121.5811, 0.4867], [121.5813, 0.4866], [121.5817, 0.4863], [121.5818, 0.4861], [121.5821, 0.4858], [121.5823, 0.4855], [121.5824, 0.4854], [121.5826, 0.4853], [121.5829, 0.4852], [121.583, 0.4852], [121.5831, 0.4852], [121.5835, 0.4849]]], [[[121.5839, 0.4982], [121.5839, 0.4981], [121.5827, 0.4977], [121.5814, 0.4982], [121.5805, 0.4981], [121.5796, 0.4981], [121.5789, 0.4987], [121.5794, 0.4995], [121.5791, 0.5003], [121.5791, 0.5004], [121.5805, 0.502], [121.5817, 0.5026], [121.5826, 0.5021], [121.584, 0.5017], [121.5844, 0.501], [121.585, 0.4993], [121.584, 0.4987], [121.584, 0.4985], [121.584, 0.4983], [121.5839, 0.4982]]], [[[121.5742, 0.5086], [121.5743, 0.5086], [121.5745, 0.5086], [121.5746, 0.5085], [121.5747, 0.5084], [121.5748, 0.5083], [121.5749, 0.5081], [121.5749, 0.508], [121.5748, 0.5079], [121.5748, 0.5078], [121.5746, 0.5077], [121.5744, 0.5077], [121.5742, 0.5077], [121.5741, 0.5076], [121.5737, 0.5076], [121.5735, 0.5076], [121.5734, 0.5076], [121.5731, 0.5076], [121.573, 0.5077], [121.5728, 0.5079], [121.5728, 0.508], [121.573, 0.5082], [121.5734, 0.5084], [121.5738, 0.5086], [121.5741, 0.5086], [121.5742, 0.5086]]], [[[121.5644, 0.4858], [121.5644, 0.4836], [121.5629, 0.4825], [121.5628, 0.4823], [121.5627, 0.4821], [121.5625, 0.4819], [121.5621, 0.4814], [121.562, 0.4813], [121.562, 0.4809], [121.5621, 0.4807], [121.5623, 0.4805], [121.5626, 0.4805], [121.563, 0.4806], [121.5634, 0.4809], [121.5635, 0.4812], [121.5636, 0.4812], [121.5637, 0.4815], [121.5637, 0.4816], [121.5639, 0.4818], [121.5641, 0.4819], [121.5642, 0.4819], [121.5645, 0.4821], [121.5648, 0.4821], [121.5649, 0.4821], [121.5651, 0.482], [121.5653, 0.4816], [121.5655, 0.4811], [121.5656, 0.4808], [121.5657, 0.4803], [121.5657, 0.4801], [121.5657, 0.4797], [121.5656, 0.4795], [121.5655, 0.4792], [121.5653, 0.4788], [121.5648, 0.4786], [121.5643, 0.4783], [121.5639, 0.4782], [121.5637, 0.4781], [121.5633, 0.4778], [121.5629, 0.4775], [121.5625, 0.4772], [121.5618, 0.4756], [121.5608, 0.475], [121.5608, 0.4748], [121.5608, 0.4746], [121.5608, 0.4743], [121.5607, 0.474], [121.5607, 0.4737], [121.5606, 0.4735], [121.5604, 0.4734], [121.5602, 0.4736], [121.56, 0.4741], [121.5599, 0.4743], [121.5598, 0.4747], [121.5598, 0.4749], [121.5598, 0.4752], [121.5596, 0.4756], [121.5596, 0.4758], [121.5596, 0.4761], [121.5596, 0.4763], [121.5596, 0.4765], [121.5595, 0.4767], [121.5593, 0.477], [121.5591, 0.4773], [121.559, 0.4777], [121.5588, 0.4784], [121.5588, 0.4785], [121.5587, 0.4786], [121.5585, 0.4788], [121.5584, 0.4789], [121.5582, 0.479], [121.5577, 0.4789], [121.5575, 0.4789], [121.5573, 0.4789], [121.5568, 0.479], [121.5567, 0.4791], [121.5564, 0.4794], [121.5563, 0.4795], [121.5561, 0.4797], [121.5559, 0.4799], [121.5557, 0.4802], [121.5557, 0.4804], [121.5557, 0.4806], [121.5557, 0.4808], [121.5558, 0.4812], [121.5558, 0.4816], [121.5558, 0.4817], [121.5558, 0.4819], [121.5557, 0.4821], [121.5554, 0.4821], [121.555, 0.4819], [121.5546, 0.4818], [121.5545, 0.4817], [121.554, 0.4816], [121.5537, 0.4816], [121.5536, 0.4816], [121.5531, 0.4818], [121.553, 0.4821], [121.5528, 0.4824], [121.5528, 0.4827], [121.5528, 0.4828], [121.5527, 0.4831], [121.5527, 0.4834], [121.5527, 0.4835], [121.5528, 0.4839], [121.5529, 0.484], [121.553, 0.4841], [121.5532, 0.4842], [121.5534, 0.4843], [121.5536, 0.4845], [121.5538, 0.4847], [121.5539, 0.4849], [121.554, 0.485], [121.5541, 0.4851], [121.5542, 0.4853], [121.5544, 0.4855], [121.5546, 0.4855], [121.5548, 0.4856], [121.555, 0.4856], [121.5557, 0.4854], [121.556, 0.485], [121.5562, 0.4845], [121.5565, 0.4842], [121.5567, 0.4841], [121.5569, 0.4841], [121.5574, 0.4844], [121.5576, 0.4846], [121.5578, 0.4848], [121.5581, 0.4849], [121.5582, 0.4851], [121.5586, 0.4853], [121.5593, 0.4871], [121.5612, 0.4871], [121.5637, 0.4865], [121.5644, 0.4858]]], [[[121.5596, 0.4597], [121.5591, 0.4595], [121.5582, 0.4599], [121.5567, 0.4618], [121.5564, 0.4631], [121.5563, 0.464], [121.5571, 0.4643], [121.5587, 0.4642], [121.5593, 0.4637], [121.5604, 0.4625], [121.5604, 0.461], [121.5596, 0.4597]]], [[[121.5514, 0.5151], [121.5515, 0.5156], [121.5522, 0.5162], [121.5537, 0.5173], [121.5551, 0.5176], [121.5564, 0.5175], [121.557, 0.5168], [121.557, 0.5159], [121.5561, 0.5155], [121.5549, 0.5145], [121.5535, 0.5142], [121.5522, 0.5142], [121.5517, 0.5145], [121.5514, 0.5151]]], [[[121.5469, 0.5284], [121.547, 0.5289], [121.5473, 0.5291], [121.5478, 0.5291], [121.5483, 0.5283], [121.548, 0.5278], [121.5474, 0.5277], [121.5469, 0.5279], [121.5469, 0.5284]]], [[[121.5408, 0.5211], [121.5408, 0.5208], [121.5407, 0.5207], [121.5405, 0.5205], [121.5402, 0.5204], [121.54, 0.5203], [121.5397, 0.5203], [121.5391, 0.5203], [121.5388, 0.5206], [121.5388, 0.5209], [121.5389, 0.5209], [121.539, 0.5209], [121.5393, 0.5209], [121.5396, 0.5209], [121.5397, 0.5209], [121.54, 0.5212], [121.5403, 0.5212], [121.5406, 0.5213], [121.5408, 0.5212], [121.5408, 0.5211]]], [[[121.5373, 0.5378], [121.5371, 0.5378], [121.537, 0.5379], [121.5367, 0.5379], [121.5366, 0.538], [121.5362, 0.5381], [121.536, 0.5382], [121.5357, 0.5384], [121.5359, 0.5388], [121.5359, 0.5389], [121.536, 0.539], [121.536, 0.5393], [121.5363, 0.5397], [121.5369, 0.5397], [121.5376, 0.5393], [121.5378, 0.5388], [121.5375, 0.538], [121.5374, 0.5379], [121.5373, 0.5378]]], [[[121.5312, 0.4957], [121.5311, 0.4957], [121.5309, 0.4957], [121.5309, 0.4958], [121.5309, 0.4959], [121.531, 0.496], [121.5311, 0.496], [121.5312, 0.496], [121.5312, 0.4959], [121.5312, 0.4958], [121.5312, 0.4957]]], [[[121.5306, 0.4764], [121.5302, 0.4764], [121.53, 0.4764], [121.5298, 0.4764], [121.5297, 0.4764], [121.5295, 0.4764], [121.5293, 0.4765], [121.5293, 0.4767], [121.5294, 0.4769], [121.5294, 0.4772], [121.5296, 0.4773], [121.5298, 0.4774], [121.5299, 0.4774], [121.53, 0.4774], [121.5302, 0.4775], [121.5303, 0.4776], [121.5305, 0.4778], [121.5306, 0.4778], [121.5307, 0.4778], [121.5308, 0.4778], [121.531, 0.4778], [121.531, 0.4773], [121.531, 0.4772], [121.531, 0.477], [121.531, 0.4768], [121.5309, 0.4767], [121.5309, 0.4766], [121.5307, 0.4765], [121.5306, 0.4764]]], [[[121.5299, 0.497], [121.5298, 0.497], [121.5297, 0.497], [121.5297, 0.4972], [121.5298, 0.4973], [121.5299, 0.4972], [121.53, 0.4972], [121.53, 0.497], [121.5299, 0.497]]], [[[121.5293, 0.4912], [121.5292, 0.491], [121.529, 0.4911], [121.5289, 0.4911], [121.5289, 0.4913], [121.529, 0.4913], [121.5292, 0.4913], [121.5293, 0.4912]]], [[[121.5267, 0.5437], [121.5266, 0.5438], [121.5264, 0.5442], [121.5266, 0.5445], [121.5267, 0.5446], [121.5271, 0.5449], [121.5276, 0.5449], [121.5284, 0.5446], [121.5282, 0.544], [121.528, 0.5438], [121.5267, 0.5437]]], [[[121.5278, 0.499], [121.5276, 0.499], [121.5275, 0.499], [121.5274, 0.4991], [121.5274, 0.4992], [121.5275, 0.4994], [121.5276, 0.4995], [121.5278, 0.4994], [121.5279, 0.4994], [121.5279, 0.4993], [121.5279, 0.4992], [121.5278, 0.499]]], [[[121.5256, 0.5423], [121.5263, 0.5422], [121.5271, 0.5422], [121.5275, 0.5419], [121.5275, 0.5411], [121.5266, 0.5409], [121.5257, 0.5408], [121.5242, 0.5407], [121.5237, 0.5412], [121.5231, 0.5422], [121.5234, 0.5429], [121.5247, 0.5434], [121.5252, 0.5431], [121.5256, 0.5423]]], [[[121.527, 0.4924], [121.5269, 0.4924], [121.5268, 0.4925], [121.5267, 0.4925], [121.5267, 0.4926], [121.5267, 0.4928], [121.5267, 0.4929], [121.5269, 0.4929], [121.5269, 0.493], [121.527, 0.493], [121.5271, 0.493], [121.5272, 0.4929], [121.5273, 0.4928], [121.5273, 0.4927], [121.5272, 0.4925], [121.527, 0.4924]]], [[[121.5271, 0.536], [121.5268, 0.5353], [121.5265, 0.5353], [121.526, 0.5344], [121.5258, 0.5337], [121.5257, 0.5333], [121.5255, 0.5325], [121.5252, 0.5322], [121.5247, 0.5322], [121.524, 0.5319], [121.5234, 0.5322], [121.523, 0.5328], [121.5229, 0.533], [121.5225, 0.5334], [121.5222, 0.534], [121.5221, 0.5341], [121.5219, 0.5345], [121.522, 0.5355], [121.5221, 0.5363], [121.5229, 0.5366], [121.5234, 0.537], [121.5234, 0.5377], [121.5234, 0.5382], [121.524, 0.5387], [121.5245, 0.5388], [121.5252, 0.5392], [121.5261, 0.5389], [121.5259, 0.5381], [121.5262, 0.5373], [121.5267, 0.537], [121.5271, 0.536]]], [[[121.525, 0.5456], [121.5251, 0.5458], [121.5255, 0.5458], [121.5259, 0.5457], [121.5262, 0.5454], [121.5261, 0.545], [121.526, 0.5447], [121.526, 0.5445], [121.5258, 0.5445], [121.5257, 0.5444], [121.5255, 0.5444], [121.5254, 0.5445], [121.5252, 0.5446], [121.5251, 0.5452], [121.525, 0.5456]]], [[[121.519, 0.4904], [121.5192, 0.4904], [121.5193, 0.4904], [121.5195, 0.4905], [121.5197, 0.4904], [121.5198, 0.4904], [121.52, 0.4903], [121.5201, 0.4903], [121.5202, 0.4902], [121.5206, 0.4901], [121.5208, 0.4901], [121.521, 0.4901], [121.5211, 0.49], [121.5212, 0.4899], [121.5214, 0.4899], [121.5215, 0.4897], [121.5216, 0.4896], [121.5217, 0.4895], [121.522, 0.4893], [121.5222, 0.4893], [121.5224, 0.4891], [121.5225, 0.489], [121.5227, 0.4889], [121.5228, 0.4888], [121.5229, 0.4887], [121.523, 0.4887], [121.5231, 0.4887], [121.5233, 0.4887], [121.5237, 0.4886], [121.5239, 0.4885], [121.524, 0.4884], [121.5241, 0.4883], [121.5243, 0.4882], [121.5244, 0.4881], [121.5244, 0.488], [121.5246, 0.4875], [121.5247, 0.4873], [121.5247, 0.4871], [121.5248, 0.4869], [121.5249, 0.4867], [121.5249, 0.4865], [121.5249, 0.4863], [121.5249, 0.4862], [121.525, 0.4857], [121.5251, 0.4856], [121.5252, 0.4854], [121.5252, 0.4853], [121.5253, 0.4852], [121.5253, 0.4851], [121.5254, 0.485], [121.5255, 0.4849], [121.5256, 0.4848], [121.5256, 0.4847], [121.5256, 0.4846], [121.5256, 0.4845], [121.5257, 0.4844], [121.5259, 0.4843], [121.526, 0.4842], [121.5261, 0.4841], [121.5261, 0.4839], [121.5261, 0.4838], [121.5261, 0.4837], [121.5261, 0.4835], [121.5262, 0.4835], [121.5262, 0.4834], [121.5262, 0.4828], [121.5261, 0.4825], [121.5261, 0.4824], [121.526, 0.4823], [121.5258, 0.4818], [121.5258, 0.4816], [121.5256, 0.4814], [121.5255, 0.4813], [121.5254, 0.4812], [121.5253, 0.4811], [121.5252, 0.481], [121.5251, 0.4808], [121.525, 0.4806], [121.5249, 0.4806], [121.5248, 0.4806], [121.5246, 0.4805], [121.5244, 0.4805], [121.5241, 0.4805], [121.5239, 0.4806], [121.5238, 0.4806], [121.5237, 0.4806], [121.5236, 0.4806], [121.5234, 0.4806], [121.5232, 0.4806], [121.5231, 0.4807], [121.523, 0.4808], [121.5228, 0.4808], [121.5227, 0.4808], [121.5226, 0.4808], [121.5225, 0.4806], [121.5224, 0.4805], [121.5223, 0.4805], [121.5219, 0.4807], [121.5218, 0.4808], [121.5216, 0.4809], [121.5215, 0.481], [121.5214, 0.481], [121.5212, 0.4812], [121.5209, 0.4814], [121.5208, 0.4815], [121.5206, 0.4816], [121.5205, 0.4817], [121.5203, 0.4819], [121.5202, 0.482], [121.5199, 0.4821], [121.5198, 0.4822], [121.5197, 0.4823], [121.5192, 0.4828], [121.5192, 0.4829], [121.5191, 0.4831], [121.519, 0.4832], [121.5189, 0.4833], [121.5187, 0.4834], [121.5184, 0.4834], [121.5183, 0.4834], [121.5182, 0.4835], [121.5182, 0.4836], [121.5182, 0.4837], [121.5182, 0.4839], [121.518, 0.4839], [121.5178, 0.484], [121.5176, 0.4842], [121.5176, 0.4843], [121.5176, 0.4844], [121.5175, 0.4845], [121.5174, 0.4845], [121.5172, 0.4847], [121.5169, 0.4848], [121.5169, 0.4849], [121.5167, 0.485], [121.5165, 0.485], [121.5163, 0.4851], [121.5162, 0.4852], [121.5161, 0.4852], [121.516, 0.4853], [121.5158, 0.4854], [121.5157, 0.4855], [121.5156, 0.4856], [121.5154, 0.4858], [121.5154, 0.486], [121.5154, 0.4861], [121.5153, 0.4862], [121.5151, 0.4863], [121.515, 0.4864], [121.5149, 0.4865], [121.5148, 0.4868], [121.5147, 0.487], [121.5147, 0.4871], [121.5147, 0.4873], [121.5147, 0.4875], [121.5147, 0.4877], [121.5146, 0.4884], [121.5146, 0.4885], [121.5147, 0.4887], [121.5148, 0.4888], [121.5149, 0.4889], [121.5151, 0.4893], [121.5152, 0.4894], [121.5154, 0.4895], [121.5156, 0.4896], [121.5158, 0.4896], [121.516, 0.4897], [121.5162, 0.4897], [121.5164, 0.4898], [121.5165, 0.4899], [121.5167, 0.4899], [121.517, 0.49], [121.5171, 0.4901], [121.5173, 0.4901], [121.5181, 0.4903], [121.5184, 0.4904], [121.5185, 0.4904], [121.5187, 0.4905], [121.5189, 0.4905], [121.519, 0.4904]]], [[[121.5231, 0.5196], [121.5224, 0.5196], [121.521, 0.5198], [121.5209, 0.5201], [121.5207, 0.5206], [121.5207, 0.5209], [121.5205, 0.5221], [121.5211, 0.5226], [121.522, 0.5223], [121.5231, 0.5215], [121.5238, 0.5198], [121.5231, 0.5196]]], [[[121.5163, 0.4348], [121.5159, 0.4349], [121.515, 0.4359], [121.5149, 0.4369], [121.5151, 0.438], [121.516, 0.4388], [121.5175, 0.4395], [121.519, 0.4403], [121.52, 0.4403], [121.5207, 0.4397], [121.5214, 0.4387], [121.5214, 0.438], [121.5201, 0.4364], [121.52, 0.4362], [121.5199, 0.436], [121.5197, 0.4358], [121.5195, 0.4356], [121.5192, 0.4355], [121.519, 0.4355], [121.5186, 0.4354], [121.5183, 0.4354], [121.5181, 0.4354], [121.5177, 0.4353], [121.5173, 0.4352], [121.5168, 0.435], [121.5166, 0.4349], [121.5163, 0.4348]]], [[[121.5119, 0.487], [121.5123, 0.4867], [121.513, 0.4867], [121.5133, 0.486], [121.5131, 0.485], [121.5131, 0.4847], [121.5131, 0.4845], [121.513, 0.4844], [121.5125, 0.484], [121.5117, 0.484], [121.5106, 0.484], [121.5102, 0.4845], [121.5099, 0.4855], [121.5104, 0.4865], [121.5111, 0.4869], [121.5119, 0.487]]], [[[121.5009, 0.4375], [121.5018, 0.4373], [121.5028, 0.4373], [121.504, 0.4365], [121.504, 0.4354], [121.5027, 0.4347], [121.5024, 0.4347], [121.5014, 0.4355], [121.5003, 0.4358], [121.4998, 0.4358], [121.4994, 0.4364], [121.4992, 0.4374], [121.4999, 0.4379], [121.5009, 0.4375]]], [[[121.4432, 0.4153], [121.4429, 0.4152], [121.4427, 0.4152], [121.4424, 0.4153], [121.4422, 0.4154], [121.4421, 0.4154], [121.442, 0.4156], [121.4419, 0.4157], [121.4418, 0.416], [121.4417, 0.4161], [121.4417, 0.4162], [121.4417, 0.4164], [121.4416, 0.4166], [121.4416, 0.4168], [121.4416, 0.417], [121.4416, 0.4173], [121.4417, 0.4176], [121.4418, 0.4179], [121.442, 0.418], [121.4422, 0.4182], [121.4424, 0.4183], [121.4427, 0.4184], [121.4431, 0.4185], [121.4433, 0.4185], [121.4436, 0.4186], [121.4438, 0.4187], [121.4442, 0.4188], [121.4446, 0.4189], [121.4449, 0.419], [121.4453, 0.419], [121.4456, 0.4191], [121.4458, 0.4191], [121.4462, 0.419], [121.4467, 0.4189], [121.4469, 0.4188], [121.4471, 0.4186], [121.4472, 0.4185], [121.4473, 0.4183], [121.4473, 0.4181], [121.4473, 0.418], [121.4473, 0.4177], [121.4472, 0.4175], [121.447, 0.4172], [121.4469, 0.4171], [121.4467, 0.4169], [121.4464, 0.4166], [121.446, 0.4163], [121.4457, 0.4162], [121.4452, 0.416], [121.4448, 0.4159], [121.4446, 0.4157], [121.4443, 0.4156], [121.444, 0.4155], [121.4437, 0.4154], [121.4435, 0.4153], [121.4432, 0.4153]]], [[[121.4378, 0.4738], [121.438, 0.4737], [121.4382, 0.4738], [121.4384, 0.4739], [121.4386, 0.4739], [121.4388, 0.4737], [121.4388, 0.4736], [121.4389, 0.4734], [121.439, 0.4733], [121.439, 0.4731], [121.439, 0.4729], [121.439, 0.4728], [121.439, 0.4727], [121.439, 0.4724], [121.439, 0.4722], [121.439, 0.472], [121.4389, 0.4719], [121.4389, 0.4717], [121.4388, 0.4714], [121.4388, 0.4713], [121.4387, 0.471], [121.4386, 0.4707], [121.4384, 0.4706], [121.4383, 0.4705], [121.4381, 0.4705], [121.438, 0.4706], [121.4379, 0.4707], [121.4379, 0.4709], [121.4379, 0.471], [121.4379, 0.4712], [121.438, 0.4714], [121.4381, 0.4716], [121.4382, 0.4717], [121.4383, 0.4718], [121.4384, 0.4719], [121.4384, 0.472], [121.4383, 0.472], [121.4383, 0.4721], [121.4382, 0.4723], [121.4382, 0.4725], [121.4383, 0.4727], [121.4383, 0.4728], [121.4383, 0.4729], [121.4384, 0.473], [121.4383, 0.4731], [121.4383, 0.4732], [121.4381, 0.4733], [121.438, 0.4733], [121.4377, 0.4733], [121.4377, 0.4734], [121.4376, 0.4735], [121.4375, 0.4735], [121.4374, 0.4733], [121.4374, 0.4731], [121.4374, 0.473], [121.4375, 0.4728], [121.4376, 0.4727], [121.4376, 0.4725], [121.4375, 0.4723], [121.4375, 0.4722], [121.4373, 0.4722], [121.4372, 0.4721], [121.4371, 0.4721], [121.437, 0.472], [121.4369, 0.4719], [121.4367, 0.4716], [121.4367, 0.4713], [121.4368, 0.4712], [121.4368, 0.4709], [121.4366, 0.4708], [121.4363, 0.4706], [121.4361, 0.4705], [121.4359, 0.4706], [121.4359, 0.4709], [121.4359, 0.4714], [121.4359, 0.4716], [121.436, 0.4717], [121.4361, 0.4719], [121.4363, 0.4722], [121.4365, 0.4722], [121.4366, 0.4724], [121.4368, 0.4725], [121.4369, 0.4727], [121.4369, 0.4729], [121.4369, 0.473], [121.4367, 0.473], [121.4366, 0.4731], [121.4366, 0.4732], [121.4366, 0.4734], [121.4368, 0.4735], [121.4369, 0.4736], [121.4371, 0.4736], [121.4372, 0.4737], [121.4373, 0.4739], [121.4374, 0.474], [121.4375, 0.474], [121.4377, 0.4739], [121.4378, 0.4738]]], [[[121.4193, 0.4136], [121.4194, 0.4148], [121.4216, 0.4157], [121.4249, 0.4155], [121.4259, 0.4145], [121.4256, 0.413], [121.4256, 0.4129], [121.4255, 0.4126], [121.4254, 0.4124], [121.4235, 0.4124], [121.4209, 0.4129], [121.4193, 0.4136]]], [[[121.4138, 0.4839], [121.4137, 0.4836], [121.4134, 0.4836], [121.4131, 0.4837], [121.413, 0.4839], [121.4129, 0.4841], [121.413, 0.4844], [121.4134, 0.4844], [121.4138, 0.4843], [121.4138, 0.4839]]]]}}], "type": "FeatureCollection"}