{"crs": {}, "features": [{"properties": null, "type": "Feature", "geometry": {"type": "MultiPolygon", "coordinates": [[[[119.492, -3.484], [119.4919, -3.484], [119.4915, -3.484], [119.4911, -3.4841], [119.4906, -3.484], [119.49, -3.4839], [119.4893, -3.4837], [119.4886, -3.4837], [119.4882, -3.4838], [119.488, -3.4839], [119.4877, -3.4842], [119.4876, -3.4845], [119.4871, -3.4848], [119.4867, -3.4853], [119.4863, -3.4857], [119.4861, -3.4859], [119.4859, -3.4863], [119.4854, -3.4871], [119.4853, -3.4874], [119.485, -3.4879], [119.4847, -3.4885], [119.4845, -3.4893], [119.4845, -3.4895], [119.4844, -3.49], [119.4844, -3.4907], [119.4844, -3.4909], [119.4844, -3.4914], [119.4845, -3.4918], [119.4844, -3.4926], [119.4843, -3.4927], [119.4842, -3.4933], [119.4839, -3.4938], [119.4836, -3.494], [119.4832, -3.4942], [119.4827, -3.4943], [119.4822, -3.494], [119.4818, -3.4939], [119.4816, -3.4938], [119.4812, -3.4938], [119.4807, -3.4935], [119.4804, -3.4936], [119.48, -3.4936], [119.4797, -3.4937], [119.4793, -3.4939], [119.4791, -3.4941], [119.4788, -3.4946], [119.4789, -3.4951], [119.4791, -3.4953], [119.4793, -3.4953], [119.4794, -3.4955], [119.4794, -3.4956], [119.4799, -3.4959], [119.4804, -3.4962], [119.4807, -3.4966], [119.4808, -3.497], [119.4807, -3.4975], [119.4806, -3.4978], [119.4803, -3.4981], [119.4802, -3.4982], [119.48, -3.4984], [119.4796, -3.4985], [119.4791, -3.4985], [119.4787, -3.4985], [119.4784, -3.4986], [119.4781, -3.4989], [119.4779, -3.4994], [119.4779, -3.4997], [119.4783, -3.5], [119.4785, -3.5002], [119.4786, -3.5003], [119.4788, -3.5006], [119.4789, -3.5008], [119.4788, -3.5011], [119.4789, -3.5012], [119.4787, -3.5014], [119.4786, -3.5015], [119.4784, -3.5016], [119.4782, -3.5017], [119.478, -3.5017], [119.4779, -3.5017], [119.4778, -3.5017], [119.4776, -3.5016], [119.4774, -3.5016], [119.4773, -3.5016], [119.4771, -3.5014], [119.4768, -3.5012], [119.4764, -3.5011], [119.4762, -3.501], [119.476, -3.501], [119.4758, -3.501], [119.4755, -3.5011], [119.4753, -3.5012], [119.4753, -3.5014], [119.4751, -3.5015], [119.4749, -3.5018], [119.4746, -3.5022], [119.4744, -3.5027], [119.4741, -3.5029], [119.473, -3.5016], [119.4726, -3.501], [119.4724, -3.5005], [119.4721, -3.5001], [119.4717, -3.4995], [119.471, -3.4988], [119.4697, -3.497], [119.4683, -3.4954], [119.4667, -3.4934], [119.4654, -3.4918], [119.4645, -3.4905], [119.4633, -3.4885], [119.4629, -3.4879], [119.4615, -3.4861], [119.4598, -3.4844], [119.4591, -3.4837], [119.4585, -3.4832], [119.4579, -3.4827], [119.4572, -3.4821], [119.4566, -3.4818], [119.4563, -3.4815], [119.4559, -3.4813], [119.4557, -3.4812], [119.4554, -3.481], [119.4552, -3.4807], [119.455, -3.4805], [119.4547, -3.4802], [119.4542, -3.4797], [119.4539, -3.4794], [119.4537, -3.4792], [119.4534, -3.4789], [119.4531, -3.4786], [119.4529, -3.4785], [119.4527, -3.4784], [119.4524, -3.4782], [119.4522, -3.4781], [119.452, -3.478], [119.4518, -3.4778], [119.4515, -3.4776], [119.4503, -3.4771], [119.4502, -3.477], [119.4497, -3.4767], [119.4494, -3.4766], [119.4488, -3.4765], [119.448, -3.4763], [119.4474, -3.4763], [119.4469, -3.4763], [119.4462, -3.4764], [119.4455, -3.4764], [119.445, -3.4763], [119.4443, -3.4764], [119.4439, -3.4767], [119.4435, -3.477], [119.4431, -3.4772], [119.4428, -3.4776], [119.4425, -3.4779], [119.4422, -3.478], [119.4421, -3.4782], [119.4422, -3.4784], [119.4425, -3.4786], [119.4426, -3.4789], [119.4425, -3.4793], [119.4424, -3.4808], [119.4424, -3.4815], [119.4423, -3.4821], [119.4422, -3.4825], [119.4422, -3.4831], [119.4421, -3.4836], [119.4419, -3.4839], [119.4417, -3.4841], [119.4415, -3.484], [119.4414, -3.4835], [119.4414, -3.4831], [119.4411, -3.4828], [119.441, -3.4826], [119.441, -3.4822], [119.4409, -3.4818], [119.4408, -3.4816], [119.4407, -3.4811], [119.4404, -3.4801], [119.4401, -3.4791], [119.4398, -3.4783], [119.4392, -3.4777], [119.4387, -3.4771], [119.4382, -3.4764], [119.4378, -3.476], [119.4374, -3.4756], [119.437, -3.4752], [119.4367, -3.4751], [119.4364, -3.4746], [119.4361, -3.4743], [119.4359, -3.4741], [119.4356, -3.4739], [119.4354, -3.4738], [119.4352, -3.4741], [119.4349, -3.4743], [119.4345, -3.4744], [119.4342, -3.4744], [119.434, -3.4747], [119.434, -3.475], [119.4338, -3.4752], [119.4337, -3.4752], [119.4332, -3.4751], [119.4329, -3.475], [119.4325, -3.475], [119.4322, -3.475], [119.4318, -3.475], [119.4315, -3.4753], [119.4312, -3.4755], [119.431, -3.4752], [119.4308, -3.475], [119.4307, -3.4747], [119.4307, -3.4745], [119.4308, -3.4741], [119.431, -3.474], [119.4311, -3.4736], [119.4311, -3.4731], [119.4307, -3.4728], [119.4301, -3.472], [119.4296, -3.4716], [119.4292, -3.4718], [119.4287, -3.472], [119.4283, -3.4723], [119.4277, -3.4727], [119.4273, -3.4727], [119.4268, -3.4727], [119.4264, -3.4727], [119.4266, -3.4725], [119.4269, -3.4722], [119.4273, -3.4719], [119.4274, -3.4717], [119.4274, -3.4711], [119.4275, -3.4686], [119.4276, -3.4665], [119.4276, -3.4663], [119.4276, -3.4658], [119.4276, -3.465], [119.4276, -3.4642], [119.4275, -3.4637], [119.4274, -3.4632], [119.4274, -3.463], [119.4272, -3.4625], [119.4272, -3.4618], [119.4273, -3.4613], [119.4275, -3.4608], [119.4281, -3.4599], [119.4278, -3.4596], [119.4273, -3.4598], [119.427, -3.4596], [119.4269, -3.4593], [119.4266, -3.4592], [119.4262, -3.4592], [119.4257, -3.4594], [119.4255, -3.4594], [119.4252, -3.4593], [119.4251, -3.4593], [119.4249, -3.4592], [119.4246, -3.4591], [119.4244, -3.4591], [119.4242, -3.4591], [119.4239, -3.459], [119.4234, -3.4578], [119.4227, -3.4575], [119.4224, -3.4575], [119.4221, -3.4575], [119.4215, -3.4576], [119.4209, -3.4577], [119.4204, -3.4578], [119.4201, -3.4579], [119.4198, -3.458], [119.4195, -3.4581], [119.4192, -3.4582], [119.4189, -3.4585], [119.4183, -3.459], [119.4177, -3.4594], [119.4174, -3.4599], [119.4171, -3.4603], [119.4167, -3.4605], [119.4164, -3.4607], [119.4158, -3.461], [119.4157, -3.4615], [119.4155, -3.4616], [119.4152, -3.4616], [119.4148, -3.4616], [119.4146, -3.4617], [119.4146, -3.4618], [119.4148, -3.4619], [119.4156, -3.4619], [119.4164, -3.4619], [119.4165, -3.4621], [119.4166, -3.4623], [119.4168, -3.4624], [119.4168, -3.4626], [119.4169, -3.4627], [119.417, -3.4629], [119.4169, -3.4629], [119.4169, -3.4631], [119.4169, -3.4634], [119.4168, -3.4636], [119.4167, -3.4638], [119.4165, -3.4639], [119.4162, -3.464], [119.4156, -3.4641], [119.4152, -3.4643], [119.415, -3.4642], [119.4148, -3.4643], [119.4146, -3.4643], [119.4144, -3.4644], [119.414, -3.4646], [119.4139, -3.4647], [119.4139, -3.465], [119.414, -3.4654], [119.4138, -3.4659], [119.4133, -3.4658], [119.4131, -3.4658], [119.4128, -3.4658], [119.4127, -3.466], [119.4126, -3.4661], [119.4126, -3.4662], [119.4124, -3.4662], [119.4123, -3.4663], [119.4121, -3.4663], [119.4119, -3.4662], [119.4117, -3.4665], [119.4114, -3.4667], [119.4111, -3.4666], [119.4108, -3.4664], [119.4105, -3.4662], [119.4101, -3.4659], [119.4097, -3.4659], [119.4092, -3.4657], [119.4083, -3.4652], [119.4076, -3.4651], [119.4069, -3.4651], [119.4062, -3.4647], [119.4057, -3.4644], [119.4054, -3.4642], [119.4046, -3.464], [119.4039, -3.4635], [119.4035, -3.4631], [119.4033, -3.4627], [119.4037, -3.4621], [119.4043, -3.4616], [119.4038, -3.4614], [119.4032, -3.4611], [119.4027, -3.4607], [119.4022, -3.4602], [119.4018, -3.4599], [119.4014, -3.4596], [119.401, -3.4591], [119.4012, -3.4586], [119.4007, -3.4582], [119.4004, -3.4581], [119.4003, -3.4581], [119.3998, -3.4578], [119.3993, -3.4575], [119.3992, -3.4574], [119.3985, -3.4572], [119.3979, -3.4568], [119.3972, -3.4566], [119.3968, -3.4565], [119.3958, -3.4561], [119.3951, -3.4562], [119.3947, -3.4562], [119.3943, -3.4563], [119.3938, -3.4563], [119.3933, -3.4564], [119.3929, -3.4565], [119.3924, -3.4566], [119.3917, -3.4566], [119.391, -3.4567], [119.3905, -3.4569], [119.3899, -3.457], [119.3896, -3.457], [119.3892, -3.4568], [119.3889, -3.4567], [119.3886, -3.4564], [119.3884, -3.4561], [119.3882, -3.4558], [119.388, -3.4554], [119.3877, -3.455], [119.3876, -3.4545], [119.3877, -3.454], [119.3878, -3.4536], [119.3879, -3.4532], [119.388, -3.4531], [119.3879, -3.453], [119.388, -3.453], [119.388, -3.4529], [119.3881, -3.4527], [119.3881, -3.4526], [119.3881, -3.4525], [119.3881, -3.4524], [119.3881, -3.4523], [119.3881, -3.4522], [119.3881, -3.452], [119.3881, -3.4519], [119.3881, -3.4518], [119.388, -3.4516], [119.3879, -3.4513], [119.3878, -3.4511], [119.3876, -3.4507], [119.3874, -3.4504], [119.3872, -3.45], [119.3869, -3.4499], [119.3865, -3.4498], [119.3861, -3.4499], [119.3858, -3.45], [119.3854, -3.45], [119.3851, -3.4501], [119.3846, -3.4503], [119.3842, -3.4507], [119.3839, -3.4512], [119.3836, -3.4514], [119.3834, -3.4517], [119.3831, -3.4519], [119.3828, -3.4522], [119.3823, -3.4524], [119.3819, -3.4525], [119.3816, -3.4524], [119.3814, -3.4525], [119.3812, -3.4525], [119.3811, -3.4526], [119.3809, -3.4527], [119.3807, -3.4529], [119.3805, -3.453], [119.3804, -3.453], [119.3802, -3.4532], [119.3801, -3.4533], [119.38, -3.4533], [119.3799, -3.4534], [119.3795, -3.4535], [119.3792, -3.4536], [119.3789, -3.4537], [119.3785, -3.4537], [119.3781, -3.4536], [119.3778, -3.4537], [119.3775, -3.4538], [119.3774, -3.4541], [119.3773, -3.4544], [119.3772, -3.4545], [119.3772, -3.4546], [119.377, -3.4546], [119.3769, -3.4548], [119.3768, -3.455], [119.3776, -3.4556], [119.3781, -3.4564], [119.3782, -3.4569], [119.3783, -3.4573], [119.3785, -3.4578], [119.3788, -3.4579], [119.3792, -3.4583], [119.3797, -3.4587], [119.38, -3.4591], [119.3804, -3.4593], [119.3806, -3.4595], [119.3808, -3.4597], [119.3813, -3.4602], [119.3812, -3.4606], [119.3811, -3.4608], [119.381, -3.4611], [119.3808, -3.4611], [119.3806, -3.461], [119.3805, -3.4607], [119.3803, -3.4606], [119.3802, -3.4603], [119.38, -3.4602], [119.3798, -3.4602], [119.3797, -3.46], [119.3793, -3.4597], [119.3791, -3.4594], [119.3787, -3.4591], [119.3784, -3.4588], [119.3782, -3.4585], [119.3778, -3.4587], [119.3774, -3.4587], [119.377, -3.459], [119.3765, -3.4587], [119.3765, -3.4584], [119.3768, -3.4583], [119.3772, -3.4582], [119.3773, -3.4581], [119.3768, -3.458], [119.3765, -3.4579], [119.3761, -3.4575], [119.3758, -3.4574], [119.3754, -3.4574], [119.3748, -3.4578], [119.3747, -3.458], [119.375, -3.458], [119.3753, -3.4579], [119.3754, -3.4581], [119.3755, -3.4582], [119.3755, -3.4583], [119.3755, -3.4586], [119.3753, -3.4588], [119.3751, -3.4588], [119.375, -3.4587], [119.3747, -3.4587], [119.3746, -3.4589], [119.3747, -3.459], [119.3749, -3.4592], [119.3758, -3.4595], [119.3757, -3.4595], [119.3748, -3.4595], [119.3746, -3.4594], [119.3745, -3.4596], [119.3752, -3.4599], [119.3757, -3.46], [119.376, -3.4602], [119.3758, -3.4605], [119.3755, -3.4606], [119.3753, -3.4606], [119.3755, -3.4608], [119.3754, -3.4611], [119.3755, -3.4614], [119.3755, -3.4618], [119.3753, -3.4621], [119.3752, -3.4623], [119.3749, -3.4626], [119.3747, -3.4627], [119.3745, -3.4629], [119.3745, -3.4631], [119.3744, -3.4632], [119.3742, -3.4634], [119.374, -3.4634], [119.3738, -3.4634], [119.3735, -3.4633], [119.3733, -3.4633], [119.373, -3.4632], [119.3726, -3.4628], [119.3716, -3.4624], [119.3716, -3.4621], [119.3711, -3.4618], [119.3705, -3.4613], [119.3704, -3.4608], [119.3701, -3.4607], [119.3698, -3.4601], [119.3694, -3.4601], [119.369, -3.4595], [119.3688, -3.459], [119.3686, -3.4581], [119.3683, -3.4578], [119.3681, -3.4577], [119.368, -3.4573], [119.368, -3.4566], [119.3681, -3.4557], [119.3678, -3.4547], [119.3676, -3.4542], [119.3675, -3.4538], [119.3671, -3.4533], [119.3665, -3.4528], [119.366, -3.4523], [119.3656, -3.452], [119.365, -3.4514], [119.3644, -3.4512], [119.364, -3.4511], [119.3636, -3.4509], [119.3631, -3.4506], [119.3628, -3.4503], [119.3623, -3.45], [119.3619, -3.4498], [119.3616, -3.4496], [119.3614, -3.4493], [119.3612, -3.4489], [119.361, -3.4487], [119.3609, -3.4485], [119.3605, -3.448], [119.3604, -3.4477], [119.3602, -3.4472], [119.3599, -3.4468], [119.3597, -3.4463], [119.3596, -3.446], [119.3594, -3.4458], [119.3592, -3.4455], [119.3588, -3.445], [119.3583, -3.4446], [119.358, -3.4443], [119.3576, -3.444], [119.3574, -3.4438], [119.3573, -3.4437], [119.3571, -3.4436], [119.357, -3.4434], [119.3568, -3.4433], [119.3567, -3.4432], [119.3565, -3.4431], [119.3565, -3.4429], [119.3563, -3.4428], [119.3561, -3.4426], [119.3556, -3.4421], [119.3552, -3.4418], [119.3549, -3.4415], [119.3544, -3.4412], [119.3538, -3.441], [119.3529, -3.4406], [119.3521, -3.4405], [119.3513, -3.4405], [119.3505, -3.4403], [119.3501, -3.4401], [119.3499, -3.4399], [119.3496, -3.4397], [119.3492, -3.4393], [119.3486, -3.4386], [119.3478, -3.4376], [119.3468, -3.4365], [119.346, -3.4359], [119.3448, -3.435], [119.3445, -3.4348], [119.3441, -3.4344], [119.3437, -3.4341], [119.3432, -3.4339], [119.3428, -3.4336], [119.3423, -3.4334], [119.3419, -3.4333], [119.3413, -3.4331], [119.3408, -3.4329], [119.3407, -3.4329], [119.3405, -3.4329], [119.3401, -3.4327], [119.3396, -3.4326], [119.3391, -3.4324], [119.3385, -3.4324], [119.3376, -3.4322], [119.3368, -3.4322], [119.3361, -3.4322], [119.3353, -3.4322], [119.3346, -3.4323], [119.3336, -3.4328], [119.3332, -3.4329], [119.3327, -3.433], [119.3321, -3.4331], [119.3318, -3.4332], [119.3313, -3.4334], [119.3312, -3.4339], [119.3312, -3.4342], [119.3308, -3.4346], [119.3304, -3.4346], [119.3298, -3.4344], [119.3294, -3.4339], [119.329, -3.4334], [119.3283, -3.433], [119.3276, -3.4326], [119.3271, -3.4325], [119.3267, -3.4323], [119.3264, -3.4321], [119.326, -3.4318], [119.3256, -3.4316], [119.3251, -3.4314], [119.3245, -3.4309], [119.3235, -3.4306], [119.323, -3.4305], [119.3223, -3.4304], [119.3219, -3.4302], [119.3214, -3.4301], [119.321, -3.4298], [119.3206, -3.4294], [119.3203, -3.4291], [119.3196, -3.4287], [119.3192, -3.4285], [119.3188, -3.4283], [119.3183, -3.4282], [119.3179, -3.4281], [119.3176, -3.4279], [119.317, -3.4277], [119.3167, -3.4278], [119.3161, -3.4277], [119.3154, -3.4277], [119.3147, -3.4276], [119.3143, -3.4276], [119.3139, -3.4277], [119.3131, -3.4274], [119.3118, -3.4266], [119.3117, -3.4267], [119.3115, -3.4266], [119.3112, -3.4263], [119.3109, -3.4263], [119.3107, -3.4262], [119.3104, -3.4261], [119.3102, -3.426], [119.3098, -3.4259], [119.3095, -3.4258], [119.3093, -3.4258], [119.3091, -3.4258], [119.309, -3.4258], [119.3087, -3.4257], [119.3085, -3.4256], [119.3083, -3.4255], [119.3081, -3.4254], [119.3079, -3.4254], [119.3076, -3.4254], [119.3074, -3.4254], [119.3073, -3.4253], [119.3071, -3.4252], [119.307, -3.4252], [119.3068, -3.4252], [119.3067, -3.4252], [119.3064, -3.4252], [119.3061, -3.4252], [119.3059, -3.4253], [119.3054, -3.4253], [119.3053, -3.4253], [119.3052, -3.4254], [119.3049, -3.4254], [119.3048, -3.4255], [119.3046, -3.4255], [119.3045, -3.4255], [119.3042, -3.4256], [119.304, -3.4256], [119.3038, -3.4256], [119.3036, -3.4256], [119.3033, -3.4257], [119.3031, -3.4258], [119.3028, -3.4259], [119.3024, -3.426], [119.302, -3.426], [119.3016, -3.4261], [119.301, -3.426], [119.3007, -3.426], [119.3003, -3.4258], [119.3001, -3.4256], [119.3, -3.4254], [119.3, -3.425], [119.2997, -3.425], [119.2995, -3.425], [119.2994, -3.4249], [119.2993, -3.425], [119.2992, -3.425], [119.2992, -3.4252], [119.2991, -3.4255], [119.299, -3.4256], [119.299, -3.4257], [119.299, -3.4258], [119.2991, -3.4258], [119.2992, -3.4259], [119.2994, -3.4259], [119.2996, -3.4259], [119.2997, -3.4259], [119.2997, -3.4261], [119.2998, -3.4262], [119.2998, -3.4263], [119.2997, -3.4264], [119.2995, -3.4263], [119.2994, -3.4263], [119.2993, -3.4263], [119.2992, -3.4264], [119.2989, -3.4265], [119.2984, -3.4267], [119.2982, -3.4268], [119.2977, -3.427], [119.2974, -3.4272], [119.2971, -3.4273], [119.2969, -3.4273], [119.2966, -3.4276], [119.2961, -3.4281], [119.2958, -3.4284], [119.2961, -3.4287], [119.2961, -3.4291], [119.296, -3.4292], [119.2956, -3.4293], [119.2953, -3.4293], [119.2949, -3.4292], [119.2941, -3.4301], [119.2934, -3.4308], [119.2929, -3.4311], [119.2924, -3.4311], [119.2921, -3.4312], [119.2918, -3.4311], [119.291, -3.4308], [119.2904, -3.4308], [119.2895, -3.4307], [119.2894, -3.4305], [119.2889, -3.4304], [119.2888, -3.4302], [119.2882, -3.4301], [119.2881, -3.4295], [119.288, -3.4292], [119.2877, -3.4294], [119.2874, -3.4294], [119.2873, -3.4296], [119.287, -3.4296], [119.2867, -3.4295], [119.2864, -3.4297], [119.2861, -3.43], [119.2859, -3.4297], [119.2858, -3.4294], [119.2855, -3.4294], [119.2853, -3.4296], [119.2854, -3.43], [119.2854, -3.4303], [119.285, -3.4303], [119.2846, -3.4306], [119.2843, -3.4309], [119.2836, -3.4312], [119.283, -3.4319], [119.2823, -3.4327], [119.2819, -3.4333], [119.2816, -3.434], [119.2815, -3.4348], [119.2815, -3.4354], [119.2814, -3.4357], [119.2816, -3.4359], [119.2816, -3.4365], [119.2812, -3.4369], [119.2831, -3.4404], [119.2825, -3.4407], [119.2818, -3.4409], [119.2804, -3.4387], [119.2802, -3.4383], [119.2799, -3.4381], [119.2798, -3.438], [119.2797, -3.4379], [119.2795, -3.4377], [119.2794, -3.4379], [119.2794, -3.4381], [119.2795, -3.4382], [119.2795, -3.4383], [119.2795, -3.4384], [119.2795, -3.4385], [119.2795, -3.4386], [119.2795, -3.4387], [119.2795, -3.4388], [119.2795, -3.4389], [119.2796, -3.439], [119.2796, -3.4391], [119.2797, -3.4392], [119.2797, -3.4393], [119.2797, -3.4395], [119.2796, -3.4396], [119.2796, -3.4399], [119.2794, -3.44], [119.2793, -3.4401], [119.2793, -3.4402], [119.2792, -3.4402], [119.2791, -3.4403], [119.279, -3.4405], [119.2789, -3.4405], [119.279, -3.4407], [119.2789, -3.4408], [119.2788, -3.441], [119.2787, -3.4411], [119.2787, -3.4412], [119.2787, -3.4415], [119.2786, -3.4418], [119.2786, -3.4422], [119.2786, -3.4427], [119.2787, -3.443], [119.2787, -3.4432], [119.2787, -3.4435], [119.2788, -3.4437], [119.2788, -3.444], [119.2788, -3.4444], [119.2787, -3.4447], [119.2787, -3.445], [119.2787, -3.4452], [119.2786, -3.4455], [119.2785, -3.4459], [119.2784, -3.4461], [119.2786, -3.4464], [119.2786, -3.4467], [119.2783, -3.4481], [119.2782, -3.4484], [119.2782, -3.4485], [119.2781, -3.4487], [119.2782, -3.4488], [119.2782, -3.449], [119.2784, -3.4491], [119.2785, -3.4492], [119.2787, -3.4492], [119.2788, -3.4493], [119.279, -3.4494], [119.2792, -3.4495], [119.2793, -3.4497], [119.2794, -3.4499], [119.2795, -3.4501], [119.2795, -3.4504], [119.2795, -3.4506], [119.2795, -3.4508], [119.2796, -3.4508], [119.2797, -3.4509], [119.2798, -3.4508], [119.2799, -3.4509], [119.2801, -3.4507], [119.2802, -3.4505], [119.2803, -3.4504], [119.2804, -3.4499], [119.2806, -3.4498], [119.2807, -3.4498], [119.2809, -3.4499], [119.2811, -3.4496], [119.2813, -3.4494], [119.2815, -3.449], [119.2817, -3.4488], [119.2818, -3.4487], [119.2819, -3.4486], [119.2822, -3.4483], [119.2823, -3.4481], [119.2825, -3.4479], [119.2826, -3.4479], [119.2828, -3.4478], [119.283, -3.4476], [119.2833, -3.4475], [119.2836, -3.4475], [119.2838, -3.4474], [119.284, -3.4474], [119.2843, -3.4476], [119.2844, -3.4473], [119.2844, -3.4469], [119.2845, -3.4466], [119.2845, -3.4463], [119.2845, -3.4461], [119.2846, -3.4459], [119.2847, -3.4456], [119.2848, -3.4454], [119.285, -3.4453], [119.285, -3.4451], [119.2851, -3.4449], [119.2852, -3.4447], [119.2853, -3.4443], [119.2855, -3.444], [119.2857, -3.4436], [119.2859, -3.4433], [119.286, -3.443], [119.2861, -3.4425], [119.2862, -3.4421], [119.2862, -3.4418], [119.2861, -3.4415], [119.2864, -3.4412], [119.2866, -3.4411], [119.2868, -3.4409], [119.2871, -3.4408], [119.2874, -3.4408], [119.2877, -3.4407], [119.2879, -3.4406], [119.2882, -3.4405], [119.2885, -3.4404], [119.2888, -3.4404], [119.2892, -3.4405], [119.2895, -3.4406], [119.2898, -3.441], [119.2901, -3.4413], [119.2901, -3.4418], [119.2901, -3.4424], [119.2902, -3.4427], [119.29, -3.4431], [119.29, -3.4433], [119.29, -3.4437], [119.2899, -3.4441], [119.2898, -3.4443], [119.2898, -3.4445], [119.2898, -3.4447], [119.2898, -3.445], [119.2896, -3.4452], [119.2896, -3.4454], [119.2895, -3.4456], [119.2894, -3.4459], [119.2894, -3.4462], [119.2892, -3.4466], [119.2889, -3.4469], [119.2888, -3.447], [119.2887, -3.4472], [119.2886, -3.4473], [119.2885, -3.4475], [119.2884, -3.4476], [119.2882, -3.4478], [119.2881, -3.4479], [119.2879, -3.448], [119.2878, -3.4482], [119.2877, -3.4483], [119.2876, -3.4483], [119.2875, -3.4485], [119.2874, -3.4486], [119.2872, -3.4487], [119.2871, -3.4488], [119.287, -3.449], [119.2868, -3.4491], [119.2867, -3.4492], [119.2865, -3.4493], [119.2864, -3.4494], [119.2861, -3.4496], [119.2859, -3.4499], [119.2857, -3.4501], [119.2853, -3.4505], [119.2849, -3.4508], [119.2845, -3.451], [119.2843, -3.4513], [119.284, -3.4517], [119.2835, -3.4521], [119.2831, -3.4524], [119.2827, -3.4528], [119.2823, -3.4533], [119.282, -3.4535], [119.2817, -3.4537], [119.2813, -3.4539], [119.281, -3.4541], [119.2805, -3.4544], [119.2799, -3.4546], [119.2794, -3.4547], [119.2787, -3.4547], [119.2783, -3.4548], [119.2775, -3.4546], [119.2769, -3.4546], [119.2759, -3.4548], [119.275, -3.455], [119.2744, -3.455], [119.2737, -3.4551], [119.2731, -3.4552], [119.273, -3.4552], [119.2723, -3.4553], [119.2718, -3.4554], [119.2708, -3.4556], [119.27, -3.4558], [119.2692, -3.4558], [119.2685, -3.4559], [119.2679, -3.456], [119.2669, -3.4562], [119.266, -3.4564], [119.265, -3.4566], [119.2644, -3.4568], [119.2636, -3.457], [119.262, -3.4577], [119.2613, -3.458], [119.2607, -3.4583], [119.2603, -3.4586], [119.2597, -3.4589], [119.259, -3.4593], [119.2584, -3.4596], [119.2576, -3.4599], [119.2567, -3.4601], [119.2562, -3.4604], [119.2557, -3.4607], [119.255, -3.4611], [119.2542, -3.4616], [119.2525, -3.4625], [119.2516, -3.463], [119.2509, -3.4635], [119.2505, -3.4638], [119.2502, -3.4641], [119.2492, -3.4646], [119.2486, -3.465], [119.2477, -3.4654], [119.247, -3.4657], [119.246, -3.4663], [119.2454, -3.467], [119.2452, -3.4672], [119.2445, -3.4679], [119.2443, -3.4683], [119.2442, -3.4687], [119.2441, -3.4696], [119.2436, -3.4701], [119.2432, -3.4707], [119.2431, -3.4709], [119.2429, -3.4712], [119.2427, -3.4716], [119.2424, -3.472], [119.2421, -3.4724], [119.242, -3.4728], [119.2422, -3.4731], [119.2419, -3.4737], [119.2416, -3.4743], [119.2414, -3.4751], [119.2413, -3.4754], [119.241, -3.4759], [119.241, -3.4763], [119.2413, -3.4769], [119.2411, -3.4773], [119.241, -3.4779], [119.241, -3.4783], [119.2409, -3.4786], [119.2408, -3.479], [119.2407, -3.4796], [119.2405, -3.4801], [119.2403, -3.4808], [119.24, -3.4811], [119.2393, -3.482], [119.2389, -3.4824], [119.2386, -3.483], [119.2382, -3.4836], [119.2376, -3.4841], [119.2368, -3.4849], [119.2361, -3.4852], [119.2359, -3.4857], [119.2354, -3.486], [119.2341, -3.4866], [119.2334, -3.4868], [119.2326, -3.487], [119.2321, -3.4868], [119.232, -3.4865], [119.2301, -3.4863], [119.2273, -3.4858], [119.2249, -3.4856], [119.2229, -3.4854], [119.2208, -3.4857], [119.2188, -3.4862], [119.2169, -3.4866], [119.2152, -3.4874], [119.2136, -3.488], [119.212, -3.4886], [119.21, -3.4895], [119.2077, -3.4903], [119.2058, -3.4908], [119.2039, -3.4912], [119.2027, -3.4916], [119.2017, -3.492], [119.2004, -3.4926], [119.1992, -3.4929], [119.1982, -3.493], [119.1973, -3.4935], [119.197, -3.4938], [119.1967, -3.4938], [119.196, -3.4937], [119.1954, -3.4935], [119.1949, -3.4934], [119.1945, -3.4933], [119.1941, -3.4932], [119.1937, -3.4931], [119.1933, -3.4931], [119.193, -3.4931], [119.1927, -3.493], [119.1922, -3.4929], [119.1915, -3.4928], [119.191, -3.4927], [119.1906, -3.4927], [119.1901, -3.4926], [119.1893, -3.4925], [119.1876, -3.4923], [119.1866, -3.4921], [119.1861, -3.4921], [119.1854, -3.4919], [119.1841, -3.4915], [119.1835, -3.4913], [119.1828, -3.4911], [119.1819, -3.4909], [119.1808, -3.4905], [119.1798, -3.4902], [119.179, -3.49], [119.1783, -3.4898], [119.1778, -3.4897], [119.1771, -3.4895], [119.1767, -3.4895], [119.1763, -3.4894], [119.176, -3.4892], [119.1758, -3.4891], [119.1756, -3.489], [119.1755, -3.4887], [119.1742, -3.4886], [119.1744, -3.4888], [119.1736, -3.4888], [119.1731, -3.4886], [119.1723, -3.4884], [119.1716, -3.4883], [119.1711, -3.4883], [119.1706, -3.4882], [119.17, -3.4882], [119.1694, -3.4882], [119.1689, -3.4881], [119.1684, -3.4882], [119.1679, -3.4882], [119.1669, -3.4882], [119.1664, -3.4882], [119.1656, -3.4882], [119.1648, -3.4882], [119.1643, -3.4883], [119.1637, -3.4884], [119.163, -3.4886], [119.1623, -3.4888], [119.1616, -3.4891], [119.1605, -3.4895], [119.1597, -3.4898], [119.1592, -3.4899], [119.1588, -3.4901], [119.1585, -3.4901], [119.1582, -3.4902], [119.1577, -3.4904], [119.1569, -3.4906], [119.1559, -3.4909], [119.1549, -3.4912], [119.1543, -3.4913], [119.1539, -3.4913], [119.1538, -3.4912], [119.1536, -3.491], [119.1532, -3.4912], [119.1526, -3.4914], [119.1518, -3.4917], [119.1509, -3.4918], [119.1503, -3.4918], [119.1498, -3.4919], [119.1495, -3.492], [119.149, -3.4921], [119.1488, -3.4921], [119.1481, -3.4922], [119.1477, -3.4922], [119.1471, -3.4922], [119.1467, -3.4922], [119.1459, -3.4922], [119.1452, -3.4922], [119.1445, -3.4922], [119.1439, -3.4924], [119.1431, -3.4926], [119.1419, -3.4929], [119.1412, -3.4931], [119.1407, -3.4933], [119.1401, -3.4934], [119.1392, -3.4936], [119.1387, -3.4937], [119.1384, -3.4937], [119.1381, -3.4938], [119.1374, -3.4938], [119.1367, -3.4939], [119.136, -3.494], [119.1356, -3.4941], [119.1351, -3.4943], [119.1348, -3.4944], [119.1346, -3.4945], [119.1345, -3.4946], [119.1344, -3.4947], [119.1344, -3.4948], [119.1342, -3.4948], [119.1341, -3.4949], [119.134, -3.4949], [119.1339, -3.495], [119.1338, -3.4951], [119.1337, -3.4951], [119.1336, -3.4951], [119.1335, -3.4952], [119.1334, -3.4952], [119.1333, -3.4953], [119.1332, -3.4954], [119.1331, -3.4954], [119.133, -3.4955], [119.1329, -3.4955], [119.1327, -3.4956], [119.1326, -3.4957], [119.1324, -3.4958], [119.1322, -3.4959], [119.1321, -3.4961], [119.1318, -3.4961], [119.1316, -3.4962], [119.1314, -3.4963], [119.1313, -3.4964], [119.1312, -3.4964], [119.1311, -3.4965], [119.131, -3.4967], [119.1308, -3.4968], [119.1306, -3.497], [119.1304, -3.4972], [119.1302, -3.4974], [119.1298, -3.4976], [119.1296, -3.4979], [119.1294, -3.498], [119.1291, -3.4982], [119.129, -3.4983], [119.129, -3.4984], [119.1287, -3.4986], [119.1286, -3.4987], [119.1283, -3.4988], [119.1281, -3.499], [119.128, -3.4991], [119.1278, -3.4993], [119.1276, -3.4994], [119.1274, -3.4996], [119.1273, -3.4997], [119.1271, -3.4998], [119.1268, -3.4999], [119.1266, -3.5002], [119.1262, -3.5004], [119.1258, -3.5008], [119.1254, -3.5011], [119.1252, -3.5013], [119.125, -3.5015], [119.1247, -3.5018], [119.1244, -3.5021], [119.1242, -3.5024], [119.124, -3.5028], [119.1238, -3.503], [119.1237, -3.5034], [119.1235, -3.5036], [119.1234, -3.5038], [119.1234, -3.5042], [119.1234, -3.5044], [119.1235, -3.5048], [119.1234, -3.5049], [119.1233, -3.5051], [119.1232, -3.5052], [119.1231, -3.5054], [119.1229, -3.5055], [119.1228, -3.5057], [119.1226, -3.5059], [119.1226, -3.5061], [119.1225, -3.5064], [119.1224, -3.5066], [119.1223, -3.5068], [119.1223, -3.5071], [119.1221, -3.5073], [119.122, -3.5074], [119.1219, -3.5076], [119.1217, -3.5079], [119.1215, -3.5083], [119.1215, -3.5087], [119.1214, -3.509], [119.1212, -3.5095], [119.1211, -3.5094], [119.121, -3.5096], [119.1208, -3.5098], [119.1205, -3.5099], [119.1203, -3.5102], [119.1203, -3.5104], [119.1202, -3.5108], [119.1201, -3.511], [119.1198, -3.5111], [119.1197, -3.5113], [119.1196, -3.5116], [119.1194, -3.5118], [119.1194, -3.512], [119.1193, -3.5122], [119.1192, -3.5123], [119.1192, -3.5124], [119.1192, -3.5125], [119.1191, -3.5126], [119.119, -3.5126], [119.1189, -3.5127], [119.1186, -3.5127], [119.1185, -3.5128], [119.1184, -3.5128], [119.1183, -3.5129], [119.1181, -3.5131], [119.118, -3.5133], [119.1178, -3.5133], [119.1176, -3.5135], [119.1175, -3.5134], [119.1172, -3.5136], [119.1171, -3.5137], [119.1169, -3.5135], [119.1168, -3.5136], [119.1166, -3.5137], [119.1164, -3.5138], [119.1162, -3.5139], [119.1159, -3.5139], [119.1158, -3.514], [119.1156, -3.5141], [119.1154, -3.5142], [119.1151, -3.5142], [119.1149, -3.5143], [119.1146, -3.5145], [119.1144, -3.5147], [119.1142, -3.5147], [119.114, -3.5148], [119.1138, -3.5149], [119.1135, -3.515], [119.1131, -3.5151], [119.1126, -3.5154], [119.1123, -3.5154], [119.1121, -3.5155], [119.112, -3.5156], [119.1119, -3.516], [119.1116, -3.5167], [119.111, -3.5168], [119.1102, -3.5169], [119.1099, -3.5168], [119.1094, -3.5167], [119.1091, -3.5166], [119.1087, -3.5168], [119.1085, -3.5167], [119.1082, -3.5166], [119.108, -3.5166], [119.1076, -3.5165], [119.1074, -3.5163], [119.1073, -3.5164], [119.1069, -3.5165], [119.1063, -3.5163], [119.1058, -3.5161], [119.1054, -3.5158], [119.1051, -3.5156], [119.1048, -3.5152], [119.1047, -3.5148], [119.1046, -3.5148], [119.1035, -3.5143], [119.1029, -3.5139], [119.1024, -3.5134], [119.1018, -3.5128], [119.1008, -3.5126], [119.1003, -3.5123], [119.0997, -3.5121], [119.0995, -3.5119], [119.0993, -3.5116], [119.0989, -3.5113], [119.0985, -3.5113], [119.0972, -3.5111], [119.0962, -3.5106], [119.0955, -3.5103], [119.0945, -3.5102], [119.0933, -3.51], [119.0922, -3.5098], [119.0913, -3.5098], [119.0904, -3.5095], [119.0901, -3.5095], [119.0893, -3.5093], [119.0887, -3.5091], [119.0883, -3.5089], [119.0881, -3.5088], [119.0877, -3.5086], [119.0869, -3.5082], [119.0858, -3.5078], [119.0851, -3.5075], [119.0848, -3.5071], [119.0847, -3.5074], [119.0843, -3.5075], [119.0837, -3.5073], [119.0832, -3.5069], [119.0829, -3.5067], [119.0822, -3.5064], [119.0813, -3.5061], [119.0809, -3.5057], [119.0805, -3.506], [119.0801, -3.5058], [119.0795, -3.5055], [119.079, -3.5052], [119.0787, -3.5049], [119.078, -3.5046], [119.0777, -3.5046], [119.0773, -3.5046], [119.0769, -3.5045], [119.0765, -3.5044], [119.0764, -3.5043], [119.076, -3.5042], [119.0754, -3.504], [119.0746, -3.504], [119.0739, -3.5039], [119.0732, -3.5039], [119.0724, -3.5038], [119.0718, -3.5037], [119.0712, -3.5037], [119.071, -3.5037], [119.0707, -3.5037], [119.07, -3.5036], [119.0696, -3.5035], [119.0692, -3.5035], [119.0685, -3.5034], [119.0681, -3.5036], [119.0677, -3.5034], [119.0671, -3.503], [119.0658, -3.5028], [119.0652, -3.5026], [119.0647, -3.5025], [119.064, -3.5027], [119.0636, -3.503], [119.063, -3.5033], [119.0625, -3.5035], [119.0618, -3.5036], [119.0613, -3.5038], [119.0605, -3.5041], [119.0597, -3.5044], [119.0591, -3.5046], [119.0586, -3.5047], [119.058, -3.5049], [119.0575, -3.5051], [119.0571, -3.5051], [119.0557, -3.5059], [119.0551, -3.5064], [119.0547, -3.5066], [119.0543, -3.5069], [119.0536, -3.5073], [119.053, -3.5078], [119.0522, -3.5082], [119.0517, -3.5086], [119.0515, -3.5088], [119.0508, -3.5091], [119.0501, -3.5094], [119.0499, -3.5096], [119.0498, -3.5097], [119.0492, -3.5101], [119.0483, -3.5105], [119.0477, -3.5107], [119.0467, -3.5112], [119.0461, -3.5117], [119.0455, -3.5122], [119.0451, -3.5127], [119.0447, -3.513], [119.0444, -3.5133], [119.0442, -3.5135], [119.0438, -3.5138], [119.0437, -3.5139], [119.0434, -3.5142], [119.0428, -3.5146], [119.0423, -3.5149], [119.042, -3.5152], [119.0416, -3.5155], [119.0413, -3.5156], [119.041, -3.5158], [119.0407, -3.5159], [119.0403, -3.516], [119.0396, -3.5163], [119.039, -3.5163], [119.0386, -3.5163], [119.0382, -3.5163], [119.038, -3.5163], [119.0375, -3.5163], [119.0373, -3.5161], [119.037, -3.5158], [119.0364, -3.5156], [119.0361, -3.5153], [119.0357, -3.5151], [119.0354, -3.515], [119.0353, -3.5147], [119.035, -3.5144], [119.0347, -3.5144], [119.0346, -3.5144], [119.0338, -3.5142], [119.0329, -3.5137], [119.0325, -3.5136], [119.0317, -3.5136], [119.0312, -3.5135], [119.0305, -3.5136], [119.03, -3.5137], [119.0293, -3.514], [119.0289, -3.5143], [119.0285, -3.5143], [119.0278, -3.5145], [119.0279, -3.5149], [119.0275, -3.5152], [119.0274, -3.5149], [119.0267, -3.5153], [119.0265, -3.5156], [119.0262, -3.5156], [119.0259, -3.5158], [119.0256, -3.5158], [119.0252, -3.5155], [119.0247, -3.5154], [119.0241, -3.5154], [119.0237, -3.5154], [119.0232, -3.5155], [119.0228, -3.5155], [119.0222, -3.5156], [119.0207, -3.5164], [119.02, -3.5175], [119.0198, -3.5177], [119.0198, -3.5179], [119.0196, -3.5182], [119.0194, -3.5184], [119.0193, -3.5186], [119.0192, -3.5189], [119.019, -3.5193], [119.0187, -3.5198], [119.0184, -3.5203], [119.0181, -3.5206], [119.0177, -3.5208], [119.0175, -3.5211], [119.0163, -3.5222], [119.015, -3.5233], [119.0145, -3.5239], [119.014, -3.5242], [119.0129, -3.5252], [119.0119, -3.5262], [119.0112, -3.5268], [119.0108, -3.5272], [119.0103, -3.5278], [119.01, -3.5282], [119.0095, -3.5286], [119.0094, -3.5288], [119.0089, -3.5292], [119.0078, -3.5305], [119.0072, -3.5311], [119.007, -3.5313], [119.0057, -3.533], [119.0058, -3.5331], [119.0044, -3.5354], [119.0018, -3.539], [119.0012, -3.5399], [118.9998, -3.542], [118.9984, -3.5436], [118.9981, -3.5443], [118.9979, -3.5448], [118.9979, -3.545], [118.9973, -3.5457], [118.9967, -3.5466], [118.9963, -3.5475], [118.996, -3.5489], [118.996, -3.5499], [118.9962, -3.5509], [118.9959, -3.5517], [118.9954, -3.5523], [118.9951, -3.5533], [118.9951, -3.5541], [118.9953, -3.5552], [118.9961, -3.5559], [118.997, -3.5564], [118.9977, -3.5565], [118.998, -3.5566], [118.9994, -3.5584], [119, -3.5593], [119.0001, -3.5603], [119.0004, -3.561], [119.0009, -3.5611], [119.0013, -3.5618], [119.0013, -3.5625], [119.0011, -3.563], [119.0005, -3.5633], [118.9998, -3.5632], [118.9987, -3.563], [118.9978, -3.5631], [118.9973, -3.5634], [118.997, -3.564], [118.9961, -3.5642], [118.9955, -3.5641], [118.9951, -3.5647], [118.9946, -3.565], [118.9935, -3.5648], [118.9924, -3.5642], [118.9919, -3.5639], [118.9911, -3.5634], [118.9906, -3.563], [118.9903, -3.5624], [118.9898, -3.5616], [118.9893, -3.5616], [118.9886, -3.561], [118.9882, -3.5607], [118.9879, -3.5608], [118.9874, -3.5606], [118.9869, -3.5607], [118.9862, -3.5609], [118.9856, -3.5606], [118.985, -3.5605], [118.9847, -3.5602], [118.9846, -3.5601], [118.9846, -3.5598], [118.9847, -3.5594], [118.9843, -3.5592], [118.9839, -3.5591], [118.9835, -3.5586], [118.9826, -3.5581], [118.9819, -3.5575], [118.9815, -3.5573], [118.9812, -3.5571], [118.9808, -3.5569], [118.9805, -3.5566], [118.9805, -3.5561], [118.9808, -3.5558], [118.9811, -3.5556], [118.9814, -3.5554], [118.9815, -3.5549], [118.9815, -3.5543], [118.9813, -3.5537], [118.9809, -3.553], [118.9809, -3.5524], [118.9805, -3.5521], [118.9803, -3.5516], [118.9799, -3.5513], [118.9796, -3.5509], [118.9793, -3.5506], [118.979, -3.5502], [118.9786, -3.5499], [118.9783, -3.5496], [118.9781, -3.5493], [118.9777, -3.5491], [118.9773, -3.549], [118.9767, -3.5487], [118.9761, -3.5484], [118.9756, -3.5483], [118.9748, -3.5481], [118.9735, -3.5478], [118.9727, -3.5475], [118.972, -3.5469], [118.9714, -3.546], [118.9704, -3.5454], [118.9697, -3.5451], [118.9689, -3.5451], [118.9684, -3.5449], [118.9678, -3.5449], [118.9671, -3.5453], [118.966, -3.5455], [118.9659, -3.5452], [118.9661, -3.5453], [118.9661, -3.545], [118.9659, -3.5448], [118.9656, -3.5448], [118.9649, -3.5449], [118.9644, -3.5451], [118.9642, -3.5461], [118.9642, -3.5467], [118.9642, -3.5471], [118.964, -3.5474], [118.9637, -3.5476], [118.9634, -3.5479], [118.9628, -3.5482], [118.9619, -3.5492], [118.9613, -3.5498], [118.9608, -3.5502], [118.9602, -3.5504], [118.9597, -3.5505], [118.9591, -3.5506], [118.9585, -3.5507], [118.9582, -3.5506], [118.9578, -3.5507], [118.957, -3.5505], [118.9564, -3.5502], [118.9557, -3.5499], [118.955, -3.5496], [118.9539, -3.5494], [118.9528, -3.5492], [118.9518, -3.5494], [118.9507, -3.5495], [118.95, -3.5496], [118.9494, -3.5501], [118.9486, -3.5509], [118.9479, -3.5516], [118.9472, -3.5523], [118.9467, -3.553], [118.9462, -3.5539], [118.9458, -3.5547], [118.9453, -3.5557], [118.945, -3.5568], [118.9448, -3.5577], [118.945, -3.558], [118.9451, -3.5588], [118.9454, -3.5591], [118.9452, -3.5596], [118.945, -3.5611], [118.9453, -3.5627], [118.9453, -3.5636], [118.9455, -3.5642], [118.9454, -3.565], [118.9448, -3.5663], [118.9441, -3.5674], [118.9426, -3.5688], [118.9403, -3.5701], [118.9382, -3.5703], [118.9369, -3.5699], [118.9351, -3.569], [118.934, -3.5672], [118.9333, -3.5647], [118.9333, -3.5642], [118.9326, -3.5635], [118.9326, -3.563], [118.9314, -3.562], [118.9311, -3.5614], [118.9303, -3.5608], [118.9296, -3.5595], [118.9289, -3.559], [118.9285, -3.5585], [118.9278, -3.5585], [118.9274, -3.5582], [118.9277, -3.5578], [118.9274, -3.5557], [118.9271, -3.552], [118.9268, -3.5489], [118.9255, -3.5451], [118.9237, -3.5422], [118.9233, -3.5418], [118.9228, -3.541], [118.9222, -3.5405], [118.9217, -3.5401], [118.9212, -3.54], [118.9208, -3.5397], [118.9204, -3.5394], [118.9203, -3.5394], [118.9196, -3.5392], [118.9184, -3.5386], [118.916, -3.5376], [118.9152, -3.5372], [118.9143, -3.5363], [118.9135, -3.5355], [118.9128, -3.5347], [118.9123, -3.5339], [118.9116, -3.5326], [118.9111, -3.5314], [118.9107, -3.5303], [118.9097, -3.5284], [118.9083, -3.5266], [118.9074, -3.5262], [118.9073, -3.5257], [118.9069, -3.5252], [118.9062, -3.5252], [118.9056, -3.5233], [118.905, -3.5231], [118.905, -3.5225], [118.9054, -3.5224], [118.9052, -3.5214], [118.9048, -3.5207], [118.9043, -3.5201], [118.9041, -3.5195], [118.9037, -3.5187], [118.9032, -3.518], [118.903, -3.5177], [118.9026, -3.5169], [118.9023, -3.5167], [118.902, -3.5164], [118.9014, -3.5162], [118.9012, -3.5155], [118.9013, -3.5153], [118.9007, -3.513], [118.9003, -3.5117], [118.9, -3.5108], [118.9, -3.5104], [118.8998, -3.5097], [118.899, -3.5092], [118.8987, -3.5086], [118.8974, -3.5075], [118.8967, -3.5065], [118.8957, -3.5048], [118.895, -3.5036], [118.8946, -3.5026], [118.8944, -3.5014], [118.894, -3.5001], [118.894, -3.5], [118.8934, -3.4986], [118.8933, -3.4981], [118.8931, -3.4978], [118.8928, -3.4977], [118.8925, -3.4974], [118.8926, -3.497], [118.893, -3.4967], [118.8932, -3.4961], [118.8934, -3.495], [118.8941, -3.4938], [118.8951, -3.4929], [118.8952, -3.4921], [118.8954, -3.4912], [118.8956, -3.4901], [118.8956, -3.4893], [118.8955, -3.4886], [118.8953, -3.4879], [118.8951, -3.487], [118.8946, -3.4859], [118.8941, -3.4851], [118.8934, -3.4843], [118.8926, -3.4839], [118.8917, -3.4837], [118.8908, -3.4834], [118.8898, -3.4833], [118.889, -3.4835], [118.8887, -3.4836], [118.8886, -3.4839], [118.8885, -3.4842], [118.8888, -3.4846], [118.8885, -3.485], [118.888, -3.4854], [118.8873, -3.4855], [118.8866, -3.4853], [118.8862, -3.4851], [118.8859, -3.485], [118.8851, -3.4846], [118.8843, -3.484], [118.8836, -3.4834], [118.883, -3.4823], [118.8837, -3.4825], [118.8843, -3.4822], [118.8847, -3.4814], [118.8844, -3.4803], [118.8843, -3.4798], [118.8837, -3.4798], [118.8825, -3.479], [118.8821, -3.4776], [118.8816, -3.4768], [118.8811, -3.4766], [118.8809, -3.4764], [118.8802, -3.4762], [118.8792, -3.4759], [118.8786, -3.4755], [118.8786, -3.4754], [118.8785, -3.4749], [118.8786, -3.474], [118.8778, -3.4729], [118.8774, -3.4722], [118.8773, -3.4715], [118.8773, -3.47], [118.8772, -3.4685], [118.8775, -3.467], [118.8779, -3.4653], [118.8781, -3.4645], [118.8782, -3.4634], [118.8783, -3.4615], [118.8783, -3.4604], [118.8781, -3.459], [118.8782, -3.458], [118.8781, -3.4572], [118.8778, -3.4568], [118.8782, -3.4561], [118.8785, -3.455], [118.8788, -3.4539], [118.8788, -3.453], [118.879, -3.452], [118.8791, -3.4509], [118.879, -3.45], [118.8795, -3.4485], [118.8794, -3.4478], [118.879, -3.4466], [118.8784, -3.445], [118.8784, -3.4435], [118.8784, -3.4421], [118.8783, -3.4408], [118.8781, -3.4403], [118.8773, -3.4387], [118.8766, -3.4375], [118.8759, -3.4362], [118.8747, -3.4349], [118.874, -3.434], [118.8738, -3.4328], [118.8733, -3.432], [118.8725, -3.4309], [118.8717, -3.4298], [118.871, -3.4288], [118.8703, -3.4279], [118.87, -3.4272], [118.8699, -3.426], [118.8699, -3.4249], [118.8699, -3.424], [118.8693, -3.4229], [118.869, -3.4215], [118.8689, -3.4204], [118.8687, -3.4196], [118.8685, -3.4185], [118.8683, -3.4173], [118.8678, -3.4161], [118.8678, -3.4153], [118.8672, -3.4142], [118.867, -3.4135], [118.8663, -3.4126], [118.8653, -3.4113], [118.8647, -3.4108], [118.8636, -3.4081], [118.8628, -3.4064], [118.8626, -3.406], [118.8617, -3.4042], [118.8607, -3.4027], [118.8603, -3.4014], [118.8599, -3.4005], [118.8595, -3.3999], [118.8569, -3.398], [118.8558, -3.3969], [118.8548, -3.396], [118.8534, -3.3946], [118.852, -3.3929], [118.8515, -3.3922], [118.8501, -3.3907], [118.849, -3.3891], [118.8491, -3.3885], [118.8494, -3.3877], [118.8497, -3.387], [118.8508, -3.3861], [118.8508, -3.3853], [118.8506, -3.3841], [118.8499, -3.3827], [118.849, -3.3817], [118.8479, -3.381], [118.8457, -3.3806], [118.8453, -3.38], [118.8448, -3.3791], [118.8443, -3.3783], [118.8443, -3.3772], [118.8449, -3.3759], [118.8457, -3.3745], [118.8467, -3.3737], [118.8474, -3.3729], [118.848, -3.3717], [118.8483, -3.3708], [118.8482, -3.3699], [118.8481, -3.3691], [118.8477, -3.3682], [118.8476, -3.3681], [118.8473, -3.3672], [118.8468, -3.3666], [118.8456, -3.3655], [118.8449, -3.3642], [118.8445, -3.3634], [118.8441, -3.3623], [118.8441, -3.3606], [118.8445, -3.3585], [118.8447, -3.3551], [118.8449, -3.3536], [118.8462, -3.3519], [118.8475, -3.3503], [118.8483, -3.3494], [118.8485, -3.3493], [118.8493, -3.3487], [118.8495, -3.3481], [118.8501, -3.3475], [118.8507, -3.3464], [118.8512, -3.346], [118.8514, -3.3456], [118.8516, -3.3446], [118.8515, -3.3436], [118.8513, -3.3425], [118.8504, -3.3415], [118.8487, -3.3415], [118.8478, -3.3413], [118.8474, -3.3409], [118.8477, -3.3403], [118.8481, -3.3401], [118.848, -3.3393], [118.8476, -3.339], [118.8466, -3.339], [118.8454, -3.3389], [118.8443, -3.3396], [118.8431, -3.3396], [118.8426, -3.3389], [118.8427, -3.3379], [118.843, -3.3368], [118.8421, -3.3348], [118.8416, -3.3329], [118.8419, -3.3318], [118.8417, -3.33], [118.8418, -3.3277], [118.8425, -3.3245], [118.8429, -3.3232], [118.8433, -3.3224], [118.8435, -3.3197], [118.8441, -3.3183], [118.8444, -3.3167], [118.8451, -3.3154], [118.8465, -3.3138], [118.8474, -3.3132], [118.8483, -3.3131], [118.8495, -3.3134], [118.8509, -3.3135], [118.8521, -3.3132], [118.8535, -3.3122], [118.8552, -3.31], [118.8562, -3.3081], [118.8568, -3.3071], [118.8573, -3.3056], [118.8575, -3.3044], [118.8575, -3.3025], [118.8573, -3.3019], [118.8576, -3.3014], [118.8572, -3.3009], [118.8572, -3.2998], [118.857, -3.299], [118.8571, -3.2983], [118.8567, -3.2969], [118.8566, -3.2966], [118.8564, -3.2963], [118.8559, -3.2958], [118.8551, -3.2951], [118.8544, -3.2952], [118.8542, -3.2955], [118.8536, -3.2955], [118.8531, -3.2954], [118.8527, -3.2951], [118.8523, -3.2943], [118.8521, -3.2928], [118.8519, -3.2909], [118.852, -3.2892], [118.8518, -3.2882], [118.8517, -3.2872], [118.8512, -3.2861], [118.8505, -3.2852], [118.8499, -3.2845], [118.8495, -3.284], [118.8492, -3.2835], [118.8485, -3.2833], [118.8477, -3.2829], [118.8471, -3.2827], [118.8464, -3.2827], [118.846, -3.282], [118.8462, -3.2815], [118.8461, -3.2797], [118.8452, -3.2792], [118.8447, -3.278], [118.8444, -3.2771], [118.844, -3.2762], [118.8438, -3.2757], [118.8432, -3.2736], [118.8432, -3.2726], [118.8436, -3.2714], [118.8435, -3.2709], [118.8426, -3.2707], [118.8422, -3.2692], [118.842, -3.2681], [118.8418, -3.2663], [118.8412, -3.2646], [118.8411, -3.2632], [118.8406, -3.2627], [118.836, -3.2597], [118.8354, -3.2569], [118.8348, -3.2546], [118.8343, -3.2524], [118.8346, -3.2496], [118.8348, -3.2462], [118.8343, -3.2436], [118.833, -3.2409], [118.8312, -3.2389], [118.8297, -3.2361], [118.8288, -3.2331], [118.8286, -3.2322], [118.8291, -3.2299], [118.8304, -3.2283], [118.8327, -3.2271], [118.8337, -3.2265], [118.8342, -3.2258], [118.8338, -3.2239], [118.8337, -3.2226], [118.8342, -3.2219], [118.8354, -3.2208], [118.8361, -3.2202], [118.8373, -3.2198], [118.838, -3.2194], [118.8382, -3.2184], [118.8387, -3.2172], [118.8393, -3.2158], [118.8404, -3.2136], [118.8401, -3.2122], [118.8402, -3.2098], [118.8397, -3.2084], [118.8388, -3.206], [118.8376, -3.2039], [118.8375, -3.2029], [118.8365, -3.2017], [118.8366, -3.2009], [118.8372, -3.2004], [118.8371, -3.1982], [118.8368, -3.1971], [118.8365, -3.1955], [118.836, -3.1946], [118.8351, -3.1939], [118.8338, -3.1923], [118.8334, -3.1898], [118.833, -3.189], [118.8326, -3.1873], [118.8324, -3.1858], [118.8323, -3.1857], [118.8316, -3.184], [118.8304, -3.1821], [118.8294, -3.1805], [118.8295, -3.1796], [118.8296, -3.1784], [118.8299, -3.1774], [118.8296, -3.176], [118.8293, -3.1751], [118.8294, -3.1742], [118.8298, -3.1735], [118.8304, -3.173], [118.8298, -3.1715], [118.8298, -3.1705], [118.8284, -3.1678], [118.8267, -3.1651], [118.8228, -3.163], [118.8213, -3.1629], [118.8202, -3.1636], [118.8186, -3.1624], [118.8173, -3.1608], [118.8166, -3.1598], [118.8167, -3.1579], [118.8169, -3.1563], [118.8164, -3.1556], [118.8161, -3.1555], [118.8144, -3.155], [118.8129, -3.1544], [118.8117, -3.1533], [118.81, -3.1515], [118.8094, -3.1502], [118.8092, -3.1498], [118.8092, -3.149], [118.808, -3.1476], [118.8062, -3.147], [118.8045, -3.1468], [118.802, -3.1452], [118.799, -3.1439], [118.7974, -3.1427], [118.7969, -3.1419], [118.7953, -3.1412], [118.7944, -3.1405], [118.7924, -3.1387], [118.7903, -3.1363], [118.789, -3.135], [118.7887, -3.1326], [118.788, -3.1316], [118.7866, -3.131], [118.7855, -3.1299], [118.7847, -3.1282], [118.7833, -3.1266], [118.782, -3.1247], [118.781, -3.1225], [118.7804, -3.1212], [118.7804, -3.1202], [118.7812, -3.1198], [118.7816, -3.1189], [118.7811, -3.1163], [118.7803, -3.1149], [118.7795, -3.1127], [118.7792, -3.1123], [118.7785, -3.1109], [118.7776, -3.1101], [118.7773, -3.1088], [118.777, -3.1077], [118.7774, -3.1065], [118.7771, -3.1055], [118.7763, -3.1043], [118.7763, -3.1034], [118.7762, -3.1028], [118.7763, -3.0994], [118.7765, -3.0968], [118.7763, -3.0957], [118.7764, -3.0927], [118.7778, -3.0909], [118.7784, -3.0893], [118.7774, -3.0865], [118.7774, -3.085], [118.7776, -3.0836], [118.7784, -3.0819], [118.7794, -3.0802], [118.7804, -3.079], [118.7816, -3.0787], [118.783, -3.0784], [118.7835, -3.0791], [118.7848, -3.079], [118.7859, -3.0794], [118.7861, -3.0804], [118.7871, -3.0819], [118.7886, -3.0836], [118.7899, -3.0843], [118.7923, -3.0844], [118.7944, -3.0836], [118.7962, -3.0819], [118.7969, -3.081], [118.7969, -3.0783], [118.796, -3.0773], [118.7962, -3.076], [118.7967, -3.0751], [118.7963, -3.0729], [118.7963, -3.0719], [118.7968, -3.071], [118.7976, -3.0706], [118.7983, -3.0709], [118.7989, -3.0716], [118.7999, -3.0714], [118.8003, -3.0714], [118.801, -3.0713], [118.8019, -3.0717], [118.8018, -3.0729], [118.8022, -3.0743], [118.8033, -3.0765], [118.8044, -3.0786], [118.8046, -3.0797], [118.8057, -3.0806], [118.8069, -3.0811], [118.8073, -3.0822], [118.8084, -3.0827], [118.8106, -3.0823], [118.8128, -3.083], [118.8133, -3.084], [118.8135, -3.0848], [118.8137, -3.0853], [118.8149, -3.0861], [118.8162, -3.0865], [118.8182, -3.0862], [118.8196, -3.086], [118.8209, -3.0869], [118.8222, -3.088], [118.8245, -3.089], [118.8261, -3.0886], [118.8271, -3.0876], [118.8296, -3.0883], [118.8296, -3.0881], [118.8298, -3.087], [118.83, -3.0863], [118.8306, -3.0859], [118.8313, -3.0854], [118.8326, -3.0851], [118.8332, -3.0851], [118.8332, -3.085], [118.8347, -3.0843], [118.8361, -3.0837], [118.8381, -3.0824], [118.8396, -3.0814], [118.8404, -3.0787], [118.8412, -3.076], [118.8414, -3.0752], [118.8418, -3.0734], [118.8427, -3.0713], [118.843, -3.0707], [118.8425, -3.0703], [118.8415, -3.0694], [118.8418, -3.068], [118.8428, -3.0668], [118.8436, -3.0657], [118.8443, -3.0644], [118.8452, -3.0619], [118.8468, -3.0588], [118.8478, -3.0558], [118.8485, -3.0533], [118.8495, -3.0518], [118.8507, -3.0516], [118.8518, -3.05], [118.854, -3.0446], [118.8562, -3.0402], [118.8568, -3.0389], [118.8581, -3.0361], [118.8607, -3.0318], [118.8603, -3.0303], [118.8594, -3.0293], [118.8592, -3.0279], [118.8599, -3.0262], [118.861, -3.0248], [118.8609, -3.0234], [118.8605, -3.0217], [118.8593, -3.02], [118.8571, -3.0195], [118.8565, -3.0185], [118.8562, -3.0167], [118.8563, -3.0154], [118.8562, -3.0141], [118.8549, -3.0114], [118.8532, -3.0107], [118.8521, -3.0106], [118.8505, -3.0111], [118.8482, -3.0087], [118.8477, -3.0075], [118.848, -3.0061], [118.8478, -3.0044], [118.8484, -3.0032], [118.8489, -3.0024], [118.8481, -2.9996], [118.8484, -2.999], [118.8483, -2.9943], [118.8481, -2.9918], [118.8483, -2.9906], [118.8484, -2.9898], [118.8497, -2.9875], [118.8508, -2.9863], [118.8524, -2.9843], [118.8542, -2.9829], [118.8556, -2.9807], [118.857, -2.9785], [118.8579, -2.9743], [118.858, -2.9741], [118.858, -2.9738], [118.8587, -2.9736], [118.8588, -2.9736], [118.8596, -2.973], [118.86, -2.9725], [118.8603, -2.972], [118.861, -2.9707], [118.8632, -2.9674], [118.8633, -2.9665], [118.8639, -2.9655], [118.8644, -2.9652], [118.8649, -2.9648], [118.866, -2.9628], [118.8663, -2.961], [118.8672, -2.9593], [118.8687, -2.9581], [118.8694, -2.9569], [118.8697, -2.9558], [118.8686, -2.9539], [118.8683, -2.9534], [118.8683, -2.9529], [118.8686, -2.9523], [118.8689, -2.9516], [118.869, -2.9501], [118.8689, -2.9487], [118.869, -2.9479], [118.8688, -2.9462], [118.8694, -2.9449], [118.8711, -2.9438], [118.8728, -2.9401], [118.8733, -2.9387], [118.8751, -2.9339], [118.8753, -2.9309], [118.8756, -2.9262], [118.8755, -2.9244], [118.876, -2.9231], [118.8772, -2.9223], [118.8782, -2.9227], [118.8815, -2.918], [118.8814, -2.9152], [118.8832, -2.9132], [118.8855, -2.912], [118.8862, -2.9108], [118.8857, -2.9073], [118.8877, -2.9022], [118.8868, -2.8981], [118.8864, -2.8962], [118.8869, -2.8901], [118.8859, -2.8891], [118.886, -2.8873], [118.8848, -2.8853], [118.8835, -2.8844], [118.8799, -2.879], [118.8771, -2.8775], [118.8767, -2.8769], [118.8765, -2.8756], [118.8752, -2.8738], [118.8725, -2.871], [118.8723, -2.8704], [118.872, -2.8704], [118.8719, -2.8704], [118.8661, -2.8642], [118.8631, -2.861], [118.8592, -2.8577], [118.8566, -2.856], [118.8549, -2.855], [118.8512, -2.8522], [118.8463, -2.8505], [118.8438, -2.8506], [118.8415, -2.8508], [118.8391, -2.8516], [118.8368, -2.8535], [118.8367, -2.854], [118.836, -2.8545], [118.8347, -2.8568], [118.8334, -2.8575], [118.8304, -2.8573], [118.8265, -2.8549], [118.8227, -2.853], [118.8217, -2.8532], [118.82, -2.8529], [118.819, -2.8521], [118.8178, -2.8518], [118.8174, -2.8528], [118.8159, -2.8524], [118.8122, -2.8514], [118.8097, -2.8514], [118.8085, -2.852], [118.8077, -2.8511], [118.8068, -2.8525], [118.804, -2.853], [118.8027, -2.854], [118.8002, -2.8569], [118.796, -2.8586], [118.7952, -2.8578], [118.7933, -2.8596], [118.7902, -2.861], [118.782, -2.862], [118.7809, -2.8635], [118.7792, -2.8641], [118.7753, -2.8649], [118.77, -2.8673], [118.7695, -2.8669], [118.7697, -2.8659], [118.7692, -2.8656], [118.769, -2.8636], [118.7679, -2.8582], [118.7674, -2.8536], [118.7697, -2.8446], [118.7687, -2.8391], [118.7689, -2.835], [118.7714, -2.8296], [118.7712, -2.8277], [118.772, -2.8256], [118.773, -2.8206], [118.7728, -2.8164], [118.7728, -2.816], [118.7725, -2.8114], [118.7691, -2.8091], [118.7675, -2.8079], [118.7656, -2.8049], [118.7636, -2.8044], [118.7608, -2.8034], [118.758, -2.8005], [118.758, -2.798], [118.7586, -2.796], [118.7582, -2.7907], [118.7567, -2.7856], [118.7568, -2.7826], [118.7558, -2.7798], [118.7571, -2.7735], [118.7573, -2.7728], [118.7585, -2.7696], [118.7589, -2.767], [118.7578, -2.7637], [118.7583, -2.7605], [118.7601, -2.7553], [118.7613, -2.7535], [118.7625, -2.7489], [118.7655, -2.7473], [118.7678, -2.7477], [118.771, -2.749], [118.7746, -2.7503], [118.7813, -2.7484], [118.783, -2.7465], [118.7842, -2.7428], [118.7816, -2.7389], [118.7798, -2.7369], [118.7786, -2.7334], [118.7773, -2.7293], [118.7774, -2.7251], [118.7769, -2.7223], [118.7742, -2.7214], [118.7735, -2.7182], [118.7735, -2.7144], [118.7784, -2.7027], [118.7774, -2.6876], [118.7776, -2.6845], [118.7838, -2.6746], [118.7857, -2.6726], [118.7864, -2.6708], [118.7871, -2.6697], [118.788, -2.6686], [118.7911, -2.6674], [118.7932, -2.6658], [118.7941, -2.6644], [118.795, -2.6632], [118.7951, -2.6628], [118.796, -2.6591], [118.7972, -2.6571], [118.8002, -2.6535], [118.8032, -2.6518], [118.8052, -2.6502], [118.8086, -2.6453], [118.81, -2.6427], [118.8111, -2.642], [118.8111, -2.6379], [118.8117, -2.6337], [118.8122, -2.633], [118.8131, -2.6297], [118.8144, -2.6268], [118.8154, -2.625], [118.8149, -2.6244], [118.8159, -2.6221], [118.8184, -2.62], [118.8197, -2.6193], [118.8218, -2.6201], [118.8234, -2.6219], [118.8251, -2.6239], [118.8265, -2.6262], [118.8267, -2.6267], [118.8282, -2.6282], [118.8303, -2.6294], [118.8304, -2.6297], [118.8309, -2.6307], [118.8317, -2.6313], [118.8318, -2.6319], [118.8322, -2.6323], [118.8331, -2.6342], [118.8338, -2.6344], [118.8339, -2.6347], [118.8363, -2.6382], [118.8401, -2.643], [118.841, -2.6448], [118.8423, -2.6486], [118.8437, -2.6527], [118.8454, -2.6558], [118.848, -2.658], [118.8533, -2.6601], [118.8553, -2.6608], [118.8576, -2.6646], [118.8578, -2.6652], [118.8579, -2.6661], [118.8587, -2.6677], [118.8592, -2.6681], [118.8595, -2.6685], [118.8593, -2.6689], [118.8595, -2.6692], [118.8597, -2.6693], [118.86, -2.6694], [118.8605, -2.6696], [118.8608, -2.6697], [118.8614, -2.67], [118.862, -2.6703], [118.8627, -2.6707], [118.8634, -2.6708], [118.8643, -2.6711], [118.865, -2.6713], [118.8655, -2.6716], [118.8662, -2.672], [118.8666, -2.6725], [118.867, -2.6731], [118.8672, -2.6737], [118.8674, -2.6739], [118.8677, -2.6755], [118.8676, -2.6757], [118.8675, -2.676], [118.8676, -2.6761], [118.8676, -2.6764], [118.8677, -2.677], [118.8677, -2.6773], [118.8678, -2.6779], [118.8678, -2.6783], [118.8679, -2.6785], [118.8679, -2.6788], [118.868, -2.6792], [118.8682, -2.6794], [118.8684, -2.6795], [118.8686, -2.6797], [118.8687, -2.68], [118.8688, -2.68], [118.8693, -2.6802], [118.8699, -2.6804], [118.871, -2.6809], [118.8727, -2.681], [118.8738, -2.6808], [118.8784, -2.6793], [118.88, -2.6792], [118.8803, -2.6786], [118.8817, -2.6779], [118.8823, -2.6775], [118.8839, -2.6766], [118.8838, -2.6764], [118.8837, -2.6763], [118.8836, -2.6762], [118.885, -2.6752], [118.8856, -2.676], [118.8858, -2.6759], [118.8857, -2.6757], [118.8856, -2.6755], [118.8855, -2.6752], [118.8856, -2.6751], [118.886, -2.6747], [118.8861, -2.6747], [118.8866, -2.6742], [118.8866, -2.674], [118.8865, -2.6739], [118.8858, -2.6731], [118.8859, -2.673], [118.8867, -2.6739], [118.887, -2.6737], [118.89, -2.6712], [118.892, -2.6702], [118.8933, -2.6689], [118.893, -2.6685], [118.8938, -2.6676], [118.8943, -2.6672], [118.8961, -2.6666], [118.8979, -2.6669], [118.8987, -2.6671], [118.8999, -2.667], [118.9039, -2.6684], [118.9055, -2.6683], [118.9055, -2.6679], [118.9059, -2.6673], [118.9067, -2.6673], [118.908, -2.6681], [118.9085, -2.6666], [118.9099, -2.6671], [118.9104, -2.6669], [118.9111, -2.6671], [118.9112, -2.6667], [118.9115, -2.6665], [118.912, -2.6667], [118.9125, -2.6678], [118.9123, -2.6654], [118.9126, -2.6654], [118.9125, -2.6644], [118.9127, -2.6637], [118.913, -2.6633], [118.9138, -2.6627], [118.9153, -2.6623], [118.9168, -2.6627], [118.9185, -2.6616], [118.9198, -2.6618], [118.9204, -2.6604], [118.9219, -2.6603], [118.9224, -2.6595], [118.9244, -2.6595], [118.9246, -2.659], [118.9251, -2.6582], [118.9239, -2.6553], [118.9245, -2.6532], [118.9254, -2.6526], [118.9257, -2.6507], [118.9295, -2.6519], [118.9314, -2.651], [118.9327, -2.6511], [118.9338, -2.6495], [118.934, -2.6481], [118.9362, -2.646], [118.9368, -2.645], [118.9395, -2.6434], [118.9424, -2.6397], [118.9456, -2.6396], [118.947, -2.6384], [118.9482, -2.6384], [118.9493, -2.6393], [118.9513, -2.6387], [118.9547, -2.6398], [118.9567, -2.6396], [118.958, -2.6391], [118.9592, -2.6393], [118.9595, -2.6408], [118.9624, -2.6382], [118.9659, -2.6373], [118.9649, -2.6354], [118.9658, -2.6345], [118.9665, -2.6327], [118.9669, -2.6321], [118.9654, -2.6308], [118.9656, -2.6293], [118.9665, -2.6284], [118.967, -2.6278], [118.9686, -2.628], [118.9699, -2.627], [118.9716, -2.627], [118.9728, -2.6279], [118.9746, -2.6273], [118.9779, -2.628], [118.9789, -2.6275], [118.9806, -2.6292], [118.9811, -2.6282], [118.982, -2.6285], [118.983, -2.6277], [118.9836, -2.6257], [118.9857, -2.6234], [118.9867, -2.6232], [118.9885, -2.6205], [118.9897, -2.6209], [118.9902, -2.6199], [118.9925, -2.6205], [118.9932, -2.6189], [118.9944, -2.6184], [118.995, -2.6176], [118.9965, -2.6174], [118.9975, -2.6158], [118.9996, -2.6145], [118.9982, -2.6137], [118.9992, -2.6111], [118.9976, -2.6101], [118.9974, -2.6087], [118.9982, -2.6052], [118.9997, -2.6038], [119.0022, -2.6043], [119.0028, -2.6036], [119.0069, -2.6005], [119.0105, -2.5995], [119.0092, -2.5949], [119.0113, -2.5933], [119.0079, -2.5911], [119.0077, -2.5884], [119.009, -2.5855], [119.0114, -2.5881], [119.0137, -2.5892], [119.0169, -2.5893], [119.0192, -2.5887], [119.0222, -2.5875], [119.0269, -2.5846], [119.0271, -2.5846], [119.0288, -2.5837], [119.031, -2.5814], [119.0326, -2.5746], [119.0341, -2.5714], [119.0346, -2.569], [119.0346, -2.5668], [119.0345, -2.5644], [119.0343, -2.5628], [119.0337, -2.5597], [119.0336, -2.5593], [119.0337, -2.5567], [119.0338, -2.5547], [119.0338, -2.5511], [119.0334, -2.5484], [119.0331, -2.5442], [119.0326, -2.5414], [119.0323, -2.5396], [119.0323, -2.5374], [119.0325, -2.5353], [119.0327, -2.5329], [119.033, -2.5305], [119.034, -2.5244], [119.0347, -2.5223], [119.0379, -2.5158], [119.0386, -2.5148], [119.0389, -2.514], [119.0402, -2.512], [119.0408, -2.5084], [119.0439, -2.507], [119.0475, -2.5064], [119.0478, -2.5063], [119.055, -2.5039], [119.0558, -2.5029], [119.0596, -2.5014], [119.0662, -2.498], [119.068, -2.4972], [119.0695, -2.4967], [119.071, -2.4961], [119.0756, -2.4946], [119.0796, -2.4939], [119.0881, -2.4916], [119.092, -2.4907], [119.0974, -2.4904], [119.0993, -2.4899], [119.1002, -2.4898], [119.1021, -2.4887], [119.1039, -2.4866], [119.1046, -2.4854], [119.1048, -2.4851], [119.1062, -2.4842], [119.1078, -2.4835], [119.1097, -2.4839], [119.1147, -2.4826], [119.1173, -2.4821], [119.122, -2.4813], [119.1242, -2.4825], [119.1252, -2.482], [119.126, -2.4802], [119.1263, -2.4792], [119.1269, -2.477], [119.1277, -2.4756], [119.1294, -2.4754], [119.1303, -2.4761], [119.1323, -2.4763], [119.1355, -2.4751], [119.1404, -2.474], [119.1419, -2.4711], [119.1447, -2.4675], [119.1448, -2.4645], [119.1464, -2.4627], [119.1461, -2.4611], [119.1453, -2.4597], [119.1432, -2.4589], [119.1407, -2.4608], [119.1377, -2.4623], [119.1346, -2.4643], [119.1314, -2.4643], [119.1311, -2.467], [119.1288, -2.4671], [119.1273, -2.4661], [119.127, -2.4647], [119.1275, -2.4638], [119.1276, -2.4635], [119.1292, -2.4638], [119.1302, -2.4631], [119.1304, -2.4617], [119.1324, -2.4569], [119.1343, -2.4536], [119.1361, -2.4491], [119.1361, -2.4445], [119.1365, -2.4439], [119.1368, -2.4419], [119.1368, -2.4393], [119.1363, -2.4347], [119.1363, -2.4304], [119.136, -2.4267], [119.1356, -2.4237], [119.1356, -2.4218], [119.1352, -2.4205], [119.1357, -2.4199], [119.1362, -2.4193], [119.1387, -2.4148], [119.139, -2.4123], [119.1391, -2.41], [119.1394, -2.4078], [119.1407, -2.4032], [119.1409, -2.4006], [119.1416, -2.3973], [119.1419, -2.394], [119.1423, -2.393], [119.1429, -2.3928], [119.1426, -2.3917], [119.1421, -2.3905], [119.1419, -2.3878], [119.1416, -2.3869], [119.1404, -2.3794], [119.1399, -2.3768], [119.1389, -2.373], [119.1379, -2.3704], [119.1367, -2.3673], [119.1354, -2.3649], [119.1347, -2.3629], [119.1354, -2.3614], [119.1346, -2.361], [119.1341, -2.3564], [119.1325, -2.3515], [119.1319, -2.3499], [119.1317, -2.3484], [119.1296, -2.3442], [119.1295, -2.3441], [119.1279, -2.3407], [119.1269, -2.3395], [119.1231, -2.3303], [119.1222, -2.3225], [119.1229, -2.3165], [119.1226, -2.3141], [119.1234, -2.3127], [119.1246, -2.3116], [119.128, -2.3112], [119.1336, -2.3079], [119.1337, -2.3078], [119.1336, -2.3077], [119.1317, -2.3039], [119.1316, -2.3023], [119.1306, -2.3013], [119.1286, -2.2959], [119.1283, -2.2928], [119.1284, -2.2918], [119.1283, -2.2888], [119.1291, -2.2835], [119.1295, -2.2806], [119.1302, -2.2768], [119.1312, -2.2742], [119.1352, -2.2673], [119.1362, -2.266], [119.1357, -2.2656], [119.1376, -2.2617], [119.1415, -2.256], [119.1457, -2.2498], [119.1476, -2.248], [119.1486, -2.2471], [119.1495, -2.2453], [119.1513, -2.2423], [119.1522, -2.2394], [119.1524, -2.2357], [119.152, -2.2317], [119.152, -2.23], [119.151, -2.2238], [119.1503, -2.2222], [119.1495, -2.2189], [119.1491, -2.2176], [119.1484, -2.2156], [119.1471, -2.2084], [119.1454, -2.2005], [119.1465, -2.1977], [119.1465, -2.1976], [119.1479, -2.1946], [119.1496, -2.1924], [119.1546, -2.1885], [119.1566, -2.1855], [119.158, -2.1824], [119.1597, -2.1771], [119.1596, -2.1748], [119.1597, -2.1702], [119.1614, -2.1685], [119.163, -2.1657], [119.1639, -2.1651], [119.1659, -2.1611], [119.1676, -2.1594], [119.1697, -2.1579], [119.1716, -2.1568], [119.1737, -2.1567], [119.1756, -2.1568], [119.1759, -2.1556], [119.1811, -2.1528], [119.1852, -2.1534], [119.1868, -2.1526], [119.1879, -2.1525], [119.1887, -2.1482], [119.1873, -2.1459], [119.188, -2.1442], [119.1862, -2.1421], [119.1867, -2.1415], [119.1859, -2.1365], [119.1879, -2.1358], [119.1892, -2.1361], [119.1897, -2.1352], [119.1914, -2.1327], [119.1918, -2.1292], [119.1895, -2.1254], [119.1898, -2.1241], [119.1894, -2.1216], [119.1896, -2.12], [119.191, -2.1179], [119.1936, -2.1164], [119.1981, -2.112], [119.1981, -2.1117], [119.1992, -2.1081], [119.2004, -2.1069], [119.2, -2.1058], [119.1995, -2.1029], [119.1994, -2.1029], [119.1997, -2.1013], [119.1993, -2.1009], [119.1988, -2.1006], [119.1971, -2.0976], [119.1925, -2.0966], [119.1925, -2.0952], [119.1956, -2.09], [119.1958, -2.0879], [119.1953, -2.0846], [119.1971, -2.0798], [119.1972, -2.0779], [119.1977, -2.0768], [119.199, -2.0746], [119.1993, -2.0729], [119.2013, -2.0692], [119.2018, -2.0673], [119.202, -2.0655], [119.2044, -2.0634], [119.2045, -2.0634], [119.2056, -2.059], [119.2052, -2.054], [119.2083, -2.0434], [119.2094, -2.0387], [119.2099, -2.0366], [119.2103, -2.0311], [119.2098, -2.0282], [119.2126, -2.0244], [119.2136, -2.0248], [119.2158, -2.0224], [119.2156, -2.0206], [119.22, -2.0168], [119.2212, -2.0174], [119.2222, -2.0162], [119.2233, -2.0131], [119.2203, -2.011], [119.2178, -2.006], [119.2137, -2.0019], [119.2127, -1.9978], [119.2185, -1.9929], [119.2203, -1.9936], [119.2229, -1.9927], [119.2253, -1.9887], [119.2272, -1.9867], [119.2328, -1.9855], [119.2386, -1.9822], [119.239, -1.982], [119.2416, -1.9808], [119.2427, -1.9792], [119.2502, -1.9751], [119.2532, -1.9723], [119.2571, -1.9719], [119.2622, -1.9706], [119.2797, -1.9595], [119.2857, -1.9543], [119.2899, -1.9525], [119.2938, -1.9525], [119.2964, -1.9537], [119.2971, -1.9557], [119.2954, -1.9549], [119.2946, -1.9558], [119.2959, -1.9587], [119.2965, -1.9598], [119.2989, -1.9603], [119.3047, -1.9599], [119.3102, -1.9574], [119.3148, -1.9545], [119.3146, -1.9537], [119.3155, -1.9529], [119.3174, -1.9528], [119.3184, -1.9534], [119.3185, -1.9558], [119.319, -1.956], [119.3192, -1.9583], [119.3212, -1.9602], [119.3215, -1.963], [119.3234, -1.9641], [119.3268, -1.9625], [119.3309, -1.9637], [119.3311, -1.9629], [119.3322, -1.9617], [119.3327, -1.9618], [119.333, -1.9616], [119.3326, -1.9611], [119.3327, -1.9602], [119.3334, -1.9597], [119.3327, -1.959], [119.3328, -1.9577], [119.3336, -1.9569], [119.3331, -1.9558], [119.3339, -1.9517], [119.3336, -1.9508], [119.3354, -1.9496], [119.3348, -1.9479], [119.3354, -1.9472], [119.3372, -1.9423], [119.3385, -1.9414], [119.3391, -1.9393], [119.3382, -1.9383], [119.3384, -1.937], [119.3402, -1.9362], [119.3415, -1.9347], [119.3405, -1.9305], [119.3363, -1.9303], [119.3343, -1.9262], [119.3387, -1.9192], [119.3355, -1.914], [119.3448, -1.9086], [119.3515, -1.9021], [119.3522, -1.9002], [119.3535, -1.897], [119.3523, -1.8922], [119.3507, -1.8838], [119.3516, -1.8766], [119.3512, -1.8707], [119.3558, -1.8657], [119.358, -1.8625], [119.3628, -1.8615], [119.3642, -1.8564], [119.3621, -1.8476], [119.359, -1.8367], [119.3591, -1.8347], [119.3592, -1.8331], [119.3591, -1.831], [119.3594, -1.8306], [119.3577, -1.8305], [119.3575, -1.827], [119.3565, -1.8241], [119.3554, -1.822], [119.3553, -1.8214], [119.3543, -1.8208], [119.3541, -1.8201], [119.3521, -1.8176], [119.3502, -1.8164], [119.3453, -1.8145], [119.3435, -1.8161], [119.3427, -1.8156], [119.3426, -1.8154], [119.3422, -1.8136], [119.3439, -1.8109], [119.3439, -1.8104], [119.3437, -1.8106], [119.3428, -1.8114], [119.342, -1.8126], [119.3416, -1.8146], [119.3415, -1.8165], [119.3418, -1.8184], [119.341, -1.8184], [119.3403, -1.8186], [119.3392, -1.8191], [119.3383, -1.8193], [119.3375, -1.8194], [119.3352, -1.8184], [119.3343, -1.8177], [119.3335, -1.8171], [119.333, -1.8165], [119.3317, -1.8153], [119.3311, -1.8148], [119.3302, -1.8137], [119.3292, -1.8124], [119.3277, -1.8105], [119.3267, -1.809], [119.3259, -1.8078], [119.325, -1.8065], [119.3236, -1.8044], [119.3221, -1.802], [119.3205, -1.8002], [119.3195, -1.7995], [119.3181, -1.7985], [119.3176, -1.7989], [119.3172, -1.7993], [119.3166, -1.7997], [119.3159, -1.7999], [119.3151, -1.7996], [119.3139, -1.7993], [119.3128, -1.7989], [119.3117, -1.7983], [119.3114, -1.7976], [119.3112, -1.7963], [119.3116, -1.7951], [119.3128, -1.7932], [119.3136, -1.793], [119.3142, -1.7913], [119.3142, -1.7904], [119.3137, -1.7891], [119.3132, -1.7881], [119.3126, -1.7873], [119.3128, -1.7849], [119.3135, -1.7841], [119.3138, -1.7834], [119.3143, -1.7807], [119.3146, -1.7785], [119.3152, -1.7749], [119.3154, -1.7724], [119.3154, -1.7708], [119.3151, -1.7684], [119.3147, -1.7662], [119.3143, -1.7644], [119.3134, -1.7623], [119.3127, -1.7597], [119.3125, -1.7576], [119.311, -1.7534], [119.3096, -1.7498], [119.3088, -1.748], [119.3086, -1.7472], [119.3079, -1.7452], [119.3076, -1.7443], [119.3076, -1.7424], [119.3073, -1.7415], [119.3068, -1.7411], [119.3065, -1.7395], [119.3064, -1.7384], [119.3048, -1.731], [119.3043, -1.7292], [119.3024, -1.7217], [119.3023, -1.718], [119.3009, -1.7068], [119.2991, -1.7037], [119.2995, -1.704], [119.2988, -1.7032], [119.2978, -1.7022], [119.2968, -1.7004], [119.2954, -1.6984], [119.2934, -1.6966], [119.2915, -1.6956], [119.2882, -1.6944], [119.2869, -1.6933], [119.2857, -1.6917], [119.2845, -1.6912], [119.285, -1.6921], [119.2844, -1.6931], [119.2827, -1.6925], [119.2818, -1.6911], [119.2814, -1.6886], [119.2819, -1.6843], [119.2834, -1.6837], [119.285, -1.683], [119.2866, -1.6823], [119.2866, -1.6812], [119.2874, -1.6807], [119.2867, -1.6789], [119.2873, -1.6763], [119.2865, -1.6745], [119.2862, -1.6721], [119.2851, -1.6692], [119.2849, -1.6672], [119.2842, -1.6634], [119.2846, -1.6622], [119.2842, -1.661], [119.2847, -1.66], [119.2845, -1.6593], [119.2849, -1.6582], [119.2865, -1.6563], [119.2876, -1.6564], [119.2886, -1.657], [119.2892, -1.6569], [119.2905, -1.6574], [119.2916, -1.6576], [119.2939, -1.6588], [119.2941, -1.6588], [119.2944, -1.6589], [119.2946, -1.6573], [119.2941, -1.6565], [119.2946, -1.6548], [119.2937, -1.6525], [119.2925, -1.6515], [119.2915, -1.6513], [119.2912, -1.6509], [119.2915, -1.6503], [119.2909, -1.6489], [119.2904, -1.6477], [119.2908, -1.647], [119.2917, -1.6465], [119.2928, -1.6455], [119.2949, -1.6455], [119.2963, -1.6461], [119.2966, -1.6454], [119.2988, -1.6442], [119.3009, -1.6439], [119.3023, -1.6443], [119.3035, -1.6457], [119.3053, -1.6443], [119.306, -1.6428], [119.3039, -1.6402], [119.3036, -1.6373], [119.3045, -1.637], [119.3042, -1.6348], [119.3054, -1.6339], [119.3051, -1.6328], [119.3061, -1.6315], [119.3076, -1.6307], [119.3099, -1.6301], [119.3104, -1.629], [119.3099, -1.6271], [119.3091, -1.6256], [119.308, -1.6259], [119.3064, -1.6259], [119.3047, -1.6246], [119.3026, -1.6238], [119.3015, -1.623], [119.3006, -1.6223], [119.2998, -1.6214], [119.2997, -1.6204], [119.3015, -1.6194], [119.3022, -1.62], [119.3023, -1.6189], [119.3025, -1.6186], [119.3025, -1.6179], [119.3024, -1.617], [119.3026, -1.6162], [119.302, -1.6155], [119.3029, -1.6134], [119.3025, -1.6126], [119.3031, -1.6116], [119.3027, -1.6106], [119.3048, -1.6102], [119.3051, -1.6096], [119.3059, -1.6092], [119.3068, -1.6102], [119.3073, -1.6092], [119.3085, -1.609], [119.3114, -1.6085], [119.3124, -1.6088], [119.3137, -1.6091], [119.316, -1.608], [119.3171, -1.6064], [119.3177, -1.6056], [119.3184, -1.6042], [119.3191, -1.6034], [119.3199, -1.6022], [119.3204, -1.6013], [119.3212, -1.6002], [119.3223, -1.5993], [119.3234, -1.5976], [119.3241, -1.5964], [119.3244, -1.5951], [119.325, -1.5935], [119.325, -1.5934], [119.3255, -1.59], [119.3256, -1.5887], [119.3256, -1.5843], [119.3256, -1.5809], [119.3259, -1.5796], [119.3259, -1.5751], [119.3264, -1.573], [119.3261, -1.5718], [119.3251, -1.5673], [119.3248, -1.5666], [119.3246, -1.5662], [119.3241, -1.564], [119.3234, -1.5629], [119.3232, -1.5612], [119.3223, -1.5595], [119.3217, -1.5579], [119.3211, -1.5565], [119.3202, -1.554], [119.3199, -1.5531], [119.3195, -1.5515], [119.3188, -1.5503], [119.3182, -1.5489], [119.3172, -1.5472], [119.3178, -1.5468], [119.3175, -1.5461], [119.3168, -1.5461], [119.3162, -1.5448], [119.3158, -1.544], [119.315, -1.5425], [119.3143, -1.5412], [119.3136, -1.5398], [119.3126, -1.5379], [119.312, -1.5364], [119.3107, -1.5344], [119.3101, -1.5313], [119.3099, -1.5294], [119.3091, -1.5263], [119.3089, -1.5245], [119.3079, -1.5189], [119.3076, -1.5163], [119.3078, -1.516], [119.3073, -1.5145], [119.3069, -1.5123], [119.3065, -1.5102], [119.3061, -1.5089], [119.3056, -1.5077], [119.3053, -1.5065], [119.3051, -1.5059], [119.3049, -1.5059], [119.3044, -1.5038], [119.3038, -1.5029], [119.3033, -1.5019], [119.3029, -1.5006], [119.3017, -1.4986], [119.3016, -1.4971], [119.3005, -1.4948], [119.3006, -1.4935], [119.3017, -1.4939], [119.3005, -1.4926], [119.2999, -1.4913], [119.3, -1.4905], [119.2994, -1.4879], [119.2988, -1.486], [119.2984, -1.4848], [119.2979, -1.4833], [119.2975, -1.4815], [119.2971, -1.4803], [119.2965, -1.4786], [119.2957, -1.4761], [119.294, -1.4718], [119.2938, -1.4709], [119.2938, -1.4705], [119.2935, -1.4684], [119.2928, -1.465], [119.2924, -1.4638], [119.2921, -1.4616], [119.2916, -1.4601], [119.2903, -1.4571], [119.2898, -1.456], [119.2886, -1.4532], [119.2885, -1.4525], [119.2891, -1.452], [119.2881, -1.45], [119.289, -1.4469], [119.2894, -1.4458], [119.2908, -1.4382], [119.2912, -1.436], [119.2916, -1.4327], [119.2915, -1.428], [119.2916, -1.4249], [119.2918, -1.424], [119.2926, -1.4236], [119.2927, -1.4226], [119.2927, -1.4207], [119.2925, -1.4198], [119.2923, -1.4186], [119.2916, -1.4156], [119.2915, -1.4154], [119.2915, -1.4137], [119.2878, -1.4109], [119.2898, -1.4042], [119.2905, -1.3923], [119.2938, -1.3864], [119.2942, -1.3864], [119.2946, -1.3853], [119.2971, -1.3817], [119.2984, -1.3805], [119.3003, -1.3789], [119.3011, -1.3784], [119.3027, -1.3774], [119.3069, -1.3739], [119.3111, -1.3708], [119.3131, -1.3689], [119.3164, -1.3667], [119.318, -1.365], [119.3209, -1.3628], [119.3223, -1.3624], [119.323, -1.3614], [119.325, -1.3597], [119.3274, -1.3558], [119.3301, -1.3527], [119.3324, -1.3495], [119.3324, -1.3469], [119.3323, -1.3462], [119.3318, -1.3428], [119.3315, -1.3419], [119.3311, -1.3394], [119.3307, -1.3381], [119.3315, -1.3377], [119.3317, -1.337], [119.3315, -1.3367], [119.3311, -1.336], [119.3304, -1.3364], [119.3298, -1.3341], [119.3296, -1.3333], [119.3293, -1.3325], [119.3287, -1.3291], [119.3281, -1.3249], [119.3279, -1.3237], [119.3273, -1.3204], [119.327, -1.3188], [119.3261, -1.3159], [119.3259, -1.3149], [119.325, -1.3135], [119.3248, -1.313], [119.3238, -1.3109], [119.3236, -1.3103], [119.3235, -1.307], [119.3233, -1.3063], [119.323, -1.3035], [119.3222, -1.3019], [119.3213, -1.2978], [119.3204, -1.2967], [119.3188, -1.2948], [119.3187, -1.2946], [119.3182, -1.2963], [119.3178, -1.2962], [119.3172, -1.2956], [119.3166, -1.2946], [119.3159, -1.2935], [119.3154, -1.2924], [119.3148, -1.2913], [119.3144, -1.2908], [119.3137, -1.29], [119.3134, -1.2896], [119.3128, -1.2886], [119.3121, -1.2877], [119.3114, -1.2864], [119.3106, -1.2853], [119.31, -1.2843], [119.3097, -1.2839], [119.3095, -1.2835], [119.3091, -1.2829], [119.3084, -1.282], [119.3076, -1.2809], [119.3065, -1.2794], [119.3058, -1.2785], [119.3053, -1.278], [119.3047, -1.2775], [119.3041, -1.2769], [119.3033, -1.2762], [119.3035, -1.2751], [119.3028, -1.2735], [119.3036, -1.2717], [119.3042, -1.2709], [119.3048, -1.2707], [119.3054, -1.2678], [119.3062, -1.2662], [119.3082, -1.2625], [119.3086, -1.2614], [119.3089, -1.2606], [119.3091, -1.2596], [119.3094, -1.2587], [119.3108, -1.2575], [119.3115, -1.2566], [119.3117, -1.2557], [119.3118, -1.255], [119.3122, -1.2541], [119.3128, -1.2529], [119.3131, -1.2506], [119.3139, -1.2494], [119.3144, -1.2461], [119.3143, -1.2454], [119.3143, -1.2451], [119.3137, -1.2448], [119.3142, -1.2444], [119.3143, -1.2438], [119.3145, -1.2432], [119.3148, -1.242], [119.3154, -1.2416], [119.3163, -1.2417], [119.3166, -1.2411], [119.3162, -1.2406], [119.3169, -1.2389], [119.3176, -1.2374], [119.3185, -1.2362], [119.3188, -1.2355], [119.3192, -1.2344], [119.3196, -1.2333], [119.3203, -1.2306], [119.3206, -1.2297], [119.321, -1.2286], [119.3212, -1.2278], [119.3221, -1.2242], [119.3222, -1.2236], [119.3224, -1.2224], [119.3222, -1.2205], [119.3226, -1.2197], [119.3258, -1.2191], [119.3257, -1.2182], [119.3261, -1.2172], [119.3264, -1.2161], [119.3276, -1.214], [119.3287, -1.2117], [119.3288, -1.2114], [119.3294, -1.209], [119.3297, -1.2073], [119.3299, -1.2059], [119.3301, -1.204], [119.3308, -1.2022], [119.3309, -1.2016], [119.3312, -1.2011], [119.3317, -1.2009], [119.3319, -1.2007], [119.3317, -1.2004], [119.3317, -1.2], [119.3318, -1.1996], [119.332, -1.1993], [119.332, -1.199], [119.3323, -1.1987], [119.3326, -1.1992], [119.3332, -1.1982], [119.3334, -1.198], [119.3335, -1.1977], [119.3338, -1.1973], [119.3338, -1.1969], [119.334, -1.1967], [119.334, -1.1965], [119.3341, -1.196], [119.3345, -1.1956], [119.3346, -1.1947], [119.3343, -1.1939], [119.3346, -1.192], [119.3349, -1.1915], [119.3347, -1.1914], [119.3348, -1.1909], [119.3349, -1.1909], [119.3354, -1.1906], [119.3351, -1.1903], [119.335, -1.1902], [119.3352, -1.1899], [119.3361, -1.1911], [119.3367, -1.1916], [119.3371, -1.1924], [119.3371, -1.1917], [119.3365, -1.191], [119.3362, -1.1905], [119.336, -1.1901], [119.3358, -1.1897], [119.3356, -1.1887], [119.3358, -1.189], [119.336, -1.1892], [119.336, -1.1885], [119.3361, -1.1885], [119.3363, -1.1889], [119.3361, -1.1892], [119.3361, -1.1895], [119.3365, -1.1898], [119.3366, -1.1896], [119.3365, -1.1893], [119.337, -1.1892], [119.3371, -1.1888], [119.3368, -1.1887], [119.3367, -1.1885], [119.3371, -1.1885], [119.3373, -1.1876], [119.3376, -1.1865], [119.3376, -1.1857], [119.338, -1.185], [119.3381, -1.1813], [119.338, -1.1801], [119.3381, -1.1783], [119.3381, -1.1772], [119.3392, -1.1742], [119.3393, -1.1739], [119.3396, -1.1719], [119.3396, -1.1697], [119.3393, -1.1695], [119.3394, -1.1689], [119.3399, -1.1684], [119.34, -1.1679], [119.3408, -1.1674], [119.3418, -1.1664], [119.3426, -1.1666], [119.3431, -1.1667], [119.3433, -1.167], [119.3441, -1.1673], [119.3444, -1.1672], [119.3453, -1.168], [119.3463, -1.1687], [119.3469, -1.1689], [119.3474, -1.1689], [119.3479, -1.1691], [119.3483, -1.1688], [119.3484, -1.1691], [119.3488, -1.169], [119.3493, -1.1693], [119.3497, -1.1692], [119.3498, -1.1697], [119.35, -1.1699], [119.35, -1.1702], [119.3501, -1.1702], [119.3501, -1.1704], [119.3503, -1.1706], [119.3501, -1.1707], [119.3501, -1.171], [119.3504, -1.171], [119.3506, -1.1717], [119.3513, -1.1724], [119.352, -1.1726], [119.3532, -1.1728], [119.3542, -1.173], [119.3544, -1.1731], [119.3559, -1.1731], [119.3565, -1.1734], [119.3571, -1.1733], [119.3573, -1.1734], [119.3587, -1.1735], [119.3588, -1.1738], [119.3591, -1.1739], [119.3602, -1.1736], [119.3617, -1.173], [119.3633, -1.1724], [119.3647, -1.1724], [119.3659, -1.1717], [119.367, -1.1712], [119.3678, -1.1704], [119.368, -1.1667], [119.3685, -1.165], [119.3689, -1.1647], [119.37, -1.164], [119.3704, -1.1638], [119.3713, -1.163], [119.3722, -1.1614], [119.3735, -1.16], [119.3752, -1.1587], [119.3766, -1.1601], [119.3778, -1.1603], [119.3791, -1.1596], [119.3796, -1.1588], [119.3797, -1.1583], [119.3802, -1.157], [119.3809, -1.1559], [119.3813, -1.1534], [119.3811, -1.1511], [119.3807, -1.1507], [119.3808, -1.1498], [119.3813, -1.1491], [119.3822, -1.1485], [119.3829, -1.1466], [119.3836, -1.1451], [119.384, -1.1438], [119.3844, -1.1436], [119.3845, -1.1429], [119.3849, -1.1426], [119.3853, -1.1421], [119.3851, -1.1419], [119.3853, -1.1415], [119.3851, -1.1405], [119.3854, -1.1401], [119.3854, -1.1391], [119.3858, -1.139], [119.3858, -1.1385], [119.386, -1.1382], [119.3856, -1.1377], [119.3857, -1.1371], [119.3865, -1.1371], [119.3869, -1.1378], [119.3885, -1.1362], [119.389, -1.1369], [119.3881, -1.1375], [119.3872, -1.138], [119.3874, -1.1388], [119.3868, -1.1388], [119.3868, -1.1397], [119.3865, -1.1401], [119.3878, -1.1405], [119.3884, -1.1435], [119.389, -1.1436], [119.3896, -1.1433], [119.39, -1.1429], [119.39, -1.1423], [119.3905, -1.1418], [119.3908, -1.1414], [119.3905, -1.141], [119.3908, -1.1407], [119.3911, -1.1405], [119.3933, -1.1413], [119.3923, -1.1398], [119.3938, -1.1392], [119.3939, -1.1391], [119.3942, -1.1387], [119.3943, -1.1385], [119.3949, -1.1382], [119.3954, -1.1381], [119.3959, -1.1381], [119.3963, -1.1372], [119.3959, -1.1362], [119.3962, -1.1356], [119.3961, -1.1354], [119.3974, -1.133], [119.3979, -1.1318], [119.3979, -1.131], [119.3992, -1.1287], [119.4004, -1.1276], [119.4011, -1.1273], [119.4023, -1.1269], [119.4027, -1.127], [119.4042, -1.127], [119.4053, -1.1274], [119.4057, -1.1276], [119.4065, -1.1277], [119.4074, -1.1279], [119.4083, -1.1287], [119.4093, -1.1283], [119.4098, -1.1277], [119.4098, -1.127], [119.4094, -1.1262], [119.4099, -1.1257], [119.4095, -1.1243], [119.4092, -1.123], [119.4088, -1.1218], [119.4092, -1.1204], [119.4097, -1.12], [119.4109, -1.1198], [119.4112, -1.1204], [119.4126, -1.1207], [119.413, -1.1211], [119.4129, -1.1217], [119.4131, -1.1224], [119.4139, -1.1218], [119.4149, -1.1226], [119.4166, -1.1217], [119.4176, -1.1208], [119.419, -1.1187], [119.4191, -1.118], [119.4196, -1.1177], [119.419, -1.1172], [119.419, -1.1164], [119.4193, -1.1156], [119.4202, -1.1151], [119.421, -1.115], [119.4223, -1.1131], [119.4224, -1.1123], [119.4221, -1.1119], [119.4228, -1.1108], [119.4219, -1.1107], [119.4226, -1.1096], [119.4222, -1.1085], [119.4221, -1.1073], [119.4246, -1.1074], [119.4256, -1.107], [119.4271, -1.1075], [119.4283, -1.1076], [119.4296, -1.1074], [119.4305, -1.1072], [119.4316, -1.107], [119.4325, -1.1067], [119.4336, -1.1064], [119.4352, -1.1059], [119.4372, -1.1052], [119.4378, -1.1048], [119.44, -1.1034], [119.4408, -1.1027], [119.4435, -1.0995], [119.444, -1.0988], [119.4446, -1.0979], [119.4447, -1.0979], [119.4448, -1.0978], [119.445, -1.0974], [119.4454, -1.0969], [119.4459, -1.0959], [119.4454, -1.0956], [119.4457, -1.0949], [119.4458, -1.0944], [119.4461, -1.0942], [119.4469, -1.0939], [119.448, -1.0919], [119.4485, -1.0903], [119.4491, -1.0896], [119.4501, -1.0879], [119.4502, -1.0877], [119.4505, -1.0868], [119.4511, -1.086], [119.4516, -1.0849], [119.4523, -1.0842], [119.4532, -1.0827], [119.4543, -1.0805], [119.4548, -1.0807], [119.4549, -1.0801], [119.4552, -1.0803], [119.4556, -1.0799], [119.4557, -1.0795], [119.4561, -1.0796], [119.4573, -1.078], [119.458, -1.0771], [119.4605, -1.0738], [119.4623, -1.0707], [119.4627, -1.0699], [119.4639, -1.0679], [119.4642, -1.0675], [119.4647, -1.0667], [119.4654, -1.0648], [119.4658, -1.0642], [119.466, -1.0637], [119.4665, -1.0624], [119.4673, -1.0599], [119.4675, -1.0589], [119.4681, -1.0565], [119.4683, -1.0558], [119.4688, -1.0512], [119.4688, -1.0462], [119.4689, -1.0429], [119.4689, -1.0425], [119.4693, -1.0416], [119.4702, -1.0405], [119.4707, -1.0392], [119.4712, -1.0379], [119.4715, -1.0366], [119.4719, -1.0342], [119.4722, -1.033], [119.4724, -1.0308], [119.4722, -1.0304], [119.4726, -1.0305], [119.4728, -1.029], [119.4731, -1.0263], [119.4734, -1.0251], [119.4738, -1.021], [119.4737, -1.0206], [119.4738, -1.0206], [119.4775, -1.0088], [119.4795, -1.0029], [119.4801, -1.0012], [119.4803, -1.0004], [119.4804, -1], [119.4807, -0.9991], [119.4809, -0.9985], [119.4813, -0.9976], [119.4817, -0.9972], [119.482, -0.997], [119.4822, -0.9969], [119.4834, -0.9968], [119.4852, -0.9957], [119.4861, -0.9952], [119.4868, -0.9947], [119.4876, -0.9944], [119.4881, -0.9941], [119.4899, -0.9932], [119.4903, -0.9928], [119.4912, -0.9923], [119.4916, -0.992], [119.4925, -0.9913], [119.4946, -0.9894], [119.4957, -0.9882], [119.4966, -0.9871], [119.498, -0.985], [119.4986, -0.9838], [119.4999, -0.9812], [119.5002, -0.9802], [119.5004, -0.9796], [119.5011, -0.9777], [119.501, -0.9768], [119.5005, -0.9768], [119.5004, -0.9764], [119.5004, -0.9758], [119.501, -0.9755], [119.502, -0.9756], [119.5027, -0.9746], [119.5028, -0.9737], [119.503, -0.9735], [119.5033, -0.9734], [119.5039, -0.9722], [119.5045, -0.9704], [119.5046, -0.9699], [119.5049, -0.9689], [119.5051, -0.9674], [119.5052, -0.9653], [119.5052, -0.9636], [119.505, -0.9619], [119.5048, -0.9612], [119.5049, -0.9607], [119.5051, -0.9599], [119.5051, -0.9596], [119.5051, -0.9593], [119.5052, -0.9591], [119.5053, -0.9584], [119.5055, -0.9579], [119.5063, -0.9565], [119.5066, -0.9561], [119.5068, -0.956], [119.5068, -0.9559], [119.5069, -0.9557], [119.5073, -0.9554], [119.5075, -0.9536], [119.5077, -0.9533], [119.5079, -0.9531], [119.5083, -0.953], [119.5086, -0.952], [119.5088, -0.9518], [119.5096, -0.9517], [119.5102, -0.9515], [119.5109, -0.9511], [119.511, -0.9509], [119.5121, -0.95], [119.5123, -0.9499], [119.5125, -0.9496], [119.5131, -0.9489], [119.5135, -0.9484], [119.5138, -0.9482], [119.5142, -0.9478], [119.5145, -0.9478], [119.5154, -0.9469], [119.5163, -0.9459], [119.517, -0.9449], [119.5178, -0.9435], [119.5185, -0.9422], [119.5186, -0.9419], [119.5188, -0.9417], [119.5202, -0.9392], [119.5202, -0.9387], [119.5208, -0.937], [119.5213, -0.9355], [119.5213, -0.9348], [119.5216, -0.9342], [119.5217, -0.9332], [119.5219, -0.931], [119.5221, -0.9301], [119.5225, -0.9285], [119.5228, -0.927], [119.523, -0.9244], [119.5231, -0.9219], [119.5231, -0.9203], [119.523, -0.9179], [119.5229, -0.9164], [119.5228, -0.9149], [119.5227, -0.9146], [119.5225, -0.9136], [119.5226, -0.9121], [119.523, -0.9109], [119.5233, -0.9102], [119.5234, -0.9096], [119.5235, -0.9093], [119.5235, -0.9088], [119.5236, -0.9087], [119.5239, -0.9082], [119.5242, -0.9081], [119.5245, -0.9078], [119.5249, -0.9077], [119.5251, -0.9075], [119.5253, -0.9069], [119.5256, -0.9057], [119.5257, -0.9049], [119.5258, -0.8987], [119.5259, -0.8981], [119.526, -0.8973], [119.5266, -0.8961], [119.5271, -0.8958], [119.5278, -0.8958], [119.5282, -0.8963], [119.5284, -0.8963], [119.5289, -0.8958], [119.5297, -0.8956], [119.5303, -0.8951], [119.5311, -0.8938], [119.5316, -0.8924], [119.5318, -0.8906], [119.5317, -0.8901], [119.5319, -0.8899], [119.5321, -0.8894], [119.5326, -0.8889], [119.5331, -0.8884], [119.5334, -0.8881], [119.5335, -0.8876], [119.5349, -0.8871], [119.5353, -0.8867], [119.536, -0.8855], [119.5362, -0.8844], [119.5363, -0.8834], [119.5362, -0.8826], [119.5363, -0.8822], [119.5365, -0.8818], [119.5367, -0.8814], [119.5369, -0.8805], [119.5364, -0.8798], [119.5365, -0.8797], [119.5367, -0.8796], [119.5367, -0.8788], [119.5364, -0.8787], [119.5365, -0.8784], [119.5369, -0.878], [119.5372, -0.8778], [119.5375, -0.8778], [119.5377, -0.8779], [119.5378, -0.8777], [119.5376, -0.8775], [119.5386, -0.8765], [119.5393, -0.8757], [119.5399, -0.8746], [119.5417, -0.8736], [119.5419, -0.8734], [119.5429, -0.8723], [119.5435, -0.8713], [119.544, -0.8692], [119.5441, -0.8674], [119.544, -0.8666], [119.5438, -0.8664], [119.5434, -0.8662], [119.543, -0.866], [119.5434, -0.8654], [119.5436, -0.8646], [119.5441, -0.8647], [119.5443, -0.8645], [119.546, -0.8645], [119.547, -0.8643], [119.5478, -0.8643], [119.5484, -0.8639], [119.5492, -0.8636], [119.5498, -0.8633], [119.5504, -0.8628], [119.5507, -0.8624], [119.5524, -0.8615], [119.5533, -0.8603], [119.554, -0.8597], [119.5546, -0.8588], [119.5555, -0.8576], [119.5561, -0.8566], [119.5566, -0.8554], [119.557, -0.8543], [119.5573, -0.8537], [119.5581, -0.8517], [119.5593, -0.8498], [119.5598, -0.8488], [119.5604, -0.8482], [119.561, -0.8477], [119.5619, -0.8472], [119.5628, -0.8469], [119.5637, -0.8467], [119.5647, -0.8467], [119.5651, -0.8467], [119.5657, -0.8469], [119.5659, -0.8471], [119.5659, -0.8474], [119.5657, -0.8475], [119.564, -0.8475], [119.5631, -0.8475], [119.5628, -0.8475], [119.5625, -0.8476], [119.5618, -0.848], [119.5613, -0.8484], [119.5608, -0.8488], [119.5606, -0.8492], [119.5607, -0.8496], [119.561, -0.8499], [119.561, -0.8502], [119.5607, -0.8503], [119.5605, -0.8504], [119.5604, -0.8506], [119.5605, -0.8507], [119.5605, -0.8508], [119.561, -0.851], [119.5611, -0.8511], [119.5612, -0.8515], [119.5615, -0.8514], [119.5616, -0.852], [119.5617, -0.8524], [119.5618, -0.8527], [119.5618, -0.853], [119.5618, -0.8532], [119.5618, -0.8536], [119.5619, -0.8539], [119.5619, -0.8542], [119.5619, -0.8544], [119.562, -0.8546], [119.562, -0.8548], [119.5623, -0.8549], [119.5624, -0.8549], [119.5627, -0.8549], [119.5629, -0.8549], [119.5632, -0.8547], [119.5633, -0.8545], [119.5635, -0.8542], [119.5636, -0.8539], [119.5636, -0.8537], [119.5638, -0.8534], [119.564, -0.8533], [119.5642, -0.8532], [119.5644, -0.8531], [119.5646, -0.8531], [119.5649, -0.8531], [119.5651, -0.8533], [119.5652, -0.8534], [119.5654, -0.8537], [119.5655, -0.854], [119.5656, -0.8542], [119.5657, -0.8545], [119.5657, -0.8548], [119.5656, -0.8549], [119.5654, -0.855], [119.5652, -0.8552], [119.5648, -0.8554], [119.5647, -0.8555], [119.5646, -0.8559], [119.5647, -0.8569], [119.565, -0.8571], [119.5653, -0.8573], [119.5657, -0.8576], [119.5659, -0.8579], [119.566, -0.8581], [119.566, -0.8585], [119.566, -0.8588], [119.5655, -0.8601], [119.5653, -0.8603], [119.5651, -0.8604], [119.5648, -0.8606], [119.5645, -0.8606], [119.5643, -0.8605], [119.5641, -0.8604], [119.5639, -0.8603], [119.5636, -0.8601], [119.5633, -0.86], [119.563, -0.8601], [119.5627, -0.8602], [119.5624, -0.8603], [119.5621, -0.8608], [119.562, -0.8616], [119.5621, -0.862], [119.5622, -0.8622], [119.5623, -0.8626], [119.5623, -0.863], [119.5625, -0.8634], [119.5626, -0.8635], [119.5629, -0.8637], [119.5632, -0.8639], [119.5636, -0.8641], [119.5639, -0.8641], [119.5643, -0.8642], [119.5647, -0.8642], [119.565, -0.8641], [119.5652, -0.8638], [119.5655, -0.8636], [119.5659, -0.8634], [119.5665, -0.8632], [119.5669, -0.8631], [119.568, -0.8632], [119.5684, -0.8633], [119.5686, -0.8634], [119.5688, -0.8636], [119.5689, -0.8638], [119.5689, -0.8641], [119.5689, -0.8644], [119.5687, -0.8647], [119.5685, -0.8651], [119.5683, -0.8653], [119.5681, -0.8655], [119.5677, -0.8657], [119.5673, -0.866], [119.5668, -0.8661], [119.5666, -0.8663], [119.5664, -0.8664], [119.5663, -0.8667], [119.5664, -0.8673], [119.5665, -0.8678], [119.5669, -0.8679], [119.5672, -0.8679], [119.5676, -0.8682], [119.5678, -0.8684], [119.568, -0.8685], [119.5682, -0.8685], [119.5685, -0.8684], [119.5688, -0.8683], [119.569, -0.8681], [119.569, -0.8677], [119.569, -0.8672], [119.5689, -0.8665], [119.5691, -0.8662], [119.5692, -0.866], [119.5694, -0.8657], [119.5696, -0.8655], [119.5699, -0.8654], [119.5701, -0.8653], [119.5704, -0.8653], [119.5706, -0.8653], [119.5709, -0.8655], [119.5713, -0.8657], [119.5716, -0.866], [119.5718, -0.8664], [119.5718, -0.8669], [119.5718, -0.8674], [119.5718, -0.8677], [119.5719, -0.8679], [119.5718, -0.8681], [119.5718, -0.8684], [119.5715, -0.8695], [119.5715, -0.8699], [119.5715, -0.8702], [119.5714, -0.8707], [119.5713, -0.8711], [119.5713, -0.8715], [119.571, -0.8727], [119.5707, -0.8731], [119.5705, -0.8734], [119.5704, -0.8738], [119.5704, -0.8741], [119.5703, -0.8744], [119.5703, -0.8747], [119.5705, -0.875], [119.5708, -0.875], [119.571, -0.875], [119.5712, -0.875], [119.5715, -0.875], [119.5716, -0.875], [119.5718, -0.875], [119.572, -0.8752], [119.5721, -0.8755], [119.5719, -0.8759], [119.5717, -0.8763], [119.5715, -0.8767], [119.5714, -0.8768], [119.5713, -0.8772], [119.5711, -0.8775], [119.5709, -0.8777], [119.5708, -0.8779], [119.5708, -0.8782], [119.5708, -0.8784], [119.5711, -0.8786], [119.5716, -0.879], [119.5718, -0.8792], [119.5722, -0.8794], [119.5723, -0.8795], [119.5726, -0.8796], [119.5728, -0.8797], [119.5728, -0.8801], [119.5726, -0.8803], [119.5724, -0.8806], [119.5721, -0.8809], [119.5719, -0.881], [119.5712, -0.8814], [119.5709, -0.8816], [119.5707, -0.8816], [119.5703, -0.8816], [119.5701, -0.8818], [119.5702, -0.8821], [119.5704, -0.8823], [119.5705, -0.8825], [119.5707, -0.8829], [119.571, -0.8834], [119.5711, -0.8838], [119.5712, -0.8842], [119.5712, -0.8845], [119.5711, -0.8851], [119.5709, -0.8854], [119.5708, -0.8858], [119.5706, -0.8861], [119.5705, -0.8863], [119.5704, -0.8865], [119.5702, -0.8868], [119.5701, -0.8871], [119.5701, -0.8876], [119.5701, -0.8879], [119.5701, -0.8883], [119.57, -0.8886], [119.5699, -0.8888], [119.5697, -0.889], [119.5698, -0.8894], [119.5696, -0.8895], [119.5695, -0.8896], [119.569, -0.8898], [119.5688, -0.8898], [119.5686, -0.8896], [119.5685, -0.8894], [119.5684, -0.8891], [119.5682, -0.8888], [119.5681, -0.8884], [119.5678, -0.8881], [119.5673, -0.8884], [119.567, -0.8886], [119.567, -0.8888], [119.5663, -0.8909], [119.5661, -0.8913], [119.566, -0.8916], [119.566, -0.8925], [119.5659, -0.8927], [119.5656, -0.8931], [119.5651, -0.8933], [119.5649, -0.8934], [119.5648, -0.8935], [119.5647, -0.8938], [119.5645, -0.8942], [119.5644, -0.8945], [119.5645, -0.8948], [119.5645, -0.8951], [119.5646, -0.8955], [119.5645, -0.8957], [119.5642, -0.8959], [119.5639, -0.8961], [119.5637, -0.8961], [119.5635, -0.896], [119.5633, -0.8958], [119.5631, -0.8956], [119.5629, -0.8954], [119.5627, -0.8952], [119.5625, -0.8951], [119.5623, -0.8951], [119.5619, -0.8953], [119.5618, -0.8956], [119.5617, -0.8961], [119.5615, -0.8969], [119.5616, -0.8975], [119.5617, -0.898], [119.5617, -0.8983], [119.5618, -0.8984], [119.5617, -0.8988], [119.5614, -0.899], [119.561, -0.8991], [119.5606, -0.8991], [119.5603, -0.8994], [119.5602, -0.8998], [119.5604, -0.9003], [119.5604, -0.9008], [119.5606, -0.901], [119.561, -0.901], [119.5613, -0.9009], [119.5616, -0.9008], [119.5619, -0.9007], [119.5622, -0.9009], [119.5624, -0.901], [119.5628, -0.9016], [119.563, -0.9022], [119.563, -0.9028], [119.5631, -0.9032], [119.563, -0.9035], [119.5628, -0.9038], [119.5625, -0.9041], [119.5616, -0.9045], [119.5613, -0.9048], [119.5612, -0.9051], [119.561, -0.9053], [119.5608, -0.9054], [119.5605, -0.9054], [119.5601, -0.9055], [119.5599, -0.9056], [119.5595, -0.9059], [119.5594, -0.9062], [119.5595, -0.9066], [119.5597, -0.9071], [119.5599, -0.9074], [119.5602, -0.9078], [119.5603, -0.9081], [119.5604, -0.9082], [119.5607, -0.9083], [119.5612, -0.9081], [119.5614, -0.908], [119.5616, -0.9079], [119.562, -0.9079], [119.5622, -0.908], [119.5624, -0.9083], [119.5624, -0.9086], [119.5624, -0.9088], [119.5629, -0.9097], [119.563, -0.91], [119.5631, -0.9102], [119.5632, -0.9105], [119.563, -0.9107], [119.5626, -0.911], [119.5624, -0.911], [119.562, -0.9112], [119.5618, -0.9114], [119.5616, -0.9117], [119.5617, -0.9121], [119.5618, -0.9123], [119.562, -0.9125], [119.5623, -0.9125], [119.5626, -0.9127], [119.5628, -0.9127], [119.5631, -0.9129], [119.5633, -0.913], [119.5633, -0.9135], [119.5632, -0.9143], [119.5628, -0.9151], [119.5624, -0.916], [119.5623, -0.9164], [119.5621, -0.9174], [119.562, -0.9182], [119.5617, -0.9191], [119.5607, -0.9214], [119.5602, -0.9226], [119.5597, -0.9236], [119.5591, -0.925], [119.5587, -0.9264], [119.5573, -0.9266], [119.5559, -0.9269], [119.5558, -0.9271], [119.5551, -0.9291], [119.5545, -0.9304], [119.554, -0.9314], [119.5539, -0.9325], [119.5536, -0.9351], [119.5534, -0.9365], [119.5532, -0.9382], [119.5532, -0.9389], [119.5535, -0.9398], [119.5539, -0.9406], [119.5546, -0.942], [119.5549, -0.9426], [119.5551, -0.943], [119.5553, -0.9434], [119.5555, -0.944], [119.5555, -0.9447], [119.5555, -0.9451], [119.5553, -0.946], [119.5551, -0.9463], [119.5549, -0.947], [119.5546, -0.9477], [119.5545, -0.9485], [119.5544, -0.9512], [119.5547, -0.9545], [119.5549, -0.9558], [119.5554, -0.9569], [119.5553, -0.9578], [119.5549, -0.9588], [119.5548, -0.9592], [119.5548, -0.9611], [119.5549, -0.9628], [119.555, -0.9642], [119.5555, -0.9665], [119.5562, -0.9696], [119.5563, -0.9699], [119.5565, -0.9703], [119.5565, -0.9705], [119.5574, -0.9717], [119.5577, -0.9722], [119.558, -0.9725], [119.5588, -0.9742], [119.5592, -0.9756], [119.5593, -0.9763], [119.5596, -0.9777], [119.5597, -0.9785], [119.5598, -0.9813], [119.5599, -0.9824], [119.56, -0.9832], [119.56, -0.9838], [119.56, -0.9841], [119.56, -0.9847], [119.5599, -0.9858], [119.5596, -0.987], [119.5595, -0.9873], [119.5592, -0.9882], [119.5588, -0.989], [119.5583, -0.9903], [119.5583, -0.9913], [119.5588, -0.9939], [119.5589, -0.9963], [119.5591, -0.9985], [119.559, -0.9988], [119.5589, -0.9994], [119.5589, -1], [119.5584, -1.0012], [119.558, -1.0026], [119.5578, -1.0039], [119.5575, -1.005], [119.5577, -1.0065], [119.5572, -1.0079], [119.5571, -1.0084], [119.5569, -1.0095], [119.5574, -1.0107], [119.5589, -1.0129], [119.5609, -1.0148], [119.5625, -1.016], [119.5635, -1.0167], [119.564, -1.0171], [119.565, -1.0179], [119.5659, -1.0187], [119.5668, -1.019], [119.5681, -1.0189], [119.5692, -1.0187], [119.5707, -1.0185], [119.5709, -1.0185], [119.572, -1.0178], [119.5734, -1.0172], [119.5745, -1.0173], [119.575, -1.0177], [119.5753, -1.0183], [119.5754, -1.0186], [119.5758, -1.0202], [119.5759, -1.0207], [119.576, -1.0213], [119.5762, -1.0225], [119.5763, -1.0227], [119.5764, -1.0238], [119.5765, -1.0248], [119.5765, -1.0251], [119.5768, -1.0262], [119.5774, -1.0276], [119.5781, -1.0291], [119.5781, -1.0295], [119.5781, -1.0299], [119.5778, -1.0309], [119.5776, -1.0311], [119.577, -1.0319], [119.5764, -1.0327], [119.576, -1.0332], [119.5755, -1.034], [119.5752, -1.0351], [119.5751, -1.0355], [119.5747, -1.0365], [119.5745, -1.0369], [119.574, -1.0384], [119.574, -1.0394], [119.5746, -1.0403], [119.5752, -1.0408], [119.5754, -1.0409], [119.5761, -1.0413], [119.5768, -1.042], [119.5774, -1.0441], [119.5776, -1.0446], [119.5775, -1.0453], [119.5773, -1.0456], [119.5757, -1.0458], [119.575, -1.0461], [119.5742, -1.0468], [119.5739, -1.047], [119.5728, -1.0482], [119.5727, -1.0485], [119.5725, -1.049], [119.5725, -1.0499], [119.5728, -1.0508], [119.5729, -1.0511], [119.573, -1.0514], [119.5739, -1.0529], [119.5756, -1.0537], [119.5774, -1.0545], [119.5779, -1.0547], [119.5792, -1.055], [119.5797, -1.0553], [119.5802, -1.0555], [119.5805, -1.0565], [119.5805, -1.0568], [119.5804, -1.0572], [119.5798, -1.0576], [119.5798, -1.0577], [119.5796, -1.0579], [119.5794, -1.0585], [119.579, -1.0595], [119.5786, -1.06], [119.5783, -1.0603], [119.5779, -1.0609], [119.5777, -1.0611], [119.5777, -1.0618], [119.5785, -1.0623], [119.5789, -1.0625], [119.5795, -1.0633], [119.5794, -1.0637], [119.5794, -1.0639], [119.5792, -1.0641], [119.5786, -1.0645], [119.5782, -1.0649], [119.5777, -1.066], [119.5779, -1.0672], [119.5781, -1.068], [119.5783, -1.0683], [119.5792, -1.0694], [119.5797, -1.0704], [119.5804, -1.0717], [119.5809, -1.0726], [119.5811, -1.0733], [119.581, -1.074], [119.5805, -1.0746], [119.58, -1.0755], [119.5802, -1.0768], [119.5806, -1.0784], [119.581, -1.0797], [119.5812, -1.08], [119.5816, -1.0812], [119.5822, -1.0823], [119.5822, -1.0825], [119.5823, -1.0831], [119.5823, -1.0847], [119.5824, -1.085], [119.5825, -1.0854], [119.583, -1.0862], [119.5836, -1.0866], [119.5841, -1.0866], [119.5854, -1.0863], [119.5868, -1.0864], [119.5881, -1.0868], [119.5886, -1.0873], [119.589, -1.0883], [119.5891, -1.0887], [119.5892, -1.09], [119.5891, -1.0903], [119.5885, -1.0927], [119.5877, -1.095], [119.5875, -1.0965], [119.5875, -1.0975], [119.5879, -1.0989], [119.5888, -1.0998], [119.5891, -1.1], [119.5899, -1.1005], [119.5901, -1.1008], [119.5904, -1.1015], [119.5907, -1.103], [119.5907, -1.1041], [119.5908, -1.1056], [119.5909, -1.1074], [119.5909, -1.1093], [119.5909, -1.1096], [119.5905, -1.1111], [119.5905, -1.1137], [119.5905, -1.1149], [119.5909, -1.1155], [119.5912, -1.1162], [119.5916, -1.1171], [119.5917, -1.1174], [119.5918, -1.1188], [119.5921, -1.1213], [119.5926, -1.1231], [119.593, -1.1243], [119.5941, -1.1246], [119.5948, -1.1245], [119.5955, -1.1238], [119.5966, -1.1225], [119.5971, -1.122], [119.598, -1.1211], [119.5984, -1.1206], [119.5994, -1.1194], [119.5996, -1.1193], [119.6015, -1.1183], [119.6037, -1.1179], [119.6052, -1.118], [119.6055, -1.1181], [119.6072, -1.1187], [119.6078, -1.1191], [119.6084, -1.1195], [119.6085, -1.1197], [119.6091, -1.1204], [119.6092, -1.1208], [119.6094, -1.1217], [119.6095, -1.1221], [119.6095, -1.1231], [119.6094, -1.1243], [119.6097, -1.1258], [119.6096, -1.1264], [119.6096, -1.1266], [119.6092, -1.1273], [119.6086, -1.1282], [119.6086, -1.1285], [119.6091, -1.1289], [119.6094, -1.129], [119.6101, -1.1292], [119.6104, -1.1299], [119.6105, -1.1312], [119.6106, -1.1331], [119.6106, -1.1354], [119.6104, -1.1372], [119.6098, -1.1383], [119.6087, -1.139], [119.6085, -1.1392], [119.6077, -1.1399], [119.607, -1.1415], [119.6069, -1.143], [119.6069, -1.1433], [119.607, -1.1437], [119.6073, -1.1448], [119.6075, -1.1463], [119.6075, -1.1467], [119.6076, -1.1486], [119.6076, -1.15], [119.6076, -1.1513], [119.6073, -1.1541], [119.6065, -1.1562], [119.6058, -1.1568], [119.605, -1.1575], [119.6048, -1.1577], [119.6043, -1.1581], [119.6031, -1.1591], [119.6009, -1.1591], [119.6001, -1.1591], [119.5973, -1.1568], [119.5952, -1.1551], [119.5921, -1.154], [119.5877, -1.1521], [119.5875, -1.1521], [119.5851, -1.1516], [119.5817, -1.1509], [119.581, -1.1508], [119.5788, -1.1505], [119.576, -1.15], [119.5755, -1.1499], [119.5721, -1.149], [119.5708, -1.1627], [119.5707, -1.1715], [119.5705, -1.1811], [119.5694, -1.1844], [119.5696, -1.1859], [119.5688, -1.1865], [119.5681, -1.1877], [119.567, -1.1874], [119.5664, -1.188], [119.5669, -1.1897], [119.5661, -1.1903], [119.5667, -1.1923], [119.567, -1.1935], [119.5669, -1.1962], [119.5659, -1.1967], [119.5655, -1.1975], [119.5647, -1.1992], [119.5648, -1.2013], [119.5642, -1.202], [119.5608, -1.2016], [119.5613, -1.2029], [119.5608, -1.2036], [119.559, -1.2031], [119.557, -1.2049], [119.5541, -1.2048], [119.5527, -1.2042], [119.5517, -1.2028], [119.548, -1.2021], [119.5465, -1.202], [119.5451, -1.2009], [119.5433, -1.2009], [119.5421, -1.2005], [119.5421, -1.2039], [119.5422, -1.2148], [119.5422, -1.223], [119.54, -1.2242], [119.5383, -1.2267], [119.5368, -1.229], [119.5355, -1.2316], [119.5338, -1.2341], [119.5321, -1.2364], [119.5306, -1.2389], [119.5299, -1.2411], [119.5289, -1.2431], [119.5276, -1.2451], [119.5264, -1.2471], [119.5248, -1.2486], [119.5248, -1.2497], [119.5245, -1.25], [119.524, -1.2515], [119.5228, -1.2526], [119.5211, -1.2539], [119.5204, -1.2551], [119.5186, -1.2565], [119.5173, -1.2583], [119.516, -1.26], [119.5154, -1.2612], [119.5142, -1.2631], [119.5135, -1.2647], [119.5114, -1.2664], [119.5106, -1.2679], [119.5095, -1.2694], [119.5085, -1.2709], [119.5078, -1.272], [119.5072, -1.2731], [119.5058, -1.2745], [119.5038, -1.2765], [119.5029, -1.2763], [119.5005, -1.2788], [119.4993, -1.2786], [119.4971, -1.281], [119.4935, -1.2834], [119.493, -1.2836], [119.4923, -1.2838], [119.4907, -1.2844], [119.4892, -1.285], [119.4879, -1.2855], [119.4877, -1.2856], [119.4857, -1.2868], [119.4842, -1.2878], [119.483, -1.2886], [119.4825, -1.2889], [119.4817, -1.2895], [119.4805, -1.2903], [119.4794, -1.291], [119.4791, -1.2913], [119.4784, -1.2918], [119.478, -1.2921], [119.4767, -1.2933], [119.4756, -1.2945], [119.4744, -1.2958], [119.4737, -1.2969], [119.4733, -1.2978], [119.4734, -1.2988], [119.4735, -1.2992], [119.4738, -1.3001], [119.474, -1.3012], [119.4741, -1.3016], [119.4743, -1.3029], [119.4745, -1.3037], [119.4748, -1.3043], [119.475, -1.3048], [119.4755, -1.3052], [119.4758, -1.3055], [119.4759, -1.3056], [119.476, -1.3059], [119.4759, -1.3061], [119.4754, -1.3066], [119.475, -1.307], [119.4748, -1.3074], [119.4748, -1.3076], [119.4749, -1.308], [119.4751, -1.3083], [119.4758, -1.3088], [119.476, -1.309], [119.4764, -1.3093], [119.4768, -1.3093], [119.477, -1.3091], [119.4771, -1.3088], [119.477, -1.3081], [119.4768, -1.3073], [119.4769, -1.307], [119.4771, -1.3068], [119.4776, -1.3067], [119.4779, -1.3068], [119.4781, -1.307], [119.4781, -1.3079], [119.478, -1.3086], [119.4782, -1.3088], [119.4786, -1.3089], [119.4792, -1.3088], [119.4797, -1.3087], [119.48, -1.3088], [119.4807, -1.3092], [119.4812, -1.3093], [119.4818, -1.3094], [119.4822, -1.3093], [119.4823, -1.3088], [119.482, -1.3083], [119.4816, -1.3079], [119.4814, -1.3074], [119.4815, -1.307], [119.4819, -1.3068], [119.4822, -1.307], [119.4824, -1.3073], [119.4829, -1.3082], [119.4834, -1.3086], [119.484, -1.3085], [119.4842, -1.3085], [119.4844, -1.3081], [119.4843, -1.3075], [119.4842, -1.3069], [119.4842, -1.3063], [119.4845, -1.3061], [119.4848, -1.306], [119.4851, -1.3061], [119.4855, -1.3065], [119.4859, -1.307], [119.4863, -1.3076], [119.4866, -1.3079], [119.4869, -1.3082], [119.4874, -1.3083], [119.4877, -1.3082], [119.4879, -1.308], [119.488, -1.3076], [119.4879, -1.307], [119.4879, -1.3068], [119.488, -1.3065], [119.4882, -1.3064], [119.4885, -1.3063], [119.489, -1.3064], [119.49, -1.3065], [119.4904, -1.3064], [119.4907, -1.3059], [119.4909, -1.3057], [119.4915, -1.3057], [119.4921, -1.3054], [119.4925, -1.3049], [119.493, -1.3048], [119.4937, -1.3048], [119.4942, -1.3049], [119.4946, -1.3053], [119.495, -1.3057], [119.4951, -1.3058], [119.4954, -1.3058], [119.4957, -1.3056], [119.4959, -1.3052], [119.4961, -1.3049], [119.4961, -1.3045], [119.496, -1.3044], [119.4955, -1.3044], [119.4949, -1.3042], [119.4948, -1.304], [119.4947, -1.3037], [119.4946, -1.3034], [119.4947, -1.3031], [119.495, -1.3029], [119.4957, -1.3027], [119.4964, -1.3025], [119.4967, -1.3025], [119.4971, -1.303], [119.4976, -1.3033], [119.4979, -1.3034], [119.4982, -1.3033], [119.4987, -1.303], [119.4988, -1.3025], [119.4985, -1.3019], [119.498, -1.3013], [119.4978, -1.3007], [119.4978, -1.3002], [119.4978, -1.2999], [119.4979, -1.2995], [119.498, -1.2993], [119.4983, -1.2991], [119.4986, -1.299], [119.4988, -1.2991], [119.499, -1.2993], [119.4993, -1.2996], [119.4997, -1.3002], [119.5, -1.3006], [119.5004, -1.3004], [119.5006, -1.3002], [119.5008, -1.2997], [119.5012, -1.2993], [119.5013, -1.2993], [119.5016, -1.2994], [119.5021, -1.2999], [119.5025, -1.3], [119.5029, -1.2999], [119.5031, -1.2998], [119.504, -1.2996], [119.505, -1.2995], [119.5051, -1.2995], [119.5054, -1.2997], [119.5055, -1.3001], [119.5053, -1.3009], [119.5054, -1.3011], [119.5055, -1.3014], [119.5059, -1.3017], [119.5062, -1.3018], [119.5066, -1.302], [119.5071, -1.3019], [119.5075, -1.3016], [119.5078, -1.3011], [119.5082, -1.3], [119.5085, -1.2995], [119.5087, -1.2993], [119.5091, -1.299], [119.5097, -1.2989], [119.5108, -1.2993], [119.5116, -1.2998], [119.512, -1.3002], [119.5119, -1.3007], [119.5116, -1.3009], [119.5115, -1.301], [119.5108, -1.3012], [119.5105, -1.3014], [119.5103, -1.3019], [119.5104, -1.3024], [119.5106, -1.3027], [119.5112, -1.3028], [119.512, -1.3019], [119.5123, -1.3014], [119.5131, -1.301], [119.5136, -1.3009], [119.5141, -1.301], [119.515, -1.3017], [119.5155, -1.3024], [119.5159, -1.3026], [119.517, -1.3024], [119.5178, -1.302], [119.5183, -1.3016], [119.5187, -1.301], [119.5189, -1.3006], [119.5186, -1.2996], [119.518, -1.2992], [119.5172, -1.2988], [119.5165, -1.2983], [119.5163, -1.2982], [119.5162, -1.2976], [119.5165, -1.2972], [119.518, -1.2971], [119.519, -1.2973], [119.5199, -1.2969], [119.5207, -1.2959], [119.5208, -1.2957], [119.5215, -1.2948], [119.5224, -1.2944], [119.5236, -1.2944], [119.5253, -1.2955], [119.5257, -1.2965], [119.5252, -1.2989], [119.5257, -1.2994], [119.5259, -1.2994], [119.5262, -1.2994], [119.5266, -1.2998], [119.5266, -1.3007], [119.5261, -1.3021], [119.5258, -1.3028], [119.5251, -1.3046], [119.5244, -1.3065], [119.5237, -1.3085], [119.5233, -1.3092], [119.5225, -1.3107], [119.5212, -1.3125], [119.5203, -1.3141], [119.5198, -1.315], [119.5195, -1.3154], [119.5184, -1.3157], [119.5175, -1.3154], [119.5163, -1.315], [119.5147, -1.3149], [119.5128, -1.3146], [119.5117, -1.3135], [119.5115, -1.3133], [119.5106, -1.313], [119.5092, -1.314], [119.5084, -1.3146], [119.5057, -1.317], [119.5045, -1.3181], [119.5034, -1.3188], [119.5031, -1.319], [119.501, -1.32], [119.5002, -1.3202], [119.5, -1.3203], [119.4997, -1.3202], [119.499, -1.32], [119.4984, -1.3201], [119.4978, -1.3201], [119.4972, -1.3202], [119.4969, -1.3203], [119.496, -1.3207], [119.4948, -1.3208], [119.4943, -1.3209], [119.494, -1.321], [119.4932, -1.3215], [119.4919, -1.3218], [119.4911, -1.3216], [119.4908, -1.3216], [119.4899, -1.3209], [119.4894, -1.3206], [119.489, -1.3206], [119.4883, -1.3212], [119.4874, -1.3217], [119.4863, -1.3223], [119.4847, -1.3223], [119.4834, -1.322], [119.482, -1.322], [119.4815, -1.3214], [119.48, -1.3207], [119.4799, -1.3206], [119.4794, -1.3201], [119.4789, -1.3194], [119.4781, -1.3188], [119.4771, -1.319], [119.4765, -1.3189], [119.4762, -1.3189], [119.476, -1.3188], [119.4753, -1.3183], [119.4745, -1.3183], [119.4742, -1.3181], [119.4738, -1.3179], [119.4733, -1.317], [119.4713, -1.3169], [119.4704, -1.3174], [119.4698, -1.3174], [119.4692, -1.3176], [119.4689, -1.3177], [119.4685, -1.3182], [119.468, -1.3185], [119.4674, -1.3186], [119.4665, -1.3183], [119.4662, -1.3183], [119.465, -1.3184], [119.4643, -1.3186], [119.4633, -1.32], [119.4624, -1.321], [119.4617, -1.3218], [119.4615, -1.322], [119.4607, -1.3229], [119.4604, -1.3232], [119.4594, -1.324], [119.459, -1.3244], [119.4577, -1.326], [119.4569, -1.3273], [119.4566, -1.3279], [119.4561, -1.329], [119.4559, -1.3304], [119.4558, -1.3311], [119.4564, -1.3334], [119.4563, -1.334], [119.4562, -1.3345], [119.4558, -1.335], [119.4554, -1.3353], [119.4547, -1.3355], [119.454, -1.3365], [119.4532, -1.337], [119.4521, -1.3376], [119.4519, -1.3377], [119.4515, -1.3383], [119.451, -1.3386], [119.45, -1.3389], [119.4488, -1.3396], [119.4479, -1.3409], [119.4474, -1.3428], [119.4472, -1.345], [119.4472, -1.3481], [119.447, -1.35], [119.4469, -1.3519], [119.4469, -1.3525], [119.4469, -1.3528], [119.447, -1.355], [119.4476, -1.3577], [119.4485, -1.3609], [119.4492, -1.3621], [119.4497, -1.3629], [119.4507, -1.3649], [119.452, -1.3669], [119.4537, -1.3689], [119.4557, -1.3713], [119.4559, -1.3716], [119.4574, -1.3736], [119.4595, -1.3761], [119.4614, -1.3782], [119.4619, -1.3788], [119.463, -1.3803], [119.465, -1.3829], [119.4664, -1.3847], [119.468, -1.3866], [119.4694, -1.3879], [119.4716, -1.3903], [119.4723, -1.391], [119.4734, -1.392], [119.4749, -1.394], [119.4762, -1.3956], [119.4776, -1.3974], [119.4778, -1.3976], [119.4784, -1.3983], [119.4793, -1.399], [119.48, -1.399], [119.4813, -1.3985], [119.4817, -1.3982], [119.4825, -1.3976], [119.4833, -1.3967], [119.484, -1.3959], [119.4846, -1.3953], [119.4852, -1.3946], [119.4854, -1.3944], [119.4868, -1.3934], [119.4883, -1.3923], [119.4894, -1.3914], [119.4896, -1.3913], [119.4905, -1.3909], [119.4917, -1.3912], [119.492, -1.3913], [119.493, -1.3917], [119.4932, -1.3918], [119.4945, -1.3925], [119.4954, -1.3928], [119.497, -1.3929], [119.4973, -1.3928], [119.4982, -1.3924], [119.4984, -1.3924], [119.4994, -1.3925], [119.5, -1.3926], [119.5005, -1.3927], [119.5008, -1.3927], [119.5015, -1.3928], [119.5022, -1.3929], [119.5039, -1.3935], [119.5042, -1.3938], [119.5047, -1.3949], [119.5042, -1.3958], [119.5035, -1.3971], [119.5027, -1.3988], [119.5028, -1.4002], [119.5034, -1.4013], [119.5049, -1.4018], [119.5064, -1.4024], [119.5069, -1.4025], [119.509, -1.4038], [119.5095, -1.4047], [119.5096, -1.405], [119.5098, -1.4062], [119.5099, -1.4066], [119.5098, -1.4082], [119.5097, -1.4085], [119.5091, -1.4103], [119.5081, -1.4131], [119.5082, -1.4152], [119.5094, -1.4169], [119.5107, -1.417], [119.5115, -1.4168], [119.5121, -1.416], [119.5127, -1.4137], [119.5131, -1.4114], [119.5144, -1.4101], [119.5154, -1.4102], [119.5165, -1.4102], [119.5175, -1.4107], [119.518, -1.4113], [119.5187, -1.412], [119.519, -1.4131], [119.5194, -1.4146], [119.5197, -1.4157], [119.5204, -1.418], [119.5205, -1.4183], [119.5208, -1.4194], [119.5211, -1.4203], [119.5213, -1.4221], [119.5213, -1.4223], [119.5216, -1.4237], [119.5213, -1.425], [119.5207, -1.4262], [119.5205, -1.4279], [119.5205, -1.4295], [119.5205, -1.431], [119.5201, -1.4335], [119.52, -1.4338], [119.5191, -1.4359], [119.5188, -1.4365], [119.5181, -1.4376], [119.5174, -1.4386], [119.5172, -1.4389], [119.5163, -1.4392], [119.5143, -1.439], [119.5134, -1.4388], [119.5127, -1.4384], [119.5125, -1.4383], [119.5116, -1.4377], [119.5111, -1.4377], [119.5107, -1.4382], [119.5107, -1.4384], [119.5107, -1.4407], [119.5105, -1.443], [119.5092, -1.4446], [119.5081, -1.4458], [119.5075, -1.4474], [119.5076, -1.4485], [119.5079, -1.4496], [119.5083, -1.4508], [119.5089, -1.451], [119.5097, -1.4513], [119.51, -1.4513], [119.5111, -1.4512], [119.5117, -1.4511], [119.5127, -1.4502], [119.5132, -1.4491], [119.5141, -1.4471], [119.5144, -1.4464], [119.5152, -1.4459], [119.5156, -1.4456], [119.5166, -1.4456], [119.5171, -1.4458], [119.518, -1.4462], [119.5194, -1.4461], [119.5204, -1.4454], [119.5212, -1.4445], [119.5221, -1.4435], [119.5224, -1.4432], [119.5233, -1.4423], [119.5238, -1.4419], [119.5247, -1.4412], [119.5259, -1.4402], [119.5273, -1.4389], [119.5285, -1.4375], [119.5292, -1.4367], [119.5305, -1.4344], [119.5307, -1.434], [119.5311, -1.4327], [119.5314, -1.4316], [119.532, -1.4294], [119.5329, -1.4285], [119.5331, -1.4283], [119.5337, -1.4282], [119.5355, -1.4288], [119.5357, -1.429], [119.5369, -1.43], [119.5377, -1.4309], [119.5385, -1.4315], [119.5389, -1.4317], [119.5396, -1.4321], [119.5406, -1.4318], [119.5408, -1.4306], [119.541, -1.4298], [119.5406, -1.4281], [119.5405, -1.4273], [119.5399, -1.4256], [119.5397, -1.4248], [119.5397, -1.424], [119.5406, -1.4225], [119.5421, -1.4218], [119.5443, -1.4221], [119.5453, -1.4225], [119.5468, -1.4236], [119.5476, -1.4244], [119.5478, -1.4246], [119.5478, -1.4248], [119.5487, -1.4266], [119.5485, -1.4272], [119.5482, -1.4284], [119.5465, -1.4305], [119.5462, -1.4321], [119.5456, -1.4338], [119.5452, -1.4348], [119.5451, -1.435], [119.5454, -1.4366], [119.5466, -1.4374], [119.5478, -1.437], [119.5485, -1.4355], [119.5488, -1.4344], [119.5491, -1.4331], [119.5507, -1.4322], [119.5517, -1.4322], [119.5525, -1.4323], [119.5537, -1.4321], [119.554, -1.432], [119.5551, -1.4319], [119.556, -1.4317], [119.5569, -1.4315], [119.5589, -1.4305], [119.5594, -1.4299], [119.5605, -1.4286], [119.5607, -1.4284], [119.561, -1.4282], [119.5619, -1.4276], [119.5644, -1.4275], [119.566, -1.4279], [119.5678, -1.4284], [119.5686, -1.4282], [119.5689, -1.428], [119.5692, -1.4266], [119.5693, -1.4249], [119.5686, -1.4238], [119.5684, -1.4236], [119.5677, -1.423], [119.5674, -1.4224], [119.5675, -1.4219], [119.5683, -1.4216], [119.5687, -1.4213], [119.571, -1.4213], [119.5714, -1.4213], [119.5719, -1.4214], [119.5734, -1.4216], [119.5741, -1.4219], [119.5761, -1.4225], [119.5772, -1.423], [119.5776, -1.4232], [119.5791, -1.4244], [119.5798, -1.4249], [119.5812, -1.4255], [119.5823, -1.4256], [119.5829, -1.4256], [119.5833, -1.4254], [119.5838, -1.425], [119.584, -1.4246], [119.5844, -1.4236], [119.5844, -1.4227], [119.5845, -1.4213], [119.5844, -1.4203], [119.5843, -1.4199], [119.5841, -1.4191], [119.5839, -1.418], [119.5838, -1.4173], [119.5837, -1.4164], [119.5835, -1.4144], [119.5834, -1.4141], [119.5829, -1.4129], [119.5825, -1.412], [119.5823, -1.4113], [119.582, -1.4104], [119.582, -1.4099], [119.582, -1.4096], [119.5822, -1.4094], [119.5823, -1.4092], [119.5826, -1.4091], [119.5833, -1.4089], [119.5835, -1.4089], [119.5843, -1.4089], [119.5859, -1.4095], [119.5862, -1.4097], [119.5864, -1.41], [119.5868, -1.41], [119.5878, -1.4102], [119.588, -1.4102], [119.5894, -1.4092], [119.5896, -1.4088], [119.59, -1.4077], [119.5902, -1.4068], [119.5902, -1.4056], [119.5896, -1.4043], [119.5892, -1.4035], [119.589, -1.4026], [119.5894, -1.4016], [119.5896, -1.4013], [119.5905, -1.3999], [119.591, -1.3985], [119.591, -1.3977], [119.591, -1.397], [119.5913, -1.3965], [119.5922, -1.3965], [119.5941, -1.3978], [119.5957, -1.399], [119.5971, -1.3992], [119.5984, -1.3986], [119.5991, -1.3982], [119.6, -1.3977], [119.6011, -1.3983], [119.6016, -1.3998], [119.6016, -1.4012], [119.6014, -1.402], [119.6016, -1.4027], [119.6035, -1.4037], [119.6039, -1.4037], [119.6045, -1.4039], [119.605, -1.4036], [119.6056, -1.4033], [119.6066, -1.4024], [119.6075, -1.4026], [119.6087, -1.4041], [119.6089, -1.4045], [119.6092, -1.4053], [119.6094, -1.4055], [119.6099, -1.4061], [119.6114, -1.4063], [119.6127, -1.4056], [119.6141, -1.405], [119.6151, -1.4045], [119.6156, -1.4039], [119.6157, -1.4035], [119.6157, -1.4033], [119.6155, -1.4028], [119.6144, -1.4019], [119.6141, -1.4012], [119.6143, -1.4005], [119.6153, -1.4001], [119.6171, -1.4011], [119.6175, -1.4012], [119.6182, -1.4012], [119.6192, -1.4002], [119.6198, -1.3988], [119.6208, -1.3975], [119.6213, -1.3973], [119.622, -1.397], [119.6233, -1.3971], [119.6244, -1.3986], [119.6251, -1.3998], [119.6256, -1.4008], [119.6259, -1.4018], [119.6264, -1.4028], [119.6271, -1.4042], [119.6273, -1.4045], [119.6281, -1.4056], [119.6283, -1.4059], [119.6291, -1.4063], [119.6298, -1.4066], [119.6311, -1.4065], [119.6324, -1.4049], [119.6327, -1.4034], [119.632, -1.4023], [119.6313, -1.4016], [119.6313, -1.4007], [119.6322, -1.4006], [119.6327, -1.4006], [119.6335, -1.4011], [119.6342, -1.4016], [119.635, -1.4021], [119.6353, -1.4022], [119.6361, -1.4027], [119.6366, -1.4026], [119.6368, -1.4027], [119.6371, -1.4029], [119.6373, -1.403], [119.6376, -1.4032], [119.6378, -1.4034], [119.638, -1.4035], [119.6383, -1.4037], [119.6385, -1.4039], [119.6387, -1.4041], [119.6389, -1.4042], [119.6392, -1.4043], [119.6395, -1.4044], [119.6398, -1.4043], [119.64, -1.4042], [119.6403, -1.4041], [119.6405, -1.404], [119.6408, -1.4039], [119.6411, -1.404], [119.6414, -1.4041], [119.6416, -1.4043], [119.6418, -1.4044], [119.6421, -1.4046], [119.6423, -1.4048], [119.6425, -1.4049], [119.6427, -1.4051], [119.643, -1.4053], [119.6432, -1.4055], [119.6434, -1.4057], [119.6436, -1.406], [119.6437, -1.4062], [119.6437, -1.4065], [119.6438, -1.4068], [119.6437, -1.4071], [119.6437, -1.4074], [119.6437, -1.4076], [119.6437, -1.4079], [119.6436, -1.4082], [119.6436, -1.4085], [119.6436, -1.4088], [119.6437, -1.409], [119.6438, -1.4093], [119.644, -1.4096], [119.6441, -1.4098], [119.6443, -1.41], [119.6446, -1.4101], [119.6449, -1.4102], [119.6451, -1.4103], [119.6454, -1.4105], [119.6455, -1.4108], [119.6457, -1.411], [119.6457, -1.4113], [119.6458, -1.4116], [119.6458, -1.4119], [119.6459, -1.4122], [119.6459, -1.4124], [119.646, -1.4127], [119.6461, -1.4129], [119.6463, -1.4131], [119.6466, -1.4133], [119.6468, -1.4135], [119.647, -1.4136], [119.6473, -1.4138], [119.6476, -1.4139], [119.6478, -1.4141], [119.6481, -1.4142], [119.6483, -1.4143], [119.6486, -1.4144], [119.6488, -1.4145], [119.6491, -1.4147], [119.6493, -1.4148], [119.6496, -1.415], [119.6498, -1.4151], [119.6501, -1.4153], [119.6503, -1.4154], [119.6505, -1.4156], [119.6508, -1.4158], [119.651, -1.416], [119.6512, -1.4162], [119.6514, -1.4164], [119.6516, -1.4166], [119.6517, -1.4168], [119.6519, -1.4171], [119.6519, -1.4174], [119.652, -1.4176], [119.652, -1.4179], [119.652, -1.4182], [119.6519, -1.4185], [119.6519, -1.4188], [119.6519, -1.4191], [119.6521, -1.4193], [119.6524, -1.4194], [119.6526, -1.4196], [119.6529, -1.4197], [119.6531, -1.4199], [119.6534, -1.42], [119.6536, -1.4201], [119.6539, -1.4203], [119.6541, -1.4205], [119.6544, -1.4206], [119.6546, -1.4208], [119.6547, -1.421], [119.6548, -1.4213], [119.6549, -1.4216], [119.6549, -1.4219], [119.6547, -1.4221], [119.6548, -1.4224], [119.655, -1.4227], [119.6552, -1.4229], [119.6554, -1.4231], [119.6556, -1.4232], [119.6559, -1.4233], [119.6562, -1.4234], [119.6564, -1.4236], [119.6567, -1.4237], [119.657, -1.4238], [119.6572, -1.4239], [119.6575, -1.424], [119.6578, -1.424], [119.6581, -1.4241], [119.6584, -1.4241], [119.6586, -1.4241], [119.6589, -1.424], [119.6592, -1.4239], [119.6594, -1.4238], [119.6597, -1.4237], [119.66, -1.4236], [119.6602, -1.4234], [119.6605, -1.4233], [119.6607, -1.4232], [119.661, -1.4231], [119.6613, -1.4229], [119.6615, -1.4228], [119.6618, -1.4227], [119.6621, -1.4226], [119.6623, -1.4224], [119.6626, -1.4224], [119.6629, -1.4223], [119.6631, -1.4223], [119.6634, -1.4223], [119.6637, -1.4225], [119.6639, -1.4227], [119.6641, -1.4229], [119.6642, -1.4231], [119.6643, -1.4234], [119.6644, -1.4237], [119.6644, -1.424], [119.6645, -1.4243], [119.6646, -1.4246], [119.6646, -1.4248], [119.6647, -1.4251], [119.6648, -1.4254], [119.6648, -1.4257], [119.6649, -1.426], [119.665, -1.4262], [119.665, -1.4265], [119.6651, -1.4268], [119.6653, -1.427], [119.6654, -1.4272], [119.6656, -1.4275], [119.6658, -1.4277], [119.6661, -1.4278], [119.6663, -1.428], [119.6665, -1.4282], [119.6667, -1.4284], [119.667, -1.4285], [119.6672, -1.4287], [119.6675, -1.4288], [119.6678, -1.4289], [119.668, -1.429], [119.6682, -1.4292], [119.6684, -1.4295], [119.6686, -1.4297], [119.6687, -1.4299], [119.6689, -1.4302], [119.6691, -1.4304], [119.6693, -1.4305], [119.6696, -1.4306], [119.6699, -1.4307], [119.6702, -1.4308], [119.6704, -1.4309], [119.6707, -1.4309], [119.671, -1.4309], [119.6713, -1.431], [119.6716, -1.431], [119.6718, -1.4311], [119.6721, -1.4313], [119.6723, -1.4315], [119.6725, -1.4317], [119.6725, -1.432], [119.6725, -1.4323], [119.6724, -1.4325], [119.6722, -1.4328], [119.672, -1.433], [119.6718, -1.4332], [119.6715, -1.4333], [119.6713, -1.4334], [119.671, -1.4334], [119.6707, -1.4334], [119.6704, -1.4334], [119.6701, -1.4334], [119.6699, -1.4334], [119.6696, -1.4334], [119.6693, -1.4334], [119.669, -1.4334], [119.6687, -1.4334], [119.6684, -1.4334], [119.6681, -1.4334], [119.6679, -1.4335], [119.6676, -1.4335], [119.6673, -1.4335], [119.667, -1.4335], [119.6667, -1.4336], [119.6664, -1.4336], [119.6662, -1.4337], [119.666, -1.4339], [119.6659, -1.4342], [119.666, -1.4345], [119.6662, -1.4347], [119.6664, -1.4349], [119.6666, -1.4351], [119.6669, -1.4352], [119.6671, -1.4353], [119.6674, -1.4353], [119.6677, -1.4354], [119.668, -1.4355], [119.6683, -1.4355], [119.6686, -1.4355], [119.6688, -1.4355], [119.6691, -1.4355], [119.6694, -1.4354], [119.6697, -1.4354], [119.67, -1.4353], [119.6702, -1.4352], [119.6705, -1.4351], [119.6708, -1.435], [119.6711, -1.435], [119.6714, -1.4351], [119.6716, -1.4352], [119.6717, -1.4355], [119.6718, -1.4357], [119.6718, -1.436], [119.6718, -1.4364], [119.6717, -1.4367], [119.6716, -1.437], [119.6716, -1.4372], [119.6714, -1.4374], [119.6712, -1.4377], [119.671, -1.4378], [119.6708, -1.438], [119.6706, -1.4382], [119.6703, -1.4384], [119.6701, -1.4386], [119.6699, -1.4388], [119.6697, -1.4391], [119.6696, -1.4393], [119.6695, -1.4396], [119.6695, -1.4399], [119.6694, -1.4402], [119.6694, -1.4405], [119.6695, -1.4407], [119.6696, -1.441], [119.6698, -1.4412], [119.6699, -1.4415], [119.6701, -1.4417], [119.6703, -1.4419], [119.6705, -1.4421], [119.6707, -1.4424], [119.6709, -1.4426], [119.6711, -1.4428], [119.6713, -1.4429], [119.6716, -1.4431], [119.6718, -1.4432], [119.6721, -1.4433], [119.6724, -1.4434], [119.6726, -1.4434], [119.6729, -1.4434], [119.6732, -1.4434], [119.6735, -1.4433], [119.6738, -1.4433], [119.674, -1.4432], [119.6743, -1.4431], [119.6746, -1.4429], [119.6748, -1.4428], [119.6751, -1.4427], [119.6754, -1.4427], [119.6757, -1.4426], [119.6759, -1.4426], [119.6762, -1.4426], [119.6765, -1.4426], [119.6768, -1.4426], [119.6771, -1.4426], [119.6774, -1.4427], [119.6776, -1.4427], [119.6779, -1.4428], [119.6782, -1.4429], [119.6785, -1.4429], [119.6788, -1.443], [119.679, -1.443], [119.6793, -1.4431], [119.6796, -1.4431], [119.6799, -1.443], [119.6802, -1.443], [119.6804, -1.4428], [119.6805, -1.4425], [119.6806, -1.4423], [119.6806, -1.442], [119.6807, -1.4417], [119.6807, -1.4414], [119.6807, -1.4411], [119.6808, -1.4408], [119.6809, -1.4406], [119.6812, -1.4405], [119.6815, -1.4404], [119.6817, -1.4404], [119.682, -1.4405], [119.6823, -1.4406], [119.6825, -1.4408], [119.6828, -1.4411], [119.6834, -1.4417], [119.6841, -1.4423], [119.6846, -1.444], [119.6848, -1.4447], [119.685, -1.4472], [119.685, -1.4485], [119.685, -1.449], [119.6853, -1.4493], [119.6861, -1.4501], [119.6876, -1.4503], [119.6886, -1.4504], [119.6897, -1.4503], [119.6907, -1.45], [119.6922, -1.4498], [119.6925, -1.4498], [119.6951, -1.4508], [119.6955, -1.4509], [119.697, -1.4525], [119.6972, -1.4527], [119.6989, -1.4555], [119.6992, -1.456], [119.6998, -1.4567], [119.7003, -1.4575], [119.7006, -1.4578], [119.7005, -1.4587], [119.6993, -1.4601], [119.6981, -1.4607], [119.6977, -1.4609], [119.6972, -1.4613], [119.6964, -1.462], [119.6963, -1.4622], [119.696, -1.4629], [119.6959, -1.4632], [119.6959, -1.4635], [119.6959, -1.464], [119.6946, -1.4652], [119.6933, -1.4659], [119.6926, -1.467], [119.6927, -1.4691], [119.6937, -1.4712], [119.6934, -1.4724], [119.6934, -1.4727], [119.6908, -1.4741], [119.6883, -1.4751], [119.6866, -1.4774], [119.6864, -1.4783], [119.686, -1.4799], [119.6857, -1.4834], [119.6855, -1.4837], [119.6848, -1.4853], [119.6828, -1.487], [119.6815, -1.4883], [119.6812, -1.4886], [119.6808, -1.4891], [119.6801, -1.4903], [119.6805, -1.4945], [119.6795, -1.4962], [119.6789, -1.4971], [119.6781, -1.4982], [119.6778, -1.4985], [119.6772, -1.4992], [119.6766, -1.5], [119.6764, -1.5003], [119.6759, -1.5009], [119.6753, -1.5018], [119.6751, -1.5022], [119.6745, -1.5034], [119.6743, -1.5038], [119.6728, -1.5066], [119.672, -1.5084], [119.671, -1.5106], [119.6707, -1.5113], [119.6702, -1.5125], [119.6693, -1.5142], [119.6693, -1.5158], [119.6694, -1.5172], [119.6693, -1.5181], [119.6691, -1.5188], [119.6689, -1.52], [119.6688, -1.5207], [119.6687, -1.5211], [119.6682, -1.5223], [119.6679, -1.5233], [119.6669, -1.5244], [119.6665, -1.5251], [119.6664, -1.5256], [119.6668, -1.5268], [119.6668, -1.5282], [119.6667, -1.5294], [119.6666, -1.5305], [119.6667, -1.531], [119.6668, -1.5316], [119.6677, -1.5328], [119.6685, -1.5335], [119.6692, -1.5338], [119.6707, -1.5342], [119.6722, -1.5346], [119.6731, -1.5348], [119.6735, -1.5356], [119.6732, -1.5371], [119.6729, -1.5377], [119.6727, -1.5384], [119.6721, -1.5399], [119.6714, -1.542], [119.671, -1.5431], [119.6711, -1.544], [119.6713, -1.5443], [119.6719, -1.5454], [119.6723, -1.546], [119.6727, -1.5464], [119.6734, -1.5471], [119.6737, -1.5472], [119.6747, -1.5477], [119.6751, -1.548], [119.6764, -1.5488], [119.677, -1.5495], [119.6778, -1.5504], [119.6782, -1.5506], [119.6788, -1.5508], [119.6811, -1.5513], [119.6833, -1.5524], [119.684, -1.5528], [119.6845, -1.5531], [119.6849, -1.5533], [119.6857, -1.5539], [119.6865, -1.5547], [119.6872, -1.5559], [119.6876, -1.5564], [119.6883, -1.5573], [119.6889, -1.558], [119.689, -1.5591], [119.689, -1.5597], [119.689, -1.5613], [119.6897, -1.5629], [119.692, -1.5648], [119.6932, -1.5647], [119.6944, -1.5647], [119.6955, -1.5649], [119.6967, -1.5655], [119.6979, -1.5659], [119.6991, -1.5659], [119.7002, -1.5658], [119.7013, -1.5661], [119.7018, -1.5672], [119.7018, -1.5676], [119.702, -1.5687], [119.7023, -1.57], [119.7024, -1.5703], [119.7026, -1.5709], [119.7033, -1.5727], [119.7041, -1.5737], [119.7047, -1.5739], [119.706, -1.5744], [119.7079, -1.575], [119.709, -1.5754], [119.71, -1.5768], [119.7099, -1.5777], [119.7096, -1.5794], [119.7096, -1.5805], [119.7097, -1.5824], [119.7105, -1.5844], [119.7111, -1.5858], [119.7115, -1.5864], [119.7117, -1.5866], [119.7125, -1.5873], [119.713, -1.5879], [119.7139, -1.589], [119.7144, -1.5899], [119.7147, -1.5906], [119.7152, -1.5918], [119.7153, -1.5922], [119.7166, -1.5937], [119.7178, -1.5946], [119.7187, -1.5954], [119.7196, -1.5962], [119.7207, -1.5971], [119.7216, -1.5975], [119.7231, -1.5979], [119.7251, -1.5985], [119.7254, -1.5986], [119.7267, -1.5992], [119.7277, -1.6008], [119.7278, -1.6011], [119.728, -1.6023], [119.7295, -1.6031], [119.7314, -1.6035], [119.7325, -1.6041], [119.7329, -1.6043], [119.7334, -1.605], [119.7339, -1.6063], [119.7339, -1.6069], [119.7341, -1.609], [119.7342, -1.6107], [119.7342, -1.6109], [119.735, -1.6124], [119.7356, -1.6134], [119.7357, -1.6139], [119.7355, -1.6142], [119.7353, -1.6148], [119.7349, -1.6155], [119.7334, -1.6178], [119.7325, -1.6186], [119.7304, -1.6205], [119.7302, -1.6206], [119.7292, -1.6217], [119.729, -1.622], [119.7285, -1.6222], [119.7275, -1.6223], [119.7271, -1.6223], [119.7273, -1.6232], [119.7279, -1.6242], [119.7283, -1.6251], [119.7288, -1.6261], [119.7288, -1.627], [119.7279, -1.6295], [119.7273, -1.6314], [119.727, -1.6323], [119.7268, -1.6331], [119.7262, -1.635], [119.7264, -1.6372], [119.7265, -1.6388], [119.7271, -1.641], [119.7271, -1.6413], [119.7272, -1.6418], [119.7278, -1.6435], [119.7282, -1.6443], [119.7291, -1.6449], [119.7299, -1.645], [119.7305, -1.6449], [119.7312, -1.6447], [119.7318, -1.6444], [119.7324, -1.6441], [119.7326, -1.644], [119.7342, -1.6436], [119.7362, -1.6434], [119.7381, -1.6438], [119.7414, -1.644], [119.7418, -1.644], [119.7449, -1.6435], [119.7461, -1.6433], [119.7471, -1.6432], [119.7485, -1.643], [119.7492, -1.6429], [119.7497, -1.643], [119.75, -1.6431], [119.7501, -1.6431], [119.7502, -1.6431], [119.7505, -1.6434], [119.7505, -1.6437], [119.7506, -1.644], [119.7506, -1.6442], [119.7506, -1.6444], [119.7505, -1.6447], [119.7505, -1.6449], [119.7505, -1.6451], [119.7504, -1.6453], [119.7504, -1.6455], [119.7504, -1.6456], [119.7503, -1.6458], [119.7503, -1.646], [119.7502, -1.6462], [119.7502, -1.6463], [119.7502, -1.6465], [119.7501, -1.6469], [119.7501, -1.6471], [119.7501, -1.6474], [119.7501, -1.6476], [119.7501, -1.6478], [119.7501, -1.6482], [119.7501, -1.6483], [119.7502, -1.6485], [119.7503, -1.6487], [119.7503, -1.6489], [119.7504, -1.6491], [119.7505, -1.6493], [119.7506, -1.6497], [119.7506, -1.6498], [119.7506, -1.6499], [119.7507, -1.6501], [119.7507, -1.6502], [119.7508, -1.6506], [119.7508, -1.6507], [119.7508, -1.6509], [119.7509, -1.6511], [119.7509, -1.6512], [119.7509, -1.6513], [119.7509, -1.6515], [119.7509, -1.6516], [119.7509, -1.6519], [119.7509, -1.652], [119.751, -1.6524], [119.751, -1.6526], [119.7511, -1.6528], [119.7512, -1.653], [119.7513, -1.6531], [119.7514, -1.6534], [119.7515, -1.6535], [119.7517, -1.6537], [119.7518, -1.6538], [119.7519, -1.654], [119.752, -1.6541], [119.7521, -1.6542], [119.7522, -1.6543], [119.7523, -1.6544], [119.7525, -1.6546], [119.7526, -1.6547], [119.7528, -1.6549], [119.7529, -1.655], [119.7531, -1.6551], [119.7532, -1.6553], [119.7534, -1.6554], [119.7536, -1.6555], [119.7538, -1.6557], [119.7539, -1.6558], [119.7541, -1.6559], [119.7542, -1.656], [119.7544, -1.6561], [119.7547, -1.6563], [119.7548, -1.6563], [119.7552, -1.6566], [119.7553, -1.6567], [119.7555, -1.6568], [119.7556, -1.657], [119.7558, -1.6571], [119.756, -1.6572], [119.7562, -1.6572], [119.7563, -1.6573], [119.7565, -1.6574], [119.7567, -1.6574], [119.7568, -1.6575], [119.757, -1.6575], [119.7574, -1.6577], [119.7576, -1.6577], [119.7577, -1.6577], [119.7578, -1.6578], [119.7579, -1.6578], [119.7581, -1.6578], [119.7582, -1.6579], [119.7584, -1.6579], [119.7585, -1.658], [119.7586, -1.658], [119.7587, -1.6581], [119.7589, -1.6582], [119.759, -1.6582], [119.7591, -1.6583], [119.7592, -1.6584], [119.7593, -1.6585], [119.7595, -1.6587], [119.7596, -1.6589], [119.7597, -1.6591], [119.7598, -1.6593], [119.7598, -1.6594], [119.7598, -1.6596], [119.7599, -1.6597], [119.7599, -1.6598], [119.76, -1.66], [119.76, -1.6601], [119.7601, -1.6603], [119.7601, -1.6605], [119.7601, -1.6607], [119.7602, -1.661], [119.7602, -1.6611], [119.7602, -1.6614], [119.7603, -1.6615], [119.7603, -1.6618], [119.7603, -1.662], [119.7604, -1.6622], [119.7604, -1.6624], [119.7604, -1.6627], [119.7604, -1.663], [119.7604, -1.6631], [119.7604, -1.6632], [119.7604, -1.6634], [119.7604, -1.6635], [119.7604, -1.6641], [119.7604, -1.6643], [119.7604, -1.6644], [119.7604, -1.6646], [119.7604, -1.6647], [119.7604, -1.6649], [119.7604, -1.6651], [119.7603, -1.6655], [119.7603, -1.6657], [119.7603, -1.6659], [119.7602, -1.6662], [119.7602, -1.6664], [119.7601, -1.6665], [119.7601, -1.6666], [119.76, -1.6668], [119.76, -1.667], [119.7599, -1.6671], [119.7599, -1.6672], [119.7598, -1.6674], [119.7596, -1.6677], [119.7596, -1.6678], [119.7595, -1.668], [119.7595, -1.6681], [119.7594, -1.6682], [119.7594, -1.6683], [119.7594, -1.6685], [119.7594, -1.6686], [119.7595, -1.6688], [119.7597, -1.6691], [119.7598, -1.6692], [119.76, -1.6694], [119.7601, -1.6695], [119.7602, -1.6696], [119.7604, -1.6697], [119.7606, -1.6699], [119.7607, -1.67], [119.7608, -1.6701], [119.7609, -1.6702], [119.761, -1.6703], [119.7611, -1.6704], [119.7612, -1.6706], [119.7612, -1.6707], [119.7613, -1.671], [119.7613, -1.6711], [119.7614, -1.6713], [119.7614, -1.6714], [119.7614, -1.6716], [119.7615, -1.6718], [119.7615, -1.6724], [119.7615, -1.6725], [119.7615, -1.6727], [119.7615, -1.6728], [119.7615, -1.673], [119.7615, -1.6733], [119.7616, -1.6734], [119.7616, -1.6735], [119.7617, -1.6739], [119.7617, -1.674], [119.7617, -1.6742], [119.7618, -1.6743], [119.7619, -1.6745], [119.762, -1.6746], [119.7621, -1.6747], [119.7621, -1.6748], [119.7622, -1.675], [119.7623, -1.6751], [119.7624, -1.6752], [119.7625, -1.6753], [119.7627, -1.6756], [119.7629, -1.6758], [119.763, -1.6759], [119.7631, -1.6761], [119.7633, -1.6764], [119.7634, -1.6766], [119.7635, -1.6767], [119.7635, -1.6768], [119.7636, -1.677], [119.7637, -1.6772], [119.7637, -1.6773], [119.7638, -1.6774], [119.7638, -1.6776], [119.7639, -1.6778], [119.7639, -1.678], [119.764, -1.6781], [119.7641, -1.6783], [119.7643, -1.6786], [119.7644, -1.6787], [119.7645, -1.6789], [119.7646, -1.679], [119.7647, -1.6792], [119.7648, -1.6793], [119.7649, -1.6794], [119.7651, -1.6795], [119.7652, -1.6796], [119.7654, -1.6797], [119.7655, -1.6798], [119.7656, -1.6799], [119.7658, -1.68], [119.7659, -1.6801], [119.7661, -1.6802], [119.7664, -1.6804], [119.7665, -1.6805], [119.7666, -1.6806], [119.7669, -1.6807], [119.767, -1.6808], [119.7672, -1.681], [119.7674, -1.6811], [119.7675, -1.6812], [119.7676, -1.6812], [119.7677, -1.6813], [119.7679, -1.6814], [119.768, -1.6815], [119.7681, -1.6816], [119.7682, -1.6817], [119.7685, -1.6818], [119.7687, -1.6819], [119.7689, -1.682], [119.769, -1.6821], [119.7692, -1.6822], [119.7693, -1.6823], [119.7695, -1.6824], [119.7696, -1.6824], [119.7697, -1.6825], [119.7698, -1.6826], [119.77, -1.6827], [119.7701, -1.6829], [119.7704, -1.6832], [119.7705, -1.6833], [119.7706, -1.6834], [119.7707, -1.6835], [119.7708, -1.6836], [119.7709, -1.6837], [119.771, -1.6839], [119.771, -1.684], [119.7711, -1.6842], [119.7712, -1.6843], [119.7713, -1.6844], [119.7715, -1.6845], [119.7716, -1.6847], [119.7717, -1.6848], [119.7718, -1.6849], [119.7719, -1.685], [119.772, -1.6851], [119.7721, -1.6852], [119.7722, -1.6853], [119.7723, -1.6854], [119.7726, -1.6855], [119.7727, -1.6856], [119.7729, -1.6858], [119.773, -1.6858], [119.7732, -1.6859], [119.7733, -1.686], [119.7734, -1.686], [119.7735, -1.6861], [119.7737, -1.6862], [119.7738, -1.6863], [119.7739, -1.6863], [119.774, -1.6864], [119.7742, -1.6864], [119.7744, -1.6865], [119.7745, -1.6865], [119.7747, -1.6866], [119.7748, -1.6866], [119.7749, -1.6866], [119.7751, -1.6867], [119.7753, -1.6867], [119.7755, -1.6868], [119.7757, -1.6868], [119.7759, -1.6869], [119.776, -1.6869], [119.7761, -1.687], [119.7766, -1.6872], [119.7767, -1.6872], [119.7768, -1.6873], [119.7771, -1.6875], [119.7772, -1.6876], [119.7773, -1.6877], [119.7774, -1.6879], [119.7775, -1.688], [119.7776, -1.6881], [119.7777, -1.6882], [119.7778, -1.6883], [119.7779, -1.6885], [119.7781, -1.6887], [119.7782, -1.6888], [119.7783, -1.6889], [119.7784, -1.6892], [119.7785, -1.6893], [119.7786, -1.6894], [119.7787, -1.6897], [119.7788, -1.6899], [119.7789, -1.69], [119.779, -1.6902], [119.779, -1.6904], [119.7791, -1.6906], [119.7791, -1.6909], [119.7792, -1.6911], [119.7792, -1.6913], [119.7793, -1.6915], [119.7793, -1.6918], [119.7794, -1.6922], [119.7794, -1.6923], [119.7795, -1.6926], [119.7795, -1.6927], [119.7796, -1.6928], [119.7796, -1.693], [119.7796, -1.6932], [119.7797, -1.6934], [119.7797, -1.6936], [119.7797, -1.6938], [119.7798, -1.694], [119.7798, -1.6941], [119.7798, -1.6943], [119.7798, -1.6945], [119.7798, -1.6947], [119.7798, -1.6949], [119.7798, -1.695], [119.7798, -1.6952], [119.7797, -1.6954], [119.7797, -1.6955], [119.7797, -1.6957], [119.7797, -1.696], [119.7797, -1.6962], [119.7797, -1.6963], [119.7796, -1.6964], [119.7796, -1.6966], [119.7796, -1.6969], [119.7795, -1.6973], [119.7795, -1.6974], [119.7795, -1.6976], [119.7795, -1.6978], [119.7795, -1.6979], [119.7794, -1.6982], [119.7794, -1.6984], [119.7794, -1.6985], [119.7794, -1.6988], [119.7794, -1.6989], [119.7794, -1.6993], [119.7794, -1.6995], [119.7794, -1.6996], [119.7794, -1.6998], [119.7794, -1.7], [119.7794, -1.7002], [119.7794, -1.7003], [119.7794, -1.7005], [119.7793, -1.7006], [119.7792, -1.7007], [119.7789, -1.7012], [119.7788, -1.7013], [119.7787, -1.7014], [119.7786, -1.7015], [119.7784, -1.7017], [119.7783, -1.7018], [119.778, -1.7022], [119.7778, -1.7025], [119.7776, -1.7026], [119.7775, -1.7027], [119.7774, -1.7029], [119.7772, -1.7032], [119.7771, -1.7033], [119.777, -1.7035], [119.7769, -1.7037], [119.7768, -1.7038], [119.7767, -1.704], [119.7765, -1.7045], [119.7764, -1.7046], [119.7764, -1.7047], [119.7764, -1.7048], [119.7763, -1.705], [119.7763, -1.7051], [119.7762, -1.7065], [119.7761, -1.7067], [119.7761, -1.7068], [119.7761, -1.707], [119.7761, -1.7071], [119.7761, -1.7072], [119.7761, -1.7075], [119.7761, -1.7076], [119.7761, -1.7078], [119.7761, -1.708], [119.7762, -1.7082], [119.7765, -1.7091], [119.7776, -1.7097], [119.7775, -1.711], [119.7788, -1.7123], [119.7799, -1.7124], [119.7831, -1.7155], [119.7843, -1.7156], [119.7875, -1.7189], [119.7897, -1.7189], [119.7899, -1.7189], [119.792, -1.7211], [119.7921, -1.7222], [119.7943, -1.7246], [119.7944, -1.727], [119.7932, -1.7278], [119.7925, -1.7303], [119.7932, -1.7314], [119.7944, -1.7323], [119.7943, -1.7336], [119.7955, -1.7345], [119.7955, -1.7359], [119.7975, -1.7379], [119.7975, -1.7392], [119.8, -1.7415], [119.801, -1.7415], [119.8021, -1.7424], [119.8033, -1.7424], [119.8045, -1.7437], [119.8055, -1.7426], [119.8069, -1.7426], [119.8079, -1.7414], [119.809, -1.7413], [119.8107, -1.743], [119.8124, -1.7447], [119.8124, -1.746], [119.8135, -1.7469], [119.8134, -1.7482], [119.8146, -1.7493], [119.8146, -1.755], [119.8156, -1.756], [119.8169, -1.756], [119.818, -1.7572], [119.8191, -1.7571], [119.8201, -1.7581], [119.8201, -1.7596], [119.8224, -1.7616], [119.8224, -1.763], [119.8269, -1.7674], [119.8302, -1.7675], [119.8313, -1.7685], [119.8318, -1.7685], [119.8321, -1.7685], [119.8324, -1.7685], [119.8329, -1.7688], [119.8333, -1.7688], [119.8336, -1.7689], [119.8341, -1.769], [119.8343, -1.7693], [119.8347, -1.7694], [119.8351, -1.7696], [119.8354, -1.7698], [119.8357, -1.7698], [119.836, -1.7702], [119.8363, -1.7704], [119.8366, -1.7706], [119.8368, -1.7709], [119.8371, -1.7711], [119.8373, -1.7713], [119.8375, -1.7716], [119.8377, -1.7717], [119.8379, -1.7719], [119.8381, -1.7721], [119.8385, -1.7725], [119.8387, -1.7727], [119.8391, -1.773], [119.8393, -1.7732], [119.8398, -1.7734], [119.84, -1.7736], [119.8403, -1.7736], [119.8406, -1.7737], [119.8409, -1.7738], [119.8414, -1.774], [119.8419, -1.7741], [119.8421, -1.7742], [119.8424, -1.7744], [119.8427, -1.7746], [119.8428, -1.7748], [119.8431, -1.775], [119.8432, -1.7752], [119.8435, -1.7755], [119.8438, -1.7755], [119.8442, -1.7753], [119.8444, -1.7752], [119.8447, -1.775], [119.8449, -1.7749], [119.8454, -1.7746], [119.8456, -1.7745], [119.8458, -1.7744], [119.8462, -1.7742], [119.8465, -1.774], [119.8468, -1.7739], [119.8471, -1.7738], [119.8474, -1.7736], [119.8477, -1.7735], [119.848, -1.7734], [119.8485, -1.7732], [119.8487, -1.7731], [119.849, -1.773], [119.8493, -1.7729], [119.8496, -1.7727], [119.8502, -1.7725], [119.8505, -1.7724], [119.8508, -1.7722], [119.8511, -1.7721], [119.8514, -1.7719], [119.8516, -1.7718], [119.8519, -1.7716], [119.8521, -1.7714], [119.8524, -1.7712], [119.8527, -1.771], [119.8529, -1.7708], [119.8534, -1.7705], [119.8536, -1.7703], [119.8538, -1.7703], [119.8541, -1.7701], [119.8545, -1.77], [119.8548, -1.7699], [119.8551, -1.7699], [119.8555, -1.7699], [119.8561, -1.7699], [119.8564, -1.7699], [119.8566, -1.77], [119.8569, -1.7701], [119.8573, -1.7702], [119.8575, -1.7703], [119.8579, -1.7705], [119.8582, -1.7706], [119.8586, -1.7708], [119.8588, -1.7709], [119.8591, -1.7712], [119.8593, -1.7713], [119.8597, -1.7717], [119.86, -1.7718], [119.8602, -1.772], [119.8605, -1.7722], [119.8607, -1.7723], [119.8611, -1.7724], [119.8614, -1.7724], [119.8617, -1.7724], [119.8621, -1.7721], [119.8624, -1.772], [119.8626, -1.7718], [119.8628, -1.7717], [119.8632, -1.7715], [119.8634, -1.7713], [119.8638, -1.7711], [119.8641, -1.771], [119.8643, -1.7709], [119.8647, -1.7709], [119.865, -1.7708], [119.8653, -1.7708], [119.8655, -1.7708], [119.8659, -1.7708], [119.8661, -1.7709], [119.8664, -1.7709], [119.8669, -1.7711], [119.8672, -1.7713], [119.8674, -1.7715], [119.8677, -1.7718], [119.8678, -1.772], [119.8679, -1.7722], [119.8681, -1.7726], [119.8683, -1.773], [119.8684, -1.7733], [119.8685, -1.7735], [119.8687, -1.7738], [119.8687, -1.774], [119.8689, -1.7743], [119.869, -1.7746], [119.8691, -1.7748], [119.8694, -1.7754], [119.8696, -1.7756], [119.8699, -1.776], [119.8701, -1.7763], [119.8703, -1.7765], [119.8705, -1.7768], [119.8707, -1.7771], [119.8709, -1.7775], [119.8711, -1.7778], [119.8712, -1.7781], [119.8713, -1.7784], [119.8714, -1.7786], [119.8714, -1.7788], [119.8714, -1.7791], [119.8714, -1.7798], [119.8714, -1.7802], [119.8714, -1.7807], [119.8713, -1.7809], [119.8712, -1.7811], [119.8711, -1.7815], [119.8709, -1.7818], [119.8708, -1.7821], [119.8706, -1.7824], [119.8705, -1.7826], [119.8704, -1.7828], [119.8703, -1.783], [119.8701, -1.7833], [119.8699, -1.7835], [119.8698, -1.7837], [119.8694, -1.7842], [119.8692, -1.7845], [119.869, -1.7848], [119.8688, -1.785], [119.8686, -1.7853], [119.8683, -1.7857], [119.8681, -1.7859], [119.8679, -1.7861], [119.8676, -1.7863], [119.8674, -1.7865], [119.8672, -1.7867], [119.867, -1.7869], [119.8668, -1.7871], [119.8665, -1.7873], [119.8664, -1.7875], [119.866, -1.7879], [119.8659, -1.7881], [119.8657, -1.7884], [119.8655, -1.7887], [119.8654, -1.789], [119.8654, -1.7893], [119.8653, -1.7897], [119.8653, -1.79], [119.8652, -1.7904], [119.8652, -1.7907], [119.8652, -1.7911], [119.8653, -1.7916], [119.8653, -1.7918], [119.8654, -1.7923], [119.8654, -1.7926], [119.8655, -1.7928], [119.8655, -1.793], [119.8655, -1.7934], [119.8654, -1.7936], [119.8653, -1.7941], [119.8653, -1.7943], [119.8652, -1.7946], [119.8651, -1.7949], [119.8649, -1.7951], [119.8647, -1.7955], [119.8645, -1.7959], [119.8644, -1.7961], [119.8641, -1.7964], [119.8639, -1.7966], [119.8637, -1.7968], [119.8631, -1.7971], [119.863, -1.7972], [119.8628, -1.7973], [119.8624, -1.7976], [119.8622, -1.7978], [119.8621, -1.798], [119.8619, -1.7983], [119.8617, -1.7985], [119.8615, -1.7988], [119.8612, -1.7992], [119.8611, -1.7995], [119.8609, -1.7999], [119.8608, -1.8003], [119.8607, -1.8005], [119.8606, -1.8008], [119.8605, -1.8011], [119.8604, -1.8018], [119.8603, -1.8021], [119.8602, -1.8024], [119.8602, -1.8029], [119.8601, -1.8032], [119.86, -1.8035], [119.86, -1.8039], [119.8599, -1.8042], [119.8598, -1.8046], [119.8597, -1.8049], [119.8596, -1.8052], [119.8594, -1.8056], [119.8593, -1.8059], [119.8592, -1.8062], [119.8591, -1.8065], [119.8591, -1.8069], [119.859, -1.8074], [119.859, -1.8076], [119.859, -1.8079], [119.859, -1.8082], [119.859, -1.8085], [119.859, -1.8088], [119.8591, -1.8092], [119.8592, -1.8095], [119.8593, -1.8098], [119.8594, -1.8101], [119.8595, -1.8104], [119.8598, -1.8108], [119.86, -1.8111], [119.8601, -1.8113], [119.8603, -1.8116], [119.8605, -1.8118], [119.8609, -1.8122], [119.861, -1.8124], [119.8613, -1.8127], [119.8615, -1.813], [119.8617, -1.8132], [119.8619, -1.8135], [119.862, -1.8137], [119.8623, -1.8142], [119.8624, -1.8145], [119.8625, -1.815], [119.8626, -1.8153], [119.8627, -1.8159], [119.8627, -1.8161], [119.8627, -1.8165], [119.8627, -1.8168], [119.8626, -1.817], [119.8624, -1.8174], [119.8622, -1.8176], [119.862, -1.8178], [119.8617, -1.8181], [119.8615, -1.8183], [119.8612, -1.8185], [119.861, -1.8188], [119.8607, -1.8189], [119.8605, -1.8191], [119.8601, -1.8194], [119.8599, -1.8195], [119.8596, -1.8197], [119.8594, -1.8198], [119.8591, -1.82], [119.8589, -1.8202], [119.8587, -1.8203], [119.8585, -1.8205], [119.8582, -1.8208], [119.8581, -1.8211], [119.858, -1.8214], [119.858, -1.8216], [119.8579, -1.8221], [119.858, -1.8226], [119.8581, -1.8229], [119.8582, -1.8233], [119.8583, -1.8235], [119.8585, -1.8239], [119.8586, -1.8242], [119.8587, -1.8247], [119.8588, -1.825], [119.8589, -1.8252], [119.8589, -1.8257], [119.859, -1.8259], [119.8589, -1.8262], [119.859, -1.8265], [119.859, -1.8267], [119.8591, -1.827], [119.8592, -1.8272], [119.8594, -1.8275], [119.8596, -1.8278], [119.8597, -1.828], [119.8599, -1.8284], [119.8601, -1.8287], [119.8602, -1.8289], [119.8604, -1.8292], [119.8605, -1.8295], [119.8606, -1.8297], [119.8607, -1.8301], [119.8608, -1.8303], [119.861, -1.8306], [119.8611, -1.831], [119.8612, -1.8313], [119.8612, -1.8316], [119.8613, -1.8319], [119.8613, -1.8324], [119.8614, -1.8328], [119.8614, -1.8331], [119.8614, -1.8334], [119.8615, -1.8338], [119.8616, -1.8343], [119.8617, -1.8347], [119.862, -1.8353], [119.8621, -1.8356], [119.8623, -1.8359], [119.8624, -1.8362], [119.8626, -1.8365], [119.8629, -1.837], [119.8631, -1.8372], [119.8633, -1.8375], [119.8635, -1.8378], [119.8637, -1.8381], [119.864, -1.8384], [119.8643, -1.8386], [119.8645, -1.8387], [119.8647, -1.8389], [119.8649, -1.839], [119.8652, -1.8392], [119.8654, -1.8393], [119.8656, -1.8394], [119.866, -1.8396], [119.8664, -1.8398], [119.8667, -1.84], [119.8669, -1.8401], [119.8672, -1.8403], [119.8673, -1.8404], [119.8677, -1.8407], [119.8679, -1.841], [119.8681, -1.8411], [119.8683, -1.8414], [119.8685, -1.8416], [119.8687, -1.8418], [119.8688, -1.842], [119.8689, -1.8423], [119.8689, -1.8426], [119.869, -1.8429], [119.869, -1.8431], [119.869, -1.8435], [119.869, -1.8438], [119.869, -1.8443], [119.869, -1.8445], [119.8689, -1.8449], [119.8689, -1.8452], [119.8689, -1.8456], [119.8688, -1.846], [119.8687, -1.8463], [119.8685, -1.8466], [119.8684, -1.8468], [119.8683, -1.8471], [119.8682, -1.8473], [119.868, -1.8476], [119.8679, -1.848], [119.8677, -1.8482], [119.8675, -1.8486], [119.8674, -1.8489], [119.8673, -1.8491], [119.8673, -1.8494], [119.8672, -1.8496], [119.8672, -1.8499], [119.8674, -1.8501], [119.8677, -1.8502], [119.8679, -1.8503], [119.8681, -1.8505], [119.8684, -1.8507], [119.8686, -1.8508], [119.8688, -1.851], [119.869, -1.8511], [119.8692, -1.8513], [119.8694, -1.8515], [119.8696, -1.8518], [119.8698, -1.852], [119.8699, -1.8524], [119.87, -1.8526], [119.8702, -1.853], [119.8703, -1.8533], [119.8704, -1.8536], [119.8705, -1.8538], [119.8707, -1.8542], [119.8708, -1.8546], [119.8709, -1.8549], [119.871, -1.8551], [119.8711, -1.8554], [119.8712, -1.8556], [119.8714, -1.8559], [119.8715, -1.8561], [119.8717, -1.8565], [119.8718, -1.8567], [119.872, -1.8571], [119.8721, -1.8574], [119.8737, -1.859], [119.8739, -1.8592], [119.8741, -1.8593], [119.8743, -1.8595], [119.8746, -1.8597], [119.8748, -1.8599], [119.8751, -1.8602], [119.8752, -1.8604], [119.8753, -1.8607], [119.8754, -1.8609], [119.8754, -1.8614], [119.8755, -1.8616], [119.8754, -1.8621], [119.8754, -1.8624], [119.8754, -1.8626], [119.8752, -1.8629], [119.8751, -1.8633], [119.875, -1.8636], [119.8748, -1.864], [119.8747, -1.8642], [119.8745, -1.8645], [119.8742, -1.8647], [119.874, -1.8649], [119.8738, -1.8651], [119.8736, -1.8652], [119.8733, -1.8654], [119.8731, -1.8655], [119.8727, -1.8657], [119.8726, -1.8658], [119.8722, -1.866], [119.8719, -1.8661], [119.8716, -1.8662], [119.8713, -1.8663], [119.871, -1.8664], [119.8706, -1.8666], [119.8704, -1.8668], [119.8701, -1.867], [119.8699, -1.8672], [119.8696, -1.8675], [119.8693, -1.8678], [119.8691, -1.868], [119.8688, -1.8682], [119.8687, -1.8684], [119.8683, -1.8686], [119.868, -1.8688], [119.8678, -1.8691], [119.8676, -1.8692], [119.8674, -1.8694], [119.8671, -1.8696], [119.8669, -1.8698], [119.8665, -1.8701], [119.8663, -1.8703], [119.866, -1.8706], [119.8658, -1.8709], [119.8657, -1.871], [119.8653, -1.8713], [119.8651, -1.8715], [119.8649, -1.8717], [119.8646, -1.872], [119.8643, -1.8722], [119.8641, -1.8723], [119.8639, -1.8725], [119.8637, -1.8727], [119.8635, -1.8729], [119.8633, -1.873], [119.8628, -1.8733], [119.8625, -1.8734], [119.8623, -1.8735], [119.862, -1.8737], [119.8616, -1.8738], [119.8614, -1.8739], [119.8609, -1.8742], [119.8606, -1.8743], [119.8602, -1.8745], [119.86, -1.8746], [119.8598, -1.8747], [119.8595, -1.8749], [119.8593, -1.875], [119.859, -1.8751], [119.8588, -1.8753], [119.8586, -1.8754], [119.8584, -1.8754], [119.858, -1.8755], [119.8577, -1.8756], [119.8574, -1.8757], [119.8572, -1.8758], [119.857, -1.8761], [119.8569, -1.8763], [119.8569, -1.8765], [119.8569, -1.8767], [119.857, -1.8769], [119.8571, -1.8771], [119.8572, -1.8773], [119.8573, -1.8776], [119.8576, -1.8779], [119.8577, -1.8782], [119.8579, -1.8785], [119.858, -1.8788], [119.8582, -1.879], [119.8584, -1.8793], [119.8585, -1.8795], [119.8587, -1.8798], [119.8589, -1.88], [119.8591, -1.8802], [119.8593, -1.8803], [119.8595, -1.8804], [119.8598, -1.8805], [119.8601, -1.8806], [119.8604, -1.8806], [119.8608, -1.8806], [119.861, -1.8806], [119.8614, -1.8807], [119.8618, -1.8807], [119.8621, -1.8807], [119.8624, -1.8807], [119.8628, -1.8807], [119.8631, -1.8806], [119.8635, -1.8806], [119.8638, -1.8806], [119.8641, -1.8806], [119.8644, -1.8806], [119.8647, -1.8807], [119.8651, -1.8808], [119.8654, -1.881], [119.8656, -1.8811], [119.8658, -1.8813], [119.866, -1.8817], [119.8662, -1.882], [119.8664, -1.8823], [119.8667, -1.8829], [119.8668, -1.8832], [119.8669, -1.8834], [119.8671, -1.8838], [119.8672, -1.8841], [119.8673, -1.8844], [119.8674, -1.8847], [119.8675, -1.8849], [119.8677, -1.8853], [119.8678, -1.8856], [119.8679, -1.8859], [119.868, -1.8862], [119.8681, -1.8865], [119.8681, -1.8868], [119.8682, -1.8871], [119.8683, -1.8874], [119.8684, -1.8877], [119.8685, -1.8879], [119.8686, -1.8883], [119.8687, -1.8886], [119.8688, -1.8889], [119.8688, -1.8891], [119.8689, -1.8894], [119.869, -1.8897], [119.869, -1.8899], [119.8691, -1.8904], [119.8691, -1.8906], [119.8692, -1.8911], [119.8692, -1.8914], [119.8691, -1.8917], [119.869, -1.8921], [119.8688, -1.8925], [119.8687, -1.8927], [119.8686, -1.893], [119.8685, -1.8933], [119.8684, -1.8937], [119.8683, -1.894], [119.8681, -1.8945], [119.868, -1.8948], [119.8679, -1.8952], [119.8679, -1.8955], [119.8678, -1.8959], [119.8677, -1.8962], [119.8676, -1.8966], [119.8675, -1.897], [119.8675, -1.8973], [119.8674, -1.8977], [119.8673, -1.8979], [119.8672, -1.8982], [119.8672, -1.8984], [119.8671, -1.8987], [119.8671, -1.8989], [119.8671, -1.8993], [119.8671, -1.8995], [119.867, -1.8997], [119.867, -1.9001], [119.867, -1.9004], [119.867, -1.9009], [119.8671, -1.9011], [119.8671, -1.9014], [119.8672, -1.9017], [119.8672, -1.9022], [119.8672, -1.9026], [119.8672, -1.9029], [119.8672, -1.9032], [119.8672, -1.9034], [119.8672, -1.904], [119.8671, -1.9042], [119.8671, -1.9044], [119.867, -1.9048], [119.867, -1.9051], [119.8668, -1.9056], [119.8668, -1.9059], [119.8667, -1.9064], [119.8665, -1.9068], [119.8665, -1.9071], [119.8664, -1.9074], [119.8664, -1.9077], [119.8663, -1.908], [119.8662, -1.9083], [119.8661, -1.9086], [119.8661, -1.9089], [119.8661, -1.9091], [119.8661, -1.9094], [119.8661, -1.9097], [119.8661, -1.9099], [119.8661, -1.9101], [119.866, -1.9103], [119.866, -1.9106], [119.8659, -1.911], [119.8659, -1.9112], [119.8658, -1.9115], [119.8657, -1.9118], [119.8655, -1.9121], [119.8654, -1.9123], [119.8652, -1.9126], [119.865, -1.9128], [119.8648, -1.9131], [119.8646, -1.9132], [119.8642, -1.9134], [119.8639, -1.9136], [119.8635, -1.9138], [119.863, -1.9139], [119.8627, -1.9141], [119.8622, -1.9143], [119.8619, -1.9144], [119.8616, -1.9146], [119.8614, -1.9147], [119.8612, -1.9148], [119.861, -1.9151], [119.8608, -1.9153], [119.8606, -1.9155], [119.8605, -1.9158], [119.8605, -1.916], [119.8606, -1.9163], [119.8608, -1.9165], [119.861, -1.9167], [119.8612, -1.9169], [119.8614, -1.9171], [119.8616, -1.9173], [119.8619, -1.9176], [119.8622, -1.9179], [119.8623, -1.9181], [119.8625, -1.9184], [119.8627, -1.9186], [119.8628, -1.9188], [119.8629, -1.919], [119.863, -1.9195], [119.8631, -1.9197], [119.8631, -1.92], [119.8631, -1.9203], [119.8629, -1.9207], [119.8628, -1.9209], [119.8628, -1.9212], [119.8626, -1.9214], [119.8625, -1.9216], [119.8624, -1.9219], [119.8622, -1.9221], [119.8621, -1.9223], [119.8619, -1.9225], [119.8616, -1.9228], [119.8615, -1.9231], [119.8614, -1.9233], [119.8612, -1.9238], [119.8611, -1.924], [119.8609, -1.9243], [119.8609, -1.9245], [119.8608, -1.9248], [119.8607, -1.9251], [119.8607, -1.9254], [119.8606, -1.9256], [119.8606, -1.9258], [119.8605, -1.9262], [119.8605, -1.9265], [119.8605, -1.9268], [119.8605, -1.927], [119.8605, -1.9277], [119.8605, -1.928], [119.8605, -1.9284], [119.8606, -1.9289], [119.8606, -1.9293], [119.8607, -1.9297], [119.8607, -1.93], [119.8608, -1.9302], [119.8609, -1.9306], [119.861, -1.9309], [119.8611, -1.9312], [119.8612, -1.9315], [119.8613, -1.9319], [119.8614, -1.9322], [119.8615, -1.9324], [119.8617, -1.9328], [119.8618, -1.933], [119.862, -1.9333], [119.8622, -1.9336], [119.8623, -1.9338], [119.8625, -1.9341], [119.8627, -1.9343], [119.8629, -1.9346], [119.8631, -1.9347], [119.8633, -1.935], [119.8635, -1.9352], [119.8639, -1.9355], [119.8641, -1.9356], [119.8644, -1.9358], [119.8646, -1.9359], [119.8647, -1.936], [119.865, -1.9361], [119.8652, -1.9361], [119.8654, -1.9363], [119.8657, -1.9363], [119.8659, -1.9364], [119.8664, -1.9365], [119.8666, -1.9366], [119.8669, -1.9366], [119.8672, -1.9366], [119.8675, -1.9366], [119.8678, -1.9367], [119.8681, -1.9367], [119.8684, -1.9367], [119.8687, -1.9368], [119.869, -1.9368], [119.8693, -1.9369], [119.8696, -1.937], [119.8698, -1.9372], [119.8702, -1.9373], [119.8704, -1.9375], [119.8707, -1.9378], [119.8708, -1.938], [119.8708, -1.9382], [119.8708, -1.9386], [119.8708, -1.9388], [119.8707, -1.9391], [119.8706, -1.9394], [119.8706, -1.9397], [119.8705, -1.94], [119.8704, -1.9402], [119.8702, -1.9406], [119.8701, -1.9409], [119.87, -1.9412], [119.8699, -1.9415], [119.8698, -1.9418], [119.8697, -1.942], [119.8697, -1.9423], [119.8695, -1.9427], [119.8694, -1.9429], [119.8693, -1.9432], [119.8692, -1.9435], [119.8691, -1.9438], [119.8691, -1.944], [119.8689, -1.9443], [119.8689, -1.9447], [119.8688, -1.9449], [119.8687, -1.9452], [119.8685, -1.9454], [119.8683, -1.9458], [119.8682, -1.946], [119.868, -1.9463], [119.8678, -1.9465], [119.8677, -1.9467], [119.8674, -1.947], [119.8671, -1.9472], [119.8669, -1.9474], [119.8667, -1.9477], [119.8665, -1.948], [119.8663, -1.9483], [119.8661, -1.9485], [119.866, -1.9488], [119.8658, -1.9492], [119.8657, -1.9494], [119.8656, -1.9497], [119.8656, -1.9499], [119.8656, -1.9502], [119.8656, -1.9505], [119.8657, -1.9507], [119.8659, -1.9509], [119.8662, -1.9512], [119.8664, -1.9513], [119.8666, -1.9515], [119.8668, -1.9516], [119.867, -1.9518], [119.8672, -1.952], [119.8674, -1.9522], [119.8675, -1.9525], [119.8676, -1.9528], [119.8675, -1.9532], [119.8675, -1.9534], [119.8674, -1.9536], [119.8673, -1.9539], [119.8672, -1.9541], [119.8671, -1.9544], [119.867, -1.9546], [119.8669, -1.9548], [119.8667, -1.9551], [119.8666, -1.9553], [119.8664, -1.9555], [119.8662, -1.9558], [119.8661, -1.9559], [119.8659, -1.9561], [119.8657, -1.9562], [119.8654, -1.9564], [119.8652, -1.9566], [119.8651, -1.9567], [119.8649, -1.9569], [119.8647, -1.9571], [119.8646, -1.9573], [119.8644, -1.9576], [119.8643, -1.9581], [119.8642, -1.9585], [119.8641, -1.9588], [119.8641, -1.959], [119.8641, -1.9593], [119.864, -1.9596], [119.8639, -1.9599], [119.8639, -1.9601], [119.8639, -1.9605], [119.8638, -1.9607], [119.8638, -1.9609], [119.8638, -1.9612], [119.8638, -1.9615], [119.8638, -1.9617], [119.8639, -1.9623], [119.864, -1.9626], [119.8641, -1.9628], [119.8642, -1.9633], [119.8644, -1.9636], [119.8645, -1.9638], [119.8647, -1.9642], [119.8649, -1.9644], [119.865, -1.9646], [119.8653, -1.9648], [119.8654, -1.965], [119.8656, -1.9651], [119.8659, -1.9654], [119.8661, -1.9655], [119.8663, -1.9657], [119.8665, -1.9658], [119.8667, -1.966], [119.8671, -1.9663], [119.8673, -1.9666], [119.8675, -1.9669], [119.8676, -1.9672], [119.8676, -1.9675], [119.8677, -1.9678], [119.8677, -1.9681], [119.8678, -1.9683], [119.8678, -1.9687], [119.8678, -1.9689], [119.8679, -1.9693], [119.8679, -1.9698], [119.868, -1.9701], [119.868, -1.9705], [119.8681, -1.9708], [119.8682, -1.9712], [119.8682, -1.9715], [119.8682, -1.9718], [119.8682, -1.9723], [119.8682, -1.9725], [119.8682, -1.9728], [119.8682, -1.9731], [119.8682, -1.9733], [119.8681, -1.9738], [119.8681, -1.9741], [119.8681, -1.9747], [119.868, -1.9751], [119.868, -1.9754], [119.868, -1.9757], [119.868, -1.9761], [119.868, -1.9766], [119.8679, -1.977], [119.8679, -1.9772], [119.8679, -1.9776], [119.8679, -1.9779], [119.8679, -1.9782], [119.8679, -1.9785], [119.8679, -1.9789], [119.8679, -1.9792], [119.8678, -1.9795], [119.8678, -1.9799], [119.8678, -1.9802], [119.8677, -1.9805], [119.8677, -1.9808], [119.8676, -1.9811], [119.8676, -1.9814], [119.8676, -1.9819], [119.8676, -1.9823], [119.8676, -1.9825], [119.8676, -1.9829], [119.8676, -1.9834], [119.8676, -1.9841], [119.8676, -1.9844], [119.8676, -1.9847], [119.8679, -1.9871], [119.868, -1.9874], [119.868, -1.9877], [119.868, -1.9879], [119.868, -1.9885], [119.8681, -1.9888], [119.8681, -1.9893], [119.8681, -1.9895], [119.8682, -1.9901], [119.8682, -1.9904], [119.8682, -1.9906], [119.8683, -1.9911], [119.8683, -1.9913], [119.8683, -1.9916], [119.8684, -1.9919], [119.8684, -1.9922], [119.8685, -1.9925], [119.8685, -1.9927], [119.8686, -1.9931], [119.8686, -1.9933], [119.8687, -1.9936], [119.8688, -1.994], [119.8689, -1.9942], [119.8689, -1.9947], [119.869, -1.9951], [119.8691, -1.9955], [119.8692, -1.9958], [119.8693, -1.9963], [119.8694, -1.9967], [119.8694, -1.9969], [119.8695, -1.9972], [119.8696, -1.9974], [119.8697, -1.9977], [119.8698, -1.9981], [119.8699, -1.9983], [119.8701, -1.9986], [119.8702, -1.9989], [119.8702, -1.9991], [119.8703, -1.9993], [119.8704, -1.9996], [119.8704, -1.9998], [119.8704, -2], [119.8703, -2.0008], [119.8701, -2.0016], [119.8697, -2.0026], [119.8693, -2.0038], [119.8692, -2.0041], [119.8687, -2.0058], [119.8687, -2.0063], [119.8685, -2.0073], [119.8682, -2.0082], [119.8667, -2.0098], [119.8663, -2.0106], [119.8662, -2.0109], [119.8661, -2.0114], [119.8665, -2.0118], [119.8671, -2.0123], [119.8678, -2.0127], [119.8688, -2.0133], [119.8691, -2.0137], [119.8692, -2.014], [119.8693, -2.0142], [119.8693, -2.015], [119.8694, -2.0161], [119.8695, -2.0164], [119.8699, -2.0176], [119.8703, -2.0181], [119.8684, -2.019], [119.8672, -2.0196], [119.8658, -2.0208], [119.8649, -2.0224], [119.8643, -2.0243], [119.8635, -2.0259], [119.8627, -2.0266], [119.8624, -2.0271], [119.8624, -2.0278], [119.8628, -2.0309], [119.8624, -2.0319], [119.8615, -2.0327], [119.8605, -2.0331], [119.8588, -2.0327], [119.8579, -2.0326], [119.8573, -2.0329], [119.8566, -2.0334], [119.8559, -2.0341], [119.8547, -2.0354], [119.854, -2.0365], [119.8532, -2.0376], [119.8524, -2.039], [119.8521, -2.0401], [119.8515, -2.0418], [119.8503, -2.0425], [119.8495, -2.0426], [119.8483, -2.0434], [119.8464, -2.0445], [119.8455, -2.0447], [119.8444, -2.0452], [119.8435, -2.0458], [119.8428, -2.0459], [119.8423, -2.0459], [119.8412, -2.0456], [119.8401, -2.0448], [119.8392, -2.0446], [119.8377, -2.0449], [119.8357, -2.0449], [119.8333, -2.0459], [119.8318, -2.0463], [119.8302, -2.0465], [119.8288, -2.0467], [119.827, -2.0474], [119.8254, -2.0489], [119.8241, -2.0505], [119.8227, -2.0522], [119.8212, -2.0541], [119.8206, -2.0551], [119.8192, -2.0572], [119.8188, -2.0581], [119.8183, -2.0589], [119.8177, -2.06], [119.8174, -2.0617], [119.8175, -2.0632], [119.8176, -2.064], [119.8176, -2.0649], [119.8176, -2.0662], [119.8177, -2.0667], [119.8182, -2.0686], [119.8186, -2.0697], [119.8194, -2.0716], [119.8198, -2.0723], [119.8203, -2.073], [119.8208, -2.0736], [119.8208, -2.0744], [119.8202, -2.076], [119.8196, -2.0774], [119.8194, -2.0792], [119.8194, -2.08], [119.8193, -2.0809], [119.8188, -2.0817], [119.8181, -2.0823], [119.8174, -2.0829], [119.8167, -2.0833], [119.8161, -2.0839], [119.8157, -2.0848], [119.8158, -2.0857], [119.8161, -2.0862], [119.8166, -2.087], [119.8168, -2.088], [119.8167, -2.0888], [119.8167, -2.0895], [119.8167, -2.0905], [119.8168, -2.0911], [119.817, -2.092], [119.8173, -2.0928], [119.8174, -2.0936], [119.8173, -2.0942], [119.8172, -2.0952], [119.8169, -2.0962], [119.8167, -2.0969], [119.8166, -2.0974], [119.8163, -2.0982], [119.8161, -2.0988], [119.8158, -2.0992], [119.8151, -2.1009], [119.8142, -2.1019], [119.813, -2.1025], [119.8121, -2.1027], [119.8113, -2.1028], [119.8107, -2.1031], [119.81, -2.1035], [119.8093, -2.1046], [119.8085, -2.1061], [119.8081, -2.1069], [119.8071, -2.1081], [119.8064, -2.1093], [119.8059, -2.1103], [119.8054, -2.1111], [119.8046, -2.1119], [119.8037, -2.1122], [119.8024, -2.1119], [119.8012, -2.1116], [119.8003, -2.1111], [119.7994, -2.1108], [119.7982, -2.1106], [119.7969, -2.1101], [119.7956, -2.1095], [119.7942, -2.1088], [119.7931, -2.1085], [119.7918, -2.1087], [119.7907, -2.1091], [119.7895, -2.1098], [119.7883, -2.111], [119.7872, -2.1121], [119.7859, -2.1134], [119.7851, -2.1141], [119.7843, -2.1145], [119.7836, -2.115], [119.7828, -2.1158], [119.782, -2.1166], [119.781, -2.1171], [119.7799, -2.1173], [119.7793, -2.1173], [119.7788, -2.1174], [119.7781, -2.1181], [119.7772, -2.1189], [119.7764, -2.1195], [119.7757, -2.1198], [119.7748, -2.1198], [119.7738, -2.1201], [119.773, -2.1204], [119.7716, -2.1206], [119.7709, -2.1208], [119.7699, -2.121], [119.7693, -2.1217], [119.7689, -2.1223], [119.7682, -2.1229], [119.7675, -2.1232], [119.7669, -2.1235], [119.7663, -2.124], [119.7661, -2.1249], [119.7664, -2.1295], [119.7665, -2.13], [119.766, -2.1313], [119.7656, -2.1321], [119.765, -2.1331], [119.7633, -2.1346], [119.7627, -2.1356], [119.7626, -2.1367], [119.7628, -2.1373], [119.7631, -2.1377], [119.7634, -2.1378], [119.7637, -2.1384], [119.7637, -2.139], [119.7636, -2.1392], [119.7634, -2.1399], [119.763, -2.1407], [119.7627, -2.1417], [119.7627, -2.1424], [119.7627, -2.143], [119.7626, -2.1438], [119.7623, -2.1448], [119.7619, -2.1454], [119.7609, -2.1461], [119.76, -2.147], [119.7591, -2.148], [119.7586, -2.1486], [119.758, -2.1491], [119.7569, -2.1495], [119.7561, -2.1499], [119.7555, -2.1503], [119.7548, -2.1509], [119.754, -2.1516], [119.7534, -2.152], [119.753, -2.1524], [119.7524, -2.1532], [119.7521, -2.1537], [119.7519, -2.1545], [119.7516, -2.1549], [119.7512, -2.1551], [119.7505, -2.1554], [119.75, -2.1556], [119.7492, -2.1556], [119.7484, -2.1556], [119.7474, -2.1554], [119.7468, -2.155], [119.7464, -2.1547], [119.746, -2.1543], [119.7454, -2.1538], [119.7446, -2.1538], [119.7438, -2.1539], [119.7432, -2.1543], [119.7429, -2.155], [119.7426, -2.1557], [119.7424, -2.1563], [119.7416, -2.1573], [119.7408, -2.1579], [119.74, -2.1587], [119.7396, -2.1593], [119.7392, -2.16], [119.7387, -2.1609], [119.7383, -2.1616], [119.7376, -2.1622], [119.7368, -2.1626], [119.7362, -2.1629], [119.7357, -2.1634], [119.7354, -2.1639], [119.7347, -2.1643], [119.7341, -2.1645], [119.7327, -2.1646], [119.7316, -2.1649], [119.7309, -2.1652], [119.73, -2.1658], [119.7293, -2.1663], [119.7288, -2.1672], [119.7287, -2.168], [119.7281, -2.1692], [119.7278, -2.17], [119.7274, -2.1708], [119.7271, -2.1716], [119.727, -2.1724], [119.7271, -2.1732], [119.7272, -2.1741], [119.7273, -2.1751], [119.7273, -2.1759], [119.7272, -2.1766], [119.727, -2.1774], [119.7263, -2.178], [119.7255, -2.1782], [119.7249, -2.1782], [119.7246, -2.1784], [119.7243, -2.1788], [119.7242, -2.1793], [119.7237, -2.1801], [119.7221, -2.1818], [119.7214, -2.1827], [119.7211, -2.1829], [119.7207, -2.1831], [119.7202, -2.1831], [119.7197, -2.1831], [119.7191, -2.1833], [119.7185, -2.1838], [119.7182, -2.1844], [119.7174, -2.1853], [119.7165, -2.1861], [119.7159, -2.1867], [119.7154, -2.1873], [119.7151, -2.1873], [119.7146, -2.1877], [119.7139, -2.1879], [119.7133, -2.1882], [119.713, -2.1885], [119.7126, -2.1889], [119.7122, -2.1892], [119.7115, -2.1898], [119.711, -2.1904], [119.7103, -2.1914], [119.7097, -2.1921], [119.7093, -2.1926], [119.7086, -2.1932], [119.7079, -2.1939], [119.7075, -2.1943], [119.7071, -2.1948], [119.707, -2.1951], [119.7069, -2.1954], [119.7063, -2.1963], [119.7063, -2.1968], [119.7065, -2.1972], [119.7066, -2.1977], [119.7065, -2.1981], [119.706, -2.1983], [119.7057, -2.1985], [119.705, -2.1986], [119.7043, -2.1988], [119.7039, -2.1989], [119.7035, -2.1991], [119.7032, -2.1994], [119.7023, -2.2003], [119.7012, -2.201], [119.7005, -2.2014], [119.7, -2.2018], [119.6993, -2.2026], [119.6985, -2.2034], [119.698, -2.2039], [119.6974, -2.2047], [119.6973, -2.205], [119.697, -2.2054], [119.6966, -2.206], [119.696, -2.2065], [119.6955, -2.2069], [119.6944, -2.2073], [119.6936, -2.2074], [119.6932, -2.2075], [119.6928, -2.2076], [119.6923, -2.2078], [119.6918, -2.2082], [119.6916, -2.2086], [119.6912, -2.209], [119.6907, -2.2091], [119.6904, -2.209], [119.6895, -2.2089], [119.6887, -2.2088], [119.6882, -2.2087], [119.6876, -2.2087], [119.6871, -2.2087], [119.6865, -2.2086], [119.6859, -2.2085], [119.6854, -2.2083], [119.6849, -2.208], [119.6842, -2.2082], [119.6838, -2.2083], [119.6834, -2.2085], [119.6825, -2.2088], [119.6818, -2.2088], [119.6811, -2.2088], [119.6799, -2.2089], [119.679, -2.209], [119.6783, -2.209], [119.6775, -2.2091], [119.6771, -2.2091], [119.6762, -2.2093], [119.6758, -2.2094], [119.6749, -2.2099], [119.6743, -2.2103], [119.6738, -2.2108], [119.6734, -2.2113], [119.6731, -2.2116], [119.6725, -2.2122], [119.6723, -2.2125], [119.6718, -2.2132], [119.6713, -2.2137], [119.6709, -2.2142], [119.67, -2.2148], [119.6692, -2.2152], [119.6686, -2.2156], [119.6682, -2.2161], [119.6677, -2.2171], [119.6673, -2.2179], [119.6671, -2.2187], [119.6667, -2.2194], [119.6661, -2.2201], [119.6655, -2.221], [119.6652, -2.2215], [119.6646, -2.2225], [119.6642, -2.2233], [119.6638, -2.224], [119.6635, -2.2243], [119.6629, -2.2247], [119.6622, -2.225], [119.6618, -2.2252], [119.6614, -2.2257], [119.6612, -2.2261], [119.6612, -2.2266], [119.6612, -2.2272], [119.661, -2.2278], [119.6606, -2.2283], [119.6601, -2.2284], [119.6598, -2.2285], [119.6596, -2.2288], [119.6597, -2.2293], [119.6598, -2.2295], [119.6596, -2.2304], [119.659, -2.2309], [119.6584, -2.2312], [119.658, -2.2314], [119.6578, -2.2316], [119.6575, -2.2317], [119.6576, -2.232], [119.6578, -2.2321], [119.658, -2.2323], [119.6581, -2.2327], [119.658, -2.2331], [119.6579, -2.2335], [119.6574, -2.2338], [119.6571, -2.234], [119.6566, -2.2341], [119.6562, -2.2342], [119.6555, -2.2342], [119.6548, -2.2341], [119.6543, -2.234], [119.6536, -2.234], [119.6531, -2.2338], [119.6527, -2.2337], [119.6523, -2.2336], [119.652, -2.2337], [119.6519, -2.2342], [119.652, -2.2348], [119.6522, -2.2352], [119.6524, -2.2357], [119.6522, -2.2362], [119.6517, -2.2365], [119.6512, -2.2367], [119.6503, -2.2368], [119.6496, -2.237], [119.6482, -2.2375], [119.6472, -2.2379], [119.6466, -2.2382], [119.6462, -2.2384], [119.6457, -2.2389], [119.6452, -2.2394], [119.6448, -2.2396], [119.6445, -2.2397], [119.6442, -2.2396], [119.6435, -2.2395], [119.6426, -2.2394], [119.6421, -2.2394], [119.6416, -2.2395], [119.6411, -2.2397], [119.6407, -2.2399], [119.6403, -2.2402], [119.6395, -2.2403], [119.6389, -2.2403], [119.6385, -2.2403], [119.638, -2.2402], [119.6376, -2.2402], [119.6373, -2.2403], [119.637, -2.2404], [119.6367, -2.2407], [119.6364, -2.2411], [119.6357, -2.2416], [119.6349, -2.2418], [119.6345, -2.2419], [119.634, -2.2419], [119.6334, -2.242], [119.633, -2.2422], [119.6326, -2.2425], [119.6322, -2.243], [119.6321, -2.2435], [119.6322, -2.244], [119.6324, -2.2443], [119.6322, -2.2448], [119.6319, -2.2451], [119.6315, -2.2454], [119.6312, -2.2456], [119.6309, -2.2458], [119.6309, -2.2461], [119.6311, -2.2465], [119.6313, -2.2469], [119.6316, -2.2481], [119.6315, -2.2485], [119.6312, -2.2489], [119.631, -2.2493], [119.6307, -2.2496], [119.6305, -2.2498], [119.6302, -2.25], [119.6299, -2.2502], [119.63, -2.2505], [119.6302, -2.2514], [119.6301, -2.2518], [119.6298, -2.2522], [119.6295, -2.2525], [119.6293, -2.2528], [119.6292, -2.2532], [119.6295, -2.2536], [119.6298, -2.2538], [119.6301, -2.254], [119.6303, -2.2542], [119.6304, -2.2544], [119.6307, -2.2553], [119.631, -2.2561], [119.6314, -2.2574], [119.6318, -2.2585], [119.6322, -2.2599], [119.6324, -2.2609], [119.6325, -2.2616], [119.6325, -2.2624], [119.6324, -2.263], [119.6322, -2.2636], [119.6322, -2.2641], [119.6323, -2.2648], [119.6324, -2.2652], [119.6326, -2.2655], [119.6327, -2.2658], [119.6329, -2.2662], [119.6331, -2.2664], [119.6333, -2.2669], [119.6334, -2.2675], [119.6333, -2.2682], [119.6332, -2.269], [119.6332, -2.2695], [119.6334, -2.2701], [119.6335, -2.2707], [119.6338, -2.2712], [119.6341, -2.2719], [119.6344, -2.2727], [119.6343, -2.2732], [119.6343, -2.2743], [119.6342, -2.2764], [119.6343, -2.2771], [119.6344, -2.2776], [119.6346, -2.278], [119.6351, -2.2784], [119.6354, -2.2787], [119.6357, -2.2791], [119.6359, -2.2794], [119.636, -2.2796], [119.6361, -2.2798], [119.6362, -2.2798], [119.636, -2.2803], [119.6356, -2.2812], [119.6353, -2.2823], [119.6351, -2.2832], [119.6347, -2.2842], [119.6338, -2.2857], [119.6332, -2.2866], [119.6327, -2.2875], [119.6318, -2.2888], [119.6314, -2.2893], [119.6312, -2.2897], [119.631, -2.29], [119.6307, -2.2907], [119.6303, -2.2914], [119.6299, -2.2921], [119.6292, -2.2932], [119.6286, -2.2942], [119.6284, -2.2949], [119.6283, -2.2952], [119.6286, -2.2959], [119.6296, -2.2965], [119.6304, -2.2967], [119.631, -2.2969], [119.6317, -2.2974], [119.6323, -2.2978], [119.6328, -2.2983], [119.6331, -2.2988], [119.6337, -2.2996], [119.6345, -2.3007], [119.6361, -2.3024], [119.6369, -2.3033], [119.6374, -2.304], [119.6379, -2.3043], [119.6383, -2.3047], [119.6387, -2.3051], [119.6388, -2.3056], [119.639, -2.3059], [119.6392, -2.3062], [119.6395, -2.3064], [119.6396, -2.3066], [119.6399, -2.3067], [119.6406, -2.307], [119.641, -2.3073], [119.6412, -2.3078], [119.6414, -2.3083], [119.6415, -2.3086], [119.6419, -2.309], [119.6422, -2.3093], [119.6429, -2.3098], [119.6431, -2.3102], [119.6434, -2.3115], [119.6434, -2.3119], [119.6432, -2.3123], [119.6432, -2.3128], [119.6432, -2.3132], [119.6435, -2.3135], [119.6439, -2.3136], [119.6443, -2.3136], [119.6448, -2.3137], [119.6451, -2.3138], [119.6456, -2.314], [119.6459, -2.314], [119.6463, -2.314], [119.6466, -2.314], [119.6475, -2.3145], [119.648, -2.3147], [119.6486, -2.3151], [119.6491, -2.3154], [119.6496, -2.3156], [119.65, -2.3158], [119.6503, -2.3163], [119.6505, -2.3169], [119.6506, -2.3176], [119.6505, -2.3182], [119.6505, -2.3187], [119.6505, -2.3192], [119.6504, -2.3197], [119.6504, -2.3201], [119.6507, -2.3205], [119.6512, -2.3208], [119.6521, -2.3214], [119.6531, -2.3218], [119.6538, -2.3222], [119.6542, -2.3226], [119.6544, -2.323], [119.6546, -2.3239], [119.6547, -2.3245], [119.6548, -2.325], [119.6549, -2.3256], [119.655, -2.3261], [119.6552, -2.3263], [119.6554, -2.3265], [119.6558, -2.3267], [119.6563, -2.3267], [119.657, -2.3267], [119.6575, -2.3267], [119.6578, -2.3266], [119.6582, -2.3266], [119.6586, -2.3268], [119.6591, -2.3271], [119.6595, -2.3273], [119.6601, -2.3274], [119.6607, -2.3274], [119.6616, -2.3272], [119.6622, -2.3271], [119.6628, -2.3271], [119.6635, -2.3271], [119.664, -2.3274], [119.6643, -2.3276], [119.6646, -2.3279], [119.6649, -2.3283], [119.6651, -2.3285], [119.6653, -2.3288], [119.6654, -2.3291], [119.6656, -2.3294], [119.6656, -2.3297], [119.6655, -2.33], [119.6655, -2.3303], [119.6655, -2.3305], [119.6656, -2.3306], [119.6658, -2.3309], [119.6665, -2.3315], [119.6676, -2.3319], [119.6685, -2.332], [119.6694, -2.3322], [119.6699, -2.3325], [119.6703, -2.3329], [119.6703, -2.3336], [119.6703, -2.3343], [119.6703, -2.3348], [119.6704, -2.3352], [119.6706, -2.336], [119.6711, -2.3366], [119.6717, -2.3369], [119.6722, -2.3372], [119.6726, -2.3375], [119.6728, -2.338], [119.6732, -2.3387], [119.6733, -2.3391], [119.6736, -2.3394], [119.6743, -2.3394], [119.675, -2.3392], [119.6756, -2.3389], [119.6763, -2.3389], [119.6767, -2.339], [119.6771, -2.3392], [119.6781, -2.3394], [119.679, -2.3395], [119.6796, -2.3395], [119.6803, -2.3393], [119.681, -2.339], [119.6814, -2.3386], [119.6818, -2.338], [119.6821, -2.3375], [119.6823, -2.3371], [119.6824, -2.3369], [119.6825, -2.3367], [119.6833, -2.3362], [119.6838, -2.3358], [119.6843, -2.3355], [119.6848, -2.3352], [119.6856, -2.3349], [119.6863, -2.3346], [119.687, -2.3342], [119.6875, -2.3339], [119.6877, -2.3337], [119.688, -2.3335], [119.6884, -2.3335], [119.689, -2.3342], [119.6894, -2.3346], [119.6895, -2.3348], [119.6906, -2.3354], [119.6913, -2.3356], [119.692, -2.336], [119.6925, -2.3363], [119.6927, -2.3365], [119.693, -2.3369], [119.6932, -2.3373], [119.6933, -2.3378], [119.6934, -2.3383], [119.6937, -2.3389], [119.694, -2.3397], [119.6941, -2.3401], [119.6941, -2.3407], [119.6944, -2.3416], [119.6945, -2.3421], [119.6942, -2.3424], [119.6937, -2.3428], [119.6934, -2.3432], [119.6933, -2.3438], [119.6931, -2.3444], [119.6926, -2.3451], [119.6923, -2.3456], [119.6923, -2.3461], [119.692, -2.3469], [119.6916, -2.3477], [119.6916, -2.3485], [119.6916, -2.349], [119.6914, -2.3496], [119.691, -2.3504], [119.6906, -2.351], [119.6904, -2.3515], [119.6903, -2.3517], [119.6902, -2.3521], [119.6904, -2.3525], [119.6905, -2.3527], [119.6906, -2.3531], [119.6906, -2.3537], [119.6907, -2.3541], [119.6908, -2.3544], [119.691, -2.3546], [119.6914, -2.355], [119.6928, -2.3561], [119.6932, -2.3564], [119.6934, -2.3568], [119.6936, -2.3571], [119.6937, -2.3579], [119.6937, -2.3583], [119.6938, -2.3591], [119.694, -2.3597], [119.6944, -2.3605], [119.6946, -2.361], [119.695, -2.3616], [119.6955, -2.3621], [119.6958, -2.3623], [119.6999, -2.371], [119.709, -2.3839], [119.7144, -2.3924], [119.7184, -2.4002], [119.7197, -2.404], [119.7198, -2.4043], [119.719, -2.4095], [119.7167, -2.4157], [119.7158, -2.4179], [119.7126, -2.4245], [119.7107, -2.4273], [119.7076, -2.4316], [119.7013, -2.4395], [119.6969, -2.4454], [119.6961, -2.4472], [119.6954, -2.4512], [119.6949, -2.455], [119.6943, -2.4606], [119.695, -2.4639], [119.698, -2.47], [119.7005, -2.4738], [119.705, -2.4769], [119.7118, -2.4814], [119.7162, -2.4844], [119.7212, -2.4877], [119.7266, -2.4923], [119.7303, -2.4986], [119.7313, -2.5003], [119.7313, -2.5033], [119.7311, -2.5077], [119.7302, -2.5129], [119.7297, -2.5153], [119.7283, -2.5217], [119.7265, -2.5268], [119.7203, -2.5373], [119.714, -2.5476], [119.7117, -2.5526], [119.711, -2.5545], [119.7108, -2.5572], [119.7107, -2.5587], [119.7098, -2.564], [119.7095, -2.5665], [119.7105, -2.5694], [119.7132, -2.5732], [119.7161, -2.5759], [119.7196, -2.5783], [119.721, -2.5792], [119.7273, -2.5834], [119.7336, -2.5868], [119.7379, -2.5893], [119.74, -2.5911], [119.7422, -2.5941], [119.7443, -2.5971], [119.7499, -2.6043], [119.7579, -2.614], [119.7606, -2.6171], [119.7646, -2.6186], [119.7658, -2.6192], [119.7713, -2.6222], [119.7751, -2.6241], [119.7775, -2.6253], [119.7825, -2.6278], [119.783, -2.6282], [119.7874, -2.6314], [119.79, -2.6332], [119.7932, -2.6362], [119.7941, -2.637], [119.797, -2.6405], [119.796, -2.641], [119.7947, -2.6419], [119.7938, -2.6426], [119.7933, -2.643], [119.7931, -2.6433], [119.7924, -2.6441], [119.7917, -2.6453], [119.791, -2.6461], [119.7896, -2.6474], [119.7886, -2.6486], [119.7878, -2.6498], [119.7872, -2.6507], [119.7862, -2.6515], [119.7851, -2.6518], [119.7842, -2.6523], [119.7834, -2.6535], [119.7825, -2.655], [119.7809, -2.6566], [119.7794, -2.6579], [119.7789, -2.6591], [119.7786, -2.6604], [119.7783, -2.6612], [119.7776, -2.6618], [119.777, -2.6621], [119.7761, -2.6623], [119.7755, -2.6623], [119.7744, -2.6623], [119.7732, -2.6624], [119.7721, -2.6625], [119.7713, -2.6626], [119.7708, -2.6627], [119.7689, -2.663], [119.7676, -2.6633], [119.7662, -2.6636], [119.7658, -2.6639], [119.7654, -2.6644], [119.7645, -2.6652], [119.7632, -2.6658], [119.762, -2.6658], [119.7608, -2.6659], [119.7603, -2.6663], [119.7598, -2.6669], [119.7593, -2.6677], [119.7585, -2.6683], [119.7577, -2.6688], [119.7568, -2.6693], [119.7557, -2.6698], [119.7549, -2.6699], [119.753, -2.6708], [119.7525, -2.671], [119.7523, -2.6714], [119.7525, -2.6721], [119.7528, -2.6728], [119.7535, -2.6738], [119.7539, -2.6744], [119.7546, -2.6752], [119.755, -2.6758], [119.7552, -2.6766], [119.7553, -2.6774], [119.7559, -2.6777], [119.7568, -2.6778], [119.758, -2.678], [119.7588, -2.6782], [119.7596, -2.6785], [119.7599, -2.6789], [119.7598, -2.6792], [119.7593, -2.6794], [119.7588, -2.6796], [119.7584, -2.6798], [119.7579, -2.6802], [119.7573, -2.6809], [119.757, -2.6817], [119.7567, -2.6826], [119.7564, -2.6838], [119.7563, -2.6845], [119.7559, -2.6849], [119.7556, -2.6852], [119.7548, -2.6854], [119.754, -2.6853], [119.7532, -2.6852], [119.7526, -2.6853], [119.7522, -2.6856], [119.7515, -2.6862], [119.751, -2.6866], [119.7505, -2.6871], [119.75, -2.6874], [119.7495, -2.6877], [119.7489, -2.6879], [119.7484, -2.6882], [119.748, -2.6886], [119.7479, -2.6891], [119.748, -2.6898], [119.7483, -2.6902], [119.7487, -2.6906], [119.749, -2.6908], [119.7493, -2.6911], [119.7495, -2.6914], [119.7495, -2.6919], [119.7492, -2.6922], [119.7485, -2.6925], [119.7477, -2.6928], [119.747, -2.6933], [119.7467, -2.6936], [119.7464, -2.6941], [119.7461, -2.6947], [119.7462, -2.6954], [119.7466, -2.6961], [119.7471, -2.6972], [119.7476, -2.6979], [119.7481, -2.6987], [119.7485, -2.6993], [119.7487, -2.6998], [119.7488, -2.7002], [119.7488, -2.7006], [119.7486, -2.7013], [119.7483, -2.702], [119.7481, -2.7027], [119.7481, -2.7033], [119.7483, -2.7039], [119.7487, -2.7045], [119.7492, -2.7052], [119.7494, -2.7059], [119.7494, -2.7064], [119.7494, -2.7074], [119.7492, -2.7083], [119.749, -2.7093], [119.7487, -2.7105], [119.7485, -2.7115], [119.7481, -2.712], [119.7471, -2.714], [119.7467, -2.7145], [119.7462, -2.715], [119.7455, -2.7153], [119.7445, -2.7156], [119.7431, -2.7158], [119.7416, -2.7164], [119.7398, -2.7167], [119.7391, -2.7167], [119.7382, -2.7171], [119.7374, -2.7173], [119.7366, -2.7175], [119.7357, -2.7174], [119.7345, -2.7172], [119.7334, -2.7173], [119.7327, -2.7173], [119.7318, -2.7173], [119.731, -2.7175], [119.7306, -2.7177], [119.7302, -2.7179], [119.7296, -2.7185], [119.7293, -2.7192], [119.7289, -2.72], [119.7284, -2.7211], [119.7278, -2.7224], [119.7274, -2.7233], [119.7271, -2.7237], [119.7267, -2.724], [119.7256, -2.7249], [119.7249, -2.7256], [119.7243, -2.7261], [119.7239, -2.7266], [119.7234, -2.727], [119.7229, -2.7271], [119.7221, -2.7272], [119.7215, -2.7272], [119.7209, -2.7273], [119.7204, -2.7275], [119.7197, -2.7279], [119.7185, -2.7282], [119.7176, -2.7284], [119.7171, -2.7284], [119.7168, -2.7284], [119.7157, -2.7288], [119.7145, -2.7292], [119.7133, -2.7297], [119.713, -2.7299], [119.7122, -2.7303], [119.7114, -2.7309], [119.7108, -2.7313], [119.7101, -2.7317], [119.7095, -2.7318], [119.709, -2.7319], [119.7084, -2.7321], [119.7078, -2.7324], [119.7074, -2.7327], [119.7072, -2.7329], [119.7069, -2.7333], [119.7067, -2.7338], [119.7066, -2.7346], [119.7063, -2.7352], [119.7057, -2.7357], [119.705, -2.7366], [119.7044, -2.7372], [119.7039, -2.7377], [119.703, -2.7385], [119.7028, -2.7387], [119.7022, -2.7393], [119.7018, -2.74], [119.7015, -2.7404], [119.7012, -2.7412], [119.7009, -2.7418], [119.7004, -2.7423], [119.6997, -2.7428], [119.6988, -2.7432], [119.6981, -2.7435], [119.6973, -2.744], [119.6964, -2.7445], [119.6959, -2.7449], [119.6954, -2.7455], [119.695, -2.746], [119.6947, -2.7468], [119.6942, -2.7476], [119.6938, -2.7483], [119.6936, -2.7487], [119.6931, -2.7495], [119.6928, -2.7498], [119.6924, -2.75], [119.6924, -2.7501], [119.6921, -2.7502], [119.6919, -2.7504], [119.6917, -2.7505], [119.6914, -2.7506], [119.6911, -2.7507], [119.6908, -2.7507], [119.6905, -2.7507], [119.6902, -2.7508], [119.6899, -2.7509], [119.6895, -2.7511], [119.6892, -2.7513], [119.689, -2.7515], [119.6888, -2.7518], [119.6887, -2.752], [119.6887, -2.7522], [119.6886, -2.7523], [119.6886, -2.7525], [119.6884, -2.7529], [119.6884, -2.753], [119.6883, -2.7531], [119.6882, -2.7531], [119.6879, -2.7532], [119.6874, -2.7532], [119.6869, -2.7534], [119.6864, -2.7535], [119.6859, -2.7538], [119.6855, -2.7541], [119.685, -2.7543], [119.6846, -2.7545], [119.684, -2.7548], [119.6836, -2.755], [119.683, -2.7552], [119.6826, -2.7553], [119.6822, -2.7555], [119.6816, -2.7559], [119.6809, -2.7562], [119.6806, -2.7562], [119.6799, -2.7564], [119.6794, -2.7564], [119.6789, -2.7564], [119.6784, -2.7564], [119.6779, -2.7564], [119.6777, -2.7564], [119.677, -2.7563], [119.6764, -2.7562], [119.6758, -2.756], [119.6753, -2.7558], [119.6748, -2.7556], [119.6744, -2.7554], [119.6741, -2.7553], [119.6732, -2.7549], [119.6727, -2.7548], [119.6722, -2.7548], [119.6717, -2.7547], [119.6709, -2.7548], [119.6704, -2.7549], [119.67, -2.7549], [119.6692, -2.755], [119.6686, -2.7551], [119.6682, -2.7549], [119.6676, -2.7547], [119.6672, -2.7545], [119.6669, -2.7544], [119.6662, -2.7539], [119.6658, -2.7537], [119.6655, -2.7536], [119.6652, -2.7535], [119.6648, -2.7535], [119.6646, -2.7536], [119.6641, -2.7538], [119.6637, -2.7538], [119.6627, -2.7542], [119.6624, -2.7543], [119.6622, -2.7544], [119.6618, -2.7545], [119.6612, -2.7546], [119.6608, -2.7547], [119.6604, -2.7548], [119.6601, -2.7548], [119.6597, -2.7548], [119.6593, -2.7547], [119.659, -2.7545], [119.6586, -2.7542], [119.6579, -2.7536], [119.6578, -2.7534], [119.6572, -2.7532], [119.6569, -2.7532], [119.6566, -2.7532], [119.6563, -2.7533], [119.656, -2.7535], [119.6556, -2.7536], [119.6553, -2.7536], [119.6544, -2.7536], [119.6538, -2.7536], [119.6534, -2.7535], [119.6529, -2.7534], [119.6526, -2.7534], [119.6524, -2.7534], [119.6521, -2.7535], [119.6517, -2.7536], [119.6514, -2.7538], [119.651, -2.7539], [119.6508, -2.754], [119.6503, -2.7541], [119.65, -2.7541], [119.6496, -2.7541], [119.6491, -2.7539], [119.6486, -2.7537], [119.6482, -2.7535], [119.6472, -2.753], [119.6467, -2.7527], [119.6462, -2.7524], [119.6458, -2.7522], [119.6451, -2.7519], [119.6448, -2.7517], [119.6443, -2.7516], [119.644, -2.7516], [119.6435, -2.7517], [119.6431, -2.7518], [119.6428, -2.7519], [119.6421, -2.7521], [119.6417, -2.7522], [119.6412, -2.7523], [119.6408, -2.7523], [119.6403, -2.7523], [119.6399, -2.7522], [119.6388, -2.752], [119.6382, -2.7519], [119.6377, -2.7518], [119.6372, -2.7517], [119.6368, -2.7517], [119.6359, -2.7516], [119.6355, -2.7517], [119.6352, -2.7518], [119.6348, -2.7519], [119.6343, -2.7521], [119.6338, -2.7525], [119.6336, -2.7526], [119.6329, -2.7531], [119.6325, -2.7534], [119.6323, -2.7536], [119.632, -2.7538], [119.6318, -2.7541], [119.6314, -2.7543], [119.6311, -2.7544], [119.6306, -2.7545], [119.6302, -2.7545], [119.6299, -2.7544], [119.6296, -2.7542], [119.6287, -2.7538], [119.6281, -2.7534], [119.6278, -2.753], [119.6273, -2.7526], [119.6264, -2.7519], [119.6257, -2.7515], [119.6254, -2.7512], [119.6249, -2.751], [119.6239, -2.7508], [119.6233, -2.7508], [119.6228, -2.7507], [119.6224, -2.7507], [119.6213, -2.7506], [119.6208, -2.7504], [119.6203, -2.7504], [119.6198, -2.7504], [119.6194, -2.7505], [119.6184, -2.7506], [119.618, -2.7506], [119.6175, -2.7506], [119.617, -2.7505], [119.6166, -2.7503], [119.6163, -2.7502], [119.6158, -2.75], [119.6154, -2.7499], [119.615, -2.7497], [119.6139, -2.7491], [119.6134, -2.748], [119.6128, -2.7469], [119.6124, -2.7458], [119.6121, -2.7448], [119.6119, -2.7437], [119.6114, -2.7425], [119.6107, -2.7416], [119.6104, -2.7413], [119.6101, -2.741], [119.6093, -2.7405], [119.6085, -2.7403], [119.6074, -2.7401], [119.6061, -2.7402], [119.6049, -2.7405], [119.6038, -2.7408], [119.6024, -2.7412], [119.6019, -2.7413], [119.6012, -2.7415], [119.5999, -2.7418], [119.5987, -2.7422], [119.5977, -2.7425], [119.5966, -2.7427], [119.5955, -2.7428], [119.5943, -2.7429], [119.593, -2.7428], [119.5919, -2.7425], [119.5907, -2.7426], [119.5903, -2.7426], [119.5895, -2.7427], [119.5882, -2.743], [119.5872, -2.7434], [119.5862, -2.7441], [119.5856, -2.7448], [119.585, -2.7454], [119.5845, -2.7461], [119.5841, -2.7468], [119.5838, -2.7472], [119.5836, -2.7474], [119.5834, -2.7476], [119.5834, -2.7478], [119.5839, -2.7495], [119.5836, -2.75], [119.5835, -2.7501], [119.583, -2.7502], [119.5826, -2.7502], [119.5821, -2.7502], [119.5816, -2.7502], [119.5811, -2.7504], [119.5805, -2.7505], [119.5799, -2.7507], [119.5796, -2.7508], [119.5792, -2.7511], [119.5789, -2.7512], [119.5786, -2.7515], [119.5784, -2.752], [119.5783, -2.7525], [119.5782, -2.753], [119.5782, -2.7536], [119.5781, -2.7539], [119.578, -2.7542], [119.5779, -2.7549], [119.5779, -2.7553], [119.5779, -2.756], [119.578, -2.7567], [119.5782, -2.757], [119.5784, -2.7576], [119.5788, -2.7582], [119.5792, -2.7586], [119.5795, -2.7589], [119.5799, -2.7593], [119.5802, -2.7595], [119.5805, -2.7597], [119.581, -2.7601], [119.5815, -2.7604], [119.5823, -2.7609], [119.5828, -2.7611], [119.5832, -2.7614], [119.5836, -2.7616], [119.5839, -2.7619], [119.5842, -2.7622], [119.5844, -2.7625], [119.5846, -2.7628], [119.5847, -2.7631], [119.5848, -2.7636], [119.5847, -2.7641], [119.5845, -2.7646], [119.5842, -2.7651], [119.5839, -2.7655], [119.5835, -2.766], [119.5831, -2.7663], [119.5826, -2.7667], [119.5822, -2.767], [119.5817, -2.7674], [119.5812, -2.7677], [119.5806, -2.7681], [119.5802, -2.7683], [119.5792, -2.7688], [119.5787, -2.7691], [119.5781, -2.7694], [119.5776, -2.7697], [119.5772, -2.7699], [119.5767, -2.7702], [119.5763, -2.7704], [119.5759, -2.7707], [119.5757, -2.7708], [119.5753, -2.7713], [119.5751, -2.7718], [119.575, -2.7724], [119.5749, -2.7729], [119.5746, -2.7734], [119.5742, -2.7738], [119.5739, -2.7742], [119.5736, -2.7746], [119.5732, -2.7752], [119.573, -2.7757], [119.573, -2.7763], [119.5728, -2.777], [119.5729, -2.7777], [119.5728, -2.7783], [119.5728, -2.7786], [119.5728, -2.7789], [119.5726, -2.7801], [119.5726, -2.7805], [119.5723, -2.7815], [119.5722, -2.782], [119.5721, -2.7828], [119.572, -2.7834], [119.5717, -2.784], [119.5716, -2.7847], [119.5714, -2.7853], [119.5714, -2.7856], [119.5712, -2.7866], [119.571, -2.7871], [119.5709, -2.7876], [119.5707, -2.7881], [119.5705, -2.7885], [119.5703, -2.7891], [119.57, -2.7897], [119.5698, -2.7901], [119.5695, -2.7912], [119.5693, -2.7918], [119.5691, -2.7923], [119.569, -2.7928], [119.5688, -2.7933], [119.5686, -2.7939], [119.5684, -2.7947], [119.5684, -2.7953], [119.5682, -2.7959], [119.568, -2.7966], [119.5678, -2.7972], [119.5677, -2.7976], [119.5675, -2.7981], [119.5673, -2.7987], [119.5669, -2.7994], [119.5667, -2.8001], [119.5666, -2.8004], [119.5664, -2.8009], [119.5663, -2.8012], [119.5662, -2.8016], [119.5661, -2.802], [119.566, -2.8025], [119.5658, -2.8033], [119.5658, -2.8037], [119.5656, -2.8043], [119.5654, -2.8049], [119.5653, -2.8054], [119.5652, -2.8059], [119.5651, -2.8064], [119.5647, -2.8071], [119.5645, -2.8074], [119.5642, -2.8078], [119.5639, -2.8083], [119.5636, -2.8086], [119.5632, -2.8089], [119.5629, -2.8091], [119.5625, -2.8095], [119.5623, -2.8098], [119.5621, -2.8102], [119.5619, -2.8106], [119.5617, -2.8112], [119.5616, -2.8116], [119.5616, -2.8119], [119.5615, -2.8121], [119.5615, -2.8124], [119.5615, -2.8128], [119.5615, -2.8132], [119.5617, -2.8137], [119.5619, -2.8142], [119.5621, -2.8147], [119.5622, -2.8151], [119.5624, -2.8156], [119.5626, -2.8161], [119.5627, -2.8165], [119.5629, -2.817], [119.5631, -2.8173], [119.5634, -2.8178], [119.5638, -2.8182], [119.5642, -2.8184], [119.5647, -2.8186], [119.5651, -2.8187], [119.5655, -2.8189], [119.5659, -2.8192], [119.5663, -2.8195], [119.5665, -2.8197], [119.5666, -2.8201], [119.5667, -2.821], [119.5667, -2.8216], [119.5665, -2.8221], [119.5659, -2.8234], [119.5657, -2.8237], [119.5654, -2.8248], [119.5652, -2.8253], [119.565, -2.8259], [119.5648, -2.8263], [119.5646, -2.8269], [119.5645, -2.8276], [119.5644, -2.8279], [119.5642, -2.8282], [119.564, -2.8287], [119.5638, -2.8292], [119.5636, -2.8296], [119.5632, -2.8306], [119.5631, -2.8313], [119.563, -2.8318], [119.5628, -2.8325], [119.5627, -2.8331], [119.5626, -2.8337], [119.5625, -2.8341], [119.5624, -2.8348], [119.5625, -2.8353], [119.5626, -2.8358], [119.5627, -2.8366], [119.5627, -2.8372], [119.5628, -2.8378], [119.5628, -2.8383], [119.5627, -2.839], [119.5627, -2.8396], [119.5626, -2.84], [119.5626, -2.8404], [119.5623, -2.8415], [119.5622, -2.8425], [119.5622, -2.8432], [119.5622, -2.8438], [119.5621, -2.8445], [119.562, -2.8451], [119.562, -2.8457], [119.5619, -2.8462], [119.5618, -2.8469], [119.5617, -2.8476], [119.5616, -2.8481], [119.5615, -2.8488], [119.5615, -2.8492], [119.5614, -2.8497], [119.5614, -2.8502], [119.5614, -2.8505], [119.5614, -2.8508], [119.5615, -2.8515], [119.5616, -2.8519], [119.562, -2.8528], [119.5623, -2.8533], [119.5627, -2.8539], [119.5632, -2.8545], [119.5637, -2.855], [119.5642, -2.8553], [119.5647, -2.8557], [119.5652, -2.8559], [119.5655, -2.8561], [119.566, -2.8564], [119.5663, -2.8566], [119.5666, -2.8568], [119.5669, -2.857], [119.5673, -2.8574], [119.5679, -2.858], [119.568, -2.8583], [119.5681, -2.859], [119.5682, -2.8597], [119.5682, -2.8603], [119.5684, -2.8612], [119.5685, -2.8621], [119.5685, -2.863], [119.5686, -2.864], [119.5687, -2.8646], [119.5688, -2.8652], [119.5689, -2.8658], [119.5689, -2.8663], [119.5691, -2.867], [119.5691, -2.8678], [119.569, -2.8684], [119.569, -2.8692], [119.5688, -2.8698], [119.5688, -2.8704], [119.5686, -2.8709], [119.5682, -2.872], [119.568, -2.8725], [119.5676, -2.8732], [119.5672, -2.8736], [119.567, -2.8739], [119.5667, -2.8741], [119.5665, -2.8743], [119.5661, -2.8748], [119.5658, -2.8751], [119.5655, -2.8754], [119.5653, -2.8756], [119.5648, -2.876], [119.5646, -2.8764], [119.5644, -2.8769], [119.5643, -2.8773], [119.564, -2.8779], [119.5639, -2.8785], [119.5636, -2.8792], [119.5634, -2.8797], [119.563, -2.8801], [119.5627, -2.8805], [119.5623, -2.8808], [119.562, -2.8811], [119.5616, -2.8814], [119.5613, -2.8818], [119.5609, -2.8821], [119.5605, -2.8823], [119.5601, -2.8824], [119.5596, -2.8825], [119.559, -2.8827], [119.5585, -2.8828], [119.5581, -2.8831], [119.5577, -2.8835], [119.5573, -2.8839], [119.557, -2.8843], [119.5566, -2.8848], [119.556, -2.8854], [119.5558, -2.8859], [119.5556, -2.8864], [119.5555, -2.8868], [119.5554, -2.8874], [119.5554, -2.888], [119.5552, -2.8885], [119.555, -2.8891], [119.5549, -2.8897], [119.5547, -2.8902], [119.5544, -2.8907], [119.5541, -2.8912], [119.5538, -2.8916], [119.5532, -2.8926], [119.553, -2.8931], [119.5526, -2.8938], [119.5524, -2.8943], [119.5521, -2.8948], [119.5519, -2.8953], [119.5516, -2.8957], [119.5514, -2.8962], [119.5512, -2.8965], [119.551, -2.8969], [119.5509, -2.8971], [119.5507, -2.8978], [119.5509, -2.8983], [119.551, -2.8989], [119.5513, -2.8994], [119.5517, -2.8998], [119.5523, -2.9005], [119.5526, -2.9009], [119.5529, -2.9011], [119.5531, -2.9014], [119.5536, -2.9018], [119.5538, -2.902], [119.5542, -2.9024], [119.5546, -2.9028], [119.5547, -2.9031], [119.5548, -2.9035], [119.5549, -2.9043], [119.555, -2.9048], [119.5552, -2.9052], [119.5552, -2.9056], [119.5552, -2.9063], [119.5552, -2.9069], [119.5552, -2.9072], [119.5551, -2.9078], [119.5549, -2.9083], [119.5548, -2.9088], [119.5546, -2.9094], [119.5545, -2.91], [119.5543, -2.9105], [119.5543, -2.9111], [119.5543, -2.9116], [119.5543, -2.912], [119.5543, -2.9127], [119.5543, -2.9134], [119.5546, -2.9138], [119.5547, -2.9144], [119.5549, -2.9151], [119.5551, -2.9156], [119.5555, -2.9168], [119.5557, -2.9174], [119.5558, -2.9179], [119.556, -2.9186], [119.5561, -2.9192], [119.5562, -2.9198], [119.5564, -2.9203], [119.5566, -2.9208], [119.5569, -2.9213], [119.5574, -2.9217], [119.5577, -2.9219], [119.5582, -2.922], [119.5586, -2.922], [119.559, -2.922], [119.5594, -2.9222], [119.5597, -2.9223], [119.5601, -2.9228], [119.5604, -2.9231], [119.5608, -2.9234], [119.5612, -2.9238], [119.5614, -2.924], [119.5617, -2.9242], [119.5622, -2.9245], [119.5625, -2.9247], [119.5628, -2.9247], [119.5633, -2.9247], [119.5641, -2.9245], [119.5644, -2.9244], [119.5648, -2.9244], [119.5653, -2.9246], [119.5656, -2.9246], [119.5666, -2.925], [119.5671, -2.9253], [119.5674, -2.9255], [119.5677, -2.9257], [119.568, -2.9259], [119.5683, -2.9261], [119.5687, -2.9265], [119.5691, -2.9274], [119.5691, -2.9278], [119.5691, -2.9284], [119.569, -2.9287], [119.5689, -2.9289], [119.5686, -2.9297], [119.5686, -2.93], [119.5685, -2.9303], [119.5682, -2.9307], [119.5685, -2.9311], [119.5686, -2.9315], [119.5687, -2.9318], [119.5689, -2.9322], [119.5689, -2.9326], [119.5689, -2.9329], [119.5689, -2.9334], [119.569, -2.9338], [119.5689, -2.934], [119.5689, -2.9348], [119.5689, -2.9354], [119.569, -2.9358], [119.569, -2.9362], [119.5692, -2.9367], [119.5695, -2.9371], [119.5698, -2.9377], [119.5701, -2.9381], [119.5703, -2.9384], [119.5706, -2.9387], [119.571, -2.939], [119.5715, -2.9394], [119.5718, -2.9398], [119.572, -2.94], [119.5723, -2.9405], [119.5726, -2.941], [119.5729, -2.9414], [119.5731, -2.9418], [119.5733, -2.9422], [119.5734, -2.9424], [119.5735, -2.9429], [119.5736, -2.9434], [119.5735, -2.9438], [119.5735, -2.9443], [119.5735, -2.9448], [119.5734, -2.9453], [119.5735, -2.9456], [119.5737, -2.946], [119.574, -2.9465], [119.5742, -2.9467], [119.5745, -2.9472], [119.5748, -2.9476], [119.5751, -2.9481], [119.5755, -2.9486], [119.5758, -2.9491], [119.5761, -2.9497], [119.5762, -2.95], [119.5765, -2.9506], [119.5766, -2.9509], [119.5767, -2.9511], [119.5767, -2.9513], [119.5767, -2.9516], [119.5767, -2.9518], [119.576, -2.9555], [119.5757, -2.9568], [119.5753, -2.9588], [119.5752, -2.9591], [119.5749, -2.9597], [119.5749, -2.9602], [119.5748, -2.9606], [119.5748, -2.9609], [119.5749, -2.9614], [119.575, -2.9622], [119.5751, -2.9627], [119.5752, -2.963], [119.5752, -2.9633], [119.5753, -2.9636], [119.5753, -2.964], [119.5752, -2.9643], [119.5749, -2.9648], [119.5745, -2.9652], [119.5742, -2.9656], [119.5737, -2.966], [119.5733, -2.9664], [119.573, -2.9668], [119.5729, -2.9673], [119.5728, -2.9678], [119.5727, -2.9683], [119.5727, -2.969], [119.5726, -2.9694], [119.5725, -2.9698], [119.5726, -2.9703], [119.5725, -2.9706], [119.5724, -2.971], [119.5724, -2.9713], [119.5723, -2.9716], [119.5721, -2.9721], [119.572, -2.9721], [119.5718, -2.9723], [119.5714, -2.9724], [119.571, -2.9726], [119.5706, -2.9727], [119.5703, -2.9729], [119.5698, -2.9734], [119.5696, -2.9735], [119.5692, -2.974], [119.5682, -2.9787], [119.5664, -2.9864], [119.5662, -2.9876], [119.5658, -2.9881], [119.5656, -2.9885], [119.5656, -2.9887], [119.5655, -2.989], [119.5656, -2.9894], [119.5657, -2.99], [119.5658, -2.9904], [119.5659, -2.9909], [119.566, -2.9913], [119.5659, -2.9918], [119.5658, -2.9923], [119.5656, -2.9928], [119.5655, -2.9932], [119.5654, -2.9937], [119.5654, -2.994], [119.5654, -2.9944], [119.5653, -2.9948], [119.5651, -2.9953], [119.5651, -2.9957], [119.5651, -2.996], [119.5652, -2.9963], [119.5652, -2.9965], [119.5654, -2.9968], [119.5655, -2.9972], [119.5657, -2.9976], [119.5659, -2.998], [119.5662, -2.9984], [119.5665, -2.9987], [119.5669, -2.9989], [119.5675, -2.9995], [119.5677, -2.9997], [119.5679, -2.9999], [119.5682, -3.0003], [119.5683, -3.0007], [119.5684, -3.001], [119.5684, -3.0014], [119.5684, -3.0018], [119.5684, -3.0023], [119.5684, -3.003], [119.5685, -3.0035], [119.5685, -3.0038], [119.5689, -3.0041], [119.5694, -3.0043], [119.5698, -3.0043], [119.5703, -3.0043], [119.5709, -3.0044], [119.5713, -3.0046], [119.5715, -3.0049], [119.5717, -3.0051], [119.5719, -3.0056], [119.572, -3.0068], [119.5721, -3.0074], [119.5722, -3.0077], [119.5723, -3.008], [119.5726, -3.0084], [119.5731, -3.0088], [119.5734, -3.0093], [119.5736, -3.0099], [119.5738, -3.0106], [119.574, -3.0112], [119.5742, -3.0114], [119.5747, -3.012], [119.575, -3.0124], [119.5752, -3.0127], [119.5753, -3.0131], [119.5754, -3.0137], [119.5753, -3.0144], [119.5753, -3.0149], [119.5754, -3.0153], [119.5756, -3.0158], [119.5758, -3.0161], [119.5759, -3.0163], [119.5764, -3.0169], [119.5766, -3.0173], [119.577, -3.0183], [119.5768, -3.0191], [119.5764, -3.0198], [119.5762, -3.0203], [119.5761, -3.0206], [119.5762, -3.0214], [119.5763, -3.0219], [119.5766, -3.0223], [119.5772, -3.0228], [119.5775, -3.0233], [119.5773, -3.0239], [119.5769, -3.0246], [119.5766, -3.025], [119.5764, -3.0253], [119.5763, -3.0259], [119.5765, -3.0263], [119.5766, -3.0265], [119.5769, -3.0267], [119.5776, -3.0269], [119.578, -3.027], [119.5788, -3.0272], [119.5793, -3.0275], [119.5797, -3.0281], [119.5797, -3.0287], [119.5794, -3.0291], [119.5792, -3.0295], [119.5789, -3.0299], [119.5787, -3.0303], [119.5787, -3.031], [119.5787, -3.0315], [119.5788, -3.0321], [119.579, -3.0327], [119.5794, -3.0337], [119.5797, -3.0342], [119.58, -3.0347], [119.5802, -3.0349], [119.5809, -3.0354], [119.5812, -3.0356], [119.5816, -3.0357], [119.5819, -3.0358], [119.5822, -3.0358], [119.5826, -3.0358], [119.5831, -3.0356], [119.5839, -3.0354], [119.5848, -3.0353], [119.5852, -3.0355], [119.5852, -3.0361], [119.5851, -3.0365], [119.5851, -3.0372], [119.5856, -3.0377], [119.5859, -3.0382], [119.5858, -3.0385], [119.5858, -3.0391], [119.5857, -3.0394], [119.5856, -3.0397], [119.5855, -3.04], [119.5853, -3.0407], [119.5853, -3.0413], [119.5855, -3.0417], [119.5858, -3.0419], [119.5861, -3.0421], [119.5863, -3.0424], [119.5868, -3.0428], [119.587, -3.043], [119.5873, -3.0433], [119.5875, -3.0438], [119.5877, -3.0441], [119.5881, -3.0448], [119.5881, -3.0455], [119.5879, -3.046], [119.5876, -3.0465], [119.5872, -3.0468], [119.5867, -3.0475], [119.5866, -3.048], [119.5866, -3.0484], [119.5868, -3.0488], [119.587, -3.049], [119.5873, -3.0493], [119.5878, -3.0504], [119.5881, -3.0509], [119.5884, -3.0516], [119.5888, -3.0527], [119.589, -3.053], [119.5894, -3.0534], [119.5898, -3.0539], [119.5901, -3.0543], [119.591, -3.0553], [119.5918, -3.056], [119.5922, -3.0563], [119.5927, -3.0565], [119.593, -3.0569], [119.5932, -3.0572], [119.5936, -3.0577], [119.5937, -3.0578], [119.5939, -3.0581], [119.594, -3.0587], [119.5941, -3.0594], [119.5941, -3.0604], [119.5942, -3.061], [119.5942, -3.0612], [119.5942, -3.0614], [119.5943, -3.0619], [119.5945, -3.0627], [119.5948, -3.0633], [119.5956, -3.064], [119.597, -3.0643], [119.5976, -3.0647], [119.5981, -3.065], [119.5985, -3.0654], [119.5989, -3.0656], [119.5995, -3.0658], [119.6, -3.066], [119.6005, -3.0661], [119.601, -3.066], [119.6016, -3.0659], [119.6022, -3.0659], [119.6028, -3.0659], [119.6035, -3.0662], [119.604, -3.0664], [119.6046, -3.0663], [119.6053, -3.0663], [119.6062, -3.0664], [119.6066, -3.0665], [119.6069, -3.0666], [119.6074, -3.0671], [119.6077, -3.0677], [119.6078, -3.0683], [119.6079, -3.0692], [119.608, -3.0697], [119.6082, -3.0701], [119.6087, -3.0706], [119.6091, -3.0709], [119.6093, -3.0712], [119.6096, -3.0715], [119.6101, -3.0727], [119.6103, -3.0733], [119.6107, -3.0738], [119.6111, -3.074], [119.6118, -3.0741], [119.6125, -3.0741], [119.6132, -3.0744], [119.6136, -3.0748], [119.6139, -3.0751], [119.6147, -3.0758], [119.6152, -3.0761], [119.6156, -3.0764], [119.616, -3.0767], [119.6164, -3.077], [119.6168, -3.0773], [119.6172, -3.0775], [119.6178, -3.078], [119.618, -3.0781], [119.6183, -3.0784], [119.6186, -3.0786], [119.6188, -3.079], [119.619, -3.0792], [119.6193, -3.08], [119.6194, -3.0806], [119.6195, -3.0816], [119.6196, -3.0825], [119.6198, -3.0834], [119.62, -3.0842], [119.6203, -3.085], [119.6205, -3.086], [119.6207, -3.0869], [119.621, -3.088], [119.6217, -3.0893], [119.622, -3.0898], [119.6222, -3.0902], [119.6224, -3.0905], [119.6225, -3.0907], [119.6227, -3.091], [119.6228, -3.0914], [119.623, -3.0918], [119.6232, -3.0925], [119.6236, -3.093], [119.6238, -3.0932], [119.624, -3.0935], [119.6244, -3.0941], [119.6246, -3.0942], [119.625, -3.0945], [119.6256, -3.095], [119.6265, -3.0955], [119.6268, -3.0959], [119.6271, -3.0962], [119.6274, -3.0967], [119.6275, -3.0976], [119.6275, -3.0983], [119.6277, -3.0988], [119.6279, -3.0991], [119.6281, -3.0998], [119.6281, -3.1002], [119.628, -3.1007], [119.6278, -3.1014], [119.6278, -3.1019], [119.6278, -3.1024], [119.628, -3.1026], [119.6283, -3.1027], [119.6291, -3.1036], [119.6294, -3.1042], [119.6298, -3.1054], [119.6304, -3.1067], [119.631, -3.1076], [119.6315, -3.1084], [119.6319, -3.1092], [119.6321, -3.1096], [119.6321, -3.11], [119.6319, -3.1105], [119.6316, -3.111], [119.6315, -3.1115], [119.6314, -3.1122], [119.6314, -3.1126], [119.6317, -3.1133], [119.6318, -3.1139], [119.6317, -3.1149], [119.6316, -3.1156], [119.6316, -3.1168], [119.6317, -3.1174], [119.6317, -3.1177], [119.6318, -3.1184], [119.6318, -3.1191], [119.6317, -3.1199], [119.6315, -3.1205], [119.6315, -3.1217], [119.6316, -3.1224], [119.6316, -3.1226], [119.6315, -3.1235], [119.6315, -3.1242], [119.6316, -3.1246], [119.6317, -3.1247], [119.632, -3.1249], [119.6333, -3.1256], [119.6338, -3.1257], [119.6346, -3.126], [119.6352, -3.1263], [119.6355, -3.1264], [119.6358, -3.1266], [119.6364, -3.1271], [119.6366, -3.1277], [119.6365, -3.128], [119.6363, -3.1283], [119.6361, -3.1285], [119.636, -3.1286], [119.6356, -3.1289], [119.635, -3.129], [119.6347, -3.1289], [119.6346, -3.1287], [119.6345, -3.1283], [119.6344, -3.128], [119.6341, -3.1277], [119.6334, -3.1273], [119.6328, -3.1272], [119.6322, -3.1276], [119.6319, -3.1279], [119.6312, -3.1283], [119.6307, -3.1284], [119.6303, -3.1282], [119.6297, -3.1278], [119.6292, -3.1276], [119.6287, -3.1275], [119.6279, -3.1271], [119.6276, -3.1267], [119.6273, -3.1264], [119.6267, -3.126], [119.626, -3.126], [119.6252, -3.1263], [119.6247, -3.1265], [119.6242, -3.1267], [119.6237, -3.1268], [119.6232, -3.1269], [119.6226, -3.1269], [119.6222, -3.1269], [119.6217, -3.1267], [119.6212, -3.1266], [119.6208, -3.1265], [119.6206, -3.1264], [119.6201, -3.1263], [119.6197, -3.1261], [119.6193, -3.126], [119.6188, -3.1258], [119.6184, -3.1255], [119.6173, -3.125], [119.6167, -3.1249], [119.6159, -3.1248], [119.615, -3.1248], [119.6144, -3.1246], [119.6139, -3.1244], [119.6136, -3.1241], [119.6132, -3.1238], [119.6127, -3.1232], [119.6122, -3.1227], [119.6113, -3.1218], [119.6108, -3.1211], [119.6099, -3.1202], [119.6089, -3.1198], [119.6085, -3.1197], [119.6077, -3.1194], [119.6071, -3.1192], [119.6066, -3.1192], [119.6061, -3.1193], [119.6059, -3.1195], [119.6055, -3.1198], [119.6051, -3.1202], [119.6043, -3.1213], [119.6039, -3.1219], [119.6033, -3.1227], [119.6026, -3.1233], [119.6022, -3.1237], [119.6014, -3.1248], [119.6009, -3.1255], [119.6005, -3.1261], [119.5999, -3.1267], [119.5995, -3.1272], [119.5986, -3.1276], [119.5978, -3.1279], [119.597, -3.1281], [119.5963, -3.1281], [119.595, -3.1278], [119.5944, -3.1276], [119.5938, -3.1274], [119.593, -3.127], [119.5922, -3.1267], [119.5914, -3.1263], [119.5907, -3.1259], [119.5897, -3.1255], [119.5893, -3.1254], [119.5889, -3.1252], [119.5882, -3.1252], [119.5876, -3.1251], [119.5867, -3.1252], [119.5863, -3.1254], [119.586, -3.126], [119.5857, -3.1265], [119.5854, -3.127], [119.5849, -3.1274], [119.5846, -3.1277], [119.584, -3.1281], [119.5834, -3.1286], [119.5829, -3.129], [119.582, -3.1297], [119.5811, -3.1303], [119.5804, -3.1307], [119.5796, -3.1309], [119.579, -3.1311], [119.5784, -3.1311], [119.5776, -3.1311], [119.5769, -3.1312], [119.5766, -3.1312], [119.5757, -3.1313], [119.575, -3.1313], [119.5746, -3.1314], [119.5743, -3.1314], [119.5735, -3.1315], [119.5728, -3.1315], [119.5719, -3.1314], [119.5708, -3.1311], [119.5703, -3.1309], [119.5697, -3.1304], [119.5694, -3.1301], [119.5691, -3.1299], [119.5683, -3.1293], [119.5677, -3.1293], [119.5673, -3.1294], [119.567, -3.1295], [119.5664, -3.1297], [119.5659, -3.1298], [119.5656, -3.1299], [119.565, -3.1301], [119.5641, -3.1302], [119.5635, -3.1303], [119.5629, -3.1305], [119.5624, -3.1309], [119.562, -3.1311], [119.5617, -3.1314], [119.5612, -3.1318], [119.5609, -3.1321], [119.5602, -3.1328], [119.5598, -3.1333], [119.5596, -3.1336], [119.5592, -3.1341], [119.5587, -3.1345], [119.5581, -3.1346], [119.5576, -3.1347], [119.5569, -3.1349], [119.5558, -3.1351], [119.5555, -3.1352], [119.5551, -3.1354], [119.5546, -3.1357], [119.5543, -3.1358], [119.5539, -3.1359], [119.5532, -3.136], [119.5526, -3.1361], [119.5515, -3.1362], [119.5509, -3.1363], [119.5503, -3.1365], [119.5494, -3.1368], [119.5489, -3.1371], [119.5482, -3.1375], [119.5472, -3.1381], [119.5451, -3.1386], [119.5436, -3.1388], [119.5422, -3.1388], [119.5414, -3.1389], [119.5406, -3.1389], [119.5401, -3.1389], [119.5391, -3.139], [119.538, -3.1391], [119.5369, -3.1391], [119.5362, -3.1393], [119.5358, -3.1396], [119.5355, -3.1398], [119.5348, -3.1404], [119.5346, -3.1407], [119.5341, -3.1411], [119.5336, -3.1417], [119.5334, -3.142], [119.5326, -3.1427], [119.5321, -3.1432], [119.5315, -3.1441], [119.5309, -3.145], [119.5306, -3.1458], [119.5303, -3.1467], [119.5297, -3.1474], [119.5295, -3.1476], [119.5291, -3.148], [119.5283, -3.1486], [119.5277, -3.1489], [119.527, -3.1496], [119.5265, -3.1501], [119.5263, -3.1504], [119.526, -3.1507], [119.5255, -3.1513], [119.5249, -3.1523], [119.5247, -3.153], [119.5244, -3.154], [119.5241, -3.1545], [119.5239, -3.155], [119.5234, -3.1557], [119.5228, -3.1566], [119.5222, -3.1574], [119.5215, -3.1583], [119.5209, -3.1594], [119.5206, -3.1601], [119.5202, -3.1609], [119.5199, -3.1617], [119.5195, -3.1624], [119.5189, -3.1633], [119.5186, -3.1637], [119.5184, -3.1639], [119.5178, -3.1644], [119.5176, -3.1646], [119.5173, -3.1648], [119.5169, -3.1653], [119.5165, -3.1659], [119.5162, -3.1663], [119.516, -3.1668], [119.5158, -3.1676], [119.5158, -3.1697], [119.5158, -3.1703], [119.5159, -3.1708], [119.5158, -3.1713], [119.5156, -3.1717], [119.5152, -3.1719], [119.5148, -3.1721], [119.5144, -3.1721], [119.5139, -3.1722], [119.5131, -3.1723], [119.5121, -3.1728], [119.511, -3.1737], [119.5104, -3.1741], [119.5098, -3.1746], [119.509, -3.175], [119.5074, -3.1759], [119.5067, -3.1763], [119.5053, -3.1769], [119.5049, -3.1771], [119.5035, -3.1778], [119.5032, -3.1776], [119.5028, -3.1776], [119.5022, -3.1776], [119.5019, -3.1778], [119.5015, -3.178], [119.5012, -3.1782], [119.5008, -3.1785], [119.5004, -3.1787], [119.5001, -3.1788], [119.5, -3.1788], [119.4995, -3.179], [119.4992, -3.1792], [119.4987, -3.1795], [119.4981, -3.1798], [119.4976, -3.1801], [119.4971, -3.1803], [119.4964, -3.1806], [119.496, -3.1807], [119.4958, -3.1809], [119.495, -3.1811], [119.4944, -3.1813], [119.4938, -3.1814], [119.4921, -3.1819], [119.4916, -3.182], [119.491, -3.1822], [119.4904, -3.1824], [119.4901, -3.1825], [119.4896, -3.1827], [119.4891, -3.1831], [119.4888, -3.1833], [119.4885, -3.1835], [119.4881, -3.1839], [119.4875, -3.1842], [119.4873, -3.1843], [119.4865, -3.185], [119.4855, -3.1862], [119.4849, -3.1869], [119.4843, -3.1875], [119.4838, -3.1878], [119.4833, -3.1881], [119.4827, -3.1881], [119.4822, -3.1881], [119.4817, -3.1883], [119.4814, -3.1884], [119.481, -3.1886], [119.4805, -3.189], [119.4801, -3.1893], [119.4795, -3.1897], [119.4788, -3.1901], [119.4781, -3.1904], [119.4759, -3.191], [119.4756, -3.1911], [119.475, -3.1912], [119.4744, -3.1912], [119.4736, -3.1912], [119.473, -3.1912], [119.4713, -3.1911], [119.4709, -3.191], [119.4703, -3.1908], [119.4695, -3.1905], [119.4691, -3.1903], [119.4687, -3.1902], [119.4683, -3.1901], [119.4678, -3.1898], [119.4673, -3.1895], [119.4667, -3.1891], [119.4646, -3.1887], [119.4639, -3.1886], [119.4636, -3.1884], [119.4635, -3.188], [119.4634, -3.1876], [119.4633, -3.1873], [119.4631, -3.1868], [119.4627, -3.1861], [119.4624, -3.1858], [119.462, -3.1853], [119.4617, -3.185], [119.4613, -3.1846], [119.4612, -3.1844], [119.4603, -3.1835], [119.46, -3.1831], [119.4595, -3.1828], [119.459, -3.1824], [119.4588, -3.1824], [119.4585, -3.1823], [119.4579, -3.1823], [119.4574, -3.1823], [119.4568, -3.1823], [119.4563, -3.1824], [119.456, -3.1824], [119.4546, -3.1825], [119.4532, -3.1826], [119.4526, -3.1826], [119.4521, -3.1826], [119.4515, -3.1828], [119.4509, -3.1831], [119.45, -3.1834], [119.4495, -3.1836], [119.4488, -3.184], [119.4476, -3.1844], [119.4471, -3.1844], [119.4466, -3.1844], [119.4459, -3.1844], [119.4451, -3.1842], [119.4438, -3.184], [119.4435, -3.184], [119.443, -3.1839], [119.4424, -3.1839], [119.4395, -3.1837], [119.439, -3.1837], [119.4386, -3.1836], [119.4382, -3.1832], [119.4379, -3.1829], [119.4376, -3.1823], [119.4371, -3.1815], [119.4367, -3.1809], [119.436, -3.1799], [119.4357, -3.1794], [119.4355, -3.179], [119.4353, -3.1787], [119.435, -3.1783], [119.4347, -3.1778], [119.4343, -3.1773], [119.4341, -3.177], [119.4337, -3.1764], [119.4335, -3.1761], [119.4319, -3.1741], [119.4317, -3.1738], [119.4314, -3.1734], [119.4312, -3.1731], [119.4309, -3.1728], [119.4305, -3.1726], [119.4301, -3.1725], [119.43, -3.1725], [119.4298, -3.1726], [119.4294, -3.1729], [119.4293, -3.1731], [119.429, -3.1736], [119.4286, -3.1738], [119.4283, -3.1741], [119.4278, -3.1745], [119.4272, -3.1748], [119.4269, -3.1752], [119.4265, -3.1759], [119.426, -3.1764], [119.4254, -3.177], [119.4251, -3.1773], [119.4247, -3.1777], [119.4242, -3.178], [119.4237, -3.1784], [119.4232, -3.1787], [119.4226, -3.1789], [119.4222, -3.1791], [119.4217, -3.1794], [119.421, -3.1796], [119.4206, -3.1799], [119.4198, -3.1803], [119.4188, -3.181], [119.4176, -3.1817], [119.4168, -3.1822], [119.4163, -3.1825], [119.4157, -3.1826], [119.4151, -3.1827], [119.4144, -3.1829], [119.4139, -3.1831], [119.412, -3.1837], [119.4115, -3.1839], [119.411, -3.184], [119.4103, -3.1843], [119.4093, -3.1847], [119.4088, -3.1851], [119.4073, -3.1861], [119.4069, -3.1866], [119.4064, -3.1871], [119.4059, -3.1875], [119.4052, -3.1881], [119.4034, -3.1896], [119.4029, -3.1899], [119.4024, -3.1903], [119.4021, -3.1904], [119.4018, -3.1906], [119.4013, -3.1909], [119.4006, -3.1913], [119.4001, -3.1916], [119.3993, -3.1921], [119.3988, -3.1927], [119.3986, -3.193], [119.3982, -3.1934], [119.398, -3.1937], [119.3973, -3.1949], [119.3969, -3.1955], [119.3966, -3.196], [119.3964, -3.1964], [119.3961, -3.1969], [119.3957, -3.1972], [119.3951, -3.1975], [119.3945, -3.1979], [119.394, -3.1981], [119.3935, -3.1982], [119.3927, -3.1983], [119.392, -3.1983], [119.3915, -3.1983], [119.3904, -3.1981], [119.3894, -3.1979], [119.3889, -3.1978], [119.3885, -3.1977], [119.3881, -3.1976], [119.3857, -3.1963], [119.3849, -3.196], [119.3845, -3.1959], [119.3831, -3.1957], [119.3826, -3.1957], [119.382, -3.1958], [119.3812, -3.1959], [119.3799, -3.1962], [119.3795, -3.1963], [119.3789, -3.1964], [119.3782, -3.1963], [119.3776, -3.1963], [119.3759, -3.1959], [119.3754, -3.1958], [119.375, -3.1959], [119.3745, -3.1958], [119.3741, -3.1959], [119.3737, -3.196], [119.3731, -3.1962], [119.3727, -3.1964], [119.3723, -3.1965], [119.3718, -3.1969], [119.3715, -3.1971], [119.3711, -3.1975], [119.3708, -3.198], [119.3707, -3.1984], [119.3703, -3.1993], [119.3703, -3.2], [119.3703, -3.2007], [119.3704, -3.2014], [119.3707, -3.2024], [119.3709, -3.2032], [119.3711, -3.2044], [119.3714, -3.205], [119.3716, -3.2056], [119.3719, -3.2063], [119.3723, -3.2084], [119.3725, -3.2093], [119.3727, -3.21], [119.373, -3.2113], [119.3732, -3.212], [119.3732, -3.2126], [119.3735, -3.2129], [119.3738, -3.2133], [119.3742, -3.2138], [119.3745, -3.2142], [119.3756, -3.2153], [119.3761, -3.2158], [119.3779, -3.2172], [119.3792, -3.2183], [119.3807, -3.2199], [119.3815, -3.2207], [119.382, -3.2211], [119.3824, -3.2217], [119.3836, -3.2235], [119.3843, -3.2241], [119.3856, -3.2255], [119.3869, -3.227], [119.3875, -3.2278], [119.3879, -3.2283], [119.3887, -3.2295], [119.3897, -3.2309], [119.3901, -3.2315], [119.3904, -3.2318], [119.3905, -3.232], [119.3908, -3.2324], [119.3919, -3.2331], [119.3923, -3.2333], [119.3927, -3.2335], [119.3931, -3.2339], [119.3937, -3.2343], [119.3959, -3.2358], [119.3968, -3.2364], [119.3989, -3.2379], [119.3995, -3.2383], [119.3999, -3.2385], [119.4004, -3.2388], [119.4024, -3.2395], [119.4037, -3.2399], [119.4047, -3.2403], [119.4049, -3.2404], [119.4074, -3.2414], [119.4082, -3.2418], [119.4095, -3.2424], [119.4103, -3.2427], [119.4109, -3.243], [119.4113, -3.2432], [119.4119, -3.2435], [119.414, -3.2445], [119.4142, -3.2446], [119.4145, -3.2449], [119.4148, -3.2451], [119.4152, -3.2454], [119.4159, -3.2457], [119.4167, -3.2461], [119.4169, -3.2463], [119.4172, -3.2466], [119.4175, -3.2471], [119.4178, -3.2473], [119.4189, -3.2481], [119.4193, -3.2482], [119.4197, -3.2484], [119.4201, -3.2484], [119.4206, -3.2486], [119.421, -3.2488], [119.4212, -3.249], [119.4213, -3.2494], [119.4212, -3.2499], [119.4212, -3.2505], [119.4216, -3.2511], [119.4217, -3.2515], [119.4218, -3.2516], [119.422, -3.2521], [119.4223, -3.2526], [119.4228, -3.2532], [119.4231, -3.2535], [119.4236, -3.2541], [119.4239, -3.2543], [119.4245, -3.2551], [119.425, -3.2556], [119.4258, -3.2565], [119.4262, -3.2571], [119.4267, -3.2578], [119.427, -3.2582], [119.4273, -3.2586], [119.4279, -3.2595], [119.4282, -3.2598], [119.4289, -3.2606], [119.4296, -3.2616], [119.43, -3.2623], [119.4306, -3.2632], [119.4315, -3.2653], [119.4319, -3.2668], [119.4322, -3.2677], [119.4324, -3.2685], [119.4329, -3.2696], [119.4337, -3.2718], [119.4341, -3.2727], [119.4345, -3.2737], [119.4354, -3.276], [119.4356, -3.2765], [119.4357, -3.2765], [119.436, -3.2771], [119.436, -3.2773], [119.4361, -3.2776], [119.4361, -3.2782], [119.436, -3.2789], [119.4359, -3.28], [119.4361, -3.2807], [119.4361, -3.2812], [119.4361, -3.2815], [119.436, -3.282], [119.4359, -3.2822], [119.4359, -3.2835], [119.436, -3.2843], [119.4364, -3.2852], [119.4363, -3.2852], [119.4363, -3.2857], [119.4365, -3.2861], [119.4369, -3.2868], [119.4369, -3.2875], [119.4368, -3.2886], [119.4366, -3.2892], [119.4362, -3.2902], [119.4358, -3.2915], [119.4357, -3.2917], [119.4354, -3.2927], [119.4353, -3.2934], [119.435, -3.2939], [119.4348, -3.2946], [119.4351, -3.295], [119.4353, -3.2954], [119.4355, -3.2956], [119.4357, -3.2961], [119.436, -3.2964], [119.4362, -3.2968], [119.4366, -3.2974], [119.4368, -3.2976], [119.437, -3.2978], [119.4373, -3.2982], [119.4376, -3.2986], [119.4377, -3.2989], [119.4379, -3.2993], [119.4382, -3.2998], [119.4385, -3.3001], [119.4389, -3.3006], [119.4393, -3.3015], [119.4396, -3.3022], [119.4398, -3.3029], [119.4397, -3.3035], [119.4396, -3.3041], [119.4396, -3.3047], [119.4396, -3.3054], [119.4395, -3.3059], [119.4393, -3.3066], [119.4389, -3.3073], [119.4386, -3.308], [119.4384, -3.3086], [119.4382, -3.3093], [119.4381, -3.31], [119.4381, -3.3105], [119.4381, -3.3108], [119.438, -3.3112], [119.4378, -3.3116], [119.4375, -3.3117], [119.437, -3.3119], [119.4366, -3.3121], [119.4364, -3.3122], [119.4361, -3.3124], [119.4359, -3.3125], [119.4358, -3.313], [119.4358, -3.3132], [119.4358, -3.3134], [119.4358, -3.3137], [119.4357, -3.314], [119.4354, -3.3141], [119.4353, -3.3141], [119.435, -3.314], [119.4348, -3.3139], [119.4346, -3.3139], [119.4345, -3.3141], [119.4345, -3.3145], [119.4344, -3.315], [119.4344, -3.3154], [119.4343, -3.3159], [119.4344, -3.3166], [119.4346, -3.317], [119.4348, -3.3173], [119.4351, -3.3176], [119.4353, -3.3178], [119.4356, -3.3181], [119.4359, -3.3183], [119.4361, -3.3184], [119.4366, -3.3186], [119.4373, -3.3189], [119.4375, -3.3191], [119.4378, -3.3195], [119.4378, -3.3201], [119.4378, -3.3207], [119.438, -3.3213], [119.4382, -3.3218], [119.4386, -3.3222], [119.4393, -3.3225], [119.4397, -3.3226], [119.4399, -3.3227], [119.4401, -3.3229], [119.4403, -3.3233], [119.4405, -3.3237], [119.4407, -3.3243], [119.4407, -3.3246], [119.4407, -3.325], [119.4406, -3.3253], [119.4404, -3.3255], [119.4406, -3.3258], [119.4406, -3.3259], [119.4408, -3.3261], [119.4411, -3.3264], [119.4415, -3.3267], [119.4418, -3.3272], [119.4424, -3.3275], [119.4428, -3.3279], [119.4429, -3.3281], [119.443, -3.3282], [119.4432, -3.3285], [119.4435, -3.3286], [119.4436, -3.3286], [119.4439, -3.3288], [119.4442, -3.3293], [119.4444, -3.3299], [119.4447, -3.3305], [119.4449, -3.3311], [119.4451, -3.3315], [119.4452, -3.3321], [119.4451, -3.3328], [119.445, -3.3336], [119.4449, -3.3342], [119.4447, -3.3346], [119.4446, -3.3347], [119.4442, -3.3353], [119.4437, -3.336], [119.4434, -3.3367], [119.4431, -3.3371], [119.4429, -3.3375], [119.4425, -3.3378], [119.442, -3.3381], [119.4412, -3.3382], [119.4407, -3.3382], [119.4402, -3.3383], [119.4401, -3.3383], [119.4396, -3.3385], [119.4392, -3.3388], [119.4387, -3.3388], [119.4381, -3.3388], [119.4375, -3.3392], [119.4365, -3.3399], [119.4359, -3.3401], [119.4351, -3.3401], [119.4343, -3.34], [119.4336, -3.3399], [119.4329, -3.3395], [119.432, -3.3394], [119.4312, -3.3392], [119.431, -3.3397], [119.4308, -3.3405], [119.4305, -3.341], [119.4304, -3.3415], [119.4301, -3.342], [119.4299, -3.3427], [119.4297, -3.3432], [119.4297, -3.3441], [119.43, -3.3452], [119.4302, -3.3457], [119.4305, -3.3463], [119.4309, -3.3468], [119.4316, -3.3475], [119.4319, -3.3475], [119.4323, -3.3477], [119.433, -3.3478], [119.4337, -3.3481], [119.4342, -3.3485], [119.4349, -3.3489], [119.4355, -3.3494], [119.4362, -3.3499], [119.4368, -3.3505], [119.4373, -3.351], [119.4377, -3.3515], [119.438, -3.3517], [119.4382, -3.3518], [119.4387, -3.352], [119.4392, -3.3522], [119.4398, -3.3524], [119.4403, -3.3526], [119.441, -3.3526], [119.4417, -3.3528], [119.4422, -3.3529], [119.4428, -3.3531], [119.4434, -3.3532], [119.444, -3.3534], [119.4446, -3.3536], [119.4454, -3.354], [119.4459, -3.3541], [119.4464, -3.3542], [119.447, -3.3544], [119.448, -3.3546], [119.4487, -3.3548], [119.4494, -3.3551], [119.45, -3.3554], [119.4505, -3.3559], [119.451, -3.3564], [119.4512, -3.3569], [119.4515, -3.3579], [119.4515, -3.3583], [119.4515, -3.3588], [119.4517, -3.3592], [119.4518, -3.3595], [119.4522, -3.36], [119.4524, -3.3607], [119.4527, -3.3614], [119.4531, -3.3624], [119.4535, -3.3632], [119.4536, -3.3637], [119.454, -3.3646], [119.4546, -3.3656], [119.4549, -3.3662], [119.4556, -3.3669], [119.4559, -3.3673], [119.4567, -3.368], [119.457, -3.3684], [119.4578, -3.369], [119.4585, -3.3696], [119.4589, -3.3702], [119.4595, -3.3707], [119.4602, -3.3712], [119.4606, -3.3716], [119.4609, -3.3718], [119.4611, -3.3721], [119.4615, -3.3724], [119.4619, -3.3725], [119.4623, -3.3725], [119.4625, -3.3726], [119.4628, -3.3727], [119.4632, -3.3731], [119.4632, -3.3737], [119.4633, -3.3741], [119.4633, -3.3744], [119.4633, -3.3745], [119.4633, -3.3749], [119.4634, -3.3755], [119.4635, -3.376], [119.4637, -3.3762], [119.4643, -3.3767], [119.4646, -3.3768], [119.4651, -3.377], [119.4653, -3.3774], [119.4653, -3.378], [119.4652, -3.3787], [119.465, -3.3789], [119.4646, -3.3791], [119.4644, -3.3794], [119.464, -3.3794], [119.4635, -3.3796], [119.4633, -3.3798], [119.463, -3.38], [119.4629, -3.3804], [119.4629, -3.3809], [119.4627, -3.3813], [119.4627, -3.3816], [119.4624, -3.382], [119.4622, -3.382], [119.4618, -3.3822], [119.4615, -3.3823], [119.4612, -3.3825], [119.4608, -3.3827], [119.4607, -3.3829], [119.4605, -3.383], [119.4602, -3.3831], [119.4598, -3.3832], [119.4595, -3.3832], [119.4594, -3.3833], [119.4592, -3.3834], [119.459, -3.3837], [119.459, -3.3842], [119.459, -3.3847], [119.4591, -3.3852], [119.4592, -3.3857], [119.4594, -3.3865], [119.4597, -3.3869], [119.46, -3.387], [119.4604, -3.3872], [119.4609, -3.3873], [119.4612, -3.3874], [119.4614, -3.3876], [119.4618, -3.3878], [119.4623, -3.388], [119.4625, -3.388], [119.4629, -3.3881], [119.4631, -3.3883], [119.4634, -3.3885], [119.4637, -3.3888], [119.4639, -3.3889], [119.4644, -3.3891], [119.4649, -3.3893], [119.4652, -3.3896], [119.4654, -3.3899], [119.4655, -3.3905], [119.4655, -3.3909], [119.4652, -3.3915], [119.4652, -3.3916], [119.4651, -3.3918], [119.4652, -3.392], [119.4653, -3.3923], [119.4654, -3.3924], [119.4656, -3.3925], [119.4657, -3.3927], [119.4657, -3.393], [119.4655, -3.3932], [119.4653, -3.3933], [119.4651, -3.3935], [119.4649, -3.3936], [119.4647, -3.3938], [119.4645, -3.3941], [119.4644, -3.3946], [119.4644, -3.3948], [119.4643, -3.3953], [119.4644, -3.3962], [119.4646, -3.3967], [119.4649, -3.3969], [119.4653, -3.397], [119.4657, -3.397], [119.4661, -3.397], [119.4665, -3.3971], [119.4667, -3.3974], [119.4669, -3.3981], [119.467, -3.3986], [119.467, -3.3988], [119.4671, -3.399], [119.4671, -3.3992], [119.4671, -3.3996], [119.4671, -3.4], [119.467, -3.4003], [119.4669, -3.4009], [119.4668, -3.4014], [119.4668, -3.4018], [119.4669, -3.4024], [119.4669, -3.4029], [119.4669, -3.4037], [119.467, -3.4044], [119.467, -3.4046], [119.4671, -3.405], [119.4671, -3.4057], [119.467, -3.4059], [119.467, -3.4062], [119.4671, -3.4065], [119.4674, -3.4067], [119.4678, -3.407], [119.4679, -3.4071], [119.4681, -3.4073], [119.4682, -3.4076], [119.4683, -3.4078], [119.4684, -3.4079], [119.4685, -3.4083], [119.4685, -3.4085], [119.4686, -3.4091], [119.4689, -3.4095], [119.4694, -3.4099], [119.47, -3.4103], [119.4709, -3.411], [119.4718, -3.4116], [119.4727, -3.4122], [119.4731, -3.4127], [119.4733, -3.4132], [119.4734, -3.4135], [119.4734, -3.4137], [119.4734, -3.4144], [119.4734, -3.4148], [119.4734, -3.415], [119.4734, -3.4152], [119.4737, -3.4158], [119.4737, -3.4161], [119.4736, -3.4163], [119.4732, -3.4164], [119.4727, -3.4164], [119.472, -3.4164], [119.4715, -3.4166], [119.4711, -3.417], [119.4709, -3.4175], [119.4708, -3.4177], [119.4706, -3.4186], [119.4705, -3.419], [119.4705, -3.4195], [119.4708, -3.42], [119.471, -3.4206], [119.4711, -3.421], [119.471, -3.4214], [119.4709, -3.4218], [119.4708, -3.4223], [119.4705, -3.4228], [119.4702, -3.4232], [119.4701, -3.4238], [119.4701, -3.4244], [119.4702, -3.4248], [119.4703, -3.425], [119.4708, -3.4255], [119.4714, -3.4258], [119.4721, -3.4265], [119.4723, -3.4267], [119.4725, -3.4273], [119.4725, -3.4278], [119.4723, -3.4283], [119.4724, -3.4288], [119.4724, -3.4294], [119.4722, -3.4298], [119.4721, -3.4304], [119.472, -3.4304], [119.4715, -3.4307], [119.4712, -3.4308], [119.4707, -3.431], [119.4703, -3.4311], [119.4699, -3.4312], [119.4694, -3.4316], [119.4691, -3.432], [119.469, -3.4324], [119.4689, -3.4329], [119.4688, -3.4333], [119.4689, -3.4337], [119.469, -3.4344], [119.4692, -3.4353], [119.4697, -3.436], [119.4699, -3.4366], [119.4701, -3.4369], [119.4704, -3.4375], [119.4708, -3.4382], [119.4712, -3.4387], [119.4713, -3.4388], [119.4718, -3.4393], [119.4721, -3.4396], [119.4726, -3.4399], [119.4731, -3.44], [119.4735, -3.44], [119.4739, -3.4401], [119.4741, -3.4401], [119.4742, -3.4401], [119.4742, -3.4404], [119.474, -3.4409], [119.4739, -3.4412], [119.4736, -3.4416], [119.4735, -3.4421], [119.4736, -3.4427], [119.4737, -3.4432], [119.474, -3.4437], [119.4743, -3.444], [119.4746, -3.4444], [119.4747, -3.4447], [119.4749, -3.4451], [119.4751, -3.4455], [119.4753, -3.4464], [119.4753, -3.4475], [119.4754, -3.448], [119.4756, -3.4486], [119.476, -3.4491], [119.4762, -3.4493], [119.4763, -3.4495], [119.4766, -3.4497], [119.477, -3.4498], [119.4772, -3.4499], [119.4777, -3.45], [119.4782, -3.4501], [119.4785, -3.4505], [119.4785, -3.451], [119.4785, -3.4517], [119.4784, -3.4523], [119.4783, -3.453], [119.4783, -3.4537], [119.4782, -3.4544], [119.4781, -3.4551], [119.4779, -3.4558], [119.4777, -3.4563], [119.4776, -3.4564], [119.4774, -3.4566], [119.4771, -3.4568], [119.4767, -3.4567], [119.4762, -3.4566], [119.476, -3.4566], [119.4756, -3.4566], [119.4753, -3.4567], [119.475, -3.4571], [119.475, -3.4576], [119.4752, -3.4583], [119.4757, -3.4587], [119.4761, -3.4589], [119.4764, -3.459], [119.4767, -3.4592], [119.4767, -3.4596], [119.4766, -3.4602], [119.4765, -3.4608], [119.4765, -3.4615], [119.4768, -3.4619], [119.4771, -3.4622], [119.4774, -3.4624], [119.4778, -3.4625], [119.4785, -3.4628], [119.4796, -3.463], [119.4802, -3.4633], [119.4805, -3.4633], [119.4808, -3.4635], [119.4809, -3.4636], [119.481, -3.4637], [119.4811, -3.4639], [119.4814, -3.4642], [119.4815, -3.4644], [119.4821, -3.4647], [119.4826, -3.465], [119.4829, -3.4652], [119.4831, -3.4655], [119.483, -3.4658], [119.4829, -3.4662], [119.4825, -3.4671], [119.4824, -3.4675], [119.4826, -3.4679], [119.4828, -3.4681], [119.4832, -3.4683], [119.4839, -3.4684], [119.4843, -3.4684], [119.4848, -3.4683], [119.4855, -3.4684], [119.486, -3.4688], [119.4863, -3.4691], [119.4866, -3.4697], [119.4873, -3.4704], [119.4877, -3.471], [119.4883, -3.4717], [119.489, -3.4724], [119.4895, -3.4731], [119.49, -3.4735], [119.4905, -3.4737], [119.4909, -3.4738], [119.4912, -3.4738], [119.4918, -3.474], [119.4921, -3.4742], [119.4923, -3.4744], [119.4924, -3.4746], [119.4923, -3.475], [119.4921, -3.4754], [119.4919, -3.476], [119.4919, -3.4765], [119.4917, -3.4772], [119.4917, -3.4777], [119.4918, -3.4781], [119.492, -3.4785], [119.492, -3.4787], [119.4919, -3.4789], [119.4919, -3.4794], [119.4917, -3.4795], [119.4916, -3.4797], [119.4912, -3.4801], [119.4906, -3.4809], [119.4905, -3.4812], [119.4904, -3.4815], [119.4904, -3.482], [119.4906, -3.4822], [119.491, -3.4824], [119.4913, -3.4825], [119.4917, -3.4827], [119.4924, -3.4831], [119.4926, -3.4833], [119.4926, -3.4838], [119.4924, -3.4839], [119.4922, -3.484], [119.492, -3.484]]], [[[119.4169, -3.4754], [119.4167, -3.4757], [119.4165, -3.4758], [119.4163, -3.4758], [119.4162, -3.476], [119.4158, -3.4762], [119.4154, -3.4764], [119.4151, -3.4769], [119.4149, -3.4773], [119.4145, -3.4774], [119.4144, -3.4777], [119.4141, -3.4778], [119.4138, -3.4777], [119.4138, -3.4769], [119.4132, -3.4767], [119.413, -3.4764], [119.413, -3.476], [119.4126, -3.4758], [119.4122, -3.4756], [119.4119, -3.4756], [119.4115, -3.4753], [119.4111, -3.4753], [119.4106, -3.4748], [119.4103, -3.4748], [119.41, -3.4746], [119.4095, -3.4745], [119.4089, -3.4744], [119.4086, -3.4743], [119.4084, -3.4741], [119.4081, -3.4743], [119.408, -3.4741], [119.4081, -3.4739], [119.4083, -3.4736], [119.4085, -3.4731], [119.4089, -3.4729], [119.4093, -3.4729], [119.4097, -3.4725], [119.41, -3.4718], [119.4101, -3.4711], [119.4101, -3.471], [119.4102, -3.4706], [119.4106, -3.4703], [119.4113, -3.4703], [119.4117, -3.4702], [119.4121, -3.4699], [119.4127, -3.4701], [119.413, -3.4699], [119.4135, -3.4688], [119.4139, -3.4687], [119.414, -3.4683], [119.4147, -3.4672], [119.4159, -3.4673], [119.4176, -3.4677], [119.4182, -3.4682], [119.4185, -3.4691], [119.4187, -3.4703], [119.4183, -3.4713], [119.4178, -3.4721], [119.4176, -3.4727], [119.4175, -3.4731], [119.4173, -3.4735], [119.4175, -3.4738], [119.4174, -3.474], [119.4172, -3.4741], [119.4172, -3.4744], [119.417, -3.4748], [119.4169, -3.475], [119.4171, -3.4752], [119.4169, -3.4754]]], [[[119.3902, -3.4654], [119.3907, -3.4649], [119.3914, -3.4652], [119.3919, -3.4652], [119.3927, -3.4655], [119.3934, -3.4659], [119.3943, -3.4661], [119.3946, -3.4664], [119.3946, -3.4669], [119.3948, -3.4674], [119.3949, -3.4679], [119.395, -3.468], [119.3951, -3.4682], [119.3951, -3.4685], [119.395, -3.4686], [119.3948, -3.4687], [119.3949, -3.4689], [119.3948, -3.4693], [119.395, -3.4694], [119.3951, -3.4694], [119.3952, -3.4696], [119.3951, -3.4698], [119.395, -3.4701], [119.395, -3.4702], [119.395, -3.4704], [119.395, -3.4706], [119.3949, -3.4707], [119.395, -3.4709], [119.3959, -3.472], [119.396, -3.4727], [119.3957, -3.4728], [119.3955, -3.4729], [119.3953, -3.4731], [119.3954, -3.4738], [119.3953, -3.4741], [119.3952, -3.4742], [119.3952, -3.4744], [119.3952, -3.4746], [119.3953, -3.4751], [119.3951, -3.4753], [119.3951, -3.4754], [119.3951, -3.4755], [119.3951, -3.4762], [119.395, -3.4763], [119.3948, -3.4766], [119.3946, -3.4768], [119.3944, -3.477], [119.394, -3.477], [119.3939, -3.4768], [119.3937, -3.4768], [119.3935, -3.4768], [119.3931, -3.4768], [119.393, -3.4767], [119.3929, -3.4766], [119.3927, -3.4764], [119.3925, -3.4763], [119.3923, -3.4761], [119.392, -3.476], [119.3919, -3.4758], [119.3918, -3.4757], [119.3918, -3.4753], [119.3912, -3.4748], [119.3912, -3.4741], [119.3911, -3.4734], [119.3909, -3.4729], [119.3908, -3.4725], [119.3904, -3.4725], [119.3903, -3.4722], [119.3904, -3.4721], [119.3902, -3.472], [119.39, -3.4721], [119.3897, -3.4716], [119.3892, -3.4707], [119.3892, -3.4703], [119.3891, -3.4698], [119.3892, -3.4693], [119.3891, -3.4688], [119.3893, -3.4679], [119.3892, -3.4672], [119.3894, -3.467], [119.3897, -3.4665], [119.39, -3.466], [119.3902, -3.4654]]], [[[119.3781, -3.4689], [119.3779, -3.4687], [119.3777, -3.4683], [119.3778, -3.4681], [119.378, -3.468], [119.3783, -3.4681], [119.3784, -3.4682], [119.3786, -3.4686], [119.3788, -3.4688], [119.3787, -3.469], [119.3783, -3.469], [119.3781, -3.4689]]], [[[119.3755, -3.4685], [119.3755, -3.4684], [119.3754, -3.4683], [119.3754, -3.468], [119.3753, -3.4679], [119.3753, -3.4676], [119.3752, -3.4675], [119.3751, -3.4674], [119.375, -3.4674], [119.3748, -3.4674], [119.3749, -3.4672], [119.3749, -3.467], [119.3749, -3.4669], [119.3748, -3.4665], [119.3748, -3.4664], [119.3747, -3.466], [119.3749, -3.4658], [119.3752, -3.4658], [119.3754, -3.4659], [119.3756, -3.4661], [119.3756, -3.4663], [119.3758, -3.4665], [119.3759, -3.4668], [119.3762, -3.4671], [119.3765, -3.4673], [119.3767, -3.4675], [119.3766, -3.4677], [119.3764, -3.4678], [119.3764, -3.468], [119.3763, -3.4681], [119.3762, -3.4682], [119.3763, -3.4684], [119.3759, -3.4687], [119.3755, -3.4685]]], [[[119.3683, -3.4681], [119.3685, -3.468], [119.3687, -3.4679], [119.3689, -3.4679], [119.369, -3.4678], [119.3693, -3.4676], [119.3694, -3.4677], [119.3696, -3.4676], [119.37, -3.4676], [119.3703, -3.4677], [119.3705, -3.4675], [119.3707, -3.4675], [119.3709, -3.4673], [119.3712, -3.4673], [119.3712, -3.4676], [119.3715, -3.4676], [119.3716, -3.4679], [119.3717, -3.468], [119.3719, -3.4681], [119.3721, -3.4683], [119.3723, -3.4686], [119.3723, -3.4692], [119.3724, -3.4697], [119.3722, -3.47], [119.3718, -3.4702], [119.3717, -3.4704], [119.3715, -3.4706], [119.3714, -3.4709], [119.3716, -3.4714], [119.3717, -3.4721], [119.3714, -3.4725], [119.3714, -3.4729], [119.3711, -3.4731], [119.3712, -3.4735], [119.3713, -3.4739], [119.3711, -3.4744], [119.3707, -3.4745], [119.3704, -3.475], [119.3701, -3.4756], [119.3699, -3.4762], [119.3697, -3.4766], [119.3696, -3.4769], [119.3696, -3.4772], [119.3699, -3.4777], [119.37, -3.478], [119.3703, -3.4783], [119.3706, -3.4785], [119.371, -3.4788], [119.371, -3.479], [119.3713, -3.4791], [119.3716, -3.4792], [119.3718, -3.4794], [119.3722, -3.4797], [119.3725, -3.48], [119.3728, -3.4801], [119.373, -3.4803], [119.3735, -3.4808], [119.3738, -3.4812], [119.3737, -3.4813], [119.3739, -3.4814], [119.3739, -3.4815], [119.374, -3.4815], [119.374, -3.4817], [119.3739, -3.4817], [119.3739, -3.4819], [119.3739, -3.4821], [119.3737, -3.4822], [119.3736, -3.4823], [119.3735, -3.4825], [119.3733, -3.4827], [119.3731, -3.4828], [119.373, -3.483], [119.373, -3.4831], [119.3727, -3.4831], [119.3726, -3.4833], [119.3724, -3.4834], [119.3724, -3.4836], [119.3722, -3.484], [119.3719, -3.4841], [119.3715, -3.4841], [119.3709, -3.4842], [119.3704, -3.4842], [119.3701, -3.4841], [119.3697, -3.4841], [119.3693, -3.4842], [119.3689, -3.4844], [119.368, -3.4847], [119.3675, -3.4849], [119.3672, -3.4849], [119.3668, -3.485], [119.3664, -3.485], [119.3661, -3.485], [119.366, -3.4849], [119.3658, -3.4847], [119.3655, -3.4846], [119.3651, -3.4847], [119.3649, -3.4848], [119.3644, -3.4845], [119.364, -3.4843], [119.3638, -3.4839], [119.3638, -3.4833], [119.3637, -3.4827], [119.3637, -3.4824], [119.3636, -3.4815], [119.3635, -3.4813], [119.3635, -3.4811], [119.3633, -3.4809], [119.3632, -3.4806], [119.3633, -3.4805], [119.3633, -3.4803], [119.3635, -3.4802], [119.3635, -3.48], [119.3634, -3.4798], [119.3634, -3.4796], [119.3633, -3.4793], [119.3631, -3.479], [119.363, -3.4788], [119.3629, -3.4786], [119.363, -3.4783], [119.363, -3.4781], [119.3629, -3.4779], [119.3629, -3.4775], [119.3633, -3.4773], [119.3634, -3.4772], [119.3634, -3.477], [119.3633, -3.477], [119.3632, -3.4769], [119.3631, -3.4767], [119.3632, -3.4765], [119.3633, -3.4764], [119.3633, -3.4761], [119.3631, -3.4759], [119.3632, -3.4756], [119.3632, -3.4753], [119.3631, -3.475], [119.3631, -3.4747], [119.3632, -3.4744], [119.3631, -3.4741], [119.3633, -3.474], [119.3634, -3.4738], [119.3633, -3.4737], [119.3632, -3.4736], [119.3633, -3.4734], [119.3632, -3.4733], [119.3631, -3.4731], [119.363, -3.4729], [119.363, -3.4727], [119.3629, -3.4726], [119.3627, -3.4724], [119.3627, -3.4723], [119.3626, -3.472], [119.3626, -3.4718], [119.3626, -3.4715], [119.3627, -3.4712], [119.3628, -3.471], [119.363, -3.4709], [119.3633, -3.4708], [119.3632, -3.4706], [119.3633, -3.4703], [119.3635, -3.4703], [119.3636, -3.4701], [119.3637, -3.4698], [119.3639, -3.4698], [119.364, -3.4696], [119.3642, -3.4693], [119.3646, -3.4691], [119.3651, -3.469], [119.3655, -3.4691], [119.3656, -3.4693], [119.3658, -3.4694], [119.3661, -3.4694], [119.3664, -3.4692], [119.3668, -3.4691], [119.3671, -3.469], [119.3675, -3.469], [119.3677, -3.469], [119.3679, -3.4689], [119.3682, -3.4687], [119.3683, -3.4685], [119.3683, -3.4684], [119.3683, -3.4681]]], [[[119.3588, -3.4867], [119.3587, -3.4869], [119.3586, -3.487], [119.3585, -3.4869], [119.3583, -3.4869], [119.3583, -3.487], [119.3583, -3.4872], [119.3585, -3.4874], [119.3587, -3.4874], [119.3589, -3.4875], [119.3589, -3.4877], [119.3588, -3.4878], [119.3588, -3.488], [119.3586, -3.4881], [119.3584, -3.4881], [119.3583, -3.4879], [119.3581, -3.4879], [119.3578, -3.4877], [119.3578, -3.4875], [119.3576, -3.4874], [119.3574, -3.4873], [119.3572, -3.4873], [119.3571, -3.4874], [119.3569, -3.4875], [119.357, -3.4876], [119.3569, -3.4877], [119.3566, -3.4877], [119.3563, -3.4879], [119.3561, -3.488], [119.3558, -3.488], [119.3554, -3.488], [119.3551, -3.488], [119.3554, -3.4877], [119.3556, -3.4876], [119.3558, -3.4876], [119.356, -3.4875], [119.3561, -3.4874], [119.3561, -3.4873], [119.3562, -3.4871], [119.356, -3.4872], [119.3559, -3.4871], [119.3559, -3.4869], [119.3562, -3.4869], [119.3563, -3.4868], [119.3565, -3.4868], [119.3567, -3.4868], [119.3569, -3.4868], [119.3571, -3.4868], [119.3573, -3.4868], [119.3574, -3.4867], [119.3575, -3.4866], [119.3576, -3.4865], [119.3576, -3.4864], [119.3577, -3.4863], [119.3579, -3.4864], [119.358, -3.4864], [119.358, -3.4863], [119.3581, -3.4862], [119.3582, -3.4861], [119.3583, -3.4861], [119.3583, -3.4859], [119.3584, -3.4858], [119.3586, -3.4858], [119.3587, -3.4857], [119.3589, -3.4857], [119.3592, -3.4856], [119.3595, -3.4857], [119.3592, -3.486], [119.359, -3.4862], [119.3589, -3.4863], [119.3587, -3.4865], [119.3588, -3.4866], [119.3588, -3.4867]]], [[[119.3265, -1.9339], [119.3268, -1.9341], [119.3273, -1.9351], [119.3279, -1.9358], [119.3285, -1.9361], [119.3303, -1.9375], [119.3312, -1.9379], [119.3345, -1.9377], [119.3354, -1.9378], [119.3357, -1.9383], [119.3357, -1.9391], [119.3352, -1.9404], [119.3357, -1.9413], [119.3356, -1.9418], [119.335, -1.9422], [119.3343, -1.9429], [119.3331, -1.9435], [119.3322, -1.9437], [119.3316, -1.9436], [119.3311, -1.9438], [119.3307, -1.9443], [119.3299, -1.9447], [119.329, -1.9446], [119.3287, -1.9445], [119.3286, -1.9441], [119.3284, -1.9443], [119.3283, -1.9447], [119.3281, -1.9448], [119.3279, -1.9445], [119.3273, -1.9445], [119.3269, -1.9441], [119.3265, -1.9444], [119.3264, -1.9447], [119.3262, -1.9448], [119.3258, -1.9447], [119.3247, -1.9452], [119.3243, -1.9452], [119.3243, -1.945], [119.324, -1.9446], [119.3233, -1.9434], [119.3233, -1.9431], [119.3236, -1.9428], [119.3237, -1.9423], [119.3233, -1.9419], [119.3233, -1.9414], [119.3239, -1.9406], [119.324, -1.9404], [119.3237, -1.9397], [119.3238, -1.9391], [119.3242, -1.9389], [119.3242, -1.9384], [119.324, -1.9381], [119.3237, -1.9381], [119.3227, -1.9372], [119.3226, -1.9367], [119.323, -1.9367], [119.3232, -1.9366], [119.3232, -1.9364], [119.3232, -1.936], [119.3239, -1.9357], [119.3247, -1.9353], [119.3252, -1.9352], [119.3256, -1.9353], [119.326, -1.9356], [119.3262, -1.9354], [119.3263, -1.9352], [119.3259, -1.9347], [119.3258, -1.9341], [119.3265, -1.9339]]], [[[119.3294, -1.9335], [119.3295, -1.9333], [119.3298, -1.9332], [119.3299, -1.933], [119.3301, -1.933], [119.3303, -1.9331], [119.3304, -1.9331], [119.3306, -1.9333], [119.3308, -1.9334], [119.3314, -1.9334], [119.3319, -1.9337], [119.3324, -1.9338], [119.3326, -1.9344], [119.3329, -1.9346], [119.3329, -1.9351], [119.3325, -1.9353], [119.3324, -1.9352], [119.3321, -1.9352], [119.3319, -1.9353], [119.3316, -1.9354], [119.3309, -1.9358], [119.3305, -1.9356], [119.3305, -1.9354], [119.3305, -1.9351], [119.3303, -1.9347], [119.3299, -1.9343], [119.3298, -1.9338], [119.3294, -1.9335]]], [[[119.12, -2.4691], [119.1203, -2.469], [119.1207, -2.4692], [119.1211, -2.4694], [119.1218, -2.4698], [119.1222, -2.4701], [119.1228, -2.4703], [119.124, -2.4704], [119.1244, -2.4705], [119.1249, -2.4712], [119.1248, -2.4717], [119.125, -2.4721], [119.1252, -2.4724], [119.1253, -2.473], [119.1251, -2.4738], [119.1248, -2.4744], [119.1239, -2.4744], [119.123, -2.4737], [119.1224, -2.4734], [119.122, -2.473], [119.1216, -2.4724], [119.1215, -2.4719], [119.1212, -2.4717], [119.1208, -2.4715], [119.1204, -2.4714], [119.1203, -2.4708], [119.1205, -2.4704], [119.1202, -2.4701], [119.1198, -2.4697], [119.1199, -2.4694], [119.12, -2.4691]]], [[[118.8794, -2.6225], [118.8818, -2.6202], [118.8846, -2.6179], [118.8871, -2.6164], [118.8892, -2.6132], [118.8911, -2.6131], [118.8925, -2.6135], [118.8939, -2.6184], [118.8948, -2.6212], [118.8951, -2.6225], [118.8964, -2.628], [118.8969, -2.6296], [118.8982, -2.631], [118.8962, -2.6325], [118.8953, -2.6337], [118.8955, -2.6385], [118.8945, -2.6426], [118.8934, -2.6452], [118.8922, -2.6481], [118.8915, -2.6496], [118.8906, -2.6515], [118.8896, -2.6536], [118.8888, -2.6535], [118.8878, -2.6536], [118.8854, -2.6515], [118.8839, -2.6493], [118.882, -2.6464], [118.8791, -2.6411], [118.8791, -2.6372], [118.8799, -2.6342], [118.8796, -2.633], [118.8786, -2.6322], [118.8783, -2.631], [118.879, -2.6264], [118.8794, -2.6225]]], [[[117.624, -2.0864], [117.6282, -2.089], [117.6285, -2.0891], [117.6285, -2.0954], [117.6266, -2.0982], [117.6221, -2.099], [117.6212, -2.0918], [117.624, -2.0864]]], [[[117.3834, -2.0969], [117.3888, -2.0969], [117.3942, -2.1015], [117.3906, -2.1069], [117.3852, -2.1068], [117.3816, -2.1015], [117.3833, -2.0971], [117.3834, -2.0969]]], [[[117.3745, -2.2649], [117.3796, -2.2665], [117.3798, -2.2666], [117.3807, -2.2721], [117.3798, -2.2765], [117.3735, -2.2756], [117.3708, -2.272], [117.3708, -2.2694], [117.3744, -2.2648], [117.3745, -2.2649]]], [[[117.3463, -2.0414], [117.3535, -2.0414], [117.3553, -2.0504], [117.3561, -2.0577], [117.3525, -2.064], [117.3489, -2.0649], [117.3435, -2.0568], [117.3427, -2.0477], [117.3463, -2.0414]]], [[[117.3259, -1.9962], [117.335, -1.9952], [117.3388, -2.005], [117.3308, -2.0064], [117.327, -2.0022], [117.3259, -1.9962]]], [[[117.307, -2.2647], [117.3105, -2.2587], [117.315, -2.2551], [117.3204, -2.257], [117.3195, -2.2634], [117.3177, -2.2687], [117.3123, -2.2714], [117.312, -2.271], [117.3068, -2.2651], [117.307, -2.2647]]], [[[117.3049, -2.0345], [117.3093, -2.0372], [117.3075, -2.0445], [117.3013, -2.0472], [117.2977, -2.0417], [117.2985, -2.0363], [117.3049, -2.0345]]], [[[117.303, -1.9346], [117.3084, -1.9409], [117.3048, -1.9463], [117.3012, -1.9463], [117.2994, -1.9399], [117.303, -1.9346]]], [[[117.2612, -2.0526], [117.2654, -2.0475], [117.2699, -2.0503], [117.2717, -2.0575], [117.2672, -2.0629], [117.2636, -2.0611], [117.2609, -2.053], [117.2612, -2.0526]]], [[[117.2471, -1.9868], [117.26, -1.9856], [117.2632, -1.9937], [117.2609, -1.9992], [117.2478, -1.9976], [117.2452, -1.9944], [117.2471, -1.9868]]], [[[117.246, -1.8921], [117.2512, -1.8904], [117.2515, -1.8903], [117.2542, -1.894], [117.2551, -1.9012], [117.2533, -1.9066], [117.2487, -1.9074], [117.2484, -1.907], [117.2434, -1.8984], [117.246, -1.8921]]], [[[117.1382, -1.9681], [117.1427, -1.9672], [117.1463, -1.9699], [117.1454, -1.9771], [117.1397, -1.9813], [117.1363, -1.9752], [117.1382, -1.9681]]], [[[117.0812, -2.0508], [117.0876, -2.0589], [117.0869, -2.0732], [117.0795, -2.0772], [117.071, -2.0702], [117.0696, -2.0612], [117.0695, -2.0533], [117.0716, -2.0534], [117.0812, -2.0508]]]]}}], "type": "FeatureCollection"}