provinsi,tahun,sektor_kode,sektor_nama,nilai_miliar_rp,pct_dari_total
Gorontalo,2014,A,"Pertanian, Kehutanan, dan Perikanan",9511.57,15.73
Gorontalo,2014,Angkutan,Rel,,
Gorontalo,2014,Angkutan,Darat,996.97,1.65
Gorontalo,2014,Angkutan,Laut,72.25,0.12
Gorontalo,2014,Angkutan,"Sungai, Danau, dan Penyeberangan",59.6,0.1
Gorontalo,2014,Angkutan,Udara,344.58,0.57
Gorontalo,2014,Asuransi,dan Dana Pensiun,19.11,0.03
Gorontalo,2014,B,Pertambangan dan Penggalian,331.42,0.55
Gorontalo,2014,C,Industri Pengolahan,1051.64,1.74
Gorontalo,2014,D,Pengadaan Listrik dan Gas,11.71,0.02
Gorontalo,2014,E,"Pengadaan Air; Pengelolaan Sampah, Limbah, dan Daur Ulang",12.76,0.02
Gorontalo,2014,F,Konstruksi,2971.32,4.91
Gorontalo,2014,G,Perdagangan Besar dan Eceran; Reparasi Mobil dan Sepeda Motor,2624.85,4.34
Gorontalo,2014,H,Transportasi dan Pergudangan,1535.45,2.54
Gorontalo,2014,I,Penyediaan Akomodasi dan Makan Minum,540.44,0.89
Gorontalo,2014,Industri,Batubara dan Pengilangan Migas,,
Gorontalo,2014,Industri,Makanan dan Minuman,686.94,1.14
Gorontalo,2014,Industri,Pengolahan Tembakau,,
Gorontalo,2014,Industri,Tekstil dan Pakaian Jadi,22.89,0.04
Gorontalo,2014,Industri,"Kulit, Barang dari Kulit, dan Alas Kaki",,
Gorontalo,2014,Industri,"Kayu, Barang dari Kayu dan Gabus; dan Barang Anyaman dari Bambu, Rotan, dan Sejenisnya",125.15,0.21
Gorontalo,2014,Industri,Kertas dan Barang dari Kertas; Percetakan dan Reproduksi Media Rekaman,13.44,0.02
Gorontalo,2014,Industri,"Kimia, Farmasi, dan Obat Tradisional",0.6,0.0
Gorontalo,2014,Industri,Karet; Barang dari Karet dan Plastik,1.2,0.0
Gorontalo,2014,Industri,Barang Galian bukan Logam,65.58,0.11
Gorontalo,2014,Industri,Logam Dasar,,
Gorontalo,2014,Industri,"Barang Logam; Komputer, Barang Elektronik, Optik; dan Peralatan Listrik",16.4,0.03
Gorontalo,2014,Industri,Mesin dan Perlengkapan,0.97,0.0
Gorontalo,2014,Industri,Alat Angkutan,8.24,0.01
Gorontalo,2014,Industri,Furnitur,108.03,0.18
Gorontalo,2014,Industri,Pengolahan Lainnya; Jasa Reparasi dan Pemasangan Mesin dan Peralatan,2.2,0.0
Gorontalo,2014,J,Informasi dan Komunikasi,631.1,1.04
Gorontalo,2014,Jasa,Pertanian dan Perburuan,101.22,0.17
Gorontalo,2014,Jasa,Perantara Keuangan,624.61,1.03
Gorontalo,2014,Jasa,Keuangan Lainnya,285.21,0.47
Gorontalo,2014,Jasa,Penunjang Keuangan,1.82,0.0
Gorontalo,2014,K,Jasa Keuangan dan Asuransi,930.75,1.54
Gorontalo,2014,L,Real Estat,463.94,0.77
Gorontalo,2014,"M,N",Jasa Perusahaan,24.3,0.04
Gorontalo,2014,O,"Administrasi Pemerintahan, Pertahanan, dan Jaminan Sosial Wajib",2214.14,3.66
Gorontalo,2014,P,Jasa Pendidikan,1051.89,1.74
Gorontalo,2014,Produk,Domestik Bruto,25193.78,41.67
Gorontalo,2014,Q,Jasa Kesehatan dan Kegiatan Sosial,862.82,1.43
Gorontalo,2014,"R,S,T,U",Jasa Lainnya,423.69,0.7
Gorontalo,2014,Tanaman,Pangan,5127.66,8.48
Gorontalo,2014,Tanaman,Hortikultura,682.9,1.13
Gorontalo,2014,Tanaman,Perkebunan,699.25,1.16
Gorontalo,2015,A,"Pertanian, Kehutanan, dan Perikanan",10542.86,15.46
Gorontalo,2015,Angkutan,Rel,0.0,0.0
Gorontalo,2015,Angkutan,Darat,1175.51,1.72
Gorontalo,2015,Angkutan,Laut,77.26,0.11
Gorontalo,2015,Angkutan,"Sungai, Danau, dan Penyeberangan",65.1,0.1
Gorontalo,2015,Angkutan,Udara,400.87,0.59
Gorontalo,2015,Asuransi,dan Dana Pensiun,22.32,0.03
Gorontalo,2015,B,Pertambangan dan Penggalian,375.72,0.55
Gorontalo,2015,C,Industri Pengolahan,1191.32,1.75
Gorontalo,2015,D,Pengadaan Listrik dan Gas,10.08,0.01
Gorontalo,2015,E,"Pengadaan Air; Pengelolaan Sampah, Limbah, dan Daur Ulang",14.01,0.02
Gorontalo,2015,F,Konstruksi,3525.79,5.17
Gorontalo,2015,G,Perdagangan Besar dan Eceran; Reparasi Mobil dan Sepeda Motor,2997.64,4.4
Gorontalo,2015,H,Transportasi dan Pergudangan,1790.68,2.63
Gorontalo,2015,I,Penyediaan Akomodasi dan Makan Minum,639.59,0.94
Gorontalo,2015,Industri,Batubara dan Pengilangan Migas,0.0,0.0
Gorontalo,2015,Industri,Makanan dan Minuman,774.82,1.14
Gorontalo,2015,Industri,Pengolahan Tembakau,0.0,0.0
Gorontalo,2015,Industri,Tekstil dan Pakaian Jadi,26.27,0.04
Gorontalo,2015,Industri,"Kulit, Barang dari Kulit, dan Alas Kaki",0.0,0.0
Gorontalo,2015,Industri,"Kayu, Barang dari Kayu dan Gabus; dan Barang Anyaman dari Bambu, Rotan, dan Sejenisnya",139.35,0.2
Gorontalo,2015,Industri,Kertas dan Barang dari Kertas; Percetakan dan Reproduksi Media Rekaman,14.52,0.02
Gorontalo,2015,Industri,"Kimia, Farmasi, dan Obat Tradisional",0.71,0.0
Gorontalo,2015,Industri,Karet; Barang dari Karet dan Plastik,1.29,0.0
Gorontalo,2015,Industri,Barang Galian bukan Logam,78.0,0.11
Gorontalo,2015,Industri,Logam Dasar,0.0,0.0
Gorontalo,2015,Industri,"Barang Logam; Komputer, Barang Elektronik, Optik; dan Peralatan Listrik",20.12,0.03
Gorontalo,2015,Industri,Mesin dan Perlengkapan,1.04,0.0
Gorontalo,2015,Industri,Alat Angkutan,8.47,0.01
Gorontalo,2015,Industri,Furnitur,124.49,0.18
Gorontalo,2015,Industri,Pengolahan Lainnya; Jasa Reparasi dan Pemasangan Mesin dan Peralatan,2.24,0.0
Gorontalo,2015,J,Informasi dan Komunikasi,721.78,1.06
Gorontalo,2015,Jasa,Pertanian dan Perburuan,110.46,0.16
Gorontalo,2015,Jasa,Perantara Keuangan,717.15,1.05
Gorontalo,2015,Jasa,Keuangan Lainnya,334.18,0.49
Gorontalo,2015,Jasa,Penunjang Keuangan,2.0,0.0
Gorontalo,2015,K,Jasa Keuangan dan Asuransi,1075.65,1.58
Gorontalo,2015,L,Real Estat,541.92,0.79
Gorontalo,2015,"M,N",Jasa Perusahaan,28.07,0.04
Gorontalo,2015,O,"Administrasi Pemerintahan, Pertahanan, dan Jaminan Sosial Wajib",2358.85,3.46
Gorontalo,2015,P,Jasa Pendidikan,1186.51,1.74
Gorontalo,2015,Produk,Domestik Bruto,28493.42,41.79
Gorontalo,2015,Q,Jasa Kesehatan dan Kegiatan Sosial,1014.32,1.49
Gorontalo,2015,"R,S,T,U",Jasa Lainnya,478.63,0.7
Gorontalo,2015,Tanaman,Pangan,5511.63,8.08
Gorontalo,2015,Tanaman,Hortikultura,813.6,1.19
Gorontalo,2015,Tanaman,Perkebunan,773.38,1.13
Gorontalo,2016,A,"Pertanian, Kehutanan, dan Perikanan",11799.31,15.53
Gorontalo,2016,Angkutan,Rel,,
Gorontalo,2016,Angkutan,Darat,1302.11,1.71
Gorontalo,2016,Angkutan,Laut,80.97,0.11
Gorontalo,2016,Angkutan,"Sungai, Danau, dan Penyeberangan",66.72,0.09
Gorontalo,2016,Angkutan,Udara,445.1,0.59
Gorontalo,2016,Asuransi,dan Dana Pensiun,24.46,0.03
Gorontalo,2016,B,Pertambangan dan Penggalian,380.96,0.5
Gorontalo,2016,C,Industri Pengolahan,1333.94,1.76
Gorontalo,2016,D,Pengadaan Listrik dan Gas,12.99,0.02
Gorontalo,2016,E,"Pengadaan Air; Pengelolaan Sampah, Limbah, dan Daur Ulang",16.94,0.02
Gorontalo,2016,F,Konstruksi,3820.28,5.03
Gorontalo,2016,G,Perdagangan Besar dan Eceran; Reparasi Mobil dan Sepeda Motor,3481.16,4.58
Gorontalo,2016,H,Transportasi dan Pergudangan,1973.41,2.6
Gorontalo,2016,I,Penyediaan Akomodasi dan Makan Minum,720.13,0.95
Gorontalo,2016,Industri,Batubara dan Pengilangan Migas,,
Gorontalo,2016,Industri,Makanan dan Minuman,871.97,1.15
Gorontalo,2016,Industri,Pengolahan Tembakau,,
Gorontalo,2016,Industri,Tekstil dan Pakaian Jadi,29.87,0.04
Gorontalo,2016,Industri,"Kulit, Barang dari Kulit, dan Alas Kaki",,
Gorontalo,2016,Industri,"Kayu, Barang dari Kayu dan Gabus; dan Barang Anyaman dari Bambu, Rotan, dan Sejenisnya",148.21,0.2
Gorontalo,2016,Industri,Kertas dan Barang dari Kertas; Percetakan dan Reproduksi Media Rekaman,16.24,0.02
Gorontalo,2016,Industri,"Kimia, Farmasi, dan Obat Tradisional",0.74,0.0
Gorontalo,2016,Industri,Karet; Barang dari Karet dan Plastik,1.39,0.0
Gorontalo,2016,Industri,Barang Galian bukan Logam,90.55,0.12
Gorontalo,2016,Industri,Logam Dasar,,
Gorontalo,2016,Industri,"Barang Logam; Komputer, Barang Elektronik, Optik; dan Peralatan Listrik",21.56,0.03
Gorontalo,2016,Industri,Mesin dan Perlengkapan,1.1,0.0
Gorontalo,2016,Industri,Alat Angkutan,9.68,0.01
Gorontalo,2016,Industri,Furnitur,140.23,0.18
Gorontalo,2016,Industri,Pengolahan Lainnya; Jasa Reparasi dan Pemasangan Mesin dan Peralatan,2.38,0.0
Gorontalo,2016,J,Informasi dan Komunikasi,828.56,1.09
Gorontalo,2016,Jasa,Pertanian dan Perburuan,119.9,0.16
Gorontalo,2016,Jasa,Perantara Keuangan,917.3,1.21
Gorontalo,2016,Jasa,Keuangan Lainnya,369.89,0.49
Gorontalo,2016,Jasa,Penunjang Keuangan,2.2,0.0
Gorontalo,2016,K,Jasa Keuangan dan Asuransi,1313.86,1.73
Gorontalo,2016,L,Real Estat,617.52,0.81
Gorontalo,2016,"M,N",Jasa Perusahaan,31.2,0.04
Gorontalo,2016,O,"Administrasi Pemerintahan, Pertahanan, dan Jaminan Sosial Wajib",2422.5,3.19
Gorontalo,2016,P,Jasa Pendidikan,1288.64,1.7
Gorontalo,2016,Produk,Domestik Bruto,31697.56,41.72
Gorontalo,2016,Q,Jasa Kesehatan dan Kegiatan Sosial,1142.24,1.5
Gorontalo,2016,"R,S,T,U",Jasa Lainnya,513.92,0.68
Gorontalo,2016,Tanaman,Pangan,6187.86,8.15
Gorontalo,2016,Tanaman,Hortikultura,881.87,1.16
Gorontalo,2016,Tanaman,Perkebunan,842.13,1.11
Gorontalo,2017,A,"Pertanian, Kehutanan, dan Perikanan",13127.27,15.83
Gorontalo,2017,Angkutan,Rel,,
Gorontalo,2017,Angkutan,Darat,1383.42,1.67
Gorontalo,2017,Angkutan,Laut,84.18,0.1
Gorontalo,2017,Angkutan,"Sungai, Danau, dan Penyeberangan",68.61,0.08
Gorontalo,2017,Angkutan,Udara,473.88,0.57
Gorontalo,2017,Asuransi,dan Dana Pensiun,25.95,0.03
Gorontalo,2017,B,Pertambangan dan Penggalian,399.98,0.48
Gorontalo,2017,C,Industri Pengolahan,1413.09,1.7
Gorontalo,2017,D,Pengadaan Listrik dan Gas,15.8,0.02
Gorontalo,2017,E,"Pengadaan Air; Pengelolaan Sampah, Limbah, dan Daur Ulang",19.93,0.02
Gorontalo,2017,F,Konstruksi,3978.86,4.8
Gorontalo,2017,G,Perdagangan Besar dan Eceran; Reparasi Mobil dan Sepeda Motor,3938.42,4.75
Gorontalo,2017,H,Transportasi dan Pergudangan,2092.42,2.52
Gorontalo,2017,I,Penyediaan Akomodasi dan Makan Minum,814.28,0.98
Gorontalo,2017,Industri,Batubara dan Pengilangan Migas,,
Gorontalo,2017,Industri,Makanan dan Minuman,930.29,1.12
Gorontalo,2017,Industri,Pengolahan Tembakau,,
Gorontalo,2017,Industri,Tekstil dan Pakaian Jadi,34.87,0.04
Gorontalo,2017,Industri,"Kulit, Barang dari Kulit, dan Alas Kaki",,
Gorontalo,2017,Industri,"Kayu, Barang dari Kayu dan Gabus; dan Barang Anyaman dari Bambu, Rotan, dan Sejenisnya",144.68,0.17
Gorontalo,2017,Industri,Kertas dan Barang dari Kertas; Percetakan dan Reproduksi Media Rekaman,20.4,0.02
Gorontalo,2017,Industri,"Kimia, Farmasi, dan Obat Tradisional",0.76,0.0
Gorontalo,2017,Industri,Karet; Barang dari Karet dan Plastik,1.43,0.0
Gorontalo,2017,Industri,Barang Galian bukan Logam,99.25,0.12
Gorontalo,2017,Industri,Logam Dasar,,
Gorontalo,2017,Industri,"Barang Logam; Komputer, Barang Elektronik, Optik; dan Peralatan Listrik",21.71,0.03
Gorontalo,2017,Industri,Mesin dan Perlengkapan,1.14,0.0
Gorontalo,2017,Industri,Alat Angkutan,10.32,0.01
Gorontalo,2017,Industri,Furnitur,145.83,0.18
Gorontalo,2017,Industri,Pengolahan Lainnya; Jasa Reparasi dan Pemasangan Mesin dan Peralatan,2.41,0.0
Gorontalo,2017,J,Informasi dan Komunikasi,921.97,1.11
Gorontalo,2017,Jasa,Pertanian dan Perburuan,124.24,0.15
Gorontalo,2017,Jasa,Perantara Keuangan,1071.38,1.29
Gorontalo,2017,Jasa,Keuangan Lainnya,393.68,0.47
Gorontalo,2017,Jasa,Penunjang Keuangan,2.38,0.0
Gorontalo,2017,K,Jasa Keuangan dan Asuransi,1493.4,1.8
Gorontalo,2017,L,Real Estat,661.58,0.8
Gorontalo,2017,"M,N",Jasa Perusahaan,33.45,0.04
Gorontalo,2017,O,"Administrasi Pemerintahan, Pertahanan, dan Jaminan Sosial Wajib",2427.25,2.93
Gorontalo,2017,P,Jasa Pendidikan,1442.74,1.74
Gorontalo,2017,Produk,Domestik Bruto,34537.68,41.65
Gorontalo,2017,Q,Jasa Kesehatan dan Kegiatan Sosial,1216.76,1.47
Gorontalo,2017,"R,S,T,U",Jasa Lainnya,540.47,0.65
Gorontalo,2017,Tanaman,Pangan,6965.77,8.4
Gorontalo,2017,Tanaman,Hortikultura,946.79,1.14
Gorontalo,2017,Tanaman,Perkebunan,893.69,1.08
Gorontalo,2018,A,"Pertanian, Kehutanan, dan Perikanan",14580.02,16.07
Gorontalo,2018,Angkutan,Rel,,
Gorontalo,2018,Angkutan,Darat,1465.98,1.62
Gorontalo,2018,Angkutan,Laut,88.59,0.1
Gorontalo,2018,Angkutan,"Sungai, Danau, dan Penyeberangan",72.43,0.08
Gorontalo,2018,Angkutan,Udara,495.12,0.55
Gorontalo,2018,Asuransi,dan Dana Pensiun,27.3,0.03
Gorontalo,2018,B,Pertambangan dan Penggalian,420.36,0.46
Gorontalo,2018,C,Industri Pengolahan,1550.42,1.71
Gorontalo,2018,D,Pengadaan Listrik dan Gas,17.66,0.02
Gorontalo,2018,E,"Pengadaan Air; Pengelolaan Sampah, Limbah, dan Daur Ulang",22.61,0.02
Gorontalo,2018,F,Konstruksi,4195.48,4.63
Gorontalo,2018,G,Perdagangan Besar dan Eceran; Reparasi Mobil dan Sepeda Motor,4465.44,4.92
Gorontalo,2018,H,Transportasi dan Pergudangan,2208.99,2.44
Gorontalo,2018,I,Penyediaan Akomodasi dan Makan Minum,894.39,0.99
Gorontalo,2018,Industri,Batubara dan Pengilangan Migas,,
Gorontalo,2018,Industri,Makanan dan Minuman,1030.01,1.14
Gorontalo,2018,Industri,Pengolahan Tembakau,,
Gorontalo,2018,Industri,Tekstil dan Pakaian Jadi,38.62,0.04
Gorontalo,2018,Industri,"Kulit, Barang dari Kulit, dan Alas Kaki",,
Gorontalo,2018,Industri,"Kayu, Barang dari Kayu dan Gabus; dan Barang Anyaman dari Bambu, Rotan, dan Sejenisnya",149.84,0.17
Gorontalo,2018,Industri,Kertas dan Barang dari Kertas; Percetakan dan Reproduksi Media Rekaman,27.14,0.03
Gorontalo,2018,Industri,"Kimia, Farmasi, dan Obat Tradisional",0.8,0.0
Gorontalo,2018,Industri,Karet; Barang dari Karet dan Plastik,1.48,0.0
Gorontalo,2018,Industri,Barang Galian bukan Logam,112.9,0.12
Gorontalo,2018,Industri,Logam Dasar,,
Gorontalo,2018,Industri,"Barang Logam; Komputer, Barang Elektronik, Optik; dan Peralatan Listrik",22.4,0.02
Gorontalo,2018,Industri,Mesin dan Perlengkapan,1.29,0.0
Gorontalo,2018,Industri,Alat Angkutan,10.42,0.01
Gorontalo,2018,Industri,Furnitur,152.97,0.17
Gorontalo,2018,Industri,Pengolahan Lainnya; Jasa Reparasi dan Pemasangan Mesin dan Peralatan,2.55,0.0
Gorontalo,2018,J,Informasi dan Komunikasi,1016.32,1.12
Gorontalo,2018,Jasa,Pertanian dan Perburuan,133.43,0.15
Gorontalo,2018,Jasa,Perantara Keuangan,1152.48,1.27
Gorontalo,2018,Jasa,Keuangan Lainnya,417.98,0.46
Gorontalo,2018,Jasa,Penunjang Keuangan,2.56,0.0
Gorontalo,2018,K,Jasa Keuangan dan Asuransi,1600.32,1.76
Gorontalo,2018,L,Real Estat,705.83,0.78
Gorontalo,2018,"M,N",Jasa Perusahaan,35.73,0.04
Gorontalo,2018,O,"Administrasi Pemerintahan, Pertahanan, dan Jaminan Sosial Wajib",2489.27,2.74
Gorontalo,2018,P,Jasa Pendidikan,1627.2,1.79
Gorontalo,2018,Produk,Domestik Bruto,37731.39,41.6
Gorontalo,2018,Q,Jasa Kesehatan dan Kegiatan Sosial,1331.09,1.47
Gorontalo,2018,"R,S,T,U",Jasa Lainnya,570.24,0.63
Gorontalo,2018,Tanaman,Pangan,7912.37,8.72
Gorontalo,2018,Tanaman,Hortikultura,976.24,1.08
Gorontalo,2018,Tanaman,Perkebunan,946.31,1.04
Gorontalo,2019,A,"Pertanian, Kehutanan, dan Perikanan",16018.13,16.21
Gorontalo,2019,Angkutan,Rel,,
Gorontalo,2019,Angkutan,Darat,1573.84,1.59
Gorontalo,2019,Angkutan,Laut,104.55,0.11
Gorontalo,2019,Angkutan,"Sungai, Danau, dan Penyeberangan",77.61,0.08
Gorontalo,2019,Angkutan,Udara,514.3,0.52
Gorontalo,2019,Asuransi,dan Dana Pensiun,29.51,0.03
Gorontalo,2019,B,Pertambangan dan Penggalian,450.54,0.46
Gorontalo,2019,C,Industri Pengolahan,1755.2,1.78
Gorontalo,2019,D,Pengadaan Listrik dan Gas,19.44,0.02
Gorontalo,2019,E,"Pengadaan Air; Pengelolaan Sampah, Limbah, dan Daur Ulang",25.71,0.03
Gorontalo,2019,F,Konstruksi,4391.21,4.44
Gorontalo,2019,G,Perdagangan Besar dan Eceran; Reparasi Mobil dan Sepeda Motor,5102.34,5.16
Gorontalo,2019,H,Transportasi dan Pergudangan,2366.71,2.39
Gorontalo,2019,I,Penyediaan Akomodasi dan Makan Minum,969.04,0.98
Gorontalo,2019,Industri,Batubara dan Pengilangan Migas,,
Gorontalo,2019,Industri,Makanan dan Minuman,1197.76,1.21
Gorontalo,2019,Industri,Pengolahan Tembakau,,
Gorontalo,2019,Industri,Tekstil dan Pakaian Jadi,42.2,0.04
Gorontalo,2019,Industri,"Kulit, Barang dari Kulit, dan Alas Kaki",,
Gorontalo,2019,Industri,"Kayu, Barang dari Kayu dan Gabus; dan Barang Anyaman dari Bambu, Rotan, dan Sejenisnya",163.98,0.17
Gorontalo,2019,Industri,Kertas dan Barang dari Kertas; Percetakan dan Reproduksi Media Rekaman,28.63,0.03
Gorontalo,2019,Industri,"Kimia, Farmasi, dan Obat Tradisional",0.83,0.0
Gorontalo,2019,Industri,Karet; Barang dari Karet dan Plastik,1.53,0.0
Gorontalo,2019,Industri,Barang Galian bukan Logam,122.43,0.12
Gorontalo,2019,Industri,Logam Dasar,,
Gorontalo,2019,Industri,"Barang Logam; Komputer, Barang Elektronik, Optik; dan Peralatan Listrik",21.58,0.02
Gorontalo,2019,Industri,Mesin dan Perlengkapan,1.27,0.0
Gorontalo,2019,Industri,Alat Angkutan,10.63,0.01
Gorontalo,2019,Industri,Furnitur,161.73,0.16
Gorontalo,2019,Industri,Pengolahan Lainnya; Jasa Reparasi dan Pemasangan Mesin dan Peralatan,2.63,0.0
Gorontalo,2019,J,Informasi dan Komunikasi,1100.11,1.11
Gorontalo,2019,Jasa,Pertanian dan Perburuan,143.87,0.15
Gorontalo,2019,Jasa,Perantara Keuangan,1124.21,1.14
Gorontalo,2019,Jasa,Keuangan Lainnya,479.34,0.48
Gorontalo,2019,Jasa,Penunjang Keuangan,2.68,0.0
Gorontalo,2019,K,Jasa Keuangan dan Asuransi,1635.75,1.65
Gorontalo,2019,L,Real Estat,771.44,0.78
Gorontalo,2019,"M,N",Jasa Perusahaan,38.62,0.04
Gorontalo,2019,O,"Administrasi Pemerintahan, Pertahanan, dan Jaminan Sosial Wajib",2599.96,2.63
Gorontalo,2019,P,Jasa Pendidikan,1822.04,1.84
Gorontalo,2019,Produk,Domestik Bruto,41145.45,41.63
Gorontalo,2019,Q,Jasa Kesehatan dan Kegiatan Sosial,1473.89,1.49
Gorontalo,2019,"R,S,T,U",Jasa Lainnya,605.31,0.61
Gorontalo,2019,Tanaman,Pangan,8587.99,8.69
Gorontalo,2019,Tanaman,Hortikultura,1092.56,1.11
Gorontalo,2019,Tanaman,Perkebunan,1067.0,1.08
Gorontalo,2020,A,"Pertanian, Kehutanan, dan Perikanan",16188.2,16.15
Gorontalo,2020,Angkutan,Rel,,
Gorontalo,2020,Angkutan,Darat,1559.64,1.56
Gorontalo,2020,Angkutan,Laut,100.68,0.1
Gorontalo,2020,Angkutan,"Sungai, Danau, dan Penyeberangan",77.46,0.08
Gorontalo,2020,Angkutan,Udara,405.74,0.4
Gorontalo,2020,Asuransi,dan Dana Pensiun,30.4,0.03
Gorontalo,2020,B,Pertambangan dan Penggalian,468.2,0.47
Gorontalo,2020,C,Industri Pengolahan,1799.86,1.8
Gorontalo,2020,D,Pengadaan Listrik dan Gas,21.44,0.02
Gorontalo,2020,E,"Pengadaan Air; Pengelolaan Sampah, Limbah, dan Daur Ulang",26.18,0.03
Gorontalo,2020,F,Konstruksi,4399.36,4.39
Gorontalo,2020,G,Perdagangan Besar dan Eceran; Reparasi Mobil dan Sepeda Motor,5100.3,5.09
Gorontalo,2020,H,Transportasi dan Pergudangan,2245.9,2.24
Gorontalo,2020,I,Penyediaan Akomodasi dan Makan Minum,964.41,0.96
Gorontalo,2020,Industri,Batubara dan Pengilangan Migas,,
Gorontalo,2020,Industri,Makanan dan Minuman,1258.99,1.26
Gorontalo,2020,Industri,Pengolahan Tembakau,,
Gorontalo,2020,Industri,Tekstil dan Pakaian Jadi,39.08,0.04
Gorontalo,2020,Industri,"Kulit, Barang dari Kulit, dan Alas Kaki",,
Gorontalo,2020,Industri,"Kayu, Barang dari Kayu dan Gabus; dan Barang Anyaman dari Bambu, Rotan, dan Sejenisnya",161.64,0.16
Gorontalo,2020,Industri,Kertas dan Barang dari Kertas; Percetakan dan Reproduksi Media Rekaman,28.16,0.03
Gorontalo,2020,Industri,"Kimia, Farmasi, dan Obat Tradisional",0.84,0.0
Gorontalo,2020,Industri,Karet; Barang dari Karet dan Plastik,1.54,0.0
Gorontalo,2020,Industri,Barang Galian bukan Logam,123.66,0.12
Gorontalo,2020,Industri,Logam Dasar,,
Gorontalo,2020,Industri,"Barang Logam; Komputer, Barang Elektronik, Optik; dan Peralatan Listrik",20.57,0.02
Gorontalo,2020,Industri,Mesin dan Perlengkapan,1.25,0.0
Gorontalo,2020,Industri,Alat Angkutan,10.57,0.01
Gorontalo,2020,Industri,Furnitur,151.19,0.15
Gorontalo,2020,Industri,Pengolahan Lainnya; Jasa Reparasi dan Pemasangan Mesin dan Peralatan,2.39,0.0
Gorontalo,2020,J,Informasi dan Komunikasi,1145.0,1.14
Gorontalo,2020,Jasa,Pertanian dan Perburuan,144.94,0.14
Gorontalo,2020,Jasa,Perantara Keuangan,1343.48,1.34
Gorontalo,2020,Jasa,Keuangan Lainnya,493.32,0.49
Gorontalo,2020,Jasa,Penunjang Keuangan,2.63,0.0
Gorontalo,2020,K,Jasa Keuangan dan Asuransi,1869.83,1.87
Gorontalo,2020,L,Real Estat,778.97,0.78
Gorontalo,2020,"M,N",Jasa Perusahaan,36.49,0.04
Gorontalo,2020,O,"Administrasi Pemerintahan, Pertahanan, dan Jaminan Sosial Wajib",2628.24,2.62
Gorontalo,2020,P,Jasa Pendidikan,1947.54,1.94
Gorontalo,2020,Produk,Domestik Bruto,41729.89,41.63
Gorontalo,2020,Q,Jasa Kesehatan dan Kegiatan Sosial,1528.89,1.53
Gorontalo,2020,"R,S,T,U",Jasa Lainnya,581.08,0.58
Gorontalo,2020,Tanaman,Pangan,8513.88,8.49
Gorontalo,2020,Tanaman,Hortikultura,1089.93,1.09
Gorontalo,2020,Tanaman,Perkebunan,1206.21,1.2
Gorontalo,2021,A,"Pertanian, Kehutanan, dan Perikanan",17082.24,16.17
Gorontalo,2021,Angkutan,Rel,,
Gorontalo,2021,Angkutan,Darat,1646.72,1.56
Gorontalo,2021,Angkutan,Laut,103.28,0.1
Gorontalo,2021,Angkutan,"Sungai, Danau, dan Penyeberangan",78.78,0.07
Gorontalo,2021,Angkutan,Udara,390.36,0.37
Gorontalo,2021,Asuransi,dan Dana Pensiun,31.54,0.03
Gorontalo,2021,B,Pertambangan dan Penggalian,483.23,0.46
Gorontalo,2021,C,Industri Pengolahan,1936.07,1.83
Gorontalo,2021,D,Pengadaan Listrik dan Gas,22.0,0.02
Gorontalo,2021,E,"Pengadaan Air; Pengelolaan Sampah, Limbah, dan Daur Ulang",26.88,0.03
Gorontalo,2021,F,Konstruksi,4597.26,4.35
Gorontalo,2021,G,Perdagangan Besar dan Eceran; Reparasi Mobil dan Sepeda Motor,5386.86,5.1
Gorontalo,2021,H,Transportasi dan Pergudangan,2325.32,2.2
Gorontalo,2021,I,Penyediaan Akomodasi dan Makan Minum,1008.94,0.96
Gorontalo,2021,Industri,Batubara dan Pengilangan Migas,,
Gorontalo,2021,Industri,Makanan dan Minuman,1377.31,1.3
Gorontalo,2021,Industri,Pengolahan Tembakau,,
Gorontalo,2021,Industri,Tekstil dan Pakaian Jadi,41.4,0.04
Gorontalo,2021,Industri,"Kulit, Barang dari Kulit, dan Alas Kaki",,
Gorontalo,2021,Industri,"Kayu, Barang dari Kayu dan Gabus; dan Barang Anyaman dari Bambu, Rotan, dan Sejenisnya",167.57,0.16
Gorontalo,2021,Industri,Kertas dan Barang dari Kertas; Percetakan dan Reproduksi Media Rekaman,30.09,0.03
Gorontalo,2021,Industri,"Kimia, Farmasi, dan Obat Tradisional",0.93,0.0
Gorontalo,2021,Industri,Karet; Barang dari Karet dan Plastik,1.68,0.0
Gorontalo,2021,Industri,Barang Galian bukan Logam,126.83,0.12
Gorontalo,2021,Industri,Logam Dasar,,
Gorontalo,2021,Industri,"Barang Logam; Komputer, Barang Elektronik, Optik; dan Peralatan Listrik",21.81,0.02
Gorontalo,2021,Industri,Mesin dan Perlengkapan,1.24,0.0
Gorontalo,2021,Industri,Alat Angkutan,11.01,0.01
Gorontalo,2021,Industri,Furnitur,153.68,0.15
Gorontalo,2021,Industri,Pengolahan Lainnya; Jasa Reparasi dan Pemasangan Mesin dan Peralatan,2.52,0.0
Gorontalo,2021,J,Informasi dan Komunikasi,1184.0,1.12
Gorontalo,2021,Jasa,Pertanian dan Perburuan,151.14,0.14
Gorontalo,2021,Jasa,Perantara Keuangan,1612.9,1.53
Gorontalo,2021,Jasa,Keuangan Lainnya,493.61,0.47
Gorontalo,2021,Jasa,Penunjang Keuangan,2.5,0.0
Gorontalo,2021,K,Jasa Keuangan dan Asuransi,2140.55,2.03
Gorontalo,2021,L,Real Estat,756.47,0.72
Gorontalo,2021,"M,N",Jasa Perusahaan,37.54,0.04
Gorontalo,2021,O,"Administrasi Pemerintahan, Pertahanan, dan Jaminan Sosial Wajib",2644.99,2.5
Gorontalo,2021,P,Jasa Pendidikan,2018.2,1.91
Gorontalo,2021,Produk,Domestik Bruto,43893.26,41.55
Gorontalo,2021,Q,Jasa Kesehatan dan Kegiatan Sosial,1642.19,1.55
Gorontalo,2021,"R,S,T,U",Jasa Lainnya,600.53,0.57
Gorontalo,2021,Tanaman,Pangan,8985.75,8.51
Gorontalo,2021,Tanaman,Hortikultura,1130.09,1.07
Gorontalo,2021,Tanaman,Perkebunan,1278.52,1.21
Gorontalo,2022,A,"Pertanian, Kehutanan, dan Perikanan",18073.2,15.85
Gorontalo,2022,Angkutan,Rel,,
Gorontalo,2022,Angkutan,Darat,1837.27,1.61
Gorontalo,2022,Angkutan,Laut,115.62,0.1
Gorontalo,2022,Angkutan,"Sungai, Danau, dan Penyeberangan",82.86,0.07
Gorontalo,2022,Angkutan,Udara,514.83,0.45
Gorontalo,2022,Asuransi,dan Dana Pensiun,32.28,0.03
Gorontalo,2022,B,Pertambangan dan Penggalian,519.28,0.46
Gorontalo,2022,C,Industri Pengolahan,2170.69,1.9
Gorontalo,2022,D,Pengadaan Listrik dan Gas,23.96,0.02
Gorontalo,2022,E,"Pengadaan Air; Pengelolaan Sampah, Limbah, dan Daur Ulang",27.76,0.02
Gorontalo,2022,F,Konstruksi,5189.74,4.55
Gorontalo,2022,G,Perdagangan Besar dan Eceran; Reparasi Mobil dan Sepeda Motor,6220.17,5.46
Gorontalo,2022,H,Transportasi dan Pergudangan,2668.65,2.34
Gorontalo,2022,I,Penyediaan Akomodasi dan Makan Minum,1076.17,0.94
Gorontalo,2022,Industri,Batubara dan Pengilangan Migas,,
Gorontalo,2022,Industri,Makanan dan Minuman,1567.65,1.37
Gorontalo,2022,Industri,Pengolahan Tembakau,,
Gorontalo,2022,Industri,Tekstil dan Pakaian Jadi,43.23,0.04
Gorontalo,2022,Industri,"Kulit, Barang dari Kulit, dan Alas Kaki",,
Gorontalo,2022,Industri,"Kayu, Barang dari Kayu dan Gabus; dan Barang Anyaman dari Bambu, Rotan, dan Sejenisnya",185.27,0.16
Gorontalo,2022,Industri,Kertas dan Barang dari Kertas; Percetakan dan Reproduksi Media Rekaman,33.82,0.03
Gorontalo,2022,Industri,"Kimia, Farmasi, dan Obat Tradisional",0.98,0.0
Gorontalo,2022,Industri,Karet; Barang dari Karet dan Plastik,1.77,0.0
Gorontalo,2022,Industri,Barang Galian bukan Logam,132.2,0.12
Gorontalo,2022,Industri,Logam Dasar,,
Gorontalo,2022,Industri,"Barang Logam; Komputer, Barang Elektronik, Optik; dan Peralatan Listrik",23.26,0.02
Gorontalo,2022,Industri,Mesin dan Perlengkapan,1.28,0.0
Gorontalo,2022,Industri,Alat Angkutan,11.82,0.01
Gorontalo,2022,Industri,Furnitur,166.76,0.15
Gorontalo,2022,Industri,Pengolahan Lainnya; Jasa Reparasi dan Pemasangan Mesin dan Peralatan,2.66,0.0
Gorontalo,2022,J,Informasi dan Komunikasi,1286.08,1.13
Gorontalo,2022,Jasa,Pertanian dan Perburuan,162.12,0.14
Gorontalo,2022,Jasa,Perantara Keuangan,1594.09,1.4
Gorontalo,2022,Jasa,Keuangan Lainnya,563.1,0.49
Gorontalo,2022,Jasa,Penunjang Keuangan,2.71,0.0
Gorontalo,2022,K,Jasa Keuangan dan Asuransi,2192.18,1.92
Gorontalo,2022,L,Real Estat,820.71,0.72
Gorontalo,2022,"M,N",Jasa Perusahaan,42.8,0.04
Gorontalo,2022,O,"Administrasi Pemerintahan, Pertahanan, dan Jaminan Sosial Wajib",2802.94,2.46
Gorontalo,2022,P,Jasa Pendidikan,2124.0,1.86
Gorontalo,2022,Produk,Domestik Bruto,47566.29,41.72
Gorontalo,2022,Q,Jasa Kesehatan dan Kegiatan Sosial,1711.67,1.5
Gorontalo,2022,"R,S,T,U",Jasa Lainnya,616.29,0.54
Gorontalo,2022,Tanaman,Pangan,9168.01,8.04
Gorontalo,2022,Tanaman,Hortikultura,1260.0,1.11
Gorontalo,2022,Tanaman,Perkebunan,1389.73,1.22
Gorontalo,2023,A,"Pertanian, Kehutanan, dan Perikanan",19386.98,15.81
Gorontalo,2023,Angkutan,Rel,,
Gorontalo,2023,Angkutan,Darat,2129.64,1.74
Gorontalo,2023,Angkutan,Laut,125.45,0.1
Gorontalo,2023,Angkutan,"Sungai, Danau, dan Penyeberangan",83.76,0.07
Gorontalo,2023,Angkutan,Udara,580.22,0.47
Gorontalo,2023,Asuransi,dan Dana Pensiun,34.58,0.03
Gorontalo,2023,B,Pertambangan dan Penggalian,562.13,0.46
Gorontalo,2023,C,Industri Pengolahan,2273.93,1.85
Gorontalo,2023,D,Pengadaan Listrik dan Gas,25.65,0.02
Gorontalo,2023,E,"Pengadaan Air; Pengelolaan Sampah, Limbah, dan Daur Ulang",29.2,0.02
Gorontalo,2023,F,Konstruksi,5717.04,4.66
Gorontalo,2023,G,Perdagangan Besar dan Eceran; Reparasi Mobil dan Sepeda Motor,7074.66,5.77
Gorontalo,2023,H,Transportasi dan Pergudangan,3040.11,2.48
Gorontalo,2023,I,Penyediaan Akomodasi dan Makan Minum,1156.14,0.94
Gorontalo,2023,Industri,Batubara dan Pengilangan Migas,,
Gorontalo,2023,Industri,Makanan dan Minuman,1621.05,1.32
Gorontalo,2023,Industri,Pengolahan Tembakau,,
Gorontalo,2023,Industri,Tekstil dan Pakaian Jadi,47.57,0.04
Gorontalo,2023,Industri,"Kulit, Barang dari Kulit, dan Alas Kaki",,
Gorontalo,2023,Industri,"Kayu, Barang dari Kayu dan Gabus; dan Barang Anyaman dari Bambu, Rotan, dan Sejenisnya",208.38,0.17
Gorontalo,2023,Industri,Kertas dan Barang dari Kertas; Percetakan dan Reproduksi Media Rekaman,38.66,0.03
Gorontalo,2023,Industri,"Kimia, Farmasi, dan Obat Tradisional",1.05,0.0
Gorontalo,2023,Industri,Karet; Barang dari Karet dan Plastik,1.87,0.0
Gorontalo,2023,Industri,Barang Galian bukan Logam,150.24,0.12
Gorontalo,2023,Industri,Logam Dasar,,
Gorontalo,2023,Industri,"Barang Logam; Komputer, Barang Elektronik, Optik; dan Peralatan Listrik",25.35,0.02
Gorontalo,2023,Industri,Mesin dan Perlengkapan,1.33,0.0
Gorontalo,2023,Industri,Alat Angkutan,12.15,0.01
Gorontalo,2023,Industri,Furnitur,163.75,0.13
Gorontalo,2023,Industri,Pengolahan Lainnya; Jasa Reparasi dan Pemasangan Mesin dan Peralatan,2.53,0.0
Gorontalo,2023,J,Informasi dan Komunikasi,1370.73,1.12
Gorontalo,2023,Jasa,Pertanian dan Perburuan,173.14,0.14
Gorontalo,2023,Jasa,Perantara Keuangan,1403.78,1.15
Gorontalo,2023,Jasa,Keuangan Lainnya,629.27,0.51
Gorontalo,2023,Jasa,Penunjang Keuangan,2.81,0.0
Gorontalo,2023,K,Jasa Keuangan dan Asuransi,2070.44,1.69
Gorontalo,2023,L,Real Estat,820.26,0.67
Gorontalo,2023,"M,N",Jasa Perusahaan,42.33,0.03
Gorontalo,2023,O,"Administrasi Pemerintahan, Pertahanan, dan Jaminan Sosial Wajib",2985.0,2.43
Gorontalo,2023,P,Jasa Pendidikan,2249.9,1.84
Gorontalo,2023,Produk,Domestik Bruto,51366.74,41.9
Gorontalo,2023,Q,Jasa Kesehatan dan Kegiatan Sosial,1896.89,1.55
Gorontalo,2023,"R,S,T,U",Jasa Lainnya,665.35,0.54
Gorontalo,2023,Tanaman,Pangan,9517.82,7.76
Gorontalo,2023,Tanaman,Hortikultura,1400.28,1.14
Gorontalo,2023,Tanaman,Perkebunan,1499.59,1.22
Gorontalo,2024,A,"Pertanian, Kehutanan, dan Perikanan",20344.28,15.67
Gorontalo,2024,Angkutan,Rel,,
Gorontalo,2024,Angkutan,Darat,2332.3,1.8
Gorontalo,2024,Angkutan,Laut,133.18,0.1
Gorontalo,2024,Angkutan,"Sungai, Danau, dan Penyeberangan",84.57,0.07
Gorontalo,2024,Angkutan,Udara,622.52,0.48
Gorontalo,2024,Asuransi,dan Dana Pensiun,37.4,0.03
Gorontalo,2024,B,Pertambangan dan Penggalian,606.29,0.47
Gorontalo,2024,C,Industri Pengolahan,2396.85,1.85
Gorontalo,2024,D,Pengadaan Listrik dan Gas,26.07,0.02
Gorontalo,2024,E,"Pengadaan Air; Pengelolaan Sampah, Limbah, dan Daur Ulang",31.0,0.02
Gorontalo,2024,F,Konstruksi,6186.44,4.76
Gorontalo,2024,G,Perdagangan Besar dan Eceran; Reparasi Mobil dan Sepeda Motor,7760.67,5.98
Gorontalo,2024,H,Transportasi dan Pergudangan,3296.35,2.54
Gorontalo,2024,I,Penyediaan Akomodasi dan Makan Minum,1250.17,0.96
Gorontalo,2024,Industri,Batubara dan Pengilangan Migas,,
Gorontalo,2024,Industri,Makanan dan Minuman,1686.17,1.3
Gorontalo,2024,Industri,Pengolahan Tembakau,,
Gorontalo,2024,Industri,Tekstil dan Pakaian Jadi,50.07,0.04
Gorontalo,2024,Industri,"Kulit, Barang dari Kulit, dan Alas Kaki",,
Gorontalo,2024,Industri,"Kayu, Barang dari Kayu dan Gabus; dan Barang Anyaman dari Bambu, Rotan, dan Sejenisnya",244.71,0.19
Gorontalo,2024,Industri,Kertas dan Barang dari Kertas; Percetakan dan Reproduksi Media Rekaman,41.27,0.03
Gorontalo,2024,Industri,"Kimia, Farmasi, dan Obat Tradisional",0.99,0.0
Gorontalo,2024,Industri,Karet; Barang dari Karet dan Plastik,1.97,0.0
Gorontalo,2024,Industri,Barang Galian bukan Logam,161.71,0.12
Gorontalo,2024,Industri,Logam Dasar,,
Gorontalo,2024,Industri,"Barang Logam; Komputer, Barang Elektronik, Optik; dan Peralatan Listrik",27.4,0.02
Gorontalo,2024,Industri,Mesin dan Perlengkapan,1.33,0.0
Gorontalo,2024,Industri,Alat Angkutan,12.73,0.01
Gorontalo,2024,Industri,Furnitur,165.99,0.13
Gorontalo,2024,Industri,Pengolahan Lainnya; Jasa Reparasi dan Pemasangan Mesin dan Peralatan,2.51,0.0
Gorontalo,2024,J,Informasi dan Komunikasi,1464.96,1.13
Gorontalo,2024,Jasa,Pertanian dan Perburuan,176.52,0.14
Gorontalo,2024,Jasa,Perantara Keuangan,1419.33,1.09
Gorontalo,2024,Jasa,Keuangan Lainnya,663.58,0.51
Gorontalo,2024,Jasa,Penunjang Keuangan,2.89,0.0
Gorontalo,2024,K,Jasa Keuangan dan Asuransi,2123.19,1.63
Gorontalo,2024,L,Real Estat,862.84,0.66
Gorontalo,2024,"M,N",Jasa Perusahaan,42.98,0.03
Gorontalo,2024,O,"Administrasi Pemerintahan, Pertahanan, dan Jaminan Sosial Wajib",3139.57,2.42
Gorontalo,2024,P,Jasa Pendidikan,2276.92,1.75
Gorontalo,2024,Produk,Domestik Bruto,54559.65,42.01
Gorontalo,2024,Q,Jasa Kesehatan dan Kegiatan Sosial,2051.91,1.58
Gorontalo,2024,"R,S,T,U",Jasa Lainnya,699.15,0.54
Gorontalo,2024,Tanaman,Pangan,9947.25,7.66
Gorontalo,2024,Tanaman,Hortikultura,1373.75,1.06
Gorontalo,2024,Tanaman,Perkebunan,1549.97,1.19
Sulawesi Barat,2014,A,"Pertanian, Kehutanan, dan Perikanan",12301.0,17.2
Sulawesi Barat,2014,Angkutan,Rel,,
Sulawesi Barat,2014,Angkutan,Darat,323.08,0.45
Sulawesi Barat,2014,Angkutan,Laut,48.35,0.07
Sulawesi Barat,2014,Angkutan,"Sungai, Danau, dan Penyeberangan",32.49,0.05
Sulawesi Barat,2014,Angkutan,Udara,21.24,0.03
Sulawesi Barat,2014,Asuransi,dan Dana Pensiun,2.73,0.0
Sulawesi Barat,2014,B,Pertambangan dan Penggalian,605.98,0.85
Sulawesi Barat,2014,C,Industri Pengolahan,3054.56,4.27
Sulawesi Barat,2014,D,Pengadaan Listrik dan Gas,11.52,0.02
Sulawesi Barat,2014,E,"Pengadaan Air; Pengelolaan Sampah, Limbah, dan Daur Ulang",45.63,0.06
Sulawesi Barat,2014,F,Konstruksi,2285.04,3.2
Sulawesi Barat,2014,G,Perdagangan Besar dan Eceran; Reparasi Mobil dan Sepeda Motor,3092.15,4.32
Sulawesi Barat,2014,H,Transportasi dan Pergudangan,450.5,0.63
Sulawesi Barat,2014,I,Penyediaan Akomodasi dan Makan Minum,69.72,0.1
Sulawesi Barat,2014,Industri,Batubara dan Pengilangan Migas,,
Sulawesi Barat,2014,Industri,Makanan dan Minuman,2811.92,3.93
Sulawesi Barat,2014,Industri,Pengolahan Tembakau,,
Sulawesi Barat,2014,Industri,Tekstil dan Pakaian Jadi,25.25,0.04
Sulawesi Barat,2014,Industri,"Kulit, Barang dari Kulit, dan Alas Kaki",,
Sulawesi Barat,2014,Industri,"Kayu, Barang dari Kayu dan Gabus; dan Barang Anyaman dari Bambu, Rotan, dan Sejenisnya",11.65,0.02
Sulawesi Barat,2014,Industri,Kertas dan Barang dari Kertas; Percetakan dan Reproduksi Media Rekaman,5.38,0.01
Sulawesi Barat,2014,Industri,"Kimia, Farmasi, dan Obat Tradisional",1.45,0.0
Sulawesi Barat,2014,Industri,Karet; Barang dari Karet dan Plastik,1.59,0.0
Sulawesi Barat,2014,Industri,Barang Galian bukan Logam,95.53,0.13
Sulawesi Barat,2014,Industri,Logam Dasar,,
Sulawesi Barat,2014,Industri,"Barang Logam; Komputer, Barang Elektronik, Optik; dan Peralatan Listrik",88.55,0.12
Sulawesi Barat,2014,Industri,Mesin dan Perlengkapan,,
Sulawesi Barat,2014,Industri,Alat Angkutan,2.58,0.0
Sulawesi Barat,2014,Industri,Furnitur,2.93,0.0
Sulawesi Barat,2014,Industri,Pengolahan Lainnya; Jasa Reparasi dan Pemasangan Mesin dan Peralatan,7.73,0.01
Sulawesi Barat,2014,J,Informasi dan Komunikasi,1138.2,1.59
Sulawesi Barat,2014,Jasa,Pertanian dan Perburuan,236.11,0.33
Sulawesi Barat,2014,Jasa,Perantara Keuangan,475.84,0.67
Sulawesi Barat,2014,Jasa,Keuangan Lainnya,121.99,0.17
Sulawesi Barat,2014,Jasa,Penunjang Keuangan,0.26,0.0
Sulawesi Barat,2014,K,Jasa Keuangan dan Asuransi,600.82,0.84
Sulawesi Barat,2014,L,Real Estat,823.45,1.15
Sulawesi Barat,2014,"M,N",Jasa Perusahaan,22.31,0.03
Sulawesi Barat,2014,O,"Administrasi Pemerintahan, Pertahanan, dan Jaminan Sosial Wajib",2443.94,3.42
Sulawesi Barat,2014,P,Jasa Pendidikan,1437.78,2.01
Sulawesi Barat,2014,Produk,Domestik Bruto,29458.25,41.2
Sulawesi Barat,2014,Q,Jasa Kesehatan dan Kegiatan Sosial,564.46,0.79
Sulawesi Barat,2014,"R,S,T,U",Jasa Lainnya,511.19,0.71
Sulawesi Barat,2014,Tanaman,Pangan,1097.84,1.54
Sulawesi Barat,2014,Tanaman,Hortikultura,995.93,1.39
Sulawesi Barat,2014,Tanaman,Perkebunan,6178.38,8.64
Sulawesi Barat,2015,A,"Pertanian, Kehutanan, dan Perikanan",13850.64,17.29
Sulawesi Barat,2015,Angkutan,Rel,0.0,0.0
Sulawesi Barat,2015,Angkutan,Darat,370.56,0.46
Sulawesi Barat,2015,Angkutan,Laut,55.87,0.07
Sulawesi Barat,2015,Angkutan,"Sungai, Danau, dan Penyeberangan",30.64,0.04
Sulawesi Barat,2015,Angkutan,Udara,26.5,0.03
Sulawesi Barat,2015,Asuransi,dan Dana Pensiun,3.02,0.0
Sulawesi Barat,2015,B,Pertambangan dan Penggalian,730.15,0.91
Sulawesi Barat,2015,C,Industri Pengolahan,3402.85,4.25
Sulawesi Barat,2015,D,Pengadaan Listrik dan Gas,10.27,0.01
Sulawesi Barat,2015,E,"Pengadaan Air; Pengelolaan Sampah, Limbah, dan Daur Ulang",49.93,0.06
Sulawesi Barat,2015,F,Konstruksi,2582.36,3.22
Sulawesi Barat,2015,G,Perdagangan Besar dan Eceran; Reparasi Mobil dan Sepeda Motor,3440.82,4.3
Sulawesi Barat,2015,H,Transportasi dan Pergudangan,511.78,0.64
Sulawesi Barat,2015,I,Penyediaan Akomodasi dan Makan Minum,75.58,0.09
Sulawesi Barat,2015,Industri,Batubara dan Pengilangan Migas,0.0,0.0
Sulawesi Barat,2015,Industri,Makanan dan Minuman,3120.21,3.9
Sulawesi Barat,2015,Industri,Pengolahan Tembakau,0.0,0.0
Sulawesi Barat,2015,Industri,Tekstil dan Pakaian Jadi,30.71,0.04
Sulawesi Barat,2015,Industri,"Kulit, Barang dari Kulit, dan Alas Kaki",0.0,0.0
Sulawesi Barat,2015,Industri,"Kayu, Barang dari Kayu dan Gabus; dan Barang Anyaman dari Bambu, Rotan, dan Sejenisnya",14.02,0.02
Sulawesi Barat,2015,Industri,Kertas dan Barang dari Kertas; Percetakan dan Reproduksi Media Rekaman,5.23,0.01
Sulawesi Barat,2015,Industri,"Kimia, Farmasi, dan Obat Tradisional",1.42,0.0
Sulawesi Barat,2015,Industri,Karet; Barang dari Karet dan Plastik,1.81,0.0
Sulawesi Barat,2015,Industri,Barang Galian bukan Logam,124.66,0.16
Sulawesi Barat,2015,Industri,Logam Dasar,0.0,0.0
Sulawesi Barat,2015,Industri,"Barang Logam; Komputer, Barang Elektronik, Optik; dan Peralatan Listrik",90.28,0.11
Sulawesi Barat,2015,Industri,Mesin dan Perlengkapan,0.0,0.0
Sulawesi Barat,2015,Industri,Alat Angkutan,2.69,0.0
Sulawesi Barat,2015,Industri,Furnitur,3.5,0.0
Sulawesi Barat,2015,Industri,Pengolahan Lainnya; Jasa Reparasi dan Pemasangan Mesin dan Peralatan,8.34,0.01
Sulawesi Barat,2015,J,Informasi dan Komunikasi,1262.79,1.58
Sulawesi Barat,2015,Jasa,Pertanian dan Perburuan,254.61,0.32
Sulawesi Barat,2015,Jasa,Perantara Keuangan,523.48,0.65
Sulawesi Barat,2015,Jasa,Keuangan Lainnya,133.1,0.17
Sulawesi Barat,2015,Jasa,Penunjang Keuangan,0.27,0.0
Sulawesi Barat,2015,K,Jasa Keuangan dan Asuransi,659.87,0.82
Sulawesi Barat,2015,L,Real Estat,902.66,1.13
Sulawesi Barat,2015,"M,N",Jasa Perusahaan,24.47,0.03
Sulawesi Barat,2015,O,"Administrasi Pemerintahan, Pertahanan, dan Jaminan Sosial Wajib",2738.31,3.42
Sulawesi Barat,2015,P,Jasa Pendidikan,1542.12,1.93
Sulawesi Barat,2015,Produk,Domestik Bruto,32987.55,41.18
Sulawesi Barat,2015,Q,Jasa Kesehatan dan Kegiatan Sosial,630.47,0.79
Sulawesi Barat,2015,"R,S,T,U",Jasa Lainnya,572.48,0.71
Sulawesi Barat,2015,Tanaman,Pangan,1164.1,1.45
Sulawesi Barat,2015,Tanaman,Hortikultura,1237.03,1.54
Sulawesi Barat,2015,Tanaman,Perkebunan,6924.6,8.64
Sulawesi Barat,2016,A,"Pertanian, Kehutanan, dan Perikanan",14907.59,17.16
Sulawesi Barat,2016,Angkutan,Rel,,
Sulawesi Barat,2016,Angkutan,Darat,378.48,0.44
Sulawesi Barat,2016,Angkutan,Laut,54.88,0.06
Sulawesi Barat,2016,Angkutan,"Sungai, Danau, dan Penyeberangan",36.74,0.04
Sulawesi Barat,2016,Angkutan,Udara,33.87,0.04
Sulawesi Barat,2016,Asuransi,dan Dana Pensiun,3.27,0.0
Sulawesi Barat,2016,B,Pertambangan dan Penggalian,832.5,0.96
Sulawesi Barat,2016,C,Industri Pengolahan,3426.24,3.95
Sulawesi Barat,2016,D,Pengadaan Listrik dan Gas,12.94,0.01
Sulawesi Barat,2016,E,"Pengadaan Air; Pengelolaan Sampah, Limbah, dan Daur Ulang",53.75,0.06
Sulawesi Barat,2016,F,Konstruksi,2934.03,3.38
Sulawesi Barat,2016,G,Perdagangan Besar dan Eceran; Reparasi Mobil dan Sepeda Motor,3759.89,4.33
Sulawesi Barat,2016,H,Transportasi dan Pergudangan,534.6,0.62
Sulawesi Barat,2016,I,Penyediaan Akomodasi dan Makan Minum,84.84,0.1
Sulawesi Barat,2016,Industri,Batubara dan Pengilangan Migas,,
Sulawesi Barat,2016,Industri,Makanan dan Minuman,3115.69,3.59
Sulawesi Barat,2016,Industri,Pengolahan Tembakau,,
Sulawesi Barat,2016,Industri,Tekstil dan Pakaian Jadi,37.32,0.04
Sulawesi Barat,2016,Industri,"Kulit, Barang dari Kulit, dan Alas Kaki",,
Sulawesi Barat,2016,Industri,"Kayu, Barang dari Kayu dan Gabus; dan Barang Anyaman dari Bambu, Rotan, dan Sejenisnya",15.81,0.02
Sulawesi Barat,2016,Industri,Kertas dan Barang dari Kertas; Percetakan dan Reproduksi Media Rekaman,6.12,0.01
Sulawesi Barat,2016,Industri,"Kimia, Farmasi, dan Obat Tradisional",1.48,0.0
Sulawesi Barat,2016,Industri,Karet; Barang dari Karet dan Plastik,2.18,0.0
Sulawesi Barat,2016,Industri,Barang Galian bukan Logam,128.86,0.15
Sulawesi Barat,2016,Industri,Logam Dasar,,
Sulawesi Barat,2016,Industri,"Barang Logam; Komputer, Barang Elektronik, Optik; dan Peralatan Listrik",102.78,0.12
Sulawesi Barat,2016,Industri,Mesin dan Perlengkapan,,
Sulawesi Barat,2016,Industri,Alat Angkutan,2.93,0.0
Sulawesi Barat,2016,Industri,Furnitur,4.04,0.0
Sulawesi Barat,2016,Industri,Pengolahan Lainnya; Jasa Reparasi dan Pemasangan Mesin dan Peralatan,9.03,0.01
Sulawesi Barat,2016,J,Informasi dan Komunikasi,1394.73,1.61
Sulawesi Barat,2016,Jasa,Pertanian dan Perburuan,269.24,0.31
Sulawesi Barat,2016,Jasa,Perantara Keuangan,636.07,0.73
Sulawesi Barat,2016,Jasa,Keuangan Lainnya,140.61,0.16
Sulawesi Barat,2016,Jasa,Penunjang Keuangan,0.28,0.0
Sulawesi Barat,2016,K,Jasa Keuangan dan Asuransi,780.22,0.9
Sulawesi Barat,2016,L,Real Estat,990.39,1.14
Sulawesi Barat,2016,"M,N",Jasa Perusahaan,25.72,0.03
Sulawesi Barat,2016,O,"Administrasi Pemerintahan, Pertahanan, dan Jaminan Sosial Wajib",3084.39,3.55
Sulawesi Barat,2016,P,Jasa Pendidikan,1760.88,2.03
Sulawesi Barat,2016,Produk,Domestik Bruto,35945.2,41.39
Sulawesi Barat,2016,Q,Jasa Kesehatan dan Kegiatan Sosial,722.46,0.83
Sulawesi Barat,2016,"R,S,T,U",Jasa Lainnya,640.04,0.74
Sulawesi Barat,2016,Tanaman,Pangan,1521.67,1.75
Sulawesi Barat,2016,Tanaman,Hortikultura,1429.07,1.65
Sulawesi Barat,2016,Tanaman,Perkebunan,7029.19,8.09
Sulawesi Barat,2017,A,"Pertanian, Kehutanan, dan Perikanan",16400.37,17.17
Sulawesi Barat,2017,Angkutan,Rel,,
Sulawesi Barat,2017,Angkutan,Darat,390.12,0.41
Sulawesi Barat,2017,Angkutan,Laut,60.17,0.06
Sulawesi Barat,2017,Angkutan,"Sungai, Danau, dan Penyeberangan",37.86,0.04
Sulawesi Barat,2017,Angkutan,Udara,37.59,0.04
Sulawesi Barat,2017,Asuransi,dan Dana Pensiun,3.51,0.0
Sulawesi Barat,2017,B,Pertambangan dan Penggalian,887.9,0.93
Sulawesi Barat,2017,C,Industri Pengolahan,3932.7,4.12
Sulawesi Barat,2017,D,Pengadaan Listrik dan Gas,15.44,0.02
Sulawesi Barat,2017,E,"Pengadaan Air; Pengelolaan Sampah, Limbah, dan Daur Ulang",59.19,0.06
Sulawesi Barat,2017,F,Konstruksi,3228.84,3.38
Sulawesi Barat,2017,G,Perdagangan Besar dan Eceran; Reparasi Mobil dan Sepeda Motor,4105.3,4.3
Sulawesi Barat,2017,H,Transportasi dan Pergudangan,559.39,0.59
Sulawesi Barat,2017,I,Penyediaan Akomodasi dan Makan Minum,90.8,0.1
Sulawesi Barat,2017,Industri,Batubara dan Pengilangan Migas,,
Sulawesi Barat,2017,Industri,Makanan dan Minuman,3607.82,3.78
Sulawesi Barat,2017,Industri,Pengolahan Tembakau,,
Sulawesi Barat,2017,Industri,Tekstil dan Pakaian Jadi,35.87,0.04
Sulawesi Barat,2017,Industri,"Kulit, Barang dari Kulit, dan Alas Kaki",,
Sulawesi Barat,2017,Industri,"Kayu, Barang dari Kayu dan Gabus; dan Barang Anyaman dari Bambu, Rotan, dan Sejenisnya",14.76,0.02
Sulawesi Barat,2017,Industri,Kertas dan Barang dari Kertas; Percetakan dan Reproduksi Media Rekaman,6.17,0.01
Sulawesi Barat,2017,Industri,"Kimia, Farmasi, dan Obat Tradisional",1.72,0.0
Sulawesi Barat,2017,Industri,Karet; Barang dari Karet dan Plastik,2.13,0.0
Sulawesi Barat,2017,Industri,Barang Galian bukan Logam,135.99,0.14
Sulawesi Barat,2017,Industri,Logam Dasar,,
Sulawesi Barat,2017,Industri,"Barang Logam; Komputer, Barang Elektronik, Optik; dan Peralatan Listrik",111.65,0.12
Sulawesi Barat,2017,Industri,Mesin dan Perlengkapan,,
Sulawesi Barat,2017,Industri,Alat Angkutan,3.11,0.0
Sulawesi Barat,2017,Industri,Furnitur,3.87,0.0
Sulawesi Barat,2017,Industri,Pengolahan Lainnya; Jasa Reparasi dan Pemasangan Mesin dan Peralatan,9.61,0.01
Sulawesi Barat,2017,J,Informasi dan Komunikasi,1571.32,1.65
Sulawesi Barat,2017,Jasa,Pertanian dan Perburuan,289.34,0.3
Sulawesi Barat,2017,Jasa,Perantara Keuangan,726.49,0.76
Sulawesi Barat,2017,Jasa,Keuangan Lainnya,151.26,0.16
Sulawesi Barat,2017,Jasa,Penunjang Keuangan,0.28,0.0
Sulawesi Barat,2017,K,Jasa Keuangan dan Asuransi,881.54,0.92
Sulawesi Barat,2017,L,Real Estat,1055.88,1.11
Sulawesi Barat,2017,"M,N",Jasa Perusahaan,27.45,0.03
Sulawesi Barat,2017,O,"Administrasi Pemerintahan, Pertahanan, dan Jaminan Sosial Wajib",3189.1,3.34
Sulawesi Barat,2017,P,Jasa Pendidikan,1994.0,2.09
Sulawesi Barat,2017,Produk,Domestik Bruto,39497.41,41.36
Sulawesi Barat,2017,Q,Jasa Kesehatan dan Kegiatan Sosial,781.42,0.82
Sulawesi Barat,2017,"R,S,T,U",Jasa Lainnya,716.78,0.75
Sulawesi Barat,2017,Tanaman,Pangan,1960.87,2.05
Sulawesi Barat,2017,Tanaman,Hortikultura,1385.56,1.45
Sulawesi Barat,2017,Tanaman,Perkebunan,7531.91,7.89
Sulawesi Barat,2018,A,"Pertanian, Kehutanan, dan Perikanan",18324.02,17.41
Sulawesi Barat,2018,Angkutan,Rel,,
Sulawesi Barat,2018,Angkutan,Darat,416.54,0.4
Sulawesi Barat,2018,Angkutan,Laut,64.21,0.06
Sulawesi Barat,2018,Angkutan,"Sungai, Danau, dan Penyeberangan",38.29,0.04
Sulawesi Barat,2018,Angkutan,Udara,43.18,0.04
Sulawesi Barat,2018,Asuransi,dan Dana Pensiun,3.64,0.0
Sulawesi Barat,2018,B,Pertambangan dan Penggalian,971.11,0.92
Sulawesi Barat,2018,C,Industri Pengolahan,4219.6,4.01
Sulawesi Barat,2018,D,Pengadaan Listrik dan Gas,16.54,0.02
Sulawesi Barat,2018,E,"Pengadaan Air; Pengelolaan Sampah, Limbah, dan Daur Ulang",64.45,0.06
Sulawesi Barat,2018,F,Konstruksi,3536.6,3.36
Sulawesi Barat,2018,G,Perdagangan Besar dan Eceran; Reparasi Mobil dan Sepeda Motor,4480.53,4.26
Sulawesi Barat,2018,H,Transportasi dan Pergudangan,598.46,0.57
Sulawesi Barat,2018,I,Penyediaan Akomodasi dan Makan Minum,100.83,0.1
Sulawesi Barat,2018,Industri,Batubara dan Pengilangan Migas,,
Sulawesi Barat,2018,Industri,Makanan dan Minuman,3847.78,3.66
Sulawesi Barat,2018,Industri,Pengolahan Tembakau,,
Sulawesi Barat,2018,Industri,Tekstil dan Pakaian Jadi,52.34,0.05
Sulawesi Barat,2018,Industri,"Kulit, Barang dari Kulit, dan Alas Kaki",,
Sulawesi Barat,2018,Industri,"Kayu, Barang dari Kayu dan Gabus; dan Barang Anyaman dari Bambu, Rotan, dan Sejenisnya",15.43,0.01
Sulawesi Barat,2018,Industri,Kertas dan Barang dari Kertas; Percetakan dan Reproduksi Media Rekaman,7.07,0.01
Sulawesi Barat,2018,Industri,"Kimia, Farmasi, dan Obat Tradisional",2.22,0.0
Sulawesi Barat,2018,Industri,Karet; Barang dari Karet dan Plastik,1.84,0.0
Sulawesi Barat,2018,Industri,Barang Galian bukan Logam,169.64,0.16
Sulawesi Barat,2018,Industri,Logam Dasar,,
Sulawesi Barat,2018,Industri,"Barang Logam; Komputer, Barang Elektronik, Optik; dan Peralatan Listrik",108.15,0.1
Sulawesi Barat,2018,Industri,Mesin dan Perlengkapan,,
Sulawesi Barat,2018,Industri,Alat Angkutan,3.23,0.0
Sulawesi Barat,2018,Industri,Furnitur,3.14,0.0
Sulawesi Barat,2018,Industri,Pengolahan Lainnya; Jasa Reparasi dan Pemasangan Mesin dan Peralatan,8.77,0.01
Sulawesi Barat,2018,J,Informasi dan Komunikasi,1734.27,1.65
Sulawesi Barat,2018,Jasa,Pertanian dan Perburuan,305.74,0.29
Sulawesi Barat,2018,Jasa,Perantara Keuangan,777.31,0.74
Sulawesi Barat,2018,Jasa,Keuangan Lainnya,170.44,0.16
Sulawesi Barat,2018,Jasa,Penunjang Keuangan,0.28,0.0
Sulawesi Barat,2018,K,Jasa Keuangan dan Asuransi,951.67,0.9
Sulawesi Barat,2018,L,Real Estat,1124.68,1.07
Sulawesi Barat,2018,"M,N",Jasa Perusahaan,28.62,0.03
Sulawesi Barat,2018,O,"Administrasi Pemerintahan, Pertahanan, dan Jaminan Sosial Wajib",3506.98,3.33
Sulawesi Barat,2018,P,Jasa Pendidikan,2191.18,2.08
Sulawesi Barat,2018,Produk,Domestik Bruto,43457.83,41.28
Sulawesi Barat,2018,Q,Jasa Kesehatan dan Kegiatan Sosial,849.42,0.81
Sulawesi Barat,2018,"R,S,T,U",Jasa Lainnya,758.88,0.72
Sulawesi Barat,2018,Tanaman,Pangan,2141.19,2.03
Sulawesi Barat,2018,Tanaman,Hortikultura,1605.65,1.53
Sulawesi Barat,2018,Tanaman,Perkebunan,8569.63,8.14
Sulawesi Barat,2019,A,"Pertanian, Kehutanan, dan Perikanan",19241.1,17.2
Sulawesi Barat,2019,Angkutan,Rel,,
Sulawesi Barat,2019,Angkutan,Darat,453.92,0.41
Sulawesi Barat,2019,Angkutan,Laut,68.88,0.06
Sulawesi Barat,2019,Angkutan,"Sungai, Danau, dan Penyeberangan",46.97,0.04
Sulawesi Barat,2019,Angkutan,Udara,41.81,0.04
Sulawesi Barat,2019,Asuransi,dan Dana Pensiun,3.81,0.0
Sulawesi Barat,2019,B,Pertambangan dan Penggalian,1038.63,0.93
Sulawesi Barat,2019,C,Industri Pengolahan,4510.45,4.03
Sulawesi Barat,2019,D,Pengadaan Listrik dan Gas,17.21,0.02
Sulawesi Barat,2019,E,"Pengadaan Air; Pengelolaan Sampah, Limbah, dan Daur Ulang",70.55,0.06
Sulawesi Barat,2019,F,Konstruksi,3845.47,3.44
Sulawesi Barat,2019,G,Perdagangan Besar dan Eceran; Reparasi Mobil dan Sepeda Motor,4736.26,4.23
Sulawesi Barat,2019,H,Transportasi dan Pergudangan,650.25,0.58
Sulawesi Barat,2019,I,Penyediaan Akomodasi dan Makan Minum,111.37,0.1
Sulawesi Barat,2019,Industri,Batubara dan Pengilangan Migas,,
Sulawesi Barat,2019,Industri,Makanan dan Minuman,4099.51,3.67
Sulawesi Barat,2019,Industri,Pengolahan Tembakau,,
Sulawesi Barat,2019,Industri,Tekstil dan Pakaian Jadi,74.47,0.07
Sulawesi Barat,2019,Industri,"Kulit, Barang dari Kulit, dan Alas Kaki",,
Sulawesi Barat,2019,Industri,"Kayu, Barang dari Kayu dan Gabus; dan Barang Anyaman dari Bambu, Rotan, dan Sejenisnya",15.27,0.01
Sulawesi Barat,2019,Industri,Kertas dan Barang dari Kertas; Percetakan dan Reproduksi Media Rekaman,7.29,0.01
Sulawesi Barat,2019,Industri,"Kimia, Farmasi, dan Obat Tradisional",2.8,0.0
Sulawesi Barat,2019,Industri,Karet; Barang dari Karet dan Plastik,1.88,0.0
Sulawesi Barat,2019,Industri,Barang Galian bukan Logam,215.87,0.19
Sulawesi Barat,2019,Industri,Logam Dasar,,
Sulawesi Barat,2019,Industri,"Barang Logam; Komputer, Barang Elektronik, Optik; dan Peralatan Listrik",80.08,0.07
Sulawesi Barat,2019,Industri,Mesin dan Perlengkapan,,
Sulawesi Barat,2019,Industri,Alat Angkutan,3.61,0.0
Sulawesi Barat,2019,Industri,Furnitur,3.47,0.0
Sulawesi Barat,2019,Industri,Pengolahan Lainnya; Jasa Reparasi dan Pemasangan Mesin dan Peralatan,6.2,0.01
Sulawesi Barat,2019,J,Informasi dan Komunikasi,1957.77,1.75
Sulawesi Barat,2019,Jasa,Pertanian dan Perburuan,320.85,0.29
Sulawesi Barat,2019,Jasa,Perantara Keuangan,809.76,0.72
Sulawesi Barat,2019,Jasa,Keuangan Lainnya,183.44,0.16
Sulawesi Barat,2019,Jasa,Penunjang Keuangan,0.3,0.0
Sulawesi Barat,2019,K,Jasa Keuangan dan Asuransi,997.31,0.89
Sulawesi Barat,2019,L,Real Estat,1212.27,1.08
Sulawesi Barat,2019,"M,N",Jasa Perusahaan,31.0,0.03
Sulawesi Barat,2019,O,"Administrasi Pemerintahan, Pertahanan, dan Jaminan Sosial Wajib",3785.41,3.38
Sulawesi Barat,2019,P,Jasa Pendidikan,2437.4,2.18
Sulawesi Barat,2019,Produk,Domestik Bruto,46365.79,41.46
Sulawesi Barat,2019,Q,Jasa Kesehatan dan Kegiatan Sosial,891.42,0.8
Sulawesi Barat,2019,"R,S,T,U",Jasa Lainnya,831.92,0.74
Sulawesi Barat,2019,Tanaman,Pangan,2463.26,2.2
Sulawesi Barat,2019,Tanaman,Hortikultura,1874.23,1.68
Sulawesi Barat,2019,Tanaman,Perkebunan,8335.66,7.45
Sulawesi Barat,2020,A,"Pertanian, Kehutanan, dan Perikanan",19950.57,17.69
Sulawesi Barat,2020,Angkutan,Rel,,
Sulawesi Barat,2020,Angkutan,Darat,430.69,0.38
Sulawesi Barat,2020,Angkutan,Laut,68.66,0.06
Sulawesi Barat,2020,Angkutan,"Sungai, Danau, dan Penyeberangan",47.11,0.04
Sulawesi Barat,2020,Angkutan,Udara,37.4,0.03
Sulawesi Barat,2020,Asuransi,dan Dana Pensiun,3.79,0.0
Sulawesi Barat,2020,B,Pertambangan dan Penggalian,1006.74,0.89
Sulawesi Barat,2020,C,Industri Pengolahan,4685.57,4.16
Sulawesi Barat,2020,D,Pengadaan Listrik dan Gas,18.46,0.02
Sulawesi Barat,2020,E,"Pengadaan Air; Pengelolaan Sampah, Limbah, dan Daur Ulang",71.8,0.06
Sulawesi Barat,2020,F,Konstruksi,3347.09,2.97
Sulawesi Barat,2020,G,Perdagangan Besar dan Eceran; Reparasi Mobil dan Sepeda Motor,4677.4,4.15
Sulawesi Barat,2020,H,Transportasi dan Pergudangan,619.95,0.55
Sulawesi Barat,2020,I,Penyediaan Akomodasi dan Makan Minum,104.84,0.09
Sulawesi Barat,2020,Industri,Batubara dan Pengilangan Migas,,
Sulawesi Barat,2020,Industri,Makanan dan Minuman,4266.29,3.78
Sulawesi Barat,2020,Industri,Pengolahan Tembakau,,
Sulawesi Barat,2020,Industri,Tekstil dan Pakaian Jadi,70.44,0.06
Sulawesi Barat,2020,Industri,"Kulit, Barang dari Kulit, dan Alas Kaki",,
Sulawesi Barat,2020,Industri,"Kayu, Barang dari Kayu dan Gabus; dan Barang Anyaman dari Bambu, Rotan, dan Sejenisnya",14.13,0.01
Sulawesi Barat,2020,Industri,Kertas dan Barang dari Kertas; Percetakan dan Reproduksi Media Rekaman,6.47,0.01
Sulawesi Barat,2020,Industri,"Kimia, Farmasi, dan Obat Tradisional",2.79,0.0
Sulawesi Barat,2020,Industri,Karet; Barang dari Karet dan Plastik,1.83,0.0
Sulawesi Barat,2020,Industri,Barang Galian bukan Logam,228.78,0.2
Sulawesi Barat,2020,Industri,Logam Dasar,,
Sulawesi Barat,2020,Industri,"Barang Logam; Komputer, Barang Elektronik, Optik; dan Peralatan Listrik",81.53,0.07
Sulawesi Barat,2020,Industri,Mesin dan Perlengkapan,,
Sulawesi Barat,2020,Industri,Alat Angkutan,3.49,0.0
Sulawesi Barat,2020,Industri,Furnitur,3.34,0.0
Sulawesi Barat,2020,Industri,Pengolahan Lainnya; Jasa Reparasi dan Pemasangan Mesin dan Peralatan,6.47,0.01
Sulawesi Barat,2020,J,Informasi dan Komunikasi,2077.72,1.84
Sulawesi Barat,2020,Jasa,Pertanian dan Perburuan,337.27,0.3
Sulawesi Barat,2020,Jasa,Perantara Keuangan,886.24,0.79
Sulawesi Barat,2020,Jasa,Keuangan Lainnya,175.86,0.16
Sulawesi Barat,2020,Jasa,Penunjang Keuangan,0.29,0.0
Sulawesi Barat,2020,K,Jasa Keuangan dan Asuransi,1066.18,0.95
Sulawesi Barat,2020,L,Real Estat,1242.53,1.1
Sulawesi Barat,2020,"M,N",Jasa Perusahaan,29.73,0.03
Sulawesi Barat,2020,O,"Administrasi Pemerintahan, Pertahanan, dan Jaminan Sosial Wajib",3559.22,3.16
Sulawesi Barat,2020,P,Jasa Pendidikan,2297.13,2.04
Sulawesi Barat,2020,Produk,Domestik Bruto,46465.91,41.21
Sulawesi Barat,2020,Q,Jasa Kesehatan dan Kegiatan Sosial,915.91,0.81
Sulawesi Barat,2020,"R,S,T,U",Jasa Lainnya,795.07,0.71
Sulawesi Barat,2020,Tanaman,Pangan,2669.25,2.37
Sulawesi Barat,2020,Tanaman,Hortikultura,2074.76,1.84
Sulawesi Barat,2020,Tanaman,Perkebunan,8408.85,7.46
Sulawesi Barat,2021,A,"Pertanian, Kehutanan, dan Perikanan",22161.87,17.91
Sulawesi Barat,2021,Angkutan,Rel,,
Sulawesi Barat,2021,Angkutan,Darat,464.78,0.38
Sulawesi Barat,2021,Angkutan,Laut,67.98,0.05
Sulawesi Barat,2021,Angkutan,"Sungai, Danau, dan Penyeberangan",39.68,0.03
Sulawesi Barat,2021,Angkutan,Udara,38.55,0.03
Sulawesi Barat,2021,Asuransi,dan Dana Pensiun,3.86,0.0
Sulawesi Barat,2021,B,Pertambangan dan Penggalian,1112.49,0.9
Sulawesi Barat,2021,C,Industri Pengolahan,5395.0,4.36
Sulawesi Barat,2021,D,Pengadaan Listrik dan Gas,18.86,0.02
Sulawesi Barat,2021,E,"Pengadaan Air; Pengelolaan Sampah, Limbah, dan Daur Ulang",71.58,0.06
Sulawesi Barat,2021,F,Konstruksi,3889.8,3.14
Sulawesi Barat,2021,G,Perdagangan Besar dan Eceran; Reparasi Mobil dan Sepeda Motor,4998.51,4.04
Sulawesi Barat,2021,H,Transportasi dan Pergudangan,645.33,0.52
Sulawesi Barat,2021,I,Penyediaan Akomodasi dan Makan Minum,110.89,0.09
Sulawesi Barat,2021,Industri,Batubara dan Pengilangan Migas,,
Sulawesi Barat,2021,Industri,Makanan dan Minuman,4933.47,3.99
Sulawesi Barat,2021,Industri,Pengolahan Tembakau,,
Sulawesi Barat,2021,Industri,Tekstil dan Pakaian Jadi,71.97,0.06
Sulawesi Barat,2021,Industri,"Kulit, Barang dari Kulit, dan Alas Kaki",,
Sulawesi Barat,2021,Industri,"Kayu, Barang dari Kayu dan Gabus; dan Barang Anyaman dari Bambu, Rotan, dan Sejenisnya",14.36,0.01
Sulawesi Barat,2021,Industri,Kertas dan Barang dari Kertas; Percetakan dan Reproduksi Media Rekaman,7.01,0.01
Sulawesi Barat,2021,Industri,"Kimia, Farmasi, dan Obat Tradisional",3.23,0.0
Sulawesi Barat,2021,Industri,Karet; Barang dari Karet dan Plastik,1.92,0.0
Sulawesi Barat,2021,Industri,Barang Galian bukan Logam,258.6,0.21
Sulawesi Barat,2021,Industri,Logam Dasar,,
Sulawesi Barat,2021,Industri,"Barang Logam; Komputer, Barang Elektronik, Optik; dan Peralatan Listrik",91.79,0.07
Sulawesi Barat,2021,Industri,Mesin dan Perlengkapan,,
Sulawesi Barat,2021,Industri,Alat Angkutan,3.26,0.0
Sulawesi Barat,2021,Industri,Furnitur,3.42,0.0
Sulawesi Barat,2021,Industri,Pengolahan Lainnya; Jasa Reparasi dan Pemasangan Mesin dan Peralatan,5.98,0.0
Sulawesi Barat,2021,J,Informasi dan Komunikasi,2076.69,1.68
Sulawesi Barat,2021,Jasa,Pertanian dan Perburuan,343.46,0.28
Sulawesi Barat,2021,Jasa,Perantara Keuangan,1010.06,0.82
Sulawesi Barat,2021,Jasa,Keuangan Lainnya,175.76,0.14
Sulawesi Barat,2021,Jasa,Penunjang Keuangan,0.3,0.0
Sulawesi Barat,2021,K,Jasa Keuangan dan Asuransi,1189.98,0.96
Sulawesi Barat,2021,L,Real Estat,1237.19,1.0
Sulawesi Barat,2021,"M,N",Jasa Perusahaan,30.51,0.02
Sulawesi Barat,2021,O,"Administrasi Pemerintahan, Pertahanan, dan Jaminan Sosial Wajib",3572.52,2.89
Sulawesi Barat,2021,P,Jasa Pendidikan,2303.44,1.86
Sulawesi Barat,2021,Produk,Domestik Bruto,50565.53,40.85
Sulawesi Barat,2021,Q,Jasa Kesehatan dan Kegiatan Sosial,917.68,0.74
Sulawesi Barat,2021,"R,S,T,U",Jasa Lainnya,833.17,0.67
Sulawesi Barat,2021,Tanaman,Pangan,2524.05,2.04
Sulawesi Barat,2021,Tanaman,Hortikultura,2077.63,1.68
Sulawesi Barat,2021,Tanaman,Perkebunan,10501.49,8.48
Sulawesi Barat,2022,A,"Pertanian, Kehutanan, dan Perikanan",23909.1,18.07
Sulawesi Barat,2022,Angkutan,Rel,,
Sulawesi Barat,2022,Angkutan,Darat,551.39,0.42
Sulawesi Barat,2022,Angkutan,Laut,71.86,0.05
Sulawesi Barat,2022,Angkutan,"Sungai, Danau, dan Penyeberangan",41.3,0.03
Sulawesi Barat,2022,Angkutan,Udara,56.7,0.04
Sulawesi Barat,2022,Asuransi,dan Dana Pensiun,4.14,0.0
Sulawesi Barat,2022,B,Pertambangan dan Penggalian,1161.17,0.88
Sulawesi Barat,2022,C,Industri Pengolahan,5848.12,4.42
Sulawesi Barat,2022,D,Pengadaan Listrik dan Gas,20.55,0.02
Sulawesi Barat,2022,E,"Pengadaan Air; Pengelolaan Sampah, Limbah, dan Daur Ulang",71.46,0.05
Sulawesi Barat,2022,F,Konstruksi,4031.58,3.05
Sulawesi Barat,2022,G,Perdagangan Besar dan Eceran; Reparasi Mobil dan Sepeda Motor,5360.29,4.05
Sulawesi Barat,2022,H,Transportasi dan Pergudangan,757.68,0.57
Sulawesi Barat,2022,I,Penyediaan Akomodasi dan Makan Minum,126.37,0.1
Sulawesi Barat,2022,Industri,Batubara dan Pengilangan Migas,,
Sulawesi Barat,2022,Industri,Makanan dan Minuman,5357.76,4.05
Sulawesi Barat,2022,Industri,Pengolahan Tembakau,,
Sulawesi Barat,2022,Industri,Tekstil dan Pakaian Jadi,73.26,0.06
Sulawesi Barat,2022,Industri,"Kulit, Barang dari Kulit, dan Alas Kaki",,
Sulawesi Barat,2022,Industri,"Kayu, Barang dari Kayu dan Gabus; dan Barang Anyaman dari Bambu, Rotan, dan Sejenisnya",17.0,0.01
Sulawesi Barat,2022,Industri,Kertas dan Barang dari Kertas; Percetakan dan Reproduksi Media Rekaman,7.18,0.01
Sulawesi Barat,2022,Industri,"Kimia, Farmasi, dan Obat Tradisional",3.48,0.0
Sulawesi Barat,2022,Industri,Karet; Barang dari Karet dan Plastik,2.16,0.0
Sulawesi Barat,2022,Industri,Barang Galian bukan Logam,263.93,0.2
Sulawesi Barat,2022,Industri,Logam Dasar,,
Sulawesi Barat,2022,Industri,"Barang Logam; Komputer, Barang Elektronik, Optik; dan Peralatan Listrik",110.21,0.08
Sulawesi Barat,2022,Industri,Mesin dan Perlengkapan,,
Sulawesi Barat,2022,Industri,Alat Angkutan,3.81,0.0
Sulawesi Barat,2022,Industri,Furnitur,3.35,0.0
Sulawesi Barat,2022,Industri,Pengolahan Lainnya; Jasa Reparasi dan Pemasangan Mesin dan Peralatan,5.99,0.0
Sulawesi Barat,2022,J,Informasi dan Komunikasi,2129.12,1.61
Sulawesi Barat,2022,Jasa,Pertanian dan Perburuan,355.67,0.27
Sulawesi Barat,2022,Jasa,Perantara Keuangan,1075.65,0.81
Sulawesi Barat,2022,Jasa,Keuangan Lainnya,192.67,0.15
Sulawesi Barat,2022,Jasa,Penunjang Keuangan,0.32,0.0
Sulawesi Barat,2022,K,Jasa Keuangan dan Asuransi,1272.79,0.96
Sulawesi Barat,2022,L,Real Estat,1346.03,1.02
Sulawesi Barat,2022,"M,N",Jasa Perusahaan,32.75,0.02
Sulawesi Barat,2022,O,"Administrasi Pemerintahan, Pertahanan, dan Jaminan Sosial Wajib",3650.26,2.76
Sulawesi Barat,2022,P,Jasa Pendidikan,2411.95,1.82
Sulawesi Barat,2022,Produk,Domestik Bruto,54028.35,40.84
Sulawesi Barat,2022,Q,Jasa Kesehatan dan Kegiatan Sosial,1000.97,0.76
Sulawesi Barat,2022,"R,S,T,U",Jasa Lainnya,898.16,0.68
Sulawesi Barat,2022,Tanaman,Pangan,2690.09,2.03
Sulawesi Barat,2022,Tanaman,Hortikultura,2225.27,1.68
Sulawesi Barat,2022,Tanaman,Perkebunan,11138.38,8.42
Sulawesi Barat,2023,A,"Pertanian, Kehutanan, dan Perikanan",26171.84,18.21
Sulawesi Barat,2023,Angkutan,Rel,,
Sulawesi Barat,2023,Angkutan,Darat,654.24,0.46
Sulawesi Barat,2023,Angkutan,Laut,81.33,0.06
Sulawesi Barat,2023,Angkutan,"Sungai, Danau, dan Penyeberangan",43.92,0.03
Sulawesi Barat,2023,Angkutan,Udara,72.49,0.05
Sulawesi Barat,2023,Asuransi,dan Dana Pensiun,4.51,0.0
Sulawesi Barat,2023,B,Pertambangan dan Penggalian,1288.82,0.9
Sulawesi Barat,2023,C,Industri Pengolahan,6534.37,4.55
Sulawesi Barat,2023,D,Pengadaan Listrik dan Gas,23.17,0.02
Sulawesi Barat,2023,E,"Pengadaan Air; Pengelolaan Sampah, Limbah, dan Daur Ulang",75.05,0.05
Sulawesi Barat,2023,F,Konstruksi,4294.63,2.99
Sulawesi Barat,2023,G,Perdagangan Besar dan Eceran; Reparasi Mobil dan Sepeda Motor,5821.08,4.05
Sulawesi Barat,2023,H,Transportasi dan Pergudangan,892.69,0.62
Sulawesi Barat,2023,I,Penyediaan Akomodasi dan Makan Minum,142.15,0.1
Sulawesi Barat,2023,Industri,Batubara dan Pengilangan Migas,,
Sulawesi Barat,2023,Industri,Makanan dan Minuman,5986.62,4.17
Sulawesi Barat,2023,Industri,Pengolahan Tembakau,,
Sulawesi Barat,2023,Industri,Tekstil dan Pakaian Jadi,73.65,0.05
Sulawesi Barat,2023,Industri,"Kulit, Barang dari Kulit, dan Alas Kaki",,
Sulawesi Barat,2023,Industri,"Kayu, Barang dari Kayu dan Gabus; dan Barang Anyaman dari Bambu, Rotan, dan Sejenisnya",17.33,0.01
Sulawesi Barat,2023,Industri,Kertas dan Barang dari Kertas; Percetakan dan Reproduksi Media Rekaman,8.28,0.01
Sulawesi Barat,2023,Industri,"Kimia, Farmasi, dan Obat Tradisional",4.41,0.0
Sulawesi Barat,2023,Industri,Karet; Barang dari Karet dan Plastik,2.31,0.0
Sulawesi Barat,2023,Industri,Barang Galian bukan Logam,288.99,0.2
Sulawesi Barat,2023,Industri,Logam Dasar,,
Sulawesi Barat,2023,Industri,"Barang Logam; Komputer, Barang Elektronik, Optik; dan Peralatan Listrik",138.61,0.1
Sulawesi Barat,2023,Industri,Mesin dan Perlengkapan,,
Sulawesi Barat,2023,Industri,Alat Angkutan,4.16,0.0
Sulawesi Barat,2023,Industri,Furnitur,3.33,0.0
Sulawesi Barat,2023,Industri,Pengolahan Lainnya; Jasa Reparasi dan Pemasangan Mesin dan Peralatan,6.68,0.0
Sulawesi Barat,2023,J,Informasi dan Komunikasi,2335.13,1.63
Sulawesi Barat,2023,Jasa,Pertanian dan Perburuan,394.66,0.27
Sulawesi Barat,2023,Jasa,Perantara Keuangan,1032.22,0.72
Sulawesi Barat,2023,Jasa,Keuangan Lainnya,199.06,0.14
Sulawesi Barat,2023,Jasa,Penunjang Keuangan,0.34,0.0
Sulawesi Barat,2023,K,Jasa Keuangan dan Asuransi,1236.13,0.86
Sulawesi Barat,2023,L,Real Estat,1471.07,1.02
Sulawesi Barat,2023,"M,N",Jasa Perusahaan,36.18,0.03
Sulawesi Barat,2023,O,"Administrasi Pemerintahan, Pertahanan, dan Jaminan Sosial Wajib",3731.32,2.6
Sulawesi Barat,2023,P,Jasa Pendidikan,2490.4,1.73
Sulawesi Barat,2023,Produk,Domestik Bruto,58571.82,40.76
Sulawesi Barat,2023,Q,Jasa Kesehatan dan Kegiatan Sosial,1054.19,0.73
Sulawesi Barat,2023,"R,S,T,U",Jasa Lainnya,973.59,0.68
Sulawesi Barat,2023,Tanaman,Pangan,2540.98,1.77
Sulawesi Barat,2023,Tanaman,Hortikultura,2768.52,1.93
Sulawesi Barat,2023,Tanaman,Perkebunan,12229.11,8.51
Sulawesi Barat,2024,A,"Pertanian, Kehutanan, dan Perikanan",29608.76,18.69
Sulawesi Barat,2024,Angkutan,Rel,,
Sulawesi Barat,2024,Angkutan,Darat,705.36,0.45
Sulawesi Barat,2024,Angkutan,Laut,97.96,0.06
Sulawesi Barat,2024,Angkutan,"Sungai, Danau, dan Penyeberangan",47.4,0.03
Sulawesi Barat,2024,Angkutan,Udara,72.12,0.05
Sulawesi Barat,2024,Asuransi,dan Dana Pensiun,4.87,0.0
Sulawesi Barat,2024,B,Pertambangan dan Penggalian,1417.81,0.9
Sulawesi Barat,2024,C,Industri Pengolahan,6684.64,4.22
Sulawesi Barat,2024,D,Pengadaan Listrik dan Gas,25.46,0.02
Sulawesi Barat,2024,E,"Pengadaan Air; Pengelolaan Sampah, Limbah, dan Daur Ulang",81.92,0.05
Sulawesi Barat,2024,F,Konstruksi,4618.63,2.92
Sulawesi Barat,2024,G,Perdagangan Besar dan Eceran; Reparasi Mobil dan Sepeda Motor,6241.99,3.94
Sulawesi Barat,2024,H,Transportasi dan Pergudangan,967.34,0.61
Sulawesi Barat,2024,I,Penyediaan Akomodasi dan Makan Minum,156.04,0.1
Sulawesi Barat,2024,Industri,Batubara dan Pengilangan Migas,,
Sulawesi Barat,2024,Industri,Makanan dan Minuman,6115.98,3.86
Sulawesi Barat,2024,Industri,Pengolahan Tembakau,,
Sulawesi Barat,2024,Industri,Tekstil dan Pakaian Jadi,81.57,0.05
Sulawesi Barat,2024,Industri,"Kulit, Barang dari Kulit, dan Alas Kaki",,
Sulawesi Barat,2024,Industri,"Kayu, Barang dari Kayu dan Gabus; dan Barang Anyaman dari Bambu, Rotan, dan Sejenisnya",18.14,0.01
Sulawesi Barat,2024,Industri,Kertas dan Barang dari Kertas; Percetakan dan Reproduksi Media Rekaman,8.99,0.01
Sulawesi Barat,2024,Industri,"Kimia, Farmasi, dan Obat Tradisional",5.92,0.0
Sulawesi Barat,2024,Industri,Karet; Barang dari Karet dan Plastik,2.4,0.0
Sulawesi Barat,2024,Industri,Barang Galian bukan Logam,294.8,0.19
Sulawesi Barat,2024,Industri,Logam Dasar,,
Sulawesi Barat,2024,Industri,"Barang Logam; Komputer, Barang Elektronik, Optik; dan Peralatan Listrik",141.54,0.09
Sulawesi Barat,2024,Industri,Mesin dan Perlengkapan,,
Sulawesi Barat,2024,Industri,Alat Angkutan,4.41,0.0
Sulawesi Barat,2024,Industri,Furnitur,3.71,0.0
Sulawesi Barat,2024,Industri,Pengolahan Lainnya; Jasa Reparasi dan Pemasangan Mesin dan Peralatan,7.17,0.0
Sulawesi Barat,2024,J,Informasi dan Komunikasi,2490.3,1.57
Sulawesi Barat,2024,Jasa,Pertanian dan Perburuan,426.44,0.27
Sulawesi Barat,2024,Jasa,Perantara Keuangan,1061.19,0.67
Sulawesi Barat,2024,Jasa,Keuangan Lainnya,213.18,0.13
Sulawesi Barat,2024,Jasa,Penunjang Keuangan,0.37,0.0
Sulawesi Barat,2024,K,Jasa Keuangan dan Asuransi,1279.61,0.81
Sulawesi Barat,2024,L,Real Estat,1620.27,1.02
Sulawesi Barat,2024,"M,N",Jasa Perusahaan,40.2,0.03
Sulawesi Barat,2024,O,"Administrasi Pemerintahan, Pertahanan, dan Jaminan Sosial Wajib",3989.5,2.52
Sulawesi Barat,2024,P,Jasa Pendidikan,2765.97,1.75
Sulawesi Barat,2024,Produk,Domestik Bruto,64214.65,40.54
Sulawesi Barat,2024,Q,Jasa Kesehatan dan Kegiatan Sosial,1187.94,0.75
Sulawesi Barat,2024,"R,S,T,U",Jasa Lainnya,1038.28,0.66
Sulawesi Barat,2024,Tanaman,Pangan,2921.49,1.84
Sulawesi Barat,2024,Tanaman,Hortikultura,3012.5,1.9
Sulawesi Barat,2024,Tanaman,Perkebunan,14702.39,9.28
Sulawesi Selatan,2014,A,"Pertanian, Kehutanan, dan Perikanan",68465.44,9.77
Sulawesi Selatan,2014,Angkutan,Rel,0.0,0.0
Sulawesi Selatan,2014,Angkutan,Darat,4155.73,0.59
Sulawesi Selatan,2014,Angkutan,Laut,858.83,0.12
Sulawesi Selatan,2014,Angkutan,"Sungai, Danau, dan Penyeberangan",356.66,0.05
Sulawesi Selatan,2014,Angkutan,Udara,4884.94,0.7
Sulawesi Selatan,2014,Asuransi,dan Dana Pensiun,354.64,0.05
Sulawesi Selatan,2014,B,Pertambangan dan Penggalian,21181.98,3.02
Sulawesi Selatan,2014,C,Industri Pengolahan,41652.14,5.94
Sulawesi Selatan,2014,D,Pengadaan Listrik dan Gas,204.64,0.03
Sulawesi Selatan,2014,E,"Pengadaan Air; Pengelolaan Sampah, Limbah, dan Daur Ulang",354.76,0.05
Sulawesi Selatan,2014,F,Konstruksi,36015.37,5.14
Sulawesi Selatan,2014,G,Perdagangan Besar dan Eceran; Reparasi Mobil dan Sepeda Motor,37623.8,5.37
Sulawesi Selatan,2014,H,Transportasi dan Pergudangan,11827.82,1.69
Sulawesi Selatan,2014,I,Penyediaan Akomodasi dan Makan Minum,4108.43,0.59
Sulawesi Selatan,2014,Industri,Batubara dan Pengilangan Migas,0.0,0.0
Sulawesi Selatan,2014,Industri,Makanan dan Minuman,19601.69,2.8
Sulawesi Selatan,2014,Industri,Pengolahan Tembakau,46.78,0.01
Sulawesi Selatan,2014,Industri,Tekstil dan Pakaian Jadi,36.45,0.01
Sulawesi Selatan,2014,Industri,"Kulit, Barang dari Kulit, dan Alas Kaki",217.89,0.03
Sulawesi Selatan,2014,Industri,"Kayu, Barang dari Kayu dan Gabus; dan Barang Anyaman dari Bambu, Rotan, dan Sejenisnya",639.82,0.09
Sulawesi Selatan,2014,Industri,Kertas dan Barang dari Kertas; Percetakan dan Reproduksi Media Rekaman,369.3,0.05
Sulawesi Selatan,2014,Industri,"Kimia, Farmasi, dan Obat Tradisional",27.75,0.0
Sulawesi Selatan,2014,Industri,Karet; Barang dari Karet dan Plastik,120.08,0.02
Sulawesi Selatan,2014,Industri,Barang Galian bukan Logam,19083.97,2.72
Sulawesi Selatan,2014,Industri,Logam Dasar,254.67,0.04
Sulawesi Selatan,2014,Industri,"Barang Logam; Komputer, Barang Elektronik, Optik; dan Peralatan Listrik",1110.14,0.16
Sulawesi Selatan,2014,Industri,Mesin dan Perlengkapan,0.0,0.0
Sulawesi Selatan,2014,Industri,Alat Angkutan,53.25,0.01
Sulawesi Selatan,2014,Industri,Furnitur,38.92,0.01
Sulawesi Selatan,2014,Industri,Pengolahan Lainnya; Jasa Reparasi dan Pemasangan Mesin dan Peralatan,51.43,0.01
Sulawesi Selatan,2014,J,Informasi dan Komunikasi,14594.26,2.08
Sulawesi Selatan,2014,Jasa,Pertanian dan Perburuan,1244.75,0.18
Sulawesi Selatan,2014,Jasa,Perantara Keuangan,7162.1,1.02
Sulawesi Selatan,2014,Jasa,Keuangan Lainnya,3265.2,0.47
Sulawesi Selatan,2014,Jasa,Penunjang Keuangan,41.83,0.01
Sulawesi Selatan,2014,K,Jasa Keuangan dan Asuransi,10823.77,1.54
Sulawesi Selatan,2014,L,Real Estat,11523.07,1.64
Sulawesi Selatan,2014,"M,N",Jasa Perusahaan,1297.15,0.19
Sulawesi Selatan,2014,O,"Administrasi Pemerintahan, Pertahanan, dan Jaminan Sosial Wajib",13632.19,1.95
Sulawesi Selatan,2014,P,Jasa Pendidikan,15497.61,2.21
Sulawesi Selatan,2014,Produk,Domestik Bruto,298033.8,42.53
Sulawesi Selatan,2014,Q,Jasa Kesehatan dan Kegiatan Sosial,5509.31,0.79
Sulawesi Selatan,2014,"R,S,T,U",Jasa Lainnya,3722.08,0.53
Sulawesi Selatan,2014,Tanaman,Pangan,23220.31,3.31
Sulawesi Selatan,2014,Tanaman,Hortikultura,3980.21,0.57
Sulawesi Selatan,2014,Tanaman,Perkebunan,13598.44,1.94
Sulawesi Selatan,2015,A,"Pertanian, Kehutanan, dan Perikanan",78781.76,9.85
Sulawesi Selatan,2015,Angkutan,Rel,0.0,0.0
Sulawesi Selatan,2015,Angkutan,Darat,5307.07,0.66
Sulawesi Selatan,2015,Angkutan,Laut,898.77,0.11
Sulawesi Selatan,2015,Angkutan,"Sungai, Danau, dan Penyeberangan",407.96,0.05
Sulawesi Selatan,2015,Angkutan,Udara,5828.57,0.73
Sulawesi Selatan,2015,Asuransi,dan Dana Pensiun,417.47,0.05
Sulawesi Selatan,2015,B,Pertambangan dan Penggalian,21521.03,2.69
Sulawesi Selatan,2015,C,Industri Pengolahan,47250.09,5.91
Sulawesi Selatan,2015,D,Pengadaan Listrik dan Gas,193.48,0.02
Sulawesi Selatan,2015,E,"Pengadaan Air; Pengelolaan Sampah, Limbah, dan Daur Ulang",369.75,0.05
Sulawesi Selatan,2015,F,Konstruksi,42181.43,5.27
Sulawesi Selatan,2015,G,Perdagangan Besar dan Eceran; Reparasi Mobil dan Sepeda Motor,43788.67,5.47
Sulawesi Selatan,2015,H,Transportasi dan Pergudangan,14245.73,1.78
Sulawesi Selatan,2015,I,Penyediaan Akomodasi dan Makan Minum,4548.96,0.57
Sulawesi Selatan,2015,Industri,Batubara dan Pengilangan Migas,0.0,0.0
Sulawesi Selatan,2015,Industri,Makanan dan Minuman,23137.4,2.89
Sulawesi Selatan,2015,Industri,Pengolahan Tembakau,55.06,0.01
Sulawesi Selatan,2015,Industri,Tekstil dan Pakaian Jadi,39.92,0.0
Sulawesi Selatan,2015,Industri,"Kulit, Barang dari Kulit, dan Alas Kaki",227.21,0.03
Sulawesi Selatan,2015,Industri,"Kayu, Barang dari Kayu dan Gabus; dan Barang Anyaman dari Bambu, Rotan, dan Sejenisnya",679.37,0.08
Sulawesi Selatan,2015,Industri,Kertas dan Barang dari Kertas; Percetakan dan Reproduksi Media Rekaman,401.13,0.05
Sulawesi Selatan,2015,Industri,"Kimia, Farmasi, dan Obat Tradisional",31.73,0.0
Sulawesi Selatan,2015,Industri,Karet; Barang dari Karet dan Plastik,124.94,0.02
Sulawesi Selatan,2015,Industri,Barang Galian bukan Logam,20879.83,2.61
Sulawesi Selatan,2015,Industri,Logam Dasar,280.0,0.04
Sulawesi Selatan,2015,Industri,"Barang Logam; Komputer, Barang Elektronik, Optik; dan Peralatan Listrik",1236.6,0.15
Sulawesi Selatan,2015,Industri,Mesin dan Perlengkapan,0.0,0.0
Sulawesi Selatan,2015,Industri,Alat Angkutan,57.95,0.01
Sulawesi Selatan,2015,Industri,Furnitur,45.96,0.01
Sulawesi Selatan,2015,Industri,Pengolahan Lainnya; Jasa Reparasi dan Pemasangan Mesin dan Peralatan,52.97,0.01
Sulawesi Selatan,2015,J,Informasi dan Komunikasi,15715.16,1.96
Sulawesi Selatan,2015,Jasa,Pertanian dan Perburuan,1315.16,0.16
Sulawesi Selatan,2015,Jasa,Perantara Keuangan,7955.45,0.99
Sulawesi Selatan,2015,Jasa,Keuangan Lainnya,3835.77,0.48
Sulawesi Selatan,2015,Jasa,Penunjang Keuangan,47.88,0.01
Sulawesi Selatan,2015,K,Jasa Keuangan dan Asuransi,12256.57,1.53
Sulawesi Selatan,2015,L,Real Estat,13585.65,1.7
Sulawesi Selatan,2015,"M,N",Jasa Perusahaan,1483.65,0.19
Sulawesi Selatan,2015,O,"Administrasi Pemerintahan, Pertahanan, dan Jaminan Sosial Wajib",16286.08,2.04
Sulawesi Selatan,2015,P,Jasa Pendidikan,17300.51,2.16
Sulawesi Selatan,2015,Produk,Domestik Bruto,340390.21,42.55
Sulawesi Selatan,2015,Q,Jasa Kesehatan dan Kegiatan Sosial,6515.54,0.81
Sulawesi Selatan,2015,"R,S,T,U",Jasa Lainnya,4366.16,0.55
Sulawesi Selatan,2015,Tanaman,Pangan,26025.47,3.25
Sulawesi Selatan,2015,Tanaman,Hortikultura,4434.76,0.55
Sulawesi Selatan,2015,Tanaman,Perkebunan,15494.09,1.94
Sulawesi Selatan,2016,A,"Pertanian, Kehutanan, dan Perikanan",88344.95,9.94
Sulawesi Selatan,2016,Angkutan,Rel,,
Sulawesi Selatan,2016,Angkutan,Darat,5518.2,0.62
Sulawesi Selatan,2016,Angkutan,Laut,889.79,0.1
Sulawesi Selatan,2016,Angkutan,"Sungai, Danau, dan Penyeberangan",448.13,0.05
Sulawesi Selatan,2016,Angkutan,Udara,7253.21,0.82
Sulawesi Selatan,2016,Asuransi,dan Dana Pensiun,464.6,0.05
Sulawesi Selatan,2016,B,Pertambangan dan Penggalian,19564.26,2.2
Sulawesi Selatan,2016,C,Industri Pengolahan,53017.47,5.97
Sulawesi Selatan,2016,D,Pengadaan Listrik dan Gas,219.86,0.02
Sulawesi Selatan,2016,E,"Pengadaan Air; Pengelolaan Sampah, Limbah, dan Daur Ulang",394.0,0.04
Sulawesi Selatan,2016,F,Konstruksi,47621.18,5.36
Sulawesi Selatan,2016,G,Perdagangan Besar dan Eceran; Reparasi Mobil dan Sepeda Motor,50058.29,5.63
Sulawesi Selatan,2016,H,Transportasi dan Pergudangan,16170.46,1.82
Sulawesi Selatan,2016,I,Penyediaan Akomodasi dan Makan Minum,4991.42,0.56
Sulawesi Selatan,2016,Industri,Batubara dan Pengilangan Migas,,
Sulawesi Selatan,2016,Industri,Makanan dan Minuman,26377.77,2.97
Sulawesi Selatan,2016,Industri,Pengolahan Tembakau,52.89,0.01
Sulawesi Selatan,2016,Industri,Tekstil dan Pakaian Jadi,43.24,0.0
Sulawesi Selatan,2016,Industri,"Kulit, Barang dari Kulit, dan Alas Kaki",253.33,0.03
Sulawesi Selatan,2016,Industri,"Kayu, Barang dari Kayu dan Gabus; dan Barang Anyaman dari Bambu, Rotan, dan Sejenisnya",765.2,0.09
Sulawesi Selatan,2016,Industri,Kertas dan Barang dari Kertas; Percetakan dan Reproduksi Media Rekaman,378.42,0.04
Sulawesi Selatan,2016,Industri,"Kimia, Farmasi, dan Obat Tradisional",33.27,0.0
Sulawesi Selatan,2016,Industri,Karet; Barang dari Karet dan Plastik,127.32,0.01
Sulawesi Selatan,2016,Industri,Barang Galian bukan Logam,23220.18,2.61
Sulawesi Selatan,2016,Industri,Logam Dasar,293.7,0.03
Sulawesi Selatan,2016,Industri,"Barang Logam; Komputer, Barang Elektronik, Optik; dan Peralatan Listrik",1313.43,0.15
Sulawesi Selatan,2016,Industri,Mesin dan Perlengkapan,,
Sulawesi Selatan,2016,Industri,Alat Angkutan,52.27,0.01
Sulawesi Selatan,2016,Industri,Furnitur,48.39,0.01
Sulawesi Selatan,2016,Industri,Pengolahan Lainnya; Jasa Reparasi dan Pemasangan Mesin dan Peralatan,58.06,0.01
Sulawesi Selatan,2016,J,Informasi dan Komunikasi,17573.8,1.98
Sulawesi Selatan,2016,Jasa,Pertanian dan Perburuan,1465.17,0.16
Sulawesi Selatan,2016,Jasa,Perantara Keuangan,9443.35,1.06
Sulawesi Selatan,2016,Jasa,Keuangan Lainnya,4401.91,0.5
Sulawesi Selatan,2016,Jasa,Penunjang Keuangan,53.24,0.01
Sulawesi Selatan,2016,K,Jasa Keuangan dan Asuransi,14363.09,1.62
Sulawesi Selatan,2016,L,Real Estat,14879.21,1.67
Sulawesi Selatan,2016,"M,N",Jasa Perusahaan,1652.58,0.19
Sulawesi Selatan,2016,O,"Administrasi Pemerintahan, Pertahanan, dan Jaminan Sosial Wajib",16841.81,1.9
Sulawesi Selatan,2016,P,Jasa Pendidikan,19130.9,2.15
Sulawesi Selatan,2016,Produk,Domestik Bruto,377108.91,42.44
Sulawesi Selatan,2016,Q,Jasa Kesehatan dan Kegiatan Sosial,7329.54,0.82
Sulawesi Selatan,2016,"R,S,T,U",Jasa Lainnya,4956.08,0.56
Sulawesi Selatan,2016,Tanaman,Pangan,29508.96,3.32
Sulawesi Selatan,2016,Tanaman,Hortikultura,4927.31,0.55
Sulawesi Selatan,2016,Tanaman,Perkebunan,16907.44,1.9
Sulawesi Selatan,2017,A,"Pertanian, Kehutanan, dan Perikanan",96109.87,9.85
Sulawesi Selatan,2017,Angkutan,Rel,,
Sulawesi Selatan,2017,Angkutan,Darat,5926.8,0.61
Sulawesi Selatan,2017,Angkutan,Laut,995.53,0.1
Sulawesi Selatan,2017,Angkutan,"Sungai, Danau, dan Penyeberangan",479.99,0.05
Sulawesi Selatan,2017,Angkutan,Udara,7615.3,0.78
Sulawesi Selatan,2017,Asuransi,dan Dana Pensiun,515.86,0.05
Sulawesi Selatan,2017,B,Pertambangan dan Penggalian,20405.86,2.09
Sulawesi Selatan,2017,C,Industri Pengolahan,57449.33,5.89
Sulawesi Selatan,2017,D,Pengadaan Listrik dan Gas,268.71,0.03
Sulawesi Selatan,2017,E,"Pengadaan Air; Pengelolaan Sampah, Limbah, dan Daur Ulang",430.77,0.04
Sulawesi Selatan,2017,F,Konstruksi,53563.97,5.49
Sulawesi Selatan,2017,G,Perdagangan Besar dan Eceran; Reparasi Mobil dan Sepeda Motor,56977.29,5.84
Sulawesi Selatan,2017,H,Transportasi dan Pergudangan,17514.08,1.8
Sulawesi Selatan,2017,I,Penyediaan Akomodasi dan Makan Minum,5710.65,0.59
Sulawesi Selatan,2017,Industri,Batubara dan Pengilangan Migas,,
Sulawesi Selatan,2017,Industri,Makanan dan Minuman,30043.94,3.08
Sulawesi Selatan,2017,Industri,Pengolahan Tembakau,67.04,0.01
Sulawesi Selatan,2017,Industri,Tekstil dan Pakaian Jadi,45.9,0.0
Sulawesi Selatan,2017,Industri,"Kulit, Barang dari Kulit, dan Alas Kaki",281.63,0.03
Sulawesi Selatan,2017,Industri,"Kayu, Barang dari Kayu dan Gabus; dan Barang Anyaman dari Bambu, Rotan, dan Sejenisnya",755.61,0.08
Sulawesi Selatan,2017,Industri,Kertas dan Barang dari Kertas; Percetakan dan Reproduksi Media Rekaman,412.69,0.04
Sulawesi Selatan,2017,Industri,"Kimia, Farmasi, dan Obat Tradisional",34.89,0.0
Sulawesi Selatan,2017,Industri,Karet; Barang dari Karet dan Plastik,131.57,0.01
Sulawesi Selatan,2017,Industri,Barang Galian bukan Logam,23700.16,2.43
Sulawesi Selatan,2017,Industri,Logam Dasar,305.54,0.03
Sulawesi Selatan,2017,Industri,"Barang Logam; Komputer, Barang Elektronik, Optik; dan Peralatan Listrik",1504.81,0.15
Sulawesi Selatan,2017,Industri,Mesin dan Perlengkapan,,
Sulawesi Selatan,2017,Industri,Alat Angkutan,50.85,0.01
Sulawesi Selatan,2017,Industri,Furnitur,50.2,0.01
Sulawesi Selatan,2017,Industri,Pengolahan Lainnya; Jasa Reparasi dan Pemasangan Mesin dan Peralatan,64.5,0.01
Sulawesi Selatan,2017,J,Informasi dan Komunikasi,19933.01,2.04
Sulawesi Selatan,2017,Jasa,Pertanian dan Perburuan,1633.72,0.17
Sulawesi Selatan,2017,Jasa,Perantara Keuangan,9859.36,1.01
Sulawesi Selatan,2017,Jasa,Keuangan Lainnya,5363.16,0.55
Sulawesi Selatan,2017,Jasa,Penunjang Keuangan,58.86,0.01
Sulawesi Selatan,2017,K,Jasa Keuangan dan Asuransi,15797.24,1.62
Sulawesi Selatan,2017,L,Real Estat,15874.72,1.63
Sulawesi Selatan,2017,"M,N",Jasa Perusahaan,1845.25,0.19
Sulawesi Selatan,2017,O,"Administrasi Pemerintahan, Pertahanan, dan Jaminan Sosial Wajib",18194.82,1.86
Sulawesi Selatan,2017,P,Jasa Pendidikan,21756.45,2.23
Sulawesi Selatan,2017,Produk,Domestik Bruto,415588.2,42.6
Sulawesi Selatan,2017,Q,Jasa Kesehatan dan Kegiatan Sosial,8188.61,0.84
Sulawesi Selatan,2017,"R,S,T,U",Jasa Lainnya,5567.57,0.57
Sulawesi Selatan,2017,Tanaman,Pangan,31393.67,3.22
Sulawesi Selatan,2017,Tanaman,Hortikultura,5154.43,0.53
Sulawesi Selatan,2017,Tanaman,Perkebunan,17999.04,1.84
Sulawesi Selatan,2018,A,"Pertanian, Kehutanan, dan Perikanan",104097.07,9.67
Sulawesi Selatan,2018,Angkutan,Rel,,
Sulawesi Selatan,2018,Angkutan,Darat,6770.42,0.63
Sulawesi Selatan,2018,Angkutan,Laut,1050.26,0.1
Sulawesi Selatan,2018,Angkutan,"Sungai, Danau, dan Penyeberangan",518.04,0.05
Sulawesi Selatan,2018,Angkutan,Udara,8550.2,0.79
Sulawesi Selatan,2018,Asuransi,dan Dana Pensiun,581.47,0.05
Sulawesi Selatan,2018,B,Pertambangan dan Penggalian,22166.69,2.06
Sulawesi Selatan,2018,C,Industri Pengolahan,59443.1,5.52
Sulawesi Selatan,2018,D,Pengadaan Listrik dan Gas,300.09,0.03
Sulawesi Selatan,2018,E,"Pengadaan Air; Pengelolaan Sampah, Limbah, dan Daur Ulang",462.7,0.04
Sulawesi Selatan,2018,F,Konstruksi,62568.95,5.81
Sulawesi Selatan,2018,G,Perdagangan Besar dan Eceran; Reparasi Mobil dan Sepeda Motor,66418.32,6.17
Sulawesi Selatan,2018,H,Transportasi dan Pergudangan,19699.78,1.83
Sulawesi Selatan,2018,I,Penyediaan Akomodasi dan Makan Minum,6532.74,0.61
Sulawesi Selatan,2018,Industri,Batubara dan Pengilangan Migas,,
Sulawesi Selatan,2018,Industri,Makanan dan Minuman,31385.5,2.91
Sulawesi Selatan,2018,Industri,Pengolahan Tembakau,78.31,0.01
Sulawesi Selatan,2018,Industri,Tekstil dan Pakaian Jadi,52.78,0.0
Sulawesi Selatan,2018,Industri,"Kulit, Barang dari Kulit, dan Alas Kaki",317.62,0.03
Sulawesi Selatan,2018,Industri,"Kayu, Barang dari Kayu dan Gabus; dan Barang Anyaman dari Bambu, Rotan, dan Sejenisnya",767.26,0.07
Sulawesi Selatan,2018,Industri,Kertas dan Barang dari Kertas; Percetakan dan Reproduksi Media Rekaman,473.29,0.04
Sulawesi Selatan,2018,Industri,"Kimia, Farmasi, dan Obat Tradisional",38.98,0.0
Sulawesi Selatan,2018,Industri,Karet; Barang dari Karet dan Plastik,132.41,0.01
Sulawesi Selatan,2018,Industri,Barang Galian bukan Logam,24019.97,2.23
Sulawesi Selatan,2018,Industri,Logam Dasar,343.62,0.03
Sulawesi Selatan,2018,Industri,"Barang Logam; Komputer, Barang Elektronik, Optik; dan Peralatan Listrik",1643.92,0.15
Sulawesi Selatan,2018,Industri,Mesin dan Perlengkapan,,
Sulawesi Selatan,2018,Industri,Alat Angkutan,59.27,0.01
Sulawesi Selatan,2018,Industri,Furnitur,55.98,0.01
Sulawesi Selatan,2018,Industri,Pengolahan Lainnya; Jasa Reparasi dan Pemasangan Mesin dan Peralatan,74.21,0.01
Sulawesi Selatan,2018,J,Informasi dan Komunikasi,22779.85,2.12
Sulawesi Selatan,2018,Jasa,Pertanian dan Perburuan,1781.32,0.17
Sulawesi Selatan,2018,Jasa,Perantara Keuangan,10267.39,0.95
Sulawesi Selatan,2018,Jasa,Keuangan Lainnya,6365.28,0.59
Sulawesi Selatan,2018,Jasa,Penunjang Keuangan,64.48,0.01
Sulawesi Selatan,2018,K,Jasa Keuangan dan Asuransi,17278.62,1.6
Sulawesi Selatan,2018,L,Real Estat,17144.39,1.59
Sulawesi Selatan,2018,"M,N",Jasa Perusahaan,2106.3,0.2
Sulawesi Selatan,2018,O,"Administrasi Pemerintahan, Pertahanan, dan Jaminan Sosial Wajib",20654.25,1.92
Sulawesi Selatan,2018,P,Jasa Pendidikan,24425.95,2.27
Sulawesi Selatan,2018,Produk,Domestik Bruto,461774.74,42.88
Sulawesi Selatan,2018,Q,Jasa Kesehatan dan Kegiatan Sosial,9187.59,0.85
Sulawesi Selatan,2018,"R,S,T,U",Jasa Lainnya,6508.35,0.6
Sulawesi Selatan,2018,Tanaman,Pangan,33078.52,3.07
Sulawesi Selatan,2018,Tanaman,Hortikultura,5169.37,0.48
Sulawesi Selatan,2018,Tanaman,Perkebunan,19663.69,1.83
Sulawesi Selatan,2019,A,"Pertanian, Kehutanan, dan Perikanan",107655.08,9.2
Sulawesi Selatan,2019,Angkutan,Rel,,
Sulawesi Selatan,2019,Angkutan,Darat,7561.63,0.65
Sulawesi Selatan,2019,Angkutan,Laut,1199.87,0.1
Sulawesi Selatan,2019,Angkutan,"Sungai, Danau, dan Penyeberangan",595.69,0.05
Sulawesi Selatan,2019,Angkutan,Udara,8820.39,0.75
Sulawesi Selatan,2019,Asuransi,dan Dana Pensiun,631.62,0.05
Sulawesi Selatan,2019,B,Pertambangan dan Penggalian,23301.72,1.99
Sulawesi Selatan,2019,C,Industri Pengolahan,66426.93,5.67
Sulawesi Selatan,2019,D,Pengadaan Listrik dan Gas,318.61,0.03
Sulawesi Selatan,2019,E,"Pengadaan Air; Pengelolaan Sampah, Limbah, dan Daur Ulang",476.36,0.04
Sulawesi Selatan,2019,F,Konstruksi,71164.18,6.08
Sulawesi Selatan,2019,G,Perdagangan Besar dan Eceran; Reparasi Mobil dan Sepeda Motor,74624.4,6.38
Sulawesi Selatan,2019,H,Transportasi dan Pergudangan,21211.47,1.81
Sulawesi Selatan,2019,I,Penyediaan Akomodasi dan Makan Minum,7129.7,0.61
Sulawesi Selatan,2019,Industri,Batubara dan Pengilangan Migas,,
Sulawesi Selatan,2019,Industri,Makanan dan Minuman,37088.08,3.17
Sulawesi Selatan,2019,Industri,Pengolahan Tembakau,70.16,0.01
Sulawesi Selatan,2019,Industri,Tekstil dan Pakaian Jadi,59.11,0.01
Sulawesi Selatan,2019,Industri,"Kulit, Barang dari Kulit, dan Alas Kaki",302.71,0.03
Sulawesi Selatan,2019,Industri,"Kayu, Barang dari Kayu dan Gabus; dan Barang Anyaman dari Bambu, Rotan, dan Sejenisnya",820.01,0.07
Sulawesi Selatan,2019,Industri,Kertas dan Barang dari Kertas; Percetakan dan Reproduksi Media Rekaman,524.9,0.04
Sulawesi Selatan,2019,Industri,"Kimia, Farmasi, dan Obat Tradisional",39.18,0.0
Sulawesi Selatan,2019,Industri,Karet; Barang dari Karet dan Plastik,135.02,0.01
Sulawesi Selatan,2019,Industri,Barang Galian bukan Logam,24880.24,2.13
Sulawesi Selatan,2019,Industri,Logam Dasar,564.98,0.05
Sulawesi Selatan,2019,Industri,"Barang Logam; Komputer, Barang Elektronik, Optik; dan Peralatan Listrik",1708.82,0.15
Sulawesi Selatan,2019,Industri,Mesin dan Perlengkapan,,
Sulawesi Selatan,2019,Industri,Alat Angkutan,79.76,0.01
Sulawesi Selatan,2019,Industri,Furnitur,68.34,0.01
Sulawesi Selatan,2019,Industri,Pengolahan Lainnya; Jasa Reparasi dan Pemasangan Mesin dan Peralatan,85.62,0.01
Sulawesi Selatan,2019,J,Informasi dan Komunikasi,25485.62,2.18
Sulawesi Selatan,2019,Jasa,Pertanian dan Perburuan,1774.45,0.15
Sulawesi Selatan,2019,Jasa,Perantara Keuangan,10308.79,0.88
Sulawesi Selatan,2019,Jasa,Keuangan Lainnya,7416.74,0.63
Sulawesi Selatan,2019,Jasa,Penunjang Keuangan,72.78,0.01
Sulawesi Selatan,2019,K,Jasa Keuangan dan Asuransi,18429.94,1.57
Sulawesi Selatan,2019,L,Real Estat,18407.59,1.57
Sulawesi Selatan,2019,"M,N",Jasa Perusahaan,2370.75,0.2
Sulawesi Selatan,2019,O,"Administrasi Pemerintahan, Pertahanan, dan Jaminan Sosial Wajib",23328.53,1.99
Sulawesi Selatan,2019,P,Jasa Pendidikan,26538.45,2.27
Sulawesi Selatan,2019,Produk,Domestik Bruto,504320.73,43.08
Sulawesi Selatan,2019,Q,Jasa Kesehatan dan Kegiatan Sosial,10163.1,0.87
Sulawesi Selatan,2019,"R,S,T,U",Jasa Lainnya,7288.27,0.62
Sulawesi Selatan,2019,Tanaman,Pangan,31950.55,2.73
Sulawesi Selatan,2019,Tanaman,Hortikultura,5588.98,0.48
Sulawesi Selatan,2019,Tanaman,Perkebunan,19560.09,1.67
Sulawesi Selatan,2020,A,"Pertanian, Kehutanan, dan Perikanan",109460.08,9.4
Sulawesi Selatan,2020,Angkutan,Rel,,
Sulawesi Selatan,2020,Angkutan,Darat,6735.46,0.58
Sulawesi Selatan,2020,Angkutan,Laut,975.06,0.08
Sulawesi Selatan,2020,Angkutan,"Sungai, Danau, dan Penyeberangan",505.79,0.04
Sulawesi Selatan,2020,Angkutan,Udara,4389.37,0.38
Sulawesi Selatan,2020,Asuransi,dan Dana Pensiun,649.65,0.06
Sulawesi Selatan,2020,B,Pertambangan dan Penggalian,23541.09,2.02
Sulawesi Selatan,2020,C,Industri Pengolahan,64316.58,5.53
Sulawesi Selatan,2020,D,Pengadaan Listrik dan Gas,322.65,0.03
Sulawesi Selatan,2020,E,"Pengadaan Air; Pengelolaan Sampah, Limbah, dan Daur Ulang",510.09,0.04
Sulawesi Selatan,2020,F,Konstruksi,72415.57,6.22
Sulawesi Selatan,2020,G,Perdagangan Besar dan Eceran; Reparasi Mobil dan Sepeda Motor,72982.96,6.27
Sulawesi Selatan,2020,H,Transportasi dan Pergudangan,15483.18,1.33
Sulawesi Selatan,2020,I,Penyediaan Akomodasi dan Makan Minum,6302.0,0.54
Sulawesi Selatan,2020,Industri,Batubara dan Pengilangan Migas,,
Sulawesi Selatan,2020,Industri,Makanan dan Minuman,36754.98,3.16
Sulawesi Selatan,2020,Industri,Pengolahan Tembakau,63.95,0.01
Sulawesi Selatan,2020,Industri,Tekstil dan Pakaian Jadi,51.04,0.0
Sulawesi Selatan,2020,Industri,"Kulit, Barang dari Kulit, dan Alas Kaki",332.06,0.03
Sulawesi Selatan,2020,Industri,"Kayu, Barang dari Kayu dan Gabus; dan Barang Anyaman dari Bambu, Rotan, dan Sejenisnya",594.75,0.05
Sulawesi Selatan,2020,Industri,Kertas dan Barang dari Kertas; Percetakan dan Reproduksi Media Rekaman,477.01,0.04
Sulawesi Selatan,2020,Industri,"Kimia, Farmasi, dan Obat Tradisional",85.29,0.01
Sulawesi Selatan,2020,Industri,Karet; Barang dari Karet dan Plastik,141.53,0.01
Sulawesi Selatan,2020,Industri,Barang Galian bukan Logam,23502.31,2.02
Sulawesi Selatan,2020,Industri,Logam Dasar,447.56,0.04
Sulawesi Selatan,2020,Industri,"Barang Logam; Komputer, Barang Elektronik, Optik; dan Peralatan Listrik",1634.99,0.14
Sulawesi Selatan,2020,Industri,Mesin dan Perlengkapan,,
Sulawesi Selatan,2020,Industri,Alat Angkutan,76.25,0.01
Sulawesi Selatan,2020,Industri,Furnitur,69.77,0.01
Sulawesi Selatan,2020,Industri,Pengolahan Lainnya; Jasa Reparasi dan Pemasangan Mesin dan Peralatan,85.1,0.01
Sulawesi Selatan,2020,J,Informasi dan Komunikasi,28309.67,2.43
Sulawesi Selatan,2020,Jasa,Pertanian dan Perburuan,1805.92,0.16
Sulawesi Selatan,2020,Jasa,Perantara Keuangan,10489.29,0.9
Sulawesi Selatan,2020,Jasa,Keuangan Lainnya,7698.26,0.66
Sulawesi Selatan,2020,Jasa,Penunjang Keuangan,77.43,0.01
Sulawesi Selatan,2020,K,Jasa Keuangan dan Asuransi,18914.62,1.62
Sulawesi Selatan,2020,L,Real Estat,19214.27,1.65
Sulawesi Selatan,2020,"M,N",Jasa Perusahaan,2176.61,0.19
Sulawesi Selatan,2020,O,"Administrasi Pemerintahan, Pertahanan, dan Jaminan Sosial Wajib",23749.39,2.04
Sulawesi Selatan,2020,P,Jasa Pendidikan,28238.15,2.43
Sulawesi Selatan,2020,Produk,Domestik Bruto,504052.53,43.3
Sulawesi Selatan,2020,Q,Jasa Kesehatan dan Kegiatan Sosial,11635.1,1.0
Sulawesi Selatan,2020,"R,S,T,U",Jasa Lainnya,6480.52,0.56
Sulawesi Selatan,2020,Tanaman,Pangan,32775.61,2.82
Sulawesi Selatan,2020,Tanaman,Hortikultura,5678.83,0.49
Sulawesi Selatan,2020,Tanaman,Perkebunan,19859.99,1.71
Sulawesi Selatan,2021,A,"Pertanian, Kehutanan, dan Perikanan",122834.66,9.77
Sulawesi Selatan,2021,Angkutan,Rel,,
Sulawesi Selatan,2021,Angkutan,Darat,7780.18,0.62
Sulawesi Selatan,2021,Angkutan,Laut,1054.77,0.08
Sulawesi Selatan,2021,Angkutan,"Sungai, Danau, dan Penyeberangan",555.93,0.04
Sulawesi Selatan,2021,Angkutan,Udara,4313.95,0.34
Sulawesi Selatan,2021,Asuransi,dan Dana Pensiun,684.05,0.05
Sulawesi Selatan,2021,B,Pertambangan dan Penggalian,25904.92,2.06
Sulawesi Selatan,2021,C,Industri Pengolahan,68092.54,5.42
Sulawesi Selatan,2021,D,Pengadaan Listrik dan Gas,367.61,0.03
Sulawesi Selatan,2021,E,"Pengadaan Air; Pengelolaan Sampah, Limbah, dan Daur Ulang",541.44,0.04
Sulawesi Selatan,2021,F,Konstruksi,78560.75,6.25
Sulawesi Selatan,2021,G,Perdagangan Besar dan Eceran; Reparasi Mobil dan Sepeda Motor,79490.51,6.33
Sulawesi Selatan,2021,H,Transportasi dan Pergudangan,16764.76,1.33
Sulawesi Selatan,2021,I,Penyediaan Akomodasi dan Makan Minum,6566.25,0.52
Sulawesi Selatan,2021,Industri,Batubara dan Pengilangan Migas,,
Sulawesi Selatan,2021,Industri,Makanan dan Minuman,40240.4,3.2
Sulawesi Selatan,2021,Industri,Pengolahan Tembakau,84.09,0.01
Sulawesi Selatan,2021,Industri,Tekstil dan Pakaian Jadi,59.47,0.0
Sulawesi Selatan,2021,Industri,"Kulit, Barang dari Kulit, dan Alas Kaki",260.17,0.02
Sulawesi Selatan,2021,Industri,"Kayu, Barang dari Kayu dan Gabus; dan Barang Anyaman dari Bambu, Rotan, dan Sejenisnya",581.43,0.05
Sulawesi Selatan,2021,Industri,Kertas dan Barang dari Kertas; Percetakan dan Reproduksi Media Rekaman,610.43,0.05
Sulawesi Selatan,2021,Industri,"Kimia, Farmasi, dan Obat Tradisional",112.49,0.01
Sulawesi Selatan,2021,Industri,Karet; Barang dari Karet dan Plastik,144.06,0.01
Sulawesi Selatan,2021,Industri,Barang Galian bukan Logam,23050.96,1.83
Sulawesi Selatan,2021,Industri,Logam Dasar,906.07,0.07
Sulawesi Selatan,2021,Industri,"Barang Logam; Komputer, Barang Elektronik, Optik; dan Peralatan Listrik",1796.89,0.14
Sulawesi Selatan,2021,Industri,Mesin dan Perlengkapan,,
Sulawesi Selatan,2021,Industri,Alat Angkutan,77.71,0.01
Sulawesi Selatan,2021,Industri,Furnitur,79.9,0.01
Sulawesi Selatan,2021,Industri,Pengolahan Lainnya; Jasa Reparasi dan Pemasangan Mesin dan Peralatan,88.48,0.01
Sulawesi Selatan,2021,J,Informasi dan Komunikasi,30297.13,2.41
Sulawesi Selatan,2021,Jasa,Pertanian dan Perburuan,1909.69,0.15
Sulawesi Selatan,2021,Jasa,Perantara Keuangan,11547.57,0.92
Sulawesi Selatan,2021,Jasa,Keuangan Lainnya,7478.93,0.6
Sulawesi Selatan,2021,Jasa,Penunjang Keuangan,82.88,0.01
Sulawesi Selatan,2021,K,Jasa Keuangan dan Asuransi,19793.43,1.58
Sulawesi Selatan,2021,L,Real Estat,19747.55,1.57
Sulawesi Selatan,2021,"M,N",Jasa Perusahaan,2354.76,0.19
Sulawesi Selatan,2021,O,"Administrasi Pemerintahan, Pertahanan, dan Jaminan Sosial Wajib",24454.47,1.95
Sulawesi Selatan,2021,P,Jasa Pendidikan,29214.69,2.32
Sulawesi Selatan,2021,Produk,Domestik Bruto,544857.14,43.36
Sulawesi Selatan,2021,Q,Jasa Kesehatan dan Kegiatan Sosial,12801.99,1.02
Sulawesi Selatan,2021,"R,S,T,U",Jasa Lainnya,7069.66,0.56
Sulawesi Selatan,2021,Tanaman,Pangan,35154.87,2.8
Sulawesi Selatan,2021,Tanaman,Hortikultura,6172.58,0.49
Sulawesi Selatan,2021,Tanaman,Perkebunan,22164.07,1.76
Sulawesi Selatan,2022,A,"Pertanian, Kehutanan, dan Perikanan",133923.31,9.57
Sulawesi Selatan,2022,Angkutan,Rel,,
Sulawesi Selatan,2022,Angkutan,Darat,10387.71,0.74
Sulawesi Selatan,2022,Angkutan,Laut,1239.39,0.09
Sulawesi Selatan,2022,Angkutan,"Sungai, Danau, dan Penyeberangan",609.96,0.04
Sulawesi Selatan,2022,Angkutan,Udara,7949.86,0.57
Sulawesi Selatan,2022,Asuransi,dan Dana Pensiun,712.11,0.05
Sulawesi Selatan,2022,B,Pertambangan dan Penggalian,30875.23,2.21
Sulawesi Selatan,2022,C,Industri Pengolahan,77997.2,5.57
Sulawesi Selatan,2022,D,Pengadaan Listrik dan Gas,428.38,0.03
Sulawesi Selatan,2022,E,"Pengadaan Air; Pengelolaan Sampah, Limbah, dan Daur Ulang",592.23,0.04
Sulawesi Selatan,2022,F,Konstruksi,85233.42,6.09
Sulawesi Selatan,2022,G,Perdagangan Besar dan Eceran; Reparasi Mobil dan Sepeda Motor,88596.71,6.33
Sulawesi Selatan,2022,H,Transportasi dan Pergudangan,23912.46,1.71
Sulawesi Selatan,2022,I,Penyediaan Akomodasi dan Makan Minum,8018.89,0.57
Sulawesi Selatan,2022,Industri,Batubara dan Pengilangan Migas,,
Sulawesi Selatan,2022,Industri,Makanan dan Minuman,46496.9,3.32
Sulawesi Selatan,2022,Industri,Pengolahan Tembakau,101.13,0.01
Sulawesi Selatan,2022,Industri,Tekstil dan Pakaian Jadi,70.6,0.01
Sulawesi Selatan,2022,Industri,"Kulit, Barang dari Kulit, dan Alas Kaki",356.46,0.03
Sulawesi Selatan,2022,Industri,"Kayu, Barang dari Kayu dan Gabus; dan Barang Anyaman dari Bambu, Rotan, dan Sejenisnya",645.23,0.05
Sulawesi Selatan,2022,Industri,Kertas dan Barang dari Kertas; Percetakan dan Reproduksi Media Rekaman,767.98,0.05
Sulawesi Selatan,2022,Industri,"Kimia, Farmasi, dan Obat Tradisional",91.44,0.01
Sulawesi Selatan,2022,Industri,Karet; Barang dari Karet dan Plastik,154.94,0.01
Sulawesi Selatan,2022,Industri,Barang Galian bukan Logam,24927.35,1.78
Sulawesi Selatan,2022,Industri,Logam Dasar,2210.61,0.16
Sulawesi Selatan,2022,Industri,"Barang Logam; Komputer, Barang Elektronik, Optik; dan Peralatan Listrik",1904.44,0.14
Sulawesi Selatan,2022,Industri,Mesin dan Perlengkapan,,
Sulawesi Selatan,2022,Industri,Alat Angkutan,86.17,0.01
Sulawesi Selatan,2022,Industri,Furnitur,83.95,0.01
Sulawesi Selatan,2022,Industri,Pengolahan Lainnya; Jasa Reparasi dan Pemasangan Mesin dan Peralatan,99.99,0.01
Sulawesi Selatan,2022,J,Informasi dan Komunikasi,32345.58,2.31
Sulawesi Selatan,2022,Jasa,Pertanian dan Perburuan,1997.57,0.14
Sulawesi Selatan,2022,Jasa,Perantara Keuangan,12485.68,0.89
Sulawesi Selatan,2022,Jasa,Keuangan Lainnya,8394.19,0.6
Sulawesi Selatan,2022,Jasa,Penunjang Keuangan,82.91,0.01
Sulawesi Selatan,2022,K,Jasa Keuangan dan Asuransi,21674.9,1.55
Sulawesi Selatan,2022,L,Real Estat,21121.93,1.51
Sulawesi Selatan,2022,"M,N",Jasa Perusahaan,2808.55,0.2
Sulawesi Selatan,2022,O,"Administrasi Pemerintahan, Pertahanan, dan Jaminan Sosial Wajib",24941.9,1.78
Sulawesi Selatan,2022,P,Jasa Pendidikan,30606.82,2.19
Sulawesi Selatan,2022,Produk,Domestik Bruto,605175.94,43.22
Sulawesi Selatan,2022,Q,Jasa Kesehatan dan Kegiatan Sosial,14045.5,1.0
Sulawesi Selatan,2022,"R,S,T,U",Jasa Lainnya,8052.95,0.58
Sulawesi Selatan,2022,Tanaman,Pangan,36300.14,2.59
Sulawesi Selatan,2022,Tanaman,Hortikultura,7093.5,0.51
Sulawesi Selatan,2022,Tanaman,Perkebunan,24488.54,1.75
Sulawesi Selatan,2023,A,"Pertanian, Kehutanan, dan Perikanan",141545.08,9.35
Sulawesi Selatan,2023,Angkutan,Rel,,
Sulawesi Selatan,2023,Angkutan,Darat,12819.3,0.85
Sulawesi Selatan,2023,Angkutan,Laut,1613.58,0.11
Sulawesi Selatan,2023,Angkutan,"Sungai, Danau, dan Penyeberangan",637.14,0.04
Sulawesi Selatan,2023,Angkutan,Udara,9987.49,0.66
Sulawesi Selatan,2023,Asuransi,dan Dana Pensiun,784.72,0.05
Sulawesi Selatan,2023,B,Pertambangan dan Penggalian,33488.12,2.21
Sulawesi Selatan,2023,C,Industri Pengolahan,83858.19,5.54
Sulawesi Selatan,2023,D,Pengadaan Listrik dan Gas,478.84,0.03
Sulawesi Selatan,2023,E,"Pengadaan Air; Pengelolaan Sampah, Limbah, dan Daur Ulang",616.09,0.04
Sulawesi Selatan,2023,F,Konstruksi,92441.6,6.11
Sulawesi Selatan,2023,G,Perdagangan Besar dan Eceran; Reparasi Mobil dan Sepeda Motor,95894.73,6.33
Sulawesi Selatan,2023,H,Transportasi dan Pergudangan,29168.86,1.93
Sulawesi Selatan,2023,I,Penyediaan Akomodasi dan Makan Minum,8762.16,0.58
Sulawesi Selatan,2023,Industri,Batubara dan Pengilangan Migas,,
Sulawesi Selatan,2023,Industri,Makanan dan Minuman,48361.55,3.19
Sulawesi Selatan,2023,Industri,Pengolahan Tembakau,154.47,0.01
Sulawesi Selatan,2023,Industri,Tekstil dan Pakaian Jadi,77.37,0.01
Sulawesi Selatan,2023,Industri,"Kulit, Barang dari Kulit, dan Alas Kaki",330.87,0.02
Sulawesi Selatan,2023,Industri,"Kayu, Barang dari Kayu dan Gabus; dan Barang Anyaman dari Bambu, Rotan, dan Sejenisnya",644.15,0.04
Sulawesi Selatan,2023,Industri,Kertas dan Barang dari Kertas; Percetakan dan Reproduksi Media Rekaman,1019.09,0.07
Sulawesi Selatan,2023,Industri,"Kimia, Farmasi, dan Obat Tradisional",96.11,0.01
Sulawesi Selatan,2023,Industri,Karet; Barang dari Karet dan Plastik,152.22,0.01
Sulawesi Selatan,2023,Industri,Barang Galian bukan Logam,28298.2,1.87
Sulawesi Selatan,2023,Industri,Logam Dasar,2019.56,0.13
Sulawesi Selatan,2023,Industri,"Barang Logam; Komputer, Barang Elektronik, Optik; dan Peralatan Listrik",2413.96,0.16
Sulawesi Selatan,2023,Industri,Mesin dan Perlengkapan,,
Sulawesi Selatan,2023,Industri,Alat Angkutan,94.06,0.01
Sulawesi Selatan,2023,Industri,Furnitur,96.84,0.01
Sulawesi Selatan,2023,Industri,Pengolahan Lainnya; Jasa Reparasi dan Pemasangan Mesin dan Peralatan,99.75,0.01
Sulawesi Selatan,2023,J,Informasi dan Komunikasi,34921.45,2.31
Sulawesi Selatan,2023,Jasa,Pertanian dan Perburuan,2018.62,0.13
Sulawesi Selatan,2023,Jasa,Perantara Keuangan,12485.82,0.82
Sulawesi Selatan,2023,Jasa,Keuangan Lainnya,9660.66,0.64
Sulawesi Selatan,2023,Jasa,Penunjang Keuangan,83.49,0.01
Sulawesi Selatan,2023,K,Jasa Keuangan dan Asuransi,23014.69,1.52
Sulawesi Selatan,2023,L,Real Estat,22521.63,1.49
Sulawesi Selatan,2023,"M,N",Jasa Perusahaan,3190.96,0.21
Sulawesi Selatan,2023,O,"Administrasi Pemerintahan, Pertahanan, dan Jaminan Sosial Wajib",26165.99,1.73
Sulawesi Selatan,2023,P,Jasa Pendidikan,32011.99,2.11
Sulawesi Selatan,2023,Produk,Domestik Bruto,652648.09,43.11
Sulawesi Selatan,2023,Q,Jasa Kesehatan dan Kegiatan Sosial,15353.27,1.01
Sulawesi Selatan,2023,"R,S,T,U",Jasa Lainnya,9214.45,0.61
Sulawesi Selatan,2023,Tanaman,Pangan,39915.84,2.64
Sulawesi Selatan,2023,Tanaman,Hortikultura,7938.8,0.52
Sulawesi Selatan,2023,Tanaman,Perkebunan,26865.38,1.77
Sulawesi Selatan,2024,A,"Pertanian, Kehutanan, dan Perikanan",152048.02,9.36
Sulawesi Selatan,2024,Angkutan,Rel,,
Sulawesi Selatan,2024,Angkutan,Darat,13944.17,0.86
Sulawesi Selatan,2024,Angkutan,Laut,1911.12,0.12
Sulawesi Selatan,2024,Angkutan,"Sungai, Danau, dan Penyeberangan",644.07,0.04
Sulawesi Selatan,2024,Angkutan,Udara,11238.49,0.69
Sulawesi Selatan,2024,Asuransi,dan Dana Pensiun,858.62,0.05
Sulawesi Selatan,2024,B,Pertambangan dan Penggalian,31687.92,1.95
Sulawesi Selatan,2024,C,Industri Pengolahan,90664.86,5.58
Sulawesi Selatan,2024,D,Pengadaan Listrik dan Gas,499.46,0.03
Sulawesi Selatan,2024,E,"Pengadaan Air; Pengelolaan Sampah, Limbah, dan Daur Ulang",646.3,0.04
Sulawesi Selatan,2024,F,Konstruksi,94072.51,5.79
Sulawesi Selatan,2024,G,Perdagangan Besar dan Eceran; Reparasi Mobil dan Sepeda Motor,103078.54,6.34
Sulawesi Selatan,2024,H,Transportasi dan Pergudangan,32219.99,1.98
Sulawesi Selatan,2024,I,Penyediaan Akomodasi dan Makan Minum,9497.46,0.58
Sulawesi Selatan,2024,Industri,Batubara dan Pengilangan Migas,,
Sulawesi Selatan,2024,Industri,Makanan dan Minuman,52849.73,3.25
Sulawesi Selatan,2024,Industri,Pengolahan Tembakau,187.62,0.01
Sulawesi Selatan,2024,Industri,Tekstil dan Pakaian Jadi,82.84,0.01
Sulawesi Selatan,2024,Industri,"Kulit, Barang dari Kulit, dan Alas Kaki",375.6,0.02
Sulawesi Selatan,2024,Industri,"Kayu, Barang dari Kayu dan Gabus; dan Barang Anyaman dari Bambu, Rotan, dan Sejenisnya",714.19,0.04
Sulawesi Selatan,2024,Industri,Kertas dan Barang dari Kertas; Percetakan dan Reproduksi Media Rekaman,1046.51,0.06
Sulawesi Selatan,2024,Industri,"Kimia, Farmasi, dan Obat Tradisional",90.79,0.01
Sulawesi Selatan,2024,Industri,Karet; Barang dari Karet dan Plastik,157.33,0.01
Sulawesi Selatan,2024,Industri,Barang Galian bukan Logam,30228.6,1.86
Sulawesi Selatan,2024,Industri,Logam Dasar,2197.15,0.14
Sulawesi Selatan,2024,Industri,"Barang Logam; Komputer, Barang Elektronik, Optik; dan Peralatan Listrik",2457.28,0.15
Sulawesi Selatan,2024,Industri,Mesin dan Perlengkapan,,
Sulawesi Selatan,2024,Industri,Alat Angkutan,70.23,0.0
Sulawesi Selatan,2024,Industri,Furnitur,108.18,0.01
Sulawesi Selatan,2024,Industri,Pengolahan Lainnya; Jasa Reparasi dan Pemasangan Mesin dan Peralatan,98.83,0.01
Sulawesi Selatan,2024,J,Informasi dan Komunikasi,37618.84,2.32
Sulawesi Selatan,2024,Jasa,Pertanian dan Perburuan,2135.9,0.13
Sulawesi Selatan,2024,Jasa,Perantara Keuangan,12758.22,0.79
Sulawesi Selatan,2024,Jasa,Keuangan Lainnya,11254.69,0.69
Sulawesi Selatan,2024,Jasa,Penunjang Keuangan,92.29,0.01
Sulawesi Selatan,2024,K,Jasa Keuangan dan Asuransi,24963.82,1.54
Sulawesi Selatan,2024,L,Real Estat,24347.53,1.5
Sulawesi Selatan,2024,"M,N",Jasa Perusahaan,3462.27,0.21
Sulawesi Selatan,2024,O,"Administrasi Pemerintahan, Pertahanan, dan Jaminan Sosial Wajib",27942.56,1.72
Sulawesi Selatan,2024,P,Jasa Pendidikan,35046.1,2.16
Sulawesi Selatan,2024,Produk,Domestik Bruto,696252.76,42.86
Sulawesi Selatan,2024,Q,Jasa Kesehatan dan Kegiatan Sosial,17810.8,1.1
Sulawesi Selatan,2024,"R,S,T,U",Jasa Lainnya,10645.81,0.66
Sulawesi Selatan,2024,Tanaman,Pangan,43244.38,2.66
Sulawesi Selatan,2024,Tanaman,Hortikultura,9214.21,0.57
Sulawesi Selatan,2024,Tanaman,Perkebunan,34107.27,2.1
Sulawesi Tengah,2014,A,"Pertanian, Kehutanan, dan Perikanan",31036027.0,14.55
Sulawesi Tengah,2014,Angkutan,Rel,,
Sulawesi Tengah,2014,Angkutan,Darat,2519498.0,1.18
Sulawesi Tengah,2014,Angkutan,Laut,188967.0,0.09
Sulawesi Tengah,2014,Angkutan,"Sungai, Danau, dan Penyeberangan",35127.0,0.02
Sulawesi Tengah,2014,Angkutan,Udara,857819.0,0.4
Sulawesi Tengah,2014,Asuransi,dan Dana Pensiun,50120.0,0.02
Sulawesi Tengah,2014,B,Pertambangan dan Penggalian,8645745.0,4.05
Sulawesi Tengah,2014,C,Industri Pengolahan,5296509.0,2.48
Sulawesi Tengah,2014,D,Pengadaan Listrik dan Gas,32641.0,0.02
Sulawesi Tengah,2014,E,"Pengadaan Air; Pengelolaan Sampah, Limbah, dan Daur Ulang",132846.0,0.06
Sulawesi Tengah,2014,F,Konstruksi,12273447.0,5.76
Sulawesi Tengah,2014,G,Perdagangan Besar dan Eceran; Reparasi Mobil dan Sepeda Motor,8787921.0,4.12
Sulawesi Tengah,2014,H,Transportasi dan Pergudangan,3845111.0,1.8
Sulawesi Tengah,2014,I,Penyediaan Akomodasi dan Makan Minum,522681.0,0.25
Sulawesi Tengah,2014,Industri,Batubara dan Pengilangan Migas,,
Sulawesi Tengah,2014,Industri,Makanan dan Minuman,3205439.0,1.5
Sulawesi Tengah,2014,Industri,Pengolahan Tembakau,45282.0,0.02
Sulawesi Tengah,2014,Industri,Tekstil dan Pakaian Jadi,19888.0,0.01
Sulawesi Tengah,2014,Industri,"Kulit, Barang dari Kulit, dan Alas Kaki",13548.0,0.01
Sulawesi Tengah,2014,Industri,"Kayu, Barang dari Kayu dan Gabus; dan Barang Anyaman dari Bambu, Rotan, dan Sejenisnya",1432949.0,0.67
Sulawesi Tengah,2014,Industri,Kertas dan Barang dari Kertas; Percetakan dan Reproduksi Media Rekaman,72219.0,0.03
Sulawesi Tengah,2014,Industri,"Kimia, Farmasi, dan Obat Tradisional",5040.0,0.0
Sulawesi Tengah,2014,Industri,Karet; Barang dari Karet dan Plastik,52266.0,0.02
Sulawesi Tengah,2014,Industri,Barang Galian bukan Logam,214544.0,0.1
Sulawesi Tengah,2014,Industri,Logam Dasar,541.0,0.0
Sulawesi Tengah,2014,Industri,"Barang Logam; Komputer, Barang Elektronik, Optik; dan Peralatan Listrik",38381.0,0.02
Sulawesi Tengah,2014,Industri,Mesin dan Perlengkapan,,
Sulawesi Tengah,2014,Industri,Alat Angkutan,45590.0,0.02
Sulawesi Tengah,2014,Industri,Furnitur,140522.0,0.07
Sulawesi Tengah,2014,Industri,Pengolahan Lainnya; Jasa Reparasi dan Pemasangan Mesin dan Peralatan,10300.0,0.0
Sulawesi Tengah,2014,J,Informasi dan Komunikasi,3135003.0,1.47
Sulawesi Tengah,2014,Jasa,Pertanian dan Perburuan,374253.0,0.18
Sulawesi Tengah,2014,Jasa,Perantara Keuangan,1733281.0,0.81
Sulawesi Tengah,2014,Jasa,Keuangan Lainnya,341906.0,0.16
Sulawesi Tengah,2014,Jasa,Penunjang Keuangan,7860.0,0.0
Sulawesi Tengah,2014,K,Jasa Keuangan dan Asuransi,2133167.0,1.0
Sulawesi Tengah,2014,L,Real Estat,1869560.0,0.88
Sulawesi Tengah,2014,"M,N",Jasa Perusahaan,253051.0,0.12
Sulawesi Tengah,2014,O,"Administrasi Pemerintahan, Pertahanan, dan Jaminan Sosial Wajib",6123136.0,2.87
Sulawesi Tengah,2014,P,Jasa Pendidikan,3963959.0,1.86
Sulawesi Tengah,2014,Produk,Domestik Bruto,90246274.0,42.32
Sulawesi Tengah,2014,Q,Jasa Kesehatan dan Kegiatan Sosial,1378846.0,0.65
Sulawesi Tengah,2014,"R,S,T,U",Jasa Lainnya,816624.0,0.38
Sulawesi Tengah,2014,Tanaman,Pangan,4781610.0,2.24
Sulawesi Tengah,2014,Tanaman,Hortikultura,2752222.0,1.29
Sulawesi Tengah,2014,Tanaman,Perkebunan,13825068.0,6.48
Sulawesi Tengah,2015,A,"Pertanian, Kehutanan, dan Perikanan",33643.74,13.19
Sulawesi Tengah,2015,Angkutan,Rel,0.0,0.0
Sulawesi Tengah,2015,Angkutan,Darat,2884.22,1.13
Sulawesi Tengah,2015,Angkutan,Laut,224.44,0.09
Sulawesi Tengah,2015,Angkutan,"Sungai, Danau, dan Penyeberangan",38.68,0.02
Sulawesi Tengah,2015,Angkutan,Udara,926.19,0.36
Sulawesi Tengah,2015,Asuransi,dan Dana Pensiun,57.17,0.02
Sulawesi Tengah,2015,B,Pertambangan dan Penggalian,11027.22,4.32
Sulawesi Tengah,2015,C,Industri Pengolahan,10455.73,4.1
Sulawesi Tengah,2015,D,Pengadaan Listrik dan Gas,31.77,0.01
Sulawesi Tengah,2015,E,"Pengadaan Air; Pengelolaan Sampah, Limbah, dan Daur Ulang",150.85,0.06
Sulawesi Tengah,2015,F,Konstruksi,15341.2,6.01
Sulawesi Tengah,2015,G,Perdagangan Besar dan Eceran; Reparasi Mobil dan Sepeda Motor,9986.68,3.91
Sulawesi Tengah,2015,H,Transportasi dan Pergudangan,4344.51,1.7
Sulawesi Tengah,2015,I,Penyediaan Akomodasi dan Makan Minum,592.68,0.23
Sulawesi Tengah,2015,Industri,Batubara dan Pengilangan Migas,1643.07,0.64
Sulawesi Tengah,2015,Industri,Makanan dan Minuman,3813.85,1.49
Sulawesi Tengah,2015,Industri,Pengolahan Tembakau,49.36,0.02
Sulawesi Tengah,2015,Industri,Tekstil dan Pakaian Jadi,22.42,0.01
Sulawesi Tengah,2015,Industri,"Kulit, Barang dari Kulit, dan Alas Kaki",15.01,0.01
Sulawesi Tengah,2015,Industri,"Kayu, Barang dari Kayu dan Gabus; dan Barang Anyaman dari Bambu, Rotan, dan Sejenisnya",1484.03,0.58
Sulawesi Tengah,2015,Industri,Kertas dan Barang dari Kertas; Percetakan dan Reproduksi Media Rekaman,82.44,0.03
Sulawesi Tengah,2015,Industri,"Kimia, Farmasi, dan Obat Tradisional",5.14,0.0
Sulawesi Tengah,2015,Industri,Karet; Barang dari Karet dan Plastik,50.31,0.02
Sulawesi Tengah,2015,Industri,Barang Galian bukan Logam,239.59,0.09
Sulawesi Tengah,2015,Industri,Logam Dasar,2806.91,1.1
Sulawesi Tengah,2015,Industri,"Barang Logam; Komputer, Barang Elektronik, Optik; dan Peralatan Listrik",40.77,0.02
Sulawesi Tengah,2015,Industri,Mesin dan Perlengkapan,0.0,0.0
Sulawesi Tengah,2015,Industri,Alat Angkutan,48.6,0.02
Sulawesi Tengah,2015,Industri,Furnitur,143.79,0.06
Sulawesi Tengah,2015,Industri,Pengolahan Lainnya; Jasa Reparasi dan Pemasangan Mesin dan Peralatan,10.45,0.0
Sulawesi Tengah,2015,J,Informasi dan Komunikasi,3469.44,1.36
Sulawesi Tengah,2015,Jasa,Pertanian dan Perburuan,394.4,0.15
Sulawesi Tengah,2015,Jasa,Perantara Keuangan,1903.22,0.75
Sulawesi Tengah,2015,Jasa,Keuangan Lainnya,381.36,0.15
Sulawesi Tengah,2015,Jasa,Penunjang Keuangan,8.86,0.0
Sulawesi Tengah,2015,K,Jasa Keuangan dan Asuransi,2350.62,0.92
Sulawesi Tengah,2015,L,Real Estat,2098.94,0.82
Sulawesi Tengah,2015,"M,N",Jasa Perusahaan,286.92,0.11
Sulawesi Tengah,2015,O,"Administrasi Pemerintahan, Pertahanan, dan Jaminan Sosial Wajib",6923.04,2.71
Sulawesi Tengah,2015,P,Jasa Pendidikan,4368.65,1.71
Sulawesi Tengah,2015,Produk,Domestik Bruto,107573.47,42.17
Sulawesi Tengah,2015,Q,Jasa Kesehatan dan Kegiatan Sosial,1532.65,0.6
Sulawesi Tengah,2015,"R,S,T,U",Jasa Lainnya,968.83,0.38
Sulawesi Tengah,2015,Tanaman,Pangan,4987.1,1.95
Sulawesi Tengah,2015,Tanaman,Hortikultura,3163.78,1.24
Sulawesi Tengah,2015,Tanaman,Perkebunan,14540.16,5.7
Sulawesi Tengah,2016,A,"Pertanian, Kehutanan, dan Perikanan",35538.28,12.46
Sulawesi Tengah,2016,Angkutan,Rel,,
Sulawesi Tengah,2016,Angkutan,Darat,3100.17,1.09
Sulawesi Tengah,2016,Angkutan,Laut,248.08,0.09
Sulawesi Tengah,2016,Angkutan,"Sungai, Danau, dan Penyeberangan",41.04,0.01
Sulawesi Tengah,2016,Angkutan,Udara,988.58,0.35
Sulawesi Tengah,2016,Asuransi,dan Dana Pensiun,62.49,0.02
Sulawesi Tengah,2016,B,Pertambangan dan Penggalian,14165.57,4.97
Sulawesi Tengah,2016,C,Industri Pengolahan,14253.53,5.0
Sulawesi Tengah,2016,D,Pengadaan Listrik dan Gas,35.93,0.01
Sulawesi Tengah,2016,E,"Pengadaan Air; Pengelolaan Sampah, Limbah, dan Daur Ulang",162.43,0.06
Sulawesi Tengah,2016,F,Konstruksi,15501.06,5.43
Sulawesi Tengah,2016,G,Perdagangan Besar dan Eceran; Reparasi Mobil dan Sepeda Motor,10883.36,3.82
Sulawesi Tengah,2016,H,Transportasi dan Pergudangan,4663.78,1.63
Sulawesi Tengah,2016,I,Penyediaan Akomodasi dan Makan Minum,636.75,0.22
Sulawesi Tengah,2016,Industri,Batubara dan Pengilangan Migas,4156.67,1.46
Sulawesi Tengah,2016,Industri,Makanan dan Minuman,4106.61,1.44
Sulawesi Tengah,2016,Industri,Pengolahan Tembakau,51.43,0.02
Sulawesi Tengah,2016,Industri,Tekstil dan Pakaian Jadi,25.3,0.01
Sulawesi Tengah,2016,Industri,"Kulit, Barang dari Kulit, dan Alas Kaki",16.38,0.01
Sulawesi Tengah,2016,Industri,"Kayu, Barang dari Kayu dan Gabus; dan Barang Anyaman dari Bambu, Rotan, dan Sejenisnya",1565.59,0.55
Sulawesi Tengah,2016,Industri,Kertas dan Barang dari Kertas; Percetakan dan Reproduksi Media Rekaman,91.71,0.03
Sulawesi Tengah,2016,Industri,"Kimia, Farmasi, dan Obat Tradisional",5.27,0.0
Sulawesi Tengah,2016,Industri,Karet; Barang dari Karet dan Plastik,52.59,0.02
Sulawesi Tengah,2016,Industri,Barang Galian bukan Logam,248.87,0.09
Sulawesi Tengah,2016,Industri,Logam Dasar,3673.89,1.29
Sulawesi Tengah,2016,Industri,"Barang Logam; Komputer, Barang Elektronik, Optik; dan Peralatan Listrik",43.28,0.02
Sulawesi Tengah,2016,Industri,Mesin dan Perlengkapan,,
Sulawesi Tengah,2016,Industri,Alat Angkutan,53.82,0.02
Sulawesi Tengah,2016,Industri,Furnitur,151.8,0.05
Sulawesi Tengah,2016,Industri,Pengolahan Lainnya; Jasa Reparasi dan Pemasangan Mesin dan Peralatan,10.3,0.0
Sulawesi Tengah,2016,J,Informasi dan Komunikasi,3823.84,1.34
Sulawesi Tengah,2016,Jasa,Pertanian dan Perburuan,432.03,0.15
Sulawesi Tengah,2016,Jasa,Perantara Keuangan,2362.0,0.83
Sulawesi Tengah,2016,Jasa,Keuangan Lainnya,405.98,0.14
Sulawesi Tengah,2016,Jasa,Penunjang Keuangan,9.55,0.0
Sulawesi Tengah,2016,K,Jasa Keuangan dan Asuransi,2840.02,1.0
Sulawesi Tengah,2016,L,Real Estat,2229.21,0.78
Sulawesi Tengah,2016,"M,N",Jasa Perusahaan,310.84,0.11
Sulawesi Tengah,2016,O,"Administrasi Pemerintahan, Pertahanan, dan Jaminan Sosial Wajib",7518.03,2.64
Sulawesi Tengah,2016,P,Jasa Pendidikan,4750.82,1.67
Sulawesi Tengah,2016,Produk,Domestik Bruto,120030.01,42.08
Sulawesi Tengah,2016,Q,Jasa Kesehatan dan Kegiatan Sosial,1625.67,0.57
Sulawesi Tengah,2016,"R,S,T,U",Jasa Lainnya,1090.9,0.38
Sulawesi Tengah,2016,Tanaman,Pangan,5353.21,1.88
Sulawesi Tengah,2016,Tanaman,Hortikultura,3362.52,1.18
Sulawesi Tengah,2016,Tanaman,Perkebunan,14592.3,5.12
Sulawesi Tengah,2017,A,"Pertanian, Kehutanan, dan Perikanan",38822.55,12.2
Sulawesi Tengah,2017,Angkutan,Rel,,
Sulawesi Tengah,2017,Angkutan,Darat,3404.69,1.07
Sulawesi Tengah,2017,Angkutan,Laut,277.0,0.09
Sulawesi Tengah,2017,Angkutan,"Sungai, Danau, dan Penyeberangan",42.62,0.01
Sulawesi Tengah,2017,Angkutan,Udara,1171.53,0.37
Sulawesi Tengah,2017,Asuransi,dan Dana Pensiun,68.03,0.02
Sulawesi Tengah,2017,B,Pertambangan dan Penggalian,17192.25,5.4
Sulawesi Tengah,2017,C,Industri Pengolahan,16541.02,5.2
Sulawesi Tengah,2017,D,Pengadaan Listrik dan Gas,44.08,0.01
Sulawesi Tengah,2017,E,"Pengadaan Air; Pengelolaan Sampah, Limbah, dan Daur Ulang",176.59,0.06
Sulawesi Tengah,2017,F,Konstruksi,16785.47,5.27
Sulawesi Tengah,2017,G,Perdagangan Besar dan Eceran; Reparasi Mobil dan Sepeda Motor,11800.1,3.71
Sulawesi Tengah,2017,H,Transportasi dan Pergudangan,5195.42,1.63
Sulawesi Tengah,2017,I,Penyediaan Akomodasi dan Makan Minum,719.14,0.23
Sulawesi Tengah,2017,Industri,Batubara dan Pengilangan Migas,4822.54,1.52
Sulawesi Tengah,2017,Industri,Makanan dan Minuman,4380.57,1.38
Sulawesi Tengah,2017,Industri,Pengolahan Tembakau,52.14,0.02
Sulawesi Tengah,2017,Industri,Tekstil dan Pakaian Jadi,27.92,0.01
Sulawesi Tengah,2017,Industri,"Kulit, Barang dari Kulit, dan Alas Kaki",17.35,0.01
Sulawesi Tengah,2017,Industri,"Kayu, Barang dari Kayu dan Gabus; dan Barang Anyaman dari Bambu, Rotan, dan Sejenisnya",1639.6,0.52
Sulawesi Tengah,2017,Industri,Kertas dan Barang dari Kertas; Percetakan dan Reproduksi Media Rekaman,97.36,0.03
Sulawesi Tengah,2017,Industri,"Kimia, Farmasi, dan Obat Tradisional",7.12,0.0
Sulawesi Tengah,2017,Industri,Karet; Barang dari Karet dan Plastik,58.65,0.02
Sulawesi Tengah,2017,Industri,Barang Galian bukan Logam,277.57,0.09
Sulawesi Tengah,2017,Industri,Logam Dasar,4888.73,1.54
Sulawesi Tengah,2017,Industri,"Barang Logam; Komputer, Barang Elektronik, Optik; dan Peralatan Listrik",45.89,0.01
Sulawesi Tengah,2017,Industri,Mesin dan Perlengkapan,,
Sulawesi Tengah,2017,Industri,Alat Angkutan,57.68,0.02
Sulawesi Tengah,2017,Industri,Furnitur,156.96,0.05
Sulawesi Tengah,2017,Industri,Pengolahan Lainnya; Jasa Reparasi dan Pemasangan Mesin dan Peralatan,10.93,0.0
Sulawesi Tengah,2017,J,Informasi dan Komunikasi,4291.04,1.35
Sulawesi Tengah,2017,Jasa,Pertanian dan Perburuan,470.34,0.15
Sulawesi Tengah,2017,Jasa,Perantara Keuangan,2641.45,0.83
Sulawesi Tengah,2017,Jasa,Keuangan Lainnya,441.31,0.14
Sulawesi Tengah,2017,Jasa,Penunjang Keuangan,10.2,0.0
Sulawesi Tengah,2017,K,Jasa Keuangan dan Asuransi,3160.99,0.99
Sulawesi Tengah,2017,L,Real Estat,2435.79,0.77
Sulawesi Tengah,2017,"M,N",Jasa Perusahaan,335.07,0.11
Sulawesi Tengah,2017,O,"Administrasi Pemerintahan, Pertahanan, dan Jaminan Sosial Wajib",8290.81,2.61
Sulawesi Tengah,2017,P,Jasa Pendidikan,5165.47,1.62
Sulawesi Tengah,2017,Produk,Domestik Bruto,133951.16,42.09
Sulawesi Tengah,2017,Q,Jasa Kesehatan dan Kegiatan Sosial,1818.78,0.57
Sulawesi Tengah,2017,"R,S,T,U",Jasa Lainnya,1176.59,0.37
Sulawesi Tengah,2017,Tanaman,Pangan,5691.75,1.79
Sulawesi Tengah,2017,Tanaman,Hortikultura,3585.36,1.13
Sulawesi Tengah,2017,Tanaman,Perkebunan,16016.79,5.03
Sulawesi Tengah,2018,A,"Pertanian, Kehutanan, dan Perikanan",41722.83,10.3
Sulawesi Tengah,2018,Angkutan,Rel,,
Sulawesi Tengah,2018,Angkutan,Darat,3901.25,0.96
Sulawesi Tengah,2018,Angkutan,Laut,300.89,0.07
Sulawesi Tengah,2018,Angkutan,"Sungai, Danau, dan Penyeberangan",45.51,0.01
Sulawesi Tengah,2018,Angkutan,Udara,1383.65,0.34
Sulawesi Tengah,2018,Asuransi,dan Dana Pensiun,73.68,0.02
Sulawesi Tengah,2018,B,Pertambangan dan Penggalian,21468.29,5.3
Sulawesi Tengah,2018,C,Industri Pengolahan,34919.67,8.62
Sulawesi Tengah,2018,D,Pengadaan Listrik dan Gas,50.0,0.01
Sulawesi Tengah,2018,E,"Pengadaan Air; Pengelolaan Sampah, Limbah, dan Daur Ulang",190.89,0.05
Sulawesi Tengah,2018,F,Konstruksi,18300.51,4.52
Sulawesi Tengah,2018,G,Perdagangan Besar dan Eceran; Reparasi Mobil dan Sepeda Motor,13347.64,3.29
Sulawesi Tengah,2018,H,Transportasi dan Pergudangan,5958.02,1.47
Sulawesi Tengah,2018,I,Penyediaan Akomodasi dan Makan Minum,799.45,0.2
Sulawesi Tengah,2018,Industri,Batubara dan Pengilangan Migas,4971.04,1.23
Sulawesi Tengah,2018,Industri,Makanan dan Minuman,4629.86,1.14
Sulawesi Tengah,2018,Industri,Pengolahan Tembakau,28.38,0.01
Sulawesi Tengah,2018,Industri,Tekstil dan Pakaian Jadi,30.76,0.01
Sulawesi Tengah,2018,Industri,"Kulit, Barang dari Kulit, dan Alas Kaki",19.05,0.0
Sulawesi Tengah,2018,Industri,"Kayu, Barang dari Kayu dan Gabus; dan Barang Anyaman dari Bambu, Rotan, dan Sejenisnya",1748.71,0.43
Sulawesi Tengah,2018,Industri,Kertas dan Barang dari Kertas; Percetakan dan Reproduksi Media Rekaman,107.1,0.03
Sulawesi Tengah,2018,Industri,"Kimia, Farmasi, dan Obat Tradisional",499.36,0.12
Sulawesi Tengah,2018,Industri,Karet; Barang dari Karet dan Plastik,63.05,0.02
Sulawesi Tengah,2018,Industri,Barang Galian bukan Logam,309.08,0.08
Sulawesi Tengah,2018,Industri,Logam Dasar,22221.8,5.48
Sulawesi Tengah,2018,Industri,"Barang Logam; Komputer, Barang Elektronik, Optik; dan Peralatan Listrik",49.05,0.01
Sulawesi Tengah,2018,Industri,Mesin dan Perlengkapan,,
Sulawesi Tengah,2018,Industri,Alat Angkutan,62.95,0.02
Sulawesi Tengah,2018,Industri,Furnitur,167.64,0.04
Sulawesi Tengah,2018,Industri,Pengolahan Lainnya; Jasa Reparasi dan Pemasangan Mesin dan Peralatan,11.86,0.0
Sulawesi Tengah,2018,J,Informasi dan Komunikasi,5075.11,1.25
Sulawesi Tengah,2018,Jasa,Pertanian dan Perburuan,515.19,0.13
Sulawesi Tengah,2018,Jasa,Perantara Keuangan,2760.89,0.68
Sulawesi Tengah,2018,Jasa,Keuangan Lainnya,486.85,0.12
Sulawesi Tengah,2018,Jasa,Penunjang Keuangan,10.95,0.0
Sulawesi Tengah,2018,K,Jasa Keuangan dan Asuransi,3332.36,0.82
Sulawesi Tengah,2018,L,Real Estat,2696.3,0.67
Sulawesi Tengah,2018,"M,N",Jasa Perusahaan,370.77,0.09
Sulawesi Tengah,2018,O,"Administrasi Pemerintahan, Pertahanan, dan Jaminan Sosial Wajib",9748.57,2.41
Sulawesi Tengah,2018,P,Jasa Pendidikan,5736.63,1.42
Sulawesi Tengah,2018,Produk,Domestik Bruto,167135.77,41.24
Sulawesi Tengah,2018,Q,Jasa Kesehatan dan Kegiatan Sosial,2134.82,0.53
Sulawesi Tengah,2018,"R,S,T,U",Jasa Lainnya,1283.91,0.32
Sulawesi Tengah,2018,Tanaman,Pangan,6051.77,1.49
Sulawesi Tengah,2018,Tanaman,Hortikultura,3921.62,0.97
Sulawesi Tengah,2018,Tanaman,Perkebunan,16584.71,4.09
Sulawesi Tengah,2019,A,"Pertanian, Kehutanan, dan Perikanan",43091.99,9.58
Sulawesi Tengah,2019,Angkutan,Rel,,
Sulawesi Tengah,2019,Angkutan,Darat,4429.14,0.98
Sulawesi Tengah,2019,Angkutan,Laut,318.78,0.07
Sulawesi Tengah,2019,Angkutan,"Sungai, Danau, dan Penyeberangan",49.97,0.01
Sulawesi Tengah,2019,Angkutan,Udara,1404.04,0.31
Sulawesi Tengah,2019,Asuransi,dan Dana Pensiun,76.4,0.02
Sulawesi Tengah,2019,B,Pertambangan dan Penggalian,24863.31,5.52
Sulawesi Tengah,2019,C,Industri Pengolahan,41643.48,9.25
Sulawesi Tengah,2019,D,Pengadaan Listrik dan Gas,51.81,0.01
Sulawesi Tengah,2019,E,"Pengadaan Air; Pengelolaan Sampah, Limbah, dan Daur Ulang",196.62,0.04
Sulawesi Tengah,2019,F,Konstruksi,21021.92,4.67
Sulawesi Tengah,2019,G,Perdagangan Besar dan Eceran; Reparasi Mobil dan Sepeda Motor,14608.67,3.25
Sulawesi Tengah,2019,H,Transportasi dan Pergudangan,6557.23,1.46
Sulawesi Tengah,2019,I,Penyediaan Akomodasi dan Makan Minum,831.71,0.18
Sulawesi Tengah,2019,Industri,Batubara dan Pengilangan Migas,4842.39,1.08
Sulawesi Tengah,2019,Industri,Makanan dan Minuman,4521.21,1.0
Sulawesi Tengah,2019,Industri,Pengolahan Tembakau,30.52,0.01
Sulawesi Tengah,2019,Industri,Tekstil dan Pakaian Jadi,33.1,0.01
Sulawesi Tengah,2019,Industri,"Kulit, Barang dari Kulit, dan Alas Kaki",19.16,0.0
Sulawesi Tengah,2019,Industri,"Kayu, Barang dari Kayu dan Gabus; dan Barang Anyaman dari Bambu, Rotan, dan Sejenisnya",1759.99,0.39
Sulawesi Tengah,2019,Industri,Kertas dan Barang dari Kertas; Percetakan dan Reproduksi Media Rekaman,109.85,0.02
Sulawesi Tengah,2019,Industri,"Kimia, Farmasi, dan Obat Tradisional",1449.75,0.32
Sulawesi Tengah,2019,Industri,Karet; Barang dari Karet dan Plastik,66.8,0.01
Sulawesi Tengah,2019,Industri,Barang Galian bukan Logam,297.47,0.07
Sulawesi Tengah,2019,Industri,Logam Dasar,28180.87,6.26
Sulawesi Tengah,2019,Industri,"Barang Logam; Komputer, Barang Elektronik, Optik; dan Peralatan Listrik",55.16,0.01
Sulawesi Tengah,2019,Industri,Mesin dan Perlengkapan,,
Sulawesi Tengah,2019,Industri,Alat Angkutan,71.37,0.02
Sulawesi Tengah,2019,Industri,Furnitur,192.66,0.04
Sulawesi Tengah,2019,Industri,Pengolahan Lainnya; Jasa Reparasi dan Pemasangan Mesin dan Peralatan,13.18,0.0
Sulawesi Tengah,2019,J,Informasi dan Komunikasi,5662.8,1.26
Sulawesi Tengah,2019,Jasa,Pertanian dan Perburuan,540.94,0.12
Sulawesi Tengah,2019,Jasa,Perantara Keuangan,2756.95,0.61
Sulawesi Tengah,2019,Jasa,Keuangan Lainnya,525.68,0.12
Sulawesi Tengah,2019,Jasa,Penunjang Keuangan,11.52,0.0
Sulawesi Tengah,2019,K,Jasa Keuangan dan Asuransi,3370.56,0.75
Sulawesi Tengah,2019,L,Real Estat,2798.05,0.62
Sulawesi Tengah,2019,"M,N",Jasa Perusahaan,395.11,0.09
Sulawesi Tengah,2019,O,"Administrasi Pemerintahan, Pertahanan, dan Jaminan Sosial Wajib",10750.06,2.39
Sulawesi Tengah,2019,P,Jasa Pendidikan,6146.02,1.37
Sulawesi Tengah,2019,Produk,Domestik Bruto,185740.09,41.27
Sulawesi Tengah,2019,Q,Jasa Kesehatan dan Kegiatan Sosial,2397.69,0.53
Sulawesi Tengah,2019,"R,S,T,U",Jasa Lainnya,1353.04,0.3
Sulawesi Tengah,2019,Tanaman,Pangan,6030.38,1.34
Sulawesi Tengah,2019,Tanaman,Hortikultura,4173.01,0.93
Sulawesi Tengah,2019,Tanaman,Perkebunan,16574.38,3.68
Sulawesi Tengah,2020,A,"Pertanian, Kehutanan, dan Perikanan",42961.69,8.86
Sulawesi Tengah,2020,Angkutan,Rel,,
Sulawesi Tengah,2020,Angkutan,Darat,3119.79,0.64
Sulawesi Tengah,2020,Angkutan,Laut,240.27,0.05
Sulawesi Tengah,2020,Angkutan,"Sungai, Danau, dan Penyeberangan",37.98,0.01
Sulawesi Tengah,2020,Angkutan,Udara,768.84,0.16
Sulawesi Tengah,2020,Asuransi,dan Dana Pensiun,81.38,0.02
Sulawesi Tengah,2020,B,Pertambangan dan Penggalian,26456.48,5.45
Sulawesi Tengah,2020,C,Industri Pengolahan,54517.18,11.24
Sulawesi Tengah,2020,D,Pengadaan Listrik dan Gas,53.53,0.01
Sulawesi Tengah,2020,E,"Pengadaan Air; Pengelolaan Sampah, Limbah, dan Daur Ulang",200.12,0.04
Sulawesi Tengah,2020,F,Konstruksi,20027.97,4.13
Sulawesi Tengah,2020,G,Perdagangan Besar dan Eceran; Reparasi Mobil dan Sepeda Motor,13971.89,2.88
Sulawesi Tengah,2020,H,Transportasi dan Pergudangan,4461.6,0.92
Sulawesi Tengah,2020,I,Penyediaan Akomodasi dan Makan Minum,753.6,0.16
Sulawesi Tengah,2020,Industri,Batubara dan Pengilangan Migas,4062.15,0.84
Sulawesi Tengah,2020,Industri,Makanan dan Minuman,4682.58,0.97
Sulawesi Tengah,2020,Industri,Pengolahan Tembakau,30.59,0.01
Sulawesi Tengah,2020,Industri,Tekstil dan Pakaian Jadi,33.1,0.01
Sulawesi Tengah,2020,Industri,"Kulit, Barang dari Kulit, dan Alas Kaki",19.46,0.0
Sulawesi Tengah,2020,Industri,"Kayu, Barang dari Kayu dan Gabus; dan Barang Anyaman dari Bambu, Rotan, dan Sejenisnya",1752.48,0.36
Sulawesi Tengah,2020,Industri,Kertas dan Barang dari Kertas; Percetakan dan Reproduksi Media Rekaman,109.32,0.02
Sulawesi Tengah,2020,Industri,"Kimia, Farmasi, dan Obat Tradisional",1006.54,0.21
Sulawesi Tengah,2020,Industri,Karet; Barang dari Karet dan Plastik,67.61,0.01
Sulawesi Tengah,2020,Industri,Barang Galian bukan Logam,262.63,0.05
Sulawesi Tengah,2020,Industri,Logam Dasar,42155.41,8.69
Sulawesi Tengah,2020,Industri,"Barang Logam; Komputer, Barang Elektronik, Optik; dan Peralatan Listrik",51.96,0.01
Sulawesi Tengah,2020,Industri,Mesin dan Perlengkapan,,
Sulawesi Tengah,2020,Industri,Alat Angkutan,73.15,0.02
Sulawesi Tengah,2020,Industri,Furnitur,197.65,0.04
Sulawesi Tengah,2020,Industri,Pengolahan Lainnya; Jasa Reparasi dan Pemasangan Mesin dan Peralatan,12.56,0.0
Sulawesi Tengah,2020,J,Informasi dan Komunikasi,6059.67,1.25
Sulawesi Tengah,2020,Jasa,Pertanian dan Perburuan,553.61,0.11
Sulawesi Tengah,2020,Jasa,Perantara Keuangan,3061.69,0.63
Sulawesi Tengah,2020,Jasa,Keuangan Lainnya,533.23,0.11
Sulawesi Tengah,2020,Jasa,Penunjang Keuangan,11.88,0.0
Sulawesi Tengah,2020,K,Jasa Keuangan dan Asuransi,3688.18,0.76
Sulawesi Tengah,2020,L,Real Estat,2862.5,0.59
Sulawesi Tengah,2020,"M,N",Jasa Perusahaan,392.08,0.08
Sulawesi Tengah,2020,O,"Administrasi Pemerintahan, Pertahanan, dan Jaminan Sosial Wajib",10961.01,2.26
Sulawesi Tengah,2020,P,Jasa Pendidikan,6125.1,1.26
Sulawesi Tengah,2020,Produk,Domestik Bruto,197440.78,40.7
Sulawesi Tengah,2020,Q,Jasa Kesehatan dan Kegiatan Sosial,2589.32,0.53
Sulawesi Tengah,2020,"R,S,T,U",Jasa Lainnya,1358.87,0.28
Sulawesi Tengah,2020,Tanaman,Pangan,5990.63,1.23
Sulawesi Tengah,2020,Tanaman,Hortikultura,4011.64,0.83
Sulawesi Tengah,2020,Tanaman,Perkebunan,17267.68,3.56
Sulawesi Tengah,2021,A,"Pertanian, Kehutanan, dan Perikanan",46500.06,7.53
Sulawesi Tengah,2021,Angkutan,Rel,,
Sulawesi Tengah,2021,Angkutan,Darat,3310.54,0.54
Sulawesi Tengah,2021,Angkutan,Laut,248.44,0.04
Sulawesi Tengah,2021,Angkutan,"Sungai, Danau, dan Penyeberangan",38.32,0.01
Sulawesi Tengah,2021,Angkutan,Udara,915.33,0.15
Sulawesi Tengah,2021,Asuransi,dan Dana Pensiun,84.76,0.01
Sulawesi Tengah,2021,B,Pertambangan dan Penggalian,34898.37,5.65
Sulawesi Tengah,2021,C,Industri Pengolahan,83546.53,13.52
Sulawesi Tengah,2021,D,Pengadaan Listrik dan Gas,56.3,0.01
Sulawesi Tengah,2021,E,"Pengadaan Air; Pengelolaan Sampah, Limbah, dan Daur Ulang",213.37,0.03
Sulawesi Tengah,2021,F,Konstruksi,24031.21,3.89
Sulawesi Tengah,2021,G,Perdagangan Besar dan Eceran; Reparasi Mobil dan Sepeda Motor,15846.75,2.56
Sulawesi Tengah,2021,H,Transportasi dan Pergudangan,4823.4,0.78
Sulawesi Tengah,2021,I,Penyediaan Akomodasi dan Makan Minum,864.59,0.14
Sulawesi Tengah,2021,Industri,Batubara dan Pengilangan Migas,4757.25,0.77
Sulawesi Tengah,2021,Industri,Makanan dan Minuman,5015.99,0.81
Sulawesi Tengah,2021,Industri,Pengolahan Tembakau,30.57,0.0
Sulawesi Tengah,2021,Industri,Tekstil dan Pakaian Jadi,33.09,0.01
Sulawesi Tengah,2021,Industri,"Kulit, Barang dari Kulit, dan Alas Kaki",19.53,0.0
Sulawesi Tengah,2021,Industri,"Kayu, Barang dari Kayu dan Gabus; dan Barang Anyaman dari Bambu, Rotan, dan Sejenisnya",1752.38,0.28
Sulawesi Tengah,2021,Industri,Kertas dan Barang dari Kertas; Percetakan dan Reproduksi Media Rekaman,110.73,0.02
Sulawesi Tengah,2021,Industri,"Kimia, Farmasi, dan Obat Tradisional",1841.18,0.3
Sulawesi Tengah,2021,Industri,Karet; Barang dari Karet dan Plastik,70.15,0.01
Sulawesi Tengah,2021,Industri,Barang Galian bukan Logam,287.73,0.05
Sulawesi Tengah,2021,Industri,Logam Dasar,69276.67,11.21
Sulawesi Tengah,2021,Industri,"Barang Logam; Komputer, Barang Elektronik, Optik; dan Peralatan Listrik",58.52,0.01
Sulawesi Tengah,2021,Industri,Mesin dan Perlengkapan,,
Sulawesi Tengah,2021,Industri,Alat Angkutan,73.76,0.01
Sulawesi Tengah,2021,Industri,Furnitur,205.9,0.03
Sulawesi Tengah,2021,Industri,Pengolahan Lainnya; Jasa Reparasi dan Pemasangan Mesin dan Peralatan,13.07,0.0
Sulawesi Tengah,2021,J,Informasi dan Komunikasi,6635.76,1.07
Sulawesi Tengah,2021,Jasa,Pertanian dan Perburuan,570.69,0.09
Sulawesi Tengah,2021,Jasa,Perantara Keuangan,3615.54,0.59
Sulawesi Tengah,2021,Jasa,Keuangan Lainnya,566.2,0.09
Sulawesi Tengah,2021,Jasa,Penunjang Keuangan,12.32,0.0
Sulawesi Tengah,2021,K,Jasa Keuangan dan Asuransi,4278.82,0.69
Sulawesi Tengah,2021,L,Real Estat,2954.41,0.48
Sulawesi Tengah,2021,"M,N",Jasa Perusahaan,407.41,0.07
Sulawesi Tengah,2021,O,"Administrasi Pemerintahan, Pertahanan, dan Jaminan Sosial Wajib",11707.43,1.89
Sulawesi Tengah,2021,P,Jasa Pendidikan,6234.84,1.01
Sulawesi Tengah,2021,Produk,Domestik Bruto,247280.35,40.02
Sulawesi Tengah,2021,Q,Jasa Kesehatan dan Kegiatan Sosial,2874.49,0.47
Sulawesi Tengah,2021,"R,S,T,U",Jasa Lainnya,1406.6,0.23
Sulawesi Tengah,2021,Tanaman,Pangan,6053.42,0.98
Sulawesi Tengah,2021,Tanaman,Hortikultura,4162.92,0.67
Sulawesi Tengah,2021,Tanaman,Perkebunan,20139.92,3.26
Sulawesi Tengah,2022,A,"Pertanian, Kehutanan, dan Perikanan",51206.64,6.22
Sulawesi Tengah,2022,Angkutan,Rel,,
Sulawesi Tengah,2022,Angkutan,Darat,4663.33,0.57
Sulawesi Tengah,2022,Angkutan,Laut,274.84,0.03
Sulawesi Tengah,2022,Angkutan,"Sungai, Danau, dan Penyeberangan",41.18,0.01
Sulawesi Tengah,2022,Angkutan,Udara,1375.83,0.17
Sulawesi Tengah,2022,Asuransi,dan Dana Pensiun,91.1,0.01
Sulawesi Tengah,2022,B,Pertambangan dan Penggalian,49643.77,6.03
Sulawesi Tengah,2022,C,Industri Pengolahan,130494.71,15.85
Sulawesi Tengah,2022,D,Pengadaan Listrik dan Gas,62.63,0.01
Sulawesi Tengah,2022,E,"Pengadaan Air; Pengelolaan Sampah, Limbah, dan Daur Ulang",227.29,0.03
Sulawesi Tengah,2022,F,Konstruksi,27211.37,3.31
Sulawesi Tengah,2022,G,Perdagangan Besar dan Eceran; Reparasi Mobil dan Sepeda Motor,18463.72,2.24
Sulawesi Tengah,2022,H,Transportasi dan Pergudangan,6706.57,0.81
Sulawesi Tengah,2022,I,Penyediaan Akomodasi dan Makan Minum,984.64,0.12
Sulawesi Tengah,2022,Industri,Batubara dan Pengilangan Migas,8914.12,1.08
Sulawesi Tengah,2022,Industri,Makanan dan Minuman,5592.75,0.68
Sulawesi Tengah,2022,Industri,Pengolahan Tembakau,30.6,0.0
Sulawesi Tengah,2022,Industri,Tekstil dan Pakaian Jadi,34.63,0.0
Sulawesi Tengah,2022,Industri,"Kulit, Barang dari Kulit, dan Alas Kaki",19.96,0.0
Sulawesi Tengah,2022,Industri,"Kayu, Barang dari Kayu dan Gabus; dan Barang Anyaman dari Bambu, Rotan, dan Sejenisnya",1755.78,0.21
Sulawesi Tengah,2022,Industri,Kertas dan Barang dari Kertas; Percetakan dan Reproduksi Media Rekaman,114.6,0.01
Sulawesi Tengah,2022,Industri,"Kimia, Farmasi, dan Obat Tradisional",4357.46,0.53
Sulawesi Tengah,2022,Industri,Karet; Barang dari Karet dan Plastik,78.0,0.01
Sulawesi Tengah,2022,Industri,Barang Galian bukan Logam,310.51,0.04
Sulawesi Tengah,2022,Industri,Logam Dasar,108917.8,13.23
Sulawesi Tengah,2022,Industri,"Barang Logam; Komputer, Barang Elektronik, Optik; dan Peralatan Listrik",61.2,0.01
Sulawesi Tengah,2022,Industri,Mesin dan Perlengkapan,,
Sulawesi Tengah,2022,Industri,Alat Angkutan,77.33,0.01
Sulawesi Tengah,2022,Industri,Furnitur,215.92,0.03
Sulawesi Tengah,2022,Industri,Pengolahan Lainnya; Jasa Reparasi dan Pemasangan Mesin dan Peralatan,14.05,0.0
Sulawesi Tengah,2022,J,Informasi dan Komunikasi,6967.23,0.85
Sulawesi Tengah,2022,Jasa,Pertanian dan Perburuan,644.97,0.08
Sulawesi Tengah,2022,Jasa,Perantara Keuangan,3868.45,0.47
Sulawesi Tengah,2022,Jasa,Keuangan Lainnya,625.69,0.08
Sulawesi Tengah,2022,Jasa,Penunjang Keuangan,13.81,0.0
Sulawesi Tengah,2022,K,Jasa Keuangan dan Asuransi,4599.04,0.56
Sulawesi Tengah,2022,L,Real Estat,3302.1,0.4
Sulawesi Tengah,2022,"M,N",Jasa Perusahaan,451.95,0.05
Sulawesi Tengah,2022,O,"Administrasi Pemerintahan, Pertahanan, dan Jaminan Sosial Wajib",12159.33,1.48
Sulawesi Tengah,2022,P,Jasa Pendidikan,6555.3,0.8
Sulawesi Tengah,2022,Produk,Domestik Bruto,323630.28,39.32
Sulawesi Tengah,2022,Q,Jasa Kesehatan dan Kegiatan Sosial,3067.18,0.37
Sulawesi Tengah,2022,"R,S,T,U",Jasa Lainnya,1526.82,0.19
Sulawesi Tengah,2022,Tanaman,Pangan,6370.53,0.77
Sulawesi Tengah,2022,Tanaman,Hortikultura,4622.27,0.56
Sulawesi Tengah,2022,Tanaman,Perkebunan,22737.58,2.76
Sulawesi Tengah,2023,A,"Pertanian, Kehutanan, dan Perikanan",54803.2,6.2
Sulawesi Tengah,2023,Angkutan,Rel,,
Sulawesi Tengah,2023,Angkutan,Darat,5084.73,0.58
Sulawesi Tengah,2023,Angkutan,Laut,286.73,0.03
Sulawesi Tengah,2023,Angkutan,"Sungai, Danau, dan Penyeberangan",42.38,0.0
Sulawesi Tengah,2023,Angkutan,Udara,1711.55,0.19
Sulawesi Tengah,2023,Asuransi,dan Dana Pensiun,102.19,0.01
Sulawesi Tengah,2023,B,Pertambangan dan Penggalian,53102.28,6.01
Sulawesi Tengah,2023,C,Industri Pengolahan,140088.24,15.86
Sulawesi Tengah,2023,D,Pengadaan Listrik dan Gas,68.07,0.01
Sulawesi Tengah,2023,E,"Pengadaan Air; Pengelolaan Sampah, Limbah, dan Daur Ulang",239.21,0.03
Sulawesi Tengah,2023,F,Konstruksi,28842.4,3.27
Sulawesi Tengah,2023,G,Perdagangan Besar dan Eceran; Reparasi Mobil dan Sepeda Motor,20191.15,2.29
Sulawesi Tengah,2023,H,Transportasi dan Pergudangan,7487.65,0.85
Sulawesi Tengah,2023,I,Penyediaan Akomodasi dan Makan Minum,1095.23,0.12
Sulawesi Tengah,2023,Industri,Batubara dan Pengilangan Migas,11029.45,1.25
Sulawesi Tengah,2023,Industri,Makanan dan Minuman,5718.63,0.65
Sulawesi Tengah,2023,Industri,Pengolahan Tembakau,30.7,0.0
Sulawesi Tengah,2023,Industri,Tekstil dan Pakaian Jadi,36.14,0.0
Sulawesi Tengah,2023,Industri,"Kulit, Barang dari Kulit, dan Alas Kaki",20.88,0.0
Sulawesi Tengah,2023,Industri,"Kayu, Barang dari Kayu dan Gabus; dan Barang Anyaman dari Bambu, Rotan, dan Sejenisnya",1761.97,0.2
Sulawesi Tengah,2023,Industri,Kertas dan Barang dari Kertas; Percetakan dan Reproduksi Media Rekaman,122.48,0.01
Sulawesi Tengah,2023,Industri,"Kimia, Farmasi, dan Obat Tradisional",2142.0,0.24
Sulawesi Tengah,2023,Industri,Karet; Barang dari Karet dan Plastik,79.32,0.01
Sulawesi Tengah,2023,Industri,Barang Galian bukan Logam,336.57,0.04
Sulawesi Tengah,2023,Industri,Logam Dasar,118425.49,13.41
Sulawesi Tengah,2023,Industri,"Barang Logam; Komputer, Barang Elektronik, Optik; dan Peralatan Listrik",61.43,0.01
Sulawesi Tengah,2023,Industri,Mesin dan Perlengkapan,,
Sulawesi Tengah,2023,Industri,Alat Angkutan,79.64,0.01
Sulawesi Tengah,2023,Industri,Furnitur,228.5,0.03
Sulawesi Tengah,2023,Industri,Pengolahan Lainnya; Jasa Reparasi dan Pemasangan Mesin dan Peralatan,15.03,0.0
Sulawesi Tengah,2023,J,Informasi dan Komunikasi,7430.49,0.84
Sulawesi Tengah,2023,Jasa,Pertanian dan Perburuan,695.08,0.08
Sulawesi Tengah,2023,Jasa,Perantara Keuangan,3918.76,0.44
Sulawesi Tengah,2023,Jasa,Keuangan Lainnya,698.34,0.08
Sulawesi Tengah,2023,Jasa,Penunjang Keuangan,15.51,0.0
Sulawesi Tengah,2023,K,Jasa Keuangan dan Asuransi,4734.8,0.54
Sulawesi Tengah,2023,L,Real Estat,3832.48,0.43
Sulawesi Tengah,2023,"M,N",Jasa Perusahaan,496.15,0.06
Sulawesi Tengah,2023,O,"Administrasi Pemerintahan, Pertahanan, dan Jaminan Sosial Wajib",12771.23,1.45
Sulawesi Tengah,2023,P,Jasa Pendidikan,6931.15,0.78
Sulawesi Tengah,2023,Produk,Domestik Bruto,347139.01,39.3
Sulawesi Tengah,2023,Q,Jasa Kesehatan dan Kegiatan Sosial,3367.4,0.38
Sulawesi Tengah,2023,"R,S,T,U",Jasa Lainnya,1657.88,0.19
Sulawesi Tengah,2023,Tanaman,Pangan,7288.63,0.83
Sulawesi Tengah,2023,Tanaman,Hortikultura,4946.87,0.56
Sulawesi Tengah,2023,Tanaman,Perkebunan,24096.8,2.73
Sulawesi Tengah,2024,A,"Pertanian, Kehutanan, dan Perikanan",59567.55,6.18
Sulawesi Tengah,2024,Angkutan,Rel,,
Sulawesi Tengah,2024,Angkutan,Darat,5443.7,0.57
Sulawesi Tengah,2024,Angkutan,Laut,300.58,0.03
Sulawesi Tengah,2024,Angkutan,"Sungai, Danau, dan Penyeberangan",44.14,0.0
Sulawesi Tengah,2024,Angkutan,Udara,1865.05,0.19
Sulawesi Tengah,2024,Asuransi,dan Dana Pensiun,109.12,0.01
Sulawesi Tengah,2024,B,Pertambangan dan Penggalian,55198.23,5.73
Sulawesi Tengah,2024,C,Industri Pengolahan,155241.98,16.11
Sulawesi Tengah,2024,D,Pengadaan Listrik dan Gas,73.54,0.01
Sulawesi Tengah,2024,E,"Pengadaan Air; Pengelolaan Sampah, Limbah, dan Daur Ulang",253.67,0.03
Sulawesi Tengah,2024,F,Konstruksi,31345.75,3.25
Sulawesi Tengah,2024,G,Perdagangan Besar dan Eceran; Reparasi Mobil dan Sepeda Motor,21766.11,2.26
Sulawesi Tengah,2024,H,Transportasi dan Pergudangan,8028.11,0.83
Sulawesi Tengah,2024,I,Penyediaan Akomodasi dan Makan Minum,1202.46,0.12
Sulawesi Tengah,2024,Industri,Batubara dan Pengilangan Migas,15472.09,1.61
Sulawesi Tengah,2024,Industri,Makanan dan Minuman,6271.29,0.65
Sulawesi Tengah,2024,Industri,Pengolahan Tembakau,30.92,0.0
Sulawesi Tengah,2024,Industri,Tekstil dan Pakaian Jadi,37.2,0.0
Sulawesi Tengah,2024,Industri,"Kulit, Barang dari Kulit, dan Alas Kaki",21.63,0.0
Sulawesi Tengah,2024,Industri,"Kayu, Barang dari Kayu dan Gabus; dan Barang Anyaman dari Bambu, Rotan, dan Sejenisnya",1779.8,0.18
Sulawesi Tengah,2024,Industri,Kertas dan Barang dari Kertas; Percetakan dan Reproduksi Media Rekaman,127.95,0.01
Sulawesi Tengah,2024,Industri,"Kimia, Farmasi, dan Obat Tradisional",1882.79,0.2
Sulawesi Tengah,2024,Industri,Karet; Barang dari Karet dan Plastik,80.27,0.01
Sulawesi Tengah,2024,Industri,Barang Galian bukan Logam,356.25,0.04
Sulawesi Tengah,2024,Industri,Logam Dasar,128782.95,13.37
Sulawesi Tengah,2024,Industri,"Barang Logam; Komputer, Barang Elektronik, Optik; dan Peralatan Listrik",62.9,0.01
Sulawesi Tengah,2024,Industri,Mesin dan Perlengkapan,,
Sulawesi Tengah,2024,Industri,Alat Angkutan,81.71,0.01
Sulawesi Tengah,2024,Industri,Furnitur,238.54,0.02
Sulawesi Tengah,2024,Industri,Pengolahan Lainnya; Jasa Reparasi dan Pemasangan Mesin dan Peralatan,15.7,0.0
Sulawesi Tengah,2024,J,Informasi dan Komunikasi,7802.84,0.81
Sulawesi Tengah,2024,Jasa,Pertanian dan Perburuan,743.58,0.08
Sulawesi Tengah,2024,Jasa,Perantara Keuangan,4462.56,0.46
Sulawesi Tengah,2024,Jasa,Keuangan Lainnya,751.11,0.08
Sulawesi Tengah,2024,Jasa,Penunjang Keuangan,16.02,0.0
Sulawesi Tengah,2024,K,Jasa Keuangan dan Asuransi,5338.81,0.55
Sulawesi Tengah,2024,L,Real Estat,4245.94,0.44
Sulawesi Tengah,2024,"M,N",Jasa Perusahaan,539.45,0.06
Sulawesi Tengah,2024,O,"Administrasi Pemerintahan, Pertahanan, dan Jaminan Sosial Wajib",13755.75,1.43
Sulawesi Tengah,2024,P,Jasa Pendidikan,7309.27,0.76
Sulawesi Tengah,2024,Produk,Domestik Bruto,376950.32,39.12
Sulawesi Tengah,2024,Q,Jasa Kesehatan dan Kegiatan Sosial,3518.48,0.37
Sulawesi Tengah,2024,"R,S,T,U",Jasa Lainnya,1762.37,0.18
Sulawesi Tengah,2024,Tanaman,Pangan,7767.88,0.81
Sulawesi Tengah,2024,Tanaman,Hortikultura,5465.2,0.57
Sulawesi Tengah,2024,Tanaman,Perkebunan,27366.67,2.84
Sulawesi Tenggara,2014,A,"Pertanian, Kehutanan, dan Perikanan",20197.55,11.48
Sulawesi Tenggara,2014,Angkutan,Rel,,
Sulawesi Tenggara,2014,Angkutan,Darat,1768.11,1.01
Sulawesi Tenggara,2014,Angkutan,Laut,145.13,0.08
Sulawesi Tenggara,2014,Angkutan,"Sungai, Danau, dan Penyeberangan",200.71,0.11
Sulawesi Tenggara,2014,Angkutan,Udara,1144.13,0.65
Sulawesi Tenggara,2014,Asuransi,dan Dana Pensiun,22.92,0.01
Sulawesi Tenggara,2014,B,Pertambangan dan Penggalian,15688.3,8.92
Sulawesi Tenggara,2014,C,Industri Pengolahan,4692.25,2.67
Sulawesi Tenggara,2014,D,Pengadaan Listrik dan Gas,29.09,0.02
Sulawesi Tenggara,2014,E,"Pengadaan Air; Pengelolaan Sampah, Limbah, dan Daur Ulang",163.05,0.09
Sulawesi Tenggara,2014,F,Konstruksi,9685.83,5.51
Sulawesi Tenggara,2014,G,Perdagangan Besar dan Eceran; Reparasi Mobil dan Sepeda Motor,9265.16,5.27
Sulawesi Tenggara,2014,H,Transportasi dan Pergudangan,3483.06,1.98
Sulawesi Tenggara,2014,I,Penyediaan Akomodasi dan Makan Minum,454.96,0.26
Sulawesi Tenggara,2014,Industri,Batubara dan Pengilangan Migas,,
Sulawesi Tenggara,2014,Industri,Makanan dan Minuman,2426.19,1.38
Sulawesi Tenggara,2014,Industri,Pengolahan Tembakau,0.77,0.0
Sulawesi Tenggara,2014,Industri,Tekstil dan Pakaian Jadi,36.74,0.02
Sulawesi Tenggara,2014,Industri,"Kulit, Barang dari Kulit, dan Alas Kaki",,
Sulawesi Tenggara,2014,Industri,"Kayu, Barang dari Kayu dan Gabus; dan Barang Anyaman dari Bambu, Rotan, dan Sejenisnya",14.03,0.01
Sulawesi Tenggara,2014,Industri,Kertas dan Barang dari Kertas; Percetakan dan Reproduksi Media Rekaman,14.77,0.01
Sulawesi Tenggara,2014,Industri,"Kimia, Farmasi, dan Obat Tradisional",0.51,0.0
Sulawesi Tenggara,2014,Industri,Karet; Barang dari Karet dan Plastik,2.32,0.0
Sulawesi Tenggara,2014,Industri,Barang Galian bukan Logam,75.11,0.04
Sulawesi Tenggara,2014,Industri,Logam Dasar,1399.17,0.8
Sulawesi Tenggara,2014,Industri,"Barang Logam; Komputer, Barang Elektronik, Optik; dan Peralatan Listrik",437.13,0.25
Sulawesi Tenggara,2014,Industri,Mesin dan Perlengkapan,,
Sulawesi Tenggara,2014,Industri,Alat Angkutan,140.45,0.08
Sulawesi Tenggara,2014,Industri,Furnitur,126.85,0.07
Sulawesi Tenggara,2014,Industri,Pengolahan Lainnya; Jasa Reparasi dan Pemasangan Mesin dan Peralatan,18.22,0.01
Sulawesi Tenggara,2014,J,Informasi dan Komunikasi,1510.13,0.86
Sulawesi Tenggara,2014,Jasa,Pertanian dan Perburuan,157.4,0.09
Sulawesi Tenggara,2014,Jasa,Perantara Keuangan,1369.5,0.78
Sulawesi Tenggara,2014,Jasa,Keuangan Lainnya,423.45,0.24
Sulawesi Tenggara,2014,Jasa,Penunjang Keuangan,1.98,0.0
Sulawesi Tenggara,2014,K,Jasa Keuangan dan Asuransi,1817.84,1.03
Sulawesi Tenggara,2014,L,Real Estat,1293.2,0.74
Sulawesi Tenggara,2014,"M,N",Jasa Perusahaan,154.81,0.09
Sulawesi Tenggara,2014,O,"Administrasi Pemerintahan, Pertahanan, dan Jaminan Sosial Wajib",4748.43,2.7
Sulawesi Tenggara,2014,P,Jasa Pendidikan,3585.5,2.04
Sulawesi Tenggara,2014,Produk,Domestik Bruto,78622.15,44.7
Sulawesi Tenggara,2014,Q,Jasa Kesehatan dan Kegiatan Sosial,760.78,0.43
Sulawesi Tenggara,2014,"R,S,T,U",Jasa Lainnya,1092.22,0.62
Sulawesi Tenggara,2014,Tanaman,Pangan,2280.39,1.3
Sulawesi Tenggara,2014,Tanaman,Hortikultura,989.08,0.56
Sulawesi Tenggara,2014,Tanaman,Perkebunan,5433.7,3.09
Sulawesi Tenggara,2015,A,"Pertanian, Kehutanan, dan Perikanan",21076.03,10.78
Sulawesi Tenggara,2015,Angkutan,Rel,0.0,0.0
Sulawesi Tenggara,2015,Angkutan,Darat,1906.03,0.97
Sulawesi Tenggara,2015,Angkutan,Laut,156.72,0.08
Sulawesi Tenggara,2015,Angkutan,"Sungai, Danau, dan Penyeberangan",209.49,0.11
Sulawesi Tenggara,2015,Angkutan,Udara,1364.96,0.7
Sulawesi Tenggara,2015,Asuransi,dan Dana Pensiun,25.12,0.01
Sulawesi Tenggara,2015,B,Pertambangan dan Penggalian,18319.43,9.37
Sulawesi Tenggara,2015,C,Industri Pengolahan,5223.07,2.67
Sulawesi Tenggara,2015,D,Pengadaan Listrik dan Gas,31.28,0.02
Sulawesi Tenggara,2015,E,"Pengadaan Air; Pengelolaan Sampah, Limbah, dan Daur Ulang",172.77,0.09
Sulawesi Tenggara,2015,F,Konstruksi,11691.22,5.98
Sulawesi Tenggara,2015,G,Perdagangan Besar dan Eceran; Reparasi Mobil dan Sepeda Motor,10514.94,5.38
Sulawesi Tenggara,2015,H,Transportasi dan Pergudangan,3903.2,2.0
Sulawesi Tenggara,2015,I,Penyediaan Akomodasi dan Makan Minum,516.15,0.26
Sulawesi Tenggara,2015,Industri,Batubara dan Pengilangan Migas,0.0,0.0
Sulawesi Tenggara,2015,Industri,Makanan dan Minuman,2833.33,1.45
Sulawesi Tenggara,2015,Industri,Pengolahan Tembakau,0.78,0.0
Sulawesi Tenggara,2015,Industri,Tekstil dan Pakaian Jadi,39.15,0.02
Sulawesi Tenggara,2015,Industri,"Kulit, Barang dari Kulit, dan Alas Kaki",0.0,0.0
Sulawesi Tenggara,2015,Industri,"Kayu, Barang dari Kayu dan Gabus; dan Barang Anyaman dari Bambu, Rotan, dan Sejenisnya",14.93,0.01
Sulawesi Tenggara,2015,Industri,Kertas dan Barang dari Kertas; Percetakan dan Reproduksi Media Rekaman,16.08,0.01
Sulawesi Tenggara,2015,Industri,"Kimia, Farmasi, dan Obat Tradisional",0.6,0.0
Sulawesi Tenggara,2015,Industri,Karet; Barang dari Karet dan Plastik,2.6,0.0
Sulawesi Tenggara,2015,Industri,Barang Galian bukan Logam,85.14,0.04
Sulawesi Tenggara,2015,Industri,Logam Dasar,1473.05,0.75
Sulawesi Tenggara,2015,Industri,"Barang Logam; Komputer, Barang Elektronik, Optik; dan Peralatan Listrik",455.13,0.23
Sulawesi Tenggara,2015,Industri,Mesin dan Perlengkapan,0.0,0.0
Sulawesi Tenggara,2015,Industri,Alat Angkutan,144.07,0.07
Sulawesi Tenggara,2015,Industri,Furnitur,138.36,0.07
Sulawesi Tenggara,2015,Industri,Pengolahan Lainnya; Jasa Reparasi dan Pemasangan Mesin dan Peralatan,19.85,0.01
Sulawesi Tenggara,2015,J,Informasi dan Komunikasi,1602.43,0.82
Sulawesi Tenggara,2015,Jasa,Pertanian dan Perburuan,156.11,0.08
Sulawesi Tenggara,2015,Jasa,Perantara Keuangan,1536.84,0.79
Sulawesi Tenggara,2015,Jasa,Keuangan Lainnya,472.64,0.24
Sulawesi Tenggara,2015,Jasa,Penunjang Keuangan,2.21,0.0
Sulawesi Tenggara,2015,K,Jasa Keuangan dan Asuransi,2036.81,1.04
Sulawesi Tenggara,2015,L,Real Estat,1403.85,0.72
Sulawesi Tenggara,2015,"M,N",Jasa Perusahaan,181.34,0.09
Sulawesi Tenggara,2015,O,"Administrasi Pemerintahan, Pertahanan, dan Jaminan Sosial Wajib",4987.8,2.55
Sulawesi Tenggara,2015,P,Jasa Pendidikan,3988.55,2.04
Sulawesi Tenggara,2015,Produk,Domestik Bruto,87714.48,44.85
Sulawesi Tenggara,2015,Q,Jasa Kesehatan dan Kegiatan Sosial,844.16,0.43
Sulawesi Tenggara,2015,"R,S,T,U",Jasa Lainnya,1221.45,0.62
Sulawesi Tenggara,2015,Tanaman,Pangan,2429.16,1.24
Sulawesi Tenggara,2015,Tanaman,Hortikultura,1062.34,0.54
Sulawesi Tenggara,2015,Tanaman,Perkebunan,5595.5,2.86
Sulawesi Tenggara,2016,A,"Pertanian, Kehutanan, dan Perikanan",23581.14,10.9
Sulawesi Tenggara,2016,Angkutan,Rel,,
Sulawesi Tenggara,2016,Angkutan,Darat,2082.52,0.96
Sulawesi Tenggara,2016,Angkutan,Laut,169.6,0.08
Sulawesi Tenggara,2016,Angkutan,"Sungai, Danau, dan Penyeberangan",233.1,0.11
Sulawesi Tenggara,2016,Angkutan,Udara,1585.96,0.73
Sulawesi Tenggara,2016,Asuransi,dan Dana Pensiun,27.87,0.01
Sulawesi Tenggara,2016,B,Pertambangan dan Penggalian,18797.31,8.69
Sulawesi Tenggara,2016,C,Industri Pengolahan,5924.56,2.74
Sulawesi Tenggara,2016,D,Pengadaan Listrik dan Gas,37.27,0.02
Sulawesi Tenggara,2016,E,"Pengadaan Air; Pengelolaan Sampah, Limbah, dan Daur Ulang",190.9,0.09
Sulawesi Tenggara,2016,F,Konstruksi,13596.27,6.29
Sulawesi Tenggara,2016,G,Perdagangan Besar dan Eceran; Reparasi Mobil dan Sepeda Motor,12013.5,5.56
Sulawesi Tenggara,2016,H,Transportasi dan Pergudangan,4362.87,2.02
Sulawesi Tenggara,2016,I,Penyediaan Akomodasi dan Makan Minum,568.96,0.26
Sulawesi Tenggara,2016,Industri,Batubara dan Pengilangan Migas,,
Sulawesi Tenggara,2016,Industri,Makanan dan Minuman,3235.0,1.5
Sulawesi Tenggara,2016,Industri,Pengolahan Tembakau,0.84,0.0
Sulawesi Tenggara,2016,Industri,Tekstil dan Pakaian Jadi,43.19,0.02
Sulawesi Tenggara,2016,Industri,"Kulit, Barang dari Kulit, dan Alas Kaki",,
Sulawesi Tenggara,2016,Industri,"Kayu, Barang dari Kayu dan Gabus; dan Barang Anyaman dari Bambu, Rotan, dan Sejenisnya",15.91,0.01
Sulawesi Tenggara,2016,Industri,Kertas dan Barang dari Kertas; Percetakan dan Reproduksi Media Rekaman,16.62,0.01
Sulawesi Tenggara,2016,Industri,"Kimia, Farmasi, dan Obat Tradisional",0.64,0.0
Sulawesi Tenggara,2016,Industri,Karet; Barang dari Karet dan Plastik,2.79,0.0
Sulawesi Tenggara,2016,Industri,Barang Galian bukan Logam,92.67,0.04
Sulawesi Tenggara,2016,Industri,Logam Dasar,1689.53,0.78
Sulawesi Tenggara,2016,Industri,"Barang Logam; Komputer, Barang Elektronik, Optik; dan Peralatan Listrik",489.1,0.23
Sulawesi Tenggara,2016,Industri,Mesin dan Perlengkapan,,
Sulawesi Tenggara,2016,Industri,Alat Angkutan,157.41,0.07
Sulawesi Tenggara,2016,Industri,Furnitur,158.75,0.07
Sulawesi Tenggara,2016,Industri,Pengolahan Lainnya; Jasa Reparasi dan Pemasangan Mesin dan Peralatan,22.09,0.01
Sulawesi Tenggara,2016,J,Informasi dan Komunikasi,1792.69,0.83
Sulawesi Tenggara,2016,Jasa,Pertanian dan Perburuan,170.71,0.08
Sulawesi Tenggara,2016,Jasa,Perantara Keuangan,1852.81,0.86
Sulawesi Tenggara,2016,Jasa,Keuangan Lainnya,536.34,0.25
Sulawesi Tenggara,2016,Jasa,Penunjang Keuangan,2.54,0.0
Sulawesi Tenggara,2016,K,Jasa Keuangan dan Asuransi,2419.56,1.12
Sulawesi Tenggara,2016,L,Real Estat,1500.54,0.69
Sulawesi Tenggara,2016,"M,N",Jasa Perusahaan,201.36,0.09
Sulawesi Tenggara,2016,O,"Administrasi Pemerintahan, Pertahanan, dan Jaminan Sosial Wajib",5206.29,2.41
Sulawesi Tenggara,2016,P,Jasa Pendidikan,4557.36,2.11
Sulawesi Tenggara,2016,Produk,Domestik Bruto,96994.76,44.85
Sulawesi Tenggara,2016,Q,Jasa Kesehatan dan Kegiatan Sosial,915.25,0.42
Sulawesi Tenggara,2016,"R,S,T,U",Jasa Lainnya,1328.95,0.61
Sulawesi Tenggara,2016,Tanaman,Pangan,2412.48,1.12
Sulawesi Tenggara,2016,Tanaman,Hortikultura,1040.38,0.48
Sulawesi Tenggara,2016,Tanaman,Perkebunan,6227.85,2.88
Sulawesi Tenggara,2017,A,"Pertanian, Kehutanan, dan Perikanan",25869.14,10.82
Sulawesi Tenggara,2017,Angkutan,Rel,,
Sulawesi Tenggara,2017,Angkutan,Darat,2212.96,0.93
Sulawesi Tenggara,2017,Angkutan,Laut,181.79,0.08
Sulawesi Tenggara,2017,Angkutan,"Sungai, Danau, dan Penyeberangan",254.11,0.11
Sulawesi Tenggara,2017,Angkutan,Udara,1895.91,0.79
Sulawesi Tenggara,2017,Asuransi,dan Dana Pensiun,30.52,0.01
Sulawesi Tenggara,2017,B,Pertambangan dan Penggalian,22213.42,9.29
Sulawesi Tenggara,2017,C,Industri Pengolahan,6591.64,2.76
Sulawesi Tenggara,2017,D,Pengadaan Listrik dan Gas,44.78,0.02
Sulawesi Tenggara,2017,E,"Pengadaan Air; Pengelolaan Sampah, Limbah, dan Daur Ulang",194.81,0.08
Sulawesi Tenggara,2017,F,Konstruksi,14345.87,6.0
Sulawesi Tenggara,2017,G,Perdagangan Besar dan Eceran; Reparasi Mobil dan Sepeda Motor,13481.62,5.64
Sulawesi Tenggara,2017,H,Transportasi dan Pergudangan,4849.62,2.03
Sulawesi Tenggara,2017,I,Penyediaan Akomodasi dan Makan Minum,621.68,0.26
Sulawesi Tenggara,2017,Industri,Batubara dan Pengilangan Migas,,
Sulawesi Tenggara,2017,Industri,Makanan dan Minuman,3652.07,1.53
Sulawesi Tenggara,2017,Industri,Pengolahan Tembakau,0.86,0.0
Sulawesi Tenggara,2017,Industri,Tekstil dan Pakaian Jadi,43.46,0.02
Sulawesi Tenggara,2017,Industri,"Kulit, Barang dari Kulit, dan Alas Kaki",,
Sulawesi Tenggara,2017,Industri,"Kayu, Barang dari Kayu dan Gabus; dan Barang Anyaman dari Bambu, Rotan, dan Sejenisnya",15.79,0.01
Sulawesi Tenggara,2017,Industri,Kertas dan Barang dari Kertas; Percetakan dan Reproduksi Media Rekaman,18.15,0.01
Sulawesi Tenggara,2017,Industri,"Kimia, Farmasi, dan Obat Tradisional",0.69,0.0
Sulawesi Tenggara,2017,Industri,Karet; Barang dari Karet dan Plastik,2.99,0.0
Sulawesi Tenggara,2017,Industri,Barang Galian bukan Logam,93.37,0.04
Sulawesi Tenggara,2017,Industri,Logam Dasar,1848.87,0.77
Sulawesi Tenggara,2017,Industri,"Barang Logam; Komputer, Barang Elektronik, Optik; dan Peralatan Listrik",551.46,0.23
Sulawesi Tenggara,2017,Industri,Mesin dan Perlengkapan,,
Sulawesi Tenggara,2017,Industri,Alat Angkutan,163.33,0.07
Sulawesi Tenggara,2017,Industri,Furnitur,175.29,0.07
Sulawesi Tenggara,2017,Industri,Pengolahan Lainnya; Jasa Reparasi dan Pemasangan Mesin dan Peralatan,25.29,0.01
Sulawesi Tenggara,2017,J,Informasi dan Komunikasi,1984.44,0.83
Sulawesi Tenggara,2017,Jasa,Pertanian dan Perburuan,177.82,0.07
Sulawesi Tenggara,2017,Jasa,Perantara Keuangan,2022.32,0.85
Sulawesi Tenggara,2017,Jasa,Keuangan Lainnya,574.35,0.24
Sulawesi Tenggara,2017,Jasa,Penunjang Keuangan,2.68,0.0
Sulawesi Tenggara,2017,K,Jasa Keuangan dan Asuransi,2629.88,1.1
Sulawesi Tenggara,2017,L,Real Estat,1601.74,0.67
Sulawesi Tenggara,2017,"M,N",Jasa Perusahaan,219.35,0.09
Sulawesi Tenggara,2017,O,"Administrasi Pemerintahan, Pertahanan, dan Jaminan Sosial Wajib",5532.16,2.31
Sulawesi Tenggara,2017,P,Jasa Pendidikan,4875.37,2.04
Sulawesi Tenggara,2017,Produk,Domestik Bruto,107423.45,44.93
Sulawesi Tenggara,2017,Q,Jasa Kesehatan dan Kegiatan Sosial,972.08,0.41
Sulawesi Tenggara,2017,"R,S,T,U",Jasa Lainnya,1395.85,0.58
Sulawesi Tenggara,2017,Tanaman,Pangan,2379.58,1.0
Sulawesi Tenggara,2017,Tanaman,Hortikultura,1036.15,0.43
Sulawesi Tenggara,2017,Tanaman,Perkebunan,6865.81,2.87
Sulawesi Tenggara,2018,A,"Pertanian, Kehutanan, dan Perikanan",28293.34,10.78
Sulawesi Tenggara,2018,Angkutan,Rel,,
Sulawesi Tenggara,2018,Angkutan,Darat,2497.26,0.95
Sulawesi Tenggara,2018,Angkutan,Laut,192.99,0.07
Sulawesi Tenggara,2018,Angkutan,"Sungai, Danau, dan Penyeberangan",273.4,0.1
Sulawesi Tenggara,2018,Angkutan,Udara,2127.84,0.81
Sulawesi Tenggara,2018,Asuransi,dan Dana Pensiun,31.64,0.01
Sulawesi Tenggara,2018,B,Pertambangan dan Penggalian,24595.94,9.37
Sulawesi Tenggara,2018,C,Industri Pengolahan,7279.08,2.77
Sulawesi Tenggara,2018,D,Pengadaan Listrik dan Gas,46.12,0.02
Sulawesi Tenggara,2018,E,"Pengadaan Air; Pengelolaan Sampah, Limbah, dan Daur Ulang",206.63,0.08
Sulawesi Tenggara,2018,F,Konstruksi,15925.48,6.07
Sulawesi Tenggara,2018,G,Perdagangan Besar dan Eceran; Reparasi Mobil dan Sepeda Motor,14919.76,5.68
Sulawesi Tenggara,2018,H,Transportasi dan Pergudangan,5415.79,2.06
Sulawesi Tenggara,2018,I,Penyediaan Akomodasi dan Makan Minum,679.36,0.26
Sulawesi Tenggara,2018,Industri,Batubara dan Pengilangan Migas,,
Sulawesi Tenggara,2018,Industri,Makanan dan Minuman,3714.47,1.41
Sulawesi Tenggara,2018,Industri,Pengolahan Tembakau,0.9,0.0
Sulawesi Tenggara,2018,Industri,Tekstil dan Pakaian Jadi,47.52,0.02
Sulawesi Tenggara,2018,Industri,"Kulit, Barang dari Kulit, dan Alas Kaki",,
Sulawesi Tenggara,2018,Industri,"Kayu, Barang dari Kayu dan Gabus; dan Barang Anyaman dari Bambu, Rotan, dan Sejenisnya",18.06,0.01
Sulawesi Tenggara,2018,Industri,Kertas dan Barang dari Kertas; Percetakan dan Reproduksi Media Rekaman,17.45,0.01
Sulawesi Tenggara,2018,Industri,"Kimia, Farmasi, dan Obat Tradisional",0.75,0.0
Sulawesi Tenggara,2018,Industri,Karet; Barang dari Karet dan Plastik,3.11,0.0
Sulawesi Tenggara,2018,Industri,Barang Galian bukan Logam,101.03,0.04
Sulawesi Tenggara,2018,Industri,Logam Dasar,2418.43,0.92
Sulawesi Tenggara,2018,Industri,"Barang Logam; Komputer, Barang Elektronik, Optik; dan Peralatan Listrik",570.09,0.22
Sulawesi Tenggara,2018,Industri,Mesin dan Perlengkapan,,
Sulawesi Tenggara,2018,Industri,Alat Angkutan,166.64,0.06
Sulawesi Tenggara,2018,Industri,Furnitur,195.02,0.07
Sulawesi Tenggara,2018,Industri,Pengolahan Lainnya; Jasa Reparasi dan Pemasangan Mesin dan Peralatan,25.61,0.01
Sulawesi Tenggara,2018,J,Informasi dan Komunikasi,2150.5,0.82
Sulawesi Tenggara,2018,Jasa,Pertanian dan Perburuan,199.87,0.08
Sulawesi Tenggara,2018,Jasa,Perantara Keuangan,2136.57,0.81
Sulawesi Tenggara,2018,Jasa,Keuangan Lainnya,602.46,0.23
Sulawesi Tenggara,2018,Jasa,Penunjang Keuangan,2.8,0.0
Sulawesi Tenggara,2018,K,Jasa Keuangan dan Asuransi,2773.47,1.06
Sulawesi Tenggara,2018,L,Real Estat,1656.92,0.63
Sulawesi Tenggara,2018,"M,N",Jasa Perusahaan,239.5,0.09
Sulawesi Tenggara,2018,O,"Administrasi Pemerintahan, Pertahanan, dan Jaminan Sosial Wajib",6009.03,2.29
Sulawesi Tenggara,2018,P,Jasa Pendidikan,5325.41,2.03
Sulawesi Tenggara,2018,Produk,Domestik Bruto,118066.61,44.97
Sulawesi Tenggara,2018,Q,Jasa Kesehatan dan Kegiatan Sosial,1062.12,0.4
Sulawesi Tenggara,2018,"R,S,T,U",Jasa Lainnya,1488.15,0.57
Sulawesi Tenggara,2018,Tanaman,Pangan,2493.89,0.95
Sulawesi Tenggara,2018,Tanaman,Hortikultura,1119.18,0.43
Sulawesi Tenggara,2018,Tanaman,Perkebunan,7430.81,2.83
Sulawesi Tenggara,2019,A,"Pertanian, Kehutanan, dan Perikanan",30660.9,10.67
Sulawesi Tenggara,2019,Angkutan,Rel,,
Sulawesi Tenggara,2019,Angkutan,Darat,2781.69,0.97
Sulawesi Tenggara,2019,Angkutan,Laut,210.16,0.07
Sulawesi Tenggara,2019,Angkutan,"Sungai, Danau, dan Penyeberangan",298.89,0.1
Sulawesi Tenggara,2019,Angkutan,Udara,2092.85,0.73
Sulawesi Tenggara,2019,Asuransi,dan Dana Pensiun,33.12,0.01
Sulawesi Tenggara,2019,B,Pertambangan dan Penggalian,27189.79,9.47
Sulawesi Tenggara,2019,C,Industri Pengolahan,8273.48,2.88
Sulawesi Tenggara,2019,D,Pengadaan Listrik dan Gas,50.12,0.02
Sulawesi Tenggara,2019,E,"Pengadaan Air; Pengelolaan Sampah, Limbah, dan Daur Ulang",215.57,0.08
Sulawesi Tenggara,2019,F,Konstruksi,17694.57,6.16
Sulawesi Tenggara,2019,G,Perdagangan Besar dan Eceran; Reparasi Mobil dan Sepeda Motor,16499.06,5.74
Sulawesi Tenggara,2019,H,Transportasi dan Pergudangan,5730.83,1.99
Sulawesi Tenggara,2019,I,Penyediaan Akomodasi dan Makan Minum,725.3,0.25
Sulawesi Tenggara,2019,Industri,Batubara dan Pengilangan Migas,,
Sulawesi Tenggara,2019,Industri,Makanan dan Minuman,3961.8,1.38
Sulawesi Tenggara,2019,Industri,Pengolahan Tembakau,0.92,0.0
Sulawesi Tenggara,2019,Industri,Tekstil dan Pakaian Jadi,52.23,0.02
Sulawesi Tenggara,2019,Industri,"Kulit, Barang dari Kulit, dan Alas Kaki",,
Sulawesi Tenggara,2019,Industri,"Kayu, Barang dari Kayu dan Gabus; dan Barang Anyaman dari Bambu, Rotan, dan Sejenisnya",18.38,0.01
Sulawesi Tenggara,2019,Industri,Kertas dan Barang dari Kertas; Percetakan dan Reproduksi Media Rekaman,17.24,0.01
Sulawesi Tenggara,2019,Industri,"Kimia, Farmasi, dan Obat Tradisional",0.82,0.0
Sulawesi Tenggara,2019,Industri,Karet; Barang dari Karet dan Plastik,3.3,0.0
Sulawesi Tenggara,2019,Industri,Barang Galian bukan Logam,111.03,0.04
Sulawesi Tenggara,2019,Industri,Logam Dasar,3100.51,1.08
Sulawesi Tenggara,2019,Industri,"Barang Logam; Komputer, Barang Elektronik, Optik; dan Peralatan Listrik",604.48,0.21
Sulawesi Tenggara,2019,Industri,Mesin dan Perlengkapan,,
Sulawesi Tenggara,2019,Industri,Alat Angkutan,173.65,0.06
Sulawesi Tenggara,2019,Industri,Furnitur,202.25,0.07
Sulawesi Tenggara,2019,Industri,Pengolahan Lainnya; Jasa Reparasi dan Pemasangan Mesin dan Peralatan,26.85,0.01
Sulawesi Tenggara,2019,J,Informasi dan Komunikasi,2313.98,0.81
Sulawesi Tenggara,2019,Jasa,Pertanian dan Perburuan,212.77,0.07
Sulawesi Tenggara,2019,Jasa,Perantara Keuangan,2333.18,0.81
Sulawesi Tenggara,2019,Jasa,Keuangan Lainnya,653.85,0.23
Sulawesi Tenggara,2019,Jasa,Penunjang Keuangan,2.91,0.0
Sulawesi Tenggara,2019,K,Jasa Keuangan dan Asuransi,3023.06,1.05
Sulawesi Tenggara,2019,L,Real Estat,1736.97,0.6
Sulawesi Tenggara,2019,"M,N",Jasa Perusahaan,260.4,0.09
Sulawesi Tenggara,2019,O,"Administrasi Pemerintahan, Pertahanan, dan Jaminan Sosial Wajib",6322.56,2.2
Sulawesi Tenggara,2019,P,Jasa Pendidikan,5783.03,2.01
Sulawesi Tenggara,2019,Produk,Domestik Bruto,129225.15,44.98
Sulawesi Tenggara,2019,Q,Jasa Kesehatan dan Kegiatan Sosial,1174.14,0.41
Sulawesi Tenggara,2019,"R,S,T,U",Jasa Lainnya,1571.38,0.55
Sulawesi Tenggara,2019,Tanaman,Pangan,2540.03,0.88
Sulawesi Tenggara,2019,Tanaman,Hortikultura,1241.04,0.43
Sulawesi Tenggara,2019,Tanaman,Perkebunan,8140.79,2.83
Sulawesi Tenggara,2020,A,"Pertanian, Kehutanan, dan Perikanan",31395.38,10.83
Sulawesi Tenggara,2020,Angkutan,Rel,,
Sulawesi Tenggara,2020,Angkutan,Darat,2763.15,0.95
Sulawesi Tenggara,2020,Angkutan,Laut,202.14,0.07
Sulawesi Tenggara,2020,Angkutan,"Sungai, Danau, dan Penyeberangan",283.96,0.1
Sulawesi Tenggara,2020,Angkutan,Udara,1715.96,0.59
Sulawesi Tenggara,2020,Asuransi,dan Dana Pensiun,30.61,0.01
Sulawesi Tenggara,2020,B,Pertambangan dan Penggalian,25748.85,8.88
Sulawesi Tenggara,2020,C,Industri Pengolahan,9430.25,3.25
Sulawesi Tenggara,2020,D,Pengadaan Listrik dan Gas,51.42,0.02
Sulawesi Tenggara,2020,E,"Pengadaan Air; Pengelolaan Sampah, Limbah, dan Daur Ulang",224.4,0.08
Sulawesi Tenggara,2020,F,Konstruksi,17668.26,6.09
Sulawesi Tenggara,2020,G,Perdagangan Besar dan Eceran; Reparasi Mobil dan Sepeda Motor,16318.62,5.63
Sulawesi Tenggara,2020,H,Transportasi dan Pergudangan,5299.16,1.83
Sulawesi Tenggara,2020,I,Penyediaan Akomodasi dan Makan Minum,710.18,0.24
Sulawesi Tenggara,2020,Industri,Batubara dan Pengilangan Migas,,
Sulawesi Tenggara,2020,Industri,Makanan dan Minuman,4064.24,1.4
Sulawesi Tenggara,2020,Industri,Pengolahan Tembakau,0.88,0.0
Sulawesi Tenggara,2020,Industri,Tekstil dan Pakaian Jadi,52.97,0.02
Sulawesi Tenggara,2020,Industri,"Kulit, Barang dari Kulit, dan Alas Kaki",,
Sulawesi Tenggara,2020,Industri,"Kayu, Barang dari Kayu dan Gabus; dan Barang Anyaman dari Bambu, Rotan, dan Sejenisnya",18.03,0.01
Sulawesi Tenggara,2020,Industri,Kertas dan Barang dari Kertas; Percetakan dan Reproduksi Media Rekaman,17.32,0.01
Sulawesi Tenggara,2020,Industri,"Kimia, Farmasi, dan Obat Tradisional",0.88,0.0
Sulawesi Tenggara,2020,Industri,Karet; Barang dari Karet dan Plastik,3.43,0.0
Sulawesi Tenggara,2020,Industri,Barang Galian bukan Logam,119.76,0.04
Sulawesi Tenggara,2020,Industri,Logam Dasar,4178.65,1.44
Sulawesi Tenggara,2020,Industri,"Barang Logam; Komputer, Barang Elektronik, Optik; dan Peralatan Listrik",557.04,0.19
Sulawesi Tenggara,2020,Industri,Mesin dan Perlengkapan,,
Sulawesi Tenggara,2020,Industri,Alat Angkutan,176.14,0.06
Sulawesi Tenggara,2020,Industri,Furnitur,213.12,0.07
Sulawesi Tenggara,2020,Industri,Pengolahan Lainnya; Jasa Reparasi dan Pemasangan Mesin dan Peralatan,27.8,0.01
Sulawesi Tenggara,2020,J,Informasi dan Komunikasi,2468.76,0.85
Sulawesi Tenggara,2020,Jasa,Pertanian dan Perburuan,223.24,0.08
Sulawesi Tenggara,2020,Jasa,Perantara Keuangan,2408.44,0.83
Sulawesi Tenggara,2020,Jasa,Keuangan Lainnya,672.21,0.23
Sulawesi Tenggara,2020,Jasa,Penunjang Keuangan,2.91,0.0
Sulawesi Tenggara,2020,K,Jasa Keuangan dan Asuransi,3114.17,1.07
Sulawesi Tenggara,2020,L,Real Estat,1749.05,0.6
Sulawesi Tenggara,2020,"M,N",Jasa Perusahaan,257.92,0.09
Sulawesi Tenggara,2020,O,"Administrasi Pemerintahan, Pertahanan, dan Jaminan Sosial Wajib",6737.47,2.32
Sulawesi Tenggara,2020,P,Jasa Pendidikan,6071.03,2.09
Sulawesi Tenggara,2020,Produk,Domestik Bruto,130107.27,44.87
Sulawesi Tenggara,2020,Q,Jasa Kesehatan dan Kegiatan Sosial,1303.08,0.45
Sulawesi Tenggara,2020,"R,S,T,U",Jasa Lainnya,1559.27,0.54
Sulawesi Tenggara,2020,Tanaman,Pangan,2568.91,0.89
Sulawesi Tenggara,2020,Tanaman,Hortikultura,1256.32,0.43
Sulawesi Tenggara,2020,Tanaman,Perkebunan,8184.88,2.82
Sulawesi Tenggara,2021,A,"Pertanian, Kehutanan, dan Perikanan",32924.91,10.59
Sulawesi Tenggara,2021,Angkutan,Rel,,
Sulawesi Tenggara,2021,Angkutan,Darat,2806.64,0.9
Sulawesi Tenggara,2021,Angkutan,Laut,203.31,0.07
Sulawesi Tenggara,2021,Angkutan,"Sungai, Danau, dan Penyeberangan",294.92,0.09
Sulawesi Tenggara,2021,Angkutan,Udara,1708.42,0.55
Sulawesi Tenggara,2021,Asuransi,dan Dana Pensiun,27.61,0.01
Sulawesi Tenggara,2021,B,Pertambangan dan Penggalian,26988.62,8.68
Sulawesi Tenggara,2021,C,Industri Pengolahan,10640.86,3.42
Sulawesi Tenggara,2021,D,Pengadaan Listrik dan Gas,56.44,0.02
Sulawesi Tenggara,2021,E,"Pengadaan Air; Pengelolaan Sampah, Limbah, dan Daur Ulang",231.25,0.07
Sulawesi Tenggara,2021,F,Konstruksi,20244.12,6.51
Sulawesi Tenggara,2021,G,Perdagangan Besar dan Eceran; Reparasi Mobil dan Sepeda Motor,17822.44,5.73
Sulawesi Tenggara,2021,H,Transportasi dan Pergudangan,5328.02,1.71
Sulawesi Tenggara,2021,I,Penyediaan Akomodasi dan Makan Minum,744.97,0.24
Sulawesi Tenggara,2021,Industri,Batubara dan Pengilangan Migas,,
Sulawesi Tenggara,2021,Industri,Makanan dan Minuman,4493.59,1.45
Sulawesi Tenggara,2021,Industri,Pengolahan Tembakau,0.74,0.0
Sulawesi Tenggara,2021,Industri,Tekstil dan Pakaian Jadi,53.98,0.02
Sulawesi Tenggara,2021,Industri,"Kulit, Barang dari Kulit, dan Alas Kaki",,
Sulawesi Tenggara,2021,Industri,"Kayu, Barang dari Kayu dan Gabus; dan Barang Anyaman dari Bambu, Rotan, dan Sejenisnya",17.81,0.01
Sulawesi Tenggara,2021,Industri,Kertas dan Barang dari Kertas; Percetakan dan Reproduksi Media Rekaman,16.69,0.01
Sulawesi Tenggara,2021,Industri,"Kimia, Farmasi, dan Obat Tradisional",0.92,0.0
Sulawesi Tenggara,2021,Industri,Karet; Barang dari Karet dan Plastik,3.73,0.0
Sulawesi Tenggara,2021,Industri,Barang Galian bukan Logam,118.79,0.04
Sulawesi Tenggara,2021,Industri,Logam Dasar,4962.73,1.6
Sulawesi Tenggara,2021,Industri,"Barang Logam; Komputer, Barang Elektronik, Optik; dan Peralatan Listrik",536.05,0.17
Sulawesi Tenggara,2021,Industri,Mesin dan Perlengkapan,,
Sulawesi Tenggara,2021,Industri,Alat Angkutan,185.94,0.06
Sulawesi Tenggara,2021,Industri,Furnitur,220.95,0.07
Sulawesi Tenggara,2021,Industri,Pengolahan Lainnya; Jasa Reparasi dan Pemasangan Mesin dan Peralatan,28.94,0.01
Sulawesi Tenggara,2021,J,Informasi dan Komunikasi,2457.86,0.79
Sulawesi Tenggara,2021,Jasa,Pertanian dan Perburuan,226.2,0.07
Sulawesi Tenggara,2021,Jasa,Perantara Keuangan,2787.99,0.9
Sulawesi Tenggara,2021,Jasa,Keuangan Lainnya,670.35,0.22
Sulawesi Tenggara,2021,Jasa,Penunjang Keuangan,2.88,0.0
Sulawesi Tenggara,2021,K,Jasa Keuangan dan Asuransi,3488.82,1.12
Sulawesi Tenggara,2021,L,Real Estat,1810.26,0.58
Sulawesi Tenggara,2021,"M,N",Jasa Perusahaan,267.61,0.09
Sulawesi Tenggara,2021,O,"Administrasi Pemerintahan, Pertahanan, dan Jaminan Sosial Wajib",6954.55,2.24
Sulawesi Tenggara,2021,P,Jasa Pendidikan,6458.12,2.08
Sulawesi Tenggara,2021,Produk,Domestik Bruto,139476.77,44.87
Sulawesi Tenggara,2021,Q,Jasa Kesehatan dan Kegiatan Sosial,1421.34,0.46
Sulawesi Tenggara,2021,"R,S,T,U",Jasa Lainnya,1636.57,0.53
Sulawesi Tenggara,2021,Tanaman,Pangan,2616.94,0.84
Sulawesi Tenggara,2021,Tanaman,Hortikultura,1306.38,0.42
Sulawesi Tenggara,2021,Tanaman,Perkebunan,8618.62,2.77
Sulawesi Tenggara,2022,A,"Pertanian, Kehutanan, dan Perikanan",36963.56,10.41
Sulawesi Tenggara,2022,Angkutan,Rel,,
Sulawesi Tenggara,2022,Angkutan,Darat,3273.45,0.92
Sulawesi Tenggara,2022,Angkutan,Laut,235.52,0.07
Sulawesi Tenggara,2022,Angkutan,"Sungai, Danau, dan Penyeberangan",362.37,0.1
Sulawesi Tenggara,2022,Angkutan,Udara,2654.53,0.75
Sulawesi Tenggara,2022,Asuransi,dan Dana Pensiun,26.3,0.01
Sulawesi Tenggara,2022,B,Pertambangan dan Penggalian,32163.42,9.06
Sulawesi Tenggara,2022,C,Industri Pengolahan,13282.79,3.74
Sulawesi Tenggara,2022,D,Pengadaan Listrik dan Gas,64.14,0.02
Sulawesi Tenggara,2022,E,"Pengadaan Air; Pengelolaan Sampah, Limbah, dan Daur Ulang",235.71,0.07
Sulawesi Tenggara,2022,F,Konstruksi,21512.48,6.06
Sulawesi Tenggara,2022,G,Perdagangan Besar dan Eceran; Reparasi Mobil dan Sepeda Motor,20360.21,5.73
Sulawesi Tenggara,2022,H,Transportasi dan Pergudangan,6879.1,1.94
Sulawesi Tenggara,2022,I,Penyediaan Akomodasi dan Makan Minum,826.56,0.23
Sulawesi Tenggara,2022,Industri,Batubara dan Pengilangan Migas,,
Sulawesi Tenggara,2022,Industri,Makanan dan Minuman,4822.05,1.36
Sulawesi Tenggara,2022,Industri,Pengolahan Tembakau,0.8,0.0
Sulawesi Tenggara,2022,Industri,Tekstil dan Pakaian Jadi,61.13,0.02
Sulawesi Tenggara,2022,Industri,"Kulit, Barang dari Kulit, dan Alas Kaki",,
Sulawesi Tenggara,2022,Industri,"Kayu, Barang dari Kayu dan Gabus; dan Barang Anyaman dari Bambu, Rotan, dan Sejenisnya",16.61,0.0
Sulawesi Tenggara,2022,Industri,Kertas dan Barang dari Kertas; Percetakan dan Reproduksi Media Rekaman,19.15,0.01
Sulawesi Tenggara,2022,Industri,"Kimia, Farmasi, dan Obat Tradisional",0.92,0.0
Sulawesi Tenggara,2022,Industri,Karet; Barang dari Karet dan Plastik,4.09,0.0
Sulawesi Tenggara,2022,Industri,Barang Galian bukan Logam,115.49,0.03
Sulawesi Tenggara,2022,Industri,Logam Dasar,7197.3,2.03
Sulawesi Tenggara,2022,Industri,"Barang Logam; Komputer, Barang Elektronik, Optik; dan Peralatan Listrik",607.36,0.17
Sulawesi Tenggara,2022,Industri,Mesin dan Perlengkapan,,
Sulawesi Tenggara,2022,Industri,Alat Angkutan,175.24,0.05
Sulawesi Tenggara,2022,Industri,Furnitur,233.58,0.07
Sulawesi Tenggara,2022,Industri,Pengolahan Lainnya; Jasa Reparasi dan Pemasangan Mesin dan Peralatan,29.06,0.01
Sulawesi Tenggara,2022,J,Informasi dan Komunikasi,2683.33,0.76
Sulawesi Tenggara,2022,Jasa,Pertanian dan Perburuan,242.42,0.07
Sulawesi Tenggara,2022,Jasa,Perantara Keuangan,3134.69,0.88
Sulawesi Tenggara,2022,Jasa,Keuangan Lainnya,685.6,0.19
Sulawesi Tenggara,2022,Jasa,Penunjang Keuangan,2.93,0.0
Sulawesi Tenggara,2022,K,Jasa Keuangan dan Asuransi,3849.51,1.08
Sulawesi Tenggara,2022,L,Real Estat,1933.79,0.54
Sulawesi Tenggara,2022,"M,N",Jasa Perusahaan,316.83,0.09
Sulawesi Tenggara,2022,O,"Administrasi Pemerintahan, Pertahanan, dan Jaminan Sosial Wajib",7301.13,2.06
Sulawesi Tenggara,2022,P,Jasa Pendidikan,7146.66,2.01
Sulawesi Tenggara,2022,Produk,Domestik Bruto,158800.27,44.71
Sulawesi Tenggara,2022,Q,Jasa Kesehatan dan Kegiatan Sosial,1475.81,0.42
Sulawesi Tenggara,2022,"R,S,T,U",Jasa Lainnya,1805.24,0.51
Sulawesi Tenggara,2022,Tanaman,Pangan,2597.39,0.73
Sulawesi Tenggara,2022,Tanaman,Hortikultura,1391.78,0.39
Sulawesi Tenggara,2022,Tanaman,Perkebunan,9683.18,2.73
Sulawesi Tenggara,2023,A,"Pertanian, Kehutanan, dan Perikanan",40544.12,10.26
Sulawesi Tenggara,2023,Angkutan,Rel,,
Sulawesi Tenggara,2023,Angkutan,Darat,3841.0,0.97
Sulawesi Tenggara,2023,Angkutan,Laut,234.51,0.06
Sulawesi Tenggara,2023,Angkutan,"Sungai, Danau, dan Penyeberangan",408.7,0.1
Sulawesi Tenggara,2023,Angkutan,Udara,3257.6,0.82
Sulawesi Tenggara,2023,Asuransi,dan Dana Pensiun,26.12,0.01
Sulawesi Tenggara,2023,B,Pertambangan dan Penggalian,37767.46,9.56
Sulawesi Tenggara,2023,C,Industri Pengolahan,15454.97,3.91
Sulawesi Tenggara,2023,D,Pengadaan Listrik dan Gas,69.29,0.02
Sulawesi Tenggara,2023,E,"Pengadaan Air; Pengelolaan Sampah, Limbah, dan Daur Ulang",252.26,0.06
Sulawesi Tenggara,2023,F,Konstruksi,22238.37,5.63
Sulawesi Tenggara,2023,G,Perdagangan Besar dan Eceran; Reparasi Mobil dan Sepeda Motor,22398.19,5.67
Sulawesi Tenggara,2023,H,Transportasi dan Pergudangan,8122.46,2.06
Sulawesi Tenggara,2023,I,Penyediaan Akomodasi dan Makan Minum,885.45,0.22
Sulawesi Tenggara,2023,Industri,Batubara dan Pengilangan Migas,,
Sulawesi Tenggara,2023,Industri,Makanan dan Minuman,3258.04,0.82
Sulawesi Tenggara,2023,Industri,Pengolahan Tembakau,0.82,0.0
Sulawesi Tenggara,2023,Industri,Tekstil dan Pakaian Jadi,60.59,0.02
Sulawesi Tenggara,2023,Industri,"Kulit, Barang dari Kulit, dan Alas Kaki",,
Sulawesi Tenggara,2023,Industri,"Kayu, Barang dari Kayu dan Gabus; dan Barang Anyaman dari Bambu, Rotan, dan Sejenisnya",18.95,0.0
Sulawesi Tenggara,2023,Industri,Kertas dan Barang dari Kertas; Percetakan dan Reproduksi Media Rekaman,20.26,0.01
Sulawesi Tenggara,2023,Industri,"Kimia, Farmasi, dan Obat Tradisional",1.05,0.0
Sulawesi Tenggara,2023,Industri,Karet; Barang dari Karet dan Plastik,4.39,0.0
Sulawesi Tenggara,2023,Industri,Barang Galian bukan Logam,130.27,0.03
Sulawesi Tenggara,2023,Industri,Logam Dasar,10867.92,2.75
Sulawesi Tenggara,2023,Industri,"Barang Logam; Komputer, Barang Elektronik, Optik; dan Peralatan Listrik",657.5,0.17
Sulawesi Tenggara,2023,Industri,Mesin dan Perlengkapan,,
Sulawesi Tenggara,2023,Industri,Alat Angkutan,170.05,0.04
Sulawesi Tenggara,2023,Industri,Furnitur,232.77,0.06
Sulawesi Tenggara,2023,Industri,Pengolahan Lainnya; Jasa Reparasi dan Pemasangan Mesin dan Peralatan,32.37,0.01
Sulawesi Tenggara,2023,J,Informasi dan Komunikasi,2825.05,0.72
Sulawesi Tenggara,2023,Jasa,Pertanian dan Perburuan,257.77,0.07
Sulawesi Tenggara,2023,Jasa,Perantara Keuangan,3415.75,0.86
Sulawesi Tenggara,2023,Jasa,Keuangan Lainnya,713.52,0.18
Sulawesi Tenggara,2023,Jasa,Penunjang Keuangan,2.98,0.0
Sulawesi Tenggara,2023,K,Jasa Keuangan dan Asuransi,4158.37,1.05
Sulawesi Tenggara,2023,L,Real Estat,1989.79,0.5
Sulawesi Tenggara,2023,"M,N",Jasa Perusahaan,351.67,0.09
Sulawesi Tenggara,2023,O,"Administrasi Pemerintahan, Pertahanan, dan Jaminan Sosial Wajib",7779.78,1.97
Sulawesi Tenggara,2023,P,Jasa Pendidikan,7803.29,1.98
Sulawesi Tenggara,2023,Produk,Domestik Bruto,176179.9,44.6
Sulawesi Tenggara,2023,Q,Jasa Kesehatan dan Kegiatan Sosial,1510.14,0.38
Sulawesi Tenggara,2023,"R,S,T,U",Jasa Lainnya,2029.25,0.51
Sulawesi Tenggara,2023,Tanaman,Pangan,2721.61,0.69
Sulawesi Tenggara,2023,Tanaman,Hortikultura,1479.64,0.37
Sulawesi Tenggara,2023,Tanaman,Perkebunan,10886.54,2.76
Sulawesi Tenggara,2024,A,"Pertanian, Kehutanan, dan Perikanan",44495.19,10.39
Sulawesi Tenggara,2024,Angkutan,Rel,,
Sulawesi Tenggara,2024,Angkutan,Darat,4077.48,0.95
Sulawesi Tenggara,2024,Angkutan,Laut,245.35,0.06
Sulawesi Tenggara,2024,Angkutan,"Sungai, Danau, dan Penyeberangan",425.65,0.1
Sulawesi Tenggara,2024,Angkutan,Udara,3431.5,0.8
Sulawesi Tenggara,2024,Asuransi,dan Dana Pensiun,26.64,0.01
Sulawesi Tenggara,2024,B,Pertambangan dan Penggalian,40028.08,9.35
Sulawesi Tenggara,2024,C,Industri Pengolahan,17805.37,4.16
Sulawesi Tenggara,2024,D,Pengadaan Listrik dan Gas,71.42,0.02
Sulawesi Tenggara,2024,E,"Pengadaan Air; Pengelolaan Sampah, Limbah, dan Daur Ulang",256.65,0.06
Sulawesi Tenggara,2024,F,Konstruksi,23018.48,5.38
Sulawesi Tenggara,2024,G,Perdagangan Besar dan Eceran; Reparasi Mobil dan Sepeda Motor,23733.22,5.54
Sulawesi Tenggara,2024,H,Transportasi dan Pergudangan,8596.51,2.01
Sulawesi Tenggara,2024,I,Penyediaan Akomodasi dan Makan Minum,945.4,0.22
Sulawesi Tenggara,2024,Industri,Batubara dan Pengilangan Migas,,
Sulawesi Tenggara,2024,Industri,Makanan dan Minuman,3980.65,0.93
Sulawesi Tenggara,2024,Industri,Pengolahan Tembakau,0.88,0.0
Sulawesi Tenggara,2024,Industri,Tekstil dan Pakaian Jadi,66.22,0.02
Sulawesi Tenggara,2024,Industri,"Kulit, Barang dari Kulit, dan Alas Kaki",,
Sulawesi Tenggara,2024,Industri,"Kayu, Barang dari Kayu dan Gabus; dan Barang Anyaman dari Bambu, Rotan, dan Sejenisnya",13.13,0.0
Sulawesi Tenggara,2024,Industri,Kertas dan Barang dari Kertas; Percetakan dan Reproduksi Media Rekaman,20.3,0.0
Sulawesi Tenggara,2024,Industri,"Kimia, Farmasi, dan Obat Tradisional",1.42,0.0
Sulawesi Tenggara,2024,Industri,Karet; Barang dari Karet dan Plastik,4.58,0.0
Sulawesi Tenggara,2024,Industri,Barang Galian bukan Logam,113.89,0.03
Sulawesi Tenggara,2024,Industri,Logam Dasar,12507.01,2.92
Sulawesi Tenggara,2024,Industri,"Barang Logam; Komputer, Barang Elektronik, Optik; dan Peralatan Listrik",613.56,0.14
Sulawesi Tenggara,2024,Industri,Mesin dan Perlengkapan,,
Sulawesi Tenggara,2024,Industri,Alat Angkutan,173.19,0.04
Sulawesi Tenggara,2024,Industri,Furnitur,276.06,0.06
Sulawesi Tenggara,2024,Industri,Pengolahan Lainnya; Jasa Reparasi dan Pemasangan Mesin dan Peralatan,34.49,0.01
Sulawesi Tenggara,2024,J,Informasi dan Komunikasi,3016.53,0.7
Sulawesi Tenggara,2024,Jasa,Pertanian dan Perburuan,298.94,0.07
Sulawesi Tenggara,2024,Jasa,Perantara Keuangan,3493.97,0.82
Sulawesi Tenggara,2024,Jasa,Keuangan Lainnya,680.33,0.16
Sulawesi Tenggara,2024,Jasa,Penunjang Keuangan,2.8,0.0
Sulawesi Tenggara,2024,K,Jasa Keuangan dan Asuransi,4203.73,0.98
Sulawesi Tenggara,2024,L,Real Estat,2085.97,0.49
Sulawesi Tenggara,2024,"M,N",Jasa Perusahaan,385.36,0.09
Sulawesi Tenggara,2024,O,"Administrasi Pemerintahan, Pertahanan, dan Jaminan Sosial Wajib",8911.52,2.08
Sulawesi Tenggara,2024,P,Jasa Pendidikan,8269.07,1.93
Sulawesi Tenggara,2024,Produk,Domestik Bruto,189481.75,44.25
Sulawesi Tenggara,2024,Q,Jasa Kesehatan dan Kegiatan Sosial,1597.39,0.37
Sulawesi Tenggara,2024,"R,S,T,U",Jasa Lainnya,2061.87,0.48
Sulawesi Tenggara,2024,Tanaman,Pangan,3001.29,0.7
Sulawesi Tenggara,2024,Tanaman,Hortikultura,1538.12,0.36
Sulawesi Tenggara,2024,Tanaman,Perkebunan,14254.58,3.33
Sulawesi Utara,2014,A,"Pertanian, Kehutanan, dan Perikanan",17800.0,11.03
Sulawesi Utara,2014,Angkutan,Rel,,
Sulawesi Utara,2014,Angkutan,Darat,,
Sulawesi Utara,2014,Angkutan,Laut,,
Sulawesi Utara,2014,Angkutan,"Sungai, Danau, dan Penyeberangan",,
Sulawesi Utara,2014,Angkutan,Udara,,
Sulawesi Utara,2014,Asuransi,dan Dana Pensiun,,
Sulawesi Utara,2014,B,Pertambangan dan Penggalian,3837.73,2.38
Sulawesi Utara,2014,C,Industri Pengolahan,7919.92,4.91
Sulawesi Utara,2014,D,Pengadaan Listrik dan Gas,61.21,0.04
Sulawesi Utara,2014,E,"Pengadaan Air; Pengelolaan Sampah, Limbah, dan Daur Ulang",111.86,0.07
Sulawesi Utara,2014,F,Konstruksi,9266.87,5.74
Sulawesi Utara,2014,G,Perdagangan Besar dan Eceran; Reparasi Mobil dan Sepeda Motor,9915.38,6.15
Sulawesi Utara,2014,H,Transportasi dan Pergudangan,7934.64,4.92
Sulawesi Utara,2014,I,Penyediaan Akomodasi dan Makan Minum,1681.15,1.04
Sulawesi Utara,2014,Industri,Batubara dan Pengilangan Migas,,
Sulawesi Utara,2014,Industri,Makanan dan Minuman,,
Sulawesi Utara,2014,Industri,Pengolahan Tembakau,,
Sulawesi Utara,2014,Industri,Tekstil dan Pakaian Jadi,,
Sulawesi Utara,2014,Industri,"Kulit, Barang dari Kulit, dan Alas Kaki",,
Sulawesi Utara,2014,Industri,"Kayu, Barang dari Kayu dan Gabus; dan Barang Anyaman dari Bambu, Rotan, dan Sejenisnya",,
Sulawesi Utara,2014,Industri,Kertas dan Barang dari Kertas; Percetakan dan Reproduksi Media Rekaman,,
Sulawesi Utara,2014,Industri,"Kimia, Farmasi, dan Obat Tradisional",,
Sulawesi Utara,2014,Industri,Karet; Barang dari Karet dan Plastik,,
Sulawesi Utara,2014,Industri,Barang Galian bukan Logam,,
Sulawesi Utara,2014,Industri,Logam Dasar,,
Sulawesi Utara,2014,Industri,"Barang Logam; Komputer, Barang Elektronik, Optik; dan Peralatan Listrik",,
Sulawesi Utara,2014,Industri,Mesin dan Perlengkapan,,
Sulawesi Utara,2014,Industri,Alat Angkutan,,
Sulawesi Utara,2014,Industri,Furnitur,,
Sulawesi Utara,2014,Industri,Pengolahan Lainnya; Jasa Reparasi dan Pemasangan Mesin dan Peralatan,,
Sulawesi Utara,2014,J,Informasi dan Komunikasi,3044.6,1.89
Sulawesi Utara,2014,Jasa,Pertanian dan Perburuan,,
Sulawesi Utara,2014,Jasa,Perantara Keuangan,,
Sulawesi Utara,2014,Jasa,Keuangan Lainnya,,
Sulawesi Utara,2014,Jasa,Penunjang Keuangan,,
Sulawesi Utara,2014,K,Jasa Keuangan dan Asuransi,2989.71,1.85
Sulawesi Utara,2014,L,Real Estat,2871.4,1.78
Sulawesi Utara,2014,"M,N",Jasa Perusahaan,67.87,0.04
Sulawesi Utara,2014,O,"Administrasi Pemerintahan, Pertahanan, dan Jaminan Sosial Wajib",6799.12,4.21
Sulawesi Utara,2014,P,Jasa Pendidikan,2309.08,1.43
Sulawesi Utara,2014,Produk,Domestik Bruto,80667.63,50.0
Sulawesi Utara,2014,Q,Jasa Kesehatan dan Kegiatan Sosial,2857.01,1.77
Sulawesi Utara,2014,"R,S,T,U",Jasa Lainnya,1200.07,0.74
Sulawesi Utara,2014,Tanaman,Pangan,,
Sulawesi Utara,2014,Tanaman,Hortikultura,,
Sulawesi Utara,2014,Tanaman,Perkebunan,,
Sulawesi Utara,2015,A,"Pertanian, Kehutanan, dan Perikanan",19769.21,9.25
Sulawesi Utara,2015,Angkutan,Rel,0.0,0.0
Sulawesi Utara,2015,Angkutan,Darat,5734.49,2.68
Sulawesi Utara,2015,Angkutan,Laut,1525.51,0.71
Sulawesi Utara,2015,Angkutan,"Sungai, Danau, dan Penyeberangan",28.01,0.01
Sulawesi Utara,2015,Angkutan,Udara,2085.08,0.98
Sulawesi Utara,2015,Asuransi,dan Dana Pensiun,126.7,0.06
Sulawesi Utara,2015,B,Pertambangan dan Penggalian,4333.25,2.03
Sulawesi Utara,2015,C,Industri Pengolahan,8625.28,4.03
Sulawesi Utara,2015,D,Pengadaan Listrik dan Gas,76.84,0.04
Sulawesi Utara,2015,E,"Pengadaan Air; Pengelolaan Sampah, Limbah, dan Daur Ulang",120.72,0.06
Sulawesi Utara,2015,F,Konstruksi,10544.04,4.93
Sulawesi Utara,2015,G,Perdagangan Besar dan Eceran; Reparasi Mobil dan Sepeda Motor,11242.3,5.26
Sulawesi Utara,2015,H,Transportasi dan Pergudangan,9682.48,4.53
Sulawesi Utara,2015,I,Penyediaan Akomodasi dan Makan Minum,1959.58,0.92
Sulawesi Utara,2015,Industri,Batubara dan Pengilangan Migas,0.0,0.0
Sulawesi Utara,2015,Industri,Makanan dan Minuman,7233.36,3.38
Sulawesi Utara,2015,Industri,Pengolahan Tembakau,0.0,0.0
Sulawesi Utara,2015,Industri,Tekstil dan Pakaian Jadi,22.34,0.01
Sulawesi Utara,2015,Industri,"Kulit, Barang dari Kulit, dan Alas Kaki",1.74,0.0
Sulawesi Utara,2015,Industri,"Kayu, Barang dari Kayu dan Gabus; dan Barang Anyaman dari Bambu, Rotan, dan Sejenisnya",84.89,0.04
Sulawesi Utara,2015,Industri,Kertas dan Barang dari Kertas; Percetakan dan Reproduksi Media Rekaman,186.06,0.09
Sulawesi Utara,2015,Industri,"Kimia, Farmasi, dan Obat Tradisional",100.5,0.05
Sulawesi Utara,2015,Industri,Karet; Barang dari Karet dan Plastik,2.16,0.0
Sulawesi Utara,2015,Industri,Barang Galian bukan Logam,332.86,0.16
Sulawesi Utara,2015,Industri,Logam Dasar,128.51,0.06
Sulawesi Utara,2015,Industri,"Barang Logam; Komputer, Barang Elektronik, Optik; dan Peralatan Listrik",356.06,0.17
Sulawesi Utara,2015,Industri,Mesin dan Perlengkapan,0.0,0.0
Sulawesi Utara,2015,Industri,Alat Angkutan,42.66,0.02
Sulawesi Utara,2015,Industri,Furnitur,90.82,0.04
Sulawesi Utara,2015,Industri,Pengolahan Lainnya; Jasa Reparasi dan Pemasangan Mesin dan Peralatan,43.3,0.02
Sulawesi Utara,2015,J,Informasi dan Komunikasi,3481.98,1.63
Sulawesi Utara,2015,Jasa,Pertanian dan Perburuan,223.56,0.1
Sulawesi Utara,2015,Jasa,Perantara Keuangan,2226.54,1.04
Sulawesi Utara,2015,Jasa,Keuangan Lainnya,879.16,0.41
Sulawesi Utara,2015,Jasa,Penunjang Keuangan,1.33,0.0
Sulawesi Utara,2015,K,Jasa Keuangan dan Asuransi,3233.73,1.51
Sulawesi Utara,2015,L,Real Estat,3199.5,1.5
Sulawesi Utara,2015,"M,N",Jasa Perusahaan,78.4,0.04
Sulawesi Utara,2015,O,"Administrasi Pemerintahan, Pertahanan, dan Jaminan Sosial Wajib",7664.85,3.58
Sulawesi Utara,2015,P,Jasa Pendidikan,2611.02,1.22
Sulawesi Utara,2015,Produk,Domestik Bruto,91145.68,42.63
Sulawesi Utara,2015,Q,Jasa Kesehatan dan Kegiatan Sosial,3153.47,1.47
Sulawesi Utara,2015,"R,S,T,U",Jasa Lainnya,1369.05,0.64
Sulawesi Utara,2015,Tanaman,Pangan,3149.94,1.47
Sulawesi Utara,2015,Tanaman,Hortikultura,2146.49,1.0
Sulawesi Utara,2015,Tanaman,Perkebunan,4762.46,2.23
Sulawesi Utara,2016,A,"Pertanian, Kehutanan, dan Perikanan",21828.44,9.24
Sulawesi Utara,2016,Angkutan,Rel,,
Sulawesi Utara,2016,Angkutan,Darat,6283.28,2.66
Sulawesi Utara,2016,Angkutan,Laut,1707.09,0.72
Sulawesi Utara,2016,Angkutan,"Sungai, Danau, dan Penyeberangan",30.08,0.01
Sulawesi Utara,2016,Angkutan,Udara,2705.77,1.15
Sulawesi Utara,2016,Asuransi,dan Dana Pensiun,137.66,0.06
Sulawesi Utara,2016,B,Pertambangan dan Penggalian,4846.61,2.05
Sulawesi Utara,2016,C,Industri Pengolahan,9044.18,3.83
Sulawesi Utara,2016,D,Pengadaan Listrik dan Gas,87.9,0.04
Sulawesi Utara,2016,E,"Pengadaan Air; Pengelolaan Sampah, Limbah, dan Daur Ulang",130.62,0.06
Sulawesi Utara,2016,F,Konstruksi,11451.16,4.85
Sulawesi Utara,2016,G,Perdagangan Besar dan Eceran; Reparasi Mobil dan Sepeda Motor,12176.96,5.15
Sulawesi Utara,2016,H,Transportasi dan Pergudangan,11073.51,4.69
Sulawesi Utara,2016,I,Penyediaan Akomodasi dan Makan Minum,2259.55,0.96
Sulawesi Utara,2016,Industri,Batubara dan Pengilangan Migas,,
Sulawesi Utara,2016,Industri,Makanan dan Minuman,7654.88,3.24
Sulawesi Utara,2016,Industri,Pengolahan Tembakau,,
Sulawesi Utara,2016,Industri,Tekstil dan Pakaian Jadi,25.35,0.01
Sulawesi Utara,2016,Industri,"Kulit, Barang dari Kulit, dan Alas Kaki",1.84,0.0
Sulawesi Utara,2016,Industri,"Kayu, Barang dari Kayu dan Gabus; dan Barang Anyaman dari Bambu, Rotan, dan Sejenisnya",83.77,0.04
Sulawesi Utara,2016,Industri,Kertas dan Barang dari Kertas; Percetakan dan Reproduksi Media Rekaman,230.4,0.1
Sulawesi Utara,2016,Industri,"Kimia, Farmasi, dan Obat Tradisional",94.59,0.04
Sulawesi Utara,2016,Industri,Karet; Barang dari Karet dan Plastik,2.44,0.0
Sulawesi Utara,2016,Industri,Barang Galian bukan Logam,334.57,0.14
Sulawesi Utara,2016,Industri,Logam Dasar,118.94,0.05
Sulawesi Utara,2016,Industri,"Barang Logam; Komputer, Barang Elektronik, Optik; dan Peralatan Listrik",328.5,0.14
Sulawesi Utara,2016,Industri,Mesin dan Perlengkapan,,
Sulawesi Utara,2016,Industri,Alat Angkutan,43.33,0.02
Sulawesi Utara,2016,Industri,Furnitur,88.87,0.04
Sulawesi Utara,2016,Industri,Pengolahan Lainnya; Jasa Reparasi dan Pemasangan Mesin dan Peralatan,36.71,0.02
Sulawesi Utara,2016,J,Informasi dan Komunikasi,3879.2,1.64
Sulawesi Utara,2016,Jasa,Pertanian dan Perburuan,250.73,0.11
Sulawesi Utara,2016,Jasa,Perantara Keuangan,2861.42,1.21
Sulawesi Utara,2016,Jasa,Keuangan Lainnya,980.11,0.41
Sulawesi Utara,2016,Jasa,Penunjang Keuangan,1.48,0.0
Sulawesi Utara,2016,K,Jasa Keuangan dan Asuransi,3980.67,1.68
Sulawesi Utara,2016,L,Real Estat,3483.29,1.47
Sulawesi Utara,2016,"M,N",Jasa Perusahaan,88.22,0.04
Sulawesi Utara,2016,O,"Administrasi Pemerintahan, Pertahanan, dan Jaminan Sosial Wajib",8300.78,3.51
Sulawesi Utara,2016,P,Jasa Pendidikan,2828.45,1.2
Sulawesi Utara,2016,Produk,Domestik Bruto,100513.84,42.54
Sulawesi Utara,2016,Q,Jasa Kesehatan dan Kegiatan Sosial,3511.34,1.49
Sulawesi Utara,2016,"R,S,T,U",Jasa Lainnya,1542.97,0.65
Sulawesi Utara,2016,Tanaman,Pangan,3489.4,1.48
Sulawesi Utara,2016,Tanaman,Hortikultura,2621.89,1.11
Sulawesi Utara,2016,Tanaman,Perkebunan,5127.16,2.17
Sulawesi Utara,2017,A,"Pertanian, Kehutanan, dan Perikanan",23713.17,9.16
Sulawesi Utara,2017,Angkutan,Rel,,
Sulawesi Utara,2017,Angkutan,Darat,6830.17,2.64
Sulawesi Utara,2017,Angkutan,Laut,1813.81,0.7
Sulawesi Utara,2017,Angkutan,"Sungai, Danau, dan Penyeberangan",31.47,0.01
Sulawesi Utara,2017,Angkutan,Udara,2918.27,1.13
Sulawesi Utara,2017,Asuransi,dan Dana Pensiun,151.08,0.06
Sulawesi Utara,2017,B,Pertambangan dan Penggalian,5329.46,2.06
Sulawesi Utara,2017,C,Industri Pengolahan,10310.61,3.98
Sulawesi Utara,2017,D,Pengadaan Listrik dan Gas,104.62,0.04
Sulawesi Utara,2017,E,"Pengadaan Air; Pengelolaan Sampah, Limbah, dan Daur Ulang",135.45,0.05
Sulawesi Utara,2017,F,Konstruksi,12635.54,4.88
Sulawesi Utara,2017,G,Perdagangan Besar dan Eceran; Reparasi Mobil dan Sepeda Motor,13316.28,5.14
Sulawesi Utara,2017,H,Transportasi dan Pergudangan,11985.9,4.63
Sulawesi Utara,2017,I,Penyediaan Akomodasi dan Makan Minum,2445.08,0.94
Sulawesi Utara,2017,Industri,Batubara dan Pengilangan Migas,,
Sulawesi Utara,2017,Industri,Makanan dan Minuman,8769.7,3.39
Sulawesi Utara,2017,Industri,Pengolahan Tembakau,,
Sulawesi Utara,2017,Industri,Tekstil dan Pakaian Jadi,29.23,0.01
Sulawesi Utara,2017,Industri,"Kulit, Barang dari Kulit, dan Alas Kaki",1.69,0.0
Sulawesi Utara,2017,Industri,"Kayu, Barang dari Kayu dan Gabus; dan Barang Anyaman dari Bambu, Rotan, dan Sejenisnya",82.43,0.03
Sulawesi Utara,2017,Industri,Kertas dan Barang dari Kertas; Percetakan dan Reproduksi Media Rekaman,250.58,0.1
Sulawesi Utara,2017,Industri,"Kimia, Farmasi, dan Obat Tradisional",104.82,0.04
Sulawesi Utara,2017,Industri,Karet; Barang dari Karet dan Plastik,2.56,0.0
Sulawesi Utara,2017,Industri,Barang Galian bukan Logam,407.72,0.16
Sulawesi Utara,2017,Industri,Logam Dasar,122.68,0.05
Sulawesi Utara,2017,Industri,"Barang Logam; Komputer, Barang Elektronik, Optik; dan Peralatan Listrik",385.93,0.15
Sulawesi Utara,2017,Industri,Mesin dan Perlengkapan,,
Sulawesi Utara,2017,Industri,Alat Angkutan,37.66,0.01
Sulawesi Utara,2017,Industri,Furnitur,83.92,0.03
Sulawesi Utara,2017,Industri,Pengolahan Lainnya; Jasa Reparasi dan Pemasangan Mesin dan Peralatan,31.67,0.01
Sulawesi Utara,2017,J,Informasi dan Komunikasi,4321.37,1.67
Sulawesi Utara,2017,Jasa,Pertanian dan Perburuan,267.31,0.1
Sulawesi Utara,2017,Jasa,Perantara Keuangan,3181.24,1.23
Sulawesi Utara,2017,Jasa,Keuangan Lainnya,1081.41,0.42
Sulawesi Utara,2017,Jasa,Penunjang Keuangan,1.65,0.0
Sulawesi Utara,2017,K,Jasa Keuangan dan Asuransi,4415.38,1.7
Sulawesi Utara,2017,L,Real Estat,3803.3,1.47
Sulawesi Utara,2017,"M,N",Jasa Perusahaan,102.18,0.04
Sulawesi Utara,2017,O,"Administrasi Pemerintahan, Pertahanan, dan Jaminan Sosial Wajib",8924.54,3.45
Sulawesi Utara,2017,P,Jasa Pendidikan,3013.6,1.16
Sulawesi Utara,2017,Produk,Domestik Bruto,110116.73,42.52
Sulawesi Utara,2017,Q,Jasa Kesehatan dan Kegiatan Sosial,3840.26,1.48
Sulawesi Utara,2017,"R,S,T,U",Jasa Lainnya,1720.0,0.66
Sulawesi Utara,2017,Tanaman,Pangan,3823.01,1.48
Sulawesi Utara,2017,Tanaman,Hortikultura,2815.48,1.09
Sulawesi Utara,2017,Tanaman,Perkebunan,5536.09,2.14
Sulawesi Utara,2018,A,"Pertanian, Kehutanan, dan Perikanan",25037.17,8.94
Sulawesi Utara,2018,Angkutan,Rel,,
Sulawesi Utara,2018,Angkutan,Darat,7453.24,2.66
Sulawesi Utara,2018,Angkutan,Laut,1978.89,0.71
Sulawesi Utara,2018,Angkutan,"Sungai, Danau, dan Penyeberangan",34.13,0.01
Sulawesi Utara,2018,Angkutan,Udara,3480.37,1.24
Sulawesi Utara,2018,Asuransi,dan Dana Pensiun,165.36,0.06
Sulawesi Utara,2018,B,Pertambangan dan Penggalian,5932.14,2.12
Sulawesi Utara,2018,C,Industri Pengolahan,10939.19,3.9
Sulawesi Utara,2018,D,Pengadaan Listrik dan Gas,109.7,0.04
Sulawesi Utara,2018,E,"Pengadaan Air; Pengelolaan Sampah, Limbah, dan Daur Ulang",140.73,0.05
Sulawesi Utara,2018,F,Konstruksi,14077.44,5.02
Sulawesi Utara,2018,G,Perdagangan Besar dan Eceran; Reparasi Mobil dan Sepeda Motor,14514.7,5.18
Sulawesi Utara,2018,H,Transportasi dan Pergudangan,13383.81,4.78
Sulawesi Utara,2018,I,Penyediaan Akomodasi dan Makan Minum,2614.16,0.93
Sulawesi Utara,2018,Industri,Batubara dan Pengilangan Migas,,
Sulawesi Utara,2018,Industri,Makanan dan Minuman,9232.4,3.29
Sulawesi Utara,2018,Industri,Pengolahan Tembakau,,
Sulawesi Utara,2018,Industri,Tekstil dan Pakaian Jadi,32.55,0.01
Sulawesi Utara,2018,Industri,"Kulit, Barang dari Kulit, dan Alas Kaki",1.77,0.0
Sulawesi Utara,2018,Industri,"Kayu, Barang dari Kayu dan Gabus; dan Barang Anyaman dari Bambu, Rotan, dan Sejenisnya",102.2,0.04
Sulawesi Utara,2018,Industri,Kertas dan Barang dari Kertas; Percetakan dan Reproduksi Media Rekaman,266.06,0.09
Sulawesi Utara,2018,Industri,"Kimia, Farmasi, dan Obat Tradisional",113.06,0.04
Sulawesi Utara,2018,Industri,Karet; Barang dari Karet dan Plastik,2.61,0.0
Sulawesi Utara,2018,Industri,Barang Galian bukan Logam,480.59,0.17
Sulawesi Utara,2018,Industri,Logam Dasar,134.38,0.05
Sulawesi Utara,2018,Industri,"Barang Logam; Komputer, Barang Elektronik, Optik; dan Peralatan Listrik",420.3,0.15
Sulawesi Utara,2018,Industri,Mesin dan Perlengkapan,,
Sulawesi Utara,2018,Industri,Alat Angkutan,38.15,0.01
Sulawesi Utara,2018,Industri,Furnitur,82.44,0.03
Sulawesi Utara,2018,Industri,Pengolahan Lainnya; Jasa Reparasi dan Pemasangan Mesin dan Peralatan,32.7,0.01
Sulawesi Utara,2018,J,Informasi dan Komunikasi,4728.3,1.69
Sulawesi Utara,2018,Jasa,Pertanian dan Perburuan,288.63,0.1
Sulawesi Utara,2018,Jasa,Perantara Keuangan,3241.33,1.16
Sulawesi Utara,2018,Jasa,Keuangan Lainnya,1157.98,0.41
Sulawesi Utara,2018,Jasa,Penunjang Keuangan,1.78,0.0
Sulawesi Utara,2018,K,Jasa Keuangan dan Asuransi,4566.46,1.63
Sulawesi Utara,2018,L,Real Estat,4185.94,1.49
Sulawesi Utara,2018,"M,N",Jasa Perusahaan,119.19,0.04
Sulawesi Utara,2018,O,"Administrasi Pemerintahan, Pertahanan, dan Jaminan Sosial Wajib",9552.85,3.41
Sulawesi Utara,2018,P,Jasa Pendidikan,3332.11,1.19
Sulawesi Utara,2018,Produk,Domestik Bruto,119512.68,42.65
Sulawesi Utara,2018,Q,Jasa Kesehatan dan Kegiatan Sosial,4271.75,1.52
Sulawesi Utara,2018,"R,S,T,U",Jasa Lainnya,2007.04,0.72
Sulawesi Utara,2018,Tanaman,Pangan,4015.37,1.43
Sulawesi Utara,2018,Tanaman,Hortikultura,3097.19,1.11
Sulawesi Utara,2018,Tanaman,Perkebunan,5320.63,1.9
Sulawesi Utara,2019,A,"Pertanian, Kehutanan, dan Perikanan",27101.99,8.92
Sulawesi Utara,2019,Angkutan,Rel,,
Sulawesi Utara,2019,Angkutan,Darat,8518.21,2.8
Sulawesi Utara,2019,Angkutan,Laut,2309.85,0.76
Sulawesi Utara,2019,Angkutan,"Sungai, Danau, dan Penyeberangan",37.94,0.01
Sulawesi Utara,2019,Angkutan,Udara,3209.91,1.06
Sulawesi Utara,2019,Asuransi,dan Dana Pensiun,187.06,0.06
Sulawesi Utara,2019,B,Pertambangan dan Penggalian,6571.43,2.16
Sulawesi Utara,2019,C,Industri Pengolahan,11334.1,3.73
Sulawesi Utara,2019,D,Pengadaan Listrik dan Gas,120.66,0.04
Sulawesi Utara,2019,E,"Pengadaan Air; Pengelolaan Sampah, Limbah, dan Daur Ulang",148.15,0.05
Sulawesi Utara,2019,F,Konstruksi,15396.39,5.07
Sulawesi Utara,2019,G,Perdagangan Besar dan Eceran; Reparasi Mobil dan Sepeda Motor,16594.92,5.46
Sulawesi Utara,2019,H,Transportasi dan Pergudangan,14581.73,4.8
Sulawesi Utara,2019,I,Penyediaan Akomodasi dan Makan Minum,2702.18,0.89
Sulawesi Utara,2019,Industri,Batubara dan Pengilangan Migas,,
Sulawesi Utara,2019,Industri,Makanan dan Minuman,9126.92,3.0
Sulawesi Utara,2019,Industri,Pengolahan Tembakau,,
Sulawesi Utara,2019,Industri,Tekstil dan Pakaian Jadi,30.85,0.01
Sulawesi Utara,2019,Industri,"Kulit, Barang dari Kulit, dan Alas Kaki",2.01,0.0
Sulawesi Utara,2019,Industri,"Kayu, Barang dari Kayu dan Gabus; dan Barang Anyaman dari Bambu, Rotan, dan Sejenisnya",107.25,0.04
Sulawesi Utara,2019,Industri,Kertas dan Barang dari Kertas; Percetakan dan Reproduksi Media Rekaman,360.9,0.12
Sulawesi Utara,2019,Industri,"Kimia, Farmasi, dan Obat Tradisional",132.53,0.04
Sulawesi Utara,2019,Industri,Karet; Barang dari Karet dan Plastik,2.69,0.0
Sulawesi Utara,2019,Industri,Barang Galian bukan Logam,844.99,0.28
Sulawesi Utara,2019,Industri,Logam Dasar,137.72,0.05
Sulawesi Utara,2019,Industri,"Barang Logam; Komputer, Barang Elektronik, Optik; dan Peralatan Listrik",438.43,0.14
Sulawesi Utara,2019,Industri,Mesin dan Perlengkapan,,
Sulawesi Utara,2019,Industri,Alat Angkutan,40.71,0.01
Sulawesi Utara,2019,Industri,Furnitur,79.35,0.03
Sulawesi Utara,2019,Industri,Pengolahan Lainnya; Jasa Reparasi dan Pemasangan Mesin dan Peralatan,29.76,0.01
Sulawesi Utara,2019,J,Informasi dan Komunikasi,5194.58,1.71
Sulawesi Utara,2019,Jasa,Pertanian dan Perburuan,306.66,0.1
Sulawesi Utara,2019,Jasa,Perantara Keuangan,3264.22,1.07
Sulawesi Utara,2019,Jasa,Keuangan Lainnya,1407.04,0.46
Sulawesi Utara,2019,Jasa,Penunjang Keuangan,1.97,0.0
Sulawesi Utara,2019,K,Jasa Keuangan dan Asuransi,4860.29,1.6
Sulawesi Utara,2019,L,Real Estat,4501.26,1.48
Sulawesi Utara,2019,"M,N",Jasa Perusahaan,133.15,0.04
Sulawesi Utara,2019,O,"Administrasi Pemerintahan, Pertahanan, dan Jaminan Sosial Wajib",9867.14,3.25
Sulawesi Utara,2019,P,Jasa Pendidikan,3787.35,1.25
Sulawesi Utara,2019,Produk,Domestik Bruto,130126.51,42.83
Sulawesi Utara,2019,Q,Jasa Kesehatan dan Kegiatan Sosial,4778.13,1.57
Sulawesi Utara,2019,"R,S,T,U",Jasa Lainnya,2453.06,0.81
Sulawesi Utara,2019,Tanaman,Pangan,4008.06,1.32
Sulawesi Utara,2019,Tanaman,Hortikultura,3317.45,1.09
Sulawesi Utara,2019,Tanaman,Perkebunan,5664.6,1.86
Sulawesi Utara,2021,A,"Pertanian, Kehutanan, dan Perikanan",30075.42,9.03
Sulawesi Utara,2021,Angkutan,Rel,,
Sulawesi Utara,2021,Angkutan,Darat,7909.76,2.37
Sulawesi Utara,2021,Angkutan,Laut,2283.87,0.69
Sulawesi Utara,2021,Angkutan,"Sungai, Danau, dan Penyeberangan",36.81,0.01
Sulawesi Utara,2021,Angkutan,Udara,2201.58,0.66
Sulawesi Utara,2021,Asuransi,dan Dana Pensiun,208.13,0.06
Sulawesi Utara,2021,B,Pertambangan dan Penggalian,7738.99,2.32
Sulawesi Utara,2021,C,Industri Pengolahan,14796.99,4.44
Sulawesi Utara,2021,D,Pengadaan Listrik dan Gas,142.27,0.04
Sulawesi Utara,2021,E,"Pengadaan Air; Pengelolaan Sampah, Limbah, dan Daur Ulang",162.34,0.05
Sulawesi Utara,2021,F,Konstruksi,16781.32,5.04
Sulawesi Utara,2021,G,Perdagangan Besar dan Eceran; Reparasi Mobil dan Sepeda Motor,18668.99,5.6
Sulawesi Utara,2021,H,Transportasi dan Pergudangan,12852.53,3.86
Sulawesi Utara,2021,I,Penyediaan Akomodasi dan Makan Minum,2257.32,0.68
Sulawesi Utara,2021,Industri,Batubara dan Pengilangan Migas,,
Sulawesi Utara,2021,Industri,Makanan dan Minuman,12343.06,3.7
Sulawesi Utara,2021,Industri,Pengolahan Tembakau,,
Sulawesi Utara,2021,Industri,Tekstil dan Pakaian Jadi,30.63,0.01
Sulawesi Utara,2021,Industri,"Kulit, Barang dari Kulit, dan Alas Kaki",2.05,0.0
Sulawesi Utara,2021,Industri,"Kayu, Barang dari Kayu dan Gabus; dan Barang Anyaman dari Bambu, Rotan, dan Sejenisnya",105.03,0.03
Sulawesi Utara,2021,Industri,Kertas dan Barang dari Kertas; Percetakan dan Reproduksi Media Rekaman,384.28,0.12
Sulawesi Utara,2021,Industri,"Kimia, Farmasi, dan Obat Tradisional",148.15,0.04
Sulawesi Utara,2021,Industri,Karet; Barang dari Karet dan Plastik,2.92,0.0
Sulawesi Utara,2021,Industri,Barang Galian bukan Logam,1042.39,0.31
Sulawesi Utara,2021,Industri,Logam Dasar,146.12,0.04
Sulawesi Utara,2021,Industri,"Barang Logam; Komputer, Barang Elektronik, Optik; dan Peralatan Listrik",445.14,0.13
Sulawesi Utara,2021,Industri,Mesin dan Perlengkapan,,
Sulawesi Utara,2021,Industri,Alat Angkutan,42.09,0.01
Sulawesi Utara,2021,Industri,Furnitur,75.18,0.02
Sulawesi Utara,2021,Industri,Pengolahan Lainnya; Jasa Reparasi dan Pemasangan Mesin dan Peralatan,29.93,0.01
Sulawesi Utara,2021,J,Informasi dan Komunikasi,5925.77,1.78
Sulawesi Utara,2021,Jasa,Pertanian dan Perburuan,337.81,0.1
Sulawesi Utara,2021,Jasa,Perantara Keuangan,4133.37,1.24
Sulawesi Utara,2021,Jasa,Keuangan Lainnya,1396.14,0.42
Sulawesi Utara,2021,Jasa,Penunjang Keuangan,2.09,0.0
Sulawesi Utara,2021,K,Jasa Keuangan dan Asuransi,5739.73,1.72
Sulawesi Utara,2021,L,Real Estat,4571.81,1.37
Sulawesi Utara,2021,"M,N",Jasa Perusahaan,139.57,0.04
Sulawesi Utara,2021,O,"Administrasi Pemerintahan, Pertahanan, dan Jaminan Sosial Wajib",10283.4,3.09
Sulawesi Utara,2021,P,Jasa Pendidikan,4159.99,1.25
Sulawesi Utara,2021,Produk,Domestik Bruto,142620.42,42.81
Sulawesi Utara,2021,Q,Jasa Kesehatan dan Kegiatan Sosial,5921.45,1.78
Sulawesi Utara,2021,"R,S,T,U",Jasa Lainnya,2402.54,0.72
Sulawesi Utara,2021,Tanaman,Pangan,3745.28,1.12
Sulawesi Utara,2021,Tanaman,Hortikultura,3918.98,1.18
Sulawesi Utara,2021,Tanaman,Perkebunan,6936.8,2.08
Sulawesi Utara,2022,A,"Pertanian, Kehutanan, dan Perikanan",32816.28,8.9
Sulawesi Utara,2022,Angkutan,Rel,,
Sulawesi Utara,2022,Angkutan,Darat,9398.6,2.55
Sulawesi Utara,2022,Angkutan,Laut,2711.28,0.74
Sulawesi Utara,2022,Angkutan,"Sungai, Danau, dan Penyeberangan",43.25,0.01
Sulawesi Utara,2022,Angkutan,Udara,3526.97,0.96
Sulawesi Utara,2022,Asuransi,dan Dana Pensiun,227.3,0.06
Sulawesi Utara,2022,B,Pertambangan dan Penggalian,8175.27,2.22
Sulawesi Utara,2022,C,Industri Pengolahan,16744.43,4.54
Sulawesi Utara,2022,D,Pengadaan Listrik dan Gas,160.45,0.04
Sulawesi Utara,2022,E,"Pengadaan Air; Pengelolaan Sampah, Limbah, dan Daur Ulang",165.28,0.04
Sulawesi Utara,2022,F,Konstruksi,18034.5,4.89
Sulawesi Utara,2022,G,Perdagangan Besar dan Eceran; Reparasi Mobil dan Sepeda Motor,20834.6,5.65
Sulawesi Utara,2022,H,Transportasi dan Pergudangan,16155.09,4.38
Sulawesi Utara,2022,I,Penyediaan Akomodasi dan Makan Minum,2582.88,0.7
Sulawesi Utara,2022,Industri,Batubara dan Pengilangan Migas,,
Sulawesi Utara,2022,Industri,Makanan dan Minuman,14038.51,3.81
Sulawesi Utara,2022,Industri,Pengolahan Tembakau,,
Sulawesi Utara,2022,Industri,Tekstil dan Pakaian Jadi,33.94,0.01
Sulawesi Utara,2022,Industri,"Kulit, Barang dari Kulit, dan Alas Kaki",2.14,0.0
Sulawesi Utara,2022,Industri,"Kayu, Barang dari Kayu dan Gabus; dan Barang Anyaman dari Bambu, Rotan, dan Sejenisnya",106.0,0.03
Sulawesi Utara,2022,Industri,Kertas dan Barang dari Kertas; Percetakan dan Reproduksi Media Rekaman,433.85,0.12
Sulawesi Utara,2022,Industri,"Kimia, Farmasi, dan Obat Tradisional",245.88,0.07
Sulawesi Utara,2022,Industri,Karet; Barang dari Karet dan Plastik,3.02,0.0
Sulawesi Utara,2022,Industri,Barang Galian bukan Logam,1100.56,0.3
Sulawesi Utara,2022,Industri,Logam Dasar,153.2,0.04
Sulawesi Utara,2022,Industri,"Barang Logam; Komputer, Barang Elektronik, Optik; dan Peralatan Listrik",470.12,0.13
Sulawesi Utara,2022,Industri,Mesin dan Perlengkapan,,
Sulawesi Utara,2022,Industri,Alat Angkutan,45.16,0.01
Sulawesi Utara,2022,Industri,Furnitur,80.68,0.02
Sulawesi Utara,2022,Industri,Pengolahan Lainnya; Jasa Reparasi dan Pemasangan Mesin dan Peralatan,31.39,0.01
Sulawesi Utara,2022,J,Informasi dan Komunikasi,6326.43,1.72
Sulawesi Utara,2022,Jasa,Pertanian dan Perburuan,349.58,0.09
Sulawesi Utara,2022,Jasa,Perantara Keuangan,4133.64,1.12
Sulawesi Utara,2022,Jasa,Keuangan Lainnya,1577.84,0.43
Sulawesi Utara,2022,Jasa,Penunjang Keuangan,2.24,0.0
Sulawesi Utara,2022,K,Jasa Keuangan dan Asuransi,5941.02,1.61
Sulawesi Utara,2022,L,Real Estat,4732.24,1.28
Sulawesi Utara,2022,"M,N",Jasa Perusahaan,148.83,0.04
Sulawesi Utara,2022,O,"Administrasi Pemerintahan, Pertahanan, dan Jaminan Sosial Wajib",10734.48,2.91
Sulawesi Utara,2022,P,Jasa Pendidikan,4527.33,1.23
Sulawesi Utara,2022,Produk,Domestik Bruto,157039.46,42.59
Sulawesi Utara,2022,Q,Jasa Kesehatan dan Kegiatan Sosial,6369.6,1.73
Sulawesi Utara,2022,"R,S,T,U",Jasa Lainnya,2590.77,0.7
Sulawesi Utara,2022,Tanaman,Pangan,4095.54,1.11
Sulawesi Utara,2022,Tanaman,Hortikultura,4341.81,1.18
Sulawesi Utara,2022,Tanaman,Perkebunan,7503.94,2.04
Sulawesi Utara,2023,A,"Pertanian, Kehutanan, dan Perikanan",35165.39,8.68
Sulawesi Utara,2023,Angkutan,Rel,,
Sulawesi Utara,2023,Angkutan,Darat,10855.4,2.68
Sulawesi Utara,2023,Angkutan,Laut,3312.55,0.82
Sulawesi Utara,2023,Angkutan,"Sungai, Danau, dan Penyeberangan",44.14,0.01
Sulawesi Utara,2023,Angkutan,Udara,5195.43,1.28
Sulawesi Utara,2023,Asuransi,dan Dana Pensiun,236.19,0.06
Sulawesi Utara,2023,B,Pertambangan dan Penggalian,8506.04,2.1
Sulawesi Utara,2023,C,Industri Pengolahan,18295.07,4.52
Sulawesi Utara,2023,D,Pengadaan Listrik dan Gas,172.09,0.04
Sulawesi Utara,2023,E,"Pengadaan Air; Pengelolaan Sampah, Limbah, dan Daur Ulang",169.72,0.04
Sulawesi Utara,2023,F,Konstruksi,19265.17,4.76
Sulawesi Utara,2023,G,Perdagangan Besar dan Eceran; Reparasi Mobil dan Sepeda Motor,23331.38,5.76
Sulawesi Utara,2023,H,Transportasi dan Pergudangan,19959.76,4.93
Sulawesi Utara,2023,I,Penyediaan Akomodasi dan Makan Minum,2867.64,0.71
Sulawesi Utara,2023,Industri,Batubara dan Pengilangan Migas,,
Sulawesi Utara,2023,Industri,Makanan dan Minuman,15456.66,3.82
Sulawesi Utara,2023,Industri,Pengolahan Tembakau,,
Sulawesi Utara,2023,Industri,Tekstil dan Pakaian Jadi,38.19,0.01
Sulawesi Utara,2023,Industri,"Kulit, Barang dari Kulit, dan Alas Kaki",2.07,0.0
Sulawesi Utara,2023,Industri,"Kayu, Barang dari Kayu dan Gabus; dan Barang Anyaman dari Bambu, Rotan, dan Sejenisnya",112.65,0.03
Sulawesi Utara,2023,Industri,Kertas dan Barang dari Kertas; Percetakan dan Reproduksi Media Rekaman,481.23,0.12
Sulawesi Utara,2023,Industri,"Kimia, Farmasi, dan Obat Tradisional",206.79,0.05
Sulawesi Utara,2023,Industri,Karet; Barang dari Karet dan Plastik,2.97,0.0
Sulawesi Utara,2023,Industri,Barang Galian bukan Logam,1191.17,0.29
Sulawesi Utara,2023,Industri,Logam Dasar,157.61,0.04
Sulawesi Utara,2023,Industri,"Barang Logam; Komputer, Barang Elektronik, Optik; dan Peralatan Listrik",491.42,0.12
Sulawesi Utara,2023,Industri,Mesin dan Perlengkapan,,
Sulawesi Utara,2023,Industri,Alat Angkutan,44.8,0.01
Sulawesi Utara,2023,Industri,Furnitur,80.48,0.02
Sulawesi Utara,2023,Industri,Pengolahan Lainnya; Jasa Reparasi dan Pemasangan Mesin dan Peralatan,29.03,0.01
Sulawesi Utara,2023,J,Informasi dan Komunikasi,6874.2,1.7
Sulawesi Utara,2023,Jasa,Pertanian dan Perburuan,374.34,0.09
Sulawesi Utara,2023,Jasa,Perantara Keuangan,3944.23,0.97
Sulawesi Utara,2023,Jasa,Keuangan Lainnya,1800.37,0.44
Sulawesi Utara,2023,Jasa,Penunjang Keuangan,2.47,0.0
Sulawesi Utara,2023,K,Jasa Keuangan dan Asuransi,5983.26,1.48
Sulawesi Utara,2023,L,Real Estat,5047.06,1.25
Sulawesi Utara,2023,"M,N",Jasa Perusahaan,158.85,0.04
Sulawesi Utara,2023,O,"Administrasi Pemerintahan, Pertahanan, dan Jaminan Sosial Wajib",11349.89,2.8
Sulawesi Utara,2023,P,Jasa Pendidikan,5028.33,1.24
Sulawesi Utara,2023,Produk,Domestik Bruto,171969.42,42.46
Sulawesi Utara,2023,Q,Jasa Kesehatan dan Kegiatan Sosial,6857.61,1.69
Sulawesi Utara,2023,"R,S,T,U",Jasa Lainnya,2937.97,0.73
Sulawesi Utara,2023,Tanaman,Pangan,4245.9,1.05
Sulawesi Utara,2023,Tanaman,Hortikultura,4779.5,1.18
Sulawesi Utara,2023,Tanaman,Perkebunan,7945.78,1.96
Sulawesi Utara,2024,A,"Pertanian, Kehutanan, dan Perikanan",38583.04,8.74
Sulawesi Utara,2024,Angkutan,Rel,,
Sulawesi Utara,2024,Angkutan,Darat,12124.15,2.75
Sulawesi Utara,2024,Angkutan,Laut,3164.66,0.72
Sulawesi Utara,2024,Angkutan,"Sungai, Danau, dan Penyeberangan",41.13,0.01
Sulawesi Utara,2024,Angkutan,Udara,5826.6,1.32
Sulawesi Utara,2024,Asuransi,dan Dana Pensiun,251.18,0.06
Sulawesi Utara,2024,B,Pertambangan dan Penggalian,9177.92,2.08
Sulawesi Utara,2024,C,Industri Pengolahan,19890.49,4.5
Sulawesi Utara,2024,D,Pengadaan Listrik dan Gas,187.16,0.04
Sulawesi Utara,2024,E,"Pengadaan Air; Pengelolaan Sampah, Limbah, dan Daur Ulang",179.56,0.04
Sulawesi Utara,2024,F,Konstruksi,20051.93,4.54
Sulawesi Utara,2024,G,Perdagangan Besar dan Eceran; Reparasi Mobil dan Sepeda Motor,25553.36,5.79
Sulawesi Utara,2024,H,Transportasi dan Pergudangan,21766.6,4.93
Sulawesi Utara,2024,I,Penyediaan Akomodasi dan Makan Minum,3151.66,0.71
Sulawesi Utara,2024,Industri,Batubara dan Pengilangan Migas,,
Sulawesi Utara,2024,Industri,Makanan dan Minuman,16948.87,3.84
Sulawesi Utara,2024,Industri,Pengolahan Tembakau,,
Sulawesi Utara,2024,Industri,Tekstil dan Pakaian Jadi,37.99,0.01
Sulawesi Utara,2024,Industri,"Kulit, Barang dari Kulit, dan Alas Kaki",2.09,0.0
Sulawesi Utara,2024,Industri,"Kayu, Barang dari Kayu dan Gabus; dan Barang Anyaman dari Bambu, Rotan, dan Sejenisnya",124.76,0.03
Sulawesi Utara,2024,Industri,Kertas dan Barang dari Kertas; Percetakan dan Reproduksi Media Rekaman,581.32,0.13
Sulawesi Utara,2024,Industri,"Kimia, Farmasi, dan Obat Tradisional",242.48,0.05
Sulawesi Utara,2024,Industri,Karet; Barang dari Karet dan Plastik,3.07,0.0
Sulawesi Utara,2024,Industri,Barang Galian bukan Logam,1134.72,0.26
Sulawesi Utara,2024,Industri,Logam Dasar,155.17,0.04
Sulawesi Utara,2024,Industri,"Barang Logam; Komputer, Barang Elektronik, Optik; dan Peralatan Listrik",503.62,0.11
Sulawesi Utara,2024,Industri,Mesin dan Perlengkapan,,
Sulawesi Utara,2024,Industri,Alat Angkutan,47.12,0.01
Sulawesi Utara,2024,Industri,Furnitur,77.14,0.02
Sulawesi Utara,2024,Industri,Pengolahan Lainnya; Jasa Reparasi dan Pemasangan Mesin dan Peralatan,32.14,0.01
Sulawesi Utara,2024,J,Informasi dan Komunikasi,7490.59,1.7
Sulawesi Utara,2024,Jasa,Pertanian dan Perburuan,408.48,0.09
Sulawesi Utara,2024,Jasa,Perantara Keuangan,4099.16,0.93
Sulawesi Utara,2024,Jasa,Keuangan Lainnya,2009.54,0.46
Sulawesi Utara,2024,Jasa,Penunjang Keuangan,2.66,0.0
Sulawesi Utara,2024,K,Jasa Keuangan dan Asuransi,6362.55,1.44
Sulawesi Utara,2024,L,Real Estat,5589.24,1.27
Sulawesi Utara,2024,"M,N",Jasa Perusahaan,172.78,0.04
Sulawesi Utara,2024,O,"Administrasi Pemerintahan, Pertahanan, dan Jaminan Sosial Wajib",12719.15,2.88
Sulawesi Utara,2024,P,Jasa Pendidikan,5658.03,1.28
Sulawesi Utara,2024,Produk,Domestik Bruto,187374.29,42.43
Sulawesi Utara,2024,Q,Jasa Kesehatan dan Kegiatan Sosial,7450.63,1.69
Sulawesi Utara,2024,"R,S,T,U",Jasa Lainnya,3389.6,0.77
Sulawesi Utara,2024,Tanaman,Pangan,4746.93,1.07
Sulawesi Utara,2024,Tanaman,Hortikultura,5088.27,1.15
Sulawesi Utara,2024,Tanaman,Perkebunan,9208.19,2.09
