,"20% 15% 13,4% 13,2% 13,0% 12,9% 11,3% 10,2% 9,8% 9,6% 10% 6,6% 5% 0% Ahli Gizi Farmasi Kesehatan Kesehatan Dokter Bidan Perawat Dokter Gigi Teknologi Lingkungan Masyarakat Umum Laboratorium Medik",,,,,,,,,,,,,,,,,,,,,,,,,,,,,
,,PROGRAM,,,,,,,,,,,,,,,,,,,,,,,,,,,,
No,UNIT UTAMA,,PENCEGAHAN,PELAYANAN,PELATIHAN DAN,,,,,,,,,,,,,,,,,,,,,,,,,
,,KESEHATAN,DAN,,,DUKUNGAN,,,,,,,,,,,,,,,,,,,,,,,,
,,,,KESEHATAN DAN,PENDIDIKAN,,JUMLAH,,,,,,,,,,,,,,,,,,,,,,,
,,MASYARAKAT,PENGENDALIAN,,,MANAJEMEN,,,,,,,,,,,,,,,,,,,,,,,,
,,,,JKN,VOKASI,,,,,,,,,,,,,,,,,,,,,,,,,
,,,PENYAKIT,,,,,,,,,,,,,,,,,,,,,,,,,,,
1,Ditjen Kesehatan Masyarakat,206.033.500,6.700.000,,,,212.733.500,,,,,,,,,,,,,,,,,,,,,,,
2,Ditjen Pencegahan dan Pengendalian Penyakit,15.000.000,170.141.000,,,,185.141.000,,,,,,,,,,,,,,,,,,,,,,,
3,Ditjen Pelayanan Kesehatan,,,35.926.050,,,35.926.050,,,,,,,,,,,,,,,,,,,,,,,
4,Ditjen Kefarmasian dan Alkes,,,7.999.845,,,7.999.845,,,,,,,,,,,,,,,,,,,,,,,
5,Ditjen Tenaga Kesehatan,,,8.611.721,48.840.870,,57.452.591,,,,,,,,,,,,,,,,,,,,,,,
6,Sekretariat Jenderal,,,16.869.423,,91.519.929,108.389.352,,,,,,,,,,,,,,,,,,,,,,,
TOTAL,,221.033.500,176.841.000,69.407.039,48.840.870,91.519.929,607.642.338,,,,,,,,,,,,,,,,,,,,,,,
"9998888887878,68 ,58 ,48 3,48 2,28 1,18 8,08 7,87 1,89,78,72,76,55,54,51,8,5",,,,,,,,,,,,,,,,,,,,,,,,,,,,,,
"77777775737,275,0,2,",,,,,,,,,,,,,,,,,,,,,,,,,,,,,,
,,,,,,,,,,,,,,,,,,,,,,,,,"5,",,,,,
,,,,,,,,,,,,,,,,,,,,,,,,,95,9585,,"0,45","0,15 5,54",
,,,,,,,,,,,,,,,784.7 858.,70,,,,,,,,,581.,,,561.,,
854,162.41,606.91,561,363.2,721.41,811.2 41,625.51,852.2,477.2,591.2,152.41,202.,386.2,626.,252,354.51,293.81,5.32 18,761.41,540.4,367.,849.3,641.3,44,72,772.3,928.81,03,567.41,595.81
.01,,,.01,1,,13.9,,1,1,1,,11,1,01,,,,2.9,,1,11,1,1,6.9,,1,,,,
,,,,,,,,,,,,,,,,"48,8","48,6",,,,,,,,,,,,,
,,,,,,,,,,,,,,,,,,,"45,4","44,8",,,,,,,,,,
"35,9 35,8",,,,,,,,,,,,,,,,,,,,,,"43,7","43,6",,,,,,,
,,,,,,,,,,,,,"35,9","35,8",,,,,,,,,,,,,,,,
"25,0 24,8 25,5 25,4 25,5 25,5",,,,,,,,,,,,,,,,,,,,,,,,,,,,,,
,,,,"25,0","24,8",,"25,5","25,4",,"25,5","25,5",,,,,,,,,,,,,,,,,,,
,"20,4","19,9",,,,,,,,,,,,,,,,,,,,,,,,,,,,
,,,,,,2 482,,430 2,,043 2,,366,,,,,,,,,,,,,,,,,,
,,2,,,,,,,,,,,,,,,,,,,,,,,,,,,,
2 0,0.,708,,,,,,,,,,,,,,,,,,,,,,,,,,,,
0,,,,,,,,,,,,,,,,,,,,,,,,,,,,,,
0,,,,,,,,,,,,,,,,,,,,,,,,,,,,,,
0fil K,es,eha,ta,n In,do,nesi,a,2021,|,BA,B,IV. P,,,,,,,,,,,,,,,,,,
3.500 3.500 2.820.89092.926.936 3.0030.000 2.425.54552.425.49592.520.5707 2.5020.5002.026.80682.229.2292 2.0020.000 1.5010.500 1.0010.000 500500 0 0 20126016201270172012801820129019202200202022102120222022,3,,,,,,,,,,,,,,,,,,,,,,,,,,,,,
,1.1312.132,,,,,,,,,,,,,,,,,,,,,,,,,,,,,
",0",85,",6",90,",2",86,",7",85,",4",88,",0",84,",6",86,,,,,,,,,,,,,,,,,
,,,,,,,,,,,,88,",8",,,,,,,,,,,,,,,,,
84,",5",88,",3",86,",9",87,",5",87,",3",88,",5",,,,,,,,,,,,,,,,,,,
,,,,T,arget Re,nstra 2,022: 75%,,,,,,,,,,,,,,,,,,,,,,,
,,Ta,rget RPJMN 202,2: 68%,,,,,,,,,,,,,,,,,,,,,,,,,,
,,,,"6 6 63 63, 62, 60,8 59,9 58,7 ,1",,,,,,,,,,,,,,,,,,,,,,,,,,
,,,,"82,8 79,6 7",,,,,,,,,,,,,,,,,,,,,,,,,,
No,Provinsi,Jumlah Puskesmas,,,,,,,,,,,,,,,,,,,,,,,,,,,,
,,2017,2018,2019,2020,2021,2022,,,,,,,,,,,,,,,,,,,,,,,
(1),(2),(3),(4),(5),(6),(7),(8),,,,,,,,,,,,,,,,,,,,,,,
1,Aceh,341,348,359,359,360,362,,,,,,,,,,,,,,,,,,,,,,,
2,Sumatera Utara,571,581,601,608,615,615,,,,,,,,,,,,,,,,,,,,,,,
3,Sumatera Barat,269,275,275,276,279,280,,,,,,,,,,,,,,,,,,,,,,,
4,Riau,215,216,228,231,234,238,,,,,,,,,,,,,,,,,,,,,,,
5,Jambi,186,195,205,207,207,207,,,,,,,,,,,,,,,,,,,,,,,
6,Sumatera Selatan,322,332,341,343,345,348,,,,,,,,,,,,,,,,,,,,,,,
7,Bengkulu,180,180,179,179,179,179,,,,,,,,,,,,,,,,,,,,,,,
8,Lampung,297,302,310,312,315,318,,,,,,,,,,,,,,,,,,,,,,,
9,Kepulauan Bangka Belitung,63,64,64,64,64,64,,,,,,,,,,,,,,,,,,,,,,,
10,Kepulauan Riau,74,83,86,88,93,93,,,,,,,,,,,,,,,,,,,,,,,
11,DKI Jakarta,340,321,315,315,315,315,,,,,,,,,,,,,,,,,,,,,,,
12,Jawa Barat,1.056,1.069,1.072,1.083,1.086,1.100,,,,,,,,,,,,,,,,,,,,,,,
13,Jawa Tengah,876,881,878,878,880,880,,,,,,,,,,,,,,,,,,,,,,,
14,DI Yogyakarta,121,121,121,121,121,121,,,,,,,,,,,,,,,,,,,,,,,
15,Jawa Timur,963,967,968,968,971,969,,,,,,,,,,,,,,,,,,,,,,,
16,Banten,233,242,243,245,245,247,,,,,,,,,,,,,,,,,,,,,,,
17,Bali,120,120,120,120,120,120,,,,,,,,,,,,,,,,,,,,,,,
18,Nusa Tenggara Barat,160,166,169,174,175,176,,,,,,,,,,,,,,,,,,,,,,,
19,Nusa Tenggara Timur,372,381,402,410,421,429,,,,,,,,,,,,,,,,,,,,,,,
20,Kalimantan Barat,241,244,246,246,247,248,,,,,,,,,,,,,,,,,,,,,,,
21,Kalimantan Tengah,196,200,203,205,205,204,,,,,,,,,,,,,,,,,,,,,,,
22,Kalimantan Selatan,230,233,235,236,237,241,,,,,,,,,,,,,,,,,,,,,,,
23,Kalimantan Timur,179,183,186,187,188,188,,,,,,,,,,,,,,,,,,,,,,,
24,Kalimantan Utara,49,56,55,55,56,57,,,,,,,,,,,,,,,,,,,,,,,
25,Sulawesi Utara,189,193,195,195,198,199,,,,,,,,,,,,,,,,,,,,,,,
26,Sulawesi Tengah,193,202,206,207,215,218,,,,,,,,,,,,,,,,,,,,,,,
27,Sulawesi Selatan,451,458,459,461,469,472,,,,,,,,,,,,,,,,,,,,,,,
28,Sulawesi Tenggara,274,284,290,292,293,302,,,,,,,,,,,,,,,,,,,,,,,
29,Gorontalo,93,93,93,93,93,93,,,,,,,,,,,,,,,,,,,,,,,
30,Sulawesi Barat,94,94,95,96,98,98,,,,,,,,,,,,,,,,,,,,,,,
31,Maluku,199,208,209,215,222,228,,,,,,,,,,,,,,,,,,,,,,,
32,Maluku Utara,129,134,147,147,147,148,,,,,,,,,,,,,,,,,,,,,,,
33,Papua Barat,155,159,159,161,162,163,,,,,,,,,,,,,,,,,,,,,,,
34,Papua,394,408,420,428,437,454,,,,,,,,,,,,,,,,,,,,,,,
Indonesia,,9.825,9.993,10.134,10.205,10.292,10.374,,,,,,,,,,,,,,,,,,,,,,,
No,Provinsi,Jumlah Puskesmas Rawat Inap,,,,,Jumlah Puskesmas Non Rawat Inap,,,,,,,,,,,,,,,,,,,,,,,
,,2018,2019,2020,2021,2022,2018,2019,2020,2021,2022,,,,,,,,,,,,,,,,,,,
(1),(2),(3),(4),(5),(6),(7),(8),(9),(10),(11),(12),,,,,,,,,,,,,,,,,,,
1,Aceh,148,179,181,180,179,200,180,178,180,183,,,,,,,,,,,,,,,,,,,
2,Sumatera Utara,175,184,188,191,194,406,417,420,424,421,,,,,,,,,,,,,,,,,,,
3,Sumatera Barat,91,108,111,113,115,184,167,165,166,165,,,,,,,,,,,,,,,,,,,
4,Riau,81,102,102,109,116,135,126,129,125,122,,,,,,,,,,,,,,,,,,,
5,Jambi,74,81,88,92,96,121,124,119,115,111,,,,,,,,,,,,,,,,,,,
6,Sumatera Selatan,95,98,113,114,118,237,243,230,231,230,,,,,,,,,,,,,,,,,,,
7,Bengkulu,47,52,52,53,52,133,127,127,126,127,,,,,,,,,,,,,,,,,,,
8,Lampung,119,136,140,155,157,183,174,172,160,161,,,,,,,,,,,,,,,,,,,
9,Kepulauan Bangka Belitung,21,21,26,26,27,43,43,38,38,37,,,,,,,,,,,,,,,,,,,
10,Kepulauan Riau,32,36,35,41,32,51,50,53,52,61,,,,,,,,,,,,,,,,,,,
11,DKI Jakarta,28,28,6,6,6,293,287,309,309,309,,,,,,,,,,,,,,,,,,,
12,Jawa Barat,186,291,299,299,309,883,781,784,787,791,,,,,,,,,,,,,,,,,,,
13,Jawa Tengah,361,368,371,371,377,520,510,507,509,503,,,,,,,,,,,,,,,,,,,
14,DI Yogyakarta,49,49,49,49,49,72,72,72,72,72,,,,,,,,,,,,,,,,,,,
15,Jawa Timur,534,553,575,588,616,433,415,393,383,353,,,,,,,,,,,,,,,,,,,
16,Banten,56,82,81,78,76,186,161,164,167,171,,,,,,,,,,,,,,,,,,,
17,Bali,38,42,41,40,41,82,78,79,80,79,,,,,,,,,,,,,,,,,,,
18,Nusa Tenggara Barat,111,122,142,143,146,55,47,32,32,30,,,,,,,,,,,,,,,,,,,
19,Nusa Tenggara Timur,151,163,164,177,190,230,239,246,244,239,,,,,,,,,,,,,,,,,,,
20,Kalimantan Barat,118,125,129,130,131,126,121,117,117,117,,,,,,,,,,,,,,,,,,,
21,Kalimantan Tengah,75,88,86,87,88,125,115,119,118,116,,,,,,,,,,,,,,,,,,,
22,Kalimantan Selatan,50,50,52,52,51,183,185,184,185,190,,,,,,,,,,,,,,,,,,,
23,Kalimantan Timur,97,102,98,99,99,86,84,89,89,89,,,,,,,,,,,,,,,,,,,
24,Kalimantan Utara,32,27,22,22,22,24,28,33,34,35,,,,,,,,,,,,,,,,,,,
25,Sulawesi Utara,92,94,95,96,99,101,101,100,102,100,,,,,,,,,,,,,,,,,,,
26,Sulawesi Tengah,84,102,104,104,110,118,104,103,111,108,,,,,,,,,,,,,,,,,,,
27,Sulawesi Selatan,269,301,304,316,316,189,158,157,153,156,,,,,,,,,,,,,,,,,,,
28,Sulawesi Tenggara,82,93,91,92,100,202,197,201,201,202,,,,,,,,,,,,,,,,,,,
29,Gorontalo,28,32,26,27,27,65,61,67,66,66,,,,,,,,,,,,,,,,,,,
30,Sulawesi Barat,45,58,60,61,61,49,37,36,37,37,,,,,,,,,,,,,,,,,,,
31,Maluku,64,77,64,65,73,144,132,151,157,155,,,,,,,,,,,,,,,,,,,
32,Maluku Utara,36,45,53,53,52,98,102,94,94,96,,,,,,,,,,,,,,,,,,,
33,Papua Barat,44,44,45,45,45,115,115,116,117,118,,,,,,,,,,,,,,,,,,,
34,Papua,110,115,126,126,132,298,305,302,311,322,,,,,,,,,,,,,,,,,,,
Indonesia,,3.623,4.048,4.119,4.200,4.302,6.370,6.086,6.086,6.092,6.072,,,,,,,,,,,,,,,,,,,
No,Provinsi,Jumlah Puskesmas,Jumlah Kecamatan,Rasio Puskesmas per Kecamatan,,,,,,,,,,,,,,,,,,,,,,,,,,
(1),(2),(3),(4),(5),,,,,,,,,,,,,,,,,,,,,,,,,,
1,Aceh,362,290,"1,2",,,,,,,,,,,,,,,,,,,,,,,,,,
2,Sumatera Utara,615,455,"1,4",,,,,,,,,,,,,,,,,,,,,,,,,,
3,Sumatera Barat,280,179,"1,6",,,,,,,,,,,,,,,,,,,,,,,,,,
4,Riau,238,172,"1,4",,,,,,,,,,,,,,,,,,,,,,,,,,
5,Jambi,207,144,"1,4",,,,,,,,,,,,,,,,,,,,,,,,,,
6,Sumatera Selatan,348,241,"1,4",,,,,,,,,,,,,,,,,,,,,,,,,,
7,Bengkulu,179,129,"1,4",,,,,,,,,,,,,,,,,,,,,,,,,,
8,Lampung,318,229,"1,4",,,,,,,,,,,,,,,,,,,,,,,,,,
9,Kepulauan Bangka Belitung,64,47,"1,4",,,,,,,,,,,,,,,,,,,,,,,,,,
10,Kepulauan Riau,93,76,"1,2",,,,,,,,,,,,,,,,,,,,,,,,,,
11,DKI Jakarta,315,44,"7,2",,,,,,,,,,,,,,,,,,,,,,,,,,
12,Jawa Barat,1.100,627,"1,8",,,,,,,,,,,,,,,,,,,,,,,,,,
13,Jawa Tengah,880,576,"1,5",,,,,,,,,,,,,,,,,,,,,,,,,,
14,DI Yogyakarta,121,78,"1,6",,,,,,,,,,,,,,,,,,,,,,,,,,
15,Jawa Timur,969,666,"1,5",,,,,,,,,,,,,,,,,,,,,,,,,,
16,Banten,247,155,"1,6",,,,,,,,,,,,,,,,,,,,,,,,,,
17,Bali,120,57,"2,1",,,,,,,,,,,,,,,,,,,,,,,,,,
18,Nusa Tenggara Barat,176,117,"1,5",,,,,,,,,,,,,,,,,,,,,,,,,,
19,Nusa Tenggara Timur,429,315,"1,4",,,,,,,,,,,,,,,,,,,,,,,,,,
20,Kalimantan Barat,248,174,"1,4",,,,,,,,,,,,,,,,,,,,,,,,,,
21,Kalimantan Tengah,204,136,"1,5",,,,,,,,,,,,,,,,,,,,,,,,,,
22,Kalimantan Selatan,241,156,"1,5",,,,,,,,,,,,,,,,,,,,,,,,,,
23,Kalimantan Timur,188,105,"1,8",,,,,,,,,,,,,,,,,,,,,,,,,,
24,Kalimantan Utara,57,55,"1,0",,,,,,,,,,,,,,,,,,,,,,,,,,
25,Sulawesi Utara,199,171,"1,2",,,,,,,,,,,,,,,,,,,,,,,,,,
26,Sulawesi Tengah,218,175,"1,2",,,,,,,,,,,,,,,,,,,,,,,,,,
27,Sulawesi Selatan,472,311,"1,5",,,,,,,,,,,,,,,,,,,,,,,,,,
28,Sulawesi Tenggara,302,220,"1,4",,,,,,,,,,,,,,,,,,,,,,,,,,
29,Gorontalo,93,77,"1,2",,,,,,,,,,,,,,,,,,,,,,,,,,
30,Sulawesi Barat,98,69,"1,4",,,,,,,,,,,,,,,,,,,,,,,,,,
31,Maluku,228,118,"1,9",,,,,,,,,,,,,,,,,,,,,,,,,,
32,Maluku Utara,148,118,"1,3",,,,,,,,,,,,,,,,,,,,,,,,,,
33,Papua Barat,163,218,"0,7",,,,,,,,,,,,,,,,,,,,,,,,,,
34,Papua,454,566,"0,8",,,,,,,,,,,,,,,,,,,,,,,,,,
Indonesia,,10.374,7.266,"1,4",,,,,,,,,,,,,,,,,,,,,,,,,,
No,Provinsi,Jumlah Puskesmas,Jumlah Puskesmas Terakreditasi,Jumlah Kabupaten/Kota yang Memiliki Puskesmas Terakreditasi,Persentase Puskesmas Terakreditasi (%),Status Akreditasi Puskesmas,,,,Jumlah Puskesmas Belum Terakreditasi,,,,,,,,,,,,,,,,,,,,
,,,,,,Dasar,Madya,Utama,Paripurna,,,,,,,,,,,,,,,,,,,,,
(1),(2),(3),(4),(5),(6),(7),(8),(9),(10),(11),,,,,,,,,,,,,,,,,,,,
1,Aceh,362,333,23,"92,0",100,203,28,2,29,,,,,,,,,,,,,,,,,,,,
2,Sumatera Utara,615,559,33,"90,9",236,293,29,1,56,,,,,,,,,,,,,,,,,,,,
3,Sumatera Barat,280,271,19,"96,8",61,164,41,5,9,,,,,,,,,,,,,,,,,,,,
4,Riau,238,214,12,"89,9",66,120,28,0,24,,,,,,,,,,,,,,,,,,,,
5,Jambi,207,188,11,"90,8",54,112,19,3,19,,,,,,,,,,,,,,,,,,,,
6,Sumatera Selatan,348,333,17,"95,7",90,196,42,5,15,,,,,,,,,,,,,,,,,,,,
7,Bengkulu,179,179,10,"100,0",70,100,9,0,0,,,,,,,,,,,,,,,,,,,,
8,Lampung,318,296,15,"93,1",25,208,59,4,22,,,,,,,,,,,,,,,,,,,,
9,Kepulauan Bangka Belitung,64,64,7,"100,0",8,36,19,1,0,,,,,,,,,,,,,,,,,,,,
10,Kepulauan Riau,93,83,7,"89,2",20,42,20,1,10,,,,,,,,,,,,,,,,,,,,
11,DKI Jakarta,315,151,6,"47,9",11,89,20,31,164,,,,,,,,,,,,,,,,,,,,
12,Jawa Barat,1.100,1.028,27,"93,5",179,617,205,27,72,,,,,,,,,,,,,,,,,,,,
13,Jawa Tengah,880,873,35,"99,2",97,467,270,39,7,,,,,,,,,,,,,,,,,,,,
14,DI Yogyakarta,121,121,5,"100,0",0,43,64,14,0,,,,,,,,,,,,,,,,,,,,
15,Jawa Timur,969,963,38,"99,4",72,530,316,45,6,,,,,,,,,,,,,,,,,,,,
16,Banten,247,231,8,"93,5",44,138,47,2,16,,,,,,,,,,,,,,,,,,,,
17,Bali,120,120,9,"100,0",13,66,31,10,0,,,,,,,,,,,,,,,,,,,,
18,Nusa Tenggara Barat,176,163,10,"92,6",34,94,31,4,13,,,,,,,,,,,,,,,,,,,,
19,Nusa Tenggara Timur,429,367,22,"85,5",166,180,21,0,62,,,,,,,,,,,,,,,,,,,,
20,Kalimantan Barat,248,230,14,"92,7",68,133,24,5,18,,,,,,,,,,,,,,,,,,,,
21,Kalimantan Tengah,204,194,14,"95,1",72,100,20,2,10,,,,,,,,,,,,,,,,,,,,
22,Kalimantan Selatan,241,233,13,"96,7",73,125,32,3,8,,,,,,,,,,,,,,,,,,,,
23,Kalimantan Timur,188,182,10,"96,8",36,102,38,6,6,,,,,,,,,,,,,,,,,,,,
24,Kalimantan Utara,57,55,5,"96,5",21,24,9,1,2,,,,,,,,,,,,,,,,,,,,
25,Sulawesi Utara,199,169,15,"84,9",76,73,19,1,30,,,,,,,,,,,,,,,,,,,,
26,Sulawesi Tengah,218,198,13,"90,8",70,109,19,0,20,,,,,,,,,,,,,,,,,,,,
27,Sulawesi Selatan,472,454,24,"96,2",80,235,118,21,18,,,,,,,,,,,,,,,,,,,,
28,Sulawesi Tenggara,302,263,17,"87,1",94,140,27,2,39,,,,,,,,,,,,,,,,,,,,
29,Gorontalo,93,92,6,"98,9",22,50,17,3,1,,,,,,,,,,,,,,,,,,,,
30,Sulawesi Barat,98,85,6,"86,7",18,54,13,0,13,,,,,,,,,,,,,,,,,,,,
31,Maluku,228,156,11,"68,4",69,77,10,0,72,,,,,,,,,,,,,,,,,,,,
32,Maluku Utara,148,113,10,"76,4",42,64,6,1,35,,,,,,,,,,,,,,,,,,,,
33,Papua Barat,163,72,13,"44,2",35,32,5,0,91,,,,,,,,,,,,,,,,,,,,
34,Papua,454,120,20,"26,4",55,52,13,0,334,,,,,,,,,,,,,,,,,,,,
Indonesia,,10.374,9.153,505,"88,2",2.177,5.068,1.669,239,1.221,,,,,,,,,,,,,,,,,,,,
No,Provinsi,Jumlah Puskesmas,,% Memenuhi,,,,,,,,,,,,,,,,,,,,,,,,,,
,,Belum Memenuhi,Memenuhi,,,,,,,,,,,,,,,,,,,,,,,,,,,
(1),(2),(3),(4),(6),,,,,,,,,,,,,,,,,,,,,,,,,,
1,Aceh,102,259,"71,8",,,,,,,,,,,,,,,,,,,,,,,,,,
2,Sumatera Utara,378,237,"38,5",,,,,,,,,,,,,,,,,,,,,,,,,,
3,Sumatera Barat,63,216,"77,4",,,,,,,,,,,,,,,,,,,,,,,,,,
4,Riau,79,158,"66,7",,,,,,,,,,,,,,,,,,,,,,,,,,
5,Jambi,102,105,"50,7",,,,,,,,,,,,,,,,,,,,,,,,,,
6,Sumatera Selatan,178,170,"48,9",,,,,,,,,,,,,,,,,,,,,,,,,,
7,Bengkulu,119,60,"33,5",,,,,,,,,,,,,,,,,,,,,,,,,,
8,Lampung,193,124,"39,1",,,,,,,,,,,,,,,,,,,,,,,,,,
9,Kepulauan Bangka Belitung,8,56,"87,5",,,,,,,,,,,,,,,,,,,,,,,,,,
10,Kepulauan Riau,37,56,"60,2",,,,,,,,,,,,,,,,,,,,,,,,,,
11,DKI Jakarta,0,333,"100,0",,,,,,,,,,,,,,,,,,,,,,,,,,
12,Jawa Barat,520,581,"52,8",,,,,,,,,,,,,,,,,,,,,,,,,,
13,Jawa Tengah,135,745,"84,7",,,,,,,,,,,,,,,,,,,,,,,,,,
14,DI Yogyakarta,9,112,"92,6",,,,,,,,,,,,,,,,,,,,,,,,,,
15,Jawa Timur,275,697,"71,7",,,,,,,,,,,,,,,,,,,,,,,,,,
16,Banten,101,145,"58,9",,,,,,,,,,,,,,,,,,,,,,,,,,
17,Bali,30,90,"75,0",,,,,,,,,,,,,,,,,,,,,,,,,,
18,Nusa Tenggara Barat,48,127,"72,6",,,,,,,,,,,,,,,,,,,,,,,,,,
19,Nusa Tenggara Timur,306,118,"27,8",,,,,,,,,,,,,,,,,,,,,,,,,,
20,Kalimantan Barat,136,112,"45,2",,,,,,,,,,,,,,,,,,,,,,,,,,
21,Kalimantan Tengah,136,68,"33,3",,,,,,,,,,,,,,,,,,,,,,,,,,
22,Kalimantan Selatan,60,180,"75,0",,,,,,,,,,,,,,,,,,,,,,,,,,
23,Kalimantan Timur,62,126,"67,0",,,,,,,,,,,,,,,,,,,,,,,,,,
24,Kalimantan Utara,25,33,"56,9",,,,,,,,,,,,,,,,,,,,,,,,,,
25,Sulawesi Utara,138,60,"30,3",,,,,,,,,,,,,,,,,,,,,,,,,,
26,Sulawesi Tengah,118,99,"45,6",,,,,,,,,,,,,,,,,,,,,,,,,,
27,Sulawesi Selatan,101,373,"78,7",,,,,,,,,,,,,,,,,,,,,,,,,,
28,Sulawesi Tenggara,166,131,"44,1",,,,,,,,,,,,,,,,,,,,,,,,,,
29,Gorontalo,44,49,"52,7",,,,,,,,,,,,,,,,,,,,,,,,,,
30,Sulawesi Barat,32,66,"67,4",,,,,,,,,,,,,,,,,,,,,,,,,,
31,Maluku,193,45,"18,9",,,,,,,,,,,,,,,,,,,,,,,,,,
32,Maluku Utara,100,47,"32,0",,,,,,,,,,,,,,,,,,,,,,,,,,
33,Papua Barat,143,28,"16,4",,,,,,,,,,,,,,,,,,,,,,,,,,
34,Papua,438,36,"7,6",,,,,,,,,,,,,,,,,,,,,,,,,,
Indonesia,,4.575,5.842,"56,1",,,,,,,,,,,,,,,,,,,,,,,,,,
No,Provinsi,Jumlah Puskesmas,,% Dengan Dokter,,,,,,,,,,,,,,,,,,,,,,,,,,
,,Tidak Ada Dokter,Ada Dokter,,,,,,,,,,,,,,,,,,,,,,,,,,,
(1),(2),(3),(4),(6),,,,,,,,,,,,,,,,,,,,,,,,,,
1,Aceh,1,360,"99,7",,,,,,,,,,,,,,,,,,,,,,,,,,
2,Sumatera Utara,11,604,"98,2",,,,,,,,,,,,,,,,,,,,,,,,,,
3,Sumatera Barat,2,277,"99,3",,,,,,,,,,,,,,,,,,,,,,,,,,
4,Riau,2,235,"99,2",,,,,,,,,,,,,,,,,,,,,,,,,,
5,Jambi,1,206,"99,5",,,,,,,,,,,,,,,,,,,,,,,,,,
6,Sumatera Selatan,8,340,"97,7",,,,,,,,,,,,,,,,,,,,,,,,,,
7,Bengkulu,7,172,"96,1",,,,,,,,,,,,,,,,,,,,,,,,,,
8,Lampung,0,317,"100,0",,,,,,,,,,,,,,,,,,,,,,,,,,
9,Kepulauan Bangka Belitung,0,64,"100,0",,,,,,,,,,,,,,,,,,,,,,,,,,
10,Kepulauan Riau,1,92,"98,9",,,,,,,,,,,,,,,,,,,,,,,,,,
11,DKI Jakarta,0,333,"100,0",,,,,,,,,,,,,,,,,,,,,,,,,,
12,Jawa Barat,5,1.096,"99,6",,,,,,,,,,,,,,,,,,,,,,,,,,
13,Jawa Tengah,0,880,"100,0",,,,,,,,,,,,,,,,,,,,,,,,,,
14,DI Yogyakarta,0,121,"100,0",,,,,,,,,,,,,,,,,,,,,,,,,,
15,Jawa Timur,3,969,"99,7",,,,,,,,,,,,,,,,,,,,,,,,,,
16,Banten,1,245,"99,6",,,,,,,,,,,,,,,,,,,,,,,,,,
17,Bali,0,120,"100,0",,,,,,,,,,,,,,,,,,,,,,,,,,
18,Nusa Tenggara Barat,0,175,"100,0",,,,,,,,,,,,,,,,,,,,,,,,,,
19,Nusa Tenggara Timur,41,383,"90,3",,,,,,,,,,,,,,,,,,,,,,,,,,
20,Kalimantan Barat,4,244,"98,4",,,,,,,,,,,,,,,,,,,,,,,,,,
21,Kalimantan Tengah,14,190,"93,1",,,,,,,,,,,,,,,,,,,,,,,,,,
22,Kalimantan Selatan,6,234,"97,5",,,,,,,,,,,,,,,,,,,,,,,,,,
23,Kalimantan Timur,5,183,"97,3",,,,,,,,,,,,,,,,,,,,,,,,,,
24,Kalimantan Utara,3,55,"94,8",,,,,,,,,,,,,,,,,,,,,,,,,,
25,Sulawesi Utara,3,195,"98,5",,,,,,,,,,,,,,,,,,,,,,,,,,
26,Sulawesi Tengah,5,212,"97,7",,,,,,,,,,,,,,,,,,,,,,,,,,
27,Sulawesi Selatan,6,468,"98,7",,,,,,,,,,,,,,,,,,,,,,,,,,
28,Sulawesi Tenggara,26,271,"91,3",,,,,,,,,,,,,,,,,,,,,,,,,,
29,Gorontalo,4,89,"95,7",,,,,,,,,,,,,,,,,,,,,,,,,,
30,Sulawesi Barat,3,95,"96,9",,,,,,,,,,,,,,,,,,,,,,,,,,
31,Maluku,42,196,"82,4",,,,,,,,,,,,,,,,,,,,,,,,,,
32,Maluku Utara,4,143,"97,3",,,,,,,,,,,,,,,,,,,,,,,,,,
33,Papua Barat,25,146,"85,4",,,,,,,,,,,,,,,,,,,,,,,,,,
34,Papua,183,291,"61,4",,,,,,,,,,,,,,,,,,,,,,,,,,
Indonesia,,416,10.001,"96,0",,,,,,,,,,,,,,,,,,,,,,,,,,
No,Provinsi,Jumlah Rumah Sakit Kabupaten/Kota Kelas C yang Melaporkan Data,Jumlah RS yang Memiliki 4 Dokter Spesialis Dasar dan 3 Dokter Spesialis Penunjang,Persentase,,,,,,,,,,,,,,,,,,,,,,,,,,
(1),(2),(3),(4),(5),,,,,,,,,,,,,,,,,,,,,,,,,,
1,Aceh,24,23,"95,8",,,,,,,,,,,,,,,,,,,,,,,,,,
2,Sumatera Utara,34,29,"85,3",,,,,,,,,,,,,,,,,,,,,,,,,,
3,Sumatera Barat,21,15,"71,4",,,,,,,,,,,,,,,,,,,,,,,,,,
4,Riau,16,13,"81,3",,,,,,,,,,,,,,,,,,,,,,,,,,
5,Jambi,17,12,"70,6",,,,,,,,,,,,,,,,,,,,,,,,,,
6,Sumatera Selatan,30,20,"66,7",,,,,,,,,,,,,,,,,,,,,,,,,,
7,Bengkulu,10,9,"90,0",,,,,,,,,,,,,,,,,,,,,,,,,,
8,Lampung,16,13,"81,3",,,,,,,,,,,,,,,,,,,,,,,,,,
9,Kepulauan Bangka Belitung,8,7,"87,5",,,,,,,,,,,,,,,,,,,,,,,,,,
10,Kepulauan Riau,10,4,"40,0",,,,,,,,,,,,,,,,,,,,,,,,,,
11,DKI Jakarta*,0,0,"0,0",,,,,,,,,,,,,,,,,,,,,,,,,,
12,Jawa Barat,55,47,"85,5",,,,,,,,,,,,,,,,,,,,,,,,,,
13,Jawa Tengah,59,53,"89,8",,,,,,,,,,,,,,,,,,,,,,,,,,
14,DI Yogyakarta,10,9,"90,0",,,,,,,,,,,,,,,,,,,,,,,,,,
15,Jawa Timur,64,57,"89,1",,,,,,,,,,,,,,,,,,,,,,,,,,
16,Banten,13,11,"84,6",,,,,,,,,,,,,,,,,,,,,,,,,,
17,Bali,12,10,"83,3",,,,,,,,,,,,,,,,,,,,,,,,,,
18,Nusa Tenggara Barat,14,10,"71,4",,,,,,,,,,,,,,,,,,,,,,,,,,
19,Nusa Tenggara Timur,20,15,"75,0",,,,,,,,,,,,,,,,,,,,,,,,,,
20,Kalimantan Barat,19,14,"73,7",,,,,,,,,,,,,,,,,,,,,,,,,,
21,Kalimantan Tengah,17,12,"70,6",,,,,,,,,,,,,,,,,,,,,,,,,,
22,Kalimantan Selatan,19,14,"73,7",,,,,,,,,,,,,,,,,,,,,,,,,,
23,Kalimantan Timur,14,10,"71,4",,,,,,,,,,,,,,,,,,,,,,,,,,
24,Kalimantan Utara,5,3,"60,0",,,,,,,,,,,,,,,,,,,,,,,,,,
25,Sulawesi Utara,17,9,"52,9",,,,,,,,,,,,,,,,,,,,,,,,,,
26,Sulawesi Tengah,22,11,"50,0",,,,,,,,,,,,,,,,,,,,,,,,,,
27,Sulawesi Selatan,33,24,"72,7",,,,,,,,,,,,,,,,,,,,,,,,,,
28,Sulawesi Tenggara,17,7,"41,2",,,,,,,,,,,,,,,,,,,,,,,,,,
29,Gorontalo,9,6,"66,7",,,,,,,,,,,,,,,,,,,,,,,,,,
30,Sulawesi Barat,7,5,"71,4",,,,,,,,,,,,,,,,,,,,,,,,,,
31,Maluku,13,3,"23,1",,,,,,,,,,,,,,,,,,,,,,,,,,
32,Maluku Utara,9,4,"44,4",,,,,,,,,,,,,,,,,,,,,,,,,,
33,Papua Barat,11,5,"45,5",,,,,,,,,,,,,,,,,,,,,,,,,,
34,Papua,19,6,"31,6",,,,,,,,,,,,,,,,,,,,,,,,,,
Indonesia,,664,490,"73,8",,,,,,,,,,,,,,,,,,,,,,,,,,
No,Provinsi,Jumlah Kabupaten Kota,Target Kabupaten Kota,Jumlah Kab/Kota yang Melaksanakan Kesehatan Kerja,,,Jumlah Puskesmas yang Meningkatkan Aktivitas Fisik,,,,,,,,,,,,,,,,,,,,,,,
,,,,Capaian,Persentase (Target),Persentase,Jumlah Puskesmas,Capaian,Persentase,,,,,,,,,,,,,,,,,,,,,
(1),(2),(3),(4),(5),(6),(7),(8),(9),(10),,,,,,,,,,,,,,,,,,,,,
1,Aceh,23,16,12,"75,0","52,2",362,21,"5,8",,,,,,,,,,,,,,,,,,,,,
2,Sumatera Utara,33,23,23,"100,0","69,7",615,400,"65,0",,,,,,,,,,,,,,,,,,,,,
3,Sumatera Barat,19,13,18,"138,5","94,7",280,219,"78,2",,,,,,,,,,,,,,,,,,,,,
4,Riau,12,8,8,"100,0","66,7",238,179,"75,2",,,,,,,,,,,,,,,,,,,,,
5,Jambi,11,8,10,"125,0","90,9",207,93,"44,9",,,,,,,,,,,,,,,,,,,,,
6,Sumatera Selatan,17,12,11,"91,7","64,7",348,262,"75,3",,,,,,,,,,,,,,,,,,,,,
7,Bengkulu,10,7,10,"142,9","100,0",179,166,"92,7",,,,,,,,,,,,,,,,,,,,,
8,Lampung,15,11,7,"63,6","46,7",318,278,"87,4",,,,,,,,,,,,,,,,,,,,,
9,Kep. Bangka Belitung,7,5,7,"140,0","100,0",64,52,"81,3",,,,,,,,,,,,,,,,,,,,,
10,Kepulauan Riau,7,5,7,"140,0","100,0",93,89,"95,7",,,,,,,,,,,,,,,,,,,,,
11,DKI Jakarta,6,4,6,"150,0","100,0",315,293,"93,0",,,,,,,,,,,,,,,,,,,,,
12,Jawa Barat,27,19,26,"136,8","96,3",1.100,769,"69,9",,,,,,,,,,,,,,,,,,,,,
13,Jawa Tengah,35,25,32,"128,0","91,4",880,662,"75,2",,,,,,,,,,,,,,,,,,,,,
14,DI Yogyakarta,6,4,5,"125,0","83,3",121,118,"97,5",,,,,,,,,,,,,,,,,,,,,
15,Jawa Timur,38,27,30,"111,1","78,9",969,784,"80,9",,,,,,,,,,,,,,,,,,,,,
16,Banten,8,6,8,"133,3","100,0",247,207,"83,8",,,,,,,,,,,,,,,,,,,,,
17,Bali,9,6,9,"150,0","100,0",120,120,"100,0",,,,,,,,,,,,,,,,,,,,,
18,Nusa Tenggara Barat,9,7,6,"85,7","66,7",176,122,"69,3",,,,,,,,,,,,,,,,,,,,,
19,Nusa Tenggara Timur,22,15,14,"93,3","63,6",429,297,"69,2",,,,,,,,,,,,,,,,,,,,,
20,Kalimantan Barat,14,10,13,"130,0","92,9",248,140,"56,5",,,,,,,,,,,,,,,,,,,,,
21,Kalimantan Tengah,14,9,11,"122,2","78,6",204,118,"57,8",,,,,,,,,,,,,,,,,,,,,
22,Kalimantan Selatan,13,10,12,"120,0","92,3",241,198,"82,2",,,,,,,,,,,,,,,,,,,,,
23,Kalimantan Timur,10,9,10,"111,1","100,0",188,212,"112,8",,,,,,,,,,,,,,,,,,,,,
24,Kalimantan Utara,5,7,5,"71,4","100,0",57,22,"38,6",,,,,,,,,,,,,,,,,,,,,
25,Sulawesi Utara,15,4,8,"200,0","53,3",199,187,"94,0",,,,,,,,,,,,,,,,,,,,,
26,Sulawesi Tengah,13,11,13,"118,2","100,0",218,114,"52,3",,,,,,,,,,,,,,,,,,,,,
27,Sulawesi Selatan,24,9,20,"222,2","83,3",472,3,"0,6",,,,,,,,,,,,,,,,,,,,,
28,Sulawesi Tenggara,17,17,11,"64,7","64,7",302,25,"8,3",,,,,,,,,,,,,,,,,,,,,
29,Gorontalo,6,12,6,"50,0","100,0",93,69,"74,2",,,,,,,,,,,,,,,,,,,,,
30,Sulawesi Barat,6,4,6,"150,0","100,0",98,657,"670,4",,,,,,,,,,,,,,,,,,,,,
31,Maluku,11,4,4,"100,0","36,4",228,1,"0,4",,,,,,,,,,,,,,,,,,,,,
32,Maluku Utara,10,8,5,"62,5","50,0",148,42,"28,4",,,,,,,,,,,,,,,,,,,,,
33,Papua Barat,13,7,2,"28,6","15,4",163,13,"8,0",,,,,,,,,,,,,,,,,,,,,
34,Papua,29,20,2,"10,0","6,9",454,49,"10,8",,,,,,,,,,,,,,,,,,,,,
Indonesia,,514,362,377,"104,1","73,3",10.374,6.981,"67,3",,,,,,,,,,,,,,,,,,,,,
No,Provinsi,Pelaksanaan Kesehatan Kerja di Tempat Kerja,,,,Jumlah Instansi Pemerintah yang melaksanakan Pengukuran Kebugaran Jasmani,Jumlah Pembinaan Pemeriksaan Kebugaran Jasmani bagi Jemaah Haji,Jumlah Kelompok Olah Raga,,,,,,,,,,,,,,,,,,,,,,
,,Puskesmas,Perusahaan,POS UKK,GP2SP,,,,,,,,,,,,,,,,,,,,,,,,,
(1),(2),(3),(4),(5),(6),(7),(8),(9),,,,,,,,,,,,,,,,,,,,,,
1,Aceh,197,10,187,0,15,254,3.132,,,,,,,,,,,,,,,,,,,,,,
2,Sumatera Utara,418,36,304,4,36,188,3.656,,,,,,,,,,,,,,,,,,,,,,
3,Sumatera Barat,224,98,398,3,23,432,3.009,,,,,,,,,,,,,,,,,,,,,,
4,Riau,83,14,234,5,250,1970,2.549,,,,,,,,,,,,,,,,,,,,,,
5,Jambi,196,8,194,11,12,121,1.936,,,,,,,,,,,,,,,,,,,,,,
6,Sumatera Selatan,232,20,250,11,19,729,3.665,,,,,,,,,,,,,,,,,,,,,,
7,Bengkulu,179,10,323,0,14,373,3.754,,,,,,,,,,,,,,,,,,,,,,
8,Lampung,123,37,375,20,15,719,5.458,,,,,,,,,,,,,,,,,,,,,,
9,Kep. Bangka Belitung,64,18,109,6,7,153,1.070,,,,,,,,,,,,,,,,,,,,,,
1 0,Kepulauan Riau,93,8,153,15,13,134,1.254,,,,,,,,,,,,,,,,,,,,,,
1 1,DKI Jakarta,297,10,143,122,11,341,2.701,,,,,,,,,,,,,,,,,,,,,,
1 2,Jawa Barat,1037,104,851,158,39,617,12.301,,,,,,,,,,,,,,,,,,,,,,
1 3,Jawa Tengah,759,75,784,251,42,895,9.821,,,,,,,,,,,,,,,,,,,,,,
1 4,DI Yogyakarta,121,19,114,11,35,263,840,,,,,,,,,,,,,,,,,,,,,,
1 5,Jawa Timur,745,162,681,68,38,1256,8.620,,,,,,,,,,,,,,,,,,,,,,
1 6,Banten,252,103,292,45,409,4239,668,,,,,,,,,,,,,,,,,,,,,,
1 7,Bali,119,7,126,2,174,7,2.520,,,,,,,,,,,,,,,,,,,,,,
1 8,Nusa Tenggara Barat,107,3,327,1,11,137,749,,,,,,,,,,,,,,,,,,,,,,
1 9,Nusa Tenggara Timur,154,176,663,0,245,38,1.412,,,,,,,,,,,,,,,,,,,,,,
2 0,Kalimantan Barat,189,1,189,3,13,258,1.389,,,,,,,,,,,,,,,,,,,,,,
2 1,Kalimantan Tengah,170,11,114,19,14,300,3.561,,,,,,,,,,,,,,,,,,,,,,
2 2,Kalimantan Selatan,175,11,277,3,40,2007,431,,,,,,,,,,,,,,,,,,,,,,
2 3,Kalimantan Timur,189,221,193,5,13,826,1.636,,,,,,,,,,,,,,,,,,,,,,
2 4,Kalimantan Utara,57,11,50,2,5,62,209,,,,,,,,,,,,,,,,,,,,,,
2 5,Sulawesi Utara,81,20,112,0,8,4,1.844,,,,,,,,,,,,,,,,,,,,,,
2 6,Sulawesi Tengah,217,217,871,0,124,589,2.889,,,,,,,,,,,,,,,,,,,,,,
2 7,Sulawesi Selatan,411,36,682,34,128,676,6.035,,,,,,,,,,,,,,,,,,,,,,
2 8,Sulawesi Tenggara,191,189,240,0,14,281,2.028,,,,,,,,,,,,,,,,,,,,,,
2 9,Gorontalo,93,0,58,0,6,63,861,,,,,,,,,,,,,,,,,,,,,,
3 0,Sulawesi Barat,98,15,120,0,8,181,1.043,,,,,,,,,,,,,,,,,,,,,,
3 1,Maluku,79,4,77,0,6,48,561,,,,,,,,,,,,,,,,,,,,,,
3 2,Maluku Utara,61,0,56,0,9,28,78,,,,,,,,,,,,,,,,,,,,,,
3 3,Papua Barat,28,7,18,0,3,9,231,,,,,,,,,,,,,,,,,,,,,,
3 4,Papua,35,17,28,0,29,41,5.342,,,,,,,,,,,,,,,,,,,,,,
Indonesia,,7.474,1.678,9.593,799,1.828,18.239,97.253,,,,,,,,,,,,,,,,,,,,,,
No,Provinsi,Sepenuhnya RME,Sebagian RME,Belum RME,,,,,,,,,,,,,,,,,,,,,,,,,,
(1),(2),(3),(4),(5),,,,,,,,,,,,,,,,,,,,,,,,,,
1,Aceh,6,20,16,,,,,,,,,,,,,,,,,,,,,,,,,,
2,Sumatera Utara,19,1,58,,,,,,,,,,,,,,,,,,,,,,,,,,
3,Sumatera Barat,5,24,51,,,,,,,,,,,,,,,,,,,,,,,,,,
4,Riau,12,32,29,,,,,,,,,,,,,,,,,,,,,,,,,,
5,Jambi,7,14,15,,,,,,,,,,,,,,,,,,,,,,,,,,
6,Sumatera Selatan,17,24,58,,,,,,,,,,,,,,,,,,,,,,,,,,
7,Bengkulu,2,10,14,,,,,,,,,,,,,,,,,,,,,,,,,,
8,Lampung,8,36,61,,,,,,,,,,,,,,,,,,,,,,,,,,
9,Kep. Bangka Belitung,5,5,14,,,,,,,,,,,,,,,,,,,,,,,,,,
10,Kepulauan Riau,6,6,23,,,,,,,,,,,,,,,,,,,,,,,,,,
11,DKI Jakarta,23,14,20,,,,,,,,,,,,,,,,,,,,,,,,,,
12,Jawa Barat,62,142,132,,,,,,,,,,,,,,,,,,,,,,,,,,
13,Jawa Tengah,46,148,104,,,,,,,,,,,,,,,,,,,,,,,,,,
14,DI Yogyakarta,21,23,17,,,,,,,,,,,,,,,,,,,,,,,,,,
15,Jawa Timur,33,124,199,,,,,,,,,,,,,,,,,,,,,,,,,,
16,Banten,21,28,34,,,,,,,,,,,,,,,,,,,,,,,,,,
17,Bali,15,30,21,,,,,,,,,,,,,,,,,,,,,,,,,,
18,Nusa Tenggara Barat,3,18,23,,,,,,,,,,,,,,,,,,,,,,,,,,
19,Nusa Tenggara Timur,0,15,16,,,,,,,,,,,,,,,,,,,,,,,,,,
20,Kalimantan Barat,6,6,37,,,,,,,,,,,,,,,,,,,,,,,,,,
21,Kalimantan Tengah,5,12,11,,,,,,,,,,,,,,,,,,,,,,,,,,
22,Kalimantan Selatan,4,18,27,,,,,,,,,,,,,,,,,,,,,,,,,,
23,Kalimantan Timur,4,33,16,,,,,,,,,,,,,,,,,,,,,,,,,,
24,Kalimantan Utara,1,0,11,,,,,,,,,,,,,,,,,,,,,,,,,,
25,Sulawesi Utara,2,14,17,,,,,,,,,,,,,,,,,,,,,,,,,,
26,Sulawesi Tengah,1,4,29,,,,,,,,,,,,,,,,,,,,,,,,,,
27,Sulawesi Selatan,7,65,31,,,,,,,,,,,,,,,,,,,,,,,,,,
28,Sulawesi Tenggara,3,7,16,,,,,,,,,,,,,,,,,,,,,,,,,,
29,Gorontalo,0,6,11,,,,,,,,,,,,,,,,,,,,,,,,,,
30,Sulawesi Barat,0,4,5,,,,,,,,,,,,,,,,,,,,,,,,,,
31,Maluku,0,3,14,,,,,,,,,,,,,,,,,,,,,,,,,,
32,Maluku Utara,0,11,10,,,,,,,,,,,,,,,,,,,,,,,,,,
33,Papua Barat,1,11,3,,,,,,,,,,,,,,,,,,,,,,,,,,
34,Papua,0,11,17,,,,,,,,,,,,,,,,,,,,,,,,,,
Indonesia,,345,919,1.160,,,,,,,,,,,,,,,,,,,,,,,,,,
No,Provinsi,Jumlah Puskesmas yang Melapor,Puskesmas dengan Ketersediaan Obat Esensial**,,,,,,,,,,,,,,,,,,,,,,,,,,,
,,,Jumlah,%,,,,,,,,,,,,,,,,,,,,,,,,,,
(1),(2),(3),(4),(5),,,,,,,,,,,,,,,,,,,,,,,,,,
1,Aceh,357,341,"95,5",,,,,,,,,,,,,,,,,,,,,,,,,,
2,Sumatera Utara,604,539,"89,2",,,,,,,,,,,,,,,,,,,,,,,,,,
3,Sumatera Barat,249,228,"91,6",,,,,,,,,,,,,,,,,,,,,,,,,,
4,Riau,158,139,"88,0",,,,,,,,,,,,,,,,,,,,,,,,,,
5,Jambi,199,190,"95,5",,,,,,,,,,,,,,,,,,,,,,,,,,
6,Sumatera Selatan,336,312,"92,9",,,,,,,,,,,,,,,,,,,,,,,,,,
7,Bengkulu,172,152,"88,4",,,,,,,,,,,,,,,,,,,,,,,,,,
8,Lampung,221,199,"90,1",,,,,,,,,,,,,,,,,,,,,,,,,,
9,Kepulauan Bangka Belitung,64,61,"95,3",,,,,,,,,,,,,,,,,,,,,,,,,,
10,Kepulauan Riau,54,52,"96,3",,,,,,,,,,,,,,,,,,,,,,,,,,
11,DKI Jakarta,297,284,"95,6",,,,,,,,,,,,,,,,,,,,,,,,,,
12,Jawa Barat,1091,1050,"96,2",,,,,,,,,,,,,,,,,,,,,,,,,,
13,Jawa Tengah,735,704,"95,8",,,,,,,,,,,,,,,,,,,,,,,,,,
14,D.I. Yogyakarta,121,121,"100,0",,,,,,,,,,,,,,,,,,,,,,,,,,
15,Jawa Timur,966,925,"95,8",,,,,,,,,,,,,,,,,,,,,,,,,,
16,Banten,74,66,"89,2",,,,,,,,,,,,,,,,,,,,,,,,,,
17,Bali,120,114,"95,0",,,,,,,,,,,,,,,,,,,,,,,,,,
18,Nusa Tenggara Barat,175,174,"99,4",,,,,,,,,,,,,,,,,,,,,,,,,,
19,Nusa Tenggara Timur,430,352,"81,9",,,,,,,,,,,,,,,,,,,,,,,,,,
20,Kalimantan Barat,177,172,"97,2",,,,,,,,,,,,,,,,,,,,,,,,,,
21,Kalimantan Tengah,198,157,"79,3",,,,,,,,,,,,,,,,,,,,,,,,,,
22,Kalimantan Selatan,231,226,"97,8",,,,,,,,,,,,,,,,,,,,,,,,,,
23,Kalimantan Timur,161,150,"93,2",,,,,,,,,,,,,,,,,,,,,,,,,,
24,Kalimantan Utara,58,56,"96,6",,,,,,,,,,,,,,,,,,,,,,,,,,
25,Sulawesi Utara,168,155,"92,3",,,,,,,,,,,,,,,,,,,,,,,,,,
26,Sulawesi Tengah,217,172,"79,3",,,,,,,,,,,,,,,,,,,,,,,,,,
27,Sulawesi Selatan,418,349,"83,5",,,,,,,,,,,,,,,,,,,,,,,,,,
28,Sulawesi Tenggara,297,265,"89,2",,,,,,,,,,,,,,,,,,,,,,,,,,
29,Gorontalo,93,90,"96,8",,,,,,,,,,,,,,,,,,,,,,,,,,
30,Sulawesi Barat,48,45,"93,8",,,,,,,,,,,,,,,,,,,,,,,,,,
31,Maluku,107,94,"87,9",,,,,,,,,,,,,,,,,,,,,,,,,,
32,Maluku Utara,142,120,"84,5",,,,,,,,,,,,,,,,,,,,,,,,,,
33,Papua Barat,149,133,"89,3",,,,,,,,,,,,,,,,,,,,,,,,,,
34,Papua,439,413,"94,1",,,,,,,,,,,,,,,,,,,,,,,,,,
Indonesia,,9.326,8.600,"92,2",,,,,,,,,,,,,,,,,,,,,,,,,,
No,Provinsi,Jumlah Kabupaten/Kota,Jumlah Kabupaten/Kota yang Melapor,Kabupaten/Kota dengan Ketersediaan Obat Esensial*,,,,,,,,,,,,,,,,,,,,,,,,,,
,,,,Jumlah,%,,,,,,,,,,,,,,,,,,,,,,,,,
(1),(2),(3),(4),(5),(6),,,,,,,,,,,,,,,,,,,,,,,,,
1,Aceh,23,23,20,"87,0",,,,,,,,,,,,,,,,,,,,,,,,,
2,Sumatera Utara,33,32,29,"90,6",,,,,,,,,,,,,,,,,,,,,,,,,
3,Sumatera Barat,19,19,19,"100,0",,,,,,,,,,,,,,,,,,,,,,,,,
4,Riau,12,7,6,"85,7",,,,,,,,,,,,,,,,,,,,,,,,,
5,Jambi,11,10,9,"90,0",,,,,,,,,,,,,,,,,,,,,,,,,
6,Sumatera Selatan,17,0,-,-,,,,,,,,,,,,,,,,,,,,,,,,,
7,Bengkulu,10,9,6,"66,7",,,,,,,,,,,,,,,,,,,,,,,,,
8,Lampung,15,4,2,"50,0",,,,,,,,,,,,,,,,,,,,,,,,,
9,Kepulauan Bangka Belitung,7,5,3,"60,0",,,,,,,,,,,,,,,,,,,,,,,,,
10,Kepulauan Riau,7,7,6,"85,7",,,,,,,,,,,,,,,,,,,,,,,,,
11,DKI Jakarta,6,6,6,"100,0",,,,,,,,,,,,,,,,,,,,,,,,,
12,Jawa Barat,27,27,26,"96,3",,,,,,,,,,,,,,,,,,,,,,,,,
13,Jawa Tengah,35,19,14,"73,7",,,,,,,,,,,,,,,,,,,,,,,,,
14,D.I. Yogyakarta,5,5,4,"80,0",,,,,,,,,,,,,,,,,,,,,,,,,
15,Jawa Timur,38,38,29,"76,3",,,,,,,,,,,,,,,,,,,,,,,,,
16,Banten,8,8,4,"50,0",,,,,,,,,,,,,,,,,,,,,,,,,
17,Bali,9,9,9,"100,0",,,,,,,,,,,,,,,,,,,,,,,,,
18,Nusa Tenggara Barat,10,10,10,"100,0",,,,,,,,,,,,,,,,,,,,,,,,,
19,Nusa Tenggara Timur,22,22,14,"63,6",,,,,,,,,,,,,,,,,,,,,,,,,
20,Kalimantan Barat,14,14,12,"85,7",,,,,,,,,,,,,,,,,,,,,,,,,
21,Kalimantan Tengah,14,14,10,"71,4",,,,,,,,,,,,,,,,,,,,,,,,,
22,Kalimantan Selatan,13,13,10,"76,9",,,,,,,,,,,,,,,,,,,,,,,,,
23,Kalimantan Timur,10,7,3,"42,9",,,,,,,,,,,,,,,,,,,,,,,,,
24,Kalimantan Utara,5,5,5,"100,0",,,,,,,,,,,,,,,,,,,,,,,,,
25,Sulawesi Utara,15,0,-,-,,,,,,,,,,,,,,,,,,,,,,,,,
26,Sulawesi Tengah,13,13,13,"100,0",,,,,,,,,,,,,,,,,,,,,,,,,
27,Sulawesi Selatan,24,12,9,"75,0",,,,,,,,,,,,,,,,,,,,,,,,,
28,Sulawesi Tenggara,17,0,-,-,,,,,,,,,,,,,,,,,,,,,,,,,
29,Gorontalo,6,6,6,"100,0",,,,,,,,,,,,,,,,,,,,,,,,,
30,Sulawesi Barat,6,0,-,-,,,,,,,,,,,,,,,,,,,,,,,,,
31,Maluku,11,6,3,"50,0",,,,,,,,,,,,,,,,,,,,,,,,,
32,Maluku Utara,10,10,8,"80,0",,,,,,,,,,,,,,,,,,,,,,,,,
33,Papua Barat,13,6,5,"83,3",,,,,,,,,,,,,,,,,,,,,,,,,
34,Papua,29,29,28,"96,6",,,,,,,,,,,,,,,,,,,,,,,,,
Indonesia,,514,395,328,"83,0",,,,,,,,,,,,,,,,,,,,,,,,,
No,Provinsi,Dokter Spesialis,,,Dokter,,,Total,,,Dokter Gigi Spesialis,,,Dokter Gigi,,,Total,,,,,,,,,,,,,
,,L,P,L+P,L,P,L+P,L,P,L+P,L,P,L+P,L,P,L+P,L,P,L+P,,,,,,,,,,,
(1),(2),(3),(4),(5),(6),(7),(8),(9),(10),(11),(12),(13),(14),(15),(16),(17),(18),(19),(20),,,,,,,,,,,
1,Aceh,462,431,893,916,1.904,2.820,1.378,2.335,3.713,7,16,23,101,440,541,108,456,564,,,,,,,,,,,
2,Sumatera Utara,1.232,881,2.113,2.157,3.558,5.715,3.389,4.439,7.828,31,63,94,243,947,1.190,274,1.010,1.284,,,,,,,,,,,
3,Sumatera Barat,501,506,1.007,702,1.803,2.505,1.203,2.309,3.512,9,21,30,81,494,575,90,515,605,,,,,,,,,,,
4,Riau,564,376,940,994,2.199,3.193,1.558,2.575,4.133,14,32,46,107,492,599,121,524,645,,,,,,,,,,,
5,Jambi,223,167,390,385,859,1.244,608,1.026,1.634,7,9,16,56,211,267,63,220,283,,,,,,,,,,,
6,Sumatera Selatan,543,510,1.053,910,1.824,2.734,1.453,2.334,3.787,15,26,41,94,344,438,109,370,479,,,,,,,,,,,
7,Bengkulu,117,85,202,224,477,701,341,562,903,1,7,8,28,127,155,29,134,163,,,,,,,,,,,
8,Lampung,459,257,716,697,1.495,2.192,1.156,1.752,2.908,7,14,21,48,226,274,55,240,295,,,,,,,,,,,
9,Kep. Bangka Belitung,130,90,220,241,405,646,371,495,866,6,13,19,37,89,126,43,102,145,,,,,,,,,,,
10,Kepulauan Riau,253,145,398,433,817,1.250,686,962,1.648,14,15,29,57,188,245,71,203,274,,,,,,,,,,,
11,DKI Jakarta,3.646,3.252,6.898,4.223,8.193,12.416,7.869,11.445,19.314,241,566,807,756,2.911,3.667,997,3.477,4.474,,,,,,,,,,,
12,Jawa Barat,3.455,2.574,6.029,5.588,8.922,14.510,9.043,11.496,20.539,150,321,471,552,2.411,2.963,702,2.732,3.434,,,,,,,,,,,
13,Jawa Tengah,2.706,1.848,4.554,4.358,6.943,11.301,7.064,8.791,15.855,91,141,232,472,1.743,2.215,563,1.884,2.447,,,,,,,,,,,
14,DI Yogyakarta,585,567,1.152,1.243,1.958,3.201,1.828,2.525,4.353,58,137,195,134,577,711,192,714,906,,,,,,,,,,,
15,Jawa Timur,3.265,2.315,5.580,5.619,8.186,13.805,8.884,10.501,19.385,186,347,533,860,3.073,3.933,1.046,3.420,4.466,,,,,,,,,,,
16,Banten,1.057,885,1.942,1.599,3.026,4.625,2.656,3.911,6.567,30,91,121,138,886,1.024,168,977,1.145,,,,,,,,,,,
17,Bali,967,597,1.564,1.962,2.159,4.121,2.929,2.756,5.685,29,33,62,236,552,788,265,585,850,,,,,,,,,,,
18,Nusa Tenggara Barat,229,181,410,491,831,1.322,720,1.012,1.732,5,16,21,46,186,232,51,202,253,,,,,,,,,,,
19,Nusa Tenggara Timur,184,165,349,487,881,1.368,671,1.046,1.717,2,8,10,51,157,208,53,165,218,,,,,,,,,,,
20,Kalimantan Barat,242,167,409,560,709,1.269,802,876,1.678,12,11,23,73,161,234,85,172,257,,,,,,,,,,,
21,Kalimantan Tengah,158,134,292,360,509,869,518,643,1.161,5,11,16,45,129,174,50,140,190,,,,,,,,,,,
22,Kalimantan Selatan,431,309,740,487,883,1.370,918,1.192,2.110,15,24,39,144,356,500,159,380,539,,,,,,,,,,,
23,Kalimantan Timur,428,327,755,751,1.306,2.057,1.179,1.633,2.812,20,42,62,101,332,433,121,374,495,,,,,,,,,,,
24,Kalimantan Utara,76,53,129,176,,386,252,263,515,4,5,9,25,51,76,29,56,85,,,,,,,,,,,
25,Sulawesi Utara,295,271,566,846,1.264,2.110,1.141,1.535,2.676,7,8,15,55,157,212,62,165,227,,,,,,,,,,,
26,Sulawesi Tengah,132,153,285,331,641,972,463,794,1.257,0,5,5,60,143,203,60,148,208,,,,,,,,,,,
27,Sulawesi Selatan,731,897,1.628,1.206,2.370,3.576,1.937,3.267,5.204,29,82,111,193,852,1.045,222,934,1.156,,,,,,,,,,,
28,Sulawesi Tenggara,133,121,254,275,564,839,408,685,1.093,6,9,15,48,214,262,54,223,277,,,,,,,,,,,
29,Gorontalo,81,69,150,147,267,414,228,336,564,2,2,4,19,61,80,21,63,84,,,,,,,,,,,
30,Sulawesi Barat,47,66,113,83,201,284,130,267,397,3,7,10,21,84,105,24,91,115,,,,,,,,,,,
31,Maluku,79,73,152,239,535,774,318,608,926,3,5,8,23,71,94,26,76,102,,,,,,,,,,,
32,Maluku Utara,71,54,125,179,301,241,250,355,605,4,2,6,23,56,79,27,58,85,,,,,,,,,,,
33,Papua Barat,71,48,119,198,368,270,269,416,685,0,1,1,21,53,74,21,54,75,,,,,,,,,,,
34,Papua,163,144,307,401,681,486,564,825,1.389,2,10,12,32,90,122,34,100,134,,,,,,,,,,,
Indonesia,,23.716,18.718,42.434,39.468,67.249,106.717,63.184,85.967,149.151,1.015,2.100,3.115,4.980,18.864,23.844,5.995,20.964,26.959,,,,,,,,,,,
No,Provinsi,Dokter Spesialis,,,Dokter,,,Total,,,Dokter Gigi Spesialis,,,Dokter Gigi,,,Total,,,,,,,,,,,,,
,,L,P,L+P,L,P,L+P,L,P,L+P,L,P,L+P,L,P,L+P,L,P,L+P,,,,,,,,,,,
(1),(2),(3),(4),(5),(6),(7),(8),(9),(10),(11),(12),(13),(14),(15),(16),(17),(18),(19),(20),,,,,,,,,,,
1,Aceh,0,0,0,284,921,1.205,284,921,1.205,0,0,0,69,352,421,69,352,421,,,,,,,,,,,
2,Sumatera Utara,3,2,5,596,1.489,2.085,599,1.491,2.090,0,1,1,98,552,650,98,553,651,,,,,,,,,,,
3,Sumatera Barat,2,2,4,182,662,844,184,664,848,0,0,0,42,324,366,42,324,366,,,,,,,,,,,
4,Riau,2,1,3,282,826,1.108,284,827,1.111,0,0,0,55,307,362,55,307,362,,,,,,,,,,,
5,Jambi,0,0,0,147,391,538,147,391,538,0,0,0,37,137,174,37,137,174,,,,,,,,,,,
6,Sumatera Selatan,0,3,3,200,595,795,200,598,798,0,0,0,57,190,247,57,190,247,,,,,,,,,,,
7,Bengkulu,0,0,0,103,232,335,103,232,335,0,0,0,16,74,90,16,74,90,,,,,,,,,,,
8,Lampung,0,1,1,261,698,959,261,699,960,0,0,0,23,154,177,23,154,177,,,,,,,,,,,
9,Kep. Bangka Belitung,0,0,0,77,165,242,77,165,242,0,0,0,26,54,80,26,54,80,,,,,,,,,,,
10,Kepulauan Riau,2,0,2,133,325,458,135,325,460,0,0,0,25,88,113,25,88,113,,,,,,,,,,,
11,DKI Jakarta,0,0,0,405,1.361,1.766,405,1.361,1.766,0,0,0,79,375,454,79,375,454,,,,,,,,,,,
12,Jawa Barat,0,1,1,954,2.056,3.010,954,2.057,3.011,0,0,0,160,833,993,160,833,993,,,,,,,,,,,
13,Jawa Tengah,0,0,0,959,1.919,2.878,959,1.919,2.878,0,0,0,170,815,985,170,815,985,,,,,,,,,,,
14,DI Yogyakarta,1,0,1,135,415,550,136,415,551,0,1,1,16,173,189,16,174,190,,,,,,,,,,,
15,Jawa Timur,1,1,2,894,1.907,2.801,895,1.908,2.803,0,3,3,212,1.008,1.220,212,1.011,1.223,,,,,,,,,,,
16,Banten,0,0,0,220,621,841,220,621,841,0,0,0,45,327,372,45,327,372,,,,,,,,,,,
17,Bali,0,0,0,279,330,609,279,330,609,0,0,0,81,210,291,81,210,291,,,,,,,,,,,
18,Nusa Tenggara Barat,0,1,1,188,340,528,188,341,529,0,0,0,31,120,151,31,120,151,,,,,,,,,,,
19,Nusa Tenggara Timur,0,0,0,203,416,619,203,416,619,0,0,0,38,107,145,38,107,145,,,,,,,,,,,
20,Kalimantan Barat,0,0,0,238,321,559,238,321,559,0,1,1,35,99,134,35,100,135,,,,,,,,,,,
21,Kalimantan Tengah,0,0,0,141,230,371,141,230,371,0,0,0,26,85,111,26,85,111,,,,,,,,,,,
22,Kalimantan Selatan,0,0,0,144,376,520,144,376,520,0,0,0,59,161,220,59,161,220,,,,,,,,,,,
23,Kalimantan Timur,0,0,0,169,368,537,169,368,537,0,0,0,41,174,215,41,174,215,,,,,,,,,,,
24,Kalimantan Utara,0,0,0,55,,131,55,76,131,0,0,0,14,33,47,14,33,47,,,,,,,,,,,
25,Sulawesi Utara,1,3,4,165,458,623,166,461,627,0,0,0,34,91,125,34,91,125,,,,,,,,,,,
26,Sulawesi Tengah,0,0,0,140,303,443,140,303,443,0,0,0,40,102,142,40,102,142,,,,,,,,,,,
27,Sulawesi Selatan,0,5,5,239,832,1.071,239,837,1.076,0,0,0,91,516,607,91,516,607,,,,,,,,,,,
28,Sulawesi Tenggara,0,0,0,134,362,496,134,362,496,0,0,0,26,162,188,26,162,188,,,,,,,,,,,
29,Gorontalo,0,0,0,49,118,167,49,118,167,0,0,0,12,50,62,12,50,62,,,,,,,,,,,
30,Sulawesi Barat,0,0,0,46,131,177,46,131,177,0,0,0,15,68,83,15,68,83,,,,,,,,,,,
31,Maluku,0,0,0,78,217,295,78,217,295,0,0,0,9,44,53,9,44,53,,,,,,,,,,,
32,Maluku Utara,0,0,0,77,164,241,77,164,241,0,0,0,18,44,62,18,44,62,,,,,,,,,,,
33,Papua Barat,0,0,0,88,182,270,88,182,270,0,0,0,6,34,40,6,34,40,,,,,,,,,,,
34,Papua,0,0,0,162,324,486,162,324,486,0,0,0,16,56,72,16,56,72,,,,,,,,,,,
Indonesia,,12,20,32,8.427,20.131,28.072,8.439,20.151,28.590,0,6,6,1.722,7.919,9.641,1.722,7.925,9.647,,,,,,,,,,,
No,Provinsi,Persentase Puskesmas dengan Kecukupan Dokter,,,Persentase Puskesmas dengan Kecukupan Dokter Gigi,,,Persentase Puskesmas dengan Kecukupan Perawat,,,Persentase Puskesmas dengan Kecukupan Bidan,,,,,,,,,,,,,,,,,,,
,,Cukup,Kurang,Lebih,Cukup,Kurang,Lebih,Cukup,Kurang,Lebih,Cukup,Kurang,Lebih,,,,,,,,,,,,,,,,,
(1),(2),(3),(4),(5),(6),(7),(8),(9),(10),(11),(12),(13),(14),,,,,,,,,,,,,,,,,
1,Aceh,"17,7","4,4","77,8","62,0","14,1","23,8","7,2","1,9","90,9","4,2","0,3","95,6",,,,,,,,,,,,,,,,,
2,Sumatera Utara,"26,7","4,2","69,1","52,4","28,5","19,1","13,4","14,8","71,8","8,8","0,7","90,6",,,,,,,,,,,,,,,,,
3,Sumatera Barat,"27,2","5,4","67,4","62,4","7,2","30,5","7,2","11,8","81,0","1,8","0,7","97,5",,,,,,,,,,,,,,,,,
4,Riau,"22,8","4,2","73,0","53,2","11,4","35,4","13,9","3,4","82,7","13,1","0,4","86,5",,,,,,,,,,,,,,,,,
5,Jambi,"31,9","5,8","62,3","59,9","29,5","10,6","8,2","1,9","89,9","5,3","0,0","94,7",,,,,,,,,,,,,,,,,
6,Sumatera Selatan,"30,5","9,5","60,1","55,2","36,8","8,0","7,2","2,3","90,5","4,6","0,0","95,4",,,,,,,,,,,,,,,,,
7,Bengkulu,"44,7","11,2","44,1","46,4","52,0","1,7","7,8","3,9","88,3","3,9","0,0","96,1",,,,,,,,,,,,,,,,,
8,Lampung,"31,2","2,8","65,9","40,4","55,2","4,4","12,0","3,2","84,9","8,5","0,0","91,5",,,,,,,,,,,,,,,,,
9,Kep. Bangka Belitung,"10,9","4,7","84,4","67,2","7,8","25,0","6,3","1,6","92,2","4,7","0,0","95,3",,,,,,,,,,,,,,,,,
10,Kepulauan Riau,"25,8","6,5","67,7","66,7","14,0","19,4","15,1","6,5","78,5","14,0","3,2","82,8",,,,,,,,,,,,,,,,,
11,DKI Jakarta,"12,9","0,0","87,1","78,1","5,1","16,8","6,0","80,2","13,8","9,9","70,9","19,2",,,,,,,,,,,,,,,,,
12,Jawa Barat,"27,1","1,7","71,2","64,8","24,4","10,8","16,1","20,0","63,9","13,7","4,3","82,0",,,,,,,,,,,,,,,,,
13,Jawa Tengah,"26,1","1,6","72,3","77,4","8,3","14,3","18,5","4,2","77,3","12,6","0,2","87,2",,,,,,,,,,,,,,,,,
14,DI Yogyakarta,"18,2","0,8","81,0","61,2","2,5","36,4","37,2","13,2","49,6","19,8","11,6","68,6",,,,,,,,,,,,,,,,,
15,Jawa Timur,"43,4","6,7","49,9","73,8","5,9","20,4","15,0","1,3","83,6","13,5","0,1","86,4",,,,,,,,,,,,,,,,,
16,Banten,"29,7","1,6","68,7","54,5","13,8","31,7","21,5","11,0","67,5","17,5","3,7","78,9",,,,,,,,,,,,,,,,,
17,Bali,"10,0","0,0","90,0","38,3","1,7","60,0","11,7","0,0","88,3","8,3","0,0","91,7",,,,,,,,,,,,,,,,,
18,Nusa Tenggara Barat,"37,7","9,1","53,1","68,0","24,6","7,4","6,3","0,0","93,7","6,3","0,6","93,1",,,,,,,,,,,,,,,,,
19,Nusa Tenggara Timur,"47,4","34,4","18,2","28,8","68,4","2,8","2,6","1,7","95,8","2,6","0,7","96,7",,,,,,,,,,,,,,,,,
20,Kalimantan Barat,"37,1","14,9","48,0","47,2","50,4","2,4","6,0","2,4","91,5","4,0","1,6","94,4",,,,,,,,,,,,,,,,,
21,Kalimantan Tengah,"34,3","27,0","38,7","39,7","53,4","6,9","2,5","1,5","96,1","2,0","1,5","96,6",,,,,,,,,,,,,,,,,
22,Kalimantan Selatan,"33,3","8,8","57,9","71,3","18,8","10,0","6,7","7,1","86,3","5,4","1,7","92,9",,,,,,,,,,,,,,,,,
23,Kalimantan Timur,"38,8","12,2","48,9","58,5","19,7","21,8","14,4","11,7","73,9","15,4","9,0","75,5",,,,,,,,,,,,,,,,,
24,Kalimantan Utara,"31,0","22,4","46,6","60,3",,"10,3","6,9","5,2","87,9","10,3","1,7","87,9",,,,,,,,,,,,,,,,,
25,Sulawesi Utara,"37,4","10,1","52,5","42,9","51,0","6,1","19,2","5,1","75,8","16,2","22,2","61,6",,,,,,,,,,,,,,,,,
26,Sulawesi Tengah,"43,8","19,4","36,9","52,5","41,9","5,5","3,7","3,7","92,6","2,3","0,0","97,7",,,,,,,,,,,,,,,,,
27,Sulawesi Selatan,"48,9","14,8","36,3","68,1","8,9","23,0","13,5","1,9","84,6","12,9","0,8","86,3",,,,,,,,,,,,,,,,,
28,Sulawesi Tenggara,"52,9","16,8","30,3","53,2","42,8","4,0","7,1","1,7","91,2","7,1","0,7","92,3",,,,,,,,,,,,,,,,,
29,Gorontalo,"43,0","12,9","44,1","63,4","35,5","1,1","8,6","3,2","88,2","4,3","0,0","95,7",,,,,,,,,,,,,,,,,
30,Sulawesi Barat,"59,2","17,3","23,5","68,4","25,5","6,1","9,2","0,0","90,8","8,2","0,0","91,8",,,,,,,,,,,,,,,,,
31,Maluku,"42,9","34,9","22,3","21,4","77,7","0,8","5,5","13,0","81,5","13,9","18,9","67,2",,,,,,,,,,,,,,,,,
32,Maluku Utara,"56,5","13,6","29,9","40,8","57,1","241,0","8,2","6,8","85,0","4,8","0,0","95,2",,,,,,,,,,,,,,,,,
33,Papua Barat,"43,9","28,1","28,1","19,9","78,4","270,0","7,0","9,9","83,0","8,2","12,9","78,9",,,,,,,,,,,,,,,,,
34,Papua,"32,1","52,7","15,2","11,8","86,5","486,0","9,9","22,2","67,9","10,3","43,5","46,2",,,,,,,,,,,,,,,,,
Indonesia,,"33,7","11,3","55,0","56,3","29,8","13,9","11,6","9,7","78,7","9,6","6,5","83,9",,,,,,,,,,,,,,,,,
No,Provinsi,Jumlah Kabupaten / Kota Daerah Tertinggal,Jumlah Tenaga Kesehatan,,,,,,,,,,,,,,,,nataheseK gnajnuneP aganeT,nataheseK MDS latoT,,,,,,,,,,
,,,silaisepS retkoD,retkoD,silaisepS igiG retkoD,igiG retkoD,sinilK igolokisP aganeT,natawarepeK aganeT,nanadibeK aganeT,naisamrafeK aganeT,nataheseK takaraysaM aganeT,nataheseK nagnukgniL aganeT,iziG aganeT,kisiF naipareteK aganeT,sideM naisinketeK aganeT,akidemoiB kinkeT aganeT,nataheseK lanoisidarT aganeT,halmuJ,,,,,,,,,,,,
(1),(2),(3),(4),(5),(6),(7),(8),(9),(10),(11),(12),(13),(14),(15),(16),(17),(18),(19),(20),(21),,,,,,,,,,
1,Sumatera Utara,4,26,152,0,23,0,2.099,2.308,223,277,56,124,28,107,134,0,5.557,714,6.271,,,,,,,,,,
2,Sumatera Barat,1,8,41,0,12,0,366,276,47,59,8,27,3,18,26,0,891,469,1.360,,,,,,,,,,
3,Sumatera Selatan,1,16,45,0,6,0,352,452,74,45,22,22,5,26,43,0,1.108,221,1.329,,,,,,,,,,
4,Lampung,1,6,32,0,1,0,207,389,32,28,25,26,0,20,32,0,798,206,1.004,,,,,,,,,,
5,Nusa Tenggara Barat,1,15,74,1,11,0,472,296,107,38,22,50,1,56,78,0,1.221,445,1.666,,,,,,,,,,
6,Nusa Tenggara Timur,13,136,652,3,91,4,7.410,5.778,946,1.053,630,878,52,656,749,1,19.039,4.226,23.265,,,,,,,,,,
7,Sulawesi Tengah,3,41,162,0,27,6,1.560,1.479,281,503,168,138,10,54,122,0,4.551,752,5.303,,,,,,,,,,
8,Maluku,6,32,236,3,27,3,3.369,1.646,282,570,307,359,11,39,224,0,7.108,1.156,8.264,,,,,,,,,,
9,Maluku Utara,2,7,44,0,5,0,647,542,87,223,47,55,1,18,35,0,1.711,155,1.866,,,,,,,,,,
10,Papua Barat,8,58,224,1,20,2,2.093,1.189,257,286,88,209,10,50,191,0,4.678,1.218,5.896,,,,,,,,,,
11,Papua,22,91,435,2,50,3,5.113,2.353,552,748,246,307,19,96,461,65,10.541,2.833,13.374,,,,,,,,,,
Indonesia,,62,436,2.097,10,273,18,23.688,16.708,2.888,3.830,1.619,2.195,140,1.140,2.095,66,57.203,12.395,69.598,,,,,,,,,,
No,Provinsi,Batch XX (Peride I Tahun 2022),,Batch XXI (Peride I Tahun 2022),,Batch XXII (Peride I Tahun 2022),,Batch XXIII (Peride I Tahun 2022),,,,,,,,,,,,,,,,,,,,,,
,,Jumlah Kabupaten/Kota,Jumlah Puskesmas,Jumlah Kabupaten/Kota,Jumlah Puskesmas,Jumlah Kabupaten/Kota,Jumlah Puskesmas,Jumlah Kabupaten/Kota,Jumlah Puskesmas,,,,,,,,,,,,,,,,,,,,,
(1),(2),(3),(4),(5),(6),(5),(6),(5),(6),,,,,,,,,,,,,,,,,,,,,
1,Aceh,2,3,1,2,1,1,0,0,,,,,,,,,,,,,,,,,,,,,
2,Sumatera Utara,4,8,2,6,3,5,1,2,,,,,,,,,,,,,,,,,,,,,
3,Sumatera Barat,0,0,1,3,0,0,0,0,,,,,,,,,,,,,,,,,,,,,
4,Riau,0,0,0,0,0,0,0,0,,,,,,,,,,,,,,,,,,,,,
5,Jambi,0,0,0,0,0,0,0,0,,,,,,,,,,,,,,,,,,,,,
6,Sumatera Selatan,0,0,0,0,1,1,0,0,,,,,,,,,,,,,,,,,,,,,
7,Bengkulu,1,1,1,1,0,0,0,0,,,,,,,,,,,,,,,,,,,,,
8,Lampung,1,1,0,0,0,0,1,2,,,,,,,,,,,,,,,,,,,,,
9,Kepulauan Bangka Belitung,0,0,0,0,0,0,0,0,,,,,,,,,,,,,,,,,,,,,
10,Kepulauan Riau,0,0,0,0,1,1,0,0,,,,,,,,,,,,,,,,,,,,,
11,Jawa Barat,0,0,0,0,0,0,0,0,,,,,,,,,,,,,,,,,,,,,
12,Jawa Timur,0,0,0,0,0,0,0,0,,,,,,,,,,,,,,,,,,,,,
13,Nusa Tenggara Barat,0,0,0,0,0,0,0,0,,,,,,,,,,,,,,,,,,,,,
14,Nusa Tenggara Timur,1,1,0,0,0,0,1,1,,,,,,,,,,,,,,,,,,,,,
15,Kalimantan Barat,1,3,0,0,1,1,0,0,,,,,,,,,,,,,,,,,,,,,
16,Kalimantan Tengah,0,0,1,2,0,0,1,2,,,,,,,,,,,,,,,,,,,,,
17,Kalimantan Selatan,0,0,0,0,0,0,0,0,,,,,,,,,,,,,,,,,,,,,
18,Kalimantan Timur,0,0,0,0,0,0,0,0,,,,,,,,,,,,,,,,,,,,,
19,Kalimantan Utara,1,1,0,0,0,0,0,0,,,,,,,,,,,,,,,,,,,,,
20,Sulawesi Utara,1,1,0,0,0,0,0,0,,,,,,,,,,,,,,,,,,,,,
21,Sulawesi Tengah,2,2,3,3,4,4,1,2,,,,,,,,,,,,,,,,,,,,,
22,Sulawesi Selatan,1,1,1,1,1,1,1,1,,,,,,,,,,,,,,,,,,,,,
23,Sulawesi Tenggara,6,7,1,1,2,2,0,0,,,,,,,,,,,,,,,,,,,,,
24,Gorontalo,0,0,1,1,,0,0,0,,,,,,,,,,,,,,,,,,,,,
25,Sulawesi Barat,0,0,0,0,0,0,0,0,,,,,,,,,,,,,,,,,,,,,
26,Maluku,2,6,3,6,3,4,3,8,,,,,,,,,,,,,,,,,,,,,
27,Maluku Utara,2,4,2,6,3,4,3,4,,,,,,,,,,,,,,,,,,,,,
28,Papua Barat,0,0,2,4,0,0,2,3,,,,,,,,,,,,,,,,,,,,,
29,Papua,1,1,3,4,3,4,1,3,,,,,,,,,,,,,,,,,,,,,
Indonesia,,26,40,22,40,23,28,15,28,,,,,,,,,,,,,,,,,,,,,
No,Provinsi,Jumlah Tenaga,,,,,,,,,Total,,,,,,,,,,,,,,,,,,,
,,Dokter Umum,Dokter Gigi,Perawat,Bidan,Gizi,Farmasi,Kesehatan Lingkungan,Kesehatan Masyarakat,Ahli Teknologi Laboratorium Medik,,,,,,,,,,,,,,,,,,,,
(1),(2),(3),(4),(5),(6),(7),(8),(9),(10),(11),(12),,,,,,,,,,,,,,,,,,,
1,Aceh,4,3,5,4,5,6,5,5,5,42,,,,,,,,,,,,,,,,,,,
2,Sumatera Utara,10,10,9,12,19,18,19,15,18,130,,,,,,,,,,,,,,,,,,,
3,Sumatera Barat,2,0,0,2,1,1,3,3,3,15,,,,,,,,,,,,,,,,,,,
4,Riau,0,0,0,0,0,0,0,0,0,0,,,,,,,,,,,,,,,,,,,
5,Jambi,0,0,0,0,0,0,0,0,0,0,,,,,,,,,,,,,,,,,,,
6,Sumatera Selatan,1,0,0,0,1,1,1,1,1,6,,,,,,,,,,,,,,,,,,,
7,Bengkulu,0,0,1,1,2,2,2,1,1,10,,,,,,,,,,,,,,,,,,,
8,Lampung,0,1,2,0,3,2,3,3,2,16,,,,,,,,,,,,,,,,,,,
9,Kep. Bangka Belitung,0,0,0,0,0,0,0,0,0,0,,,,,,,,,,,,,,,,,,,
10,Kepulauan Riau,1,0,1,1,1,0,1,1,1,7,,,,,,,,,,,,,,,,,,,
11,Jawa Barat,0,0,0,0,0,0,0,0,0,0,,,,,,,,,,,,,,,,,,,
12,Jawa Timur,0,0,0,0,0,0,0,0,0,0,,,,,,,,,,,,,,,,,,,
13,Nusa Tenggara Barat,0,0,0,0,0,0,0,0,0,0,,,,,,,,,,,,,,,,,,,
14,Nusa Tenggara Timur,2,2,1,1,2,2,0,1,1,12,,,,,,,,,,,,,,,,,,,
15,Kalimantan Barat,3,4,4,3,2,2,1,2,2,23,,,,,,,,,,,,,,,,,,,
16,Kalimantan Tengah,2,2,2,4,1,2,3,3,3,22,,,,,,,,,,,,,,,,,,,
17,Kalimantan Selatan,0,0,0,0,0,0,0,0,0,0,,,,,,,,,,,,,,,,,,,
18,Kalimantan Timur,0,0,0,0,0,0,0,0,0,0,,,,,,,,,,,,,,,,,,,
19,Kalimantan Utara,1,1,0,1,0,1,1,1,1,7,,,,,,,,,,,,,,,,,,,
20,Sulawesi Utara,1,1,0,1,0,0,0,1,1,5,,,,,,,,,,,,,,,,,,,
21,Sulawesi Tengah,8,4,5,4,10,7,10,3,9,60,,,,,,,,,,,,,,,,,,,
22,Sulawesi Selatan,3,0,2,1,4,2,3,3,4,22,,,,,,,,,,,,,,,,,,,
23,Sulawesi Tenggara,8,8,6,6,8,7,9,7,10,69,,,,,,,,,,,,,,,,,,,
24,Gorontalo,0,0,1,1,,1,1,1,1,6,,,,,,,,,,,,,,,,,,,
25,Sulawesi Barat,0,0,0,0,0,0,0,0,0,0,,,,,,,,,,,,,,,,,,,
26,Maluku,10,6,18,21,18,21,15,17,15,141,,,,,,,,,,,,,,,,,,,
27,Maluku Utara,11,7,11,6,15,12,14,11,14,101,,,,,,,,,,,,,,,,,,,
28,Papua Barat,4,0,2,4,6,6,4,4,6,36,,,,,,,,,,,,,,,,,,,
29,Papua,10,3,6,5,7,10,7,7,8,63,,,,,,,,,,,,,,,,,,,
Indonesia,,81,52,76,78,105,103,102,90,106,793,,,,,,,,,,,,,,,,,,,
No,Provinsi,Periode I,,Periode II,,Periode III,,Periode IV,,Periode V,,,,,,,,,,,,,,,,,,,,
,,Jumlah Kabupaten/ Kota,Jumlah Puskesmas,Jumlah Kabupaten/ Kota,Jumlah Puskesmas,Jumlah Kabupaten/ Kota,Jumlah Puskesmas,Jumlah Kabupaten/ Kota,Jumlah Puskesmas,Jumlah Kabupaten/ Kota,Jumlah Puskesmas,,,,,,,,,,,,,,,,,,,
(1),(2),(3),(4),(5),(6),(7),(8),(9),(10),(11),(12),,,,,,,,,,,,,,,,,,,
1,Aceh,8,35,6,17,3,4,8,12,4,4,,,,,,,,,,,,,,,,,,,
2,Sumatera Utara,7,15,4,9,7,23,6,24,6,13,,,,,,,,,,,,,,,,,,,
3,Sumatera Barat,8,10,3,14,2,2,4,9,2,6,,,,,,,,,,,,,,,,,,,
4,Riau,7,22,4,8,1,1,4,7,6,7,,,,,,,,,,,,,,,,,,,
5,Jambi,6,31,8,18,0,0,3,4,6,12,,,,,,,,,,,,,,,,,,,
6,Sumatera Selatan,6,8,2,3,3,3,2,4,3,3,,,,,,,,,,,,,,,,,,,
7,Bengkulu,7,21,5,17,2,2,5,10,4,6,,,,,,,,,,,,,,,,,,,
8,Lampung,7,23,1,1,2,7,4,9,3,3,,,,,,,,,,,,,,,,,,,
9,Kep. Bangka Belitung,2,2,1,1,0,0,1,1,0,0,,,,,,,,,,,,,,,,,,,
10,Kepulauan Riau,2,2,2,2,1,1,2,5,3,5,,,,,,,,,,,,,,,,,,,
11,Jawa Barat,1,1,2,17,2,2,2,9,2,7,,,,,,,,,,,,,,,,,,,
12,Jawa Tengah,3,10,0,0,0,0,1,2,0,0,,,,,,,,,,,,,,,,,,,
13,Jawa Timur,1,1,2,2,0,0,0,0,1,4,,,,,,,,,,,,,,,,,,,
14,Banten,1,3,0,0,0,0,0,0,0,0,,,,,,,,,,,,,,,,,,,
15,Nusa Tenggara Barat,4,15,1,1,1,2,3,6,3,3,,,,,,,,,,,,,,,,,,,
16,Nusa Tenggara Timur,12,46,3,9,8,16,11,33,2,2,,,,,,,,,,,,,,,,,,,
17,Kalimantan Barat,5,22,4,10,6,9,5,25,5,18,,,,,,,,,,,,,,,,,,,
18,Kalimantan Tengah,4,12,3,6,3,3,6,13,6,12,,,,,,,,,,,,,,,,,,,
19,Kalimantan Selatan,3,4,2,2,1,4,2,3,1,1,,,,,,,,,,,,,,,,,,,
20,Kalimantan Timur,2,2,2,5,0,0,4,9,4,7,,,,,,,,,,,,,,,,,,,
21,Kalimantan Utara,2,6,2,3,2,3,2,2,1,1,,,,,,,,,,,,,,,,,,,
22,Sulawesi Utara,8,54,2,2,4,12,4,14,3,15,,,,,,,,,,,,,,,,,,,
23,Sulawesi Tengah,5,27,4,8,10,35,11,32,7,25,,,,,,,,,,,,,,,,,,,
24,Sulawesi Selatan,6,30,8,9,,1,6,8,8,12,,,,,,,,,,,,,,,,,,,
25,Sulawesi Tenggara,14,85,9,26,9,21,5,9,7,15,,,,,,,,,,,,,,,,,,,
26,Gorontalo,6,24,4,4,3,3,1,2,2,4,,,,,,,,,,,,,,,,,,,
27,Sulawesi Barat,3,8,4,6,1,4,2,2,2,9,,,,,,,,,,,,,,,,,,,
28,Maluku,4,14,6,15,6,10,8,30,9,24,,,,,,,,,,,,,,,,,,,
29,Maluku Utara,1,1,3,14,5,20,6,21,8,17,,,,,,,,,,,,,,,,,,,
30,Papua Barat,3,16,0,0,4,5,3,6,4,6,,,,,,,,,,,,,,,,,,,
31,Papua,4,25,0,0,3,9,6,13,8,29,,,,,,,,,,,,,,,,,,,
Indonesia,,152,575,97,229,89,241,127,324,120,270,,,,,,,,,,,,,,,,,,,
No,Provinsi,Jumlah Tenaga,,,,,,,,,Total,,,,,,,,,,,,,,,,,,,
,,Dokter Umum,Dokter Gigi,Perawat,Bidan,Gizi,Farmasi,Kesehatan Lingkungan,Kesehatan Masyarakat,Ahli Teknologi Laboratorium Medik,,,,,,,,,,,,,,,,,,,,
(1),(2),(3),(4),(5),(6),(7),(8),(9),(10),(11),(14),,,,,,,,,,,,,,,,,,,
1,Aceh,7,11,15,1,25,7,14,0,19,99,,,,,,,,,,,,,,,,,,,
2,Sumatera Utara,12,5,9,1,16,15,29,8,23,118,,,,,,,,,,,,,,,,,,,
3,Sumatera Barat,1,7,4,7,6,10,7,3,12,57,,,,,,,,,,,,,,,,,,,
4,Riau,0,2,2,2,12,12,15,3,15,63,,,,,,,,,,,,,,,,,,,
5,Jambi,4,5,4,4,31,13,16,7,19,103,,,,,,,,,,,,,,,,,,,
6,Sumatera Selatan,3,0,4,0,8,6,2,1,6,30,,,,,,,,,,,,,,,,,,,
7,Bengkulu,7,0,10,0,9,21,17,5,15,84,,,,,,,,,,,,,,,,,,,
8,Lampung,1,10,0,0,13,6,8,2,8,48,,,,,,,,,,,,,,,,,,,
9,Kepulauan Bangka Belitung,0,0,1,1,0,0,1,1,1,5,,,,,,,,,,,,,,,,,,,
10,Kepulauan Riau,1,0,1,2,6,0,0,0,9,19,,,,,,,,,,,,,,,,,,,
11,DKI Jakarta,0,0,0,0,0,0,0,0,0,0,,,,,,,,,,,,,,,,,,,
12,Jawa Barat,3,3,0,0,17,5,14,4,10,56,,,,,,,,,,,,,,,,,,,
13,Jawa Tengah,0,3,8,5,1,1,0,1,0,19,,,,,,,,,,,,,,,,,,,
14,Jawa Timur,0,1,0,0,0,3,3,0,1,8,,,,,,,,,,,,,,,,,,,
15,Banten,0,0,6,0,0,0,1,0,0,7,,,,,,,,,,,,,,,,,,,
16,Nusa Tenggara Barat,0,7,5,5,8,6,5,3,7,46,,,,,,,,,,,,,,,,,,,
17,Nusa Tenggara Timur,13,25,10,25,32,19,17,4,25,170,,,,,,,,,,,,,,,,,,,
18,Kalimantan Barat,10,17,8,16,22,7,7,13,21,121,,,,,,,,,,,,,,,,,,,
19,Kalimantan Tengah,2,13,0,0,15,5,15,1,13,64,,,,,,,,,,,,,,,,,,,
20,Kalimantan Selatan,4,1,2,3,1,1,1,0,4,17,,,,,,,,,,,,,,,,,,,
21,Kalimantan Timur,0,0,1,1,15,3,4,2,3,29,,,,,,,,,,,,,,,,,,,
22,Kalimantan Utara,1,2,1,2,7,2,0,1,6,22,,,,,,,,,,,,,,,,,,,
23,Sulawesi Utara,2,13,15,27,13,13,7,3,39,132,,,,,,,,,,,,,,,,,,,
24,Sulawesi Tengah,9,39,5,7,,6,14,0,48,149,,,,,,,,,,,,,,,,,,,
25,Sulawesi Selatan,3,2,7,9,17,7,9,3,19,76,,,,,,,,,,,,,,,,,,,
26,Sulawesi Tenggara,18,2,57,37,27,11,28,6,50,236,,,,,,,,,,,,,,,,,,,
27,Gorontalo,3,3,7,3,0,4,5,0,19,44,,,,,,,,,,,,,,,,,,,
28,Sulawesi Barat,5,0,4,4,8,1,5,0,7,34,,,,,,,,,,,,,,,,,,,
29,Maluku,16,3,8,19,20,29,11,13,28,147,,,,,,,,,,,,,,,,,,,
30,Maluku Utara,11,0,3,2,17,20,19,1,27,100,,,,,,,,,,,,,,,,,,,
31,Papua Barat,2,0,2,11,3,10,7,5,10,50,,,,,,,,,,,,,,,,,,,
32,Papua,4,0,18,17,23,241,15,10,14,109,,,,,,,,,,,,,,,,,,,
Indonesia,,142,174,217,211,393,270,296,100,478,2.262,,,,,,,,,,,,,,,,,,,
No,Provinsi,Spesialis Anak,,Spesialis Obstetri dan Ginekologi,,Spesialis Penyakit Dalam,,Spesialis Bedah,,Spesialis Anestesi,,Spesialis Patologi Klinik,,Spesialis Radiologi,,Total,,,,,,,,,,,,,,
,,PBL/ ASN,PBTL-nonASN,PBL/ ASN,PBTL-nonASN,PBL/ ASN,PBTL-nonASN,PBL/ ASN,PBTL-nonASN,PBL/ ASN,PBTL-nonASN,PBL/ ASN,PBTL-nonASN,PBL/ ASN,PBTL-nonASN,,,,,,,,,,,,,,,
(1),(2),(3),(4),(5),(6),(7),(8),(9),(10),(11),(12),(13),(14),(15),(16),(17),,,,,,,,,,,,,,
1,Aceh,2,0,0,0,3,0,1,1,0,0,1,0,3,0,11,,,,,,,,,,,,,,
2,Sumatera Utara,2,1,2,2,2,1,1,2,0,0,1,0,0,0,14,,,,,,,,,,,,,,
3,Sumatera Barat,1,1,1,4,2,3,1,2,1,2,6,0,2,0,26,,,,,,,,,,,,,,
4,Riau,0,3,1,0,0,1,2,2,0,0,1,0,0,0,10,,,,,,,,,,,,,,
5,Jambi,0,0,3,0,0,1,1,1,0,0,1,0,1,0,8,,,,,,,,,,,,,,
6,Sumatera Selatan,3,0,6,1,0,0,3,1,2,0,1,0,0,0,17,,,,,,,,,,,,,,
7,Bengkulu,0,3,0,3,0,1,0,0,0,1,1,0,2,0,11,,,,,,,,,,,,,,
8,Lampung,3,2,0,2,0,1,0,0,0,0,2,0,2,0,12,,,,,,,,,,,,,,
9,Kep. Bangka Belitung,0,0,0,1,1,0,1,0,0,0,0,0,2,0,5,,,,,,,,,,,,,,
10,Kepulauan Riau,4,0,0,3,0,3,0,2,0,0,0,0,0,0,12,,,,,,,,,,,,,,
11,DKI Jakarta,0,0,0,0,0,0,2,0,0,0,1,0,0,0,3,,,,,,,,,,,,,,
12,Jawa Barat,3,3,1,3,1,4,4,2,0,1,0,0,1,0,23,,,,,,,,,,,,,,
13,Jawa Tengah,3,1,2,4,0,1,0,0,1,1,3,0,2,0,18,,,,,,,,,,,,,,
14,DI Yogyakarta,0,0,4,0,0,0,2,0,0,1,1,1,1,0,10,,,,,,,,,,,,,,
15,Jawa Timur,5,1,3,3,7,2,4,2,0,1,1,1,0,0,30,,,,,,,,,,,,,,
16,Banten,0,0,0,0,0,0,0,0,0,0,0,0,0,0,0,,,,,,,,,,,,,,
17,Bali,0,1,1,1,0,0,0,0,0,2,4,0,2,0,11,,,,,,,,,,,,,,
18,Nusa Tenggara Barat,0,4,2,2,1,3,2,2,0,3,0,2,1,0,22,,,,,,,,,,,,,,
19,Nusa Tenggara Timur,5,1,1,5,0,4,2,4,1,6,0,0,0,1,30,,,,,,,,,,,,,,
20,Kalimantan Barat,0,5,0,3,2,6,2,1,0,3,1,2,2,0,27,,,,,,,,,,,,,,
21,Kalimantan Tengah,4,1,0,4,0,3,2,3,0,1,0,2,2,0,22,,,,,,,,,,,,,,
22,Kalimantan Selatan,1,2,2,3,1,1,0,0,0,1,1,0,0,0,12,,,,,,,,,,,,,,
23,Kalimantan Timur,2,0,1,0,1,0,0,0,0,0,1,0,0,0,5,,,,,,,,,,,,,,
24,Kalimantan Utara,0,0,1,0,,2,0,0,0,1,1,0,0,0,5,,,,,,,,,,,,,,
25,Sulawesi Utara,1,0,0,2,1,0,1,0,0,0,2,0,1,0,8,,,,,,,,,,,,,,
26,Sulawesi Tengah,2,1,0,3,2,3,1,3,0,1,0,0,0,0,16,,,,,,,,,,,,,,
27,Sulawesi Selatan,8,2,5,1,6,0,3,0,3,2,1,0,0,0,31,,,,,,,,,,,,,,
28,Sulawesi Tenggara,1,3,2,1,0,3,0,4,0,2,3,0,0,0,19,,,,,,,,,,,,,,
29,Gorontalo,0,1,2,0,2,2,0,1,1,0,0,0,0,0,9,,,,,,,,,,,,,,
30,Sulawesi Barat,1,0,0,0,0,1,1,1,1,1,0,0,1,0,7,,,,,,,,,,,,,,
31,Maluku,3,3,0,3,0,2,3,1,1,0,1,0,0,0,17,,,,,,,,,,,,,,
32,Maluku Utara,1,1,0,0,1,241,1,1,0,0,0,0,2,0,248,,,,,,,,,,,,,,
33,Papua Barat,1,0,2,0,0,270,2,0,0,0,0,0,0,0,275,,,,,,,,,,,,,,
34,Papua,1,0,0,1,4,486,4,0,0,0,1,0,0,0,497,,,,,,,,,,,,,,
35,TNI/POLRI dan K/L lainnya,4,0,0,0,7,0,7,0,1,0,3,0,2,0,24,,,,,,,,,,,,,,
Indonesia,,61,40,42,55,44,1.045,53,36,12,30,39,8,29,1,1.495,,,,,,,,,,,,,,
No,Provinsi,Puskesmas,,,,Rumah Sakit,,,,Sarana Pelayanan Kesehatan Lainnya,,,,Total,,,,,,,,,,,,,,,,
,,Perawat,,,Bidan,Perawat,,,Bidan,Perawat,,,Bidan,Perawat,,,Bidan,,,,,,,,,,,,,
,,L,P,L+P,,L,P,L+P,,L,P,L+P,,L,P,L+P,,,,,,,,,,,,,,
(1),(2),(3),(4),(5),(6),(7),(8),(9),(10),(11),(12),(13),(14),(15),(16),(17),(18),,,,,,,,,,,,,
1,Aceh,2.672,7.009,9.681,16.691,3.360,6.742,10.102,4.553,259,332,591,362,6.291,14.083,20.374,21606,,,,,,,,,,,,,
2,Sumatera Utara,2.481,6.201,8.682,19.097,3.843,11.379,15.222,5.998,413,687,1.100,1.181,6.737,18.267,25.004,26276,,,,,,,,,,,,,
3,Sumatera Barat,602,2.827,3.429,6.734,1.456,6.423,7.879,1.841,147,387,534,418,2.205,9.637,11.842,8993,,,,,,,,,,,,,
4,Riau,1.086,3.052,4.138,6.245,1.755,5.269,7.024,2.306,252,447,699,1.016,3.093,8.768,11.861,9567,,,,,,,,,,,,,
5,Jambi,1.063,2.546,3.609,5.444,1.155,3.120,4.275,1.335,178,290,468,609,2.396,5.956,8.352,7388,,,,,,,,,,,,,
6,Sumatera Selatan,1.730,5.185,6.915,11.909,2.070,6.946,9.016,2.878,360,615,975,854,4.160,12.746,16.906,15641,,,,,,,,,,,,,
7,Bengkulu,652,1.687,2.339,3.556,814,1.788,2.602,1.093,120,176,296,225,1.586,3.651,5.237,4874,,,,,,,,,,,,,
8,Lampung,1.869,2.872,4.741,8.257,2.462,4.438,6.900,1.932,417,589,1.006,945,4.748,7.899,12.647,11134,,,,,,,,,,,,,
9,Kep. Bangka Belitung,376,819,1.195,1.053,709,1.660,2.369,518,139,264,403,238,1.224,2.743,3.967,1809,,,,,,,,,,,,,
10,Kepulauan Riau,326,944,1.270,1.495,837,2.531,3.368,867,189,392,581,418,1.352,3.867,5.219,2780,,,,,,,,,,,,,
11,DKI Jakarta,523,1.452,1.975,1.940,6.535,26.202,32.737,3.794,1.386,2.813,4.199,1.879,8.444,30.467,38.911,7613,,,,,,,,,,,,,
12,Jawa Barat,5.079,6.817,11.896,17.553,15.328,34.904,50.232,9.071,1.933,3.737,5.670,6.422,22.340,45.458,67.798,33046,,,,,,,,,,,,,
13,Jawa Tengah,3.870,6.886,10.756,17.410,13.463,31.241,44.704,7.944,1.981,4.993,6.974,5.419,19.314,43.120,62.434,30773,,,,,,,,,,,,,
14,DI Yogyakarta,262,699,961,962,1.949,6.745,8.694,1.190,275,936,1.211,824,2.486,8.380,10.866,2976,,,,,,,,,,,,,
15,Jawa Timur,7.210,10.052,17.262,18.922,15.264,30.460,45.724,9.115,3.001,5.358,8.359,5.400,25.475,45.870,71.345,33437,,,,,,,,,,,,,
16,Banten,1.283,1.636,2.919,4.678,3.179,10.074,13.253,2.680,533,1.138,1.671,2.099,4.995,12.848,17.843,9457,,,,,,,,,,,,,
17,Bali,554,1.205,1.759,2.598,2.687,6.739,9.426,2.379,438,1.066,1.504,1.041,3.679,9.010,12.689,6018,,,,,,,,,,,,,
18,Nusa Tenggara Barat,2.531,3.897,6.428,6.144,1.915,3.230,5.145,1.590,395,464,859,246,4.841,7.591,12.432,7980,,,,,,,,,,,,,
19,Nusa Tenggara Timur,2.873,6.331,9.204,10.077,1.407,4.241,5.648,2.051,190,335,525,179,4.470,10.907,15.377,12307,,,,,,,,,,,,,
20,Kalimantan Barat,2.311,2.676,4.987,4.690,1.947,3.816,5.763,1.336,451,475,926,959,4.709,6.967,11.676,6985,,,,,,,,,,,,,
21,Kalimantan Tengah,1.695,2.343,4.038,3.520,1.111,2.206,3.317,943,300,257,557,367,3.106,4.806,7.912,4830,,,,,,,,,,,,,
22,Kalimantan Selatan,1.181,1.758,2.939,3.929,2.427,3.511,5.938,1.535,450,331,781,321,4.058,5.600,9.658,5785,,,,,,,,,,,,,
23,Kalimantan Timur,897,1.786,2.683,2.660,,5.021,6.986,1.543,579,684,1.263,862,3.441,7.491,10.932,5065,,,,,,,,,,,,,
24,Kalimantan Utara,334,641,975,761,462,1.023,1.485,414,93,95,188,120,889,1.759,2.648,1295,,,,,,,,,,,,,
25,Sulawesi Utara,470,2.464,2.934,1.976,1.451,4.785,6.236,917,130,279,409,68,2.051,7.528,9.579,2961,,,,,,,,,,,,,
26,Sulawesi Tengah,1.218,2.833,4.051,5.098,1.315,3.489,4.804,1.655,212,260,472,135,2.745,6.582,9.327,6888,,,,,,,,,,,,,
27,Sulawesi Selatan,2.102,9.135,11.237,15.753,2.959,11.586,14.545,4.302,397,782,1.179,599,5.458,21.503,26.961,20654,,,,,,,,,,,,,
28,Sulawesi Tenggara,1.442,4.578,6.020,6.833,928,2.380,3.308,1.244,138,246,384,167,2.508,7.204,9.712,8244,,,,,,,,,,,,,
29,Gorontalo,334,901,1.235,1.423,602,1.434,2.036,700,72,95,167,98,1.008,2.430,3.438,2221,,,,,,,,,,,,,
30,Sulawesi Barat,610,1.782,2.392,3.256,376,1.013,1.389,671,33,55,88,52,1.019,2.850,3.869,3979,,,,,,,,,,,,,
31,Maluku,1.103,2.934,4.037,2.531,638,241,2.982,844,138,314,452,104,1.879,5.592,7.471,3479,,,,,,,,,,,,,
32,Maluku Utara,589,1.426,2.015,3.004,440,270,1.715,711,142,144,286,95,1.171,2.845,4.016,3810,,,,,,,,,,,,,
33,Papua Barat,973,1.919,2.892,1.950,559,486,1.904,586,121,59,180,62,1.653,3.323,4.976,2598,,,,,,,,,,,,,
34,Papua,2.131,3.406,5.537,3.197,1.279,3.218,4.497,1.178,225,201,426,140,3.635,6.825,10.460,4515,,,,,,,,,,,,,
Indonesia,,54.432,112.699,167.131,221.346,98.647,252.578,351.225,81.714,16.087,29.296,45.383,33.924,169.166,394.573,563.739,336.984,,,,,,,,,,,,,
No,Provinsi,Kesehatan Masyarakat,,,Kesehatan Lingkungan,,,Gizi,,,,,,,,,,,,,,,,,,,,,,
,,L,P,L+P,L,P,L+P,L,P,L+P,,,,,,,,,,,,,,,,,,,,
(1),(2),(3),(4),(5),(6),(7),(8),(9),(10),(11),,,,,,,,,,,,,,,,,,,,
1,Aceh,477,1.952,2.429,192,858,1.050,61,766,827,,,,,,,,,,,,,,,,,,,,
2,Sumatera Utara,352,1.674,2.026,133,456,589,68,739,807,,,,,,,,,,,,,,,,,,,,
3,Sumatera Barat,128,610,738,99,314,413,24,547,571,,,,,,,,,,,,,,,,,,,,
4,Riau,185,564,749,97,200,297,31,366,397,,,,,,,,,,,,,,,,,,,,
5,Jambi,150,377,527,82,245,327,37,297,334,,,,,,,,,,,,,,,,,,,,
6,Sumatera Selatan,284,1.045,1.329,122,487,609,50,510,560,,,,,,,,,,,,,,,,,,,,
7,Bengkulu,200,453,653,62,135,197,30,270,300,,,,,,,,,,,,,,,,,,,,
8,Lampung,214,524,738,143,377,520,67,450,517,,,,,,,,,,,,,,,,,,,,
9,Kep. Bangka Belitung,55,141,196,33,80,113,23,137,160,,,,,,,,,,,,,,,,,,,,
10,Kepulauan Riau,50,134,184,50,132,182,15,128,143,,,,,,,,,,,,,,,,,,,,
11,DKI Jakarta,37,185,222,118,231,349,30,365,395,,,,,,,,,,,,,,,,,,,,
12,Jawa Barat,543,1.425,1.968,357,882,1.239,110,1.176,1.286,,,,,,,,,,,,,,,,,,,,
13,Jawa Tengah,383,1.702,2.085,371,969,1.340,162,1.411,1.573,,,,,,,,,,,,,,,,,,,,
14,DI Yogyakarta,51,229,280,55,131,186,31,242,273,,,,,,,,,,,,,,,,,,,,
15,Jawa Timur,236,1.303,1.539,280,882,1.162,246,1.393,1.639,,,,,,,,,,,,,,,,,,,,
16,Banten,127,333,460,67,192,259,29,305,334,,,,,,,,,,,,,,,,,,,,
17,Bali,56,148,204,97,145,242,31,193,224,,,,,,,,,,,,,,,,,,,,
18,Nusa Tenggara Barat,201,461,662,125,327,452,121,586,707,,,,,,,,,,,,,,,,,,,,
19,Nusa Tenggara Timur,565,874,1.439,380,558,938,270,916,1.186,,,,,,,,,,,,,,,,,,,,
20,Kalimantan Barat,183,367,550,176,257,433,100,474,574,,,,,,,,,,,,,,,,,,,,
21,Kalimantan Tengah,114,260,374,92,107,199,58,327,385,,,,,,,,,,,,,,,,,,,,
22,Kalimantan Selatan,204,403,607,140,302,442,121,563,684,,,,,,,,,,,,,,,,,,,,
23,Kalimantan Timur,148,377,525,66,164,230,51,197,248,,,,,,,,,,,,,,,,,,,,
24,Kalimantan Utara,43,105,148,30,,80,20,75,95,,,,,,,,,,,,,,,,,,,,
25,Sulawesi Utara,111,455,566,138,238,376,66,335,401,,,,,,,,,,,,,,,,,,,,
26,Sulawesi Tengah,325,975,1.300,147,283,430,56,361,417,,,,,,,,,,,,,,,,,,,,
27,Sulawesi Selatan,402,1.792,2.194,214,791,1.005,88,907,995,,,,,,,,,,,,,,,,,,,,
28,Sulawesi Tenggara,400,1.446,1.846,156,371,527,98,708,806,,,,,,,,,,,,,,,,,,,,
29,Gorontalo,77,430,507,43,136,179,50,277,327,,,,,,,,,,,,,,,,,,,,
30,Sulawesi Barat,86,391,477,61,144,205,28,212,240,,,,,,,,,,,,,,,,,,,,
31,Maluku,186,508,694,181,273,454,70,459,529,,,,,,,,,,,,,,,,,,,,
32,Maluku Utara,161,637,798,65,145,241,32,293,325,,,,,,,,,,,,,,,,,,,,
33,Papua Barat,92,269,361,66,75,270,33,270,303,,,,,,,,,,,,,,,,,,,,
34,Papua,251,526,777,183,181,486,83,332,415,,,,,,,,,,,,,,,,,,,,
Indonesia,,7.077,23.075,30.152,4.621,11.118,15.739,2.390,16.587,18.977,,,,,,,,,,,,,,,,,,,,
No,Provinsi,Kesehatan Masyarakat,,,Kesehatan Lingkungan,,,Gizi,,,,,,,,,,,,,,,,,,,,,,
,,L,P,L+P,L,P,L+P,L,P,L+P,,,,,,,,,,,,,,,,,,,,
(1),(2),(3),(4),(5),(6),(7),(8),(9),(10),(11),,,,,,,,,,,,,,,,,,,,
1,Aceh,191,492,683,96,211,307,78,404,482,,,,,,,,,,,,,,,,,,,,
2,Sumatera Utara,103,488,591,98,159,257,48,616,664,,,,,,,,,,,,,,,,,,,,
3,Sumatera Barat,47,168,215,46,98,144,45,420,465,,,,,,,,,,,,,,,,,,,,
4,Riau,69,208,277,19,56,75,24,336,360,,,,,,,,,,,,,,,,,,,,
5,Jambi,44,109,153,52,63,115,16,148,164,,,,,,,,,,,,,,,,,,,,
6,Sumatera Selatan,73,255,328,35,160,195,34,389,423,,,,,,,,,,,,,,,,,,,,
7,Bengkulu,49,172,221,30,30,60,30,212,242,,,,,,,,,,,,,,,,,,,,
8,Lampung,26,93,119,41,95,136,21,223,244,,,,,,,,,,,,,,,,,,,,
9,Kep. Bangka Belitung,25,62,87,11,29,40,11,94,105,,,,,,,,,,,,,,,,,,,,
10,Kepulauan Riau,16,45,61,32,57,89,16,120,136,,,,,,,,,,,,,,,,,,,,
11,DKI Jakarta,83,162,245,137,175,312,155,863,1.018,,,,,,,,,,,,,,,,,,,,
12,Jawa Barat,215,321,536,178,315,493,301,1.620,1.921,,,,,,,,,,,,,,,,,,,,
13,Jawa Tengah,65,216,281,204,371,575,144,1.507,1.651,,,,,,,,,,,,,,,,,,,,
14,DI Yogyakarta,5,40,45,63,94,157,26,295,321,,,,,,,,,,,,,,,,,,,,
15,Jawa Timur,117,529,646,208,431,639,201,1.832,2.033,,,,,,,,,,,,,,,,,,,,
16,Banten,56,126,182,48,90,138,81,364,445,,,,,,,,,,,,,,,,,,,,
17,Bali,43,101,144,76,127,203,61,436,497,,,,,,,,,,,,,,,,,,,,
18,Nusa Tenggara Barat,31,70,101,38,75,113,26,272,298,,,,,,,,,,,,,,,,,,,,
19,Nusa Tenggara Timur,68,186,254,65,92,157,59,298,357,,,,,,,,,,,,,,,,,,,,
20,Kalimantan Barat,35,99,134,70,59,129,38,213,251,,,,,,,,,,,,,,,,,,,,
21,Kalimantan Tengah,16,52,68,26,39,65,23,173,196,,,,,,,,,,,,,,,,,,,,
22,Kalimantan Selatan,40,88,128,63,75,138,40,292,332,,,,,,,,,,,,,,,,,,,,
23,Kalimantan Timur,26,71,97,34,45,79,23,149,172,,,,,,,,,,,,,,,,,,,,
24,Kalimantan Utara,21,34,55,11,,28,10,50,60,,,,,,,,,,,,,,,,,,,,
25,Sulawesi Utara,56,184,240,48,77,125,50,207,257,,,,,,,,,,,,,,,,,,,,
26,Sulawesi Tengah,140,437,577,55,107,162,23,159,182,,,,,,,,,,,,,,,,,,,,
27,Sulawesi Selatan,178,711,889,77,223,300,77,689,766,,,,,,,,,,,,,,,,,,,,
28,Sulawesi Tenggara,43,280,323,35,67,102,22,220,242,,,,,,,,,,,,,,,,,,,,
29,Gorontalo,22,115,137,12,35,47,16,141,157,,,,,,,,,,,,,,,,,,,,
30,Sulawesi Barat,18,46,64,14,22,36,3,90,93,,,,,,,,,,,,,,,,,,,,
31,Maluku,52,139,191,49,70,119,27,177,204,,,,,,,,,,,,,,,,,,,,
32,Maluku Utara,42,165,207,18,20,241,7,125,132,,,,,,,,,,,,,,,,,,,,
33,Papua Barat,33,99,132,11,20,270,14,95,109,,,,,,,,,,,,,,,,,,,,
34,Papua,52,171,223,61,63,486,38,219,257,,,,,,,,,,,,,,,,,,,,
Indonesia,,2.100,6.534,8.634,2.061,3.667,5.728,1.788,13.448,15.236,,,,,,,,,,,,,,,,,,,,
No,Provinsi,Ahli Teknologi Laboratorium Medik,,,Tenaga Teknik Biomedika Lainnya,,,Keterapian Fisik,,,Keteknisian Medis,,,,,,,,,,,,,,,,,,,
,,L,P,L + P,L,P,L + P,L,P,L + P,L,P,L + P,,,,,,,,,,,,,,,,,
(1),(2),(3),(4),(5),(6),(7),(8),(9),(10),(11),(12),(13),(14),,,,,,,,,,,,,,,,,
1,Aceh,166,1.241,1.407,326,323,649,87,364,451,307,1.287,1.594,,,,,,,,,,,,,,,,,
2,Sumatera Utara,319,1.757,2.076,364,513,877,167,270,437,292,1.182,1.474,,,,,,,,,,,,,,,,,
3,Sumatera Barat,229,1.128,1.357,271,251,522,88,199,287,307,1.422,1.729,,,,,,,,,,,,,,,,,
4,Riau,193,1.105,1.298,184,211,395,90,238,328,219,639,858,,,,,,,,,,,,,,,,,
5,Jambi,178,771,949,100,104,204,34,139,173,105,550,655,,,,,,,,,,,,,,,,,
6,Sumatera Selatan,258,1.317,1.575,247,286,533,73,265,338,285,1.067,1.352,,,,,,,,,,,,,,,,,
7,Bengkulu,134,464,598,92,70,162,18,46,64,78,174,252,,,,,,,,,,,,,,,,,
8,Lampung,259,1.015,1.274,244,206,450,60,112,172,224,608,832,,,,,,,,,,,,,,,,,
9,Kep. Bangka Belitung,91,315,406,94,65,159,14,73,87,85,289,374,,,,,,,,,,,,,,,,,
10,Kepulauan Riau,112,353,465,105,104,209,27,78,105,93,241,334,,,,,,,,,,,,,,,,,
11,DKI Jakarta,1.307,3.518,4.825,1.243,1.042,2.285,590,879,1.469,1.106,2.555,3.661,,,,,,,,,,,,,,,,,
12,Jawa Barat,1.615,5.365,6.980,1.481,1.091,2.572,552,1.143,1.695,1.916,4.074,5.990,,,,,,,,,,,,,,,,,
13,Jawa Tengah,1.117,5.097,6.214,1.416,1.230,2.646,645,1.371,2.016,1.472,4.819,6.291,,,,,,,,,,,,,,,,,
14,DI Yogyakarta,260,1.027,1.287,312,280,592,151,302,453,291,1.250,1.541,,,,,,,,,,,,,,,,,
15,Jawa Timur,1.295,5.605,6.900,1.289,1.161,2.450,519,864,1.383,1.651,3.748,5.399,,,,,,,,,,,,,,,,,
16,Banten,340,1.269,1.609,348,343,691,155,358,513,292,746,1.038,,,,,,,,,,,,,,,,,
17,Bali,290,913,1.203,367,202,569,124,128,252,207,579,786,,,,,,,,,,,,,,,,,
18,Nusa Tenggara Barat,313,1.058,1.371,266,161,427,70,160,230,433,759,1.192,,,,,,,,,,,,,,,,,
19,Nusa Tenggara Timur,354,1.121,1.475,161,145,306,56,131,187,338,1.047,1.385,,,,,,,,,,,,,,,,,
20,Kalimantan Barat,285,806,1.091,171,113,284,40,96,136,374,750,1.124,,,,,,,,,,,,,,,,,
21,Kalimantan Tengah,191,600,791,142,69,211,29,74,103,153,350,503,,,,,,,,,,,,,,,,,
22,Kalimantan Selatan,280,1.027,1.307,228,148,376,60,87,147,269,798,1.067,,,,,,,,,,,,,,,,,
23,Kalimantan Timur,296,909,1.205,190,156,346,80,148,228,180,376,556,,,,,,,,,,,,,,,,,
24,Kalimantan Utara,66,155,221,51,,51,10,24,34,62,81,143,,,,,,,,,,,,,,,,,
25,Sulawesi Utara,150,341,491,101,47,148,67,107,174,113,387,500,,,,,,,,,,,,,,,,,
26,Sulawesi Tengah,155,469,624,88,91,179,29,77,106,140,240,380,,,,,,,,,,,,,,,,,
27,Sulawesi Selatan,400,1.813,2.213,317,474,791,136,353,489,367,1.482,1.849,,,,,,,,,,,,,,,,,
28,Sulawesi Tenggara,160,736,896,73,110,183,12,103,115,146,568,714,,,,,,,,,,,,,,,,,
29,Gorontalo,78,192,270,43,53,96,13,18,31,41,120,161,,,,,,,,,,,,,,,,,
30,Sulawesi Barat,63,170,233,27,41,68,8,32,40,39,118,157,,,,,,,,,,,,,,,,,
31,Maluku,109,455,564,40,73,113,13,53,66,40,111,151,,,,,,,,,,,,,,,,,
32,Maluku Utara,120,373,493,51,73,241,18,35,53,44,119,163,,,,,,,,,,,,,,,,,
33,Papua Barat,114,301,415,40,42,270,6,23,29,38,101,139,,,,,,,,,,,,,,,,,
34,Papua,335,735,1.070,69,39,486,27,44,71,79,148,227,,,,,,,,,,,,,,,,,
Indonesia,,11.632,43.521,55.153,10.541,9.317,20.541,4.068,8.394,12.462,11.786,32.785,44.571,,,,,,,,,,,,,,,,,
No,Provinsi,Ahli Teknologi Laboratorium Medik,,,Tenaga Teknik Biomedika Lainnya,,,Keterapian Fisik,,,Keteknisian Medis,,,,,,,,,,,,,,,,,,,
,,L,P,L + P,L,P,L + P,L,P,L + P,L,P,L + P,,,,,,,,,,,,,,,,,
(1),(2),(3),(4),(5),(6),(7),(8),(9),(10),(11),(12),(13),(14),,,,,,,,,,,,,,,,,
1,Aceh,58,569,627,6,13,19,19,116,135,136,741,877,,,,,,,,,,,,,,,,,
2,Sumatera Utara,91,530,621,4,8,12,13,14,27,84,582,666,,,,,,,,,,,,,,,,,
3,Sumatera Barat,61,384,445,4,2,6,4,31,35,92,621,713,,,,,,,,,,,,,,,,,
4,Riau,57,362,419,1,6,7,5,37,42,39,251,290,,,,,,,,,,,,,,,,,
5,Jambi,67,273,340,1,0,1,3,19,22,53,318,371,,,,,,,,,,,,,,,,,
6,Sumatera Selatan,89,434,523,3,10,13,2,23,25,73,516,589,,,,,,,,,,,,,,,,,
7,Bengkulu,50,207,257,4,1,5,1,1,2,5,71,76,,,,,,,,,,,,,,,,,
8,Lampung,94,393,487,3,4,7,1,3,4,113,386,499,,,,,,,,,,,,,,,,,
9,Kep. Bangka Belitung,25,100,125,1,0,1,1,1,2,38,135,173,,,,,,,,,,,,,,,,,
10,Kepulauan Riau,27,91,118,1,0,1,0,3,3,12,85,97,,,,,,,,,,,,,,,,,
11,DKI Jakarta,137,226,363,1,0,1,0,2,2,92,307,399,,,,,,,,,,,,,,,,,
12,Jawa Barat,288,1.123,1.411,5,13,18,15,21,36,388,1.323,1.711,,,,,,,,,,,,,,,,,
13,Jawa Tengah,253,1.243,1.496,27,18,45,73,185,258,384,1.643,2.027,,,,,,,,,,,,,,,,,
14,DI Yogyakarta,31,231,262,0,3,3,23,38,61,61,347,408,,,,,,,,,,,,,,,,,
15,Jawa Timur,262,1.335,1.597,13,16,29,35,49,84,396,1.213,1.609,,,,,,,,,,,,,,,,,
16,Banten,53,211,264,3,4,7,4,10,14,63,213,276,,,,,,,,,,,,,,,,,
17,Bali,43,139,182,4,0,4,2,0,2,66,215,281,,,,,,,,,,,,,,,,,
18,Nusa Tenggara Barat,125,484,609,27,7,34,5,10,15,185,375,560,,,,,,,,,,,,,,,,,
19,Nusa Tenggara Timur,208,601,809,16,4,20,9,34,43,173,644,817,,,,,,,,,,,,,,,,,
20,Kalimantan Barat,102,351,453,5,1,6,2,2,4,189,424,613,,,,,,,,,,,,,,,,,
21,Kalimantan Tengah,71,233,304,0,0,0,1,0,1,78,196,274,,,,,,,,,,,,,,,,,
22,Kalimantan Selatan,81,379,460,3,0,3,3,5,8,113,437,550,,,,,,,,,,,,,,,,,
23,Kalimantan Timur,64,271,335,0,0,0,0,5,5,61,139,200,,,,,,,,,,,,,,,,,
24,Kalimantan Utara,24,51,75,1,,1,0,1,1,31,38,69,,,,,,,,,,,,,,,,,
25,Sulawesi Utara,54,94,148,3,1,4,5,19,24,47,233,280,,,,,,,,,,,,,,,,,
26,Sulawesi Tengah,70,193,263,2,0,2,4,5,9,68,136,204,,,,,,,,,,,,,,,,,
27,Sulawesi Selatan,116,770,886,4,6,10,6,24,30,161,770,931,,,,,,,,,,,,,,,,,
28,Sulawesi Tenggara,77,408,485,4,4,8,2,16,18,75,387,462,,,,,,,,,,,,,,,,,
29,Gorontalo,28,89,117,1,0,1,0,0,0,13,48,61,,,,,,,,,,,,,,,,,
30,Sulawesi Barat,30,94,124,0,0,0,0,5,5,23,65,88,,,,,,,,,,,,,,,,,
31,Maluku,59,259,318,0,3,3,1,3,4,18,48,66,,,,,,,,,,,,,,,,,
32,Maluku Utara,50,183,233,2,4,241,4,5,9,17,64,81,,,,,,,,,,,,,,,,,
33,Papua Barat,52,167,219,1,1,270,0,2,2,15,34,49,,,,,,,,,,,,,,,,,
34,Papua,168,365,533,1,0,486,3,5,8,17,52,69,,,,,,,,,,,,,,,,,
Indonesia,,3.065,12.843,15.908,151,129,1.268,246,694,940,3.379,13.057,16.436,,,,,,,,,,,,,,,,,
No,Provinsi,Tenaga Kefarmasian,,,,,,,,,,,,,,,,,,,,,,,,,,,,
,,Tenaga Kefarmasiana,,,Apoteker,,,Total,,,,,,,,,,,,,,,,,,,,,,
,,L,P,L + P,L,P,L + P,L,P,L + P,,,,,,,,,,,,,,,,,,,,
(1),(2),(3),(4),(5),(6),(7),(8),(9),(10),(11),,,,,,,,,,,,,,,,,,,,
1,Aceh,91,834,925,44,259,303,135,1.093,1.228,,,,,,,,,,,,,,,,,,,,
2,Sumatera Utara,113,687,800,52,341,393,165,1.028,1.193,,,,,,,,,,,,,,,,,,,,
3,Sumatera Barat,44,367,411,27,190,217,71,557,628,,,,,,,,,,,,,,,,,,,,
4,Riau,48,380,428,39,194,233,87,574,661,,,,,,,,,,,,,,,,,,,,
5,Jambi,32,275,307,25,144,169,57,419,476,,,,,,,,,,,,,,,,,,,,
6,Sumatera Selatan,81,543,624,62,217,279,143,760,903,,,,,,,,,,,,,,,,,,,,
7,Bengkulu,24,162,186,25,107,132,49,269,318,,,,,,,,,,,,,,,,,,,,
8,Lampung,75,265,340,68,255,323,143,520,663,,,,,,,,,,,,,,,,,,,,
9,Kep. Bangka Belitung,13,91,104,22,59,81,35,150,185,,,,,,,,,,,,,,,,,,,,
10,Kepulauan Riau,22,77,99,24,83,107,46,160,206,,,,,,,,,,,,,,,,,,,,
11,DKI Jakarta,143,473,616,51,140,191,194,613,807,,,,,,,,,,,,,,,,,,,,
12,Jawa Barat,239,1.011,1.250,262,808,1.070,501,1.819,2.320,,,,,,,,,,,,,,,,,,,,
13,Jawa Tengah,180,1.079,1.259,137,771,908,317,1.850,2.167,,,,,,,,,,,,,,,,,,,,
14,DI Yogyakarta,22,157,179,17,133,150,39,290,329,,,,,,,,,,,,,,,,,,,,
15,Jawa Timur,163,1.034,1.197,142,683,825,305,1.717,2.022,,,,,,,,,,,,,,,,,,,,
16,Banten,59,205,264,63,273,336,122,478,600,,,,,,,,,,,,,,,,,,,,
17,Bali,34,142,176,44,75,119,78,217,295,,,,,,,,,,,,,,,,,,,,
18,Nusa Tenggara Barat,124,347,471,51,181,232,175,528,703,,,,,,,,,,,,,,,,,,,,
19,Nusa Tenggara Timur,161,575,736,63,187,250,224,762,986,,,,,,,,,,,,,,,,,,,,
20,Kalimantan Barat,78,263,341,56,158,214,134,421,555,,,,,,,,,,,,,,,,,,,,
21,Kalimantan Tengah,66,211,277,48,149,197,114,360,474,,,,,,,,,,,,,,,,,,,,
22,Kalimantan Selatan,66,306,372,72,189,261,138,495,633,,,,,,,,,,,,,,,,,,,,
23,Kalimantan Timur,54,269,323,52,,52,106,269,375,,,,,,,,,,,,,,,,,,,,
24,Kalimantan Utara,17,73,90,18,45,63,35,118,153,,,,,,,,,,,,,,,,,,,,
25,Sulawesi Utara,50,198,248,33,103,136,83,301,384,,,,,,,,,,,,,,,,,,,,
26,Sulawesi Tengah,58,374,432,38,166,204,96,540,636,,,,,,,,,,,,,,,,,,,,
27,Sulawesi Selatan,89,820,909,73,532,605,162,1.352,1.514,,,,,,,,,,,,,,,,,,,,
28,Sulawesi Tenggara,76,513,589,60,304,364,136,817,953,,,,,,,,,,,,,,,,,,,,
29,Gorontalo,9,125,134,10,70,80,19,195,214,,,,,,,,,,,,,,,,,,,,
30,Sulawesi Barat,23,185,208,24,72,96,47,257,304,,,,,,,,,,,,,,,,,,,,
31,Maluku,44,167,211,26,106,241,70,273,343,,,,,,,,,,,,,,,,,,,,
32,Maluku Utara,28,149,177,19,87,270,47,236,283,,,,,,,,,,,,,,,,,,,,
33,Papua Barat,22,121,143,30,114,486,52,235,287,,,,,,,,,,,,,,,,,,,,
34,Papua,93,249,342,33,126,159,126,375,501,,,,,,,,,,,,,,,,,,,,
Indonesia,,2.441,12.727,15.168,1.810,7.321,9.746,4.251,20.048,24.299,,,,,,,,,,,,,,,,,,,,
No,Provinsi,Tenaga Kefarmasian,,,,,,,,,,,,,,,,,,,,,,,,,,,,
,,Tenaga Kefarmasiana,,,Apoteker,,,Total,,,,,,,,,,,,,,,,,,,,,,
,,L,P,L + P,L,P,L + P,L,P,L + P,,,,,,,,,,,,,,,,,,,,
(1),(2),(3),(4),(5),(6),(7),(8),(9),(10),(11),,,,,,,,,,,,,,,,,,,,
1,Aceh,143,944,1.087,42,310,352,185,1.254,1.439,,,,,,,,,,,,,,,,,,,,
2,Sumatera Utara,180,1.424,1.604,101,509,610,281,1.933,2.214,,,,,,,,,,,,,,,,,,,,
3,Sumatera Barat,114,871,985,56,361,417,170,1.232,1.402,,,,,,,,,,,,,,,,,,,,
4,Riau,125,775,900,55,401,456,180,1.176,1.356,,,,,,,,,,,,,,,,,,,,
5,Jambi,46,400,446,44,193,237,90,593,683,,,,,,,,,,,,,,,,,,,,
6,Sumatera Selatan,168,985,1.153,89,339,428,257,1.324,1.581,,,,,,,,,,,,,,,,,,,,
7,Bengkulu,42,249,291,23,114,137,65,363,428,,,,,,,,,,,,,,,,,,,,
8,Lampung,110,448,558,62,200,262,172,648,820,,,,,,,,,,,,,,,,,,,,
9,Kep. Bangka Belitung,53,196,249,25,83,108,78,279,357,,,,,,,,,,,,,,,,,,,,
10,Kepulauan Riau,84,260,344,40,129,169,124,389,513,,,,,,,,,,,,,,,,,,,,
11,DKI Jakarta,882,3.527,4.409,339,1.111,1.450,1.221,4.638,5.859,,,,,,,,,,,,,,,,,,,,
12,Jawa Barat,1.279,4.910,6.189,490,1.837,2.327,1.769,6.747,8.516,,,,,,,,,,,,,,,,,,,,
13,Jawa Tengah,730,4.261,4.991,327,1.728,2.055,1.057,5.989,7.046,,,,,,,,,,,,,,,,,,,,
14,DI Yogyakarta,96,845,941,66,421,487,162,1.266,1.428,,,,,,,,,,,,,,,,,,,,
15,Jawa Timur,800,4.550,5.350,392,1.767,2.159,1.192,6.317,7.509,,,,,,,,,,,,,,,,,,,,
16,Banten,294,1.270,1.564,120,608,728,414,1.878,2.292,,,,,,,,,,,,,,,,,,,,
17,Bali,143,667,810,111,247,358,254,914,1.168,,,,,,,,,,,,,,,,,,,,
18,Nusa Tenggara Barat,176,357,533,90,204,294,266,561,827,,,,,,,,,,,,,,,,,,,,
19,Nusa Tenggara Timur,89,412,501,49,216,265,138,628,766,,,,,,,,,,,,,,,,,,,,
20,Kalimantan Barat,107,335,442,71,188,259,178,523,701,,,,,,,,,,,,,,,,,,,,
21,Kalimantan Tengah,67,211,278,34,160,194,101,371,472,,,,,,,,,,,,,,,,,,,,
22,Kalimantan Selatan,166,506,672,72,201,273,238,707,945,,,,,,,,,,,,,,,,,,,,
23,Kalimantan Timur,215,547,762,71,,71,286,547,833,,,,,,,,,,,,,,,,,,,,
24,Kalimantan Utara,38,132,170,29,74,103,67,206,273,,,,,,,,,,,,,,,,,,,,
25,Sulawesi Utara,112,316,428,59,182,241,171,498,669,,,,,,,,,,,,,,,,,,,,
26,Sulawesi Tengah,97,354,451,56,189,245,153,543,696,,,,,,,,,,,,,,,,,,,,
27,Sulawesi Selatan,211,1.106,1.317,138,759,897,349,1.865,2.214,,,,,,,,,,,,,,,,,,,,
28,Sulawesi Tenggara,48,247,295,46,228,274,94,475,569,,,,,,,,,,,,,,,,,,,,
29,Gorontalo,37,130,167,17,76,93,54,206,260,,,,,,,,,,,,,,,,,,,,
30,Sulawesi Barat,12,108,120,13,70,83,25,178,203,,,,,,,,,,,,,,,,,,,,
31,Maluku,28,110,138,21,119,241,49,229,278,,,,,,,,,,,,,,,,,,,,
32,Maluku Utara,24,127,151,17,78,270,41,205,246,,,,,,,,,,,,,,,,,,,,
33,Papua Barat,41,112,153,15,96,486,56,208,264,,,,,,,,,,,,,,,,,,,,
34,Papua,82,236,318,48,178,226,130,414,544,,,,,,,,,,,,,,,,,,,,
Indonesia,,6.839,31.928,38.767,3.228,13.376,17.255,10.067,45.304,55.371,,,,,,,,,,,,,,,,,,,,
No,Provinsi,Tenaga Penunjang/Pendukung Kesehatan,,,,,,,,,Total,,,,,,,,,,,,,,,,,,,
,,Pejabat Struktural,,,Tenaga Pendidik,,,Tenaga Dukungan Manajemen,,,,,,,,,,,,,,,,,,,,,,
,,L,P,L+P,L,P,L+P,L,P,L+P,L,P,L+P,,,,,,,,,,,,,,,,,
(1),(2),(3),(4),(5),(6),(7),(8),(9),(10),(11),(12),(13),(14),,,,,,,,,,,,,,,,,
1,Aceh,449,478,927,11,11,22,6.180,5.705,11.885,6.640,6.194,12.834,,,,,,,,,,,,,,,,,
2,Sumatera Utara,544,826,1.370,32,30,62,7.740,9.294,17.034,8.316,10.150,18.466,,,,,,,,,,,,,,,,,
3,Sumatera Barat,276,581,857,1,7,8,3.969,4.910,8.879,4.246,5.498,9.744,,,,,,,,,,,,,,,,,
4,Riau,294,361,655,12,23,35,5.738,5.976,11.714,6.044,6.360,12.404,,,,,,,,,,,,,,,,,
5,Jambi,280,229,509,11,6,17,3.193,3.517,6.710,3.484,3.752,7.236,,,,,,,,,,,,,,,,,
6,Sumatera Selatan,415,598,1.013,4,11,15,6.011,6.394,12.405,6.430,7.003,13.433,,,,,,,,,,,,,,,,,
7,Bengkulu,196,249,445,4,6,10,1.364,1.753,3.117,1.564,2.008,3.572,,,,,,,,,,,,,,,,,
8,Lampung,538,549,1.087,7,30,37,5.738,6.640,12.378,6.283,7.219,13.502,,,,,,,,,,,,,,,,,
9,Kep. Bangka Belitung,138,202,340,1,0,1,2.051,2.266,4.317,2.190,2.468,4.658,,,,,,,,,,,,,,,,,
10,Kepulauan Riau,327,279,606,15,54,69,3.195,3.120,6.315,3.537,3.453,6.990,,,,,,,,,,,,,,,,,
11,DKI Jakarta,803,1.069,1.872,354,430,784,30.510,25.686,56.196,31.667,27.185,58.852,,,,,,,,,,,,,,,,,
12,Jawa Barat,2.016,2.079,4.095,71,94,165,44.215,33.379,77.594,46.302,35.552,81.854,,,,,,,,,,,,,,,,,
13,Jawa Tengah,1.540,1.641,3.181,144,299,443,42.866,36.650,79.516,44.550,38.590,83.140,,,,,,,,,,,,,,,,,
14,DI Yogyakarta,346,428,774,16,37,53,7.955,7.539,15.494,8.317,8.004,16.321,,,,,,,,,,,,,,,,,
15,Jawa Timur,1.708,1.883,3.591,117,209,326,47.093,40.467,87.560,48.918,42.559,91.477,,,,,,,,,,,,,,,,,
16,Banten,469,661,1.130,10,21,31,10.926,9.750,20.676,11.405,10.432,21.837,,,,,,,,,,,,,,,,,
17,Bali,375,374,749,10,23,33,7.134,8.425,15.559,7.519,8.822,16.341,,,,,,,,,,,,,,,,,
18,Nusa Tenggara Barat,428,281,709,52,85,137,5.016,3.401,8.417,5.496,3.767,9.263,,,,,,,,,,,,,,,,,
19,Nusa Tenggara Timur,300,369,669,1,4,5,4.181,3.744,7.925,4.482,4.117,8.599,,,,,,,,,,,,,,,,,
20,Kalimantan Barat,396,243,639,6,13,19,3.366,3.899,7.265,3.768,4.155,7.923,,,,,,,,,,,,,,,,,
21,Kalimantan Tengah,308,250,558,0,4,4,2.489,2.915,5.404,2.797,3.169,5.966,,,,,,,,,,,,,,,,,
22,Kalimantan Selatan,428,336,764,11,17,28,4.687,4.271,8.958,5.126,4.624,9.750,,,,,,,,,,,,,,,,,
23,Kalimantan Timur,443,380,823,6,,6,5.919,6.196,12.115,6.368,6.576,12.944,,,,,,,,,,,,,,,,,
24,Kalimantan Utara,102,88,190,6,24,30,1.437,1.320,2.757,1.545,1.432,2.977,,,,,,,,,,,,,,,,,
25,Sulawesi Utara,205,349,554,4,9,13,2.608,2.778,5.386,2.817,3.136,5.953,,,,,,,,,,,,,,,,,
26,Sulawesi Tengah,251,274,525,1,7,8,2.247,2.544,4.791,2.499,2.825,5.324,,,,,,,,,,,,,,,,,
27,Sulawesi Selatan,455,570,1.025,6,18,24,5.720,6.756,12.476,6.181,7.344,13.525,,,,,,,,,,,,,,,,,
28,Sulawesi Tenggara,296,364,660,4,5,9,1.828,2.157,3.985,2.128,2.526,4.654,,,,,,,,,,,,,,,,,
29,Gorontalo,94,165,259,1,0,1,1.097,1.397,2.494,1.192,1.562,2.754,,,,,,,,,,,,,,,,,
30,Sulawesi Barat,93,118,211,0,0,0,894,983,1.877,987,1.101,2.088,,,,,,,,,,,,,,,,,
31,Maluku,191,193,384,4,4,241,1.563,1.644,3.207,1.758,1.841,3.599,,,,,,,,,,,,,,,,,
32,Maluku Utara,153,173,326,29,76,270,789,939,1.728,971,1.188,2.159,,,,,,,,,,,,,,,,,
33,Papua Barat,238,169,407,0,0,486,1.419,1.359,2.778,1.657,1.528,3.185,,,,,,,,,,,,,,,,,
34,Papua,488,389,877,17,8,25,2.557,2.506,5.063,3.062,2.903,5.965,,,,,,,,,,,,,,,,,
Indonesia,,15.583,17.198,32.781,968,1.565,3.417,283.695,260.280,543.975,300.246,279.043,579.289,,,,,,,,,,,,,,,,,
No,Provinsi,Pejabat Struktural,,,Tenaga Pendidik,,,Tenaga Dukungan Manajemen,,,Total,,,,,,,,,,,,,,,,,,,
,,L,P,L+P,L,P,L+P,L,P,L+P,L,P,L+P,,,,,,,,,,,,,,,,,
(1),(2),(3),(4),(5),(6),(7),(8),(9),(10),(11),(12),(13),(14),,,,,,,,,,,,,,,,,
1,Aceh,82,107,189,2,1,3,1.282,1.404,2.686,1.366,1.512,2.878,,,,,,,,,,,,,,,,,
2,Sumatera Utara,78,150,228,0,0,0,870,986,1.856,948,1.136,2.084,,,,,,,,,,,,,,,,,
3,Sumatera Barat,31,91,122,0,0,0,956,1.013,1.969,987,1.104,2.091,,,,,,,,,,,,,,,,,
4,Riau,54,50,104,0,0,0,953,784,1.737,1.007,834,1.841,,,,,,,,,,,,,,,,,
5,Jambi,68,49,117,0,0,0,423,473,896,491,522,1.013,,,,,,,,,,,,,,,,,
6,Sumatera Selatan,103,124,227,0,1,1,885,1.023,1.908,988,1.148,2.136,,,,,,,,,,,,,,,,,
7,Bengkulu,55,95,150,0,0,0,288,383,671,343,478,821,,,,,,,,,,,,,,,,,
8,Lampung,126,108,234,0,0,0,1.039,1.254,2.293,1.165,1.362,2.527,,,,,,,,,,,,,,,,,
9,Kep. Bangka Belitung,28,33,61,0,0,0,334,353,687,362,386,748,,,,,,,,,,,,,,,,,
10,Kepulauan Riau,51,61,112,0,0,0,522,467,989,573,528,1.101,,,,,,,,,,,,,,,,,
11,DKI Jakarta,23,44,67,0,0,0,2.820,1.232,4.052,2.843,1.276,4.119,,,,,,,,,,,,,,,,,
12,Jawa Barat,450,336,786,0,1,1,5.298,4.118,9.416,5.748,4.455,10.203,,,,,,,,,,,,,,,,,
13,Jawa Tengah,166,216,382,0,0,0,5.262,4.166,9.428,5.428,4.382,9.810,,,,,,,,,,,,,,,,,
14,DI Yogyakarta,43,73,116,0,0,0,852,696,1.548,895,769,1.664,,,,,,,,,,,,,,,,,
15,Jawa Timur,108,92,200,1,0,1,6.417,5.021,11.438,6.526,5.113,11.639,,,,,,,,,,,,,,,,,
16,Banten,95,130,225,0,0,0,1.864,1.001,2.865,1.959,1.131,3.090,,,,,,,,,,,,,,,,,
17,Bali,40,31,71,0,1,1,1.428,1.468,2.896,1.468,1.500,2.968,,,,,,,,,,,,,,,,,
18,Nusa Tenggara Barat,160,67,227,0,1,1,1.264,852,2.116,1.424,920,2.344,,,,,,,,,,,,,,,,,
19,Nusa Tenggara Timur,50,47,97,0,0,0,1.384,971,2.355,1.434,1.018,2.452,,,,,,,,,,,,,,,,,
20,Kalimantan Barat,107,55,162,2,5,7,751,879,1.630,860,939,1.799,,,,,,,,,,,,,,,,,
21,Kalimantan Tengah,79,40,119,0,0,0,493,595,1.088,572,635,1.207,,,,,,,,,,,,,,,,,
22,Kalimantan Selatan,109,83,192,0,0,0,768,786,1.554,877,869,1.746,,,,,,,,,,,,,,,,,
23,Kalimantan Timur,94,74,168,0,0,0,909,1.109,2.018,1.003,1.183,2.186,,,,,,,,,,,,,,,,,
24,Kalimantan Utara,18,16,34,0,,0,287,250,537,305,266,571,,,,,,,,,,,,,,,,,
25,Sulawesi Utara,20,17,37,0,0,0,332,379,711,352,396,748,,,,,,,,,,,,,,,,,
26,Sulawesi Tengah,52,37,89,0,1,1,486,536,1.022,538,574,1.112,,,,,,,,,,,,,,,,,
27,Sulawesi Selatan,60,68,128,0,0,0,1.196,1.335,2.531,1.256,1.403,2.659,,,,,,,,,,,,,,,,,
28,Sulawesi Tenggara,87,114,201,2,0,2,530,536,1.066,619,650,1.269,,,,,,,,,,,,,,,,,
29,Gorontalo,17,29,46,0,0,0,224,387,611,241,416,657,,,,,,,,,,,,,,,,,
30,Sulawesi Barat,28,42,70,0,0,0,317,342,659,345,384,729,,,,,,,,,,,,,,,,,
31,Maluku,45,48,93,0,1,1,384,366,750,429,415,844,,,,,,,,,,,,,,,,,
32,Maluku Utara,54,41,95,0,0,241,145,162,307,199,203,402,,,,,,,,,,,,,,,,,
33,Papua Barat,51,33,84,0,0,270,325,289,614,376,322,698,,,,,,,,,,,,,,,,,
34,Papua,161,106,267,1,0,486,568,503,1.071,730,609,1.339,,,,,,,,,,,,,,,,,
Indonesia,,2.793,2.707,5.500,8,12,1.016,41.856,36.119,77.975,44.657,38.838,83.495,,,,,,,,,,,,,,,,,
No,Provinsi,Tenaga Psikologi Klinis,,,Tenaga Kesehatan Tradisional,,,,,,,,,,,,,,,,,,,,,,,,,
,,,,,Tenaga Kesehatan Tradisional Ramuan,,,Tenaga Kesehatan Tradisional Keterampilan,,,,,,,,,,,,,,,,,,,,,,
,,L,P,L + P,L,P,L + P,L,P,L + P,,,,,,,,,,,,,,,,,,,,
(1),(2),(3),(4),(5),(6),(7),(8),(9),(10),(11),,,,,,,,,,,,,,,,,,,,
1,Aceh,2,24,26,0,0,0,0,1,1,,,,,,,,,,,,,,,,,,,,
2,Sumatera Utara,0,1,1,0,0,0,0,0,0,,,,,,,,,,,,,,,,,,,,
3,Sumatera Barat,0,0,0,0,0,0,0,0,0,,,,,,,,,,,,,,,,,,,,
4,Riau,0,1,1,0,1,1,0,0,0,,,,,,,,,,,,,,,,,,,,
5,Jambi,0,0,0,0,0,0,0,0,0,,,,,,,,,,,,,,,,,,,,
6,Sumatera Selatan,2,7,9,0,0,0,0,0,0,,,,,,,,,,,,,,,,,,,,
7,Bengkulu,0,0,0,0,0,0,0,0,0,,,,,,,,,,,,,,,,,,,,
8,Lampung,0,1,1,0,0,0,0,0,0,,,,,,,,,,,,,,,,,,,,
9,Kep. Bangka Belitung,1,0,1,0,0,0,0,0,0,,,,,,,,,,,,,,,,,,,,
10,Kepulauan Riau,0,0,0,0,0,0,0,0,0,,,,,,,,,,,,,,,,,,,,
11,DKI Jakarta,4,19,23,0,0,0,0,0,0,,,,,,,,,,,,,,,,,,,,
12,Jawa Barat,0,1,1,0,0,0,0,1,1,,,,,,,,,,,,,,,,,,,,
13,Jawa Tengah,0,0,0,1,0,1,0,0,0,,,,,,,,,,,,,,,,,,,,
14,DI Yogyakarta,4,54,58,0,0,0,0,0,0,,,,,,,,,,,,,,,,,,,,
15,Jawa Timur,4,21,25,0,15,15,11,42,53,,,,,,,,,,,,,,,,,,,,
16,Banten,0,0,0,0,0,0,0,0,0,,,,,,,,,,,,,,,,,,,,
17,Bali,0,0,0,0,0,0,0,0,0,,,,,,,,,,,,,,,,,,,,
18,Nusa Tenggara Barat,0,2,2,0,0,0,0,0,0,,,,,,,,,,,,,,,,,,,,
19,Nusa Tenggara Timur,0,0,0,0,1,1,0,0,0,,,,,,,,,,,,,,,,,,,,
20,Kalimantan Barat,0,2,2,0,0,0,0,0,0,,,,,,,,,,,,,,,,,,,,
21,Kalimantan Tengah,0,0,0,0,0,0,0,0,0,,,,,,,,,,,,,,,,,,,,
22,Kalimantan Selatan,1,1,2,0,0,0,0,0,0,,,,,,,,,,,,,,,,,,,,
23,Kalimantan Timur,0,0,0,0,,0,0,0,0,,,,,,,,,,,,,,,,,,,,
24,Kalimantan Utara,0,0,0,0,0,0,0,0,0,,,,,,,,,,,,,,,,,,,,
25,Sulawesi Utara,0,0,0,0,0,0,0,0,0,,,,,,,,,,,,,,,,,,,,
26,Sulawesi Tengah,1,3,4,0,0,0,0,0,0,,,,,,,,,,,,,,,,,,,,
27,Sulawesi Selatan,0,2,2,0,0,0,0,0,0,,,,,,,,,,,,,,,,,,,,
28,Sulawesi Tenggara,0,0,0,0,0,0,0,0,0,,,,,,,,,,,,,,,,,,,,
29,Gorontalo,0,0,0,0,0,0,0,0,0,,,,,,,,,,,,,,,,,,,,
30,Sulawesi Barat,1,0,1,0,0,0,0,0,0,,,,,,,,,,,,,,,,,,,,
31,Maluku,0,1,1,0,0,241,0,0,0,,,,,,,,,,,,,,,,,,,,
32,Maluku Utara,0,0,0,0,0,270,0,0,0,,,,,,,,,,,,,,,,,,,,
33,Papua Barat,1,0,1,0,0,486,0,0,0,,,,,,,,,,,,,,,,,,,,
34,Papua,1,0,1,0,0,0,29,35,64,,,,,,,,,,,,,,,,,,,,
Indonesia,,22,140,162,1,17,1.015,40,79,119,,,,,,,,,,,,,,,,,,,,
No,Provinsi,Tenaga Psikologi Klinis,,,Tenaga Kesehatan Tradisional,,,,,,,,,,,,,,,,,,,,,,,,,
,,,,,Tenaga Kesehatan Tradisional Ramuan,,,Tenaga Kesehatan Tradisional Keterampilan,,,,,,,,,,,,,,,,,,,,,,
,,L,P,L + P,L,P,L + P,L,P,L + P,,,,,,,,,,,,,,,,,,,,
(1),(2),(3),(4),(5),(6),(7),(8),(9),(10),(11),,,,,,,,,,,,,,,,,,,,
1,Aceh,7,45,52,0,0,0,0,0,0,,,,,,,,,,,,,,,,,,,,
2,Sumatera Utara,4,22,26,0,0,0,0,0,0,,,,,,,,,,,,,,,,,,,,
3,Sumatera Barat,1,18,19,0,0,0,0,0,0,,,,,,,,,,,,,,,,,,,,
4,Riau,4,28,32,1,0,1,0,0,0,,,,,,,,,,,,,,,,,,,,
5,Jambi,0,13,13,0,0,0,0,0,0,,,,,,,,,,,,,,,,,,,,
6,Sumatera Selatan,10,20,30,0,0,0,0,0,0,,,,,,,,,,,,,,,,,,,,
7,Bengkulu,2,6,8,0,0,0,0,0,0,,,,,,,,,,,,,,,,,,,,
8,Lampung,4,7,11,0,0,0,0,0,0,,,,,,,,,,,,,,,,,,,,
9,Kep. Bangka Belitung,0,7,7,0,0,0,0,0,0,,,,,,,,,,,,,,,,,,,,
10,Kepulauan Riau,1,10,11,0,0,0,0,0,0,,,,,,,,,,,,,,,,,,,,
11,DKI Jakarta,11,82,93,0,0,0,0,1,1,,,,,,,,,,,,,,,,,,,,
12,Jawa Barat,4,65,69,0,1,1,0,0,0,,,,,,,,,,,,,,,,,,,,
13,Jawa Tengah,23,125,148,1,2,3,1,1,2,,,,,,,,,,,,,,,,,,,,
14,DI Yogyakarta,5,31,36,0,0,0,0,0,0,,,,,,,,,,,,,,,,,,,,
15,Jawa Timur,19,71,90,1,2,3,3,2,5,,,,,,,,,,,,,,,,,,,,
16,Banten,7,28,35,0,0,0,0,0,0,,,,,,,,,,,,,,,,,,,,
17,Bali,3,20,23,0,0,0,0,0,0,,,,,,,,,,,,,,,,,,,,
18,Nusa Tenggara Barat,0,17,17,0,0,0,0,1,1,,,,,,,,,,,,,,,,,,,,
19,Nusa Tenggara Timur,0,7,7,0,0,0,0,0,0,,,,,,,,,,,,,,,,,,,,
20,Kalimantan Barat,3,13,16,0,0,0,0,0,0,,,,,,,,,,,,,,,,,,,,
21,Kalimantan Tengah,2,8,10,0,0,0,0,0,0,,,,,,,,,,,,,,,,,,,,
22,Kalimantan Selatan,1,31,32,0,0,0,0,0,0,,,,,,,,,,,,,,,,,,,,
23,Kalimantan Timur,1,8,9,0,,0,0,0,0,,,,,,,,,,,,,,,,,,,,
24,Kalimantan Utara,1,1,2,0,0,0,0,0,0,,,,,,,,,,,,,,,,,,,,
25,Sulawesi Utara,3,7,10,0,1,1,0,0,0,,,,,,,,,,,,,,,,,,,,
26,Sulawesi Tengah,11,14,25,0,0,0,0,0,0,,,,,,,,,,,,,,,,,,,,
27,Sulawesi Selatan,5,7,12,0,0,0,2,1,3,,,,,,,,,,,,,,,,,,,,
28,Sulawesi Tenggara,1,10,11,0,0,0,0,0,0,,,,,,,,,,,,,,,,,,,,
29,Gorontalo,0,0,0,0,0,0,0,0,0,,,,,,,,,,,,,,,,,,,,
30,Sulawesi Barat,1,1,2,0,0,0,0,0,0,,,,,,,,,,,,,,,,,,,,
31,Maluku,1,6,7,0,0,241,0,1,1,,,,,,,,,,,,,,,,,,,,
32,Maluku Utara,1,1,2,0,0,270,0,0,0,,,,,,,,,,,,,,,,,,,,
33,Papua Barat,0,5,5,0,0,486,0,0,0,,,,,,,,,,,,,,,,,,,,
34,Papua,1,4,5,0,1,1,0,0,0,,,,,,,,,,,,,,,,,,,,
Indonesia,,137,738,875,3,7,1.007,6,7,13,,,,,,,,,,,,,,,,,,,,
No,Provinsi,Dokter Praktik Perorangan,Klinik Pratama,Puskesmas,RS Tipe D Pratama,Lainnya,Total,,,,,,,,,,,,,,,,,,,,,,,
(1),(2),(3),(4),(5),(6),(8),(9),,,,,,,,,,,,,,,,,,,,,,,
1,Aceh,74,190,361,1,4,630,,,,,,,,,,,,,,,,,,,,,,,
2,Sumatera Utara,125,563,609,3,8,1308,,,,,,,,,,,,,,,,,,,,,,,
3,Sumatera Barat,107,150,277,0,40,574,,,,,,,,,,,,,,,,,,,,,,,
4,Riau,77,284,233,0,18,612,,,,,,,,,,,,,,,,,,,,,,,
5,Jambi,67,79,205,0,18,369,,,,,,,,,,,,,,,,,,,,,,,
6,Sumatera Selatan,235,251,345,1,36,868,,,,,,,,,,,,,,,,,,,,,,,
7,Bengkulu,102,54,179,0,13,348,,,,,,,,,,,,,,,,,,,,,,,
8,Lampung,118,213,316,0,5,652,,,,,,,,,,,,,,,,,,,,,,,
9,Kepulauan Bangka Belitung,30,38,64,2,5,139,,,,,,,,,,,,,,,,,,,,,,,
10,Kepulauan Riau,8,128,87,1,1,225,,,,,,,,,,,,,,,,,,,,,,,
11,DKI Jakarta,11,363,321,0,1,696,,,,,,,,,,,,,,,,,,,,,,,
12,Jawa Barat,458,1462,1087,0,61,3068,,,,,,,,,,,,,,,,,,,,,,,
13,Jawa Tengah,1095,782,879,0,308,3064,,,,,,,,,,,,,,,,,,,,,,,
14,D I Yogyakarta,106,133,121,0,30,390,,,,,,,,,,,,,,,,,,,,,,,
15,Jawa Timur,697,869,969,0,233,2768,,,,,,,,,,,,,,,,,,,,,,,
16,Banten,6,428,244,0,1,679,,,,,,,,,,,,,,,,,,,,,,,
17,Bali,306,135,120,1,92,654,,,,,,,,,,,,,,,,,,,,,,,
18,Nusa Tenggara Barat,107,72,175,1,11,366,,,,,,,,,,,,,,,,,,,,,,,
19,Nusa Tenggara Timur,93,84,423,4,30,634,,,,,,,,,,,,,,,,,,,,,,,
20,Kalimantan Barat,88,84,248,2,16,438,,,,,,,,,,,,,,,,,,,,,,,
21,Kalimantan Tengah,70,74,204,2,8,358,,,,,,,,,,,,,,,,,,,,,,,
22,Kalimantan Selatan,153,105,240,0,34,532,,,,,,,,,,,,,,,,,,,,,,,
23,Kalimantan Timur,108,164,187,3,45,507,,,,,,,,,,,,,,,,,,,,,,,
24,Kalimantan Utara,28,24,57,3,6,118,,,,,,,,,,,,,,,,,,,,,,,
25,Sulawesi Utara,153,64,196,1,30,444,,,,,,,,,,,,,,,,,,,,,,,
26,Sulawesi Tengah,43,53,215,4,9,324,,,,,,,,,,,,,,,,,,,,,,,
27,Sulawesi Selatan,178,235,469,5,,887,,,,,,,,,,,,,,,,,,,,,,,
28,Sulawesi Tenggara,67,36,296,1,13,413,,,,,,,,,,,,,,,,,,,,,,,
29,Gorontalo,30,34,93,0,6,163,,,,,,,,,,,,,,,,,,,,,,,
30,Sulawesi Barat,35,22,98,1,8,164,,,,,,,,,,,,,,,,,,,,,,,
31,Maluku,35,27,216,2,7,287,,,,,,,,,,,,,,,,,,,,,,,
32,Maluku Utara,32,22,145,1,8,208,,,,,,,,,,,,,,,,,,,,,,,
33,Papua Barat,22,24,160,1,2,209,,,,,,,,,,,,,,,,,,,,,,,
34,Papua,58,59,434,3,10,564,,,,,,,,,,,,,,,,,,,,,,,
Indonesia,,4.922,7.305,10.273,43,1.117,23.660,,,,,,,,,,,,,,,,,,,,,,,
No,Provinsi,DAK Fisik,,,DAK Non Fisik,,,,,,,,,,,,,,,,,,,,,,,,,
,,Alokasi (Rp),Realisasi (Rp),%,Alokasi (Rp),Realisasi (Rp),%,,,,,,,,,,,,,,,,,,,,,,,
(1),(2),(3),(4),(5),(6),(7),(8),,,,,,,,,,,,,,,,,,,,,,,
1,Aceh,361.928.231.000,321.559.982.499,"92,4%",329.172.934.599,151.874.990.236,"46,1%",,,,,,,,,,,,,,,,,,,,,,,
2,Sumatera Utara,873.331.094.000,623.231.813.697,"70,1%",539.964.163.055,264.335.119.206,"49,0%",,,,,,,,,,,,,,,,,,,,,,,
3,Sumatera Barat,386.052.496.000,279.353.476.535,"72,2%",212.182.124.559,90.197.446.198,"42,5%",,,,,,,,,,,,,,,,,,,,,,,
4,Riau,287.352.538.000,202.501.554.959,"70,7%",194.264.073.175,87.194.284.516,"44,9%",,,,,,,,,,,,,,,,,,,,,,,
5,Jambi,324.049.716.000,275.495.500.637,"89,7%",194.868.174.798,118.054.284.696,"60,6%",,,,,,,,,,,,,,,,,,,,,,,
6,Sumatera Selatan,472.443.302.000,415.691.737.870,"91,6%",350.617.946.071,233.871.254.140,"66,7%",,,,,,,,,,,,,,,,,,,,,,,
7,Bengkulu,227.607.558.000,199.620.678.123,"94,0%",176.883.467.898,125.812.271.897,"71,1%",,,,,,,,,,,,,,,,,,,,,,,
8,Lampung,466.060.961.000,377.703.530.920,"83,4%",302.599.150.604,221.740.792.484,"73,3%",,,,,,,,,,,,,,,,,,,,,,,
9,Kepulauan Bangka Belitung,161.856.174.000,146.519.435.557,"92,7%",58.276.992.431,43.712.538.975,"75,0%",,,,,,,,,,,,,,,,,,,,,,,
10,Kepulauan Riau,153.441.708.000,133.273.672.305,"89,3%",87.456.387.338,42.159.986.596,"48,2%",,,,,,,,,,,,,,,,,,,,,,,
11,DKI Jakarta,37.291.510.000,34.124.431.188,"96,1%",18.463.458.300,13.721.019.997,"74,3%",,,,,,,,,,,,,,,,,,,,,,,
12,Jawa Barat,593.988.206.000,482.801.983.899,"84,8%",850.967.970.103,490.336.272.344,"57,6%",,,,,,,,,,,,,,,,,,,,,,,
13,Jawa Tengah,930.421.519.000,803.618.363.366,"88,5%",830.670.673.970,576.700.145.540,"69,4%",,,,,,,,,,,,,,,,,,,,,,,
14,DI Yogyakarta,106.147.639.000,95.525.090.902,"96,3%",109.477.059.420,91.431.253.062,"83,5%",,,,,,,,,,,,,,,,,,,,,,,
15,Jawa Timur,769.988.415.000,586.801.192.213,"79,1%",841.866.287.109,389.969.147.916,"46,3%",,,,,,,,,,,,,,,,,,,,,,,
16,Banten,111.533.829.000,91.622.734.087,"89,9%",190.490.465.278,97.757.295.996,"51,3%",,,,,,,,,,,,,,,,,,,,,,,
17,Bali,114.178.804.000,89.773.637.963,"83,3%",112.277.487.331,68.431.794.417,"60,9%",,,,,,,,,,,,,,,,,,,,,,,
18,Nusa Tenggara Barat,598.474.075.000,366.499.067.068,"60,6%",182.679.874.352,113.753.018.359,"62,3%",,,,,,,,,,,,,,,,,,,,,,,
19,Nusa Tenggara Timur,1.110.219.114.000,780.466.242.956,"69,7%",530.912.179.378,226.698.157.706,"42,7%",,,,,,,,,,,,,,,,,,,,,,,
20,Kalimantan Barat,494.787.686.000,406.325.806.194,"82,9%",289.034.339.757,174.628.956.411,"60,4%",,,,,,,,,,,,,,,,,,,,,,,
21,Kalimantan Tengah,422.060.148.000,326.450.787.623,"74,3%",217.269.900.880,109.182.645.614,"50,3%",,,,,,,,,,,,,,,,,,,,,,,
22,Kalimantan Selatan,264.900.350.000,217.944.290.905,"86,6%",225.120.619.784,137.474.934.671,"61,1%",,,,,,,,,,,,,,,,,,,,,,,
23,Kalimantan Timur,191.558.191.000,148.611.021.496,"81,2%",161.280.934.375,80.883.046.837,"50,2%",,,,,,,,,,,,,,,,,,,,,,,
24,Kalimantan Utara,210.174.403.000,175.336.996.721,"85,4%",57.550.460.182,23.908.767.647,"41,5%",,,,,,,,,,,,,,,,,,,,,,,
25,Sulawesi Utara,705.987.629.000,496.789.651.816,"71,6%",163.659.628.235,54.740.393.104,"33,4%",,,,,,,,,,,,,,,,,,,,,,,
26,Sulawesi Tengah,554.462.241.000,389.046.581.467,"73,2%",243.702.040.636,,"59,0%",,,,,,,,,,,,,,,,,,,,,,,
27,Sulawesi Selatan,1.110.424.252.000,941.825.984.139,"87,0%",462.003.513.931,293.442.306.966,"63,5%",,,,,,,,,,,,,,,,,,,,,,,
28,Sulawesi Tenggara,391.325.218.000,340.244.115.135,"86,7%",335.962.522.829,204.354.000.697,"60,8%",,,,,,,,,,,,,,,,,,,,,,,
29,Gorontalo,151.101.925.000,124.663.503.820,"86,7%",84.735.560.822,50.773.855.925,"59,9%",,,,,,,,,,,,,,,,,,,,,,,
30,Sulawesi Barat,195.751.125.000,143.762.261.202,"75,3%",95.877.045.207,47.391.339.877,"49,4%",,,,,,,,,,,,,,,,,,,,,,,
31,Maluku,281.848.926.000,151.447.476.306,"51,1%",221.481.505.655,123.683.959.500,"55,8%",,,,,,,,,,,,,,,,,,,,,,,
32,Maluku Utara,410.350.603.000,321.919.237.248,"79,1%",184.966.875.025,115.324.244.727,"62,3%",,,,,,,,,,,,,,,,,,,,,,,
33,Papua Barat,718.663.050.000,344.702.179.810,"48,4%",191.708.449.589,92.810.078.132,"48,4%",,,,,,,,,,,,,,,,,,,,,,,
34,Papua,1.584.517.422.000,1.071.181.119.306,"60,1%",548.780.399.900,263.120.985.487,"47,9%",,,,,,,,,,,,,,,,,,,,,,,
TOTAL,,15.774.280.058.000,11.906.435.139.933,"75,5%",9.597.224.666.576,5.219.470.589.876,"54,4%",,,,,,,,,,,,,,,,,,,,,,,
No,Komponen Anggaran Kesehatan,APBN (miliar rupiah),,,,,,,,,,,,,,,,,,,,,,,,,,,,
(1),(2),(3),,,,,,,,,,,,,,,,,,,,,,,,,,,,
1.,Anggaran Kesehatan melalui Belanja Pemerintah Pusat,"227.454,5",,,,,,,,,,,,,,,,,,,,,,,,,,,,
,A. Melalui Kementerian Negara/Lembaga,"147.164,2",,,,,,,,,,,,,,,,,,,,,,,,,,,,
,1. Kementerian Kesehatan,"130.679,8",,,,,,,,,,,,,,,,,,,,,,,,,,,,
,2. Badan POM,"2.244,0",,,,,,,,,,,,,,,,,,,,,,,,,,,,
,3. BKKBN,"3.905,2",,,,,,,,,,,,,,,,,,,,,,,,,,,,
,4. Kementerian Negara/Lembaga Lainnya,"5.167,6",,,,,,,,,,,,,,,,,,,,,,,,,,,,
,i. Kementerian Pertahanan,"2.667,2",,,,,,,,,,,,,,,,,,,,,,,,,,,,
,ii. Kepolisian Negara Republik Indonesia,"2.500,4",,,,,,,,,,,,,,,,,,,,,,,,,,,,
,iii. BNPB (Gugus Tugas Covid-19 Bidang Kesehatan,-,,,,,,,,,,,,,,,,,,,,,,,,,,,,
,iv. Kominfo (Internet bagi Puskesmas),-,,,,,,,,,,,,,,,,,,,,,,,,,,,,
,v. BIN (Penanganan pandemi Covid-19),-,,,,,,,,,,,,,,,,,,,,,,,,,,,,
,vi. BRIN (Pengembangan Vaksin),-,,,,,,,,,,,,,,,,,,,,,,,,,,,,
,5. Penyesuaian Anggaran Kesehatan,-,,,,,,,,,,,,,,,,,,,,,,,,,,,,
,B. Melalui Belanja Non K/L,"80.290,3",,,,,,,,,,,,,,,,,,,,,,,,,,,,
,1. Jaminan Pelayanan Kesehatan oleh Pemerintah,"10.842,9",,,,,,,,,,,,,,,,,,,,,,,,,,,,
,2. Cadangan Program Jaminan Kesehatan Nasional,-,,,,,,,,,,,,,,,,,,,,,,,,,,,,
,3. Cadangan Anggaran Kesehatan,"64.647,4",,,,,,,,,,,,,,,,,,,,,,,,,,,,
,4. Cadangan PBI JKN,-,,,,,,,,,,,,,,,,,,,,,,,,,,,,
,5. Cadangan Bantuan Iuran JKN PBPU/BP,"2.400,0",,,,,,,,,,,,,,,,,,,,,,,,,,,,
,6. Subsidi DTP Vaksin,"2.400,0",,,,,,,,,,,,,,,,,,,,,,,,,,,,
2.,Anggaran Kesehatan melalui Transfer ke daerah dan Dana Desa,"68.912,3",,,,,,,,,,,,,,,,,,,,,,,,,,,,
,A. DAK Kesehatan dan Keluarga Berencana,"15.175,9",,,,,,,,,,,,,,,,,,,,,,,,,,,,
,B. BOK dan BOKB,"9.597,2",,,,,,,,,,,,,,,,,,,,,,,,,,,,
,C. Perkiraan Anggaran Kesehatan dari Dana Otsus Papua,"3.608,5",,,,,,,,,,,,,,,,,,,,,,,,,,,,
,D. Dana Insentif Daerah,"840,0",,,,,,,,,,,,,,,,,,,,,,,,,,,,
,E. Dana Bagi Hasil,"4.010,7",,,,,,,,,,,,,,,,,,,,,,,,,,,,
,F. Earmark DAU untuk Penanganan Covid-19,"30.240,0",,,,,,,,,,,,,,,,,,,,,,,,,,,,
,G. Earmark Dana Desa untuk Penanganan Covid-19,"5.440,0",,,,,,,,,,,,,,,,,,,,,,,,,,,,
3.,Anggaran Kesehatan melalui Pembiayaan,-,,,,,,,,,,,,,,,,,,,,,,,,,,,,
,Penyertaan Modal Negara kepada BPJS Kesehatan untuk Program Dana Jamsos Kesehatan,-,,,,,,,,,,,,,,,,,,,,,,,,,,,,
4.,Anggaran Kesehatan (1+2+3),"296.366,8",,,,,,,,,,,,,,,,,,,,,,,,,,,,
5.,Total Belanja Negara,"2.714.155,7",,,,,,,,,,,,,,,,,,,,,,,,,,,,
RASIO ANGGARAN KESEHATAN (%),,"10,9",,,,,,,,,,,,,,,,,,,,,,,,,,,,
No,Provinsi,Jumlah PUS,PUS Peserta KB Berdasarkan Metode Kontrasepsi,,,,,,,,,,,,,,,,,,,,,Prevalensi KB,,,,,,
,,,Peserta KB Modern,,,,,,,,,,,,,,,,,,Peserta KB Tradisional,,Jumlah PUS Peserta KB,,,,,,,
,,,Kondom,%,Suntik,%,Pil,%,IUD/AKDR,%,MOP,%,MOW,%,Implan,%,MAL,%,Jumlah,%,Jumlah,%,,,,,,,,
(1),(2),-3,-4,(5),(6),(7),(8),(9),,(11),(12),(13),(14),(15),(16),(17),(18),(19),(20),(21),(22),(23),(24),(25),,,,,,
1,Aceh,936.243,15.911,"3,4",302.368,"64,7",81.838,"17,5",23.311,"5,0",286,"0,1",17.964,"3,8",25.277,"5,4",460,"0,1",467.415,"49,9",8.353,"0,9",475.769,"50,8",,,,,,
2,Sumatera Utara,2.261.684,42.106,"3,9",521.095,"48,8",178.121,"16,7",35.799,"3,4",2.303,"0,2",89.822,"8,4",197.425,"18,5",615,"0,1",1.067.286,"47,2",18.712,"0,8",1.085.998,"48,0",,,,,,
3,Sumatera Barat,902.940,26.292,"5,3",269.970,"54,5",49.669,"10,0",45.572,"9,2",1.518,"0,3",31.027,"6,3",70.927,"14,3",123,"0,0",495.097,"54,8",3.772,"0,4",498.869,"55,2",,,,,,
4,Riau,1.326.707,54.613,"7,4",420.143,"56,6",137.631,"18,6",28.495,"3,8",765,"0,1",26.098,"3,5",73.886,"10,0",149,"0,0",741.779,"55,9",11.076,"0,8",752.855,"56,7",,,,,,
5,Jambi,685.195,7.722,"1,7",283.704,"63,8",78.111,"17,6",12.811,"2,9",446,"0,1",10.197,"2,3",51.293,"11,5",86,"0,0",444.370,"64,9",3.007,"0,4",447.377,"65,3",,,,,,
6,Sumatera Selatan,1.527.714,11.677,"1,2",644.667,"67,4",90.151,"9,4",17.111,"1,8",971,"0,1",13.817,"1,4",178.109,"18,6",447,"0,0",956.950,"62,6",5.879,"0,4",962.829,"63,0",,,,,,
7,Bengkulu,375.325,7.291,"2,9",159.262,"63,9",24.984,"10,0",8.998,"3,6",391,"0,2",7.256,"2,9",40.978,"16,4",49,"0,0",249.210,"66,4",1.678,"0,4",250.888,"66,8",,,,,,
8,Lampung,1.559.887,12.319,"1,2",670.387,"66,6",109.252,"10,9",32.196,"3,2",781,"0,1",13.241,"1,3",167.951,"16,7",165,"0,0",1.006.291,"64,5",4.249,"0,3",1.010.540,"64,8",,,,,,
9,Kep. Bangka Belitung,268.771,4.059,"2,3",105.902,"59,0",42.403,"23,6",7.146,"4,0",250,"0,1",6.473,"3,6",13.224,"7,4",53,"0,0",179.511,"66,8",1.602,"0,6",181.113,"67,4",,,,,,
10,Kepulauan Riau,540.028,8.723,"4,3",99.293,"49,5",36.785,"18,3",20.312,"10,1",695,"0,3",17.896,"8,9",16.896,"8,4",131,"0,1",200.732,"37,2",15.574,"2,9",216.306,"40,1",,,,,,
11,DKI Jakarta,-,-,-,-,-,-,-,-,-,-,-,-,-,-,-,-,-,-,-,-,-,-,-,,,,,,
12,Jawa Barat,9.402.239,74.897,"1,3",3.895.954,"65,8",854.547,"14,4",563.743,"9,5",9.093,"0,2",169.193,"2,9",353.993,"6,0",1.589,"0,0",5.923.011,"63,0",54.542,"0,6",5.977.553,"63,6",,,,,,
13,Jawa Tengah,6.137.050,149.789,"3,8",2.504.208,"62,7",323.898,"8,1",340.827,"8,5",10.081,"0,3",183.823,"4,6",477.498,"12,0",1.808,"0,0",3.991.932,"65,0",29.428,"0,5",4.021.360,"65,5",,,,,,
14,DI Yogyakarta,673.743,57.907,"15,1",135.842,"35,3",26.191,"6,8",113.168,"29,4",2.088,"0,5",20.016,"5,2",28.975,"7,5",257,"0,1",384.444,"57,1",4.106,"0,6",388.549,"57,7",,,,,,
15,Jawa Timur,7.027.715,75.542,"1,6",2.970.906,"64,4",614.338,"13,3",380.896,"8,3",8.795,"0,2",207.422,"4,5",352.702,"7,6",1.665,"0,0",4.612.266,"65,6",22.145,"0,3",4.634.411,"65,9",,,,,,
16,Banten,2.452.422,15.363,"1,1",1.068.663,"76,0",126.468,"9,0",82.194,"5,8",1.284,"0,1",28.007,"2,0",84.298,"6,0",311,"0,0",1.406.589,"57,4",7.113,"0,3",1.413.702,"57,6",,,,,,
17,Bali,785.672,16.146,"3,8",173.866,"40,5",34.450,"8,0",148.498,"34,6",1.711,"0,4",34.223,"8,0",19.461,"4,5",587,"0,1",428.941,"54,6",8.891,"1,1",437.833,"55,7",,,,,,
18,Nusa Tenggara Barat,1.064.904,3.167,"0,5",407.238,"66,0",26.963,"4,4",43.676,"7,1",631,"0,1",11.414,"1,8",124.044,"20,1",148,"0,0",617.280,"58,0",1.036,"0,1",618.316,"58,1",,,,,,
19,Nusa Tenggara Timur,821.290,1.286,"0,4",139.810,"40,4",18.540,"5,4",29.052,"8,4",773,"0,2",40.140,"11,6",116.694,"33,7",154,"0,0",346.449,"42,2",4.539,"0,6",350.988,"42,7",,,,,,
20,Kalimantan Barat,878.440,3.111,"0,6",333.034,"65,1",116.921,"22,8",17.323,"3,4",520,"0,1",11.061,"2,2",29.884,"5,8",82,"0,0",511.936,"58,3",3.056,"0,3",514.992,"58,6",,,,,,
21,Kalimantan Tengah,552.907,2.350,"0,7",244.662,"69,0",69.698,"19,6",5.178,"1,5",303,"0,1",4.586,"1,3",27.613,"7,8",317,"0,1",354.706,"64,2",1.247,"0,2",355.952,"64,4",,,,,,
22,Kalimantan Selatan,815.238,6.091,"1,1",310.228,"53,8",208.213,"36,1",12.750,"2,2",575,"0,1",8.957,"1,6",29.523,"5,1",149,"0,0",576.485,"70,7",2.840,"0,3",579.325,"71,1",,,,,,
23,Kalimantan Timur,683.496,12.988,"3,7",167.683,"47,6",90.067,"25,6",38.636,"11,0",790,"0,2",16.901,"4,8",24.783,"7,0",160,"0,0",352.007,"51,5",3.387,"0,5",355.394,"52,0",,,,,,
24,Kalimantan Utara,123.920,1.380,"2,3",32.926,"56,0",12.556,"21,4",3.950,"6,7",28,"0,0",1.951,"3,3",5.947,"10,1",17,"0,0",58.755,"47,4",1.352,"1,1",60.107,"48,5",,,,,,
25,Sulawesi Utara,376.002,762,"0,4",117.146,"54,3",30.171,"14,0",12.732,"5,9",317,"0,1",6.690,"3,1",47.877,"22,2",21,"0,0",215.717,"57,4",1.166,"0,3",216.883,"57,7",,,,,,
26,Sulawesi Tengah,517.758,931,"0,3",132.914,"49,0",64.435,"23,7",19.024,"7,0",455,"0,2",10.470,"3,9",43.091,"15,9",62,"0,0",271.382,"52,4",1.966,"0,4",273.348,"52,8",,,,,,
27,Sulawesi Selatan,1.325.348,8.005,"1,1",420.250,"56,9",121.308,"16,4",,"0,0",1.017,"0,1",24.927,"3,4",124.517,"16,8",526,"0,1",739.027,"55,8",7.500,"0,6",746.526,"56,3",,,,,,
28,Sulawesi Tenggara,446.302,1.477,"0,7",109.250,"49,8",53.419,"24,3",7.375,"3,4",255,"0,1",4.908,"2,2",42.822,"19,5",68,"0,0",219.573,"49,2",1.278,"0,3",220.851,"49,5",,,,,,
29,Gorontalo,193.706,545,"0,5",52.344,"45,9",20.308,"17,8",6.343,"5,6",309,"0,3",4.578,"4,0",29.541,"25,9",19,"0,0",113.987,"58,8",240,"0,1",114.227,"59,0",,,,,,
30,Sulawesi Barat,238.930,1.219,"1,0",57.445,"48,2",28.826,"24,2",4.312,"3,6",402,"0,3",3.541,"3,0",23.453,"19,7",99,"0,1",119.296,"49,9",1.271,"0,5",120.567,"50,5",,,,,,
31,Maluku,250.998,386,"0,5",53.230,"62,5",8.684,"10,2",1.558,"1,8",106,"0,1",2.870,"3,4",18.247,"21,4",41,"0,0",85.121,"33,9",782,"0,3",85.904,"34,2",,,,,,
32,Maluku Utara,201.115,65,"0,1",57.144,"59,6",4.046,"4,2",1.242,"1,3",35,"0,0",1.159,"1,2",32.157,"33,5",61,"0,1",95.909,"47,7",423,"0,2",96.332,"47,9",,,,,,
33,Papua Barat,156.278,247,"0,6",30.162,"68,8",5.967,"13,6",817,"1,9",80,"0,2",1.338,"3,1",5.225,"11,9",7,"0,0",43.841,"28,1",919,"0,6",44.761,"28,6",,,,,,
34,Papua,498.777,193,"0,4",29.207,"55,1",5.920,"11,2",2.429,"4,6",85,"0,2",2.153,"4,1",13.001,"24,5",5,"0,0",52.993,"10,6",1.244,"0,2",54.237,"10,9",,,,,,
Indonesia,,46.008.745,624.559,"2,3",16.920.902,"61,9",3.694.880,"13,5",2.067.474,"7,6",48.138,"0,2",1.034.120,"3,8",2.891.309,"10,6",10.430,"0,0",27.330.289,"59,4",234.373,"0,5",27.564.662,"59,9",,,,,,
No,Provinsi,PUS Peserta KB Modern,,,,,,,,,,,,,,,,,,,,,,,,,,,,
,,RS Pemerintah/ TNI/Polri,RS Swasta,Puskesmas/ Klinik TNI/ Polri,Klinik Swasta,Praktek Dokter,Pustu/ Pusling/ Bidan Desa,Praktek Mandiri Bidan,Mobil Pelayanan KB,Toko Obat/Apotik,Lainnya,Jumlah,,,,,,,,,,,,,,,,,,
(1),(2),(3),(4),(5),(6),(7),(8),(9),(10),(11),(12),(13),,,,,,,,,,,,,,,,,,
1,Aceh,31.287,11.138,87.242,35.407,12.072,143.138,116.218,4.073,24.196,2.643,467.415,,,,,,,,,,,,,,,,,,
2,Sumatera Utara,73.404,54.744,200.272,123.756,13.465,204.828,290.885,21.561,78.703,5.668,1.067.286,,,,,,,,,,,,,,,,,,
3,Sumatera Barat,36.184,21.701,73.193,20.193,6.141,184.064,107.259,6.527,37.230,2.604,495.097,,,,,,,,,,,,,,,,,,
4,Riau,19.730,30.748,78.419,61.158,17.537,197.390,234.947,4.428,94.297,3.124,741.779,,,,,,,,,,,,,,,,,,
5,Jambi,8.357,8.629,28.509,13.457,7.390,182.376,132.780,21.110,39.281,2.480,444.370,,,,,,,,,,,,,,,,,,
6,Sumatera Selatan,14.466,12.254,80.981,22.690,13.138,440.863,330.718,16.697,21.756,3.387,956.950,,,,,,,,,,,,,,,,,,
7,Bengkulu,7.523,3.656,36.117,8.647,3.964,84.118,90.988,3.157,9.791,1.250,249.210,,,,,,,,,,,,,,,,,,
8,Lampung,9.542,16.685,79.812,33.740,23.377,284.155,492.522,19.500,43.374,3.583,1.006.291,,,,,,,,,,,,,,,,,,
9,Kep. Bangka Belitung,6.264,4.474,12.424,5.548,3.546,68.919,54.657,2.752,20.282,645,179.511,,,,,,,,,,,,,,,,,,
10,Kepulauan Riau,12.885,19.696,29.291,21.190,6.838,27.053,57.250,2.703,23.248,578,200.732,,,,,,,,,,,,,,,,,,
11,DKI Jakarta,-,-,-,-,-,-,-,-,-,-,-,,,,,,,,,,,,,,,,,,
12,Jawa Barat,195.267,222.203,637.015,414.989,104.123,1.049.208,2.662.312,31.800,570.131,35.964,5.923.011,,,,,,,,,,,,,,,,,,
13,Jawa Tengah,197.737,164.249,583.809,168.034,69.372,787.382,1.677.326,18.459,305.116,20.448,3.991.932,,,,,,,,,,,,,,,,,,
14,DI Yogyakarta,37.753,30.755,61.464,33.925,8.598,13.046,133.972,561,62.820,1.548,384.444,,,,,,,,,,,,,,,,,,
15,Jawa Timur,198.575,222.428,408.085,202.091,92.408,1.260.559,1.752.076,11.923,452.257,11.864,4.612.266,,,,,,,,,,,,,,,,,,
16,Banten,20.094,63.244,175.106,238.239,29.055,220.599,585.084,7.585,63.666,3.917,1.406.589,,,,,,,,,,,,,,,,,,
17,Bali,40.692,41.727,50.473,31.655,28.855,57.517,154.779,2.781,20.000,462,428.941,,,,,,,,,,,,,,,,,,
18,Nusa Tenggara Barat,19.590,9.414,66.969,14.502,14.107,358.928,113.135,9.376,7.794,3.465,617.280,,,,,,,,,,,,,,,,,,
19,Nusa Tenggara Timur,42.204,9.707,136.467,3.401,2.218,136.473,6.613,2.781,4.504,2.083,346.449,,,,,,,,,,,,,,,,,,
20,Kalimantan Barat,13.747,9.240,68.723,22.788,8.241,235.496,117.974,1.983,31.694,2.050,511.936,,,,,,,,,,,,,,,,,,
21,Kalimantan Tengah,6.502,2.600,38.657,15.207,3.835,174.862,78.371,2.411,30.705,1.556,354.706,,,,,,,,,,,,,,,,,,
22,Kalimantan Selatan,11.768,5.120,49.099,21.048,8.504,191.169,144.595,8.508,116.670,20.005,576.485,,,,,,,,,,,,,,,,,,
23,Kalimantan Timur,20.593,21.498,57.731,27.382,9.974,57.460,95.293,1.647,59.767,663,352.007,,,,,,,,,,,,,,,,,,
24,Kalimantan Utara,3.839,529,15.502,1.784,3.494,11.383,14.593,216,7.251,165,58.755,,,,,,,,,,,,,,,,,,
25,Sulawesi Utara,12.783,5.972,66.304,11.433,14.166,49.623,36.699,4.124,13.429,1.183,215.717,,,,,,,,,,,,,,,,,,
26,Sulawesi Tengah,15.186,4.241,47.232,3.929,3.733,147.566,22.972,4.498,18.607,3.418,271.382,,,,,,,,,,,,,,,,,,
27,Sulawesi Selatan,39.677,20.307,197.133,26.752,8.920,283.794,97.956,5.422,55.571,3.494,739.027,,,,,,,,,,,,,,,,,,
28,Sulawesi Tenggara,7.986,2.682,53.126,5.899,4.119,91.637,22.937,,15.671,2.964,219.573,,,,,,,,,,,,,,,,,,
29,Gorontalo,7.281,1.943,38.827,6.383,2.628,34.003,11.722,1.059,8.911,1.227,113.987,,,,,,,,,,,,,,,,,,
30,Sulawesi Barat,4.724,1.215,25.056,2.748,990,61.406,13.125,1.585,6.740,1.708,119.296,,,,,,,,,,,,,,,,,,
31,Maluku,4.650,1.016,23.856,1.970,868,34.839,9.789,3.754,2.454,1.924,85.121,,,,,,,,,,,,,,,,,,
32,Maluku Utara,2.329,432,23.078,1.252,966,49.575,12.093,4.981,1.100,102,95.909,,,,,,,,,,,,,,,,,,
33,Papua Barat,2.660,1.418,19.703,851,565,13.065,3.049,104,2.225,201,43.841,,,,,,,,,,,,,,,,,,
34,Papua,4.288,1.199,27.066,1.447,518,13.024,3.768,352,1.158,173,52.993,,,,,,,,,,,,,,,,,,
Indonesia,,1.129.570,1.026.867,3.576.743,1.603.499,527.725,7.149.515,9.678.458,228.416,2.250.399,146.546,27.330.289,,,,,,,,,,,,,,,,,,
No,Provinsi,Kab/Kota,kabupaten/kota yang menyelenggarakan pelayanan kesehatan usia reproduksi,,Puskesmas,Persentase puskesmas yang melaksanakan pelayanan Kesehatan reproduksi bagi calon pengantin,,,,,,,,,,,,,,,,,,,,,,,,
,,,Jumlah,%,,Jumlah,%,,,,,,,,,,,,,,,,,,,,,,,
(1),(2) (3),,(4),(5),(6),(7),(8),,,,,,,,,,,,,,,,,,,,,,,
1,Aceh,23,19,"82,6",362,283,"78,2",,,,,,,,,,,,,,,,,,,,,,,
2,Sumatera Utara,33,23,"69,7",615,456,"74,1",,,,,,,,,,,,,,,,,,,,,,,
3,Sumatera Barat,19,16,"84,2",280,280,"100,0",,,,,,,,,,,,,,,,,,,,,,,
4,Riau,12,12,"100,0",238,234,"98,3",,,,,,,,,,,,,,,,,,,,,,,
5,Jambi,11,11,"100,0",207,207,"100,0",,,,,,,,,,,,,,,,,,,,,,,
6,Sumatera Selatan,17,16,"94,1",348,341,"98,0",,,,,,,,,,,,,,,,,,,,,,,
7,Bengkulu,10,10,"100,0",179,179,"100,0",,,,,,,,,,,,,,,,,,,,,,,
8,Lampung,15,15,"100,0",318,316,"99,4",,,,,,,,,,,,,,,,,,,,,,,
9,Kepulauan Bangka Belitung,7,7,"100,0",64,64,"100,0",,,,,,,,,,,,,,,,,,,,,,,
10,Kepulauan Riau,7,5,"71,4",93,87,"93,5",,,,,,,,,,,,,,,,,,,,,,,
11,DKI Jakarta,6,6,"100,0",315,44,"14,0",,,,,,,,,,,,,,,,,,,,,,,
12,Jawa Barat,27,27,"100,0",1.100,1.088,"98,9",,,,,,,,,,,,,,,,,,,,,,,
13,Jawa Tengah,35,33,"94,3",880,880,"100,0",,,,,,,,,,,,,,,,,,,,,,,
14,DI Yogyakarta,5,5,"100,0",121,121,"100,0",,,,,,,,,,,,,,,,,,,,,,,
15,Jawa Timur,38,35,"92,1",969,893,"92,2",,,,,,,,,,,,,,,,,,,,,,,
16,Banten,8,8,"100,0",247,248,"100,4",,,,,,,,,,,,,,,,,,,,,,,
17,Bali,9,9,"100,0",120,120,"100,0",,,,,,,,,,,,,,,,,,,,,,,
18,Nusa Tenggara Barat,10,10,"100,0",176,175,"99,4",,,,,,,,,,,,,,,,,,,,,,,
19,Nusa Tenggara Timur,22,20,"90,9",429,374,"87,2",,,,,,,,,,,,,,,,,,,,,,,
20,Kalimantan Barat,14,14,"100,0",248,243,"98,0",,,,,,,,,,,,,,,,,,,,,,,
21,Kalimantan Tengah,14,12,"85,7",204,203,"99,5",,,,,,,,,,,,,,,,,,,,,,,
22,Kalimantan Selatan,13,13,"100,0",241,237,"98,3",,,,,,,,,,,,,,,,,,,,,,,
23,Kalimantan Timur,10,10,"100,0",188,187,"99,5",,,,,,,,,,,,,,,,,,,,,,,
24,Kalimantan Utara,5,4,"80,0",57,55,"96,5",,,,,,,,,,,,,,,,,,,,,,,
25,Sulawesi Utara,15,10,"66,7",199,134,"67,3",,,,,,,,,,,,,,,,,,,,,,,
26,Sulawesi Tengah,13,12,"92,3",218,184,"84,4",,,,,,,,,,,,,,,,,,,,,,,
27,Sulawesi Selatan,24,20,"83,3",472,381,"80,7",,,,,,,,,,,,,,,,,,,,,,,
28,Sulawesi Tenggara,17,12,"70,6",302,248,"82,1",,,,,,,,,,,,,,,,,,,,,,,
29,Gorontalo,6,6,"100,0",93,93,"100,0",,,,,,,,,,,,,,,,,,,,,,,
30,Sulawesi Barat,6,6,"100,0",98,98,"100,0",,,,,,,,,,,,,,,,,,,,,,,
31,Maluku,11,5,"45,5",228,178,"78,1",,,,,,,,,,,,,,,,,,,,,,,
32,Maluku Utara,10,9,"90,0",148,140,"94,6",,,,,,,,,,,,,,,,,,,,,,,
33,Papua Barat,13,-,"0,0",163,196,"120,2",,,,,,,,,,,,,,,,,,,,,,,
34,Papua,29,4,"13,8",454,12,"2,6",,,,,,,,,,,,,,,,,,,,,,,
Indonesia,,514,424,"82,5",10.374,8.979,"86,6",,,,,,,,,,,,,,,,,,,,,,,
"Sumber: Direktorat Jenderal Kesehatan Masyarakat, Kemenkes RI, 2023",,,,,,,,,,,,,,,,,,,,,,,,,,,,,,
No,Provinsi,Perkiraan Jumlah Terduga Tuberkulosis,Perkiraan Jumlah Terduga Tuberkulosis Yang Mendapatkan Pelayanan Sesuai Standar,% Orang Terduga Tuberkulosis (TBC) Mendapatkan Pelayanan Tuberkulosis Sesuai Standar,Jumlah Semua Kasus Tuberkulosis,,,,,Case Notification Rate (CNR) Semua Kasus Tuberkulosis Per 100.000 Penduduk,Perkiraan Insiden Tuberkulosis (Dalam Absolut),Treatment Coverage (TC%),Kasus Tuberkulosis Anak 0-14 Tahun,Cakupan Penemuan Kasus Tuberkulosis Anak (%),,,,,,,,,,,,,,,,
,,,,,Laki-laki,,Perempuan,,Laki-laki + Perempuan,,,,,,,,,,,,,,,,,,,,,
,,,,,Jumlah,%,Jumlah,%,,,,,,,,,,,,,,,,,,,,,,
(1),(2),(3),(4),(5),(6),(7),(8),(9),(10),(11),(12),(13),(14),(15),,,,,,,,,,,,,,,,
1,Aceh,88.025,40.866,"46,4",7.929,"64,5",4.357,"35,5",12.286,"221,9",23.374,"52,6",573,"20,4",,,,,,,,,,,,,,,,
2,Sumatera Utara,308.160,98.729,"32,0",26.651,"64,9",14.406,"35,1",41.057,"275,4",72.738,"56,4",2.193,"25,1",,,,,,,,,,,,,,,,
3,Sumatera Barat,111.510,37.997,"34,1",9.003,"60,7",5.841,"39,3",14.844,"266,2",26.829,"55,3",2.751,"85,4",,,,,,,,,,,,,,,,
4,Riau,141.593,106.707,"75,4",8.644,"63,3",5.010,"36,7",13.654,"188,9",31.899,"42,8",1.496,"39,1",,,,,,,,,,,,,,,,
5,Jambi,32.292,10.565,"32,7",3.659,"60,5",2.389,"39,5",6.048,"162,2",15.441,"39,2",788,"42,5",,,,,,,,,,,,,,,,
6,Sumatera Selatan,173.048,100.614,"58,1",13.279,"61,4",8.331,"38,6",21.610,"248,7",38.940,"55,5",2.424,"51,9",,,,,,,,,,,,,,,,
7,Bengkulu,33.059,4.885,"14,8",2.186,"62,0",1.337,"38,0",3.523,"172,0",8.666,"40,7",360,"34,6",,,,,,,,,,,,,,,,
8,Lampung,124.141,81.456,"65,6",10.859,"58,7",7.652,"41,3",18.511,"214,2",34.099,"54,3",2.653,"64,8",,,,,,,,,,,,,,,,
9,Kep. Bangka Belitung,23.614,23.144,"98,0",1.797,"63,4",1.037,"36,6",2.834,"184,2",6.823,"41,5",586,"71,6",,,,,,,,,,,,,,,,
10,Kepulauan Riau,52.623,29.879,"56,8",3.525,"60,5",2.300,"39,5",5.825,"256,2",13.896,"41,9",799,"47,9",,,,,,,,,,,,,,,,
11,DKI Jakarta,243.032,127.678,"52,5",30.543,"56,5",23.482,"43,5",54.025,"500,5",53.773,"100,5",8.179,"126,8",,,,,,,,,,,,,,,,
12,Jawa Barat,656.154,470.950,"71,8",101.345,"55,0",83.061,"45,0",184.406,"364,2",148.069,"124,5",42.620,"239,9",,,,,,,,,,,,,,,,
13,Jawa Tengah,425.677,288.629,"67,8",43.285,"55,9",34.141,"44,1",77.426,"218,5",92.870,"83,4",15.374,"138,0",,,,,,,,,,,,,,,,
14,DI Yogyakarta,44.051,17.581,"39,9",3.524,"56,8",2.682,"43,2",6.206,"157,6",10.530,"58,9",2.005,"158,7",,,,,,,,,,,,,,,,
15,Jawa Timur,491.511,550.113,"111,9",43.986,"56,2",34.348,"43,8",78.334,"193,7",107.547,"72,8",8.271,"64,1",,,,,,,,,,,,,,,,
16,Banten,178.513,121.293,"67,9",24.444,"57,6",17.985,"42,4",42.429,"317,9",38.200,"111,1",6.437,"140,4",,,,,,,,,,,,,,,,
17,Bali,44.458,22.452,"50,5",2.756,"60,8",1.774,"39,2",4.530,"102,0",14.514,"31,2",311,"17,9",,,,,,,,,,,,,,,,
18,Nusa Tenggara Barat,95.661,40.625,"42,5",5.815,"60,3",3.829,"39,7",9.644,"185,6",20.830,"46,3",799,"32,0",,,,,,,,,,,,,,,,
19,Nusa Tenggara Timur,90.094,42.240,"46,9",4.956,"56,3",3.846,"43,7",8.802,"156,6",21.927,"40,1",740,"28,1",,,,,,,,,,,,,,,,
20,Kalimantan Barat,69.120,38.098,"55,1",8.217,"63,7",4.682,"36,3",12.899,"247,7",19.586,"65,9",1.614,"68,7",,,,,,,,,,,,,,,,
21,Kalimantan Tengah,45.533,17.303,"38,0",3.141,"65,0",1.694,"35,0",4.835,"172,2",11.007,"43,9",530,"40,1",,,,,,,,,,,,,,,,
22,Kalimantan Selatan,77.306,25.775,"33,3",5.171,"60,4",3.395,"39,6",8.566,"196,3",17.578,"48,7",984,"46,7",,,,,,,,,,,,,,,,
23,Kalimantan Timur,74.088,24.896,"33,6",5.451,"59,3",3.739,"40,7",9.190,"238,9",16.573,"55,5",1.391,"69,9",,,,,,,,,,,,,,,,
24,Kalimantan Utara,14.202,2.344,"16,5",1.091,"62,8",647,"37,2",1.738,"223,0",3.275,"53,1",277,"70,5",,,,,,,,,,,,,,,,
25,Sulawesi Utara,48.843,12.158,"24,9",5.603,"63,8",3.181,"36,2",8.784,"342,6",10.835,"81,1",378,"29,1",,,,,,,,,,,,,,,,
26,Sulawesi Tengah,52.364,13.952,"26,6",4.140,"59,4",2.830,"40,6",6.970,"222,0",12.195,"57,2",325,"22,2",,,,,,,,,,,,,,,,
27,Sulawesi Selatan,158.954,123.641,"77,8",14.162,"58,5",10.047,"41,5",24.209,"267,4",35.210,"68,8",1.387,"32,8",,,,,,,,,,,,,,,,
28,Sulawesi Tenggara,41.996,12.909,"30,7",3.789,"61,2",2.403,"38,8",6.192,"221,6",10.611,"58,4",345,"27,1",,,,,,,,,,,,,,,,
29,Gorontalo,22.064,10.354,"46,9",2.713,"56,7",2.073,"43,3",4.786,"387,0",4.718,"101,5",171,"30,2",,,,,,,,,,,,,,,,
30,Sulawesi Barat,22.777,16.585,"72,8",1.659,"56,5",1.277,"43,5",2.936,"206,1",5.020,"58,5",133,"22,1",,,,,,,,,,,,,,,,
31,Maluku,33.750,9.214,"27,3",2.771,"57,9",2.016,"42,1",4.787,"257,7",7.584,"63,1",397,"43,6",,,,,,,,,,,,,,,,
32,Maluku Utara,20.353,6.147,"30,2",2.042,"63,7",1.166,"36,3",3.208,"247,4",4.896,"65,5",164,"27,9",,,,,,,,,,,,,,,,
33,Papua Barat,18.446,5.155,"27,9",1.806,"53,2",1.587,"46,8",3.393,"340,8",7.851,"43,2",411,"43,6",,,,,,,,,,,,,,,,
34,Papua,94.943,30.499,"32,1",8.515,"53,8",7.307,"46,2",15.822,"454,2",21.096,"75,0",3.015,"119,1",,,,,,,,,,,,,,,,
Indonesia,,4.151.956,2.565.433,"61,8",418.457,"57,8",305.852,"42,2",724.309,"263,5",969.000,"74,7",110.881,"95,4",,,,,,,,,,,,,,,,
No,Provinsi,K e l o m p o k U m u r ( T a h u n ),,,,,,,,,,,,,,,,,,,,,,,,,,,,
,,0 - 14,,15 - 24,,25 - 34,,35 - 44,,45 - 54,,55 - 64,,≥ 65,,Total,,,,,,,,,,,,,,
,,L,P,L,P,L,P,L,P,L,P,L,P,L,P,L,P,T,,,,,,,,,,,,
(1),(2),(3),(4),(5),(6),(7),(8),(9),(10),(11),(12),(13),(14),(15),(16),(17),(18),(19),,,,,,,,,,,,
1,Aceh,290,283,702,585,938,567,1.329,701,1.709,903,1.685,804,1.276,514,7.929,4.357,12.286,,,,,,,,,,,,
2,Sumatera Utara,1.196,997,2.689,2.656,3.736,2.186,4.604,2.105,5.834,2.645,5.575,2.453,3.017,1.364,26.651,14.406,41.057,,,,,,,,,,,,
3,Sumatera Barat,1.477,1.274,859,864,1.135,784,1.265,747,1.452,836,1.462,748,1.353,588,9.003,5.841,14.844,,,,,,,,,,,,
4,Riau,817,679,834,850,1.247,871,1.599,819,1.805,862,1.492,622,850,307,8.644,5.010,13.654,,,,,,,,,,,,
5,Jambi,421,367,321,342,498,382,599,380,676,410,669,337,475,171,3.659,2.389,6.048,,,,,,,,,,,,
6,Sumatera Selatan,1.290,1.134,1.198,1.134,1.789,1.290,2.186,1.216,2.306,1.437,2.530,1.309,1.980,811,13.279,8.331,21.610,,,,,,,,,,,,
7,Bengkulu,205,155,207,215,291,210,377,191,397,230,406,193,303,143,2.186,1.337,3.523,,,,,,,,,,,,
8,Lampung,1.416,1.237,879,950,1.384,1.119,1.746,1.193,1.915,1.275,1.938,1.178,1.581,700,10.859,7.652,18.511,,,,,,,,,,,,
9,Kep. Bangka Belitung,319,267,168,113,237,156,308,158,298,156,255,116,212,71,1.797,1.037,2.834,,,,,,,,,,,,
10,Kepulauan Riau,409,390,482,482,621,467,687,369,631,314,432,185,263,93,3.525,2.300,5.825,,,,,,,,,,,,
11,DKI Jakarta,4.251,3.928,4.027,4.556,4.927,3.766,4.759,3.227,5.314,3.539,4.532,2.862,2.733,1.604,30.543,23.482,54.025,,,,,,,,,,,,
12,Jawa Barat,22.013,20.607,13.011,15.931,14.466,12.195,13.857,10.448,14.604,10.889,13.762,8.368,9.632,4.623,101.345,83.061,184.406,,,,,,,,,,,,
13,Jawa Tengah,8.127,7.247,4.096,5.454,5.322,4.641,5.701,4.333,6.768,4.883,7.413,4.659,5.858,2.924,43.285,34.141,77.426,,,,,,,,,,,,
14,DI Yogyakarta,1.110,895,316,443,340,311,339,231,461,275,504,298,454,229,3.524,2.682,6.206,,,,,,,,,,,,
15,Jawa Timur,4.236,4.035,4.921,5.889,5.195,4.926,6.261,5.103,8.468,6.179,8.654,5.201,6.251,3.015,43.986,34.348,78.334,,,,,,,,,,,,
16,Banten,3.270,3.167,2.905,3.151,4.271,3.251,4.081,2.640,4.292,2.789,3.602,2.002,2.023,985,24.444,17.985,42.429,,,,,,,,,,,,
17,Bali,154,157,282,296,404,312,466,289,585,324,470,246,395,150,2.756,1.774,4.530,,,,,,,,,,,,
18,Nusa Tenggara Barat,400,399,547,532,789,600,984,635,1.205,757,1.073,536,817,370,5.815,3.829,9.644,,,,,,,,,,,,
19,Nusa Tenggara Timur,359,381,726,766,885,775,775,517,711,567,790,505,710,335,4.956,3.846,8.802,,,,,,,,,,,,
20,Kalimantan Barat,888,726,856,714,1.166,685,1.443,698,1.475,774,1.441,662,948,423,8.217,4.682,12.899,,,,,,,,,,,,
21,Kalimantan Tengah,298,232,290,216,438,290,554,301,637,310,556,223,368,122,3.141,1.694,4.835,,,,,,,,,,,,
22,Kalimantan Selatan,543,441,482,431,657,476,748,536,1.035,690,1.052,549,654,272,5.171,3.395,8.566,,,,,,,,,,,,
23,Kalimantan Timur,699,692,625,617,815,620,909,604,996,561,861,441,546,204,5.451,3.739,9.190,,,,,,,,,,,,
24,Kalimantan Utara,146,131,112,110,151,90,201,108,202,98,169,68,110,42,1.091,647,1.738,,,,,,,,,,,,
25,Sulawesi Utara,203,175,627,535,768,478,948,524,1.200,629,1.090,518,767,322,5.603,3.181,8.784,,,,,,,,,,,,
26,Sulawesi Tengah,166,159,502,524,634,484,724,443,843,509,746,440,525,271,4.140,2.830,6.970,,,,,,,,,,,,
27,Sulawesi Selatan,713,674,1.585,1.762,2.136,1.542,2.278,1.541,2.847,1.939,2.634,1.603,1.969,986,14.162,10.047,24.209,,,,,,,,,,,,
28,Sulawesi Tenggara,190,155,452,438,596,413,646,383,718,443,711,359,476,212,3.789,2.403,6.192,,,,,,,,,,,,
29,Gorontalo,81,90,324,350,370,309,473,319,618,502,549,319,298,184,2.713,2.073,4.786,,,,,,,,,,,,
30,Sulawesi Barat,63,70,246,250,251,232,278,178,297,247,286,171,238,129,1.659,1.277,2.936,,,,,,,,,,,,
31,Maluku,201,196,450,428,558,405,500,331,424,302,386,230,252,124,2.771,2.016,4.787,,,,,,,,,,,,
32,Maluku Utara,77,87,337,240,417,251,344,166,345,209,315,137,207,76,2.042,1.166,3.208,,,,,,,,,,,,
33,Papua Barat,194,217,348,415,373,365,322,272,254,164,205,111,110,43,1.806,1.587,3.393,,,,,,,,,,,,
34,Papua,1.549,1.466,1.910,2.020,1.779,1.631,1.312,1.013,999,680,632,350,334,147,8.515,7.307,15.822,,,,,,,,,,,,
Indonesia,,57.771,53.110,48.316,54.259,59.584,47.080,63.603,42.719,72.321,47.327,68.877,38.803,47.985,22.554,418.457,305.852,724.309,,,,,,,,,,,,
,,"15,31%",,"14,16%",,"14,73%",,"14,68%",,"16,52%",,"14,87%",,"9,74%",,100%,,,,,,,,,,,,,,
No,Provinsi,K e l o m p o k U m u r ( T a h u n ),,,,,,,,,,,,,,,,,,,,,,,,,,,,
,,0 - 14,,15 - 24,,25 - 34,,35 - 44,,45 - 54,,55 - 64,,≥ 65,,Total,,,,,,,,,,,,,,
,,L,P,L,P,L,P,L,P,L,P,L,P,L,P,L,P,T,,,,,,,,,,,,
(1),(2),(3),(4),(5),(6),(7),(8),(9),(10),(11),(12),(13),(14),(15),(16),(17),(18),(19),,,,,,,,,,,,
1,Aceh,38,45,388,322,596,344,871,405,1.121,578,1.051,472,750,231,4.815,2.397,7.212,,,,,,,,,,,,
2,Sumatera Utara,165,146,1.440,1.408,2.320,1.218,3.017,1.239,3.843,1.561,3.474,1.421,1.662,655,15.921,7.648,23.569,,,,,,,,,,,,
3,Sumatera Barat,76,73,568,511,807,485,945,501,1.100,589,1.086,500,950,360,5.532,3.019,8.551,,,,,,,,,,,,
4,Riau,46,60,508,460,837,511,1.117,522,1.247,569,1.006,380,551,179,5.312,2.681,7.993,,,,,,,,,,,,
5,Jambi,34,34,213,222,356,250,425,254,475,287,458,219,285,93,2.246,1.359,3.605,,,,,,,,,,,,
6,Sumatera Selatan,92,103,697,605,1.104,767,1.376,731,1.385,842,1.469,713,954,356,7.077,4.117,11.194,,,,,,,,,,,,
7,Bengkulu,32,27,121,122,192,128,238,103,254,139,249,118,198,82,1.284,719,2.003,,,,,,,,,,,,
8,Lampung,221,183,528,518,890,715,1.180,757,1.262,796,1.230,712,961,425,6.272,4.106,10.378,,,,,,,,,,,,
9,Kep. Bangka Belitung,15,14,106,75,171,106,228,108,224,97,165,81,142,36,1.051,517,1.568,,,,,,,,,,,,
10,Kepulauan Riau,14,35,295,281,415,267,483,215,469,214,279,122,164,53,2.119,1.187,3.306,,,,,,,,,,,,
11,DKI Jakarta,150,262,2.325,2.320,2.859,1.938,3.012,1.767,3.320,1.907,2.582,1.430,1.186,562,15.434,10.186,25.620,,,,,,,,,,,,
12,Jawa Barat,447,737,6.552,7.568,7.990,5.748,7.976,5.031,8.206,5.309,6.931,3.759,3.972,1.593,42.074,29.745,71.819,,,,,,,,,,,,
13,Jawa Tengah,161,281,2.379,3.205,3.464,2.758,3.935,2.582,4.517,2.948,4.516,2.578,3.009,1.220,21.981,15.572,37.553,,,,,,,,,,,,
14,DI Yogyakarta,12,26,162,232,192,159,207,108,274,156,288,140,211,74,1.346,895,2.241,,,,,,,,,,,,
15,Jawa Timur,266,336,2.898,3.338,3.377,2.880,4.416,3.282,6.040,4.185,5.900,3.321,3.698,1.567,26.595,18.909,45.504,,,,,,,,,,,,
16,Banten,205,215,1.520,1.459,2.442,1.589,2.337,1.376,2.443,1.408,1.920,969,928,401,11.795,7.417,19.212,,,,,,,,,,,,
17,Bali,9,8,170,165,247,182,298,173,406,195,322,140,258,84,1.710,947,2.657,,,,,,,,,,,,
18,Nusa Tenggara Barat,36,49,359,305,550,395,714,456,865,529,763,375,536,230,3.823,2.339,6.162,,,,,,,,,,,,
19,Nusa Tenggara Timur,60,69,511,531,628,543,524,362,502,375,516,308,421,201,3.162,2.389,5.551,,,,,,,,,,,,
20,Kalimantan Barat,82,78,545,449,836,458,1.050,469,1.055,533,993,416,611,251,5.172,2.654,7.826,,,,,,,,,,,,
21,Kalimantan Tengah,30,26,202,148,306,178,393,207,457,200,350,128,192,61,1.930,948,2.878,,,,,,,,,,,,
22,Kalimantan Selatan,24,28,297,248,442,274,504,359,687,425,656,274,345,121,2.955,1.729,4.684,,,,,,,,,,,,
23,Kalimantan Timur,26,34,347,305,495,306,590,347,642,349,557,239,321,90,2.978,1.670,4.648,,,,,,,,,,,,
24,Kalimantan Utara,11,6,82,77,131,62,160,71,173,73,132,49,88,30,777,368,1.145,,,,,,,,,,,,
25,Sulawesi Utara,35,27,432,370,569,339,699,376,925,483,815,381,525,213,4.000,2.189,6.189,,,,,,,,,,,,
26,Sulawesi Tengah,26,29,376,370,480,361,533,318,620,354,484,260,295,133,2.814,1.825,4.639,,,,,,,,,,,,
27,Sulawesi Selatan,54,95,1.156,1.203,1.607,1.105,1.770,1.160,2.157,1.461,1.904,1.100,1.251,584,9.899,6.708,16.607,,,,,,,,,,,,
28,Sulawesi Tenggara,73,61,289,289,380,274,445,260,448,281,421,206,287,114,2.343,1.485,3.828,,,,,,,,,,,,
29,Gorontalo,16,33,248,242,279,228,362,239,472,350,379,211,183,99,1.939,1.402,3.341,,,,,,,,,,,,
30,Sulawesi Barat,14,19,198,193,212,183,224,148,241,179,220,122,155,74,1.264,918,2.182,,,,,,,,,,,,
31,Maluku,35,30,324,298,398,281,375,247,328,215,271,150,160,63,1.891,1.284,3.175,,,,,,,,,,,,
32,Maluku Utara,13,25,257,178,318,175,258,120,261,147,221,101,141,39,1.469,785,2.254,,,,,,,,,,,,
33,Papua Barat,20,29,241,271,257,220,208,184,154,100,121,65,49,15,1.050,884,1.934,,,,,,,,,,,,
34,Papua,145,173,1.157,1.210,1.017,878,701,484,531,342,309,154,157,51,4.017,3.292,7.309,,,,,,,,,,,,
Indonesia,,2.683,3.396,27.891,29.498,37.164,26.305,41.571,24.961,47.104,28.176,42.038,21.614,25.596,10.340,224.047,144.290,368.337,,,,,,,,,,,,
,,"1,65%",,"15,58%",,"17,23%",,"18,06%",,"20,44%",,"17,28%",,"9,76%",,100%,,,,,,,,,,,,,,
No,Provinsi,Jumlah Kasus Tuberkulosis Paru Terkonfirmasi Bakteriologis Yang Terdaftar dan Diobati*),,,Jumlah Semua Kasus Tuberkulosis Terdaftar Dan Diobati*),,,Angka Kesembuhan (Cure Rate) Tuberkulosis Paru Terkonfirmasi Bakteriologis,,,,,,Angka Pengobatan Lengkap (Complete Rate) Semua Kasus Tuberkulosis,,,,,,Angka Keberhasilan Pengobatan (Success Rate/SR) Semua Kasus Tuberkulosis,,,,,,Jumlah Kematian Selama Pengobatan Tuberkulosis,,,,
,,,,,,,,Laki-laki,,Perempuan,,Laki-laki + Perempuan,,Laki-laki,,Perempuan,,Laki-laki + Perempuan,,Laki-laki,,Perempuan,,Laki-laki + Perempuan,,,,,,
,,L,P,L + P,L,P,L + P,Jumlah,%,Jumlah,%,Jumlah,%,Jumlah,%,Jumlah,%,Jumlah,%,Jumlah,%,Jumlah,%,Jumlah,%,Jumlah,%,,,
(1),(2),(3),(4),(5),(6),(7),(8),(9),(10),(11),(12),(13),(14),(15),(16),(17),(18),(19),(20),(21),(22),(23),(24),(25),(26),(27),(28),,,
1,Aceh,2.460,1.303,3.763,4.407,2.511,6.918,568,"23,1",365,"28,0",933,"24,8",3.327,"75,5",1.905,"75,9",5.232,"75,6",3.843,"87,2",2.247,"89,5",6.090,"88,0",269,"3,9",,,
2,Sumatera Utara,7.621,3.855,11.476,14.370,7.794,22.164,3.113,"40,8",1.674,"43,4",4.787,"41,7",9.752,"67,9",5.464,"70,1",15.216,"68,7",12.835,"89,3",7.125,"91,4",19.960,"90,1",869,"3,9",,,
3,Sumatera Barat,3.030,1.734,4.764,4.999,3.163,8.162,1.584,"52,3",905,"52,2",2.489,"52,2",2.855,"57,1",2.007,"63,5",4.862,"59,6",4.326,"86,5",2.835,"89,6",7.161,"87,7",375,"4,6",,,
4,Riau,3.583,1.828,5.411,5.861,3.361,9.222,1.255,"35,0",670,"36,7",1.925,"35,6",4.064,"69,3",2.455,"73,0",6.519,"70,7",5.285,"90,2",3.102,"92,3",8.387,"90,9",381,"4,1",,,
5,Jambi,1.296,808,2.104,2.147,1.442,3.589,583,"45,0",395,"48,9",978,"46,5",1.277,"59,5",882,"61,2",2.159,"60,2",1.855,"86,4",1.272,"88,2",3.127,"87,1",202,"5,6",,,
6,Sumatera Selatan,4.325,2.509,6.834,8.417,5.264,13.681,1.761,"40,7",1.057,"42,1",2.818,"41,2",5.943,"70,6",3.817,"72,5",9.760,"71,3",7.586,"90,1",4.809,"91,4",12.395,"90,6",436,"3,2",,,
7,Bengkulu,677,401,1.078,1.092,705,1.797,303,"44,8",183,"45,6",486,"45,1",668,"61,2",459,"65,1",1.127,"62,7",964,"88,3",635,"90,1",1.599,"89,0",94,"5,2",,,
8,Lampung,4.029,2.765,6.794,6.905,5.062,11.967,2.492,"61,9",1.782,"64,4",4.274,"62,9",4.112,"59,6",3.127,"61,8",7.239,"60,5",6.597,"95,5",4.899,"96,8",11.496,"96,1",287,"2,4",,,
9,Kep. Bangka Belitung,556,322,878,946,573,1.519,260,"46,8",136,"42,2",396,"45,1",558,"59,0",375,"65,4",933,"61,4",806,"85,2",508,"88,7",1.314,"86,5",94,"6,2",,,
10,Kepulauan Riau,1.463,808,2.271,2.475,1.547,4.022,569,"38,9",340,"42,1",909,"40,0",1.483,"59,9",1.008,"65,2",2.491,"61,9",1.996,"80,6",1.306,"84,4",3.302,"82,1",189,"4,7",,,
11,DKI Jakarta,7.614,5.353,12.967,15.659,12.587,28.246,3.074,"40,4",2.277,"42,5",5.351,"41,3",9.191,"58,7",8.206,"65,2",17.397,"61,6",11.881,"75,9",10.146,"80,6",22.027,"78,0",943,"3,3",,,
12,Jawa Barat,20.045,15.404,35.449,49.818,41.914,91.732,8.522,"42,5",6.844,"44,4",15.366,"43,3",32.445,"65,1",28.658,"68,4",61.103,"66,6",39.598,"79,5",34.256,"81,7",73.854,"80,5",2.367,"2,6",,,
13,Jawa Tengah,12.431,9.541,21.972,23.947,19.301,43.248,6.533,"52,6",5.425,"56,9",11.958,"54,4",13.665,"57,1",11.459,"59,4",25.124,"58,1",19.815,"82,7",16.566,"85,8",36.381,"84,1",1.872,"4,3",,,
14,DI Yogyakarta,733,458,1.191,1.802,1.303,3.105,331,"45,2",214,"46,7",545,"45,8",1.135,"63,0",885,"67,9",2.020,"65,1",1.442,"80,0",1.080,"82,9",2.522,"81,2",187,"6,0",,,
15,Jawa Timur,13.679,10.337,24.016,23.376,18.814,42.190,7.855,"57,4",6.211,"60,1",14.066,"58,6",12.639,"54,1",10.854,"57,7",23.493,"55,7",20.360,"87,1",16.944,"90,1",37.304,"88,4",2.137,"5,1",,,
16,Banten,5.695,3.634,9.329,13.537,9.802,23.339,2.469,"43,4",1.684,"46,3",4.153,"44,5",9.787,"72,3",7.326,"74,7",17.113,"73,3",11.940,"88,2",8.797,"89,7",20.737,"88,9",567,"2,4",,,
17,Bali,1.138,608,1.746,1.858,1.163,3.021,623,"54,7",347,"57,1",970,"55,6",905,"48,7",652,"56,1",1.557,"51,5",1.517,"81,6",994,"85,5",2.511,"83,1",307,"10,2",,,
18,Nusa Tenggara Barat,2.646,1.727,4.373,3.644,2.402,6.046,1.756,"66,4",1.209,"70,0",2.965,"67,8",1.506,"41,3",1.054,"43,9",2.560,"42,3",3.198,"87,8",2.223,"92,5",5.421,"89,7",316,"5,2",,,
19,Nusa Tenggara Timur,1.985,1.447,3.432,2.901,2.140,5.041,719,"36,2",561,"38,8",1.280,"37,3",1.864,"64,3",1.382,"64,6",3.246,"64,4",2.558,"88,2",1.923,"89,9",4.481,"88,9",283,"5,6",,,
20,Kalimantan Barat,2.592,1.423,4.015,4.616,2.689,7.305,1.110,"42,8",644,"45,3",1.754,"43,7",2.795,"60,6",1.710,"63,6",4.505,"61,7",3.722,"80,6",2.252,"83,7",5.974,"81,8",313,"4,3",,,
21,Kalimantan Tengah,998,615,1.613,1.703,1.134,2.837,485,"48,6",344,"55,9",829,"51,4",907,"53,3",616,"54,3",1.523,"53,7",1.331,"78,2",921,"81,2",2.252,"79,4",133,"4,7",,,
22,Kalimantan Selatan,1.367,883,2.250,2.459,1.593,4.052,557,"40,7",384,"43,5",941,"41,8",1.428,"58,1",991,"62,2",2.419,"59,7",1.941,"78,9",1.340,"84,1",3.281,"81,0",217,"5,4",,,
23,Kalimantan Timur,1.521,903,2.424,3.048,2.104,5.152,476,"31,3",282,"31,2",758,"31,3",2.131,"69,9",1.598,"76,0",3.729,"72,4",2.502,"82,1",1.797,"85,4",4.299,"83,4",262,"5,1",,,
24,Kalimantan Utara,433,245,678,600,389,989,155,"35,8",123,"50,2",278,"41,0",311,"51,8",188,"48,3",499,"50,5",442,"73,7",304,"78,1",746,"75,4",66,"6,7",,,
25,Sulawesi Utara,2.282,1.335,3.617,3.498,2.017,5.515,841,"36,9",502,"37,6",1.343,"37,1",2.331,"66,6",1.362,"67,5",3.693,"67,0",3.088,"88,3",1.818,"90,1",4.906,"89,0",227,"4,1",,,
26,Sulawesi Tengah,1.448,941,2.389,2.341,1.559,3.900,375,"25,9",268,"28,5",643,"26,9",1.665,"71,1",1.116,"71,6",2.781,"71,3",1.927,"82,3",1.289,"82,7",3.216,"82,5",268,"6,9",,,
27,Sulawesi Selatan,5.948,4.390,10.338,8.485,6.251,14.736,2.843,"47,8",2.232,"50,8",5.075,"49,1",4.371,"51,5",3.340,"53,4",7.711,"52,3",7.205,"84,9",5.565,"89,0",12.770,"86,7",865,"5,9",,,
28,Sulawesi Tenggara,1.333,872,2.205,2.204,1.454,3.658,524,"39,3",388,"44,5",912,"41,4",1.345,"61,0",904,"62,2",2.249,"61,5",1.815,"82,4",1.262,"86,8",3.077,"84,1",200,"5,5",,,
29,Gorontalo,959,668,1.627,1.590,1.131,2.721,413,"43,1",294,"44,0",707,"43,5",986,"62,0",716,"63,3",1.702,"62,6",1.355,"85,2",984,"87,0",2.339,"86,0",118,"4,3",,,
30,Sulawesi Barat,919,661,1.580,1.290,956,2.246,356,"38,7",286,"43,3",642,"40,6",802,"62,2",601,"62,9",1.403,"62,5",1.140,"88,4",869,"90,9",2.009,"89,4",97,"4,3",,,
31,Maluku,1.090,719,1.809,1.716,1.176,2.892,347,"31,8",240,"33,4",587,"32,4",1.006,"58,6",713,"60,6",1.719,"59,4",1.224,"71,3",857,"72,9",2.081,"72,0",76,"2,6",,,
32,Maluku Utara,744,489,1.233,1.029,681,1.710,173,"23,3",141,"28,8",314,"25,5",673,"65,4",442,"64,9",1.115,"65,2",815,"79,2",564,"82,8",1.379,"80,6",112,"6,5",,,
33,Papua Barat,591,459,1.050,1.113,890,2.003,192,"32,5",174,"37,9",366,"34,9",590,"53,0",488,"54,8",1.078,"53,8",769,"69,1",651,"73,1",1.420,"70,9",116,"5,8",,,
34,Papua,2.300,1.788,4.088,5.015,4.216,9.231,882,"38,3",715,"40,0",1.597,"39,1",2.821,"56,3",2.541,"60,3",5.362,"58,1",3.512,"70,0",3.078,"73,0",6.590,"71,4",364,"3,9",,,
Indonesia,,119.531,81.233,200.764,228.868,169.088,397.956,54.099,"45,3",39.296,"48,4",93.395,"46,5",141.338,"61,8",109.301,"64,6",250.639,"63,0",195.437,"85,4",148.597,"87,9",344.034,"86,5",15.609,"3,9",,,
No,Provinsi,KLB di Desa/Kelurahan,,,,,,,,,,,,,,,,,,,,,,,,,,,,
,,Jumlah,Ditangani <24 jam,%,,,,,,,,,,,,,,,,,,,,,,,,,,
(1),(2),(3),(4),(5),,,,,,,,,,,,,,,,,,,,,,,,,,
1,Aceh,1,1,100,,,,,,,,,,,,,,,,,,,,,,,,,,
2,Sumatera Utara,8,8,100,,,,,,,,,,,,,,,,,,,,,,,,,,
3,Sumatera Barat,26,26,100,,,,,,,,,,,,,,,,,,,,,,,,,,
4,Riau,3,3,100,,,,,,,,,,,,,,,,,,,,,,,,,,
5,Jambi,4,4,100,,,,,,,,,,,,,,,,,,,,,,,,,,
6,Sumatera Selatan,0,0,0,,,,,,,,,,,,,,,,,,,,,,,,,,
7,Bengkulu,0,0,0,,,,,,,,,,,,,,,,,,,,,,,,,,
8,Lampung,0,0,0,,,,,,,,,,,,,,,,,,,,,,,,,,
9,Kep. Bangka Belitung,0,0,0,,,,,,,,,,,,,,,,,,,,,,,,,,
10,Kepulauan Riau,0,0,0,,,,,,,,,,,,,,,,,,,,,,,,,,
11,DKI Jakarta,0,0,0,,,,,,,,,,,,,,,,,,,,,,,,,,
12,Jawa Barat,3,3,100,,,,,,,,,,,,,,,,,,,,,,,,,,
13,Jawa Tengah,6,6,100,,,,,,,,,,,,,,,,,,,,,,,,,,
14,DI Yogyakarta,3,3,100,,,,,,,,,,,,,,,,,,,,,,,,,,
15,Jawa Timur,8,8,100,,,,,,,,,,,,,,,,,,,,,,,,,,
16,Banten,8,8,100,,,,,,,,,,,,,,,,,,,,,,,,,,
17,Bali,0,0,0,,,,,,,,,,,,,,,,,,,,,,,,,,
18,Nusa Tenggara Barat,0,0,0,,,,,,,,,,,,,,,,,,,,,,,,,,
19,Nusa Tenggara Timur,1,1,100,,,,,,,,,,,,,,,,,,,,,,,,,,
20,Kalimantan Barat,0,0,0,,,,,,,,,,,,,,,,,,,,,,,,,,
21,Kalimantan Tengah,1,1,100,,,,,,,,,,,,,,,,,,,,,,,,,,
22,Kalimantan Selatan,0,0,0,,,,,,,,,,,,,,,,,,,,,,,,,,
23,Kalimantan Timur,0,0,0,,,,,,,,,,,,,,,,,,,,,,,,,,
24,Kalimantan Utara,1,1,100,,,,,,,,,,,,,,,,,,,,,,,,,,
25,Sulawesi Utara,0,0,0,,,,,,,,,,,,,,,,,,,,,,,,,,
26,Sulawesi Tengah,0,0,0,,,,,,,,,,,,,,,,,,,,,,,,,,
27,Sulawesi Selatan,2,2,100,,,,,,,,,,,,,,,,,,,,,,,,,,
28,Sulawesi Tenggara,1,1,100,,,,,,,,,,,,,,,,,,,,,,,,,,
29,Gorontalo,0,0,0,,,,,,,,,,,,,,,,,,,,,,,,,,
30,Sulawesi Barat,0,0,0,,,,,,,,,,,,,,,,,,,,,,,,,,
31,Maluku,1,1,100,,,,,,,,,,,,,,,,,,,,,,,,,,
32,Maluku Utara,1,1,100,,,,,,,,,,,,,,,,,,,,,,,,,,
33,Papua Barat,0,0,0,,,,,,,,,,,,,,,,,,,,,,,,,,
34,Papua,1,1,100,,,,,,,,,,,,,,,,,,,,,,,,,,
Indonesia,,79,79,100,,,,,,,,,,,,,,,,,,,,,,,,,,
No,Provinsi,Jumlah Penduduk,Jumlah Kasus,Incidence Rate per 100.000 Penduduk,Meninggal,CFR (%),,,,,,,,,,,,,,,,,,,,,,,,
(1),(2),(3),(4),(5),(6),(7),,,,,,,,,,,,,,,,,,,,,,,,
1,Aceh,5.529.773,2.079,"37,60",16,"0,77",,,,,,,,,,,,,,,,,,,,,,,,
2,Sumatera Utara,15.107.226,8.541,"56,54",60,"0,70",,,,,,,,,,,,,,,,,,,,,,,,
3,Sumatera Barat,5.675.357,4.024,"70,90",15,"0,37",,,,,,,,,,,,,,,,,,,,,,,,
4,Riau,7.181.300,2.370,"33,00",18,"0,76",,,,,,,,,,,,,,,,,,,,,,,,
5,Jambi,3.677.678,1.378,"37,47",9,"0,65",,,,,,,,,,,,,,,,,,,,,,,,
6,Sumatera Selatan,8.803.213,2.854,"32,42",31,"1,09",,,,,,,,,,,,,,,,,,,,,,,,
7,Bengkulu,2.038.146,1.339,"65,70",14,"1,05",,,,,,,,,,,,,,,,,,,,,,,,
8,Lampung,8.683.167,4.662,"53,69",15,"0,32",,,,,,,,,,,,,,,,,,,,,,,,
9,Kepulauan Bangka Belitung,1.506.505,1.887,"125,26",30,"1,59",,,,,,,,,,,,,,,,,,,,,,,,
10,Kepulauan Riau,2.449.422,2.235,"91,25",13,"0,58",,,,,,,,,,,,,,,,,,,,,,,,
11,DKI Jakarta,10.711.809,8.138,"75,97",0,"0,00",,,,,,,,,,,,,,,,,,,,,,,,
12,Jawa Barat,50.639.156,36.608,"72,29",305,"0,83",,,,,,,,,,,,,,,,,,,,,,,,
13,Jawa Tengah,35.090.378,12.476,"35,55",260,"2,08",,,,,,,,,,,,,,,,,,,,,,,,
14,DI Yogyakarta,4.021.816,2.164,"53,81",18,"0,83",,,,,,,,,,,,,,,,,,,,,,,,
15,Jawa Timur,40.348.441,13.235,"32,80",154,"1,16",,,,,,,,,,,,,,,,,,,,,,,,
16,Banten,13.251.533,5.283,"39,87",33,"0,62",,,,,,,,,,,,,,,,,,,,,,,,
17,Bali,4.518.680,5.761,"127,49",16,"0,28",,,,,,,,,,,,,,,,,,,,,,,,
18,Nusa Tenggara Barat,5.370.302,3.260,"60,70",8,"0,25",,,,,,,,,,,,,,,,,,,,,,,,
19,Nusa Tenggara Timur,5.662.948,3.096,"54,67",25,"0,81",,,,,,,,,,,,,,,,,,,,,,,,
20,Kalimantan Barat,5.220.211,1.384,"26,51",15,"1,08",,,,,,,,,,,,,,,,,,,,,,,,
21,Kalimantan Tengah,2.757.697,890,"32,27",8,"0,90",,,,,,,,,,,,,,,,,,,,,,,,
22,Kalimantan Selatan,4.370.444,1.014,"23,20",8,"0,79",,,,,,,,,,,,,,,,,,,,,,,,
23,Kalimantan Timur,3.752.605,5.887,"156,88",39,"0,66",,,,,,,,,,,,,,,,,,,,,,,,
24,Kalimantan Utara,734.112,1.331,"181,31",15,"1,13",,,,,,,,,,,,,,,,,,,,,,,,
25,Sulawesi Utara,2.548.338,2.206,"86,57",25,"1,13",,,,,,,,,,,,,,,,,,,,,,,,
26,Sulawesi Tengah,3.159.749,1.883,"59,59",15,"0,80",,,,,,,,,,,,,,,,,,,,,,,,
27,Sulawesi Selatan,9.022.276,3.562,"39,48",25,"0,70",,,,,,,,,,,,,,,,,,,,,,,,
28,Sulawesi Tenggara,2.782.882,918,"32,99",17,"1,85",,,,,,,,,,,,,,,,,,,,,,,,
29,Gorontalo,1.205.341,580,"48,12",11,"1,90",,,,,,,,,,,,,,,,,,,,,,,,
30,Sulawesi Barat,1.415.130,676,"47,77",4,"0,59",,,,,,,,,,,,,,,,,,,,,,,,
31,Maluku,1.823.518,96,"5,26",0,"0,00",,,,,,,,,,,,,,,,,,,,,,,,
32,Maluku Utara,1.285.374,623,"48,47",8,"1,28",,,,,,,,,,,,,,,,,,,,,,,,
33,Papua Barat,1.031.676,293,"28,40",2,"0,68",,,,,,,,,,,,,,,,,,,,,,,,
34,Papua,3.482.891,533,"15,30",5,"0,94",,,,,,,,,,,,,,,,,,,,,,,,
Indonesia,,274.859.094,143.266,"52,12",1.237,"0,86",,,,,,,,,,,,,,,,,,,,,,,,
No,Provinsi,Jumlah Kab/Kota,Kabupaten/Kota Terjangkit,,,,,,,,,,,,,,,,,,,,,,,,,,,
,,,2020,,2021,,2022,,,,,,,,,,,,,,,,,,,,,,,
,,,Jumlah,%,Jumlah,%,Jumlah,%,,,,,,,,,,,,,,,,,,,,,,
(1),(2),(3),(4),(5),(6),(7),(8),(9),,,,,,,,,,,,,,,,,,,,,,
1,Aceh,23,23,"100,00",21,"91,30",22,"95,65",,,,,,,,,,,,,,,,,,,,,,
2,Sumatera Utara,33,33,"100,00",31,"93,94",33,"100,00",,,,,,,,,,,,,,,,,,,,,,
3,Sumatera Barat,19,19,"100,00",19,"100,00",19,"100,00",,,,,,,,,,,,,,,,,,,,,,
4,Riau,12,12,"100,00",12,"100,00",12,"100,00",,,,,,,,,,,,,,,,,,,,,,
5,Jambi,11,11,"100,00",11,"100,00",11,"100,00",,,,,,,,,,,,,,,,,,,,,,
6,Sumatera Selatan,17,17,"100,00",17,"100,00",17,"100,00",,,,,,,,,,,,,,,,,,,,,,
7,Bengkulu,10,10,"100,00",10,"100,00",10,"100,00",,,,,,,,,,,,,,,,,,,,,,
8,Lampung,15,15,"100,00",15,"100,00",15,"100,00",,,,,,,,,,,,,,,,,,,,,,
9,Kepulauan Bangka Belitung,7,7,"100,00",7,"100,00",7,"100,00",,,,,,,,,,,,,,,,,,,,,,
10,Kepulauan Riau,7,7,"100,00",7,"100,00",7,"100,00",,,,,,,,,,,,,,,,,,,,,,
11,DKI Jakarta,6,6,"100,00",6,"100,00",6,"100,00",,,,,,,,,,,,,,,,,,,,,,
12,Jawa Barat,27,27,"100,00",27,"100,00",27,"100,00",,,,,,,,,,,,,,,,,,,,,,
13,Jawa Tengah,35,35,"100,00",35,"100,00",35,"100,00",,,,,,,,,,,,,,,,,,,,,,
14,DI Yogyakarta,5,5,"100,00",5,"100,00",5,"100,00",,,,,,,,,,,,,,,,,,,,,,
15,Jawa Timur,38,38,"100,00",38,"100,00",38,"100,00",,,,,,,,,,,,,,,,,,,,,,
16,Banten,8,8,"100,00",8,"100,00",8,"100,00",,,,,,,,,,,,,,,,,,,,,,
17,Bali,9,9,"100,00",9,"100,00",9,"100,00",,,,,,,,,,,,,,,,,,,,,,
18,Nusa Tenggara Barat,10,10,"100,00",10,"100,00",10,"100,00",,,,,,,,,,,,,,,,,,,,,,
19,Nusa Tenggara Timur,22,22,"100,00",22,"100,00",22,"100,00",,,,,,,,,,,,,,,,,,,,,,
20,Kalimantan Barat,14,14,"100,00",14,"100,00",14,"100,00",,,,,,,,,,,,,,,,,,,,,,
21,Kalimantan Tengah,14,14,"100,00",14,"100,00",14,"100,00",,,,,,,,,,,,,,,,,,,,,,
22,Kalimantan Selatan,13,13,"100,00",12,"92,31",13,"100,00",,,,,,,,,,,,,,,,,,,,,,
23,Kalimantan Timur,10,10,"100,00",10,"100,00",10,"100,00",,,,,,,,,,,,,,,,,,,,,,
24,Kalimantan Utara,5,5,"100,00",4,"80,00",5,"100,00",,,,,,,,,,,,,,,,,,,,,,
25,Sulawesi Utara,15,15,"100,00",15,"100,00",15,"100,00",,,,,,,,,,,,,,,,,,,,,,
26,Sulawesi Tengah,13,13,"100,00",13,"100,00",13,"100,00",,,,,,,,,,,,,,,,,,,,,,
27,Sulawesi Selatan,24,24,"100,00",24,"100,00",24,"100,00",,,,,,,,,,,,,,,,,,,,,,
28,Sulawesi Tenggara,17,17,"100,00",14,"82,35",17,"100,00",,,,,,,,,,,,,,,,,,,,,,
29,Gorontalo,6,6,"100,00",6,"100,00",6,"100,00",,,,,,,,,,,,,,,,,,,,,,
30,Sulawesi Barat,6,6,"100,00",6,"100,00",6,"100,00",,,,,,,,,,,,,,,,,,,,,,
31,Maluku,11,5,"45,45",8,"72,73",9,"81,82",,,,,,,,,,,,,,,,,,,,,,
32,Maluku Utara,10,9,"90,00",9,"90,00",9,"90,00",,,,,,,,,,,,,,,,,,,,,,
33,Papua Barat,13,6,"46,15",5,"38,46",8,"61,54",,,,,,,,,,,,,,,,,,,,,,
34,Papua,29,6,"20,69",3,"10,34",8,"27,59",,,,,,,,,,,,,,,,,,,,,,
Indonesia,,514,477,"92,80",467,"90,86",484,"94,16",,,,,,,,,,,,,,,,,,,,,,
No,Provinsi,Penduduk,Malaria,,,,,,,,,,,,,,,,,,,,,,,,,,,
,,,Suspek,Konfirmasi Laboratorium,,,% Konfirmasi Laboratorium,Positif,,,Pengobatan Standar,% Pengobatan Standar,Annual Paracite Incidence (API) per 1.000 Penduduk,,,,,,,,,,,,,,,,,
,,,,Mikroskopis,Rapid Diagnostic Test (RDT),Total,,L,P,L+P,,,,,,,,,,,,,,,,,,,,
(1),(2),(3),(4),(5),(6),(7),(8),(9),(10),(11),(12),(13),(14),,,,,,,,,,,,,,,,,
1,Aceh,5.529.773,43.894,25.134,18.746,43.880,"99,97",118,19,137,137,"100,00","0,02",,,,,,,,,,,,,,,,,
2,Sumatera Utara,15.107.226,34.065,15.001,17.936,32.937,"96,69",3.217,2.009,5.226,4.358,"83,39","0,35",,,,,,,,,,,,,,,,,
3,Sumatera Barat,5.675.357,12.576,4.805,7.250,12.055,"95,86",133,64,197,191,"96,95","0,03",,,,,,,,,,,,,,,,,
4,Riau,7.181.300,6.043,847,5.196,6.043,"100,00",1.167,644,1.811,1.747,"96,47","0,25",,,,,,,,,,,,,,,,,
5,Jambi,3.677.678,29.943,15.848,13.726,29.574,"98,77",169,95,264,264,"100,00","0,07",,,,,,,,,,,,,,,,,
6,Sumatera Selatan,8.803.213,18.944,6.338,12.524,18.862,"99,57",27,13,40,40,"100,00","0,00",,,,,,,,,,,,,,,,,
7,Bengkulu,2.038.146,10.940,4.781,5.518,10.299,"94,14",10,2,12,11,"91,67","0,01",,,,,,,,,,,,,,,,,
8,Lampung,8.683.167,35.714,15.555,20.156,35.711,"99,99",477,237,714,714,"100,00","0,08",,,,,,,,,,,,,,,,,
9,Kepulauan Bangka Belitung,1.506.505,15.734,10.260,5.472,15.732,"99,99",101,22,123,119,"96,75","0,08",,,,,,,,,,,,,,,,,
10,Kepulauan Riau,2.449.422,3.404,2.194,1.207,3.401,"99,91",28,18,46,46,"100,00","0,02",,,,,,,,,,,,,,,,,
11,DKI Jakarta,10.711.809,5.555,2.116,3.416,5.532,"99,59",138,10,148,146,"98,65","0,01",,,,,,,,,,,,,,,,,
12,Jawa Barat,50.639.156,13.790,11.648,1.371,13.019,"94,41",478,20,498,494,"99,20","0,01",,,,,,,,,,,,,,,,,
13,Jawa Tengah,35.090.378,37.407,32.989,3.297,36.286,"97,00",695,236,931,919,"98,71","0,03",,,,,,,,,,,,,,,,,
14,DI Yogyakarta,4.021.816,18.738,14.283,122,14.405,"76,88",104,43,147,145,"98,64","0,04",,,,,,,,,,,,,,,,,
15,Jawa Timur,40.348.441,13.578,13.025,549,13.574,"99,97",548,31,579,577,"99,65","0,01",,,,,,,,,,,,,,,,,
16,Banten,13.251.533,976,70,723,793,"81,25",74,9,83,79,"95,18","0,01",,,,,,,,,,,,,,,,,
17,Bali,4.518.680,6.610,6.526,37,6.563,"99,29",23,5,28,25,"89,29","0,01",,,,,,,,,,,,,,,,,
18,Nusa Tenggara Barat,5.370.302,118.388,83.636,25.553,109.189,"92,23",403,94,497,488,"98,19","0,09",,,,,,,,,,,,,,,,,
19,Nusa Tenggara Timur,5.662.948,912.554,409.322,503.230,912.552,"100,00",9.103,6.709,15.812,15.793,"99,88","2,79",,,,,,,,,,,,,,,,,
20,Kalimantan Barat,5.220.211,37.957,17.651,20.238,37.889,"99,82",38,15,53,47,"88,68","0,01",,,,,,,,,,,,,,,,,
21,Kalimantan Tengah,2.757.697,13.777,5.340,8.417,13.757,"99,85",187,29,216,211,"97,69","0,08",,,,,,,,,,,,,,,,,
22,Kalimantan Selatan,4.370.444,15.853,5.791,9.882,15.673,"98,86",476,23,499,486,"97,39","0,11",,,,,,,,,,,,,,,,,
23,Kalimantan Timur,3.752.605,24.753,9.023,14.002,23.025,"93,02",2.965,298,3.263,3.041,"93,20","0,87",,,,,,,,,,,,,,,,,
24,Kalimantan Utara,734.112,5.266,1.014,3.853,4.867,"92,42",101,12,113,102,"90,27","0,15",,,,,,,,,,,,,,,,,
25,Sulawesi Utara,2.548.338,30.599,14.146,16.330,30.476,"99,60",691,378,1.069,1.064,"99,53","0,42",,,,,,,,,,,,,,,,,
26,Sulawesi Tengah,3.159.749,19.228,1.777,15.667,17.444,"90,72",115,58,173,162,"93,64","0,05",,,,,,,,,,,,,,,,,
27,Sulawesi Selatan,9.022.276,26.707,8.390,18.317,26.707,"100,00",1.421,315,1.736,1.679,"96,72","0,19",,,,,,,,,,,,,,,,,
28,Sulawesi Tenggara,2.782.882,24.298,6.503,17.291,23.794,"97,93",507,83,590,586,"99,32","0,21",,,,,,,,,,,,,,,,,
29,Gorontalo,1.205.341,22.905,6.529,16.376,22.905,"100,00",50,2,52,52,"100,00","0,04",,,,,,,,,,,,,,,,,
30,Sulawesi Barat,1.415.130,17.558,4.541,12.767,17.308,"98,58",235,6,241,215,"89,21","0,17",,,,,,,,,,,,,,,,,
31,Maluku,1.823.518,66.757,35.432,28.063,63.495,"95,11",695,424,1.119,1.039,"92,85","0,61",,,,,,,,,,,,,,,,,
32,Maluku Utara,1.285.374,21.675,11.828,9.846,21.674,"100,00",166,66,232,232,"100,00","0,18",,,,,,,,,,,,,,,,,
33,Papua Barat,1.031.676,256.637,113.207,141.457,254.664,"99,23",8.059,5.021,13.080,12.818,"98,00","12,68",,,,,,,,,,,,,,,,,
34,Papua,3.482.891,1.472.988,829.929,634.433,1.464.362,"99,41",220.729,173.072,393.801,364.756,"92,62","113,07",,,,,,,,,,,,,,,,,
Indonesia,,274.859.094,3.395.811,1.745.479,1.612.968,3.358.447,"98,90",253.448,190.082,443.530,412.783,"93,07","1,61",,,,,,,,,,,,,,,,,
No,Provinsi,Penderita Kronis Filariasis,,,,,,,,,,,,,,,,,,,,,,,,,,,,
,,Kasus Kronis TAHUN Sebelumnya,Kasus Kronis Baru Ditemukan,Kasus Kronis Pindah,Kasus Kronis Meninggal,Jumlah Seluruh Kasus Kronis,,,,,,,,,,,,,,,,,,,,,,,,
(1),(2),(3),(4),(5),(6),(8),,,,,,,,,,,,,,,,,,,,,,,,
1,Aceh,523,1,0,17,507,,,,,,,,,,,,,,,,,,,,,,,,
2,Sumatera Utara,194,5,4,132,63,,,,,,,,,,,,,,,,,,,,,,,,
3,Sumatera Barat,128,0,0,0,128,,,,,,,,,,,,,,,,,,,,,,,,
4,Riau,133,4,10,3,124,,,,,,,,,,,,,,,,,,,,,,,,
5,Jambi,215,11,0,2,224,,,,,,,,,,,,,,,,,,,,,,,,
6,Sumatera Selatan,109,0,0,0,109,,,,,,,,,,,,,,,,,,,,,,,,
7,Bengkulu,64,0,0,0,64,,,,,,,,,,,,,,,,,,,,,,,,
8,Lampung,34,0,0,0,34,,,,,,,,,,,,,,,,,,,,,,,,
9,Kepulauan Bangka Belitung,100,5,0,12,93,,,,,,,,,,,,,,,,,,,,,,,,
10,Kepulauan Riau,81,0,0,3,78,,,,,,,,,,,,,,,,,,,,,,,,
11,DKI Jakarta,20,2,0,1,21,,,,,,,,,,,,,,,,,,,,,,,,
12,Jawa Barat,588,33,88,109,424,,,,,,,,,,,,,,,,,,,,,,,,
13,Jawa Tengah,405,2,2,122,283,,,,,,,,,,,,,,,,,,,,,,,,
14,DI Yogyakarta,2,0,0,0,2,,,,,,,,,,,,,,,,,,,,,,,,
15,Jawa Timur,241,5,13,52,181,,,,,,,,,,,,,,,,,,,,,,,,
16,Banten,105,0,0,0,105,,,,,,,,,,,,,,,,,,,,,,,,
17,Bali,2,0,0,0,2,,,,,,,,,,,,,,,,,,,,,,,,
18,Nusa Tenggara Barat,10,0,0,3,7,,,,,,,,,,,,,,,,,,,,,,,,
19,Nusa Tenggara Timur,1.307,0,0,31,1.276,,,,,,,,,,,,,,,,,,,,,,,,
20,Kalimantan Barat,251,5,0,68,188,,,,,,,,,,,,,,,,,,,,,,,,
21,Kalimantan Tengah,49,0,0,1,48,,,,,,,,,,,,,,,,,,,,,,,,
22,Kalimantan Selatan,38,6,1,1,42,,,,,,,,,,,,,,,,,,,,,,,,
23,Kalimantan Timur,112,1,5,4,104,,,,,,,,,,,,,,,,,,,,,,,,
24,Kalimantan Utara,0,0,0,0,0,,,,,,,,,,,,,,,,,,,,,,,,
25,Sulawesi Utara,17,0,1,3,13,,,,,,,,,,,,,,,,,,,,,,,,
26,Sulawesi Tengah,141,8,0,0,149,,,,,,,,,,,,,,,,,,,,,,,,
27,Sulawesi Selatan,62,0,0,0,62,,,,,,,,,,,,,,,,,,,,,,,,
28,Sulawesi Tenggara,44,0,0,0,44,,,,,,,,,,,,,,,,,,,,,,,,
29,Gorontalo,2,0,0,1,1,,,,,,,,,,,,,,,,,,,,,,,,
30,Sulawesi Barat,54,10,0,0,64,,,,,,,,,,,,,,,,,,,,,,,,
31,Maluku,49,0,1,6,42,,,,,,,,,,,,,,,,,,,,,,,,
32,Maluku Utara,25,0,0,0,25,,,,,,,,,,,,,,,,,,,,,,,,
33,Papua Barat,620,0,0,0,620,,,,,,,,,,,,,,,,,,,,,,,,
34,Papua,3.629,0,0,14,3.615,,,,,,,,,,,,,,,,,,,,,,,,
Indonesia,,9.354,98,125,585,8.742,,,,,,,,,,,,,,,,,,,,,,,,
No,Provinsi,Jumlah Kabupaten/Kota Endemis Filariasis,Jumlah Kabupaten/Kota Berhasil Menurunkan Mikrofilaria < 1%,Persentase Kabupaten/Kota Berhasil Menurunkan Mikrofilaria < 1%,Jumlah Kabupaten/Kota yang Masih Melaksanakan POPM Filariasis,Persentase Kabupaten/Kota yang Masih Melaksanakan POPM Filariasis,Jumlah Kabupaten/Kota Eliminasi Filariasis,Persentase Kabupaten/Kota Eliminasi Filariasis,,,,,,,,,,,,,,,,,,,,,,
(1),(2),(3),(4),(5),(6),(7),(8),(9),,,,,,,,,,,,,,,,,,,,,,
1,Aceh,12,11,"91,67",0,"0,00",2,"16,67",,,,,,,,,,,,,,,,,,,,,,
2,Sumatera Utara,9,9,"100,00",0,"0,00",7,"77,78",,,,,,,,,,,,,,,,,,,,,,
3,Sumatera Barat,10,10,"100,00",0,"0,00",10,"100,00",,,,,,,,,,,,,,,,,,,,,,
4,Riau,10,10,"100,00",0,"0,00",10,"100,00",,,,,,,,,,,,,,,,,,,,,,
5,Jambi,5,5,"100,00",0,"0,00",4,"80,00",,,,,,,,,,,,,,,,,,,,,,
6,Sumatera Selatan,9,9,"100,00",0,"0,00",5,"55,56",,,,,,,,,,,,,,,,,,,,,,
7,Bengkulu,5,5,"100,00",0,"0,00",5,"100,00",,,,,,,,,,,,,,,,,,,,,,
8,Lampung,1,1,"100,00",0,"0,00",1,"100,00",,,,,,,,,,,,,,,,,,,,,,
9,Kepulauan Bangka Belitung,7,7,"100,00",0,"0,00",5,"71,43",,,,,,,,,,,,,,,,,,,,,,
10,Kepulauan Riau,3,2,"66,67",1,"33,33",1,"33,33",,,,,,,,,,,,,,,,,,,,,,
11,DKI Jakarta,0,0,-,0,-,0,-,,,,,,,,,,,,,,,,,,,,,,
12,Jawa Barat,11,11,"100,00",0,"0,00",8,"72,73",,,,,,,,,,,,,,,,,,,,,,
13,Jawa Tengah,9,8,"88,89",1,"11,11",0,"0,00",,,,,,,,,,,,,,,,,,,,,,
14,DI Yogyakarta,0,0,-,0,-,0,-,,,,,,,,,,,,,,,,,,,,,,
15,Jawa Timur,0,0,-,0,-,0,-,,,,,,,,,,,,,,,,,,,,,,
16,Banten,5,5,"100,00",0,"0,00",5,"100,00",,,,,,,,,,,,,,,,,,,,,,
17,Bali,0,0,-,0,-,0,-,,,,,,,,,,,,,,,,,,,,,,
18,Nusa Tenggara Barat,0,0,-,0,-,0,-,,,,,,,,,,,,,,,,,,,,,,
19,Nusa Tenggara Timur,18,17,"94,44",0,"0,00",3,"16,67",,,,,,,,,,,,,,,,,,,,,,
20,Kalimantan Barat,9,8,"88,89",0,"0,00",0,"0,00",,,,,,,,,,,,,,,,,,,,,,
21,Kalimantan Tengah,11,10,"90,91",1,"9,09",4,"36,36",,,,,,,,,,,,,,,,,,,,,,
22,Kalimantan Selatan,8,8,"100,00",0,"0,00",4,"50,00",,,,,,,,,,,,,,,,,,,,,,
23,Kalimantan Timur,6,6,"100,00",0,"0,00",3,"50,00",,,,,,,,,,,,,,,,,,,,,,
24,Kalimantan Utara,4,4,"100,00",0,"0,00",1,"25,00",,,,,,,,,,,,,,,,,,,,,,
25,Sulawesi Utara,0,0,-,0,-,0,-,,,,,,,,,,,,,,,,,,,,,,
26,Sulawesi Tengah,9,9,"100,00",0,"0,00",4,"44,44",,,,,,,,,,,,,,,,,,,,,,
27,Sulawesi Selatan,4,3,"75,00",1,"25,00",3,"75,00",,,,,,,,,,,,,,,,,,,,,,
28,Sulawesi Tenggara,12,12,"100,00",0,"0,00",6,"50,00",,,,,,,,,,,,,,,,,,,,,,
29,Gorontalo,6,6,"100,00",0,"0,00",4,"66,67",,,,,,,,,,,,,,,,,,,,,,
30,Sulawesi Barat,4,3,"75,00",0,"0,00",2,"50,00",,,,,,,,,,,,,,,,,,,,,,
31,Maluku,8,7,"87,50",1,"12,50",0,"0,00",,,,,,,,,,,,,,,,,,,,,,
32,Maluku Utara,6,6,"100,00",0,"0,00",1,"16,67",,,,,,,,,,,,,,,,,,,,,,
33,Papua Barat,12,1,"8,33",9,"75,00",0,"0,00",,,,,,,,,,,,,,,,,,,,,,
34,Papua,23,8,"34,78",13,"56,52",5,"21,74",,,,,,,,,,,,,,,,,,,,,,
Indonesia,,236,201,"85,17",27,"11,44",103,"43,64",,,,,,,,,,,,,,,,,,,,,,
No,Provinsi,Jumlah Kabupaten/Kota,Kabupaten/Kota Menerapkan KTR,,,,,,,,,,,,,,,,,,,,,,,,,,,
,,,Jumlah,%,,,,,,,,,,,,,,,,,,,,,,,,,,
(1),(2),(3),(4),(5),,,,,,,,,,,,,,,,,,,,,,,,,,
1,Aceh,23,14,"60,9",,,,,,,,,,,,,,,,,,,,,,,,,,
2,Sumatera Utara,33,13,"39,4",,,,,,,,,,,,,,,,,,,,,,,,,,
3,Sumatera Barat,19,16,"84,2",,,,,,,,,,,,,,,,,,,,,,,,,,
4,Riau,12,5,"41,7",,,,,,,,,,,,,,,,,,,,,,,,,,
5,Jambi,11,9,"81,8",,,,,,,,,,,,,,,,,,,,,,,,,,
6,Sumatera Selatan,17,16,"94,1",,,,,,,,,,,,,,,,,,,,,,,,,,
7,Bengkulu,10,9,"90,0",,,,,,,,,,,,,,,,,,,,,,,,,,
8,Lampung,15,11,"73,3",,,,,,,,,,,,,,,,,,,,,,,,,,
9,Kepulauan Bangka Belitung,7,7,"100,0",,,,,,,,,,,,,,,,,,,,,,,,,,
10,Kepulauan Riau,7,5,"71,4",,,,,,,,,,,,,,,,,,,,,,,,,,
11,DKI Jakarta,6,6,"100,0",,,,,,,,,,,,,,,,,,,,,,,,,,
12,Jawa Barat,27,23,"85,2",,,,,,,,,,,,,,,,,,,,,,,,,,
13,Jawa Tengah,35,24,"68,6",,,,,,,,,,,,,,,,,,,,,,,,,,
14,DI Yogyakarta,5,4,"80,0",,,,,,,,,,,,,,,,,,,,,,,,,,
15,Jawa Timur,38,22,"57,9",,,,,,,,,,,,,,,,,,,,,,,,,,
16,Banten,8,7,"87,5",,,,,,,,,,,,,,,,,,,,,,,,,,
17,Bali,9,9,"100,0",,,,,,,,,,,,,,,,,,,,,,,,,,
18,Nusa Tenggara Barat,10,7,"70,0",,,,,,,,,,,,,,,,,,,,,,,,,,
19,Nusa Tenggara Timur,22,10,"45,5",,,,,,,,,,,,,,,,,,,,,,,,,,
20,Kalimantan Barat,14,10,"71,4",,,,,,,,,,,,,,,,,,,,,,,,,,
21,Kalimantan Tengah,14,11,"78,6",,,,,,,,,,,,,,,,,,,,,,,,,,
22,Kalimantan Selatan,13,13,"100,0",,,,,,,,,,,,,,,,,,,,,,,,,,
23,Kalimantan Timur,10,8,"80,0",,,,,,,,,,,,,,,,,,,,,,,,,,
24,Kalimantan Utara,5,3,"60,0",,,,,,,,,,,,,,,,,,,,,,,,,,
25,Sulawesi Utara,15,6,"40,0",,,,,,,,,,,,,,,,,,,,,,,,,,
26,Sulawesi Tengah,13,12,"92,3",,,,,,,,,,,,,,,,,,,,,,,,,,
27,Sulawesi Selatan,24,23,"95,8",,,,,,,,,,,,,,,,,,,,,,,,,,
28,Sulawesi Tenggara,17,9,"52,9",,,,,,,,,,,,,,,,,,,,,,,,,,
29,Gorontalo,6,5,"83,3",,,,,,,,,,,,,,,,,,,,,,,,,,
30,Sulawesi Barat,6,4,"66,7",,,,,,,,,,,,,,,,,,,,,,,,,,
31,Maluku,11,8,"72,7",,,,,,,,,,,,,,,,,,,,,,,,,,
32,Maluku Utara,10,5,"50,0",,,,,,,,,,,,,,,,,,,,,,,,,,
33,Papua Barat,13,3,"23,1",,,,,,,,,,,,,,,,,,,,,,,,,,
34,Papua,29,3,"10,3",,,,,,,,,,,,,,,,,,,,,,,,,,
Indonesia,,514,340,"66,1",,,,,,,,,,,,,,,,,,,,,,,,,,
No,Provinsi,Jumlah Kabupaten/Kota,Kabupaten/Kota Menyelenggarakan UBM,,,,,,,,,,,,,,,,,,,,,,,,,,,
,,,Jumlah,%,,,,,,,,,,,,,,,,,,,,,,,,,,
(1),(2),(3),(4),(5),,,,,,,,,,,,,,,,,,,,,,,,,,
1,Aceh,23,6,"26,1",,,,,,,,,,,,,,,,,,,,,,,,,,
2,Sumatera Utara,33,13,"39,4",,,,,,,,,,,,,,,,,,,,,,,,,,
3,Sumatera Barat,19,8,"42,1",,,,,,,,,,,,,,,,,,,,,,,,,,
4,Riau,12,1,"8,3",,,,,,,,,,,,,,,,,,,,,,,,,,
5,Jambi,11,3,"27,3",,,,,,,,,,,,,,,,,,,,,,,,,,
6,Sumatera Selatan,17,5,"29,4",,,,,,,,,,,,,,,,,,,,,,,,,,
7,Bengkulu,10,1,"10,0",,,,,,,,,,,,,,,,,,,,,,,,,,
8,Lampung,15,7,"46,7",,,,,,,,,,,,,,,,,,,,,,,,,,
9,Kepulauan Bangka Belitung,7,3,"42,9",,,,,,,,,,,,,,,,,,,,,,,,,,
10,Kepulauan Riau,7,2,"28,6",,,,,,,,,,,,,,,,,,,,,,,,,,
11,DKI Jakarta,6,1,"16,7",,,,,,,,,,,,,,,,,,,,,,,,,,
12,Jawa Barat,27,9,"33,3",,,,,,,,,,,,,,,,,,,,,,,,,,
13,Jawa Tengah,35,1,"2,9",,,,,,,,,,,,,,,,,,,,,,,,,,
14,DI Yogyakarta,5,1,"20,0",,,,,,,,,,,,,,,,,,,,,,,,,,
15,Jawa Timur,38,9,"23,7",,,,,,,,,,,,,,,,,,,,,,,,,,
16,Banten,8,2,"25,0",,,,,,,,,,,,,,,,,,,,,,,,,,
17,Bali,9,3,"33,3",,,,,,,,,,,,,,,,,,,,,,,,,,
18,Nusa Tenggara Barat,10,6,"60,0",,,,,,,,,,,,,,,,,,,,,,,,,,
19,Nusa Tenggara Timur,22,10,"45,5",,,,,,,,,,,,,,,,,,,,,,,,,,
20,Kalimantan Barat,14,1,"7,1",,,,,,,,,,,,,,,,,,,,,,,,,,
21,Kalimantan Tengah,14,3,"21,4",,,,,,,,,,,,,,,,,,,,,,,,,,
22,Kalimantan Selatan,13,4,"30,8",,,,,,,,,,,,,,,,,,,,,,,,,,
23,Kalimantan Timur,10,3,"30,0",,,,,,,,,,,,,,,,,,,,,,,,,,
24,Kalimantan Utara,5,2,"40,0",,,,,,,,,,,,,,,,,,,,,,,,,,
25,Sulawesi Utara,15,1,"6,7",,,,,,,,,,,,,,,,,,,,,,,,,,
26,Sulawesi Tengah,13,7,"53,8",,,,,,,,,,,,,,,,,,,,,,,,,,
27,Sulawesi Selatan,24,8,"33,3",,,,,,,,,,,,,,,,,,,,,,,,,,
28,Sulawesi Tenggara,17,5,"29,4",,,,,,,,,,,,,,,,,,,,,,,,,,
29,Gorontalo,6,4,"66,7",,,,,,,,,,,,,,,,,,,,,,,,,,
30,Sulawesi Barat,6,1,"16,7",,,,,,,,,,,,,,,,,,,,,,,,,,
31,Maluku,11,0,"0,0",,,,,,,,,,,,,,,,,,,,,,,,,,
32,Maluku Utara,10,2,"20,0",,,,,,,,,,,,,,,,,,,,,,,,,,
33,Papua Barat,13,2,"15,4",,,,,,,,,,,,,,,,,,,,,,,,,,
34,Papua,29,0,"0,0",,,,,,,,,,,,,,,,,,,,,,,,,,
Indonesia,,514,134,"26,1",,,,,,,,,,,,,,,,,,,,,,,,,,
No,Provinsi,Jumlah Kabupaten/Kota,Jumlah Target Kabupaten/Kota,Kabupaten/Kota Melakukan Pelayanan PANDU,,,,,,,,,,,,,,,,,,,,,,,,,,
,,,,Jumlah,%,,,,,,,,,,,,,,,,,,,,,,,,,
(1),(2),(3),(4),(5),(6),,,,,,,,,,,,,,,,,,,,,,,,,
1,Aceh,23,14,21,"150,0",,,,,,,,,,,,,,,,,,,,,,,,,
2,Sumatera Utara,33,20,25,"125,0",,,,,,,,,,,,,,,,,,,,,,,,,
3,Sumatera Barat,19,11,9,"81,8",,,,,,,,,,,,,,,,,,,,,,,,,
4,Riau,12,7,3,"42,9",,,,,,,,,,,,,,,,,,,,,,,,,
5,Jambi,11,7,4,"57,1",,,,,,,,,,,,,,,,,,,,,,,,,
6,Sumatera Selatan,17,10,17,"170,0",,,,,,,,,,,,,,,,,,,,,,,,,
7,Bengkulu,10,6,8,"133,3",,,,,,,,,,,,,,,,,,,,,,,,,
8,Lampung,15,9,8,"88,9",,,,,,,,,,,,,,,,,,,,,,,,,
9,Kepulauan Bangka Belitung,7,4,6,"150,0",,,,,,,,,,,,,,,,,,,,,,,,,
10,Kepulauan Riau,7,4,7,"175,0",,,,,,,,,,,,,,,,,,,,,,,,,
11,DKI Jakarta,6,4,6,"150,0",,,,,,,,,,,,,,,,,,,,,,,,,
12,Jawa Barat,27,16,14,"87,5",,,,,,,,,,,,,,,,,,,,,,,,,
13,Jawa Tengah,35,21,20,"95,2",,,,,,,,,,,,,,,,,,,,,,,,,
14,Di Yogyakarta,5,3,4,"133,3",,,,,,,,,,,,,,,,,,,,,,,,,
15,Jawa Timur,38,23,33,"143,5",,,,,,,,,,,,,,,,,,,,,,,,,
16,Banten,8,5,7,"140,0",,,,,,,,,,,,,,,,,,,,,,,,,
17,Bali,9,5,5,"100,0",,,,,,,,,,,,,,,,,,,,,,,,,
18,Nusa Tenggara Barat,10,6,4,"66,7",,,,,,,,,,,,,,,,,,,,,,,,,
19,Nusa Tenggara Timur,22,13,12,"92,3",,,,,,,,,,,,,,,,,,,,,,,,,
20,Kalimantan Barat,14,8,9,"112,5",,,,,,,,,,,,,,,,,,,,,,,,,
21,Kalimantan Tengah,14,8,8,"100,0",,,,,,,,,,,,,,,,,,,,,,,,,
22,Kalimantan Selatan,13,8,8,"100,0",,,,,,,,,,,,,,,,,,,,,,,,,
23,Kalimantan Timur,10,6,4,"66,7",,,,,,,,,,,,,,,,,,,,,,,,,
24,Kalimantan Utara,5,3,2,"66,7",,,,,,,,,,,,,,,,,,,,,,,,,
25,Sulawesi Utara,15,9,4,"44,4",,,,,,,,,,,,,,,,,,,,,,,,,
26,Sulawesi Tengah,13,8,3,"37,5",,,,,,,,,,,,,,,,,,,,,,,,,
27,Sulawesi Selatan,24,14,19,"135,7",,,,,,,,,,,,,,,,,,,,,,,,,
28,Sulawesi Tenggara,17,10,5,"50,0",,,,,,,,,,,,,,,,,,,,,,,,,
29,Gorontalo,6,4,3,"75,0",,,,,,,,,,,,,,,,,,,,,,,,,
30,Sulawesi Barat,6,4,4,"100,0",,,,,,,,,,,,,,,,,,,,,,,,,
31,Maluku,11,7,2,"28,6",,,,,,,,,,,,,,,,,,,,,,,,,
32,Maluku Utara,10,6,1,"16,7",,,,,,,,,,,,,,,,,,,,,,,,,
33,Papua Barat,13,8,8,"100,0",,,,,,,,,,,,,,,,,,,,,,,,,
34,Papua,29,17,0,"0,0",,,,,,,,,,,,,,,,,,,,,,,,,
Indonesia,,514 308,,293,"95,1",,,,,,,,,,,,,,,,,,,,,,,,,
No,Provinsi,Jumlah Kabupaten/Kota,Jumlah Target Kabupaten/Kota,Kabupaten/Kota Melaksanakan Deteksi Dini Gangguan Indera pada ≥40% Populasi Tahun 2022,,,,,,,,,,,,,,,,,,,,,,,,,,
,,,,Jumlah,%,,,,,,,,,,,,,,,,,,,,,,,,,
(1),(2),(3),(4),(5),(6),,,,,,,,,,,,,,,,,,,,,,,,,
1,Aceh,23,14,5,"36,3",,,,,,,,,,,,,,,,,,,,,,,,,
2,Sumatera Utara,33,20,3,"15,2",,,,,,,,,,,,,,,,,,,,,,,,,
3,Sumatera Barat,19,11,1,"8,8",,,,,,,,,,,,,,,,,,,,,,,,,
4,Riau,12,7,0,"0,0",,,,,,,,,,,,,,,,,,,,,,,,,
5,Jambi,11,7,0,"0,0",,,,,,,,,,,,,,,,,,,,,,,,,
6,Sumatera Selatan,17,10,3,"29,4",,,,,,,,,,,,,,,,,,,,,,,,,
7,Bengkulu,10,6,0,"0,0",,,,,,,,,,,,,,,,,,,,,,,,,
8,Lampung,15,9,7,"77,9",,,,,,,,,,,,,,,,,,,,,,,,,
9,Kepulauan Bangka Belitung,7,4,4,"95,4",,,,,,,,,,,,,,,,,,,,,,,,,
10,Kepulauan Riau,7,4,1,"23,8",,,,,,,,,,,,,,,,,,,,,,,,,
11,DKI Jakarta,6,4,6,"166,9",,,,,,,,,,,,,,,,,,,,,,,,,
12,Jawa Barat,27,16,9,"55,6",,,,,,,,,,,,,,,,,,,,,,,,,
13,Jawa Tengah,35,21,12,"57,2",,,,,,,,,,,,,,,,,,,,,,,,,
14,DI Yogyakarta,5,3,1,"33,4",,,,,,,,,,,,,,,,,,,,,,,,,
15,Jawa Timur,38,23,29,"127,4",,,,,,,,,,,,,,,,,,,,,,,,,
16,Banten,8,5,5,"104,3",,,,,,,,,,,,,,,,,,,,,,,,,
17,Bali,9,5,1,"18,5",,,,,,,,,,,,,,,,,,,,,,,,,
18,Nusa Tenggara Barat,10,6,7,"116,8",,,,,,,,,,,,,,,,,,,,,,,,,
19,Nusa Tenggara Timur,22,13,5,"37,9",,,,,,,,,,,,,,,,,,,,,,,,,
20,Kalimantan Barat,14,8,3,"35,8",,,,,,,,,,,,,,,,,,,,,,,,,
21,Kalimantan Tengah,14,8,2,"23,8",,,,,,,,,,,,,,,,,,,,,,,,,
22,Kalimantan Selatan,13,8,6,"77,0",,,,,,,,,,,,,,,,,,,,,,,,,
23,Kalimantan Timur,10,6,3,"50,1",,,,,,,,,,,,,,,,,,,,,,,,,
24,Kalimantan Utara,5,3,0,"0,0",,,,,,,,,,,,,,,,,,,,,,,,,
25,Sulawesi Utara,15,9,5,"55,6",,,,,,,,,,,,,,,,,,,,,,,,,
26,Sulawesi Tengah,13,8,4,"51,3",,,,,,,,,,,,,,,,,,,,,,,,,
27,Sulawesi Selatan,24,14,6,"41,7",,,,,,,,,,,,,,,,,,,,,,,,,
28,Sulawesi Tenggara,17,10,3,"29,4",,,,,,,,,,,,,,,,,,,,,,,,,
29,Gorontalo,6,4,2,"55,6",,,,,,,,,,,,,,,,,,,,,,,,,
30,Sulawesi Barat,6,4,1,"27,8",,,,,,,,,,,,,,,,,,,,,,,,,
31,Maluku,11,7,0,"0,0",,,,,,,,,,,,,,,,,,,,,,,,,
32,Maluku Utara,10,6,1,"16,7",,,,,,,,,,,,,,,,,,,,,,,,,
33,Papua Barat,13,8,0,"0,0",,,,,,,,,,,,,,,,,,,,,,,,,
34,Papua,29,17,0,"0,0",,,,,,,,,,,,,,,,,,,,,,,,,
Indonesia,,514,308,135,"43,8",,,,,,,,,,,,,,,,,,,,,,,,,
No,Provinsi,Sanitasi Total Berbasis Masyarakat (STBM),,,,,,,,,,,,,,,,,,,,,,,,,,,,
,,Desa Melaksanakan STBM,,Desa Stop BABS (SBS),,,,,,,,,,,,,,,,,,,,,,,,,,
,,Jumlah,%,Jumlah,%,,,,,,,,,,,,,,,,,,,,,,,,,
(1),(2),(3),(4),(5),(6),,,,,,,,,,,,,,,,,,,,,,,,,
1,Aceh,4.940,"75,9",1.743,"27,0",,,,,,,,,,,,,,,,,,,,,,,,,
2,Sumatera Utara,4.752,"77,7",1.239,"20,0",,,,,,,,,,,,,,,,,,,,,,,,,
3,Sumatera Barat,1.114,"99,6",684,"61,0",,,,,,,,,,,,,,,,,,,,,,,,,
4,Riau,1.732,"93,0",1.175,"63,0",,,,,,,,,,,,,,,,,,,,,,,,,
5,Jambi,1.444,"92,4",989,"63,0",,,,,,,,,,,,,,,,,,,,,,,,,
6,Sumatera Selatan,2.854,"88,0",2.100,"64,0",,,,,,,,,,,,,,,,,,,,,,,,,
7,Bengkulu,1.296,"85,4",737,"48,0",,,,,,,,,,,,,,,,,,,,,,,,,
8,Lampung,2.281,"86,0",1.917,"73,0",,,,,,,,,,,,,,,,,,,,,,,,,
9,Kepulauan Bangka Belitung,393,"100,0",293,"75,0",,,,,,,,,,,,,,,,,,,,,,,,,
10,Kepulauan Riau,406,"97,4",138,"33,0",,,,,,,,,,,,,,,,,,,,,,,,,
11,DKI Jakarta,267,"100,0",45,"17,0",,,,,,,,,,,,,,,,,,,,,,,,,
12,Jawa Barat,5.686,"95,5",4.687,"79,0",,,,,,,,,,,,,,,,,,,,,,,,,
13,Jawa Tengah,8.552,"99,9",7.710,"90,0",,,,,,,,,,,,,,,,,,,,,,,,,
14,DI Yogyakarta,438,"100,0",438,"100,0",,,,,,,,,,,,,,,,,,,,,,,,,
15,Jawa Timur,8.498,"100,0",6.919,"81,0",,,,,,,,,,,,,,,,,,,,,,,,,
16,Banten,1.551,"100,0",412,"27,0",,,,,,,,,,,,,,,,,,,,,,,,,
17,Bali,716,"100,0",431,"60,2",,,,,,,,,,,,,,,,,,,,,,,,,
18,Nusa Tenggara Barat,1.152,"100,0",1.152,"100,0",,,,,,,,,,,,,,,,,,,,,,,,,
19,Nusa Tenggara Timur,3.166,"95,9",2.313,"70,0",,,,,,,,,,,,,,,,,,,,,,,,,
20,Kalimantan Barat,1.529,"72,7",384,"18,0",,,,,,,,,,,,,,,,,,,,,,,,,
21,Kalimantan Tengah,1.388,"88,6",495,"32,0",,,,,,,,,,,,,,,,,,,,,,,,,
22,Kalimantan Selatan,1.938,"96,5",960,"48,0",,,,,,,,,,,,,,,,,,,,,,,,,
23,Kalimantan Timur,869,"85,2",364,"36,0",,,,,,,,,,,,,,,,,,,,,,,,,
24,Kalimantan Utara,419,"87,3",181,"38,0",,,,,,,,,,,,,,,,,,,,,,,,,
25,Sulawesi Utara,1.760,"98,7",1.584,"89,0",,,,,,,,,,,,,,,,,,,,,,,,,
26,Sulawesi Tengah,1.625,"82,3",724,"37,0",,,,,,,,,,,,,,,,,,,,,,,,,
27,Sulawesi Selatan,3.047,"100,0",3.013,"99,0",,,,,,,,,,,,,,,,,,,,,,,,,
28,Sulawesi Tenggara,1.771,"79,3",1.375,"62,0",,,,,,,,,,,,,,,,,,,,,,,,,
29,Gorontalo,617,"84,6",181,"25,0",,,,,,,,,,,,,,,,,,,,,,,,,
30,Sulawesi Barat,603,"92,6",217,"33,0",,,,,,,,,,,,,,,,,,,,,,,,,
31,Maluku,1.034,"95,9",382,"35,0",,,,,,,,,,,,,,,,,,,,,,,,,
32,Maluku Utara,686,"57,5",243,"20,0",,,,,,,,,,,,,,,,,,,,,,,,,
33,Papua Barat,799,"55,2",493,"34,0",,,,,,,,,,,,,,,,,,,,,,,,,
34,Papua,1.314,"34,7",438,"12,0",,,,,,,,,,,,,,,,,,,,,,,,,
Indonesia,,70.637,"87,3",46.156,"57,0",,,,,,,,,,,,,,,,,,,,,,,,,
No,Provinsi,TFU Terdaftar,,,,TFU Yang Dilakukan Pengawasan Sesuai Standar,,,,,,,,,,,,,,,,,,,,,,,,
,,Sarana Pendidikan (SD/MI dan SMP/MTs),Pasar,Puskesmas,Jumlah TFU Terdaftar,Sarana Pendidikan (SD/MI dan SMP/MTs),,Pasar,,Puskesmas,,Jumlah Total,,,,,,,,,,,,,,,,,,
,,,,,,∑,%,∑,%,∑,%,∑,%,,,,,,,,,,,,,,,,,
(1),(2),(3),(4),(5),(6),(7),(8),(9),(10),(11),(12),(13),(14),,,,,,,,,,,,,,,,,
1,Aceh,621,39,117,777,459,"73,9",28,"71,8",90,"76,9",577,"74,3",,,,,,,,,,,,,,,,,
2,Sumatera Utara,724,53,109,886,502,"69,3",15,"28,3",70,"64,2",587,"66,3",,,,,,,,,,,,,,,,,
3,Sumatera Barat,888,47,59,994,573,"64,5",27,"57,4",23,"39,0",623,"62,7",,,,,,,,,,,,,,,,,
4,Riau,1.149,84,35,1268,799,"69,5",52,"61,9",25,"71,4",876,"69,1",,,,,,,,,,,,,,,,,
5,Jambi,753,60,43,856,670,"89,0",48,"80,0",40,"93,0",758,"88,6",,,,,,,,,,,,,,,,,
6,Sumatera Selatan,941,55,135,1131,721,"76,6",22,"40,0",118,"87,4",861,"76,1",,,,,,,,,,,,,,,,,
7,Bengkulu,377,47,45,469,365,"96,8",46,"97,9",42,"93,3",453,"96,6",,,,,,,,,,,,,,,,,
8,Lampung,1.427,82,147,1656,919,"64,4",51,"62,2",106,"72,1",1.076,"65,0",,,,,,,,,,,,,,,,,
9,Kepulauan Bangka Belitung,258,12,20,290,193,"74,8",11,"91,7",19,"95,0",223,"76,9",,,,,,,,,,,,,,,,,
10,Kepulauan Riau,552,26,37,615,466,"84,4",18,"69,2",29,"78,4",513,"83,4",,,,,,,,,,,,,,,,,
11,DKI Jakarta,953,21,67,1041,788,"82,7",11,"52,4",51,"76,1",850,"81,7",,,,,,,,,,,,,,,,,
12,Jawa Barat,6.228,133,347,6708,4,"0,1",86,"64,7",242,"69,7",4.299,"64,1",,,,,,,,,,,,,,,,,
13,Jawa Tengah,3.850,111,116,4077,3,"0,1",72,"64,9",93,"80,2",2.932,"71,9",,,,,,,,,,,,,,,,,
14,DI Yogyakarta,753,31,27,811,718,"95,4",28,"90,3",24,"88,9",770,"94,9",,,,,,,,,,,,,,,,,
15,Jawa Timur,5.872,196,167,6235,5,"0,1",159,"81,1",149,"89,2",5.230,"83,9",,,,,,,,,,,,,,,,,
16,Banten,1.495,38,72,1605,1,"0,1",28,"73,7",62,"86,1",1.094,"68,2",,,,,,,,,,,,,,,,,
17,Bali,201,22,25,248,175,"87,1",21,"95,5",19,"76,0",215,"86,7",,,,,,,,,,,,,,,,,
18,Nusa Tenggara Barat,969,48,120,1137,341,"35,2",10,"20,8",17,"14,2",368,"32,4",,,,,,,,,,,,,,,,,
19,Nusa Tenggara Timur,1.272,105,171,1548,310,"24,4",21,"20,0",48,"28,1",379,"24,5",,,,,,,,,,,,,,,,,
20,Kalimantan Barat,784,16,110,910,406,"51,8",6,"37,5",73,"66,4",485,"53,3",,,,,,,,,,,,,,,,,
21,Kalimantan Tengah,239,13,12,264,137,"57,3",10,"76,9",4,"33,3",151,"57,2",,,,,,,,,,,,,,,,,
22,Kalimantan Selatan,1.266,61,79,1406,686,"54,2",29,"47,5",46,"58,2",761,"54,1",,,,,,,,,,,,,,,,,
23,Kalimantan Timur,537,23,38,598,488,"90,9",22,"95,7",36,"94,7",546,"91,3",,,,,,,,,,,,,,,,,
24,Kalimantan Utara,324,11,33,368,268,"82,7",7,"63,6",21,"63,6",296,"80,4",,,,,,,,,,,,,,,,,
25,Sulawesi Utara,118,3,7,128,51,"43,2",0,"0,0",7,"100,0",58,"45,3",,,,,,,,,,,,,,,,,
26,Sulawesi Tengah,221,23,26,270,107,"48,4",12,"52,2",19,"73,1",138,"51,1",,,,,,,,,,,,,,,,,
27,Sulawesi Selatan,1.847,54,47,1948,1,"0,1",36,"66,7",32,"68,1",1.280,"65,7",,,,,,,,,,,,,,,,,
28,Sulawesi Tenggara,666,71,86,823,414,"62,2",52,"73,2",70,"81,4",536,"65,1",,,,,,,,,,,,,,,,,
29,Gorontalo,882,50,60,992,562,"63,7",20,"40,0",20,"33,3",602,"60,7",,,,,,,,,,,,,,,,,
30,Sulawesi Barat,211,15,10,236,137,"64,9",10,"66,7",5,"50,0",152,"64,4",,,,,,,,,,,,,,,,,
31,Maluku,664,23,108,795,471,"0,0",16,"69,6",81,"75,0",568,"71,4",,,,,,,,,,,,,,,,,
32,Maluku Utara,166,6,21,193,154,"92,8",4,"66,7",21,"100,0",179,"92,7",,,,,,,,,,,,,,,,,
33,Papua Barat,259,7,28,294,171,"66,0",4,"57,1",20,"71,4",195,"66,3",,,,,,,,,,,,,,,,,
34,Papua,539,28,104,671,408,"75,7",21,"75,0",80,"76,9",509,"75,9",,,,,,,,,,,,,,,,,
Indonesia,,38.006,1.614,2.628,42.248,12.473,"32,8",1.003,"62,1",1.802,"68,6",29.140,"69,0",,,,,,,,,,,,,,,,,
No,Provinsi,Jumlah RS dan Puskesmas,Jumlah RS dan Puskesmas yang Melakukan Pengelolaan Limbah Medis,%,,,,,,,,,,,,,,,,,,,,,,,,,,
(1),(2),(3),(4),(5),,,,,,,,,,,,,,,,,,,,,,,,,,
1,Aceh,435,146,"33,6",,,,,,,,,,,,,,,,,,,,,,,,,,
2,Sumatera Utara,826,132,"16,0",,,,,,,,,,,,,,,,,,,,,,,,,,
3,Sumatera Barat,361,101,"28,0",,,,,,,,,,,,,,,,,,,,,,,,,,
4,Riau,314,154,"49,0",,,,,,,,,,,,,,,,,,,,,,,,,,
5,Jambi,247,59,"23,9",,,,,,,,,,,,,,,,,,,,,,,,,,
6,Sumatera Selatan,433,141,"32,6",,,,,,,,,,,,,,,,,,,,,,,,,,
7,Bengkulu,204,82,"40,2",,,,,,,,,,,,,,,,,,,,,,,,,,
8,Lampung,400,331,"82,8",,,,,,,,,,,,,,,,,,,,,,,,,,
9,Kepulauan Bangka Belitung,91,68,"74,7",,,,,,,,,,,,,,,,,,,,,,,,,,
10,Kepulauan Riau,128,87,"68,0",,,,,,,,,,,,,,,,,,,,,,,,,,
11,DKI Jakarta,510,168,"32,9",,,,,,,,,,,,,,,,,,,,,,,,,,
12,Jawa Barat,1.499,395,"26,4",,,,,,,,,,,,,,,,,,,,,,,,,,
13,Jawa Tengah,1.214,690,"56,8",,,,,,,,,,,,,,,,,,,,,,,,,,
14,DI Yogyakarta,201,127,"63,2",,,,,,,,,,,,,,,,,,,,,,,,,,
15,Jawa Timur,1.379,868,"62,9",,,,,,,,,,,,,,,,,,,,,,,,,,
16,Banten,373,297,"79,6",,,,,,,,,,,,,,,,,,,,,,,,,,
17,Bali,194,118,"60,8",,,,,,,,,,,,,,,,,,,,,,,,,,
18,Nusa Tenggara Barat,218,38,"17,4",,,,,,,,,,,,,,,,,,,,,,,,,,
19,Nusa Tenggara Timur,486,140,"28,8",,,,,,,,,,,,,,,,,,,,,,,,,,
20,Kalimantan Barat,301,60,"19,9",,,,,,,,,,,,,,,,,,,,,,,,,,
21,Kalimantan Tengah,235,23,"9,8",,,,,,,,,,,,,,,,,,,,,,,,,,
22,Kalimantan Selatan,294,36,"12,2",,,,,,,,,,,,,,,,,,,,,,,,,,
23,Kalimantan Timur,247,132,"53,4",,,,,,,,,,,,,,,,,,,,,,,,,,
24,Kalimantan Utara,70,22,"31,4",,,,,,,,,,,,,,,,,,,,,,,,,,
25,Sulawesi Utara,254,81,"31,9",,,,,,,,,,,,,,,,,,,,,,,,,,
26,Sulawesi Tengah,257,95,"37,0",,,,,,,,,,,,,,,,,,,,,,,,,,
27,Sulawesi Selatan,590,320,"54,2",,,,,,,,,,,,,,,,,,,,,,,,,,
28,Sulawesi Tenggara,341,125,"36,7",,,,,,,,,,,,,,,,,,,,,,,,,,
29,Gorontalo,112,60,"53,6",,,,,,,,,,,,,,,,,,,,,,,,,,
30,Sulawesi Barat,112,21,"18,8",,,,,,,,,,,,,,,,,,,,,,,,,,
31,Maluku,258,14,"5,4",,,,,,,,,,,,,,,,,,,,,,,,,,
32,Maluku Utara,170,14,"8,2",,,,,,,,,,,,,,,,,,,,,,,,,,
33,Papua Barat,188,26,"13,8",,,,,,,,,,,,,,,,,,,,,,,,,,
34,Papua,504,53,"10,5",,,,,,,,,,,,,,,,,,,,,,,,,,
Indonesia,,13.446,5.224,"38,9",,,,,,,,,,,,,,,,,,,,,,,,,,
No,Provinsi,Jumlah Kabupaten/Kota,Jumlah Kabupaten/Kota Melaksanakan Kebijakan Germas,%,,,,,,,,,,,,,,,,,,,,,,,,,,
(1),(2),(3),(4),(5),,,,,,,,,,,,,,,,,,,,,,,,,,
1,Aceh,23,9,"39,1",,,,,,,,,,,,,,,,,,,,,,,,,,
2,Sumatera Utara,33,24,"72,7",,,,,,,,,,,,,,,,,,,,,,,,,,
3,Sumatera Barat,19,13,"68,4",,,,,,,,,,,,,,,,,,,,,,,,,,
4,Riau,12,11,"91,7",,,,,,,,,,,,,,,,,,,,,,,,,,
5,Jambi,11,6,"54,5",,,,,,,,,,,,,,,,,,,,,,,,,,
6,Sumatera Selatan,17,13,"76,5",,,,,,,,,,,,,,,,,,,,,,,,,,
7,Bengkulu,10,10,"100,0",,,,,,,,,,,,,,,,,,,,,,,,,,
8,Lampung,15,15,"100,0",,,,,,,,,,,,,,,,,,,,,,,,,,
9,Kepulauan Bangka Belitung,7,5,"71,4",,,,,,,,,,,,,,,,,,,,,,,,,,
10,Kepulauan Riau,7,7,"100,0",,,,,,,,,,,,,,,,,,,,,,,,,,
11,DKI Jakarta,6,6,"100,0",,,,,,,,,,,,,,,,,,,,,,,,,,
12,Jawa Barat,27,24,"88,9",,,,,,,,,,,,,,,,,,,,,,,,,,
13,Jawa Tengah,35,35,"100,0",,,,,,,,,,,,,,,,,,,,,,,,,,
14,DI Yogyakarta,5,5,"100,0",,,,,,,,,,,,,,,,,,,,,,,,,,
15,Jawa Timur,38,38,"100,0",,,,,,,,,,,,,,,,,,,,,,,,,,
16,Banten,8,7,"87,5",,,,,,,,,,,,,,,,,,,,,,,,,,
17,Bali,9,8,"88,9",,,,,,,,,,,,,,,,,,,,,,,,,,
18,Nusa Tenggara Barat,10,10,"100,0",,,,,,,,,,,,,,,,,,,,,,,,,,
19,Nusa Tenggara Timur,22,1,"4,5",,,,,,,,,,,,,,,,,,,,,,,,,,
20,Kalimantan Barat,14,4,"28,6",,,,,,,,,,,,,,,,,,,,,,,,,,
21,Kalimantan Tengah,14,12,"85,7",,,,,,,,,,,,,,,,,,,,,,,,,,
22,Kalimantan Selatan,13,12,"92,3",,,,,,,,,,,,,,,,,,,,,,,,,,
23,Kalimantan Timur,10,7,"70,0",,,,,,,,,,,,,,,,,,,,,,,,,,
24,Kalimantan Utara,5,1,"20,0",,,,,,,,,,,,,,,,,,,,,,,,,,
25,Sulawesi Utara,15,3,"20,0",,,,,,,,,,,,,,,,,,,,,,,,,,
26,Sulawesi Tengah,13,13,"100,0",,,,,,,,,,,,,,,,,,,,,,,,,,
27,Sulawesi Selatan,24,16,"66,7",,,,,,,,,,,,,,,,,,,,,,,,,,
28,Sulawesi Tenggara,17,16,"94,1",,,,,,,,,,,,,,,,,,,,,,,,,,
29,Gorontalo,6,5,"83,3",,,,,,,,,,,,,,,,,,,,,,,,,,
30,Sulawesi Barat,6,2,"33,3",,,,,,,,,,,,,,,,,,,,,,,,,,
31,Maluku,11,4,"36,4",,,,,,,,,,,,,,,,,,,,,,,,,,
32,Maluku Utara,10,10,"100,0",,,,,,,,,,,,,,,,,,,,,,,,,,
33,Papua Barat,13,1,"7,7",,,,,,,,,,,,,,,,,,,,,,,,,,
34,Papua,29,0,"0,0",,,,,,,,,,,,,,,,,,,,,,,,,,
Indonesia,,514,353,"68,7",,,,,,,,,,,,,,,,,,,,,,,,,,
