600.9,996.8,,,,,,,,,,,,,,,,,,,,,,,,,,,,,,,,,
,,24.000 GAMB2A3R.7 340.1 3 23.800 23.639 23.682 JUMLAH FKTP BEKERJASAMA DENGAN BPJS KESEHATA 23.600 23.430 INDONESIA 23.366 23.400 TAHUN 2017-2024 23.200,,,,,,,,,,,,,,,,,,,,,,,,,,,,,,,,
,,,,,,,,,,,,,,,,,,DEN NES 2017,,,,,,,,,,,,,,,,
,,,,,,,,,,,,,,,,,,,,,,4,,,,,,,,,,,,
"23.043 24.000 23.000 24.000 23.800 22.800 2 234.8.00000 23.730 23.639 23.62 8 23 32.7 .7 3 30 0 2 22.600 22.482 2 233.6.80000 23.430 2 23.366 23.600 23.4 3220. 400 2 233.4.60000 23.430 23.366 23.366 2 233.2.40000 23.043 23.400 22.200 2 233.0.20000 23.043 23.200 22.000 23.043 2 223.8.00000 2018 222.62.80000109 22.428022 0 2021 2022 2023 2 23.000 2 222.4.60000 22.482 22.800 Sumber: BPJS Ke 2s 22e2.2. h4000a0 tan, Desember 2024 2 222.0.20000 22.600 22.482 22.000 2018 2019 2020 2021 2022 2 Jumlah FKTP yang bekerjasama dengan BPJ 2018 2019 2020 2021 2022 22.400 sebanyak 22.4S8u2m FbKeTr:P B pPJaSd Kae steahhautann 2, D0e1s8e mmbeenr j2a0d2i4 2 3. 22.200 sama dengan BSu Pm JSb e Kr: e B sP eJ hS aK te ase nh a tt ea rn b, aD nes ye am kb Saeumr d 2ba0elra2: 4 hB P JPS Jumlah FKTP yang bekerjasama denga 22.000 Pratama sebesseabra n3y2akJ,2u 2m72%.l 4ah 8, 2Fd FKiKiTkTPuP y tpaia n ddg a e b tnae hgke uar nnj a 2 s 0Da 1mo8ka m tdeee nrn jagP Jumlah FKTP yang bekerjasama den 2018 2019 2020 seb2a0n2y1ak 22.240822 2FKTP p2a0d2a3 tahun2 2002148 menj mencerminkans da apm reia r sad ene bn apg nauynsa kkB eP 2sJ 2Sm. 4Ka8e 2ss edFh Kaa Tnt Pa k n pl iatne dir akb a tsanehybuaak n g a 2ad 0ia 1 sama dengan BPJS Kesehatan terbanyak ad",,23.000 24.000 22.800 2 234.8.00000 22.600 22.482 2 233.6.80000 .4 3220. 400 2 233.4.60000 23.366 2 233.2.40000 22.200 2 233.0.20000 22.000 23.043 2 223.8.00000 2018 222.62.80000109 2,,,,,,,23.043,,,,,,,,,,,,,,,,,,,,,,,,,
,,,,,,24. 2 234. 2 2 233. 2 233. 23 2 233. 2 233.,,,,,,,,,,,,,,,,,,,,,,,,,,,,
,,,,,,,,000 8.00000 6.80000 4.60000 .366 2.40000,2,,3.73 2,,0 3.430,23. 0 23 2,,63,,9 23.3 23 3,,23.6,,23.730,,,2 0 2,,3.639 3.639,,,23. 23,,68 .6,,h
,,,,,,,,,,,,,,,,,,,,,,82 23.73,,,,,,,,,,,,
,,,,,,,,,,,,,23.43,,,.043 3.04,,,,66 .366,,,,,,,,,,,,,,
,,,,,,,,,,,,,,,,,,,23,.36,,,,,,,,,,,,,,
,2 2 Sum seba sam,2 2,,,,,,,,,,,,,,,,,,,,,,,,,,,,,,,,
,,,,,,,2 233.,0.20000,,,,,,,2,3.0,,,,,,,,,,,,,,,,,,
,,,,,,8,2 223.8.00000 222.62.80000109 2,,22. 2,,428022 0 2.482,,2,02,1,,,20,22,,,2,0,23,,,20,2,4,,,,,
,,,,,,,,,,2,2.48,,,,,,,,,,,,,,,,,,,,,,,
,,,ber J nya a d,: BPJ umla k 22. enga,S Ke h F 4S8u2 Su n B,e F,2 222.4.60000 2s 22e2.2. h4000a0 2 222.0.20000 22.000 KTP y,,tan 20 an,,,es,em,b,e,r 2,,02,4,,,,,,,,,,,,,,,
,,,,,,,,,,n,", D",,,,,,,,,,,,,,,,,,,,,,,
,,,,,,,,,,,18 g be,,2019 ker,2020 jasam,,,,202 a d,,1 20 engan,,,,22 2 BPJ,,,023 20 S pad,,,,,,,
,,,,,,,,,2,,018,,2019,2020,,,,20,,21 2,,,,022,,,2023 2,,,,,,,
,,,,,,,m FbKeTr:P mber: PJS K Ju,,B pPJaS BPJ ese mla,,d Kae stea S Kes hata h FKT,,hhaut eha n t P y,"ann 2, D0e1s tan, De erban ang bek",,,,8e mmb sem yak erja,,eenr j2a0d2 bSaeumr 2ba0elr d sama,,,,,,,,,,,,,,
"RS Tipe D Lainnya Pratama 5,13% 0G,22A%MBAR 4.14 PERSENTASE FKTP BEKERJA SAMA Dokter DENGAN BPJS DI INDPOraNktikE SIA TAHUN 2024Perorangan 19,63% Puskesmas",,,,,,,,,,,,,,,,,,,,,,,,,,,,,,,,,,
"42,75% RS Tipe D LainKnliynaik PratamaR PS aT ti ap me aD L 5a ,i 51n 3n ,P 1%yra 3a %tama r 0R P,S2 a2T t%i ap me aD L 5a ,i 1n 33n %2ya,27% 0,22% r 0,22% Dokter Praktik PeroDDraoonkgtkeartn er 19PP,6rra3ak%tkikt ik Perorangan Puskesmas Pe1r9o,6r3a%ngan 42,75%",,,,,,,,,,,,,,,,,,,,,,,,,,,,,,,,,,
,,RS Tipe D LainKnliynaik RS Tipe D LainnPyraatama,,,,,,,,,,,,,,,,,,,,,,,,,,,,,,,,
,,"PratamaPratama 5,513,1%3% 0R P,S2 a2T t%i ap me aD L 5a ,i 1n 33n %2ya,27% 0,22% r 0,22% Dokter Praktik PeroDDraoonkgtkeartn er 19PP,6rra3ak%tkikt ik Perorangan Puskesmas Pe1r9o,6r3a%ngan 42,75%",,,,,,,,,,,,,,,,,,,,,,,,,,,,,,,,
,,"Puskesmas 1Kli9ni,k6 3% 42,75% Pratama Puskesmas 32,K2l7in%ik Pratama 42,75% 32,27% Klinik Pratama 32,27%",,,,,,,,,,,,,,,,,,,,,,,,,,,,,,,,
,,24 mengalami peningkata,,,,,,,,,,,,,,,,,,,,,,,,,,,,,,,,
"m mendukung layanan Kese ngenai FKTP yang bekerja Klinik pada LampUKtlKaini lminrikaika n 1R9S .b. U14tU,a3tam6m%aa PemerRinSR taSh Khusus141,43,366%% PP2e5 em, m3e3re%inrtianhtah RS 25,33% R1S1 ,K0h1u%sus 25,33% RS Khusus RS 1TN1,I0 P1O%LRI 11,01% GRSA5 T,1N2MI% POLBRI AR 4.16 RS TNI5 P,1O2%LRI RS Swasta ENTAS5E,12 F%KRTLR4S4 ,S1 Bw8%aEstaKERJA SA 44,18% RS Swasta ENGAN BPJS K44E,18S%EHATAN",,,,,,,,,,,,,,,,,,,,,,,,,,,,,,,,,,
,"ngenai FKTP yang bekerja Klinik ada LampUKtlKaini lminrikaika n 1R9S .b. U14tU,a3tam6m%aa PemerRinSR taSh Khusus141,43,366%% PP2e5 em, m3e3re%inrtianhtah RS 25,33% R1S1 ,K0h1u%sus 25,33% RS Khusus RS 1TN1,I0 P1O%LRI 11,01% GRSA5 T,1N2MI% POLBRI AR 4.16 RS TNI5 P,1O2%LRI RS Swasta NTAS5E,12 F%KRTLR4S4 ,S1 Bw8%aEstaKERJA SA 44,18% RS Swasta ENGAN BPJS K44E,18S%EHATAN",,,,,,,,,,,,,,,,,,,,,,,,,,,,,,,,,
,,"enai FKTP yang beker Klinik da LampUKtlKaini lminrikaika n 1R9S .b. U14tU,a3tam6m%aa PemerRinSR taSh Khusus141,43,366%% PP2e5 em, m3e3re%inrtianhtah RS 25,33% R1S1 ,K0h1u%sus 25,33% RS Khusus RS 1TN1,I0 P1O%LRI 11,01% GRSA5 T,1N2MI% POLBRI AR 4.16 RS TNI5 P,1O2%LRI RS Swasta TAS5E,12 F%KRTLR4S4 ,S1 Bw8%aEstaKERJA S 44,18% RS Swasta GAN BPJS K44E,18S%EHATAN",,,,,,,,,,,,,,,,,,,,,,,,,,,,,,,,
,I,NDONESIA TAHUN 202,4,,,,,,,,,,,,,,,,,,,,,,,,,,,,,,,
3.500,,,,,,,,,,,,,,,,,,,,,,,,,,,,,,,,,,
ata dan informasi yang leb 3i .1h 0r i3n.1c6i 2 32..916230 3.162 3.500 2.29.68039 3.120 3.16 a 3.h000un 2 550 2 2.4 2s 9. e802le.95 0n7g k 2a .8p 09n y2a.9 6d3 apat dili 2.4 45 3.000 .24.5050 9 2.24.5550 72 .459 2.507 2.500 2.000 2.000 1.500 R 4.15 1.500 1.000 A 1S.00A0 MA DENGAN BPJS P 500 500 SIA - TAHUN 2017-2023 - 2018 2019 2020 2021 2022 2023 2024 2018 2019 2020 2021 2022 2023 202,,,,,,,,,,,,,,,,,,,,,,2 2 h ER,,m a,,,,,,,,,,
,,,,,,,,,,,,,,,,,3.12 apa,,,,3.16,,,,,,,,,,,,,
,,,,,,,,,,,ka 2.8,,,,ya,,,pa,t,,ili P,E,,,,,,,,,,,,
,,,,,,,,,,7,BP,,,,,,,,,,,,,,,,,,,,,,,
,,2.24.55 15 MA,,,,72 .45 DE,,9 NG,2.50,,,P,J,,,,,,,,,,,,,,,,,,,,,
2.000 2.000 1.500 R 1.500 1.000 A 1S.000 500 500 SIA - -,,,1 M,5 A,,,E,,AN,,,,,,,,,,,,,,,,,,,,,,,,,
,T 20 2,,,A,H,U,N,20,17,-2,,0,2,3,,,,,,,,,,,,,,,,,,,,
,,,,18 018,,2019 201,,2 9,020 2020,202 20,,,1 21,,2022 202,2 2 2,,023 023,,2024 202,,4,,,,,,,,,,,,
"Optik Optik 21,56% 21,56% ApoteAkpotek 78,44% 78,44%","Optik Optik 21,56% 21,56% ApoteAkpotek 78,44% 78,44%",,,,,,,,,,,,,,,,,,,,,,,,,,,,,,,,,
,,,,,,,,,,,,,,5.64,,,,,,,,,,,,,,,,,,,,
,,,,,,,,,,,5.4,,,,,,,,,,,,,,,,,,,,,,,
,,,,,,,,5 2,,,,,,,,,,,,,,,,,,,,,,,,,,
,,,,,,701,,,,,,,,,,,,,,,,,,,,,,,,,,,,
,,,.398,,,,,,,,,,,,,,,,,,,,,,,,,,,,,,,
,,,,,apai No,. Jenis Iuran (Segmen) TABEL 4.2,,,Pendapatan Iuran (juta rupiah),,,,,,,,,,,,,,,,,,,,,,,,,
,,,,,,,,,2023,,,2024,,,,,,,,,,,,,,,,,,,,,,
,,,,,1 NDA,P,Penerima Bantuan Iuran (PBI) ATAN IURAN BPJS KESEHATAN BERDASARK,A,45.621.222 N SEGMEN KEP,E,S,48.506.458 ERTAAN,,,,,,,,,,,,,,,,,,,,,,
,,,,,2,,PBPU Pemerintah Daerah,,16.128.062,,,18.758.843,,,,,,,,,,,,,,,,,,,,,,
,,,,,,,DI INDONESIA TAHUN 2023,,– 2024,,,,,,,,,,,,,,,,,,,,,,,,,
No,,,,,3,,Bantuan Iuran,,,,,,,,,,ah),,,,,,,,,,,,,,,,,
,,,,,,,a. BantuaJne Inuirsa nIu Preamne (rSinetaghm aetans) P BPU & BP Mandiri,,Pendapata 1.114.515,n,I,uran (juta rup 281.892,,,,i,,,,,,,,,,,,,,,,,,
,,,,,,,b. Bantuan Iuran PemerinPtraohfi la Kteasse PhaBtPaUn IPnedomndeasi a 2024,,| BAB3 I2 .V10 .9 P2 7E3 .M3 2B8I,A,Y,A,A,N,2024 KES3E.7H4A1T.A9N5 8,,| 10,1,,,,,,,,,,,,,,,,
,1,,,Pen,e4r i,m,aB uBkaann tPuBaI n Iuran (PBI),,45.621.,2,2,2,,,48.50,,6.458,,,,,,,,,,,,,,,,,
,2,,,PB,PU P,e,ma. ePPriUn tPaehn yDelaeenrgagahr a Negara,,271.679.162.787.5,0,6,2,,,30.97188.3.1785,,8.843,,,,,,,,,,,,,,,,,
,3,,,Ban,tua,n,b. BP Penyelenggara Negara Iuran,,2.218.412,,,,,,2.582.814,,,,,,,,,,,,,,,,,,,
,,,,c. PPU Badan Usaha a. Bantuan Iuran Pemerintah atas PBPU & BP Mandiri,,,c. PPU Badan Usaha,,41.969.916,,,,,,45.917.453,,,,,,,,,,,,,,,,,,,
,,,,,,,,,1.114.515,,,,,,,,,,,,,,,,,,,,,,,,,
,,,,b. Bantuan Iuran Pemerintah atas PBPU Pemda,,,,,3.197.328,,,,,,103 3.741.958,,,,,,,,,,,,,,,,,,,
,4,,,Bukan PBI,,,,,,,,,,,,,,,,,,,,,,,,,,,,,,
,,,,a. PPU Penyelenggara Negara,,,,,27.796.775,,,,,,30.978.318,,,,,,,,,,,,,,,,,,,
,,,,b. BP Penyelenggara Negara,,,,,2.218.412,,,,,,2.582.814,,,,,,,,,,,,,,,,,,,
,,,,c. PPU Badan Usaha,,,,,41.969.916,,,,,,45.917.453,,,,,,,,,,,,,,,,,,,
,70.000 57.667 60.000 47.131 46.445 50.000 40.000 25.449 30.000 18.707 20.000 7.531 5.604 10.000 3.564 2.339 1.489 0 Pa Swasta PNS Petani ig jn a D TNI/POLRI Lain-lain Rumah Tangg egawai Ped Pa ega nsn unan/Lain P- eL la ai Mah ga asi ws aiw N/ BU M M ar/ BU Ibu e P,,,,,,,,,,,,,,,,,,,,,,,,,,,,,,,,,
,,,,,,66,",00",,"9 91,93 91,00 87,83 6 7",,,,,,,,,,,,,,,,,,,,,,,,,
,,,,,,,,"83,2 83,1 81,17 80,94 80,65 80,20 80",,,,,,,,,,,,,,,,,,,,,,,,,,
,,,,,,,"74, 70,51 25 9",,,,,,,,,,,,,,,,,,,,,,,,,,,
,,,,,,"65, 63,6 63,00 60,98 60,63 59,52 58,33 7,58 ,98 9",,,,,,,,,,,,,,,,,,,,,,,,,,,,
,,,,,"5 55 54,3 51,47 50,67 49,81 49,58 6,96 ,26 ,08 47",,,,,,,,,,,,,,,,,,,,,,,,,,,,,
,,,,"4 46 46 44, 6,17",,,,,,,,,,,,,,,,,,,,,,,,,,,,,,
,,,"3 30,06 1",,,,,,,,,,,,,,,,,,,,,,,,,,,,,,,
,,"23,9 20,69 20,30 19,35 19,29",,,,,,,,,,,,,,,,,,,,,,,,,,,,,,,,
"4,7",9,,,,,,,,,,,,,,,,,,,,,,,,,,,,,,,,,
No,Provinsi,Jumlah UTD,,,,,,,,,,,,,,,,,,,,,,,,,,,,,,,,
,,Pemerintah/ Pemerintah Daerah,Palang Merah Indonesia (PMI),Jumlah,,,,,,,,,,,,,,,,,,,,,,,,,,,,,,
(1),(2),(3),(4),(5),,,,,,,,,,,,,,,,,,,,,,,,,,,,,,
(cid:883),(cid:4)(cid:133)(cid:135)(cid:138),(cid:882),(cid:884),(cid:884),,,,,,,,,,,,,,,,,,,,,,,,,,,,,,
(cid:884),(cid:22)(cid:151)(cid:143)(cid:131)(cid:150)(cid:135)(cid:148)(cid:131)(cid:3)(cid:24)(cid:150)(cid:131)(cid:148)(cid:131),(cid:882),(cid:885),(cid:885),,,,,,,,,,,,,,,,,,,,,,,,,,,,,,
(cid:885),(cid:22)(cid:151)(cid:143)(cid:131)(cid:150)(cid:135)(cid:148)(cid:131)(cid:3)(cid:5)(cid:131)(cid:148)(cid:131)(cid:150),(cid:882),(cid:882),(cid:882),,,,,,,,,,,,,,,,,,,,,,,,,,,,,,
(cid:886),(cid:21)(cid:139)(cid:131)(cid:151),(cid:882),(cid:883),(cid:883),,,,,,,,,,,,,,,,,,,,,,,,,,,,,,
(cid:887),(cid:13)(cid:131)(cid:143)(cid:132)(cid:139),(cid:882),(cid:882),(cid:882),,,,,,,,,,,,,,,,,,,,,,,,,,,,,,
(cid:888),(cid:22)(cid:151)(cid:143)(cid:131)(cid:150)(cid:135)(cid:148)(cid:131)(cid:3)(cid:22)(cid:135)(cid:142)(cid:131)(cid:150)(cid:131)(cid:144),(cid:882),(cid:882),(cid:882),,,,,,,,,,,,,,,,,,,,,,,,,,,,,,
(cid:889),(cid:5)(cid:135)(cid:144)(cid:137)(cid:141)(cid:151)(cid:142)(cid:151),(cid:882),(cid:885),(cid:885),,,,,,,,,,,,,,,,,,,,,,,,,,,,,,
(cid:890),(cid:15)(cid:131)(cid:143)(cid:146)(cid:151)(cid:144)(cid:137),(cid:883),(cid:887),(cid:888),,,,,,,,,,,,,,,,,,,,,,,,,,,,,,
(cid:891),(cid:14)(cid:135)(cid:146)(cid:151)(cid:142)(cid:131)(cid:151)(cid:131)(cid:144)(cid:3)(cid:5)(cid:131)(cid:144)(cid:137)(cid:141)(cid:131)(cid:3)(cid:5)(cid:135)(cid:142)(cid:139)(cid:150)(cid:151)(cid:144)(cid:137),(cid:882),(cid:884),(cid:884),,,,,,,,,,,,,,,,,,,,,,,,,,,,,,
(cid:883)(cid:882),(cid:14)(cid:135)(cid:146)(cid:151)(cid:142)(cid:131)(cid:151)(cid:131)(cid:144)(cid:3)(cid:21)(cid:139)(cid:131)(cid:151),(cid:882),(cid:884),(cid:884),,,,,,,,,,,,,,,,,,,,,,,,,,,,,,
(cid:883)(cid:883),(cid:7)(cid:14)(cid:12)(cid:3)(cid:13)(cid:131)(cid:141)(cid:131)(cid:148)(cid:150)(cid:131),(cid:882),(cid:883),(cid:883),,,,,,,,,,,,,,,,,,,,,,,,,,,,,,
(cid:883)(cid:884),(cid:13)(cid:131)(cid:153)(cid:131)(cid:3)(cid:5)(cid:131)(cid:148)(cid:131)(cid:150),(cid:882),(cid:883)(cid:887),(cid:883)(cid:887),,,,,,,,,,,,,,,,,,,,,,,,,,,,,,
(cid:883)(cid:885),(cid:13)(cid:131)(cid:153)(cid:131)(cid:3)(cid:23)(cid:135)(cid:144)(cid:137)(cid:131)(cid:138),(cid:882),(cid:884)(cid:888),(cid:884)(cid:888),,,,,,,,,,,,,,,,,,,,,,,,,,,,,,
(cid:883)(cid:886),(cid:7)(cid:12)(cid:3)(cid:28)(cid:145)(cid:137)(cid:155)(cid:131)(cid:141)(cid:131)(cid:148)(cid:150)(cid:131),(cid:882),(cid:887),(cid:887),,,,,,,,,,,,,,,,,,,,,,,,,,,,,,
(cid:883)(cid:887),(cid:13)(cid:131)(cid:153)(cid:131)(cid:3)(cid:23)(cid:139)(cid:143)(cid:151)(cid:148),(cid:883),(cid:884)(cid:891),(cid:885)(cid:882),,,,,,,,,,,,,,,,,,,,,,,,,,,,,,
(cid:883)(cid:888),(cid:5)(cid:131)(cid:144)(cid:150)(cid:135)(cid:144),(cid:882),(cid:887),(cid:887),,,,,,,,,,,,,,,,,,,,,,,,,,,,,,
(cid:883)(cid:889),(cid:5)(cid:131)(cid:142)(cid:139),(cid:882),(cid:890),(cid:890),,,,,,,,,,,,,,,,,,,,,,,,,,,,,,
(cid:883)(cid:890),(cid:17)(cid:151)(cid:149)(cid:131)(cid:3)(cid:23)(cid:135)(cid:144)(cid:137)(cid:137)(cid:131)(cid:148)(cid:131)(cid:3)(cid:5)(cid:131)(cid:148)(cid:131)(cid:150),(cid:883),(cid:884),(cid:885),,,,,,,,,,,,,,,,,,,,,,,,,,,,,,
(cid:883)(cid:891),(cid:17)(cid:151)(cid:149)(cid:131)(cid:3)(cid:23)(cid:135)(cid:144)(cid:137)(cid:137)(cid:131)(cid:148)(cid:131)(cid:3)(cid:23)(cid:139)(cid:143)(cid:151)(cid:148),(cid:882),(cid:883),(cid:883),,,,,,,,,,,,,,,,,,,,,,,,,,,,,,
(cid:884)(cid:882),(cid:14)(cid:131)(cid:142)(cid:139)(cid:143)(cid:131)(cid:144)(cid:150)(cid:131)(cid:144)(cid:3)(cid:5)(cid:131)(cid:148)(cid:131)(cid:150),(cid:882),(cid:882),(cid:882),,,,,,,,,,,,,,,,,,,,,,,,,,,,,,
(cid:884)(cid:883),(cid:14)(cid:131)(cid:142)(cid:139)(cid:143)(cid:131)(cid:144)(cid:150)(cid:131)(cid:144)(cid:3)(cid:23)(cid:135)(cid:144)(cid:137)(cid:131)(cid:138),(cid:882),(cid:883),(cid:883),,,,,,,,,,,,,,,,,,,,,,,,,,,,,,
(cid:884)(cid:884),(cid:14)(cid:131)(cid:142)(cid:139)(cid:143)(cid:131)(cid:144)(cid:150)(cid:131)(cid:144)(cid:3)(cid:22)(cid:135)(cid:142)(cid:131)(cid:150)(cid:131)(cid:144),(cid:882),(cid:883),(cid:883),,,,,,,,,,,,,,,,,,,,,,,,,,,,,,
(cid:884)(cid:885),(cid:14)(cid:131)(cid:142)(cid:139)(cid:143)(cid:131)(cid:144)(cid:150)(cid:131)(cid:144)(cid:3)(cid:23)(cid:139)(cid:143)(cid:151)(cid:148),(cid:882),(cid:883),(cid:883),,,,,,,,,,,,,,,,,,,,,,,,,,,,,,
(cid:884)(cid:886),(cid:14)(cid:131)(cid:142)(cid:139)(cid:143)(cid:131)(cid:144)(cid:150)(cid:131)(cid:144)(cid:3)(cid:24)(cid:150)(cid:131)(cid:148)(cid:131),(cid:882),(cid:883),(cid:883),,,,,,,,,,,,,,,,,,,,,,,,,,,,,,
(cid:884)(cid:887),(cid:22)(cid:151)(cid:142)(cid:131)(cid:153)(cid:135)(cid:149)(cid:139)(cid:3)(cid:24)(cid:150)(cid:131)(cid:148)(cid:131),(cid:882),(cid:882),(cid:882),,,,,,,,,,,,,,,,,,,,,,,,,,,,,,
(cid:884)(cid:888),(cid:22)(cid:151)(cid:142)(cid:131)(cid:153)(cid:135)(cid:149)(cid:139)(cid:3)(cid:23)(cid:135)(cid:144)(cid:137)(cid:131)(cid:138),(cid:882),(cid:884),(cid:884),,,,,,,,,,,,,,,,,,,,,,,,,,,,,,
(cid:884)(cid:889),(cid:22)(cid:151)(cid:142)(cid:131)(cid:153)(cid:135)(cid:149)(cid:139)(cid:3)(cid:22)(cid:135)(cid:142)(cid:131)(cid:150)(cid:131)(cid:144),(cid:882),(cid:884),(cid:884),,,,,,,,,,,,,,,,,,,,,,,,,,,,,,
(cid:884)(cid:890),(cid:22)(cid:151)(cid:142)(cid:131)(cid:153)(cid:135)(cid:149)(cid:139)(cid:3)(cid:23)(cid:135)(cid:144)(cid:137)(cid:137)(cid:131)(cid:148)(cid:131),(cid:882),(cid:882),(cid:882),,,,,,,,,,,,,,,,,,,,,,,,,,,,,,
(cid:884)(cid:891),(cid:10)(cid:145)(cid:148)(cid:145)(cid:144)(cid:150)(cid:131)(cid:142)(cid:145),(cid:882),(cid:883),(cid:883),,,,,,,,,,,,,,,,,,,,,,,,,,,,,,
(cid:885)(cid:882),(cid:22)(cid:151)(cid:142)(cid:131)(cid:153)(cid:135)(cid:149)(cid:139)(cid:3)(cid:5)(cid:131)(cid:148)(cid:131)(cid:150),(cid:882),(cid:882),(cid:882),,,,,,,,,,,,,,,,,,,,,,,,,,,,,,
(cid:885)(cid:883),(cid:16)(cid:131)(cid:142)(cid:151)(cid:141)(cid:151),(cid:882),(cid:882),(cid:882),,,,,,,,,,,,,,,,,,,,,,,,,,,,,,
(cid:885)(cid:884),(cid:16)(cid:131)(cid:142)(cid:151)(cid:141)(cid:151)(cid:3)(cid:24)(cid:150)(cid:131)(cid:148)(cid:131),(cid:882),(cid:883),(cid:883),,,,,,,,,,,,,,,,,,,,,,,,,,,,,,
(cid:885)(cid:885),(cid:19)(cid:131)(cid:146)(cid:151)(cid:131),(cid:882) (cid:882),(cid:882) (cid:882),(cid:882) (cid:882),,,,,,,,,,,,,,,,,,,,,,,,,,,,,,
(cid:885)(cid:886) (cid:885)(cid:887),(cid:19)(cid:131)(cid:146)(cid:151)(cid:131)(cid:3)(cid:5)(cid:131)(cid:148)(cid:131)(cid:150) (cid:19)(cid:131)(cid:146)(cid:151)(cid:131)(cid:3)(cid:22)(cid:135)(cid:142)(cid:131)(cid:150)(cid:131)(cid:144),(cid:882),(cid:882),(cid:882),,,,,,,,,,,,,,,,,,,,,,,,,,,,,,
(cid:885)(cid:888),(cid:19)(cid:131)(cid:146)(cid:151)(cid:131)(cid:3)(cid:23)(cid:135)(cid:144)(cid:137)(cid:131)(cid:138),(cid:882),(cid:882),(cid:882),,,,,,,,,,,,,,,,,,,,,,,,,,,,,,
(cid:885)(cid:889),(cid:19)(cid:131)(cid:146)(cid:151)(cid:131)(cid:3)(cid:19)(cid:135)(cid:137)(cid:151)(cid:144)(cid:151)(cid:144)(cid:137)(cid:131)(cid:144),(cid:882),(cid:882),(cid:882),,,,,,,,,,,,,,,,,,,,,,,,,,,,,,
Indonesia,,3,120,123,,,,,,,,,,,,,,,,,,,,,,,,,,,,,,
No,Fasilitas Kesehatan,Pemilikan/Pengelola (cid:889)(cid:884),,,,,,,,,,,,,,,,,,,,,,,,,,,,,,,,
,,Kemenkes,,Pemerintah Provinsi,,Pemerintah Kab/Kota,,TNI/POLRI,,BUMN/Kementerian Lain,,Swasta,,Jumlah,,,,,,,,,,,,,,,,,,,,
,,RS Umum,RS Khusus,RS Umum,RS Khusus,RS Umum,RS Khusus,RS Umum,RS Khusus,RS Umum,RS Khusus,RS Umum,RS Khusus,RS Umum,RS Khusus,,,,,,,,,,,,,,,,,,,
(1),(2),(3),(4),(5),(6),(7),(8),(9),(10),(11),(12),(13),(14),(15),(16),,,,,,,,,,,,,,,,,,,
(cid:883),(cid:3)(cid:4)(cid:133)(cid:135)(cid:138),,,,,,,,,,,,,,,,,,,,,,,,,,,,,,,,,
(cid:884),(cid:3)(cid:22)(cid:151)(cid:143)(cid:131)(cid:150)(cid:135)(cid:148)(cid:131)(cid:3)(cid:24)(cid:150)(cid:131)(cid:148)(cid:131),(cid:882),(cid:882),(cid:883),(cid:884),(cid:884)(cid:888),(cid:882),(cid:887),(cid:882),(cid:887),(cid:883),(cid:885)(cid:887),(cid:888),(cid:889)(cid:884),(cid:891),,,,,,,,,,,,,,,,,,,
(cid:885),(cid:3)(cid:22)(cid:151)(cid:143)(cid:131)(cid:150)(cid:135)(cid:148)(cid:131)(cid:3)(cid:5)(cid:131)(cid:148)(cid:131)(cid:150),(cid:883),(cid:882),(cid:884),(cid:885),(cid:886)(cid:883),(cid:882),(cid:891),(cid:882),(cid:890),(cid:883),(cid:883)(cid:884)(cid:886),(cid:884)(cid:883),(cid:883)(cid:890)(cid:887),(cid:884)(cid:887),,,,,,,,,,,,,,,,,,,
(cid:886),(cid:3)(cid:21)(cid:139)(cid:131)(cid:151),(cid:883),(cid:883),(cid:885),(cid:884),(cid:884)(cid:887),(cid:882),(cid:886),(cid:882),(cid:883),(cid:883),(cid:883)(cid:890),(cid:884)(cid:884),(cid:887)(cid:884),(cid:884)(cid:888),,,,,,,,,,,,,,,,,,,
(cid:887),(cid:3)(cid:13)(cid:131)(cid:143)(cid:132)(cid:139),(cid:882),(cid:882),(cid:884),(cid:883),(cid:883)(cid:889),(cid:882),(cid:886),(cid:882),(cid:885),(cid:882),(cid:886)(cid:883),(cid:883)(cid:887),(cid:888)(cid:889),(cid:883)(cid:888),,,,,,,,,,,,,,,,,,,
(cid:888),(cid:3)(cid:22)(cid:151)(cid:143)(cid:131)(cid:150)(cid:135)(cid:148)(cid:131)(cid:3)(cid:22)(cid:135)(cid:142)(cid:131)(cid:150)(cid:131)(cid:144),(cid:882),(cid:882),(cid:883),(cid:883),(cid:883)(cid:891),(cid:882),(cid:884),(cid:882),(cid:882),(cid:882),(cid:883)(cid:891),(cid:884),(cid:886)(cid:883),(cid:885),,,,,,,,,,,,,,,,,,,
(cid:889),(cid:3)(cid:5)(cid:135)(cid:144)(cid:137)(cid:141)(cid:151)(cid:142)(cid:151),(cid:884),(cid:882),(cid:883),(cid:885),(cid:885)(cid:884),(cid:882),(cid:886),(cid:882),(cid:885),(cid:882),(cid:884)(cid:891),(cid:883)(cid:886),(cid:889)(cid:883),(cid:883)(cid:889),,,,,,,,,,,,,,,,,,,
(cid:890),(cid:3)(cid:15)(cid:131)(cid:143)(cid:146)(cid:151)(cid:144)(cid:137),(cid:882),(cid:882),(cid:883),(cid:883),(cid:883)(cid:884),(cid:883),(cid:884),(cid:882),(cid:882),(cid:882),(cid:890),(cid:883),(cid:884)(cid:885),(cid:885),,,,,,,,,,,,,,,,,,,
(cid:891),(cid:3)(cid:14)(cid:135)(cid:146)(cid:151)(cid:142)(cid:131)(cid:151)(cid:131)(cid:144)(cid:3)(cid:5)(cid:131)(cid:144)(cid:137)(cid:141)(cid:131)(cid:3),(cid:882),(cid:882),(cid:884),(cid:883),(cid:883)(cid:888),(cid:882),(cid:884),(cid:882),(cid:882),(cid:882),(cid:886)(cid:885),(cid:883)(cid:890),(cid:888)(cid:885),(cid:883)(cid:891),,,,,,,,,,,,,,,,,,,
(cid:883)(cid:882),(cid:5)(cid:135)(cid:142)(cid:139)(cid:150)(cid:151)(cid:144)(cid:137) (cid:3)(cid:14)(cid:135)(cid:146)(cid:151)(cid:142)(cid:131)(cid:151)(cid:131)(cid:144)(cid:3)(cid:21)(cid:139)(cid:131)(cid:151),(cid:882),(cid:882),(cid:883),(cid:883),(cid:883)(cid:883),(cid:882),(cid:884),(cid:882),(cid:882),(cid:882),(cid:883)(cid:883),(cid:885),(cid:884)(cid:887),(cid:886),,,,,,,,,,,,,,,,,,,
(cid:883)(cid:883),(cid:3)(cid:7)(cid:14)(cid:12)(cid:3)(cid:13)(cid:131)(cid:141)(cid:131)(cid:148)(cid:150)(cid:131),(cid:882),(cid:882),(cid:883),(cid:883),(cid:883)(cid:883),(cid:882),(cid:885),(cid:882),(cid:883),(cid:882),(cid:883)(cid:888),(cid:885),(cid:885)(cid:884),(cid:886),,,,,,,,,,,,,,,,,,,
(cid:883)(cid:884),(cid:3)(cid:13)(cid:131)(cid:153)(cid:131)(cid:3)(cid:5)(cid:131)(cid:148)(cid:131)(cid:150),(cid:885),(cid:889),(cid:885)(cid:882),(cid:883),(cid:882),(cid:882),(cid:891),(cid:884),(cid:890),(cid:885),(cid:890)(cid:891),(cid:885)(cid:890),(cid:883)(cid:885)(cid:891),(cid:887)(cid:883),,,,,,,,,,,,,,,,,,,
(cid:883)(cid:885),(cid:3)(cid:13)(cid:131)(cid:153)(cid:131)(cid:3)(cid:23)(cid:135)(cid:144)(cid:137)(cid:131)(cid:138),(cid:883),(cid:886),(cid:886),(cid:884),(cid:888)(cid:885),(cid:883),(cid:883)(cid:887),(cid:882),(cid:888),(cid:883),(cid:884)(cid:890)(cid:886),(cid:886)(cid:891),(cid:885)(cid:889)(cid:885),(cid:887)(cid:889),,,,,,,,,,,,,,,,,,,
(cid:883)(cid:886),(cid:3)(cid:7)(cid:12)(cid:3)(cid:28)(cid:145)(cid:137)(cid:155)(cid:131)(cid:141)(cid:131)(cid:148)(cid:150)(cid:131),(cid:885),(cid:885),(cid:886),(cid:885),(cid:888)(cid:885),(cid:883),(cid:883)(cid:886),(cid:882),(cid:885),(cid:884),(cid:884)(cid:884)(cid:885),(cid:886)(cid:883),(cid:885)(cid:883)(cid:882),(cid:887)(cid:882),,,,,,,,,,,,,,,,,,,
(cid:883)(cid:887),(cid:3)(cid:13)(cid:131)(cid:153)(cid:131)(cid:3)(cid:23)(cid:139)(cid:143)(cid:151)(cid:148),(cid:883),(cid:882),(cid:882),(cid:884),(cid:883)(cid:882),(cid:882),(cid:885),(cid:882),(cid:883),(cid:883),(cid:886)(cid:890),(cid:883)(cid:885),(cid:888)(cid:885),(cid:883)(cid:888),,,,,,,,,,,,,,,,,,,
(cid:883)(cid:888),(cid:3)(cid:5)(cid:131)(cid:144)(cid:150)(cid:135)(cid:144),(cid:883),(cid:883),(cid:883)(cid:882),(cid:886),(cid:889)(cid:885),(cid:882),(cid:884)(cid:888),(cid:883),(cid:886),(cid:884),(cid:884)(cid:885)(cid:891),(cid:889)(cid:890),(cid:885)(cid:887)(cid:885),(cid:890)(cid:888),,,,,,,,,,,,,,,,,,,
(cid:883)(cid:889),(cid:3)(cid:5)(cid:131)(cid:142)(cid:139),(cid:883),(cid:882),(cid:884),(cid:882),(cid:883)(cid:887),(cid:882),(cid:885),(cid:882),(cid:885),(cid:882),(cid:890)(cid:884),(cid:884)(cid:887),(cid:883)(cid:882)(cid:888),(cid:884)(cid:887),,,,,,,,,,,,,,,,,,,
(cid:883)(cid:890),(cid:3)(cid:17)(cid:151)(cid:149)(cid:131)(cid:3)(cid:23)(cid:135)(cid:144)(cid:137)(cid:137)(cid:131)(cid:148)(cid:131)(cid:3)(cid:5)(cid:131)(cid:148)(cid:131)(cid:150),(cid:883),(cid:882),(cid:883),(cid:884),(cid:883)(cid:889),(cid:882),(cid:885),(cid:882),(cid:883),(cid:882),(cid:886)(cid:885),(cid:883)(cid:886),(cid:888)(cid:888),(cid:883)(cid:888),,,,,,,,,,,,,,,,,,,
(cid:883)(cid:891),(cid:3)(cid:17)(cid:151)(cid:149)(cid:131)(cid:3)(cid:23)(cid:135)(cid:144)(cid:137)(cid:137)(cid:131)(cid:148)(cid:131)(cid:3)(cid:23)(cid:139)(cid:143)(cid:151)(cid:148),(cid:882),(cid:882),(cid:885),(cid:884),(cid:883)(cid:888),(cid:882),(cid:885),(cid:882),(cid:882),(cid:882),(cid:883)(cid:889),(cid:887),(cid:885)(cid:891),(cid:889),,,,,,,,,,,,,,,,,,,
(cid:884)(cid:882),(cid:3)(cid:14)(cid:131)(cid:142)(cid:139)(cid:143)(cid:131)(cid:144)(cid:150)(cid:131)(cid:144)(cid:3)(cid:5)(cid:131)(cid:148)(cid:131)(cid:150),(cid:883),(cid:882),(cid:883),(cid:883),(cid:885)(cid:884),(cid:882),(cid:886),(cid:882),(cid:884),(cid:882),(cid:884)(cid:885),(cid:884),(cid:888)(cid:885),(cid:885),,,,,,,,,,,,,,,,,,,
(cid:884)(cid:883),(cid:3)(cid:14)(cid:131)(cid:142)(cid:139)(cid:143)(cid:131)(cid:144)(cid:150)(cid:131)(cid:144)(cid:3)(cid:23)(cid:135)(cid:144)(cid:137)(cid:131)(cid:138),(cid:882),(cid:882),(cid:883),(cid:883),(cid:884)(cid:886),(cid:883),(cid:887),(cid:882),(cid:883),(cid:882),(cid:883)(cid:891),(cid:888),(cid:887)(cid:882),(cid:890),,,,,,,,,,,,,,,,,,,
(cid:884)(cid:884),(cid:3)(cid:14)(cid:131)(cid:142)(cid:139)(cid:143)(cid:131)(cid:144)(cid:150)(cid:131)(cid:144)(cid:3)(cid:22)(cid:135)(cid:142)(cid:131)(cid:150)(cid:131)(cid:144),(cid:882),(cid:882),(cid:884),(cid:883),(cid:883)(cid:891),(cid:882),(cid:884),(cid:882),(cid:882),(cid:882),(cid:889),(cid:884),(cid:885)(cid:882),(cid:885),,,,,,,,,,,,,,,,,,,
(cid:884)(cid:885),(cid:3)(cid:14)(cid:131)(cid:142)(cid:139)(cid:143)(cid:131)(cid:144)(cid:150)(cid:131)(cid:144)(cid:3)(cid:23)(cid:139)(cid:143)(cid:151)(cid:148),(cid:882),(cid:882),(cid:884),(cid:884),(cid:883)(cid:888),(cid:882),(cid:886),(cid:882),(cid:883),(cid:882),(cid:883)(cid:891),(cid:889),(cid:886)(cid:884),(cid:891),,,,,,,,,,,,,,,,,,,
(cid:884)(cid:886),(cid:3)(cid:14)(cid:131)(cid:142)(cid:139)(cid:143)(cid:131)(cid:144)(cid:150)(cid:131)(cid:144)(cid:3)(cid:24)(cid:150)(cid:131)(cid:148)(cid:131),(cid:882),(cid:882),(cid:885),(cid:884),(cid:883)(cid:891),(cid:883),(cid:886),(cid:882),(cid:883),(cid:883),(cid:884)(cid:885),(cid:890),(cid:887)(cid:882),(cid:883)(cid:884),,,,,,,,,,,,,,,,,,,
(cid:884)(cid:887),(cid:3)(cid:22)(cid:151)(cid:142)(cid:131)(cid:153)(cid:135)(cid:149)(cid:139)(cid:3)(cid:24)(cid:150)(cid:131)(cid:148)(cid:131),(cid:882),(cid:882),(cid:883),(cid:882),(cid:883)(cid:883),(cid:882),(cid:885),(cid:882),(cid:883),(cid:882),(cid:883),(cid:882),(cid:883)(cid:889),(cid:882),,,,,,,,,,,,,,,,,,,
(cid:884)(cid:888),(cid:3)(cid:22)(cid:151)(cid:142)(cid:131)(cid:153)(cid:135)(cid:149)(cid:139)(cid:3)(cid:23)(cid:135)(cid:144)(cid:137)(cid:131)(cid:138),(cid:884),(cid:882),(cid:885),(cid:885),(cid:883)(cid:891),(cid:883),(cid:886),(cid:882),(cid:882),(cid:883),(cid:884)(cid:884),(cid:885),(cid:887)(cid:882),(cid:890),,,,,,,,,,,,,,,,,,,
(cid:884)(cid:889),(cid:3)(cid:22)(cid:151)(cid:142)(cid:131)(cid:153)(cid:135)(cid:149)(cid:139)(cid:3)(cid:22)(cid:135)(cid:142)(cid:131)(cid:150)(cid:131)(cid:144),(cid:882),(cid:882),(cid:884),(cid:882),(cid:884)(cid:886),(cid:882),(cid:885),(cid:882),(cid:883),(cid:882),(cid:888),(cid:886),(cid:885)(cid:888),(cid:886),,,,,,,,,,,,,,,,,,,
(cid:884)(cid:890),(cid:3)(cid:22)(cid:151)(cid:142)(cid:131)(cid:153)(cid:135)(cid:149)(cid:139)(cid:3)(cid:23)(cid:135)(cid:144)(cid:137)(cid:137)(cid:131)(cid:148)(cid:131),(cid:885),(cid:883),(cid:886),(cid:886),(cid:886)(cid:884),(cid:883),(cid:888),(cid:883),(cid:884),(cid:884),(cid:886)(cid:885),(cid:883)(cid:889),(cid:883)(cid:882)(cid:882),(cid:884)(cid:888),,,,,,,,,,,,,,,,,,,
(cid:884)(cid:891),(cid:3)(cid:10)(cid:145)(cid:148)(cid:145)(cid:144)(cid:150)(cid:131)(cid:142)(cid:145),(cid:882),(cid:882),(cid:883),(cid:884),(cid:883)(cid:890),(cid:882),(cid:884),(cid:882),(cid:883),(cid:882),(cid:883)(cid:886),(cid:884),(cid:885)(cid:888),(cid:886),,,,,,,,,,,,,,,,,,,
(cid:885)(cid:882),(cid:3)(cid:22)(cid:151)(cid:142)(cid:131)(cid:153)(cid:135)(cid:149)(cid:139)(cid:3)(cid:5)(cid:131)(cid:148)(cid:131)(cid:150),(cid:882),(cid:882),(cid:883),(cid:882),(cid:883)(cid:884),(cid:882),(cid:884),(cid:882),(cid:882),(cid:882),(cid:886),(cid:883),(cid:883)(cid:891),(cid:883),,,,,,,,,,,,,,,,,,,
(cid:885)(cid:883),(cid:3)(cid:16)(cid:131)(cid:142)(cid:151)(cid:141)(cid:151),(cid:882),(cid:882),(cid:883),(cid:882),(cid:890),(cid:882),(cid:883),(cid:882),(cid:883),(cid:882),(cid:885),(cid:884),(cid:883)(cid:886),(cid:884),,,,,,,,,,,,,,,,,,,
(cid:885)(cid:884),(cid:3)(cid:16)(cid:131)(cid:142)(cid:151)(cid:141)(cid:151)(cid:3)(cid:24)(cid:150)(cid:131)(cid:148)(cid:131),(cid:883),(cid:882),(cid:884),(cid:883),(cid:883)(cid:888),(cid:882),(cid:885),(cid:882),(cid:882),(cid:882),(cid:889),(cid:882),(cid:884)(cid:891),(cid:883),,,,,,,,,,,,,,,,,,,
(cid:885)(cid:885),(cid:3)(cid:19)(cid:131)(cid:146)(cid:151)(cid:131)(cid:3)(cid:3),(cid:882),(cid:882),(cid:884),(cid:883),(cid:883)(cid:885),(cid:882),(cid:884),(cid:882),(cid:882),(cid:882),(cid:886),(cid:883),(cid:884)(cid:883),(cid:884),,,,,,,,,,,,,,,,,,,
(cid:885)(cid:886),(cid:3)(cid:19)(cid:131)(cid:146)(cid:151)(cid:131)(cid:3)(cid:5)(cid:131)(cid:148)(cid:131)(cid:150),(cid:882),(cid:882),(cid:884),(cid:883),(cid:891),(cid:882),(cid:886),(cid:882),(cid:882),(cid:882),(cid:884),(cid:882),(cid:883)(cid:889),(cid:883),,,,,,,,,,,,,,,,,,,
(cid:885)(cid:887),(cid:3)(cid:19)(cid:131)(cid:146)(cid:151)(cid:131)(cid:3)(cid:22)(cid:135)(cid:142)(cid:131)(cid:150)(cid:131)(cid:144),(cid:882),(cid:882),(cid:883),(cid:882),(cid:889),(cid:882),(cid:885),(cid:882),(cid:882),(cid:882),(cid:883),(cid:882),(cid:883)(cid:884),(cid:882),,,,,,,,,,,,,,,,,,,
(cid:885)(cid:888),(cid:3)(cid:19)(cid:131)(cid:146)(cid:151)(cid:131)(cid:3)(cid:23)(cid:135)(cid:144)(cid:137)(cid:131)(cid:138),(cid:882),(cid:882),(cid:882),(cid:882),(cid:887),(cid:882),(cid:884),(cid:882),(cid:882),(cid:882),(cid:883),(cid:882),(cid:890),(cid:882),,,,,,,,,,,,,,,,,,,
(cid:885)(cid:889),(cid:3)(cid:19)(cid:131)(cid:146)(cid:151)(cid:131)(cid:3)(cid:19)(cid:135)(cid:137)(cid:151)(cid:144)(cid:151)(cid:144)(cid:137)(cid:131)(cid:144),(cid:882),(cid:882),(cid:882),(cid:882),(cid:890),(cid:882),(cid:884),(cid:882),(cid:883),(cid:882),(cid:886),(cid:882),(cid:883)(cid:887),(cid:882),,,,,,,,,,,,,,,,,,,
Indonesia,,(cid:882) 22,(cid:882) 17,(cid:882) 98,(cid:882) 51,(cid:890) 783,(cid:882) 7,(cid:882) 171,(cid:882) 4,(cid:882) 60,(cid:882) 16,(cid:883) 1.576,(cid:882) 423,(cid:891) 2.710,(cid:882) 518,,,,,,,,,,,,,,,,,,,
(cid:885)(cid:890) (cid:3)(cid:19)(cid:131)(cid:146)(cid:151)(cid:131)(cid:3)(cid:5)(cid:131)(cid:148)(cid:131)(cid:150)(cid:3)(cid:7)(cid:131)(cid:155)(cid:131) (cid:882) (cid:882),,,,,,,,,,,,,,,,,,,,,,,,,,,,,,,,,,
,(cid:483)(cid:3)(cid:7)(cid:139)(cid:150)(cid:140)(cid:135)(cid:144)(cid:484)(cid:3)(cid:19)(cid:135)(cid:142)(cid:131)(cid:155)(cid:131)(cid:144)(cid:131)(cid:144)(cid:3)(cid:14)(cid:135)(cid:149)(cid:135)(cid:138)(cid:131)(cid:150)(cid:131)(cid:144)(cid:481)(cid:3)(cid:14)(cid:135)(cid:143)(cid:135)(cid:144)(cid:141)(cid:135)(cid:149)(cid:3)(cid:21)(cid:12)(cid:481)(cid:3)(cid:884)(cid:882)(cid:884)(cid:886)(cid:3)(cid:146)(cid:135)(cid:148)(cid:3)(cid:884)(cid:3)(cid:13)(cid:131)(cid:144)(cid:151)(cid:131)(cid:148)(cid:139)(cid:3)(cid:884)(cid:882)(cid:884)(cid:887),,,,,,,,,,,,,,,,,,,,,,,,,,,,,,,,,
No,Provinsi,Kelas A,,,Kelas B,,,Kelas C,,,Kelas D (Kelas D dan Kelas D Pratama),,,Belum Ditetapkan Kelas,,,,,,,,,,,,,,,,,,,,
,,RS,,TT,RS,,TT,RS,,TT,RS,,TT,RS,,TT,,,,,,,,,,,,,,,,,,
,,Jumlah,%,,Jumlah,%,,Jumlah,%,,Jumlah,%,,Jumlah,%,,,,,,,,,,,,,,,,,,,
(1),(2),(4),(5),(6),(7),(8),(9),(10),(11),(12),(13),(14),(15),(16),(17),(18),,,,,,,,,,,,,,,,,,
(cid:883),(cid:3)(cid:4)(cid:133)(cid:135)(cid:138),,,,,,,,,,,,,,,,,,,,,,,,,,,,,,,,,
(cid:884),(cid:3)(cid:22)(cid:151)(cid:143)(cid:131)(cid:150)(cid:135)(cid:148)(cid:131)(cid:3)(cid:24)(cid:150)(cid:131)(cid:148)(cid:131),(cid:884),(cid:884)(cid:481)(cid:887),(cid:883)(cid:484)(cid:883)(cid:889)(cid:886),(cid:883)(cid:885),(cid:883)(cid:888)(cid:481)(cid:882),(cid:885)(cid:484)(cid:885)(cid:886)(cid:889),(cid:885)(cid:885),(cid:886)(cid:882)(cid:481)(cid:889),(cid:886)(cid:484)(cid:885)(cid:889)(cid:884),(cid:885)(cid:885),(cid:886)(cid:882)(cid:481)(cid:889),(cid:883)(cid:484)(cid:891)(cid:888)(cid:891),(cid:882),(cid:882)(cid:481)(cid:882),,,,,,,,,,,,,,,,,,,
(cid:885),(cid:3)(cid:22)(cid:151)(cid:143)(cid:131)(cid:150)(cid:135)(cid:148)(cid:131)(cid:3)(cid:5)(cid:131)(cid:148)(cid:131)(cid:150),(cid:885),(cid:883)(cid:481)(cid:886),(cid:883)(cid:484)(cid:887)(cid:887)(cid:890),(cid:884)(cid:889),(cid:883)(cid:884)(cid:481)(cid:891),(cid:888)(cid:484)(cid:882)(cid:883)(cid:884),(cid:883)(cid:884)(cid:882),(cid:887)(cid:889)(cid:481)(cid:883),(cid:883)(cid:885)(cid:484)(cid:885)(cid:891)(cid:889),(cid:888)(cid:882),(cid:884)(cid:890)(cid:481)(cid:888),(cid:885)(cid:484)(cid:886)(cid:883)(cid:891),(cid:882),(cid:882)(cid:481)(cid:882),,,,,,,,,,,,,,,,,,,
(cid:886),(cid:3)(cid:21)(cid:139)(cid:131)(cid:151),(cid:885),(cid:885)(cid:481)(cid:890),(cid:883)(cid:484)(cid:884)(cid:883)(cid:889),(cid:889),(cid:891)(cid:481)(cid:882),(cid:883)(cid:484)(cid:882)(cid:888)(cid:886),(cid:887)(cid:884),(cid:888)(cid:888)(cid:481)(cid:889),(cid:886)(cid:484)(cid:891)(cid:882)(cid:884),(cid:883)(cid:888),(cid:884)(cid:882)(cid:481)(cid:887),(cid:891)(cid:887)(cid:886),(cid:882),(cid:882)(cid:481)(cid:882),,,,,,,,,,,,,,,,,,,
(cid:887),(cid:3)(cid:13)(cid:131)(cid:143)(cid:132)(cid:139),(cid:884),(cid:884)(cid:481)(cid:886),(cid:888)(cid:882)(cid:891),(cid:888),(cid:889)(cid:481)(cid:884),(cid:883)(cid:484)(cid:888)(cid:890)(cid:887),(cid:886)(cid:890),(cid:887)(cid:889)(cid:481)(cid:890),(cid:887)(cid:484)(cid:886)(cid:887)(cid:882),(cid:884)(cid:889),(cid:885)(cid:884)(cid:481)(cid:887),(cid:883)(cid:484)(cid:886)(cid:890)(cid:883),(cid:882),(cid:882)(cid:481)(cid:882),,,,,,,,,,,,,,,,,,,
(cid:888),(cid:3)(cid:22)(cid:151)(cid:143)(cid:131)(cid:150)(cid:135)(cid:148)(cid:131)(cid:3)(cid:22)(cid:135)(cid:142)(cid:131)(cid:150)(cid:131)(cid:144),(cid:882),(cid:882)(cid:481)(cid:882),,(cid:886),(cid:891)(cid:481)(cid:883),(cid:891)(cid:887)(cid:884),(cid:884)(cid:886),(cid:887)(cid:886)(cid:481)(cid:887),(cid:884)(cid:484)(cid:891)(cid:885)(cid:889),(cid:883)(cid:887),(cid:885)(cid:886)(cid:481)(cid:883),(cid:888)(cid:890)(cid:888),(cid:883),(cid:884)(cid:481)(cid:885),(cid:882),,,,,,,,,,,,,,,,,,
(cid:889),(cid:3)(cid:5)(cid:135)(cid:144)(cid:137)(cid:141)(cid:151)(cid:142)(cid:151),(cid:884),(cid:884)(cid:481)(cid:885),(cid:883)(cid:484)(cid:883)(cid:882)(cid:891),(cid:889),(cid:890)(cid:481)(cid:882),(cid:883)(cid:484)(cid:888)(cid:886)(cid:891),(cid:887)(cid:886),(cid:888)(cid:883)(cid:481)(cid:886),(cid:887)(cid:484)(cid:891)(cid:887)(cid:884),(cid:884)(cid:887),(cid:884)(cid:890)(cid:481)(cid:886),(cid:883)(cid:484)(cid:887)(cid:887)(cid:889),(cid:882),(cid:882)(cid:481)(cid:882),,,,,,,,,,,,,,,,,,,
(cid:890),(cid:3)(cid:15)(cid:131)(cid:143)(cid:146)(cid:151)(cid:144)(cid:137),(cid:882),(cid:882)(cid:481)(cid:882),,(cid:884),(cid:889)(cid:481)(cid:889),(cid:886)(cid:885)(cid:886),(cid:883)(cid:888),(cid:888)(cid:883)(cid:481)(cid:887),(cid:883)(cid:484)(cid:889)(cid:884)(cid:883),(cid:890),(cid:885)(cid:882)(cid:481)(cid:890),(cid:886)(cid:889)(cid:886),(cid:882),(cid:882)(cid:481)(cid:882),,,,,,,,,,,,,,,,,,,
(cid:891),(cid:3)(cid:14)(cid:135)(cid:146)(cid:484)(cid:3)(cid:5)(cid:131)(cid:144)(cid:137)(cid:141)(cid:131)(cid:3)(cid:5)(cid:135)(cid:142)(cid:139)(cid:150)(cid:151)(cid:144)(cid:137),(cid:884),(cid:884)(cid:481)(cid:886),(cid:883)(cid:484)(cid:883)(cid:890)(cid:884),(cid:887),(cid:888)(cid:481)(cid:883),(cid:891)(cid:891)(cid:889),(cid:887)(cid:888),(cid:888)(cid:890)(cid:481)(cid:885),(cid:887)(cid:484)(cid:890)(cid:891)(cid:887),(cid:883)(cid:891),(cid:884)(cid:885)(cid:481)(cid:884),(cid:883)(cid:484)(cid:883)(cid:884)(cid:888),(cid:882),(cid:882)(cid:481)(cid:882),,,,,,,,,,,,,,,,,,,
(cid:883)(cid:882),(cid:3)(cid:14)(cid:135)(cid:146)(cid:151)(cid:142)(cid:131)(cid:151)(cid:131)(cid:144)(cid:3)(cid:21)(cid:139)(cid:131)(cid:151),(cid:882),(cid:882)(cid:481)(cid:882),,(cid:884),(cid:888)(cid:481)(cid:891),(cid:885)(cid:886)(cid:883),(cid:883)(cid:888),(cid:887)(cid:887)(cid:481)(cid:884),(cid:883)(cid:484)(cid:888)(cid:890)(cid:887),(cid:883)(cid:883),(cid:885)(cid:889)(cid:481)(cid:891),(cid:886)(cid:891)(cid:886),(cid:882),(cid:882)(cid:481)(cid:882),,,,,,,,,,,,,,,,,,,
(cid:883)(cid:883),(cid:3)(cid:7)(cid:14)(cid:12)(cid:3)(cid:13)(cid:131)(cid:141)(cid:131)(cid:148)(cid:150)(cid:131),(cid:883),(cid:884)(cid:481)(cid:890),(cid:884)(cid:887)(cid:889),(cid:889),(cid:883)(cid:891)(cid:481)(cid:886),(cid:883)(cid:484)(cid:885)(cid:891)(cid:882),(cid:883)(cid:891),(cid:887)(cid:884)(cid:481)(cid:890),(cid:884)(cid:484)(cid:882)(cid:889)(cid:884),(cid:891),(cid:884)(cid:887)(cid:481)(cid:882),(cid:886)(cid:887)(cid:883),(cid:882),(cid:882)(cid:481)(cid:882),,,,,,,,,,,,,,,,,,,
(cid:883)(cid:884),(cid:3)(cid:13)(cid:131)(cid:153)(cid:131)(cid:3)(cid:5)(cid:131)(cid:148)(cid:131)(cid:150),(cid:883)(cid:891),(cid:883)(cid:882)(cid:481)(cid:882),(cid:889)(cid:484)(cid:883)(cid:888)(cid:883),(cid:888)(cid:882),(cid:885)(cid:883)(cid:481)(cid:888),(cid:883)(cid:884)(cid:484)(cid:885)(cid:889)(cid:884),(cid:890)(cid:887),(cid:886)(cid:886)(cid:481)(cid:889),(cid:889)(cid:484)(cid:883)(cid:888)(cid:890),(cid:884)(cid:888),(cid:883)(cid:885)(cid:481)(cid:889),(cid:883)(cid:484)(cid:887)(cid:883)(cid:891),(cid:882),(cid:882)(cid:481)(cid:882),,,,,,,,,,,,,,,,,,,
(cid:883)(cid:885),(cid:3)(cid:13)(cid:131)(cid:153)(cid:131)(cid:3)(cid:23)(cid:135)(cid:144)(cid:137)(cid:131)(cid:138),(cid:883)(cid:882),(cid:884)(cid:481)(cid:885),(cid:885)(cid:484)(cid:885)(cid:882)(cid:889),(cid:889)(cid:891),(cid:883)(cid:890)(cid:481)(cid:886),(cid:884)(cid:883)(cid:484)(cid:886)(cid:884)(cid:890),(cid:884)(cid:887)(cid:891),(cid:888)(cid:882)(cid:481)(cid:884),(cid:884)(cid:891)(cid:484)(cid:891)(cid:882)(cid:889),(cid:890)(cid:884),(cid:883)(cid:891)(cid:481)(cid:883),(cid:886)(cid:484)(cid:891)(cid:888)(cid:891),(cid:882),(cid:882)(cid:481)(cid:882),,,,,,,,,,,,,,,,,,,
(cid:883)(cid:886),(cid:3)(cid:7)(cid:12)(cid:3)(cid:28)(cid:145)(cid:137)(cid:155)(cid:131)(cid:141)(cid:131)(cid:148)(cid:150)(cid:131),(cid:883)(cid:883),(cid:885)(cid:481)(cid:883),(cid:887)(cid:484)(cid:886)(cid:883)(cid:889),(cid:885)(cid:886),(cid:891)(cid:481)(cid:886),(cid:883)(cid:882)(cid:484)(cid:882)(cid:883)(cid:887),(cid:883)(cid:891)(cid:886),(cid:887)(cid:885)(cid:481)(cid:891),(cid:884)(cid:885)(cid:484)(cid:891)(cid:885)(cid:890),(cid:883)(cid:884)(cid:883),(cid:885)(cid:885)(cid:481)(cid:888),(cid:890)(cid:484)(cid:882)(cid:889)(cid:889),(cid:882),(cid:882)(cid:481)(cid:882),,,,,,,,,,,,,,,,,,,
(cid:883)(cid:887),(cid:3)(cid:13)(cid:131)(cid:153)(cid:131)(cid:3)(cid:23)(cid:139)(cid:143)(cid:151)(cid:148),(cid:885),(cid:885)(cid:481)(cid:890),(cid:891)(cid:889)(cid:891),(cid:883)(cid:886),(cid:883)(cid:889)(cid:481)(cid:889),(cid:885)(cid:484)(cid:883)(cid:884)(cid:891),(cid:884)(cid:888),(cid:885)(cid:884)(cid:481)(cid:891),(cid:883)(cid:484)(cid:889)(cid:886)(cid:887),(cid:885)(cid:888),(cid:886)(cid:887)(cid:481)(cid:888),(cid:883)(cid:484)(cid:891)(cid:889)(cid:888),(cid:882),(cid:882)(cid:481)(cid:882),,,,,,,,,,,,,,,,,,,
(cid:883)(cid:888),(cid:3)(cid:5)(cid:131)(cid:144)(cid:150)(cid:135)(cid:144),(cid:889),(cid:883)(cid:481)(cid:888),(cid:886)(cid:484)(cid:887)(cid:883)(cid:885),(cid:888)(cid:885),(cid:883)(cid:886)(cid:481)(cid:886),(cid:883)(cid:888)(cid:484)(cid:882)(cid:885)(cid:882),(cid:884)(cid:884)(cid:889),(cid:887)(cid:883)(cid:481)(cid:889),(cid:884)(cid:884)(cid:484)(cid:884)(cid:890)(cid:888),(cid:883)(cid:886)(cid:884),(cid:885)(cid:884)(cid:481)(cid:885),(cid:891)(cid:484)(cid:883)(cid:889)(cid:889),(cid:882),(cid:882)(cid:481)(cid:882),,,,,,,,,,,,,,,,,,,
(cid:883)(cid:889),(cid:3)(cid:5)(cid:131)(cid:142)(cid:139),(cid:882),(cid:882)(cid:481)(cid:882),,(cid:884)(cid:885),(cid:883)(cid:889)(cid:481)(cid:888),(cid:886)(cid:484)(cid:890)(cid:891)(cid:882),(cid:890)(cid:889),(cid:888)(cid:888)(cid:481)(cid:886),(cid:891)(cid:484)(cid:883)(cid:888)(cid:890),(cid:884)(cid:883),(cid:883)(cid:888)(cid:481)(cid:882),(cid:883)(cid:484)(cid:884)(cid:891)(cid:883),(cid:882),(cid:882)(cid:481)(cid:882),,,,,,,,,,,,,,,,,,,
(cid:883)(cid:890),(cid:3)(cid:17)(cid:151)(cid:149)(cid:131)(cid:3)(cid:23)(cid:135)(cid:144)(cid:137)(cid:137)(cid:131)(cid:148)(cid:131)(cid:3)(cid:5)(cid:131)(cid:148)(cid:131)(cid:150),(cid:885),(cid:885)(cid:481)(cid:889),(cid:883)(cid:484)(cid:883)(cid:882)(cid:883),(cid:883)(cid:884),(cid:883)(cid:886)(cid:481)(cid:888),(cid:884)(cid:484)(cid:884)(cid:887)(cid:886),(cid:887)(cid:885),(cid:888)(cid:886)(cid:481)(cid:888),(cid:886)(cid:484)(cid:890)(cid:884)(cid:883),(cid:883)(cid:886),(cid:883)(cid:889)(cid:481)(cid:883),(cid:889)(cid:889)(cid:883),(cid:882),(cid:882)(cid:481)(cid:882),,,,,,,,,,,,,,,,,,,
(cid:883)(cid:891),(cid:3)(cid:17)(cid:151)(cid:149)(cid:131)(cid:3)(cid:23)(cid:135)(cid:144)(cid:137)(cid:137)(cid:131)(cid:148)(cid:131)(cid:3)(cid:23)(cid:139)(cid:143)(cid:151)(cid:148),(cid:883),(cid:884)(cid:481)(cid:884),(cid:889)(cid:888)(cid:885),(cid:886),(cid:890)(cid:481)(cid:889),(cid:891)(cid:886)(cid:885),(cid:884)(cid:886),(cid:887)(cid:884)(cid:481)(cid:884),(cid:884)(cid:484)(cid:887)(cid:891)(cid:882),(cid:883)(cid:889),(cid:885)(cid:889)(cid:481)(cid:882),(cid:883)(cid:484)(cid:882)(cid:888)(cid:886),(cid:882),(cid:882)(cid:481)(cid:882),,,,,,,,,,,,,,,,,,,
(cid:884)(cid:882),(cid:3)(cid:14)(cid:131)(cid:142)(cid:139)(cid:143)(cid:131)(cid:144)(cid:150)(cid:131)(cid:144)(cid:3)(cid:5)(cid:131)(cid:148)(cid:131)(cid:150),(cid:882),(cid:882)(cid:481)(cid:882),,(cid:885),(cid:886)(cid:481)(cid:887),(cid:889)(cid:889)(cid:885),(cid:885)(cid:884),(cid:886)(cid:890)(cid:481)(cid:887),(cid:885)(cid:484)(cid:891)(cid:882)(cid:886),(cid:885)(cid:882),(cid:886)(cid:887)(cid:481)(cid:887),(cid:883)(cid:484)(cid:887)(cid:889)(cid:890),(cid:883),(cid:883)(cid:481)(cid:887),(cid:885)(cid:882),,,,,,,,,,,,,,,,,,
(cid:884)(cid:883),(cid:3)(cid:14)(cid:131)(cid:142)(cid:139)(cid:143)(cid:131)(cid:144)(cid:150)(cid:131)(cid:144)(cid:3)(cid:23)(cid:135)(cid:144)(cid:137)(cid:131)(cid:138),(cid:883),(cid:883)(cid:481)(cid:889),(cid:887)(cid:891)(cid:884),(cid:886),(cid:888)(cid:481)(cid:891),(cid:883)(cid:484)(cid:885)(cid:890)(cid:882),(cid:885)(cid:883),(cid:887)(cid:885)(cid:481)(cid:886),(cid:885)(cid:484)(cid:886)(cid:882)(cid:884),(cid:884)(cid:884),(cid:885)(cid:889)(cid:481)(cid:891),(cid:883)(cid:484)(cid:884)(cid:882)(cid:888),(cid:882),(cid:882)(cid:481)(cid:882),,,,,,,,,,,,,,,,,,,
(cid:884)(cid:884),(cid:3)(cid:14)(cid:131)(cid:142)(cid:139)(cid:143)(cid:131)(cid:144)(cid:150)(cid:131)(cid:144)(cid:3)(cid:22)(cid:135)(cid:142)(cid:131)(cid:150)(cid:131)(cid:144),(cid:882),(cid:882)(cid:481)(cid:882),,(cid:886),(cid:883)(cid:884)(cid:481)(cid:883),(cid:891)(cid:891)(cid:882),(cid:884)(cid:882),(cid:888)(cid:882)(cid:481)(cid:888),(cid:884)(cid:484)(cid:884)(cid:886)(cid:890),(cid:891),(cid:884)(cid:889)(cid:481)(cid:885),(cid:884)(cid:889)(cid:888),(cid:882),(cid:882)(cid:481)(cid:882),,,,,,,,,,,,,,,,,,,
(cid:884)(cid:885),(cid:3)(cid:14)(cid:131)(cid:142)(cid:139)(cid:143)(cid:131)(cid:144)(cid:150)(cid:131)(cid:144)(cid:3)(cid:23)(cid:139)(cid:143)(cid:151)(cid:148),(cid:884),(cid:885)(cid:481)(cid:891),(cid:889)(cid:890)(cid:882),(cid:889),(cid:883)(cid:885)(cid:481)(cid:889),(cid:883)(cid:484)(cid:884)(cid:889)(cid:887),(cid:884)(cid:889),(cid:887)(cid:884)(cid:481)(cid:891),(cid:885)(cid:484)(cid:887)(cid:887)(cid:882),(cid:883)(cid:887),(cid:884)(cid:891)(cid:481)(cid:886),(cid:890)(cid:884)(cid:890),(cid:882),(cid:882)(cid:481)(cid:882),,,,,,,,,,,,,,,,,,,
(cid:884)(cid:886),(cid:3)(cid:14)(cid:131)(cid:142)(cid:139)(cid:143)(cid:131)(cid:144)(cid:150)(cid:131)(cid:144)(cid:3)(cid:24)(cid:150)(cid:131)(cid:148)(cid:131),(cid:885),(cid:886)(cid:481)(cid:890),(cid:883)(cid:484)(cid:885)(cid:885)(cid:889),(cid:887),(cid:890)(cid:481)(cid:883),(cid:883)(cid:484)(cid:883)(cid:890)(cid:885),(cid:884)(cid:891),(cid:886)(cid:888)(cid:481)(cid:890),(cid:884)(cid:484)(cid:890)(cid:889)(cid:888),(cid:884)(cid:886),(cid:885)(cid:890)(cid:481)(cid:889),(cid:883)(cid:484)(cid:886)(cid:883)(cid:886),(cid:883),(cid:883)(cid:481)(cid:888),(cid:886)(cid:884),,,,,,,,,,,,,,,,,,
(cid:884)(cid:887),(cid:3)(cid:22)(cid:151)(cid:142)(cid:131)(cid:153)(cid:135)(cid:149)(cid:139)(cid:3)(cid:24)(cid:150)(cid:131)(cid:148)(cid:131),(cid:882),(cid:882)(cid:481)(cid:882),,(cid:883),(cid:887)(cid:481)(cid:891),(cid:885)(cid:887)(cid:890),(cid:887),(cid:884)(cid:891)(cid:481)(cid:886),(cid:891)(cid:887)(cid:885),(cid:883)(cid:883),(cid:888)(cid:886)(cid:481)(cid:889),(cid:886)(cid:885)(cid:891),(cid:882),(cid:882)(cid:481)(cid:882),,,,,,,,,,,,,,,,,,,
(cid:884)(cid:888),(cid:3)(cid:22)(cid:151)(cid:142)(cid:131)(cid:153)(cid:135)(cid:149)(cid:139)(cid:3)(cid:23)(cid:135)(cid:144)(cid:137)(cid:131)(cid:138),(cid:883),(cid:883)(cid:481)(cid:889),(cid:889)(cid:884)(cid:883),(cid:888),(cid:883)(cid:882)(cid:481)(cid:885),(cid:883)(cid:484)(cid:883)(cid:887)(cid:883),(cid:885)(cid:888),(cid:888)(cid:884)(cid:481)(cid:883),(cid:886)(cid:484)(cid:882)(cid:891)(cid:882),(cid:883)(cid:887),(cid:884)(cid:887)(cid:481)(cid:891),(cid:883)(cid:484)(cid:883)(cid:888)(cid:882),(cid:882),(cid:882)(cid:481)(cid:882),,,,,,,,,,,,,,,,,,,
(cid:884)(cid:889),(cid:3)(cid:22)(cid:151)(cid:142)(cid:131)(cid:153)(cid:135)(cid:149)(cid:139)(cid:3)(cid:22)(cid:135)(cid:142)(cid:131)(cid:150)(cid:131)(cid:144),(cid:882),(cid:882)(cid:481)(cid:882),,(cid:886),(cid:883)(cid:882)(cid:481)(cid:882),(cid:883)(cid:484)(cid:883)(cid:886)(cid:890),(cid:884)(cid:885),(cid:887)(cid:889)(cid:481)(cid:887),(cid:885)(cid:484)(cid:882)(cid:886)(cid:882),(cid:883)(cid:885),(cid:885)(cid:884)(cid:481)(cid:887),(cid:888)(cid:883)(cid:891),(cid:882),(cid:882)(cid:481)(cid:882),,,,,,,,,,,,,,,,,,,
(cid:884)(cid:890),(cid:3)(cid:22)(cid:151)(cid:142)(cid:131)(cid:153)(cid:135)(cid:149)(cid:139)(cid:3)(cid:23)(cid:135)(cid:144)(cid:137)(cid:137)(cid:131)(cid:148)(cid:131),(cid:885),(cid:884)(cid:481)(cid:886),(cid:883)(cid:484)(cid:884)(cid:885)(cid:891),(cid:884)(cid:890),(cid:884)(cid:884)(cid:481)(cid:884),(cid:887)(cid:484)(cid:891)(cid:888)(cid:887),(cid:888)(cid:890),(cid:887)(cid:886)(cid:481)(cid:882),(cid:889)(cid:484)(cid:889)(cid:887)(cid:885),(cid:884)(cid:889),(cid:884)(cid:883)(cid:481)(cid:886),(cid:883)(cid:484)(cid:887)(cid:882)(cid:890),(cid:882),(cid:882)(cid:481)(cid:882),,,,,,,,,,,,,,,,,,,
(cid:884)(cid:891),(cid:3)(cid:10)(cid:145)(cid:148)(cid:145)(cid:144)(cid:150)(cid:131)(cid:142)(cid:145),(cid:882),(cid:882)(cid:481)(cid:882),,(cid:886),(cid:883)(cid:882)(cid:481)(cid:882),(cid:890)(cid:891)(cid:883),(cid:883)(cid:889),(cid:886)(cid:884)(cid:481)(cid:887),(cid:884)(cid:484)(cid:882)(cid:882)(cid:886),(cid:883)(cid:891),(cid:886)(cid:889)(cid:481)(cid:887),(cid:891)(cid:890)(cid:882),(cid:882),(cid:882)(cid:481)(cid:882),,,,,,,,,,,,,,,,,,,
(cid:885)(cid:882),(cid:3)(cid:22)(cid:151)(cid:142)(cid:131)(cid:153)(cid:135)(cid:149)(cid:139)(cid:3)(cid:5)(cid:131)(cid:148)(cid:131)(cid:150),(cid:882),(cid:882)(cid:481)(cid:882),,(cid:884),(cid:883)(cid:882)(cid:481)(cid:882),(cid:887)(cid:891)(cid:886),(cid:891),(cid:886)(cid:887)(cid:481)(cid:882),(cid:883)(cid:484)(cid:883)(cid:887)(cid:888),(cid:891),(cid:886)(cid:887)(cid:481)(cid:882),(cid:888)(cid:882)(cid:883),(cid:882),(cid:882)(cid:481)(cid:882),,,,,,,,,,,,,,,,,,,
(cid:885)(cid:883),(cid:3)(cid:16)(cid:131)(cid:142)(cid:151)(cid:141)(cid:151),(cid:882),(cid:882)(cid:481)(cid:882),,(cid:883),(cid:888)(cid:481)(cid:885),(cid:886)(cid:885)(cid:887),(cid:890),(cid:887)(cid:882)(cid:481)(cid:882),(cid:890)(cid:887)(cid:882),(cid:889),(cid:886)(cid:885)(cid:481)(cid:890),(cid:886)(cid:885)(cid:889),(cid:882),(cid:882)(cid:481)(cid:882),,,,,,,,,,,,,,,,,,,
(cid:885)(cid:884),(cid:3)(cid:16)(cid:131)(cid:142)(cid:151)(cid:141)(cid:151)(cid:3)(cid:24)(cid:150)(cid:131)(cid:148)(cid:131),(cid:882),(cid:882)(cid:481)(cid:882),,(cid:885),(cid:883)(cid:882)(cid:481)(cid:882),(cid:887)(cid:891)(cid:891),(cid:883)(cid:882),(cid:885)(cid:885)(cid:481)(cid:885),(cid:883)(cid:484)(cid:884)(cid:890)(cid:890),(cid:883)(cid:889),(cid:887)(cid:888)(cid:481)(cid:889),(cid:883)(cid:484)(cid:882)(cid:882)(cid:883),(cid:882),(cid:882)(cid:481)(cid:882),,,,,,,,,,,,,,,,,,,
(cid:885)(cid:885),(cid:3)(cid:19)(cid:131)(cid:146)(cid:151)(cid:131)(cid:3)(cid:3),(cid:882),(cid:882)(cid:481)(cid:882),,(cid:884),(cid:890)(cid:481)(cid:889),(cid:885)(cid:890)(cid:885),(cid:888),(cid:884)(cid:888)(cid:481)(cid:883),(cid:887)(cid:891)(cid:883),(cid:883)(cid:887),(cid:888)(cid:887)(cid:481)(cid:884),(cid:889)(cid:891)(cid:884),(cid:882),(cid:882)(cid:481)(cid:882),,,,,,,,,,,,,,,,,,,
(cid:885)(cid:886),(cid:3)(cid:19)(cid:131)(cid:146)(cid:151)(cid:131)(cid:3)(cid:5)(cid:131)(cid:148)(cid:131)(cid:150),(cid:882),(cid:882)(cid:481)(cid:882),,(cid:884),(cid:883)(cid:883)(cid:481)(cid:883),(cid:885)(cid:888)(cid:891),(cid:883)(cid:882),(cid:887)(cid:887)(cid:481)(cid:888),(cid:883)(cid:484)(cid:887)(cid:890)(cid:891),(cid:888),(cid:885)(cid:885)(cid:481)(cid:885),(cid:884)(cid:891)(cid:886),(cid:882),(cid:882)(cid:481)(cid:882),,,,,,,,,,,,,,,,,,,
(cid:885)(cid:887),(cid:3)(cid:19)(cid:131)(cid:146)(cid:151)(cid:131)(cid:3)(cid:22)(cid:135)(cid:142)(cid:131)(cid:150)(cid:131)(cid:144),(cid:882),(cid:882)(cid:481)(cid:882),,(cid:882),(cid:882)(cid:481)(cid:882),,(cid:889),(cid:887)(cid:890)(cid:481)(cid:885),(cid:889)(cid:884)(cid:886),(cid:887),(cid:886)(cid:883)(cid:481)(cid:889),(cid:884)(cid:891)(cid:886),(cid:882),(cid:882)(cid:481)(cid:882),,,,,,,,,,,,,,,,,,,
(cid:885)(cid:888),(cid:3)(cid:19)(cid:131)(cid:146)(cid:151)(cid:131)(cid:3)(cid:23)(cid:135)(cid:144)(cid:137)(cid:131)(cid:138),(cid:882),(cid:882)(cid:481)(cid:882),,(cid:883),(cid:883)(cid:884)(cid:481)(cid:887),(cid:884)(cid:883)(cid:883),(cid:883),(cid:883)(cid:884)(cid:481)(cid:887),(cid:883)(cid:882)(cid:883),(cid:888),(cid:889)(cid:887)(cid:481)(cid:882),(cid:887)(cid:883)(cid:889),(cid:882),(cid:882)(cid:481)(cid:882),,,,,,,,,,,,,,,,,,,
(cid:885)(cid:889),(cid:3)(cid:19)(cid:131)(cid:146)(cid:151)(cid:131)(cid:3)(cid:19)(cid:135)(cid:137)(cid:151)(cid:144)(cid:151)(cid:144)(cid:137)(cid:131)(cid:144),(cid:882) 0,(cid:882)(cid:481)(cid:882),,(cid:882),(cid:882)(cid:481)(cid:882),,(cid:886),(cid:884)(cid:888)(cid:481)(cid:889),(cid:889)(cid:882)(cid:885),(cid:883)(cid:882),(cid:888)(cid:888)(cid:481)(cid:889),(cid:885)(cid:882)(cid:886),(cid:883),(cid:888)(cid:481)(cid:889),(cid:882),,,,,,,,,,,,,,,,,,
Indonesia,,(cid:882) 79,"(cid:882)(cid:481)(cid:882) 2,4",35.016,(cid:882) 446,"(cid:882)(cid:481)(cid:882) 13,8",106.637,(cid:883) 1.740,"(cid:883)(cid:883)(cid:481)(cid:883) 53,9",(cid:884)(cid:883)(cid:888) 191.495,(cid:889) 958,"(cid:889)(cid:889)(cid:481)(cid:890) 29,7",(cid:885)(cid:887)(cid:888) 56.622,(cid:883) 5,"(cid:883)(cid:883)(cid:481)(cid:883) 0,2",(cid:882) 72,,,,,,,,,,,,,,,,,,
No,Provinsi,2023,,,,2024,,,,,,,,,,,,,,,,,,,,,,,,,,,,
,,Estimasi Jumlah Penduduk 2022,Total,,,Estimasi Jumlah Penduduk 2023,Total,,,,,,,,,,,,,,,,,,,,,,,,,,,
,,,RS,TT,,,RS,TT,,,,,,,,,,,,,,,,,,,,,,,,,,
,,,,Jumlah,Rasio,,,Jumlah,Rasio,,,,,,,,,,,,,,,,,,,,,,,,,
(1),(2),(7),(8),(9),(10),(7),(8),(9),(10),,,,,,,,,,,,,,,,,,,,,,,,,
(cid:883),(cid:4)(cid:133)(cid:135)(cid:138),,,,,,,,,,,,,,,,,,,,,,,,,,,,,,,,,
(cid:884),(cid:22)(cid:151)(cid:143)(cid:131)(cid:150)(cid:135)(cid:148)(cid:131)(cid:3)(cid:24)(cid:150)(cid:131)(cid:148)(cid:131),(cid:3)(cid:3)(cid:3)(cid:3)(cid:3)(cid:3)(cid:3)(cid:3)(cid:3)(cid:3)(cid:3)(cid:3)(cid:3)(cid:887)(cid:484)(cid:886)(cid:890)(cid:884)(cid:484)(cid:887)(cid:884)(cid:889)(cid:3),(cid:3)(cid:3)(cid:3)(cid:3)(cid:3)(cid:3)(cid:3)(cid:3)(cid:3)(cid:3)(cid:3)(cid:3)(cid:3) (cid:889)(cid:889),(cid:883)(cid:882)(cid:884)(cid:883)(cid:888),(cid:3)(cid:3)(cid:3)(cid:3)(cid:3)(cid:3)(cid:3)(cid:3)(cid:3)(cid:3)(cid:3)(cid:3)(cid:3)(cid:3)(cid:3)(cid:3)(cid:3)(cid:3)(cid:883)(cid:481)(cid:891)(cid:3),(cid:3)(cid:3)(cid:3)(cid:3)(cid:3) (cid:887)(cid:484)(cid:887)(cid:887)(cid:886)(cid:484)(cid:890)(cid:883)(cid:887),(cid:3)(cid:3)(cid:3)(cid:3)(cid:3)(cid:3)(cid:3)(cid:3)(cid:3)(cid:3)(cid:3)(cid:3)(cid:3)(cid:3)(cid:3)(cid:3)(cid:3)(cid:3) (cid:890)(cid:883),(cid:883)(cid:882)(cid:890)(cid:888)(cid:884),(cid:3)(cid:3)(cid:3)(cid:3)(cid:3)(cid:3)(cid:3)(cid:3)(cid:3)(cid:3)(cid:3)(cid:3)(cid:3)(cid:3)(cid:3)(cid:3)(cid:3) (cid:884)(cid:481)(cid:882),,,,,,,,,,,,,,,,,,,,,,,,,
(cid:885),(cid:22)(cid:151)(cid:143)(cid:131)(cid:150)(cid:135)(cid:148)(cid:131)(cid:3)(cid:5)(cid:131)(cid:148)(cid:131)(cid:150),(cid:3)(cid:3)(cid:3)(cid:3)(cid:3)(cid:3)(cid:3)(cid:3)(cid:3)(cid:3)(cid:3)(cid:883)(cid:887)(cid:484)(cid:885)(cid:890)(cid:888)(cid:484)(cid:888)(cid:886)(cid:882)(cid:3),(cid:3)(cid:3)(cid:3)(cid:3)(cid:3) (cid:884)(cid:883)(cid:884),(cid:884)(cid:886)(cid:885)(cid:884)(cid:884),(cid:3)(cid:3)(cid:3)(cid:3)(cid:3)(cid:3)(cid:3)(cid:3)(cid:3)(cid:3)(cid:3)(cid:3)(cid:3)(cid:3)(cid:3)(cid:3)(cid:3)(cid:3)(cid:883)(cid:481)(cid:888)(cid:3),(cid:3)(cid:3) (cid:883)(cid:887)(cid:484)(cid:887)(cid:890)(cid:890)(cid:484)(cid:887)(cid:884)(cid:887),(cid:3)(cid:3)(cid:3)(cid:3)(cid:3)(cid:3)(cid:3)(cid:3)(cid:3)(cid:3)(cid:3)(cid:3)(cid:3)(cid:3)(cid:3)(cid:3) (cid:884)(cid:883)(cid:882),(cid:884)(cid:886)(cid:885)(cid:890)(cid:888),(cid:3)(cid:3)(cid:3)(cid:3)(cid:3)(cid:3)(cid:3)(cid:3)(cid:3)(cid:3)(cid:3)(cid:3)(cid:3)(cid:3)(cid:3)(cid:3)(cid:3) (cid:883)(cid:481)(cid:888),,,,,,,,,,,,,,,,,,,,,,,,,
(cid:886),(cid:21)(cid:139)(cid:131)(cid:151),(cid:3)(cid:3)(cid:3)(cid:3)(cid:3)(cid:3)(cid:3)(cid:3)(cid:3)(cid:3)(cid:3)(cid:3)(cid:3)(cid:887)(cid:484)(cid:889)(cid:887)(cid:889)(cid:484)(cid:884)(cid:882)(cid:887)(cid:3),(cid:3)(cid:3)(cid:3)(cid:3)(cid:3)(cid:3)(cid:3)(cid:3) (cid:890)(cid:884),(cid:889)(cid:891)(cid:889)(cid:889),(cid:3)(cid:3)(cid:3)(cid:3)(cid:3)(cid:3)(cid:3)(cid:3)(cid:3)(cid:3)(cid:3)(cid:3)(cid:3)(cid:3)(cid:3)(cid:3)(cid:3)(cid:3)(cid:883)(cid:481)(cid:886)(cid:3),(cid:3)(cid:3)(cid:3)(cid:3)(cid:3) (cid:887)(cid:484)(cid:890)(cid:885)(cid:888)(cid:484)(cid:883)(cid:887)(cid:888),(cid:3)(cid:3)(cid:3)(cid:3)(cid:3)(cid:3)(cid:3)(cid:3)(cid:3)(cid:3)(cid:3)(cid:3)(cid:3)(cid:3)(cid:3)(cid:3)(cid:3)(cid:3) (cid:889)(cid:890),(cid:890)(cid:883)(cid:885)(cid:889),(cid:3)(cid:3)(cid:3)(cid:3)(cid:3)(cid:3)(cid:3)(cid:3)(cid:3)(cid:3)(cid:3)(cid:3)(cid:3)(cid:3)(cid:3)(cid:3)(cid:3) (cid:883)(cid:481)(cid:886),,,,,,,,,,,,,,,,,,,,,,,,,
(cid:887),(cid:13)(cid:131)(cid:143)(cid:132)(cid:139),(cid:3)(cid:3)(cid:3)(cid:3)(cid:3)(cid:3)(cid:3)(cid:3)(cid:3)(cid:3)(cid:3)(cid:3)(cid:3)(cid:888)(cid:484)(cid:888)(cid:886)(cid:884)(cid:484)(cid:890)(cid:889)(cid:886)(cid:3),(cid:3)(cid:3)(cid:3)(cid:3)(cid:3)(cid:3)(cid:3)(cid:3) (cid:889)(cid:891),(cid:891)(cid:884)(cid:887)(cid:884),(cid:3)(cid:3)(cid:3)(cid:3)(cid:3)(cid:3)(cid:3)(cid:3)(cid:3)(cid:3)(cid:3)(cid:3)(cid:3)(cid:3)(cid:3)(cid:3)(cid:3)(cid:3)(cid:883)(cid:481)(cid:886)(cid:3),(cid:3)(cid:3)(cid:3)(cid:3)(cid:3) (cid:888)(cid:484)(cid:889)(cid:884)(cid:890)(cid:484)(cid:882)(cid:887)(cid:885),(cid:3)(cid:3)(cid:3)(cid:3)(cid:3)(cid:3)(cid:3)(cid:3)(cid:3)(cid:3)(cid:3)(cid:3)(cid:3)(cid:3)(cid:3)(cid:3)(cid:3)(cid:3) (cid:890)(cid:885),(cid:891)(cid:884)(cid:884)(cid:887),(cid:3)(cid:3)(cid:3)(cid:3)(cid:3)(cid:3)(cid:3)(cid:3)(cid:3)(cid:3)(cid:3)(cid:3)(cid:3)(cid:3)(cid:3)(cid:3)(cid:3) (cid:883)(cid:481)(cid:886),,,,,,,,,,,,,,,,,,,,,,,,,
(cid:888),(cid:22)(cid:151)(cid:143)(cid:131)(cid:150)(cid:135)(cid:148)(cid:131)(cid:3)(cid:22)(cid:135)(cid:142)(cid:131)(cid:150)(cid:131)(cid:144),(cid:3)(cid:3)(cid:3)(cid:3)(cid:3)(cid:3)(cid:3)(cid:3)(cid:3)(cid:3)(cid:3)(cid:3)(cid:3)(cid:885)(cid:484)(cid:888)(cid:889)(cid:891)(cid:484)(cid:883)(cid:888)(cid:891)(cid:3),(cid:3)(cid:3)(cid:3)(cid:3)(cid:3)(cid:3)(cid:3)(cid:3) (cid:886)(cid:884),(cid:886)(cid:890)(cid:890)(cid:884),(cid:3)(cid:3)(cid:3)(cid:3)(cid:3)(cid:3)(cid:3)(cid:3)(cid:3)(cid:3)(cid:3)(cid:3)(cid:3)(cid:3)(cid:3)(cid:3)(cid:3)(cid:3)(cid:883)(cid:481)(cid:885)(cid:3),(cid:3)(cid:3)(cid:3)(cid:3)(cid:3) (cid:885)(cid:484)(cid:889)(cid:884)(cid:886)(cid:484)(cid:884)(cid:890)(cid:886),(cid:3)(cid:3)(cid:3)(cid:3)(cid:3)(cid:3)(cid:3)(cid:3)(cid:3)(cid:3)(cid:3)(cid:3)(cid:3)(cid:3)(cid:3)(cid:3)(cid:3)(cid:3) (cid:886)(cid:886),(cid:886)(cid:887)(cid:889)(cid:887),(cid:3)(cid:3)(cid:3)(cid:3)(cid:3)(cid:3)(cid:3)(cid:3)(cid:3)(cid:3)(cid:3)(cid:3)(cid:3)(cid:3)(cid:3)(cid:3)(cid:3) (cid:883)(cid:481)(cid:884),,,,,,,,,,,,,,,,,,,,,,,,,
(cid:889),(cid:5)(cid:135)(cid:144)(cid:137)(cid:141)(cid:151)(cid:142)(cid:151),(cid:3)(cid:3)(cid:3)(cid:3)(cid:3)(cid:3)(cid:3)(cid:3)(cid:3)(cid:3)(cid:3)(cid:3)(cid:3)(cid:890)(cid:484)(cid:889)(cid:886)(cid:885)(cid:484)(cid:887)(cid:884)(cid:884)(cid:3),(cid:3)(cid:3)(cid:3)(cid:3)(cid:3)(cid:3)(cid:3)(cid:3) (cid:890)(cid:887),(cid:883)(cid:882)(cid:883)(cid:882)(cid:887),(cid:3)(cid:3)(cid:3)(cid:3)(cid:3)(cid:3)(cid:3)(cid:3)(cid:3)(cid:3)(cid:3)(cid:3)(cid:3)(cid:3)(cid:3)(cid:3)(cid:3)(cid:3)(cid:883)(cid:481)(cid:884)(cid:3),(cid:3)(cid:3)(cid:3)(cid:3)(cid:3) (cid:890)(cid:484)(cid:890)(cid:885)(cid:889)(cid:484)(cid:885)(cid:882)(cid:883),(cid:3)(cid:3)(cid:3)(cid:3)(cid:3)(cid:3)(cid:3)(cid:3)(cid:3)(cid:3)(cid:3)(cid:3)(cid:3)(cid:3)(cid:3)(cid:3)(cid:3)(cid:3) (cid:890)(cid:890),(cid:883)(cid:882)(cid:884)(cid:888)(cid:889),(cid:3)(cid:3)(cid:3)(cid:3)(cid:3)(cid:3)(cid:3)(cid:3)(cid:3)(cid:3)(cid:3)(cid:3)(cid:3)(cid:3)(cid:3)(cid:3)(cid:3) (cid:883)(cid:481)(cid:884),,,,,,,,,,,,,,,,,,,,,,,,,
(cid:890),(cid:15)(cid:131)(cid:143)(cid:146)(cid:151)(cid:144)(cid:137),(cid:3)(cid:3)(cid:3)(cid:3)(cid:3)(cid:3)(cid:3)(cid:3)(cid:3)(cid:3)(cid:3)(cid:3)(cid:3)(cid:884)(cid:484)(cid:882)(cid:890)(cid:888)(cid:484)(cid:882)(cid:882)(cid:888)(cid:3),(cid:3)(cid:3)(cid:3)(cid:3)(cid:3)(cid:3)(cid:3)(cid:3) (cid:884)(cid:888),(cid:884)(cid:888)(cid:885)(cid:885),(cid:3)(cid:3)(cid:3)(cid:3)(cid:3)(cid:3)(cid:3)(cid:3)(cid:3)(cid:3)(cid:3)(cid:3)(cid:3)(cid:3)(cid:3)(cid:3)(cid:3)(cid:3)(cid:883)(cid:481)(cid:885)(cid:3),(cid:3)(cid:3)(cid:3)(cid:3)(cid:3) (cid:884)(cid:484)(cid:883)(cid:883)(cid:884)(cid:484)(cid:884)(cid:885)(cid:887),(cid:3)(cid:3)(cid:3)(cid:3)(cid:3)(cid:3)(cid:3)(cid:3)(cid:3)(cid:3)(cid:3)(cid:3)(cid:3)(cid:3)(cid:3)(cid:3)(cid:3)(cid:3) (cid:884)(cid:888),(cid:884)(cid:888)(cid:884)(cid:891),(cid:3)(cid:3)(cid:3)(cid:3)(cid:3)(cid:3)(cid:3)(cid:3)(cid:3)(cid:3)(cid:3)(cid:3)(cid:3)(cid:3)(cid:3)(cid:3)(cid:3) (cid:883)(cid:481)(cid:884),,,,,,,,,,,,,,,,,,,,,,,,,
(cid:891),(cid:14)(cid:135)(cid:146)(cid:484)(cid:3)(cid:5)(cid:131)(cid:144)(cid:137)(cid:141)(cid:131)(cid:3)(cid:5)(cid:135)(cid:142)(cid:139)(cid:150)(cid:151)(cid:144)(cid:137),(cid:3)(cid:3)(cid:3)(cid:3)(cid:3)(cid:3)(cid:3)(cid:3)(cid:3)(cid:3)(cid:3)(cid:3)(cid:3)(cid:891)(cid:484)(cid:885)(cid:883)(cid:885)(cid:484)(cid:891)(cid:890)(cid:888)(cid:3),(cid:3)(cid:3)(cid:3)(cid:3)(cid:3)(cid:3)(cid:3)(cid:3) (cid:890)(cid:883),(cid:891)(cid:882)(cid:888)(cid:888),(cid:3)(cid:3)(cid:3)(cid:3)(cid:3)(cid:3)(cid:3)(cid:3)(cid:3)(cid:3)(cid:3)(cid:3)(cid:3)(cid:3)(cid:3)(cid:3)(cid:3)(cid:3)(cid:883)(cid:481)(cid:882)(cid:3),(cid:3)(cid:3)(cid:3)(cid:3)(cid:3) (cid:891)(cid:484)(cid:886)(cid:883)(cid:891)(cid:484)(cid:887)(cid:890)(cid:884),(cid:3)(cid:3)(cid:3)(cid:3)(cid:3)(cid:3)(cid:3)(cid:3)(cid:3)(cid:3)(cid:3)(cid:3)(cid:3)(cid:3)(cid:3)(cid:3)(cid:3)(cid:3) (cid:890)(cid:884),(cid:891)(cid:884)(cid:882)(cid:882),(cid:3)(cid:3)(cid:3)(cid:3)(cid:3)(cid:3)(cid:3)(cid:3)(cid:3)(cid:3)(cid:3)(cid:3)(cid:3)(cid:3)(cid:3)(cid:3)(cid:3) (cid:883)(cid:481)(cid:882),,,,,,,,,,,,,,,,,,,,,,,,,
(cid:883)(cid:882),(cid:14)(cid:135)(cid:146)(cid:151)(cid:142)(cid:131)(cid:151)(cid:131)(cid:144)(cid:3)(cid:21)(cid:139)(cid:131)(cid:151),(cid:3)(cid:3)(cid:3)(cid:3)(cid:3)(cid:3)(cid:3)(cid:3)(cid:3)(cid:3)(cid:3)(cid:3)(cid:3)(cid:883)(cid:484)(cid:887)(cid:883)(cid:883)(cid:484)(cid:890)(cid:891)(cid:891)(cid:3),(cid:3)(cid:3)(cid:3)(cid:3)(cid:3)(cid:3)(cid:3)(cid:3) (cid:884)(cid:889),(cid:884)(cid:886)(cid:889)(cid:887),(cid:3)(cid:3)(cid:3)(cid:3)(cid:3)(cid:3)(cid:3)(cid:3)(cid:3)(cid:3)(cid:3)(cid:3)(cid:3)(cid:3)(cid:3)(cid:3)(cid:3)(cid:3)(cid:883)(cid:481)(cid:888)(cid:3),(cid:3)(cid:3)(cid:3)(cid:3)(cid:3) (cid:883)(cid:484)(cid:887)(cid:885)(cid:883)(cid:484)(cid:887)(cid:885)(cid:882),(cid:3)(cid:3)(cid:3)(cid:3)(cid:3)(cid:3)(cid:3)(cid:3)(cid:3)(cid:3)(cid:3)(cid:3)(cid:3)(cid:3)(cid:3)(cid:3)(cid:3)(cid:3) (cid:884)(cid:891),(cid:884)(cid:887)(cid:884)(cid:882),(cid:3)(cid:3)(cid:3)(cid:3)(cid:3)(cid:3)(cid:3)(cid:3)(cid:3)(cid:3)(cid:3)(cid:3)(cid:3)(cid:3)(cid:3)(cid:3)(cid:3) (cid:883)(cid:481)(cid:888),,,,,,,,,,,,,,,,,,,,,,,,,
(cid:883)(cid:883),(cid:7)(cid:14)(cid:12)(cid:3)(cid:13)(cid:131)(cid:141)(cid:131)(cid:148)(cid:150)(cid:131),(cid:3)(cid:3)(cid:3)(cid:3)(cid:3)(cid:3)(cid:3)(cid:3)(cid:3)(cid:3)(cid:3)(cid:3)(cid:3)(cid:884)(cid:484)(cid:883)(cid:887)(cid:884)(cid:484)(cid:888)(cid:884)(cid:887)(cid:3),(cid:3)(cid:3)(cid:3)(cid:3)(cid:3)(cid:3)(cid:3)(cid:3) (cid:885)(cid:890),(cid:886)(cid:884)(cid:882)(cid:887),(cid:3)(cid:3)(cid:3)(cid:3)(cid:3)(cid:3)(cid:3)(cid:3)(cid:3)(cid:3)(cid:3)(cid:3)(cid:3)(cid:3)(cid:3)(cid:3)(cid:3)(cid:3)(cid:884)(cid:481)(cid:882)(cid:3),(cid:3)(cid:3)(cid:3)(cid:3)(cid:3) (cid:884)(cid:484)(cid:883)(cid:890)(cid:885)(cid:484)(cid:884)(cid:891)(cid:884),(cid:3)(cid:3)(cid:3)(cid:3)(cid:3)(cid:3)(cid:3)(cid:3)(cid:3)(cid:3)(cid:3)(cid:3)(cid:3)(cid:3)(cid:3)(cid:3)(cid:3)(cid:3) (cid:885)(cid:888),(cid:886)(cid:883)(cid:889)(cid:882),(cid:3)(cid:3)(cid:3)(cid:3)(cid:3)(cid:3)(cid:3)(cid:3)(cid:3)(cid:3)(cid:3)(cid:3)(cid:3)(cid:3)(cid:3)(cid:3)(cid:3) (cid:883)(cid:481)(cid:891),,,,,,,,,,,,,,,,,,,,,,,,,
(cid:883)(cid:884),(cid:13)(cid:131)(cid:153)(cid:131)(cid:3)(cid:5)(cid:131)(cid:148)(cid:131)(cid:150),(cid:3)(cid:3)(cid:3)(cid:3)(cid:3)(cid:3)(cid:3)(cid:3)(cid:3)(cid:3)(cid:3)(cid:883)(cid:882)(cid:484)(cid:888)(cid:889)(cid:884)(cid:484)(cid:883)(cid:882)(cid:882)(cid:3),(cid:3)(cid:3)(cid:3)(cid:3)(cid:3) (cid:883)(cid:891)(cid:888),(cid:884)(cid:889)(cid:887)(cid:884)(cid:884),(cid:3)(cid:3)(cid:3)(cid:3)(cid:3)(cid:3)(cid:3)(cid:3)(cid:3)(cid:3)(cid:3)(cid:3)(cid:3)(cid:3)(cid:3)(cid:3)(cid:3)(cid:3)(cid:884)(cid:481)(cid:888)(cid:3),(cid:3)(cid:3) (cid:883)(cid:882)(cid:484)(cid:888)(cid:890)(cid:886)(cid:484)(cid:891)(cid:886)(cid:888),(cid:3)(cid:3)(cid:3)(cid:3)(cid:3)(cid:3)(cid:3)(cid:3)(cid:3)(cid:3)(cid:3)(cid:3)(cid:3)(cid:3)(cid:3)(cid:3) (cid:883)(cid:891)(cid:882),(cid:884)(cid:890)(cid:884)(cid:884)(cid:882),(cid:3)(cid:3)(cid:3)(cid:3)(cid:3)(cid:3)(cid:3)(cid:3)(cid:3)(cid:3)(cid:3)(cid:3)(cid:3)(cid:3)(cid:3)(cid:3)(cid:3) (cid:884)(cid:481)(cid:888),,,,,,,,,,,,,,,,,,,,,,,,,
(cid:883)(cid:885),(cid:13)(cid:131)(cid:153)(cid:131)(cid:3)(cid:23)(cid:135)(cid:144)(cid:137)(cid:131)(cid:138),(cid:3)(cid:3)(cid:3)(cid:3)(cid:3)(cid:3)(cid:3)(cid:3)(cid:3)(cid:3)(cid:3)(cid:886)(cid:891)(cid:484)(cid:890)(cid:888)(cid:882)(cid:484)(cid:885)(cid:885)(cid:882)(cid:3),(cid:3)(cid:3)(cid:3)(cid:3)(cid:3) (cid:886)(cid:883)(cid:886),(cid:887)(cid:888)(cid:890)(cid:891)(cid:884),(cid:3)(cid:3)(cid:3)(cid:3)(cid:3)(cid:3)(cid:3)(cid:3)(cid:3)(cid:3)(cid:3)(cid:3)(cid:3)(cid:3)(cid:3)(cid:3)(cid:3)(cid:3)(cid:883)(cid:481)(cid:883)(cid:3),(cid:3)(cid:3) (cid:887)(cid:882)(cid:484)(cid:885)(cid:886)(cid:887)(cid:484)(cid:883)(cid:890)(cid:891),(cid:3)(cid:3)(cid:3)(cid:3)(cid:3)(cid:3)(cid:3)(cid:3)(cid:3)(cid:3)(cid:3)(cid:3)(cid:3)(cid:3)(cid:3)(cid:3) (cid:886)(cid:885)(cid:882),(cid:887)(cid:891)(cid:888)(cid:883)(cid:883),(cid:3)(cid:3)(cid:3)(cid:3)(cid:3)(cid:3)(cid:3)(cid:3)(cid:3)(cid:3)(cid:3)(cid:3)(cid:3)(cid:3)(cid:3)(cid:3)(cid:3) (cid:883)(cid:481)(cid:884),,,,,,,,,,,,,,,,,,,,,,,,,
(cid:883)(cid:886),(cid:7)(cid:12)(cid:3)(cid:28)(cid:145)(cid:137)(cid:155)(cid:131)(cid:141)(cid:131)(cid:148)(cid:150)(cid:131),(cid:3)(cid:3)(cid:3)(cid:3)(cid:3)(cid:3)(cid:3)(cid:3)(cid:3)(cid:3)(cid:3)(cid:885)(cid:889)(cid:484)(cid:887)(cid:886)(cid:882)(cid:484)(cid:891)(cid:888)(cid:884)(cid:3),(cid:3)(cid:3)(cid:3)(cid:3)(cid:3) (cid:885)(cid:886)(cid:887),(cid:886)(cid:888)(cid:889)(cid:891)(cid:885),(cid:3)(cid:3)(cid:3)(cid:3)(cid:3)(cid:3)(cid:3)(cid:3)(cid:3)(cid:3)(cid:3)(cid:3)(cid:3)(cid:3)(cid:3)(cid:3)(cid:3)(cid:3)(cid:883)(cid:481)(cid:884)(cid:3),(cid:3)(cid:3) (cid:885)(cid:889)(cid:484)(cid:890)(cid:891)(cid:884)(cid:484)(cid:884)(cid:890)(cid:885),(cid:3)(cid:3)(cid:3)(cid:3)(cid:3)(cid:3)(cid:3)(cid:3)(cid:3)(cid:3)(cid:3)(cid:3)(cid:3)(cid:3)(cid:3)(cid:3) (cid:885)(cid:888)(cid:882),(cid:886)(cid:889)(cid:886)(cid:886)(cid:889),(cid:3)(cid:3)(cid:3)(cid:3)(cid:3)(cid:3)(cid:3)(cid:3)(cid:3)(cid:3)(cid:3)(cid:3)(cid:3)(cid:3)(cid:3)(cid:3)(cid:3) (cid:883)(cid:481)(cid:885),,,,,,,,,,,,,,,,,,,,,,,,,
(cid:883)(cid:887),(cid:13)(cid:131)(cid:153)(cid:131)(cid:3)(cid:23)(cid:139)(cid:143)(cid:151)(cid:148),(cid:3)(cid:3)(cid:3)(cid:3)(cid:3)(cid:3)(cid:3)(cid:3)(cid:3)(cid:3)(cid:3)(cid:3)(cid:3)(cid:885)(cid:484)(cid:889)(cid:885)(cid:888)(cid:484)(cid:886)(cid:890)(cid:891)(cid:3),(cid:3)(cid:3)(cid:3)(cid:3)(cid:3)(cid:3)(cid:3)(cid:3) (cid:890)(cid:882),(cid:890)(cid:882)(cid:887)(cid:886),(cid:3)(cid:3)(cid:3)(cid:3)(cid:3)(cid:3)(cid:3)(cid:3)(cid:3)(cid:3)(cid:3)(cid:3)(cid:3)(cid:3)(cid:3)(cid:3)(cid:3)(cid:3)(cid:884)(cid:481)(cid:884)(cid:3),(cid:3)(cid:3)(cid:3)(cid:3)(cid:3) (cid:885)(cid:484)(cid:889)(cid:887)(cid:891)(cid:484)(cid:887)(cid:882)(cid:885),(cid:3)(cid:3)(cid:3)(cid:3)(cid:3)(cid:3)(cid:3)(cid:3)(cid:3)(cid:3)(cid:3)(cid:3)(cid:3)(cid:3)(cid:3)(cid:3)(cid:3)(cid:3) (cid:889)(cid:891),(cid:889)(cid:890)(cid:884)(cid:891),(cid:3)(cid:3)(cid:3)(cid:3)(cid:3)(cid:3)(cid:3)(cid:3)(cid:3)(cid:3)(cid:3)(cid:3)(cid:3)(cid:3)(cid:3)(cid:3)(cid:3) (cid:884)(cid:481)(cid:883),,,,,,,,,,,,,,,,,,,,,,,,,
(cid:883)(cid:888),(cid:5)(cid:131)(cid:144)(cid:150)(cid:135)(cid:144),(cid:3)(cid:3)(cid:3)(cid:3)(cid:3)(cid:3)(cid:3)(cid:3)(cid:3)(cid:3)(cid:3)(cid:886)(cid:883)(cid:484)(cid:887)(cid:884)(cid:889)(cid:484)(cid:891)(cid:885)(cid:886)(cid:3),(cid:3)(cid:3)(cid:3)(cid:3)(cid:3) (cid:886)(cid:884)(cid:885),(cid:887)(cid:884)(cid:883)(cid:887)(cid:891),(cid:3)(cid:3)(cid:3)(cid:3)(cid:3)(cid:3)(cid:3)(cid:3)(cid:3)(cid:3)(cid:3)(cid:3)(cid:3)(cid:3)(cid:3)(cid:3)(cid:3)(cid:3)(cid:883)(cid:481)(cid:885)(cid:3),(cid:3)(cid:3) (cid:886)(cid:883)(cid:484)(cid:890)(cid:883)(cid:886)(cid:484)(cid:886)(cid:891)(cid:891),(cid:3)(cid:3)(cid:3)(cid:3)(cid:3)(cid:3)(cid:3)(cid:3)(cid:3)(cid:3)(cid:3)(cid:3)(cid:3)(cid:3)(cid:3)(cid:3) (cid:886)(cid:885)(cid:891),(cid:887)(cid:884)(cid:882)(cid:882)(cid:888),(cid:3)(cid:3)(cid:3)(cid:3)(cid:3)(cid:3)(cid:3)(cid:3)(cid:3)(cid:3)(cid:3)(cid:3)(cid:3)(cid:3)(cid:3)(cid:3)(cid:3) (cid:883)(cid:481)(cid:884),,,,,,,,,,,,,,,,,,,,,,,,,
(cid:883)(cid:889),(cid:5)(cid:131)(cid:142)(cid:139),(cid:3)(cid:3)(cid:3)(cid:3)(cid:3)(cid:3)(cid:3)(cid:3)(cid:3)(cid:3)(cid:3)(cid:883)(cid:884)(cid:484)(cid:885)(cid:882)(cid:889)(cid:484)(cid:889)(cid:885)(cid:884)(cid:3),(cid:3)(cid:3)(cid:3)(cid:3)(cid:3) (cid:883)(cid:884)(cid:890),(cid:883)(cid:887)(cid:883)(cid:882)(cid:888),(cid:3)(cid:3)(cid:3)(cid:3)(cid:3)(cid:3)(cid:3)(cid:3)(cid:3)(cid:3)(cid:3)(cid:3)(cid:3)(cid:3)(cid:3)(cid:3)(cid:3)(cid:3)(cid:883)(cid:481)(cid:884)(cid:3),(cid:3)(cid:3) (cid:883)(cid:884)(cid:484)(cid:886)(cid:885)(cid:883)(cid:484)(cid:885)(cid:891)(cid:883),(cid:3)(cid:3)(cid:3)(cid:3)(cid:3)(cid:3)(cid:3)(cid:3)(cid:3)(cid:3)(cid:3)(cid:3)(cid:3)(cid:3)(cid:3)(cid:3) (cid:883)(cid:885)(cid:883) (cid:3)(cid:3)(cid:3)(cid:3)(cid:3)(cid:3)(cid:3)(cid:3)(cid:3)(cid:3)(cid:3)(cid:3)(cid:3)(cid:3)(cid:3)(cid:3)(cid:3)(cid:3) (cid:890)(cid:884),(cid:883)(cid:887)(cid:885)(cid:886)(cid:891) (cid:890)(cid:891)(cid:886)(cid:889),(cid:3)(cid:3)(cid:3)(cid:3)(cid:3)(cid:3)(cid:3)(cid:3)(cid:3)(cid:3)(cid:3)(cid:3)(cid:3)(cid:3)(cid:3)(cid:3)(cid:3) (cid:883)(cid:481)(cid:884) (cid:3)(cid:3)(cid:3)(cid:3)(cid:3)(cid:3)(cid:3)(cid:3)(cid:3)(cid:3)(cid:3)(cid:3)(cid:3)(cid:3)(cid:3)(cid:3)(cid:3) (cid:884)(cid:481)(cid:882),,,,,,,,,,,,,,,,,,,,,,,,,
(cid:883)(cid:890),(cid:17)(cid:151)(cid:149)(cid:131)(cid:3)(cid:23)(cid:135)(cid:144)(cid:137)(cid:137)(cid:131)(cid:148)(cid:131)(cid:3)(cid:5)(cid:131)(cid:148)(cid:131)(cid:150),(cid:3)(cid:3)(cid:3)(cid:3)(cid:3)(cid:3)(cid:3)(cid:3)(cid:3)(cid:3)(cid:3)(cid:3)(cid:3)(cid:886)(cid:484)(cid:886)(cid:882)(cid:886)(cid:484)(cid:884)(cid:888)(cid:884)(cid:3),(cid:3)(cid:3)(cid:3)(cid:3)(cid:3)(cid:3)(cid:3)(cid:3) (cid:889)(cid:887),(cid:891)(cid:883)(cid:891)(cid:888),(cid:3)(cid:3)(cid:3)(cid:3)(cid:3)(cid:3)(cid:3)(cid:3)(cid:3)(cid:3)(cid:3)(cid:3)(cid:3)(cid:3)(cid:3)(cid:3)(cid:3)(cid:3)(cid:884)(cid:481)(cid:883)(cid:3),(cid:3)(cid:3)(cid:3)(cid:3)(cid:3) (cid:886)(cid:484)(cid:886)(cid:885)(cid:885)(cid:484)(cid:884)(cid:888)(cid:884),,,,,,,,,,,,,,,,,,,,,,,,,,,,
(cid:883)(cid:891),(cid:17)(cid:151)(cid:149)(cid:131)(cid:3)(cid:23)(cid:135)(cid:144)(cid:137)(cid:137)(cid:131)(cid:148)(cid:131)(cid:3)(cid:23)(cid:139)(cid:143)(cid:151)(cid:148),(cid:3)(cid:3)(cid:3)(cid:3)(cid:3)(cid:3)(cid:3)(cid:3)(cid:3)(cid:3)(cid:3)(cid:3)(cid:3)(cid:887)(cid:484)(cid:887)(cid:888)(cid:882)(cid:484)(cid:884)(cid:890)(cid:889)(cid:3),(cid:3)(cid:3)(cid:3)(cid:3)(cid:3)(cid:3)(cid:3)(cid:3) (cid:886)(cid:887),(cid:887)(cid:888)(cid:891)(cid:884),(cid:3)(cid:3)(cid:3)(cid:3)(cid:3)(cid:3)(cid:3)(cid:3)(cid:3)(cid:3)(cid:3)(cid:3)(cid:3)(cid:3)(cid:3)(cid:3)(cid:3)(cid:3)(cid:883)(cid:481)(cid:882)(cid:3),(cid:3)(cid:3)(cid:3)(cid:3)(cid:3) (cid:887)(cid:484)(cid:888)(cid:886)(cid:888)(cid:484)(cid:882)(cid:883)(cid:887),(cid:3)(cid:3)(cid:3)(cid:3)(cid:3)(cid:3)(cid:3)(cid:3)(cid:3)(cid:3)(cid:3)(cid:3)(cid:3)(cid:3)(cid:3)(cid:3)(cid:3)(cid:3) (cid:886)(cid:888),(cid:887)(cid:885)(cid:888)(cid:882),(cid:3)(cid:3)(cid:3)(cid:3)(cid:3)(cid:3)(cid:3)(cid:3)(cid:3)(cid:3)(cid:3)(cid:3)(cid:3)(cid:3)(cid:3)(cid:3)(cid:3) (cid:882)(cid:481)(cid:891),,,,,,,,,,,,,,,,,,,,,,,,,
(cid:884)(cid:882),(cid:14)(cid:131)(cid:142)(cid:139)(cid:143)(cid:131)(cid:144)(cid:150)(cid:131)(cid:144)(cid:3)(cid:5)(cid:131)(cid:148)(cid:131)(cid:150),(cid:3)(cid:3)(cid:3)(cid:3)(cid:3)(cid:3)(cid:3)(cid:3)(cid:3)(cid:3)(cid:3)(cid:3)(cid:3)(cid:887)(cid:484)(cid:887)(cid:888)(cid:891)(cid:484)(cid:882)(cid:888)(cid:890)(cid:3),(cid:3)(cid:3)(cid:3)(cid:3)(cid:3)(cid:3)(cid:3)(cid:3) (cid:887)(cid:891),(cid:888)(cid:883)(cid:889)(cid:886),(cid:3)(cid:3)(cid:3)(cid:3)(cid:3)(cid:3)(cid:3)(cid:3)(cid:3)(cid:3)(cid:3)(cid:3)(cid:3)(cid:3)(cid:3)(cid:3)(cid:3)(cid:3)(cid:883)(cid:481)(cid:883)(cid:3),(cid:3)(cid:3)(cid:3)(cid:3)(cid:3) (cid:887)(cid:484)(cid:888)(cid:887)(cid:888)(cid:484)(cid:882)(cid:885)(cid:891),(cid:3)(cid:3)(cid:3)(cid:3)(cid:3)(cid:3)(cid:3)(cid:3)(cid:3)(cid:3)(cid:3)(cid:3)(cid:3)(cid:3)(cid:3)(cid:3)(cid:3)(cid:3) (cid:888)(cid:888),(cid:888)(cid:884)(cid:890)(cid:887),(cid:3)(cid:3)(cid:3)(cid:3)(cid:3)(cid:3)(cid:3)(cid:3)(cid:3)(cid:3)(cid:3)(cid:3)(cid:3)(cid:3)(cid:3)(cid:3)(cid:3) (cid:883)(cid:481)(cid:883),,,,,,,,,,,,,,,,,,,,,,,,,
(cid:884)(cid:883),(cid:14)(cid:131)(cid:142)(cid:139)(cid:143)(cid:131)(cid:144)(cid:150)(cid:131)(cid:144)(cid:3)(cid:23)(cid:135)(cid:144)(cid:137)(cid:131)(cid:138),(cid:3)(cid:3)(cid:3)(cid:3)(cid:3)(cid:3)(cid:3)(cid:3)(cid:3)(cid:3)(cid:3)(cid:3)(cid:3)(cid:887)(cid:484)(cid:888)(cid:884)(cid:885)(cid:484)(cid:885)(cid:884)(cid:890)(cid:3),(cid:3)(cid:3)(cid:3)(cid:3)(cid:3)(cid:3)(cid:3)(cid:3) (cid:887)(cid:888),(cid:888)(cid:884)(cid:890)(cid:887),(cid:3)(cid:3)(cid:3)(cid:3)(cid:3)(cid:3)(cid:3)(cid:3)(cid:3)(cid:3)(cid:3)(cid:3)(cid:3)(cid:3)(cid:3)(cid:3)(cid:3)(cid:3)(cid:883)(cid:481)(cid:883)(cid:3),(cid:3)(cid:3)(cid:3)(cid:3)(cid:3) (cid:887)(cid:484)(cid:888)(cid:891)(cid:887)(cid:484)(cid:886)(cid:889)(cid:887),(cid:3)(cid:3)(cid:3)(cid:3)(cid:3)(cid:3)(cid:3)(cid:3)(cid:3)(cid:3)(cid:3)(cid:3)(cid:3)(cid:3)(cid:3)(cid:3)(cid:3)(cid:3) (cid:887)(cid:890),(cid:888)(cid:887)(cid:890)(cid:882),(cid:3)(cid:3)(cid:3)(cid:3)(cid:3)(cid:3)(cid:3)(cid:3)(cid:3)(cid:3)(cid:3)(cid:3)(cid:3)(cid:3)(cid:3)(cid:3)(cid:3) (cid:883)(cid:481)(cid:884),,,,,,,,,,,,,,,,,,,,,,,,,
(cid:884)(cid:884),(cid:14)(cid:131)(cid:142)(cid:139)(cid:143)(cid:131)(cid:144)(cid:150)(cid:131)(cid:144)(cid:3)(cid:22)(cid:135)(cid:142)(cid:131)(cid:150)(cid:131)(cid:144),(cid:3)(cid:3)(cid:3)(cid:3)(cid:3)(cid:3)(cid:3)(cid:3)(cid:3)(cid:3)(cid:3)(cid:3)(cid:3)(cid:884)(cid:484)(cid:889)(cid:889)(cid:885)(cid:484)(cid:889)(cid:886)(cid:889)(cid:3),(cid:3)(cid:3)(cid:3)(cid:3)(cid:3)(cid:3)(cid:3)(cid:3) (cid:885)(cid:885),(cid:885)(cid:887)(cid:891)(cid:889),(cid:3)(cid:3)(cid:3)(cid:3)(cid:3)(cid:3)(cid:3)(cid:3)(cid:3)(cid:3)(cid:3)(cid:3)(cid:3)(cid:3)(cid:3)(cid:3)(cid:3)(cid:3)(cid:883)(cid:481)(cid:885)(cid:3),(cid:3)(cid:3)(cid:3)(cid:3)(cid:3) (cid:884)(cid:484)(cid:890)(cid:882)(cid:891)(cid:484)(cid:888)(cid:891)(cid:890),(cid:3)(cid:3)(cid:3)(cid:3)(cid:3)(cid:3)(cid:3)(cid:3)(cid:3)(cid:3)(cid:3)(cid:3)(cid:3)(cid:3)(cid:3)(cid:3)(cid:3)(cid:3) (cid:885)(cid:885),(cid:885)(cid:887)(cid:883)(cid:886),(cid:3)(cid:3)(cid:3)(cid:3)(cid:3)(cid:3)(cid:3)(cid:3)(cid:3)(cid:3)(cid:3)(cid:3)(cid:3)(cid:3)(cid:3)(cid:3)(cid:3) (cid:883)(cid:481)(cid:885),,,,,,,,,,,,,,,,,,,,,,,,,
(cid:884)(cid:885),(cid:14)(cid:131)(cid:142)(cid:139)(cid:143)(cid:131)(cid:144)(cid:150)(cid:131)(cid:144)(cid:3)(cid:23)(cid:139)(cid:143)(cid:151)(cid:148),(cid:3)(cid:3)(cid:3)(cid:3)(cid:3)(cid:3)(cid:3)(cid:3)(cid:3)(cid:3)(cid:3)(cid:3)(cid:3)(cid:886)(cid:484)(cid:884)(cid:884)(cid:884)(cid:484)(cid:885)(cid:885)(cid:885)(cid:3),(cid:3)(cid:3)(cid:3)(cid:3)(cid:3)(cid:3)(cid:3)(cid:3) (cid:887)(cid:884),(cid:888)(cid:887)(cid:886)(cid:888),(cid:3)(cid:3)(cid:3)(cid:3)(cid:3)(cid:3)(cid:3)(cid:3)(cid:3)(cid:3)(cid:3)(cid:3)(cid:3)(cid:3)(cid:3)(cid:3)(cid:3)(cid:3)(cid:883)(cid:481)(cid:888)(cid:3),(cid:3)(cid:3)(cid:3)(cid:3)(cid:3) (cid:886)(cid:484)(cid:884)(cid:889)(cid:885)(cid:484)(cid:886)(cid:882)(cid:882),(cid:3)(cid:3)(cid:3)(cid:3)(cid:3)(cid:3)(cid:3)(cid:3)(cid:3)(cid:3)(cid:3)(cid:3)(cid:3)(cid:3)(cid:3)(cid:3)(cid:3)(cid:3) (cid:887)(cid:883),(cid:888)(cid:886)(cid:885)(cid:885),(cid:3)(cid:3)(cid:3)(cid:3)(cid:3)(cid:3)(cid:3)(cid:3)(cid:3)(cid:3)(cid:3)(cid:3)(cid:3)(cid:3)(cid:3)(cid:3)(cid:3) (cid:883)(cid:481)(cid:887),,,,,,,,,,,,,,,,,,,,,,,,,
(cid:884)(cid:886),(cid:14)(cid:131)(cid:142)(cid:139)(cid:143)(cid:131)(cid:144)(cid:150)(cid:131)(cid:144)(cid:3)(cid:24)(cid:150)(cid:131)(cid:148)(cid:131),(cid:3)(cid:3)(cid:3)(cid:3)(cid:3)(cid:3)(cid:3)(cid:3)(cid:3)(cid:3)(cid:3)(cid:3)(cid:3)(cid:885)(cid:484)(cid:891)(cid:882)(cid:891)(cid:484)(cid:889)(cid:886)(cid:883)(cid:3),(cid:3)(cid:3)(cid:3)(cid:3)(cid:3)(cid:3)(cid:3)(cid:3) (cid:887)(cid:890),(cid:888)(cid:890)(cid:888)(cid:888),(cid:3)(cid:3)(cid:3)(cid:3)(cid:3)(cid:3)(cid:3)(cid:3)(cid:3)(cid:3)(cid:3)(cid:3)(cid:3)(cid:3)(cid:3)(cid:3)(cid:3)(cid:3)(cid:883)(cid:481)(cid:890)(cid:3),(cid:3)(cid:3)(cid:3)(cid:3)(cid:3) (cid:886)(cid:484)(cid:882)(cid:886)(cid:887)(cid:484)(cid:890)(cid:887)(cid:890),(cid:3)(cid:3)(cid:3)(cid:3)(cid:3)(cid:3)(cid:3)(cid:3)(cid:3)(cid:3)(cid:3)(cid:3)(cid:3)(cid:3)(cid:3)(cid:3)(cid:3)(cid:3) (cid:888)(cid:884),(cid:888)(cid:890)(cid:887)(cid:884),(cid:3)(cid:3)(cid:3)(cid:3)(cid:3)(cid:3)(cid:3)(cid:3)(cid:3)(cid:3)(cid:3)(cid:3)(cid:3)(cid:3)(cid:3)(cid:3)(cid:3) (cid:883)(cid:481)(cid:889),,,,,,,,,,,,,,,,,,,,,,,,,
(cid:884)(cid:887),(cid:22)(cid:151)(cid:142)(cid:131)(cid:153)(cid:135)(cid:149)(cid:139)(cid:3)(cid:24)(cid:150)(cid:131)(cid:148)(cid:131),(cid:3)(cid:3)(cid:3)(cid:3)(cid:3)(cid:3)(cid:3)(cid:3)(cid:3)(cid:3)(cid:3)(cid:3)(cid:3)(cid:3)(cid:3)(cid:3)(cid:889)(cid:885)(cid:882)(cid:484)(cid:882)(cid:883)(cid:882)(cid:3),(cid:3)(cid:3)(cid:3)(cid:3)(cid:3)(cid:3)(cid:3)(cid:3) (cid:883)(cid:888),(cid:883)(cid:887)(cid:882)(cid:890),(cid:3)(cid:3)(cid:3)(cid:3)(cid:3)(cid:3)(cid:3)(cid:3)(cid:3)(cid:3)(cid:3)(cid:3)(cid:3)(cid:3)(cid:3)(cid:3)(cid:3)(cid:3)(cid:884)(cid:481)(cid:883)(cid:3),(cid:3)(cid:3)(cid:3)(cid:3)(cid:3)(cid:3)(cid:3)(cid:3) (cid:889)(cid:885)(cid:891)(cid:484)(cid:889)(cid:889)(cid:890),(cid:3)(cid:3)(cid:3)(cid:3)(cid:3)(cid:3)(cid:3)(cid:3)(cid:3)(cid:3)(cid:3)(cid:3)(cid:3)(cid:3)(cid:3)(cid:3)(cid:3)(cid:3) (cid:883)(cid:889),(cid:883)(cid:889)(cid:887)(cid:882),(cid:3)(cid:3)(cid:3)(cid:3)(cid:3)(cid:3)(cid:3)(cid:3)(cid:3)(cid:3)(cid:3)(cid:3)(cid:3)(cid:3)(cid:3)(cid:3)(cid:3) (cid:884)(cid:481)(cid:886),,,,,,,,,,,,,,,,,,,,,,,,,
(cid:884)(cid:888),(cid:22)(cid:151)(cid:142)(cid:131)(cid:153)(cid:135)(cid:149)(cid:139)(cid:3)(cid:23)(cid:135)(cid:144)(cid:137)(cid:131)(cid:138),(cid:3)(cid:3)(cid:3)(cid:3)(cid:3)(cid:3)(cid:3)(cid:3)(cid:3)(cid:3)(cid:3)(cid:3)(cid:3)(cid:884)(cid:484)(cid:888)(cid:890)(cid:883)(cid:484)(cid:887)(cid:885)(cid:887)(cid:3),(cid:3)(cid:3)(cid:3)(cid:3)(cid:3)(cid:3)(cid:3)(cid:3) (cid:887)(cid:889),(cid:889)(cid:884)(cid:884)(cid:883),(cid:3)(cid:3)(cid:3)(cid:3)(cid:3)(cid:3)(cid:3)(cid:3)(cid:3)(cid:3)(cid:3)(cid:3)(cid:3)(cid:3)(cid:3)(cid:3)(cid:3)(cid:3)(cid:884)(cid:481)(cid:889)(cid:3),(cid:3)(cid:3)(cid:3)(cid:3)(cid:3) (cid:884)(cid:484)(cid:889)(cid:882)(cid:883)(cid:484)(cid:889)(cid:889)(cid:889),(cid:3)(cid:3)(cid:3)(cid:3)(cid:3)(cid:3)(cid:3)(cid:3)(cid:3)(cid:3)(cid:3)(cid:3)(cid:3)(cid:3)(cid:3)(cid:3)(cid:3)(cid:3) (cid:887)(cid:890),(cid:889)(cid:883)(cid:884)(cid:884),(cid:3)(cid:3)(cid:3)(cid:3)(cid:3)(cid:3)(cid:3)(cid:3)(cid:3)(cid:3)(cid:3)(cid:3)(cid:3)(cid:3)(cid:3)(cid:3)(cid:3) (cid:884)(cid:481)(cid:888),,,,,,,,,,,,,,,,,,,,,,,,,
(cid:884)(cid:889),(cid:22)(cid:151)(cid:142)(cid:131)(cid:153)(cid:135)(cid:149)(cid:139)(cid:3)(cid:22)(cid:135)(cid:142)(cid:131)(cid:150)(cid:131)(cid:144),(cid:3)(cid:3)(cid:3)(cid:3)(cid:3)(cid:3)(cid:3)(cid:3)(cid:3)(cid:3)(cid:3)(cid:3)(cid:3)(cid:885)(cid:484)(cid:882)(cid:890)(cid:888)(cid:484)(cid:889)(cid:887)(cid:882)(cid:3),(cid:3)(cid:3)(cid:3)(cid:3)(cid:3)(cid:3)(cid:3)(cid:3) (cid:886)(cid:882),(cid:887)(cid:882)(cid:884)(cid:885),(cid:3)(cid:3)(cid:3)(cid:3)(cid:3)(cid:3)(cid:3)(cid:3)(cid:3)(cid:3)(cid:3)(cid:3)(cid:3)(cid:3)(cid:3)(cid:3)(cid:3)(cid:3)(cid:883)(cid:481)(cid:888)(cid:3),(cid:3)(cid:3)(cid:3)(cid:3)(cid:3) (cid:885)(cid:484)(cid:883)(cid:884)(cid:883)(cid:484)(cid:889)(cid:887)(cid:885),(cid:3)(cid:3)(cid:3)(cid:3)(cid:3)(cid:3)(cid:3)(cid:3)(cid:3)(cid:3)(cid:3)(cid:3)(cid:3)(cid:3)(cid:3)(cid:3)(cid:3)(cid:3) (cid:886)(cid:882),(cid:886)(cid:890)(cid:882)(cid:889),(cid:3)(cid:3)(cid:3)(cid:3)(cid:3)(cid:3)(cid:3)(cid:3)(cid:3)(cid:3)(cid:3)(cid:3)(cid:3)(cid:3)(cid:3)(cid:3)(cid:3) (cid:883)(cid:481)(cid:887),,,,,,,,,,,,,,,,,,,,,,,,,
(cid:884)(cid:890),(cid:22)(cid:151)(cid:142)(cid:131)(cid:153)(cid:135)(cid:149)(cid:139)(cid:3)(cid:23)(cid:135)(cid:144)(cid:137)(cid:137)(cid:131)(cid:148)(cid:131),(cid:3)(cid:3)(cid:3)(cid:3)(cid:3)(cid:3)(cid:3)(cid:3)(cid:3)(cid:3)(cid:3)(cid:3)(cid:3)(cid:891)(cid:484)(cid:885)(cid:888)(cid:884)(cid:484)(cid:884)(cid:891)(cid:882)(cid:3),(cid:3)(cid:3)(cid:3)(cid:3)(cid:3) (cid:883)(cid:884)(cid:887),(cid:883)(cid:888)(cid:883)(cid:884)(cid:884),(cid:3)(cid:3)(cid:3)(cid:3)(cid:3)(cid:3)(cid:3)(cid:3)(cid:3)(cid:3)(cid:3)(cid:3)(cid:3)(cid:3)(cid:3)(cid:3)(cid:3)(cid:3)(cid:883)(cid:481)(cid:889)(cid:3),(cid:3)(cid:3)(cid:3)(cid:3)(cid:3) (cid:891)(cid:484)(cid:886)(cid:888)(cid:885)(cid:484)(cid:885)(cid:890)(cid:887),(cid:3)(cid:3)(cid:3)(cid:3)(cid:3)(cid:3)(cid:3)(cid:3)(cid:3)(cid:3)(cid:3)(cid:3)(cid:3)(cid:3)(cid:3)(cid:3) (cid:883)(cid:884)(cid:888),(cid:883)(cid:888)(cid:886)(cid:888)(cid:887),(cid:3)(cid:3)(cid:3)(cid:3)(cid:3)(cid:3)(cid:3)(cid:3)(cid:3)(cid:3)(cid:3)(cid:3)(cid:3)(cid:3)(cid:3)(cid:3)(cid:3) (cid:883)(cid:481)(cid:889),,,,,,,,,,,,,,,,,,,,,,,,,
(cid:884)(cid:891),(cid:10)(cid:145)(cid:148)(cid:145)(cid:144)(cid:150)(cid:131)(cid:142)(cid:145),(cid:3)(cid:3)(cid:3)(cid:3)(cid:3)(cid:3)(cid:3)(cid:3)(cid:3)(cid:3)(cid:3)(cid:3)(cid:3)(cid:884)(cid:484)(cid:889)(cid:886)(cid:891)(cid:484)(cid:882)(cid:883)(cid:886)(cid:3),(cid:3)(cid:3)(cid:3)(cid:3)(cid:3)(cid:3)(cid:3)(cid:3) (cid:886)(cid:885),(cid:885)(cid:891)(cid:885)(cid:882),(cid:3)(cid:3)(cid:3)(cid:3)(cid:3)(cid:3)(cid:3)(cid:3)(cid:3)(cid:3)(cid:3)(cid:3)(cid:3)(cid:3)(cid:3)(cid:3)(cid:3)(cid:3)(cid:883)(cid:481)(cid:886)(cid:3),(cid:3)(cid:3)(cid:3)(cid:3)(cid:3) (cid:884)(cid:484)(cid:889)(cid:891)(cid:885)(cid:484)(cid:882)(cid:889)(cid:884),(cid:3)(cid:3)(cid:3)(cid:3)(cid:3)(cid:3)(cid:3)(cid:3)(cid:3)(cid:3)(cid:3)(cid:3)(cid:3)(cid:3)(cid:3)(cid:3)(cid:3)(cid:3) (cid:886)(cid:882),(cid:885)(cid:890)(cid:889)(cid:887),(cid:3)(cid:3)(cid:3)(cid:3)(cid:3)(cid:3)(cid:3)(cid:3)(cid:3)(cid:3)(cid:3)(cid:3)(cid:3)(cid:3)(cid:3)(cid:3)(cid:3) (cid:883)(cid:481)(cid:886),,,,,,,,,,,,,,,,,,,,,,,,,
(cid:885)(cid:882),(cid:22)(cid:151)(cid:142)(cid:131)(cid:153)(cid:135)(cid:149)(cid:139)(cid:3)(cid:5)(cid:131)(cid:148)(cid:131)(cid:150),(cid:3)(cid:3)(cid:3)(cid:3)(cid:3)(cid:3)(cid:3)(cid:3)(cid:3)(cid:3)(cid:3)(cid:3)(cid:3)(cid:883)(cid:484)(cid:884)(cid:883)(cid:885)(cid:484)(cid:883)(cid:890)(cid:884)(cid:3),(cid:3)(cid:3)(cid:3)(cid:3)(cid:3)(cid:3)(cid:3)(cid:3) (cid:884)(cid:882),(cid:884)(cid:884)(cid:888)(cid:885),(cid:3)(cid:3)(cid:3)(cid:3)(cid:3)(cid:3)(cid:3)(cid:3)(cid:3)(cid:3)(cid:3)(cid:3)(cid:3)(cid:3)(cid:3)(cid:3)(cid:3)(cid:3)(cid:883)(cid:481)(cid:891)(cid:3),(cid:3)(cid:3)(cid:3)(cid:3)(cid:3) (cid:883)(cid:484)(cid:884)(cid:884)(cid:889)(cid:484)(cid:889)(cid:891)(cid:886),(cid:3)(cid:3)(cid:3)(cid:3)(cid:3)(cid:3)(cid:3)(cid:3)(cid:3)(cid:3)(cid:3)(cid:3)(cid:3)(cid:3)(cid:3)(cid:3)(cid:3)(cid:3) (cid:884)(cid:882),(cid:884)(cid:885)(cid:887)(cid:883),(cid:3)(cid:3)(cid:3)(cid:3)(cid:3)(cid:3)(cid:3)(cid:3)(cid:3)(cid:3)(cid:3)(cid:3)(cid:3)(cid:3)(cid:3)(cid:3)(cid:3) (cid:883)(cid:481)(cid:891),,,,,,,,,,,,,,,,,,,,,,,,,
(cid:885)(cid:883),(cid:16)(cid:131)(cid:142)(cid:151)(cid:141)(cid:151),(cid:3)(cid:3)(cid:3)(cid:3)(cid:3)(cid:3)(cid:3)(cid:3)(cid:3)(cid:3)(cid:3)(cid:3)(cid:3)(cid:883)(cid:484)(cid:886)(cid:890)(cid:883)(cid:484)(cid:882)(cid:889)(cid:889)(cid:3),(cid:3)(cid:3)(cid:3)(cid:3)(cid:3)(cid:3)(cid:3)(cid:3) (cid:883)(cid:887),(cid:883)(cid:888)(cid:882)(cid:886),(cid:3)(cid:3)(cid:3)(cid:3)(cid:3)(cid:3)(cid:3)(cid:3)(cid:3)(cid:3)(cid:3)(cid:3)(cid:3)(cid:3)(cid:3)(cid:3)(cid:3)(cid:3)(cid:883)(cid:481)(cid:883)(cid:3),(cid:3)(cid:3)(cid:3)(cid:3)(cid:3) (cid:883)(cid:484)(cid:887)(cid:882)(cid:885)(cid:484)(cid:884)(cid:885)(cid:884),(cid:3)(cid:3)(cid:3)(cid:3)(cid:3)(cid:3)(cid:3)(cid:3)(cid:3)(cid:3)(cid:3)(cid:3)(cid:3)(cid:3)(cid:3)(cid:3)(cid:3)(cid:3) (cid:883)(cid:888),(cid:883)(cid:889)(cid:884)(cid:884),(cid:3)(cid:3)(cid:3)(cid:3)(cid:3)(cid:3)(cid:3)(cid:3)(cid:3)(cid:3)(cid:3)(cid:3)(cid:3)(cid:3)(cid:3)(cid:3)(cid:3) (cid:883)(cid:481)(cid:883),,,,,,,,,,,,,,,,,,,,,,,,,
(cid:885)(cid:884),(cid:16)(cid:131)(cid:142)(cid:151)(cid:141)(cid:151)(cid:3)(cid:24)(cid:150)(cid:131)(cid:148)(cid:131),(cid:3)(cid:3)(cid:3)(cid:3)(cid:3)(cid:3)(cid:3)(cid:3)(cid:3)(cid:3)(cid:3)(cid:3)(cid:3)(cid:883)(cid:484)(cid:891)(cid:884)(cid:882)(cid:484)(cid:886)(cid:888)(cid:884)(cid:3),(cid:3)(cid:3)(cid:3)(cid:3)(cid:3)(cid:3)(cid:3)(cid:3) (cid:885)(cid:882),(cid:885)(cid:882)(cid:889)(cid:884),(cid:3)(cid:3)(cid:3)(cid:3)(cid:3)(cid:3)(cid:3)(cid:3)(cid:3)(cid:3)(cid:3)(cid:3)(cid:3)(cid:3)(cid:3)(cid:3)(cid:3)(cid:3)(cid:883)(cid:481)(cid:888)(cid:3),(cid:3)(cid:3)(cid:3)(cid:3)(cid:3) (cid:883)(cid:484)(cid:891)(cid:886)(cid:887)(cid:484)(cid:888)(cid:886)(cid:890),(cid:3)(cid:3)(cid:3)(cid:3)(cid:3)(cid:3)(cid:3)(cid:3)(cid:3)(cid:3)(cid:3)(cid:3)(cid:3)(cid:3)(cid:3)(cid:3)(cid:3)(cid:3) (cid:885)(cid:882),(cid:884)(cid:890)(cid:890)(cid:890),(cid:3)(cid:3)(cid:3)(cid:3)(cid:3)(cid:3)(cid:3)(cid:3)(cid:3)(cid:3)(cid:3)(cid:3)(cid:3)(cid:3)(cid:3)(cid:3)(cid:3) (cid:883)(cid:481)(cid:887),,,,,,,,,,,,,,,,,,,,,,,,,
(cid:885)(cid:885),(cid:19)(cid:131)(cid:146)(cid:151)(cid:131),(cid:3)(cid:3)(cid:3)(cid:3)(cid:3)(cid:3)(cid:3)(cid:3)(cid:3)(cid:3)(cid:3)(cid:3)(cid:3)(cid:883)(cid:484)(cid:885)(cid:885)(cid:889)(cid:484)(cid:883)(cid:886)(cid:890)(cid:3),(cid:3)(cid:3)(cid:3)(cid:3)(cid:3)(cid:3)(cid:3)(cid:3) (cid:884)(cid:885),(cid:883)(cid:888)(cid:887)(cid:884),(cid:3)(cid:3)(cid:3)(cid:3)(cid:3)(cid:3)(cid:3)(cid:3)(cid:3)(cid:3)(cid:3)(cid:3)(cid:3)(cid:3)(cid:3)(cid:3)(cid:3)(cid:3)(cid:883)(cid:481)(cid:884)(cid:3),(cid:3)(cid:3)(cid:3)(cid:3)(cid:3) (cid:883)(cid:484)(cid:885)(cid:887)(cid:887)(cid:484)(cid:888)(cid:884)(cid:884),(cid:3)(cid:3)(cid:3)(cid:3)(cid:3)(cid:3)(cid:3)(cid:3)(cid:3)(cid:3)(cid:3)(cid:3)(cid:3)(cid:3)(cid:3)(cid:3)(cid:3)(cid:3) (cid:884)(cid:885),(cid:883)(cid:889)(cid:888)(cid:888),(cid:3)(cid:3)(cid:3)(cid:3)(cid:3)(cid:3)(cid:3)(cid:3)(cid:3)(cid:3)(cid:3)(cid:3)(cid:3)(cid:3)(cid:3)(cid:3)(cid:3) (cid:883)(cid:481)(cid:885),,,,,,,,,,,,,,,,,,,,,,,,,
,,(cid:3)(cid:3)(cid:3)(cid:3)(cid:3)(cid:3)(cid:3)(cid:3)(cid:3)(cid:3)(cid:3)(cid:3)(cid:3)(cid:883)(cid:484)(cid:882)(cid:886)(cid:889)(cid:484)(cid:882)(cid:891)(cid:890)(cid:3),(cid:3)(cid:3)(cid:3)(cid:3)(cid:3)(cid:3)(cid:3)(cid:3) (cid:883)(cid:891),(cid:884)(cid:883)(cid:890)(cid:890),(cid:3)(cid:3)(cid:3)(cid:3)(cid:3)(cid:3)(cid:3)(cid:3)(cid:3)(cid:3)(cid:3)(cid:3)(cid:3)(cid:3)(cid:3)(cid:3)(cid:3)(cid:3)(cid:884)(cid:481)(cid:883)(cid:3),(cid:3)(cid:3)(cid:3)(cid:3)(cid:3) (cid:883)(cid:484)(cid:882)(cid:888)(cid:882)(cid:484)(cid:887)(cid:887)(cid:883),(cid:3)(cid:3)(cid:3)(cid:3)(cid:3)(cid:3)(cid:3)(cid:3)(cid:3)(cid:3)(cid:3)(cid:3)(cid:3)(cid:3)(cid:3)(cid:3)(cid:3)(cid:3) (cid:883)(cid:890),(cid:884)(cid:884)(cid:887)(cid:884),(cid:3)(cid:3)(cid:3)(cid:3)(cid:3)(cid:3)(cid:3)(cid:3)(cid:3)(cid:3)(cid:3)(cid:3)(cid:3)(cid:3)(cid:3)(cid:3)(cid:3) (cid:884)(cid:481)(cid:883),,,,,,,,,,,,,,,,,,,,,,,,,
(cid:885)(cid:886),(cid:19)(cid:131)(cid:146)(cid:151)(cid:131)(cid:3)(cid:5)(cid:131)(cid:148)(cid:131)(cid:150) (cid:19)(cid:131)(cid:146)(cid:151)(cid:131)(cid:3)(cid:22)(cid:135)(cid:142)(cid:131)(cid:150)(cid:131)(cid:144),(cid:3)(cid:3)(cid:3)(cid:3)(cid:3)(cid:3)(cid:3)(cid:3)(cid:3)(cid:3)(cid:3)(cid:3)(cid:3)(cid:3)(cid:3)(cid:3)(cid:887)(cid:888)(cid:891)(cid:484)(cid:887)(cid:889)(cid:882)(cid:3),(cid:3)(cid:3)(cid:3)(cid:3)(cid:3)(cid:3)(cid:3)(cid:3) (cid:883)(cid:884),(cid:891)(cid:889)(cid:884),(cid:3)(cid:3)(cid:3)(cid:3)(cid:3)(cid:3)(cid:3)(cid:3)(cid:3)(cid:3)(cid:3)(cid:3)(cid:3)(cid:3)(cid:3)(cid:3)(cid:3)(cid:3)(cid:883)(cid:481)(cid:889)(cid:3),(cid:3)(cid:3)(cid:3)(cid:3)(cid:3)(cid:3)(cid:3)(cid:3) (cid:887)(cid:889)(cid:890)(cid:484)(cid:888)(cid:891)(cid:888),(cid:3)(cid:3)(cid:3)(cid:3)(cid:3)(cid:3)(cid:3)(cid:3)(cid:3)(cid:3)(cid:3)(cid:3)(cid:3)(cid:3)(cid:3)(cid:3)(cid:3)(cid:3) (cid:883)(cid:884),(cid:883)(cid:882)(cid:883)(cid:890),(cid:3)(cid:3)(cid:3)(cid:3)(cid:3)(cid:3)(cid:3)(cid:3)(cid:3)(cid:3)(cid:3)(cid:3)(cid:3)(cid:3)(cid:3)(cid:3)(cid:3) (cid:883)(cid:481)(cid:890),,,,,,,,,,,,,,,,,,,,,,,,,
(cid:885)(cid:887),(cid:19)(cid:131)(cid:146)(cid:151)(cid:131)(cid:3)(cid:23)(cid:135)(cid:144)(cid:137)(cid:131)(cid:138),(cid:3)(cid:3)(cid:3)(cid:3)(cid:3)(cid:3)(cid:3)(cid:3)(cid:3)(cid:3)(cid:3)(cid:3)(cid:3)(cid:3)(cid:3)(cid:3)(cid:887)(cid:885)(cid:886)(cid:484)(cid:886)(cid:883)(cid:888)(cid:3),(cid:3)(cid:3)(cid:3)(cid:3)(cid:3)(cid:3)(cid:3)(cid:3)(cid:3)(cid:3) (cid:890),(cid:889)(cid:885)(cid:888),(cid:3)(cid:486)(cid:3),(cid:3)(cid:3)(cid:3)(cid:3)(cid:3)(cid:3)(cid:3)(cid:3) (cid:887)(cid:886)(cid:884)(cid:484)(cid:882)(cid:889)(cid:887),(cid:3)(cid:3)(cid:3)(cid:3)(cid:3)(cid:3)(cid:3)(cid:3)(cid:3)(cid:3)(cid:3)(cid:3)(cid:3)(cid:3)(cid:3)(cid:3)(cid:3)(cid:3)(cid:3)(cid:3) (cid:890),(cid:890)(cid:884)(cid:891),(cid:3)(cid:3)(cid:3)(cid:3)(cid:3)(cid:3)(cid:3)(cid:3)(cid:3)(cid:3)(cid:3)(cid:3)(cid:3)(cid:3)(cid:3)(cid:3)(cid:3) (cid:883)(cid:481)(cid:887),,,,,,,,,,,,,,,,,,,,,,,,,
(cid:885)(cid:888),(cid:19)(cid:131)(cid:146)(cid:151)(cid:131)(cid:3)(cid:19)(cid:135)(cid:137)(cid:151)(cid:144)(cid:151)(cid:144)(cid:137)(cid:131)(cid:144),(cid:3)(cid:3)(cid:3)(cid:3)(cid:3)(cid:3)(cid:3)(cid:3)(cid:3)(cid:3)(cid:3)(cid:3)(cid:3)(cid:883)(cid:484)(cid:886)(cid:887)(cid:884)(cid:484)(cid:890)(cid:882)(cid:888)(cid:3),(cid:3)(cid:3)(cid:3)(cid:3)(cid:3)(cid:3)(cid:3)(cid:3) (cid:883)(cid:885),(cid:883)(cid:882)(cid:890)(cid:885),(cid:3)(cid:486)(cid:3),(cid:3)(cid:3)(cid:3)(cid:3)(cid:3) (cid:883)(cid:484)(cid:886)(cid:889)(cid:884)(cid:484)(cid:891)(cid:883)(cid:884),(cid:3)(cid:3)(cid:3)(cid:3)(cid:3)(cid:3)(cid:3)(cid:3)(cid:3)(cid:3)(cid:3)(cid:3)(cid:3)(cid:3)(cid:3)(cid:3)(cid:3)(cid:3) (cid:883)(cid:887),(cid:883)(cid:882)(cid:882)(cid:889),(cid:3)(cid:3)(cid:3)(cid:3)(cid:3)(cid:3)(cid:3)(cid:3)(cid:3)(cid:3)(cid:3)(cid:3)(cid:3)(cid:3)(cid:3)(cid:3)(cid:3) (cid:882)(cid:481)(cid:889),,,,,,,,,,,,,,,,,,,,,,,,,
(cid:885)(cid:889) Indonesia,,(cid:3)(cid:3)(cid:3)(cid:3)(cid:3)(cid:3)(cid:3)(cid:3)(cid:3)(cid:3)(cid:3)(cid:3)(cid:3)(cid:883)(cid:484)(cid:886)(cid:886)(cid:890)(cid:484)(cid:885)(cid:889)(cid:884)(cid:3) 278.696.193,"(cid:3)(cid:3)(cid:3)(cid:3)(cid:3)(cid:3)(cid:3)(cid:3)(cid:3)(cid:3) (cid:891) 3.155,0",(cid:887)(cid:883)(cid:888) 384.818,"(cid:3)(cid:486)(cid:3) 1,4",(cid:3)(cid:3)(cid:3)(cid:3)(cid:3) (cid:883)(cid:484)(cid:886)(cid:888)(cid:889)(cid:484)(cid:882)(cid:886)(cid:888) 281.603.799,"(cid:3)(cid:3)(cid:3)(cid:3)(cid:3)(cid:3)(cid:3)(cid:3)(cid:3)(cid:3)(cid:3)(cid:3)(cid:3)(cid:3)(cid:3)(cid:3)(cid:3)(cid:3)(cid:3)(cid:3) (cid:891) 3.228,0",(cid:887)(cid:889)(cid:884) 389.842,"(cid:3)(cid:3)(cid:3)(cid:3)(cid:3)(cid:3)(cid:3)(cid:3)(cid:3)(cid:3)(cid:3)(cid:3)(cid:3)(cid:3)(cid:3)(cid:3)(cid:3) (cid:882)(cid:481)(cid:886) 1,4",,,,,,,,,,,,,,,,,,,,,,,,,
No,Provinsi,Jumlah Rumah Sakit Kabupaten/Kota Kelas C *),Jumlah RS yang Memiliki 4 Dokter Spesialis Dasar dan 3 Dokter Spesialis Penunjang,Persentase,,,,,,,,,,,,,,,,,,,,,,,,,,,,,,
(1),(2),(3),(4),(5),,,,,,,,,,,,,,,,,,,,,,,,,,,,,,
(cid:883),(cid:4)(cid:133)(cid:135)(cid:138),(cid:883)(cid:886),(cid:890),(cid:887)(cid:889)(cid:481)(cid:883),,,,,,,,,,,,,,,,,,,,,,,,,,,,,,
(cid:884),(cid:22)(cid:151)(cid:143)(cid:131)(cid:150)(cid:135)(cid:148)(cid:131)(cid:3)(cid:24)(cid:150)(cid:131)(cid:148)(cid:131),(cid:884)(cid:886),(cid:883)(cid:889),(cid:889)(cid:882)(cid:481)(cid:890),,,,,,,,,,,,,,,,,,,,,,,,,,,,,,
(cid:885),(cid:22)(cid:151)(cid:143)(cid:131)(cid:150)(cid:135)(cid:148)(cid:131)(cid:3)(cid:5)(cid:131)(cid:148)(cid:131)(cid:150),(cid:883)(cid:889),(cid:883)(cid:886),(cid:890)(cid:884)(cid:481)(cid:886),,,,,,,,,,,,,,,,,,,,,,,,,,,,,,
(cid:886),(cid:21)(cid:139)(cid:131)(cid:151),(cid:883)(cid:882),(cid:891),(cid:891)(cid:882)(cid:481)(cid:882),,,,,,,,,,,,,,,,,,,,,,,,,,,,,,
(cid:887),(cid:13)(cid:131)(cid:143)(cid:132)(cid:139),(cid:891),(cid:889),(cid:889)(cid:889)(cid:481)(cid:890),,,,,,,,,,,,,,,,,,,,,,,,,,,,,,
(cid:888),(cid:22)(cid:151)(cid:143)(cid:131)(cid:150)(cid:135)(cid:148)(cid:131)(cid:3)(cid:22)(cid:135)(cid:142)(cid:131)(cid:150)(cid:131)(cid:144),(cid:883)(cid:885),(cid:888),(cid:886)(cid:888)(cid:481)(cid:884),,,,,,,,,,,,,,,,,,,,,,,,,,,,,,
(cid:889),(cid:5)(cid:135)(cid:144)(cid:137)(cid:141)(cid:151)(cid:142)(cid:151),(cid:891),(cid:888),(cid:888)(cid:888)(cid:481)(cid:889),,,,,,,,,,,,,,,,,,,,,,,,,,,,,,
(cid:890),(cid:15)(cid:131)(cid:143)(cid:146)(cid:151)(cid:144)(cid:137),(cid:883)(cid:884),(cid:883)(cid:883),(cid:891)(cid:883)(cid:481)(cid:889),,,,,,,,,,,,,,,,,,,,,,,,,,,,,,
(cid:891),(cid:14)(cid:135)(cid:146)(cid:151)(cid:142)(cid:131)(cid:151)(cid:131)(cid:144)(cid:3)(cid:5)(cid:131)(cid:144)(cid:137)(cid:141)(cid:131)(cid:3)(cid:5)(cid:135)(cid:142)(cid:139)(cid:150)(cid:151)(cid:144)(cid:137),(cid:889),(cid:888),(cid:890)(cid:887)(cid:481)(cid:889),,,,,,,,,,,,,,,,,,,,,,,,,,,,,,
(cid:883)(cid:882),(cid:14)(cid:135)(cid:146)(cid:151)(cid:142)(cid:131)(cid:151)(cid:131)(cid:144)(cid:3)(cid:21)(cid:139)(cid:131)(cid:151),(cid:886),(cid:885),(cid:889)(cid:887)(cid:481)(cid:882),,,,,,,,,,,,,,,,,,,,,,,,,,,,,,
(cid:883)(cid:883),(cid:7)(cid:14)(cid:12)(cid:3)(cid:13)(cid:131)(cid:141)(cid:131)(cid:148)(cid:150)(cid:131),(cid:882),(cid:882),(cid:882)(cid:481)(cid:882),,,,,,,,,,,,,,,,,,,,,,,,,,,,,,
(cid:883)(cid:884),(cid:13)(cid:131)(cid:153)(cid:131)(cid:3)(cid:5)(cid:131)(cid:148)(cid:131)(cid:150),(cid:883)(cid:887),(cid:883)(cid:885),(cid:890)(cid:888)(cid:481)(cid:889),,,,,,,,,,,,,,,,,,,,,,,,,,,,,,
(cid:883)(cid:885),(cid:13)(cid:131)(cid:153)(cid:131)(cid:3)(cid:23)(cid:135)(cid:144)(cid:137)(cid:131)(cid:138),(cid:885)(cid:883),(cid:884)(cid:890),(cid:891)(cid:882)(cid:481)(cid:885),,,,,,,,,,,,,,,,,,,,,,,,,,,,,,
(cid:883)(cid:886),(cid:7)(cid:12)(cid:3)(cid:28)(cid:145)(cid:137)(cid:155)(cid:131)(cid:141)(cid:131)(cid:148)(cid:150)(cid:131),(cid:885),(cid:885),(cid:883)(cid:882)(cid:882)(cid:481)(cid:882),,,,,,,,,,,,,,,,,,,,,,,,,,,,,,
(cid:883)(cid:887),(cid:13)(cid:131)(cid:153)(cid:131)(cid:3)(cid:23)(cid:139)(cid:143)(cid:151)(cid:148),(cid:884)(cid:890),(cid:884)(cid:887),(cid:890)(cid:891)(cid:481)(cid:885),,,,,,,,,,,,,,,,,,,,,,,,,,,,,,
(cid:883)(cid:888),(cid:5)(cid:131)(cid:144)(cid:150)(cid:135)(cid:144),(cid:889),(cid:887),(cid:889)(cid:883)(cid:481)(cid:886),,,,,,,,,,,,,,,,,,,,,,,,,,,,,,
(cid:883)(cid:889),(cid:5)(cid:131)(cid:142)(cid:139),(cid:886),(cid:886),(cid:883)(cid:882)(cid:882)(cid:481)(cid:882),,,,,,,,,,,,,,,,,,,,,,,,,,,,,,
(cid:883)(cid:890),(cid:17)(cid:151)(cid:149)(cid:131)(cid:3)(cid:23)(cid:135)(cid:144)(cid:137)(cid:137)(cid:131)(cid:148)(cid:131)(cid:3)(cid:5)(cid:131)(cid:148)(cid:131)(cid:150),(cid:889),(cid:889),(cid:883)(cid:882)(cid:882)(cid:481)(cid:882),,,,,,,,,,,,,,,,,,,,,,,,,,,,,,
(cid:883)(cid:891),(cid:17)(cid:151)(cid:149)(cid:131)(cid:3)(cid:23)(cid:135)(cid:144)(cid:137)(cid:137)(cid:131)(cid:148)(cid:131)(cid:3)(cid:23)(cid:139)(cid:143)(cid:151)(cid:148),(cid:883)(cid:890),(cid:883)(cid:882),(cid:887)(cid:887)(cid:481)(cid:888),,,,,,,,,,,,,,,,,,,,,,,,,,,,,,
(cid:884)(cid:882),(cid:14)(cid:131)(cid:142)(cid:139)(cid:143)(cid:131)(cid:144)(cid:150)(cid:131)(cid:144)(cid:3)(cid:5)(cid:131)(cid:148)(cid:131)(cid:150),(cid:883)(cid:886),(cid:890),(cid:887)(cid:889)(cid:481)(cid:883),,,,,,,,,,,,,,,,,,,,,,,,,,,,,,
(cid:884)(cid:883),(cid:14)(cid:131)(cid:142)(cid:139)(cid:143)(cid:131)(cid:144)(cid:150)(cid:131)(cid:144)(cid:3)(cid:23)(cid:135)(cid:144)(cid:137)(cid:131)(cid:138),(cid:883)(cid:882),(cid:888),(cid:888)(cid:882)(cid:481)(cid:882),,,,,,,,,,,,,,,,,,,,,,,,,,,,,,
(cid:884)(cid:884),(cid:14)(cid:131)(cid:142)(cid:139)(cid:143)(cid:131)(cid:144)(cid:150)(cid:131)(cid:144)(cid:3)(cid:22)(cid:135)(cid:142)(cid:131)(cid:150)(cid:131)(cid:144),(cid:883)(cid:882),(cid:890),(cid:890)(cid:882)(cid:481)(cid:882),,,,,,,,,,,,,,,,,,,,,,,,,,,,,,
(cid:884)(cid:885),(cid:14)(cid:131)(cid:142)(cid:139)(cid:143)(cid:131)(cid:144)(cid:150)(cid:131)(cid:144)(cid:3)(cid:23)(cid:139)(cid:143)(cid:151)(cid:148),(cid:889),(cid:888),(cid:890)(cid:887)(cid:481)(cid:889),,,,,,,,,,,,,,,,,,,,,,,,,,,,,,
(cid:884)(cid:886),(cid:14)(cid:131)(cid:142)(cid:139)(cid:143)(cid:131)(cid:144)(cid:150)(cid:131)(cid:144)(cid:3)(cid:24)(cid:150)(cid:131)(cid:148)(cid:131),(cid:886),(cid:885),(cid:889)(cid:887)(cid:481)(cid:882),,,,,,,,,,,,,,,,,,,,,,,,,,,,,,
(cid:884)(cid:887),(cid:22)(cid:151)(cid:142)(cid:131)(cid:153)(cid:135)(cid:149)(cid:139)(cid:3)(cid:24)(cid:150)(cid:131)(cid:148)(cid:131),(cid:883)(cid:883),(cid:888),(cid:887)(cid:886)(cid:481)(cid:887),,,,,,,,,,,,,,,,,,,,,,,,,,,,,,
(cid:884)(cid:888),(cid:22)(cid:151)(cid:142)(cid:131)(cid:153)(cid:135)(cid:149)(cid:139)(cid:3)(cid:23)(cid:135)(cid:144)(cid:137)(cid:131)(cid:138),(cid:883)(cid:883),(cid:886),(cid:885)(cid:888)(cid:481)(cid:886),,,,,,,,,,,,,,,,,,,,,,,,,,,,,,
(cid:884)(cid:889),(cid:22)(cid:151)(cid:142)(cid:131)(cid:153)(cid:135)(cid:149)(cid:139)(cid:3)(cid:22)(cid:135)(cid:142)(cid:131)(cid:150)(cid:131)(cid:144),(cid:884)(cid:882),(cid:883)(cid:889),(cid:890)(cid:887)(cid:481)(cid:882),,,,,,,,,,,,,,,,,,,,,,,,,,,,,,
(cid:884)(cid:890),(cid:22)(cid:151)(cid:142)(cid:131)(cid:153)(cid:135)(cid:149)(cid:139)(cid:3)(cid:23)(cid:135)(cid:144)(cid:137)(cid:137)(cid:131)(cid:148)(cid:131),(cid:883)(cid:882),(cid:889),(cid:889)(cid:882)(cid:481)(cid:882),,,,,,,,,,,,,,,,,,,,,,,,,,,,,,
(cid:884)(cid:891),(cid:10)(cid:145)(cid:148)(cid:145)(cid:144)(cid:150)(cid:131)(cid:142)(cid:145),(cid:887),(cid:886),(cid:890)(cid:882)(cid:481)(cid:882),,,,,,,,,,,,,,,,,,,,,,,,,,,,,,
(cid:885)(cid:882),(cid:22)(cid:151)(cid:142)(cid:131)(cid:153)(cid:135)(cid:149)(cid:139)(cid:3)(cid:5)(cid:131)(cid:148)(cid:131)(cid:150),(cid:885),(cid:883),(cid:885)(cid:885)(cid:481)(cid:885),,,,,,,,,,,,,,,,,,,,,,,,,,,,,,
(cid:885)(cid:883),(cid:16)(cid:131)(cid:142)(cid:151)(cid:141)(cid:151),(cid:887),(cid:884),(cid:886)(cid:882)(cid:481)(cid:882),,,,,,,,,,,,,,,,,,,,,,,,,,,,,,
(cid:885)(cid:884),(cid:16)(cid:131)(cid:142)(cid:151)(cid:141)(cid:151)(cid:3)(cid:24)(cid:150)(cid:131)(cid:148)(cid:131),(cid:887),(cid:884),(cid:886)(cid:882)(cid:481)(cid:882),,,,,,,,,,,,,,,,,,,,,,,,,,,,,,
(cid:885)(cid:885),(cid:19)(cid:131)(cid:146)(cid:151)(cid:131)(cid:3)(cid:3),(cid:885),(cid:884),(cid:888)(cid:888)(cid:481)(cid:889),,,,,,,,,,,,,,,,,,,,,,,,,,,,,,
(cid:885)(cid:886),(cid:19)(cid:131)(cid:146)(cid:151)(cid:131)(cid:3)(cid:5)(cid:131)(cid:148)(cid:131)(cid:150),(cid:887),(cid:885),(cid:888)(cid:882)(cid:481)(cid:882),,,,,,,,,,,,,,,,,,,,,,,,,,,,,,
(cid:885)(cid:887),(cid:19)(cid:131)(cid:146)(cid:151)(cid:131)(cid:3)(cid:22)(cid:135)(cid:142)(cid:131)(cid:150)(cid:131)(cid:144),(cid:882),(cid:882),(cid:882)(cid:481)(cid:882),,,,,,,,,,,,,,,,,,,,,,,,,,,,,,
(cid:885)(cid:888),(cid:19)(cid:131)(cid:146)(cid:151)(cid:131)(cid:3)(cid:23)(cid:135)(cid:144)(cid:137)(cid:131)(cid:138),(cid:885),(cid:883),(cid:885)(cid:885)(cid:481)(cid:885),,,,,,,,,,,,,,,,,,,,,,,,,,,,,,
(cid:885)(cid:889) (cid:19)(cid:131)(cid:146)(cid:151)(cid:131)(cid:3)(cid:19)(cid:135)(cid:137)(cid:151)(cid:144)(cid:151)(cid:144)(cid:137)(cid:131)(cid:144) Indonesia,,(cid:883) 362,(cid:883) 265,"(cid:883)(cid:882)(cid:882)(cid:481)(cid:882) 73,2",,,,,,,,,,,,,,,,,,,,,,,,,,,,,,
No,Provinsi,Jumlah Rumah Sakit,Rumah Sakit Pemerintah Terakreditasi,Rumah Sakit Swasta Terakreditasi,Total Rumah Sakit Terakreditasi,Persentase Rumah Sakit Terakreditasi,,,,,,,,,,,,,,,,,,,,,,,,,,,,
(1),(2),(3),(4),(5),(6),(7),,,,,,,,,,,,,,,,,,,,,,,,,,,,
(cid:883),(cid:3)(cid:4)(cid:133)(cid:135)(cid:138),(cid:890)(cid:883),(cid:885)(cid:890),(cid:885)(cid:890),(cid:889)(cid:888),(cid:891)(cid:885)(cid:481)(cid:890)(cid:885),,,,,,,,,,,,,,,,,,,,,,,,,,,,
(cid:884),(cid:3)(cid:22)(cid:151)(cid:143)(cid:131)(cid:150)(cid:135)(cid:148)(cid:131)(cid:3)(cid:24)(cid:150)(cid:131)(cid:148)(cid:131),(cid:884)(cid:883)(cid:882),(cid:888)(cid:882),(cid:883)(cid:885)(cid:890),(cid:883)(cid:891)(cid:890),(cid:891)(cid:886)(cid:481)(cid:884)(cid:891),,,,,,,,,,,,,,,,,,,,,,,,,,,,
(cid:885),(cid:3)(cid:22)(cid:151)(cid:143)(cid:131)(cid:150)(cid:135)(cid:148)(cid:131)(cid:3)(cid:5)(cid:131)(cid:148)(cid:131)(cid:150),(cid:889)(cid:890),(cid:885)(cid:889),(cid:886)(cid:882),(cid:889)(cid:889),(cid:891)(cid:890)(cid:481)(cid:889)(cid:884),,,,,,,,,,,,,,,,,,,,,,,,,,,,
(cid:886),(cid:3)(cid:21)(cid:139)(cid:131)(cid:151),(cid:890)(cid:885),(cid:884)(cid:889),(cid:887)(cid:884),(cid:889)(cid:891),(cid:891)(cid:887)(cid:481)(cid:883)(cid:890),,,,,,,,,,,,,,,,,,,,,,,,,,,,
(cid:887),(cid:3)(cid:13)(cid:131)(cid:143)(cid:132)(cid:139),(cid:886)(cid:886),(cid:883)(cid:890),(cid:884)(cid:882),(cid:885)(cid:890),(cid:890)(cid:888)(cid:481)(cid:885)(cid:888),,,,,,,,,,,,,,,,,,,,,,,,,,,,
(cid:888),(cid:3)(cid:22)(cid:151)(cid:143)(cid:131)(cid:150)(cid:135)(cid:148)(cid:131)(cid:3)(cid:22)(cid:135)(cid:142)(cid:131)(cid:150)(cid:131)(cid:144),(cid:890)(cid:890),(cid:886)(cid:884),(cid:886)(cid:883),(cid:890)(cid:885),(cid:891)(cid:886)(cid:481)(cid:885)(cid:884),,,,,,,,,,,,,,,,,,,,,,,,,,,,
(cid:889),(cid:3)(cid:5)(cid:135)(cid:144)(cid:137)(cid:141)(cid:151)(cid:142)(cid:151)(cid:3),(cid:884)(cid:888),(cid:883)(cid:888),(cid:891),(cid:884)(cid:887),(cid:891)(cid:888)(cid:481)(cid:883)(cid:887),,,,,,,,,,,,,,,,,,,,,,,,,,,,
(cid:890),(cid:3)(cid:15)(cid:131)(cid:143)(cid:146)(cid:151)(cid:144)(cid:137),(cid:890)(cid:884),(cid:884)(cid:882),(cid:888)(cid:882),(cid:890)(cid:882),(cid:891)(cid:889)(cid:481)(cid:887)(cid:888),,,,,,,,,,,,,,,,,,,,,,,,,,,,
(cid:891),(cid:3)(cid:14)(cid:135)(cid:146)(cid:151)(cid:142)(cid:131)(cid:151)(cid:131)(cid:144)(cid:3)(cid:5)(cid:131)(cid:144)(cid:137)(cid:141)(cid:131)(cid:3)(cid:5)(cid:135)(cid:142)(cid:139)(cid:150)(cid:151)(cid:144)(cid:137),(cid:884)(cid:891),(cid:883)(cid:887),(cid:883)(cid:885),(cid:884)(cid:890),(cid:891)(cid:888)(cid:481)(cid:887)(cid:887),,,,,,,,,,,,,,,,,,,,,,,,,,,,
(cid:883)(cid:882),(cid:3)(cid:14)(cid:135)(cid:146)(cid:151)(cid:142)(cid:131)(cid:151)(cid:131)(cid:144)(cid:3)(cid:21)(cid:139)(cid:131)(cid:151),(cid:885)(cid:888),(cid:883)(cid:889),(cid:883)(cid:891),(cid:885)(cid:888),(cid:883)(cid:882)(cid:882)(cid:481)(cid:882)(cid:882),,,,,,,,,,,,,,,,,,,,,,,,,,,,
(cid:883)(cid:883),(cid:3)(cid:7)(cid:14)(cid:12)(cid:3)(cid:13)(cid:131)(cid:141)(cid:131)(cid:148)(cid:150)(cid:131),(cid:883)(cid:891)(cid:882),(cid:888)(cid:882),(cid:883)(cid:884)(cid:887),(cid:883)(cid:890)(cid:887),(cid:891)(cid:889)(cid:481)(cid:885)(cid:889),,,,,,,,,,,,,,,,,,,,,,,,,,,,
(cid:883)(cid:884),(cid:3)(cid:13)(cid:131)(cid:153)(cid:131)(cid:3)(cid:5)(cid:131)(cid:148)(cid:131)(cid:150),(cid:886)(cid:885)(cid:882),(cid:891)(cid:882),(cid:885)(cid:884)(cid:888),(cid:886)(cid:883)(cid:888),(cid:891)(cid:888)(cid:481)(cid:889)(cid:886),,,,,,,,,,,,,,,,,,,,,,,,,,,,
(cid:883)(cid:885),(cid:3)(cid:13)(cid:131)(cid:153)(cid:131)(cid:3)(cid:23)(cid:135)(cid:144)(cid:137)(cid:131)(cid:138),(cid:885)(cid:888)(cid:882),(cid:891)(cid:883),(cid:884)(cid:887)(cid:888),(cid:885)(cid:886)(cid:889),(cid:891)(cid:888)(cid:481)(cid:885)(cid:891),,,,,,,,,,,,,,,,,,,,,,,,,,,,
(cid:883)(cid:886),(cid:3)(cid:7)(cid:12)(cid:3)(cid:28)(cid:145)(cid:137)(cid:155)(cid:131)(cid:141)(cid:131)(cid:148)(cid:150)(cid:131),(cid:889)(cid:891),(cid:883)(cid:890),(cid:888)(cid:883),(cid:889)(cid:891),(cid:883)(cid:882)(cid:882)(cid:481)(cid:882)(cid:882),,,,,,,,,,,,,,,,,,,,,,,,,,,,
(cid:883)(cid:887),(cid:3)(cid:13)(cid:131)(cid:153)(cid:131)(cid:3)(cid:23)(cid:139)(cid:143)(cid:151)(cid:148),(cid:886)(cid:885)(cid:891),(cid:883)(cid:883)(cid:890),(cid:885)(cid:882)(cid:888),(cid:886)(cid:884)(cid:886),(cid:891)(cid:888)(cid:481)(cid:887)(cid:890),,,,,,,,,,,,,,,,,,,,,,,,,,,,
(cid:883)(cid:888),(cid:3)(cid:5)(cid:131)(cid:144)(cid:150)(cid:135)(cid:144),(cid:883)(cid:885)(cid:883),(cid:884)(cid:884),(cid:883)(cid:882)(cid:887),(cid:883)(cid:884)(cid:889),(cid:891)(cid:888)(cid:481)(cid:891)(cid:887),,,,,,,,,,,,,,,,,,,,,,,,,,,,
(cid:883)(cid:889),(cid:3)(cid:5)(cid:131)(cid:142)(cid:139),(cid:890)(cid:884),(cid:884)(cid:885),(cid:887)(cid:886),(cid:889)(cid:889),(cid:891)(cid:885)(cid:481)(cid:891)(cid:882),,,,,,,,,,,,,,,,,,,,,,,,,,,,
(cid:883)(cid:890),(cid:3)(cid:17)(cid:151)(cid:149)(cid:131)(cid:3)(cid:23)(cid:135)(cid:144)(cid:137)(cid:137)(cid:131)(cid:148)(cid:131)(cid:3)(cid:5)(cid:131)(cid:148)(cid:131)(cid:150),(cid:886)(cid:888),(cid:884)(cid:886),(cid:884)(cid:884),(cid:886)(cid:888),(cid:883)(cid:882)(cid:882)(cid:481)(cid:882)(cid:882),,,,,,,,,,,,,,,,,,,,,,,,,,,,
(cid:883)(cid:891),(cid:3)(cid:17)(cid:151)(cid:149)(cid:131)(cid:3)(cid:23)(cid:135)(cid:144)(cid:137)(cid:137)(cid:131)(cid:148)(cid:131)(cid:3)(cid:23)(cid:139)(cid:143)(cid:151)(cid:148),(cid:888)(cid:888),(cid:885)(cid:886),(cid:884)(cid:885),(cid:887)(cid:889),(cid:890)(cid:888)(cid:481)(cid:885)(cid:888),,,,,,,,,,,,,,,,,,,,,,,,,,,,
(cid:884)(cid:882),(cid:3)(cid:14)(cid:131)(cid:142)(cid:139)(cid:143)(cid:131)(cid:144)(cid:150)(cid:131)(cid:144)(cid:3)(cid:5)(cid:131)(cid:148)(cid:131)(cid:150),(cid:887)(cid:890),(cid:884)(cid:890),(cid:884)(cid:884),(cid:887)(cid:882),(cid:890)(cid:888)(cid:481)(cid:884)(cid:883),,,,,,,,,,,,,,,,,,,,,,,,,,,,
(cid:884)(cid:883),(cid:3)(cid:14)(cid:131)(cid:142)(cid:139)(cid:143)(cid:131)(cid:144)(cid:150)(cid:131)(cid:144)(cid:3)(cid:23)(cid:135)(cid:144)(cid:137)(cid:131)(cid:138),(cid:885)(cid:885),(cid:884)(cid:886),(cid:891),(cid:885)(cid:885),(cid:883)(cid:882)(cid:882)(cid:481)(cid:882)(cid:882),,,,,,,,,,,,,,,,,,,,,,,,,,,,
(cid:884)(cid:884),(cid:3)(cid:14)(cid:131)(cid:142)(cid:139)(cid:143)(cid:131)(cid:144)(cid:150)(cid:131)(cid:144)(cid:3)(cid:22)(cid:135)(cid:142)(cid:131)(cid:150)(cid:131)(cid:144),(cid:887)(cid:883),(cid:884)(cid:887),(cid:884)(cid:887),(cid:887)(cid:882),(cid:891)(cid:890)(cid:481)(cid:882)(cid:886),,,,,,,,,,,,,,,,,,,,,,,,,,,,
(cid:884)(cid:885),(cid:3)(cid:14)(cid:131)(cid:142)(cid:139)(cid:143)(cid:131)(cid:144)(cid:150)(cid:131)(cid:144)(cid:3)(cid:23)(cid:139)(cid:143)(cid:151)(cid:148),(cid:888)(cid:884),(cid:885)(cid:882),(cid:884)(cid:891),(cid:887)(cid:891),(cid:891)(cid:887)(cid:481)(cid:883)(cid:888),,,,,,,,,,,,,,,,,,,,,,,,,,,,
(cid:884)(cid:886),(cid:3)(cid:14)(cid:131)(cid:142)(cid:139)(cid:143)(cid:131)(cid:144)(cid:150)(cid:131)(cid:144)(cid:3)(cid:24)(cid:150)(cid:131)(cid:148)(cid:131),(cid:883)(cid:889),(cid:883)(cid:887),(cid:883),(cid:883)(cid:888),(cid:891)(cid:886)(cid:481)(cid:883)(cid:884),,,,,,,,,,,,,,,,,,,,,,,,,,,,
(cid:884)(cid:887),(cid:3)(cid:22)(cid:151)(cid:142)(cid:131)(cid:153)(cid:135)(cid:149)(cid:139)(cid:3)(cid:24)(cid:150)(cid:131)(cid:148)(cid:131),(cid:887)(cid:890),(cid:885)(cid:882),(cid:884)(cid:886),(cid:887)(cid:886),(cid:891)(cid:885)(cid:481)(cid:883)(cid:882),,,,,,,,,,,,,,,,,,,,,,,,,,,,
(cid:884)(cid:888),(cid:3)(cid:22)(cid:151)(cid:142)(cid:131)(cid:153)(cid:135)(cid:149)(cid:139)(cid:3)(cid:23)(cid:135)(cid:144)(cid:137)(cid:131)(cid:138),(cid:886)(cid:882),(cid:884)(cid:890),(cid:883)(cid:882),(cid:885)(cid:890),(cid:891)(cid:887)(cid:481)(cid:882)(cid:882),,,,,,,,,,,,,,,,,,,,,,,,,,,,
(cid:884)(cid:889),(cid:3)(cid:22)(cid:151)(cid:142)(cid:131)(cid:153)(cid:135)(cid:149)(cid:139)(cid:3)(cid:22)(cid:135)(cid:142)(cid:131)(cid:150)(cid:131)(cid:144),(cid:883)(cid:884)(cid:888),(cid:888)(cid:882),(cid:887)(cid:890),(cid:883)(cid:883)(cid:890),(cid:891)(cid:885)(cid:481)(cid:888)(cid:887),,,,,,,,,,,,,,,,,,,,,,,,,,,,
(cid:884)(cid:890),(cid:3)(cid:22)(cid:151)(cid:142)(cid:131)(cid:153)(cid:135)(cid:149)(cid:139)(cid:3)(cid:23)(cid:135)(cid:144)(cid:137)(cid:137)(cid:131)(cid:148)(cid:131),(cid:886)(cid:882),(cid:884)(cid:886),(cid:883)(cid:885),(cid:885)(cid:889),(cid:891)(cid:884)(cid:481)(cid:887)(cid:882),,,,,,,,,,,,,,,,,,,,,,,,,,,,
(cid:884)(cid:891),(cid:3)(cid:10)(cid:145)(cid:148)(cid:145)(cid:144)(cid:150)(cid:131)(cid:142)(cid:145),(cid:884)(cid:882),(cid:883)(cid:885),(cid:887),(cid:883)(cid:890),(cid:891)(cid:882)(cid:481)(cid:882)(cid:882),,,,,,,,,,,,,,,,,,,,,,,,,,,,
(cid:885)(cid:882),(cid:3)(cid:22)(cid:151)(cid:142)(cid:131)(cid:153)(cid:135)(cid:149)(cid:139)(cid:3)(cid:5)(cid:131)(cid:148)(cid:131)(cid:150),(cid:883)(cid:888),(cid:883)(cid:882),(cid:887),(cid:883)(cid:887),(cid:891)(cid:885)(cid:481)(cid:889)(cid:887),,,,,,,,,,,,,,,,,,,,,,,,,,,,
(cid:885)(cid:883),(cid:3)(cid:16)(cid:131)(cid:142)(cid:151)(cid:141)(cid:151),(cid:885)(cid:882),(cid:884)(cid:885),(cid:888),(cid:884)(cid:891),(cid:891)(cid:888)(cid:481)(cid:888)(cid:889),,,,,,,,,,,,,,,,,,,,,,,,,,,,
(cid:885)(cid:884),(cid:3)(cid:16)(cid:131)(cid:142)(cid:151)(cid:141)(cid:151)(cid:3)(cid:24)(cid:150)(cid:131)(cid:148)(cid:131),(cid:884)(cid:885),(cid:883)(cid:886),(cid:887),(cid:883)(cid:891),(cid:890)(cid:884)(cid:481)(cid:888)(cid:883),,,,,,,,,,,,,,,,,,,,,,,,,,,,
(cid:885)(cid:885),(cid:3)(cid:19)(cid:131)(cid:146)(cid:151)(cid:131),(cid:883)(cid:890),(cid:883)(cid:887),(cid:884),(cid:883)(cid:889),(cid:891)(cid:886)(cid:481)(cid:886)(cid:886),,,,,,,,,,,,,,,,,,,,,,,,,,,,
(cid:885)(cid:886),(cid:3)(cid:19)(cid:131)(cid:146)(cid:151)(cid:131)(cid:3)(cid:5)(cid:131)(cid:148)(cid:131)(cid:150),(cid:883)(cid:884),(cid:883)(cid:883),(cid:883),(cid:883)(cid:884),(cid:883)(cid:882)(cid:882)(cid:481)(cid:882)(cid:882),,,,,,,,,,,,,,,,,,,,,,,,,,,,
(cid:885)(cid:887),(cid:3)(cid:19)(cid:131)(cid:146)(cid:151)(cid:131)(cid:3)(cid:22)(cid:135)(cid:142)(cid:131)(cid:150)(cid:131)(cid:144),(cid:890),(cid:888),(cid:883),(cid:889),(cid:486),,,,,,,,,,,,,,,,,,,,,,,,,,,,
(cid:885)(cid:888),(cid:3)(cid:19)(cid:131)(cid:146)(cid:151)(cid:131)(cid:3)(cid:23)(cid:135)(cid:144)(cid:137)(cid:131)(cid:138),(cid:883)(cid:887),(cid:888),(cid:885),(cid:891),(cid:486),,,,,,,,,,,,,,,,,,,,,,,,,,,,
(cid:885)(cid:889) (cid:3)(cid:19)(cid:131)(cid:146)(cid:151)(cid:131)(cid:3)(cid:19)(cid:135)(cid:137)(cid:151)(cid:144)(cid:151)(cid:144)(cid:137)(cid:131)(cid:144) Indonesia,,(cid:891) 3.228,(cid:889) 1.146,(cid:882) 1.930,(cid:889) 3.076,"(cid:486) 95,3",,,,,,,,,,,,,,,,,,,,,,,,,,,,
No,Provinsi,Sepenuhnya RME,Sebagian RME,Belum RME,,,,,,,,,,,,,,,,,,,,,,,,,,,,,,
(1),(2),(3),(4),(5),,,,,,,,,,,,,,,,,,,,,,,,,,,,,,
(cid:883),(cid:4)(cid:133)(cid:135)(cid:138),(cid:886)(cid:891),(cid:884)(cid:883),(cid:885),,,,,,,,,,,,,,,,,,,,,,,,,,,,,,
(cid:884),(cid:22)(cid:151)(cid:143)(cid:131)(cid:150)(cid:135)(cid:148)(cid:131)(cid:3)(cid:24)(cid:150)(cid:131)(cid:148)(cid:131),(cid:883)(cid:885)(cid:891),(cid:887)(cid:887),(cid:883)(cid:885),,,,,,,,,,,,,,,,,,,,,,,,,,,,,,
(cid:885),(cid:22)(cid:151)(cid:143)(cid:131)(cid:150)(cid:135)(cid:148)(cid:131)(cid:3)(cid:5)(cid:131)(cid:148)(cid:131)(cid:150),(cid:884)(cid:889),(cid:886)(cid:891),(cid:883),,,,,,,,,,,,,,,,,,,,,,,,,,,,,,
(cid:886),(cid:21)(cid:139)(cid:131)(cid:151),(cid:886)(cid:883),(cid:885)(cid:888),(cid:884),,,,,,,,,,,,,,,,,,,,,,,,,,,,,,
(cid:887),(cid:13)(cid:131)(cid:143)(cid:132)(cid:139),(cid:884)(cid:884),(cid:883)(cid:888),(cid:886),,,,,,,,,,,,,,,,,,,,,,,,,,,,,,
(cid:888),(cid:22)(cid:151)(cid:143)(cid:131)(cid:150)(cid:135)(cid:148)(cid:131)(cid:3)(cid:22)(cid:135)(cid:142)(cid:131)(cid:150)(cid:131)(cid:144),(cid:888)(cid:882),(cid:884)(cid:884),(cid:884),,,,,,,,,,,,,,,,,,,,,,,,,,,,,,
(cid:889),(cid:5)(cid:135)(cid:144)(cid:137)(cid:141)(cid:151)(cid:142)(cid:151),(cid:883)(cid:886),(cid:883)(cid:884),(cid:882),,,,,,,,,,,,,,,,,,,,,,,,,,,,,,
(cid:890),(cid:15)(cid:131)(cid:143)(cid:146)(cid:151)(cid:144)(cid:137),(cid:887)(cid:883),(cid:884)(cid:891),(cid:882),,,,,,,,,,,,,,,,,,,,,,,,,,,,,,
(cid:891),(cid:14)(cid:135)(cid:146)(cid:484)(cid:3)(cid:5)(cid:131)(cid:144)(cid:137)(cid:141)(cid:131)(cid:3)(cid:5)(cid:135)(cid:142)(cid:139)(cid:150)(cid:151)(cid:144)(cid:137),(cid:884)(cid:886),(cid:884),(cid:883),,,,,,,,,,,,,,,,,,,,,,,,,,,,,,
(cid:883)(cid:882),(cid:14)(cid:135)(cid:146)(cid:151)(cid:142)(cid:131)(cid:151)(cid:131)(cid:144)(cid:3)(cid:21)(cid:139)(cid:131)(cid:151),(cid:884)(cid:884),(cid:883)(cid:883),(cid:885),,,,,,,,,,,,,,,,,,,,,,,,,,,,,,
(cid:883)(cid:883),(cid:7)(cid:14)(cid:12)(cid:3)(cid:13)(cid:131)(cid:141)(cid:131)(cid:148)(cid:150)(cid:131),(cid:883)(cid:886)(cid:888),(cid:886)(cid:885),(cid:882),,,,,,,,,,,,,,,,,,,,,,,,,,,,,,
(cid:883)(cid:884),(cid:13)(cid:131)(cid:153)(cid:131)(cid:3)(cid:5)(cid:131)(cid:148)(cid:131)(cid:150),(cid:885)(cid:883)(cid:887),(cid:891)(cid:889),(cid:882),,,,,,,,,,,,,,,,,,,,,,,,,,,,,,
(cid:883)(cid:885),(cid:13)(cid:131)(cid:153)(cid:131)(cid:3)(cid:23)(cid:135)(cid:144)(cid:137)(cid:131)(cid:138),(cid:884)(cid:885)(cid:886),(cid:883)(cid:882)(cid:888),(cid:883),,,,,,,,,,,,,,,,,,,,,,,,,,,,,,
(cid:883)(cid:886),(cid:7)(cid:12)(cid:3)(cid:28)(cid:145)(cid:137)(cid:155)(cid:131)(cid:141)(cid:131)(cid:148)(cid:150)(cid:131),(cid:887)(cid:891),(cid:884)(cid:883),(cid:882),,,,,,,,,,,,,,,,,,,,,,,,,,,,,,
(cid:883)(cid:887),(cid:13)(cid:131)(cid:153)(cid:131)(cid:3)(cid:23)(cid:139)(cid:143)(cid:151)(cid:148),(cid:884)(cid:889)(cid:889),(cid:883)(cid:886)(cid:884),(cid:883),,,,,,,,,,,,,,,,,,,,,,,,,,,,,,
(cid:883)(cid:888),(cid:5)(cid:131)(cid:144)(cid:150)(cid:135)(cid:144),(cid:891)(cid:891),(cid:884)(cid:886),(cid:883),,,,,,,,,,,,,,,,,,,,,,,,,,,,,,
(cid:883)(cid:889),(cid:5)(cid:131)(cid:142)(cid:139),(cid:887)(cid:887),(cid:884)(cid:882),(cid:882),,,,,,,,,,,,,,,,,,,,,,,,,,,,,,
(cid:883)(cid:890),(cid:17)(cid:151)(cid:149)(cid:131)(cid:3)(cid:23)(cid:135)(cid:144)(cid:137)(cid:137)(cid:131)(cid:148)(cid:131)(cid:3)(cid:5)(cid:131)(cid:148)(cid:131)(cid:150),(cid:884)(cid:888),(cid:883)(cid:891),(cid:882),,,,,,,,,,,,,,,,,,,,,,,,,,,,,,
(cid:883)(cid:891),(cid:17)(cid:151)(cid:149)(cid:131)(cid:3)(cid:23)(cid:135)(cid:144)(cid:137)(cid:137)(cid:131)(cid:148)(cid:131)(cid:3)(cid:23)(cid:139)(cid:143)(cid:151)(cid:148),(cid:883)(cid:891),(cid:885)(cid:889),(cid:885),,,,,,,,,,,,,,,,,,,,,,,,,,,,,,
(cid:884)(cid:882),(cid:14)(cid:131)(cid:142)(cid:139)(cid:143)(cid:131)(cid:144)(cid:150)(cid:131)(cid:144)(cid:3)(cid:5)(cid:131)(cid:148)(cid:131)(cid:150),(cid:883)(cid:891),(cid:885)(cid:888),(cid:883),,,,,,,,,,,,,,,,,,,,,,,,,,,,,,
(cid:884)(cid:883),(cid:14)(cid:131)(cid:142)(cid:139)(cid:143)(cid:131)(cid:144)(cid:150)(cid:131)(cid:144)(cid:3)(cid:23)(cid:135)(cid:144)(cid:137)(cid:131)(cid:138),(cid:883)(cid:891),(cid:883)(cid:885),(cid:883),,,,,,,,,,,,,,,,,,,,,,,,,,,,,,
(cid:884)(cid:884),(cid:14)(cid:131)(cid:142)(cid:139)(cid:143)(cid:131)(cid:144)(cid:150)(cid:131)(cid:144)(cid:3)(cid:22)(cid:135)(cid:142)(cid:131)(cid:150)(cid:131)(cid:144),(cid:884)(cid:886),(cid:884)(cid:888),(cid:883),,,,,,,,,,,,,,,,,,,,,,,,,,,,,,
(cid:884)(cid:885),(cid:14)(cid:131)(cid:142)(cid:139)(cid:143)(cid:131)(cid:144)(cid:150)(cid:131)(cid:144)(cid:3)(cid:23)(cid:139)(cid:143)(cid:151)(cid:148),(cid:884)(cid:887),(cid:885)(cid:882),(cid:885),,,,,,,,,,,,,,,,,,,,,,,,,,,,,,
(cid:884)(cid:886),(cid:14)(cid:131)(cid:142)(cid:139)(cid:143)(cid:131)(cid:144)(cid:150)(cid:131)(cid:144)(cid:3)(cid:24)(cid:150)(cid:131)(cid:148)(cid:131),(cid:890),(cid:888),(cid:884),,,,,,,,,,,,,,,,,,,,,,,,,,,,,,
(cid:884)(cid:887),(cid:22)(cid:151)(cid:142)(cid:131)(cid:153)(cid:135)(cid:149)(cid:139)(cid:3)(cid:24)(cid:150)(cid:131)(cid:148)(cid:131),(cid:884)(cid:891),(cid:884)(cid:884),(cid:887),,,,,,,,,,,,,,,,,,,,,,,,,,,,,,
(cid:884)(cid:888),(cid:22)(cid:151)(cid:142)(cid:131)(cid:153)(cid:135)(cid:149)(cid:139)(cid:3)(cid:23)(cid:135)(cid:144)(cid:137)(cid:131)(cid:138),(cid:883)(cid:888),(cid:884)(cid:883),(cid:885),,,,,,,,,,,,,,,,,,,,,,,,,,,,,,
(cid:884)(cid:889),(cid:22)(cid:151)(cid:142)(cid:131)(cid:153)(cid:135)(cid:149)(cid:139)(cid:3)(cid:22)(cid:135)(cid:142)(cid:131)(cid:150)(cid:131)(cid:144),(cid:887)(cid:891),(cid:887)(cid:890),(cid:884),,,,,,,,,,,,,,,,,,,,,,,,,,,,,,
(cid:884)(cid:890),(cid:22)(cid:151)(cid:142)(cid:131)(cid:153)(cid:135)(cid:149)(cid:139)(cid:3)(cid:23)(cid:135)(cid:144)(cid:137)(cid:137)(cid:131)(cid:148)(cid:131),(cid:883)(cid:890),(cid:883)(cid:891),(cid:883),,,,,,,,,,,,,,,,,,,,,,,,,,,,,,
(cid:884)(cid:891),(cid:10)(cid:145)(cid:148)(cid:145)(cid:144)(cid:150)(cid:131)(cid:142)(cid:145),(cid:883)(cid:882),(cid:890),(cid:884),,,,,,,,,,,,,,,,,,,,,,,,,,,,,,
(cid:885)(cid:882),(cid:22)(cid:151)(cid:142)(cid:131)(cid:153)(cid:135)(cid:149)(cid:139)(cid:3)(cid:5)(cid:131)(cid:148)(cid:131)(cid:150),(cid:890),(cid:888),(cid:883),,,,,,,,,,,,,,,,,,,,,,,,,,,,,,
(cid:885)(cid:883),(cid:16)(cid:131)(cid:142)(cid:151)(cid:141)(cid:151),(cid:883)(cid:888),(cid:891),(cid:886),,,,,,,,,,,,,,,,,,,,,,,,,,,,,,
(cid:885)(cid:884),(cid:16)(cid:131)(cid:142)(cid:151)(cid:141)(cid:151)(cid:3)(cid:24)(cid:150)(cid:131)(cid:148)(cid:131),(cid:887),(cid:883)(cid:887),(cid:885),,,,,,,,,,,,,,,,,,,,,,,,,,,,,,
(cid:885)(cid:885),(cid:19)(cid:131)(cid:146)(cid:151)(cid:131)(cid:3)(cid:3),(cid:888),(cid:891),(cid:885),,,,,,,,,,,,,,,,,,,,,,,,,,,,,,
(cid:885)(cid:886),(cid:19)(cid:131)(cid:146)(cid:151)(cid:131)(cid:3)(cid:5)(cid:131)(cid:148)(cid:131)(cid:150),(cid:884),(cid:891),(cid:883),,,,,,,,,,,,,,,,,,,,,,,,,,,,,,
(cid:885)(cid:887),(cid:19)(cid:131)(cid:146)(cid:151)(cid:131)(cid:3)(cid:22)(cid:135)(cid:142)(cid:131)(cid:150)(cid:131)(cid:144),(cid:883),(cid:888),(cid:883),,,,,,,,,,,,,,,,,,,,,,,,,,,,,,
(cid:885)(cid:888),(cid:19)(cid:131)(cid:146)(cid:151)(cid:131)(cid:3)(cid:23)(cid:135)(cid:144)(cid:137)(cid:131)(cid:138),(cid:884),(cid:883)(cid:882),(cid:883),,,,,,,,,,,,,,,,,,,,,,,,,,,,,,
(cid:885)(cid:889) (cid:19)(cid:131)(cid:146)(cid:151)(cid:131)(cid:3)(cid:19)(cid:135)(cid:137)(cid:151)(cid:144)(cid:151)(cid:144)(cid:137)(cid:131)(cid:144) Indonesia,,(cid:882) 1.949,(cid:888) 1.079,(cid:885) 74,,,,,,,,,,,,,,,,,,,,,,,,,,,,,,
No,Provinsi,Jumlah Puskesmas yang Melapor,Puskesmas dengan Ketersediaan Obat Esensial**,,,,,,,,,,,,,,,,,,,,,,,,,,,,,,,
,,,Jumlah,%,,,,,,,,,,,,,,,,,,,,,,,,,,,,,,
(1),(2),(3),(4),(5),,,,,,,,,,,,,,,,,,,,,,,,,,,,,,
(cid:883),(cid:4)(cid:133)(cid:135)(cid:138),(cid:885)(cid:888)(cid:883),(cid:885)(cid:886)(cid:883),(cid:891)(cid:886)(cid:481)(cid:886)(cid:888),,,,,,,,,,,,,,,,,,,,,,,,,,,,,,
(cid:884),(cid:22)(cid:151)(cid:143)(cid:131)(cid:150)(cid:135)(cid:148)(cid:131)(cid:3)(cid:24)(cid:150)(cid:131)(cid:148)(cid:131),(cid:887)(cid:885)(cid:888),(cid:886)(cid:891)(cid:882),(cid:891)(cid:883)(cid:481)(cid:886)(cid:884),,,,,,,,,,,,,,,,,,,,,,,,,,,,,,
(cid:885),(cid:22)(cid:151)(cid:143)(cid:131)(cid:150)(cid:135)(cid:148)(cid:131)(cid:3)(cid:5)(cid:131)(cid:148)(cid:131)(cid:150),(cid:884)(cid:889)(cid:891),(cid:884)(cid:889)(cid:891),(cid:883)(cid:882)(cid:882)(cid:481)(cid:882)(cid:882),,,,,,,,,,,,,,,,,,,,,,,,,,,,,,
(cid:886),(cid:21)(cid:139)(cid:131)(cid:151),(cid:884)(cid:882)(cid:885),(cid:883)(cid:891)(cid:888),(cid:891)(cid:888)(cid:481)(cid:887)(cid:887),,,,,,,,,,,,,,,,,,,,,,,,,,,,,,
(cid:887),(cid:13)(cid:131)(cid:143)(cid:132)(cid:139),(cid:884)(cid:882)(cid:889),(cid:884)(cid:882)(cid:889),(cid:883)(cid:882)(cid:882)(cid:481)(cid:882)(cid:882),,,,,,,,,,,,,,,,,,,,,,,,,,,,,,
(cid:888),(cid:22)(cid:151)(cid:143)(cid:131)(cid:150)(cid:135)(cid:148)(cid:131)(cid:3)(cid:22)(cid:135)(cid:142)(cid:131)(cid:150)(cid:131)(cid:144),(cid:885)(cid:886)(cid:886),(cid:884)(cid:891)(cid:890),(cid:890)(cid:888)(cid:481)(cid:888)(cid:885),,,,,,,,,,,,,,,,,,,,,,,,,,,,,,
(cid:889),(cid:5)(cid:135)(cid:144)(cid:137)(cid:141)(cid:151)(cid:142)(cid:151),(cid:883)(cid:889)(cid:890),(cid:883)(cid:889)(cid:888),(cid:891)(cid:890)(cid:481)(cid:890)(cid:890),,,,,,,,,,,,,,,,,,,,,,,,,,,,,,
(cid:890),(cid:15)(cid:131)(cid:143)(cid:146)(cid:151)(cid:144)(cid:137),(cid:885)(cid:883)(cid:889),(cid:885)(cid:883)(cid:882),(cid:891)(cid:889)(cid:481)(cid:889)(cid:891),,,,,,,,,,,,,,,,,,,,,,,,,,,,,,
(cid:891),(cid:14)(cid:135)(cid:146)(cid:151)(cid:142)(cid:131)(cid:151)(cid:131)(cid:144)(cid:3)(cid:5)(cid:131)(cid:144)(cid:137)(cid:141)(cid:131)(cid:3)(cid:5)(cid:135)(cid:142)(cid:139)(cid:150)(cid:151)(cid:144)(cid:137),(cid:888)(cid:886),(cid:888)(cid:886),(cid:883)(cid:882)(cid:882)(cid:481)(cid:882)(cid:882),,,,,,,,,,,,,,,,,,,,,,,,,,,,,,
(cid:883)(cid:882),(cid:14)(cid:135)(cid:146)(cid:151)(cid:142)(cid:131)(cid:151)(cid:131)(cid:144)(cid:3)(cid:21)(cid:139)(cid:131)(cid:151),(cid:891)(cid:888),(cid:891)(cid:888),(cid:883)(cid:882)(cid:882)(cid:481)(cid:882)(cid:882),,,,,,,,,,,,,,,,,,,,,,,,,,,,,,
(cid:883)(cid:883),(cid:7)(cid:14)(cid:12)(cid:3)(cid:13)(cid:131)(cid:141)(cid:131)(cid:148)(cid:150)(cid:131),(cid:885)(cid:883)(cid:890),(cid:885)(cid:883)(cid:887),(cid:891)(cid:891)(cid:481)(cid:882)(cid:888),,,,,,,,,,,,,,,,,,,,,,,,,,,,,,
(cid:883)(cid:884),(cid:13)(cid:131)(cid:153)(cid:131)(cid:3)(cid:5)(cid:131)(cid:148)(cid:131)(cid:150),(cid:883)(cid:882)(cid:888)(cid:891),(cid:883)(cid:882)(cid:888)(cid:882),(cid:891)(cid:891)(cid:481)(cid:883)(cid:888) (cid:891)(cid:890)(cid:481)(cid:891)(cid:889),,,,,,,,,,,,,,,,,,,,,,,,,,,,,,
(cid:883)(cid:885),(cid:13)(cid:131)(cid:153)(cid:131)(cid:3)(cid:23)(cid:135)(cid:144)(cid:137)(cid:131)(cid:138),(cid:890)(cid:889)(cid:884),(cid:890)(cid:888)(cid:885),,,,,,,,,,,,,,,,,,,,,,,,,,,,,,,
(cid:883)(cid:886),(cid:7)(cid:484)(cid:12)(cid:484)(cid:3)(cid:28)(cid:145)(cid:137)(cid:155)(cid:131)(cid:141)(cid:131)(cid:148)(cid:150)(cid:131),(cid:883)(cid:884)(cid:883),(cid:883)(cid:884)(cid:883),(cid:883)(cid:882)(cid:882)(cid:481)(cid:882)(cid:882) (cid:883)(cid:882)(cid:882)(cid:481)(cid:882)(cid:882),,,,,,,,,,,,,,,,,,,,,,,,,,,,,,
(cid:883)(cid:887),(cid:13)(cid:131)(cid:153)(cid:131)(cid:3)(cid:23)(cid:139)(cid:143)(cid:151)(cid:148),(cid:891)(cid:889)(cid:885),(cid:891)(cid:889)(cid:885),,,,,,,,,,,,,,,,,,,,,,,,,,,,,,,
(cid:883)(cid:888),(cid:5)(cid:131)(cid:144)(cid:150)(cid:135)(cid:144),(cid:884)(cid:887)(cid:882),(cid:884)(cid:886)(cid:887),(cid:891)(cid:890)(cid:481)(cid:882)(cid:882) (cid:883)(cid:882)(cid:882)(cid:481)(cid:882)(cid:882),,,,,,,,,,,,,,,,,,,,,,,,,,,,,,
(cid:883)(cid:889),(cid:5)(cid:131)(cid:142)(cid:139),(cid:883)(cid:884)(cid:882),(cid:883)(cid:884)(cid:882),(cid:883)(cid:882)(cid:882)(cid:481)(cid:882)(cid:882),,,,,,,,,,,,,,,,,,,,,,,,,,,,,,
(cid:883)(cid:890),(cid:17)(cid:151)(cid:149)(cid:131)(cid:3)(cid:23)(cid:135)(cid:144)(cid:137)(cid:137)(cid:131)(cid:148)(cid:131)(cid:3)(cid:5)(cid:131)(cid:148)(cid:131)(cid:150),(cid:883)(cid:889)(cid:887),(cid:883)(cid:889)(cid:887),(cid:891)(cid:884)(cid:481)(cid:882)(cid:890),,,,,,,,,,,,,,,,,,,,,,,,,,,,,,
(cid:883)(cid:891),(cid:17)(cid:151)(cid:149)(cid:131)(cid:3)(cid:23)(cid:135)(cid:144)(cid:137)(cid:137)(cid:131)(cid:148)(cid:131)(cid:3)(cid:23)(cid:139)(cid:143)(cid:151)(cid:148),(cid:886)(cid:882)(cid:886),(cid:885)(cid:889)(cid:884),,,,,,,,,,,,,,,,,,,,,,,,,,,,,,,
(cid:884)(cid:882),(cid:14)(cid:131)(cid:142)(cid:139)(cid:143)(cid:131)(cid:144)(cid:150)(cid:131)(cid:144)(cid:3)(cid:5)(cid:131)(cid:148)(cid:131)(cid:150),(cid:884)(cid:883)(cid:889),(cid:884)(cid:882)(cid:883),(cid:891)(cid:884)(cid:481)(cid:888)(cid:885) (cid:891)(cid:885)(cid:481)(cid:883)(cid:891),,,,,,,,,,,,,,,,,,,,,,,,,,,,,,
(cid:884)(cid:883),(cid:14)(cid:131)(cid:142)(cid:139)(cid:143)(cid:131)(cid:144)(cid:150)(cid:131)(cid:144)(cid:3)(cid:23)(cid:135)(cid:144)(cid:137)(cid:131)(cid:138),(cid:883)(cid:891)(cid:883),(cid:883)(cid:889)(cid:890),,,,,,,,,,,,,,,,,,,,,,,,,,,,,,,
(cid:884)(cid:884),(cid:14)(cid:131)(cid:142)(cid:139)(cid:143)(cid:131)(cid:144)(cid:150)(cid:131)(cid:144)(cid:3)(cid:22)(cid:135)(cid:142)(cid:131)(cid:150)(cid:131)(cid:144),(cid:884)(cid:886)(cid:882),(cid:884)(cid:885)(cid:887),(cid:891)(cid:889)(cid:481)(cid:891)(cid:884) (cid:883)(cid:882)(cid:882)(cid:481)(cid:882)(cid:882),,,,,,,,,,,,,,,,,,,,,,,,,,,,,,
(cid:884)(cid:885),(cid:14)(cid:131)(cid:142)(cid:139)(cid:143)(cid:131)(cid:144)(cid:150)(cid:131)(cid:144)(cid:3)(cid:23)(cid:139)(cid:143)(cid:151)(cid:148),(cid:883)(cid:890)(cid:890),(cid:883)(cid:890)(cid:890),,,,,,,,,,,,,,,,,,,,,,,,,,,,,,,
(cid:884)(cid:886),(cid:14)(cid:131)(cid:142)(cid:139)(cid:143)(cid:131)(cid:144)(cid:150)(cid:131)(cid:144)(cid:3)(cid:24)(cid:150)(cid:131)(cid:148)(cid:131),(cid:887)(cid:890),(cid:887)(cid:890),(cid:883)(cid:882)(cid:882)(cid:481)(cid:882)(cid:882) (cid:891)(cid:888)(cid:481)(cid:886)(cid:887),,,,,,,,,,,,,,,,,,,,,,,,,,,,,,
(cid:884)(cid:887),(cid:22)(cid:151)(cid:142)(cid:131)(cid:153)(cid:135)(cid:149)(cid:139)(cid:3)(cid:24)(cid:150)(cid:131)(cid:148)(cid:131),(cid:883)(cid:891)(cid:889),(cid:883)(cid:891)(cid:882),,,,,,,,,,,,,,,,,,,,,,,,,,,,,,,
(cid:884)(cid:888),(cid:22)(cid:151)(cid:142)(cid:131)(cid:153)(cid:135)(cid:149)(cid:139)(cid:3)(cid:23)(cid:135)(cid:144)(cid:137)(cid:131)(cid:138),(cid:884)(cid:883)(cid:889),(cid:884)(cid:883)(cid:885),(cid:891)(cid:890)(cid:481)(cid:883)(cid:888) (cid:891)(cid:885)(cid:481)(cid:883)(cid:891),,,,,,,,,,,,,,,,,,,,,,,,,,,,,,
(cid:884)(cid:889),(cid:22)(cid:151)(cid:142)(cid:131)(cid:153)(cid:135)(cid:149)(cid:139)(cid:3)(cid:22)(cid:135)(cid:142)(cid:131)(cid:150)(cid:131)(cid:144),(cid:886)(cid:889)(cid:882),(cid:886)(cid:885)(cid:890),,,,,,,,,,,,,,,,,,,,,,,,,,,,,,,
(cid:884)(cid:890),(cid:22)(cid:151)(cid:142)(cid:131)(cid:153)(cid:135)(cid:149)(cid:139)(cid:3)(cid:23)(cid:135)(cid:144)(cid:137)(cid:137)(cid:131)(cid:148)(cid:131),(cid:884)(cid:889)(cid:883),(cid:884)(cid:887)(cid:890),(cid:891)(cid:887)(cid:481)(cid:884)(cid:882) (cid:891)(cid:889)(cid:481)(cid:889)(cid:882),,,,,,,,,,,,,,,,,,,,,,,,,,,,,,
(cid:884)(cid:891),(cid:10)(cid:145)(cid:148)(cid:145)(cid:144)(cid:150)(cid:131)(cid:142)(cid:145),(cid:890)(cid:889),(cid:890)(cid:887),,,,,,,,,,,,,,,,,,,,,,,,,,,,,,,
(cid:885)(cid:882),(cid:22)(cid:151)(cid:142)(cid:131)(cid:153)(cid:135)(cid:149)(cid:139)(cid:3)(cid:5)(cid:131)(cid:148)(cid:131)(cid:150),(cid:890)(cid:887),(cid:889)(cid:890),(cid:891)(cid:883)(cid:481)(cid:889)(cid:888) (cid:890)(cid:888)(cid:481)(cid:889)(cid:885),,,,,,,,,,,,,,,,,,,,,,,,,,,,,,
(cid:885)(cid:883),(cid:16)(cid:131)(cid:142)(cid:151)(cid:141)(cid:151),(cid:883)(cid:891)(cid:888),(cid:883)(cid:889)(cid:882),(cid:890)(cid:887)(cid:481)(cid:886)(cid:890),,,,,,,,,,,,,,,,,,,,,,,,,,,,,,
(cid:885)(cid:884),(cid:16)(cid:131)(cid:142)(cid:151)(cid:141)(cid:151)(cid:3)(cid:24)(cid:150)(cid:131)(cid:148)(cid:131),(cid:883)(cid:884)(cid:886),(cid:883)(cid:882)(cid:888),(cid:883)(cid:882)(cid:882)(cid:481)(cid:882)(cid:882),,,,,,,,,,,,,,,,,,,,,,,,,,,,,,
(cid:885)(cid:885),(cid:19)(cid:131)(cid:146)(cid:151)(cid:131),(cid:883)(cid:883)(cid:891),(cid:883)(cid:883)(cid:891),(cid:890)(cid:889)(cid:481)(cid:885)(cid:882),,,,,,,,,,,,,,,,,,,,,,,,,,,,,,
(cid:885)(cid:886),(cid:19)(cid:131)(cid:146)(cid:151)(cid:131)(cid:3)(cid:5)(cid:131)(cid:148)(cid:131)(cid:150),(cid:888)(cid:885),(cid:887)(cid:887),(cid:891)(cid:886)(cid:481)(cid:887)(cid:891),,,,,,,,,,,,,,,,,,,,,,,,,,,,,,
(cid:885)(cid:887),(cid:19)(cid:131)(cid:146)(cid:151)(cid:131)(cid:3)(cid:22)(cid:135)(cid:142)(cid:131)(cid:150)(cid:131)(cid:144),(cid:889)(cid:886),(cid:889)(cid:882),,,,,,,,,,,,,,,,,,,,,,,,,,,,,,,
(cid:885)(cid:888),(cid:19)(cid:131)(cid:146)(cid:151)(cid:131)(cid:3)(cid:23)(cid:135)(cid:144)(cid:137)(cid:131)(cid:138),(cid:888)(cid:883),(cid:885)(cid:887),(cid:887)(cid:889)(cid:481)(cid:885)(cid:890) (cid:891)(cid:890)(cid:481)(cid:890)(cid:882),,,,,,,,,,,,,,,,,,,,,,,,,,,,,,
(cid:885)(cid:889) (cid:19)(cid:131)(cid:146)(cid:151)(cid:131)(cid:3)(cid:19)(cid:135)(cid:137)(cid:151)(cid:144)(cid:151)(cid:144)(cid:137)(cid:131)(cid:144) Indonesia,,(cid:890)(cid:885) 9.895,(cid:890)(cid:884) 9.509,"96,10 (cid:889)(cid:885)(cid:481)(cid:883)(cid:885)",,,,,,,,,,,,,,,,,,,,,,,,,,,,,,
No,Provinsi,Dokter Spesialis,,,Dokter,,,Total,,,Dokter Gigi Spesialis,,,Dokter Gigi,,,Total,,,,,,,,,,,,,,,,,
,,L,P,L+P,L,P,L+P,L,P,L+P,L,P,L+P,L,P,L+P,L,P,L+P,,,,,,,,,,,,,,,
(1),(2),(3),(4),(5),(6),(7),(8),(9),(10),(11),(12),(13),(14),(15),(16),(17),(18),(19),(20),,,,,,,,,,,,,,,
(cid:883),(cid:4)(cid:6)(cid:8)(cid:11),(cid:883),(cid:885),(cid:886),(cid:884)(cid:888)(cid:890),(cid:891)(cid:889)(cid:890),(cid:883)(cid:484)(cid:884)(cid:886)(cid:888),(cid:884)(cid:888)(cid:891),(cid:891)(cid:890)(cid:883),(cid:883)(cid:484)(cid:884)(cid:887)(cid:882),(cid:882),(cid:882),(cid:882),(cid:888)(cid:890),(cid:885)(cid:890)(cid:884),(cid:886)(cid:887)(cid:882),(cid:888)(cid:890),(cid:885)(cid:890)(cid:884),(cid:886)(cid:887)(cid:882),,,,,,,,,,,,,,,
(cid:884),(cid:22)(cid:24)(cid:16)(cid:4)(cid:23)(cid:8)(cid:21)(cid:4)(cid:3)(cid:24)(cid:23)(cid:4)(cid:21)(cid:4),(cid:886),(cid:887),(cid:891),(cid:887)(cid:890)(cid:891),(cid:883)(cid:484)(cid:887)(cid:884)(cid:887),(cid:884)(cid:484)(cid:883)(cid:883)(cid:886),(cid:887)(cid:891)(cid:885),(cid:883)(cid:484)(cid:887)(cid:885)(cid:882),(cid:884)(cid:484)(cid:883)(cid:884)(cid:885),(cid:882),(cid:884),(cid:884),(cid:883)(cid:882)(cid:888),(cid:888)(cid:882)(cid:884),(cid:889)(cid:882)(cid:890),(cid:883)(cid:882)(cid:888),(cid:888)(cid:882)(cid:886),(cid:889)(cid:883)(cid:882),,,,,,,,,,,,,,,
(cid:885),(cid:22)(cid:24)(cid:16)(cid:4)(cid:23)(cid:8)(cid:21)(cid:4)(cid:3)(cid:5)(cid:4)(cid:21)(cid:4)(cid:23),(cid:884),(cid:883)(cid:882),(cid:883)(cid:884),(cid:883)(cid:889)(cid:887),(cid:888)(cid:889)(cid:886),(cid:890)(cid:886)(cid:891),(cid:883)(cid:889)(cid:889),(cid:888)(cid:890)(cid:886),(cid:890)(cid:888)(cid:883),(cid:882),(cid:882),(cid:882),(cid:886)(cid:886),(cid:885)(cid:889)(cid:891),(cid:886)(cid:884)(cid:885),(cid:886)(cid:886),(cid:885)(cid:889)(cid:891),(cid:886)(cid:884)(cid:885),,,,,,,,,,,,,,,
(cid:886),(cid:21)(cid:12)(cid:4)(cid:24),(cid:886),(cid:886),(cid:890),(cid:884)(cid:889)(cid:888),(cid:890)(cid:891)(cid:885),(cid:883)(cid:484)(cid:883)(cid:888)(cid:891),(cid:884)(cid:890)(cid:882),(cid:890)(cid:891)(cid:889),(cid:883)(cid:484)(cid:883)(cid:889)(cid:889),(cid:882),(cid:882),(cid:882),(cid:887)(cid:883),(cid:885)(cid:885)(cid:890),(cid:885)(cid:890)(cid:891),(cid:887)(cid:883),(cid:885)(cid:885)(cid:890),(cid:885)(cid:890)(cid:891),,,,,,,,,,,,,,,
(cid:887),(cid:13)(cid:4)(cid:16)(cid:5)(cid:12),(cid:883),(cid:882),(cid:883),(cid:883)(cid:887)(cid:885),(cid:886)(cid:888)(cid:891),(cid:888)(cid:884)(cid:884),(cid:883)(cid:887)(cid:886),(cid:886)(cid:888)(cid:891),(cid:888)(cid:884)(cid:885),(cid:883),(cid:882),(cid:883),(cid:885)(cid:888),(cid:883)(cid:888)(cid:885),(cid:883)(cid:891)(cid:891),(cid:885)(cid:889),(cid:883)(cid:888)(cid:885),(cid:884)(cid:882)(cid:882),,,,,,,,,,,,,,,
(cid:888),(cid:22)(cid:24)(cid:16)(cid:4)(cid:23)(cid:8)(cid:21)(cid:4)(cid:3)(cid:22)(cid:8)(cid:15)(cid:4)(cid:23)(cid:4)(cid:17),(cid:883),(cid:888),(cid:889),(cid:884)(cid:883)(cid:889),(cid:889)(cid:883)(cid:883),(cid:891)(cid:884)(cid:890),(cid:884)(cid:883)(cid:890),(cid:889)(cid:883)(cid:889),(cid:891)(cid:885)(cid:887),(cid:882),(cid:882),(cid:882),(cid:886)(cid:889),(cid:884)(cid:882)(cid:887),(cid:884)(cid:887)(cid:884),(cid:886)(cid:889),(cid:884)(cid:882)(cid:887),(cid:884)(cid:887)(cid:884),,,,,,,,,,,,,,,
(cid:889),(cid:5)(cid:8)(cid:17)(cid:10)(cid:14)(cid:24)(cid:15)(cid:24),(cid:882),(cid:882),(cid:882),(cid:883)(cid:883)(cid:882),(cid:884)(cid:888)(cid:888),(cid:885)(cid:889)(cid:888),(cid:883)(cid:883)(cid:882),(cid:884)(cid:888)(cid:888),(cid:885)(cid:889)(cid:888),(cid:882),(cid:882),(cid:882),(cid:883)(cid:891),(cid:883)(cid:882)(cid:886),(cid:883)(cid:884)(cid:885),(cid:883)(cid:891),(cid:883)(cid:882)(cid:886),(cid:883)(cid:884)(cid:885),,,,,,,,,,,,,,,
(cid:890),(cid:15)(cid:4)(cid:16)(cid:19)(cid:24)(cid:17)(cid:10),(cid:885),(cid:883)(cid:886),(cid:883)(cid:889),(cid:884)(cid:888)(cid:887),(cid:888)(cid:890)(cid:890),(cid:891)(cid:887)(cid:885),(cid:884)(cid:888)(cid:890),(cid:889)(cid:882)(cid:884),(cid:891)(cid:889)(cid:882),(cid:882),(cid:882),(cid:882),(cid:884)(cid:890),(cid:883)(cid:888)(cid:891),(cid:883)(cid:891)(cid:889),(cid:884)(cid:890),(cid:883)(cid:888)(cid:891),(cid:883)(cid:891)(cid:889),,,,,,,,,,,,,,,
(cid:891),(cid:14)(cid:8)(cid:19)(cid:24)(cid:15)(cid:4)(cid:24)(cid:4)(cid:17)(cid:3)(cid:5)(cid:4)(cid:17)(cid:10)(cid:14)(cid:4)(cid:3)(cid:5)(cid:8)(cid:15)(cid:12)(cid:23)(cid:24)(cid:17)(cid:10),(cid:882),(cid:882),(cid:882),(cid:891)(cid:884),(cid:883)(cid:889)(cid:887),(cid:884)(cid:888)(cid:889),(cid:891)(cid:884),(cid:883)(cid:889)(cid:887),(cid:884)(cid:888)(cid:889),(cid:882),(cid:882),(cid:882),(cid:884)(cid:886),(cid:887)(cid:889),(cid:890)(cid:883),(cid:884)(cid:886),(cid:887)(cid:889),(cid:890)(cid:883),,,,,,,,,,,,,,,
(cid:883)(cid:882),(cid:14)(cid:8)(cid:19)(cid:24)(cid:15)(cid:4)(cid:24)(cid:4)(cid:17)(cid:3)(cid:21)(cid:12)(cid:4)(cid:24),(cid:882),(cid:882),(cid:882),(cid:883)(cid:885)(cid:882),(cid:885)(cid:886)(cid:886),(cid:886)(cid:889)(cid:886),(cid:883)(cid:885)(cid:882),(cid:885)(cid:886)(cid:886),(cid:886)(cid:889)(cid:886),(cid:882),(cid:882),(cid:882),(cid:884)(cid:887),(cid:891)(cid:891),(cid:883)(cid:884)(cid:886),(cid:884)(cid:887),(cid:891)(cid:891),(cid:883)(cid:884)(cid:886),,,,,,,,,,,,,,,
(cid:883)(cid:883),(cid:7)(cid:14)(cid:12)(cid:3)(cid:13)(cid:4)(cid:14)(cid:4)(cid:21)(cid:23)(cid:4),(cid:883),(cid:889),(cid:890),(cid:884)(cid:891)(cid:884),(cid:890)(cid:888)(cid:886),(cid:883)(cid:484)(cid:883)(cid:887)(cid:888),(cid:884)(cid:891)(cid:885),(cid:890)(cid:889)(cid:883),(cid:883)(cid:484)(cid:883)(cid:888)(cid:886),(cid:882),(cid:882),(cid:882),(cid:885)(cid:886),(cid:883)(cid:888)(cid:889),(cid:884)(cid:882)(cid:883),(cid:885)(cid:886),(cid:883)(cid:888)(cid:889),(cid:884)(cid:882)(cid:883),,,,,,,,,,,,,,,
(cid:883)(cid:884),(cid:13)(cid:4)(cid:26)(cid:4)(cid:3)(cid:5)(cid:4)(cid:21)(cid:4)(cid:23),(cid:882),(cid:882),(cid:882),(cid:883)(cid:484)(cid:882)(cid:882)(cid:883),(cid:884)(cid:484)(cid:884)(cid:887)(cid:890),(cid:885)(cid:484)(cid:884)(cid:887)(cid:891),(cid:883)(cid:484)(cid:882)(cid:882)(cid:883),(cid:884)(cid:484)(cid:884)(cid:887)(cid:890),(cid:885)(cid:484)(cid:884)(cid:887)(cid:891),(cid:882),(cid:882),(cid:882),(cid:883)(cid:889)(cid:886),(cid:891)(cid:882)(cid:887),(cid:883)(cid:484)(cid:882)(cid:889)(cid:891),(cid:883)(cid:889)(cid:886),(cid:891)(cid:882)(cid:887),(cid:883)(cid:484)(cid:882)(cid:889)(cid:891),,,,,,,,,,,,,,,
(cid:883)(cid:885),(cid:13)(cid:4)(cid:26)(cid:4)(cid:3)(cid:23)(cid:8)(cid:17)(cid:10)(cid:4)(cid:11),(cid:882),(cid:884),(cid:884),(cid:891)(cid:888)(cid:890),(cid:884)(cid:484)(cid:882)(cid:891)(cid:884),(cid:885)(cid:484)(cid:882)(cid:888)(cid:882),(cid:891)(cid:888)(cid:890),(cid:884)(cid:484)(cid:882)(cid:891)(cid:886),(cid:885)(cid:484)(cid:882)(cid:888)(cid:884),(cid:882),(cid:883),(cid:883),(cid:883)(cid:889)(cid:885),(cid:891)(cid:884)(cid:885),(cid:883)(cid:484)(cid:882)(cid:891)(cid:888),(cid:883)(cid:889)(cid:885),(cid:891)(cid:884)(cid:886),(cid:883)(cid:484)(cid:882)(cid:891)(cid:889),,,,,,,,,,,,,,,
(cid:883)(cid:886),(cid:28)(cid:18)(cid:10)(cid:28)(cid:4)(cid:14)(cid:4)(cid:21)(cid:23)(cid:4),(cid:884),(cid:883),(cid:885),(cid:883)(cid:884)(cid:886),(cid:886)(cid:885)(cid:884),(cid:887)(cid:887)(cid:888),(cid:883)(cid:884)(cid:888),(cid:886)(cid:885)(cid:885),(cid:887)(cid:887)(cid:891),(cid:883),(cid:883),(cid:884),(cid:884)(cid:883),(cid:884)(cid:884)(cid:888),(cid:884)(cid:886)(cid:889),(cid:884)(cid:884),(cid:884)(cid:884)(cid:889),(cid:884)(cid:886)(cid:891),,,,,,,,,,,,,,,
(cid:883)(cid:887),(cid:13)(cid:4)(cid:26)(cid:4)(cid:3)(cid:23)(cid:12)(cid:16)(cid:24)(cid:21),(cid:882),(cid:883),(cid:883),(cid:891)(cid:887)(cid:884),(cid:884)(cid:484)(cid:883)(cid:885)(cid:887),(cid:885)(cid:484)(cid:882)(cid:890)(cid:889),(cid:891)(cid:887)(cid:884),(cid:884)(cid:484)(cid:883)(cid:885)(cid:888),(cid:885)(cid:484)(cid:882)(cid:890)(cid:890),(cid:882),(cid:883),(cid:883),(cid:884)(cid:883)(cid:887),(cid:883)(cid:484)(cid:882)(cid:889)(cid:888),(cid:883)(cid:484)(cid:884)(cid:891)(cid:883),(cid:884)(cid:883)(cid:887),(cid:883)(cid:484)(cid:882)(cid:889)(cid:889),(cid:883)(cid:484)(cid:884)(cid:891)(cid:884),,,,,,,,,,,,,,,
(cid:883)(cid:888),(cid:5)(cid:4)(cid:17)(cid:23)(cid:8)(cid:17),(cid:882),(cid:882),(cid:882),(cid:884)(cid:884)(cid:888),(cid:888)(cid:887)(cid:884),(cid:890)(cid:889)(cid:890),(cid:884)(cid:884)(cid:888),(cid:888)(cid:887)(cid:884),(cid:890)(cid:889)(cid:890),(cid:882),(cid:882),(cid:882),(cid:887)(cid:882),(cid:885)(cid:884)(cid:891),(cid:885)(cid:889)(cid:891),(cid:887)(cid:882),(cid:885)(cid:884)(cid:891),(cid:885)(cid:889)(cid:891),,,,,,,,,,,,,,,
(cid:883)(cid:889),(cid:5)(cid:4)(cid:15)(cid:12),(cid:882),(cid:885),(cid:885),(cid:884)(cid:891)(cid:888),(cid:886)(cid:884)(cid:883),(cid:889)(cid:883)(cid:889),(cid:884)(cid:891)(cid:888),(cid:886)(cid:884)(cid:886),(cid:889)(cid:884)(cid:882),(cid:882),(cid:882),(cid:882),(cid:890)(cid:888),(cid:884)(cid:884)(cid:885),(cid:885)(cid:882)(cid:891),(cid:890)(cid:888),(cid:884)(cid:884)(cid:885),(cid:885)(cid:882)(cid:891),,,,,,,,,,,,,,,
(cid:883)(cid:890),(cid:17)(cid:24)(cid:22)(cid:4)(cid:3)(cid:23)(cid:8)(cid:17)(cid:10)(cid:10)(cid:4)(cid:21)(cid:4)(cid:3)(cid:5)(cid:4)(cid:21)(cid:4)(cid:23),(cid:883),(cid:882),(cid:883),(cid:884)(cid:882)(cid:882),(cid:886)(cid:886)(cid:884),(cid:888)(cid:886)(cid:884),(cid:884)(cid:882)(cid:883),(cid:886)(cid:886)(cid:884),(cid:888)(cid:886)(cid:885),(cid:882),(cid:882),(cid:882),(cid:886)(cid:883),(cid:883)(cid:887)(cid:882),(cid:883)(cid:891)(cid:883),(cid:886)(cid:883),(cid:883)(cid:887)(cid:882),(cid:883)(cid:891)(cid:883),,,,,,,,,,,,,,,
(cid:883)(cid:891),(cid:17)(cid:24)(cid:22)(cid:4)(cid:3)(cid:23)(cid:8)(cid:17)(cid:10)(cid:10)(cid:4)(cid:21)(cid:4)(cid:3)(cid:23)(cid:12)(cid:16)(cid:24)(cid:21),(cid:882),(cid:882),(cid:882),(cid:884)(cid:885)(cid:884),(cid:886)(cid:889)(cid:882),(cid:889)(cid:882)(cid:884),(cid:884)(cid:885)(cid:884),(cid:886)(cid:889)(cid:882),(cid:889)(cid:882)(cid:884),(cid:882),(cid:882),(cid:882),(cid:886)(cid:885),(cid:883)(cid:888)(cid:886),(cid:884)(cid:882)(cid:889),(cid:886)(cid:885),(cid:883)(cid:888)(cid:886),(cid:884)(cid:882)(cid:889),,,,,,,,,,,,,,,
(cid:884)(cid:882),(cid:14)(cid:4)(cid:15)(cid:12)(cid:16)(cid:4)(cid:17)(cid:23)(cid:4)(cid:17)(cid:3)(cid:5)(cid:4)(cid:21)(cid:4)(cid:23),(cid:882),(cid:882),(cid:882),(cid:884)(cid:884)(cid:886),(cid:885)(cid:884)(cid:882),(cid:887)(cid:886)(cid:886),(cid:884)(cid:884)(cid:886),(cid:885)(cid:884)(cid:882),(cid:887)(cid:886)(cid:886),(cid:882),(cid:882),(cid:882),(cid:885)(cid:888),(cid:891)(cid:886),(cid:883)(cid:885)(cid:882),(cid:885)(cid:888),(cid:891)(cid:886),(cid:883)(cid:885)(cid:882),,,,,,,,,,,,,,,
(cid:884)(cid:883),(cid:14)(cid:4)(cid:15)(cid:12)(cid:16)(cid:4)(cid:17)(cid:23)(cid:4)(cid:17)(cid:3)(cid:23)(cid:8)(cid:17)(cid:10)(cid:4)(cid:11),(cid:882),(cid:883),(cid:883),(cid:883)(cid:888)(cid:882),(cid:884)(cid:890)(cid:887),(cid:886)(cid:886)(cid:887),(cid:883)(cid:888)(cid:882),(cid:884)(cid:890)(cid:888),(cid:886)(cid:886)(cid:888),(cid:882),(cid:882),(cid:882),(cid:885)(cid:884),(cid:883)(cid:882)(cid:886),(cid:883)(cid:885)(cid:888),(cid:885)(cid:884),(cid:883)(cid:882)(cid:886),(cid:883)(cid:885)(cid:888),,,,,,,,,,,,,,,
(cid:884)(cid:884),(cid:14)(cid:4)(cid:15)(cid:12)(cid:16)(cid:4)(cid:17)(cid:23)(cid:4)(cid:17)(cid:3)(cid:22)(cid:8)(cid:15)(cid:4)(cid:23)(cid:4)(cid:17),(cid:882),(cid:882),(cid:882),(cid:883)(cid:889)(cid:886),(cid:886)(cid:883)(cid:889),(cid:887)(cid:891)(cid:883),(cid:883)(cid:889)(cid:886),(cid:886)(cid:883)(cid:889),(cid:887)(cid:891)(cid:883),(cid:882),(cid:882),(cid:882),(cid:889)(cid:887),(cid:884)(cid:884)(cid:889),(cid:885)(cid:882)(cid:884),(cid:889)(cid:887),(cid:884)(cid:884)(cid:889),(cid:885)(cid:882)(cid:884),,,,,,,,,,,,,,,
(cid:884)(cid:885),(cid:14)(cid:4)(cid:15)(cid:12)(cid:16)(cid:4)(cid:17)(cid:23)(cid:4)(cid:17)(cid:3)(cid:23)(cid:12)(cid:16)(cid:24)(cid:21),(cid:882),(cid:882),(cid:882),(cid:883)(cid:889)(cid:891),(cid:886)(cid:884)(cid:889),(cid:888)(cid:882)(cid:888),(cid:883)(cid:889)(cid:891),(cid:886)(cid:884)(cid:889),(cid:888)(cid:882)(cid:888),(cid:882),(cid:882),(cid:882),(cid:886)(cid:887),(cid:883)(cid:891)(cid:891),(cid:884)(cid:886)(cid:886),(cid:886)(cid:887),(cid:883)(cid:891)(cid:891),(cid:884)(cid:886)(cid:886),,,,,,,,,,,,,,,
(cid:884)(cid:886),(cid:14)(cid:4)(cid:15)(cid:12)(cid:16)(cid:4)(cid:17)(cid:23)(cid:4)(cid:17)(cid:3)(cid:24)(cid:23)(cid:4)(cid:21)(cid:4),(cid:882),(cid:882),(cid:882),(cid:886)(cid:889),(cid:883)(cid:882)(cid:890),(cid:883)(cid:887)(cid:887),(cid:886)(cid:889),(cid:883)(cid:882)(cid:890),(cid:883)(cid:887)(cid:887),(cid:882),(cid:882),(cid:882),(cid:883)(cid:890),(cid:885)(cid:887),(cid:887)(cid:885),(cid:883)(cid:890),(cid:885)(cid:887),(cid:887)(cid:885),,,,,,,,,,,,,,,
(cid:884)(cid:887),(cid:22)(cid:24)(cid:15)(cid:4)(cid:26)(cid:8)(cid:22)(cid:12)(cid:3)(cid:24)(cid:23)(cid:4)(cid:21)(cid:4),(cid:882),(cid:883),(cid:883),(cid:883)(cid:888)(cid:891),(cid:887)(cid:882)(cid:884),(cid:888)(cid:889)(cid:883),(cid:883)(cid:888)(cid:891),(cid:887)(cid:882)(cid:885),(cid:888)(cid:889)(cid:884),(cid:882),(cid:882),(cid:882),(cid:885)(cid:890),(cid:883)(cid:883)(cid:884),(cid:883)(cid:887)(cid:882),(cid:885)(cid:890),(cid:883)(cid:883)(cid:884),(cid:883)(cid:887)(cid:882),,,,,,,,,,,,,,,
(cid:884)(cid:888),(cid:22)(cid:24)(cid:15)(cid:4)(cid:26)(cid:8)(cid:22)(cid:12)(cid:3)(cid:23)(cid:8)(cid:17)(cid:10)(cid:4)(cid:11),(cid:882),(cid:882),(cid:882),(cid:883)(cid:886)(cid:884),(cid:885)(cid:887)(cid:888),(cid:886)(cid:891)(cid:890),(cid:883)(cid:886)(cid:884),(cid:885)(cid:887)(cid:888),(cid:886)(cid:891)(cid:890),(cid:882),(cid:882),(cid:882),(cid:884)(cid:888),(cid:883)(cid:884)(cid:891),(cid:883)(cid:887)(cid:887),(cid:884)(cid:888),(cid:883)(cid:884)(cid:891),(cid:883)(cid:887)(cid:887),,,,,,,,,,,,,,,
(cid:884)(cid:889),(cid:22)(cid:24)(cid:15)(cid:4)(cid:26)(cid:8)(cid:22)(cid:12)(cid:3)(cid:22)(cid:8)(cid:15)(cid:4)(cid:23)(cid:4)(cid:17),(cid:882),(cid:885),(cid:885),(cid:884)(cid:885)(cid:887),(cid:891)(cid:884)(cid:886),(cid:883)(cid:484)(cid:883)(cid:887)(cid:891),(cid:884)(cid:885)(cid:887),(cid:891)(cid:884)(cid:889),(cid:883)(cid:484)(cid:883)(cid:888)(cid:884),(cid:882),(cid:882),(cid:882),(cid:890)(cid:889),(cid:887)(cid:887)(cid:883),(cid:888)(cid:885)(cid:890),(cid:890)(cid:889),(cid:887)(cid:887)(cid:883),(cid:888)(cid:885)(cid:890),,,,,,,,,,,,,,,
(cid:884)(cid:890),(cid:22)(cid:24)(cid:15)(cid:4)(cid:26)(cid:8)(cid:22)(cid:12)(cid:3)(cid:23)(cid:8)(cid:17)(cid:10)(cid:10)(cid:4)(cid:21)(cid:4),(cid:882),(cid:882),(cid:882),(cid:883)(cid:888)(cid:885),(cid:886)(cid:888)(cid:887),(cid:888)(cid:884)(cid:890),(cid:883)(cid:888)(cid:885),(cid:886)(cid:888)(cid:887),(cid:888)(cid:884)(cid:890),(cid:882),(cid:882),(cid:882),(cid:885)(cid:891),(cid:884)(cid:882)(cid:882),(cid:884)(cid:885)(cid:891),(cid:885)(cid:891),(cid:884)(cid:882)(cid:882),(cid:884)(cid:885)(cid:891),,,,,,,,,,,,,,,
(cid:884)(cid:891),(cid:10)(cid:18)(cid:21)(cid:18)(cid:17)(cid:23)(cid:4)(cid:15)(cid:18),(cid:882),(cid:882),(cid:882),(cid:886)(cid:889),(cid:883)(cid:883)(cid:889),(cid:883)(cid:888)(cid:886),(cid:886)(cid:889),(cid:883)(cid:883)(cid:889),(cid:883)(cid:888)(cid:886),(cid:882),(cid:882),(cid:882),(cid:883)(cid:883),(cid:887)(cid:884),(cid:888)(cid:885),(cid:883)(cid:883),(cid:887)(cid:884),(cid:888)(cid:885),,,,,,,,,,,,,,,
(cid:885)(cid:882),(cid:22)(cid:24)(cid:15)(cid:4)(cid:26)(cid:8)(cid:22)(cid:12)(cid:3)(cid:5)(cid:4)(cid:21)(cid:4)(cid:23),(cid:882),(cid:882),(cid:882),(cid:887)(cid:891),(cid:883)(cid:886)(cid:891),(cid:884)(cid:882)(cid:890),(cid:887)(cid:891),(cid:883)(cid:886)(cid:891),(cid:884)(cid:882)(cid:890),(cid:882),(cid:882),(cid:882),(cid:884)(cid:884),(cid:890)(cid:884),(cid:883)(cid:882)(cid:886),(cid:884)(cid:884),(cid:890)(cid:884),(cid:883)(cid:882)(cid:886),,,,,,,,,,,,,,,
(cid:885)(cid:883),(cid:16)(cid:4)(cid:15)(cid:24)(cid:14)(cid:24),(cid:882),(cid:882),(cid:882),(cid:889)(cid:890),(cid:884)(cid:887)(cid:891),(cid:885)(cid:885)(cid:889),(cid:889)(cid:890),(cid:884)(cid:887)(cid:891),(cid:885)(cid:885)(cid:889),(cid:882),(cid:882),(cid:882),(cid:883)(cid:884),(cid:887)(cid:885),(cid:888)(cid:887),(cid:883)(cid:884),(cid:887)(cid:885),(cid:888)(cid:887),,,,,,,,,,,,,,,
(cid:885)(cid:884),(cid:16)(cid:4)(cid:15)(cid:24)(cid:14)(cid:24)(cid:3)(cid:24)(cid:23)(cid:4)(cid:21)(cid:4),(cid:882),(cid:882),(cid:882),(cid:889)(cid:891),(cid:883)(cid:887)(cid:889),(cid:884)(cid:885)(cid:888),(cid:889)(cid:891),(cid:883)(cid:887)(cid:889),(cid:884)(cid:885)(cid:888),(cid:882),(cid:882),(cid:882),(cid:884)(cid:886),(cid:886)(cid:891),(cid:889)(cid:885),(cid:884)(cid:886),(cid:886)(cid:891),(cid:889)(cid:885),,,,,,,,,,,,,,,
(cid:885)(cid:885),(cid:19)(cid:4)(cid:19)(cid:24)(cid:4),(cid:882),(cid:883),(cid:883),(cid:886)(cid:890),(cid:883)(cid:887)(cid:884),(cid:884)(cid:882)(cid:882),(cid:886)(cid:890),(cid:883)(cid:887)(cid:885),(cid:884)(cid:882)(cid:883),(cid:882),(cid:882),(cid:882),(cid:887),(cid:884)(cid:891),(cid:885)(cid:886),(cid:887),(cid:884)(cid:891),(cid:885)(cid:886),,,,,,,,,,,,,,,
(cid:885)(cid:886),(cid:19)(cid:4)(cid:19)(cid:24)(cid:4)(cid:3)(cid:5)(cid:4)(cid:21)(cid:4)(cid:23),(cid:882),(cid:882),(cid:882),(cid:887)(cid:887),(cid:889)(cid:890),(cid:883)(cid:885)(cid:885),(cid:887)(cid:887),(cid:889)(cid:890),(cid:883)(cid:885)(cid:885),(cid:882),(cid:882),(cid:882),(cid:889),(cid:884)(cid:884),(cid:884)(cid:891),(cid:889),(cid:884)(cid:884),(cid:884)(cid:891),,,,,,,,,,,,,,,
(cid:885)(cid:887),(cid:19)(cid:4)(cid:19)(cid:24)(cid:4)(cid:3)(cid:22)(cid:8)(cid:15)(cid:4)(cid:23)(cid:4)(cid:17),(cid:882),(cid:882),(cid:882),(cid:884)(cid:886),(cid:889)(cid:891),(cid:883)(cid:882)(cid:885),(cid:884)(cid:886),(cid:889)(cid:891),(cid:883)(cid:882)(cid:885),(cid:882),(cid:882),(cid:882),(cid:883),(cid:883)(cid:882),(cid:883)(cid:883),(cid:883),(cid:883)(cid:882),(cid:883)(cid:883),,,,,,,,,,,,,,,
(cid:885)(cid:888),(cid:19)(cid:4)(cid:19)(cid:24)(cid:4)(cid:3)(cid:23)(cid:8)(cid:17)(cid:10)(cid:4)(cid:11),(cid:882),(cid:882),(cid:882),(cid:886)(cid:889),(cid:890)(cid:891),(cid:883)(cid:885)(cid:888),(cid:886)(cid:889),(cid:890)(cid:891),(cid:883)(cid:885)(cid:888),(cid:882),(cid:882),(cid:882),(cid:883),(cid:883)(cid:891),(cid:884)(cid:882),(cid:883),(cid:883)(cid:891),(cid:884)(cid:882),,,,,,,,,,,,,,,
(cid:885)(cid:889) (cid:19)(cid:4)(cid:19)(cid:24)(cid:4)(cid:3)(cid:19)(cid:8)(cid:10)(cid:24)(cid:17)(cid:24)(cid:17)(cid:10)(cid:4)(cid:17) Indonesia (cid:885)(cid:890) (cid:19)(cid:4)(cid:19)(cid:24)(cid:4)(cid:3)(cid:5)(cid:4)(cid:21)(cid:4)(cid:23)(cid:3)(cid:7)(cid:4)(cid:28)(cid:4),,(cid:882) 20 (cid:882),(cid:882) 62 (cid:882),(cid:882) 82 (cid:882),(cid:886)(cid:886) 8.571 (cid:885)(cid:883),(cid:887)(cid:884) 21.529 (cid:883)(cid:882)(cid:886),(cid:891)(cid:888) 30.100 (cid:883)(cid:885)(cid:887),(cid:886)(cid:886) 8.591 (cid:885)(cid:883),(cid:887)(cid:884) 21.591 (cid:883)(cid:882)(cid:886),(cid:891)(cid:888) 30.182 (cid:883)(cid:885)(cid:887),(cid:882) 2 (cid:882),(cid:882) 5 (cid:882),(cid:882) 7 (cid:882),(cid:885) 1.772 (cid:887),(cid:883)(cid:887) 8.667 (cid:884)(cid:886),(cid:883)(cid:890) 10.439 (cid:884)(cid:891),(cid:885) 1.774 (cid:887),(cid:883)(cid:887) 8.672 (cid:884)(cid:886),(cid:883)(cid:890) 10.446 (cid:884)(cid:891),,,,,,,,,,,,,,,
No,Provinsi,Dokter Spesialis,,,Dokter,,,Total,,,Dokter Gigi Spesialis,,,Dokter Gigi,,,Total,,,,,,,,,,,,,,,,,
,,L,P,L+P,L,P,L+P,L,P,L+P,L,P,L+P,L,P,L+P,L,P,L+P,,,,,,,,,,,,,,,
(1),(2),(3),(4),(5),(6),(7),(8),(9),(10),(11),(12),(13),(14),(15),(16),(17),(18),(19),(20),,,,,,,,,,,,,,,
(cid:883),(cid:4)(cid:6)(cid:8)(cid:11),(cid:888)(cid:884)(cid:883),(cid:887)(cid:890)(cid:890),(cid:883)(cid:484)(cid:884)(cid:882)(cid:891),(cid:887)(cid:889)(cid:882),(cid:883)(cid:484)(cid:882)(cid:890)(cid:883),(cid:883)(cid:484)(cid:888)(cid:887)(cid:883),(cid:883)(cid:484)(cid:883)(cid:891)(cid:883),(cid:883)(cid:484)(cid:888)(cid:888)(cid:891),(cid:884)(cid:484)(cid:890)(cid:888)(cid:882),(cid:883)(cid:882),(cid:886)(cid:884),(cid:887)(cid:884),(cid:886)(cid:890),(cid:883)(cid:884)(cid:890),(cid:883)(cid:889)(cid:888),(cid:887)(cid:890),(cid:883)(cid:889)(cid:882),(cid:884)(cid:884)(cid:890),,,,,,,,,,,,,,,
(cid:884),(cid:22)(cid:24)(cid:16)(cid:4)(cid:23)(cid:8)(cid:21)(cid:4)(cid:3)(cid:24)(cid:23)(cid:4)(cid:21)(cid:4),(cid:883)(cid:484)(cid:886)(cid:891)(cid:882),(cid:883)(cid:484)(cid:882)(cid:891)(cid:890),(cid:884)(cid:484)(cid:887)(cid:890)(cid:890),(cid:883)(cid:484)(cid:884)(cid:891)(cid:883),(cid:883)(cid:484)(cid:891)(cid:883)(cid:889),(cid:885)(cid:484)(cid:884)(cid:882)(cid:890),(cid:884)(cid:484)(cid:889)(cid:890)(cid:883),(cid:885)(cid:484)(cid:882)(cid:883)(cid:887),(cid:887)(cid:484)(cid:889)(cid:891)(cid:888),(cid:885)(cid:883),(cid:891)(cid:884),(cid:883)(cid:884)(cid:885),(cid:883)(cid:882)(cid:889),(cid:885)(cid:885)(cid:883),(cid:886)(cid:885)(cid:890),(cid:883)(cid:885)(cid:890),(cid:886)(cid:884)(cid:885),(cid:887)(cid:888)(cid:883),,,,,,,,,,,,,,,
(cid:885),(cid:22)(cid:24)(cid:16)(cid:4)(cid:23)(cid:8)(cid:21)(cid:4)(cid:3)(cid:5)(cid:4)(cid:21)(cid:4)(cid:23),(cid:887)(cid:889)(cid:882),(cid:887)(cid:890)(cid:889),(cid:883)(cid:484)(cid:883)(cid:887)(cid:889),(cid:886)(cid:882)(cid:890),(cid:883)(cid:484)(cid:882)(cid:883)(cid:890),(cid:883)(cid:484)(cid:886)(cid:884)(cid:888),(cid:891)(cid:889)(cid:890),(cid:883)(cid:484)(cid:888)(cid:882)(cid:887),(cid:884)(cid:484)(cid:887)(cid:890)(cid:885),(cid:883)(cid:884),(cid:885)(cid:887),(cid:886)(cid:889),(cid:885)(cid:891),(cid:883)(cid:891)(cid:884),(cid:884)(cid:885)(cid:883),(cid:887)(cid:883),(cid:884)(cid:884)(cid:889),(cid:884)(cid:889)(cid:890),,,,,,,,,,,,,,,
(cid:886),(cid:21)(cid:12)(cid:4)(cid:24),(cid:889)(cid:887)(cid:884),(cid:887)(cid:882)(cid:890),(cid:883)(cid:484)(cid:884)(cid:888)(cid:882),(cid:887)(cid:882)(cid:883),(cid:883)(cid:484)(cid:882)(cid:885)(cid:884),(cid:883)(cid:484)(cid:887)(cid:885)(cid:885),(cid:883)(cid:484)(cid:884)(cid:887)(cid:885),(cid:883)(cid:484)(cid:887)(cid:886)(cid:882),(cid:884)(cid:484)(cid:889)(cid:891)(cid:885),(cid:883)(cid:889),(cid:886)(cid:883),(cid:887)(cid:890),(cid:887)(cid:882),(cid:883)(cid:887)(cid:884),(cid:884)(cid:882)(cid:884),(cid:888)(cid:889),(cid:883)(cid:891)(cid:885),(cid:884)(cid:888)(cid:882),,,,,,,,,,,,,,,
(cid:887),(cid:13)(cid:4)(cid:16)(cid:5)(cid:12),(cid:884)(cid:887)(cid:888),(cid:884)(cid:882)(cid:891),(cid:886)(cid:888)(cid:887),(cid:884)(cid:884)(cid:883),(cid:886)(cid:889)(cid:890),(cid:888)(cid:891)(cid:891),(cid:886)(cid:889)(cid:889),(cid:888)(cid:890)(cid:889),(cid:883)(cid:484)(cid:883)(cid:888)(cid:886),(cid:883)(cid:882),(cid:883)(cid:887),(cid:884)(cid:887),(cid:883)(cid:889),(cid:887)(cid:886),(cid:889)(cid:883),(cid:884)(cid:889),(cid:888)(cid:891),(cid:891)(cid:888),,,,,,,,,,,,,,,
(cid:888),(cid:22)(cid:24)(cid:16)(cid:4)(cid:23)(cid:8)(cid:21)(cid:4)(cid:3)(cid:22)(cid:8)(cid:15)(cid:4)(cid:23)(cid:4)(cid:17),(cid:888)(cid:889)(cid:883),(cid:888)(cid:882)(cid:890),(cid:883)(cid:484)(cid:884)(cid:889)(cid:891),(cid:888)(cid:882)(cid:889),(cid:883)(cid:484)(cid:884)(cid:884)(cid:882),(cid:883)(cid:484)(cid:890)(cid:884)(cid:889),(cid:883)(cid:484)(cid:884)(cid:889)(cid:890),(cid:883)(cid:484)(cid:890)(cid:884)(cid:890),(cid:885)(cid:484)(cid:883)(cid:882)(cid:888),(cid:884)(cid:882),(cid:885)(cid:889),(cid:887)(cid:889),(cid:884)(cid:891),(cid:883)(cid:887)(cid:884),(cid:883)(cid:890)(cid:883),(cid:886)(cid:891),(cid:883)(cid:890)(cid:891),(cid:884)(cid:885)(cid:890),,,,,,,,,,,,,,,
(cid:889),(cid:5)(cid:8)(cid:17)(cid:10)(cid:14)(cid:24)(cid:15)(cid:24),(cid:883)(cid:886)(cid:884),(cid:883)(cid:884)(cid:885),(cid:884)(cid:888)(cid:887),(cid:883)(cid:882)(cid:891),(cid:884)(cid:888)(cid:889),(cid:885)(cid:889)(cid:888),(cid:884)(cid:887)(cid:883),(cid:885)(cid:891)(cid:882),(cid:888)(cid:886)(cid:883),(cid:885),(cid:891),(cid:883)(cid:884),(cid:889),(cid:886)(cid:887),(cid:887)(cid:884),(cid:883)(cid:882),(cid:887)(cid:886),(cid:888)(cid:886),,,,,,,,,,,,,,,
(cid:890),(cid:15)(cid:4)(cid:16)(cid:19)(cid:24)(cid:17)(cid:10),(cid:887)(cid:884)(cid:888),(cid:885)(cid:886)(cid:887),(cid:890)(cid:889)(cid:883),(cid:885)(cid:886)(cid:890),(cid:889)(cid:882)(cid:884),(cid:883)(cid:484)(cid:882)(cid:887)(cid:882),(cid:890)(cid:889)(cid:886),(cid:883)(cid:484)(cid:882)(cid:886)(cid:889),(cid:883)(cid:484)(cid:891)(cid:884)(cid:883),(cid:883)(cid:883),(cid:884)(cid:882),(cid:885)(cid:883),(cid:884)(cid:885),(cid:890)(cid:882),(cid:883)(cid:882)(cid:885),(cid:885)(cid:886),(cid:883)(cid:882)(cid:882),(cid:883)(cid:885)(cid:886),,,,,,,,,,,,,,,
(cid:891),(cid:14)(cid:8)(cid:19)(cid:24)(cid:15)(cid:4)(cid:24)(cid:4)(cid:17)(cid:3)(cid:5)(cid:4)(cid:17)(cid:10)(cid:14)(cid:4)(cid:3)(cid:5)(cid:8)(cid:15)(cid:12)(cid:23)(cid:24)(cid:17)(cid:10),(cid:883)(cid:886)(cid:887),(cid:883)(cid:883)(cid:885),(cid:884)(cid:887)(cid:890),(cid:883)(cid:883)(cid:891),(cid:884)(cid:883)(cid:889),(cid:885)(cid:885)(cid:888),(cid:884)(cid:888)(cid:886),(cid:885)(cid:885)(cid:882),(cid:887)(cid:891)(cid:886),(cid:890),(cid:883)(cid:890),(cid:884)(cid:888),(cid:883)(cid:882),(cid:884)(cid:887),(cid:885)(cid:887),(cid:883)(cid:890),(cid:886)(cid:885),(cid:888)(cid:883),,,,,,,,,,,,,,,
(cid:883)(cid:882),(cid:14)(cid:8)(cid:19)(cid:24)(cid:15)(cid:4)(cid:24)(cid:4)(cid:17)(cid:3)(cid:21)(cid:12)(cid:4)(cid:24),(cid:885)(cid:883)(cid:889),(cid:884)(cid:882)(cid:891),(cid:887)(cid:884)(cid:888),(cid:884)(cid:882)(cid:887),(cid:885)(cid:889)(cid:890),(cid:887)(cid:890)(cid:885),(cid:887)(cid:884)(cid:884),(cid:887)(cid:890)(cid:889),(cid:883)(cid:484)(cid:883)(cid:882)(cid:891),(cid:883)(cid:883),(cid:883)(cid:890),(cid:884)(cid:891),(cid:883)(cid:886),(cid:887)(cid:886),(cid:888)(cid:890),(cid:884)(cid:887),(cid:889)(cid:884),(cid:891)(cid:889),,,,,,,,,,,,,,,
(cid:883)(cid:883),(cid:7)(cid:14)(cid:12)(cid:3)(cid:13)(cid:4)(cid:14)(cid:4)(cid:21)(cid:23)(cid:4),(cid:886)(cid:484)(cid:882)(cid:884)(cid:884),(cid:885)(cid:484)(cid:888)(cid:888)(cid:882),(cid:889)(cid:484)(cid:888)(cid:890)(cid:884),(cid:883)(cid:484)(cid:887)(cid:883)(cid:888),(cid:884)(cid:484)(cid:891)(cid:884)(cid:885),(cid:886)(cid:484)(cid:886)(cid:885)(cid:891),(cid:887)(cid:484)(cid:887)(cid:885)(cid:890),(cid:888)(cid:484)(cid:887)(cid:890)(cid:885),(cid:883)(cid:884)(cid:484)(cid:883)(cid:884)(cid:883),(cid:884)(cid:887)(cid:886),(cid:887)(cid:889)(cid:882),(cid:890)(cid:884)(cid:886),(cid:884)(cid:882)(cid:883),(cid:889)(cid:889)(cid:888),(cid:891)(cid:889)(cid:889),(cid:886)(cid:887)(cid:887),(cid:883)(cid:484)(cid:885)(cid:886)(cid:888),(cid:883)(cid:484)(cid:890)(cid:882)(cid:883),,,,,,,,,,,,,,,
(cid:883)(cid:884),(cid:13)(cid:4)(cid:26)(cid:4)(cid:3)(cid:5)(cid:4)(cid:21)(cid:4)(cid:23),(cid:886)(cid:484)(cid:888)(cid:891)(cid:882),(cid:885)(cid:484)(cid:889)(cid:884)(cid:882),(cid:890)(cid:484)(cid:886)(cid:883)(cid:882),(cid:884)(cid:484)(cid:891)(cid:889)(cid:888),(cid:886)(cid:484)(cid:889)(cid:882)(cid:888),(cid:889)(cid:484)(cid:888)(cid:890)(cid:884),(cid:889)(cid:484)(cid:888)(cid:888)(cid:888),(cid:890)(cid:484)(cid:886)(cid:884)(cid:888),(cid:883)(cid:888)(cid:484)(cid:882)(cid:891)(cid:884),(cid:884)(cid:886)(cid:887),(cid:886)(cid:889)(cid:891),(cid:889)(cid:884)(cid:886),(cid:884)(cid:888)(cid:884),(cid:891)(cid:882)(cid:887),(cid:883)(cid:484)(cid:883)(cid:888)(cid:889),(cid:887)(cid:882)(cid:889),(cid:883)(cid:484)(cid:885)(cid:890)(cid:886),(cid:883)(cid:484)(cid:890)(cid:891)(cid:883),,,,,,,,,,,,,,,
(cid:883)(cid:885),(cid:13)(cid:4)(cid:26)(cid:4)(cid:3)(cid:23)(cid:8)(cid:17)(cid:10)(cid:4)(cid:11),(cid:885)(cid:484)(cid:882)(cid:886)(cid:889),(cid:884)(cid:484)(cid:883)(cid:888)(cid:889),(cid:887)(cid:484)(cid:884)(cid:883)(cid:886),(cid:883)(cid:484)(cid:891)(cid:884)(cid:883),(cid:884)(cid:484)(cid:891)(cid:889)(cid:890),(cid:886)(cid:484)(cid:890)(cid:891)(cid:891),(cid:886)(cid:484)(cid:891)(cid:888)(cid:890),(cid:887)(cid:484)(cid:883)(cid:886)(cid:887),(cid:883)(cid:882)(cid:484)(cid:883)(cid:883)(cid:885),(cid:883)(cid:883)(cid:885),(cid:884)(cid:882)(cid:891),(cid:885)(cid:884)(cid:884),(cid:883)(cid:890)(cid:886),(cid:888)(cid:883)(cid:886),(cid:889)(cid:891)(cid:890),(cid:884)(cid:891)(cid:889),(cid:890)(cid:884)(cid:885),(cid:883)(cid:484)(cid:883)(cid:884)(cid:882),,,,,,,,,,,,,,,
(cid:883)(cid:886),(cid:28)(cid:18)(cid:10)(cid:28)(cid:4)(cid:14)(cid:4)(cid:21)(cid:23)(cid:4),(cid:889)(cid:890)(cid:887),(cid:889)(cid:885)(cid:886),(cid:883)(cid:484)(cid:887)(cid:883)(cid:891),(cid:887)(cid:883)(cid:882),(cid:889)(cid:888)(cid:888),(cid:883)(cid:484)(cid:884)(cid:889)(cid:888),(cid:883)(cid:484)(cid:884)(cid:891)(cid:887),(cid:883)(cid:484)(cid:887)(cid:882)(cid:882),(cid:884)(cid:484)(cid:889)(cid:891)(cid:887),(cid:888)(cid:889),(cid:883)(cid:887)(cid:882),(cid:884)(cid:883)(cid:889),(cid:883)(cid:883)(cid:890),(cid:884)(cid:889)(cid:885),(cid:885)(cid:891)(cid:883),(cid:883)(cid:890)(cid:887),(cid:886)(cid:884)(cid:885),(cid:888)(cid:882)(cid:890),,,,,,,,,,,,,,,
(cid:883)(cid:887),(cid:13)(cid:4)(cid:26)(cid:4)(cid:3)(cid:23)(cid:12)(cid:16)(cid:24)(cid:21),(cid:885)(cid:484)(cid:888)(cid:888)(cid:883),(cid:884)(cid:484)(cid:889)(cid:886)(cid:890),(cid:888)(cid:484)(cid:886)(cid:882)(cid:891),(cid:884)(cid:484)(cid:887)(cid:889)(cid:889),(cid:885)(cid:484)(cid:888)(cid:891)(cid:888),(cid:888)(cid:484)(cid:884)(cid:889)(cid:885),(cid:888)(cid:484)(cid:884)(cid:885)(cid:890),(cid:888)(cid:484)(cid:886)(cid:886)(cid:886),(cid:883)(cid:884)(cid:484)(cid:888)(cid:890)(cid:884),(cid:884)(cid:884)(cid:886),(cid:886)(cid:884)(cid:888),(cid:888)(cid:887)(cid:882),(cid:884)(cid:890)(cid:889),(cid:891)(cid:885)(cid:888),(cid:883)(cid:484)(cid:884)(cid:884)(cid:885),(cid:887)(cid:883)(cid:883),(cid:883)(cid:484)(cid:885)(cid:888)(cid:884),(cid:883)(cid:484)(cid:890)(cid:889)(cid:885),,,,,,,,,,,,,,,
(cid:883)(cid:888),(cid:5)(cid:4)(cid:17)(cid:23)(cid:8)(cid:17),(cid:883)(cid:484)(cid:889)(cid:883)(cid:883),(cid:883)(cid:484)(cid:886)(cid:888)(cid:888),(cid:885)(cid:484)(cid:883)(cid:889)(cid:889),(cid:891)(cid:882)(cid:885),(cid:883)(cid:484)(cid:888)(cid:889)(cid:887),(cid:884)(cid:484)(cid:887)(cid:889)(cid:890),(cid:884)(cid:484)(cid:888)(cid:883)(cid:886),(cid:885)(cid:484)(cid:883)(cid:886)(cid:883),(cid:887)(cid:484)(cid:889)(cid:887)(cid:887),(cid:889)(cid:882),(cid:883)(cid:891)(cid:886),(cid:884)(cid:888)(cid:886),(cid:887)(cid:883),(cid:885)(cid:883)(cid:883),(cid:885)(cid:888)(cid:884),(cid:883)(cid:884)(cid:883),(cid:887)(cid:882)(cid:887),(cid:888)(cid:884)(cid:888),,,,,,,,,,,,,,,
(cid:883)(cid:889),(cid:5)(cid:4)(cid:15)(cid:12),(cid:883)(cid:484)(cid:883)(cid:886)(cid:888),(cid:889)(cid:888)(cid:889),(cid:883)(cid:484)(cid:891)(cid:883)(cid:885),(cid:883)(cid:484)(cid:883)(cid:887)(cid:886),(cid:883)(cid:484)(cid:885)(cid:886)(cid:883),(cid:884)(cid:484)(cid:886)(cid:891)(cid:887),(cid:884)(cid:484)(cid:885)(cid:882)(cid:882),(cid:884)(cid:484)(cid:883)(cid:882)(cid:890),(cid:886)(cid:484)(cid:886)(cid:882)(cid:890),(cid:885)(cid:883),(cid:886)(cid:885),(cid:889)(cid:886),(cid:888)(cid:890),(cid:883)(cid:891)(cid:885),(cid:884)(cid:888)(cid:883),(cid:891)(cid:891),(cid:884)(cid:885)(cid:888),(cid:885)(cid:885)(cid:887),,,,,,,,,,,,,,,
(cid:883)(cid:890),(cid:17)(cid:24)(cid:22)(cid:4)(cid:3)(cid:23)(cid:8)(cid:17)(cid:10)(cid:10)(cid:4)(cid:21)(cid:4)(cid:3)(cid:5)(cid:4)(cid:21)(cid:4)(cid:23),(cid:885)(cid:882)(cid:888),(cid:884)(cid:885)(cid:890),(cid:887)(cid:886)(cid:886),(cid:884)(cid:891)(cid:890),(cid:886)(cid:891)(cid:882),(cid:889)(cid:890)(cid:890),(cid:888)(cid:882)(cid:886),(cid:889)(cid:884)(cid:890),(cid:883)(cid:484)(cid:885)(cid:885)(cid:884),(cid:891),(cid:884)(cid:886),(cid:885)(cid:885),(cid:884)(cid:882),(cid:889)(cid:889),(cid:891)(cid:889),(cid:884)(cid:891),(cid:883)(cid:882)(cid:883),(cid:883)(cid:885)(cid:882),,,,,,,,,,,,,,,
(cid:883)(cid:891),(cid:17)(cid:24)(cid:22)(cid:4)(cid:3)(cid:23)(cid:8)(cid:17)(cid:10)(cid:10)(cid:4)(cid:21)(cid:4)(cid:3)(cid:23)(cid:12)(cid:16)(cid:24)(cid:21),(cid:884)(cid:887)(cid:882),(cid:884)(cid:886)(cid:883),(cid:886)(cid:891)(cid:883),(cid:884)(cid:887)(cid:885),(cid:886)(cid:886)(cid:887),(cid:888)(cid:891)(cid:890),(cid:887)(cid:882)(cid:885),(cid:888)(cid:890)(cid:888),(cid:883)(cid:484)(cid:883)(cid:890)(cid:891),(cid:886),(cid:883)(cid:887),(cid:883)(cid:891),(cid:883)(cid:884),(cid:887)(cid:886),(cid:888)(cid:888),(cid:883)(cid:888),(cid:888)(cid:891),(cid:890)(cid:887),,,,,,,,,,,,,,,
(cid:884)(cid:882),(cid:14)(cid:4)(cid:15)(cid:12)(cid:16)(cid:4)(cid:17)(cid:23)(cid:4)(cid:17)(cid:3)(cid:5)(cid:4)(cid:21)(cid:4)(cid:23),(cid:885)(cid:884)(cid:890),(cid:884)(cid:882)(cid:890),(cid:887)(cid:885)(cid:888),(cid:884)(cid:890)(cid:889),(cid:885)(cid:889)(cid:886),(cid:888)(cid:888)(cid:883),(cid:888)(cid:883)(cid:887),(cid:887)(cid:890)(cid:884),(cid:883)(cid:484)(cid:883)(cid:891)(cid:889),(cid:883)(cid:887),(cid:883)(cid:888),(cid:885)(cid:883),(cid:885)(cid:884),(cid:889)(cid:887),(cid:883)(cid:882)(cid:889),(cid:886)(cid:889),(cid:891)(cid:883),(cid:883)(cid:885)(cid:890),,,,,,,,,,,,,,,
(cid:884)(cid:883),(cid:14)(cid:4)(cid:15)(cid:12)(cid:16)(cid:4)(cid:17)(cid:23)(cid:4)(cid:17)(cid:3)(cid:23)(cid:8)(cid:17)(cid:10)(cid:4)(cid:11),(cid:884)(cid:884)(cid:884),(cid:883)(cid:888)(cid:888),(cid:885)(cid:890)(cid:890),(cid:883)(cid:890)(cid:886),(cid:885)(cid:884)(cid:889),(cid:887)(cid:883)(cid:883),(cid:886)(cid:882)(cid:888),(cid:886)(cid:891)(cid:885),(cid:890)(cid:891)(cid:891),(cid:883)(cid:883),(cid:884)(cid:882),(cid:885)(cid:883),(cid:884)(cid:882),(cid:886)(cid:888),(cid:888)(cid:888),(cid:885)(cid:883),(cid:888)(cid:888),(cid:891)(cid:889),,,,,,,,,,,,,,,
(cid:884)(cid:884),(cid:14)(cid:4)(cid:15)(cid:12)(cid:16)(cid:4)(cid:17)(cid:23)(cid:4)(cid:17)(cid:3)(cid:22)(cid:8)(cid:15)(cid:4)(cid:23)(cid:4)(cid:17),(cid:886)(cid:882)(cid:891),(cid:885)(cid:882)(cid:882),(cid:889)(cid:882)(cid:891),(cid:885)(cid:888)(cid:882),(cid:886)(cid:889)(cid:883),(cid:890)(cid:885)(cid:883),(cid:889)(cid:888)(cid:891),(cid:889)(cid:889)(cid:883),(cid:883)(cid:484)(cid:887)(cid:886)(cid:882),(cid:884)(cid:887),(cid:885)(cid:886),(cid:887)(cid:891),(cid:887)(cid:889),(cid:883)(cid:884)(cid:891),(cid:883)(cid:890)(cid:888),(cid:890)(cid:884),(cid:883)(cid:888)(cid:885),(cid:884)(cid:886)(cid:887),,,,,,,,,,,,,,,
(cid:884)(cid:885),(cid:14)(cid:4)(cid:15)(cid:12)(cid:16)(cid:4)(cid:17)(cid:23)(cid:4)(cid:17)(cid:3)(cid:23)(cid:12)(cid:16)(cid:24)(cid:21),(cid:886)(cid:891)(cid:891),(cid:886)(cid:883)(cid:889),(cid:891)(cid:883)(cid:888),(cid:885)(cid:889)(cid:885),(cid:888)(cid:891)(cid:886),(cid:883)(cid:484)(cid:882)(cid:888)(cid:889),(cid:890)(cid:889)(cid:884),(cid:883)(cid:484)(cid:883)(cid:883)(cid:883),(cid:883)(cid:484)(cid:891)(cid:890)(cid:885),(cid:884)(cid:886),(cid:887)(cid:882),(cid:889)(cid:886),(cid:885)(cid:887),(cid:883)(cid:882)(cid:882),(cid:883)(cid:885)(cid:887),(cid:887)(cid:891),(cid:883)(cid:887)(cid:882),(cid:884)(cid:882)(cid:891),,,,,,,,,,,,,,,
(cid:884)(cid:886),(cid:14)(cid:4)(cid:15)(cid:12)(cid:16)(cid:4)(cid:17)(cid:23)(cid:4)(cid:17)(cid:3)(cid:24)(cid:23)(cid:4)(cid:21)(cid:4),(cid:891)(cid:882),(cid:888)(cid:888),(cid:883)(cid:887)(cid:888),(cid:891)(cid:889),(cid:883)(cid:885)(cid:883),(cid:884)(cid:884)(cid:890),(cid:883)(cid:890)(cid:889),(cid:883)(cid:891)(cid:889),(cid:885)(cid:890)(cid:886),(cid:889),(cid:883)(cid:886),(cid:884)(cid:883),(cid:889),(cid:883)(cid:888),(cid:884)(cid:885),(cid:883)(cid:886),(cid:885)(cid:882),(cid:886)(cid:886),,,,,,,,,,,,,,,
(cid:884)(cid:887),(cid:22)(cid:24)(cid:15)(cid:4)(cid:26)(cid:8)(cid:22)(cid:12)(cid:3)(cid:24)(cid:23)(cid:4)(cid:21)(cid:4),(cid:885)(cid:888)(cid:889),(cid:885)(cid:888)(cid:882),(cid:889)(cid:884)(cid:889),(cid:888)(cid:891)(cid:887),(cid:890)(cid:885)(cid:884),(cid:883)(cid:484)(cid:887)(cid:884)(cid:889),(cid:883)(cid:484)(cid:882)(cid:888)(cid:884),(cid:883)(cid:484)(cid:883)(cid:891)(cid:884),(cid:884)(cid:484)(cid:884)(cid:887)(cid:886),(cid:887),(cid:883)(cid:885),(cid:883)(cid:890),(cid:885)(cid:886),(cid:883)(cid:883)(cid:883),(cid:883)(cid:886)(cid:887),(cid:885)(cid:891),(cid:883)(cid:884)(cid:886),(cid:883)(cid:888)(cid:885),,,,,,,,,,,,,,,
(cid:884)(cid:888),(cid:22)(cid:24)(cid:15)(cid:4)(cid:26)(cid:8)(cid:22)(cid:12)(cid:3)(cid:23)(cid:8)(cid:17)(cid:10)(cid:4)(cid:11),(cid:883)(cid:888)(cid:891),(cid:883)(cid:891)(cid:882),(cid:885)(cid:887)(cid:891),(cid:884)(cid:882)(cid:883),(cid:885)(cid:886)(cid:887),(cid:887)(cid:886)(cid:888),(cid:885)(cid:889)(cid:882),(cid:887)(cid:885)(cid:887),(cid:891)(cid:882)(cid:887),(cid:884),(cid:883)(cid:888),(cid:883)(cid:890),(cid:883)(cid:887),(cid:886)(cid:886),(cid:887)(cid:891),(cid:883)(cid:889),(cid:888)(cid:882),(cid:889)(cid:889),,,,,,,,,,,,,,,
(cid:884)(cid:889),(cid:22)(cid:24)(cid:15)(cid:4)(cid:26)(cid:8)(cid:22)(cid:12)(cid:3)(cid:22)(cid:8)(cid:15)(cid:4)(cid:23)(cid:4)(cid:17),(cid:890)(cid:887)(cid:888),(cid:883)(cid:484)(cid:882)(cid:891)(cid:887),(cid:883)(cid:484)(cid:891)(cid:887)(cid:883),(cid:889)(cid:891)(cid:888),(cid:883)(cid:484)(cid:887)(cid:882)(cid:885),(cid:884)(cid:484)(cid:884)(cid:891)(cid:891),(cid:883)(cid:484)(cid:888)(cid:887)(cid:884),(cid:884)(cid:484)(cid:887)(cid:891)(cid:890),(cid:886)(cid:484)(cid:884)(cid:887)(cid:882),(cid:888)(cid:884),(cid:883)(cid:885)(cid:889),(cid:883)(cid:891)(cid:891),(cid:883)(cid:883)(cid:888),(cid:885)(cid:887)(cid:888),(cid:886)(cid:889)(cid:884),(cid:883)(cid:889)(cid:890),(cid:886)(cid:891)(cid:885),(cid:888)(cid:889)(cid:883),,,,,,,,,,,,,,,
(cid:884)(cid:890),(cid:22)(cid:24)(cid:15)(cid:4)(cid:26)(cid:8)(cid:22)(cid:12)(cid:3)(cid:23)(cid:8)(cid:17)(cid:10)(cid:10)(cid:4)(cid:21)(cid:4),(cid:883)(cid:888)(cid:886),(cid:883)(cid:888)(cid:889),(cid:885)(cid:885)(cid:883),(cid:883)(cid:891)(cid:890),(cid:885)(cid:887)(cid:888),(cid:887)(cid:887)(cid:886),(cid:885)(cid:888)(cid:884),(cid:887)(cid:884)(cid:885),(cid:890)(cid:890)(cid:887),(cid:883)(cid:884),(cid:884)(cid:884),(cid:885)(cid:886),(cid:884)(cid:888),(cid:890)(cid:883),(cid:883)(cid:882)(cid:889),(cid:885)(cid:890),(cid:883)(cid:882)(cid:885),(cid:883)(cid:886)(cid:883),,,,,,,,,,,,,,,
(cid:884)(cid:891),(cid:10)(cid:18)(cid:21)(cid:18)(cid:17)(cid:23)(cid:4)(cid:15)(cid:18),(cid:883)(cid:882)(cid:886),(cid:891)(cid:888),(cid:884)(cid:882)(cid:882),(cid:890)(cid:891),(cid:883)(cid:886)(cid:885),(cid:884)(cid:885)(cid:884),(cid:883)(cid:891)(cid:885),(cid:884)(cid:885)(cid:891),(cid:886)(cid:885)(cid:884),(cid:884),(cid:886),(cid:888),(cid:886),(cid:883)(cid:888),(cid:884)(cid:882),(cid:888),(cid:884)(cid:882),(cid:884)(cid:888),,,,,,,,,,,,,,,
(cid:885)(cid:882),(cid:22)(cid:24)(cid:15)(cid:4)(cid:26)(cid:8)(cid:22)(cid:12)(cid:3)(cid:5)(cid:4)(cid:21)(cid:4)(cid:23),(cid:888)(cid:884),(cid:890)(cid:887),(cid:883)(cid:886)(cid:889),(cid:885)(cid:891),(cid:890)(cid:891),(cid:883)(cid:884)(cid:890),(cid:883)(cid:882)(cid:883),(cid:883)(cid:889)(cid:886),(cid:884)(cid:889)(cid:887),(cid:885),(cid:883)(cid:886),(cid:883)(cid:889),(cid:889),(cid:884)(cid:882),(cid:884)(cid:889),(cid:883)(cid:882),(cid:885)(cid:886),(cid:886)(cid:886),,,,,,,,,,,,,,,
(cid:885)(cid:883),(cid:16)(cid:4)(cid:15)(cid:24)(cid:14)(cid:24),(cid:891)(cid:883),(cid:883)(cid:884)(cid:885),(cid:884)(cid:883)(cid:886),(cid:883)(cid:882)(cid:882),(cid:884)(cid:886)(cid:889),(cid:885)(cid:886)(cid:889),(cid:883)(cid:891)(cid:883),(cid:885)(cid:889)(cid:882),(cid:887)(cid:888)(cid:883),(cid:885),(cid:883)(cid:883),(cid:883)(cid:886),(cid:891),(cid:884)(cid:888),(cid:885)(cid:887),(cid:883)(cid:884),(cid:885)(cid:889),(cid:886)(cid:891),,,,,,,,,,,,,,,
(cid:885)(cid:884),(cid:16)(cid:4)(cid:15)(cid:24)(cid:14)(cid:24)(cid:3)(cid:24)(cid:23)(cid:4)(cid:21)(cid:4),(cid:889)(cid:891),(cid:889)(cid:888),(cid:883)(cid:887)(cid:887),(cid:889)(cid:886),(cid:883)(cid:885)(cid:886),(cid:884)(cid:882)(cid:890),(cid:883)(cid:887)(cid:885),(cid:884)(cid:883)(cid:882),(cid:885)(cid:888)(cid:885),(cid:888),(cid:887),(cid:883)(cid:883),(cid:883)(cid:882),(cid:884)(cid:884),(cid:885)(cid:884),(cid:883)(cid:888),(cid:884)(cid:889),(cid:886)(cid:885),,,,,,,,,,,,,,,
(cid:885)(cid:885),(cid:19)(cid:4)(cid:19)(cid:24)(cid:4),(cid:883)(cid:882)(cid:888),(cid:883)(cid:883)(cid:885),(cid:884)(cid:883)(cid:891),(cid:883)(cid:883)(cid:891),(cid:884)(cid:883)(cid:890),(cid:885)(cid:885)(cid:889),(cid:884)(cid:884)(cid:887),(cid:885)(cid:885)(cid:883),(cid:887)(cid:887)(cid:888),(cid:884),(cid:890),(cid:883)(cid:882),(cid:891),(cid:883)(cid:891),(cid:884)(cid:890),(cid:883)(cid:883),(cid:884)(cid:889),(cid:885)(cid:890),,,,,,,,,,,,,,,
(cid:885)(cid:886),(cid:19)(cid:4)(cid:19)(cid:24)(cid:4)(cid:3)(cid:5)(cid:4)(cid:21)(cid:4)(cid:23),(cid:886)(cid:890),(cid:885)(cid:889),(cid:890)(cid:887),(cid:887)(cid:885),(cid:891)(cid:889),(cid:883)(cid:887)(cid:882),(cid:883)(cid:882)(cid:883),(cid:883)(cid:885)(cid:886),(cid:884)(cid:885)(cid:887),(cid:882),(cid:886),(cid:886),(cid:889),(cid:883)(cid:882),(cid:883)(cid:889),(cid:889),(cid:883)(cid:886),(cid:884)(cid:883),,,,,,,,,,,,,,,
(cid:885)(cid:887),(cid:19)(cid:4)(cid:19)(cid:24)(cid:4)(cid:3)(cid:22)(cid:8)(cid:15)(cid:4)(cid:23)(cid:4)(cid:17),(cid:885)(cid:885),(cid:885)(cid:882),(cid:888)(cid:885),(cid:886)(cid:887),(cid:888)(cid:889),(cid:883)(cid:883)(cid:884),(cid:889)(cid:890),(cid:891)(cid:889),(cid:883)(cid:889)(cid:887),(cid:882),(cid:885),(cid:885),(cid:888),(cid:888),(cid:883)(cid:884),(cid:888),(cid:891),(cid:883)(cid:887),,,,,,,,,,,,,,,
(cid:885)(cid:888),(cid:19)(cid:4)(cid:19)(cid:24)(cid:4)(cid:3)(cid:23)(cid:8)(cid:17)(cid:10)(cid:4)(cid:11),(cid:887)(cid:884),(cid:886)(cid:883),(cid:891)(cid:885),(cid:887)(cid:887),(cid:889)(cid:882),(cid:883)(cid:884)(cid:887),(cid:883)(cid:882)(cid:889),(cid:883)(cid:883)(cid:883),(cid:884)(cid:883)(cid:890),(cid:883),(cid:885),(cid:886),(cid:886),(cid:890),(cid:883)(cid:884),(cid:887),(cid:883)(cid:883),(cid:883)(cid:888),,,,,,,,,,,,,,,
(cid:885)(cid:889) (cid:19)(cid:4)(cid:19)(cid:24)(cid:4)(cid:3)(cid:19)(cid:8)(cid:10)(cid:24)(cid:17)(cid:24)(cid:17)(cid:10)(cid:4)(cid:17) Indonesia (cid:885)(cid:890) (cid:19)(cid:4)(cid:19)(cid:24)(cid:4)(cid:3)(cid:5)(cid:4)(cid:21)(cid:4)(cid:23)(cid:3)(cid:7)(cid:4)(cid:28)(cid:4),,(cid:884)(cid:886) 28.870 (cid:887)(cid:891),(cid:884)(cid:884) 23.755 (cid:885)(cid:886),(cid:886)(cid:888) 52.625 (cid:891)(cid:885),(cid:885)(cid:886) 20.333 (cid:886)(cid:889),(cid:887)(cid:883) 33.572 (cid:891)(cid:885),(cid:890)(cid:887) 53.905 (cid:883)(cid:886)(cid:882),(cid:887)(cid:890) 49.203 (cid:883)(cid:882)(cid:888),(cid:889)(cid:885) 57.327 (cid:883)(cid:884)(cid:889),(cid:883)(cid:885)(cid:883) 106.530 (cid:884)(cid:885)(cid:885),(cid:882) 1.330 (cid:882),(cid:882) 2.814 (cid:885),(cid:882) 4.144 (cid:885),(cid:885) 1.958 (cid:883)(cid:882),(cid:883)(cid:882) 6.459 (cid:883)(cid:884),(cid:883)(cid:885) 8.417 (cid:884)(cid:884),(cid:885) 3.288 (cid:883)(cid:882),(cid:883)(cid:882) 9.273 (cid:883)(cid:887),(cid:883)(cid:885) 12.561 (cid:884)(cid:887),,,,,,,,,,,,,,,
No,Provinsi,Dokter Spesialis Dasar,,,,Dokter Spesialis Penunjang,,,,,Spesialis Lain,Dokter Gigi Spesialis,Total,,,,,,,,,,,,,,,,,,,,,
,,Spesialis Penyakit Dalam,Spesialis Obstetri dan Ginekologi,Spesialis Anak,Spesialis Bedah,Spesialis Radiologi,Spesialis Anestesi,Spesialis Patologi Klinik,Spesialis Patologi Anatomi,Spesialis Rehabilitasi Medik,,,,,,,,,,,,,,,,,,,,,,,,
(1),(2),(3),(4),(5),(6),(7),(8),(9),(10),(11),(12),(13),(14),,,,,,,,,,,,,,,,,,,,,
(cid:883),(cid:4)(cid:6)(cid:8)(cid:11),(cid:883)(cid:888)(cid:884),(cid:883)(cid:883)(cid:888),(cid:883)(cid:883)(cid:888),(cid:890)(cid:889),(cid:885)(cid:884),(cid:891)(cid:888),(cid:886)(cid:888),(cid:883)(cid:890),(cid:887),(cid:885)(cid:884)(cid:484)(cid:886)(cid:883)(cid:888),(cid:887)(cid:884),(cid:885)(cid:885)(cid:484)(cid:883)(cid:886)(cid:888),,,,,,,,,,,,,,,,,,,,,
(cid:884),(cid:22)(cid:24)(cid:16)(cid:4)(cid:23)(cid:8)(cid:21)(cid:4)(cid:3)(cid:24)(cid:23)(cid:4)(cid:21)(cid:4),(cid:885)(cid:882)(cid:891),(cid:884)(cid:891)(cid:885),(cid:884)(cid:890)(cid:890),(cid:883)(cid:890)(cid:886),(cid:889)(cid:882),(cid:883)(cid:889)(cid:882),(cid:883)(cid:885)(cid:883),(cid:888)(cid:889),(cid:884),(cid:886)(cid:886)(cid:484)(cid:891)(cid:883)(cid:884),(cid:883)(cid:884)(cid:885),(cid:886)(cid:888)(cid:484)(cid:887)(cid:886)(cid:891),,,,,,,,,,,,,,,,,,,,,
(cid:885),(cid:22)(cid:24)(cid:16)(cid:4)(cid:23)(cid:8)(cid:21)(cid:4)(cid:3)(cid:5)(cid:4)(cid:21)(cid:4)(cid:23),(cid:883)(cid:884)(cid:884),(cid:883)(cid:884)(cid:888),(cid:883)(cid:882)(cid:891),(cid:889)(cid:890),(cid:885)(cid:882),(cid:889)(cid:884),(cid:888)(cid:885),(cid:885)(cid:887),(cid:887),(cid:884)(cid:884)(cid:484)(cid:890)(cid:889)(cid:883),(cid:886)(cid:889),(cid:884)(cid:885)(cid:484)(cid:887)(cid:887)(cid:890),,,,,,,,,,,,,,,,,,,,,
(cid:886),(cid:21)(cid:12)(cid:4)(cid:24),(cid:883)(cid:885)(cid:890),(cid:883)(cid:887)(cid:882),(cid:883)(cid:884)(cid:888),(cid:883)(cid:882)(cid:887),(cid:886)(cid:891),(cid:890)(cid:884),(cid:886)(cid:888),(cid:884)(cid:888),(cid:887),(cid:884)(cid:886)(cid:484)(cid:884)(cid:889)(cid:889),(cid:887)(cid:890),(cid:884)(cid:887)(cid:484)(cid:882)(cid:888)(cid:884),,,,,,,,,,,,,,,,,,,,,
(cid:887),(cid:13)(cid:4)(cid:16)(cid:5)(cid:12),(cid:888)(cid:883),(cid:887)(cid:890),(cid:885)(cid:891),(cid:885)(cid:887),(cid:884)(cid:883),(cid:885)(cid:886),(cid:884)(cid:886),(cid:883)(cid:883),(cid:884),(cid:883)(cid:885)(cid:484)(cid:883)(cid:890)(cid:891),(cid:884)(cid:887),(cid:883)(cid:885)(cid:484)(cid:886)(cid:891)(cid:891),,,,,,,,,,,,,,,,,,,,,
(cid:888),(cid:22)(cid:24)(cid:16)(cid:4)(cid:23)(cid:8)(cid:21)(cid:4)(cid:3)(cid:22)(cid:8)(cid:15)(cid:4)(cid:23)(cid:4)(cid:17),(cid:883)(cid:888)(cid:889),(cid:883)(cid:888)(cid:889),(cid:883)(cid:883)(cid:891),(cid:890)(cid:890),(cid:886)(cid:882),(cid:889)(cid:882),(cid:886)(cid:882),(cid:886)(cid:882),(cid:885),(cid:884)(cid:891)(cid:484)(cid:882)(cid:888)(cid:891),(cid:887)(cid:889),(cid:884)(cid:891)(cid:484)(cid:890)(cid:888)(cid:882),,,,,,,,,,,,,,,,,,,,,
(cid:889),(cid:5)(cid:8)(cid:17)(cid:10)(cid:14)(cid:24)(cid:15)(cid:24),(cid:884)(cid:889),(cid:885)(cid:884),(cid:884)(cid:887),(cid:884)(cid:886),(cid:883)(cid:886),(cid:883)(cid:890),(cid:883)(cid:888),(cid:888),(cid:883),(cid:889)(cid:484)(cid:891)(cid:890)(cid:882),(cid:883)(cid:884),(cid:890)(cid:484)(cid:883)(cid:887)(cid:887),,,,,,,,,,,,,,,,,,,,,
(cid:890),(cid:15)(cid:4)(cid:16)(cid:19)(cid:24)(cid:17)(cid:10),(cid:891)(cid:885),(cid:883)(cid:883)(cid:888),(cid:890)(cid:883),(cid:888)(cid:891),(cid:886)(cid:887),(cid:887)(cid:888),(cid:886)(cid:884),(cid:883)(cid:888),(cid:885),(cid:884)(cid:883)(cid:484)(cid:888)(cid:885)(cid:883),(cid:885)(cid:883),(cid:884)(cid:884)(cid:484)(cid:883)(cid:890)(cid:885),,,,,,,,,,,,,,,,,,,,,
(cid:891),(cid:14)(cid:8)(cid:19)(cid:24)(cid:15)(cid:4)(cid:24)(cid:4)(cid:17)(cid:3)(cid:5)(cid:4)(cid:17)(cid:10)(cid:14)(cid:4)(cid:3)(cid:5)(cid:8)(cid:15)(cid:12)(cid:23)(cid:24)(cid:17)(cid:10),(cid:884)(cid:887),(cid:885)(cid:883),(cid:884)(cid:889),(cid:884)(cid:885),(cid:883)(cid:885),(cid:883)(cid:887),(cid:883)(cid:888),(cid:888),(cid:883),(cid:888)(cid:484)(cid:891)(cid:883)(cid:885),(cid:884)(cid:888),(cid:889)(cid:484)(cid:882)(cid:891)(cid:888),,,,,,,,,,,,,,,,,,,,,
(cid:883)(cid:882),(cid:14)(cid:8)(cid:19)(cid:24)(cid:15)(cid:4)(cid:24)(cid:4)(cid:17)(cid:3)(cid:21)(cid:12)(cid:4)(cid:24),(cid:887)(cid:887),(cid:887)(cid:887),(cid:888)(cid:882),(cid:886)(cid:890),(cid:884)(cid:886),(cid:886)(cid:885),(cid:884)(cid:886),(cid:883)(cid:883),(cid:884),(cid:883)(cid:882)(cid:484)(cid:882)(cid:889)(cid:889),(cid:884)(cid:891),(cid:883)(cid:882)(cid:484)(cid:886)(cid:884)(cid:890),,,,,,,,,,,,,,,,,,,,,
(cid:883)(cid:883),(cid:7)(cid:14)(cid:12)(cid:3)(cid:13)(cid:4)(cid:14)(cid:4)(cid:21)(cid:23)(cid:4),(cid:889)(cid:884)(cid:885),(cid:888)(cid:889)(cid:883),(cid:889)(cid:884)(cid:888),(cid:885)(cid:884)(cid:885),(cid:885)(cid:884)(cid:884),(cid:887)(cid:882)(cid:888),(cid:884)(cid:883)(cid:882),(cid:883)(cid:884)(cid:887),(cid:885)(cid:884),(cid:891)(cid:883)(cid:484)(cid:890)(cid:886)(cid:882),(cid:890)(cid:884)(cid:886),(cid:891)(cid:888)(cid:484)(cid:885)(cid:882)(cid:884),,,,,,,,,,,,,,,,,,,,,
(cid:883)(cid:884),(cid:13)(cid:4)(cid:26)(cid:4)(cid:3)(cid:5)(cid:4)(cid:21)(cid:4)(cid:23),(cid:890)(cid:887)(cid:882),(cid:891)(cid:882)(cid:885),(cid:890)(cid:889)(cid:891),(cid:887)(cid:884)(cid:888),(cid:885)(cid:891)(cid:889),(cid:888)(cid:883)(cid:886),(cid:885)(cid:882)(cid:885),(cid:883)(cid:883)(cid:888),(cid:887)(cid:883),(cid:883)(cid:886)(cid:890)(cid:484)(cid:888)(cid:886)(cid:888),(cid:889)(cid:884)(cid:886),(cid:883)(cid:887)(cid:886)(cid:484)(cid:882)(cid:882)(cid:891),,,,,,,,,,,,,,,,,,,,,
(cid:883)(cid:885),(cid:13)(cid:4)(cid:26)(cid:4)(cid:3)(cid:23)(cid:8)(cid:17)(cid:10)(cid:4)(cid:11),(cid:888)(cid:882)(cid:891),(cid:887)(cid:884)(cid:887),(cid:886)(cid:891)(cid:888),(cid:885)(cid:887)(cid:886),(cid:884)(cid:886)(cid:890),(cid:886)(cid:882)(cid:883),(cid:883)(cid:891)(cid:882),(cid:888)(cid:889),(cid:884)(cid:890),(cid:883)(cid:884)(cid:890)(cid:484)(cid:887)(cid:885)(cid:885),(cid:885)(cid:884)(cid:884),(cid:883)(cid:885)(cid:883)(cid:484)(cid:889)(cid:889)(cid:885),,,,,,,,,,,,,,,,,,,,,
(cid:883)(cid:886),(cid:28)(cid:18)(cid:10)(cid:28)(cid:4)(cid:14)(cid:4)(cid:21)(cid:23)(cid:4),(cid:883)(cid:887)(cid:883),(cid:883)(cid:882)(cid:891),(cid:883)(cid:884)(cid:891),(cid:891)(cid:890),(cid:888)(cid:888),(cid:891)(cid:884),(cid:888)(cid:884),(cid:884)(cid:884),(cid:884),(cid:884)(cid:886)(cid:484)(cid:884)(cid:891)(cid:883),(cid:884)(cid:883)(cid:889),(cid:884)(cid:887)(cid:484)(cid:884)(cid:885)(cid:891),,,,,,,,,,,,,,,,,,,,,
(cid:883)(cid:887),(cid:13)(cid:4)(cid:26)(cid:4)(cid:3)(cid:23)(cid:12)(cid:16)(cid:24)(cid:21),(cid:888)(cid:889)(cid:887),(cid:888)(cid:885)(cid:886),(cid:887)(cid:889)(cid:888),(cid:885)(cid:890)(cid:889),(cid:884)(cid:891)(cid:883),(cid:886)(cid:887)(cid:882),(cid:884)(cid:886)(cid:891),(cid:883)(cid:884)(cid:882),(cid:884)(cid:885),(cid:883)(cid:885)(cid:883)(cid:484)(cid:887)(cid:887)(cid:891),(cid:888)(cid:887)(cid:882),(cid:883)(cid:885)(cid:887)(cid:484)(cid:888)(cid:883)(cid:886),,,,,,,,,,,,,,,,,,,,,
(cid:883)(cid:888),(cid:5)(cid:4)(cid:17)(cid:23)(cid:8)(cid:17),(cid:885)(cid:882)(cid:883),(cid:885)(cid:889)(cid:887),(cid:885)(cid:886)(cid:887),(cid:883)(cid:889)(cid:888),(cid:883)(cid:886)(cid:889),(cid:884)(cid:883)(cid:891),(cid:891)(cid:888),(cid:885)(cid:888),(cid:883)(cid:885),(cid:885)(cid:891)(cid:484)(cid:889)(cid:891)(cid:886),(cid:884)(cid:888)(cid:886),(cid:886)(cid:883)(cid:484)(cid:889)(cid:888)(cid:888),,,,,,,,,,,,,,,,,,,,,
(cid:883)(cid:889),(cid:5)(cid:4)(cid:15)(cid:12),(cid:883)(cid:891)(cid:886),(cid:884)(cid:882)(cid:888),(cid:883)(cid:890)(cid:888),(cid:883)(cid:885)(cid:890),(cid:888)(cid:886),(cid:883)(cid:885)(cid:885),(cid:886)(cid:888),(cid:885)(cid:886),(cid:886),(cid:884)(cid:891)(cid:484)(cid:883)(cid:887)(cid:884),(cid:889)(cid:886),(cid:885)(cid:882)(cid:484)(cid:884)(cid:885)(cid:883),,,,,,,,,,,,,,,,,,,,,
(cid:883)(cid:890),(cid:17)(cid:24)(cid:22)(cid:4)(cid:3)(cid:23)(cid:8)(cid:17)(cid:10)(cid:10)(cid:4)(cid:21)(cid:4)(cid:3)(cid:5)(cid:4)(cid:21)(cid:4)(cid:23),(cid:887)(cid:888),(cid:887)(cid:890),(cid:887)(cid:884),(cid:886)(cid:883),(cid:884)(cid:891),(cid:885)(cid:890),(cid:884)(cid:889),(cid:883)(cid:884),(cid:883),(cid:883)(cid:889)(cid:484)(cid:889)(cid:886)(cid:889),(cid:885)(cid:885),(cid:883)(cid:890)(cid:484)(cid:882)(cid:891)(cid:886),,,,,,,,,,,,,,,,,,,,,
(cid:883)(cid:891),(cid:17)(cid:24)(cid:22)(cid:4)(cid:3)(cid:23)(cid:8)(cid:17)(cid:10)(cid:10)(cid:4)(cid:21)(cid:4)(cid:3)(cid:23)(cid:12)(cid:16)(cid:24)(cid:21),(cid:889)(cid:883),(cid:888)(cid:888),(cid:887)(cid:885),(cid:886)(cid:889),(cid:884)(cid:890),(cid:886)(cid:888),(cid:884)(cid:888),(cid:883)(cid:882),(cid:886),(cid:883)(cid:888)(cid:484)(cid:891)(cid:883)(cid:890),(cid:883)(cid:891),(cid:883)(cid:889)(cid:484)(cid:884)(cid:890)(cid:890),,,,,,,,,,,,,,,,,,,,,
(cid:884)(cid:882),(cid:14)(cid:4)(cid:15)(cid:12)(cid:16)(cid:4)(cid:17)(cid:23)(cid:4)(cid:17)(cid:3)(cid:5)(cid:4)(cid:21)(cid:4)(cid:23),(cid:888)(cid:885),(cid:888)(cid:882),(cid:887)(cid:888),(cid:887)(cid:882),(cid:884)(cid:889),(cid:886)(cid:884),(cid:884)(cid:883),(cid:883)(cid:882),(cid:885),(cid:883)(cid:887)(cid:484)(cid:884)(cid:885)(cid:889),(cid:885)(cid:883),(cid:883)(cid:887)(cid:484)(cid:888)(cid:882)(cid:882),,,,,,,,,,,,,,,,,,,,,
(cid:884)(cid:883),(cid:14)(cid:4)(cid:15)(cid:12)(cid:16)(cid:4)(cid:17)(cid:23)(cid:4)(cid:17)(cid:3)(cid:23)(cid:8)(cid:17)(cid:10)(cid:4)(cid:11),(cid:886)(cid:885),(cid:886)(cid:888),(cid:885)(cid:891),(cid:885)(cid:885),(cid:884)(cid:883),(cid:885)(cid:884),(cid:884)(cid:884),(cid:890),(cid:887),(cid:883)(cid:882)(cid:484)(cid:886)(cid:890)(cid:886),(cid:885)(cid:883),(cid:883)(cid:882)(cid:484)(cid:889)(cid:888)(cid:886),,,,,,,,,,,,,,,,,,,,,
(cid:884)(cid:884),(cid:14)(cid:4)(cid:15)(cid:12)(cid:16)(cid:4)(cid:17)(cid:23)(cid:4)(cid:17)(cid:3)(cid:22)(cid:8)(cid:15)(cid:4)(cid:23)(cid:4)(cid:17),(cid:889)(cid:890),(cid:889)(cid:884),(cid:888)(cid:883),(cid:886)(cid:886),(cid:884)(cid:891),(cid:887)(cid:883),(cid:885)(cid:882),(cid:883)(cid:885),(cid:884),(cid:883)(cid:890)(cid:484)(cid:887)(cid:885)(cid:890),(cid:887)(cid:891),(cid:883)(cid:890)(cid:484)(cid:891)(cid:889)(cid:889),,,,,,,,,,,,,,,,,,,,,
(cid:884)(cid:885),(cid:14)(cid:4)(cid:15)(cid:12)(cid:16)(cid:4)(cid:17)(cid:23)(cid:4)(cid:17)(cid:3)(cid:23)(cid:12)(cid:16)(cid:24)(cid:21),(cid:891)(cid:885),(cid:891)(cid:885),(cid:891)(cid:882),(cid:887)(cid:890),(cid:885)(cid:888),(cid:890)(cid:883),(cid:885)(cid:891),(cid:884)(cid:882),(cid:886),(cid:884)(cid:882)(cid:484)(cid:886)(cid:891)(cid:891),(cid:889)(cid:886),(cid:884)(cid:883)(cid:484)(cid:882)(cid:890)(cid:889),,,,,,,,,,,,,,,,,,,,,
(cid:884)(cid:886),(cid:14)(cid:4)(cid:15)(cid:12)(cid:16)(cid:4)(cid:17)(cid:23)(cid:4)(cid:17)(cid:3)(cid:24)(cid:23)(cid:4)(cid:21)(cid:4),(cid:883)(cid:889),(cid:883)(cid:891),(cid:883)(cid:890),(cid:883)(cid:888),(cid:883)(cid:882),(cid:883)(cid:883),(cid:888),(cid:884),(cid:883),(cid:886)(cid:484)(cid:890)(cid:891)(cid:890),(cid:884)(cid:883),(cid:887)(cid:484)(cid:882)(cid:883)(cid:891),,,,,,,,,,,,,,,,,,,,,
(cid:884)(cid:887),(cid:22)(cid:24)(cid:15)(cid:4)(cid:26)(cid:8)(cid:22)(cid:12)(cid:3)(cid:24)(cid:23)(cid:4)(cid:21)(cid:4),(cid:883)(cid:883)(cid:890),(cid:889)(cid:890),(cid:890)(cid:888),(cid:887)(cid:888),(cid:884)(cid:890),(cid:886)(cid:887),(cid:884)(cid:882),(cid:887),(cid:883),(cid:883)(cid:889)(cid:484)(cid:882)(cid:886)(cid:886),(cid:883)(cid:890),(cid:883)(cid:889)(cid:484)(cid:886)(cid:891)(cid:891),,,,,,,,,,,,,,,,,,,,,
(cid:884)(cid:888),(cid:22)(cid:24)(cid:15)(cid:4)(cid:26)(cid:8)(cid:22)(cid:12)(cid:3)(cid:23)(cid:8)(cid:17)(cid:10)(cid:4)(cid:11),(cid:886)(cid:889),(cid:886)(cid:886),(cid:885)(cid:890),(cid:885)(cid:888),(cid:884)(cid:885),(cid:884)(cid:886),(cid:883)(cid:891),(cid:888),(cid:883),(cid:883)(cid:885)(cid:484)(cid:885)(cid:887)(cid:889),(cid:883)(cid:890),(cid:883)(cid:885)(cid:484)(cid:888)(cid:883)(cid:885),,,,,,,,,,,,,,,,,,,,,
(cid:884)(cid:889),(cid:22)(cid:24)(cid:15)(cid:4)(cid:26)(cid:8)(cid:22)(cid:12)(cid:3)(cid:22)(cid:8)(cid:15)(cid:4)(cid:23)(cid:4)(cid:17),(cid:884)(cid:883)(cid:886),(cid:883)(cid:891)(cid:887),(cid:883)(cid:888)(cid:884),(cid:883)(cid:884)(cid:889),(cid:883)(cid:882)(cid:887),(cid:883)(cid:884)(cid:883),(cid:891)(cid:888),(cid:886)(cid:887),(cid:885),(cid:886)(cid:883)(cid:484)(cid:887)(cid:882)(cid:884),(cid:883)(cid:891)(cid:891),(cid:886)(cid:884)(cid:484)(cid:889)(cid:888)(cid:891),,,,,,,,,,,,,,,,,,,,,
(cid:884)(cid:890),(cid:22)(cid:24)(cid:15)(cid:4)(cid:26)(cid:8)(cid:22)(cid:12)(cid:3)(cid:23)(cid:8)(cid:17)(cid:10)(cid:10)(cid:4)(cid:21)(cid:4),(cid:886)(cid:889),(cid:885)(cid:888),(cid:885)(cid:884),(cid:884)(cid:888),(cid:883)(cid:891),(cid:884)(cid:888),(cid:883)(cid:889),(cid:885),(cid:883),(cid:883)(cid:882)(cid:484)(cid:889)(cid:888)(cid:888),(cid:885)(cid:886),(cid:883)(cid:883)(cid:484)(cid:882)(cid:882)(cid:889),,,,,,,,,,,,,,,,,,,,,
(cid:884)(cid:891),(cid:10)(cid:18)(cid:21)(cid:18)(cid:17)(cid:23)(cid:4)(cid:15)(cid:18),(cid:885)(cid:882),(cid:884)(cid:884),(cid:883)(cid:891),(cid:883)(cid:887),(cid:883)(cid:884),(cid:883)(cid:886),(cid:891),(cid:886),(cid:883),(cid:888)(cid:484)(cid:883)(cid:883)(cid:890),(cid:888),(cid:888)(cid:484)(cid:884)(cid:887)(cid:882),,,,,,,,,,,,,,,,,,,,,
(cid:885)(cid:882),(cid:22)(cid:24)(cid:15)(cid:4)(cid:26)(cid:8)(cid:22)(cid:12)(cid:3)(cid:5)(cid:4)(cid:21)(cid:4)(cid:23),(cid:883)(cid:890),(cid:883)(cid:884),(cid:883)(cid:885),(cid:883)(cid:886),(cid:890),(cid:891),(cid:883)(cid:884),(cid:883),(cid:883),(cid:886)(cid:484)(cid:884)(cid:882)(cid:884),(cid:883)(cid:889),(cid:886)(cid:484)(cid:885)(cid:882)(cid:889),,,,,,,,,,,,,,,,,,,,,
(cid:885)(cid:883),(cid:16)(cid:4)(cid:15)(cid:24)(cid:14)(cid:24),(cid:884)(cid:886),(cid:883)(cid:891),(cid:884)(cid:885),(cid:884)(cid:884),(cid:883)(cid:885),(cid:883)(cid:887),(cid:883)(cid:888),(cid:888),(cid:882),(cid:889)(cid:484)(cid:889)(cid:886)(cid:886),(cid:883)(cid:886),(cid:889)(cid:484)(cid:890)(cid:891)(cid:888),,,,,,,,,,,,,,,,,,,,,
(cid:885)(cid:884),(cid:16)(cid:4)(cid:15)(cid:24)(cid:14)(cid:24)(cid:3)(cid:24)(cid:23)(cid:4)(cid:21)(cid:4),(cid:883)(cid:891),(cid:884)(cid:882),(cid:884)(cid:885),(cid:883)(cid:887),(cid:887),(cid:883)(cid:885),(cid:890),(cid:885),(cid:883),(cid:887)(cid:484)(cid:886)(cid:883)(cid:886),(cid:883)(cid:883),(cid:887)(cid:484)(cid:887)(cid:885)(cid:884),,,,,,,,,,,,,,,,,,,,,
(cid:885)(cid:885),(cid:19)(cid:4)(cid:19)(cid:24)(cid:4),(cid:884)(cid:883),(cid:884)(cid:882),(cid:884)(cid:884),(cid:884)(cid:886),(cid:883)(cid:884),(cid:883)(cid:889),(cid:883)(cid:885),(cid:884),(cid:883),(cid:887)(cid:484)(cid:890)(cid:886)(cid:891),(cid:883)(cid:882),(cid:887)(cid:484)(cid:891)(cid:891)(cid:883),,,,,,,,,,,,,,,,,,,,,
(cid:885)(cid:886),(cid:19)(cid:4)(cid:19)(cid:24)(cid:4)(cid:3)(cid:5)(cid:4)(cid:21)(cid:4)(cid:23),(cid:883)(cid:885),(cid:883)(cid:883),(cid:883)(cid:882),(cid:883)(cid:883),(cid:887),(cid:890),(cid:889),(cid:883),(cid:882),(cid:885)(cid:484)(cid:884)(cid:890)(cid:886),(cid:886),(cid:885)(cid:484)(cid:885)(cid:887)(cid:886),,,,,,,,,,,,,,,,,,,,,
(cid:885)(cid:887),(cid:19)(cid:4)(cid:19)(cid:24)(cid:4)(cid:3)(cid:22)(cid:8)(cid:15)(cid:4)(cid:23)(cid:4)(cid:17),(cid:883)(cid:883),(cid:888),(cid:887),(cid:888),(cid:886),(cid:889),(cid:889),(cid:883),(cid:882),(cid:883)(cid:484)(cid:890)(cid:890)(cid:884),(cid:885),(cid:883)(cid:484)(cid:891)(cid:885)(cid:884),,,,,,,,,,,,,,,,,,,,,
(cid:885)(cid:888),(cid:19)(cid:4)(cid:19)(cid:24)(cid:4)(cid:3)(cid:23)(cid:8)(cid:17)(cid:10)(cid:4)(cid:11),(cid:883)(cid:888),(cid:883)(cid:883),(cid:883)(cid:884),(cid:890),(cid:889),(cid:891),(cid:889),(cid:883),(cid:882),(cid:884)(cid:484)(cid:889)(cid:883)(cid:888),(cid:886),(cid:884)(cid:484)(cid:889)(cid:891)(cid:883),,,,,,,,,,,,,,,,,,,,,
(cid:885)(cid:889) (cid:19)(cid:4)(cid:19)(cid:24)(cid:4)(cid:3)(cid:19)(cid:8)(cid:10)(cid:24)(cid:17)(cid:24)(cid:17)(cid:10)(cid:4)(cid:17) Indonesia (cid:885)(cid:890) (cid:19)(cid:4)(cid:19)(cid:24)(cid:4)(cid:3)(cid:5)(cid:4)(cid:21)(cid:4)(cid:23)(cid:3)(cid:7)(cid:4)(cid:28)(cid:4),,(cid:887) 5.677 (cid:883)(cid:883),(cid:887) 5.474 (cid:883)(cid:886),(cid:888) 5.159 (cid:883)(cid:884),(cid:889) 3.409 (cid:883)(cid:882),(cid:886) 2.303 (cid:887),(cid:884) 3.687 (cid:887),(cid:888) 2.016 (cid:886),(cid:882) 911 (cid:884),(cid:883) 213 (cid:882),(cid:883)(cid:484)(cid:884)(cid:885)(cid:885) 1.035.005 (cid:884)(cid:484)(cid:886)(cid:884)(cid:885),(cid:882) 4.144 (cid:885),(cid:883)(cid:484)(cid:884)(cid:888)(cid:891) 1.067.998 (cid:884)(cid:484)(cid:886)(cid:890)(cid:891),,,,,,,,,,,,,,,,,,,,,
No,Provinsi,Persentase Puskesmas dengan Kecukupan Dokter,,,Persentase Puskesmas dengan Kecukupan Dokter Gigi,,,Persentase Puskesmas dengan Kecukupan Perawat,,,Persentase Puskesmas dengan Kecukupan Bidan,,,,,,,,,,,,,,,,,,,,,,,
,,Cukup,Kurang,Lebih,Cukup,Kurang,Lebih,Cukup,Kurang,Lebih,Cukup,Kurang,Lebih,,,,,,,,,,,,,,,,,,,,,
(1),(2),(3),(4),(5),(6),(7),(8),(9),(10),(11),(12),(13),(14),,,,,,,,,,,,,,,,,,,,,
(cid:883),(cid:4)(cid:133)(cid:135)(cid:138),(cid:883)(cid:882)(cid:481)(cid:883)(cid:936),(cid:882)(cid:481)(cid:885)(cid:936),(cid:890)(cid:891)(cid:481)(cid:888)(cid:936),(cid:888)(cid:891)(cid:481)(cid:883)(cid:936),(cid:888)(cid:481)(cid:888)(cid:936),(cid:884)(cid:886)(cid:481)(cid:885)(cid:936),(cid:882)(cid:481)(cid:882)(cid:936),(cid:882)(cid:481)(cid:882)(cid:936),(cid:883)(cid:882)(cid:882)(cid:481)(cid:882)(cid:936),(cid:882)(cid:481)(cid:882)(cid:936),(cid:882)(cid:481)(cid:882)(cid:936),(cid:883)(cid:882)(cid:882)(cid:481)(cid:882)(cid:936),,,,,,,,,,,,,,,,,,,,,
(cid:884),(cid:22)(cid:151)(cid:143)(cid:131)(cid:150)(cid:135)(cid:148)(cid:131)(cid:3)(cid:24)(cid:150)(cid:131)(cid:148)(cid:131),(cid:883)(cid:885)(cid:481)(cid:888)(cid:936),(cid:882)(cid:481)(cid:890)(cid:936),(cid:890)(cid:887)(cid:481)(cid:888)(cid:936),(cid:887)(cid:889)(cid:481)(cid:884)(cid:936),(cid:884)(cid:882)(cid:481)(cid:886)(cid:936),(cid:884)(cid:884)(cid:481)(cid:887)(cid:936),(cid:883)(cid:481)(cid:883)(cid:936),(cid:882)(cid:481)(cid:882)(cid:936),(cid:891)(cid:890)(cid:481)(cid:891)(cid:936),(cid:882)(cid:481)(cid:884)(cid:936),(cid:882)(cid:481)(cid:882)(cid:936),(cid:891)(cid:891)(cid:481)(cid:890)(cid:936),,,,,,,,,,,,,,,,,,,,,
(cid:885),(cid:22)(cid:151)(cid:143)(cid:131)(cid:150)(cid:135)(cid:148)(cid:131)(cid:3)(cid:5)(cid:131)(cid:148)(cid:131)(cid:150),(cid:883)(cid:887)(cid:481)(cid:882)(cid:936),(cid:882)(cid:481)(cid:882)(cid:936),(cid:890)(cid:887)(cid:481)(cid:882)(cid:936),(cid:888)(cid:883)(cid:481)(cid:890)(cid:936),(cid:885)(cid:481)(cid:888)(cid:936),(cid:885)(cid:886)(cid:481)(cid:888)(cid:936),(cid:882)(cid:481)(cid:882)(cid:936),(cid:882)(cid:481)(cid:882)(cid:936),(cid:883)(cid:882)(cid:882)(cid:481)(cid:882)(cid:936),(cid:882)(cid:481)(cid:882)(cid:936),(cid:882)(cid:481)(cid:882)(cid:936),(cid:883)(cid:882)(cid:882)(cid:481)(cid:882)(cid:936),,,,,,,,,,,,,,,,,,,,,
(cid:886),(cid:21)(cid:139)(cid:131)(cid:151),(cid:887)(cid:481)(cid:886)(cid:936),(cid:882)(cid:481)(cid:886)(cid:936),(cid:891)(cid:886)(cid:481)(cid:883)(cid:936),(cid:887)(cid:886)(cid:481)(cid:882)(cid:936),(cid:887)(cid:481)(cid:886)(cid:936),(cid:886)(cid:882)(cid:481)(cid:888)(cid:936),(cid:882)(cid:481)(cid:882)(cid:936),(cid:882)(cid:481)(cid:882)(cid:936),(cid:883)(cid:882)(cid:882)(cid:481)(cid:882)(cid:936),(cid:882)(cid:481)(cid:882)(cid:936),(cid:882)(cid:481)(cid:882)(cid:936),(cid:883)(cid:882)(cid:882)(cid:481)(cid:882)(cid:936),,,,,,,,,,,,,,,,,,,,,
(cid:887),(cid:13)(cid:131)(cid:143)(cid:132)(cid:139),(cid:883)(cid:886)(cid:481)(cid:891)(cid:936),(cid:882)(cid:481)(cid:882)(cid:936),(cid:890)(cid:887)(cid:481)(cid:883)(cid:936),(cid:889)(cid:887)(cid:481)(cid:887)(cid:936),(cid:883)(cid:887)(cid:481)(cid:891)(cid:936),(cid:890)(cid:481)(cid:889)(cid:936),(cid:882)(cid:481)(cid:882)(cid:936),(cid:882)(cid:481)(cid:882)(cid:936),(cid:883)(cid:882)(cid:882)(cid:481)(cid:882)(cid:936),(cid:882)(cid:481)(cid:882)(cid:936),(cid:882)(cid:481)(cid:882)(cid:936),(cid:883)(cid:882)(cid:882)(cid:481)(cid:882)(cid:936),,,,,,,,,,,,,,,,,,,,,
(cid:888),(cid:22)(cid:151)(cid:143)(cid:131)(cid:150)(cid:135)(cid:148)(cid:131)(cid:3)(cid:22)(cid:135)(cid:142)(cid:131)(cid:150)(cid:131)(cid:144),(cid:884)(cid:886)(cid:481)(cid:888)(cid:936),(cid:883)(cid:481)(cid:889)(cid:936),(cid:889)(cid:885)(cid:481)(cid:889)(cid:936),(cid:887)(cid:886)(cid:481)(cid:885)(cid:936),(cid:885)(cid:889)(cid:481)(cid:886)(cid:936),(cid:890)(cid:481)(cid:885)(cid:936),(cid:882)(cid:481)(cid:882)(cid:936),(cid:882)(cid:481)(cid:882)(cid:936),(cid:883)(cid:882)(cid:882)(cid:481)(cid:882)(cid:936),(cid:882)(cid:481)(cid:882)(cid:936),(cid:882)(cid:481)(cid:882)(cid:936),(cid:883)(cid:882)(cid:882)(cid:481)(cid:882)(cid:936),,,,,,,,,,,,,,,,,,,,,
(cid:889),(cid:5)(cid:135)(cid:144)(cid:137)(cid:141)(cid:151)(cid:142)(cid:151),(cid:885)(cid:888)(cid:481)(cid:891)(cid:936),(cid:883)(cid:481)(cid:883)(cid:936),(cid:888)(cid:884)(cid:481)(cid:882)(cid:936),(cid:887)(cid:889)(cid:481)(cid:882)(cid:936),(cid:885)(cid:890)(cid:481)(cid:887)(cid:936),(cid:886)(cid:481)(cid:887)(cid:936),(cid:882)(cid:481)(cid:882)(cid:936),(cid:882)(cid:481)(cid:882)(cid:936),(cid:883)(cid:882)(cid:882)(cid:481)(cid:882)(cid:936),(cid:882)(cid:481)(cid:882)(cid:936),(cid:882)(cid:481)(cid:882)(cid:936),(cid:883)(cid:882)(cid:882)(cid:481)(cid:882)(cid:936),,,,,,,,,,,,,,,,,,,,,
(cid:890),(cid:15)(cid:131)(cid:143)(cid:146)(cid:151)(cid:144)(cid:137),(cid:883)(cid:886)(cid:481)(cid:886)(cid:936),(cid:882)(cid:481)(cid:888)(cid:936),(cid:890)(cid:887)(cid:481)(cid:882)(cid:936),(cid:886)(cid:882)(cid:481)(cid:882)(cid:936),(cid:887)(cid:883)(cid:481)(cid:888)(cid:936),(cid:890)(cid:481)(cid:886)(cid:936),(cid:882)(cid:481)(cid:882)(cid:936),(cid:882)(cid:481)(cid:882)(cid:936),(cid:883)(cid:882)(cid:882)(cid:481)(cid:882)(cid:936),(cid:882)(cid:481)(cid:882)(cid:936),(cid:882)(cid:481)(cid:882)(cid:936),(cid:883)(cid:882)(cid:882)(cid:481)(cid:882)(cid:936),,,,,,,,,,,,,,,,,,,,,
(cid:891),(cid:14)(cid:135)(cid:146)(cid:484)(cid:3)(cid:5)(cid:131)(cid:144)(cid:137)(cid:141)(cid:131)(cid:3)(cid:5)(cid:135)(cid:142)(cid:139)(cid:150)(cid:151)(cid:144)(cid:137),(cid:886)(cid:481)(cid:889)(cid:936),(cid:882)(cid:481)(cid:882)(cid:936),(cid:891)(cid:887)(cid:481)(cid:885)(cid:936),(cid:889)(cid:882)(cid:481)(cid:885)(cid:936),(cid:889)(cid:481)(cid:890)(cid:936),(cid:884)(cid:883)(cid:481)(cid:891)(cid:936),(cid:882)(cid:481)(cid:882)(cid:936),(cid:882)(cid:481)(cid:882)(cid:936),(cid:883)(cid:882)(cid:882)(cid:481)(cid:882)(cid:936),(cid:882)(cid:481)(cid:882)(cid:936),(cid:882)(cid:481)(cid:882)(cid:936),(cid:883)(cid:882)(cid:882)(cid:481)(cid:882)(cid:936),,,,,,,,,,,,,,,,,,,,,
(cid:883)(cid:882),(cid:14)(cid:135)(cid:146)(cid:151)(cid:142)(cid:131)(cid:151)(cid:131)(cid:144)(cid:3)(cid:21)(cid:139)(cid:131)(cid:151),(cid:890)(cid:481)(cid:885)(cid:936),(cid:884)(cid:481)(cid:883)(cid:936),(cid:890)(cid:891)(cid:481)(cid:888)(cid:936),(cid:887)(cid:886)(cid:481)(cid:884)(cid:936),(cid:883)(cid:887)(cid:481)(cid:888)(cid:936),(cid:885)(cid:882)(cid:481)(cid:884)(cid:936),(cid:882)(cid:481)(cid:882)(cid:936),(cid:882)(cid:481)(cid:882)(cid:936),(cid:883)(cid:882)(cid:882)(cid:481)(cid:882)(cid:936),(cid:882)(cid:481)(cid:882)(cid:936),(cid:882)(cid:481)(cid:882)(cid:936),(cid:883)(cid:882)(cid:882)(cid:481)(cid:882)(cid:936),,,,,,,,,,,,,,,,,,,,,
(cid:883)(cid:883),(cid:7)(cid:14)(cid:12)(cid:3)(cid:13)(cid:131)(cid:141)(cid:131)(cid:148)(cid:150)(cid:131),(cid:882)(cid:481)(cid:882)(cid:936),(cid:882)(cid:481)(cid:882)(cid:936),(cid:883)(cid:882)(cid:882)(cid:481)(cid:882)(cid:936),(cid:884)(cid:481)(cid:885)(cid:936),(cid:882)(cid:481)(cid:882)(cid:936),(cid:891)(cid:889)(cid:481)(cid:889)(cid:936),(cid:882)(cid:481)(cid:882)(cid:936),(cid:882)(cid:481)(cid:882)(cid:936),(cid:883)(cid:882)(cid:882)(cid:481)(cid:882)(cid:936),(cid:882)(cid:481)(cid:882)(cid:936),(cid:882)(cid:481)(cid:882)(cid:936),(cid:883)(cid:882)(cid:882)(cid:481)(cid:882)(cid:936),,,,,,,,,,,,,,,,,,,,,
(cid:883)(cid:884),(cid:13)(cid:131)(cid:153)(cid:131)(cid:3)(cid:5)(cid:131)(cid:148)(cid:131)(cid:150),(cid:883)(cid:884)(cid:481)(cid:886)(cid:936),(cid:882)(cid:481)(cid:885)(cid:936),(cid:890)(cid:889)(cid:481)(cid:885)(cid:936),(cid:888)(cid:886)(cid:481)(cid:888)(cid:936),(cid:884)(cid:883)(cid:481)(cid:890)(cid:936),(cid:883)(cid:885)(cid:481)(cid:889)(cid:936),(cid:882)(cid:481)(cid:884)(cid:936),(cid:882)(cid:481)(cid:882)(cid:936),(cid:891)(cid:891)(cid:481)(cid:890)(cid:936),(cid:882)(cid:481)(cid:882)(cid:936),(cid:882)(cid:481)(cid:882)(cid:936),(cid:883)(cid:882)(cid:882)(cid:481)(cid:882)(cid:936),,,,,,,,,,,,,,,,,,,,,
(cid:883)(cid:885),(cid:13)(cid:131)(cid:153)(cid:131)(cid:3)(cid:23)(cid:135)(cid:144)(cid:137)(cid:131)(cid:138),(cid:889)(cid:481)(cid:888)(cid:936),(cid:882)(cid:481)(cid:885)(cid:936),(cid:891)(cid:884)(cid:481)(cid:883)(cid:936),(cid:889)(cid:887)(cid:481)(cid:888)(cid:936),(cid:888)(cid:481)(cid:882)(cid:936),(cid:883)(cid:890)(cid:481)(cid:886)(cid:936),(cid:882)(cid:481)(cid:882)(cid:936),(cid:882)(cid:481)(cid:882)(cid:936),(cid:883)(cid:882)(cid:882)(cid:481)(cid:882)(cid:936),(cid:882)(cid:481)(cid:882)(cid:936),(cid:882)(cid:481)(cid:882)(cid:936),(cid:883)(cid:882)(cid:882)(cid:481)(cid:882)(cid:936),,,,,,,,,,,,,,,,,,,,,
(cid:883)(cid:886),(cid:7)(cid:12)(cid:3)(cid:28)(cid:145)(cid:137)(cid:155)(cid:131)(cid:141)(cid:131)(cid:148)(cid:150)(cid:131),(cid:887)(cid:481)(cid:882)(cid:936),(cid:882)(cid:481)(cid:882)(cid:936),(cid:891)(cid:887)(cid:481)(cid:882)(cid:936),(cid:887)(cid:883)(cid:481)(cid:884)(cid:936),(cid:882)(cid:481)(cid:882)(cid:936),(cid:886)(cid:890)(cid:481)(cid:890)(cid:936),(cid:882)(cid:481)(cid:882)(cid:936),(cid:882)(cid:481)(cid:882)(cid:936),(cid:883)(cid:882)(cid:882)(cid:481)(cid:882)(cid:936),(cid:882)(cid:481)(cid:882)(cid:936),(cid:882)(cid:481)(cid:890)(cid:936),(cid:891)(cid:891)(cid:481)(cid:884)(cid:936),,,,,,,,,,,,,,,,,,,,,
(cid:883)(cid:887),(cid:13)(cid:131)(cid:153)(cid:131)(cid:3)(cid:23)(cid:139)(cid:143)(cid:151)(cid:148),(cid:883)(cid:886)(cid:481)(cid:884)(cid:936),(cid:882)(cid:481)(cid:888)(cid:936),(cid:890)(cid:887)(cid:481)(cid:884)(cid:936),(cid:889)(cid:882)(cid:481)(cid:886)(cid:936),(cid:885)(cid:481)(cid:888)(cid:936),(cid:884)(cid:888)(cid:481)(cid:882)(cid:936),(cid:882)(cid:481)(cid:882)(cid:936),(cid:882)(cid:481)(cid:882)(cid:936),(cid:883)(cid:882)(cid:882)(cid:481)(cid:882)(cid:936),(cid:882)(cid:481)(cid:882)(cid:936),(cid:882)(cid:481)(cid:882)(cid:936),(cid:883)(cid:882)(cid:882)(cid:481)(cid:882)(cid:936),,,,,,,,,,,,,,,,,,,,,
(cid:883)(cid:888),(cid:5)(cid:131)(cid:144)(cid:150)(cid:135)(cid:144),(cid:888)(cid:481)(cid:885)(cid:936),(cid:882)(cid:481)(cid:882)(cid:936),(cid:891)(cid:885)(cid:481)(cid:889)(cid:936),(cid:886)(cid:883)(cid:481)(cid:891)(cid:936),(cid:883)(cid:885)(cid:481)(cid:890)(cid:936),(cid:886)(cid:886)(cid:481)(cid:885)(cid:936),(cid:882)(cid:481)(cid:882)(cid:936),(cid:882)(cid:481)(cid:882)(cid:936),(cid:883)(cid:882)(cid:882)(cid:481)(cid:882)(cid:936),(cid:882)(cid:481)(cid:882)(cid:936),(cid:882)(cid:481)(cid:882)(cid:936),(cid:883)(cid:882)(cid:882)(cid:481)(cid:882)(cid:936),,,,,,,,,,,,,,,,,,,,,
(cid:883)(cid:889),(cid:5)(cid:131)(cid:142)(cid:139),(cid:883)(cid:481)(cid:889)(cid:936),(cid:882)(cid:481)(cid:882)(cid:936),(cid:891)(cid:890)(cid:481)(cid:885)(cid:936),(cid:884)(cid:888)(cid:481)(cid:889)(cid:936),(cid:882)(cid:481)(cid:890)(cid:936),(cid:889)(cid:884)(cid:481)(cid:887)(cid:936),(cid:882)(cid:481)(cid:882)(cid:936),(cid:882)(cid:481)(cid:882)(cid:936),(cid:883)(cid:882)(cid:882)(cid:481)(cid:882)(cid:936),(cid:882)(cid:481)(cid:882)(cid:936),(cid:882)(cid:481)(cid:882)(cid:936),(cid:883)(cid:882)(cid:882)(cid:481)(cid:882)(cid:936),,,,,,,,,,,,,,,,,,,,,
(cid:883)(cid:890),(cid:17)(cid:151)(cid:149)(cid:131)(cid:3)(cid:23)(cid:135)(cid:144)(cid:137)(cid:137)(cid:131)(cid:148)(cid:131)(cid:3)(cid:5)(cid:131)(cid:148)(cid:131)(cid:150),(cid:891)(cid:481)(cid:888)(cid:936),(cid:882)(cid:481)(cid:882)(cid:936),(cid:891)(cid:882)(cid:481)(cid:886)(cid:936),(cid:889)(cid:883)(cid:481)(cid:884)(cid:936),(cid:883)(cid:886)(cid:481)(cid:889)(cid:936),(cid:883)(cid:886)(cid:481)(cid:883)(cid:936),(cid:882)(cid:481)(cid:882)(cid:936),(cid:882)(cid:481)(cid:882)(cid:936),(cid:883)(cid:882)(cid:882)(cid:481)(cid:882)(cid:936),(cid:882)(cid:481)(cid:882)(cid:936),(cid:882)(cid:481)(cid:882)(cid:936),(cid:883)(cid:882)(cid:882)(cid:481)(cid:882)(cid:936),,,,,,,,,,,,,,,,,,,,,
(cid:883)(cid:891),(cid:17)(cid:151)(cid:149)(cid:131)(cid:3)(cid:23)(cid:135)(cid:144)(cid:137)(cid:137)(cid:131)(cid:148)(cid:131)(cid:3)(cid:23)(cid:139)(cid:143)(cid:151)(cid:148),(cid:888)(cid:885)(cid:481)(cid:884)(cid:936),(cid:886)(cid:481)(cid:888)(cid:936),(cid:885)(cid:884)(cid:481)(cid:884)(cid:936),(cid:886)(cid:882)(cid:481)(cid:889)(cid:936),(cid:887)(cid:887)(cid:481)(cid:888)(cid:936),(cid:885)(cid:481)(cid:889)(cid:936),(cid:882)(cid:481)(cid:882)(cid:936),(cid:882)(cid:481)(cid:882)(cid:936),(cid:883)(cid:882)(cid:882)(cid:481)(cid:882)(cid:936),(cid:882)(cid:481)(cid:882)(cid:936),(cid:882)(cid:481)(cid:882)(cid:936),(cid:883)(cid:882)(cid:882)(cid:481)(cid:882)(cid:936),,,,,,,,,,,,,,,,,,,,,
(cid:884)(cid:882),(cid:14)(cid:131)(cid:142)(cid:139)(cid:143)(cid:131)(cid:144)(cid:150)(cid:131)(cid:144)(cid:3)(cid:5)(cid:131)(cid:148)(cid:131)(cid:150),(cid:885)(cid:883)(cid:481)(cid:885)(cid:936),(cid:884)(cid:481)(cid:882)(cid:936),(cid:888)(cid:888)(cid:481)(cid:889)(cid:936),(cid:886)(cid:890)(cid:481)(cid:884)(cid:936),(cid:886)(cid:891)(cid:481)(cid:886)(cid:936),(cid:884)(cid:481)(cid:886)(cid:936),(cid:882)(cid:481)(cid:882)(cid:936),(cid:882)(cid:481)(cid:882)(cid:936),(cid:883)(cid:882)(cid:882)(cid:481)(cid:882)(cid:936),(cid:882)(cid:481)(cid:882)(cid:936),(cid:882)(cid:481)(cid:882)(cid:936),(cid:883)(cid:882)(cid:882)(cid:481)(cid:882)(cid:936),,,,,,,,,,,,,,,,,,,,,
(cid:884)(cid:883),(cid:14)(cid:131)(cid:142)(cid:139)(cid:143)(cid:131)(cid:144)(cid:150)(cid:131)(cid:144)(cid:3)(cid:23)(cid:135)(cid:144)(cid:137)(cid:131)(cid:138),(cid:885)(cid:891)(cid:481)(cid:889)(cid:936),(cid:886)(cid:481)(cid:886)(cid:936),(cid:887)(cid:887)(cid:481)(cid:891)(cid:936),(cid:886)(cid:891)(cid:481)(cid:887)(cid:936),(cid:886)(cid:886)(cid:481)(cid:883)(cid:936),(cid:888)(cid:481)(cid:886)(cid:936),(cid:882)(cid:481)(cid:882)(cid:936),(cid:882)(cid:481)(cid:882)(cid:936),(cid:883)(cid:882)(cid:882)(cid:481)(cid:882)(cid:936),(cid:882)(cid:481)(cid:882)(cid:936),(cid:882)(cid:481)(cid:882)(cid:936),(cid:883)(cid:882)(cid:882)(cid:481)(cid:882)(cid:936),,,,,,,,,,,,,,,,,,,,,
(cid:884)(cid:884),(cid:14)(cid:131)(cid:142)(cid:139)(cid:143)(cid:131)(cid:144)(cid:150)(cid:131)(cid:144)(cid:3)(cid:22)(cid:135)(cid:142)(cid:131)(cid:150)(cid:131)(cid:144),(cid:885)(cid:885)(cid:481)(cid:891)(cid:936),(cid:882)(cid:481)(cid:886)(cid:936),(cid:888)(cid:887)(cid:481)(cid:889)(cid:936),(cid:889)(cid:883)(cid:481)(cid:883)(cid:936),(cid:889)(cid:481)(cid:891)(cid:936),(cid:884)(cid:883)(cid:481)(cid:883)(cid:936),(cid:882)(cid:481)(cid:882)(cid:936),(cid:882)(cid:481)(cid:882)(cid:936),(cid:883)(cid:882)(cid:882)(cid:481)(cid:882)(cid:936),(cid:882)(cid:481)(cid:882)(cid:936),(cid:882)(cid:481)(cid:882)(cid:936),(cid:883)(cid:882)(cid:882)(cid:481)(cid:882)(cid:936),,,,,,,,,,,,,,,,,,,,,
(cid:884)(cid:885),(cid:14)(cid:131)(cid:142)(cid:139)(cid:143)(cid:131)(cid:144)(cid:150)(cid:131)(cid:144)(cid:3)(cid:23)(cid:139)(cid:143)(cid:151)(cid:148),(cid:884)(cid:885)(cid:481)(cid:891)(cid:936),(cid:882)(cid:481)(cid:887)(cid:936),(cid:889)(cid:887)(cid:481)(cid:887)(cid:936),(cid:887)(cid:887)(cid:481)(cid:885)(cid:936),(cid:883)(cid:887)(cid:481)(cid:886)(cid:936),(cid:884)(cid:891)(cid:481)(cid:885)(cid:936),(cid:882)(cid:481)(cid:882)(cid:936),(cid:882)(cid:481)(cid:882)(cid:936),(cid:883)(cid:882)(cid:882)(cid:481)(cid:882)(cid:936),(cid:882)(cid:481)(cid:882)(cid:936),(cid:882)(cid:481)(cid:882)(cid:936),(cid:883)(cid:882)(cid:882)(cid:481)(cid:882)(cid:936),,,,,,,,,,,,,,,,,,,,,
(cid:884)(cid:886),(cid:14)(cid:131)(cid:142)(cid:139)(cid:143)(cid:131)(cid:144)(cid:150)(cid:131)(cid:144)(cid:3)(cid:24)(cid:150)(cid:131)(cid:148)(cid:131),(cid:885)(cid:884)(cid:481)(cid:890)(cid:936),(cid:883)(cid:481)(cid:889)(cid:936),(cid:888)(cid:887)(cid:481)(cid:887)(cid:936),(cid:889)(cid:882)(cid:481)(cid:889)(cid:936),(cid:883)(cid:891)(cid:481)(cid:882)(cid:936),(cid:883)(cid:882)(cid:481)(cid:885)(cid:936),(cid:882)(cid:481)(cid:882)(cid:936),(cid:882)(cid:481)(cid:882)(cid:936),(cid:883)(cid:882)(cid:882)(cid:481)(cid:882)(cid:936),(cid:882)(cid:481)(cid:882)(cid:936),(cid:882)(cid:481)(cid:882)(cid:936),(cid:883)(cid:882)(cid:882)(cid:481)(cid:882)(cid:936),,,,,,,,,,,,,,,,,,,,,
(cid:884)(cid:887),(cid:22)(cid:151)(cid:142)(cid:131)(cid:153)(cid:135)(cid:149)(cid:139)(cid:3)(cid:24)(cid:150)(cid:131)(cid:148)(cid:131),(cid:884)(cid:883)(cid:481)(cid:883)(cid:936),(cid:882)(cid:481)(cid:887)(cid:936),(cid:889)(cid:890)(cid:481)(cid:886)(cid:936),(cid:887)(cid:885)(cid:481)(cid:885)(cid:936),(cid:885)(cid:890)(cid:481)(cid:889)(cid:936),(cid:890)(cid:481)(cid:882)(cid:936),(cid:882)(cid:481)(cid:882)(cid:936),(cid:882)(cid:481)(cid:882)(cid:936),(cid:883)(cid:882)(cid:882)(cid:481)(cid:882)(cid:936),(cid:883)(cid:481)(cid:882)(cid:936),(cid:882)(cid:481)(cid:882)(cid:936),(cid:891)(cid:891)(cid:481)(cid:882)(cid:936),,,,,,,,,,,,,,,,,,,,,
(cid:884)(cid:888),(cid:22)(cid:151)(cid:142)(cid:131)(cid:153)(cid:135)(cid:149)(cid:139)(cid:3)(cid:23)(cid:135)(cid:144)(cid:137)(cid:131)(cid:138),(cid:885)(cid:889)(cid:481)(cid:886)(cid:936),(cid:885)(cid:481)(cid:884)(cid:936),(cid:887)(cid:891)(cid:481)(cid:886)(cid:936),(cid:887)(cid:885)(cid:481)(cid:886)(cid:936),(cid:885)(cid:890)(cid:481)(cid:886)(cid:936),(cid:890)(cid:481)(cid:884)(cid:936),(cid:882)(cid:481)(cid:882)(cid:936),(cid:882)(cid:481)(cid:887)(cid:936),(cid:891)(cid:891)(cid:481)(cid:887)(cid:936),(cid:882)(cid:481)(cid:887)(cid:936),(cid:882)(cid:481)(cid:882)(cid:936),(cid:891)(cid:891)(cid:481)(cid:887)(cid:936),,,,,,,,,,,,,,,,,,,,,
(cid:884)(cid:889),(cid:22)(cid:151)(cid:142)(cid:131)(cid:153)(cid:135)(cid:149)(cid:139)(cid:3)(cid:22)(cid:135)(cid:142)(cid:131)(cid:150)(cid:131)(cid:144),(cid:884)(cid:886)(cid:481)(cid:889)(cid:936),(cid:883)(cid:481)(cid:891)(cid:936),(cid:889)(cid:885)(cid:481)(cid:886)(cid:936),(cid:888)(cid:885)(cid:481)(cid:885)(cid:936),(cid:886)(cid:481)(cid:882)(cid:936),(cid:885)(cid:884)(cid:481)(cid:889)(cid:936),(cid:882)(cid:481)(cid:882)(cid:936),(cid:882)(cid:481)(cid:882)(cid:936),(cid:883)(cid:882)(cid:882)(cid:481)(cid:882)(cid:936),(cid:882)(cid:481)(cid:882)(cid:936),(cid:882)(cid:481)(cid:882)(cid:936),(cid:883)(cid:882)(cid:882)(cid:481)(cid:882)(cid:936),,,,,,,,,,,,,,,,,,,,,
(cid:884)(cid:890),(cid:22)(cid:151)(cid:142)(cid:131)(cid:153)(cid:135)(cid:149)(cid:139)(cid:3)(cid:23)(cid:135)(cid:144)(cid:137)(cid:137)(cid:131)(cid:148)(cid:131),(cid:886)(cid:884)(cid:481)(cid:887)(cid:936),(cid:884)(cid:481)(cid:891)(cid:936),(cid:887)(cid:886)(cid:481)(cid:887)(cid:936),(cid:887)(cid:889)(cid:481)(cid:887)(cid:936),(cid:885)(cid:887)(cid:481)(cid:886)(cid:936),(cid:889)(cid:481)(cid:883)(cid:936),(cid:882)(cid:481)(cid:882)(cid:936),(cid:882)(cid:481)(cid:882)(cid:936),(cid:883)(cid:882)(cid:882)(cid:481)(cid:882)(cid:936),(cid:882)(cid:481)(cid:882)(cid:936),(cid:882)(cid:481)(cid:882)(cid:936),(cid:883)(cid:882)(cid:882)(cid:481)(cid:882)(cid:936),,,,,,,,,,,,,,,,,,,,,
(cid:884)(cid:891),(cid:10)(cid:145)(cid:148)(cid:145)(cid:144)(cid:150)(cid:131)(cid:142)(cid:145),(cid:887)(cid:882)(cid:481)(cid:887)(cid:936),(cid:883)(cid:481)(cid:883)(cid:936),(cid:886)(cid:890)(cid:481)(cid:886)(cid:936),(cid:888)(cid:883)(cid:481)(cid:883)(cid:936),(cid:885)(cid:888)(cid:481)(cid:890)(cid:936),(cid:884)(cid:481)(cid:883)(cid:936),(cid:882)(cid:481)(cid:882)(cid:936),(cid:882)(cid:481)(cid:882)(cid:936),(cid:883)(cid:882)(cid:882)(cid:481)(cid:882)(cid:936),(cid:882)(cid:481)(cid:882)(cid:936),(cid:882)(cid:481)(cid:882)(cid:936),(cid:883)(cid:882)(cid:882)(cid:481)(cid:882)(cid:936),,,,,,,,,,,,,,,,,,,,,
(cid:885)(cid:882),(cid:22)(cid:151)(cid:142)(cid:131)(cid:153)(cid:135)(cid:149)(cid:139)(cid:3)(cid:5)(cid:131)(cid:148)(cid:131)(cid:150),(cid:885)(cid:890)(cid:481)(cid:890)(cid:936),(cid:884)(cid:481)(cid:882)(cid:936),(cid:887)(cid:891)(cid:481)(cid:884)(cid:936),(cid:888)(cid:891)(cid:481)(cid:886)(cid:936),(cid:883)(cid:889)(cid:481)(cid:885)(cid:936),(cid:883)(cid:885)(cid:481)(cid:885)(cid:936),(cid:882)(cid:481)(cid:882)(cid:936),(cid:882)(cid:481)(cid:882)(cid:936),(cid:883)(cid:882)(cid:882)(cid:481)(cid:882)(cid:936),(cid:882)(cid:481)(cid:882)(cid:936),(cid:882)(cid:481)(cid:882)(cid:936),(cid:883)(cid:882)(cid:882)(cid:481)(cid:882)(cid:936),,,,,,,,,,,,,,,,,,,,,
(cid:885)(cid:883),(cid:16)(cid:131)(cid:142)(cid:151)(cid:141)(cid:151),(cid:887)(cid:882)(cid:481)(cid:890)(cid:936),(cid:883)(cid:884)(cid:481)(cid:883)(cid:936),(cid:885)(cid:889)(cid:481)(cid:883)(cid:936),(cid:884)(cid:888)(cid:481)(cid:885)(cid:936),(cid:889)(cid:885)(cid:481)(cid:885)(cid:936),(cid:882)(cid:481)(cid:886)(cid:936),(cid:882)(cid:481)(cid:886)(cid:936),(cid:882)(cid:481)(cid:882)(cid:936),(cid:891)(cid:891)(cid:481)(cid:888)(cid:936),(cid:882)(cid:481)(cid:890)(cid:936),(cid:882)(cid:481)(cid:886)(cid:936),(cid:891)(cid:890)(cid:481)(cid:890)(cid:936),,,,,,,,,,,,,,,,,,,,,
(cid:885)(cid:884),(cid:16)(cid:131)(cid:142)(cid:151)(cid:141)(cid:151)(cid:3)(cid:24)(cid:150)(cid:131)(cid:148)(cid:131),(cid:886)(cid:888)(cid:481)(cid:882)(cid:936),(cid:883)(cid:882)(cid:481)(cid:882)(cid:936),(cid:886)(cid:886)(cid:481)(cid:882)(cid:936),(cid:885)(cid:891)(cid:481)(cid:885)(cid:936),(cid:887)(cid:889)(cid:481)(cid:885)(cid:936),(cid:885)(cid:481)(cid:885)(cid:936),(cid:882)(cid:481)(cid:882)(cid:936),(cid:882)(cid:481)(cid:882)(cid:936),(cid:883)(cid:882)(cid:882)(cid:481)(cid:882)(cid:936),(cid:882)(cid:481)(cid:882)(cid:936),(cid:882)(cid:481)(cid:882)(cid:936),(cid:883)(cid:882)(cid:882)(cid:481)(cid:882)(cid:936),,,,,,,,,,,,,,,,,,,,,
(cid:885)(cid:885),(cid:19)(cid:131)(cid:146)(cid:151)(cid:131),(cid:886)(cid:888)(cid:481)(cid:889)(cid:936),(cid:883)(cid:885)(cid:481)(cid:891)(cid:936),(cid:885)(cid:891)(cid:481)(cid:885)(cid:936),(cid:884)(cid:886)(cid:481)(cid:888)(cid:936),(cid:889)(cid:885)(cid:481)(cid:890)(cid:936),(cid:883)(cid:481)(cid:888)(cid:936),(cid:882)(cid:481)(cid:882)(cid:936),(cid:883)(cid:481)(cid:888)(cid:936),(cid:891)(cid:890)(cid:481)(cid:886)(cid:936),(cid:883)(cid:481)(cid:888)(cid:936),(cid:883)(cid:481)(cid:888)(cid:936),(cid:891)(cid:888)(cid:481)(cid:889)(cid:936),,,,,,,,,,,,,,,,,,,,,
(cid:885)(cid:886),(cid:19)(cid:131)(cid:146)(cid:151)(cid:131)(cid:3)(cid:5)(cid:131)(cid:148)(cid:131)(cid:150),(cid:887)(cid:888)(cid:481)(cid:888)(cid:936),(cid:891)(cid:481)(cid:884)(cid:936),(cid:885)(cid:886)(cid:481)(cid:884)(cid:936),(cid:884)(cid:885)(cid:481)(cid:889)(cid:936),(cid:888)(cid:890)(cid:481)(cid:886)(cid:936),(cid:889)(cid:481)(cid:891)(cid:936),(cid:882)(cid:481)(cid:882)(cid:936),(cid:882)(cid:481)(cid:882)(cid:936),(cid:883)(cid:882)(cid:882)(cid:481)(cid:882)(cid:936),(cid:882)(cid:481)(cid:882)(cid:936),(cid:882)(cid:481)(cid:882)(cid:936),(cid:883)(cid:882)(cid:882)(cid:481)(cid:882)(cid:936),,,,,,,,,,,,,,,,,,,,,
(cid:885)(cid:887),(cid:19)(cid:131)(cid:146)(cid:151)(cid:131)(cid:3)(cid:22)(cid:135)(cid:142)(cid:131)(cid:150)(cid:131)(cid:144),(cid:885)(cid:888)(cid:481)(cid:887)(cid:936),(cid:885)(cid:884)(cid:481)(cid:891)(cid:936),(cid:885)(cid:882)(cid:481)(cid:888)(cid:936),(cid:891)(cid:481)(cid:886)(cid:936),(cid:890)(cid:891)(cid:481)(cid:886)(cid:936),(cid:883)(cid:481)(cid:884)(cid:936),(cid:882)(cid:481)(cid:882)(cid:936),(cid:884)(cid:481)(cid:886)(cid:936),(cid:891)(cid:889)(cid:481)(cid:888)(cid:936),(cid:883)(cid:481)(cid:884)(cid:936),(cid:884)(cid:481)(cid:886)(cid:936),(cid:891)(cid:888)(cid:481)(cid:887)(cid:936),,,,,,,,,,,,,,,,,,,,,
(cid:885)(cid:888),(cid:19)(cid:131)(cid:146)(cid:151)(cid:131)(cid:3)(cid:23)(cid:135)(cid:144)(cid:137)(cid:131)(cid:138),(cid:884)(cid:890)(cid:481)(cid:891)(cid:936),(cid:886)(cid:885)(cid:481)(cid:890)(cid:936),(cid:884)(cid:889)(cid:481)(cid:885)(cid:936),(cid:883)(cid:882)(cid:481)(cid:889)(cid:936),(cid:890)(cid:888)(cid:481)(cid:882)(cid:936),(cid:885)(cid:481)(cid:885)(cid:936),(cid:885)(cid:481)(cid:885)(cid:936),(cid:882)(cid:481)(cid:890)(cid:936),(cid:891)(cid:887)(cid:481)(cid:891)(cid:936),(cid:883)(cid:883)(cid:481)(cid:888)(cid:936),(cid:891)(cid:481)(cid:883)(cid:936),(cid:889)(cid:891)(cid:481)(cid:885)(cid:936),,,,,,,,,,,,,,,,,,,,,
(cid:885)(cid:889) (cid:19)(cid:131)(cid:146)(cid:151)(cid:131)(cid:3)(cid:19)(cid:135)(cid:137)(cid:151)(cid:144)(cid:151)(cid:144)(cid:137)(cid:131)(cid:144) Indonesia (cid:885)(cid:890) (cid:19)(cid:131)(cid:146)(cid:151)(cid:131)(cid:3)(cid:5)(cid:131)(cid:148)(cid:131)(cid:150)(cid:3)(cid:7)(cid:131)(cid:155)(cid:131),,"(cid:885)(cid:882)(cid:481)(cid:885)(cid:936) 26,4% (cid:888)(cid:884)(cid:481)(cid:884)(cid:936)","(cid:887)(cid:888)(cid:481)(cid:890)(cid:936) 6,0% (cid:883)(cid:887)(cid:481)(cid:885)(cid:936)","(cid:883)(cid:884)(cid:481)(cid:891)(cid:936) 67,6% (cid:884)(cid:884)(cid:481)(cid:886)(cid:936)","(cid:883)(cid:882)(cid:481)(cid:885)(cid:936) 49,0% (cid:884)(cid:887)(cid:481)(cid:887)(cid:936)","(cid:890)(cid:891)(cid:481)(cid:882)(cid:936) 32,5% (cid:889)(cid:884)(cid:481)(cid:886)(cid:936)","(cid:882)(cid:481)(cid:888)(cid:936) 18,5% (cid:884)(cid:481)(cid:882)(cid:936)","(cid:887)(cid:481)(cid:884)(cid:936) 0,3% (cid:884)(cid:481)(cid:882)(cid:936)","(cid:885)(cid:481)(cid:884)(cid:936) 0,2% (cid:882)(cid:481)(cid:882)(cid:936)","(cid:891)(cid:883)(cid:481)(cid:888)(cid:936) 99,5% (cid:891)(cid:890)(cid:481)(cid:882)(cid:936)","(cid:884)(cid:882)(cid:481)(cid:882)(cid:936) 1,0% (cid:883)(cid:481)(cid:882)(cid:936)","(cid:883)(cid:887)(cid:481)(cid:887)(cid:936) 0,8% (cid:882)(cid:481)(cid:882)(cid:936)","(cid:888)(cid:886)(cid:481)(cid:887)(cid:936) 98,2% (cid:891)(cid:891)(cid:481)(cid:882)(cid:936)",,,,,,,,,,,,,,,,,,,,,
No,Provinsi,Puskesmas,,,,Rumah Sakit,,,,Sarana Pelayanan Kesehatan Lainnya,,,,Total,,,,,,,,,,,,,,,,,,,,
,,Perawat,,,Bidan,Perawat,,,Bidan,Perawat,,,Bidan,Perawat,,,Bidan,,,,,,,,,,,,,,,,,
,,L,P,L+P,,L,P,L+P,,L,P,L+P,,L,P,L+P,,,,,,,,,,,,,,,,,,
(1),(2),(3),(4),(5),(6),(7),(8),(9),(10),(11),(12),(13),(14),(15),(16),(17),(18),,,,,,,,,,,,,,,,,
(cid:883),(cid:4)(cid:6)(cid:8)(cid:11),(cid:884)(cid:484)(cid:886)(cid:888)(cid:885),(cid:888)(cid:484)(cid:889)(cid:884)(cid:882),(cid:891)(cid:484)(cid:883)(cid:890)(cid:885),(cid:883)(cid:888)(cid:484)(cid:882)(cid:887)(cid:885),(cid:885)(cid:484)(cid:888)(cid:884)(cid:885),(cid:889)(cid:484)(cid:891)(cid:891)(cid:883),(cid:883)(cid:883)(cid:484)(cid:888)(cid:883)(cid:886),(cid:886)(cid:484)(cid:889)(cid:890)(cid:882),(cid:887)(cid:889)(cid:886),(cid:883)(cid:484)(cid:883)(cid:887)(cid:882),(cid:883)(cid:484)(cid:889)(cid:884)(cid:886),(cid:883)(cid:484)(cid:890)(cid:886)(cid:889),(cid:888)(cid:484)(cid:888)(cid:888)(cid:882),(cid:883)(cid:887)(cid:484)(cid:890)(cid:888)(cid:883),(cid:884)(cid:884)(cid:484)(cid:887)(cid:884)(cid:883),(cid:884)(cid:884)(cid:484)(cid:888)(cid:890)(cid:882),,,,,,,,,,,,,,,,,
(cid:884),(cid:22)(cid:24)(cid:16)(cid:4)(cid:23)(cid:8)(cid:21)(cid:4)(cid:3)(cid:24)(cid:23)(cid:4)(cid:21)(cid:4),(cid:884)(cid:484)(cid:885)(cid:891)(cid:891),(cid:887)(cid:484)(cid:889)(cid:884)(cid:888),(cid:890)(cid:484)(cid:883)(cid:884)(cid:887),(cid:883)(cid:890)(cid:484)(cid:884)(cid:884)(cid:882),(cid:885)(cid:484)(cid:889)(cid:891)(cid:883),(cid:883)(cid:883)(cid:484)(cid:886)(cid:886)(cid:886),(cid:883)(cid:887)(cid:484)(cid:884)(cid:885)(cid:887),(cid:887)(cid:484)(cid:891)(cid:887)(cid:887),(cid:889)(cid:882)(cid:885),(cid:883)(cid:484)(cid:888)(cid:886)(cid:887),(cid:884)(cid:484)(cid:885)(cid:886)(cid:890),(cid:885)(cid:484)(cid:890)(cid:883)(cid:890),(cid:888)(cid:484)(cid:890)(cid:891)(cid:885),(cid:883)(cid:890)(cid:484)(cid:890)(cid:883)(cid:887),(cid:884)(cid:887)(cid:484)(cid:889)(cid:882)(cid:890),(cid:884)(cid:889)(cid:484)(cid:891)(cid:891)(cid:885),,,,,,,,,,,,,,,,,
(cid:885),(cid:22)(cid:24)(cid:16)(cid:4)(cid:23)(cid:8)(cid:21)(cid:4)(cid:3)(cid:5)(cid:4)(cid:21)(cid:4)(cid:23),(cid:887)(cid:890)(cid:888),(cid:884)(cid:484)(cid:891)(cid:883)(cid:885),(cid:885)(cid:484)(cid:886)(cid:891)(cid:891),(cid:888)(cid:484)(cid:889)(cid:883)(cid:888),(cid:883)(cid:484)(cid:886)(cid:885)(cid:887),(cid:888)(cid:484)(cid:889)(cid:885)(cid:883),(cid:890)(cid:484)(cid:883)(cid:888)(cid:888),(cid:883)(cid:484)(cid:891)(cid:887)(cid:884),(cid:883)(cid:890)(cid:882),(cid:888)(cid:888)(cid:891),(cid:890)(cid:886)(cid:891),(cid:883)(cid:484)(cid:883)(cid:887)(cid:884),(cid:884)(cid:484)(cid:884)(cid:882)(cid:883),(cid:883)(cid:882)(cid:484)(cid:885)(cid:883)(cid:885),(cid:883)(cid:884)(cid:484)(cid:887)(cid:883)(cid:886),(cid:891)(cid:484)(cid:890)(cid:884)(cid:882),,,,,,,,,,,,,,,,,
(cid:886),(cid:21)(cid:12)(cid:4)(cid:24),(cid:891)(cid:890)(cid:884),(cid:885)(cid:484)(cid:882)(cid:883)(cid:888),(cid:885)(cid:484)(cid:891)(cid:891)(cid:890),(cid:888)(cid:484)(cid:884)(cid:888)(cid:886),(cid:883)(cid:484)(cid:891)(cid:884)(cid:884),(cid:887)(cid:484)(cid:888)(cid:887)(cid:886),(cid:889)(cid:484)(cid:887)(cid:889)(cid:888),(cid:884)(cid:484)(cid:886)(cid:884)(cid:887),(cid:886)(cid:888)(cid:889),(cid:883)(cid:484)(cid:882)(cid:883)(cid:882),(cid:883)(cid:484)(cid:886)(cid:889)(cid:889),(cid:884)(cid:484)(cid:889)(cid:886)(cid:886),(cid:885)(cid:484)(cid:885)(cid:889)(cid:883),(cid:891)(cid:484)(cid:888)(cid:890)(cid:882),(cid:883)(cid:885)(cid:484)(cid:882)(cid:887)(cid:883),(cid:883)(cid:883)(cid:484)(cid:886)(cid:885)(cid:885),,,,,,,,,,,,,,,,,
(cid:887),(cid:13)(cid:4)(cid:16)(cid:5)(cid:12),(cid:891)(cid:885)(cid:882),(cid:884)(cid:484)(cid:886)(cid:887)(cid:885),(cid:885)(cid:484)(cid:885)(cid:890)(cid:885),(cid:887)(cid:484)(cid:884)(cid:882)(cid:882),(cid:883)(cid:484)(cid:884)(cid:885)(cid:888),(cid:885)(cid:484)(cid:885)(cid:882)(cid:891),(cid:886)(cid:484)(cid:887)(cid:886)(cid:887),(cid:883)(cid:484)(cid:887)(cid:885)(cid:889),(cid:884)(cid:890)(cid:884),(cid:887)(cid:883)(cid:883),(cid:889)(cid:891)(cid:885),(cid:883)(cid:484)(cid:885)(cid:887)(cid:886),(cid:884)(cid:484)(cid:886)(cid:886)(cid:890),(cid:888)(cid:484)(cid:884)(cid:889)(cid:885),(cid:890)(cid:484)(cid:889)(cid:884)(cid:883),(cid:890)(cid:484)(cid:882)(cid:891)(cid:883),,,,,,,,,,,,,,,,,
(cid:888),(cid:22)(cid:24)(cid:16)(cid:4)(cid:23)(cid:8)(cid:21)(cid:4)(cid:3)(cid:22)(cid:8)(cid:15)(cid:4)(cid:23)(cid:4)(cid:17),(cid:883)(cid:484)(cid:887)(cid:889)(cid:891),(cid:887)(cid:484)(cid:882)(cid:887)(cid:883),(cid:888)(cid:484)(cid:888)(cid:885)(cid:882),(cid:883)(cid:883)(cid:484)(cid:890)(cid:882)(cid:889),(cid:884)(cid:484)(cid:883)(cid:883)(cid:889),(cid:889)(cid:484)(cid:888)(cid:883)(cid:882),(cid:891)(cid:484)(cid:889)(cid:884)(cid:889),(cid:884)(cid:484)(cid:891)(cid:891)(cid:890),(cid:888)(cid:882)(cid:888),(cid:883)(cid:484)(cid:885)(cid:887)(cid:888),(cid:883)(cid:484)(cid:891)(cid:888)(cid:884),(cid:883)(cid:484)(cid:890)(cid:888)(cid:887),(cid:886)(cid:484)(cid:885)(cid:882)(cid:884),(cid:883)(cid:886)(cid:484)(cid:882)(cid:883)(cid:889),(cid:883)(cid:890)(cid:484)(cid:885)(cid:883)(cid:891),(cid:883)(cid:888)(cid:484)(cid:888)(cid:889)(cid:882),,,,,,,,,,,,,,,,,
(cid:889),(cid:5)(cid:8)(cid:17)(cid:10)(cid:14)(cid:24)(cid:15)(cid:24),(cid:888)(cid:885)(cid:891),(cid:883)(cid:484)(cid:888)(cid:890)(cid:883),(cid:884)(cid:484)(cid:885)(cid:884)(cid:882),(cid:885)(cid:484)(cid:888)(cid:888)(cid:889),(cid:890)(cid:885)(cid:882),(cid:883)(cid:484)(cid:891)(cid:887)(cid:886),(cid:884)(cid:484)(cid:889)(cid:890)(cid:886),(cid:883)(cid:484)(cid:884)(cid:882)(cid:887),(cid:883)(cid:888)(cid:883),(cid:884)(cid:890)(cid:888),(cid:886)(cid:886)(cid:889),(cid:887)(cid:882)(cid:884),(cid:883)(cid:484)(cid:888)(cid:885)(cid:882),(cid:885)(cid:484)(cid:891)(cid:884)(cid:883),(cid:887)(cid:484)(cid:887)(cid:887)(cid:883),(cid:887)(cid:484)(cid:885)(cid:889)(cid:886),,,,,,,,,,,,,,,,,
(cid:890),(cid:15)(cid:4)(cid:16)(cid:19)(cid:24)(cid:17)(cid:10),(cid:883)(cid:484)(cid:888)(cid:886)(cid:882),(cid:884)(cid:484)(cid:889)(cid:882)(cid:882),(cid:886)(cid:484)(cid:885)(cid:886)(cid:882),(cid:889)(cid:484)(cid:890)(cid:889)(cid:886),(cid:884)(cid:484)(cid:888)(cid:888)(cid:885),(cid:886)(cid:484)(cid:891)(cid:887)(cid:888),(cid:889)(cid:484)(cid:888)(cid:883)(cid:891),(cid:884)(cid:484)(cid:882)(cid:889)(cid:884),(cid:889)(cid:882)(cid:888),(cid:883)(cid:484)(cid:882)(cid:883)(cid:890),(cid:883)(cid:484)(cid:889)(cid:884)(cid:886),(cid:883)(cid:484)(cid:891)(cid:883)(cid:888),(cid:887)(cid:484)(cid:882)(cid:882)(cid:891),(cid:890)(cid:484)(cid:888)(cid:889)(cid:886),(cid:883)(cid:885)(cid:484)(cid:888)(cid:890)(cid:885),(cid:883)(cid:883)(cid:484)(cid:890)(cid:888)(cid:884),,,,,,,,,,,,,,,,,
(cid:891),(cid:14)(cid:8)(cid:19)(cid:24)(cid:15)(cid:4)(cid:24)(cid:4)(cid:17)(cid:3)(cid:5)(cid:4)(cid:17)(cid:10)(cid:14)(cid:4)(cid:3)(cid:5)(cid:8)(cid:15)(cid:12)(cid:23)(cid:24)(cid:17)(cid:10),(cid:885)(cid:883)(cid:884),(cid:889)(cid:891)(cid:885),(cid:883)(cid:484)(cid:883)(cid:882)(cid:887),(cid:891)(cid:890)(cid:890),(cid:889)(cid:882)(cid:887),(cid:883)(cid:484)(cid:889)(cid:882)(cid:882),(cid:884)(cid:484)(cid:886)(cid:882)(cid:887),(cid:887)(cid:882)(cid:890),(cid:883)(cid:891)(cid:890),(cid:885)(cid:886)(cid:890),(cid:887)(cid:886)(cid:888),(cid:885)(cid:882)(cid:886),(cid:883)(cid:484)(cid:884)(cid:883)(cid:887),(cid:884)(cid:484)(cid:890)(cid:886)(cid:883),(cid:886)(cid:484)(cid:882)(cid:887)(cid:888),(cid:883)(cid:484)(cid:890)(cid:882)(cid:882),,,,,,,,,,,,,,,,,
(cid:883)(cid:882),(cid:14)(cid:8)(cid:19)(cid:24)(cid:15)(cid:4)(cid:24)(cid:4)(cid:17)(cid:3)(cid:21)(cid:12)(cid:4)(cid:24),(cid:885)(cid:882)(cid:882),(cid:890)(cid:891)(cid:883),(cid:883)(cid:484)(cid:883)(cid:891)(cid:883),(cid:883)(cid:484)(cid:886)(cid:889)(cid:885),(cid:890)(cid:882)(cid:885),(cid:884)(cid:484)(cid:889)(cid:889)(cid:890),(cid:885)(cid:484)(cid:887)(cid:890)(cid:883),(cid:891)(cid:882)(cid:888),(cid:884)(cid:884)(cid:891),(cid:887)(cid:883)(cid:887),(cid:889)(cid:886)(cid:886),(cid:889)(cid:889)(cid:882),(cid:883)(cid:484)(cid:885)(cid:885)(cid:884),(cid:886)(cid:484)(cid:883)(cid:890)(cid:886),(cid:887)(cid:484)(cid:887)(cid:883)(cid:888),(cid:885)(cid:484)(cid:883)(cid:886)(cid:891),,,,,,,,,,,,,,,,,
(cid:883)(cid:883),(cid:7)(cid:14)(cid:12)(cid:3)(cid:13)(cid:4)(cid:14)(cid:4)(cid:21)(cid:23)(cid:4),(cid:885)(cid:891)(cid:890),(cid:889)(cid:889)(cid:885),(cid:883)(cid:484)(cid:883)(cid:889)(cid:883),(cid:883)(cid:484)(cid:882)(cid:889)(cid:887),(cid:888)(cid:484)(cid:883)(cid:889)(cid:883),(cid:884)(cid:887)(cid:484)(cid:891)(cid:887)(cid:888),(cid:885)(cid:884)(cid:484)(cid:883)(cid:884)(cid:889),(cid:885)(cid:484)(cid:888)(cid:882)(cid:890),(cid:883)(cid:484)(cid:886)(cid:890)(cid:887),(cid:886)(cid:484)(cid:883)(cid:886)(cid:882),(cid:887)(cid:484)(cid:888)(cid:884)(cid:887),(cid:884)(cid:484)(cid:890)(cid:883)(cid:884),(cid:890)(cid:484)(cid:882)(cid:887)(cid:886),(cid:885)(cid:882)(cid:484)(cid:890)(cid:888)(cid:891),(cid:885)(cid:890)(cid:484)(cid:891)(cid:884)(cid:885),(cid:889)(cid:484)(cid:886)(cid:891)(cid:887),,,,,,,,,,,,,,,,,
(cid:883)(cid:884),(cid:13)(cid:4)(cid:26)(cid:4)(cid:3)(cid:5)(cid:4)(cid:21)(cid:4)(cid:23),(cid:886)(cid:484)(cid:889)(cid:884)(cid:885),(cid:888)(cid:484)(cid:887)(cid:890)(cid:889),(cid:883)(cid:883)(cid:484)(cid:885)(cid:883)(cid:882),(cid:883)(cid:889)(cid:484)(cid:882)(cid:891)(cid:882),(cid:883)(cid:888)(cid:484)(cid:882)(cid:886)(cid:889),(cid:885)(cid:891)(cid:484)(cid:883)(cid:891)(cid:891),(cid:887)(cid:887)(cid:484)(cid:884)(cid:886)(cid:888),(cid:891)(cid:484)(cid:889)(cid:888)(cid:890),(cid:884)(cid:484)(cid:889)(cid:890)(cid:890),(cid:887)(cid:484)(cid:882)(cid:886)(cid:884),(cid:889)(cid:484)(cid:890)(cid:885)(cid:882),(cid:890)(cid:484)(cid:889)(cid:889)(cid:890),(cid:884)(cid:885)(cid:484)(cid:887)(cid:887)(cid:890),(cid:887)(cid:882)(cid:484)(cid:890)(cid:884)(cid:890),(cid:889)(cid:886)(cid:484)(cid:885)(cid:890)(cid:888),(cid:885)(cid:887)(cid:484)(cid:888)(cid:885)(cid:888),,,,,,,,,,,,,,,,,
(cid:883)(cid:885),(cid:13)(cid:4)(cid:26)(cid:4)(cid:3)(cid:23)(cid:8)(cid:17)(cid:10)(cid:4)(cid:11),(cid:885)(cid:484)(cid:888)(cid:884)(cid:884),(cid:888)(cid:484)(cid:889)(cid:887)(cid:885),(cid:883)(cid:882)(cid:484)(cid:885)(cid:889)(cid:887),(cid:883)(cid:888)(cid:484)(cid:890)(cid:888)(cid:888),(cid:883)(cid:886)(cid:484)(cid:883)(cid:890)(cid:884),(cid:885)(cid:886)(cid:484)(cid:886)(cid:888)(cid:883),(cid:886)(cid:890)(cid:484)(cid:888)(cid:886)(cid:885),(cid:890)(cid:484)(cid:889)(cid:883)(cid:883),(cid:884)(cid:484)(cid:884)(cid:885)(cid:886),(cid:887)(cid:484)(cid:891)(cid:889)(cid:884),(cid:890)(cid:484)(cid:884)(cid:882)(cid:888),(cid:889)(cid:484)(cid:884)(cid:888)(cid:887),(cid:884)(cid:882)(cid:484)(cid:882)(cid:885)(cid:890),(cid:886)(cid:889)(cid:484)(cid:883)(cid:890)(cid:888),(cid:888)(cid:889)(cid:484)(cid:884)(cid:884)(cid:886),(cid:885)(cid:884)(cid:484)(cid:890)(cid:886)(cid:884),,,,,,,,,,,,,,,,,
(cid:883)(cid:886),(cid:28)(cid:18)(cid:10)(cid:28)(cid:4)(cid:14)(cid:4)(cid:21)(cid:23)(cid:4),(cid:884)(cid:885)(cid:883),(cid:888)(cid:888)(cid:885),(cid:890)(cid:891)(cid:886),(cid:891)(cid:882)(cid:885),(cid:883)(cid:484)(cid:891)(cid:891)(cid:885),(cid:889)(cid:484)(cid:882)(cid:889)(cid:882),(cid:891)(cid:484)(cid:882)(cid:888)(cid:885),(cid:883)(cid:484)(cid:883)(cid:889)(cid:885),(cid:884)(cid:890)(cid:889),(cid:883)(cid:484)(cid:882)(cid:884)(cid:884),(cid:883)(cid:484)(cid:885)(cid:882)(cid:891),(cid:891)(cid:891)(cid:889),(cid:884)(cid:484)(cid:887)(cid:883)(cid:883),(cid:890)(cid:484)(cid:889)(cid:887)(cid:887),(cid:883)(cid:883)(cid:484)(cid:884)(cid:888)(cid:888),(cid:885)(cid:484)(cid:882)(cid:889)(cid:885),,,,,,,,,,,,,,,,,
(cid:883)(cid:887),(cid:13)(cid:4)(cid:26)(cid:4)(cid:3)(cid:23)(cid:12)(cid:16)(cid:24)(cid:21),(cid:888)(cid:484)(cid:887)(cid:887)(cid:885),(cid:891)(cid:484)(cid:887)(cid:890)(cid:891),(cid:883)(cid:888)(cid:484)(cid:883)(cid:886)(cid:884),(cid:883)(cid:889)(cid:484)(cid:889)(cid:884)(cid:886),(cid:883)(cid:888)(cid:484)(cid:882)(cid:883)(cid:889),(cid:885)(cid:885)(cid:484)(cid:883)(cid:888)(cid:885),(cid:886)(cid:891)(cid:484)(cid:883)(cid:890)(cid:882),(cid:891)(cid:484)(cid:886)(cid:888)(cid:890),(cid:885)(cid:484)(cid:887)(cid:884)(cid:891),(cid:888)(cid:484)(cid:888)(cid:883)(cid:883),(cid:883)(cid:882)(cid:484)(cid:883)(cid:886)(cid:882),(cid:890)(cid:484)(cid:885)(cid:884)(cid:884),(cid:884)(cid:888)(cid:484)(cid:882)(cid:891)(cid:891),(cid:886)(cid:891)(cid:484)(cid:885)(cid:888)(cid:885),(cid:889)(cid:887)(cid:484)(cid:886)(cid:888)(cid:884),(cid:885)(cid:887)(cid:484)(cid:887)(cid:883)(cid:886),,,,,,,,,,,,,,,,,
(cid:883)(cid:888),(cid:5)(cid:4)(cid:17)(cid:23)(cid:8)(cid:17),(cid:883)(cid:484)(cid:883)(cid:891)(cid:890),(cid:883)(cid:484)(cid:888)(cid:886)(cid:882),(cid:884)(cid:484)(cid:890)(cid:885)(cid:890),(cid:886)(cid:484)(cid:887)(cid:890)(cid:883),(cid:885)(cid:484)(cid:884)(cid:890)(cid:885),(cid:883)(cid:882)(cid:484)(cid:888)(cid:883)(cid:885),(cid:883)(cid:885)(cid:484)(cid:890)(cid:891)(cid:888),(cid:884)(cid:484)(cid:890)(cid:883)(cid:890),(cid:887)(cid:891)(cid:883),(cid:883)(cid:484)(cid:885)(cid:886)(cid:884),(cid:883)(cid:484)(cid:891)(cid:885)(cid:885),(cid:884)(cid:484)(cid:885)(cid:888)(cid:890),(cid:887)(cid:484)(cid:882)(cid:889)(cid:884),(cid:883)(cid:885)(cid:484)(cid:887)(cid:891)(cid:887),(cid:883)(cid:890)(cid:484)(cid:888)(cid:888)(cid:889),(cid:891)(cid:484)(cid:889)(cid:888)(cid:889),,,,,,,,,,,,,,,,,
(cid:883)(cid:889),(cid:5)(cid:4)(cid:15)(cid:12),(cid:887)(cid:886)(cid:890),(cid:883)(cid:484)(cid:883)(cid:891)(cid:891),(cid:883)(cid:484)(cid:889)(cid:886)(cid:889),(cid:884)(cid:484)(cid:885)(cid:888)(cid:884),(cid:884)(cid:484)(cid:889)(cid:887)(cid:882),(cid:889)(cid:484)(cid:885)(cid:886)(cid:883),(cid:883)(cid:882)(cid:484)(cid:882)(cid:891)(cid:883),(cid:884)(cid:484)(cid:886)(cid:883)(cid:888),(cid:886)(cid:888)(cid:883),(cid:883)(cid:484)(cid:883)(cid:887)(cid:889),(cid:883)(cid:484)(cid:888)(cid:883)(cid:890),(cid:883)(cid:484)(cid:886)(cid:885)(cid:884),(cid:885)(cid:484)(cid:889)(cid:887)(cid:891),(cid:891)(cid:484)(cid:888)(cid:891)(cid:889),(cid:883)(cid:885)(cid:484)(cid:886)(cid:887)(cid:888),(cid:888)(cid:484)(cid:884)(cid:883)(cid:882),,,,,,,,,,,,,,,,,
(cid:883)(cid:890),(cid:17)(cid:24)(cid:22)(cid:4)(cid:3)(cid:23)(cid:8)(cid:17)(cid:10)(cid:10)(cid:4)(cid:21)(cid:4)(cid:3)(cid:5)(cid:4)(cid:21)(cid:4)(cid:23),(cid:884)(cid:484)(cid:885)(cid:891)(cid:887),(cid:885)(cid:484)(cid:891)(cid:891)(cid:887),(cid:888)(cid:484)(cid:885)(cid:891)(cid:882),(cid:888)(cid:484)(cid:883)(cid:887)(cid:891),(cid:884)(cid:484)(cid:883)(cid:883)(cid:887),(cid:885)(cid:484)(cid:889)(cid:883)(cid:884),(cid:887)(cid:484)(cid:890)(cid:884)(cid:889),(cid:883)(cid:484)(cid:890)(cid:888)(cid:885),(cid:889)(cid:882)(cid:887),(cid:889)(cid:884)(cid:884),(cid:883)(cid:484)(cid:886)(cid:884)(cid:889),(cid:888)(cid:886)(cid:886),(cid:887)(cid:484)(cid:884)(cid:883)(cid:887),(cid:890)(cid:484)(cid:886)(cid:884)(cid:891),(cid:883)(cid:885)(cid:484)(cid:888)(cid:886)(cid:886),(cid:890)(cid:484)(cid:888)(cid:888)(cid:888),,,,,,,,,,,,,,,,,
(cid:883)(cid:891),(cid:17)(cid:24)(cid:22)(cid:4)(cid:3)(cid:23)(cid:8)(cid:17)(cid:10)(cid:10)(cid:4)(cid:21)(cid:4)(cid:3)(cid:23)(cid:12)(cid:16)(cid:24)(cid:21),(cid:884)(cid:484)(cid:890)(cid:887)(cid:886),(cid:888)(cid:484)(cid:887)(cid:884)(cid:891),(cid:891)(cid:484)(cid:885)(cid:890)(cid:885),(cid:883)(cid:882)(cid:484)(cid:882)(cid:887)(cid:890),(cid:883)(cid:484)(cid:887)(cid:884)(cid:888),(cid:886)(cid:484)(cid:888)(cid:885)(cid:883),(cid:888)(cid:484)(cid:883)(cid:887)(cid:889),(cid:884)(cid:484)(cid:883)(cid:889)(cid:889),(cid:885)(cid:887)(cid:882),(cid:890)(cid:888)(cid:890),(cid:883)(cid:484)(cid:884)(cid:883)(cid:890),(cid:883)(cid:484)(cid:883)(cid:887)(cid:886),(cid:886)(cid:484)(cid:889)(cid:885)(cid:882),(cid:883)(cid:884)(cid:484)(cid:882)(cid:884)(cid:890),(cid:883)(cid:888)(cid:484)(cid:889)(cid:887)(cid:890),(cid:883)(cid:885)(cid:484)(cid:885)(cid:890)(cid:891),,,,,,,,,,,,,,,,,
(cid:884)(cid:882),(cid:14)(cid:4)(cid:15)(cid:12)(cid:16)(cid:4)(cid:17)(cid:23)(cid:4)(cid:17)(cid:3)(cid:5)(cid:4)(cid:21)(cid:4)(cid:23),(cid:884)(cid:484)(cid:882)(cid:887)(cid:891),(cid:884)(cid:484)(cid:887)(cid:884)(cid:889),(cid:886)(cid:484)(cid:887)(cid:890)(cid:888),(cid:886)(cid:484)(cid:887)(cid:886)(cid:891),(cid:884)(cid:484)(cid:882)(cid:884)(cid:891),(cid:886)(cid:484)(cid:882)(cid:883)(cid:885),(cid:888)(cid:484)(cid:882)(cid:886)(cid:884),(cid:883)(cid:484)(cid:886)(cid:885)(cid:882),(cid:890)(cid:885)(cid:883),(cid:890)(cid:887)(cid:883),(cid:883)(cid:484)(cid:888)(cid:890)(cid:884),(cid:883)(cid:484)(cid:885)(cid:885)(cid:890),(cid:886)(cid:484)(cid:891)(cid:883)(cid:891),(cid:889)(cid:484)(cid:885)(cid:891)(cid:883),(cid:883)(cid:884)(cid:484)(cid:885)(cid:883)(cid:882),(cid:889)(cid:484)(cid:885)(cid:883)(cid:889),,,,,,,,,,,,,,,,,
(cid:884)(cid:883),(cid:14)(cid:4)(cid:15)(cid:12)(cid:16)(cid:4)(cid:17)(cid:23)(cid:4)(cid:17)(cid:3)(cid:23)(cid:8)(cid:17)(cid:10)(cid:4)(cid:11),(cid:883)(cid:484)(cid:886)(cid:882)(cid:887),(cid:884)(cid:484)(cid:882)(cid:888)(cid:889),(cid:885)(cid:484)(cid:886)(cid:889)(cid:884),(cid:885)(cid:484)(cid:883)(cid:891)(cid:885),(cid:883)(cid:484)(cid:884)(cid:883)(cid:883),(cid:884)(cid:484)(cid:885)(cid:890)(cid:885),(cid:885)(cid:484)(cid:887)(cid:891)(cid:886),(cid:883)(cid:484)(cid:882)(cid:886)(cid:887),(cid:889)(cid:884)(cid:883),(cid:890)(cid:887)(cid:883),(cid:883)(cid:484)(cid:887)(cid:889)(cid:884),(cid:883)(cid:484)(cid:884)(cid:887)(cid:889),(cid:885)(cid:484)(cid:885)(cid:885)(cid:889),(cid:887)(cid:484)(cid:885)(cid:882)(cid:883),(cid:890)(cid:484)(cid:888)(cid:885)(cid:890),(cid:887)(cid:484)(cid:886)(cid:891)(cid:887),,,,,,,,,,,,,,,,,
(cid:884)(cid:884),(cid:14)(cid:4)(cid:15)(cid:12)(cid:16)(cid:4)(cid:17)(cid:23)(cid:4)(cid:17)(cid:3)(cid:22)(cid:8)(cid:15)(cid:4)(cid:23)(cid:4)(cid:17),(cid:883)(cid:484)(cid:882)(cid:891)(cid:888),(cid:883)(cid:484)(cid:889)(cid:888)(cid:885),(cid:884)(cid:484)(cid:890)(cid:887)(cid:891),(cid:885)(cid:484)(cid:891)(cid:884)(cid:888),(cid:884)(cid:484)(cid:887)(cid:887)(cid:889),(cid:886)(cid:484)(cid:882)(cid:883)(cid:890),(cid:888)(cid:484)(cid:887)(cid:889)(cid:887),(cid:883)(cid:484)(cid:888)(cid:889)(cid:887),(cid:887)(cid:882)(cid:887),(cid:887)(cid:889)(cid:889),(cid:883)(cid:484)(cid:882)(cid:890)(cid:884),(cid:887)(cid:887)(cid:884),(cid:886)(cid:484)(cid:883)(cid:887)(cid:890),(cid:888)(cid:484)(cid:885)(cid:887)(cid:890),(cid:883)(cid:882)(cid:484)(cid:887)(cid:883)(cid:888),(cid:888)(cid:484)(cid:883)(cid:887)(cid:885),,,,,,,,,,,,,,,,,
(cid:884)(cid:885),(cid:14)(cid:4)(cid:15)(cid:12)(cid:16)(cid:4)(cid:17)(cid:23)(cid:4)(cid:17)(cid:3)(cid:23)(cid:12)(cid:16)(cid:24)(cid:21),(cid:890)(cid:883)(cid:888),(cid:883)(cid:484)(cid:890)(cid:882)(cid:887),(cid:884)(cid:484)(cid:888)(cid:884)(cid:883),(cid:884)(cid:484)(cid:888)(cid:882)(cid:889),(cid:884)(cid:484)(cid:882)(cid:882)(cid:887),(cid:887)(cid:484)(cid:887)(cid:885)(cid:885),(cid:889)(cid:484)(cid:887)(cid:885)(cid:890),(cid:883)(cid:484)(cid:888)(cid:883)(cid:887),(cid:888)(cid:890)(cid:891),(cid:883)(cid:484)(cid:883)(cid:883)(cid:890),(cid:883)(cid:484)(cid:890)(cid:882)(cid:889),(cid:883)(cid:484)(cid:886)(cid:888)(cid:882),(cid:885)(cid:484)(cid:887)(cid:883)(cid:882),(cid:890)(cid:484)(cid:886)(cid:887)(cid:888),(cid:883)(cid:883)(cid:484)(cid:891)(cid:888)(cid:888),(cid:887)(cid:484)(cid:888)(cid:890)(cid:884),,,,,,,,,,,,,,,,,
(cid:884)(cid:886),(cid:14)(cid:4)(cid:15)(cid:12)(cid:16)(cid:4)(cid:17)(cid:23)(cid:4)(cid:17)(cid:3)(cid:24)(cid:23)(cid:4)(cid:21)(cid:4),(cid:884)(cid:888)(cid:887),(cid:888)(cid:882)(cid:887),(cid:890)(cid:889)(cid:882),(cid:888)(cid:891)(cid:882),(cid:886)(cid:891)(cid:882),(cid:883)(cid:484)(cid:883)(cid:884)(cid:885),(cid:883)(cid:484)(cid:888)(cid:883)(cid:885),(cid:886)(cid:888)(cid:891),(cid:883)(cid:883)(cid:886),(cid:883)(cid:889)(cid:884),(cid:884)(cid:890)(cid:888),(cid:884)(cid:886)(cid:882),(cid:890)(cid:888)(cid:891),(cid:883)(cid:484)(cid:891)(cid:882)(cid:882),(cid:884)(cid:484)(cid:889)(cid:888)(cid:891),(cid:883)(cid:484)(cid:885)(cid:891)(cid:891),,,,,,,,,,,,,,,,,
(cid:884)(cid:887),(cid:22)(cid:24)(cid:15)(cid:4)(cid:26)(cid:8)(cid:22)(cid:12)(cid:3)(cid:24)(cid:23)(cid:4)(cid:21)(cid:4),(cid:886)(cid:890)(cid:887),(cid:884)(cid:484)(cid:886)(cid:887)(cid:888),(cid:884)(cid:484)(cid:891)(cid:886)(cid:883),(cid:884)(cid:484)(cid:882)(cid:884)(cid:889),(cid:883)(cid:484)(cid:887)(cid:889)(cid:888),(cid:887)(cid:484)(cid:887)(cid:889)(cid:891),(cid:889)(cid:484)(cid:883)(cid:887)(cid:887),(cid:883)(cid:484)(cid:883)(cid:889)(cid:888),(cid:883)(cid:887)(cid:887),(cid:886)(cid:889)(cid:882),(cid:888)(cid:884)(cid:887),(cid:884)(cid:885)(cid:884),(cid:884)(cid:484)(cid:884)(cid:883)(cid:888),(cid:890)(cid:484)(cid:887)(cid:882)(cid:887),(cid:883)(cid:882)(cid:484)(cid:889)(cid:884)(cid:883),(cid:885)(cid:484)(cid:886)(cid:885)(cid:887),,,,,,,,,,,,,,,,,
(cid:884)(cid:888),(cid:22)(cid:24)(cid:15)(cid:4)(cid:26)(cid:8)(cid:22)(cid:12)(cid:3)(cid:23)(cid:8)(cid:17)(cid:10)(cid:4)(cid:11),(cid:883)(cid:484)(cid:883)(cid:887)(cid:891),(cid:884)(cid:484)(cid:890)(cid:886)(cid:885),(cid:886)(cid:484)(cid:882)(cid:882)(cid:884),(cid:886)(cid:484)(cid:891)(cid:890)(cid:888),(cid:883)(cid:484)(cid:885)(cid:889)(cid:883),(cid:885)(cid:484)(cid:888)(cid:891)(cid:890),(cid:887)(cid:484)(cid:882)(cid:888)(cid:891),(cid:883)(cid:484)(cid:890)(cid:888)(cid:890),(cid:885)(cid:883)(cid:889),(cid:887)(cid:888)(cid:882),(cid:890)(cid:889)(cid:889),(cid:887)(cid:891)(cid:886),(cid:884)(cid:484)(cid:890)(cid:886)(cid:889),(cid:889)(cid:484)(cid:883)(cid:882)(cid:883),(cid:891)(cid:484)(cid:891)(cid:886)(cid:890),(cid:889)(cid:484)(cid:886)(cid:886)(cid:890),,,,,,,,,,,,,,,,,
(cid:884)(cid:889),(cid:22)(cid:24)(cid:15)(cid:4)(cid:26)(cid:8)(cid:22)(cid:12)(cid:3)(cid:22)(cid:8)(cid:15)(cid:4)(cid:23)(cid:4)(cid:17),(cid:883)(cid:484)(cid:891)(cid:882)(cid:891),(cid:890)(cid:484)(cid:889)(cid:884)(cid:889),(cid:883)(cid:882)(cid:484)(cid:888)(cid:885)(cid:888),(cid:883)(cid:886)(cid:484)(cid:889)(cid:887)(cid:889),(cid:885)(cid:484)(cid:883)(cid:887)(cid:886),(cid:883)(cid:884)(cid:484)(cid:888)(cid:884)(cid:886),(cid:883)(cid:887)(cid:484)(cid:889)(cid:889)(cid:890),(cid:886)(cid:484)(cid:890)(cid:891)(cid:890),(cid:889)(cid:885)(cid:890),(cid:883)(cid:484)(cid:891)(cid:890)(cid:888),(cid:884)(cid:484)(cid:889)(cid:884)(cid:886),(cid:884)(cid:484)(cid:888)(cid:882)(cid:889),(cid:887)(cid:484)(cid:890)(cid:882)(cid:883),(cid:884)(cid:885)(cid:484)(cid:885)(cid:885)(cid:889),(cid:884)(cid:891)(cid:484)(cid:883)(cid:885)(cid:890),(cid:884)(cid:884)(cid:484)(cid:884)(cid:888)(cid:884),,,,,,,,,,,,,,,,,
(cid:884)(cid:890),(cid:22)(cid:24)(cid:15)(cid:4)(cid:26)(cid:8)(cid:22)(cid:12)(cid:3)(cid:23)(cid:8)(cid:17)(cid:10)(cid:10)(cid:4)(cid:21)(cid:4),(cid:883)(cid:484)(cid:886)(cid:888)(cid:885),(cid:886)(cid:484)(cid:891)(cid:889)(cid:882),(cid:888)(cid:484)(cid:886)(cid:885)(cid:885),(cid:889)(cid:484)(cid:885)(cid:887)(cid:885),(cid:883)(cid:484)(cid:882)(cid:882)(cid:890),(cid:884)(cid:484)(cid:890)(cid:890)(cid:886),(cid:885)(cid:484)(cid:890)(cid:891)(cid:884),(cid:883)(cid:484)(cid:886)(cid:884)(cid:884),(cid:884)(cid:884)(cid:890),(cid:886)(cid:885)(cid:887),(cid:888)(cid:888)(cid:885),(cid:886)(cid:882)(cid:891),(cid:884)(cid:484)(cid:888)(cid:891)(cid:891),(cid:890)(cid:484)(cid:884)(cid:890)(cid:891),(cid:883)(cid:882)(cid:484)(cid:891)(cid:890)(cid:890),(cid:891)(cid:484)(cid:883)(cid:890)(cid:886),,,,,,,,,,,,,,,,,
(cid:884)(cid:891),(cid:10)(cid:18)(cid:21)(cid:18)(cid:17)(cid:23)(cid:4)(cid:15)(cid:18),(cid:885)(cid:885)(cid:882),(cid:891)(cid:888)(cid:889),(cid:883)(cid:484)(cid:884)(cid:891)(cid:889),(cid:883)(cid:484)(cid:887)(cid:882)(cid:891),(cid:888)(cid:889)(cid:888),(cid:883)(cid:484)(cid:888)(cid:887)(cid:888),(cid:884)(cid:484)(cid:885)(cid:885)(cid:884),(cid:889)(cid:891)(cid:890),(cid:883)(cid:883)(cid:889),(cid:883)(cid:889)(cid:888),(cid:884)(cid:891)(cid:885),(cid:883)(cid:884)(cid:889),(cid:883)(cid:484)(cid:883)(cid:884)(cid:885),(cid:884)(cid:484)(cid:889)(cid:891)(cid:891),(cid:885)(cid:484)(cid:891)(cid:884)(cid:884),(cid:884)(cid:484)(cid:886)(cid:885)(cid:886),,,,,,,,,,,,,,,,,
(cid:885)(cid:882),(cid:22)(cid:24)(cid:15)(cid:4)(cid:26)(cid:8)(cid:22)(cid:12)(cid:3)(cid:5)(cid:4)(cid:21)(cid:4)(cid:23),(cid:887)(cid:886)(cid:884),(cid:883)(cid:484)(cid:888)(cid:888)(cid:888),(cid:884)(cid:484)(cid:884)(cid:882)(cid:890),(cid:884)(cid:484)(cid:891)(cid:887)(cid:884),(cid:886)(cid:884)(cid:887),(cid:883)(cid:484)(cid:883)(cid:889)(cid:888),(cid:883)(cid:484)(cid:888)(cid:882)(cid:883),(cid:889)(cid:887)(cid:883),(cid:891)(cid:882),(cid:883)(cid:889)(cid:888),(cid:884)(cid:888)(cid:888),(cid:886)(cid:882)(cid:882),(cid:883)(cid:484)(cid:882)(cid:887)(cid:889),(cid:885)(cid:484)(cid:882)(cid:883)(cid:890),(cid:886)(cid:484)(cid:882)(cid:889)(cid:887),(cid:886)(cid:484)(cid:883)(cid:882)(cid:885),,,,,,,,,,,,,,,,,
(cid:885)(cid:883),(cid:16)(cid:4)(cid:15)(cid:24)(cid:14)(cid:24),(cid:883)(cid:484)(cid:882)(cid:882)(cid:883),(cid:885)(cid:484)(cid:882)(cid:886)(cid:889),(cid:886)(cid:484)(cid:882)(cid:886)(cid:890),(cid:884)(cid:484)(cid:888)(cid:886)(cid:889),(cid:888)(cid:889)(cid:885),(cid:884)(cid:484)(cid:888)(cid:884)(cid:885),(cid:885)(cid:484)(cid:884)(cid:891)(cid:888),(cid:891)(cid:884)(cid:889),(cid:883)(cid:888)(cid:885),(cid:886)(cid:882)(cid:883),(cid:887)(cid:888)(cid:886),(cid:884)(cid:887)(cid:890),(cid:883)(cid:484)(cid:890)(cid:885)(cid:889),(cid:888)(cid:484)(cid:882)(cid:889)(cid:883),(cid:889)(cid:484)(cid:891)(cid:882)(cid:890),(cid:885)(cid:484)(cid:890)(cid:885)(cid:884),,,,,,,,,,,,,,,,,
(cid:885)(cid:884),(cid:16)(cid:4)(cid:15)(cid:24)(cid:14)(cid:24)(cid:3)(cid:24)(cid:23)(cid:4)(cid:21)(cid:4),(cid:887)(cid:888)(cid:890),(cid:883)(cid:484)(cid:888)(cid:882)(cid:890),(cid:884)(cid:484)(cid:883)(cid:889)(cid:888),(cid:885)(cid:484)(cid:884)(cid:887)(cid:883),(cid:886)(cid:887)(cid:889),(cid:883)(cid:484)(cid:886)(cid:885)(cid:883),(cid:883)(cid:484)(cid:890)(cid:890)(cid:890),(cid:890)(cid:886)(cid:886),(cid:884)(cid:889)(cid:884),(cid:884)(cid:886)(cid:882),(cid:887)(cid:883)(cid:884),(cid:884)(cid:883)(cid:884),(cid:883)(cid:484)(cid:884)(cid:891)(cid:889),(cid:885)(cid:484)(cid:884)(cid:889)(cid:891),(cid:886)(cid:484)(cid:887)(cid:889)(cid:888),(cid:886)(cid:484)(cid:885)(cid:882)(cid:889),,,,,,,,,,,,,,,,,
(cid:885)(cid:885),(cid:19)(cid:4)(cid:19)(cid:24)(cid:4),(cid:888)(cid:891)(cid:888),(cid:883)(cid:484)(cid:884)(cid:884)(cid:882),(cid:883)(cid:484)(cid:891)(cid:883)(cid:888),(cid:883)(cid:484)(cid:883)(cid:885)(cid:891),(cid:888)(cid:885)(cid:887),(cid:883)(cid:484)(cid:890)(cid:884)(cid:883),(cid:884)(cid:484)(cid:886)(cid:887)(cid:888),(cid:887)(cid:885)(cid:885),(cid:883)(cid:887)(cid:889),(cid:883)(cid:890)(cid:884),(cid:885)(cid:885)(cid:891),(cid:883)(cid:882)(cid:888),(cid:883)(cid:484)(cid:886)(cid:890)(cid:890),(cid:885)(cid:484)(cid:884)(cid:884)(cid:885),(cid:886)(cid:484)(cid:889)(cid:883)(cid:883),(cid:883)(cid:484)(cid:889)(cid:889)(cid:890),,,,,,,,,,,,,,,,,
(cid:885)(cid:886),(cid:19)(cid:4)(cid:19)(cid:24)(cid:4)(cid:3)(cid:5)(cid:4)(cid:21)(cid:4)(cid:23),(cid:887)(cid:886)(cid:891),(cid:890)(cid:889)(cid:890),(cid:883)(cid:484)(cid:886)(cid:884)(cid:889),(cid:883)(cid:484)(cid:882)(cid:882)(cid:883),(cid:885)(cid:888)(cid:882),(cid:889)(cid:891)(cid:891),(cid:883)(cid:484)(cid:883)(cid:887)(cid:891),(cid:886)(cid:883)(cid:882),(cid:883)(cid:882)(cid:883),(cid:890)(cid:888),(cid:883)(cid:890)(cid:889),(cid:883)(cid:885)(cid:884),(cid:883)(cid:484)(cid:882)(cid:883)(cid:882),(cid:883)(cid:484)(cid:889)(cid:888)(cid:885),(cid:884)(cid:484)(cid:889)(cid:889)(cid:885),(cid:883)(cid:484)(cid:887)(cid:886)(cid:885),,,,,,,,,,,,,,,,,
(cid:885)(cid:887),(cid:19)(cid:4)(cid:19)(cid:24)(cid:4)(cid:3)(cid:22)(cid:8)(cid:15)(cid:4)(cid:23)(cid:4)(cid:17),(cid:885)(cid:884)(cid:885),(cid:887)(cid:885)(cid:886),(cid:890)(cid:887)(cid:889),(cid:888)(cid:891)(cid:886),(cid:883)(cid:887)(cid:885),(cid:887)(cid:888)(cid:889),(cid:889)(cid:884)(cid:882),(cid:884)(cid:889)(cid:890),(cid:889)(cid:890),(cid:890)(cid:883),(cid:883)(cid:887)(cid:891),(cid:890)(cid:884),(cid:887)(cid:887)(cid:886),(cid:883)(cid:484)(cid:883)(cid:890)(cid:884),(cid:883)(cid:484)(cid:889)(cid:885)(cid:888),(cid:883)(cid:484)(cid:882)(cid:887)(cid:886),,,,,,,,,,,,,,,,,
(cid:885)(cid:888),(cid:19)(cid:4)(cid:19)(cid:24)(cid:4)(cid:3)(cid:23)(cid:8)(cid:17)(cid:10)(cid:4)(cid:11),(cid:887)(cid:886)(cid:886),(cid:883)(cid:484)(cid:882)(cid:889)(cid:888),(cid:883)(cid:484)(cid:888)(cid:884)(cid:882),(cid:890)(cid:886)(cid:889),(cid:885)(cid:884)(cid:884),(cid:889)(cid:886)(cid:882),(cid:883)(cid:484)(cid:882)(cid:888)(cid:884),(cid:884)(cid:890)(cid:884),(cid:891)(cid:890),(cid:883)(cid:885)(cid:889),(cid:884)(cid:885)(cid:887),(cid:883)(cid:885)(cid:885),(cid:891)(cid:888)(cid:886),(cid:883)(cid:484)(cid:891)(cid:887)(cid:885),(cid:884)(cid:484)(cid:891)(cid:883)(cid:889),(cid:883)(cid:484)(cid:884)(cid:888)(cid:884),,,,,,,,,,,,,,,,,
(cid:885)(cid:889) (cid:19)(cid:4)(cid:19)(cid:24)(cid:4)(cid:3)(cid:19)(cid:8)(cid:10)(cid:24)(cid:17)(cid:24)(cid:17)(cid:10)(cid:4)(cid:17) Indonesia (cid:885)(cid:890) (cid:19)(cid:4)(cid:19)(cid:24)(cid:4)(cid:3)(cid:5)(cid:4)(cid:21)(cid:4)(cid:23)(cid:3)(cid:7)(cid:4)(cid:28)(cid:4),,(cid:886)(cid:890)(cid:885) 50.385 (cid:885)(cid:886)(cid:882),(cid:887)(cid:884)(cid:886) 109.966 (cid:883)(cid:484)(cid:882)(cid:883)(cid:883),(cid:883)(cid:484)(cid:882)(cid:882)(cid:889) 160.351 (cid:883)(cid:484)(cid:885)(cid:887)(cid:883),(cid:887)(cid:882)(cid:887) 214.692 (cid:891)(cid:889)(cid:891),(cid:883)(cid:885)(cid:888) 102.667 (cid:884)(cid:884)(cid:882),(cid:885)(cid:883)(cid:883) 273.902 (cid:888)(cid:887)(cid:882),(cid:886)(cid:886)(cid:889) 376.569 (cid:890)(cid:889)(cid:882),(cid:883)(cid:886)(cid:884) 87.183 (cid:884)(cid:890)(cid:882),(cid:888)(cid:886) 22.061 (cid:890)(cid:889),(cid:889)(cid:884) 44.065 (cid:883)(cid:883)(cid:882),(cid:883)(cid:885)(cid:888) 66.126 (cid:883)(cid:891)(cid:889),(cid:886)(cid:886) 60.337 (cid:883)(cid:883)(cid:882),(cid:888)(cid:890)(cid:885) 175.113 (cid:888)(cid:886)(cid:889),(cid:891)(cid:882)(cid:889) 427.933 (cid:883)(cid:484)(cid:889)(cid:889)(cid:883),(cid:883)(cid:484)(cid:887)(cid:891)(cid:882) 603.046 (cid:884)(cid:484)(cid:886)(cid:883)(cid:890),(cid:888)(cid:891)(cid:883) 362.212 (cid:883)(cid:484)(cid:885)(cid:888)(cid:891),,,,,,,,,,,,,,,,,
No,Provinsi,natawarepeK aganeT,nanadibeK aganeT,Tenaga Kesehatan Masyarakat,,,,Tenaga Kesehatan Lingkungan,,iziG aganeT,Tenaga Keterapian Fisik,,,,Tenaga Keteknisian Medik,,,,,,,,Tenaga Teknik Biomedika,,,,,Tenaga Kesehatan Tradisional,,,sinilK igolokisP aganeT,Tenaga Kefarmasian,,latoT
,,,,takaraysaM nataheseK,nad nataheseK ukalireP isomorP umkI aganeT,nataheseK goloimedipE,ajreK nataheseK gnibmibmeP,nataheseK golomotnE,nagnukniL isatinaS aganeT,,siparetoisiF,lanoisapukO sipareT,araciW sipareT,sipareT rutknupukA,isamrofnI nad nataheseK sideM makereP,raluksavoidraK iskinkeT,haraD nanayaleP isinkeT,sirtemotpO,igiG isinkeT,isetsenA ataneP,tuluM nad igiG sipareT,sigoloiduA,refargoidaR,sidemortkelE,muirotarobaL kideM igolonkeT aganeT,kkideM nawakisiF,kitetsorP kitotrO,tabogneP lanoisidarT nataheseK aganeT,umaJ naumaR umaJ nataheseK naumaR aganeT,lanoisidarT latnenitnokretnI nataheseK aganeT,,isamraF isakoV aganeT,reketopA,
(1),(2),(3),(4),(5),(6),(7),(8),(9),(10),(11),(12),(13),(14),(15),(16),(17),(18),(19),(20),(21),(22),(23),(24),(25),(26),(27),(28),(29),(30),(31),(32),(33),(34),(35)
,,,,,,,,,,,,,,,,,,,,,1246,0,444,196,,,,,0,0,29,1.777,552,49.268
,,,,,,,,,,,,,,,,,,,,,822,0,780,305,,,,,0,3,41,2.433,1.350,60.022
(cid:883),(cid:4)(cid:133)(cid:135)(cid:138),(cid:884)(cid:882)(cid:484)(cid:888)(cid:882)(cid:886),(cid:883)(cid:891)(cid:484)(cid:887)(cid:888)(cid:883),,(cid:882),(cid:882),,(cid:886),(cid:883)(cid:484)(cid:884)(cid:882)(cid:884),(cid:883)(cid:484)(cid:883)(cid:884)(cid:885),(cid:885)(cid:890)(cid:888),(cid:886),(cid:884),(cid:882),(cid:886)(cid:890)(cid:886),(cid:882),(cid:883)(cid:888),(cid:883)(cid:887)(cid:891),(cid:889),(cid:891)(cid:886),543,0,345,211,(cid:883)(cid:484)(cid:885)(cid:889)(cid:887),(cid:883),(cid:884),(cid:882),0,0,37,1.767,629,30.188
(cid:884),(cid:22)(cid:151)(cid:143)(cid:131)(cid:150)(cid:135)(cid:148)(cid:131)(cid:3)(cid:24)(cid:150)(cid:131)(cid:148)(cid:131),(cid:884)(cid:884)(cid:484)(cid:887)(cid:888)(cid:885),(cid:884)(cid:887)(cid:484)(cid:891)(cid:884)(cid:890),,(cid:882),(cid:882),,(cid:883),(cid:887)(cid:886)(cid:887),(cid:883)(cid:484)(cid:883)(cid:884)(cid:890),(cid:886)(cid:890)(cid:889),(cid:883)(cid:882),(cid:884)(cid:885),(cid:887),(cid:890)(cid:886)(cid:882),(cid:883),(cid:883)(cid:886),(cid:885)(cid:887)(cid:886),(cid:887),(cid:883)(cid:886)(cid:886),276,2,316,74,(cid:884)(cid:484)(cid:884)(cid:884)(cid:885),(cid:883)(cid:884),(cid:887),(cid:882),0,2,43,1.428,706,24.592
(cid:885),(cid:22)(cid:151)(cid:143)(cid:131)(cid:150)(cid:135)(cid:148)(cid:131)(cid:3)(cid:5)(cid:131)(cid:148)(cid:131)(cid:150),(cid:883)(cid:883)(cid:484)(cid:891)(cid:889)(cid:886),(cid:891)(cid:484)(cid:890)(cid:886)(cid:886),,(cid:882),(cid:882),,(cid:884),(cid:888)(cid:886)(cid:883),(cid:890)(cid:888)(cid:888),(cid:885)(cid:889)(cid:887),(cid:884)(cid:885),(cid:888)(cid:889),(cid:885),(cid:883)(cid:484)(cid:884)(cid:884)(cid:890),(cid:884),(cid:885)(cid:886),(cid:884)(cid:886)(cid:890),(cid:891),(cid:883)(cid:888)(cid:884),505,0,147,33,(cid:883)(cid:484)(cid:883)(cid:888)(cid:890),(cid:887),(cid:887),(cid:882),0,0,20,919,446,18.439
(cid:886),(cid:21)(cid:139)(cid:131)(cid:151),(cid:890)(cid:484)(cid:891)(cid:882)(cid:883),(cid:891)(cid:484)(cid:889)(cid:891)(cid:882),,(cid:883),(cid:882),,(cid:883),(cid:883)(cid:883)(cid:883),(cid:887)(cid:882)(cid:884),(cid:885)(cid:887)(cid:890),(cid:883)(cid:888),(cid:883)(cid:891),(cid:882),(cid:888)(cid:889)(cid:886),(cid:882),(cid:883)(cid:886),(cid:883)(cid:883)(cid:883),(cid:884)(cid:888),(cid:891)(cid:888),703,1,463,73,(cid:883)(cid:484)(cid:883)(cid:883)(cid:885),(cid:886),(cid:890),(cid:882),0,0,37,1.931,745,41.071
(cid:887),(cid:13)(cid:131)(cid:143)(cid:132)(cid:139),(cid:889)(cid:484)(cid:887)(cid:883)(cid:882),(cid:888)(cid:484)(cid:889)(cid:888)(cid:888),,(cid:882),(cid:882),,(cid:882),(cid:885)(cid:890)(cid:885),(cid:884)(cid:884)(cid:886),(cid:884)(cid:884)(cid:888),(cid:886),(cid:885),(cid:887),(cid:883)(cid:891)(cid:886),(cid:883),(cid:888),(cid:887)(cid:886),(cid:886),(cid:888)(cid:882),72,0,151,42,(cid:891)(cid:884)(cid:888),(cid:882),(cid:885),(cid:882),0,0,13,857,318,13.972
(cid:888),(cid:22)(cid:151)(cid:143)(cid:131)(cid:150)(cid:135)(cid:148)(cid:131)(cid:3)(cid:22)(cid:135)(cid:142)(cid:131)(cid:150)(cid:131)(cid:144),(cid:883)(cid:888)(cid:484)(cid:887)(cid:887)(cid:883),(cid:883)(cid:887)(cid:484)(cid:886)(cid:888)(cid:885),,(cid:884),(cid:882),,(cid:884),(cid:889)(cid:890)(cid:883),(cid:891)(cid:890)(cid:888),(cid:885)(cid:890)(cid:884),(cid:883)(cid:888),(cid:883)(cid:891),(cid:891),(cid:888)(cid:882)(cid:889),(cid:882),(cid:887)(cid:886),(cid:883)(cid:887)(cid:885),(cid:883)(cid:885),(cid:883)(cid:890)(cid:887),505,1,425,82,(cid:883)(cid:484)(cid:890)(cid:890)(cid:887),(cid:885),(cid:889),(cid:882),0,0,24,861,625,27.110
(cid:889),(cid:5)(cid:135)(cid:144)(cid:137)(cid:141)(cid:151)(cid:142)(cid:151),(cid:887)(cid:484)(cid:884)(cid:885)(cid:886),(cid:887)(cid:484)(cid:882)(cid:889)(cid:890),,(cid:887),(cid:883),,(cid:888),(cid:885)(cid:885)(cid:885),(cid:888)(cid:884)(cid:883),(cid:887)(cid:884),(cid:887),(cid:886),(cid:888),(cid:883)(cid:887)(cid:891),(cid:883),(cid:886),(cid:884)(cid:890),(cid:885),(cid:888)(cid:890),106,0,104,21,(cid:891)(cid:883)(cid:882),(cid:882),(cid:883),(cid:882),0,0,16,235,123,6.453
(cid:890),(cid:15)(cid:131)(cid:143)(cid:146)(cid:151)(cid:144)(cid:137),(cid:883)(cid:882)(cid:484)(cid:891)(cid:889)(cid:890),(cid:883)(cid:882)(cid:484)(cid:883)(cid:885)(cid:888),,(cid:882),(cid:882),,(cid:886),(cid:888)(cid:888)(cid:885),(cid:886)(cid:891)(cid:887),(cid:884)(cid:883)(cid:882),(cid:885)(cid:882),(cid:885)(cid:884),(cid:883)(cid:889),(cid:884)(cid:886)(cid:888),(cid:884),(cid:883)(cid:888),(cid:890)(cid:887),(cid:890)(cid:882),(cid:883)(cid:887)(cid:885),86,0,102,22,(cid:883)(cid:484)(cid:886)(cid:885)(cid:883),(cid:885),(cid:888),(cid:882),0,6,9,376,202,8.754
(cid:891),(cid:14)(cid:135)(cid:146)(cid:484)(cid:3)(cid:5)(cid:131)(cid:144)(cid:137)(cid:141)(cid:131)(cid:3)(cid:5)(cid:135)(cid:142)(cid:139)(cid:150)(cid:151)(cid:144)(cid:137),(cid:885)(cid:484)(cid:883)(cid:889)(cid:891),(cid:883)(cid:484)(cid:888)(cid:890)(cid:890),,(cid:882),(cid:882),,(cid:882),(cid:891)(cid:882),(cid:884)(cid:889)(cid:884),(cid:888)(cid:886),(cid:882),(cid:883)(cid:884),(cid:883),(cid:883)(cid:883)(cid:883),(cid:886),(cid:883)(cid:888),(cid:884)(cid:891),(cid:888),(cid:886)(cid:886),1190,31,1.021,668,(cid:885)(cid:885)(cid:882),(cid:883),(cid:883),(cid:882),0,34,255,2.502,5.738,61.603
(cid:883)(cid:882),(cid:14)(cid:135)(cid:146)(cid:151)(cid:142)(cid:131)(cid:151)(cid:131)(cid:144)(cid:3)(cid:21)(cid:139)(cid:131)(cid:151),(cid:885)(cid:484)(cid:891)(cid:885)(cid:888),(cid:884)(cid:484)(cid:890)(cid:887)(cid:890),,(cid:882),(cid:882),,(cid:883)(cid:882),(cid:885)(cid:887)(cid:884),(cid:883)(cid:882)(cid:888),(cid:888)(cid:884),(cid:883)(cid:884),(cid:885),(cid:886),(cid:883)(cid:885)(cid:885),(cid:882),(cid:883)(cid:891),(cid:886)(cid:890),(cid:884),(cid:884)(cid:891),1564,4,1.724,398,(cid:885)(cid:889)(cid:887),(cid:882),(cid:884),(cid:882),4,15,254,7.729,3.496,120.618
(cid:883)(cid:883),(cid:7)(cid:14)(cid:12)(cid:3)(cid:13)(cid:131)(cid:141)(cid:131)(cid:148)(cid:150)(cid:131),(cid:885)(cid:882)(cid:484)(cid:884)(cid:888)(cid:890),(cid:883)(cid:882)(cid:484)(cid:886)(cid:884)(cid:882),,(cid:885),(cid:883),,(cid:883),(cid:883)(cid:484)(cid:884)(cid:885)(cid:890),(cid:883)(cid:484)(cid:884)(cid:888)(cid:885),(cid:883)(cid:484)(cid:882)(cid:882)(cid:884),(cid:883)(cid:887)(cid:889),(cid:884)(cid:882)(cid:885),(cid:889)(cid:888),(cid:883)(cid:484)(cid:883)(cid:886)(cid:888),(cid:887)(cid:890),(cid:883)(cid:888)(cid:882),(cid:888)(cid:883)(cid:888),(cid:883)(cid:884)(cid:883),(cid:883)(cid:884)(cid:887),1316,2,2.035,817,(cid:885)(cid:484)(cid:884)(cid:885)(cid:887),(cid:885)(cid:882),(cid:885)(cid:890),(cid:885),80,3,214,7.995,2.686,117.137
(cid:883)(cid:884),(cid:13)(cid:131)(cid:153)(cid:131)(cid:3)(cid:5)(cid:131)(cid:148)(cid:131)(cid:150),(cid:887)(cid:887)(cid:484)(cid:887)(cid:882)(cid:883),(cid:885)(cid:884)(cid:484)(cid:888)(cid:891)(cid:889),,(cid:887)(cid:885),(cid:882),,(cid:887),(cid:883)(cid:484)(cid:882)(cid:887)(cid:887),(cid:883)(cid:484)(cid:890)(cid:890)(cid:889),(cid:883)(cid:484)(cid:883)(cid:882)(cid:883),(cid:883)(cid:891)(cid:888),(cid:885)(cid:884)(cid:883),(cid:886)(cid:890),(cid:885)(cid:484)(cid:890)(cid:891)(cid:888),(cid:883)(cid:891),(cid:883)(cid:889)(cid:891),(cid:888)(cid:890)(cid:889),(cid:885)(cid:888),(cid:887)(cid:887)(cid:889),363,0,339,158,(cid:889)(cid:484)(cid:883)(cid:886)(cid:888),(cid:883)(cid:888),(cid:884)(cid:890),(cid:884),1,1,147,1.006,682,19.061
(cid:883)(cid:885),(cid:13)(cid:131)(cid:153)(cid:131)(cid:3)(cid:23)(cid:135)(cid:144)(cid:137)(cid:131)(cid:138),(cid:887)(cid:887)(cid:484)(cid:883)(cid:884)(cid:884),(cid:884)(cid:890)(cid:484)(cid:883)(cid:889)(cid:888),,(cid:882),(cid:883),,(cid:885),(cid:883)(cid:484)(cid:885)(cid:885)(cid:886),(cid:883)(cid:484)(cid:889)(cid:886)(cid:890),(cid:883)(cid:484)(cid:891)(cid:888)(cid:888),(cid:886)(cid:887)(cid:883),(cid:886)(cid:889)(cid:886),(cid:884)(cid:888)(cid:890),(cid:886)(cid:484)(cid:890)(cid:887)(cid:891),(cid:886),(cid:885)(cid:891)(cid:891),(cid:887)(cid:885)(cid:886),(cid:883)(cid:883),(cid:885)(cid:889)(cid:885),1024,1,1.156,895,(cid:888)(cid:484)(cid:882)(cid:885)(cid:891),(cid:885)(cid:888),(cid:883)(cid:891)(cid:882),(cid:883),10,29,191,6.557,2.570,116.939
(cid:883)(cid:886),(cid:7)(cid:12)(cid:3)(cid:28)(cid:145)(cid:137)(cid:155)(cid:131)(cid:141)(cid:131)(cid:148)(cid:150)(cid:131),(cid:891)(cid:484)(cid:885)(cid:887)(cid:882),(cid:885)(cid:484)(cid:885)(cid:888)(cid:887),,(cid:882),(cid:882),,(cid:882),(cid:886)(cid:882)(cid:888),(cid:887)(cid:885)(cid:889),(cid:884)(cid:891)(cid:886),(cid:885)(cid:885),(cid:885)(cid:884),(cid:883)(cid:884),(cid:883)(cid:484)(cid:882)(cid:889)(cid:890),(cid:882),(cid:883)(cid:885)(cid:884),(cid:887)(cid:891),(cid:885),(cid:890)(cid:882),256,0,353,115,(cid:891)(cid:889)(cid:891),(cid:885),(cid:883),(cid:882),1,2,74,1.931,706,29.347
(cid:883)(cid:887),(cid:13)(cid:131)(cid:153)(cid:131)(cid:3)(cid:23)(cid:139)(cid:143)(cid:151)(cid:148),(cid:887)(cid:887)(cid:484)(cid:888)(cid:885)(cid:884),(cid:885)(cid:883)(cid:484)(cid:884)(cid:891)(cid:885),,(cid:883)(cid:885),(cid:882),,(cid:888),(cid:883)(cid:484)(cid:885)(cid:887)(cid:888),(cid:884)(cid:484)(cid:890)(cid:884)(cid:883),(cid:883)(cid:484)(cid:882)(cid:882)(cid:883),(cid:883)(cid:882)(cid:883),(cid:883)(cid:884)(cid:889),(cid:883)(cid:888)(cid:887),(cid:886)(cid:484)(cid:885)(cid:883)(cid:889),(cid:882),(cid:884)(cid:888)(cid:883),(cid:888)(cid:886)(cid:887),(cid:883)(cid:888)(cid:883),(cid:884)(cid:885)(cid:888),431,0,414,82,(cid:888)(cid:484)(cid:884)(cid:886)(cid:884),(cid:884)(cid:884),(cid:885)(cid:891),(cid:888)(cid:890),0,0,49,1.160,512,22.203
(cid:883)(cid:888),(cid:5)(cid:131)(cid:144)(cid:150)(cid:135)(cid:144),(cid:883)(cid:884)(cid:484)(cid:890)(cid:887)(cid:883),(cid:891)(cid:484)(cid:889)(cid:888)(cid:885),,(cid:883),(cid:882),,(cid:883),(cid:884)(cid:887)(cid:885),(cid:884)(cid:890)(cid:890),(cid:885)(cid:882)(cid:891),(cid:887)(cid:887),(cid:887)(cid:886),(cid:883)(cid:886),(cid:886)(cid:888)(cid:883),(cid:885)(cid:886),(cid:890)(cid:883),(cid:884)(cid:882)(cid:888),(cid:884)(cid:889),(cid:889)(cid:882),403,0,215,99,(cid:883)(cid:484)(cid:886)(cid:885)(cid:883),(cid:887),(cid:887),(cid:882),0,1,24,1.092,382,21.695
(cid:883)(cid:889),(cid:5)(cid:131)(cid:142)(cid:139),(cid:883)(cid:882)(cid:484)(cid:890)(cid:884)(cid:887),(cid:887)(cid:484)(cid:889)(cid:883)(cid:890),,(cid:883),(cid:882),,(cid:883),(cid:885)(cid:889)(cid:886),(cid:888)(cid:887)(cid:888),(cid:885)(cid:883)(cid:884),(cid:883)(cid:885),(cid:883)(cid:882),(cid:883)(cid:891),(cid:883)(cid:888)(cid:889),(cid:882),(cid:884)(cid:888),(cid:887)(cid:889),(cid:887),(cid:883)(cid:889)(cid:884),526,0,150,77,(cid:883)(cid:484)(cid:883)(cid:891)(cid:887),(cid:883),(cid:885),(cid:882),0,0,11,1.406,319,23.704
(cid:883)(cid:890),(cid:17)(cid:151)(cid:149)(cid:131)(cid:3)(cid:23)(cid:135)(cid:144)(cid:137)(cid:137)(cid:131)(cid:148)(cid:131)(cid:3)(cid:5)(cid:131)(cid:148)(cid:131)(cid:150),(cid:891)(cid:484)(cid:889)(cid:888)(cid:887),(cid:888)(cid:484)(cid:884)(cid:889)(cid:882),,(cid:882),(cid:882),,(cid:889),(cid:884)(cid:889)(cid:883),(cid:889)(cid:883)(cid:882),(cid:884)(cid:886)(cid:885),(cid:883)(cid:889),(cid:883)(cid:883),(cid:883),(cid:887)(cid:887)(cid:885),(cid:888),(cid:891)(cid:888),(cid:886)(cid:883),(cid:885),(cid:883)(cid:884)(cid:891),652,1,178,59,(cid:883)(cid:484)(cid:885)(cid:886)(cid:888),(cid:891),(cid:883),(cid:882),0,2,23,755,317,20.593
(cid:883)(cid:891),(cid:17)(cid:151)(cid:149)(cid:131)(cid:3)(cid:23)(cid:135)(cid:144)(cid:137)(cid:137)(cid:131)(cid:148)(cid:131)(cid:3)(cid:23)(cid:139)(cid:143)(cid:151)(cid:148),(cid:891)(cid:484)(cid:890)(cid:890)(cid:885),(cid:889)(cid:484)(cid:890)(cid:891)(cid:891),,(cid:883),(cid:882),,(cid:882),(cid:888)(cid:885)(cid:891),(cid:890)(cid:886)(cid:885),(cid:883)(cid:882)(cid:887),(cid:882),(cid:883),(cid:885),(cid:886)(cid:882)(cid:886),(cid:882),(cid:891)(cid:888),(cid:885)(cid:889),(cid:888),(cid:886)(cid:882),197,0,123,30,(cid:883)(cid:484)(cid:884)(cid:887)(cid:890),(cid:882),(cid:882),(cid:882),0,0,21,662,306,13.274
(cid:884)(cid:882),(cid:14)(cid:131)(cid:142)(cid:139)(cid:143)(cid:131)(cid:144)(cid:150)(cid:131)(cid:144)(cid:3)(cid:5)(cid:131)(cid:148)(cid:131)(cid:150),(cid:890)(cid:484)(cid:891)(cid:884)(cid:891),(cid:888)(cid:484)(cid:887)(cid:884)(cid:883),,(cid:883),(cid:882),,(cid:882),(cid:886)(cid:889)(cid:889),(cid:890)(cid:891)(cid:887),(cid:883)(cid:885)(cid:886),(cid:891),(cid:884)(cid:884),(cid:886),(cid:885)(cid:886)(cid:887),(cid:882),(cid:884)(cid:883),(cid:887)(cid:890),(cid:883),(cid:887)(cid:887),584,1,202,132,(cid:883)(cid:484)(cid:883)(cid:885)(cid:885),(cid:883),(cid:882),(cid:882),1,0,36,915,521,18.886
(cid:884)(cid:883),(cid:14)(cid:131)(cid:142)(cid:139)(cid:143)(cid:131)(cid:144)(cid:150)(cid:131)(cid:144)(cid:3)(cid:23)(cid:135)(cid:144)(cid:137)(cid:131)(cid:138),(cid:888)(cid:484)(cid:882)(cid:882)(cid:883),(cid:886)(cid:484)(cid:884)(cid:890)(cid:889),,(cid:882),(cid:882),,(cid:882),(cid:883)(cid:884)(cid:891),(cid:886)(cid:883)(cid:884),(cid:889)(cid:888),(cid:883)(cid:884),(cid:888),(cid:887),(cid:883)(cid:887)(cid:890),(cid:882),(cid:883)(cid:891),(cid:884)(cid:884),(cid:890),(cid:885)(cid:887),215,1,171,77,(cid:889)(cid:888)(cid:887),(cid:882),(cid:882),(cid:882),0,1,38,1.031,540,18.264
(cid:884)(cid:884),(cid:14)(cid:131)(cid:142)(cid:139)(cid:143)(cid:131)(cid:144)(cid:150)(cid:131)(cid:144)(cid:3)(cid:22)(cid:135)(cid:142)(cid:131)(cid:150)(cid:131)(cid:144),(cid:889)(cid:484)(cid:891)(cid:887)(cid:885),(cid:887)(cid:484)(cid:885)(cid:885)(cid:887),,(cid:882),(cid:882),,(cid:882),(cid:887)(cid:884)(cid:886),(cid:890)(cid:882)(cid:886),(cid:883)(cid:884)(cid:887),(cid:883)(cid:883),(cid:889),(cid:886),(cid:886)(cid:883)(cid:886),(cid:882),(cid:883)(cid:883),(cid:888)(cid:884),(cid:883)(cid:882),(cid:887)(cid:882),41,0,30,22,(cid:883)(cid:484)(cid:883)(cid:890)(cid:882),(cid:883),(cid:885),(cid:882),0,0,3,229,89,3.344
(cid:884)(cid:885),(cid:14)(cid:131)(cid:142)(cid:139)(cid:143)(cid:131)(cid:144)(cid:150)(cid:131)(cid:144)(cid:3)(cid:23)(cid:139)(cid:143)(cid:151)(cid:148),(cid:890)(cid:484)(cid:888)(cid:884)(cid:883),(cid:887)(cid:484)(cid:882)(cid:889)(cid:883),,(cid:888),(cid:882),,(cid:884),(cid:884)(cid:884)(cid:888),(cid:885)(cid:888)(cid:890),(cid:883)(cid:891)(cid:885),(cid:884)(cid:886),(cid:884)(cid:891),(cid:889),(cid:884)(cid:886)(cid:885),(cid:887),(cid:884)(cid:885),(cid:886)(cid:885),(cid:889),(cid:890)(cid:886),273,0,82,27,(cid:883)(cid:484)(cid:884)(cid:884)(cid:890),(cid:886),(cid:888),(cid:882),0,0,4,651,182,13.281
(cid:884)(cid:886),(cid:14)(cid:131)(cid:142)(cid:139)(cid:143)(cid:131)(cid:144)(cid:150)(cid:131)(cid:144)(cid:3)(cid:24)(cid:150)(cid:131)(cid:148)(cid:131),(cid:883)(cid:484)(cid:887)(cid:891)(cid:884),(cid:883)(cid:484)(cid:882)(cid:885)(cid:883),,(cid:882),(cid:882),,(cid:882),(cid:885)(cid:886),(cid:886)(cid:883),(cid:884)(cid:887),(cid:883),(cid:885),(cid:882),(cid:886)(cid:891),(cid:883),(cid:889),(cid:884),(cid:883),(cid:883)(cid:886),178,0,122,35,(cid:883)(cid:884)(cid:890),(cid:883),(cid:882),(cid:882),0,0,10,947,314,15.796
(cid:884)(cid:887),(cid:22)(cid:151)(cid:142)(cid:131)(cid:153)(cid:135)(cid:149)(cid:139)(cid:3)(cid:24)(cid:150)(cid:131)(cid:148)(cid:131),(cid:889)(cid:484)(cid:887)(cid:884)(cid:889),(cid:884)(cid:484)(cid:891)(cid:887)(cid:887),,(cid:882),(cid:882),,(cid:882),(cid:885)(cid:884)(cid:883),(cid:886)(cid:889)(cid:890),(cid:891)(cid:884),(cid:888),(cid:883),(cid:883),(cid:887)(cid:887),(cid:882),(cid:887)(cid:884),(cid:885)(cid:883),(cid:888),(cid:886)(cid:891),1269,0,617,252,(cid:886)(cid:890)(cid:888),(cid:884),(cid:882),(cid:882),0,0,28,3.353,1.312,61.164
(cid:884)(cid:888),(cid:22)(cid:151)(cid:142)(cid:131)(cid:153)(cid:135)(cid:149)(cid:139)(cid:3)(cid:23)(cid:135)(cid:144)(cid:137)(cid:131)(cid:138),(cid:888)(cid:484)(cid:888)(cid:888)(cid:891),(cid:887)(cid:484)(cid:890)(cid:883)(cid:886),,(cid:882),(cid:882),,(cid:885),(cid:885)(cid:890)(cid:883),(cid:886)(cid:886)(cid:890),(cid:891)(cid:882),(cid:884),(cid:882),(cid:882),(cid:889)(cid:885),(cid:883)(cid:887),(cid:886)(cid:884),(cid:883)(cid:886),(cid:886),(cid:888)(cid:883),469,1,103,119,(cid:887)(cid:889)(cid:885),(cid:883),(cid:882),(cid:882),0,0,9,927,623,19.599
(cid:884)(cid:889),(cid:22)(cid:151)(cid:142)(cid:131)(cid:153)(cid:135)(cid:149)(cid:139)(cid:3)(cid:22)(cid:135)(cid:142)(cid:131)(cid:150)(cid:131)(cid:144),(cid:884)(cid:888)(cid:484)(cid:883)(cid:888)(cid:889),(cid:884)(cid:882)(cid:484)(cid:891)(cid:890)(cid:890),,(cid:882),(cid:882),,(cid:889),(cid:883)(cid:484)(cid:883)(cid:884)(cid:885),(cid:891)(cid:890)(cid:887),(cid:888)(cid:891)(cid:885),(cid:883)(cid:889),(cid:883)(cid:887),(cid:883),(cid:883)(cid:484)(cid:882)(cid:884)(cid:882),(cid:887)(cid:891),(cid:886)(cid:887),(cid:886)(cid:886),(cid:886)(cid:889),(cid:883)(cid:882)(cid:888),47,0,79,14,(cid:884)(cid:484)(cid:891)(cid:891)(cid:883),(cid:883)(cid:890),(cid:888),(cid:883),0,0,4,456,111,7.578
(cid:884)(cid:890),(cid:22)(cid:151)(cid:142)(cid:131)(cid:153)(cid:135)(cid:149)(cid:139)(cid:3)(cid:23)(cid:135)(cid:144)(cid:137)(cid:137)(cid:131)(cid:148)(cid:131),(cid:889)(cid:484)(cid:888)(cid:882)(cid:882),(cid:888)(cid:484)(cid:891)(cid:884)(cid:883),,(cid:882),(cid:882),,(cid:882),(cid:885)(cid:887)(cid:886),(cid:889)(cid:883)(cid:888),(cid:890)(cid:890),(cid:885),(cid:882),(cid:883),(cid:884)(cid:891)(cid:890),(cid:891),(cid:884)(cid:888),(cid:883)(cid:886),(cid:891),(cid:888)(cid:888),75,0,45,9,(cid:883)(cid:484)(cid:884)(cid:886)(cid:882),(cid:885),(cid:882),(cid:882),0,0,2,313,110,7.216
(cid:884)(cid:891),(cid:10)(cid:145)(cid:148)(cid:145)(cid:144)(cid:150)(cid:131)(cid:142)(cid:145),(cid:885)(cid:484)(cid:886)(cid:889)(cid:888),(cid:884)(cid:484)(cid:883)(cid:885)(cid:888),,(cid:882),(cid:882),,(cid:883),(cid:883)(cid:886)(cid:882),(cid:887)(cid:884)(cid:890),(cid:885)(cid:886),(cid:882),(cid:882),(cid:882),(cid:891)(cid:888),(cid:884),(cid:883)(cid:886),(cid:886),(cid:883),(cid:885)(cid:887),65,0,60,17,(cid:885)(cid:891)(cid:890),(cid:883),(cid:883),(cid:882),0,0,5,191,81,8.726
(cid:885)(cid:882),(cid:22)(cid:151)(cid:142)(cid:131)(cid:153)(cid:135)(cid:149)(cid:139)(cid:3)(cid:5)(cid:131)(cid:148)(cid:131)(cid:150),(cid:885)(cid:484)(cid:882)(cid:886)(cid:890),(cid:884)(cid:484)(cid:891)(cid:888)(cid:887),,(cid:882),(cid:882),,(cid:882),(cid:883)(cid:889)(cid:887),(cid:884)(cid:883)(cid:885),(cid:887)(cid:882),(cid:882),(cid:884),(cid:882),(cid:885)(cid:882),(cid:884),(cid:883),(cid:884),(cid:888),(cid:887),69,0,59,13,(cid:883)(cid:888)(cid:885),(cid:882),(cid:882),(cid:882),0,0,1,348,95,7.492
(cid:885)(cid:883),(cid:16)(cid:131)(cid:142)(cid:151)(cid:141)(cid:151),(cid:886)(cid:484)(cid:886)(cid:888)(cid:882),(cid:884)(cid:484)(cid:885)(cid:886)(cid:884),,(cid:882),(cid:882),,(cid:882),(cid:885)(cid:889)(cid:891),(cid:886)(cid:883)(cid:883),(cid:886)(cid:883),(cid:882),(cid:883),(cid:882),(cid:885)(cid:887),(cid:886),(cid:883)(cid:885),(cid:890),(cid:886),(cid:884)(cid:883),40,0,55,21,(cid:887)(cid:890)(cid:889),(cid:883),(cid:882),(cid:882),0,0,6,640,352,9.785
(cid:885)(cid:884),(cid:16)(cid:131)(cid:142)(cid:151)(cid:141)(cid:151)(cid:3)(cid:24)(cid:150)(cid:131)(cid:148)(cid:131),(cid:884)(cid:484)(cid:890)(cid:884)(cid:884),(cid:884)(cid:484)(cid:890)(cid:888)(cid:883),,(cid:882),(cid:882),,(cid:883),(cid:884)(cid:882)(cid:886),(cid:885)(cid:886)(cid:888),(cid:884)(cid:888),(cid:887),(cid:882),(cid:882),(cid:885)(cid:888),(cid:883)(cid:885),(cid:883)(cid:882),(cid:884),(cid:883)(cid:883),(cid:884)(cid:889),22,1,31,10,(cid:887)(cid:886)(cid:885),(cid:882),(cid:882),(cid:882),0,0,5,162,168,4.452
(cid:885)(cid:885),(cid:19)(cid:131)(cid:146)(cid:151)(cid:131),(cid:886)(cid:484)(cid:887)(cid:884)(cid:891),(cid:884)(cid:484)(cid:887)(cid:884)(cid:883),,(cid:882),(cid:882),,(cid:883),(cid:884)(cid:885)(cid:885),(cid:884)(cid:886)(cid:883),(cid:887)(cid:886),(cid:884),(cid:883),(cid:882),(cid:889)(cid:882),(cid:883),(cid:886),(cid:891),(cid:889),(cid:885)(cid:890),0,0,0,0,(cid:891)(cid:887)(cid:891),(cid:883),(cid:882),(cid:882),0,0,0,0,0,0
(cid:885)(cid:886),(cid:19)(cid:131)(cid:146)(cid:151)(cid:131)(cid:3)(cid:5)(cid:131)(cid:148)(cid:131)(cid:150),(cid:884)(cid:484)(cid:883)(cid:890)(cid:889),(cid:883)(cid:484)(cid:884)(cid:887)(cid:883),,(cid:882),(cid:882),,(cid:884),(cid:885)(cid:891),(cid:884)(cid:882)(cid:882),(cid:884)(cid:883),(cid:883),(cid:882),(cid:882),(cid:885)(cid:884),(cid:884),(cid:883)(cid:884),(cid:883)(cid:882),(cid:883),(cid:883)(cid:888),0,0,0,0,(cid:884)(cid:889)(cid:890),(cid:882),(cid:883),(cid:882),0,0,0,0,0,0
(cid:885)(cid:887),(cid:19)(cid:131)(cid:146)(cid:151)(cid:131)(cid:3)(cid:22)(cid:135)(cid:142)(cid:131)(cid:150)(cid:131)(cid:144),(cid:882),(cid:882),,(cid:882),(cid:882),,(cid:882),(cid:882),(cid:882),(cid:882),(cid:882),(cid:882),(cid:882),(cid:882),(cid:882),(cid:882),(cid:882),(cid:882),(cid:882),0,0,0,0,(cid:882),(cid:882),(cid:882),(cid:882),0,0,0,0,0,0
(cid:885)(cid:888),(cid:19)(cid:131)(cid:146)(cid:151)(cid:131)(cid:3)(cid:23)(cid:135)(cid:144)(cid:137)(cid:131)(cid:138),(cid:882),(cid:882),,(cid:882),(cid:882),,(cid:882),(cid:882),(cid:882),(cid:882),(cid:882),(cid:882),(cid:882),(cid:882),(cid:882),(cid:882),(cid:882),(cid:882),(cid:882),0,0,0,0,(cid:882),(cid:882),(cid:882),(cid:882),0,0,0,0,0,0
(cid:885)(cid:889),(cid:19)(cid:131)(cid:146)(cid:151)(cid:131)(cid:3)(cid:19)(cid:135)(cid:137)(cid:151)(cid:144)(cid:151)(cid:144)(cid:137)(cid:131)(cid:144),(cid:882),(cid:882),,(cid:882),(cid:882),,(cid:882),(cid:882),(cid:882),(cid:882),(cid:882),(cid:882),(cid:882),(cid:882),(cid:882),(cid:882),(cid:882),(cid:882),(cid:882),0,0,0,0,(cid:882),(cid:882),(cid:882),(cid:882),0,0,0,0,25.395,25.395
(cid:885)(cid:890) (cid:19)(cid:131)(cid:146)(cid:151)(cid:131)(cid:3)(cid:5)(cid:131)(cid:148)(cid:131)(cid:150)(cid:3)(cid:7)(cid:131)(cid:155)(cid:131) Indonesia (cid:885)(cid:891) (cid:523)(cid:132)(cid:142)(cid:131)(cid:144)(cid:141)(cid:524),,(cid:882) 462.208 (cid:882),(cid:882) 315.712 (cid:882),0,(cid:882) 87 (cid:882),(cid:882) 3 (cid:882),0,(cid:882) 71 (cid:882),(cid:882) 16.76(cid:882)6,(cid:882) 24.16(cid:882)2,(cid:882) 10.67(cid:882)7,(cid:882) 1.236 (cid:882),(cid:882) 1.504 (cid:882),(cid:882) 679 (cid:882),(cid:882) 24.51(cid:882)1,(cid:882) 245 (cid:882),(cid:882) 1.923 (cid:882),(cid:882) 4.476 (cid:882),(cid:882) 651 (cid:882),(cid:882) 3.479 (cid:882),16.133,47,12.641,5.205,(cid:882) 53.25(cid:882)9,(cid:882) 185 (cid:882),(cid:882) 362 (cid:882),(cid:882) 75 (cid:882),97,99,1.683,55.542,53.303,1.067.021
No,Provinsi,Kesehatan Masyarakat,,,Kesehatan Lingkungan,,,Gizi,,,,,,,,,,,,,,,,,,,,,,,,,,
,,L,P,L+P,L,P,L+P,L,P,L+P,,,,,,,,,,,,,,,,,,,,,,,,
(1),(2),(3),(4),(5),(6),(7),(8),(9),(10),(11),,,,,,,,,,,,,,,,,,,,,,,,
(cid:883),(cid:4)(cid:6)(cid:8)(cid:11),(cid:887)(cid:885)(cid:890),(cid:884)(cid:484)(cid:884)(cid:884)(cid:885),(cid:884)(cid:484)(cid:889)(cid:888)(cid:883),(cid:883)(cid:889)(cid:883),(cid:890)(cid:885)(cid:889),(cid:883)(cid:484)(cid:882)(cid:882)(cid:890),(cid:888)(cid:885),(cid:890)(cid:882)(cid:889),(cid:890)(cid:889)(cid:882),,,,,,,,,,,,,,,,,,,,,,,,
(cid:884),(cid:22)(cid:24)(cid:16)(cid:4)(cid:23)(cid:8)(cid:21)(cid:4)(cid:3)(cid:24)(cid:23)(cid:4)(cid:21)(cid:4),(cid:885)(cid:886)(cid:887),(cid:883)(cid:484)(cid:890)(cid:888)(cid:890),(cid:884)(cid:484)(cid:884)(cid:883)(cid:885),(cid:883)(cid:885)(cid:887),(cid:886)(cid:890)(cid:885),(cid:888)(cid:883)(cid:890),(cid:888)(cid:883),(cid:889)(cid:887)(cid:891),(cid:890)(cid:884)(cid:882),,,,,,,,,,,,,,,,,,,,,,,,
(cid:885),(cid:22)(cid:24)(cid:16)(cid:4)(cid:23)(cid:8)(cid:21)(cid:4)(cid:3)(cid:5)(cid:4)(cid:21)(cid:4)(cid:23),(cid:883)(cid:886)(cid:883),(cid:889)(cid:885)(cid:891),(cid:890)(cid:890)(cid:882),(cid:891)(cid:885),(cid:885)(cid:884)(cid:882),(cid:886)(cid:883)(cid:885),(cid:884)(cid:884),(cid:887)(cid:889)(cid:887),(cid:887)(cid:891)(cid:889),,,,,,,,,,,,,,,,,,,,,,,,
(cid:886),(cid:21)(cid:12)(cid:4)(cid:24),(cid:883)(cid:890)(cid:887),(cid:888)(cid:889)(cid:889),(cid:890)(cid:888)(cid:884),(cid:890)(cid:889),(cid:884)(cid:885)(cid:884),(cid:885)(cid:883)(cid:891),(cid:884)(cid:888),(cid:885)(cid:891)(cid:888),(cid:886)(cid:884)(cid:884),,,,,,,,,,,,,,,,,,,,,,,,
(cid:887),(cid:13)(cid:4)(cid:16)(cid:5)(cid:12),(cid:883)(cid:885)(cid:891),(cid:886)(cid:887)(cid:886),(cid:887)(cid:891)(cid:885),(cid:889)(cid:887),(cid:884)(cid:885)(cid:889),(cid:885)(cid:883)(cid:884),(cid:885)(cid:883),(cid:884)(cid:889)(cid:891),(cid:885)(cid:883)(cid:882),,,,,,,,,,,,,,,,,,,,,,,,
(cid:888),(cid:22)(cid:24)(cid:16)(cid:4)(cid:23)(cid:8)(cid:21)(cid:4)(cid:3)(cid:22)(cid:8)(cid:15)(cid:4)(cid:23)(cid:4)(cid:17),(cid:884)(cid:891)(cid:887),(cid:883)(cid:484)(cid:884)(cid:884)(cid:887),(cid:883)(cid:484)(cid:887)(cid:884)(cid:882),(cid:883)(cid:884)(cid:885),(cid:887)(cid:886)(cid:884),(cid:888)(cid:888)(cid:887),(cid:886)(cid:886),(cid:887)(cid:891)(cid:885),(cid:888)(cid:885)(cid:889),,,,,,,,,,,,,,,,,,,,,,,,
(cid:889),(cid:5)(cid:8)(cid:17)(cid:10)(cid:14)(cid:24)(cid:15)(cid:24),(cid:884)(cid:882)(cid:891),(cid:887)(cid:888)(cid:882),(cid:889)(cid:888)(cid:891),(cid:889)(cid:886),(cid:883)(cid:888)(cid:889),(cid:884)(cid:886)(cid:883),(cid:884)(cid:886),(cid:885)(cid:885)(cid:882),(cid:885)(cid:887)(cid:886),,,,,,,,,,,,,,,,,,,,,,,,
(cid:890),(cid:15)(cid:4)(cid:16)(cid:19)(cid:24)(cid:17)(cid:10),(cid:883)(cid:890)(cid:887),(cid:886)(cid:891)(cid:886),(cid:888)(cid:889)(cid:891),(cid:883)(cid:883)(cid:887),(cid:885)(cid:889)(cid:886),(cid:886)(cid:890)(cid:891),(cid:887)(cid:887),(cid:886)(cid:884)(cid:886),(cid:886)(cid:889)(cid:891),,,,,,,,,,,,,,,,,,,,,,,,
(cid:891),(cid:14)(cid:8)(cid:19)(cid:24)(cid:15)(cid:4)(cid:24)(cid:4)(cid:17)(cid:3)(cid:5)(cid:4)(cid:17)(cid:10)(cid:14)(cid:4)(cid:3)(cid:5)(cid:8)(cid:15)(cid:12)(cid:23)(cid:24)(cid:17)(cid:10),(cid:887)(cid:887),(cid:883)(cid:886)(cid:890),(cid:884)(cid:882)(cid:885),(cid:884)(cid:886),(cid:889)(cid:885),(cid:891)(cid:889),(cid:883)(cid:888),(cid:883)(cid:884)(cid:885),(cid:883)(cid:885)(cid:891),,,,,,,,,,,,,,,,,,,,,,,,
(cid:883)(cid:882),(cid:14)(cid:8)(cid:19)(cid:24)(cid:15)(cid:4)(cid:24)(cid:4)(cid:17)(cid:3)(cid:21)(cid:12)(cid:4)(cid:24),(cid:887)(cid:887),(cid:883)(cid:887)(cid:890),(cid:884)(cid:883)(cid:885),(cid:886)(cid:884),(cid:883)(cid:885)(cid:884),(cid:883)(cid:889)(cid:886),(cid:883)(cid:886),(cid:883)(cid:883)(cid:888),(cid:883)(cid:885)(cid:882),,,,,,,,,,,,,,,,,,,,,,,,
(cid:883)(cid:883),(cid:7)(cid:14)(cid:12)(cid:3)(cid:13)(cid:4)(cid:14)(cid:4)(cid:21)(cid:23)(cid:4),(cid:883)(cid:891),(cid:883)(cid:883)(cid:884),(cid:883)(cid:885)(cid:883),(cid:886)(cid:890),(cid:888)(cid:886),(cid:883)(cid:883)(cid:884),(cid:883)(cid:883),(cid:883)(cid:885)(cid:887),(cid:883)(cid:886)(cid:888),,,,,,,,,,,,,,,,,,,,,,,,
(cid:883)(cid:884),(cid:13)(cid:4)(cid:26)(cid:4)(cid:3)(cid:5)(cid:4)(cid:21)(cid:4)(cid:23),(cid:887)(cid:886)(cid:885),(cid:883)(cid:484)(cid:886)(cid:886)(cid:883),(cid:883)(cid:484)(cid:891)(cid:890)(cid:886),(cid:885)(cid:882)(cid:888),(cid:889)(cid:891)(cid:889),(cid:883)(cid:484)(cid:883)(cid:882)(cid:885),(cid:891)(cid:890),(cid:883)(cid:484)(cid:883)(cid:882)(cid:883),(cid:883)(cid:484)(cid:883)(cid:891)(cid:891),,,,,,,,,,,,,,,,,,,,,,,,
(cid:883)(cid:885),(cid:13)(cid:4)(cid:26)(cid:4)(cid:3)(cid:23)(cid:8)(cid:17)(cid:10)(cid:4)(cid:11),(cid:885)(cid:887)(cid:888),(cid:883)(cid:484)(cid:889)(cid:884)(cid:886),(cid:884)(cid:484)(cid:882)(cid:890)(cid:882),(cid:885)(cid:882)(cid:891),(cid:890)(cid:889)(cid:884),(cid:883)(cid:484)(cid:883)(cid:890)(cid:883),(cid:883)(cid:886)(cid:885),(cid:883)(cid:484)(cid:885)(cid:883)(cid:884),(cid:883)(cid:484)(cid:886)(cid:887)(cid:887),,,,,,,,,,,,,,,,,,,,,,,,
(cid:883)(cid:886),(cid:28)(cid:18)(cid:10)(cid:28)(cid:4)(cid:14)(cid:4)(cid:21)(cid:23)(cid:4),(cid:886)(cid:885),(cid:883)(cid:891)(cid:891),(cid:884)(cid:886)(cid:884),(cid:886)(cid:883),(cid:883)(cid:884)(cid:883),(cid:883)(cid:888)(cid:884),(cid:884)(cid:887),(cid:884)(cid:884)(cid:882),(cid:884)(cid:886)(cid:887),,,,,,,,,,,,,,,,,,,,,,,,
(cid:883)(cid:887),(cid:13)(cid:4)(cid:26)(cid:4)(cid:3)(cid:23)(cid:12)(cid:16)(cid:24)(cid:21),(cid:884)(cid:886)(cid:891),(cid:883)(cid:484)(cid:885)(cid:886)(cid:886),(cid:883)(cid:484)(cid:887)(cid:891)(cid:885),(cid:884)(cid:883)(cid:882),(cid:889)(cid:890)(cid:885),(cid:891)(cid:891)(cid:885),(cid:883)(cid:890)(cid:884),(cid:883)(cid:484)(cid:885)(cid:888)(cid:884),(cid:883)(cid:484)(cid:887)(cid:886)(cid:886),,,,,,,,,,,,,,,,,,,,,,,,
(cid:883)(cid:888),(cid:5)(cid:4)(cid:17)(cid:23)(cid:8)(cid:17),(cid:883)(cid:882)(cid:889),(cid:885)(cid:887)(cid:890),(cid:886)(cid:888)(cid:887),(cid:888)(cid:883),(cid:884)(cid:883)(cid:882),(cid:884)(cid:889)(cid:883),(cid:884)(cid:887),(cid:885)(cid:883)(cid:882),(cid:885)(cid:885)(cid:887),,,,,,,,,,,,,,,,,,,,,,,,
(cid:883)(cid:889),(cid:5)(cid:4)(cid:15)(cid:12),(cid:888)(cid:885),(cid:883)(cid:891)(cid:885),(cid:884)(cid:887)(cid:888),(cid:890)(cid:886),(cid:883)(cid:885)(cid:890),(cid:884)(cid:884)(cid:884),(cid:884)(cid:887),(cid:883)(cid:891)(cid:891),(cid:884)(cid:884)(cid:886),,,,,,,,,,,,,,,,,,,,,,,,
(cid:883)(cid:890),(cid:17)(cid:24)(cid:22)(cid:4)(cid:3)(cid:23)(cid:8)(cid:17)(cid:10)(cid:10)(cid:4)(cid:21)(cid:4)(cid:3)(cid:5)(cid:4)(cid:21)(cid:4)(cid:23),(cid:884)(cid:884)(cid:890),(cid:887)(cid:886)(cid:887),(cid:889)(cid:889)(cid:885),(cid:883)(cid:885)(cid:884),(cid:885)(cid:883)(cid:882),(cid:886)(cid:886)(cid:884),(cid:883)(cid:882)(cid:889),(cid:888)(cid:889)(cid:886),(cid:889)(cid:890)(cid:883),,,,,,,,,,,,,,,,,,,,,,,,
(cid:883)(cid:891),(cid:17)(cid:24)(cid:22)(cid:4)(cid:3)(cid:23)(cid:8)(cid:17)(cid:10)(cid:10)(cid:4)(cid:21)(cid:4)(cid:3)(cid:23)(cid:12)(cid:16)(cid:24)(cid:21),(cid:888)(cid:885)(cid:888),(cid:883)(cid:484)(cid:883)(cid:882)(cid:885),(cid:883)(cid:484)(cid:889)(cid:885)(cid:891),(cid:885)(cid:890)(cid:889),(cid:887)(cid:890)(cid:890),(cid:891)(cid:889)(cid:887),(cid:884)(cid:888)(cid:886),(cid:891)(cid:890)(cid:890),(cid:883)(cid:484)(cid:884)(cid:887)(cid:884),,,,,,,,,,,,,,,,,,,,,,,,
(cid:884)(cid:882),(cid:14)(cid:4)(cid:15)(cid:12)(cid:16)(cid:4)(cid:17)(cid:23)(cid:4)(cid:17)(cid:3)(cid:5)(cid:4)(cid:21)(cid:4)(cid:23),(cid:883)(cid:891)(cid:885),(cid:885)(cid:890)(cid:884),(cid:887)(cid:889)(cid:887),(cid:883)(cid:887)(cid:885),(cid:884)(cid:887)(cid:889),(cid:886)(cid:883)(cid:882),(cid:891)(cid:887),(cid:886)(cid:889)(cid:886),(cid:887)(cid:888)(cid:891),,,,,,,,,,,,,,,,,,,,,,,,
(cid:884)(cid:883),(cid:14)(cid:4)(cid:15)(cid:12)(cid:16)(cid:4)(cid:17)(cid:23)(cid:4)(cid:17)(cid:3)(cid:23)(cid:8)(cid:17)(cid:10)(cid:4)(cid:11),(cid:883)(cid:883)(cid:885),(cid:884)(cid:891)(cid:887),(cid:886)(cid:882)(cid:890),(cid:889)(cid:890),(cid:883)(cid:885)(cid:885),(cid:884)(cid:883)(cid:883),(cid:886)(cid:888),(cid:885)(cid:884)(cid:885),(cid:885)(cid:888)(cid:891),,,,,,,,,,,,,,,,,,,,,,,,
(cid:884)(cid:884),(cid:14)(cid:4)(cid:15)(cid:12)(cid:16)(cid:4)(cid:17)(cid:23)(cid:4)(cid:17)(cid:3)(cid:22)(cid:8)(cid:15)(cid:4)(cid:23)(cid:4)(cid:17),(cid:884)(cid:883)(cid:888),(cid:886)(cid:887)(cid:891),(cid:888)(cid:889)(cid:887),(cid:883)(cid:884)(cid:891),(cid:885)(cid:883)(cid:885),(cid:886)(cid:886)(cid:884),(cid:883)(cid:883)(cid:883),(cid:887)(cid:890)(cid:891),(cid:889)(cid:882)(cid:882),,,,,,,,,,,,,,,,,,,,,,,,
(cid:884)(cid:885),(cid:14)(cid:4)(cid:15)(cid:12)(cid:16)(cid:4)(cid:17)(cid:23)(cid:4)(cid:17)(cid:3)(cid:23)(cid:12)(cid:16)(cid:24)(cid:21),(cid:883)(cid:886)(cid:884),(cid:886)(cid:882)(cid:883),(cid:887)(cid:886)(cid:885),(cid:888)(cid:885),(cid:883)(cid:888)(cid:883),(cid:884)(cid:884)(cid:886),(cid:887)(cid:883),(cid:884)(cid:883)(cid:888),(cid:884)(cid:888)(cid:889),,,,,,,,,,,,,,,,,,,,,,,,
(cid:884)(cid:886),(cid:14)(cid:4)(cid:15)(cid:12)(cid:16)(cid:4)(cid:17)(cid:23)(cid:4)(cid:17)(cid:3)(cid:24)(cid:23)(cid:4)(cid:21)(cid:4),(cid:887)(cid:884),(cid:883)(cid:883)(cid:891),(cid:883)(cid:889)(cid:883),(cid:884)(cid:891),(cid:887)(cid:882),(cid:889)(cid:891),(cid:883)(cid:887),(cid:888)(cid:884),(cid:889)(cid:889),,,,,,,,,,,,,,,,,,,,,,,,
(cid:884)(cid:887),(cid:22)(cid:24)(cid:15)(cid:4)(cid:26)(cid:8)(cid:22)(cid:12)(cid:3)(cid:24)(cid:23)(cid:4)(cid:21)(cid:4),(cid:883)(cid:883)(cid:885),(cid:887)(cid:886)(cid:887),(cid:888)(cid:887)(cid:890),(cid:883)(cid:883)(cid:890),(cid:884)(cid:884)(cid:884),(cid:885)(cid:886)(cid:882),(cid:888)(cid:886),(cid:885)(cid:884)(cid:883),(cid:885)(cid:890)(cid:887),,,,,,,,,,,,,,,,,,,,,,,,
(cid:884)(cid:888),(cid:22)(cid:24)(cid:15)(cid:4)(cid:26)(cid:8)(cid:22)(cid:12)(cid:3)(cid:23)(cid:8)(cid:17)(cid:10)(cid:4)(cid:11),(cid:885)(cid:889)(cid:882),(cid:883)(cid:484)(cid:883)(cid:889)(cid:886),(cid:883)(cid:484)(cid:887)(cid:886)(cid:886),(cid:883)(cid:884)(cid:890),(cid:885)(cid:885)(cid:883),(cid:886)(cid:887)(cid:891),(cid:888)(cid:889),(cid:886)(cid:884)(cid:885),(cid:886)(cid:891)(cid:882),,,,,,,,,,,,,,,,,,,,,,,,
(cid:884)(cid:889),(cid:22)(cid:24)(cid:15)(cid:4)(cid:26)(cid:8)(cid:22)(cid:12)(cid:3)(cid:22)(cid:8)(cid:15)(cid:4)(cid:23)(cid:4)(cid:17),(cid:886)(cid:885)(cid:882),(cid:884)(cid:484)(cid:882)(cid:891)(cid:885),(cid:884)(cid:484)(cid:887)(cid:884)(cid:885),(cid:883)(cid:891)(cid:884),(cid:889)(cid:890)(cid:882),(cid:891)(cid:889)(cid:884),(cid:889)(cid:889),(cid:891)(cid:882)(cid:891),(cid:891)(cid:890)(cid:888),,,,,,,,,,,,,,,,,,,,,,,,
(cid:884)(cid:890),(cid:22)(cid:24)(cid:15)(cid:4)(cid:26)(cid:8)(cid:22)(cid:12)(cid:3)(cid:23)(cid:8)(cid:17)(cid:10)(cid:10)(cid:4)(cid:21)(cid:4),(cid:887)(cid:882)(cid:884),(cid:883)(cid:484)(cid:891)(cid:884)(cid:887),(cid:884)(cid:484)(cid:886)(cid:884)(cid:889),(cid:883)(cid:888)(cid:888),(cid:886)(cid:888)(cid:890),(cid:888)(cid:885)(cid:886),(cid:883)(cid:882)(cid:886),(cid:890)(cid:882)(cid:888),(cid:891)(cid:883)(cid:882),,,,,,,,,,,,,,,,,,,,,,,,
(cid:884)(cid:891),(cid:10)(cid:18)(cid:21)(cid:18)(cid:17)(cid:23)(cid:4)(cid:15)(cid:18),(cid:890)(cid:890),(cid:886)(cid:886)(cid:887),(cid:887)(cid:885)(cid:885),(cid:885)(cid:884),(cid:883)(cid:885)(cid:886),(cid:883)(cid:888)(cid:888),(cid:888)(cid:882),(cid:884)(cid:891)(cid:884),(cid:885)(cid:887)(cid:884),,,,,,,,,,,,,,,,,,,,,,,,
(cid:885)(cid:882),(cid:22)(cid:24)(cid:15)(cid:4)(cid:26)(cid:8)(cid:22)(cid:12)(cid:3)(cid:5)(cid:4)(cid:21)(cid:4)(cid:23),(cid:891)(cid:887),(cid:886)(cid:888)(cid:889),(cid:887)(cid:888)(cid:884),(cid:888)(cid:887),(cid:883)(cid:886)(cid:889),(cid:884)(cid:883)(cid:884),(cid:884)(cid:883),(cid:884)(cid:885)(cid:882),(cid:884)(cid:887)(cid:883),,,,,,,,,,,,,,,,,,,,,,,,
(cid:885)(cid:883),(cid:16)(cid:4)(cid:15)(cid:24)(cid:14)(cid:24),(cid:884)(cid:882)(cid:890),(cid:888)(cid:889)(cid:886),(cid:890)(cid:890)(cid:884),(cid:883)(cid:889)(cid:889),(cid:884)(cid:891)(cid:884),(cid:886)(cid:888)(cid:891),(cid:889)(cid:883),(cid:886)(cid:889)(cid:886),(cid:887)(cid:886)(cid:887),,,,,,,,,,,,,,,,,,,,,,,,
(cid:885)(cid:884),(cid:16)(cid:4)(cid:15)(cid:24)(cid:14)(cid:24)(cid:3)(cid:24)(cid:23)(cid:4)(cid:21)(cid:4),(cid:883)(cid:890)(cid:882),(cid:889)(cid:886)(cid:884),(cid:891)(cid:884)(cid:884),(cid:888)(cid:886),(cid:883)(cid:888)(cid:891),(cid:884)(cid:885)(cid:885),(cid:885)(cid:885),(cid:885)(cid:885)(cid:886),(cid:885)(cid:888)(cid:889),,,,,,,,,,,,,,,,,,,,,,,,
(cid:885)(cid:885),(cid:19)(cid:4)(cid:19)(cid:24)(cid:4),(cid:891)(cid:883),(cid:884)(cid:886)(cid:891),(cid:885)(cid:886)(cid:882),(cid:889)(cid:886),(cid:890)(cid:889),(cid:883)(cid:888)(cid:883),(cid:885)(cid:891),(cid:883)(cid:888)(cid:886),(cid:884)(cid:882)(cid:885),,,,,,,,,,,,,,,,,,,,,,,,
(cid:885)(cid:886),(cid:19)(cid:4)(cid:19)(cid:24)(cid:4)(cid:3)(cid:5)(cid:4)(cid:21)(cid:4)(cid:23),(cid:887)(cid:891),(cid:883)(cid:887)(cid:884),(cid:884)(cid:883)(cid:883),(cid:885)(cid:889),(cid:886)(cid:886),(cid:890)(cid:883),(cid:883)(cid:890),(cid:883)(cid:883)(cid:889),(cid:883)(cid:885)(cid:887),,,,,,,,,,,,,,,,,,,,,,,,
(cid:885)(cid:887),(cid:19)(cid:4)(cid:19)(cid:24)(cid:4)(cid:3)(cid:22)(cid:8)(cid:15)(cid:4)(cid:23)(cid:4)(cid:17),(cid:886)(cid:891),(cid:890)(cid:886),(cid:883)(cid:885)(cid:885),(cid:884)(cid:889),(cid:885)(cid:888),(cid:888)(cid:885),(cid:883)(cid:889),(cid:889)(cid:882),(cid:890)(cid:889),,,,,,,,,,,,,,,,,,,,,,,,
(cid:885)(cid:888),(cid:19)(cid:4)(cid:19)(cid:24)(cid:4)(cid:3)(cid:23)(cid:8)(cid:17)(cid:10)(cid:4)(cid:11),(cid:889)(cid:882),(cid:883)(cid:890)(cid:891),(cid:884)(cid:887)(cid:891),(cid:886)(cid:891),(cid:888)(cid:885),(cid:883)(cid:883)(cid:884),(cid:883)(cid:882),(cid:889)(cid:888),(cid:890)(cid:888),,,,,,,,,,,,,,,,,,,,,,,,
(cid:885)(cid:889) (cid:19)(cid:4)(cid:19)(cid:24)(cid:4)(cid:3)(cid:19)(cid:8)(cid:10)(cid:24)(cid:17)(cid:24)(cid:17)(cid:10)(cid:4)(cid:17) Indonesia (cid:885)(cid:890) (cid:19)(cid:4)(cid:19)(cid:24)(cid:4)(cid:3)(cid:5)(cid:4)(cid:21)(cid:4)(cid:23)(cid:3)(cid:7)(cid:4)(cid:28)(cid:4),,(cid:889)(cid:885) 7.497 (cid:888)(cid:884),(cid:883)(cid:884)(cid:886) 26.307 (cid:884)(cid:884)(cid:885),(cid:883)(cid:891)(cid:889) 33.804 (cid:884)(cid:890)(cid:887),(cid:884)(cid:890) 4.161 (cid:885)(cid:887),(cid:884)(cid:889) 11.058 (cid:888)(cid:886),(cid:887)(cid:887) 15.219 (cid:891)(cid:891),(cid:891) 2.159 (cid:883)(cid:887),(cid:886)(cid:888) 16.801 (cid:883)(cid:889)(cid:884),(cid:887)(cid:887) 18.977 (cid:883)(cid:890)(cid:889),,,,,,,,,,,,,,,,,,,,,,,,
No,Provinsi,Kesehatan Masyarakat,,,Kesehatan Lingkungan,,,Gizi,,,,,,,,,,,,,,,,,,,,,,,,,,
,,L,P,L+P,L,P,L+P,L,P,L+P,,,,,,,,,,,,,,,,,,,,,,,,
(1),(2),(3),(4),(5),(6),(7),(8),(9),(10),(11),,,,,,,,,,,,,,,,,,,,,,,,
(cid:883),(cid:4)(cid:6)(cid:8)(cid:11),(cid:890)(cid:888),(cid:884)(cid:887)(cid:885),(cid:885)(cid:885)(cid:891),(cid:884)(cid:884)(cid:886),(cid:888)(cid:883)(cid:883),(cid:890)(cid:885)(cid:887),(cid:884)(cid:890),(cid:886)(cid:885)(cid:884),(cid:886)(cid:888)(cid:882),,,,,,,,,,,,,,,,,,,,,,,,
(cid:884),(cid:22)(cid:24)(cid:16)(cid:4)(cid:23)(cid:8)(cid:21)(cid:4)(cid:3)(cid:24)(cid:23)(cid:4)(cid:21)(cid:4),(cid:887)(cid:891),(cid:883)(cid:883)(cid:890),(cid:883)(cid:889)(cid:889),(cid:883)(cid:882)(cid:888),(cid:887)(cid:887)(cid:883),(cid:888)(cid:887)(cid:889),(cid:885)(cid:882),(cid:887)(cid:884)(cid:889),(cid:887)(cid:887)(cid:889),,,,,,,,,,,,,,,,,,,,,,,,
(cid:885),(cid:22)(cid:24)(cid:16)(cid:4)(cid:23)(cid:8)(cid:21)(cid:4)(cid:3)(cid:5)(cid:4)(cid:21)(cid:4)(cid:23),(cid:886)(cid:886),(cid:883)(cid:884)(cid:889),(cid:883)(cid:889)(cid:883),(cid:888)(cid:886),(cid:884)(cid:890)(cid:890),(cid:885)(cid:887)(cid:884),(cid:883)(cid:890),(cid:885)(cid:888)(cid:882),(cid:885)(cid:889)(cid:890),,,,,,,,,,,,,,,,,,,,,,,,
(cid:886),(cid:21)(cid:12)(cid:4)(cid:24),(cid:884)(cid:890),(cid:887)(cid:883),(cid:889)(cid:891),(cid:889)(cid:885),(cid:884)(cid:891)(cid:885),(cid:885)(cid:888)(cid:888),(cid:883)(cid:883),(cid:884)(cid:891)(cid:889),(cid:885)(cid:882)(cid:890),,,,,,,,,,,,,,,,,,,,,,,,
(cid:887),(cid:13)(cid:4)(cid:16)(cid:5)(cid:12),(cid:886)(cid:886),(cid:889)(cid:882),(cid:883)(cid:883)(cid:886),(cid:886)(cid:887),(cid:883)(cid:888)(cid:888),(cid:884)(cid:883)(cid:883),(cid:883)(cid:889),(cid:883)(cid:888)(cid:891),(cid:883)(cid:890)(cid:888),,,,,,,,,,,,,,,,,,,,,,,,
(cid:888),(cid:22)(cid:24)(cid:16)(cid:4)(cid:23)(cid:8)(cid:21)(cid:4)(cid:3)(cid:22)(cid:8)(cid:15)(cid:4)(cid:23)(cid:4)(cid:17),(cid:885)(cid:891),(cid:883)(cid:889)(cid:887),(cid:884)(cid:883)(cid:886),(cid:890)(cid:884),(cid:885)(cid:883)(cid:882),(cid:885)(cid:891)(cid:884),(cid:884)(cid:885),(cid:885)(cid:886)(cid:888),(cid:885)(cid:888)(cid:891),,,,,,,,,,,,,,,,,,,,,,,,
(cid:889),(cid:5)(cid:8)(cid:17)(cid:10)(cid:14)(cid:24)(cid:15)(cid:24),(cid:884)(cid:883),(cid:886)(cid:883),(cid:888)(cid:884),(cid:887)(cid:888),(cid:884)(cid:885)(cid:882),(cid:884)(cid:890)(cid:888),(cid:884)(cid:887),(cid:883)(cid:890)(cid:883),(cid:884)(cid:882)(cid:888),,,,,,,,,,,,,,,,,,,,,,,,
(cid:890),(cid:15)(cid:4)(cid:16)(cid:19)(cid:24)(cid:17)(cid:10),(cid:886)(cid:883),(cid:883)(cid:883)(cid:885),(cid:883)(cid:887)(cid:886),(cid:884)(cid:889),(cid:883)(cid:883)(cid:882),(cid:883)(cid:885)(cid:889),(cid:883)(cid:885),(cid:883)(cid:891)(cid:890),(cid:884)(cid:883)(cid:883),,,,,,,,,,,,,,,,,,,,,,,,
(cid:891),(cid:14)(cid:8)(cid:19)(cid:24)(cid:15)(cid:4)(cid:24)(cid:4)(cid:17)(cid:3)(cid:5)(cid:4)(cid:17)(cid:10)(cid:14)(cid:4)(cid:3)(cid:5)(cid:8)(cid:15)(cid:12)(cid:23)(cid:24)(cid:17)(cid:10),(cid:890),(cid:884)(cid:891),(cid:885)(cid:889),(cid:885)(cid:884),(cid:889)(cid:885),(cid:883)(cid:882)(cid:887),(cid:883)(cid:883),(cid:891)(cid:883),(cid:883)(cid:882)(cid:884),,,,,,,,,,,,,,,,,,,,,,,,
(cid:883)(cid:882),(cid:14)(cid:8)(cid:19)(cid:24)(cid:15)(cid:4)(cid:24)(cid:4)(cid:17)(cid:3)(cid:21)(cid:12)(cid:4)(cid:24),(cid:883)(cid:890),(cid:886)(cid:889),(cid:888)(cid:887),(cid:883)(cid:888),(cid:887)(cid:890),(cid:889)(cid:886),(cid:883)(cid:885),(cid:891)(cid:888),(cid:883)(cid:882)(cid:891),,,,,,,,,,,,,,,,,,,,,,,,
(cid:883)(cid:883),(cid:7)(cid:14)(cid:12)(cid:3)(cid:13)(cid:4)(cid:14)(cid:4)(cid:21)(cid:23)(cid:4),(cid:890)(cid:882),(cid:883)(cid:889)(cid:888),(cid:884)(cid:887)(cid:888),(cid:891)(cid:884),(cid:884)(cid:886)(cid:885),(cid:885)(cid:885)(cid:887),(cid:890)(cid:889),(cid:889)(cid:886)(cid:889),(cid:890)(cid:885)(cid:886),,,,,,,,,,,,,,,,,,,,,,,,
(cid:883)(cid:884),(cid:13)(cid:4)(cid:26)(cid:4)(cid:3)(cid:5)(cid:4)(cid:21)(cid:4)(cid:23),(cid:883)(cid:888)(cid:886),(cid:885)(cid:888)(cid:884),(cid:887)(cid:884)(cid:888),(cid:884)(cid:884)(cid:882),(cid:885)(cid:891)(cid:885),(cid:888)(cid:883)(cid:885),(cid:891)(cid:886),(cid:883)(cid:484)(cid:884)(cid:886)(cid:884),(cid:883)(cid:484)(cid:885)(cid:885)(cid:888),,,,,,,,,,,,,,,,,,,,,,,,
(cid:883)(cid:885),(cid:13)(cid:4)(cid:26)(cid:4)(cid:3)(cid:23)(cid:8)(cid:17)(cid:10)(cid:4)(cid:11),(cid:883)(cid:890)(cid:882),(cid:886)(cid:882)(cid:883),(cid:887)(cid:890)(cid:883),(cid:891)(cid:885),(cid:885)(cid:882)(cid:884),(cid:885)(cid:891)(cid:887),(cid:890)(cid:886),(cid:883)(cid:484)(cid:884)(cid:888)(cid:883),(cid:883)(cid:484)(cid:885)(cid:886)(cid:887),,,,,,,,,,,,,,,,,,,,,,,,
(cid:883)(cid:886),(cid:28)(cid:18)(cid:10)(cid:28)(cid:4)(cid:14)(cid:4)(cid:21)(cid:23)(cid:4),(cid:888)(cid:890),(cid:891)(cid:883),(cid:883)(cid:887)(cid:891),(cid:883)(cid:885),(cid:888)(cid:885),(cid:889)(cid:888),(cid:884)(cid:885),(cid:884)(cid:888)(cid:885),(cid:884)(cid:890)(cid:888),,,,,,,,,,,,,,,,,,,,,,,,
(cid:883)(cid:887),(cid:13)(cid:4)(cid:26)(cid:4)(cid:3)(cid:23)(cid:12)(cid:16)(cid:24)(cid:21),(cid:883)(cid:887)(cid:887),(cid:886)(cid:888)(cid:884),(cid:888)(cid:883)(cid:889),(cid:883)(cid:886)(cid:890),(cid:888)(cid:888)(cid:891),(cid:890)(cid:883)(cid:889),(cid:883)(cid:884)(cid:885),(cid:883)(cid:484)(cid:887)(cid:889)(cid:890),(cid:883)(cid:484)(cid:889)(cid:882)(cid:883),,,,,,,,,,,,,,,,,,,,,,,,
(cid:883)(cid:888),(cid:5)(cid:4)(cid:17)(cid:23)(cid:8)(cid:17),(cid:886)(cid:889),(cid:883)(cid:882)(cid:885),(cid:883)(cid:887)(cid:882),(cid:887)(cid:891),(cid:883)(cid:884)(cid:889),(cid:883)(cid:890)(cid:888),(cid:885)(cid:882),(cid:885)(cid:885)(cid:887),(cid:885)(cid:888)(cid:887),,,,,,,,,,,,,,,,,,,,,,,,
(cid:883)(cid:889),(cid:5)(cid:4)(cid:15)(cid:12),(cid:887)(cid:886),(cid:883)(cid:882)(cid:888),(cid:883)(cid:888)(cid:882),(cid:886)(cid:888),(cid:883)(cid:888)(cid:891),(cid:884)(cid:883)(cid:887),(cid:885)(cid:890),(cid:885)(cid:890)(cid:886),(cid:886)(cid:884)(cid:884),,,,,,,,,,,,,,,,,,,,,,,,
(cid:883)(cid:890),(cid:17)(cid:24)(cid:22)(cid:4)(cid:3)(cid:23)(cid:8)(cid:17)(cid:10)(cid:10)(cid:4)(cid:21)(cid:4)(cid:3)(cid:5)(cid:4)(cid:21)(cid:4)(cid:23),(cid:885)(cid:885),(cid:888)(cid:890),(cid:883)(cid:882)(cid:883),(cid:886)(cid:891),(cid:883)(cid:884)(cid:883),(cid:883)(cid:889)(cid:882),(cid:885)(cid:882),(cid:885)(cid:882)(cid:890),(cid:885)(cid:885)(cid:890),,,,,,,,,,,,,,,,,,,,,,,,
(cid:883)(cid:891),(cid:17)(cid:24)(cid:22)(cid:4)(cid:3)(cid:23)(cid:8)(cid:17)(cid:10)(cid:10)(cid:4)(cid:21)(cid:4)(cid:3)(cid:23)(cid:12)(cid:16)(cid:24)(cid:21),(cid:889)(cid:887),(cid:890)(cid:891),(cid:883)(cid:888)(cid:886),(cid:890)(cid:884),(cid:884)(cid:884)(cid:882),(cid:885)(cid:882)(cid:884),(cid:888)(cid:884),(cid:884)(cid:887)(cid:890),(cid:885)(cid:884)(cid:882),,,,,,,,,,,,,,,,,,,,,,,,
(cid:884)(cid:882),(cid:14)(cid:4)(cid:15)(cid:12)(cid:16)(cid:4)(cid:17)(cid:23)(cid:4)(cid:17)(cid:3)(cid:5)(cid:4)(cid:21)(cid:4)(cid:23),(cid:888)(cid:888),(cid:887)(cid:888),(cid:883)(cid:884)(cid:884),(cid:885)(cid:891),(cid:883)(cid:882)(cid:888),(cid:883)(cid:886)(cid:887),(cid:885)(cid:891),(cid:884)(cid:883)(cid:888),(cid:884)(cid:887)(cid:887),,,,,,,,,,,,,,,,,,,,,,,,
(cid:884)(cid:883),(cid:14)(cid:4)(cid:15)(cid:12)(cid:16)(cid:4)(cid:17)(cid:23)(cid:4)(cid:17)(cid:3)(cid:23)(cid:8)(cid:17)(cid:10)(cid:4)(cid:11),(cid:884)(cid:886),(cid:885)(cid:886),(cid:887)(cid:890),(cid:884)(cid:887),(cid:888)(cid:886),(cid:890)(cid:891),(cid:884)(cid:888),(cid:883)(cid:889)(cid:882),(cid:883)(cid:891)(cid:888),,,,,,,,,,,,,,,,,,,,,,,,
(cid:884)(cid:884),(cid:14)(cid:4)(cid:15)(cid:12)(cid:16)(cid:4)(cid:17)(cid:23)(cid:4)(cid:17)(cid:3)(cid:22)(cid:8)(cid:15)(cid:4)(cid:23)(cid:4)(cid:17),(cid:886)(cid:888),(cid:891)(cid:886),(cid:883)(cid:886)(cid:882),(cid:886)(cid:884),(cid:883)(cid:883)(cid:883),(cid:883)(cid:887)(cid:885),(cid:885)(cid:889),(cid:885)(cid:882)(cid:882),(cid:885)(cid:885)(cid:889),,,,,,,,,,,,,,,,,,,,,,,,
(cid:884)(cid:885),(cid:14)(cid:4)(cid:15)(cid:12)(cid:16)(cid:4)(cid:17)(cid:23)(cid:4)(cid:17)(cid:3)(cid:23)(cid:12)(cid:16)(cid:24)(cid:21),(cid:886)(cid:882),(cid:887)(cid:890),(cid:891)(cid:890),(cid:886)(cid:890),(cid:883)(cid:883)(cid:883),(cid:883)(cid:887)(cid:891),(cid:885)(cid:882),(cid:883)(cid:890)(cid:889),(cid:884)(cid:883)(cid:889),,,,,,,,,,,,,,,,,,,,,,,,
(cid:884)(cid:886),(cid:14)(cid:4)(cid:15)(cid:12)(cid:16)(cid:4)(cid:17)(cid:23)(cid:4)(cid:17)(cid:3)(cid:24)(cid:23)(cid:4)(cid:21)(cid:4),(cid:883)(cid:885),(cid:883)(cid:889),(cid:885)(cid:882),(cid:884)(cid:886),(cid:886)(cid:891),(cid:889)(cid:885),(cid:883)(cid:883),(cid:887)(cid:882),(cid:888)(cid:883),,,,,,,,,,,,,,,,,,,,,,,,
(cid:884)(cid:887),(cid:22)(cid:24)(cid:15)(cid:4)(cid:26)(cid:8)(cid:22)(cid:12)(cid:3)(cid:24)(cid:23)(cid:4)(cid:21)(cid:4),(cid:888)(cid:885),(cid:891)(cid:882),(cid:883)(cid:887)(cid:885),(cid:890)(cid:887),(cid:884)(cid:891)(cid:887),(cid:885)(cid:890)(cid:882),(cid:887)(cid:891),(cid:884)(cid:885)(cid:890),(cid:884)(cid:891)(cid:889),,,,,,,,,,,,,,,,,,,,,,,,
(cid:884)(cid:888),(cid:22)(cid:24)(cid:15)(cid:4)(cid:26)(cid:8)(cid:22)(cid:12)(cid:3)(cid:23)(cid:8)(cid:17)(cid:10)(cid:4)(cid:11),(cid:888)(cid:887),(cid:883)(cid:883)(cid:890),(cid:883)(cid:890)(cid:885),(cid:883)(cid:886)(cid:890),(cid:886)(cid:890)(cid:889),(cid:888)(cid:885)(cid:887),(cid:883)(cid:886),(cid:883)(cid:889)(cid:891),(cid:883)(cid:891)(cid:885),,,,,,,,,,,,,,,,,,,,,,,,
(cid:884)(cid:889),(cid:22)(cid:24)(cid:15)(cid:4)(cid:26)(cid:8)(cid:22)(cid:12)(cid:3)(cid:22)(cid:8)(cid:15)(cid:4)(cid:23)(cid:4)(cid:17),(cid:891)(cid:887),(cid:884)(cid:888)(cid:889),(cid:885)(cid:888)(cid:884),(cid:884)(cid:883)(cid:888),(cid:891)(cid:885)(cid:891),(cid:883)(cid:484)(cid:883)(cid:887)(cid:887),(cid:887)(cid:882),(cid:888)(cid:885)(cid:891),(cid:888)(cid:890)(cid:891),,,,,,,,,,,,,,,,,,,,,,,,
(cid:884)(cid:890),(cid:22)(cid:24)(cid:15)(cid:4)(cid:26)(cid:8)(cid:22)(cid:12)(cid:3)(cid:23)(cid:8)(cid:17)(cid:10)(cid:10)(cid:4)(cid:21)(cid:4),(cid:885)(cid:883),(cid:889)(cid:884),(cid:883)(cid:882)(cid:885),(cid:890)(cid:884),(cid:886)(cid:887)(cid:891),(cid:887)(cid:886)(cid:883),(cid:884)(cid:883),(cid:884)(cid:884)(cid:885),(cid:884)(cid:886)(cid:886),,,,,,,,,,,,,,,,,,,,,,,,
(cid:884)(cid:891),(cid:10)(cid:18)(cid:21)(cid:18)(cid:17)(cid:23)(cid:4)(cid:15)(cid:18),(cid:883)(cid:882),(cid:885)(cid:887),(cid:886)(cid:887),(cid:885)(cid:885),(cid:883)(cid:889)(cid:891),(cid:884)(cid:883)(cid:884),(cid:883)(cid:890),(cid:883)(cid:888)(cid:889),(cid:883)(cid:890)(cid:887),,,,,,,,,,,,,,,,,,,,,,,,
(cid:885)(cid:882),(cid:22)(cid:24)(cid:15)(cid:4)(cid:26)(cid:8)(cid:22)(cid:12)(cid:3)(cid:5)(cid:4)(cid:21)(cid:4)(cid:23),(cid:883)(cid:888),(cid:884)(cid:889),(cid:886)(cid:885),(cid:884)(cid:886),(cid:890)(cid:887),(cid:883)(cid:882)(cid:891),(cid:884),(cid:891)(cid:882),(cid:891)(cid:884),,,,,,,,,,,,,,,,,,,,,,,,
(cid:885)(cid:883),(cid:16)(cid:4)(cid:15)(cid:24)(cid:14)(cid:24),(cid:886)(cid:890),(cid:889)(cid:888),(cid:883)(cid:884)(cid:886),(cid:888)(cid:886),(cid:884)(cid:882)(cid:883),(cid:884)(cid:888)(cid:887),(cid:884)(cid:886),(cid:883)(cid:888)(cid:889),(cid:883)(cid:891)(cid:883),,,,,,,,,,,,,,,,,,,,,,,,
(cid:885)(cid:884),(cid:16)(cid:4)(cid:15)(cid:24)(cid:14)(cid:24)(cid:3)(cid:24)(cid:23)(cid:4)(cid:21)(cid:4),(cid:883)(cid:891),(cid:884)(cid:890),(cid:886)(cid:889),(cid:887)(cid:886),(cid:884)(cid:886)(cid:887),(cid:884)(cid:891)(cid:891),(cid:886),(cid:883)(cid:885)(cid:887),(cid:883)(cid:885)(cid:891),,,,,,,,,,,,,,,,,,,,,,,,
(cid:885)(cid:885),(cid:19)(cid:4)(cid:19)(cid:24)(cid:4),(cid:883)(cid:891),(cid:884)(cid:887),(cid:886)(cid:886),(cid:884)(cid:890),(cid:890)(cid:891),(cid:883)(cid:883)(cid:889),(cid:883)(cid:888),(cid:883)(cid:884)(cid:887),(cid:883)(cid:886)(cid:883),,,,,,,,,,,,,,,,,,,,,,,,
(cid:885)(cid:886),(cid:19)(cid:4)(cid:19)(cid:24)(cid:4)(cid:3)(cid:5)(cid:4)(cid:21)(cid:4)(cid:23),(cid:888),(cid:883)(cid:883),(cid:883)(cid:889),(cid:884)(cid:889),(cid:890)(cid:885),(cid:883)(cid:883)(cid:882),(cid:883)(cid:883),(cid:887)(cid:888),(cid:888)(cid:889),,,,,,,,,,,,,,,,,,,,,,,,
(cid:885)(cid:887),(cid:19)(cid:4)(cid:19)(cid:24)(cid:4)(cid:3)(cid:22)(cid:8)(cid:15)(cid:4)(cid:23)(cid:4)(cid:17),(cid:887),(cid:889),(cid:883)(cid:884),(cid:890),(cid:884)(cid:886),(cid:885)(cid:884),(cid:890),(cid:884)(cid:889),(cid:885)(cid:887),,,,,,,,,,,,,,,,,,,,,,,,
(cid:885)(cid:888),(cid:19)(cid:4)(cid:19)(cid:24)(cid:4)(cid:3)(cid:23)(cid:8)(cid:17)(cid:10)(cid:4)(cid:11),(cid:883)(cid:882),(cid:889),(cid:883)(cid:889),(cid:884)(cid:883),(cid:886)(cid:888),(cid:888)(cid:889),(cid:883)(cid:882),(cid:885)(cid:882),(cid:886)(cid:882),,,,,,,,,,,,,,,,,,,,,,,,
(cid:885)(cid:889) (cid:19)(cid:4)(cid:19)(cid:24)(cid:4)(cid:3)(cid:19)(cid:8)(cid:10)(cid:24)(cid:17)(cid:24)(cid:17)(cid:10)(cid:4)(cid:17) Indonesia (cid:885)(cid:890) (cid:19)(cid:4)(cid:19)(cid:24)(cid:4)(cid:3)(cid:5)(cid:4)(cid:21)(cid:4)(cid:23)(cid:3)(cid:7)(cid:4)(cid:28)(cid:4),,(cid:883)(cid:885) 1.840 (cid:889),(cid:887) 3.922 (cid:883)(cid:885),(cid:883)(cid:890) 5.762 (cid:884)(cid:882),(cid:883)(cid:885) 2.520 (cid:883)(cid:884),(cid:886)(cid:885) 8.667 (cid:887)(cid:886),(cid:887)(cid:888) 11.187 (cid:888)(cid:888),(cid:886) 1.151 (cid:889),(cid:884)(cid:883) 12.133 (cid:886)(cid:882),(cid:884)(cid:887) 13.284 (cid:886)(cid:889),,,,,,,,,,,,,,,,,,,,,,,,
No,Provinsi,Ahli Teknologi Laboratorium Medik,,,Tenaga Teknik Biomedika Lainnya,,,Keterapian Fisik,,,Keteknisian Medis,,,,,,,,,,,,,,,,,,,,,,,
,,L,P,L + P,L,P,L + P,L,P,L + P,L,P,L + P,,,,,,,,,,,,,,,,,,,,,
(1),(2),(3),(4),(5),(6),(7),(8),(9),(10),(11),(12),(13),(14),,,,,,,,,,,,,,,,,,,,,
(cid:883),(cid:4)(cid:133)(cid:135)(cid:138),(cid:883)(cid:882)(cid:882),(cid:888)(cid:889)(cid:891),(cid:889)(cid:889)(cid:891),(cid:885)(cid:886)(cid:883),(cid:885)(cid:887)(cid:885),(cid:888)(cid:891)(cid:886),(cid:889)(cid:886),(cid:884)(cid:889)(cid:890),(cid:885)(cid:887)(cid:884),(cid:884)(cid:884)(cid:882),(cid:888)(cid:885)(cid:886),(cid:890)(cid:887)(cid:886),,,,,,,,,,,,,,,,,,,,,
(cid:884),(cid:22)(cid:151)(cid:143)(cid:131)(cid:150)(cid:135)(cid:148)(cid:131)(cid:3)(cid:24)(cid:150)(cid:131)(cid:148)(cid:131),(cid:883)(cid:886)(cid:886),(cid:891)(cid:889)(cid:886),(cid:883)(cid:484)(cid:883)(cid:883)(cid:890),(cid:885)(cid:891)(cid:890),(cid:887)(cid:886)(cid:886),(cid:891)(cid:886)(cid:884),(cid:883)(cid:889)(cid:886),(cid:884)(cid:891)(cid:882),(cid:886)(cid:888)(cid:886),(cid:884)(cid:888)(cid:883),(cid:889)(cid:885)(cid:884),(cid:891)(cid:891)(cid:885),,,,,,,,,,,,,,,,,,,,,
(cid:885),(cid:22)(cid:151)(cid:143)(cid:131)(cid:150)(cid:135)(cid:148)(cid:131)(cid:3)(cid:5)(cid:131)(cid:148)(cid:131)(cid:150),(cid:883)(cid:884)(cid:888),(cid:888)(cid:883)(cid:890),(cid:889)(cid:886)(cid:886),(cid:884)(cid:890)(cid:890),(cid:884)(cid:890)(cid:891),(cid:887)(cid:889)(cid:889),(cid:891)(cid:883),(cid:883)(cid:890)(cid:890),(cid:884)(cid:889)(cid:891),(cid:884)(cid:886)(cid:887),(cid:890)(cid:888)(cid:889),(cid:883)(cid:484)(cid:883)(cid:883)(cid:884),,,,,,,,,,,,,,,,,,,,,
(cid:886),(cid:21)(cid:139)(cid:131)(cid:151),(cid:883)(cid:884)(cid:883),(cid:888)(cid:889)(cid:889),(cid:889)(cid:891)(cid:890),(cid:884)(cid:883)(cid:887),(cid:884)(cid:888)(cid:884),(cid:886)(cid:889)(cid:889),(cid:883)(cid:883)(cid:883),(cid:884)(cid:887)(cid:882),(cid:885)(cid:888)(cid:883),(cid:883)(cid:891)(cid:891),(cid:886)(cid:885)(cid:891),(cid:888)(cid:885)(cid:890),,,,,,,,,,,,,,,,,,,,,
(cid:887),(cid:13)(cid:131)(cid:143)(cid:132)(cid:139),(cid:891)(cid:884),(cid:886)(cid:882)(cid:884),(cid:886)(cid:891)(cid:886),(cid:883)(cid:882)(cid:883),(cid:883)(cid:884)(cid:883),(cid:884)(cid:884)(cid:884),(cid:885)(cid:886),(cid:883)(cid:887)(cid:885),(cid:883)(cid:890)(cid:889),(cid:887)(cid:888),(cid:884)(cid:890)(cid:885),(cid:885)(cid:885)(cid:891),,,,,,,,,,,,,,,,,,,,,
(cid:888),(cid:22)(cid:151)(cid:143)(cid:131)(cid:150)(cid:135)(cid:148)(cid:131)(cid:3)(cid:22)(cid:135)(cid:142)(cid:131)(cid:150)(cid:131)(cid:144),(cid:883)(cid:885)(cid:889),(cid:889)(cid:887)(cid:887),(cid:890)(cid:891)(cid:884),(cid:884)(cid:888)(cid:891),(cid:885)(cid:883)(cid:886),(cid:887)(cid:890)(cid:885),(cid:890)(cid:888),(cid:884)(cid:891)(cid:882),(cid:885)(cid:889)(cid:888),(cid:884)(cid:886)(cid:890),(cid:888)(cid:882)(cid:885),(cid:890)(cid:887)(cid:883),,,,,,,,,,,,,,,,,,,,,
(cid:889),(cid:5)(cid:135)(cid:144)(cid:137)(cid:141)(cid:151)(cid:142)(cid:151),(cid:889)(cid:890),(cid:884)(cid:885)(cid:885),(cid:885)(cid:883)(cid:883),(cid:891)(cid:882),(cid:890)(cid:884),(cid:883)(cid:889)(cid:884),(cid:883)(cid:888),(cid:887)(cid:882),(cid:888)(cid:888),(cid:890)(cid:886),(cid:883)(cid:885)(cid:890),(cid:884)(cid:884)(cid:884),,,,,,,,,,,,,,,,,,,,,
(cid:890),(cid:15)(cid:131)(cid:143)(cid:146)(cid:151)(cid:144)(cid:137),(cid:883)(cid:885)(cid:882),(cid:887)(cid:890)(cid:891),(cid:889)(cid:883)(cid:891),(cid:884)(cid:885)(cid:887),(cid:884)(cid:883)(cid:891),(cid:886)(cid:887)(cid:886),(cid:888)(cid:885),(cid:883)(cid:887)(cid:883),(cid:884)(cid:883)(cid:886),(cid:883)(cid:889)(cid:885),(cid:884)(cid:891)(cid:885),(cid:886)(cid:888)(cid:888),,,,,,,,,,,,,,,,,,,,,
(cid:891),(cid:14)(cid:135)(cid:146)(cid:484)(cid:3)(cid:5)(cid:131)(cid:144)(cid:137)(cid:141)(cid:131)(cid:3)(cid:5)(cid:135)(cid:142)(cid:139)(cid:150)(cid:151)(cid:144)(cid:137),(cid:887)(cid:884),(cid:883)(cid:888)(cid:883),(cid:884)(cid:883)(cid:885),(cid:890)(cid:890),(cid:889)(cid:884),(cid:883)(cid:888)(cid:882),(cid:883)(cid:886),(cid:889)(cid:882),(cid:890)(cid:886),(cid:887)(cid:887),(cid:883)(cid:887)(cid:890),(cid:884)(cid:883)(cid:885),,,,,,,,,,,,,,,,,,,,,
(cid:883)(cid:882),(cid:14)(cid:135)(cid:146)(cid:151)(cid:142)(cid:131)(cid:151)(cid:131)(cid:144)(cid:3)(cid:21)(cid:139)(cid:131)(cid:151),(cid:887)(cid:889),(cid:884)(cid:885)(cid:891),(cid:884)(cid:891)(cid:888),(cid:883)(cid:884)(cid:886),(cid:883)(cid:883)(cid:882),(cid:884)(cid:885)(cid:886),(cid:885)(cid:882),(cid:891)(cid:885),(cid:883)(cid:884)(cid:885),(cid:890)(cid:890),(cid:883)(cid:890)(cid:891),(cid:884)(cid:889)(cid:889),,,,,,,,,,,,,,,,,,,,,
(cid:883)(cid:883),(cid:7)(cid:14)(cid:12)(cid:3)(cid:13)(cid:131)(cid:141)(cid:131)(cid:148)(cid:150)(cid:131),(cid:889)(cid:888)(cid:889),(cid:884)(cid:484)(cid:884)(cid:888)(cid:883),(cid:885)(cid:484)(cid:882)(cid:884)(cid:890),(cid:883)(cid:484)(cid:883)(cid:890)(cid:889),(cid:891)(cid:891)(cid:882),(cid:884)(cid:484)(cid:883)(cid:889)(cid:889),(cid:886)(cid:890)(cid:890),(cid:890)(cid:882)(cid:888),(cid:883)(cid:484)(cid:884)(cid:891)(cid:886),(cid:891)(cid:888)(cid:882),(cid:883)(cid:484)(cid:891)(cid:884)(cid:884),(cid:884)(cid:484)(cid:890)(cid:890)(cid:884),,,,,,,,,,,,,,,,,,,,,
(cid:883)(cid:884),(cid:13)(cid:131)(cid:153)(cid:131)(cid:3)(cid:5)(cid:131)(cid:148)(cid:131)(cid:150),(cid:883)(cid:484)(cid:882)(cid:888)(cid:884),(cid:885)(cid:484)(cid:887)(cid:891)(cid:890),(cid:886)(cid:484)(cid:888)(cid:888)(cid:882),(cid:883)(cid:484)(cid:888)(cid:889)(cid:884),(cid:883)(cid:484)(cid:884)(cid:884)(cid:889),(cid:884)(cid:484)(cid:890)(cid:891)(cid:891),(cid:887)(cid:889)(cid:884),(cid:883)(cid:484)(cid:885)(cid:884)(cid:883),(cid:883)(cid:484)(cid:890)(cid:891)(cid:885),(cid:883)(cid:484)(cid:888)(cid:885)(cid:886),(cid:885)(cid:484)(cid:884)(cid:882)(cid:889),(cid:886)(cid:484)(cid:890)(cid:886)(cid:883),,,,,,,,,,,,,,,,,,,,,
(cid:883)(cid:885),(cid:13)(cid:131)(cid:153)(cid:131)(cid:3)(cid:23)(cid:135)(cid:144)(cid:137)(cid:131)(cid:138),(cid:888)(cid:890)(cid:882),(cid:885)(cid:484)(cid:882)(cid:885)(cid:886),(cid:885)(cid:484)(cid:889)(cid:883)(cid:886),(cid:883)(cid:484)(cid:886)(cid:883)(cid:891),(cid:883)(cid:484)(cid:885)(cid:883)(cid:889),(cid:884)(cid:484)(cid:889)(cid:885)(cid:888),(cid:887)(cid:891)(cid:883),(cid:883)(cid:484)(cid:884)(cid:888)(cid:887),(cid:883)(cid:484)(cid:890)(cid:887)(cid:888),(cid:883)(cid:484)(cid:884)(cid:887)(cid:883),(cid:885)(cid:484)(cid:886)(cid:884)(cid:886),(cid:886)(cid:484)(cid:888)(cid:889)(cid:887),,,,,,,,,,,,,,,,,,,,,
(cid:883)(cid:886),(cid:7)(cid:12)(cid:3)(cid:28)(cid:145)(cid:137)(cid:155)(cid:131)(cid:141)(cid:131)(cid:148)(cid:150)(cid:131),(cid:883)(cid:886)(cid:890),(cid:888)(cid:882)(cid:891),(cid:889)(cid:887)(cid:889),(cid:885)(cid:886)(cid:886),(cid:884)(cid:889)(cid:891),(cid:888)(cid:884)(cid:885),(cid:883)(cid:885)(cid:887),(cid:884)(cid:889)(cid:891),(cid:886)(cid:883)(cid:886),(cid:884)(cid:887)(cid:889),(cid:891)(cid:885)(cid:889),(cid:883)(cid:484)(cid:883)(cid:891)(cid:886),,,,,,,,,,,,,,,,,,,,,
(cid:883)(cid:887),(cid:13)(cid:131)(cid:153)(cid:131)(cid:3)(cid:23)(cid:139)(cid:143)(cid:151)(cid:148),(cid:890)(cid:883)(cid:886),(cid:885)(cid:484)(cid:883)(cid:890)(cid:888),(cid:886)(cid:484)(cid:882)(cid:882)(cid:882),(cid:883)(cid:484)(cid:884)(cid:890)(cid:890),(cid:883)(cid:484)(cid:884)(cid:884)(cid:886),(cid:884)(cid:484)(cid:887)(cid:883)(cid:884),(cid:886)(cid:891)(cid:883),(cid:890)(cid:888)(cid:891),(cid:883)(cid:484)(cid:885)(cid:888)(cid:882),(cid:883)(cid:484)(cid:884)(cid:882)(cid:887),(cid:884)(cid:484)(cid:890)(cid:883)(cid:884),(cid:886)(cid:484)(cid:882)(cid:883)(cid:889),,,,,,,,,,,,,,,,,,,,,
(cid:883)(cid:888),(cid:5)(cid:131)(cid:144)(cid:150)(cid:135)(cid:144),(cid:884)(cid:886)(cid:882),(cid:891)(cid:890)(cid:887),(cid:883)(cid:484)(cid:884)(cid:884)(cid:887),(cid:886)(cid:882)(cid:885),(cid:885)(cid:891)(cid:890),(cid:890)(cid:882)(cid:883),(cid:883)(cid:890)(cid:886),(cid:886)(cid:884)(cid:883),(cid:888)(cid:882)(cid:887),(cid:884)(cid:888)(cid:886),(cid:888)(cid:884)(cid:882),(cid:890)(cid:890)(cid:886),,,,,,,,,,,,,,,,,,,,,
(cid:883)(cid:889),(cid:5)(cid:131)(cid:142)(cid:139),(cid:884)(cid:882)(cid:884),(cid:888)(cid:885)(cid:885),(cid:890)(cid:885)(cid:887),(cid:885)(cid:888)(cid:888),(cid:884)(cid:884)(cid:884),(cid:887)(cid:890)(cid:890),(cid:883)(cid:883)(cid:890),(cid:883)(cid:884)(cid:884),(cid:884)(cid:886)(cid:882),(cid:883)(cid:890)(cid:886),(cid:885)(cid:891)(cid:890),(cid:887)(cid:890)(cid:884),,,,,,,,,,,,,,,,,,,,,
(cid:883)(cid:890),(cid:17)(cid:151)(cid:149)(cid:131)(cid:3)(cid:23)(cid:135)(cid:144)(cid:137)(cid:137)(cid:131)(cid:148)(cid:131)(cid:3)(cid:5)(cid:131)(cid:148)(cid:131)(cid:150),(cid:883)(cid:886)(cid:889),(cid:887)(cid:889)(cid:890),(cid:889)(cid:884)(cid:887),(cid:884)(cid:886)(cid:889),(cid:883)(cid:889)(cid:890),(cid:886)(cid:884)(cid:887),(cid:888)(cid:891),(cid:883)(cid:890)(cid:884),(cid:884)(cid:887)(cid:883),(cid:884)(cid:890)(cid:891),(cid:886)(cid:890)(cid:889),(cid:889)(cid:889)(cid:888),,,,,,,,,,,,,,,,,,,,,
(cid:883)(cid:891),(cid:17)(cid:151)(cid:149)(cid:131)(cid:3)(cid:23)(cid:135)(cid:144)(cid:137)(cid:137)(cid:131)(cid:148)(cid:131)(cid:3)(cid:23)(cid:139)(cid:143)(cid:151)(cid:148),(cid:883)(cid:885)(cid:883),(cid:886)(cid:887)(cid:884),(cid:887)(cid:890)(cid:885),(cid:883)(cid:889)(cid:890),(cid:883)(cid:886)(cid:890),(cid:885)(cid:884)(cid:888),(cid:886)(cid:883),(cid:883)(cid:882)(cid:884),(cid:883)(cid:886)(cid:885),(cid:883)(cid:887)(cid:885),(cid:886)(cid:886)(cid:891),(cid:888)(cid:882)(cid:884),,,,,,,,,,,,,,,,,,,,,
(cid:884)(cid:882),(cid:14)(cid:131)(cid:142)(cid:139)(cid:143)(cid:131)(cid:144)(cid:150)(cid:131)(cid:144)(cid:3)(cid:5)(cid:131)(cid:148)(cid:131)(cid:150),(cid:883)(cid:887)(cid:889),(cid:885)(cid:891)(cid:890),(cid:887)(cid:887)(cid:887),(cid:883)(cid:889)(cid:889),(cid:883)(cid:884)(cid:885),(cid:885)(cid:882)(cid:882),(cid:886)(cid:884),(cid:890)(cid:889),(cid:883)(cid:884)(cid:891),(cid:883)(cid:889)(cid:887),(cid:885)(cid:882)(cid:888),(cid:886)(cid:890)(cid:883),,,,,,,,,,,,,,,,,,,,,
(cid:884)(cid:883),(cid:14)(cid:131)(cid:142)(cid:139)(cid:143)(cid:131)(cid:144)(cid:150)(cid:131)(cid:144)(cid:3)(cid:23)(cid:135)(cid:144)(cid:137)(cid:131)(cid:138),(cid:883)(cid:882)(cid:891),(cid:885)(cid:884)(cid:884),(cid:886)(cid:885)(cid:883),(cid:883)(cid:886)(cid:885),(cid:890)(cid:887),(cid:884)(cid:884)(cid:890),(cid:884)(cid:891),(cid:890)(cid:887),(cid:883)(cid:883)(cid:886),(cid:890)(cid:883),(cid:883)(cid:890)(cid:885),(cid:884)(cid:888)(cid:886),,,,,,,,,,,,,,,,,,,,,
(cid:884)(cid:884),(cid:14)(cid:131)(cid:142)(cid:139)(cid:143)(cid:131)(cid:144)(cid:150)(cid:131)(cid:144)(cid:3)(cid:22)(cid:135)(cid:142)(cid:131)(cid:150)(cid:131)(cid:144),(cid:883)(cid:889)(cid:884),(cid:887)(cid:889)(cid:886),(cid:889)(cid:886)(cid:888),(cid:884)(cid:885)(cid:885),(cid:883)(cid:888)(cid:885),(cid:885)(cid:891)(cid:888),(cid:889)(cid:882),(cid:883)(cid:882)(cid:889),(cid:883)(cid:889)(cid:889),(cid:884)(cid:883)(cid:886),(cid:885)(cid:891)(cid:883),(cid:888)(cid:882)(cid:887),,,,,,,,,,,,,,,,,,,,,
(cid:884)(cid:885),(cid:14)(cid:131)(cid:142)(cid:139)(cid:143)(cid:131)(cid:144)(cid:150)(cid:131)(cid:144)(cid:3)(cid:23)(cid:139)(cid:143)(cid:151)(cid:148),(cid:883)(cid:890)(cid:890),(cid:887)(cid:884)(cid:889),(cid:889)(cid:883)(cid:887),(cid:884)(cid:882)(cid:888),(cid:883)(cid:887)(cid:890),(cid:885)(cid:888)(cid:886),(cid:890)(cid:886),(cid:883)(cid:889)(cid:891),(cid:884)(cid:888)(cid:885),(cid:883)(cid:887)(cid:883),(cid:884)(cid:891)(cid:887),(cid:886)(cid:886)(cid:888),,,,,,,,,,,,,,,,,,,,,
(cid:884)(cid:886),(cid:14)(cid:131)(cid:142)(cid:139)(cid:143)(cid:131)(cid:144)(cid:150)(cid:131)(cid:144)(cid:3)(cid:24)(cid:150)(cid:131)(cid:148)(cid:131),(cid:886)(cid:883),(cid:883)(cid:882)(cid:888),(cid:883)(cid:886)(cid:889),(cid:887)(cid:889),(cid:885)(cid:891),(cid:891)(cid:888),(cid:883)(cid:884),(cid:884)(cid:891),(cid:886)(cid:883),(cid:886)(cid:885),(cid:889)(cid:883),(cid:883)(cid:883)(cid:886),,,,,,,,,,,,,,,,,,,,,
(cid:884)(cid:887),(cid:22)(cid:151)(cid:142)(cid:131)(cid:153)(cid:135)(cid:149)(cid:139)(cid:3)(cid:24)(cid:150)(cid:131)(cid:148)(cid:131),(cid:891)(cid:891),(cid:884)(cid:887)(cid:891),(cid:885)(cid:887)(cid:890),(cid:883)(cid:884)(cid:888),(cid:888)(cid:886),(cid:883)(cid:891)(cid:882),(cid:888)(cid:887),(cid:883)(cid:883)(cid:882),(cid:883)(cid:889)(cid:887),(cid:883)(cid:882)(cid:883),(cid:883)(cid:890)(cid:888),(cid:884)(cid:890)(cid:889),,,,,,,,,,,,,,,,,,,,,
(cid:884)(cid:888),(cid:22)(cid:151)(cid:142)(cid:131)(cid:153)(cid:135)(cid:149)(cid:139)(cid:3)(cid:23)(cid:135)(cid:144)(cid:137)(cid:131)(cid:138),(cid:889)(cid:887),(cid:884)(cid:891)(cid:882),(cid:885)(cid:888)(cid:887),(cid:889)(cid:891),(cid:883)(cid:882)(cid:891),(cid:883)(cid:890)(cid:890),(cid:884)(cid:886),(cid:890)(cid:882),(cid:883)(cid:882)(cid:886),(cid:891)(cid:888),(cid:883)(cid:886)(cid:887),(cid:884)(cid:886)(cid:883),,,,,,,,,,,,,,,,,,,,,
(cid:884)(cid:889),(cid:22)(cid:151)(cid:142)(cid:131)(cid:153)(cid:135)(cid:149)(cid:139)(cid:3)(cid:22)(cid:135)(cid:142)(cid:131)(cid:150)(cid:131)(cid:144),(cid:884)(cid:889)(cid:884),(cid:883)(cid:484)(cid:882)(cid:889)(cid:891),(cid:883)(cid:484)(cid:885)(cid:887)(cid:883),(cid:885)(cid:888)(cid:884),(cid:887)(cid:889)(cid:887),(cid:891)(cid:885)(cid:889),(cid:883)(cid:884)(cid:891),(cid:885)(cid:890)(cid:883),(cid:887)(cid:883)(cid:882),(cid:884)(cid:890)(cid:888),(cid:891)(cid:883)(cid:884),(cid:883)(cid:484)(cid:883)(cid:891)(cid:890),,,,,,,,,,,,,,,,,,,,,
(cid:884)(cid:890),(cid:22)(cid:151)(cid:142)(cid:131)(cid:153)(cid:135)(cid:149)(cid:139)(cid:3)(cid:23)(cid:135)(cid:144)(cid:137)(cid:137)(cid:131)(cid:148)(cid:131),(cid:889)(cid:887),(cid:885)(cid:883)(cid:885),(cid:885)(cid:890)(cid:890),(cid:890)(cid:890),(cid:883)(cid:885)(cid:891),(cid:884)(cid:884)(cid:889),(cid:883)(cid:883),(cid:891)(cid:886),(cid:883)(cid:882)(cid:887),(cid:891)(cid:882),(cid:884)(cid:886)(cid:889),(cid:885)(cid:885)(cid:889),,,,,,,,,,,,,,,,,,,,,
(cid:884)(cid:891),(cid:10)(cid:145)(cid:148)(cid:145)(cid:144)(cid:150)(cid:131)(cid:142)(cid:145),(cid:886)(cid:884),(cid:883)(cid:885)(cid:885),(cid:883)(cid:889)(cid:887),(cid:886)(cid:888),(cid:888)(cid:885),(cid:883)(cid:882)(cid:891),(cid:883)(cid:883),(cid:884)(cid:882),(cid:885)(cid:883),(cid:886)(cid:882),(cid:891)(cid:884),(cid:883)(cid:885)(cid:884),,,,,,,,,,,,,,,,,,,,,
(cid:885)(cid:882),(cid:22)(cid:151)(cid:142)(cid:131)(cid:153)(cid:135)(cid:149)(cid:139)(cid:3)(cid:5)(cid:131)(cid:148)(cid:131)(cid:150),(cid:884)(cid:887),(cid:889)(cid:890),(cid:883)(cid:882)(cid:885),(cid:884)(cid:891),(cid:887)(cid:889),(cid:890)(cid:888),(cid:890),(cid:885)(cid:886),(cid:886)(cid:884),(cid:884)(cid:883),(cid:889)(cid:885),(cid:891)(cid:886),,,,,,,,,,,,,,,,,,,,,
(cid:885)(cid:883),(cid:16)(cid:131)(cid:142)(cid:151)(cid:141)(cid:151),(cid:886)(cid:882),(cid:883)(cid:890)(cid:891),(cid:884)(cid:884)(cid:891),(cid:886)(cid:883),(cid:889)(cid:883),(cid:883)(cid:883)(cid:884),(cid:883)(cid:885),(cid:887)(cid:889),(cid:889)(cid:882),(cid:885)(cid:890),(cid:890)(cid:888),(cid:883)(cid:884)(cid:886),,,,,,,,,,,,,,,,,,,,,
(cid:885)(cid:884),(cid:16)(cid:131)(cid:142)(cid:151)(cid:141)(cid:151)(cid:3)(cid:24)(cid:150)(cid:131)(cid:148)(cid:131),(cid:887)(cid:885),(cid:883)(cid:891)(cid:885),(cid:884)(cid:886)(cid:888),(cid:887)(cid:883),(cid:890)(cid:886),(cid:883)(cid:885)(cid:887),(cid:883)(cid:889),(cid:886)(cid:883),(cid:887)(cid:890),(cid:885)(cid:890),(cid:891)(cid:882),(cid:883)(cid:884)(cid:890),,,,,,,,,,,,,,,,,,,,,
(cid:885)(cid:885),(cid:19)(cid:131)(cid:146)(cid:151)(cid:131),(cid:888)(cid:886),(cid:883)(cid:889)(cid:886),(cid:884)(cid:885)(cid:890),(cid:886)(cid:885),(cid:884)(cid:886),(cid:888)(cid:889),(cid:883)(cid:884),(cid:885)(cid:890),(cid:887)(cid:882),(cid:885)(cid:883),(cid:888)(cid:887),(cid:891)(cid:888),,,,,,,,,,,,,,,,,,,,,
(cid:885)(cid:886),(cid:19)(cid:131)(cid:146)(cid:151)(cid:131)(cid:3)(cid:5)(cid:131)(cid:148)(cid:131)(cid:150),(cid:885)(cid:887),(cid:891)(cid:885),(cid:883)(cid:884)(cid:890),(cid:884)(cid:886),(cid:885)(cid:885),(cid:887)(cid:889),(cid:886),(cid:883)(cid:887),(cid:883)(cid:891),(cid:884)(cid:883),(cid:886)(cid:891),(cid:889)(cid:882),,,,,,,,,,,,,,,,,,,,,
(cid:885)(cid:887),(cid:19)(cid:131)(cid:146)(cid:151)(cid:131)(cid:3)(cid:22)(cid:135)(cid:142)(cid:131)(cid:150)(cid:131)(cid:144),(cid:883)(cid:890),(cid:886)(cid:891),(cid:888)(cid:889),(cid:890),(cid:883)(cid:885),(cid:884)(cid:883),(cid:890),(cid:888),(cid:883)(cid:886),(cid:884)(cid:887),(cid:884)(cid:883),(cid:886)(cid:888),,,,,,,,,,,,,,,,,,,,,
(cid:885)(cid:888),(cid:19)(cid:131)(cid:146)(cid:151)(cid:131)(cid:3)(cid:23)(cid:135)(cid:144)(cid:137)(cid:131)(cid:138),(cid:885)(cid:889),(cid:887)(cid:886),(cid:891)(cid:883),(cid:884)(cid:886),(cid:883)(cid:886),(cid:885)(cid:890),(cid:885),(cid:891),(cid:883)(cid:884),(cid:883)(cid:889),(cid:884)(cid:883),(cid:885)(cid:890),,,,,,,,,,,,,,,,,,,,,
(cid:885)(cid:889) (cid:19)(cid:131)(cid:146)(cid:151)(cid:131)(cid:3)(cid:19)(cid:135)(cid:137)(cid:151)(cid:144)(cid:151)(cid:144)(cid:137)(cid:131)(cid:144) Indonesia (cid:885)(cid:890) (cid:19)(cid:131)(cid:146)(cid:151)(cid:131)(cid:3)(cid:5)(cid:131)(cid:148)(cid:131)(cid:150)(cid:3)(cid:7)(cid:131)(cid:155)(cid:131),,(cid:883)(cid:886) 6.760 (cid:883)(cid:888),(cid:884)(cid:887) 25.560 (cid:886)(cid:883),(cid:885)(cid:891) 32.320 (cid:887)(cid:889),(cid:888) 11.009 (cid:883)(cid:885),(cid:885) 10.183 (cid:883)(cid:889),(cid:891) 21.192 (cid:885)(cid:882),(cid:885) 3.931 (cid:886),(cid:885) 8.562 (cid:889),(cid:888) 12.493 (cid:883)(cid:883),(cid:888) 9.308 (cid:890),(cid:890) 21.882 (cid:886)(cid:891),(cid:883)(cid:886) 31.190 (cid:887)(cid:889),,,,,,,,,,,,,,,,,,,,,
No,Provinsi,Tenaga Kefarmasian,,,,,,,,,,,,,,,,,,,,,,,,,,,,,,,,
,,Tenaga Kefarmasian,,,Apoteker,,,Total,,,,,,,,,,,,,,,,,,,,,,,,,,
,,L,P,L + P,L,P,L + P,L,P,L + P,,,,,,,,,,,,,,,,,,,,,,,,
(1),(2),(3),(4),(5),(6),(7),(8),(9),(10),(11),,,,,,,,,,,,,,,,,,,,,,,,
(cid:883),(cid:4)(cid:6)(cid:8)(cid:11),(cid:884)(cid:887)(cid:883),(cid:884)(cid:484)(cid:884)(cid:886)(cid:889),(cid:884)(cid:484)(cid:886)(cid:891)(cid:890),(cid:883)(cid:886)(cid:885),(cid:890)(cid:891)(cid:889),(cid:883)(cid:484)(cid:882)(cid:886)(cid:882),(cid:885)(cid:891)(cid:886),(cid:885)(cid:484)(cid:883)(cid:886)(cid:886),(cid:885)(cid:484)(cid:887)(cid:885)(cid:890),,,,,,,,,,,,,,,,,,,,,,,,
(cid:884),(cid:22)(cid:24)(cid:16)(cid:4)(cid:23)(cid:8)(cid:21)(cid:4)(cid:3)(cid:24)(cid:23)(cid:4)(cid:21)(cid:4),(cid:884)(cid:890)(cid:890),(cid:884)(cid:484)(cid:882)(cid:889)(cid:883),(cid:884)(cid:484)(cid:885)(cid:887)(cid:891),(cid:884)(cid:888)(cid:884),(cid:883)(cid:484)(cid:886)(cid:888)(cid:888),(cid:883)(cid:484)(cid:889)(cid:884)(cid:890),(cid:887)(cid:887)(cid:882),(cid:885)(cid:484)(cid:887)(cid:885)(cid:889),(cid:886)(cid:484)(cid:882)(cid:890)(cid:889),,,,,,,,,,,,,,,,,,,,,,,,
(cid:885),(cid:22)(cid:24)(cid:16)(cid:4)(cid:23)(cid:8)(cid:21)(cid:4)(cid:3)(cid:5)(cid:4)(cid:21)(cid:4)(cid:23),(cid:883)(cid:891)(cid:884),(cid:883)(cid:484)(cid:886)(cid:891)(cid:882),(cid:883)(cid:484)(cid:888)(cid:890)(cid:884),(cid:883)(cid:886)(cid:883),(cid:891)(cid:884)(cid:889),(cid:883)(cid:484)(cid:882)(cid:888)(cid:890),(cid:885)(cid:885)(cid:885),(cid:884)(cid:484)(cid:886)(cid:883)(cid:889),(cid:884)(cid:484)(cid:889)(cid:887)(cid:882),,,,,,,,,,,,,,,,,,,,,,,,
(cid:886),(cid:21)(cid:12)(cid:4)(cid:24),(cid:883)(cid:888)(cid:885),(cid:883)(cid:484)(cid:885)(cid:882)(cid:891),(cid:883)(cid:484)(cid:886)(cid:889)(cid:884),(cid:883)(cid:891)(cid:883),(cid:883)(cid:484)(cid:884)(cid:889)(cid:883),(cid:883)(cid:484)(cid:886)(cid:888)(cid:884),(cid:885)(cid:887)(cid:886),(cid:884)(cid:484)(cid:887)(cid:890)(cid:882),(cid:884)(cid:484)(cid:891)(cid:885)(cid:886),,,,,,,,,,,,,,,,,,,,,,,,
(cid:887),(cid:13)(cid:4)(cid:16)(cid:5)(cid:12),(cid:883)(cid:884)(cid:890),(cid:891)(cid:884)(cid:883),(cid:883)(cid:484)(cid:882)(cid:886)(cid:891),(cid:883)(cid:885)(cid:885),(cid:889)(cid:889)(cid:884),(cid:891)(cid:882)(cid:887),(cid:884)(cid:888)(cid:883),(cid:883)(cid:484)(cid:888)(cid:891)(cid:885),(cid:883)(cid:484)(cid:891)(cid:887)(cid:886),,,,,,,,,,,,,,,,,,,,,,,,
(cid:888),(cid:22)(cid:24)(cid:16)(cid:4)(cid:23)(cid:8)(cid:21)(cid:4)(cid:3)(cid:22)(cid:8)(cid:15)(cid:4)(cid:23)(cid:4)(cid:17),(cid:884)(cid:889)(cid:889),(cid:883)(cid:484)(cid:891)(cid:884)(cid:885),(cid:884)(cid:484)(cid:884)(cid:882)(cid:882),(cid:884)(cid:886)(cid:882),(cid:883)(cid:484)(cid:882)(cid:883)(cid:883),(cid:883)(cid:484)(cid:884)(cid:887)(cid:883),(cid:887)(cid:883)(cid:889),(cid:884)(cid:484)(cid:891)(cid:885)(cid:886),(cid:885)(cid:484)(cid:886)(cid:887)(cid:883),,,,,,,,,,,,,,,,,,,,,,,,
(cid:889),(cid:5)(cid:8)(cid:17)(cid:10)(cid:14)(cid:24)(cid:15)(cid:24),(cid:890)(cid:885),(cid:887)(cid:888)(cid:888),(cid:888)(cid:886)(cid:891),(cid:890)(cid:882),(cid:886)(cid:887)(cid:889),(cid:887)(cid:885)(cid:889),(cid:883)(cid:888)(cid:885),(cid:883)(cid:484)(cid:882)(cid:884)(cid:885),(cid:883)(cid:484)(cid:883)(cid:890)(cid:888),,,,,,,,,,,,,,,,,,,,,,,,
(cid:890),(cid:15)(cid:4)(cid:16)(cid:19)(cid:24)(cid:17)(cid:10),(cid:883)(cid:890)(cid:883),(cid:889)(cid:891)(cid:883),(cid:891)(cid:889)(cid:884),(cid:884)(cid:890)(cid:883),(cid:891)(cid:888)(cid:890),(cid:883)(cid:484)(cid:884)(cid:886)(cid:891),(cid:886)(cid:888)(cid:884),(cid:883)(cid:484)(cid:889)(cid:887)(cid:891),(cid:884)(cid:484)(cid:884)(cid:884)(cid:883),,,,,,,,,,,,,,,,,,,,,,,,
(cid:891),(cid:14)(cid:8)(cid:19)(cid:24)(cid:15)(cid:4)(cid:24)(cid:4)(cid:17)(cid:3)(cid:5)(cid:4)(cid:17)(cid:10)(cid:14)(cid:4)(cid:3)(cid:5)(cid:8)(cid:15)(cid:12)(cid:23)(cid:24)(cid:17)(cid:10),(cid:890)(cid:890),(cid:886)(cid:884)(cid:887),(cid:887)(cid:883)(cid:885),(cid:889)(cid:885),(cid:885)(cid:882)(cid:884),(cid:885)(cid:889)(cid:887),(cid:883)(cid:888)(cid:883),(cid:889)(cid:884)(cid:889),(cid:890)(cid:890)(cid:890),,,,,,,,,,,,,,,,,,,,,,,,
(cid:883)(cid:882),(cid:14)(cid:8)(cid:19)(cid:24)(cid:15)(cid:4)(cid:24)(cid:4)(cid:17)(cid:3)(cid:21)(cid:12)(cid:4)(cid:24),(cid:883)(cid:886)(cid:885),(cid:887)(cid:889)(cid:891),(cid:889)(cid:884)(cid:884),(cid:883)(cid:888)(cid:886),(cid:887)(cid:884)(cid:888),(cid:888)(cid:891)(cid:882),(cid:885)(cid:882)(cid:889),(cid:883)(cid:484)(cid:883)(cid:882)(cid:887),(cid:883)(cid:484)(cid:886)(cid:883)(cid:884),,,,,,,,,,,,,,,,,,,,,,,,
(cid:883)(cid:883),(cid:7)(cid:14)(cid:12)(cid:3)(cid:13)(cid:4)(cid:14)(cid:4)(cid:21)(cid:23)(cid:4),(cid:883)(cid:484)(cid:882)(cid:884)(cid:888),(cid:886)(cid:484)(cid:887)(cid:888)(cid:886),(cid:887)(cid:484)(cid:887)(cid:891)(cid:882),(cid:890)(cid:889)(cid:884),(cid:885)(cid:484)(cid:883)(cid:888)(cid:887),(cid:886)(cid:484)(cid:882)(cid:885)(cid:889),(cid:883)(cid:484)(cid:890)(cid:891)(cid:890),(cid:889)(cid:484)(cid:889)(cid:884)(cid:891),(cid:891)(cid:484)(cid:888)(cid:884)(cid:889),,,,,,,,,,,,,,,,,,,,,,,,
(cid:883)(cid:884),(cid:13)(cid:4)(cid:26)(cid:4)(cid:3)(cid:5)(cid:4)(cid:21)(cid:4)(cid:23),(cid:883)(cid:484)(cid:889)(cid:884)(cid:891),(cid:889)(cid:484)(cid:888)(cid:887)(cid:890),(cid:891)(cid:484)(cid:885)(cid:890)(cid:889),(cid:884)(cid:484)(cid:883)(cid:888)(cid:882),(cid:889)(cid:484)(cid:884)(cid:884)(cid:883),(cid:891)(cid:484)(cid:885)(cid:890)(cid:883),(cid:885)(cid:484)(cid:890)(cid:890)(cid:891),(cid:883)(cid:886)(cid:484)(cid:890)(cid:889)(cid:891),(cid:883)(cid:890)(cid:484)(cid:889)(cid:888)(cid:890),,,,,,,,,,,,,,,,,,,,,,,,
(cid:883)(cid:885),(cid:13)(cid:4)(cid:26)(cid:4)(cid:3)(cid:23)(cid:8)(cid:17)(cid:10)(cid:4)(cid:11),(cid:883)(cid:484)(cid:883)(cid:891)(cid:886),(cid:890)(cid:484)(cid:885)(cid:890)(cid:887),(cid:891)(cid:484)(cid:887)(cid:889)(cid:891),(cid:883)(cid:484)(cid:887)(cid:888)(cid:887),(cid:890)(cid:484)(cid:882)(cid:884)(cid:889),(cid:891)(cid:484)(cid:887)(cid:891)(cid:884),(cid:884)(cid:484)(cid:889)(cid:887)(cid:891),(cid:883)(cid:888)(cid:484)(cid:886)(cid:883)(cid:884),(cid:883)(cid:891)(cid:484)(cid:883)(cid:889)(cid:883),,,,,,,,,,,,,,,,,,,,,,,,
(cid:883)(cid:886),(cid:28)(cid:18)(cid:10)(cid:28)(cid:4)(cid:14)(cid:4)(cid:21)(cid:23)(cid:4),(cid:883)(cid:890)(cid:882),(cid:883)(cid:484)(cid:886)(cid:884)(cid:887),(cid:883)(cid:484)(cid:888)(cid:882)(cid:887),(cid:884)(cid:887)(cid:891),(cid:883)(cid:484)(cid:889)(cid:884)(cid:890),(cid:883)(cid:484)(cid:891)(cid:890)(cid:889),(cid:886)(cid:885)(cid:891),(cid:885)(cid:484)(cid:883)(cid:887)(cid:885),(cid:885)(cid:484)(cid:887)(cid:891)(cid:884),,,,,,,,,,,,,,,,,,,,,,,,
(cid:883)(cid:887),(cid:13)(cid:4)(cid:26)(cid:4)(cid:3)(cid:23)(cid:12)(cid:16)(cid:24)(cid:21),(cid:883)(cid:484)(cid:884)(cid:882)(cid:883),(cid:889)(cid:484)(cid:888)(cid:891)(cid:890),(cid:890)(cid:484)(cid:890)(cid:891)(cid:891),(cid:883)(cid:484)(cid:886)(cid:888)(cid:888),(cid:889)(cid:484)(cid:883)(cid:885)(cid:886),(cid:890)(cid:484)(cid:888)(cid:882)(cid:882),(cid:884)(cid:484)(cid:888)(cid:888)(cid:889),(cid:883)(cid:886)(cid:484)(cid:890)(cid:885)(cid:884),(cid:883)(cid:889)(cid:484)(cid:886)(cid:891)(cid:891),,,,,,,,,,,,,,,,,,,,,,,,
(cid:883)(cid:888),(cid:5)(cid:4)(cid:17)(cid:23)(cid:8)(cid:17),(cid:885)(cid:891)(cid:891),(cid:883)(cid:484)(cid:890)(cid:886)(cid:882),(cid:884)(cid:484)(cid:884)(cid:885)(cid:891),(cid:886)(cid:882)(cid:887),(cid:883)(cid:484)(cid:890)(cid:887)(cid:884),(cid:884)(cid:484)(cid:884)(cid:887)(cid:889),(cid:890)(cid:882)(cid:886),(cid:885)(cid:484)(cid:888)(cid:891)(cid:884),(cid:886)(cid:484)(cid:886)(cid:891)(cid:888),,,,,,,,,,,,,,,,,,,,,,,,
(cid:883)(cid:889),(cid:5)(cid:4)(cid:15)(cid:12),(cid:883)(cid:891)(cid:888),(cid:883)(cid:484)(cid:882)(cid:884)(cid:886),(cid:883)(cid:484)(cid:884)(cid:884)(cid:882),(cid:885)(cid:888)(cid:891),(cid:890)(cid:888)(cid:887),(cid:883)(cid:484)(cid:884)(cid:885)(cid:886),(cid:887)(cid:888)(cid:887),(cid:883)(cid:484)(cid:890)(cid:890)(cid:891),(cid:884)(cid:484)(cid:886)(cid:887)(cid:886),,,,,,,,,,,,,,,,,,,,,,,,
(cid:883)(cid:890),(cid:17)(cid:24)(cid:22)(cid:4)(cid:3)(cid:23)(cid:8)(cid:17)(cid:10)(cid:10)(cid:4)(cid:21)(cid:4)(cid:3)(cid:5)(cid:4)(cid:21)(cid:4)(cid:23),(cid:885)(cid:891)(cid:882),(cid:891)(cid:891)(cid:891),(cid:883)(cid:484)(cid:885)(cid:890)(cid:891),(cid:884)(cid:887)(cid:885),(cid:889)(cid:884)(cid:883),(cid:891)(cid:889)(cid:886),(cid:888)(cid:886)(cid:885),(cid:883)(cid:484)(cid:889)(cid:884)(cid:882),(cid:884)(cid:484)(cid:885)(cid:888)(cid:885),,,,,,,,,,,,,,,,,,,,,,,,
(cid:883)(cid:891),(cid:17)(cid:24)(cid:22)(cid:4)(cid:3)(cid:23)(cid:8)(cid:17)(cid:10)(cid:10)(cid:4)(cid:21)(cid:4)(cid:3)(cid:23)(cid:12)(cid:16)(cid:24)(cid:21),(cid:885)(cid:883)(cid:884),(cid:883)(cid:484)(cid:884)(cid:890)(cid:884),(cid:883)(cid:484)(cid:887)(cid:891)(cid:886),(cid:883)(cid:888)(cid:889),(cid:889)(cid:887)(cid:884),(cid:891)(cid:883)(cid:891),(cid:886)(cid:889)(cid:891),(cid:884)(cid:484)(cid:882)(cid:885)(cid:886),(cid:884)(cid:484)(cid:887)(cid:883)(cid:885),,,,,,,,,,,,,,,,,,,,,,,,
(cid:884)(cid:882),(cid:14)(cid:4)(cid:15)(cid:12)(cid:16)(cid:4)(cid:17)(cid:23)(cid:4)(cid:17)(cid:3)(cid:5)(cid:4)(cid:21)(cid:4)(cid:23),(cid:884)(cid:884)(cid:884),(cid:889)(cid:886)(cid:882),(cid:891)(cid:888)(cid:884),(cid:884)(cid:883)(cid:888),(cid:888)(cid:889)(cid:887),(cid:890)(cid:891)(cid:883),(cid:886)(cid:885)(cid:890),(cid:883)(cid:484)(cid:886)(cid:883)(cid:887),(cid:883)(cid:484)(cid:890)(cid:887)(cid:885),,,,,,,,,,,,,,,,,,,,,,,,
(cid:884)(cid:883),(cid:14)(cid:4)(cid:15)(cid:12)(cid:16)(cid:4)(cid:17)(cid:23)(cid:4)(cid:17)(cid:3)(cid:23)(cid:8)(cid:17)(cid:10)(cid:4)(cid:11),(cid:883)(cid:889)(cid:888),(cid:888)(cid:884)(cid:889),(cid:890)(cid:882)(cid:885),(cid:883)(cid:888)(cid:884),(cid:888)(cid:885)(cid:891),(cid:890)(cid:882)(cid:883),(cid:885)(cid:885)(cid:890),(cid:883)(cid:484)(cid:884)(cid:888)(cid:888),(cid:883)(cid:484)(cid:888)(cid:882)(cid:886),,,,,,,,,,,,,,,,,,,,,,,,
(cid:884)(cid:884),(cid:14)(cid:4)(cid:15)(cid:12)(cid:16)(cid:4)(cid:17)(cid:23)(cid:4)(cid:17)(cid:3)(cid:22)(cid:8)(cid:15)(cid:4)(cid:23)(cid:4)(cid:17),(cid:885)(cid:882)(cid:890),(cid:883)(cid:484)(cid:884)(cid:891)(cid:882),(cid:883)(cid:484)(cid:887)(cid:891)(cid:890),(cid:884)(cid:891)(cid:884),(cid:890)(cid:891)(cid:886),(cid:883)(cid:484)(cid:883)(cid:890)(cid:888),(cid:888)(cid:882)(cid:882),(cid:884)(cid:484)(cid:883)(cid:890)(cid:886),(cid:884)(cid:484)(cid:889)(cid:890)(cid:886),,,,,,,,,,,,,,,,,,,,,,,,
(cid:884)(cid:885),(cid:14)(cid:4)(cid:15)(cid:12)(cid:16)(cid:4)(cid:17)(cid:23)(cid:4)(cid:17)(cid:3)(cid:23)(cid:12)(cid:16)(cid:24)(cid:21),(cid:885)(cid:882)(cid:885),(cid:883)(cid:484)(cid:883)(cid:886)(cid:884),(cid:883)(cid:484)(cid:886)(cid:886)(cid:887),(cid:885)(cid:885)(cid:891),(cid:883)(cid:484)(cid:884)(cid:882)(cid:891),(cid:883)(cid:484)(cid:887)(cid:886)(cid:890),(cid:888)(cid:886)(cid:884),(cid:884)(cid:484)(cid:885)(cid:887)(cid:883),(cid:884)(cid:484)(cid:891)(cid:891)(cid:885),,,,,,,,,,,,,,,,,,,,,,,,
(cid:884)(cid:886),(cid:14)(cid:4)(cid:15)(cid:12)(cid:16)(cid:4)(cid:17)(cid:23)(cid:4)(cid:17)(cid:3)(cid:24)(cid:23)(cid:4)(cid:21)(cid:4),(cid:889)(cid:887),(cid:884)(cid:891)(cid:883),(cid:885)(cid:888)(cid:888),(cid:888)(cid:891),(cid:884)(cid:883)(cid:886),(cid:884)(cid:890)(cid:885),(cid:883)(cid:886)(cid:886),(cid:887)(cid:882)(cid:887),(cid:888)(cid:886)(cid:891),,,,,,,,,,,,,,,,,,,,,,,,
(cid:884)(cid:887),(cid:22)(cid:24)(cid:15)(cid:4)(cid:26)(cid:8)(cid:22)(cid:12)(cid:3)(cid:24)(cid:23)(cid:4)(cid:21)(cid:4),(cid:883)(cid:889)(cid:889),(cid:888)(cid:887)(cid:882),(cid:890)(cid:884)(cid:889),(cid:883)(cid:886)(cid:885),(cid:886)(cid:887)(cid:888),(cid:887)(cid:891)(cid:891),(cid:885)(cid:884)(cid:882),(cid:883)(cid:484)(cid:883)(cid:882)(cid:888),(cid:883)(cid:484)(cid:886)(cid:884)(cid:888),,,,,,,,,,,,,,,,,,,,,,,,
(cid:884)(cid:888),(cid:22)(cid:24)(cid:15)(cid:4)(cid:26)(cid:8)(cid:22)(cid:12)(cid:3)(cid:23)(cid:8)(cid:17)(cid:10)(cid:4)(cid:11),(cid:884)(cid:882)(cid:886),(cid:890)(cid:891)(cid:888),(cid:883)(cid:484)(cid:883)(cid:882)(cid:882),(cid:883)(cid:884)(cid:891),(cid:887)(cid:891)(cid:883),(cid:889)(cid:884)(cid:882),(cid:885)(cid:885)(cid:885),(cid:883)(cid:484)(cid:886)(cid:890)(cid:889),(cid:883)(cid:484)(cid:890)(cid:884)(cid:882),,,,,,,,,,,,,,,,,,,,,,,,
(cid:884)(cid:889),(cid:22)(cid:24)(cid:15)(cid:4)(cid:26)(cid:8)(cid:22)(cid:12)(cid:3)(cid:22)(cid:8)(cid:15)(cid:4)(cid:23)(cid:4)(cid:17),(cid:885)(cid:885)(cid:891),(cid:884)(cid:484)(cid:887)(cid:882)(cid:885),(cid:884)(cid:484)(cid:890)(cid:886)(cid:884),(cid:885)(cid:889)(cid:887),(cid:884)(cid:484)(cid:883)(cid:885)(cid:884),(cid:884)(cid:484)(cid:887)(cid:882)(cid:889),(cid:889)(cid:883)(cid:886),(cid:886)(cid:484)(cid:888)(cid:885)(cid:887),(cid:887)(cid:484)(cid:885)(cid:886)(cid:891),,,,,,,,,,,,,,,,,,,,,,,,
(cid:884)(cid:890),(cid:22)(cid:24)(cid:15)(cid:4)(cid:26)(cid:8)(cid:22)(cid:12)(cid:3)(cid:23)(cid:8)(cid:17)(cid:10)(cid:10)(cid:4)(cid:21)(cid:4),(cid:883)(cid:888)(cid:889),(cid:883)(cid:484)(cid:883)(cid:890)(cid:883),(cid:883)(cid:484)(cid:885)(cid:886)(cid:890),(cid:884)(cid:882)(cid:889),(cid:891)(cid:889)(cid:889),(cid:883)(cid:484)(cid:883)(cid:890)(cid:886),(cid:885)(cid:889)(cid:886),(cid:884)(cid:484)(cid:883)(cid:887)(cid:890),(cid:884)(cid:484)(cid:887)(cid:885)(cid:884),,,,,,,,,,,,,,,,,,,,,,,,
(cid:884)(cid:891),(cid:10)(cid:18)(cid:21)(cid:18)(cid:17)(cid:23)(cid:4)(cid:15)(cid:18),(cid:887)(cid:887),(cid:885)(cid:885)(cid:890),(cid:885)(cid:891)(cid:885),(cid:886)(cid:889),(cid:884)(cid:882)(cid:883),(cid:884)(cid:886)(cid:890),(cid:883)(cid:882)(cid:884),(cid:887)(cid:885)(cid:891),(cid:888)(cid:886)(cid:883),,,,,,,,,,,,,,,,,,,,,,,,
(cid:885)(cid:882),(cid:22)(cid:24)(cid:15)(cid:4)(cid:26)(cid:8)(cid:22)(cid:12)(cid:3)(cid:5)(cid:4)(cid:21)(cid:4)(cid:23),(cid:886)(cid:882),(cid:885)(cid:883)(cid:886),(cid:885)(cid:887)(cid:886),(cid:886)(cid:889),(cid:884)(cid:885)(cid:884),(cid:884)(cid:889)(cid:891),(cid:890)(cid:889),(cid:887)(cid:886)(cid:888),(cid:888)(cid:885)(cid:885),,,,,,,,,,,,,,,,,,,,,,,,
(cid:885)(cid:883),(cid:16)(cid:4)(cid:15)(cid:24)(cid:14)(cid:24),(cid:888)(cid:885),(cid:885)(cid:887)(cid:885),(cid:886)(cid:883)(cid:888),(cid:888)(cid:883),(cid:885)(cid:882)(cid:886),(cid:885)(cid:888)(cid:887),(cid:883)(cid:884)(cid:886),(cid:888)(cid:887)(cid:889),(cid:889)(cid:890)(cid:883),,,,,,,,,,,,,,,,,,,,,,,,
(cid:885)(cid:884),(cid:16)(cid:4)(cid:15)(cid:24)(cid:14)(cid:24)(cid:3)(cid:24)(cid:23)(cid:4)(cid:21)(cid:4),(cid:887)(cid:889),(cid:885)(cid:885)(cid:885),(cid:885)(cid:891)(cid:882),(cid:887)(cid:888),(cid:884)(cid:887)(cid:890),(cid:885)(cid:883)(cid:886),(cid:883)(cid:883)(cid:885),(cid:887)(cid:891)(cid:883),(cid:889)(cid:882)(cid:886),,,,,,,,,,,,,,,,,,,,,,,,
(cid:885)(cid:885),(cid:19)(cid:4)(cid:19)(cid:24)(cid:4),(cid:883)(cid:883)(cid:882),(cid:885)(cid:889)(cid:889),(cid:886)(cid:890)(cid:889),(cid:889)(cid:885),(cid:884)(cid:891)(cid:889),(cid:885)(cid:889)(cid:882),(cid:883)(cid:890)(cid:885),(cid:888)(cid:889)(cid:886),(cid:890)(cid:887)(cid:889),,,,,,,,,,,,,,,,,,,,,,,,
(cid:885)(cid:886),(cid:19)(cid:4)(cid:19)(cid:24)(cid:4)(cid:3)(cid:5)(cid:4)(cid:21)(cid:4)(cid:23),(cid:885)(cid:891),(cid:883)(cid:886)(cid:883),(cid:883)(cid:890)(cid:882),(cid:885)(cid:890),(cid:884)(cid:882)(cid:883),(cid:884)(cid:885)(cid:891),(cid:889)(cid:889),(cid:885)(cid:886)(cid:884),(cid:886)(cid:883)(cid:891),,,,,,,,,,,,,,,,,,,,,,,,
(cid:885)(cid:887),(cid:19)(cid:4)(cid:19)(cid:24)(cid:4)(cid:3)(cid:22)(cid:8)(cid:15)(cid:4)(cid:23)(cid:4)(cid:17),(cid:884)(cid:885),(cid:891)(cid:884),(cid:883)(cid:883)(cid:887),(cid:884)(cid:891),(cid:890)(cid:886),(cid:883)(cid:883)(cid:885),(cid:887)(cid:884),(cid:883)(cid:889)(cid:888),(cid:884)(cid:884)(cid:890),,,,,,,,,,,,,,,,,,,,,,,,
(cid:885)(cid:888),(cid:19)(cid:4)(cid:19)(cid:24)(cid:4)(cid:3)(cid:23)(cid:8)(cid:17)(cid:10)(cid:4)(cid:11),(cid:885)(cid:885),(cid:883)(cid:883)(cid:890),(cid:883)(cid:887)(cid:883),(cid:885)(cid:890),(cid:883)(cid:888)(cid:890),(cid:884)(cid:882)(cid:888),(cid:889)(cid:883),(cid:884)(cid:890)(cid:888),(cid:885)(cid:887)(cid:889),,,,,,,,,,,,,,,,,,,,,,,,
(cid:885)(cid:889) (cid:19)(cid:4)(cid:19)(cid:24)(cid:4)(cid:3)(cid:19)(cid:8)(cid:10)(cid:24)(cid:17)(cid:24)(cid:17)(cid:10)(cid:4)(cid:17) Indonesia (cid:885)(cid:890) (cid:19)(cid:4)(cid:19)(cid:24)(cid:4)(cid:3)(cid:5)(cid:4)(cid:21)(cid:4)(cid:23)(cid:3)(cid:7)(cid:4)(cid:28)(cid:4),,(cid:885)(cid:886) 10.867 (cid:884)(cid:883),(cid:889)(cid:891) 58.762 (cid:883)(cid:882)(cid:882),(cid:883)(cid:883)(cid:885) 69.629 (cid:883)(cid:884)(cid:883),(cid:884)(cid:882) 11.620 (cid:887)(cid:887),(cid:889)(cid:885) 49.830 (cid:883)(cid:888)(cid:885),(cid:891)(cid:885) 61.450 (cid:884)(cid:883)(cid:890),(cid:887)(cid:886) 22.487 (cid:889)(cid:888),(cid:883)(cid:887)(cid:884) 108.592 (cid:884)(cid:888)(cid:885),(cid:884)(cid:882)(cid:888) 131.079 (cid:885)(cid:885)(cid:891),,,,,,,,,,,,,,,,,,,,,,,,
No,Provinsi,Tenaga Kefarmasian,,,,,,,,,,,,,,,,,,,,,,,,,,,,,,,,
,,Tenaga Kefarmasiana,,,Apoteker,,,Total,,,,,,,,,,,,,,,,,,,,,,,,,,
,,L,P,L + P,L,P,L + P,L,P,L + P,,,,,,,,,,,,,,,,,,,,,,,,
(1),(2),(3),(4),(5),(6),(7),(8),(9),(10),(11),,,,,,,,,,,,,,,,,,,,,,,,
(cid:883),(cid:4)(cid:6)(cid:8)(cid:11),(cid:889)(cid:888),(cid:890)(cid:887)(cid:883),(cid:891)(cid:884)(cid:889),(cid:886)(cid:889),(cid:885)(cid:882)(cid:891),(cid:885)(cid:887)(cid:888),(cid:883)(cid:884)(cid:885),(cid:883)(cid:484)(cid:883)(cid:888)(cid:882),(cid:883)(cid:484)(cid:884)(cid:890)(cid:885),,,,,,,,,,,,,,,,,,,,,,,,
(cid:884),(cid:22)(cid:24)(cid:16)(cid:4)(cid:23)(cid:8)(cid:21)(cid:4)(cid:3)(cid:24)(cid:23)(cid:4)(cid:21)(cid:4),(cid:883)(cid:883)(cid:884),(cid:888)(cid:882)(cid:888),(cid:889)(cid:883)(cid:890),(cid:886)(cid:883),(cid:886)(cid:885)(cid:886),(cid:886)(cid:889)(cid:887),(cid:883)(cid:887)(cid:885),(cid:883)(cid:484)(cid:882)(cid:886)(cid:882),(cid:883)(cid:484)(cid:883)(cid:891)(cid:885),,,,,,,,,,,,,,,,,,,,,,,,
(cid:885),(cid:22)(cid:24)(cid:16)(cid:4)(cid:23)(cid:8)(cid:21)(cid:4)(cid:3)(cid:5)(cid:4)(cid:21)(cid:4)(cid:23),(cid:885)(cid:891),(cid:885)(cid:888)(cid:886),(cid:886)(cid:882)(cid:885),(cid:884)(cid:890),(cid:884)(cid:884)(cid:888),(cid:884)(cid:887)(cid:886),(cid:888)(cid:889),(cid:887)(cid:891)(cid:882),(cid:888)(cid:887)(cid:889),,,,,,,,,,,,,,,,,,,,,,,,
(cid:886),(cid:21)(cid:12)(cid:4)(cid:24),(cid:886)(cid:887),(cid:885)(cid:891)(cid:891),(cid:886)(cid:886)(cid:886),(cid:886)(cid:886),(cid:884)(cid:888)(cid:887),(cid:885)(cid:882)(cid:891),(cid:890)(cid:891),(cid:888)(cid:888)(cid:886),(cid:889)(cid:887)(cid:885),,,,,,,,,,,,,,,,,,,,,,,,
(cid:887),(cid:13)(cid:4)(cid:16)(cid:5)(cid:12),(cid:884)(cid:891),(cid:884)(cid:888)(cid:887),(cid:884)(cid:891)(cid:886),(cid:884)(cid:890),(cid:884)(cid:882)(cid:891),(cid:884)(cid:885)(cid:889),(cid:887)(cid:889),(cid:886)(cid:889)(cid:886),(cid:887)(cid:885)(cid:883),,,,,,,,,,,,,,,,,,,,,,,,
(cid:888),(cid:22)(cid:24)(cid:16)(cid:4)(cid:23)(cid:8)(cid:21)(cid:4)(cid:3)(cid:22)(cid:8)(cid:15)(cid:4)(cid:23)(cid:4)(cid:17),(cid:889)(cid:883),(cid:887)(cid:888)(cid:886),(cid:888)(cid:885)(cid:887),(cid:889)(cid:885),(cid:884)(cid:890)(cid:890),(cid:885)(cid:888)(cid:883),(cid:883)(cid:886)(cid:886),(cid:890)(cid:887)(cid:884),(cid:891)(cid:891)(cid:888),,,,,,,,,,,,,,,,,,,,,,,,
(cid:889),(cid:5)(cid:8)(cid:17)(cid:10)(cid:14)(cid:24)(cid:15)(cid:24),(cid:884)(cid:888),(cid:883)(cid:891)(cid:887),(cid:884)(cid:884)(cid:883),(cid:884)(cid:884),(cid:883)(cid:888)(cid:891),(cid:883)(cid:891)(cid:883),(cid:886)(cid:890),(cid:885)(cid:888)(cid:886),(cid:886)(cid:883)(cid:884),,,,,,,,,,,,,,,,,,,,,,,,
(cid:890),(cid:15)(cid:4)(cid:16)(cid:19)(cid:24)(cid:17)(cid:10),(cid:887)(cid:882),(cid:884)(cid:883)(cid:882),(cid:884)(cid:888)(cid:882),(cid:888)(cid:885),(cid:884)(cid:888)(cid:885),(cid:885)(cid:884)(cid:888),(cid:883)(cid:883)(cid:885),(cid:886)(cid:889)(cid:885),(cid:887)(cid:890)(cid:888),,,,,,,,,,,,,,,,,,,,,,,,
(cid:891),(cid:14)(cid:8)(cid:19)(cid:24)(cid:15)(cid:4)(cid:24)(cid:4)(cid:17)(cid:3)(cid:5)(cid:4)(cid:17)(cid:10)(cid:14)(cid:4)(cid:3)(cid:5)(cid:8)(cid:15)(cid:12)(cid:23)(cid:24)(cid:17)(cid:10),(cid:883)(cid:884),(cid:890)(cid:887),(cid:891)(cid:889),(cid:884)(cid:885),(cid:888)(cid:888),(cid:890)(cid:891),(cid:885)(cid:887),(cid:883)(cid:887)(cid:883),(cid:883)(cid:890)(cid:888),,,,,,,,,,,,,,,,,,,,,,,,
(cid:883)(cid:882),(cid:14)(cid:8)(cid:19)(cid:24)(cid:15)(cid:4)(cid:24)(cid:4)(cid:17)(cid:3)(cid:21)(cid:12)(cid:4)(cid:24),(cid:884)(cid:882),(cid:889)(cid:882),(cid:891)(cid:882),(cid:884)(cid:882),(cid:891)(cid:888),(cid:883)(cid:883)(cid:888),(cid:886)(cid:882),(cid:883)(cid:888)(cid:888),(cid:884)(cid:882)(cid:888),,,,,,,,,,,,,,,,,,,,,,,,
(cid:883)(cid:883),(cid:7)(cid:14)(cid:12)(cid:3)(cid:13)(cid:4)(cid:14)(cid:4)(cid:21)(cid:23)(cid:4),(cid:883)(cid:882)(cid:890),(cid:884)(cid:888)(cid:888),(cid:885)(cid:889)(cid:886),(cid:886)(cid:886),(cid:883)(cid:882)(cid:883),(cid:883)(cid:886)(cid:887),(cid:883)(cid:887)(cid:884),(cid:885)(cid:888)(cid:889),(cid:887)(cid:883)(cid:891),,,,,,,,,,,,,,,,,,,,,,,,
(cid:883)(cid:884),(cid:13)(cid:4)(cid:26)(cid:4)(cid:3)(cid:5)(cid:4)(cid:21)(cid:4)(cid:23),(cid:883)(cid:891)(cid:883),(cid:890)(cid:886)(cid:887),(cid:883)(cid:484)(cid:882)(cid:885)(cid:888),(cid:884)(cid:890)(cid:885),(cid:891)(cid:882)(cid:884),(cid:883)(cid:484)(cid:883)(cid:890)(cid:887),(cid:886)(cid:889)(cid:886),(cid:883)(cid:484)(cid:889)(cid:886)(cid:889),(cid:884)(cid:484)(cid:884)(cid:884)(cid:883),,,,,,,,,,,,,,,,,,,,,,,,
(cid:883)(cid:885),(cid:13)(cid:4)(cid:26)(cid:4)(cid:3)(cid:23)(cid:8)(cid:17)(cid:10)(cid:4)(cid:11),(cid:883)(cid:888)(cid:885),(cid:883)(cid:484)(cid:882)(cid:884)(cid:884),(cid:883)(cid:484)(cid:883)(cid:890)(cid:887),(cid:883)(cid:886)(cid:882),(cid:889)(cid:891)(cid:883),(cid:891)(cid:885)(cid:883),(cid:885)(cid:882)(cid:885),(cid:883)(cid:484)(cid:890)(cid:883)(cid:885),(cid:884)(cid:484)(cid:883)(cid:883)(cid:888),,,,,,,,,,,,,,,,,,,,,,,,
(cid:883)(cid:886),(cid:28)(cid:18)(cid:10)(cid:28)(cid:4)(cid:14)(cid:4)(cid:21)(cid:23)(cid:4),(cid:884)(cid:885),(cid:883)(cid:887)(cid:886),(cid:883)(cid:889)(cid:889),(cid:883)(cid:888),(cid:883)(cid:885)(cid:884),(cid:883)(cid:886)(cid:890),(cid:885)(cid:891),(cid:884)(cid:890)(cid:888),(cid:885)(cid:884)(cid:887),,,,,,,,,,,,,,,,,,,,,,,,
(cid:883)(cid:887),(cid:13)(cid:4)(cid:26)(cid:4)(cid:3)(cid:23)(cid:12)(cid:16)(cid:24)(cid:21),(cid:883)(cid:887)(cid:882),(cid:891)(cid:889)(cid:883),(cid:883)(cid:484)(cid:883)(cid:884)(cid:883),(cid:883)(cid:887)(cid:889),(cid:889)(cid:886)(cid:888),(cid:891)(cid:882)(cid:885),(cid:885)(cid:882)(cid:889),(cid:883)(cid:484)(cid:889)(cid:883)(cid:889),(cid:884)(cid:484)(cid:882)(cid:884)(cid:886),,,,,,,,,,,,,,,,,,,,,,,,
(cid:883)(cid:888),(cid:5)(cid:4)(cid:17)(cid:23)(cid:8)(cid:17),(cid:885)(cid:888),(cid:883)(cid:889)(cid:886),(cid:884)(cid:883)(cid:882),(cid:888)(cid:886),(cid:884)(cid:888)(cid:890),(cid:885)(cid:885)(cid:884),(cid:883)(cid:882)(cid:882),(cid:886)(cid:886)(cid:884),(cid:887)(cid:886)(cid:884),,,,,,,,,,,,,,,,,,,,,,,,
(cid:883)(cid:889),(cid:5)(cid:4)(cid:15)(cid:12),(cid:884)(cid:891),(cid:883)(cid:885)(cid:890),(cid:883)(cid:888)(cid:889),(cid:886)(cid:885),(cid:883)(cid:882)(cid:883),(cid:883)(cid:886)(cid:886),(cid:889)(cid:884),(cid:884)(cid:885)(cid:891),(cid:885)(cid:883)(cid:883),,,,,,,,,,,,,,,,,,,,,,,,
(cid:883)(cid:890),(cid:17)(cid:24)(cid:22)(cid:4)(cid:3)(cid:23)(cid:8)(cid:17)(cid:10)(cid:10)(cid:4)(cid:21)(cid:4)(cid:3)(cid:5)(cid:4)(cid:21)(cid:4)(cid:23),(cid:883)(cid:885)(cid:887),(cid:885)(cid:890)(cid:889),(cid:887)(cid:884)(cid:884),(cid:887)(cid:891),(cid:884)(cid:884)(cid:882),(cid:884)(cid:889)(cid:891),(cid:883)(cid:891)(cid:886),(cid:888)(cid:882)(cid:889),(cid:890)(cid:882)(cid:883),,,,,,,,,,,,,,,,,,,,,,,,
(cid:883)(cid:891),(cid:17)(cid:24)(cid:22)(cid:4)(cid:3)(cid:23)(cid:8)(cid:17)(cid:10)(cid:10)(cid:4)(cid:21)(cid:4)(cid:3)(cid:23)(cid:12)(cid:16)(cid:24)(cid:21),(cid:883)(cid:887)(cid:891),(cid:888)(cid:882)(cid:882),(cid:889)(cid:887)(cid:891),(cid:888)(cid:886),(cid:884)(cid:887)(cid:887),(cid:885)(cid:883)(cid:891),(cid:884)(cid:884)(cid:885),(cid:890)(cid:887)(cid:887),(cid:883)(cid:484)(cid:882)(cid:889)(cid:890),,,,,,,,,,,,,,,,,,,,,,,,
(cid:884)(cid:882),(cid:14)(cid:4)(cid:15)(cid:12)(cid:16)(cid:4)(cid:17)(cid:23)(cid:4)(cid:17)(cid:3)(cid:5)(cid:4)(cid:21)(cid:4)(cid:23),(cid:888)(cid:889),(cid:884)(cid:885)(cid:888),(cid:885)(cid:882)(cid:885),(cid:887)(cid:890),(cid:883)(cid:890)(cid:882),(cid:884)(cid:885)(cid:890),(cid:883)(cid:884)(cid:887),(cid:886)(cid:883)(cid:888),(cid:887)(cid:886)(cid:883),,,,,,,,,,,,,,,,,,,,,,,,
(cid:884)(cid:883),(cid:14)(cid:4)(cid:15)(cid:12)(cid:16)(cid:4)(cid:17)(cid:23)(cid:4)(cid:17)(cid:3)(cid:23)(cid:8)(cid:17)(cid:10)(cid:4)(cid:11),(cid:888)(cid:889),(cid:884)(cid:884)(cid:883),(cid:884)(cid:890)(cid:890),(cid:886)(cid:891),(cid:883)(cid:888)(cid:891),(cid:884)(cid:883)(cid:890),(cid:883)(cid:883)(cid:888),(cid:885)(cid:891)(cid:882),(cid:887)(cid:882)(cid:888),,,,,,,,,,,,,,,,,,,,,,,,
(cid:884)(cid:884),(cid:14)(cid:4)(cid:15)(cid:12)(cid:16)(cid:4)(cid:17)(cid:23)(cid:4)(cid:17)(cid:3)(cid:22)(cid:8)(cid:15)(cid:4)(cid:23)(cid:4)(cid:17),(cid:888)(cid:883),(cid:885)(cid:882)(cid:882),(cid:885)(cid:888)(cid:883),(cid:890)(cid:884),(cid:884)(cid:885)(cid:885),(cid:885)(cid:883)(cid:887),(cid:883)(cid:886)(cid:885),(cid:887)(cid:885)(cid:885),(cid:888)(cid:889)(cid:888),,,,,,,,,,,,,,,,,,,,,,,,
(cid:884)(cid:885),(cid:14)(cid:4)(cid:15)(cid:12)(cid:16)(cid:4)(cid:17)(cid:23)(cid:4)(cid:17)(cid:3)(cid:23)(cid:12)(cid:16)(cid:24)(cid:21),(cid:887)(cid:883),(cid:884)(cid:886)(cid:885),(cid:884)(cid:891)(cid:886),(cid:887)(cid:888),(cid:883)(cid:889)(cid:885),(cid:884)(cid:884)(cid:891),(cid:883)(cid:882)(cid:889),(cid:886)(cid:883)(cid:888),(cid:887)(cid:884)(cid:885),,,,,,,,,,,,,,,,,,,,,,,,
(cid:884)(cid:886),(cid:14)(cid:4)(cid:15)(cid:12)(cid:16)(cid:4)(cid:17)(cid:23)(cid:4)(cid:17)(cid:3)(cid:24)(cid:23)(cid:4)(cid:21)(cid:4),(cid:883)(cid:889),(cid:889)(cid:885),(cid:891)(cid:882),(cid:883)(cid:890),(cid:886)(cid:885),(cid:888)(cid:883),(cid:885)(cid:887),(cid:883)(cid:883)(cid:888),(cid:883)(cid:887)(cid:883),,,,,,,,,,,,,,,,,,,,,,,,
(cid:884)(cid:887),(cid:22)(cid:24)(cid:15)(cid:4)(cid:26)(cid:8)(cid:22)(cid:12)(cid:3)(cid:24)(cid:23)(cid:4)(cid:21)(cid:4),(cid:885)(cid:887),(cid:884)(cid:882)(cid:884),(cid:884)(cid:885)(cid:889),(cid:885)(cid:882),(cid:883)(cid:882)(cid:886),(cid:883)(cid:885)(cid:886),(cid:888)(cid:887),(cid:885)(cid:882)(cid:888),(cid:885)(cid:889)(cid:883),,,,,,,,,,,,,,,,,,,,,,,,
(cid:884)(cid:888),(cid:22)(cid:24)(cid:15)(cid:4)(cid:26)(cid:8)(cid:22)(cid:12)(cid:3)(cid:23)(cid:8)(cid:17)(cid:10)(cid:4)(cid:11),(cid:888)(cid:887),(cid:885)(cid:891)(cid:886),(cid:886)(cid:887)(cid:891),(cid:885)(cid:886),(cid:883)(cid:890)(cid:883),(cid:884)(cid:883)(cid:887),(cid:891)(cid:891),(cid:887)(cid:889)(cid:887),(cid:888)(cid:889)(cid:886),,,,,,,,,,,,,,,,,,,,,,,,
(cid:884)(cid:889),(cid:22)(cid:24)(cid:15)(cid:4)(cid:26)(cid:8)(cid:22)(cid:12)(cid:3)(cid:22)(cid:8)(cid:15)(cid:4)(cid:23)(cid:4)(cid:17),(cid:889)(cid:891),(cid:890)(cid:882)(cid:891),(cid:890)(cid:890)(cid:890),(cid:890)(cid:889),(cid:888)(cid:882)(cid:887),(cid:888)(cid:891)(cid:884),(cid:883)(cid:888)(cid:888),(cid:883)(cid:484)(cid:886)(cid:883)(cid:886),(cid:883)(cid:484)(cid:887)(cid:890)(cid:882),,,,,,,,,,,,,,,,,,,,,,,,
(cid:884)(cid:890),(cid:22)(cid:24)(cid:15)(cid:4)(cid:26)(cid:8)(cid:22)(cid:12)(cid:3)(cid:23)(cid:8)(cid:17)(cid:10)(cid:10)(cid:4)(cid:21)(cid:4),(cid:890)(cid:885),(cid:888)(cid:889)(cid:884),(cid:889)(cid:887)(cid:887),(cid:890)(cid:883),(cid:886)(cid:882)(cid:887),(cid:886)(cid:890)(cid:888),(cid:883)(cid:888)(cid:886),(cid:883)(cid:484)(cid:882)(cid:889)(cid:889),(cid:883)(cid:484)(cid:884)(cid:886)(cid:883),,,,,,,,,,,,,,,,,,,,,,,,
(cid:884)(cid:891),(cid:10)(cid:18)(cid:21)(cid:18)(cid:17)(cid:23)(cid:4)(cid:15)(cid:18),(cid:883)(cid:885),(cid:883)(cid:884)(cid:886),(cid:883)(cid:885)(cid:889),(cid:891),(cid:888)(cid:890),(cid:889)(cid:889),(cid:884)(cid:884),(cid:883)(cid:891)(cid:884),(cid:884)(cid:883)(cid:886),,,,,,,,,,,,,,,,,,,,,,,,
(cid:885)(cid:882),(cid:22)(cid:24)(cid:15)(cid:4)(cid:26)(cid:8)(cid:22)(cid:12)(cid:3)(cid:5)(cid:4)(cid:21)(cid:4)(cid:23),(cid:884)(cid:883),(cid:883)(cid:890)(cid:883),(cid:884)(cid:882)(cid:884),(cid:884)(cid:889),(cid:890)(cid:889),(cid:883)(cid:883)(cid:886),(cid:886)(cid:890),(cid:884)(cid:888)(cid:890),(cid:885)(cid:883)(cid:888),,,,,,,,,,,,,,,,,,,,,,,,
(cid:885)(cid:883),(cid:16)(cid:4)(cid:15)(cid:24)(cid:14)(cid:24),(cid:885)(cid:887),(cid:883)(cid:890)(cid:886),(cid:884)(cid:883)(cid:891),(cid:885)(cid:888),(cid:883)(cid:883)(cid:890),(cid:883)(cid:887)(cid:886),(cid:889)(cid:883),(cid:885)(cid:882)(cid:884),(cid:885)(cid:889)(cid:885),,,,,,,,,,,,,,,,,,,,,,,,
(cid:885)(cid:884),(cid:16)(cid:4)(cid:15)(cid:24)(cid:14)(cid:24)(cid:3)(cid:24)(cid:23)(cid:4)(cid:21)(cid:4),(cid:884)(cid:889),(cid:883)(cid:889)(cid:890),(cid:884)(cid:882)(cid:887),(cid:884)(cid:882),(cid:883)(cid:882)(cid:887),(cid:883)(cid:884)(cid:887),(cid:886)(cid:889),(cid:884)(cid:890)(cid:885),(cid:885)(cid:885)(cid:882),,,,,,,,,,,,,,,,,,,,,,,,
(cid:885)(cid:885),(cid:19)(cid:4)(cid:19)(cid:24)(cid:4),(cid:885)(cid:889),(cid:883)(cid:884)(cid:885),(cid:883)(cid:888)(cid:882),(cid:883)(cid:886),(cid:887)(cid:889),(cid:889)(cid:883),(cid:887)(cid:883),(cid:883)(cid:890)(cid:882),(cid:884)(cid:885)(cid:883),,,,,,,,,,,,,,,,,,,,,,,,
(cid:885)(cid:886),(cid:19)(cid:4)(cid:19)(cid:24)(cid:4)(cid:3)(cid:5)(cid:4)(cid:21)(cid:4)(cid:23),(cid:883)(cid:886),(cid:887)(cid:887),(cid:888)(cid:891),(cid:883)(cid:885),(cid:888)(cid:886),(cid:889)(cid:889),(cid:884)(cid:889),(cid:883)(cid:883)(cid:891),(cid:883)(cid:886)(cid:888),,,,,,,,,,,,,,,,,,,,,,,,
(cid:885)(cid:887),(cid:19)(cid:4)(cid:19)(cid:24)(cid:4)(cid:3)(cid:22)(cid:8)(cid:15)(cid:4)(cid:23)(cid:4)(cid:17),(cid:883)(cid:888),(cid:886)(cid:891),(cid:888)(cid:887),(cid:883)(cid:883),(cid:884)(cid:888),(cid:885)(cid:889),(cid:884)(cid:889),(cid:889)(cid:887),(cid:883)(cid:882)(cid:884),,,,,,,,,,,,,,,,,,,,,,,,
(cid:885)(cid:888),(cid:19)(cid:4)(cid:19)(cid:24)(cid:4)(cid:3)(cid:23)(cid:8)(cid:17)(cid:10)(cid:4)(cid:11),(cid:883)(cid:885),(cid:886)(cid:890),(cid:888)(cid:883),(cid:883)(cid:887),(cid:887)(cid:888),(cid:889)(cid:883),(cid:884)(cid:890),(cid:883)(cid:882)(cid:886),(cid:883)(cid:885)(cid:884),,,,,,,,,,,,,,,,,,,,,,,,
(cid:885)(cid:889) (cid:19)(cid:4)(cid:19)(cid:24)(cid:4)(cid:3)(cid:19)(cid:8)(cid:10)(cid:24)(cid:17)(cid:24)(cid:17)(cid:10)(cid:4)(cid:17) Indonesia (cid:885)(cid:890) (cid:19)(cid:4)(cid:19)(cid:24)(cid:4)(cid:3)(cid:5)(cid:4)(cid:21)(cid:4)(cid:23)(cid:3)(cid:7)(cid:4)(cid:28)(cid:4),,(cid:884)(cid:887) 2.213 (cid:883)(cid:885),(cid:886)(cid:883) 12.348 (cid:886)(cid:891),(cid:888)(cid:888) 14.561 (cid:888)(cid:884),(cid:888) 1.922 (cid:883)(cid:889),(cid:884)(cid:891) 8.610 (cid:888)(cid:888),(cid:885)(cid:887) 10.532 (cid:890)(cid:885),(cid:885)(cid:883) 4.135 (cid:885)(cid:882),(cid:889)(cid:882) 20.958 (cid:883)(cid:883)(cid:887),(cid:883)(cid:882)(cid:883) 25.093 (cid:883)(cid:886)(cid:887),,,,,,,,,,,,,,,,,,,,,,,,
No,Provinsi,Tenaga Kefarmasian,,,,,,,,,,,,,,,,,,,,,,,,,,,,,,,,
,,Tenaga Kefarmasian,,,Apoteker,,,Total,,,,,,,,,,,,,,,,,,,,,,,,,,
,,L,P,L + P,L,P,L + P,L,P,L + P,,,,,,,,,,,,,,,,,,,,,,,,
(1),(2),(3),(4),(5),(6),(7),(8),(9),(10),(11),,,,,,,,,,,,,,,,,,,,,,,,
(cid:883),(cid:4)(cid:6)(cid:8)(cid:11),(cid:883)(cid:885)(cid:883),(cid:883)(cid:484)(cid:882)(cid:888)(cid:891),(cid:883)(cid:484)(cid:884)(cid:882)(cid:882),(cid:888)(cid:884),(cid:886)(cid:883)(cid:883),(cid:886)(cid:889)(cid:885),(cid:883)(cid:891)(cid:885),(cid:883)(cid:484)(cid:886)(cid:890)(cid:882),(cid:883)(cid:484)(cid:888)(cid:889)(cid:885),,,,,,,,,,,,,,,,,,,,,,,,
(cid:884),(cid:22)(cid:24)(cid:16)(cid:4)(cid:23)(cid:8)(cid:21)(cid:4)(cid:3)(cid:24)(cid:23)(cid:4)(cid:21)(cid:4),(cid:883)(cid:885)(cid:891),(cid:883)(cid:484)(cid:883)(cid:890)(cid:890),(cid:883)(cid:484)(cid:885)(cid:884)(cid:889),(cid:883)(cid:883)(cid:887),(cid:888)(cid:882)(cid:891),(cid:889)(cid:884)(cid:886),(cid:884)(cid:887)(cid:886),(cid:883)(cid:484)(cid:889)(cid:891)(cid:889),(cid:884)(cid:484)(cid:882)(cid:887)(cid:883),,,,,,,,,,,,,,,,,,,,,,,,
(cid:885),(cid:22)(cid:24)(cid:16)(cid:4)(cid:23)(cid:8)(cid:21)(cid:4)(cid:3)(cid:5)(cid:4)(cid:21)(cid:4)(cid:23),(cid:883)(cid:883)(cid:888),(cid:890)(cid:886)(cid:888),(cid:891)(cid:888)(cid:884),(cid:888)(cid:887),(cid:885)(cid:890)(cid:888),(cid:886)(cid:887)(cid:883),(cid:883)(cid:890)(cid:883),(cid:883)(cid:484)(cid:884)(cid:885)(cid:884),(cid:883)(cid:484)(cid:886)(cid:883)(cid:885),,,,,,,,,,,,,,,,,,,,,,,,
(cid:886),(cid:21)(cid:12)(cid:4)(cid:24),(cid:891)(cid:888),(cid:888)(cid:891)(cid:887),(cid:889)(cid:891)(cid:883),(cid:888)(cid:885),(cid:886)(cid:889)(cid:886),(cid:887)(cid:885)(cid:889),(cid:883)(cid:887)(cid:891),(cid:883)(cid:484)(cid:883)(cid:888)(cid:891),(cid:883)(cid:484)(cid:885)(cid:884)(cid:890),,,,,,,,,,,,,,,,,,,,,,,,
(cid:887),(cid:13)(cid:4)(cid:16)(cid:5)(cid:12),(cid:886)(cid:889),(cid:886)(cid:882)(cid:884),(cid:886)(cid:886)(cid:891),(cid:885)(cid:891),(cid:884)(cid:886)(cid:890),(cid:884)(cid:890)(cid:889),(cid:890)(cid:888),(cid:888)(cid:887)(cid:882),(cid:889)(cid:885)(cid:888),,,,,,,,,,,,,,,,,,,,,,,,
(cid:888),(cid:22)(cid:24)(cid:16)(cid:4)(cid:23)(cid:8)(cid:21)(cid:4)(cid:3)(cid:22)(cid:8)(cid:15)(cid:4)(cid:23)(cid:4)(cid:17),(cid:883)(cid:886)(cid:891),(cid:891)(cid:887)(cid:885),(cid:883)(cid:484)(cid:883)(cid:882)(cid:884),(cid:891)(cid:885),(cid:885)(cid:890)(cid:890),(cid:886)(cid:890)(cid:883),(cid:884)(cid:886)(cid:884),(cid:883)(cid:484)(cid:885)(cid:886)(cid:883),(cid:883)(cid:484)(cid:887)(cid:890)(cid:885),,,,,,,,,,,,,,,,,,,,,,,,
(cid:889),(cid:5)(cid:8)(cid:17)(cid:10)(cid:14)(cid:24)(cid:15)(cid:24),(cid:885)(cid:887),(cid:884)(cid:885)(cid:884),(cid:884)(cid:888)(cid:889),(cid:885)(cid:886),(cid:883)(cid:887)(cid:886),(cid:883)(cid:890)(cid:890),(cid:888)(cid:891),(cid:885)(cid:890)(cid:888),(cid:886)(cid:887)(cid:887),,,,,,,,,,,,,,,,,,,,,,,,
(cid:890),(cid:15)(cid:4)(cid:16)(cid:19)(cid:24)(cid:17)(cid:10),(cid:891)(cid:887),(cid:885)(cid:890)(cid:889),(cid:886)(cid:890)(cid:884),(cid:890)(cid:887),(cid:884)(cid:888)(cid:888),(cid:885)(cid:887)(cid:883),(cid:883)(cid:890)(cid:882),(cid:888)(cid:887)(cid:885),(cid:890)(cid:885)(cid:885),,,,,,,,,,,,,,,,,,,,,,,,
(cid:891),(cid:14)(cid:8)(cid:19)(cid:24)(cid:15)(cid:4)(cid:24)(cid:4)(cid:17)(cid:3)(cid:5)(cid:4)(cid:17)(cid:10)(cid:14)(cid:4)(cid:3)(cid:5)(cid:8)(cid:15)(cid:12)(cid:23)(cid:24)(cid:17)(cid:10),(cid:886)(cid:890),(cid:883)(cid:891)(cid:889),(cid:884)(cid:886)(cid:887),(cid:884)(cid:884),(cid:890)(cid:891),(cid:883)(cid:883)(cid:883),(cid:889)(cid:882),(cid:884)(cid:890)(cid:888),(cid:885)(cid:887)(cid:888),,,,,,,,,,,,,,,,,,,,,,,,
(cid:883)(cid:882),(cid:14)(cid:8)(cid:19)(cid:24)(cid:15)(cid:4)(cid:24)(cid:4)(cid:17)(cid:3)(cid:21)(cid:12)(cid:4)(cid:24),(cid:887)(cid:891),(cid:884)(cid:886)(cid:888),(cid:885)(cid:882)(cid:887),(cid:887)(cid:887),(cid:883)(cid:888)(cid:890),(cid:884)(cid:884)(cid:885),(cid:883)(cid:883)(cid:886),(cid:886)(cid:883)(cid:886),(cid:887)(cid:884)(cid:890),,,,,,,,,,,,,,,,,,,,,,,,
(cid:883)(cid:883),(cid:7)(cid:14)(cid:12)(cid:3)(cid:13)(cid:4)(cid:14)(cid:4)(cid:21)(cid:23)(cid:4),(cid:889)(cid:885)(cid:884),(cid:885)(cid:484)(cid:883)(cid:883)(cid:884),(cid:885)(cid:484)(cid:890)(cid:886)(cid:886),(cid:885)(cid:885)(cid:887),(cid:883)(cid:484)(cid:884)(cid:884)(cid:891),(cid:883)(cid:484)(cid:887)(cid:888)(cid:886),(cid:883)(cid:484)(cid:882)(cid:888)(cid:889),(cid:886)(cid:484)(cid:885)(cid:886)(cid:883),(cid:887)(cid:484)(cid:886)(cid:882)(cid:890),,,,,,,,,,,,,,,,,,,,,,,,
(cid:883)(cid:884),(cid:13)(cid:4)(cid:26)(cid:4)(cid:3)(cid:5)(cid:4)(cid:21)(cid:4)(cid:23),(cid:883)(cid:484)(cid:882)(cid:889)(cid:883),(cid:886)(cid:484)(cid:886)(cid:889)(cid:888),(cid:887)(cid:484)(cid:887)(cid:886)(cid:889),(cid:887)(cid:888)(cid:883),(cid:884)(cid:484)(cid:884)(cid:883)(cid:886),(cid:884)(cid:484)(cid:889)(cid:889)(cid:887),(cid:883)(cid:484)(cid:888)(cid:885)(cid:884),(cid:888)(cid:484)(cid:888)(cid:891)(cid:882),(cid:890)(cid:484)(cid:885)(cid:884)(cid:884),,,,,,,,,,,,,,,,,,,,,,,,
(cid:883)(cid:885),(cid:13)(cid:4)(cid:26)(cid:4)(cid:3)(cid:23)(cid:8)(cid:17)(cid:10)(cid:4)(cid:11),(cid:889)(cid:883)(cid:889),(cid:886)(cid:484)(cid:886)(cid:889)(cid:891),(cid:887)(cid:484)(cid:883)(cid:891)(cid:888),(cid:885)(cid:887)(cid:885),(cid:884)(cid:484)(cid:882)(cid:884)(cid:883),(cid:884)(cid:484)(cid:885)(cid:889)(cid:886),(cid:883)(cid:484)(cid:882)(cid:889)(cid:882),(cid:888)(cid:484)(cid:887)(cid:882)(cid:882),(cid:889)(cid:484)(cid:887)(cid:889)(cid:882),,,,,,,,,,,,,,,,,,,,,,,,
(cid:883)(cid:886),(cid:28)(cid:18)(cid:10)(cid:28)(cid:4)(cid:14)(cid:4)(cid:21)(cid:23)(cid:4),(cid:883)(cid:883)(cid:885),(cid:890)(cid:890)(cid:882),(cid:891)(cid:891)(cid:885),(cid:888)(cid:887),(cid:886)(cid:888)(cid:888),(cid:887)(cid:885)(cid:883),(cid:883)(cid:889)(cid:890),(cid:883)(cid:484)(cid:885)(cid:886)(cid:888),(cid:883)(cid:484)(cid:887)(cid:884)(cid:886),,,,,,,,,,,,,,,,,,,,,,,,
(cid:883)(cid:887),(cid:13)(cid:4)(cid:26)(cid:4)(cid:3)(cid:23)(cid:12)(cid:16)(cid:24)(cid:21),(cid:888)(cid:891)(cid:884),(cid:886)(cid:484)(cid:885)(cid:884)(cid:890),(cid:887)(cid:484)(cid:882)(cid:884)(cid:882),(cid:885)(cid:891)(cid:884),(cid:883)(cid:484)(cid:891)(cid:891)(cid:885),(cid:884)(cid:484)(cid:885)(cid:890)(cid:887),(cid:883)(cid:484)(cid:882)(cid:890)(cid:886),(cid:888)(cid:484)(cid:885)(cid:884)(cid:883),(cid:889)(cid:484)(cid:886)(cid:882)(cid:887),,,,,,,,,,,,,,,,,,,,,,,,
(cid:883)(cid:888),(cid:5)(cid:4)(cid:17)(cid:23)(cid:8)(cid:17),(cid:884)(cid:888)(cid:888),(cid:883)(cid:484)(cid:883)(cid:888)(cid:887),(cid:883)(cid:484)(cid:886)(cid:885)(cid:883),(cid:883)(cid:885)(cid:888),(cid:889)(cid:886)(cid:886),(cid:890)(cid:890)(cid:882),(cid:886)(cid:882)(cid:884),(cid:883)(cid:484)(cid:891)(cid:882)(cid:891),(cid:884)(cid:484)(cid:885)(cid:883)(cid:883),,,,,,,,,,,,,,,,,,,,,,,,
(cid:883)(cid:889),(cid:5)(cid:4)(cid:15)(cid:12),(cid:883)(cid:882)(cid:886),(cid:888)(cid:886)(cid:882),(cid:889)(cid:886)(cid:886),(cid:883)(cid:884)(cid:885),(cid:885)(cid:882)(cid:884),(cid:886)(cid:884)(cid:887),(cid:884)(cid:884)(cid:889),(cid:891)(cid:886)(cid:884),(cid:883)(cid:484)(cid:883)(cid:888)(cid:891),,,,,,,,,,,,,,,,,,,,,,,,
(cid:883)(cid:890),(cid:17)(cid:24)(cid:22)(cid:4)(cid:3)(cid:23)(cid:8)(cid:17)(cid:10)(cid:10)(cid:4)(cid:21)(cid:4)(cid:3)(cid:5)(cid:4)(cid:21)(cid:4)(cid:23),(cid:883)(cid:890)(cid:883),(cid:886)(cid:883)(cid:888),(cid:887)(cid:891)(cid:889),(cid:891)(cid:890),(cid:884)(cid:887)(cid:890),(cid:885)(cid:887)(cid:888),(cid:884)(cid:889)(cid:891),(cid:888)(cid:889)(cid:886),(cid:891)(cid:887)(cid:885),,,,,,,,,,,,,,,,,,,,,,,,
(cid:883)(cid:891),(cid:17)(cid:24)(cid:22)(cid:4)(cid:3)(cid:23)(cid:8)(cid:17)(cid:10)(cid:10)(cid:4)(cid:21)(cid:4)(cid:3)(cid:23)(cid:12)(cid:16)(cid:24)(cid:21),(cid:890)(cid:884),(cid:886)(cid:882)(cid:883),(cid:886)(cid:890)(cid:885),(cid:887)(cid:884),(cid:884)(cid:887)(cid:886),(cid:885)(cid:882)(cid:888),(cid:883)(cid:885)(cid:886),(cid:888)(cid:887)(cid:887),(cid:889)(cid:890)(cid:891),,,,,,,,,,,,,,,,,,,,,,,,
(cid:884)(cid:882),(cid:14)(cid:4)(cid:15)(cid:12)(cid:16)(cid:4)(cid:17)(cid:23)(cid:4)(cid:17)(cid:3)(cid:5)(cid:4)(cid:21)(cid:4)(cid:23),(cid:883)(cid:883)(cid:885),(cid:885)(cid:886)(cid:882),(cid:886)(cid:887)(cid:885),(cid:889)(cid:889),(cid:884)(cid:885)(cid:889),(cid:885)(cid:883)(cid:886),(cid:883)(cid:891)(cid:882),(cid:887)(cid:889)(cid:889),(cid:889)(cid:888)(cid:889),,,,,,,,,,,,,,,,,,,,,,,,
(cid:884)(cid:883),(cid:14)(cid:4)(cid:15)(cid:12)(cid:16)(cid:4)(cid:17)(cid:23)(cid:4)(cid:17)(cid:3)(cid:23)(cid:8)(cid:17)(cid:10)(cid:4)(cid:11),(cid:889)(cid:883),(cid:884)(cid:884)(cid:889),(cid:884)(cid:891)(cid:890),(cid:885)(cid:889),(cid:883)(cid:891)(cid:890),(cid:884)(cid:885)(cid:887),(cid:883)(cid:882)(cid:890),(cid:886)(cid:884)(cid:887),(cid:887)(cid:885)(cid:885),,,,,,,,,,,,,,,,,,,,,,,,
(cid:884)(cid:884),(cid:14)(cid:4)(cid:15)(cid:12)(cid:16)(cid:4)(cid:17)(cid:23)(cid:4)(cid:17)(cid:3)(cid:22)(cid:8)(cid:15)(cid:4)(cid:23)(cid:4)(cid:17),(cid:883)(cid:889)(cid:882),(cid:887)(cid:887)(cid:884),(cid:889)(cid:884)(cid:884),(cid:891)(cid:890),(cid:884)(cid:889)(cid:891),(cid:885)(cid:889)(cid:889),(cid:884)(cid:888)(cid:890),(cid:890)(cid:885)(cid:883),(cid:883)(cid:484)(cid:882)(cid:891)(cid:891),,,,,,,,,,,,,,,,,,,,,,,,
(cid:884)(cid:885),(cid:14)(cid:4)(cid:15)(cid:12)(cid:16)(cid:4)(cid:17)(cid:23)(cid:4)(cid:17)(cid:3)(cid:23)(cid:12)(cid:16)(cid:24)(cid:21),(cid:883)(cid:890)(cid:888),(cid:887)(cid:890)(cid:889),(cid:889)(cid:889)(cid:885),(cid:890)(cid:890),(cid:885)(cid:886)(cid:885),(cid:886)(cid:885)(cid:883),(cid:884)(cid:889)(cid:886),(cid:891)(cid:885)(cid:882),(cid:883)(cid:484)(cid:884)(cid:882)(cid:886),,,,,,,,,,,,,,,,,,,,,,,,
(cid:884)(cid:886),(cid:14)(cid:4)(cid:15)(cid:12)(cid:16)(cid:4)(cid:17)(cid:23)(cid:4)(cid:17)(cid:3)(cid:24)(cid:23)(cid:4)(cid:21)(cid:4),(cid:886)(cid:882),(cid:883)(cid:889)(cid:882),(cid:884)(cid:883)(cid:882),(cid:884)(cid:888),(cid:891)(cid:883),(cid:883)(cid:883)(cid:889),(cid:888)(cid:888),(cid:884)(cid:888)(cid:883),(cid:885)(cid:884)(cid:889),,,,,,,,,,,,,,,,,,,,,,,,
(cid:884)(cid:887),(cid:22)(cid:24)(cid:15)(cid:4)(cid:26)(cid:8)(cid:22)(cid:12)(cid:3)(cid:24)(cid:23)(cid:4)(cid:21)(cid:4),(cid:883)(cid:882)(cid:891),(cid:885)(cid:884)(cid:882),(cid:886)(cid:884)(cid:891),(cid:889)(cid:884),(cid:884)(cid:883)(cid:890),(cid:884)(cid:891)(cid:882),(cid:883)(cid:890)(cid:883),(cid:887)(cid:885)(cid:890),(cid:889)(cid:883)(cid:891),,,,,,,,,,,,,,,,,,,,,,,,
(cid:884)(cid:888),(cid:22)(cid:24)(cid:15)(cid:4)(cid:26)(cid:8)(cid:22)(cid:12)(cid:3)(cid:23)(cid:8)(cid:17)(cid:10)(cid:4)(cid:11),(cid:891)(cid:882),(cid:885)(cid:887)(cid:891),(cid:886)(cid:886)(cid:891),(cid:886)(cid:891),(cid:884)(cid:882)(cid:882),(cid:884)(cid:886)(cid:891),(cid:883)(cid:885)(cid:891),(cid:887)(cid:887)(cid:891),(cid:888)(cid:891)(cid:890),,,,,,,,,,,,,,,,,,,,,,,,
(cid:884)(cid:889),(cid:22)(cid:24)(cid:15)(cid:4)(cid:26)(cid:8)(cid:22)(cid:12)(cid:3)(cid:22)(cid:8)(cid:15)(cid:4)(cid:23)(cid:4)(cid:17),(cid:883)(cid:890)(cid:884),(cid:883)(cid:484)(cid:883)(cid:885)(cid:891),(cid:883)(cid:484)(cid:885)(cid:884)(cid:883),(cid:883)(cid:887)(cid:887),(cid:890)(cid:891)(cid:888),(cid:883)(cid:484)(cid:882)(cid:887)(cid:883),(cid:885)(cid:885)(cid:889),(cid:884)(cid:484)(cid:882)(cid:885)(cid:887),(cid:884)(cid:484)(cid:885)(cid:889)(cid:884),,,,,,,,,,,,,,,,,,,,,,,,
(cid:884)(cid:890),(cid:22)(cid:24)(cid:15)(cid:4)(cid:26)(cid:8)(cid:22)(cid:12)(cid:3)(cid:23)(cid:8)(cid:17)(cid:10)(cid:10)(cid:4)(cid:21)(cid:4),(cid:886)(cid:884),(cid:884)(cid:889)(cid:886),(cid:885)(cid:883)(cid:888),(cid:887)(cid:883),(cid:884)(cid:889)(cid:883),(cid:885)(cid:884)(cid:884),(cid:891)(cid:885),(cid:887)(cid:886)(cid:887),(cid:888)(cid:885)(cid:890),,,,,,,,,,,,,,,,,,,,,,,,
(cid:884)(cid:891),(cid:10)(cid:18)(cid:21)(cid:18)(cid:17)(cid:23)(cid:4)(cid:15)(cid:18),(cid:885)(cid:885),(cid:883)(cid:887)(cid:888),(cid:883)(cid:890)(cid:891),(cid:884)(cid:888),(cid:890)(cid:884),(cid:883)(cid:882)(cid:890),(cid:887)(cid:891),(cid:884)(cid:885)(cid:890),(cid:884)(cid:891)(cid:889),,,,,,,,,,,,,,,,,,,,,,,,
(cid:885)(cid:882),(cid:22)(cid:24)(cid:15)(cid:4)(cid:26)(cid:8)(cid:22)(cid:12)(cid:3)(cid:5)(cid:4)(cid:21)(cid:4)(cid:23),(cid:883)(cid:884),(cid:891)(cid:891),(cid:883)(cid:883)(cid:883),(cid:883)(cid:884),(cid:890)(cid:891),(cid:883)(cid:882)(cid:883),(cid:884)(cid:886),(cid:883)(cid:890)(cid:890),(cid:884)(cid:883)(cid:884),,,,,,,,,,,,,,,,,,,,,,,,
(cid:885)(cid:883),(cid:16)(cid:4)(cid:15)(cid:24)(cid:14)(cid:24),(cid:883)(cid:889),(cid:883)(cid:882)(cid:883),(cid:883)(cid:883)(cid:890),(cid:883)(cid:884),(cid:883)(cid:882)(cid:889),(cid:883)(cid:883)(cid:891),(cid:884)(cid:891),(cid:884)(cid:882)(cid:890),(cid:884)(cid:885)(cid:889),,,,,,,,,,,,,,,,,,,,,,,,
(cid:885)(cid:884),(cid:16)(cid:4)(cid:15)(cid:24)(cid:14)(cid:24)(cid:3)(cid:24)(cid:23)(cid:4)(cid:21)(cid:4),(cid:883)(cid:884),(cid:883)(cid:883)(cid:889),(cid:883)(cid:884)(cid:891),(cid:884)(cid:882),(cid:883)(cid:882)(cid:887),(cid:883)(cid:884)(cid:887),(cid:885)(cid:884),(cid:884)(cid:884)(cid:884),(cid:884)(cid:887)(cid:886),,,,,,,,,,,,,,,,,,,,,,,,
(cid:885)(cid:885),(cid:19)(cid:4)(cid:19)(cid:24)(cid:4),(cid:885)(cid:890),(cid:883)(cid:884)(cid:890),(cid:883)(cid:888)(cid:888),(cid:884)(cid:887),(cid:883)(cid:883)(cid:883),(cid:883)(cid:885)(cid:888),(cid:888)(cid:885),(cid:884)(cid:885)(cid:891),(cid:885)(cid:882)(cid:884),,,,,,,,,,,,,,,,,,,,,,,,
(cid:885)(cid:886),(cid:19)(cid:4)(cid:19)(cid:24)(cid:4)(cid:3)(cid:5)(cid:4)(cid:21)(cid:4)(cid:23),(cid:883)(cid:891),(cid:888)(cid:890),(cid:890)(cid:889),(cid:883)(cid:882),(cid:888)(cid:888),(cid:889)(cid:888),(cid:884)(cid:891),(cid:883)(cid:885)(cid:886),(cid:883)(cid:888)(cid:885),,,,,,,,,,,,,,,,,,,,,,,,
(cid:885)(cid:887),(cid:19)(cid:4)(cid:19)(cid:24)(cid:4)(cid:3)(cid:22)(cid:8)(cid:15)(cid:4)(cid:23)(cid:4)(cid:17),(cid:887),(cid:884)(cid:889),(cid:885)(cid:884),(cid:883)(cid:885),(cid:885)(cid:882),(cid:886)(cid:885),(cid:883)(cid:890),(cid:887)(cid:889),(cid:889)(cid:887),,,,,,,,,,,,,,,,,,,,,,,,
(cid:885)(cid:888),(cid:19)(cid:4)(cid:19)(cid:24)(cid:4)(cid:3)(cid:23)(cid:8)(cid:17)(cid:10)(cid:4)(cid:11),(cid:883)(cid:882),(cid:885)(cid:883),(cid:886)(cid:883),(cid:883)(cid:882),(cid:887)(cid:884),(cid:888)(cid:884),(cid:884)(cid:882),(cid:890)(cid:885),(cid:883)(cid:882)(cid:885),,,,,,,,,,,,,,,,,,,,,,,,
(cid:885)(cid:889) (cid:19)(cid:4)(cid:19)(cid:24)(cid:4)(cid:3)(cid:19)(cid:8)(cid:10)(cid:24)(cid:17)(cid:24)(cid:17)(cid:10)(cid:4)(cid:17) Indonesia (cid:885)(cid:890) (cid:19)(cid:4)(cid:19)(cid:24)(cid:4)(cid:3)(cid:5)(cid:4)(cid:21)(cid:4)(cid:23)(cid:3)(cid:7)(cid:4)(cid:28)(cid:4),,(cid:883)(cid:882) 6.039 (cid:889),(cid:884)(cid:891) 30.869 (cid:885)(cid:885),(cid:885)(cid:891) 36.908 (cid:886)(cid:882),(cid:883)(cid:882) 3.548 (cid:891),(cid:885)(cid:885) 16.127 (cid:886)(cid:887),(cid:886)(cid:885) 19.675 (cid:887)(cid:886),(cid:884)(cid:882) 9.587 (cid:883)(cid:888),(cid:888)(cid:884) 46.996 (cid:889)(cid:890),(cid:890)(cid:884) 56.583 (cid:891)(cid:886),,,,,,,,,,,,,,,,,,,,,,,,
No,Provinsi,Pejabat Struktural,,,Tenaga Pendidik,,,Tenaga Dukungan Manajemen,,,Total,,,,,,,,,,,,,,,,,,,,,,,
,,L,P,L+P,L,P,L+P,L,P,L+P,L,P,L+P,,,,,,,,,,,,,,,,,,,,,
(1),(2),(3),(4),(5),(6),(7),(8),(9),(10),(11),(12),(13),(14),,,,,,,,,,,,,,,,,,,,,
(cid:883),(cid:4)(cid:6)(cid:8)(cid:11),(cid:884)(cid:882)(cid:883),(cid:884)(cid:882)(cid:885),(cid:886)(cid:882)(cid:886),(cid:888),(cid:884),(cid:890),(cid:886)(cid:484)(cid:884)(cid:886)(cid:885),(cid:885)(cid:484)(cid:886)(cid:884)(cid:887),(cid:889)(cid:484)(cid:888)(cid:888)(cid:890),(cid:886)(cid:484)(cid:886)(cid:887)(cid:882),(cid:885)(cid:484)(cid:888)(cid:885)(cid:882),(cid:890)(cid:484)(cid:882)(cid:890)(cid:882),,,,,,,,,,,,,,,,,,,,,
(cid:884),(cid:22)(cid:24)(cid:16)(cid:4)(cid:23)(cid:8)(cid:21)(cid:4)(cid:3)(cid:24)(cid:23)(cid:4)(cid:21)(cid:4),(cid:884)(cid:889)(cid:887),(cid:886)(cid:882)(cid:886),(cid:888)(cid:889)(cid:891),(cid:890),(cid:888),(cid:883)(cid:886),(cid:887)(cid:484)(cid:885)(cid:888)(cid:883),(cid:888)(cid:484)(cid:889)(cid:883)(cid:887),(cid:883)(cid:884)(cid:484)(cid:882)(cid:889)(cid:888),(cid:887)(cid:484)(cid:888)(cid:886)(cid:886),(cid:889)(cid:484)(cid:883)(cid:884)(cid:887),(cid:883)(cid:884)(cid:484)(cid:889)(cid:888)(cid:891),,,,,,,,,,,,,,,,,,,,,
(cid:885),(cid:22)(cid:24)(cid:16)(cid:4)(cid:23)(cid:8)(cid:21)(cid:4)(cid:3)(cid:5)(cid:4)(cid:21)(cid:4)(cid:23),(cid:883)(cid:887)(cid:889),(cid:885)(cid:886)(cid:886),(cid:887)(cid:882)(cid:883),(cid:883),(cid:883),(cid:884),(cid:884)(cid:484)(cid:886)(cid:891)(cid:890),(cid:884)(cid:484)(cid:891)(cid:887)(cid:887),(cid:887)(cid:484)(cid:886)(cid:887)(cid:885),(cid:884)(cid:484)(cid:888)(cid:887)(cid:888),(cid:885)(cid:484)(cid:885)(cid:882)(cid:882),(cid:887)(cid:484)(cid:891)(cid:887)(cid:888),,,,,,,,,,,,,,,,,,,,,
(cid:886),(cid:21)(cid:12)(cid:4)(cid:24),(cid:883)(cid:885)(cid:887),(cid:883)(cid:889)(cid:884),(cid:885)(cid:882)(cid:889),(cid:889),(cid:883),(cid:890),(cid:885)(cid:484)(cid:888)(cid:882)(cid:891),(cid:886)(cid:484)(cid:882)(cid:884)(cid:887),(cid:889)(cid:484)(cid:888)(cid:885)(cid:886),(cid:885)(cid:484)(cid:889)(cid:887)(cid:883),(cid:886)(cid:484)(cid:883)(cid:891)(cid:890),(cid:889)(cid:484)(cid:891)(cid:886)(cid:891),,,,,,,,,,,,,,,,,,,,,
(cid:887),(cid:13)(cid:4)(cid:16)(cid:5)(cid:12),(cid:883)(cid:882)(cid:882),(cid:883)(cid:882)(cid:884),(cid:884)(cid:882)(cid:884),(cid:882),(cid:883),(cid:883),(cid:883)(cid:484)(cid:888)(cid:886)(cid:882),(cid:883)(cid:484)(cid:891)(cid:890)(cid:882),(cid:885)(cid:484)(cid:888)(cid:884)(cid:882),(cid:883)(cid:484)(cid:889)(cid:886)(cid:882),(cid:884)(cid:484)(cid:882)(cid:890)(cid:885),(cid:885)(cid:484)(cid:890)(cid:884)(cid:885),,,,,,,,,,,,,,,,,,,,,
(cid:888),(cid:22)(cid:24)(cid:16)(cid:4)(cid:23)(cid:8)(cid:21)(cid:4)(cid:3)(cid:22)(cid:8)(cid:15)(cid:4)(cid:23)(cid:4)(cid:17),(cid:883)(cid:888)(cid:890),(cid:884)(cid:889)(cid:883),(cid:886)(cid:885)(cid:891),(cid:883),(cid:883),(cid:884),(cid:886)(cid:484)(cid:884)(cid:884)(cid:884),(cid:886)(cid:484)(cid:884)(cid:887)(cid:883),(cid:890)(cid:484)(cid:886)(cid:889)(cid:885),(cid:886)(cid:484)(cid:885)(cid:891)(cid:883),(cid:886)(cid:484)(cid:887)(cid:884)(cid:885),(cid:890)(cid:484)(cid:891)(cid:883)(cid:886),,,,,,,,,,,,,,,,,,,,,
(cid:889),(cid:5)(cid:8)(cid:17)(cid:10)(cid:14)(cid:24)(cid:15)(cid:24),(cid:886)(cid:890),(cid:891)(cid:884),(cid:883)(cid:886)(cid:882),(cid:882),(cid:883),(cid:883),(cid:889)(cid:885)(cid:891),(cid:890)(cid:889)(cid:888),(cid:883)(cid:484)(cid:888)(cid:883)(cid:887),(cid:889)(cid:890)(cid:889),(cid:891)(cid:888)(cid:891),(cid:883)(cid:484)(cid:889)(cid:887)(cid:888),,,,,,,,,,,,,,,,,,,,,
(cid:890),(cid:15)(cid:4)(cid:16)(cid:19)(cid:24)(cid:17)(cid:10),(cid:883)(cid:884)(cid:891),(cid:884)(cid:885)(cid:883),(cid:885)(cid:888)(cid:882),(cid:884),(cid:884),(cid:886),(cid:885)(cid:484)(cid:886)(cid:887)(cid:882),(cid:885)(cid:484)(cid:888)(cid:886)(cid:884),(cid:889)(cid:484)(cid:882)(cid:891)(cid:884),(cid:885)(cid:484)(cid:887)(cid:890)(cid:883),(cid:885)(cid:484)(cid:890)(cid:889)(cid:887),(cid:889)(cid:484)(cid:886)(cid:887)(cid:888),,,,,,,,,,,,,,,,,,,,,
(cid:891),(cid:14)(cid:8)(cid:19)(cid:24)(cid:15)(cid:4)(cid:24)(cid:4)(cid:17)(cid:3)(cid:5)(cid:4)(cid:17)(cid:10)(cid:14)(cid:4)(cid:3)(cid:5)(cid:8)(cid:15)(cid:12)(cid:23)(cid:24)(cid:17)(cid:10),(cid:888)(cid:890),(cid:891)(cid:885),(cid:883)(cid:888)(cid:883),(cid:882),(cid:882),(cid:882),(cid:883)(cid:484)(cid:883)(cid:883)(cid:887),(cid:883)(cid:484)(cid:882)(cid:888)(cid:886),(cid:884)(cid:484)(cid:883)(cid:889)(cid:891),(cid:883)(cid:484)(cid:883)(cid:890)(cid:885),(cid:883)(cid:484)(cid:883)(cid:887)(cid:889),(cid:884)(cid:484)(cid:885)(cid:886)(cid:882),,,,,,,,,,,,,,,,,,,,,
(cid:883)(cid:882),(cid:14)(cid:8)(cid:19)(cid:24)(cid:15)(cid:4)(cid:24)(cid:4)(cid:17)(cid:3)(cid:21)(cid:12)(cid:4)(cid:24),(cid:890)(cid:888),(cid:891)(cid:887),(cid:883)(cid:890)(cid:883),(cid:884),(cid:883),(cid:885),(cid:883)(cid:484)(cid:886)(cid:891)(cid:886),(cid:883)(cid:484)(cid:887)(cid:882)(cid:888),(cid:885)(cid:484)(cid:882)(cid:882)(cid:882),(cid:883)(cid:484)(cid:887)(cid:890)(cid:884),(cid:883)(cid:484)(cid:888)(cid:882)(cid:884),(cid:885)(cid:484)(cid:883)(cid:890)(cid:886),,,,,,,,,,,,,,,,,,,,,
(cid:883)(cid:883),(cid:7)(cid:14)(cid:12)(cid:3)(cid:13)(cid:4)(cid:14)(cid:4)(cid:21)(cid:23)(cid:4),(cid:887)(cid:890)(cid:890),(cid:889)(cid:889)(cid:890),(cid:883)(cid:484)(cid:885)(cid:888)(cid:888),(cid:884)(cid:886),(cid:886)(cid:883),(cid:888)(cid:887),(cid:883)(cid:890)(cid:484)(cid:883)(cid:884)(cid:883),(cid:883)(cid:886)(cid:484)(cid:889)(cid:882)(cid:889),(cid:885)(cid:884)(cid:484)(cid:890)(cid:884)(cid:890),(cid:883)(cid:890)(cid:484)(cid:889)(cid:885)(cid:885),(cid:883)(cid:887)(cid:484)(cid:887)(cid:884)(cid:888),(cid:885)(cid:886)(cid:484)(cid:884)(cid:887)(cid:891),,,,,,,,,,,,,,,,,,,,,
(cid:883)(cid:884),(cid:13)(cid:4)(cid:26)(cid:4)(cid:3)(cid:5)(cid:4)(cid:21)(cid:4)(cid:23),(cid:889)(cid:890)(cid:888),(cid:891)(cid:883)(cid:882),(cid:883)(cid:484)(cid:888)(cid:891)(cid:888),(cid:883)(cid:887),(cid:884)(cid:884),(cid:885)(cid:889),(cid:884)(cid:889)(cid:484)(cid:882)(cid:891)(cid:884),(cid:884)(cid:882)(cid:484)(cid:883)(cid:885)(cid:886),(cid:886)(cid:889)(cid:484)(cid:884)(cid:884)(cid:888),(cid:884)(cid:889)(cid:484)(cid:890)(cid:891)(cid:885),(cid:884)(cid:883)(cid:484)(cid:882)(cid:888)(cid:888),(cid:886)(cid:890)(cid:484)(cid:891)(cid:887)(cid:891),,,,,,,,,,,,,,,,,,,,,
(cid:883)(cid:885),(cid:13)(cid:4)(cid:26)(cid:4)(cid:3)(cid:23)(cid:8)(cid:17)(cid:10)(cid:4)(cid:11),(cid:890)(cid:887)(cid:884),(cid:889)(cid:888)(cid:890),(cid:883)(cid:484)(cid:888)(cid:884)(cid:882),(cid:883)(cid:883),(cid:890),(cid:883)(cid:891),(cid:884)(cid:884)(cid:484)(cid:890)(cid:886)(cid:891),(cid:883)(cid:889)(cid:484)(cid:888)(cid:890)(cid:888),(cid:886)(cid:882)(cid:484)(cid:887)(cid:885)(cid:887),(cid:884)(cid:885)(cid:484)(cid:889)(cid:883)(cid:884),(cid:883)(cid:890)(cid:484)(cid:886)(cid:888)(cid:884),(cid:886)(cid:884)(cid:484)(cid:883)(cid:889)(cid:886),,,,,,,,,,,,,,,,,,,,,
(cid:883)(cid:886),(cid:28)(cid:18)(cid:10)(cid:28)(cid:4)(cid:14)(cid:4)(cid:21)(cid:23)(cid:4),(cid:883)(cid:886)(cid:884),(cid:883)(cid:888)(cid:890),(cid:885)(cid:883)(cid:882),(cid:883),(cid:886),(cid:887),(cid:885)(cid:484)(cid:887)(cid:890)(cid:884),(cid:885)(cid:484)(cid:885)(cid:883)(cid:885),(cid:888)(cid:484)(cid:890)(cid:891)(cid:887),(cid:885)(cid:484)(cid:889)(cid:884)(cid:887),(cid:885)(cid:484)(cid:886)(cid:890)(cid:887),(cid:889)(cid:484)(cid:884)(cid:883)(cid:882),,,,,,,,,,,,,,,,,,,,,
(cid:883)(cid:887),(cid:13)(cid:4)(cid:26)(cid:4)(cid:3)(cid:23)(cid:12)(cid:16)(cid:24)(cid:21),(cid:890)(cid:883)(cid:891),(cid:891)(cid:884)(cid:883),(cid:883)(cid:484)(cid:889)(cid:886)(cid:882),(cid:889),(cid:883)(cid:891),(cid:884)(cid:888),(cid:884)(cid:884)(cid:484)(cid:889)(cid:887)(cid:886),(cid:883)(cid:889)(cid:484)(cid:890)(cid:888)(cid:889),(cid:886)(cid:882)(cid:484)(cid:888)(cid:884)(cid:883),(cid:884)(cid:885)(cid:484)(cid:887)(cid:890)(cid:882),(cid:883)(cid:890)(cid:484)(cid:890)(cid:882)(cid:889),(cid:886)(cid:884)(cid:484)(cid:885)(cid:890)(cid:889),,,,,,,,,,,,,,,,,,,,,
(cid:883)(cid:888),(cid:5)(cid:4)(cid:17)(cid:23)(cid:8)(cid:17),(cid:883)(cid:891)(cid:888),(cid:884)(cid:888)(cid:888),(cid:886)(cid:888)(cid:884),(cid:884),(cid:883),(cid:885),(cid:888)(cid:484)(cid:887)(cid:888)(cid:884),(cid:888)(cid:484)(cid:883)(cid:886)(cid:890),(cid:883)(cid:884)(cid:484)(cid:889)(cid:883)(cid:882),(cid:888)(cid:484)(cid:889)(cid:888)(cid:882),(cid:888)(cid:484)(cid:886)(cid:883)(cid:887),(cid:883)(cid:885)(cid:484)(cid:883)(cid:889)(cid:887),,,,,,,,,,,,,,,,,,,,,
(cid:883)(cid:889),(cid:5)(cid:4)(cid:15)(cid:12),(cid:883)(cid:891)(cid:889),(cid:883)(cid:891)(cid:890),(cid:885)(cid:891)(cid:887),(cid:885),(cid:886),(cid:889),(cid:886)(cid:484)(cid:882)(cid:889)(cid:886),(cid:887)(cid:484)(cid:883)(cid:884)(cid:890),(cid:891)(cid:484)(cid:884)(cid:882)(cid:884),(cid:886)(cid:484)(cid:884)(cid:889)(cid:886),(cid:887)(cid:484)(cid:885)(cid:885)(cid:882),(cid:891)(cid:484)(cid:888)(cid:882)(cid:886),,,,,,,,,,,,,,,,,,,,,
(cid:883)(cid:890),(cid:17)(cid:24)(cid:22)(cid:4)(cid:3)(cid:23)(cid:8)(cid:17)(cid:10)(cid:10)(cid:4)(cid:21)(cid:4)(cid:3)(cid:5)(cid:4)(cid:21)(cid:4)(cid:23),(cid:883)(cid:886)(cid:883),(cid:883)(cid:885)(cid:883),(cid:884)(cid:889)(cid:884),(cid:886),(cid:886),(cid:890),(cid:884)(cid:484)(cid:891)(cid:889)(cid:885),(cid:884)(cid:484)(cid:883)(cid:884)(cid:890),(cid:887)(cid:484)(cid:883)(cid:882)(cid:883),(cid:885)(cid:484)(cid:883)(cid:883)(cid:890),(cid:884)(cid:484)(cid:884)(cid:888)(cid:885),(cid:887)(cid:484)(cid:885)(cid:890)(cid:883),,,,,,,,,,,,,,,,,,,,,
(cid:883)(cid:891),(cid:17)(cid:24)(cid:22)(cid:4)(cid:3)(cid:23)(cid:8)(cid:17)(cid:10)(cid:10)(cid:4)(cid:21)(cid:4)(cid:3)(cid:23)(cid:12)(cid:16)(cid:24)(cid:21),(cid:883)(cid:882)(cid:887),(cid:883)(cid:886)(cid:890),(cid:884)(cid:887)(cid:885),(cid:882),(cid:882),(cid:882),(cid:884)(cid:484)(cid:884)(cid:883)(cid:888),(cid:884)(cid:484)(cid:882)(cid:888)(cid:885),(cid:886)(cid:484)(cid:884)(cid:889)(cid:891),(cid:884)(cid:484)(cid:885)(cid:884)(cid:883),(cid:884)(cid:484)(cid:884)(cid:883)(cid:883),(cid:886)(cid:484)(cid:887)(cid:885)(cid:884),,,,,,,,,,,,,,,,,,,,,
(cid:884)(cid:882),(cid:14)(cid:4)(cid:15)(cid:12)(cid:16)(cid:4)(cid:17)(cid:23)(cid:4)(cid:17)(cid:3)(cid:5)(cid:4)(cid:21)(cid:4)(cid:23),(cid:883)(cid:885)(cid:882),(cid:883)(cid:883)(cid:888),(cid:884)(cid:886)(cid:888),(cid:884),(cid:882),(cid:884),(cid:883)(cid:484)(cid:889)(cid:887)(cid:885),(cid:884)(cid:484)(cid:883)(cid:889)(cid:891),(cid:885)(cid:484)(cid:891)(cid:885)(cid:884),(cid:883)(cid:484)(cid:890)(cid:890)(cid:887),(cid:884)(cid:484)(cid:884)(cid:891)(cid:887),(cid:886)(cid:484)(cid:883)(cid:890)(cid:882),,,,,,,,,,,,,,,,,,,,,
(cid:884)(cid:883),(cid:14)(cid:4)(cid:15)(cid:12)(cid:16)(cid:4)(cid:17)(cid:23)(cid:4)(cid:17)(cid:3)(cid:23)(cid:8)(cid:17)(cid:10)(cid:4)(cid:11),(cid:883)(cid:882)(cid:888),(cid:891)(cid:890),(cid:884)(cid:882)(cid:886),(cid:882),(cid:882),(cid:882),(cid:883)(cid:484)(cid:886)(cid:886)(cid:891),(cid:883)(cid:484)(cid:888)(cid:888)(cid:889),(cid:885)(cid:484)(cid:883)(cid:883)(cid:888),(cid:883)(cid:484)(cid:887)(cid:887)(cid:887),(cid:883)(cid:484)(cid:889)(cid:888)(cid:887),(cid:885)(cid:484)(cid:885)(cid:884)(cid:882),,,,,,,,,,,,,,,,,,,,,
(cid:884)(cid:884),(cid:14)(cid:4)(cid:15)(cid:12)(cid:16)(cid:4)(cid:17)(cid:23)(cid:4)(cid:17)(cid:3)(cid:22)(cid:8)(cid:15)(cid:4)(cid:23)(cid:4)(cid:17),(cid:883)(cid:889)(cid:883),(cid:883)(cid:883)(cid:890),(cid:884)(cid:890)(cid:891),(cid:882),(cid:883),(cid:883),(cid:884)(cid:484)(cid:890)(cid:883)(cid:885),(cid:884)(cid:484)(cid:886)(cid:887)(cid:886),(cid:887)(cid:484)(cid:884)(cid:888)(cid:889),(cid:884)(cid:484)(cid:891)(cid:890)(cid:886),(cid:884)(cid:484)(cid:887)(cid:889)(cid:885),(cid:887)(cid:484)(cid:887)(cid:887)(cid:889),,,,,,,,,,,,,,,,,,,,,
(cid:884)(cid:885),(cid:14)(cid:4)(cid:15)(cid:12)(cid:16)(cid:4)(cid:17)(cid:23)(cid:4)(cid:17)(cid:3)(cid:23)(cid:12)(cid:16)(cid:24)(cid:21),(cid:883)(cid:884)(cid:890),(cid:883)(cid:887)(cid:885),(cid:884)(cid:890)(cid:883),(cid:882),(cid:883),(cid:883),(cid:885)(cid:484)(cid:883)(cid:883)(cid:890),(cid:885)(cid:484)(cid:883)(cid:891)(cid:889),(cid:888)(cid:484)(cid:885)(cid:883)(cid:887),(cid:885)(cid:484)(cid:884)(cid:886)(cid:888),(cid:885)(cid:484)(cid:885)(cid:887)(cid:883),(cid:888)(cid:484)(cid:887)(cid:891)(cid:889),,,,,,,,,,,,,,,,,,,,,
(cid:884)(cid:886),(cid:14)(cid:4)(cid:15)(cid:12)(cid:16)(cid:4)(cid:17)(cid:23)(cid:4)(cid:17)(cid:3)(cid:24)(cid:23)(cid:4)(cid:21)(cid:4),(cid:885)(cid:887),(cid:885)(cid:882),(cid:888)(cid:887),(cid:882),(cid:882),(cid:882),(cid:890)(cid:886)(cid:890),(cid:889)(cid:887)(cid:890),(cid:883)(cid:484)(cid:888)(cid:882)(cid:888),(cid:890)(cid:890)(cid:885),(cid:889)(cid:890)(cid:890),(cid:883)(cid:484)(cid:888)(cid:889)(cid:883),,,,,,,,,,,,,,,,,,,,,
(cid:884)(cid:887),(cid:22)(cid:24)(cid:15)(cid:4)(cid:26)(cid:8)(cid:22)(cid:12)(cid:3)(cid:24)(cid:23)(cid:4)(cid:21)(cid:4),(cid:883)(cid:883)(cid:884),(cid:883)(cid:891)(cid:887),(cid:885)(cid:882)(cid:889),(cid:886),(cid:884),(cid:888),(cid:884)(cid:484)(cid:882)(cid:885)(cid:885),(cid:884)(cid:484)(cid:882)(cid:884)(cid:882),(cid:886)(cid:484)(cid:882)(cid:887)(cid:885),(cid:884)(cid:484)(cid:883)(cid:886)(cid:891),(cid:884)(cid:484)(cid:884)(cid:883)(cid:889),(cid:886)(cid:484)(cid:885)(cid:888)(cid:888),,,,,,,,,,,,,,,,,,,,,
(cid:884)(cid:888),(cid:22)(cid:24)(cid:15)(cid:4)(cid:26)(cid:8)(cid:22)(cid:12)(cid:3)(cid:23)(cid:8)(cid:17)(cid:10)(cid:4)(cid:11),(cid:890)(cid:887),(cid:883)(cid:887)(cid:884),(cid:884)(cid:885)(cid:889),(cid:882),(cid:882),(cid:882),(cid:883)(cid:484)(cid:885)(cid:887)(cid:888),(cid:883)(cid:484)(cid:887)(cid:887)(cid:882),(cid:884)(cid:484)(cid:891)(cid:882)(cid:888),(cid:883)(cid:484)(cid:886)(cid:886)(cid:883),(cid:883)(cid:484)(cid:889)(cid:882)(cid:884),(cid:885)(cid:484)(cid:883)(cid:886)(cid:885),,,,,,,,,,,,,,,,,,,,,
(cid:884)(cid:889),(cid:22)(cid:24)(cid:15)(cid:4)(cid:26)(cid:8)(cid:22)(cid:12)(cid:3)(cid:22)(cid:8)(cid:15)(cid:4)(cid:23)(cid:4)(cid:17),(cid:884)(cid:883)(cid:888),(cid:885)(cid:883)(cid:889),(cid:887)(cid:885)(cid:885),(cid:884),(cid:883)(cid:883),(cid:883)(cid:885),(cid:885)(cid:484)(cid:890)(cid:890)(cid:890),(cid:886)(cid:484)(cid:889)(cid:889)(cid:884),(cid:890)(cid:484)(cid:888)(cid:888)(cid:882),(cid:886)(cid:484)(cid:883)(cid:882)(cid:888),(cid:887)(cid:484)(cid:883)(cid:882)(cid:882),(cid:891)(cid:484)(cid:884)(cid:882)(cid:888),,,,,,,,,,,,,,,,,,,,,
(cid:884)(cid:890),(cid:22)(cid:24)(cid:15)(cid:4)(cid:26)(cid:8)(cid:22)(cid:12)(cid:3)(cid:23)(cid:8)(cid:17)(cid:10)(cid:10)(cid:4)(cid:21)(cid:4),(cid:890)(cid:890),(cid:883)(cid:885)(cid:886),(cid:884)(cid:884)(cid:884),(cid:882),(cid:882),(cid:882),(cid:891)(cid:883)(cid:887),(cid:883)(cid:484)(cid:882)(cid:885)(cid:890),(cid:883)(cid:484)(cid:891)(cid:887)(cid:885),(cid:883)(cid:484)(cid:882)(cid:882)(cid:885),(cid:883)(cid:484)(cid:883)(cid:889)(cid:884),(cid:884)(cid:484)(cid:883)(cid:889)(cid:887),,,,,,,,,,,,,,,,,,,,,
(cid:884)(cid:891),(cid:10)(cid:18)(cid:21)(cid:18)(cid:17)(cid:23)(cid:4)(cid:15)(cid:18),(cid:886)(cid:887),(cid:890)(cid:882),(cid:883)(cid:884)(cid:887),(cid:883),(cid:882),(cid:883),(cid:888)(cid:891)(cid:883),(cid:889)(cid:884)(cid:889),(cid:883)(cid:484)(cid:886)(cid:883)(cid:890),(cid:889)(cid:885)(cid:889),(cid:890)(cid:882)(cid:889),(cid:883)(cid:484)(cid:887)(cid:886)(cid:886),,,,,,,,,,,,,,,,,,,,,
(cid:885)(cid:882),(cid:22)(cid:24)(cid:15)(cid:4)(cid:26)(cid:8)(cid:22)(cid:12)(cid:3)(cid:5)(cid:4)(cid:21)(cid:4)(cid:23),(cid:884)(cid:886),(cid:886)(cid:883),(cid:888)(cid:887),(cid:882),(cid:882),(cid:882),(cid:885)(cid:891)(cid:885),(cid:886)(cid:886)(cid:884),(cid:890)(cid:885)(cid:887),(cid:886)(cid:883)(cid:889),(cid:886)(cid:890)(cid:885),(cid:891)(cid:882)(cid:882),,,,,,,,,,,,,,,,,,,,,
(cid:885)(cid:883),(cid:16)(cid:4)(cid:15)(cid:24)(cid:14)(cid:24),(cid:887)(cid:890),(cid:887)(cid:889),(cid:883)(cid:883)(cid:887),(cid:882),(cid:883),(cid:883),(cid:889)(cid:889)(cid:884),(cid:890)(cid:889)(cid:885),(cid:883)(cid:484)(cid:888)(cid:886)(cid:887),(cid:890)(cid:885)(cid:882),(cid:891)(cid:885)(cid:883),(cid:883)(cid:484)(cid:889)(cid:888)(cid:883),,,,,,,,,,,,,,,,,,,,,
(cid:885)(cid:884),(cid:16)(cid:4)(cid:15)(cid:24)(cid:14)(cid:24)(cid:3)(cid:24)(cid:23)(cid:4)(cid:21)(cid:4),(cid:885)(cid:884),(cid:886)(cid:889),(cid:889)(cid:891),(cid:882),(cid:883),(cid:883),(cid:886)(cid:883)(cid:882),(cid:888)(cid:882)(cid:884),(cid:883)(cid:484)(cid:882)(cid:883)(cid:884),(cid:886)(cid:886)(cid:884),(cid:888)(cid:887)(cid:882),(cid:883)(cid:484)(cid:882)(cid:891)(cid:884),,,,,,,,,,,,,,,,,,,,,
(cid:885)(cid:885),(cid:19)(cid:4)(cid:19)(cid:24)(cid:4),(cid:886)(cid:886),(cid:886)(cid:889),(cid:891)(cid:883),(cid:884),(cid:882),(cid:884),(cid:888)(cid:885)(cid:888),(cid:888)(cid:891)(cid:887),(cid:883)(cid:484)(cid:885)(cid:885)(cid:883),(cid:888)(cid:890)(cid:884),(cid:889)(cid:886)(cid:884),(cid:883)(cid:484)(cid:886)(cid:884)(cid:886),,,,,,,,,,,,,,,,,,,,,
(cid:885)(cid:886),(cid:19)(cid:4)(cid:19)(cid:24)(cid:4)(cid:3)(cid:5)(cid:4)(cid:21)(cid:4)(cid:23),(cid:884)(cid:890),(cid:884)(cid:883),(cid:886)(cid:891),(cid:882),(cid:882),(cid:882),(cid:886)(cid:887)(cid:882),(cid:886)(cid:882)(cid:886),(cid:890)(cid:887)(cid:886),(cid:886)(cid:889)(cid:890),(cid:886)(cid:884)(cid:887),(cid:891)(cid:882)(cid:885),,,,,,,,,,,,,,,,,,,,,
(cid:885)(cid:887),(cid:19)(cid:4)(cid:19)(cid:24)(cid:4)(cid:3)(cid:22)(cid:8)(cid:15)(cid:4)(cid:23)(cid:4)(cid:17),(cid:886),(cid:887),(cid:891),(cid:882),(cid:882),(cid:882),(cid:883)(cid:889)(cid:884),(cid:884)(cid:887)(cid:884),(cid:886)(cid:884)(cid:886),(cid:883)(cid:889)(cid:888),(cid:884)(cid:887)(cid:889),(cid:886)(cid:885)(cid:885),,,,,,,,,,,,,,,,,,,,,
(cid:885)(cid:888),(cid:19)(cid:4)(cid:19)(cid:24)(cid:4)(cid:3)(cid:23)(cid:8)(cid:17)(cid:10)(cid:4)(cid:11),(cid:884)(cid:883),(cid:883)(cid:888),(cid:885)(cid:889),(cid:883),(cid:882),(cid:883),(cid:885)(cid:889)(cid:890),(cid:886)(cid:883)(cid:882),(cid:889)(cid:890)(cid:890),(cid:886)(cid:882)(cid:882),(cid:886)(cid:884)(cid:888),(cid:890)(cid:884)(cid:888),,,,,,,,,,,,,,,,,,,,,
(cid:885)(cid:889) (cid:19)(cid:4)(cid:19)(cid:24)(cid:4)(cid:3)(cid:19)(cid:8)(cid:10)(cid:24)(cid:17)(cid:24)(cid:17)(cid:10)(cid:4)(cid:17) Indonesia (cid:885)(cid:890) (cid:19)(cid:4)(cid:19)(cid:24)(cid:4)(cid:3)(cid:5)(cid:4)(cid:21)(cid:4)(cid:23)(cid:3)(cid:7)(cid:4)(cid:28)(cid:4),,(cid:888) 6.544 (cid:883)(cid:890),(cid:883)(cid:884) 7.946 (cid:883)(cid:884),(cid:883)(cid:890) 14.490 (cid:885)(cid:882),(cid:882) 106 (cid:882),(cid:882) 136 (cid:882),(cid:882) 242 (cid:882),(cid:883)(cid:887)(cid:883) 161.145 (cid:885)(cid:884)(cid:887),(cid:883)(cid:884)(cid:883) 144.135 (cid:885)(cid:888)(cid:883),(cid:884)(cid:889)(cid:884) 305.280 (cid:888)(cid:890)(cid:888),(cid:883)(cid:887)(cid:889) 167.795 (cid:885)(cid:886)(cid:885),(cid:883)(cid:885)(cid:885) 152.217 (cid:885)(cid:889)(cid:885),(cid:884)(cid:891)(cid:882) 320.012 (cid:889)(cid:883)(cid:888),,,,,,,,,,,,,,,,,,,,,
No,Provinsi,Tenaga Psikologi Klinis,,,Tenaga Kesehatan Tradisional,,,,,,,,,,,,,,,,,,,,,,,,,,,,,
,,,,,Tenaga Kesehatan Tradisional Ramuan,,,Tenaga Kesehatan Tradisional Keterampilan,,,,,,,,,,,,,,,,,,,,,,,,,,
,,L,P,L + P,L,P,L + P,L,P,L + P,,,,,,,,,,,,,,,,,,,,,,,,
(1),(2),(3),(4),(5),(6),(7),(8),(9),(10),(11),,,,,,,,,,,,,,,,,,,,,,,,
(cid:883),(cid:4)(cid:6)(cid:8)(cid:11),(cid:883)(cid:884),(cid:889)(cid:889),(cid:890)(cid:891),(cid:882),(cid:882),(cid:882),(cid:882),(cid:883),(cid:883),,,,,,,,,,,,,,,,,,,,,,,,
(cid:884),(cid:22)(cid:24)(cid:16)(cid:4)(cid:23)(cid:8)(cid:21)(cid:4)(cid:3)(cid:24)(cid:23)(cid:4)(cid:21)(cid:4),(cid:888),(cid:885)(cid:888),(cid:886)(cid:884),(cid:882),(cid:882),(cid:882),(cid:883),(cid:887),(cid:888),,,,,,,,,,,,,,,,,,,,,,,,
(cid:885),(cid:22)(cid:24)(cid:16)(cid:4)(cid:23)(cid:8)(cid:21)(cid:4)(cid:3)(cid:5)(cid:4)(cid:21)(cid:4)(cid:23),(cid:885),(cid:884)(cid:889),(cid:885)(cid:882),(cid:882),(cid:882),(cid:882),(cid:882),(cid:884),(cid:884),,,,,,,,,,,,,,,,,,,,,,,,
(cid:886),(cid:21)(cid:12)(cid:4)(cid:24),(cid:889),(cid:886)(cid:884),(cid:886)(cid:891),(cid:882),(cid:882),(cid:882),(cid:882),(cid:882),(cid:882),,,,,,,,,,,,,,,,,,,,,,,,
(cid:887),(cid:13)(cid:4)(cid:16)(cid:5)(cid:12),(cid:882),(cid:883)(cid:891),(cid:883)(cid:891),(cid:882),(cid:882),(cid:882),(cid:883),(cid:890),(cid:891),,,,,,,,,,,,,,,,,,,,,,,,
(cid:888),(cid:22)(cid:24)(cid:16)(cid:4)(cid:23)(cid:8)(cid:21)(cid:4)(cid:3)(cid:22)(cid:8)(cid:15)(cid:4)(cid:23)(cid:4)(cid:17),(cid:883)(cid:883),(cid:886)(cid:883),(cid:887)(cid:884),(cid:882),(cid:883),(cid:883),(cid:883),(cid:882),(cid:883),,,,,,,,,,,,,,,,,,,,,,,,
(cid:889),(cid:5)(cid:8)(cid:17)(cid:10)(cid:14)(cid:24)(cid:15)(cid:24),(cid:886),(cid:891),(cid:883)(cid:885),(cid:882),(cid:882),(cid:882),(cid:882),(cid:882),(cid:882),,,,,,,,,,,,,,,,,,,,,,,,
(cid:890),(cid:15)(cid:4)(cid:16)(cid:19)(cid:24)(cid:17)(cid:10),(cid:885),(cid:883)(cid:887),(cid:883)(cid:890),(cid:882),(cid:885),(cid:885),(cid:884),(cid:888)(cid:884),(cid:888)(cid:886),,,,,,,,,,,,,,,,,,,,,,,,
(cid:891),(cid:14)(cid:8)(cid:19)(cid:24)(cid:15)(cid:4)(cid:24)(cid:4)(cid:17)(cid:3)(cid:5)(cid:4)(cid:17)(cid:10)(cid:14)(cid:4)(cid:3)(cid:5)(cid:8)(cid:15)(cid:12)(cid:23)(cid:24)(cid:17)(cid:10),(cid:886),(cid:883)(cid:882),(cid:883)(cid:886),(cid:882),(cid:882),(cid:882),(cid:882),(cid:883),(cid:883),,,,,,,,,,,,,,,,,,,,,,,,
(cid:883)(cid:882),(cid:14)(cid:8)(cid:19)(cid:24)(cid:15)(cid:4)(cid:24)(cid:4)(cid:17)(cid:3)(cid:21)(cid:12)(cid:4)(cid:24),(cid:887),(cid:883)(cid:890),(cid:884)(cid:885),(cid:882),(cid:882),(cid:882),(cid:882),(cid:883),(cid:883),,,,,,,,,,,,,,,,,,,,,,,,
(cid:883)(cid:883),(cid:7)(cid:14)(cid:12)(cid:3)(cid:13)(cid:4)(cid:14)(cid:4)(cid:21)(cid:23)(cid:4),(cid:883)(cid:887),(cid:883)(cid:891)(cid:882),(cid:884)(cid:882)(cid:887),(cid:883)(cid:891),(cid:883)(cid:891),(cid:885)(cid:890),(cid:884)(cid:882),(cid:890)(cid:889),(cid:883)(cid:882)(cid:889),,,,,,,,,,,,,,,,,,,,,,,,
(cid:883)(cid:884),(cid:13)(cid:4)(cid:26)(cid:4)(cid:3)(cid:5)(cid:4)(cid:21)(cid:4)(cid:23),(cid:883)(cid:887),(cid:883)(cid:889)(cid:884),(cid:883)(cid:890)(cid:889),(cid:882),(cid:883),(cid:883),(cid:888),(cid:885)(cid:889),(cid:886)(cid:885),,,,,,,,,,,,,,,,,,,,,,,,
(cid:883)(cid:885),(cid:13)(cid:4)(cid:26)(cid:4)(cid:3)(cid:23)(cid:8)(cid:17)(cid:10)(cid:4)(cid:11),(cid:885)(cid:883),(cid:883)(cid:889)(cid:884),(cid:884)(cid:882)(cid:885),(cid:889),(cid:883)(cid:887),(cid:884)(cid:884),(cid:886),(cid:883)(cid:882),(cid:883)(cid:886),,,,,,,,,,,,,,,,,,,,,,,,
(cid:883)(cid:886),(cid:28)(cid:18)(cid:10)(cid:28)(cid:4)(cid:14)(cid:4)(cid:21)(cid:23)(cid:4),(cid:883)(cid:885),(cid:883)(cid:883)(cid:888),(cid:883)(cid:884)(cid:891),(cid:883),(cid:885),(cid:886),(cid:882),(cid:882),(cid:882),,,,,,,,,,,,,,,,,,,,,,,,
(cid:883)(cid:887),(cid:13)(cid:4)(cid:26)(cid:4)(cid:3)(cid:23)(cid:12)(cid:16)(cid:24)(cid:21),(cid:885)(cid:883),(cid:883)(cid:887)(cid:888),(cid:883)(cid:890)(cid:889),(cid:882),(cid:887),(cid:887),(cid:883)(cid:884),(cid:883)(cid:884)(cid:887),(cid:883)(cid:885)(cid:889),,,,,,,,,,,,,,,,,,,,,,,,
(cid:883)(cid:888),(cid:5)(cid:4)(cid:17)(cid:23)(cid:8)(cid:17),(cid:890),(cid:887)(cid:885),(cid:888)(cid:883),(cid:882),(cid:882),(cid:882),(cid:883),(cid:891),(cid:883)(cid:882),,,,,,,,,,,,,,,,,,,,,,,,
(cid:883)(cid:889),(cid:5)(cid:4)(cid:15)(cid:12),(cid:886),(cid:885)(cid:884),(cid:885)(cid:888),(cid:884),(cid:884),(cid:886),(cid:884),(cid:886),(cid:888),,,,,,,,,,,,,,,,,,,,,,,,
(cid:883)(cid:890),(cid:17)(cid:24)(cid:22)(cid:4)(cid:3)(cid:23)(cid:8)(cid:17)(cid:10)(cid:10)(cid:4)(cid:21)(cid:4)(cid:3)(cid:5)(cid:4)(cid:21)(cid:4)(cid:23),(cid:884),(cid:884)(cid:884),(cid:884)(cid:886),(cid:883),(cid:882),(cid:883),(cid:882),(cid:882),(cid:882),,,,,,,,,,,,,,,,,,,,,,,,
(cid:883)(cid:891),(cid:17)(cid:24)(cid:22)(cid:4)(cid:3)(cid:23)(cid:8)(cid:17)(cid:10)(cid:10)(cid:4)(cid:21)(cid:4)(cid:3)(cid:23)(cid:12)(cid:16)(cid:24)(cid:21),(cid:882),(cid:883)(cid:882),(cid:883)(cid:882),(cid:882),(cid:882),(cid:882),(cid:882),(cid:882),(cid:882),,,,,,,,,,,,,,,,,,,,,,,,
(cid:884)(cid:882),(cid:14)(cid:4)(cid:15)(cid:12)(cid:16)(cid:4)(cid:17)(cid:23)(cid:4)(cid:17)(cid:3)(cid:5)(cid:4)(cid:21)(cid:4)(cid:23),(cid:887),(cid:884)(cid:882),(cid:884)(cid:887),(cid:882),(cid:882),(cid:882),(cid:882),(cid:883),(cid:883),,,,,,,,,,,,,,,,,,,,,,,,
(cid:884)(cid:883),(cid:14)(cid:4)(cid:15)(cid:12)(cid:16)(cid:4)(cid:17)(cid:23)(cid:4)(cid:17)(cid:3)(cid:23)(cid:8)(cid:17)(cid:10)(cid:4)(cid:11),(cid:884),(cid:883)(cid:890),(cid:884)(cid:882),(cid:882),(cid:882),(cid:882),(cid:882),(cid:882),(cid:882),,,,,,,,,,,,,,,,,,,,,,,,
(cid:884)(cid:884),(cid:14)(cid:4)(cid:15)(cid:12)(cid:16)(cid:4)(cid:17)(cid:23)(cid:4)(cid:17)(cid:3)(cid:22)(cid:8)(cid:15)(cid:4)(cid:23)(cid:4)(cid:17),(cid:884),(cid:886)(cid:888),(cid:886)(cid:890),(cid:882),(cid:882),(cid:882),(cid:882),(cid:882),(cid:882),,,,,,,,,,,,,,,,,,,,,,,,
(cid:884)(cid:885),(cid:14)(cid:4)(cid:15)(cid:12)(cid:16)(cid:4)(cid:17)(cid:23)(cid:4)(cid:17)(cid:3)(cid:23)(cid:12)(cid:16)(cid:24)(cid:21),(cid:884),(cid:884)(cid:890),(cid:885)(cid:882),(cid:882),(cid:882),(cid:882),(cid:882),(cid:888),(cid:888),,,,,,,,,,,,,,,,,,,,,,,,
(cid:884)(cid:886),(cid:14)(cid:4)(cid:15)(cid:12)(cid:16)(cid:4)(cid:17)(cid:23)(cid:4)(cid:17)(cid:3)(cid:24)(cid:23)(cid:4)(cid:21)(cid:4),(cid:884),(cid:885),(cid:887),(cid:882),(cid:882),(cid:882),(cid:882),(cid:882),(cid:882),,,,,,,,,,,,,,,,,,,,,,,,
(cid:884)(cid:887),(cid:22)(cid:24)(cid:15)(cid:4)(cid:26)(cid:8)(cid:22)(cid:12)(cid:3)(cid:24)(cid:23)(cid:4)(cid:21)(cid:4),(cid:884),(cid:883)(cid:885),(cid:883)(cid:887),(cid:883),(cid:882),(cid:883),(cid:882),(cid:883),(cid:883),,,,,,,,,,,,,,,,,,,,,,,,
(cid:884)(cid:888),(cid:22)(cid:24)(cid:15)(cid:4)(cid:26)(cid:8)(cid:22)(cid:12)(cid:3)(cid:23)(cid:8)(cid:17)(cid:10)(cid:4)(cid:11),(cid:883)(cid:882),(cid:883)(cid:889),(cid:884)(cid:889),(cid:882),(cid:882),(cid:882),(cid:882),(cid:882),(cid:882),,,,,,,,,,,,,,,,,,,,,,,,
(cid:884)(cid:889),(cid:22)(cid:24)(cid:15)(cid:4)(cid:26)(cid:8)(cid:22)(cid:12)(cid:3)(cid:22)(cid:8)(cid:15)(cid:4)(cid:23)(cid:4)(cid:17),(cid:890),(cid:883)(cid:885),(cid:884)(cid:883),(cid:882),(cid:882),(cid:882),(cid:884),(cid:884),(cid:886),,,,,,,,,,,,,,,,,,,,,,,,
(cid:884)(cid:890),(cid:22)(cid:24)(cid:15)(cid:4)(cid:26)(cid:8)(cid:22)(cid:12)(cid:3)(cid:23)(cid:8)(cid:17)(cid:10)(cid:10)(cid:4)(cid:21)(cid:4),(cid:885),(cid:883)(cid:887),(cid:883)(cid:890),(cid:882),(cid:882),(cid:882),(cid:882),(cid:882),(cid:882),,,,,,,,,,,,,,,,,,,,,,,,
(cid:884)(cid:891),(cid:10)(cid:18)(cid:21)(cid:18)(cid:17)(cid:23)(cid:4)(cid:15)(cid:18),(cid:883),(cid:883),(cid:884),(cid:882),(cid:882),(cid:882),(cid:882),(cid:882),(cid:882),,,,,,,,,,,,,,,,,,,,,,,,
(cid:885)(cid:882),(cid:22)(cid:24)(cid:15)(cid:4)(cid:26)(cid:8)(cid:22)(cid:12)(cid:3)(cid:5)(cid:4)(cid:21)(cid:4)(cid:23),(cid:883),(cid:883),(cid:884),(cid:882),(cid:882),(cid:882),(cid:882),(cid:882),(cid:882),,,,,,,,,,,,,,,,,,,,,,,,
(cid:885)(cid:883),(cid:16)(cid:4)(cid:15)(cid:24)(cid:14)(cid:24),(cid:882),(cid:883)(cid:882),(cid:883)(cid:882),(cid:882),(cid:882),(cid:882),(cid:882),(cid:883),(cid:883),,,,,,,,,,,,,,,,,,,,,,,,
(cid:885)(cid:884),(cid:16)(cid:4)(cid:15)(cid:24)(cid:14)(cid:24)(cid:3)(cid:24)(cid:23)(cid:4)(cid:21)(cid:4),(cid:882),(cid:885),(cid:885),(cid:882),(cid:882),(cid:882),(cid:882),(cid:882),(cid:882),,,,,,,,,,,,,,,,,,,,,,,,
(cid:885)(cid:885),(cid:19)(cid:4)(cid:19)(cid:24)(cid:4),(cid:882),(cid:884),(cid:884),(cid:882),(cid:882),(cid:882),(cid:882),(cid:882),(cid:882),,,,,,,,,,,,,,,,,,,,,,,,
(cid:885)(cid:886),(cid:19)(cid:4)(cid:19)(cid:24)(cid:4)(cid:3)(cid:5)(cid:4)(cid:21)(cid:4)(cid:23),(cid:883),(cid:885),(cid:886),(cid:882),(cid:882),(cid:882),(cid:882),(cid:882),(cid:882),,,,,,,,,,,,,,,,,,,,,,,,
(cid:885)(cid:887),(cid:19)(cid:4)(cid:19)(cid:24)(cid:4)(cid:3)(cid:22)(cid:8)(cid:15)(cid:4)(cid:23)(cid:4)(cid:17),(cid:882),(cid:886),(cid:886),(cid:882),(cid:882),(cid:882),(cid:882),(cid:882),(cid:882),,,,,,,,,,,,,,,,,,,,,,,,
(cid:885)(cid:888),(cid:19)(cid:4)(cid:19)(cid:24)(cid:4)(cid:3)(cid:23)(cid:8)(cid:17)(cid:10)(cid:4)(cid:11),(cid:884),(cid:883),(cid:885),(cid:882),(cid:882),(cid:882),(cid:882),(cid:882),(cid:882),,,,,,,,,,,,,,,,,,,,,,,,
(cid:885)(cid:889) (cid:19)(cid:4)(cid:19)(cid:24)(cid:4)(cid:3)(cid:19)(cid:8)(cid:10)(cid:24)(cid:17)(cid:24)(cid:17)(cid:10)(cid:4)(cid:17) Indonesia (cid:885)(cid:890) (cid:19)(cid:4)(cid:19)(cid:24)(cid:4)(cid:3)(cid:5)(cid:4)(cid:21)(cid:4)(cid:23)(cid:3)(cid:7)(cid:4)(cid:28)(cid:4),,(cid:882) 215 (cid:882),(cid:883) 1.418 (cid:884),(cid:883) 1.633 (cid:884),(cid:882) 31 (cid:882),(cid:882) 49 (cid:882),(cid:882) 80 (cid:882),(cid:884)(cid:891) 81 (cid:882),(cid:885)(cid:886) 397 (cid:882),(cid:888)(cid:885) 478 (cid:882),,,,,,,,,,,,,,,,,,,,,,,,
No,Provinsi,Tenaga Psikologi Klinis,,,Tenaga Kesehatan Tradisional,,,,,,,,,,,,,,,,,,,,,,,,,,,,,
,,,,,Tenaga Kesehatan Tradisional Ramuan,,,Tenaga Kesehatan Tradisional Keterampilan,,,,,,,,,,,,,,,,,,,,,,,,,,
,,L,P,L + P,L,P,L + P,L,P,L + P,,,,,,,,,,,,,,,,,,,,,,,,
(1),(2),(3),(4),(5),(6),(7),(8),(9),(10),(11),,,,,,,,,,,,,,,,,,,,,,,,
(cid:883),(cid:4)(cid:6)(cid:8)(cid:11),(cid:884),(cid:883)(cid:891),(cid:884)(cid:883),(cid:882),(cid:882),(cid:882),(cid:882),(cid:883),(cid:883),,,,,,,,,,,,,,,,,,,,,,,,
(cid:884),(cid:22)(cid:24)(cid:16)(cid:4)(cid:23)(cid:8)(cid:21)(cid:4)(cid:3)(cid:24)(cid:23)(cid:4)(cid:21)(cid:4),(cid:883),(cid:885),(cid:886),(cid:882),(cid:882),(cid:882),(cid:882),(cid:882),(cid:882),,,,,,,,,,,,,,,,,,,,,,,,
(cid:885),(cid:22)(cid:24)(cid:16)(cid:4)(cid:23)(cid:8)(cid:21)(cid:4)(cid:3)(cid:5)(cid:4)(cid:21)(cid:4)(cid:23),(cid:882),(cid:883),(cid:883),(cid:882),(cid:882),(cid:882),(cid:882),(cid:882),(cid:882),,,,,,,,,,,,,,,,,,,,,,,,
(cid:886),(cid:21)(cid:12)(cid:4)(cid:24),(cid:884),(cid:885),(cid:887),(cid:882),(cid:882),(cid:882),(cid:882),(cid:882),(cid:882),,,,,,,,,,,,,,,,,,,,,,,,
(cid:887),(cid:13)(cid:4)(cid:16)(cid:5)(cid:12),(cid:882),(cid:882),(cid:882),(cid:882),(cid:882),(cid:882),(cid:882),(cid:882),(cid:882),,,,,,,,,,,,,,,,,,,,,,,,
(cid:888),(cid:22)(cid:24)(cid:16)(cid:4)(cid:23)(cid:8)(cid:21)(cid:4)(cid:3)(cid:22)(cid:8)(cid:15)(cid:4)(cid:23)(cid:4)(cid:17),(cid:884),(cid:887),(cid:889),(cid:882),(cid:882),(cid:882),(cid:882),(cid:882),(cid:882),,,,,,,,,,,,,,,,,,,,,,,,
(cid:889),(cid:5)(cid:8)(cid:17)(cid:10)(cid:14)(cid:24)(cid:15)(cid:24),(cid:882),(cid:882),(cid:882),(cid:882),(cid:882),(cid:882),(cid:882),(cid:882),(cid:882),,,,,,,,,,,,,,,,,,,,,,,,
(cid:890),(cid:15)(cid:4)(cid:16)(cid:19)(cid:24)(cid:17)(cid:10),(cid:882),(cid:884),(cid:884),(cid:882),(cid:882),(cid:882),(cid:882),(cid:883),(cid:883),,,,,,,,,,,,,,,,,,,,,,,,
(cid:891),(cid:14)(cid:8)(cid:19)(cid:24)(cid:15)(cid:4)(cid:24)(cid:4)(cid:17)(cid:3)(cid:5)(cid:4)(cid:17)(cid:10)(cid:14)(cid:4)(cid:3)(cid:5)(cid:8)(cid:15)(cid:12)(cid:23)(cid:24)(cid:17)(cid:10),(cid:882),(cid:882),(cid:882),(cid:882),(cid:882),(cid:882),(cid:882),(cid:882),(cid:882),,,,,,,,,,,,,,,,,,,,,,,,
(cid:883)(cid:882),(cid:14)(cid:8)(cid:19)(cid:24)(cid:15)(cid:4)(cid:24)(cid:4)(cid:17)(cid:3)(cid:21)(cid:12)(cid:4)(cid:24),(cid:883),(cid:883),(cid:884),(cid:882),(cid:882),(cid:882),(cid:882),(cid:883),(cid:883),,,,,,,,,,,,,,,,,,,,,,,,
(cid:883)(cid:883),(cid:7)(cid:14)(cid:12)(cid:3)(cid:13)(cid:4)(cid:14)(cid:4)(cid:21)(cid:23)(cid:4),(cid:886),(cid:884)(cid:884),(cid:884)(cid:888),(cid:882),(cid:882),(cid:882),(cid:882),(cid:882),(cid:882),,,,,,,,,,,,,,,,,,,,,,,,
(cid:883)(cid:884),(cid:13)(cid:4)(cid:26)(cid:4)(cid:3)(cid:5)(cid:4)(cid:21)(cid:4)(cid:23),(cid:882),(cid:883),(cid:883),(cid:882),(cid:882),(cid:882),(cid:882),(cid:882),(cid:882),,,,,,,,,,,,,,,,,,,,,,,,
(cid:883)(cid:885),(cid:13)(cid:4)(cid:26)(cid:4)(cid:3)(cid:23)(cid:8)(cid:17)(cid:10)(cid:4)(cid:11),(cid:882),(cid:882),(cid:882),(cid:882),(cid:883),(cid:883),(cid:882),(cid:882),(cid:882),,,,,,,,,,,,,,,,,,,,,,,,
(cid:883)(cid:886),(cid:28)(cid:18)(cid:10)(cid:28)(cid:4)(cid:14)(cid:4)(cid:21)(cid:23)(cid:4),(cid:887),(cid:886)(cid:891),(cid:887)(cid:886),(cid:882),(cid:882),(cid:882),(cid:882),(cid:882),(cid:882),,,,,,,,,,,,,,,,,,,,,,,,
(cid:883)(cid:887),(cid:13)(cid:4)(cid:26)(cid:4)(cid:3)(cid:23)(cid:12)(cid:16)(cid:24)(cid:21),(cid:886),(cid:884)(cid:888),(cid:885)(cid:882),(cid:882),(cid:885),(cid:885),(cid:888),(cid:886)(cid:886),(cid:887)(cid:882),,,,,,,,,,,,,,,,,,,,,,,,
(cid:883)(cid:888),(cid:5)(cid:4)(cid:17)(cid:23)(cid:8)(cid:17),(cid:882),(cid:882),(cid:882),(cid:882),(cid:882),(cid:882),(cid:882),(cid:882),(cid:882),,,,,,,,,,,,,,,,,,,,,,,,
(cid:883)(cid:889),(cid:5)(cid:4)(cid:15)(cid:12),(cid:882),(cid:882),(cid:882),(cid:882),(cid:882),(cid:882),(cid:882),(cid:882),(cid:882),,,,,,,,,,,,,,,,,,,,,,,,
(cid:883)(cid:890),(cid:17)(cid:24)(cid:22)(cid:4)(cid:3)(cid:23)(cid:8)(cid:17)(cid:10)(cid:10)(cid:4)(cid:21)(cid:4)(cid:3)(cid:5)(cid:4)(cid:21)(cid:4)(cid:23),(cid:882),(cid:885),(cid:885),(cid:882),(cid:882),(cid:882),(cid:882),(cid:882),(cid:882),,,,,,,,,,,,,,,,,,,,,,,,
(cid:883)(cid:891),(cid:17)(cid:24)(cid:22)(cid:4)(cid:3)(cid:23)(cid:8)(cid:17)(cid:10)(cid:10)(cid:4)(cid:21)(cid:4)(cid:3)(cid:23)(cid:12)(cid:16)(cid:24)(cid:21),(cid:882),(cid:882),(cid:882),(cid:882),(cid:882),(cid:882),(cid:882),(cid:882),(cid:882),,,,,,,,,,,,,,,,,,,,,,,,
(cid:884)(cid:882),(cid:14)(cid:4)(cid:15)(cid:12)(cid:16)(cid:4)(cid:17)(cid:23)(cid:4)(cid:17)(cid:3)(cid:5)(cid:4)(cid:21)(cid:4)(cid:23),(cid:882),(cid:883),(cid:883),(cid:882),(cid:882),(cid:882),(cid:882),(cid:882),(cid:882),,,,,,,,,,,,,,,,,,,,,,,,
(cid:884)(cid:883),(cid:14)(cid:4)(cid:15)(cid:12)(cid:16)(cid:4)(cid:17)(cid:23)(cid:4)(cid:17)(cid:3)(cid:23)(cid:8)(cid:17)(cid:10)(cid:4)(cid:11),(cid:882),(cid:882),(cid:882),(cid:882),(cid:882),(cid:882),(cid:882),(cid:882),(cid:882),,,,,,,,,,,,,,,,,,,,,,,,
(cid:884)(cid:884),(cid:14)(cid:4)(cid:15)(cid:12)(cid:16)(cid:4)(cid:17)(cid:23)(cid:4)(cid:17)(cid:3)(cid:22)(cid:8)(cid:15)(cid:4)(cid:23)(cid:4)(cid:17),(cid:882),(cid:883),(cid:883),(cid:882),(cid:882),(cid:882),(cid:882),(cid:882),(cid:882),,,,,,,,,,,,,,,,,,,,,,,,
(cid:884)(cid:885),(cid:14)(cid:4)(cid:15)(cid:12)(cid:16)(cid:4)(cid:17)(cid:23)(cid:4)(cid:17)(cid:3)(cid:23)(cid:12)(cid:16)(cid:24)(cid:21),(cid:882),(cid:882),(cid:882),(cid:882),(cid:882),(cid:882),(cid:882),(cid:882),(cid:882),,,,,,,,,,,,,,,,,,,,,,,,
(cid:884)(cid:886),(cid:14)(cid:4)(cid:15)(cid:12)(cid:16)(cid:4)(cid:17)(cid:23)(cid:4)(cid:17)(cid:3)(cid:24)(cid:23)(cid:4)(cid:21)(cid:4),(cid:882),(cid:882),(cid:882),(cid:882),(cid:882),(cid:882),(cid:882),(cid:882),(cid:882),,,,,,,,,,,,,,,,,,,,,,,,
(cid:884)(cid:887),(cid:22)(cid:24)(cid:15)(cid:4)(cid:26)(cid:8)(cid:22)(cid:12)(cid:3)(cid:24)(cid:23)(cid:4)(cid:21)(cid:4),(cid:882),(cid:882),(cid:882),(cid:882),(cid:882),(cid:882),(cid:882),(cid:882),(cid:882),,,,,,,,,,,,,,,,,,,,,,,,
(cid:884)(cid:888),(cid:22)(cid:24)(cid:15)(cid:4)(cid:26)(cid:8)(cid:22)(cid:12)(cid:3)(cid:23)(cid:8)(cid:17)(cid:10)(cid:4)(cid:11),(cid:882),(cid:882),(cid:882),(cid:882),(cid:882),(cid:882),(cid:882),(cid:882),(cid:882),,,,,,,,,,,,,,,,,,,,,,,,
(cid:884)(cid:889),(cid:22)(cid:24)(cid:15)(cid:4)(cid:26)(cid:8)(cid:22)(cid:12)(cid:3)(cid:22)(cid:8)(cid:15)(cid:4)(cid:23)(cid:4)(cid:17),(cid:882),(cid:885),(cid:885),(cid:882),(cid:882),(cid:882),(cid:882),(cid:882),(cid:882),,,,,,,,,,,,,,,,,,,,,,,,
(cid:884)(cid:890),(cid:22)(cid:24)(cid:15)(cid:4)(cid:26)(cid:8)(cid:22)(cid:12)(cid:3)(cid:23)(cid:8)(cid:17)(cid:10)(cid:10)(cid:4)(cid:21)(cid:4),(cid:882),(cid:883),(cid:883),(cid:882),(cid:882),(cid:882),(cid:882),(cid:882),(cid:882),,,,,,,,,,,,,,,,,,,,,,,,
(cid:884)(cid:891),(cid:10)(cid:18)(cid:21)(cid:18)(cid:17)(cid:23)(cid:4)(cid:15)(cid:18),(cid:882),(cid:882),(cid:882),(cid:882),(cid:882),(cid:882),(cid:882),(cid:882),(cid:882),,,,,,,,,,,,,,,,,,,,,,,,
(cid:885)(cid:882),(cid:22)(cid:24)(cid:15)(cid:4)(cid:26)(cid:8)(cid:22)(cid:12)(cid:3)(cid:5)(cid:4)(cid:21)(cid:4)(cid:23),(cid:882),(cid:882),(cid:882),(cid:882),(cid:882),(cid:882),(cid:882),(cid:882),(cid:882),,,,,,,,,,,,,,,,,,,,,,,,
(cid:885)(cid:883),(cid:16)(cid:4)(cid:15)(cid:24)(cid:14)(cid:24),(cid:882),(cid:882),(cid:882),(cid:882),(cid:882),(cid:882),(cid:882),(cid:883),(cid:883),,,,,,,,,,,,,,,,,,,,,,,,
(cid:885)(cid:884),(cid:16)(cid:4)(cid:15)(cid:24)(cid:14)(cid:24)(cid:3)(cid:24)(cid:23)(cid:4)(cid:21)(cid:4),(cid:882),(cid:883),(cid:883),(cid:882),(cid:882),(cid:882),(cid:882),(cid:882),(cid:882),,,,,,,,,,,,,,,,,,,,,,,,
(cid:885)(cid:885),(cid:19)(cid:4)(cid:19)(cid:24)(cid:4),(cid:882),(cid:882),(cid:882),(cid:882),(cid:882),(cid:882),(cid:882),(cid:882),(cid:882),,,,,,,,,,,,,,,,,,,,,,,,
(cid:885)(cid:886),(cid:19)(cid:4)(cid:19)(cid:24)(cid:4)(cid:3)(cid:5)(cid:4)(cid:21)(cid:4)(cid:23),(cid:882),(cid:882),(cid:882),(cid:882),(cid:882),(cid:882),(cid:882),(cid:882),(cid:882),,,,,,,,,,,,,,,,,,,,,,,,
(cid:885)(cid:887),(cid:19)(cid:4)(cid:19)(cid:24)(cid:4)(cid:3)(cid:22)(cid:8)(cid:15)(cid:4)(cid:23)(cid:4)(cid:17),(cid:882),(cid:882),(cid:882),(cid:882),(cid:882),(cid:882),(cid:882),(cid:882),(cid:882),,,,,,,,,,,,,,,,,,,,,,,,
(cid:885)(cid:888),(cid:19)(cid:4)(cid:19)(cid:24)(cid:4)(cid:3)(cid:23)(cid:8)(cid:17)(cid:10)(cid:4)(cid:11),(cid:883),(cid:882),(cid:883),(cid:882),(cid:882),(cid:882),(cid:882),(cid:882),(cid:882),,,,,,,,,,,,,,,,,,,,,,,,
(cid:885)(cid:889) (cid:19)(cid:4)(cid:19)(cid:24)(cid:4)(cid:3)(cid:19)(cid:8)(cid:10)(cid:24)(cid:17)(cid:24)(cid:17)(cid:10)(cid:4)(cid:17) Indonesia (cid:885)(cid:890) (cid:19)(cid:4)(cid:19)(cid:24)(cid:4)(cid:3)(cid:5)(cid:4)(cid:21)(cid:4)(cid:23)(cid:3)(cid:7)(cid:4)(cid:28)(cid:4),,(cid:882) 22 (cid:882),(cid:882) 142 (cid:882),(cid:882) 164 (cid:882),(cid:882) 0 (cid:882),(cid:882) 4 (cid:882),(cid:882) 4 (cid:882),(cid:884)(cid:891) 35 (cid:882),(cid:885)(cid:886) 82 (cid:882),(cid:888)(cid:885) 117 (cid:882),,,,,,,,,,,,,,,,,,,,,,,,
No,Provinsi,Tenaga Psikologi Klinis,,,Tenaga Kesehatan Tradisional,,,,,,,,,,,,,,,,,,,,,,,,,,,,,
,,,,,Tenaga Kesehatan Tradisional Ramuan,,,Tenaga Kesehatan Tradisional Keterampilan,,,,,,,,,,,,,,,,,,,,,,,,,,
,,L,P,L + P,L,P,L + P,L,P,L + P,,,,,,,,,,,,,,,,,,,,,,,,
(1),(2),(3),(4),(5),(6),(7),(8),(9),(10),(11),,,,,,,,,,,,,,,,,,,,,,,,
(cid:883),(cid:4)(cid:6)(cid:8)(cid:11),(cid:887),(cid:886)(cid:888),(cid:887)(cid:883),(cid:882),(cid:882),(cid:882),(cid:882),(cid:882),(cid:882),,,,,,,,,,,,,,,,,,,,,,,,
(cid:884),(cid:22)(cid:24)(cid:16)(cid:4)(cid:23)(cid:8)(cid:21)(cid:4)(cid:3)(cid:24)(cid:23)(cid:4)(cid:21)(cid:4),(cid:887),(cid:884)(cid:887),(cid:885)(cid:882),(cid:882),(cid:882),(cid:882),(cid:882),(cid:884),(cid:884),,,,,,,,,,,,,,,,,,,,,,,,
(cid:885),(cid:22)(cid:24)(cid:16)(cid:4)(cid:23)(cid:8)(cid:21)(cid:4)(cid:3)(cid:5)(cid:4)(cid:21)(cid:4)(cid:23),(cid:883),(cid:884)(cid:882),(cid:884)(cid:883),(cid:882),(cid:882),(cid:882),(cid:882),(cid:882),(cid:882),,,,,,,,,,,,,,,,,,,,,,,,
(cid:886),(cid:21)(cid:12)(cid:4)(cid:24),(cid:885),(cid:885)(cid:886),(cid:885)(cid:889),(cid:882),(cid:882),(cid:882),(cid:882),(cid:882),(cid:882),,,,,,,,,,,,,,,,,,,,,,,,
(cid:887),(cid:13)(cid:4)(cid:16)(cid:5)(cid:12),(cid:882),(cid:883)(cid:886),(cid:883)(cid:886),(cid:882),(cid:882),(cid:882),(cid:882),(cid:882),(cid:882),,,,,,,,,,,,,,,,,,,,,,,,
(cid:888),(cid:22)(cid:24)(cid:16)(cid:4)(cid:23)(cid:8)(cid:21)(cid:4)(cid:3)(cid:22)(cid:8)(cid:15)(cid:4)(cid:23)(cid:4)(cid:17),(cid:891),(cid:885)(cid:883),(cid:886)(cid:882),(cid:882),(cid:883),(cid:883),(cid:882),(cid:882),(cid:882),,,,,,,,,,,,,,,,,,,,,,,,
(cid:889),(cid:5)(cid:8)(cid:17)(cid:10)(cid:14)(cid:24)(cid:15)(cid:24),(cid:885),(cid:889),(cid:883)(cid:882),(cid:882),(cid:882),(cid:882),(cid:882),(cid:882),(cid:882),,,,,,,,,,,,,,,,,,,,,,,,
(cid:890),(cid:15)(cid:4)(cid:16)(cid:19)(cid:24)(cid:17)(cid:10),(cid:885),(cid:890),(cid:883)(cid:883),(cid:882),(cid:882),(cid:882),(cid:882),(cid:882),(cid:882),,,,,,,,,,,,,,,,,,,,,,,,
(cid:891),(cid:14)(cid:8)(cid:19)(cid:24)(cid:15)(cid:4)(cid:24)(cid:4)(cid:17)(cid:3)(cid:5)(cid:4)(cid:17)(cid:10)(cid:14)(cid:4)(cid:3)(cid:5)(cid:8)(cid:15)(cid:12)(cid:23)(cid:24)(cid:17)(cid:10),(cid:882),(cid:890),(cid:890),(cid:882),(cid:882),(cid:882),(cid:882),(cid:883),(cid:883),,,,,,,,,,,,,,,,,,,,,,,,
(cid:883)(cid:882),(cid:14)(cid:8)(cid:19)(cid:24)(cid:15)(cid:4)(cid:24)(cid:4)(cid:17)(cid:3)(cid:21)(cid:12)(cid:4)(cid:24),(cid:884),(cid:883)(cid:884),(cid:883)(cid:886),(cid:882),(cid:882),(cid:882),(cid:882),(cid:882),(cid:882),,,,,,,,,,,,,,,,,,,,,,,,
(cid:883)(cid:883),(cid:7)(cid:14)(cid:12)(cid:3)(cid:13)(cid:4)(cid:14)(cid:4)(cid:21)(cid:23)(cid:4),(cid:891),(cid:891)(cid:891),(cid:883)(cid:882)(cid:890),(cid:882),(cid:882),(cid:882),(cid:884),(cid:882),(cid:884),,,,,,,,,,,,,,,,,,,,,,,,
(cid:883)(cid:884),(cid:13)(cid:4)(cid:26)(cid:4)(cid:3)(cid:5)(cid:4)(cid:21)(cid:4)(cid:23),(cid:883)(cid:882),(cid:883)(cid:883)(cid:889),(cid:883)(cid:884)(cid:889),(cid:882),(cid:883),(cid:883),(cid:882),(cid:883),(cid:883),,,,,,,,,,,,,,,,,,,,,,,,
(cid:883)(cid:885),(cid:13)(cid:4)(cid:26)(cid:4)(cid:3)(cid:23)(cid:8)(cid:17)(cid:10)(cid:4)(cid:11),(cid:884)(cid:888),(cid:883)(cid:886)(cid:884),(cid:883)(cid:888)(cid:890),(cid:883),(cid:884),(cid:885),(cid:884),(cid:882),(cid:884),,,,,,,,,,,,,,,,,,,,,,,,
(cid:883)(cid:886),(cid:28)(cid:18)(cid:10)(cid:28)(cid:4)(cid:14)(cid:4)(cid:21)(cid:23)(cid:4),(cid:887),(cid:885)(cid:891),(cid:886)(cid:886),(cid:883),(cid:885),(cid:886),(cid:882),(cid:882),(cid:882),,,,,,,,,,,,,,,,,,,,,,,,
(cid:883)(cid:887),(cid:13)(cid:4)(cid:26)(cid:4)(cid:3)(cid:23)(cid:12)(cid:16)(cid:24)(cid:21),(cid:883)(cid:891),(cid:891)(cid:884),(cid:883)(cid:883)(cid:883),(cid:882),(cid:883),(cid:883),(cid:886),(cid:888),(cid:883)(cid:882),,,,,,,,,,,,,,,,,,,,,,,,
(cid:883)(cid:888),(cid:5)(cid:4)(cid:17)(cid:23)(cid:8)(cid:17),(cid:889),(cid:886)(cid:882),(cid:886)(cid:889),(cid:882),(cid:882),(cid:882),(cid:882),(cid:883),(cid:883),,,,,,,,,,,,,,,,,,,,,,,,
(cid:883)(cid:889),(cid:5)(cid:4)(cid:15)(cid:12),(cid:884),(cid:884)(cid:884),(cid:884)(cid:886),(cid:882),(cid:883),(cid:883),(cid:882),(cid:882),(cid:882),,,,,,,,,,,,,,,,,,,,,,,,
(cid:883)(cid:890),(cid:17)(cid:24)(cid:22)(cid:4)(cid:3)(cid:23)(cid:8)(cid:17)(cid:10)(cid:10)(cid:4)(cid:21)(cid:4)(cid:3)(cid:5)(cid:4)(cid:21)(cid:4)(cid:23),(cid:882),(cid:883)(cid:889),(cid:883)(cid:889),(cid:882),(cid:882),(cid:882),(cid:882),(cid:882),(cid:882),,,,,,,,,,,,,,,,,,,,,,,,
(cid:883)(cid:891),(cid:17)(cid:24)(cid:22)(cid:4)(cid:3)(cid:23)(cid:8)(cid:17)(cid:10)(cid:10)(cid:4)(cid:21)(cid:4)(cid:3)(cid:23)(cid:12)(cid:16)(cid:24)(cid:21),(cid:882),(cid:888),(cid:888),(cid:882),(cid:882),(cid:882),(cid:882),(cid:882),(cid:882),,,,,,,,,,,,,,,,,,,,,,,,
(cid:884)(cid:882),(cid:14)(cid:4)(cid:15)(cid:12)(cid:16)(cid:4)(cid:17)(cid:23)(cid:4)(cid:17)(cid:3)(cid:5)(cid:4)(cid:21)(cid:4)(cid:23),(cid:884),(cid:883)(cid:884),(cid:883)(cid:886),(cid:882),(cid:882),(cid:882),(cid:882),(cid:883),(cid:883),,,,,,,,,,,,,,,,,,,,,,,,
(cid:884)(cid:883),(cid:14)(cid:4)(cid:15)(cid:12)(cid:16)(cid:4)(cid:17)(cid:23)(cid:4)(cid:17)(cid:3)(cid:23)(cid:8)(cid:17)(cid:10)(cid:4)(cid:11),(cid:884),(cid:883)(cid:884),(cid:883)(cid:886),(cid:882),(cid:882),(cid:882),(cid:882),(cid:882),(cid:882),,,,,,,,,,,,,,,,,,,,,,,,
(cid:884)(cid:884),(cid:14)(cid:4)(cid:15)(cid:12)(cid:16)(cid:4)(cid:17)(cid:23)(cid:4)(cid:17)(cid:3)(cid:22)(cid:8)(cid:15)(cid:4)(cid:23)(cid:4)(cid:17),(cid:884),(cid:885)(cid:889),(cid:885)(cid:891),(cid:882),(cid:882),(cid:882),(cid:882),(cid:882),(cid:882),,,,,,,,,,,,,,,,,,,,,,,,
(cid:884)(cid:885),(cid:14)(cid:4)(cid:15)(cid:12)(cid:16)(cid:4)(cid:17)(cid:23)(cid:4)(cid:17)(cid:3)(cid:23)(cid:12)(cid:16)(cid:24)(cid:21),(cid:883),(cid:883)(cid:888),(cid:883)(cid:889),(cid:882),(cid:882),(cid:882),(cid:882),(cid:882),(cid:882),,,,,,,,,,,,,,,,,,,,,,,,
(cid:884)(cid:886),(cid:14)(cid:4)(cid:15)(cid:12)(cid:16)(cid:4)(cid:17)(cid:23)(cid:4)(cid:17)(cid:3)(cid:24)(cid:23)(cid:4)(cid:21)(cid:4),(cid:883),(cid:882),(cid:883),(cid:882),(cid:882),(cid:882),(cid:882),(cid:882),(cid:882),,,,,,,,,,,,,,,,,,,,,,,,
(cid:884)(cid:887),(cid:22)(cid:24)(cid:15)(cid:4)(cid:26)(cid:8)(cid:22)(cid:12)(cid:3)(cid:24)(cid:23)(cid:4)(cid:21)(cid:4),(cid:884),(cid:883)(cid:882),(cid:883)(cid:884),(cid:883),(cid:882),(cid:883),(cid:882),(cid:882),(cid:882),,,,,,,,,,,,,,,,,,,,,,,,
(cid:884)(cid:888),(cid:22)(cid:24)(cid:15)(cid:4)(cid:26)(cid:8)(cid:22)(cid:12)(cid:3)(cid:23)(cid:8)(cid:17)(cid:10)(cid:4)(cid:11),(cid:883)(cid:882),(cid:883)(cid:887),(cid:884)(cid:887),(cid:882),(cid:882),(cid:882),(cid:882),(cid:882),(cid:882),,,,,,,,,,,,,,,,,,,,,,,,
(cid:884)(cid:889),(cid:22)(cid:24)(cid:15)(cid:4)(cid:26)(cid:8)(cid:22)(cid:12)(cid:3)(cid:22)(cid:8)(cid:15)(cid:4)(cid:23)(cid:4)(cid:17),(cid:887),(cid:888),(cid:883)(cid:883),(cid:882),(cid:882),(cid:882),(cid:884),(cid:883),(cid:885),,,,,,,,,,,,,,,,,,,,,,,,
(cid:884)(cid:890),(cid:22)(cid:24)(cid:15)(cid:4)(cid:26)(cid:8)(cid:22)(cid:12)(cid:3)(cid:23)(cid:8)(cid:17)(cid:10)(cid:10)(cid:4)(cid:21)(cid:4),(cid:882),(cid:891),(cid:891),(cid:882),(cid:882),(cid:882),(cid:882),(cid:882),(cid:882),,,,,,,,,,,,,,,,,,,,,,,,
(cid:884)(cid:891),(cid:10)(cid:18)(cid:21)(cid:18)(cid:17)(cid:23)(cid:4)(cid:15)(cid:18),(cid:882),(cid:882),(cid:882),(cid:882),(cid:882),(cid:882),(cid:882),(cid:882),(cid:882),,,,,,,,,,,,,,,,,,,,,,,,
(cid:885)(cid:882),(cid:22)(cid:24)(cid:15)(cid:4)(cid:26)(cid:8)(cid:22)(cid:12)(cid:3)(cid:5)(cid:4)(cid:21)(cid:4)(cid:23),(cid:883),(cid:883),(cid:884),(cid:882),(cid:882),(cid:882),(cid:882),(cid:882),(cid:882),,,,,,,,,,,,,,,,,,,,,,,,
(cid:885)(cid:883),(cid:16)(cid:4)(cid:15)(cid:24)(cid:14)(cid:24),(cid:882),(cid:886),(cid:886),(cid:882),(cid:882),(cid:882),(cid:882),(cid:882),(cid:882),,,,,,,,,,,,,,,,,,,,,,,,
(cid:885)(cid:884),(cid:16)(cid:4)(cid:15)(cid:24)(cid:14)(cid:24)(cid:3)(cid:24)(cid:23)(cid:4)(cid:21)(cid:4),(cid:882),(cid:883),(cid:883),(cid:882),(cid:882),(cid:882),(cid:882),(cid:882),(cid:882),,,,,,,,,,,,,,,,,,,,,,,,
(cid:885)(cid:885),(cid:19)(cid:4)(cid:19)(cid:24)(cid:4),(cid:882),(cid:884),(cid:884),(cid:882),(cid:882),(cid:882),(cid:882),(cid:882),(cid:882),,,,,,,,,,,,,,,,,,,,,,,,
(cid:885)(cid:886),(cid:19)(cid:4)(cid:19)(cid:24)(cid:4)(cid:3)(cid:5)(cid:4)(cid:21)(cid:4)(cid:23),(cid:883),(cid:885),(cid:886),(cid:882),(cid:882),(cid:882),(cid:882),(cid:882),(cid:882),,,,,,,,,,,,,,,,,,,,,,,,
(cid:885)(cid:887),(cid:19)(cid:4)(cid:19)(cid:24)(cid:4)(cid:3)(cid:22)(cid:8)(cid:15)(cid:4)(cid:23)(cid:4)(cid:17),(cid:882),(cid:886),(cid:886),(cid:882),(cid:882),(cid:882),(cid:882),(cid:882),(cid:882),,,,,,,,,,,,,,,,,,,,,,,,
(cid:885)(cid:888),(cid:19)(cid:4)(cid:19)(cid:24)(cid:4)(cid:3)(cid:23)(cid:8)(cid:17)(cid:10)(cid:4)(cid:11),(cid:883),(cid:883),(cid:884),(cid:882),(cid:882),(cid:882),(cid:882),(cid:882),(cid:882),,,,,,,,,,,,,,,,,,,,,,,,
(cid:885)(cid:889) (cid:19)(cid:4)(cid:19)(cid:24)(cid:4)(cid:3)(cid:19)(cid:8)(cid:10)(cid:24)(cid:17)(cid:24)(cid:17)(cid:10)(cid:4)(cid:17) Indonesia (cid:885)(cid:890) (cid:19)(cid:4)(cid:19)(cid:24)(cid:4)(cid:3)(cid:5)(cid:4)(cid:21)(cid:4)(cid:23)(cid:3)(cid:7)(cid:4)(cid:28)(cid:4),,(cid:882) 137 (cid:882),(cid:883) 915 (cid:884),(cid:883) 1.052 (cid:884),(cid:882) 3 (cid:882),(cid:882) 9 (cid:882),(cid:882) 12 (cid:882),(cid:882) 10 (cid:882),(cid:882) 13 (cid:882),(cid:882) 23 (cid:882),,,,,,,,,,,,,,,,,,,,,,,,
