,,Targe,t Renstra 20,19 : 90%,,,,,,,,,,,,,,,,,,,,,,,
,,Tar,get Renstra,2019 : 100%,,,,,,,,,,,,,,,,,,,,,,,
,,,9,,,"129,1",,,,,,,,,,,,,,,,,,,,,
,,,,3 80%,,,,,,,,,,,,,,,,,,,,,,,
,,,Target:,80%,,,,,,,,,,,,,,,,,,,,,,,
No,Provinsi,Jumlah Puskesmas,,,,,,,,,,,,,,,,,,,,,,,,,
,,2015,2016,2017,2018,2019,,,,,,,,,,,,,,,,,,,,,
(1),(2),(3),(4),(5),(6),(7),,,,,,,,,,,,,,,,,,,,,
1,Aceh,339,340,341,348,359,,,,,,,,,,,,,,,,,,,,,
2,Sumatera Utara,571,571,571,581,601,,,,,,,,,,,,,,,,,,,,,
3,Sumatera Barat,264,264,269,275,275,,,,,,,,,,,,,,,,,,,,,
4,Riau,212,213,215,216,228,,,,,,,,,,,,,,,,,,,,,
5,Jambi,176,183,186,195,205,,,,,,,,,,,,,,,,,,,,,
6,Sumatera Selatan,322,322,322,332,341,,,,,,,,,,,,,,,,,,,,,
7,Bengkulu,180,180,180,180,179,,,,,,,,,,,,,,,,,,,,,
8,Lampung,291,292,297,302,310,,,,,,,,,,,,,,,,,,,,,
9,Kepulauan Bangka Belitung,62,62,63,64,64,,,,,,,,,,,,,,,,,,,,,
10,Kepulauan Riau,72,73,74,83,86,,,,,,,,,,,,,,,,,,,,,
11,DKI Jakarta,340,340,340,321,315,,,,,,,,,,,,,,,,,,,,,
12,Jawa Barat,1.050,1.050,1.056,1.069,1.072,,,,,,,,,,,,,,,,,,,,,
13,Jawa Tengah,875,875,876,881,878,,,,,,,,,,,,,,,,,,,,,
14,DI Yogyakarta,121,121,121,121,121,,,,,,,,,,,,,,,,,,,,,
15,Jawa Timur,960,960,963,967,968,,,,,,,,,,,,,,,,,,,,,
16,Banten,233,233,233,242,243,,,,,,,,,,,,,,,,,,,,,
17,Bali,120,120,120,120,120,,,,,,,,,,,,,,,,,,,,,
18,Nusa Tenggara Barat,158,158,160,166,169,,,,,,,,,,,,,,,,,,,,,
19,Nusa Tenggara Timur,371,371,372,381,402,,,,,,,,,,,,,,,,,,,,,
20,Kalimantan Barat,238,238,241,244,246,,,,,,,,,,,,,,,,,,,,,
21,Kalimantan Tengah,195,195,196,200,203,,,,,,,,,,,,,,,,,,,,,
22,Kalimantan Selatan,230,230,230,233,235,,,,,,,,,,,,,,,,,,,,,
23,Kalimantan Timur,174,175,179,183,186,,,,,,,,,,,,,,,,,,,,,
24,Kalimantan Utara,49,49,49,56,55,,,,,,,,,,,,,,,,,,,,,
25,Sulawesi Utara,187,188,189,193,195,,,,,,,,,,,,,,,,,,,,,
26,Sulawesi Tengah,189,189,193,202,206,,,,,,,,,,,,,,,,,,,,,
27,Sulawesi Selatan,448,448,451,458,459,,,,,,,,,,,,,,,,,,,,,
28,Sulawesi Tenggara,269,269,274,284,290,,,,,,,,,,,,,,,,,,,,,
29,Gorontalo,93,93,93,93,93,,,,,,,,,,,,,,,,,,,,,
30,Sulawesi Barat,94,94,94,94,95,,,,,,,,,,,,,,,,,,,,,
31,Maluku,199,199,199,208,209,,,,,,,,,,,,,,,,,,,,,
32,Maluku Utara,127,128,129,134,147,,,,,,,,,,,,,,,,,,,,,
33,Papua Barat,151,151,155,159,159,,,,,,,,,,,,,,,,,,,,,
34,Papua,394,393,394,408,420,,,,,,,,,,,,,,,,,,,,,
Indonesia,,9.754,9.767,9.825,9.993,10.134,,,,,,,,,,,,,,,,,,,,,
No,Provinsi,Jumlah Puskesmas Rawat Inap,,,,,Jumlah Puskesmas Non Rawat Inap,,,,,,,,,,,,,,,,,,,,
,,2015,2016,2017,2018,2019,2015,2016,2017,2018,2019,,,,,,,,,,,,,,,,
(1),(2),(3),(4),(5),(6),(7),(8),(9),(10),(11),(12),,,,,,,,,,,,,,,,
1,Aceh,143,143,143,148,179,196,197,198,200,180,,,,,,,,,,,,,,,,
2,Sumatera Utara,164,164,163,175,184,407,407,408,406,417,,,,,,,,,,,,,,,,
3,Sumatera Barat,91,91,91,91,108,173,173,178,184,167,,,,,,,,,,,,,,,,
4,Riau,79,79,80,81,102,133,134,135,135,126,,,,,,,,,,,,,,,,
5,Jambi,68,68,71,74,81,108,115,115,121,124,,,,,,,,,,,,,,,,
6,Sumatera Selatan,95,95,95,95,98,227,227,227,237,243,,,,,,,,,,,,,,,,
7,Bengkulu,46,46,46,47,52,134,134,134,133,127,,,,,,,,,,,,,,,,
8,Lampung,112,112,115,119,136,179,180,182,183,174,,,,,,,,,,,,,,,,
9,Kepulauan Bangka Belitung,21,21,21,21,21,41,41,42,43,43,,,,,,,,,,,,,,,,
10,Kepulauan Riau,28,28,29,32,36,44,45,45,51,50,,,,,,,,,,,,,,,,
11,DKI Jakarta,30,30,30,28,28,310,310,310,293,287,,,,,,,,,,,,,,,,
12,Jawa Barat,176,182,185,186,291,874,868,871,883,781,,,,,,,,,,,,,,,,
13,Jawa Tengah,320,320,322,361,368,555,555,554,520,510,,,,,,,,,,,,,,,,
14,DI Yogyakarta,43,43,43,49,49,78,78,78,72,72,,,,,,,,,,,,,,,,
15,Jawa Timur,519,519,520,534,553,441,441,443,433,415,,,,,,,,,,,,,,,,
16,Banten,56,56,56,56,82,177,177,177,186,161,,,,,,,,,,,,,,,,
17,Bali,35,35,35,38,42,85,85,85,82,78,,,,,,,,,,,,,,,,
18,Nusa Tenggara Barat,109,109,110,111,122,49,49,50,55,47,,,,,,,,,,,,,,,,
19,Nusa Tenggara Timur,137,137,137,151,163,234,234,235,230,239,,,,,,,,,,,,,,,,
20,Kalimantan Barat,95,95,95,118,125,143,143,146,126,121,,,,,,,,,,,,,,,,
21,Kalimantan Tengah,73,73,73,75,88,122,122,123,125,115,,,,,,,,,,,,,,,,
22,Kalimantan Selatan,46,50,50,50,50,184,180,180,183,185,,,,,,,,,,,,,,,,
23,Kalimantan Timur,95,95,96,97,102,79,80,83,86,84,,,,,,,,,,,,,,,,
24,Kalimantan Utara,32,32,32,32,27,17,17,17,24,28,,,,,,,,,,,,,,,,
25,Sulawesi Utara,92,92,92,92,94,95,96,97,101,101,,,,,,,,,,,,,,,,
26,Sulawesi Tengah,79,79,79,84,102,110,110,114,118,104,,,,,,,,,,,,,,,,
27,Sulawesi Selatan,227,227,257,269,301,221,221,194,189,158,,,,,,,,,,,,,,,,
28,Sulawesi Tenggara,80,82,81,82,93,189,187,193,202,197,,,,,,,,,,,,,,,,
29,Gorontalo,23,23,26,28,32,70,70,67,65,61,,,,,,,,,,,,,,,,
30,Sulawesi Barat,44,45,45,45,58,50,49,49,49,37,,,,,,,,,,,,,,,,
31,Maluku,64,64,64,64,77,135,135,135,144,132,,,,,,,,,,,,,,,,
32,Maluku Utara,27,27,27,36,45,100,101,102,98,102,,,,,,,,,,,,,,,,
33,Papua Barat,43,44,45,44,44,108,107,110,115,115,,,,,,,,,,,,,,,,
34,Papua,104,105,105,110,115,290,288,289,298,305,,,,,,,,,,,,,,,,
Indonesia,,3.396,3.411,3.459,3.623,4.048,6.358,6.356,6.366,6.370,6.086,,,,,,,,,,,,,,,,
No,Provinsi,Jumlah Puskesmas,Jumlah Kecamatan,Rasio Puskesmas per Kecamatan,,,,,,,,,,,,,,,,,,,,,,,
(1),(2),(3),(4),(5),,,,,,,,,,,,,,,,,,,,,,,
1,Aceh,359,289,"1,24",,,,,,,,,,,,,,,,,,,,,,,
2,Sumatera Utara,601,450,"1,34",,,,,,,,,,,,,,,,,,,,,,,
3,Sumatera Barat,275,179,"1,54",,,,,,,,,,,,,,,,,,,,,,,
4,Riau,228,169,"1,35",,,,,,,,,,,,,,,,,,,,,,,
5,Jambi,205,141,"1,45",,,,,,,,,,,,,,,,,,,,,,,
6,Sumatera Selatan,341,241,"1,41",,,,,,,,,,,,,,,,,,,,,,,
7,Bengkulu,179,129,"1,39",,,,,,,,,,,,,,,,,,,,,,,
8,Lampung,310,228,"1,36",,,,,,,,,,,,,,,,,,,,,,,
9,Kepulauan Bangka Belitung,64,47,"1,36",,,,,,,,,,,,,,,,,,,,,,,
10,Kepulauan Riau,86,75,"1,15",,,,,,,,,,,,,,,,,,,,,,,
11,DKI Jakarta,315,44,"7,16",,,,,,,,,,,,,,,,,,,,,,,
12,Jawa Barat,1.072,627,"1,71",,,,,,,,,,,,,,,,,,,,,,,
13,Jawa Tengah,878,576,"1,52",,,,,,,,,,,,,,,,,,,,,,,
14,DI Yogyakarta,121,78,"1,55",,,,,,,,,,,,,,,,,,,,,,,
15,Jawa Timur,968,666,"1,45",,,,,,,,,,,,,,,,,,,,,,,
16,Banten,243,155,"1,57",,,,,,,,,,,,,,,,,,,,,,,
17,Bali,120,57,"2,11",,,,,,,,,,,,,,,,,,,,,,,
18,Nusa Tenggara Barat,169,117,"1,44",,,,,,,,,,,,,,,,,,,,,,,
19,Nusa Tenggara Timur,402,309,"1,30",,,,,,,,,,,,,,,,,,,,,,,
20,Kalimantan Barat,246,174,"1,41",,,,,,,,,,,,,,,,,,,,,,,
21,Kalimantan Tengah,203,136,"1,49",,,,,,,,,,,,,,,,,,,,,,,
22,Kalimantan Selatan,235,153,"1,54",,,,,,,,,,,,,,,,,,,,,,,
23,Kalimantan Timur,186,103,"1,81",,,,,,,,,,,,,,,,,,,,,,,
24,Kalimantan Utara,55,53,"1,04",,,,,,,,,,,,,,,,,,,,,,,
25,Sulawesi Utara,195,171,"1,14",,,,,,,,,,,,,,,,,,,,,,,
26,Sulawesi Tengah,206,175,"1,18",,,,,,,,,,,,,,,,,,,,,,,
27,Sulawesi Selatan,459,311,"1,48",,,,,,,,,,,,,,,,,,,,,,,
28,Sulawesi Tenggara,290,219,"1,32",,,,,,,,,,,,,,,,,,,,,,,
29,Gorontalo,93,77,"1,21",,,,,,,,,,,,,,,,,,,,,,,
30,Sulawesi Barat,95,69,"1,38",,,,,,,,,,,,,,,,,,,,,,,
31,Maluku,209,118,"1,77",,,,,,,,,,,,,,,,,,,,,,,
32,Maluku Utara,147,116,"1,27",,,,,,,,,,,,,,,,,,,,,,,
33,Papua Barat,159,560,"0,28",,,,,,,,,,,,,,,,,,,,,,,
34,Papua,420,218,"1,93",,,,,,,,,,,,,,,,,,,,,,,
Indonesia,,10.134,7.230,"1,40",,,,,,,,,,,,,,,,,,,,,,,
No,Provinsi,Jumlah Puskesmas,Jumlah Puskesmas Terakreditasi,Jumlah Kabupaten/Kota yang Memiliki Puskesmas Terakreditasi,Jumlah Kecamatan dengan Minimal 1 Puskesmas Terakreditasi,Persentase Puskesmas Terakreditasi (%),Status Akreditasi Puskesmas,,,,Jumlah Puskesmas Belum Terakreditasi,,,,,,,,,,,,,,,,
,,,,,,,Dasar,Madya,Utama,Purna,,,,,,,,,,,,,,,,,
(1),(2),(3),(4),(5),(6),(7),(8),(9),(10),(11),(12),,,,,,,,,,,,,,,,
1,Aceh,359,333,23,275,"92,76",100,203,28,2,26,,,,,,,,,,,,,,,,
2,Sumatera Utara,601,559,33,406,"93,01",236,293,29,1,42,,,,,,,,,,,,,,,,
3,Sumatera Barat,275,271,19,165,"98,55",61,164,41,5,4,,,,,,,,,,,,,,,,
4,Riau,228,214,12,160,"93,86",66,120,28,0,14,,,,,,,,,,,,,,,,
5,Jambi,205,188,11,129,"91,71",54,112,19,3,17,,,,,,,,,,,,,,,,
6,Sumatera Selatan,341,333,17,212,"97,65",90,196,42,5,8,,,,,,,,,,,,,,,,
7,Bengkulu,179,179,10,121,"100,00",70,100,9,0,0,,,,,,,,,,,,,,,,
8,Lampung,310,296,15,220,"95,48",25,208,59,4,14,,,,,,,,,,,,,,,,
9,Kepulauan Bangka Belitung,64,64,7,44,"100,00",8,36,19,1,0,,,,,,,,,,,,,,,,
10,Kepulauan Riau,86,83,7,66,"96,51",20,42,20,1,3,,,,,,,,,,,,,,,,
11,DKI Jakarta,315,151,6,42,"47,94",11,89,20,31,164,,,,,,,,,,,,,,,,
12,Jawa Barat,1.072,1.028,27,620,"95,90",179,617,205,27,44,,,,,,,,,,,,,,,,
13,Jawa Tengah,878,873,35,571,"99,43",97,467,270,39,5,,,,,,,,,,,,,,,,
14,DI Yogyakarta,121,121,5,78,"100,00",0,43,64,14,0,,,,,,,,,,,,,,,,
15,Jawa Timur,968,963,38,660,"99,48",72,530,316,45,5,,,,,,,,,,,,,,,,
16,Banten,243,231,8,147,"95,06",44,138,47,2,12,,,,,,,,,,,,,,,,
17,Bali,120,120,9,57,"100,00",13,66,31,10,0,,,,,,,,,,,,,,,,
18,Nusa Tenggara Barat,169,163,10,115,"96,45",34,94,31,4,6,,,,,,,,,,,,,,,,
19,Nusa Tenggara Timur,402,367,22,286,"91,29",166,180,21,0,35,,,,,,,,,,,,,,,,
20,Kalimantan Barat,246,230,14,164,"93,50",68,133,24,5,16,,,,,,,,,,,,,,,,
21,Kalimantan Tengah,203,194,14,127,"95,57",72,100,20,2,9,,,,,,,,,,,,,,,,
22,Kalimantan Selatan,235,233,13,150,"99,15",73,125,32,3,2,,,,,,,,,,,,,,,,
23,Kalimantan Timur,186,182,10,103,"97,85",36,102,38,6,4,,,,,,,,,,,,,,,,
24,Kalimantan Utara,55,55,5,42,"100,00",21,24,9,1,0,,,,,,,,,,,,,,,,
25,Sulawesi Utara,195,169,15,125,"86,67",76,73,19,1,26,,,,,,,,,,,,,,,,
26,Sulawesi Tengah,206,198,13,156,"96,12",70,109,19,0,8,,,,,,,,,,,,,,,,
27,Sulawesi Selatan,459,454,24,296,"98,91",80,235,118,21,5,,,,,,,,,,,,,,,,
28,Sulawesi Tenggara,290,263,17,201,"90,69",94,140,27,2,27,,,,,,,,,,,,,,,,
29,Gorontalo,93,92,6,72,"98,92",22,50,17,3,1,,,,,,,,,,,,,,,,
30,Sulawesi Barat,95,85,6,64,"89,47",18,54,13,0,10,,,,,,,,,,,,,,,,
31,Maluku,209,156,11,83,"74,64",69,77,10,0,53,,,,,,,,,,,,,,,,
32,Maluku Utara,147,113,10,94,"76,87",42,64,6,1,34,,,,,,,,,,,,,,,,
33,Papua Barat,159,72,13,62,"45,28",35,32,5,0,87,,,,,,,,,,,,,,,,
34,Papua,420,120,20,99,"28,57",55,52,13,0,300,,,,,,,,,,,,,,,,
Indonesia,,10.134,9.153,505,6.212,"90,32",2.177,5.068,1.669,239,981,,,,,,,,,,,,,,,,
No,Provinsi,2018,,2019,,,,,,,,,,,,,,,,,,,,,,,
,,Jumlah Puskesmas*,Jumlah Puskesmas Memiliki 5 Jenis Tenaga Kesehatan Promotif Preventif,Jumlah Puskesmas,Jumlah Puskesmas Memiliki 5 Jenis Tenaga Kesehatan Promotif Preventif,,,,,,,,,,,,,,,,,,,,,,
(1),(2),(3),(4),(5),(6),,,,,,,,,,,,,,,,,,,,,,
1,Aceh,345,179,359,163,,,,,,,,,,,,,,,,,,,,,,
2,Sumatera Utara,570,142,601,191,,,,,,,,,,,,,,,,,,,,,,
3,Sumatera Barat,276,133,275,172,,,,,,,,,,,,,,,,,,,,,,
4,Riau,232,99,228,95,,,,,,,,,,,,,,,,,,,,,,
5,Jambi,207,124,205,95,,,,,,,,,,,,,,,,,,,,,,
6,Sumatera Selatan,341,162,341,146,,,,,,,,,,,,,,,,,,,,,,
7,Bengkulu,180,72,179,56,,,,,,,,,,,,,,,,,,,,,,
8,Lampung,295,84,310,148,,,,,,,,,,,,,,,,,,,,,,
9,Kepulauan Bangka Belitung,64,45,64,59,,,,,,,,,,,,,,,,,,,,,,
10,Kepulauan Riau,85,36,86,36,,,,,,,,,,,,,,,,,,,,,,
11,DKI Jakarta,343,32,315,43,,,,,,,,,,,,,,,,,,,,,,
12,Jawa Barat,1.070,237,1.072,406,,,,,,,,,,,,,,,,,,,,,,
13,Jawa Tengah,882,406,878,613,,,,,,,,,,,,,,,,,,,,,,
14,DI Yogyakarta,121,92,121,102,,,,,,,,,,,,,,,,,,,,,,
15,Jawa Timur,965,469,968,437,,,,,,,,,,,,,,,,,,,,,,
16,Banten,237,51,243,80,,,,,,,,,,,,,,,,,,,,,,
17,Bali,120,56,120,45,,,,,,,,,,,,,,,,,,,,,,
18,Nusa Tenggara Barat,165,113,169,110,,,,,,,,,,,,,,,,,,,,,,
19,Nusa Tenggara Timur,376,205,402,179,,,,,,,,,,,,,,,,,,,,,,
20,Kalimantan Barat,243,143,246,133,,,,,,,,,,,,,,,,,,,,,,
21,Kalimantan Tengah,200,89,203,80,,,,,,,,,,,,,,,,,,,,,,
22,Kalimantan Selatan,234,156,235,163,,,,,,,,,,,,,,,,,,,,,,
23,Kalimantan Timur,189,123,186,89,,,,,,,,,,,,,,,,,,,,,,
24,Kalimantan Utara,56,34,55,30,,,,,,,,,,,,,,,,,,,,,,
25,Sulawesi Utara,194,25,195,45,,,,,,,,,,,,,,,,,,,,,,
26,Sulawesi Tengah,200,83,206,100,,,,,,,,,,,,,,,,,,,,,,
27,Sulawesi Selatan,455,236,459,235,,,,,,,,,,,,,,,,,,,,,,
28,Sulawesi Tenggara,283,107,290,127,,,,,,,,,,,,,,,,,,,,,,
29,Gorontalo,93,42,93,53,,,,,,,,,,,,,,,,,,,,,,
30,Sulawesi Barat,95,61,95,42,,,,,,,,,,,,,,,,,,,,,,
31,Maluku,207,32,209,31,,,,,,,,,,,,,,,,,,,,,,
32,Maluku Utara,134,57,147,67,,,,,,,,,,,,,,,,,,,,,,
33,Papua Barat,158,36,159,41,,,,,,,,,,,,,,,,,,,,,,
34,Papua,402,68,420,73,,,,,,,,,,,,,,,,,,,,,,
Indonesia,,10.017,4.029,10.134,4.485,,,,,,,,,,,,,,,,,,,,,,
No,Provinsi,Jumlah Puskesmas,Jumlah Puskesmas yang Menyelenggarakan Kesehatan Kerja Dasar,Persentase Puskesmas yang Menyelenggarakan Kesehatan Kerja Dasar (%),Jumlah Puskesmas yang Melaksanakan Kegiatan Kesehatan Olahraga pada Kelompok Masyarakat di Wilayah Kerjanya,Persentase Puskesmas yang Melaksanakan Kegiatan Kesehatan Olahraga pada Kelompok Masyarakat di Wilayah Kerjanya (%),Jumlah Puskesmas yang Melaksanakan Kesehatan Olahraga bagi Anak Sekolah Dasar,Persentase Puskesmas yang Melaksanakan Kesehatan Olahraga bagi Anak Sekolah Dasar (%),Terbentuknya Pos UKK di wilayah kerja Puskesmas,,,,,,,,,,,,,,,,,,
,,,,,,,,,Sasaran,Capaian,,,,,,,,,,,,,,,,,
(1),(2),(3),(4),(5),(6),(7),(8),(9),(10),(11),,,,,,,,,,,,,,,,,
1,Aceh,359,247,"68,80",265,"73,82",196,"54,60",53,53,,,,,,,,,,,,,,,,,
2,Sumatera Utara,601,437,"72,71",496,"82,53",485,"80,70",141,141,,,,,,,,,,,,,,,,,
3,Sumatera Barat,275,190,"69,09",209,"76,00",198,"72,00",284,284,,,,,,,,,,,,,,,,,
4,Riau,228,201,"88,16",201,"88,16",78,"34,21",230,230,,,,,,,,,,,,,,,,,
5,Jambi,205,175,"85,37",181,"88,29",178,"86,83",169,169,,,,,,,,,,,,,,,,,
6,Sumatera Selatan,341,281,"82,40",235,"68,91",281,"82,40",174,174,,,,,,,,,,,,,,,,,
7,Bengkulu,179,179,"100,00",179,"100,00",174,"97,21",241,241,,,,,,,,,,,,,,,,,
8,Lampung,310,264,"85,16",257,"82,90",214,"69,03",190,190,,,,,,,,,,,,,,,,,
9,Kep. Bangka Belitung,64,64,"100,00",64,"100,00",64,"100,00",88,88,,,,,,,,,,,,,,,,,
10,Kepulauan Riau,86,80,"93,02",83,"96,51",83,"96,51",202,202,,,,,,,,,,,,,,,,,
11,DKI Jakarta,315,325,"103,17",330,"104,76",299,"94,92",99,99,,,,,,,,,,,,,,,,,
12,Jawa Barat,1072,693,"64,65",932,"86,94",513,"47,85",470,470,,,,,,,,,,,,,,,,,
13,Jawa Tengah,878,712,"81,09",688,"78,36",876,"99,77",789,789,,,,,,,,,,,,,,,,,
14,DI Yogyakarta,121,121,"100,00",121,"100,00",121,"100,00",107,107,,,,,,,,,,,,,,,,,
15,Jawa Timur,968,949,"98,04",923,"95,35",923,"95,35",1246,1336,,,,,,,,,,,,,,,,,
16,Banten,243,237,"97,53",235,"96,71",194,"79,84",194,194,,,,,,,,,,,,,,,,,
17,Bali,120,107,"89,17",118,"98,33",91,"75,83",29,29,,,,,,,,,,,,,,,,,
18,Nusa Tenggara Barat,169,162,"95,86",160,"94,67",89,"52,66",322,322,,,,,,,,,,,,,,,,,
19,Nusa Tenggara Timur,402,284,"70,65",272,"67,66",205,"51,00",300,300,,,,,,,,,,,,,,,,,
20,Kalimantan Barat,246,195,"79,27",185,"75,20",237,"96,34",209,209,,,,,,,,,,,,,,,,,
21,Kalimantan Tengah,203,128,"63,05",95,"46,80",95,"46,80",86,86,,,,,,,,,,,,,,,,,
22,Kalimantan Selatan,235,178,"75,74",176,"74,89",73,"31,06",173,173,,,,,,,,,,,,,,,,,
23,Kalimantan Timur,186,101,"54,30",116,"62,37",67,"36,02",57,57,,,,,,,,,,,,,,,,,
24,Kalimantan Utara,55,37,"67,27",33,"60,00",40,"72,73",44,44,,,,,,,,,,,,,,,,,
25,Sulawesi Utara,195,193,"98,97",193,"98,97",193,"98,97",64,64,,,,,,,,,,,,,,,,,
26,Sulawesi Tengah,206,192,"93,20",165,"80,10",146,"70,87",136,136,,,,,,,,,,,,,,,,,
27,Sulawesi Selatan,459,452,"98,47",447,"97,39",51,"11,11",624,624,,,,,,,,,,,,,,,,,
28,Sulawesi Tenggara,290,254,"87,59",259,"89,31",286,"98,62",36,36,,,,,,,,,,,,,,,,,
29,Gorontalo,93,93,"100,00",93,"100,00",93,"100,00",46,46,,,,,,,,,,,,,,,,,
30,Sulawesi Barat,95,94,"98,95",84,"88,42",71,"74,74",163,163,,,,,,,,,,,,,,,,,
31,Maluku,209,156,"74,64",126,"60,29",126,"60,29",107,107,,,,,,,,,,,,,,,,,
32,Maluku Utara,147,109,"74,15",107,"72,79",81,"55,10",60,60,,,,,,,,,,,,,,,,,
33,Papua Barat,159,118,"74,21",98,"61,64",84,"52,83",17,17,,,,,,,,,,,,,,,,,
34,Papua,420,100,"23,81",93,"22,14",69,"16,43",49,49,,,,,,,,,,,,,,,,,
Indonesia,,10.134,8.108,"80,01",8.219,"81,10",6.974,"68,82",7.199,7.289,,,,,,,,,,,,,,,,,
No,Provinsi,Jumlah Puskesmas,Jumlah Puskesmas yang Menyelenggarakan Pelayanan Kesehatan Tradisional,Persentase Puskesmasyang Menyelenggarakan Pelayanan Kesehatan Tradisional,Jumlah Puskesmas dengan Tenaga Kesehatan yang Sudah Dilatih,,,,Puskesmas yang melakukan Pembinaan Penyehat Tradisional (HATTRA),,,,,,,,,,,,,,,,,,
,,,,,Dilatih Ramuan,Dilatih Akupunktur,Dilatih Akupressur,"Asuhan Mandiri (ASMAN), Pemanfaatan TOGA, dan Akrupresur",,,,,,,,,,,,,,,,,,,
(1),(2),(3),(4),(5),(6),(7),(8),(9),(10),,,,,,,,,,,,,,,,,,
1,Aceh,359,212,"59,05",21,107,2,107,73,,,,,,,,,,,,,,,,,,
2,Sumatera Utara,601,296,"49,25",44,74,0,32,241,,,,,,,,,,,,,,,,,,
3,Sumatera Barat,275,160,"58,18",10,88,0,47,74,,,,,,,,,,,,,,,,,,
4,Riau,228,143,"62,72",29,111,3,36,18,,,,,,,,,,,,,,,,,,
5,Jambi,205,149,"72,68",6,73,3,42,100,,,,,,,,,,,,,,,,,,
6,Sumatera Selatan,341,139,"40,76",9,72,0,28,81,,,,,,,,,,,,,,,,,,
7,Bengkulu,179,73,"40,78",31,31,0,20,50,,,,,,,,,,,,,,,,,,
8,Lampung,310,271,"87,42",14,81,3,38,267,,,,,,,,,,,,,,,,,,
9,Kepulauan Bangka Belitung,64,64,"100,00",1,50,1,27,62,,,,,,,,,,,,,,,,,,
10,Kepulauan Riau,86,74,"86,05",40,58,4,39,52,,,,,,,,,,,,,,,,,,
11,DKI Jakarta,315,135,"42,86",18,43,4,12,133,,,,,,,,,,,,,,,,,,
12,Jawa Barat,1.072,553,"51,59",12,89,3,7,508,,,,,,,,,,,,,,,,,,
13,Jawa Tengah,878,200,"22,78",38,142,3,39,40,,,,,,,,,,,,,,,,,,
14,DI Yogyakarta,121,97,"80,17",22,52,18,28,54,,,,,,,,,,,,,,,,,,
15,Jawa Timur,968,432,"44,63",17,196,10,167,148,,,,,,,,,,,,,,,,,,
16,Banten,243,146,"60,08",30,96,7,36,26,,,,,,,,,,,,,,,,,,
17,Bali,120,121,"100,83",48,114,2,56,39,,,,,,,,,,,,,,,,,,
18,Nusa Tenggara Barat,169,161,"95,27",26,80,0,53,141,,,,,,,,,,,,,,,,,,
19,Nusa Tenggara Timur,402,119,"29,60",5,73,0,34,29,,,,,,,,,,,,,,,,,,
20,Kalimantan Barat,246,134,"54,47",23,61,0,59,51,,,,,,,,,,,,,,,,,,
21,Kalimantan Tengah,203,81,"39,90",21,25,2,19,35,,,,,,,,,,,,,,,,,,
22,Kalimantan Selatan,235,208,"88,51",6,15,5,28,198,,,,,,,,,,,,,,,,,,
23,Kalimantan Timur,186,167,"89,78",9,41,2,42,151,,,,,,,,,,,,,,,,,,
24,Kalimantan Utara,55,37,"67,27",0,32,0,4,14,,,,,,,,,,,,,,,,,,
25,Sulawesi Utara,195,129,"66,15",22,77,0,60,21,,,,,,,,,,,,,,,,,,
26,Sulawesi Tengah,206,106,"51,46",10,96,0,12,74,,,,,,,,,,,,,,,,,,
27,Sulawesi Selatan,459,188,"40,96",10,122,4,21,75,,,,,,,,,,,,,,,,,,
28,Sulawesi Tenggara,290,118,"40,69",26,70,1,43,37,,,,,,,,,,,,,,,,,,
29,Gorontalo,93,76,"81,72",17,41,1,34,55,,,,,,,,,,,,,,,,,,
30,Sulawesi Barat,95,33,"34,74",10,29,1,1,0,,,,,,,,,,,,,,,,,,
31,Maluku,209,148,"70,81",23,98,1,37,114,,,,,,,,,,,,,,,,,,
32,Maluku Utara,147,110,"74,83",9,42,2,66,90,,,,,,,,,,,,,,,,,,
33,Papua Barat,159,34,"21,38",4,24,1,2,17,,,,,,,,,,,,,,,,,,
34,Papua,420,25,"5,95",13,15,0,1,0,,,,,,,,,,,,,,,,,,
Indonesia,,10.134,5.139,"50,71",624,2.418,83,1.277,3.068,,,,,,,,,,,,,,,,,,
No,Provinsi,Jumlah Puskesmas,Jumlah Puskesmas yang Melapor,Puskesmas Dengan Ketersediaan Obat & Vaksin Esensial*,,,,,,,,,,,,,,,,,,,,,,,
,,,,Jumlah,%,,,,,,,,,,,,,,,,,,,,,,
(1),(2),(3),(4),(5),(6),,,,,,,,,,,,,,,,,,,,,,
1,Aceh,359,350,348,"99,43",,,,,,,,,,,,,,,,,,,,,,
2,Sumatera Utara,601,569,545,"95,78",,,,,,,,,,,,,,,,,,,,,,
3,Sumatera Barat,275,272,268,"98,53",,,,,,,,,,,,,,,,,,,,,,
4,Riau,228,214,207,"96,73",,,,,,,,,,,,,,,,,,,,,,
5,Jambi,205,183,183,"100,00",,,,,,,,,,,,,,,,,,,,,,
6,Sumatera Selatan,341,280,253,"90,36",,,,,,,,,,,,,,,,,,,,,,
7,Bengkulu,179,179,167,"93,30",,,,,,,,,,,,,,,,,,,,,,
8,Lampung,310,301,283,"94,02",,,,,,,,,,,,,,,,,,,,,,
9,Kepulauan Bangka Belitung,64,64,64,"100,00",,,,,,,,,,,,,,,,,,,,,,
10,Kepulauan Riau,86,87,86,"98,85",,,,,,,,,,,,,,,,,,,,,,
11,DKI Jakarta,315,335,330,"98,51",,,,,,,,,,,,,,,,,,,,,,
12,Jawa Barat,1.072,1.058,1.014,"95,84",,,,,,,,,,,,,,,,,,,,,,
13,Jawa Tengah,878,760,729,"95,92",,,,,,,,,,,,,,,,,,,,,,
14,D.I. Yogyakarata,121,121,121,"100,00",,,,,,,,,,,,,,,,,,,,,,
15,Jawa Timur,968,689,685,"99,42",,,,,,,,,,,,,,,,,,,,,,
16,Banten,243,234,229,"97,86",,,,,,,,,,,,,,,,,,,,,,
17,Bali,120,120,120,"100,00",,,,,,,,,,,,,,,,,,,,,,
18,Nusa Tenggara Barat,169,170,170,"100,00",,,,,,,,,,,,,,,,,,,,,,
19,Nusa Tenggara Timur,402,399,329,"82,46",,,,,,,,,,,,,,,,,,,,,,
20,Kalimantan Barat,246,245,244,"99,59",,,,,,,,,,,,,,,,,,,,,,
21,Kalimantan Tengah,203,189,172,"91,01",,,,,,,,,,,,,,,,,,,,,,
22,Kalimantan Selatan,235,235,235,"100,00",,,,,,,,,,,,,,,,,,,,,,
23,Kalimantan Timur,186,187,186,"99,47",,,,,,,,,,,,,,,,,,,,,,
24,Kalimantan Utara,55,50,50,"100,00",,,,,,,,,,,,,,,,,,,,,,
25,Sulawesi Utara,195,188,188,"100,00",,,,,,,,,,,,,,,,,,,,,,
26,Sulawesi Tengah,206,207,196,"94,69",,,,,,,,,,,,,,,,,,,,,,
27,Sulawesi Selatan,459,448,446,"99,55",,,,,,,,,,,,,,,,,,,,,,
28,Sulawesi Tenggara,290,283,259,"91,52",,,,,,,,,,,,,,,,,,,,,,
29,Gorontalo,93,90,87,"96,67",,,,,,,,,,,,,,,,,,,,,,
30,Sulawesi Barat,95,94,94,"100,00",,,,,,,,,,,,,,,,,,,,,,
31,Maluku,209,199,199,"100,00",,,,,,,,,,,,,,,,,,,,,,
32,Maluku Utara,147,128,127,"99,22",,,,,,,,,,,,,,,,,,,,,,
33,Papua Barat,159,160,153,"95,63",,,,,,,,,,,,,,,,,,,,,,
34,Papua,420,392,366,"93,37",,,,,,,,,,,,,,,,,,,,,,
Indonesia,,10.134,9.480,9.133,"96,34",,,,,,,,,,,,,,,,,,,,,,
No,Provinsi,Dokter Spesialis a,,,Dokter Umum,,,Total,,,Dokter Gigi Spesialis,,,Dokter Gigi,,,Total,,,,,,,,,,
,,L,P,L+P,L,P,L+P,L,P,L+P,L,P,L+P,L,P,L+P,L,P,L+P,,,,,,,,
(1),(2),(3),(4),(5),(6),(7),(8),(9),(10),(11),(12),(13),(14),(15),(16),(17),(18),(19),(20),,,,,,,,
1,Aceh,356,342,698,465,1.050,1.515,821,1.392,2.213,5,13,18,65,300,365,70,313,383,,,,,,,,
2,Sumatera Utara,905,545,1.450,953,2.018,2.971,1.858,2.563,4.421,18,25,43,128,621,749,146,646,792,,,,,,,,
3,Sumatera Barat,404,351,755,317,924,1.241,721,1.275,1.996,7,11,18,64,378,442,71,389,460,,,,,,,,
4,Riau,349,220,569,453,984,1.437,802,1.204,2.006,6,8,14,65,358,423,71,366,437,,,,,,,,
5,Jambi,198,120,318,270,588,858,468,708,1.176,10,8,18,47,182,229,57,190,247,,,,,,,,
6,Sumatera Selatan,366,298,664,352,866,1.218,718,1.164,1.882,11,14,25,65,213,278,76,227,303,,,,,,,,
7,Bengkulu,97,78,175,150,288,438,247,366,613,2,5,7,22,105,127,24,110,134,,,,,,,,
8,Lampung,396,184,580,440,863,1.303,836,1.047,1.883,4,11,15,35,157,192,39,168,207,,,,,,,,
9,Kep. Bangka Belitung,99,63,162,201,317,518,300,380,680,5,5,10,32,69,101,37,74,111,,,,,,,,
10,Kepulauan Riau,212,118,330,206,396,602,418,514,932,16,9,25,37,120,157,53,129,182,,,,,,,,
11,DKI Jakarta,2.785,2.299,5.084,1.940,4.341,6.281,4.725,6.640,11.365,204,443,647,369,1.506,1.875,573,1.949,2.522,,,,,,,,
12,Jawa Barat,1.833,1.198,3.031,2.167,3.573,5.740,4.000,4.771,8.771,72,116,188,267,1.195,1.462,339,1.311,1.650,,,,,,,,
13,Jawa Tengah,2.224,1.358,3.582,2.432,3.733,6.165,4.656,5.091,9.747,63,106,169,308,1.081,1.389,371,1.187,1.558,,,,,,,,
14,DI Yogyakarta,542,458,1.000,481,933,1.414,1.023,1.391,2.414,49,83,132,82,329,411,131,412,543,,,,,,,,
15,Jawa Timur,2.726,1.793,4.519,2.573,3.710,6.283,5.299,5.503,10.802,126,200,326,414,1.492,1.906,540,1.692,2.232,,,,,,,,
16,Banten,616,496,1.112,724,1.290,2.014,1.340,1.786,3.126,19,41,60,72,474,546,91,515,606,,,,,,,,
17,Bali,737,393,1.130,736,785,1.521,1.473,1.178,2.651,17,16,33,138,363,501,155,379,534,,,,,,,,
18,Nusa Tenggara Barat,191,144,335,346,493,839,537,637,1.174,3,11,14,33,129,162,36,140,176,,,,,,,,
19,Nusa Tenggara Timur,64,71,135,218,381,599,282,452,734,1,0,1,28,111,139,29,111,140,,,,,,,,
20,Kalimantan Barat,162,90,252,303,387,690,465,477,942,5,8,13,38,98,136,43,106,149,,,,,,,,
21,Kalimantan Tengah,125,94,219,224,322,546,349,416,765,4,6,10,24,77,101,28,83,111,,,,,,,,
22,Kalimantan Selatan,286,161,447,264,528,792,550,689,1.239,11,15,26,70,163,233,81,178,259,,,,,,,,
23,Kalimantan Timur,278,187,465,298,583,881,576,770,1.346,11,24,35,62,199,261,73,223,296,,,,,,,,
24,Kalimantan Utara,63,38,101,107,141,248,170,179,349,2,3,5,14,32,46,16,35,51,,,,,,,,
25,Sulawesi Utara,226,176,402,303,635,938,529,811,1.340,1,5,6,38,89,127,39,94,133,,,,,,,,
26,Sulawesi Tengah,108,134,242,181,314,495,289,448,737,1,3,4,32,104,136,33,107,140,,,,,,,,
27,Sulawesi Selatan,490,588,1.078,430,1.029,1.459,920,1.617,2.537,22,55,77,118,568,686,140,623,763,,,,,,,,
28,Sulawesi Tenggara,100,87,187,192,361,553,292,448,740,0,4,4,37,140,177,37,144,181,,,,,,,,
29,Gorontalo,68,56,124,94,165,259,162,221,383,1,1,2,12,50,62,13,51,64,,,,,,,,
30,Sulawesi Barat,42,41,83,76,149,225,118,190,308,2,4,6,17,70,87,19,74,93,,,,,,,,
31,Maluku,49,40,89,90,224,314,139,264,403,1,1,2,12,40,52,13,41,54,,,,,,,,
32,Maluku Utara,45,36,81,93,150,243,138,186,324,3,1,4,13,35,48,16,36,52,,,,,,,,
33,Papua Barat,50,33,83,86,133,219,136,166,302,1,0,1,10,29,39,11,29,40,,,,,,,,
34,Papua,76,55,131,225,354,579,301,409,710,1,1,2,19,57,76,20,58,78,,,,,,,,
Indonesia,,17.268,12.345,29.613,18.390,33.008,51.398,35.658,45.353,81.011,704,1.256,1.960,2.787,10.934,13.721,3.491,12.190,15.681,,,,,,,,
No,Provinsi,Dokter Spesialis a,,,Dokter Umum,,,Total,,,Dokter Gigi Spesialis,,,Dokter Gigi,,,Total,,,,,,,,,,
,,L,P,L+P,L,P,L+P,L,P,L+P,L,P,L+P,L,P,L+P,L,P,L+P,,,,,,,,
(1),(2),(3),(4),(5),(6),(7),(8),(9),(10),(11),(12),(13),(14),(15),(16),(17),(18),(19),(20),,,,,,,,
1,Aceh,0,0,0,225,607,832,225,607,832,0,1,1,46,237,283,46,238,284,,,,,,,,
2,Sumatera Utara,9,4,13,432,1.157,1.589,441,1.161,1.602,0,3,3,82,490,572,82,493,575,,,,,,,,
3,Sumatera Barat,2,3,5,110,444,554,112,447,559,0,1,1,36,282,318,36,283,319,,,,,,,,
4,Riau,1,0,1,205,554,759,206,554,760,0,0,0,42,261,303,42,261,303,,,,,,,,
5,Jambi,0,1,1,104,266,370,104,267,371,0,0,0,27,116,143,27,116,143,,,,,,,,
6,Sumatera Selatan,1,8,9,138,436,574,139,444,583,0,1,1,43,125,168,43,126,169,,,,,,,,
7,Bengkulu,0,0,0,79,147,226,79,147,226,0,0,0,12,60,72,12,60,72,,,,,,,,
8,Lampung,0,0,0,206,472,678,206,472,678,0,1,1,14,113,127,14,114,128,,,,,,,,
9,Kep. Bangka Belitung,0,0,0,68,123,191,68,123,191,0,0,0,22,44,66,22,44,66,,,,,,,,
10,Kepulauan Riau,2,0,2,86,226,312,88,226,314,0,0,0,21,75,96,21,75,96,,,,,,,,
11,DKI Jakarta,0,0,0,370,1.410,1.780,370,1.410,1.780,0,0,0,82,416,498,82,416,498,,,,,,,,
12,Jawa Barat,1,2,3,752,1.637,2.389,753,1.639,2.392,0,0,0,134,729,863,134,729,863,,,,,,,,
13,Jawa Tengah,1,0,1,711,1.311,2.022,712,1.311,2.023,1,4,5,144,626,770,145,630,775,,,,,,,,
14,DI Yogyakarta,0,0,0,107,319,426,107,319,426,0,2,2,15,156,171,15,158,173,,,,,,,,
15,Jawa Timur,0,1,1,721,1.466,2.187,721,1.467,2.188,0,3,3,197,862,1.059,197,865,1.062,,,,,,,,
16,Banten,3,4,7,160,472,632,163,476,639,2,0,2,38,264,302,40,264,304,,,,,,,,
17,Bali,0,0,0,213,249,462,213,249,462,0,0,0,77,196,273,77,196,273,,,,,,,,
18,Nusa Tenggara Barat,0,0,0,137,218,355,137,218,355,0,0,0,25,88,113,25,88,113,,,,,,,,
19,Nusa Tenggara Timur,0,1,1,125,229,354,125,230,355,0,0,0,25,84,109,25,84,109,,,,,,,,
20,Kalimantan Barat,1,0,1,165,215,380,166,215,381,0,1,1,19,71,90,19,72,91,,,,,,,,
21,Kalimantan Tengah,0,0,0,107,186,293,107,186,293,0,0,0,15,62,77,15,62,77,,,,,,,,
22,Kalimantan Selatan,0,0,0,120,308,428,120,308,428,1,1,2,40,107,147,41,108,149,,,,,,,,
23,Kalimantan Timur,0,0,0,118,283,401,118,283,401,0,0,0,41,140,181,41,140,181,,,,,,,,
24,Kalimantan Utara,0,0,0,40,58,98,40,58,98,0,0,0,12,23,35,12,23,35,,,,,,,,
25,Sulawesi Utara,1,1,2,130,359,489,131,360,491,0,0,0,21,47,68,21,47,68,,,,,,,,
26,Sulawesi Tengah,0,2,2,93,165,258,93,167,260,0,0,0,24,72,96,24,72,96,,,,,,,,
27,Sulawesi Selatan,0,4,4,189,610,799,189,614,803,0,1,1,74,402,476,74,403,477,,,,,,,,
28,Sulawesi Tenggara,0,0,0,93,229,322,93,229,322,0,0,0,24,104,128,24,104,128,,,,,,,,
29,Gorontalo,0,0,0,32,81,113,32,81,113,0,0,0,8,39,47,8,39,47,,,,,,,,
30,Sulawesi Barat,0,0,0,39,92,131,39,92,131,0,0,0,12,56,68,12,56,68,,,,,,,,
31,Maluku,0,0,0,45,132,177,45,132,177,0,0,0,7,27,34,7,27,34,,,,,,,,
32,Maluku Utara,0,1,1,45,74,119,45,75,120,0,0,0,8,30,38,8,30,38,,,,,,,,
33,Papua Barat,0,0,0,36,60,96,36,60,96,0,0,0,3,14,17,3,14,17,,,,,,,,
34,Papua,0,1,1,106,192,298,106,193,299,0,0,0,10,34,44,10,34,44,,,,,,,,
Indonesia,,22,33,55,6.307,14.787,21.094,6.329,14.820,21.149,4,19,23,1.400,6.452,7.852,1.404,6.471,7.875,,,,,,,,
No,Provinsi,Persentase Puskesmas dengan Kecukupan Dokter,,,Persentase Puskesmas dengan Kecukupan Dokter Gigi,,,Persentase Puskesmas dengan Kecukupan Perawat,,,Persentase Puskesmas dengan Kecukupan Bidan,,,,,,,,,,,,,,,,
,,Cukup,Kurang,Lebih,Cukup,Kurang,Lebih,Cukup,Kurang,Lebih,Cukup,Kurang,Lebih,,,,,,,,,,,,,,
(1),(2),(3),(4),(5),(6),(7),(8),(9),(10),(11),(12),(13),(14),,,,,,,,,,,,,,
1,Aceh,"26,55","14,97","58,47","54,24","32,77","12,99","4,52","12,15","83,33","1,41","3,95","94,63",,,,,,,,,,,,,,
2,Sumatera Utara,"22,50","15,17","62,33","35,67","38,00","26,33","4,67","16,67","78,67","2,17","2,17","95,67",,,,,,,,,,,,,,
3,Sumatera Barat,"39,57","11,51","48,92","69,78","10,43","19,78","12,95","19,78","67,27","1,44","1,44","97,12",,,,,,,,,,,,,,
4,Riau,"14,59","9,87","75,54","53,65","14,16","32,19","6,01","5,58","88,41","3,43","1,29","95,28",,,,,,,,,,,,,,
5,Jambi,"37,56","20,98","41,46","58,05","36,59","5,37","6,34","15,61","78,05","1,95","2,44","95,61",,,,,,,,,,,,,,
6,Sumatera Selatan,"38,42","21,11","40,47","40,76","54,25","4,99","3,23","7,04","89,74","1,17","1,76","97,07",,,,,,,,,,,,,,
7,Bengkulu,"46,93","25,70","27,37","34,08","62,57","3,35","7,82","11,17","81,01","1,12","1,12","97,77",,,,,,,,,,,,,,
8,Lampung,"36,04","9,74","54,22","24,03","67,86","8,12","3,25","5,19","91,56","0,65","0,00","99,35",,,,,,,,,,,,,,
9,Kep. Bangka Belitung,"21,88","6,25","71,88","71,88","14,06","14,06","0,00","0,00","100,00","0,00","0,00","100,00",,,,,,,,,,,,,,
10,Kepulauan Riau,"24,14","10,34","65,52","47,13","25,29","27,59","2,30","6,90","90,80","1,15","1,15","97,70",,,,,,,,,,,,,,
11,DKI Jakarta,"10,71","0,30","88,99","76,79","4,17","19,05","3,87","77,98","18,15","10,12","68,45","21,43",,,,,,,,,,,,,,
12,Jawa Barat,"26,91","5,44","67,65","52,90","34,38","12,72","10,23","19,63","70,14","4,52","4,24","91,24",,,,,,,,,,,,,,
13,Jawa Tengah,"28,16","6,84","64,99","71,84","20,41","7,75","8,89","12,77","78,34","1,48","4,68","93,84",,,,,,,,,,,,,,
14,DI Yogyakarta,"9,92","0,83","89,26","60,33","1,65","38,02","19,01","14,88","66,12","4,13","12,40","83,47",,,,,,,,,,,,,,
15,Jawa Timur,"38,57","14,17","47,26","66,29","13,65","20,06","4,24","3,72","92,04","1,65","1,03","97,31",,,,,,,,,,,,,,
16,Banten,"22,31","6,61","71,07","39,26","21,90","38,84","11,16","15,70","73,14","2,07","1,65","96,28",,,,,,,,,,,,,,
17,Bali,"11,67","1,67","86,67","29,17","3,33","67,50","3,33","1,67","95,00","0,00","0,00","100,00",,,,,,,,,,,,,,
18,Nusa Tenggara Barat,"35,50","21,30","43,20","60,36","36,09","3,55","0,59","4,14","95,27","2,96","3,55","93,49",,,,,,,,,,,,,,
19,Nusa Tenggara Timur,"36,53","49,74","13,73","24,61","73,06","2,33","4,66","15,28","80,05","4,66","11,66","83,68",,,,,,,,,,,,,,
20,Kalimantan Barat,"42,04","24,49","33,47","34,29","64,08","1,63","2,86","12,24","84,90","4,90","7,76","87,35",,,,,,,,,,,,,,
21,Kalimantan Tengah,"35,47","33,99","30,54","29,56","66,50","3,94","2,46","0,99","96,55","0,49","2,46","97,04",,,,,,,,,,,,,,
22,Kalimantan Selatan,"40,08","11,81","48,10","57,81","40,08","2,11","3,80","3,80","92,41","2,11","1,69","96,20",,,,,,,,,,,,,,
23,Kalimantan Timur,"30,11","26,88","43,01","52,69","27,42","19,89","2,15","13,44","84,41","3,23","10,22","86,56",,,,,,,,,,,,,,
24,Kalimantan Utara,"37,50","33,93","28,57","37,50","50,00","12,50","3,57","7,14","89,29","1,79","8,93","89,29",,,,,,,,,,,,,,
25,Sulawesi Utara,"17,77","26,40","55,84","27,41","69,04","3,55","5,58","13,71","80,71","9,14","31,98","58,88",,,,,,,,,,,,,,
26,Sulawesi Tengah,"40,29","36,89","22,82","39,81","56,31","3,88","0,49","6,80","92,72","0,00","0,97","99,03",,,,,,,,,,,,,,
27,Sulawesi Selatan,"42,08","22,99","34,92","59,87","19,74","20,39","6,29","11,50","82,21","7,81","8,46","83,73",,,,,,,,,,,,,,
28,Sulawesi Tenggara,"49,13","35,19","15,68","40,77","56,79","2,44","5,92","24,04","70,03","4,88","9,76","85,37",,,,,,,,,,,,,,
29,Gorontalo,"49,46","26,88","23,66","49,46","49,46","1,08","6,45","9,68","83,87","3,23","1,08","95,70",,,,,,,,,,,,,,
30,Sulawesi Barat,"43,16","33,68","23,16","58,95","34,74","6,32","7,37","23,16","69,47","6,32","7,37","86,32",,,,,,,,,,,,,,
31,Maluku,"36,02","51,66","12,32","15,17","83,89","0,95","13,74","19,43","66,82","10,43","45,50","44,08",,,,,,,,,,,,,,
32,Maluku Utara,"35,97","48,20","15,83","24,46","74,10","1,44","7,91","30,22","61,87","6,47","5,76","87,77",,,,,,,,,,,,,,
33,Papua Barat,"26,53","63,27","10,20","8,16","89,80","2,04","4,08","30,61","65,31","12,93","41,50","45,58",,,,,,,,,,,,,,
34,Papua,"26,11","58,22","15,67","10,70","87,99","1,31","8,88","38,12","53,00","8,62","53,26","38,12",,,,,,,,,,,,,,
Indonesia,,"31,61","19,97","48,42","48,11","38,80","13,09","6,32","15,79","77,90","3,69","9,96","86,34",,,,,,,,,,,,,,
No,Provinsi,Batch XII (Peride I Tahun 2019),,Batch XIII (Periode II Tahun 2019),,Batch XIV (Periode III Tahun 2019),,,,,,,,,,,,,,,,,,,,,
,,Jumlah Kabupaten/Kota,Jumlah Puskesmas,Jumlah Kabupaten/Kota,Jumlah Puskesmas,Jumlah Kabupaten/Kota,Jumlah Puskesmas,,,,,,,,,,,,,,,,,,,,
(1),(2),(3),(4),(5),(6),(7),(8),,,,,,,,,,,,,,,,,,,,
1,Aceh,1,7,4,9,2,5,,,,,,,,,,,,,,,,,,,,
2,Sumatera Utara,2,7,3,4,1,4,,,,,,,,,,,,,,,,,,,,
3,Sumatera Barat,0,0,1,1,0,0,,,,,,,,,,,,,,,,,,,,
4,Riau,0,0,1,4,0,0,,,,,,,,,,,,,,,,,,,,
5,Jambi,0,0,3,3,0,0,,,,,,,,,,,,,,,,,,,,
6,Sumatera Selatan,0,0,0,0,0,0,,,,,,,,,,,,,,,,,,,,
7,Bengkulu,1,1,3,5,0,0,,,,,,,,,,,,,,,,,,,,
8,Lampung,0,0,0,0,0,0,,,,,,,,,,,,,,,,,,,,
9,Kepulauan Bangka Belitung,0,0,0,0,0,0,,,,,,,,,,,,,,,,,,,,
10,Kepulauan Riau,0,0,0,0,0,0,,,,,,,,,,,,,,,,,,,,
11,Jawa Barat,0,0,1,7,0,0,,,,,,,,,,,,,,,,,,,,
12,Jawa Timur,0,0,0,0,0,0,,,,,,,,,,,,,,,,,,,,
13,Nusa Tenggara Barat,0,0,0,0,0,0,,,,,,,,,,,,,,,,,,,,
14,Nusa Tenggara Timur,2,3,4,7,4,6,,,,,,,,,,,,,,,,,,,,
15,Kalimantan Barat,2,2,0,0,3,5,,,,,,,,,,,,,,,,,,,,
16,Kalimantan Tengah,2,2,0,0,1,1,,,,,,,,,,,,,,,,,,,,
17,Kalimantan Selatan,0,0,0,0,0,0,,,,,,,,,,,,,,,,,,,,
18,Kalimantan Timur,0,0,0,0,0,0,,,,,,,,,,,,,,,,,,,,
19,Kalimantan Utara,0,0,0,0,2,3,,,,,,,,,,,,,,,,,,,,
20,Sulawesi Utara,1,1,0,0,3,6,,,,,,,,,,,,,,,,,,,,
21,Sulawesi Tengah,4,11,1,1,1,2,,,,,,,,,,,,,,,,,,,,
22,Sulawesi Selatan,0,0,2,3,0,0,,,,,,,,,,,,,,,,,,,,
23,Sulawesi Tenggara,4,5,4,9,2,5,,,,,,,,,,,,,,,,,,,,
24,Gorontalo,0,0,0,0,0,0,,,,,,,,,,,,,,,,,,,,
25,Sulawesi Barat,1,1,1,1,0,0,,,,,,,,,,,,,,,,,,,,
26,Maluku,2,5,3,6,2,6,,,,,,,,,,,,,,,,,,,,
27,Maluku Utara,1,1,3,5,1,2,,,,,,,,,,,,,,,,,,,,
28,Papua Barat,1,1,0,0,2,8,,,,,,,,,,,,,,,,,,,,
29,Papua,1,3,4,5,0,0,,,,,,,,,,,,,,,,,,,,
Indonesia,,25,50,38,70,24,53,,,,,,,,,,,,,,,,,,,,
No,Provinsi,Periode I,,Periode II,,Periode III,,Periode IV,,Periode V,,Periode VI,,Periode VII,,Periode VIII,,Periode IX,,Periode X,,,,,,,
,,Jumlah Kabupaten/ Kota,Jumlah Puskesmas,Jumlah Kabupaten/ Kota,Jumlah Puskesmas,Jumlah Kabupaten/ Kota,Jumlah Puskesmas,Jumlah Kabupaten/ Kota,Jumlah Puskesmas,Jumlah Kabupaten/ Kota,Jumlah Puskesmas,Jumlah Kabupaten/ Kota,Jumlah Puskesmas,Jumlah Kabupaten/ Kota,Jumlah Puskesmas,Jumlah Kabupaten/ Kota,Jumlah Puskesmas,Jumlah Kabupaten/ Kota,Jumlah Puskesmas,Jumlah Kabupaten/ Kota,Jumlah Puskesmas,,,,,,
(1),(2),(3),(4),(5),(6),(7),(8),(9),(10),(11),(12),(13),(14),(11),(12),(13),(14),(11),(12),(13),(14),,,,,,
1,Aceh,2,4,6,25,2,3,1,5,4,9,1,1,5,15,10,65,17,63,4,18,,,,,,
2,Sumatera Utara,2,10,1,1,2,3,2,5,4,18,5,14,8,13,4,11,4,18,5,15,,,,,,
3,Sumatera Barat,3,3,0,0,5,16,0,0,4,8,1,2,1,2,10,44,11,65,8,16,,,,,,
4,Riau,1,2,2,2,5,12,0,0,1,2,2,2,1,1,3,11,4,17,3,9,,,,,,
5,Jambi,0,0,0,0,5,18,0,0,3,6,1,1,2,3,4,24,4,18,3,5,,,,,,
6,Sumatera Selatan,2,3,0,0,1,1,0,0,0,0,0,0,0,0,5,14,6,22,4,12,,,,,,
7,Bengkulu,4,5,1,3,3,4,0,0,1,1,1,1,4,14,0,0,0,1,0,0,,,,,,
8,Lampung,2,2,0,0,0,0,0,0,0,0,0,0,0,0,2,10,2,12,2,10,,,,,,
9,Kep. Bangka Belitung,0,0,0,0,1,2,0,0,0,0,0,0,1,1,1,2,2,2,3,5,,,,,,
10,Kepulauan Riau,2,2,2,3,3,5,0,0,1,1,0,0,0,0,2,4,3,5,3,7,,,,,,
11,Jawa Barat,1,7,1,3,1,7,0,0,0,0,0,0,2,13,0,0,1,5,0,1,,,,,,
12,Jawa Tengah,1,4,0,0,0,0,0,0,0,0,0,0,0,0,1,9,1,18,1,6,,,,,,
13,Jawa Timur,0,0,0,0,1,1,0,0,0,0,0,0,0,0,2,9,3,16,1,4,,,,,,
14,Nusa Tenggara Barat,0,0,1,2,0,0,0,0,1,1,0,0,2,3,1,8,1,6,1,3,,,,,,
15,Nusa Tenggara Timur,4,7,3,11,4,24,1,2,5,36,8,23,4,12,3,9,6,14,1,1,,,,,,
16,Kalimantan Barat,2,12,2,8,1,5,1,1,2,5,3,15,2,13,1,3,5,12,1,3,,,,,,
17,Kalimantan Tengah,4,14,2,2,4,7,1,1,4,8,3,9,3,4,1,1,4,5,0,0,,,,,,
18,Kalimantan Selatan,1,3,0,0,1,1,0,0,0,0,0,0,0,0,3,13,4,8,1,4,,,,,,
19,Kalimantan Timur,1,1,0,1,0,0,0,0,2,7,1,3,2,12,1,2,1,2,0,0,,,,,,
20,Kalimantan Utara,1,4,0,0,1,4,0,0,0,0,2,6,2,7,1,1,1,2,1,1,,,,,,
21,Sulawesi Utara,1,1,0,0,1,6,1,1,1,1,2,4,1,1,5,12,8,33,5,24,,,,,,
22,Sulawesi Tengah,8,13,8,13,10,40,1,6,6,8,10,30,5,25,2,9,7,40,4,21,,,,,,
23,Sulawesi Selatan,4,11,1,2,1,2,0,0,1,4,1,2,2,3,2,19,3,15,2,3,,,,,,
24,Sulawesi Tenggara,9,58,8,35,7,34,1,1,5,17,6,24,6,37,1,3,8,38,4,11,,,,,,
25,Gorontalo,1,1,0,1,1,3,0,0,2,3,3,12,1,3,2,4,6,27,4,13,,,,,,
26,Sulawesi Barat,3,4,3,5,3,14,0,0,3,7,3,7,3,7,0,0,0,0,4,6,,,,,,
27,Maluku,1,4,1,2,3,10,1,2,1,2,3,13,1,5,0,0,2,5,2,7,,,,,,
28,Maluku Utara,3,5,0,0,2,14,0,0,4,15,4,10,5,22,6,10,6,36,4,8,,,,,,
29,Papua Barat,1,1,2,4,2,8,0,0,0,0,2,3,1,2,1,2,2,6,2,5,,,,,,
30,Papua,0,0,1,2,1,1,1,2,1,2,1,2,1,1,1,4,1,4,1,2,,,,,,
Indonesia,,64,181,45,125,71,245,11,26,56,161,63,184,65,219,75,303,123,515,74,220,,,,,,
No,Provinsi,Puskesmas,,,,Rumah Sakit,,,,Sarana Pelayanan Kesehatan Lainnya,,,,Total,,,,,,,,,,,,,
,,Perawata,,,Bidan,Perawata,,,Bidan,Perawata,,,Bidan,Perawata,,,Bidan,,,,,,,,,,
,,L,P,L+P,,L,P,L+P,,L,P,L+P,,L,P,L+P,,,,,,,,,,,
(1),(2),(3),(4),(5),(6),(7),(8),(9),(10),(11),(12),(13),(14),(15),(16),(17),(18),,,,,,,,,,
1,Aceh,1.161,2.994,4.155,8.309,1.720,3.488,5.208,2.237,40,54,94,74,2.921,6.536,9.457,10.620,,,,,,,,,,
2,Sumatera Utara,1.691,4.702,6.393,14.338,1.871,5.758,7.629,2.925,90,128,218,118,3.652,10.588,14.240,17.381,,,,,,,,,,
3,Sumatera Barat,380,2.078,2.458,4.809,897,4.601,5.498,1.040,20,95,115,81,1.297,6.774,8.071,5.930,,,,,,,,,,
4,Riau,901,2.568,3.469,4.907,1.010,3.145,4.155,1.583,39,51,90,104,1.950,5.764,7.714,6.594,,,,,,,,,,
5,Jambi,772,1.696,2.468,3.428,785,2.593,3.378,912,104,147,251,289,1.661,4.436,6.097,4.629,,,,,,,,,,
6,Sumatera Selatan,1.431,4.245,5.676,9.372,1.336,5.259,6.595,2.068,55,83,138,79,2.822,9.587,12.409,11.519,,,,,,,,,,
7,Bengkulu,505,1.246,1.751,2.609,709,1.480,2.189,782,21,26,47,47,1.235,2.752,3.987,3.438,,,,,,,,,,
8,Lampung,1.631,2.489,4.120,6.964,1.729,3.228,4.957,1.560,59,86,145,143,3.419,5.803,9.222,8.667,,,,,,,,,,
9,Kep. Bangka Belitung,308,710,1.018,863,552,1.317,1.869,401,83,138,221,102,943,2.165,3.108,1.366,,,,,,,,,,
10,Kepulauan Riau,275,859,1.134,1.173,536,1.807,2.343,531,31,56,87,49,842,2.722,3.564,1.753,,,,,,,,,,
11,DKI Jakarta,494,1.428,1.922,1.774,4.391,19.503,23.894,2.987,454,680,1.134,774,5.339,21.611,26.950,5.535,,,,,,,,,,
12,Jawa Barat,4.498,5.780,10.278,14.906,7.674,16.943,24.617,5.058,328,524,852,1.025,12.500,23.247,35.747,20.989,,,,,,,,,,
13,Jawa Tengah,3.497,5.594,9.091,15.224,10.213,22.949,33.162,5.942,778,2.076,2.854,2.173,14.488,30.619,45.107,23.339,,,,,,,,,,
14,DI Yogyakarta,273,625,898,878,1.571,5.455,7.026,907,51,236,287,251,1.895,6.316,8.211,2.036,,,,,,,,,,
15,Jawa Timur,6.021,8.184,14.205,15.400,10.971,21.173,32.144,6.534,708,1.107,1.815,1.006,17.700,30.464,48.164,22.940,,,,,,,,,,
16,Banten,827,1.283,2.110,3.495,1.856,5.426,7.282,1.661,82,140,222,339,2.765,6.849,9.614,5.495,,,,,,,,,,
17,Bali,502,999,1.501,2.233,1.854,4.441,6.295,1.913,116,319,435,352,2.472,5.759,8.231,4.498,,,,,,,,,,
18,Nusa Tenggara Barat,1.365,2.045,3.410,3.119,1.265,2.266,3.531,1.065,64,67,131,55,2.694,4.378,7.072,4.239,,,,,,,,,,
19,Nusa Tenggara Timur,1.343,3.014,4.357,4.158,419,1.694,2.113,786,23,40,63,37,1.785,4.748,6.533,4.981,,,,,,,,,,
20,Kalimantan Barat,1.514,1.766,3.280,3.060,1.082,2.086,3.168,749,57,58,115,105,2.653,3.910,6.563,3.914,,,,,,,,,,
21,Kalimantan Tengah,1.438,1.938,3.376,2.749,716,1.414,2.130,589,72,55,127,53,2.226,3.407,5.633,3.391,,,,,,,,,,
22,Kalimantan Selatan,1.020,1.472,2.492,3.467,1.562,2.291,3.853,994,97,92,189,75,2.679,3.855,6.534,4.536,,,,,,,,,,
23,Kalimantan Timur,746,1.474,2.220,2.196,1.185,2.656,3.841,947,12,60,72,50,1.943,4.190,6.133,3.193,,,,,,,,,,
24,Kalimantan Utara,327,592,919,710,183,455,638,217,10,20,30,10,520,1.067,1.587,937,,,,,,,,,,
25,Sulawesi Utara,328,1.662,1.990,1.152,559,2.240,2.799,444,33,77,110,18,920,3.979,4.899,1.614,,,,,,,,,,
26,Sulawesi Tengah,862,1.956,2.818,3.630,618,2.023,2.641,939,51,69,120,54,1.531,4.048,5.579,4.623,,,,,,,,,,
27,Sulawesi Selatan,1.129,4.493,5.622,6.436,1.473,5.982,7.455,2.126,104,198,302,185,2.706,10.673,13.379,8.747,,,,,,,,,,
28,Sulawesi Tenggara,716,1.961,2.677,3.044,656,1.888,2.544,909,40,66,106,36,1.412,3.915,5.327,3.989,,,,,,,,,,
29,Gorontalo,258,681,939,1.062,310,899,1.209,361,25,46,71,33,593,1.626,2.219,1.456,,,,,,,,,,
30,Sulawesi Barat,222,641,863,986,143,500,643,157,12,32,44,35,377,1.173,1.550,1.178,,,,,,,,,,
31,Maluku,469,1.332,1.801,1.006,345,1.331,1.676,420,45,89,134,30,859,2.752,3.611,1.456,,,,,,,,,,
32,Maluku Utara,357,668,1.025,1.456,264,720,984,379,23,30,53,30,644,1.418,2.062,1.865,,,,,,,,,,
33,Papua Barat,424,858,1.282,854,233,660,893,276,12,21,33,12,669,1.539,2.208,1.142,,,,,,,,,,
34,Papua,1.071,1.731,2.802,1.762,513,1.320,1.833,470,45,46,91,46,1.629,3.097,4.726,2.278,,,,,,,,,,
Indonesia,,38.756,75.764,114.520,151.529,61.201,158.991,220.192,50.869,3.784,7.012,10.796,7.870,103.741,241.767,345.508,210.268,,,,,,,,,,
No,Provinsi,Kesehatan Masyarakat,,,Kesehatan Lingkungan,,,Gizi,,,,,,,,,,,,,,,,,,,
,,L,P,L+P,L,P,L+P,L,P,L+P,,,,,,,,,,,,,,,,,
(1),(2),(3),(4),(5),(6),(7),(8),(9),(10),(11),,,,,,,,,,,,,,,,,
1,Aceh,446,1.432,1.878,222,622,844,77,702,779,,,,,,,,,,,,,,,,,
2,Sumatera Utara,406,1.617,2.023,219,434,653,106,970,1.076,,,,,,,,,,,,,,,,,
3,Sumatera Barat,130,477,607,128,359,487,85,762,847,,,,,,,,,,,,,,,,,
4,Riau,200,518,718,86,180,266,32,484,516,,,,,,,,,,,,,,,,,
5,Jambi,171,348,519,149,266,415,51,370,421,,,,,,,,,,,,,,,,,
6,Sumatera Selatan,387,1.159,1.546,135,573,708,61,678,739,,,,,,,,,,,,,,,,,
7,Bengkulu,248,621,869,107,123,230,52,356,408,,,,,,,,,,,,,,,,,
8,Lampung,258,527,785,196,346,542,86,443,529,,,,,,,,,,,,,,,,,
9,Kepulauan Bangka Belitung,92,220,312,43,117,160,38,192,230,,,,,,,,,,,,,,,,,
10,Kepulauan Riau,71,139,210,74,131,205,22,166,188,,,,,,,,,,,,,,,,,
11,DKI Jakarta,94,283,377,186,336,522,179,1.115,1.294,,,,,,,,,,,,,,,,,
12,Jawa Barat,816,1.486,2.302,461,799,1.260,280,1.674,1.954,,,,,,,,,,,,,,,,,
13,Jawa Tengah,448,1.443,1.891,604,1.073,1.677,285,2.296,2.581,,,,,,,,,,,,,,,,,
14,DI Yogyakarta,67,213,280,141,169,310,86,514,600,,,,,,,,,,,,,,,,,
15,Jawa Timur,365,1.432,1.797,502,937,1.439,441,2.639,3.080,,,,,,,,,,,,,,,,,
16,Banten,161,349,510,82,201,283,67,402,469,,,,,,,,,,,,,,,,,
17,Bali,103,257,360,175,236,411,73,431,504,,,,,,,,,,,,,,,,,
18,Nusa Tenggara Barat,160,286,446,167,366,533,117,555,672,,,,,,,,,,,,,,,,,
19,Nusa Tenggara Timur,285,486,771,238,431,669,157,587,744,,,,,,,,,,,,,,,,,
20,Kalimantan Barat,159,341,500,221,265,486,107,466,573,,,,,,,,,,,,,,,,,
21,Kalimantan Tengah,140,253,393,86,138,224,57,398,455,,,,,,,,,,,,,,,,,
22,Kalimantan Selatan,178,338,516,206,301,507,137,706,843,,,,,,,,,,,,,,,,,
23,Kalimantan Timur,130,321,451,94,200,294,64,243,307,,,,,,,,,,,,,,,,,
24,Kalimantan Utara,68,138,206,31,42,73,16,96,112,,,,,,,,,,,,,,,,,
25,Sulawesi Utara,82,340,422,161,285,446,77,322,399,,,,,,,,,,,,,,,,,
26,Sulawesi Tengah,394,1.073,1.467,185,322,507,59,373,432,,,,,,,,,,,,,,,,,
27,Sulawesi Selatan,488,1.566,2.054,219,732,951,109,1.071,1.180,,,,,,,,,,,,,,,,,
28,Sulawesi Tenggara,340,1.077,1.417,140,351,491,109,658,767,,,,,,,,,,,,,,,,,
29,Gorontalo,105,501,606,72,151,223,61,343,404,,,,,,,,,,,,,,,,,
30,Sulawesi Barat,51,190,241,42,85,127,15,142,157,,,,,,,,,,,,,,,,,
31,Maluku,121,375,496,152,238,390,65,404,469,,,,,,,,,,,,,,,,,
32,Maluku Utara,132,500,632,41,88,129,33,262,295,,,,,,,,,,,,,,,,,
33,Papua Barat,62,150,212,46,50,96,25,159,184,,,,,,,,,,,,,,,,,
34,Papua,156,336,492,150,178,328,65,320,385,,,,,,,,,,,,,,,,,
Indonesia,,7.514,20.792,28.306,5.761,11.125,16.886,3.294,21.299,24.593,,,,,,,,,,,,,,,,,
No,Provinsi,Kesehatan Masyarakat,,,Kesehatan Lingkungan,,,Gizi,,,,,,,,,,,,,,,,,,,
,,L,P,L+P,L,P,L+P,L,P,L+P,,,,,,,,,,,,,,,,,
(1),(2),(3),(4),(5),(6),(7),(8),(9),(10),(11),,,,,,,,,,,,,,,,,
1,Aceh,253,999,1.252,137,468,605,46,422,468,,,,,,,,,,,,,,,,,
2,Sumatera Utara,226,1.077,1.303,146,325,471,65,607,672,,,,,,,,,,,,,,,,,
3,Sumatera Barat,67,315,382,82,256,338,26,386,412,,,,,,,,,,,,,,,,,
4,Riau,131,323,454,63,122,185,18,237,255,,,,,,,,,,,,,,,,,
5,Jambi,106,230,336,77,190,267,32,185,217,,,,,,,,,,,,,,,,,
6,Sumatera Selatan,266,772,1.038,79,408,487,38,338,376,,,,,,,,,,,,,,,,,
7,Bengkulu,158,379,537,62,85,147,27,161,188,,,,,,,,,,,,,,,,,
8,Lampung,189,365,554,143,261,404,64,271,335,,,,,,,,,,,,,,,,,
9,Kepulauan Bangka Belitung,50,127,177,23,75,98,26,115,141,,,,,,,,,,,,,,,,,
10,Kepulauan Riau,28,80,108,39,76,115,8,80,88,,,,,,,,,,,,,,,,,
11,DKI Jakarta,17,86,103,113,238,351,34,358,392,,,,,,,,,,,,,,,,,
12,Jawa Barat,463,981,1.444,337,637,974,126,898,1.024,,,,,,,,,,,,,,,,,
13,Jawa Tengah,267,999,1.266,368,744,1.112,145,1.006,1.151,,,,,,,,,,,,,,,,,
14,DI Yogyakarta,46,129,175,63,91,154,36,163,199,,,,,,,,,,,,,,,,,
15,Jawa Timur,212,808,1.020,296,593,889,238,977,1.215,,,,,,,,,,,,,,,,,
16,Banten,100,194,294,51,152,203,25,201,226,,,,,,,,,,,,,,,,,
17,Bali,39,93,132,116,123,239,32,146,178,,,,,,,,,,,,,,,,,
18,Nusa Tenggara Barat,105,185,290,106,267,373,97,340,437,,,,,,,,,,,,,,,,,
19,Nusa Tenggara Timur,201,347,548,183,351,534,133,414,547,,,,,,,,,,,,,,,,,
20,Kalimantan Barat,109,232,341,166,209,375,74,322,396,,,,,,,,,,,,,,,,,
21,Kalimantan Tengah,99,168,267,71,108,179,41,277,318,,,,,,,,,,,,,,,,,
22,Kalimantan Selatan,124,250,374,133,236,369,99,480,579,,,,,,,,,,,,,,,,,
23,Kalimantan Timur,95,249,344,58,153,211,48,141,189,,,,,,,,,,,,,,,,,
24,Kalimantan Utara,38,79,117,26,30,56,8,52,60,,,,,,,,,,,,,,,,,
25,Sulawesi Utara,45,216,261,116,220,336,50,224,274,,,,,,,,,,,,,,,,,
26,Sulawesi Tengah,239,667,906,129,246,375,44,236,280,,,,,,,,,,,,,,,,,
27,Sulawesi Selatan,276,881,1.157,136,510,646,64,621,685,,,,,,,,,,,,,,,,,
28,Sulawesi Tenggara,234,714,948,96,256,352,86,455,541,,,,,,,,,,,,,,,,,
29,Gorontalo,58,338,396,44,111,155,38,224,262,,,,,,,,,,,,,,,,,
30,Sulawesi Barat,33,129,162,35,68,103,12,101,113,,,,,,,,,,,,,,,,,
31,Maluku,51,185,236,106,147,253,44,244,288,,,,,,,,,,,,,,,,,
32,Maluku Utara,64,290,354,27,61,88,27,151,178,,,,,,,,,,,,,,,,,
33,Papua Barat,37,90,127,35,31,66,17,109,126,,,,,,,,,,,,,,,,,
34,Papua,90,208,298,84,119,203,44,203,247,,,,,,,,,,,,,,,,,
Indonesia,,4.516,13.185,17.701,3.746,7.967,11.713,1.912,11.145,13.057,,,,,,,,,,,,,,,,,
No,Provinsi,Ahli Teknologi Laboratorium Medik,,,Tenaga Teknik Biomedika Lainnya,,,Keterapian Fisik,,,Keteknisian Medis,,,,,,,,,,,,,,,,
,,L,P,L + P,L,P,L + P,L,P,L + P,L,P,L + P,,,,,,,,,,,,,,
(1),(2),(3),(4),(5),(6),(7),(8),(9),(10),(11),(12),(13),(14),,,,,,,,,,,,,,
1,Aceh,81,757,838,212,206,418,64,239,303,177,747,924,,,,,,,,,,,,,,
2,Sumatera Utara,190,985,1.175,155,226,381,85,160,245,171,723,894,,,,,,,,,,,,,,
3,Sumatera Barat,140,812,952,211,163,374,60,132,192,226,1.102,1.328,,,,,,,,,,,,,,
4,Riau,108,641,749,93,124,217,38,116,154,147,406,553,,,,,,,,,,,,,,
5,Jambi,132,567,699,69,64,133,29,85,114,101,430,531,,,,,,,,,,,,,,
6,Sumatera Selatan,147,833,980,146,200,346,44,166,210,194,853,1.047,,,,,,,,,,,,,,
7,Bengkulu,88,300,388,87,60,147,10,29,39,58,152,210,,,,,,,,,,,,,,
8,Lampung,170,629,799,160,139,299,41,81,122,155,424,579,,,,,,,,,,,,,,
9,Kepulauan Bangka Belitung,82,243,325,80,45,125,14,65,79,71,221,292,,,,,,,,,,,,,,
10,Kepulauan Riau,58,211,269,75,61,136,22,40,62,80,162,242,,,,,,,,,,,,,,
11,DKI Jakarta,737,1.880,2.617,810,601,1.411,363,609,972,796,1.705,2.501,,,,,,,,,,,,,,
12,Jawa Barat,780,2.283,3.063,670,460,1.130,238,507,745,939,2.077,3.016,,,,,,,,,,,,,,
13,Jawa Tengah,800,3.152,3.952,954,791,1.745,462,868,1.330,996,3.060,4.056,,,,,,,,,,,,,,
14,DI Yogyakarta,169,660,829,209,182,391,121,213,334,230,868,1.098,,,,,,,,,,,,,,
15,Jawa Timur,794,3.279,4.073,926,706,1.632,339,563,902,1.017,2.279,3.296,,,,,,,,,,,,,,
16,Banten,173,632,805,181,174,355,73,196,269,181,419,600,,,,,,,,,,,,,,
17,Bali,167,462,629,242,113,355,68,59,127,151,448,599,,,,,,,,,,,,,,
18,Nusa Tenggara Barat,161,539,700,167,94,261,46,92,138,242,413,655,,,,,,,,,,,,,,
19,Nusa Tenggara Timur,175,490,665,78,69,147,25,67,92,181,567,748,,,,,,,,,,,,,,
20,Kalimantan Barat,182,438,620,105,48,153,23,57,80,228,441,669,,,,,,,,,,,,,,
21,Kalimantan Tengah,131,335,466,93,40,133,20,31,51,117,234,351,,,,,,,,,,,,,,
22,Kalimantan Selatan,174,620,794,130,71,201,37,52,89,193,551,744,,,,,,,,,,,,,,
23,Kalimantan Timur,159,461,620,99,63,162,41,78,119,111,204,315,,,,,,,,,,,,,,
24,Kalimantan Utara,41,94,135,38,21,59,8,13,21,48,59,107,,,,,,,,,,,,,,
25,Sulawesi Utara,66,132,198,36,15,51,32,57,89,65,280,345,,,,,,,,,,,,,,
26,Sulawesi Tengah,103,229,332,50,46,96,10,57,67,97,154,251,,,,,,,,,,,,,,
27,Sulawesi Selatan,218,890,1.108,193,279,472,76,197,273,233,889,1.122,,,,,,,,,,,,,,
28,Sulawesi Tenggara,110,350,460,54,59,113,15,61,76,96,286,382,,,,,,,,,,,,,,
29,Gorontalo,42,90,132,31,23,54,10,10,20,17,70,87,,,,,,,,,,,,,,
30,Sulawesi Barat,40,89,129,12,26,38,7,21,28,26,82,108,,,,,,,,,,,,,,
31,Maluku,35,137,172,33,21,54,3,25,28,28,65,93,,,,,,,,,,,,,,
32,Maluku Utara,49,175,224,23,49,72,9,19,28,30,48,78,,,,,,,,,,,,,,
33,Papua Barat,59,135,194,18,19,37,4,17,21,27,50,77,,,,,,,,,,,,,,
34,Papua,151,400,551,40,24,64,10,20,30,51,80,131,,,,,,,,,,,,,,
Indonesia,,6.712,23.930,30.642,6.480,5.282,11.762,2.447,5.002,7.449,7.480,20.549,28.029,,,,,,,,,,,,,,
No,Provinsi,Ahli Teknologi Laboratorium Medik,,,Tenaga Teknik Biomedika Lainnya,,,Keterapian Fisik,,,Keteknisian Medis,,,,,,,,,,,,,,,,
,,L,P,L + P,L,P,L + P,L,P,L + P,L,P,L + P,,,,,,,,,,,,,,
(1),(2),(3),(4),(5),(6),(7),(8),(9),(10),(11),(12),(13),(14),,,,,,,,,,,,,,
1,Aceh,32,326,358,6,10,16,9,60,69,74,408,482,,,,,,,,,,,,,,
2,Sumatera Utara,73,413,486,4,9,13,9,15,24,59,427,486,,,,,,,,,,,,,,
3,Sumatera Barat,47,297,344,3,4,7,6,12,18,67,502,569,,,,,,,,,,,,,,
4,Riau,36,249,285,0,1,1,3,17,20,22,170,192,,,,,,,,,,,,,,
5,Jambi,48,205,253,1,0,1,2,6,8,48,236,284,,,,,,,,,,,,,,
6,Sumatera Selatan,53,334,387,2,10,12,3,16,19,49,403,452,,,,,,,,,,,,,,
7,Bengkulu,26,113,139,3,6,9,1,0,1,3,54,57,,,,,,,,,,,,,,
8,Lampung,66,257,323,7,4,11,0,3,3,77,293,370,,,,,,,,,,,,,,
9,Kepulauan Bangka Belitung,27,90,117,2,1,3,1,0,1,26,106,132,,,,,,,,,,,,,,
10,Kepulauan Riau,14,63,77,1,0,1,0,0,0,8,58,66,,,,,,,,,,,,,,
11,DKI Jakarta,116,232,348,12,1,13,2,6,8,80,313,393,,,,,,,,,,,,,,
12,Jawa Barat,200,740,940,15,19,34,8,16,24,275,991,1.266,,,,,,,,,,,,,,
13,Jawa Tengah,217,878,1.095,29,28,57,50,141,191,289,1.092,1.381,,,,,,,,,,,,,,
14,DI Yogyakarta,37,167,204,2,7,9,16,21,37,60,284,344,,,,,,,,,,,,,,
15,Jawa Timur,225,960,1.185,24,26,50,33,54,87,279,779,1.058,,,,,,,,,,,,,,
16,Banten,27,131,158,5,6,11,1,9,10,39,131,170,,,,,,,,,,,,,,
17,Bali,35,99,134,3,1,4,3,2,5,71,199,270,,,,,,,,,,,,,,
18,Nusa Tenggara Barat,56,239,295,20,3,23,3,3,6,98,187,285,,,,,,,,,,,,,,
19,Nusa Tenggara Timur,114,308,422,4,7,11,6,15,21,101,365,466,,,,,,,,,,,,,,
20,Kalimantan Barat,90,217,307,3,2,5,1,1,2,125,273,398,,,,,,,,,,,,,,
21,Kalimantan Tengah,55,164,219,3,1,4,1,0,1,68,154,222,,,,,,,,,,,,,,
22,Kalimantan Selatan,63,280,343,1,2,3,3,5,8,98,345,443,,,,,,,,,,,,,,
23,Kalimantan Timur,45,203,248,0,0,0,1,3,4,43,105,148,,,,,,,,,,,,,,
24,Kalimantan Utara,18,38,56,0,1,1,0,1,1,24,31,55,,,,,,,,,,,,,,
25,Sulawesi Utara,24,28,52,1,1,2,6,16,22,37,208,245,,,,,,,,,,,,,,
26,Sulawesi Tengah,49,108,157,0,0,0,0,2,2,52,77,129,,,,,,,,,,,,,,
27,Sulawesi Selatan,67,366,433,4,9,13,5,15,20,120,480,600,,,,,,,,,,,,,,
28,Sulawesi Tenggara,47,144,191,1,4,5,3,12,15,37,134,171,,,,,,,,,,,,,,
29,Gorontalo,16,38,54,0,0,0,0,0,0,3,31,34,,,,,,,,,,,,,,
30,Sulawesi Barat,22,63,85,0,0,0,0,6,6,13,43,56,,,,,,,,,,,,,,
31,Maluku,8,44,52,2,1,3,1,5,6,12,26,38,,,,,,,,,,,,,,
32,Maluku Utara,24,82,106,1,3,4,1,3,4,8,27,35,,,,,,,,,,,,,,
33,Papua Barat,25,71,96,1,0,1,0,1,1,9,22,31,,,,,,,,,,,,,,
34,Papua,87,218,305,1,2,3,0,2,2,12,35,47,,,,,,,,,,,,,,
Indonesia,,2.089,8.165,10.254,161,169,330,178,468,646,2.386,8.989,11.375,,,,,,,,,,,,,,
No,Provinsi,Tenaga Kefarmasian,,,,,,,,,,,,,,,,,,,,,,,,,
,,Tenaga Kefarmasiana,,,Apoteker,,,Total,,,,,,,,,,,,,,,,,,,
,,L,P,L + P,L,P,L + P,L,P,L + P,,,,,,,,,,,,,,,,,
(1),(2),(3),(4),(5),(6),(7),(8),(9),(10),(11),,,,,,,,,,,,,,,,,
1,Aceh,128,949,1.077,50,272,322,178,1.221,1.399,,,,,,,,,,,,,,,,,
2,Sumatera Utara,183,1.384,1.567,100,445,545,283,1.829,2.112,,,,,,,,,,,,,,,,,
3,Sumatera Barat,122,1.010,1.132,61,332,393,183,1.342,1.525,,,,,,,,,,,,,,,,,
4,Riau,118,772,890,62,336,398,180,1.108,1.288,,,,,,,,,,,,,,,,,
5,Jambi,88,642,730,59,278,337,147,920,1.067,,,,,,,,,,,,,,,,,
6,Sumatera Selatan,190,1.103,1.293,82,309,391,272,1.412,1.684,,,,,,,,,,,,,,,,,
7,Bengkulu,75,361,436,33,167,200,108,528,636,,,,,,,,,,,,,,,,,
8,Lampung,140,547,687,73,238,311,213,785,998,,,,,,,,,,,,,,,,,
9,Kepulauan Bangka Belitung,86,379,465,54,172,226,140,551,691,,,,,,,,,,,,,,,,,
10,Kepulauan Riau,82,279,361,54,169,223,136,448,584,,,,,,,,,,,,,,,,,
11,DKI Jakarta,847,3.807,4.654,374,1.275,1.649,1.221,5.082,6.303,,,,,,,,,,,,,,,,,
12,Jawa Barat,980,4.013,4.993,591,1.840,2.431,1.571,5.853,7.424,,,,,,,,,,,,,,,,,
13,Jawa Tengah,817,5.539,6.356,533,2.830,3.363,1.350,8.369,9.719,,,,,,,,,,,,,,,,,
14,DI Yogyakarta,140,1.007,1.147,96,650,746,236,1.657,1.893,,,,,,,,,,,,,,,,,
15,Jawa Timur,834,5.279,6.113,528,2.310,2.838,1.362,7.589,8.951,,,,,,,,,,,,,,,,,
16,Banten,204,1.060,1.264,110,518,628,314,1.578,1.892,,,,,,,,,,,,,,,,,
17,Bali,118,673,791,162,236,398,280,909,1.189,,,,,,,,,,,,,,,,,
18,Nusa Tenggara Barat,180,376,556,86,241,327,266,617,883,,,,,,,,,,,,,,,,,
19,Nusa Tenggara Timur,124,524,648,38,152,190,162,676,838,,,,,,,,,,,,,,,,,
20,Kalimantan Barat,129,440,569,72,197,269,201,637,838,,,,,,,,,,,,,,,,,
21,Kalimantan Tengah,99,323,422,57,214,271,156,537,693,,,,,,,,,,,,,,,,,
22,Kalimantan Selatan,172,734,906,85,265,350,257,999,1.256,,,,,,,,,,,,,,,,,
23,Kalimantan Timur,171,559,730,85,278,363,256,837,1.093,,,,,,,,,,,,,,,,,
24,Kalimantan Utara,46,160,206,35,93,128,81,253,334,,,,,,,,,,,,,,,,,
25,Sulawesi Utara,82,320,402,36,162,198,118,482,600,,,,,,,,,,,,,,,,,
26,Sulawesi Tengah,106,539,645,65,225,290,171,764,935,,,,,,,,,,,,,,,,,
27,Sulawesi Selatan,190,1.063,1.253,167,887,1.054,357,1.950,2.307,,,,,,,,,,,,,,,,,
28,Sulawesi Tenggara,98,449,547,73,317,390,171,766,937,,,,,,,,,,,,,,,,,
29,Gorontalo,30,186,216,25,106,131,55,292,347,,,,,,,,,,,,,,,,,
30,Sulawesi Barat,26,130,156,33,90,123,59,220,279,,,,,,,,,,,,,,,,,
31,Maluku,30,129,159,15,148,163,45,277,322,,,,,,,,,,,,,,,,,
32,Maluku Utara,27,144,171,27,116,143,54,260,314,,,,,,,,,,,,,,,,,
33,Papua Barat,28,93,121,25,95,120,53,188,241,,,,,,,,,,,,,,,,,
34,Papua,109,265,374,36,171,207,145,436,581,,,,,,,,,,,,,,,,,
Indonesia,,6.799,35.238,42.037,3.982,16.134,20.116,10.781,51.372,62.153,,,,,,,,,,,,,,,,,
No,Provinsi,Tenaga Kefarmasian,,,,,,,,,,,,,,,,,,,,,,,,,
,,Tenaga Kefarmasiana,,,Apoteker,,,Total,,,,,,,,,,,,,,,,,,,
,,L,P,L + P,L,P,L + P,L,P,L + P,,,,,,,,,,,,,,,,,
(1),(2),(3),(4),(5),(6),(7),(8),(9),(10),(11),,,,,,,,,,,,,,,,,
1,Aceh,39,421,460,18,83,101,57,504,561,,,,,,,,,,,,,,,,,
2,Sumatera Utara,66,578,644,26,154,180,92,732,824,,,,,,,,,,,,,,,,,
3,Sumatera Barat,38,323,361,17,91,108,55,414,469,,,,,,,,,,,,,,,,,
4,Riau,33,284,317,26,109,135,59,393,452,,,,,,,,,,,,,,,,,
5,Jambi,25,226,251,12,63,75,37,289,326,,,,,,,,,,,,,,,,,
6,Sumatera Selatan,64,425,489,27,104,131,91,529,620,,,,,,,,,,,,,,,,,
7,Bengkulu,18,119,137,9,42,51,27,161,188,,,,,,,,,,,,,,,,,
8,Lampung,52,207,259,20,88,108,72,295,367,,,,,,,,,,,,,,,,,
9,Kepulauan Bangka Belitung,13,98,111,22,45,67,35,143,178,,,,,,,,,,,,,,,,,
10,Kepulauan Riau,17,71,88,20,64,84,37,135,172,,,,,,,,,,,,,,,,,
11,DKI Jakarta,146,508,654,37,118,155,183,626,809,,,,,,,,,,,,,,,,,
12,Jawa Barat,217,909,1.126,161,486,647,378,1.395,1.773,,,,,,,,,,,,,,,,,
13,Jawa Tengah,161,881,1.042,104,447,551,265,1.328,1.593,,,,,,,,,,,,,,,,,
14,DI Yogyakarta,24,142,166,13,99,112,37,241,278,,,,,,,,,,,,,,,,,
15,Jawa Timur,156,880,1.036,74,317,391,230,1.197,1.427,,,,,,,,,,,,,,,,,
16,Banten,31,124,155,29,150,179,60,274,334,,,,,,,,,,,,,,,,,
17,Bali,28,122,150,27,55,82,55,177,232,,,,,,,,,,,,,,,,,
18,Nusa Tenggara Barat,55,141,196,25,76,101,80,217,297,,,,,,,,,,,,,,,,,
19,Nusa Tenggara Timur,73,311,384,14,58,72,87,369,456,,,,,,,,,,,,,,,,,
20,Kalimantan Barat,45,213,258,30,81,111,75,294,369,,,,,,,,,,,,,,,,,
21,Kalimantan Tengah,58,161,219,29,96,125,87,257,344,,,,,,,,,,,,,,,,,
22,Kalimantan Selatan,64,273,337,41,122,163,105,395,500,,,,,,,,,,,,,,,,,
23,Kalimantan Timur,54,234,288,36,113,149,90,347,437,,,,,,,,,,,,,,,,,
24,Kalimantan Utara,14,58,72,14,33,47,28,91,119,,,,,,,,,,,,,,,,,
25,Sulawesi Utara,36,140,176,17,53,70,53,193,246,,,,,,,,,,,,,,,,,
26,Sulawesi Tengah,49,294,343,27,94,121,76,388,464,,,,,,,,,,,,,,,,,
27,Sulawesi Selatan,50,403,453,41,289,330,91,692,783,,,,,,,,,,,,,,,,,
28,Sulawesi Tenggara,44,220,264,34,135,169,78,355,433,,,,,,,,,,,,,,,,,
29,Gorontalo,9,93,102,9,49,58,18,142,160,,,,,,,,,,,,,,,,,
30,Sulawesi Barat,14,73,87,22,51,73,36,124,160,,,,,,,,,,,,,,,,,
31,Maluku,7,53,60,2,48,50,9,101,110,,,,,,,,,,,,,,,,,
32,Maluku Utara,13,61,74,14,48,62,27,109,136,,,,,,,,,,,,,,,,,
33,Papua Barat,11,52,63,6,38,44,17,90,107,,,,,,,,,,,,,,,,,
34,Papua,57,129,186,15,69,84,72,198,270,,,,,,,,,,,,,,,,,
Indonesia,,1.781,9.227,11.008,1.018,3.968,4.986,2.799,13.195,15.994,,,,,,,,,,,,,,,,,
No,Provinsi,Tenaga Psikologi Klinis,,,Tenaga Kesehatan Tradisional,,,,,,,,,,,,,,,,,,,,,,
,,,,,Tenaga Kesehatan Tradisional Ramuan,,,Tenaga Kesehatan Tradisional Keterampilan,,,,,,,,,,,,,,,,,,,
,,L,P,L + P,L,P,L + P,L,P,L + P,,,,,,,,,,,,,,,,,
(1),(2),(3),(4),(5),(6),(7),(8),(9),(10),(11),,,,,,,,,,,,,,,,,
1,Aceh,14,68,82,0,0,0,0,4,4,,,,,,,,,,,,,,,,,
2,Sumatera Utara,2,28,30,0,2,2,0,6,6,,,,,,,,,,,,,,,,,
3,Sumatera Barat,6,30,36,0,6,6,0,0,0,,,,,,,,,,,,,,,,,
4,Riau,2,34,36,2,0,2,0,0,0,,,,,,,,,,,,,,,,,
5,Jambi,4,14,18,0,0,0,0,0,0,,,,,,,,,,,,,,,,,
6,Sumatera Selatan,14,66,80,10,6,16,0,8,8,,,,,,,,,,,,,,,,,
7,Bengkulu,8,10,18,0,0,0,0,0,0,,,,,,,,,,,,,,,,,
8,Lampung,4,12,16,0,0,0,0,22,22,,,,,,,,,,,,,,,,,
9,Kepulauan Bangka Belitung,4,14,18,0,0,0,0,0,0,,,,,,,,,,,,,,,,,
10,Kepulauan Riau,2,12,14,0,0,0,0,0,0,,,,,,,,,,,,,,,,,
11,DKI Jakarta,14,128,142,42,54,96,58,112,170,,,,,,,,,,,,,,,,,
12,Jawa Barat,12,84,96,0,0,0,12,2,14,,,,,,,,,,,,,,,,,
13,Jawa Tengah,30,188,218,4,2,6,2,14,16,,,,,,,,,,,,,,,,,
14,DI Yogyakarta,6,130,136,0,12,12,0,2,2,,,,,,,,,,,,,,,,,
15,Jawa Timur,36,158,194,10,44,54,10,42,52,,,,,,,,,,,,,,,,,
16,Banten,2,4,6,0,0,0,0,0,0,,,,,,,,,,,,,,,,,
17,Bali,8,38,46,2,0,2,0,10,10,,,,,,,,,,,,,,,,,
18,Nusa Tenggara Barat,4,32,36,2,0,2,0,0,0,,,,,,,,,,,,,,,,,
19,Nusa Tenggara Timur,2,8,10,2,4,6,0,0,0,,,,,,,,,,,,,,,,,
20,Kalimantan Barat,6,20,26,0,0,0,0,0,0,,,,,,,,,,,,,,,,,
21,Kalimantan Tengah,4,10,14,0,0,0,0,0,0,,,,,,,,,,,,,,,,,
22,Kalimantan Selatan,6,54,60,0,0,0,8,4,12,,,,,,,,,,,,,,,,,
23,Kalimantan Timur,2,8,10,0,0,0,0,0,0,,,,,,,,,,,,,,,,,
24,Kalimantan Utara,2,8,10,0,0,0,0,0,0,,,,,,,,,,,,,,,,,
25,Sulawesi Utara,4,14,18,0,0,0,0,0,0,,,,,,,,,,,,,,,,,
26,Sulawesi Tengah,12,22,34,0,0,0,0,2,2,,,,,,,,,,,,,,,,,
27,Sulawesi Selatan,6,8,14,0,2,2,0,0,0,,,,,,,,,,,,,,,,,
28,Sulawesi Tenggara,4,14,18,0,0,0,0,0,0,,,,,,,,,,,,,,,,,
29,Gorontalo,0,0,0,0,0,0,0,0,0,,,,,,,,,,,,,,,,,
30,Sulawesi Barat,0,0,0,0,0,0,0,0,0,,,,,,,,,,,,,,,,,
31,Maluku,4,8,12,0,0,0,0,0,0,,,,,,,,,,,,,,,,,
32,Maluku Utara,2,4,6,0,0,0,0,4,4,,,,,,,,,,,,,,,,,
33,Papua Barat,0,8,8,0,0,0,0,0,0,,,,,,,,,,,,,,,,,
34,Papua,2,4,6,0,2,2,56,68,124,,,,,,,,,,,,,,,,,
Indonesia,,228,1.240,1.468,74,134,208,146,300,446,,,,,,,,,,,,,,,,,
No,Provinsi,Tenaga Psikologi Klinis,,,Tenaga Kesehatan Tradisional,,,,,,,,,,,,,,,,,,,,,,
,,,,,Tenaga Kesehatan Tradisional Ramuan,,,Tenaga Kesehatan Tradisional Keterampilan,,,,,,,,,,,,,,,,,,,
,,L,P,L + P,L,P,L + P,L,P,L + P,,,,,,,,,,,,,,,,,
(1),(2),(3),(4),(5),(6),(7),(8),(9),(10),(11),,,,,,,,,,,,,,,,,
1,Aceh,4,8,12,0,0,0,0,4,4,,,,,,,,,,,,,,,,,
2,Sumatera Utara,0,12,12,0,2,2,0,2,2,,,,,,,,,,,,,,,,,
3,Sumatera Barat,0,0,0,0,6,6,0,0,0,,,,,,,,,,,,,,,,,
4,Riau,0,4,4,0,0,0,0,0,0,,,,,,,,,,,,,,,,,
5,Jambi,0,0,0,0,0,0,0,0,0,,,,,,,,,,,,,,,,,
6,Sumatera Selatan,6,6,12,0,0,0,0,0,0,,,,,,,,,,,,,,,,,
7,Bengkulu,2,4,6,0,0,0,0,0,0,,,,,,,,,,,,,,,,,
8,Lampung,0,2,2,0,0,0,0,0,0,,,,,,,,,,,,,,,,,
9,Kepulauan Bangka Belitung,4,0,4,0,0,0,0,0,0,,,,,,,,,,,,,,,,,
10,Kepulauan Riau,0,0,0,0,0,0,0,0,0,,,,,,,,,,,,,,,,,
11,DKI Jakarta,12,0,12,0,0,0,0,0,0,,,,,,,,,,,,,,,,,
12,Jawa Barat,0,0,0,0,0,0,0,0,0,,,,,,,,,,,,,,,,,
13,Jawa Tengah,0,2,2,0,0,0,0,0,0,,,,,,,,,,,,,,,,,
14,DI Yogyakarta,6,128,134,0,0,0,0,0,0,,,,,,,,,,,,,,,,,
15,Jawa Timur,14,2,16,10,40,50,10,40,50,,,,,,,,,,,,,,,,,
16,Banten,0,2,2,0,0,0,0,0,0,,,,,,,,,,,,,,,,,
17,Bali,0,0,0,0,0,0,0,0,0,,,,,,,,,,,,,,,,,
18,Nusa Tenggara Barat,0,4,4,2,0,2,0,0,0,,,,,,,,,,,,,,,,,
19,Nusa Tenggara Timur,0,0,0,2,4,6,0,0,0,,,,,,,,,,,,,,,,,
20,Kalimantan Barat,0,12,12,0,0,0,0,0,0,,,,,,,,,,,,,,,,,
21,Kalimantan Tengah,0,0,0,0,0,0,0,0,0,,,,,,,,,,,,,,,,,
22,Kalimantan Selatan,0,0,0,0,0,0,0,0,0,,,,,,,,,,,,,,,,,
23,Kalimantan Timur,0,0,0,0,0,0,0,0,0,,,,,,,,,,,,,,,,,
24,Kalimantan Utara,0,6,6,0,0,0,0,0,0,,,,,,,,,,,,,,,,,
25,Sulawesi Utara,2,4,6,0,0,0,0,0,0,,,,,,,,,,,,,,,,,
26,Sulawesi Tengah,2,10,12,0,0,0,0,0,0,,,,,,,,,,,,,,,,,
27,Sulawesi Selatan,0,0,0,0,0,0,0,0,0,,,,,,,,,,,,,,,,,
28,Sulawesi Tenggara,0,0,0,0,0,0,0,0,0,,,,,,,,,,,,,,,,,
29,Gorontalo,0,0,0,0,0,0,0,0,0,,,,,,,,,,,,,,,,,
30,Sulawesi Barat,0,0,0,0,0,0,0,0,0,,,,,,,,,,,,,,,,,
31,Maluku,0,0,0,0,0,0,0,0,0,,,,,,,,,,,,,,,,,
32,Maluku Utara,0,2,2,0,0,0,0,0,0,,,,,,,,,,,,,,,,,
33,Papua Barat,0,0,0,0,0,0,0,0,0,,,,,,,,,,,,,,,,,
34,Papua,2,0,2,0,2,2,56,68,124,,,,,,,,,,,,,,,,,
Indonesia,,54,208,262,14,54,68,66,114,180,,,,,,,,,,,,,,,,,
FASILITAS KESEHATAN TINGKAT PERTAMA YANG BEKERJA SAMA DENGAN BPJS KESEHATAN TAHUN 2019,,,,,,,,,,,,,,,,,,,,,,,,,,,
No,Provinsi,Fasilitas Kesehatan Tingkat Pertama,,,,,Total,,,,,,,,,,,,,,,,,,,,
,,Dokter Praktik Perorangan,Klinik Pratama,Puskesmas,RS Tipe D Pratama,Lainnya,,,,,,,,,,,,,,,,,,,,,
(1),(2),(3),(4),(5),(6),(8),(9),,,,,,,,,,,,,,,,,,,,
1,Aceh,82,178,353,0,3,616,,,,,,,,,,,,,,,,,,,,
2,Sumatera Utara,139,543,586,2,9,1.279,,,,,,,,,,,,,,,,,,,,
3,Sumatera Barat,115,150,274,2,36,577,,,,,,,,,,,,,,,,,,,,
4,Riau,91,269,227,0,24,611,,,,,,,,,,,,,,,,,,,,
5,Jambi,84,73,196,0,16,369,,,,,,,,,,,,,,,,,,,,
6,Sumatera Selatan,247,218,341,0,46,852,,,,,,,,,,,,,,,,,,,,
7,Bengkulu,95,43,179,1,17,335,,,,,,,,,,,,,,,,,,,,
8,Lampung,137,185,310,0,10,642,,,,,,,,,,,,,,,,,,,,
9,Kepulauan Bangka Belitung,33,32,64,1,5,135,,,,,,,,,,,,,,,,,,,,
10,Kepulauan Riau,13,127,81,0,1,222,,,,,,,,,,,,,,,,,,,,
11,DKI Jakarta,18,349,324,0,1,692,,,,,,,,,,,,,,,,,,,,
12,Jawa Barat,536,1354,1066,0,67,3.023,,,,,,,,,,,,,,,,,,,,
13,Jawa Tengah,1156,704,878,1,306,3.045,,,,,,,,,,,,,,,,,,,,
14,D I Yogyakarta,112,118,121,0,37,388,,,,,,,,,,,,,,,,,,,,
15,Jawa Timur,756,777,967,0,222,2.722,,,,,,,,,,,,,,,,,,,,
16,Banten,13,424,242,0,3,682,,,,,,,,,,,,,,,,,,,,
17,Bali,334,119,120,4,91,668,,,,,,,,,,,,,,,,,,,,
18,Nusa Tenggara Barat,100,53,166,1,12,332,,,,,,,,,,,,,,,,,,,,
19,Nusa Tenggara Timur,94,84,403,1,32,614,,,,,,,,,,,,,,,,,,,,
20,Kalimantan Barat,83,86,245,0,13,427,,,,,,,,,,,,,,,,,,,,
21,Kalimantan Tengah,75,60,201,0,7,343,,,,,,,,,,,,,,,,,,,,
22,Kalimantan Selatan,163,104,234,0,40,541,,,,,,,,,,,,,,,,,,,,
23,Kalimantan Timur,126,152,185,2,44,509,,,,,,,,,,,,,,,,,,,,
24,Kalimantan Utara,30,21,51,3,6,111,,,,,,,,,,,,,,,,,,,,
25,Sulawesi Utara,168,60,191,0,30,449,,,,,,,,,,,,,,,,,,,,
26,Sulawesi Tengah,47,50,205,4,12,318,,,,,,,,,,,,,,,,,,,,
27,Sulawesi Selatan,214,215,458,1,82,970,,,,,,,,,,,,,,,,,,,,
28,Sulawesi Tenggara,66,40,286,1,10,403,,,,,,,,,,,,,,,,,,,,
29,Gorontalo,35,33,93,0,7,168,,,,,,,,,,,,,,,,,,,,
30,Sulawesi Barat,36,20,94,1,5,156,,,,,,,,,,,,,,,,,,,,
31,Maluku,34,24,205,0,8,271,,,,,,,,,,,,,,,,,,,,
32,Maluku Utara,38,21,136,2,10,207,,,,,,,,,,,,,,,,,,,,
33,Papua Barat,25,21,155,0,3,204,,,,,,,,,,,,,,,,,,,,
34,Papua,59,59,413,5,13,549,,,,,,,,,,,,,,,,,,,,
Total,,5.354,6.766,10.050,32,1.228,23.430,,,,,,,,,,,,,,,,,,,,
No,Provinsi,Jumlah Puskesmas,Puskesmas Melaksanakan Kelas Ibu Hamil,,Puskesmas Melaksanakan P4K,,Jumlah RTK,,,,,,,,,,,,,,,,,,,,
,,,Jumlah,%,Jumlah,%,Jumlah,,,,,,,,,,,,,,,,,,,,
(1),(2),(3),(4),(5),(6),(7),(8),,,,,,,,,,,,,,,,,,,,
1,Aceh,359,323,"89,97",310,"86,35",1,,,,,,,,,,,,,,,,,,,,
2,Sumatera Utara,601,596,"99,17",586,"97,50",187,,,,,,,,,,,,,,,,,,,,
3,Sumatera Barat,275,272,"98,91",271,"98,55",12,,,,,,,,,,,,,,,,,,,,
4,Riau,226,194,"85,84",223,"98,67",42,,,,,,,,,,,,,,,,,,,,
5,Jambi,204,204,"100,00",204,"100,00",0,,,,,,,,,,,,,,,,,,,,
6,Sumatera Selatan,342,340,"99,42",340,"99,42",0,,,,,,,,,,,,,,,,,,,,
7,Bengkulu,180,179,"99,44",178,"98,89",61,,,,,,,,,,,,,,,,,,,,
8,Lampung,310,310,"100,00",310,"100,00",21,,,,,,,,,,,,,,,,,,,,
9,Kepulauan Bangka Belitung,64,64,"100,00",64,"100,00",5,,,,,,,,,,,,,,,,,,,,
10,Kepulauan Riau,86,83,"96,51",71,"82,56",0,,,,,,,,,,,,,,,,,,,,
11,DKI Jakarta,315,315,"100,00",315,"100,00",0,,,,,,,,,,,,,,,,,,,,
12,Jawa Barat,1.072,1.043,"97,29",1.043,"97,29",0,,,,,,,,,,,,,,,,,,,,
13,Jawa Tengah,878,853,"97,15",846,"96,36",0,,,,,,,,,,,,,,,,,,,,
14,DI Yogyakarta,121,121,"100,00",121,"100,00",0,,,,,,,,,,,,,,,,,,,,
15,Jawa Timur,968,965,"99,69",947,"97,83",10,,,,,,,,,,,,,,,,,,,,
16,Banten,243,242,"99,59",242,"99,59",0,,,,,,,,,,,,,,,,,,,,
17,Bali,120,120,"100,00",120,"100,00",40,,,,,,,,,,,,,,,,,,,,
18,Nusa Tenggara Barat,169,169,"100,00",169,"100,00",3,,,,,,,,,,,,,,,,,,,,
19,Nusa Tenggara Timur,402,411,"102,24",411,"102,24",0,,,,,,,,,,,,,,,,,,,,
20,Kalimantan Barat,246,231,"93,90",233,"94,72",16,,,,,,,,,,,,,,,,,,,,
21,Kalimantan Tengah,203,168,"82,76",201,"99,01",86,,,,,,,,,,,,,,,,,,,,
22,Kalimantan Selatan,235,231,"98,30",222,"94,47",6,,,,,,,,,,,,,,,,,,,,
23,Kalimantan Timur,186,184,"98,92",184,"98,92",42,,,,,,,,,,,,,,,,,,,,
24,Kalimantan Utara,56,54,"96,43",53,"94,64",22,,,,,,,,,,,,,,,,,,,,
25,Sulawesi Utara,195,193,"98,97",193,"98,97",0,,,,,,,,,,,,,,,,,,,,
26,Sulawesi Tengah,206,90,"43,69",171,"83,01",0,,,,,,,,,,,,,,,,,,,,
27,Sulawesi Selatan,458,455,"99,34",442,"96,51",171,,,,,,,,,,,,,,,,,,,,
28,Sulawesi Tenggara,290,257,"88,62",290,"100,00",128,,,,,,,,,,,,,,,,,,,,
29,Gorontalo,93,92,"98,92",67,"72,04",0,,,,,,,,,,,,,,,,,,,,
30,Sulawesi Barat,95,95,"100,00",94,"98,95",43,,,,,,,,,,,,,,,,,,,,
31,Maluku,209,181,"86,60",176,"84,21",7,,,,,,,,,,,,,,,,,,,,
32,Maluku Utara,148,143,"96,62",143,"96,62",0,,,,,,,,,,,,,,,,,,,,
33,Papua Barat,159,73,"45,91",25,"15,72",2,,,,,,,,,,,,,,,,,,,,
34,Papua,420,188,"44,76",218,"51,90",0,,,,,,,,,,,,,,,,,,,,
Indonesia,,10.134,9.439,"93,14",9.483,"93,58",905,,,,,,,,,,,,,,,,,,,,
No,Provinsi,PUS Peserta KB,,,,,,,,,,,,,,,,,,,,,,,,,
,,Fasilitas Kesehatan Rujukan Tingkat Lanjut (FKRTL),,,,,,,Fasilitas Kesehatan Tingkat Pertama (FKTP),,,,,,Jejaring,,,,,Pelayanan Bergerak,%,,%,,,,
,,RSUP/RSUD,RS TNI,RS Polri,RS Swasta,Klinik Utama,Jumlah,%,Puskesmas,Klinik Pratama,Praktek Dokter,RS Pratama,Jumlah,%,Pustu/Pusling/ Bidan Desa,Poskesdes/Poli ndes,Praktek Bidan,Jumlah,%,,,Lainnya,,,,,
(1),(2),(3),(4),(5),(6),(7),(8),(9),(10),(11),(12),(13),(14),(15),(16),(17),(18),(19),(20),(21),(22),(23),(24),,,,
1,Aceh,7.486,361,170,1.027,1.510,10.554,"1,6",103.791,2.314,6.087,134,112.326,"16,9",76.936,35.821,97.211,209.968,"31,6",3.625,"0,5",29.720,"4,5",,,,
2,Sumatera Utara,47.671,3.721,1.701,16.463,9.752,79.308,"4,7",142.793,13.387,14.585,4.853,175.618,"10,3",141.028,31.803,297.068,469.899,"27,7",29.875,"1,8",117.194,"6,9",,,,
3,Sumatera Barat,18.726,1.228,345,4.055,1.748,26.102,"3,5",82.903,2.220,5.349,219,90.691,"12,3",130.765,30.613,121.526,282.904,"38,3",4.714,"0,6",23.825,"3,2",,,,
4,Riau,11.756,431,411,5.221,4.819,22.638,"2,9",77.674,3.945,9.958,3.921,95.498,"12,1",85.786,17.395,142.294,245.475,"31,2",6.624,"0,8",42.366,"5,4",,,,
5,Jambi,5.432,420,302,2.708,2.972,11.834,"1,9",66.518,2.468,5.117,142,74.245,"11,8",142.359,21.994,128.543,292.896,"46,4",15.785,"2,5",43.866,"7,0",,,,
6,Sumatera Selatan,10.157,556,368,3.488,1.223,15.792,"1,3",129.322,1.988,8.511,398,140.219,"11,3",154.947,130.198,337.556,622.701,"50,4",17.014,"1,4",30.782,"2,5",,,,
7,Bengkulu,4.801,223,244,1.017,589,6.874,"2,2",44.076,620,1.863,81,46.640,"14,7",83.384,10.204,61.033,154.621,"48,9",7.968,"2,5",9.944,"3,1",,,,
8,Lampung,12.125,495,280,4.416,3.564,20.880,"1,7",164.789,3.974,11.502,662,180.927,"14,7",198.252,34.370,364.351,596.973,"48,5",8.634,"0,7",44.052,"3,6",,,,
9,Kep. Bangka Belitung,1.995,47,17,919,577,3.555,"1,7",10.521,507,2.021,101,13.150,"6,2",35.694,24.361,47.970,108.025,"50,7",3.128,"1,5",17.344,"8,1",,,,
10,Kepulauan Riau,8.976,265,31,2.512,2.317,14.101,"5,2",18.351,2.262,3.396,91,24.100,"8,9",15.230,6.305,44.682,66.217,"24,6",950,"0,4",21.772,"8,1",,,,
11,DKI Jakarta,22.385,4.384,1.465,40.425,8.905,77.564,"7,6",154.772,14.666,31.941,1.163,202.542,"19,7",4.698,938,219.667,225.303,"21,9",7.470,"0,7",75.286,"7,3",,,,
12,Jawa Barat,128.652,23.635,7.543,93.793,29.907,283.530,"3,6",779.618,33.734,106.755,3.905,924.012,"11,6",875.687,99.365,2.555.587,3.530.639,"44,3",65.662,"0,8",517.774,"6,5",,,,
13,Jawa Tengah,167.119,9.675,2.598,58.488,11.293,249.173,"4,2",577.008,17.316,78.016,3.950,676.290,"11,4",661.209,155.951,1.843.701,2.660.861,"44,7",28.170,"0,5",278.453,"4,7",,,,
14,DI Yogyakarta,25.093,1.543,559,13.613,2.203,43.011,"8,0",90.885,3.208,9.724,387,104.204,"19,3",11.237,1.914,128.687,141.838,"26,3",1.537,"0,3",32.861,"6,1",,,,
15,Jawa Timur,55.453,5.747,3.196,30.583,7.223,102.202,"1,6",194.601,7.762,43.994,20.472,266.829,"4,2",223.779,129.814,615.922,969.515,"15,3",11.643,"0,2",2.800.982,"44,2",,,,
16,Banten,38.731,1.494,539,22.254,12.606,75.624,"4,4",195.373,14.891,23.016,2.171,235.451,"13,7",202.007,21.556,477.417,700.980,"40,7",23.848,"1,4",91.820,"5,3",,,,
17,Bali,17.046,604,428,8.989,980,28.047,"5,1",75.597,2.191,22.843,183,100.814,"18,2",34.013,8.150,178.344,220.507,"39,8",2.487,"0,4",22.074,"4,0",,,,
18,Nusa Tenggara Barat,11.760,1.009,564,1.775,1.214,16.322,"1,8",106.466,2.646,9.255,558,118.925,"13,1",137.556,164.161,82.596,384.313,"42,3",11.205,"1,2",44.844,"4,9",,,,
19,Nusa Tenggara Timur,10.908,274,165,839,519,12.705,"2,7",79.254,502,1.101,92,80.949,"17,3",45.267,28.285,2.737,76.289,"16,3",1.598,"0,3",9.173,"2,0",,,,
20,Kalimantan Barat,3.225,585,1.211,3.173,2.291,10.485,"2,5",61.150,2.014,3.326,396,66.886,"16,0",54.645,54.079,48.279,157.003,"37,5",3.174,"0,8",19.158,"4,6",,,,
21,Kalimantan Tengah,1.939,272,257,335,756,3.559,"1,1",47.445,1.037,1.689,5.684,55.855,"17,8",66.772,24.899,38.180,129.851,"41,3",2.137,"0,7",29.545,"9,4",,,,
22,Kalimantan Selatan,5.166,429,171,835,1.158,7.759,"1,2",70.394,1.958,5.091,75,77.518,"11,9",114.590,33.499,123.350,271.439,"41,7",11.041,"1,7",89.245,"13,7",,,,
23,Kalimantan Timur,9.661,1.148,336,7.427,2.770,21.342,"4,1",74.987,2.859,10.290,429,88.565,"16,9",27.502,10.989,103.215,141.706,"27,1",3.286,"0,6",40.634,"7,8",,,,
24,Kalimantan Utara,1.323,89,20,251,465,2.148,"2,7",11.048,417,2.086,46,13.597,"17,0",6.509,691,10.156,17.356,"21,7",863,"1,1",6.326,"7,9",,,,
25,Sulawesi Utara,9.496,1.183,894,2.181,2.289,16.043,"4,0",77.823,1.892,13.874,975,94.564,"23,8",47.691,9.901,54.342,111.934,"28,1",11.678,"2,9",31.683,"8,0",,,,
26,Sulawesi Tengah,6.115,201,123,790,682,7.911,"1,7",58.754,1.563,2.034,121,62.472,"13,3",110.762,45.842,28.633,185.237,"39,3",6.034,"1,3",34.532,"7,3",,,,
27,Sulawesi Selatan,22.308,2.390,1.284,7.064,2.966,36.012,"2,9",227.333,3.145,8.120,1.346,239.944,"19,0",272.332,55.083,105.924,433.339,"34,3",13.265,"1,1",64.070,"5,1",,,,
28,Sulawesi Tenggara,5.688,1.837,1.469,1.783,2.178,12.955,"4,0",53.300,1.490,2.264,443,57.497,"17,6",57.387,13.477,18.005,88.869,"27,2",5.496,"1,7",17.601,"5,4",,,,
29,Gorontalo,4.278,78,25,450,370,5.201,"2,9",44.958,904,1.937,40,47.839,"26,7",20.096,8.878,15.030,44.004,"24,6",6.623,"3,7",15.180,"8,5",,,,
30,Sulawesi Barat,1.860,59,16,260,347,2.542,"1,3",27.905,461,622,32,29.020,"14,7",47.578,8.638,12.627,68.843,"34,8",2.384,"1,2",8.125,"4,1",,,,
31,Maluku,1.945,397,88,276,373,3.079,"1,4",33.737,506,637,18,34.898,"15,8",25.934,3.782,11.940,41.656,"18,9",1.720,"0,8",6.547,"3,0",,,,
32,Maluku Utara,1.820,46,20,105,324,2.315,"1,3",29.717,272,475,22,30.486,"17,6",30.730,8.190,13.802,52.722,"30,4",2.332,"1,3",3.315,"1,9",,,,
33,Papua Barat,1.066,208,83,65,91,1.513,"1,2",12.234,60,225,5,12.524,"9,9",4.471,1.143,1.332,6.946,"5,5",122,"0,1",2.238,"1,8",,,,
34,Papua,1.528,403,9,122,332,2.394,"2,9",19.625,211,514,156,20.506,"24,8",5.721,299,2.430,8.450,"10,2",216,"0,3",2.029,"2,5",,,,
Indonesia,,683.690,65.437,26.932,337.702,121.313,1.235.074,"3,2",3.944.722,149.390,448.218,53.271,4.595.601,"11,9",4.152.554,1.232.588,8.334.137,13.719.279,"35,5",322.308,"0,8",4.624.360,"12,0",,,,
No,Provinsi,Jumlah Puskesmas,Puskesmas,,,,,,,,,,,,,,,,,,,,,,,,
,,,Melaksanakan Orientasi P4K,,Melaksanakan Kegiatan Kesehatan Remaja,,Melaksanakan Penjaringan Kesehatan Kelas 1,,Melaksanakan Penjaringan Kesehatan Kelas 7 Dan 10,,Melaksanakan Penjaringan Kesehatan Kelas 1. 7. 10,,,,,,,,,,,,,,,,
,,,Jumlah,%,Jumlah,%,Jumlah,%,Jumlah,%,Jumlah,%,,,,,,,,,,,,,,,
(1),(2),(3),(6),(7),(8),(9),(10),(11),(12),(13),(14),(15),,,,,,,,,,,,,,,
1,Aceh,359,310,"86,35",167,"46,52",332,"92,48",317,"88,3",306,"85,24",,,,,,,,,,,,,,,
2,Sumatera Utara,601,586,"97,5",348,"57,9",573,"95,34",566,"94,18",566,"94,18",,,,,,,,,,,,,,,
3,Sumatera Barat,275,271,"98,55",247,"89,82",257,"93,45",255,"92,73",248,"90,18",,,,,,,,,,,,,,,
4,Riau,226,222,"98,23",222,"98,23",308,"136,28",302,"133,63",303,"134,07",,,,,,,,,,,,,,,
5,Jambi,204,204,100,193,"94,61",204,100,204,100,204,100,,,,,,,,,,,,,,,
6,Sumatera Selatan,342,340,"99,42",242,"70,76",300,"87,72",290,"84,8",280,"81,87",,,,,,,,,,,,,,,
7,Bengkulu,180,178,"98,89",145,"80,56",166,"92,22",161,"89,44",160,"88,89",,,,,,,,,,,,,,,
8,Lampung,310,310,100,289,"93,23",309,"99,68",306,"98,71",303,"97,74",,,,,,,,,,,,,,,
9,Kepulauan Bangka Belitung,64,64,100,64,100,64,100,64,100,64,100,,,,,,,,,,,,,,,
10,Kepulauan Riau,86,71,"82,56",61,"70,93",84,"97,67",83,"96,51",83,"96,51",,,,,,,,,,,,,,,
11,DKI Jakarta,315,315,100,206,"65,4",315,100,315,100,315,100,,,,,,,,,,,,,,,
12,Jawa Barat,1.072,1.033,"96,36",670,"62,5",1.065,"99,35",1.035,"96,55",1.035,"96,55",,,,,,,,,,,,,,,
13,Jawa Tengah,878,846,"96,36",720,82,868,"98,86",868,"98,86",868,"98,86",,,,,,,,,,,,,,,
14,DI Yogyakarta,121,121,100,84,"69,42",121,100,112,"92,56",97,"80,17",,,,,,,,,,,,,,,
15,Jawa Timur,968,947,"97,83",553,"57,13",939,97,936,"96,69",927,"95,76",,,,,,,,,,,,,,,
16,Banten,243,242,"99,59",176,"72,43",239,"98,35",186,"76,54",174,"71,6",,,,,,,,,,,,,,,
17,Bali,120,120,100,120,100,120,100,120,100,120,100,,,,,,,,,,,,,,,
18,Nusa Tenggara Barat,169,169,100,169,100,169,100,169,100,169,100,,,,,,,,,,,,,,,
19,Nusa Tenggara Timur,402,411,"102,24",293,"72,89",411,"102,24",411,"102,24",387,"96,27",,,,,,,,,,,,,,,
20,Kalimantan Barat,246,233,"94,72",147,"59,76",191,"77,64",193,"78,46",190,"77,24",,,,,,,,,,,,,,,
21,Kalimantan Tengah,203,201,"99,01",108,"53,2",178,"87,68",177,"87,19",177,"87,19",,,,,,,,,,,,,,,
22,Kalimantan Selatan,235,222,"94,47",133,"56,6",217,"92,34",173,"73,62",173,"73,62",,,,,,,,,,,,,,,
23,Kalimantan Timur,186,184,"98,92",166,"89,25",133,"71,51",93,50,88,"47,31",,,,,,,,,,,,,,,
24,Kalimantan Utara,56,53,"94,64",48,"85,71",55,"98,21",55,"98,21",55,"98,21",,,,,,,,,,,,,,,
25,Sulawesi Utara,195,193,"98,97",121,"62,05",165,"84,62",152,"77,95",149,"76,41",,,,,,,,,,,,,,,
26,Sulawesi Tengah,206,171,"83,01",64,"31,07",182,"88,35",174,"84,47",174,"84,47",,,,,,,,,,,,,,,
27,Sulawesi Selatan,458,442,"96,51",253,"55,24",449,"98,03",414,"90,39",397,"86,68",,,,,,,,,,,,,,,
28,Sulawesi Tenggara,290,290,100,107,"36,9",254,"87,59",249,"85,86",244,"84,14",,,,,,,,,,,,,,,
29,Gorontalo,93,67,"72,04",64,"68,82",93,100,93,100,93,100,,,,,,,,,,,,,,,
30,Sulawesi Barat,95,94,"98,95",57,60,84,"88,42",84,"88,42",84,"88,42",,,,,,,,,,,,,,,
31,Maluku,209,176,"84,21",125,"59,81",198,"94,74",170,"81,34",162,"77,51",,,,,,,,,,,,,,,
32,Maluku Utara,148,143,"96,62",77,"52,03",139,"93,92",141,"95,27",141,"95,27",,,,,,,,,,,,,,,
33,Papua Barat,159,25,"15,72",61,"38,36",42,"26,42",34,"21,38",37,"23,27",,,,,,,,,,,,,,,
34,Papua,420,218,"51,9",138,"32,86",175,"41,67",139,"33,1",121,28.81,,,,,,,,,,,,,,,
Indonesia,,10.134,9.472,"93,47",6.638,"65,50",9.399,"92,75",9.041,"89,21",8894,"87,8",,,,,,,,,,,,,,,
No,Provinsi,Jumlah Penduduk,Perkiraan Jumlah Terduga Tuberkulosis,Perkiraan Jumlah Terduga Tuberkulosis Yang Mendapatkan Pelayanan Sesuai Standar,% Orang Terduga Tuberkulosis (TBC) Mendapatkan Pelayanan Tuberkulosis Sesuai Standar,Jumlah Semua Kasus Tuberkulosis,,,,,Case Notification Rate (CNR) Semua Kasus Tuberkulosis Per 100.000 Penduduk,Perkiraan Insiden Tuberkulosis (Dalam Absolut) *),Case Detection Rate (CDR%),Kasus Tuberkulosis Anak 0-14 Tahun,Cakupan Penemuan Kasus Tuberkulosis Anak (%),,,,,,,,,,,,
,,,,,,Laki-laki,,Perempuan,,Laki-laki + Perempuan,,,,,,,,,,,,,,,,,
,,,,,,Jumlah,%,Jumlah,%,,,,,,,,,,,,,,,,,,
(1),(2),(3),(4),(5),(6),(7),(8),(9),(10),(11),(12),(13),(14),(15),(16),,,,,,,,,,,,
1,Aceh,5.371.532,58.758,32.650,"55,6",5.489,"65,4",2.907,"34,6",8.396,156,20.125,"41,7",232,"9,6",,,,,,,,,,,,
2,Sumatera Utara,14.562.549,203.271,69.591,"34,2",19.457,"65,0",10.483,"35,0",29.940,206,62.745,"47,7",1.889,"25,1",,,,,,,,,,,,
3,Sumatera Barat,5.441.197,80.579,60.137,"74,6",6.808,"61,7",4.218,"38,3",11.026,203,22.944,"48,1",1.726,"62,7",,,,,,,,,,,,
4,Riau,6.971.745,99.465,35.824,"36,0",6.763,"62,9",3.997,"37,1",10.760,154,27.601,"39,0",1.106,"33,4",,,,,,,,,,,,
5,Jambi,3.624.579,26.554,14.737,"55,5",3.011,"60,3",1.986,"39,7",4.997,138,13.665,"36,6",590,"36,0",,,,,,,,,,,,
6,Sumatera Selatan,8.470.683,143.249,61.945,"43,2",11.994,"60,8",7.729,"39,2",19.723,233,33.733,"58,5",1.956,"48,3",,,,,,,,,,,,
7,Bengkulu,1.991.838,20.895,14.792,"70,8",1.995,"61,0",1.273,"39,0",3.268,164,7.750,"42,2",449,"48,3",,,,,,,,,,,,
8,Lampung,8.447.737,84.018,73.279,"87,2",9.195,"57,4",6.811,"42,6",16.006,189,29.473,"54,3",1.655,"46,8",,,,,,,,,,,,
9,Kep. Bangka Belitung,1.488.792,15.574,14.023,"90,0",1.365,"63,0",803,"37,0",2.168,146,5.916,"36,6",274,"38,6",,,,,,,,,,,,
10,Kepulauan Riau,2.189.653,37.213,19.023,"51,1",3.268,"60,0",2.181,"40,0",5.449,249,10.827,"50,3",618,"47,6",,,,,,,,,,,,
11,DKI Jakarta,10.557.810,230.243,110.754,"48,1",23.664,"57,1",17.780,"42,9",41.444,393,47.375,"87,5",5.401,"95,0",,,,,,,,,,,,
12,Jawa Barat,49.316.712,621.621,248.511,"40,0",67.040,"54,5",55.981,"45,5",123.021,249,127.906,"96,2",20.914,"136,3",,,,,,,,,,,,
13,Jawa Tengah,34.718.204,385.101,195.536,"50,8",30.326,"55,5",24.314,"44,5",54.640,157,82.978,"65,8",7.062,"70,9",,,,,,,,,,,,
14,DI Yogyakarta,3.842.932,30.638,23.458,"76,6",2.351,"56,7",1.793,"43,3",4.144,108,9.064,"45,7",686,"63,1",,,,,,,,,,,,
15,Jawa Timur,39.698.631,432.201,306.642,"70,9",36.229,"55,4",29.219,"44,6",65.448,165,95.811,"68,3",5.239,"45,6",,,,,,,,,,,,
16,Banten,12.927.316,142.395,74.278,"52,2",16.617,"57,7",12.195,"42,3",28.812,223,33.058,"87,2",3.123,"78,7",,,,,,,,,,,,
17,Bali,4.336.923,29.537,19.784,"67,0",2.489,"59,1",1.721,"40,9",4.210,97,12.391,"34,0",245,"16,5",,,,,,,,,,,,
18,Nusa Tenggara Barat,5.070.385,51.965,17.972,"34,6",4.450,"61,2",2.820,"38,8",7.270,143,17.715,"41,0",494,"23,2",,,,,,,,,,,,
19,Nusa Tenggara Timur,5.456.203,59.685,41.514,"69,6",4.267,"56,6",3.275,"43,4",7.542,138,18.833,"40,0",444,"19,6",,,,,,,,,,,,
20,Kalimantan Barat,5.069.127,47.478,20.973,"44,2",5.982,"64,1",3.352,"35,9",9.334,184,17.212,"54,2",1.131,"54,8",,,,,,,,,,,,
21,Kalimantan Tengah,2.714.859,30.410,12.825,"42,2",2.372,"61,9",1.461,"38,1",3.833,141,9.369,"40,9",286,"25,4",,,,,,,,,,,,
22,Kalimantan Selatan,4.244.096,58.659,32.307,"55,1",4.180,"60,5",2.724,"39,5",6.904,163,15.069,"45,8",750,"41,5",,,,,,,,,,,,
23,Kalimantan Timur,3.721.389,57.878,38.427,"66,4",4.462,"57,7",3.268,"42,3",7.730,208,14.442,"53,5",964,"55,6",,,,,,,,,,,,
24,Kalimantan Utara,742.245,13.455,7.225,"53,7",1.097,"61,6",684,"38,4",1.781,240,2.768,"64,3",332,"99,9",,,,,,,,,,,,
25,Sulawesi Utara,2.506.981,45.412,32.288,"71,1",5.245,"63,7",2.988,"36,3",8.233,328,9.521,"86,5",180,"15,8",,,,,,,,,,,,
26,Sulawesi Tengah,3.054.023,44.122,41.708,"94,5",3.572,"62,2",2.175,"37,8",5.747,188,10.207,"56,3",214,"17,5",,,,,,,,,,,,
27,Sulawesi Selatan,8.851.240,146.856,39.927,"27,2",11.495,"58,7",8.073,"41,3",19.568,221,30.985,"63,2",1.102,"29,6",,,,,,,,,,,,
28,Sulawesi Tenggara,2.704.737,30.720,27.832,"90,6",2.650,"61,6",1.655,"38,4",4.305,159,8.992,"47,9",141,"13,1",,,,,,,,,,,,
29,Gorontalo,1.202.631,17.255,6.034,"35,0",2.336,"57,4",1.731,"42,6",4.067,338,4.301,"94,6",173,"33,5",,,,,,,,,,,,
30,Sulawesi Barat,1.380.256,17.329,14.648,"84,5",1.599,"57,5",1.184,"42,5",2.783,202,4.440,"62,7",107,"20,1",,,,,,,,,,,,
31,Maluku,1.802.870,31.974,12.601,"39,4",2.528,"57,8",1.846,"42,2",4.374,243,6.579,"66,5",346,"43,8",,,,,,,,,,,,
32,Maluku Utara,1.255.771,14.871,5.581,"37,5",1.299,"59,0",904,"41,0",2.203,175,4.188,"52,6",117,"23,3",,,,,,,,,,,,
33,Papua Barat,959.617,14.823,6.809,"45,9",1.538,"55,8",1.219,"44,2",2.757,287,6.509,"42,4",304,"38,9",,,,,,,,,,,,
34,Papua,3.379.302,89.947,35.814,"39,8",6.509,"54,3",5.482,"45,7",11.991,355,18.508,"64,8",2.861,"128,8",,,,,,,,,,,,
Indonesia,,268.074.565,3.414.150,1.769.449,"51,8",313.642,"57,7",230.232,"42,3",543.874,203,843.000,"64,5",63.111,"62,4",,,,,,,,,,,,
No,Provinsi,Jumlah Kasus Tuberkulosis Paru Terkonfirmasi Bakteriologis Yang Terdaftar dan Diobati*),,,Jumlah Semua Kasus Tuberkulosis Terdaftar Dan Diobati*),,,Angka Kesembuhan (Cure Rate) Tuberkulosis Paru Terkonfirmasi Bakteriologis,,,,,,Angka Pengobatan Lengkap (Complete Rate) Semua Kasus Tuberkulosis,,,,,,Angka Keberhasilan Pengobatan (Success Rate/SR) Semua Kasus Tuberkulosis,,,,,,Jumlah Kematian Selama Pengobatan Tuberkulosis,
,,,,,,,,Laki-laki,,Perempuan,,Laki-laki + Perempuan,,Laki-laki,,Perempuan,,Laki-laki + Perempuan,,Laki-laki,,Perempuan,,Laki-laki + Perempuan,,,
,,L,P,L + P,L,P,L + P,Jumlah,%,Jumlah,%,Jumlah,%,Jumlah,%,Jumlah,%,Jumlah,%,Jumlah,%,Jumlah,%,Jumlah,%,Jumlah,%
(1),(2),(3),(4),(5),(6),(7),(8),(9),(10),(11),(12),(13),(14),(15),(16),(17),(18),(19),(20),(21),(22),(23),(24),(25),(26),(27),(28)
1,Aceh,2.442,1.153,3.595,5.210,2.906,8.116,1.753,"71,8",852,"73,9",2.605,"72,5",2.854,"54,8",1.800,"61,9",4.654,"57,3",4.607,"88,4",2.652,"91,3",7.259,"89,4",119,"1,5"
2,Sumatera Utara,10.489,5.443,15.932,18.439,10.132,28.571,7.512,"71,6",3.895,"71,6",11.407,"71,6",9.451,"51,3",5.528,"54,6",14.979,"52,4",16.963,"92,0",9.423,"93,0",26.386,"92,4",554,"1,9"
3,Sumatera Barat,3.531,1.712,5.243,6.508,3.723,10.231,2.636,"74,7",1.291,"75,4",3.927,"74,9",3.039,"46,7",2.028,"54,5",5.067,"49,5",5.675,"87,2",3.319,"89,1",8.994,"87,9",278,"2,7"
4,Riau,3.853,1.960,5.813,7.272,4.278,11.550,2.416,"62,7",1.223,"62,4",3.639,"62,6",3.923,"53,9",2.547,"59,5",6.470,"56,0",6.339,"87,2",3.770,"88,1",10.109,"87,5",243,"2,1"
5,Jambi,1.917,1.094,3.011,2.502,1.563,4.065,1.679,"87,6",954,"87,2",2.633,"87,4",566,"22,6",457,"29,2",1.023,"25,2",2.245,"89,7",1.411,"90,3",3.656,"89,9",71,"1,7"
6,Sumatera Selatan,5.472,3.246,8.718,10.311,6.458,16.769,3.867,"70,7",2.374,"73,1",6.241,"71,6",5.546,"53,8",3.676,"56,9",9.222,"55,0",9.413,"91,3",6.050,"93,7",15.463,"92,2",238,"1,4"
7,Bengkulu,1.085,607,1.692,2.115,1.358,3.473,856,"78,9",470,"77,4",1.326,"78,4",728,"34,4",518,"38,1",1.246,"35,9",1.584,"74,9",988,"72,8",2.572,"74,1",74,"2,1"
8,Lampung,5.400,3.757,9.157,8.589,6.303,14.892,5.174,"95,8",3.602,"95,9",8.776,"95,8",3.158,"36,8",2.554,"40,5",5.712,"38,4",8.332,"97,0",6.156,"97,7",14.488,"97,3",237,"1,6"
9,Kep. Bangka Belitung,695,403,1.098,1.170,762,1.932,549,"79,0",318,"78,9",867,"79,0",493,"42,1",368,"48,3",861,"44,6",1.042,"89,1",686,"90,0",1.728,"89,4",103,"5,3"
10,Kepulauan Riau,1.231,729,1.960,2.581,1.772,4.353,842,"68,4",531,"72,8",1.373,"70,1",1.379,"53,4",1.063,"60,0",2.442,"56,1",2.221,"86,1",1.594,"90,0",3.815,"87,6",153,"3,5"
11,DKI Jakarta,10.110,6.624,16.734,21.093,15.973,37.066,6.342,"62,7",4.203,"63,5",10.545,"63,0",10.750,"51,0",9.108,"57,0",19.858,"53,6",17.092,"81,0",13.311,"83,3",30.403,"82,0",674,"1,8"
12,Jawa Barat,22.103,15.777,37.880,51.810,41.739,93.549,15.461,"69,9",11.467,"72,7",26.928,"71,1",28.502,"55,0",24.779,"59,4",53.281,"57,0",43.963,"84,9",36.246,"86,8",80.209,"85,7",1.514,"1,6"
13,Jawa Tengah,13.698,10.055,23.753,28.830,23.332,52.162,9.760,"71,3",7.565,"75,2",17.325,"72,9",14.401,"50,0",12.677,"54,3",27.078,"51,9",24.161,"83,8",20.242,"86,8",44.403,"85,1",1.444,"2,8"
14,DI Yogyakarta,918,670,1.588,2.138,1.677,3.815,689,"75,1",535,"79,9",1.224,"77,1",1.067,"49,9",924,"55,1",1.991,"52,2",1.756,"82,1",1.459,"87,0",3.215,"84,3",270,"7,1"
15,Jawa Timur,16.223,11.702,27.925,31.945,25.769,57.714,12.735,"78,5",9.536,"81,5",22.271,"79,8",15.547,"48,7",14.132,"54,8",29.679,"51,4",28.282,"88,5",23.668,"91,8",51.950,"90,0",2.201,"3,8"
16,Banten,5.967,3.772,9.739,13.375,9.906,23.281,4.329,"72,5",2.845,"75,4",7.174,"73,7",7.812,"58,4",6.334,"63,9",14.146,"60,8",12.141,"90,8",9.179,"92,7",21.320,"91,6",438,"1,9"
17,Bali,1.228,718,1.946,2.142,1.471,3.613,899,"73,2",549,"76,5",1.448,"74,4",1.002,"46,8",781,"53,1",1.783,"49,3",1.901,"88,7",1.330,"90,4",3.231,"89,4",271,"7,5"
18,Nusa Tenggara Barat,2.580,1.537,4.117,4.046,2.518,6.564,2.306,"89,4",1.405,"91,4",3.711,"90,1",1.476,"36,5",980,"38,9",2.456,"37,4",3.782,"93,5",2.385,"94,7",6.167,"94,0",250,"3,8"
19,Nusa Tenggara Timur,2.250,1.560,3.810,4.209,3.195,7.404,1.577,"70,1",1.140,"73,1",2.717,"71,3",1.906,"45,3",1.550,"48,5",3.456,"46,7",3.483,"82,8",2.690,"84,2",6.173,"83,4",174,"2,4"
20,Kalimantan Barat,3.043,1.622,4.665,5.107,2.955,8.062,2.477,"81,4",1.290,"79,5",3.767,"80,8",1.948,"38,1",1.224,"41,4",3.172,"39,3",4.425,"86,6",2.514,"85,1",6.939,"86,1",158,"2,0"
21,Kalimantan Tengah,1.250,671,1.921,2.314,1.290,3.604,892,"71,4",506,"75,4",1.398,"72,8",1.023,"44,2",592,"45,9",1.615,"44,8",1.915,"82,8",1.098,"85,1",3.013,"83,6",103,"2,9"
22,Kalimantan Selatan,2.538,1.381,3.919,4.774,2.959,7.733,1.778,"70,1",1.000,"72,4",2.778,"70,9",2.219,"46,5",1.551,"52,4",3.770,"48,8",3.997,"83,7",2.551,"86,2",6.548,"84,7",271,"3,5"
23,Kalimantan Timur,2.035,1.295,3.330,3.951,2.788,6.739,1.710,"84,0",1.127,"87,0",2.837,"85,2",1.967,"49,8",1.525,"54,7",3.492,"51,8",3.677,"93,1",2.652,"95,1",6.329,"93,9",203,"3,0"
24,Kalimantan Utara,522,315,837,928,640,1.568,251,"48,1",176,"55,9",427,"51,0",422,"45,5",338,"52,8",760,"48,5",673,"72,5",514,"80,3",1.187,"75,7",73,"4,7"
25,Sulawesi Utara,3.234,1.911,5.145,4.129,2.490,6.619,2.339,"72,3",1.408,"73,7",3.747,"72,8",1.052,"25,5",666,"26,7",1.718,"26,0",3.391,"82,1",2.074,"83,3",5.465,"82,6",130,"2,0"
26,Sulawesi Tengah,1.779,1.015,2.794,3.191,1.948,5.139,1.297,"72,9",747,"73,6",2.044,"73,2",1.619,"50,7",1.061,"54,5",2.680,"52,2",2.916,"91,4",1.808,"92,8",4.724,"91,9",176,"3,4"
27,Sulawesi Selatan,5.494,3.786,9.280,10.614,7.579,18.193,3.918,"71,3",2.857,"75,5",6.775,"73,0",5.267,"49,6",3.890,"51,3",9.157,"50,3",9.185,"86,5",6.747,"89,0",15.932,"87,6",707,"3,9"
28,Sulawesi Tenggara,1.960,1.316,3.276,2.808,1.877,4.685,1.434,"73,2",996,"75,7",2.430,"74,2",831,"29,6",567,"30,2",1.398,"29,8",2.265,"80,7",1.563,"83,3",3.828,"81,7",131,"2,8"
29,Gorontalo,1.628,1.219,2.847,2.148,1.644,3.792,1.330,"81,7",983,"80,6",2.313,"81,2",496,"23,1",397,"24,1",893,"23,5",1.826,"85,0",1.380,"83,9",3.206,"84,5",28,"0,7"
30,Sulawesi Barat,958,649,1.607,1.274,884,2.158,725,"75,7",515,"79,4",1.240,"77,2",431,"33,8",304,"34,4",735,"34,1",1.156,"90,7",819,"92,6",1.975,"91,5",89,"4,1"
31,Maluku,1.229,952,2.181,2.511,2.104,4.615,648,"52,7",517,"54,3",1.165,"53,4",809,"32,2",734,"34,9",1.543,"33,4",1.457,"58,0",1.251,"59,5",2.708,"58,7",70,"1,5"
32,Maluku Utara,862,555,1.417,1.238,837,2.075,389,"45,1",246,"44,3",635,"44,8",626,"50,6",474,"56,6",1.100,"53,0",1.015,"82,0",720,"86,0",1.735,"83,6",111,"5,3"
33,Papua Barat,582,511,1.093,1.214,1.094,2.308,127,"21,8",123,"24,1",250,"22,9",369,"30,4",338,"30,9",707,"30,6",496,"40,9",461,"42,1",957,"41,5",54,"2,3"
34,Papua,2.571,1.968,4.539,6.219,5.299,11.518,1.216,"47,3",1.020,"51,8",2.236,"49,3",2.967,"47,7",2.708,"51,1",5.675,"49,3",4.183,"67,3",3.728,"70,4",7.911,"68,7",383,"3,3"
Indonesia,,140.877,91.685,232.562,276.705,201.223,477.928,101.913,"72,3",68.266,"74,5",170.179,"73,2",135.646,"49,0",108.173,"53,8",243.819,"51,0",237.559,"85,9",176.439,"87,7",413.998,"86,6",11.993,"2,5"
No,Provinsi,Jumlah Balita,Prevalensi Pneumonia Pada Balita (%),Perkiraan Pneumonia Balita,Realisasi Penemuan Penderita Pneumonia Pada Balita,,,,,,,,,,,,,,,,,,,,,,
,,,,,Pneumonia,,,,Pneumonia Berat,,,,Jumlah,,,%,Jumlah Kematian Balita Karena Pneumonia,,,,Total,,,CFR (%),,,
,,,,,< 1 Tahun,,1-4 Tahun,,< 1 Tahun,,1-4 Tahun,,L,P,L+P,,< 1 Tahun,,1-4 Tahun,,L,P,L+P,,,,
,,,,,L,P,L,P,L,P,L,P,,,,,L,P,L,P,,,,,,,
(1),(2),(3),(4),(5),(6),(7),(8),(9),(10),(11),(12),(13),(14),(15),(16),(17),(18),(19),(20),(21),(22),(23),(24),(25),,,
1,Aceh,488.041,"4,46",21.767,448,372,1.326,1.015,19,14,45,26,1.838,1.427,3.265,"15,0",9,6,0,0,9,6,15,"0,46",,,
2,Sumatera Utara,1.401.611,"2,99",41.908,1.416,1.214,1.968,1.785,102,48,60,32,3.546,3.079,6.625,"15,8",5,4,0,0,5,4,9,"0,14",,,
3,Sumatera Barat,531.634,"3,91",20.787,1.521,1.207,3.807,3.274,98,64,118,117,5.544,4.662,10.206,"49,1",0,2,0,0,0,2,2,"0,02",,,
4,Riau,661.443,"2,67",17.661,591,447,1.718,1.366,33,38,42,37,2.384,1.888,4.272,"24,2",0,0,0,0,0,0,0,"0,00",,,
5,Jambi,360.052,"3,15",11.342,464,384,1.397,1.105,56,34,49,36,1.966,1.559,3.525,"31,1",0,1,1,0,1,1,2,"0,06",,,
6,Sumatera Selatan,874.326,"3,61",31.563,1.742,1.670,3.765,3.255,107,54,46,43,5.660,5.022,10.682,"33,8",0,0,2,1,2,1,3,"0,03",,,
7,Bengkulu,214.665,"2,00",4.293,115,88,159,164,2,3,9,10,285,265,550,"12,8",0,1,1,0,1,1,2,"0,36",,,
8,Lampung,833.292,"2,23",18.582,1.320,1.340,3.416,2.859,167,141,170,126,5.073,4.466,9.539,"51,3",1,3,1,0,2,3,5,"0,05",,,
9,Kep. Bangka Belitung,137.287,"6,05",8.306,546,413,1.671,1.440,6,5,29,15,2.252,1.873,4.125,"49,7",0,0,0,0,0,0,0,"0,00",,,
10,Kepulauan Riau,137.287,"3,98",5.464,686,230,587,462,8,4,16,19,1.297,715,2.012,"36,8",0,0,1,0,1,0,1,"0,05",,,
11,DKI Jakarta,1.045.731,"4,24",44.339,8.709,7.048,15.892,13.914,260,118,229,184,25.090,21.264,46.354,"104,5",1,0,0,0,1,0,1,"0,00",,,
12,Jawa Barat,4.806.324,"4,62",222.052,19.030,16.949,34.812,30.847,1.117,705,799,607,55.758,49.108,104.866,"47,2",10,5,4,5,14,10,24,"0,02",,,
13,Jawa Tengah,2.652.751,"3,61",95.764,7.503,6.352,18.634,16.120,442,315,496,401,27.075,23.188,50.263,"52,5",0,0,0,0,0,0,0,"0,00",,,
14,DI Yogyakarta,282.671,"4,32",12.211,1.455,908,2.392,1.857,56,58,97,89,4.000,2.912,6.912,"56,6",7,6,0,2,7,8,15,"0,22",,,
15,Jawa Timur,3.928.277,"4,45",174.808,11.544,11.286,33.559,31.380,642,238,389,323,46.134,43.227,89.361,"51,1",12,8,6,9,18,17,35,"0,04",,,
16,Banten,1.180.349,"4,12",48.630,6.072,5.755,11.934,10.832,202,139,102,115,18.310,16.841,35.151,"72,3",9,5,2,1,11,6,17,"0,05",,,
17,Bali,428.097,"2,05",8.776,1.061,639,1.963,1.366,18,16,17,16,3.059,2.037,5.096,"58,1",4,13,2,4,6,17,23,"0,45",,,
18,Nusa Tenggara Barat,504.214,"6,38",32.169,4.571,3.729,6.378,5.568,369,238,316,239,11.634,9.774,21.408,"66,5",7,1,0,1,7,2,9,"0,04",,,
19,Nusa Tenggara Timur,537.337,"4,28",22.998,1.288,984,1.491,1.261,298,295,461,542,3.538,3.082,6.620,"28,8",1,2,9,10,10,12,22,"0,33",,,
20,Kalimantan Barat,469.747,"2,12",9.959,381,242,555,465,24,11,13,18,973,736,1.709,"17,2",0,0,0,0,0,0,0,"0,00",,,
21,Kalimantan Tengah,269.018,"4,37",11.756,224,156,386,285,15,21,18,28,643,490,1.133,"9,6",2,1,0,0,2,1,3,"0,26",,,
22,Kalimantan Selatan,414.260,"5,53",22.909,2.105,1.574,4.635,3.645,94,62,74,87,6.908,5.368,12.276,"53,6",0,1,0,0,0,1,1,"0,01",,,
23,Kalimantan Timur,370.991,"2,86",10.610,1.038,598,1.925,1.478,34,16,23,28,3.020,2.120,5.140,"48,4",1,1,0,0,1,1,2,"0,04",,,
24,Kalimantan Utara,71.443,"2,86",2.043,303,180,498,360,19,8,10,9,830,557,1.387,"67,9",0,0,0,0,0,0,0,"0,00",,,
25,Sulawesi Utara,238.270,"2,68",6.386,144,87,266,242,6,1,2,4,418,334,752,"11,8",0,0,0,0,0,0,0,"0,00",,,
26,Sulawesi Tengah,240.918,"5,19",12.504,1.507,1.215,2.952,2.430,103,69,90,64,4.652,3.778,8.430,"67,4",5,2,2,1,7,3,10,"0,12",,,
27,Sulawesi Selatan,717.711,"3,79",27.201,981,652,1.769,1.379,86,63,86,92,2.922,2.186,5.108,"18,8",5,7,2,1,7,8,15,"0,29",,,
28,Sulawesi Tenggara,267.729,"3,84",10.281,830,597,1.196,952,30,8,17,18,2.073,1.575,3.648,"35,5",4,9,5,4,9,13,22,"0,60",,,
29,Gorontalo,119.222,"4,84",5.770,570,508,968,832,39,29,49,18,1.626,1.387,3.013,"52,2",1,0,0,0,1,0,1,"0,03",,,
30,Sulawesi Barat,131.921,"4,88",6.438,247,172,562,458,16,10,8,11,833,651,1.484,"23,1",1,0,3,2,4,2,6,"0,40",,,
31,Maluku,153.195,"3,74",5.729,249,136,379,296,18,5,10,12,656,449,1.105,"19,3",22,40,68,130,90,170,260,"23,53",,,
32,Maluku Utara,118.716,"2,29",2.719,163,158,281,207,9,6,7,3,460,374,834,"30,7",3,1,0,0,3,1,4,"0,48",,,
33,Papua Barat,35.059,"2,88",1.010,248,195,410,396,15,16,11,13,684,620,1.304,"129,1",13,9,10,10,23,19,42,"3,22",,,
34,Papua,321.497,"2,80",9.002,2,2,5,7,0,0,1,0,8,9,17,"0,2",0,0,0,0,0,0,0,"0,00",,,
Indonesia,,24.945.087,"3,55",885.551,79.074,67.487,163.656,143.302,4.510,2.852,3.909,3.382,251.149,217.023,468.172,"52,9",123,128,119,181,242,309,551,"0,12",,,
No,Provinsi,Balita Batuk Atau Kesukaran Bernafas,,,Batuk Bukan Pneumonia,,,Jumlah Kab/Kota,Jumlah Kab/Kota Yang 50% Puskesmas Yang Melakukan Tatalaksana Standar Minimal 60%,Persentase Kab/Kota Yang 50% Puskesmas Yang Melakukan Tatalaksana Standar Minimal 60%,,,,,,,,,,,,,,,,,
,,Jumlah Kunjungan,Diberikan Tatalaksana Standar (Dihitung Napas/ Lihat TDDK*),Persentase Yang Diberikan Tatalaksana Standar,,,,,,,,,,,,,,,,,,,,,,,
,,,,,L,P,L + P,,,,,,,,,,,,,,,,,,,,
(1),(2),(3),(4),(5),(6),(7),(8),(9),(10),(11),,,,,,,,,,,,,,,,,
1,Aceh,140.327,65.717,"46,8",86.981,84.789,171.770,23,6,"26,09",,,,,,,,,,,,,,,,,
2,Sumatera Utara,182.752,145.567,"79,7",122.360,120.886,243.246,33,16,"48,48",,,,,,,,,,,,,,,,,
3,Sumatera Barat,153.240,147.152,"96,0",78.083,76.499,154.582,19,18,"94,74",,,,,,,,,,,,,,,,,
4,Riau,159.821,122.939,"76,9",93.493,91.547,185.040,12,5,"41,67",,,,,,,,,,,,,,,,,
5,Jambi,147.642,128.550,"87,1",71.862,68.350,140.212,11,10,"90,91",,,,,,,,,,,,,,,,,
6,Sumatera Selatan,231.781,211.491,"91,2",122.905,123.895,246.800,17,13,"76,47",,,,,,,,,,,,,,,,,
7,Bengkulu,46.818,41.219,"88,0",24.076,24.024,48.100,10,8,"80,00",,,,,,,,,,,,,,,,,
8,Lampung,265.850,215.469,"81,0",139.492,138.118,277.610,15,13,"86,67",,,,,,,,,,,,,,,,,
9,Kep. Bangka Belitung,47.962,44.570,"92,9",22.775,21.494,44.269,7,7,"100,00",,,,,,,,,,,,,,,,,
10,Kepulauan Riau,55.111,30.918,"56,1",26.892,29.466,56.358,7,1,"14,29",,,,,,,,,,,,,,,,,
11,DKI Jakarta,528.669,524.528,"99,2",253.799,234.559,488.358,6,6,"100,00",,,,,,,,,,,,,,,,,
12,Jawa Barat,1.361.229,1.008.795,"74,1",678.627,667.320,1.345.947,27,17,"62,96",,,,,,,,,,,,,,,,,
13,Jawa Tengah,776.213,711.675,"91,7",481.602,490.476,972.078,35,18,"51,43",,,,,,,,,,,,,,,,,
14,DI Yogyakarta,55.899,53.269,"95,3",46.524,43.373,89.897,5,4,"80,00",,,,,,,,,,,,,,,,,
15,Jawa Timur,874.060,753.743,"86,2",457.964,471.054,929.018,38,30,"78,95",,,,,,,,,,,,,,,,,
16,Banten,484.844,351.174,"72,4",233.980,232.122,466.102,8,8,"100,00",,,,,,,,,,,,,,,,,
17,Bali,99.424,92.564,"93,1",54.248,48.665,102.913,9,7,"77,78",,,,,,,,,,,,,,,,,
18,Nusa Tenggara Barat,252.052,190.863,"75,7",126.117,118.637,244.754,10,10,"100,00",,,,,,,,,,,,,,,,,
19,Nusa Tenggara Timur,208.217,190.809,"91,6",119.748,118.118,237.866,22,18,"81,82",,,,,,,,,,,,,,,,,
20,Kalimantan Barat,52.995,45.757,"86,3",61.109,56.133,117.242,14,4,"28,57",,,,,,,,,,,,,,,,,
21,Kalimantan Tengah,73.039,64.449,"88,2",43.419,41.012,84.431,14,8,"57,14",,,,,,,,,,,,,,,,,
22,Kalimantan Selatan,134.134,120.540,"89,9",66.931,62.205,129.136,13,5,"38,46",,,,,,,,,,,,,,,,,
23,Kalimantan Timur,144.051,112.679,"78,2",85.423,79.132,164.555,10,5,"50,00",,,,,,,,,,,,,,,,,
24,Kalimantan Utara,30.595,30.328,"99,1",21.815,19.112,40.927,5,3,"60,00",,,,,,,,,,,,,,,,,
25,Sulawesi Utara,42.052,27.234,"64,8",38.029,38.183,76.212,15,8,"53,33",,,,,,,,,,,,,,,,,
26,Sulawesi Tengah,106.893,101.782,"95,2",55.399,52.955,108.354,13,12,"92,31",,,,,,,,,,,,,,,,,
27,Sulawesi Selatan,101.919,67.068,"65,8",73.154,68.378,141.532,24,9,"37,50",,,,,,,,,,,,,,,,,
28,Sulawesi Tenggara,53.696,44.723,"83,3",33.830,30.229,64.059,17,6,"35,29",,,,,,,,,,,,,,,,,
29,Gorontalo,39.007,29.374,"75,3",18.118,16.855,34.973,6,5,"83,33",,,,,,,,,,,,,,,,,
30,Sulawesi Barat,39.226,30.018,"76,5",21.478,20.490,41.968,6,4,"66,67",,,,,,,,,,,,,,,,,
31,Maluku,66.695,42.454,"63,7",37.956,35.869,73.825,11,3,"27,27",,,,,,,,,,,,,,,,,
32,Maluku Utara,41.736,35.707,"85,6",33.892,32.050,65.942,10,4,"40,00",,,,,,,,,,,,,,,,,
33,Papua Barat,47.320,42.229,"89,2",24.747,24.136,48.883,13,2,"15,38",,,,,,,,,,,,,,,,,
34,Papua,2.565,810,"31,6",1.288,1.260,2.548,29,1,"3,45",,,,,,,,,,,,,,,,,
Indonesia,,7.047.834,5.826.163,"82,7",3.858.116,3.781.391,7.639.507,514,294,"57,20",,,,,,,,,,,,,,,,,
No,Provinsi,Jumlah Penduduk,Jumlah Kasus,Incidence Rate per 100.000 Penduduk,Meninggal,CFR (%),,,,,,,,,,,,,,,,,,,,,
(1),(2),(3),(4),(5),(6),(7),,,,,,,,,,,,,,,,,,,,,
1,Aceh,5.371.532,2.386,"44,42",6,"0,25",,,,,,,,,,,,,,,,,,,,,
2,Sumatera Utara,14.562.549,7.731,"53,09",38,"0,49",,,,,,,,,,,,,,,,,,,,,
3,Sumatera Barat,5.441.197,2.263,"41,59",9,"0,40",,,,,,,,,,,,,,,,,,,,,
4,Riau,6.971.745,4.126,"59,18",30,"0,73",,,,,,,,,,,,,,,,,,,,,
5,Jambi,3.624.579,2.158,"59,54",16,"0,74",,,,,,,,,,,,,,,,,,,,,
6,Sumatera Selatan,8.470.683,2.799,"33,04",16,"0,57",,,,,,,,,,,,,,,,,,,,,
7,Bengkulu,1.991.838,1.479,"74,25",13,"0,88",,,,,,,,,,,,,,,,,,,,,
8,Lampung,8.447.737,5.611,"66,42",17,"0,30",,,,,,,,,,,,,,,,,,,,,
9,Kepulauan Bangka Belitung,1.488.792,1.012,"67,97",10,"0,99",,,,,,,,,,,,,,,,,,,,,
10,Kepulauan Riau,2.189.653,1.865,"85,17",11,"0,59",,,,,,,,,,,,,,,,,,,,,
11,DKI Jakarta,10.557.810,8.705,"82,45",0,"0,00",,,,,,,,,,,,,,,,,,,,,
12,Jawa Barat,49.316.712,23.483,"47,62",97,"0,41",,,,,,,,,,,,,,,,,,,,,
13,Jawa Tengah,34.718.204,9.124,"26,28",123,"1,35",,,,,,,,,,,,,,,,,,,,,
14,DI Yogyakarta,3.842.932,3.301,"85,90",6,"0,18",,,,,,,,,,,,,,,,,,,,,
15,Jawa Timur,39.698.631,18.397,"46,34",186,"1,01",,,,,,,,,,,,,,,,,,,,,
16,Banten,12.927.316,2.915,"22,55",14,"0,48",,,,,,,,,,,,,,,,,,,,,
17,Bali,4.336.923,4.979,"114,80",5,"0,10",,,,,,,,,,,,,,,,,,,,,
18,Nusa Tenggara Barat,5.070.385,2.971,"58,60",16,"0,54",,,,,,,,,,,,,,,,,,,,,
19,Nusa Tenggara Timur,5.456.203,4.059,"74,39",55,"1,36",,,,,,,,,,,,,,,,,,,,,
20,Kalimantan Barat,5.069.127,2.798,"55,20",21,"0,75",,,,,,,,,,,,,,,,,,,,,
21,Kalimantan Tengah,2.714.859,1.616,"59,52",24,"1,49",,,,,,,,,,,,,,,,,,,,,
22,Kalimantan Selatan,4.244.096,2.381,"56,10",15,"0,63",,,,,,,,,,,,,,,,,,,,,
23,Kalimantan Timur,3.721.389,6.723,"180,66",44,"0,65",,,,,,,,,,,,,,,,,,,,,
24,Kalimantan Utara,742.245,1.774,"239,00",15,"0,85",,,,,,,,,,,,,,,,,,,,,
25,Sulawesi Utara,2.506.981,2.381,"94,97",27,"1,13",,,,,,,,,,,,,,,,,,,,,
26,Sulawesi Tengah,3.054.023,1.947,"63,75",17,"0,87",,,,,,,,,,,,,,,,,,,,,
27,Sulawesi Selatan,8.851.240,3.265,"36,89",19,"0,58",,,,,,,,,,,,,,,,,,,,,
28,Sulawesi Tenggara,2.704.737,1.479,"54,68",8,"0,54",,,,,,,,,,,,,,,,,,,,,
29,Gorontalo,1.202.631,1.221,"101,53",23,"1,88",,,,,,,,,,,,,,,,,,,,,
30,Sulawesi Barat,1.380.256,796,"57,67",8,"1,01",,,,,,,,,,,,,,,,,,,,,
31,Maluku,1.802.870,236,"13,09",5,"2,12",,,,,,,,,,,,,,,,,,,,,
32,Maluku Utara,1.255.771,1.195,"95,16",16,"1,34",,,,,,,,,,,,,,,,,,,,,
33,Papua Barat,959.617,354,"36,89",3,"0,85",,,,,,,,,,,,,,,,,,,,,
34,Papua,3.379.302,597,"17,67",6,"1,01",,,,,,,,,,,,,,,,,,,,,
Indonesia 268.074.565,,,138.127,"51,53",919,"0,67",,,,,,,,,,,,,,,,,,,,,
No,Provinsi,Penduduk,Malaria,,,,,,,,,,,,,,,,,,,,,,,,
,,,Suspek,Konfirmasi Laboratorium,,,% Konfirmasi Laboratorium,Positif,,,Pengobatan Standar,% Pengobatan Standar,Annual Paracite Incidence (API) per 1.000 Penduduk,,,,,,,,,,,,,,
,,,,Mikrosko pis,Rapid Diagnosti c Test (RDT),Total,,L,P,L+P,,,,,,,,,,,,,,,,,
(1),(2),(3),(4),(5),(6),(7),(8),(9),(10),(11),(12),(13),(14),,,,,,,,,,,,,,
1,Aceh,5.371.532,55.026,31.947,22.600,54.547,"99,1",84,8,92,91,"98,9","0,02",,,,,,,,,,,,,,
2,Sumatera Utara,14.562.549,38.220,13.398,17.730,31.128,"81,4",590,443,1.033,977,"94,6","0,07",,,,,,,,,,,,,,
3,Sumatera Barat,5.441.197,10.065,6.226,3.013,9.239,"91,8",160,156,316,312,"98,7","0,06",,,,,,,,,,,,,,
4,Riau,6.971.745,8.792,3.425,5.342,8.767,"99,7",100,37,137,133,"97,1","0,02",,,,,,,,,,,,,,
5,Jambi,3.624.579,50.273,29.974,19.862,49.836,"99,1",43,23,66,66,"100,0","0,02",,,,,,,,,,,,,,
6,Sumatera Selatan,8.470.683,35.912,21.417,14.485,35.902,"100,0",355,247,602,594,"98,7","0,07",,,,,,,,,,,,,,
7,Bengkulu,1.991.838,28.015,17.187,10.825,28.012,"100,0",50,32,82,78,"95,1","0,04",,,,,,,,,,,,,,
8,Lampung,8.447.737,49.975,29.617,20.223,49.840,"99,7",1.009,512,1.521,1.469,"96,6","0,18",,,,,,,,,,,,,,
9,Kepulauan Bangka Belitung,1.488.792,52.894,33.168,18.947,52.115,"98,5",98,32,130,127,"97,7","0,09",,,,,,,,,,,,,,
10,Kepulauan Riau,2.189.653,3.555,1.804,973,2.777,"78,1",85,54,139,137,"98,6","0,06",,,,,,,,,,,,,,
11,DKI Jakarta,10.557.810,91,89,2,91,"100,0",83,8,91,70,"76,9","0,01",,,,,,,,,,,,,,
12,Jawa Barat,49.316.712,25.521,20.277,934,21.211,"83,1",396,40,436,421,"96,6","0,01",,,,,,,,,,,,,,
13,Jawa Tengah,34.718.204,42.832,38.617,1.727,40.344,"94,2",271,26,297,292,"98,3","0,01",,,,,,,,,,,,,,
14,DI Yogyakarta,3.842.932,7.650,7.620,30,7.650,"100,0",12,0,12,12,"100,0","0,00",,,,,,,,,,,,,,
15,Jawa Timur,39.698.631,30.533,25.292,224,25.516,"83,6",602,34,636,614,"96,5","0,02",,,,,,,,,,,,,,
16,Banten,12.927.316,655,86,561,647,"98,8",32,1,33,30,"90,9","0,00",,,,,,,,,,,,,,
17,Bali,4.336.923,10.725,8.922,1,8.923,"83,2",26,6,32,26,"81,3","0,01",,,,,,,,,,,,,,
18,Nusa Tenggara Barat,5.070.385,151.038,106.397,27.580,133.977,"88,7",606,348,954,936,"98,1","0,19",,,,,,,,,,,,,,
19,Nusa Tenggara Timur,5.456.203,540.372,455.186,80.410,535.596,"99,1",6.967,5.942,12.909,10.334,"80,1","2,37",,,,,,,,,,,,,,
20,Kalimantan Barat,5.069.127,33.320,16.932,14.064,30.996,"93,0",15,7,22,13,"59,1","0,00",,,,,,,,,,,,,,
21,Kalimantan Tengah,2.714.859,24.590,10.867,11.915,22.782,"92,6",170,32,202,187,"92,6","0,07",,,,,,,,,,,,,,
22,Kalimantan Selatan,4.244.096,18.177,10.082,7.973,18.055,"99,3",744,117,861,851,"98,8","0,20",,,,,,,,,,,,,,
23,Kalimantan Timur,3.721.389,15.384,7.349,6.546,13.895,"90,3",1.913,152,2.065,1.676,"81,2","0,55",,,,,,,,,,,,,,
24,Kalimantan Utara,742.245,5.337,1.947,2.720,4.667,"87,4",54,2,56,42,"75,0","0,08",,,,,,,,,,,,,,
25,Sulawesi Utara,2.506.981,14.318,5.620,8.183,13.803,"96,4",321,180,501,468,"93,4","0,20",,,,,,,,,,,,,,
26,Sulawesi Tengah,3.054.023,46.097,12.470,30.594,43.064,"93,4",105,74,179,160,"89,4","0,06",,,,,,,,,,,,,,
27,Sulawesi Selatan,8.851.240,23.359,13.240,9.291,22.531,"96,5",715,146,861,768,"89,2","0,10",,,,,,,,,,,,,,
28,Sulawesi Tenggara,2.704.737,20.975,9.358,9.319,18.677,"89,0",585,227,812,784,"96,6","0,30",,,,,,,,,,,,,,
29,Gorontalo,1.202.631,25.682,17.344,8.218,25.562,"99,5",20,12,32,32,"100,0","0,03",,,,,,,,,,,,,,
30,Sulawesi Barat,1.380.256,23.566,11.685,11.699,23.384,"99,2",189,5,194,194,"100,0","0,14",,,,,,,,,,,,,,
31,Maluku,1.802.870,83.669,60.611,21.648,82.259,"98,3",769,533,1.302,972,"74,7","0,72",,,,,,,,,,,,,,
32,Maluku Utara,1.255.771,58.817,44.295,14.169,58.464,"99,4",322,258,580,550,"94,8","0,46",,,,,,,,,,,,,,
33,Papua Barat,959.617,158.068,124.317,33.535,157.852,"99,9",4.156,2.923,7.079,6.907,"97,6","7,38",,,,,,,,,,,,,,
34,Papua,3.379.302,878.483,760.759,112.758,873.517,"99,4",121.410,94.970,216.380,204.053,"94,3","64,03",,,,,,,,,,,,,,
Indonesia,,268.074.565,2.571.986,1.957.525,548.101,2.505.626,"97,4",143.057,107.587,250.644,234.381,"93,5","0,93",,,,,,,,,,,,,,
No,Provinsi,Penderita Kronis Filariasis,,,,,,,,,,,,,,,,,,,,,,,,,
,,Kasus Kronis Tahun Sebelumnya,Kasus Kronis Baru Ditemukan,Kasus Kronis Pindah,Kasus Kronis Meninggal,Jumlah Seluruh Kasus Kronis,,,,,,,,,,,,,,,,,,,,,
(1),(2),(3),(4),(5),(6),(7),,,,,,,,,,,,,,,,,,,,,
1,Aceh,578,27,0,22,583,,,,,,,,,,,,,,,,,,,,,
2,Sumatera Utara,183,0,0,0,183,,,,,,,,,,,,,,,,,,,,,
3,Sumatera Barat,239,0,0,52,187,,,,,,,,,,,,,,,,,,,,,
4,Riau,236,0,0,79,157,,,,,,,,,,,,,,,,,,,,,
5,Jambi,267,20,0,0,287,,,,,,,,,,,,,,,,,,,,,
6,Sumatera Selatan,169,0,0,3,166,,,,,,,,,,,,,,,,,,,,,
7,Bengkulu,64,0,0,0,64,,,,,,,,,,,,,,,,,,,,,
8,Lampung,40,0,0,7,33,,,,,,,,,,,,,,,,,,,,,
9,Kepulauan Bangka Belitung,104,0,0,2,102,,,,,,,,,,,,,,,,,,,,,
10,Kepulauan Riau,31,50,0,0,81,,,,,,,,,,,,,,,,,,,,,
11,DKI Jakarta,23,0,0,0,23,,,,,,,,,,,,,,,,,,,,,
12,Jawa Barat,781,9,52,3,735,,,,,,,,,,,,,,,,,,,,,
13,Jawa Tengah,439,33,1,69,402,,,,,,,,,,,,,,,,,,,,,
14,DI Yogyakarta,3,0,0,0,3,,,,,,,,,,,,,,,,,,,,,
15,Jawa Timur,412,0,0,150,262,,,,,,,,,,,,,,,,,,,,,
16,Banten,129,0,1,12,116,,,,,,,,,,,,,,,,,,,,,
17,Bali,18,0,0,16,2,,,,,,,,,,,,,,,,,,,,,
18,Nusa Tenggara Barat,10,0,0,0,10,,,,,,,,,,,,,,,,,,,,,
19,Nusa Tenggara Timur,1.542,0,0,2,1.540,,,,,,,,,,,,,,,,,,,,,
20,Kalimantan Barat,254,0,0,9,245,,,,,,,,,,,,,,,,,,,,,
21,Kalimantan Tengah,90,0,0,38,52,,,,,,,,,,,,,,,,,,,,,
22,Kalimantan Selatan,23,0,0,3,20,,,,,,,,,,,,,,,,,,,,,
23,Kalimantan Timur,319,0,0,0,319,,,,,,,,,,,,,,,,,,,,,
24,Kalimantan Utara,15,0,0,4,11,,,,,,,,,,,,,,,,,,,,,
25,Sulawesi Utara,20,0,0,0,20,,,,,,,,,,,,,,,,,,,,,
26,Sulawesi Tengah,193,8,1,7,193,,,,,,,,,,,,,,,,,,,,,
27,Sulawesi Selatan,82,0,0,0,82,,,,,,,,,,,,,,,,,,,,,
28,Sulawesi Tenggara,62,0,0,12,50,,,,,,,,,,,,,,,,,,,,,
29,Gorontalo,4,1,0,0,5,,,,,,,,,,,,,,,,,,,,,
30,Sulawesi Barat,43,12,0,0,55,,,,,,,,,,,,,,,,,,,,,
31,Maluku,37,2,0,0,39,,,,,,,,,,,,,,,,,,,,,
32,Maluku Utara,34,0,0,7,27,,,,,,,,,,,,,,,,,,,,,
33,Papua Barat,622,467,0,0,1.089,,,,,,,,,,,,,,,,,,,,,
34,Papua,3.615,0,0,0,3.615,,,,,,,,,,,,,,,,,,,,,
Indonesia,,10.681,592,2,425,10.758,,,,,,,,,,,,,,,,,,,,,
No,Provinsi,Jumlah Puskesmas,Jumlah Puskesmas Pandu PTM,Persentase Puskesmas Pandu PTM,,,,,,,,,,,,,,,,,,,,,,,
(1),(2),(3),(4),(5),,,,,,,,,,,,,,,,,,,,,,,
1,Aceh,359,329,"91,64",,,,,,,,,,,,,,,,,,,,,,,
2,Sumatera Utara,601,476,"79,20",,,,,,,,,,,,,,,,,,,,,,,
3,Sumatera Barat,275,268,"97,45",,,,,,,,,,,,,,,,,,,,,,,
4,Riau,228,157,"68,86",,,,,,,,,,,,,,,,,,,,,,,
5,Jambi,205,117,"57,07",,,,,,,,,,,,,,,,,,,,,,,
6,Sumatera Selatan,341,316,"92,67",,,,,,,,,,,,,,,,,,,,,,,
7,Bengkulu,179,137,"76,54",,,,,,,,,,,,,,,,,,,,,,,
8,Lampung,310,286,"92,26",,,,,,,,,,,,,,,,,,,,,,,
9,Kep. Bangka Belitung,64,63,"98,44",,,,,,,,,,,,,,,,,,,,,,,
10,Kepulauan Riau,86,78,"90,70",,,,,,,,,,,,,,,,,,,,,,,
11,DKI Jakarta,315,290,"92,06",,,,,,,,,,,,,,,,,,,,,,,
12,Jawa Barat,1.072,572,"53,36",,,,,,,,,,,,,,,,,,,,,,,
13,Jawa Tengah,878,821,"93,51",,,,,,,,,,,,,,,,,,,,,,,
14,DI Yogyakarta,121,121,"100,00",,,,,,,,,,,,,,,,,,,,,,,
15,Jawa Timur,968,771,"79,65",,,,,,,,,,,,,,,,,,,,,,,
16,Banten,243,231,"95,06",,,,,,,,,,,,,,,,,,,,,,,
17,Bali,120,120,"100,00",,,,,,,,,,,,,,,,,,,,,,,
18,Nusa Tenggara Barat,169,146,"86,39",,,,,,,,,,,,,,,,,,,,,,,
19,Nusa Tenggara Timur,402,251,"62,44",,,,,,,,,,,,,,,,,,,,,,,
20,Kalimantan Barat,246,141,"57,32",,,,,,,,,,,,,,,,,,,,,,,
21,Kalimantan Tengah,203,163,"80,30",,,,,,,,,,,,,,,,,,,,,,,
22,Kalimantan Selatan,235,232,"98,72",,,,,,,,,,,,,,,,,,,,,,,
23,Kalimantan Timur,186,122,"65,59",,,,,,,,,,,,,,,,,,,,,,,
24,Kalimantan Utara,55,15,"27,27",,,,,,,,,,,,,,,,,,,,,,,
25,Sulawesi Utara,195,87,"44,62",,,,,,,,,,,,,,,,,,,,,,,
26,Sulawesi Tengah,206,120,"58,25",,,,,,,,,,,,,,,,,,,,,,,
27,Sulawesi Selatan,459,453,"98,69",,,,,,,,,,,,,,,,,,,,,,,
28,Sulawesi Tenggara,290,109,"37,59",,,,,,,,,,,,,,,,,,,,,,,
29,Gorontalo,93,90,"96,77",,,,,,,,,,,,,,,,,,,,,,,
30,Sulawesi Barat,95,95,"100,00",,,,,,,,,,,,,,,,,,,,,,,
31,Maluku,209,89,"42,58",,,,,,,,,,,,,,,,,,,,,,,
32,Maluku Utara,147,77,"52,38",,,,,,,,,,,,,,,,,,,,,,,
33,Papua Barat,159,59,"37,11",,,,,,,,,,,,,,,,,,,,,,,
34,Papua,420,63,"9,92",,,,,,,,,,,,,,,,,,,,,,,
Indonesia,,10.134,7.465,"73,66",,,,,,,,,,,,,,,,,,,,,,,
No,Provinsi,Jumlah Kabupaten,Jumlah Kabupaten Memiliki Puskesmas Menyelenggarakan Upaya Keswa,Persentase Kabupaten Memiliki Puskesmas Menyelenggarakan Upaya Keswa,,,,,,,,,,,,,,,,,,,,,,,
(1),(2),(3),(4),(5),,,,,,,,,,,,,,,,,,,,,,,
1,Aceh,23,23,"100,0",,,,,,,,,,,,,,,,,,,,,,,
2,Sumatera Utara,33,33,"100,0",,,,,,,,,,,,,,,,,,,,,,,
3,Sumatera Barat,19,19,"100,0",,,,,,,,,,,,,,,,,,,,,,,
4,Riau,12,12,"100,0",,,,,,,,,,,,,,,,,,,,,,,
5,Jambi,11,10,"90,9",,,,,,,,,,,,,,,,,,,,,,,
6,Sumatera Selatan,17,17,"100,0",,,,,,,,,,,,,,,,,,,,,,,
7,Bengkulu,10,10,"100,0",,,,,,,,,,,,,,,,,,,,,,,
8,Lampung,15,15,"100,0",,,,,,,,,,,,,,,,,,,,,,,
9,Kepulauan Bangka Belitung,7,7,"100,0",,,,,,,,,,,,,,,,,,,,,,,
10,Kepulauan Riau,7,7,"100,0",,,,,,,,,,,,,,,,,,,,,,,
11,DKI Jakarta,6,6,"100,0",,,,,,,,,,,,,,,,,,,,,,,
12,Jawa Barat,27,27,"100,0",,,,,,,,,,,,,,,,,,,,,,,
13,Jawa Tengah,35,30,"85,7",,,,,,,,,,,,,,,,,,,,,,,
14,D I Yogyakarta,5,-,-,,,,,,,,,,,,,,,,,,,,,,,
15,Jawa Timur,38,37,"97,4",,,,,,,,,,,,,,,,,,,,,,,
16,Banten,8,8,"100,0",,,,,,,,,,,,,,,,,,,,,,,
17,Bali,9,9,"100,0",,,,,,,,,,,,,,,,,,,,,,,
18,Nusa Tenggara Barat,10,10,"100,0",,,,,,,,,,,,,,,,,,,,,,,
19,Nusa Tenggara Timur,22,7,"31,8",,,,,,,,,,,,,,,,,,,,,,,
20,Kalimantan Barat,14,14,"100,0",,,,,,,,,,,,,,,,,,,,,,,
21,Kalimantan Tengah,14,14,"100,0",,,,,,,,,,,,,,,,,,,,,,,
22,Kalimantan Selatan,13,13,"100,0",,,,,,,,,,,,,,,,,,,,,,,
23,Kalimantan Timur,10,3,"30,0",,,,,,,,,,,,,,,,,,,,,,,
24,Kalimantan Utara,5,5,"100,0",,,,,,,,,,,,,,,,,,,,,,,
25,Sulawesi Utara,15,15,"100,0",,,,,,,,,,,,,,,,,,,,,,,
26,Sulawesi Tengah,13,-,-,,,,,,,,,,,,,,,,,,,,,,,
27,Sulawesi Selatan,24,24,"100,0",,,,,,,,,,,,,,,,,,,,,,,
28,Sulawesi Tenggara,17,6,"35,3",,,,,,,,,,,,,,,,,,,,,,,
29,Gorontalo,6,6,"100,0",,,,,,,,,,,,,,,,,,,,,,,
30,Sulawesi Barat,6,-,-,,,,,,,,,,,,,,,,,,,,,,,
31,Maluku,11,11,"100,0",,,,,,,,,,,,,,,,,,,,,,,
32,Maluku Utara,10,6,"60,0",,,,,,,,,,,,,,,,,,,,,,,
33,Papua Barat,13,-,-,,,,,,,,,,,,,,,,,,,,,,,
34,Papua,29,3,"10,3",,,,,,,,,,,,,,,,,,,,,,,
Indonesia,,514,407,"79,2",,,,,,,,,,,,,,,,,,,,,,,
