Targe,t: 80%,,,,,,,,,,,,,,,,,,,,,,,,,,
,,,,,,,,,,,,"47,8% 50,0%",,,,,,,,,,,,,,,
,,,,,,,,,"43,0%",,,,,,,,,,,,,,,,,,
,5.847,,,,,,,,,,,,,,,,,,,,,,,,,,
No,Provinsi,Jumlah Puskesmas,,,,,,,,,,,,,,,,,,,,,,,,,
,,2016,2017,2018,2019,2020,,,,,,,,,,,,,,,,,,,,,
(1),(2),(3),(4),(5),(6),(7),,,,,,,,,,,,,,,,,,,,,
1,Aceh,340,341,348,359,359,,,,,,,,,,,,,,,,,,,,,
2,Sumatera Utara,571,571,581,601,608,,,,,,,,,,,,,,,,,,,,,
3,Sumatera Barat,264,269,275,275,276,,,,,,,,,,,,,,,,,,,,,
4,Riau,213,215,216,228,231,,,,,,,,,,,,,,,,,,,,,
5,Jambi,183,186,195,205,207,,,,,,,,,,,,,,,,,,,,,
6,Sumatera Selatan,322,322,332,341,343,,,,,,,,,,,,,,,,,,,,,
7,Bengkulu,180,180,180,179,179,,,,,,,,,,,,,,,,,,,,,
8,Lampung,292,297,302,310,312,,,,,,,,,,,,,,,,,,,,,
9,Kepulauan Bangka Belitung,62,63,64,64,64,,,,,,,,,,,,,,,,,,,,,
10,Kepulauan Riau,73,74,83,86,88,,,,,,,,,,,,,,,,,,,,,
11,DKI Jakarta,340,340,321,315,315,,,,,,,,,,,,,,,,,,,,,
12,Jawa Barat,1.050,1.056,1.069,1.072,1.083,,,,,,,,,,,,,,,,,,,,,
13,Jawa Tengah,875,876,881,878,878,,,,,,,,,,,,,,,,,,,,,
14,DI Yogyakarta,121,121,121,121,121,,,,,,,,,,,,,,,,,,,,,
15,Jawa Timur,960,963,967,968,968,,,,,,,,,,,,,,,,,,,,,
16,Banten,233,233,242,243,245,,,,,,,,,,,,,,,,,,,,,
17,Bali,120,120,120,120,120,,,,,,,,,,,,,,,,,,,,,
18,Nusa Tenggara Barat,158,160,166,169,174,,,,,,,,,,,,,,,,,,,,,
19,Nusa Tenggara Timur,371,372,381,402,410,,,,,,,,,,,,,,,,,,,,,
20,Kalimantan Barat,238,241,244,246,246,,,,,,,,,,,,,,,,,,,,,
21,Kalimantan Tengah,195,196,200,203,205,,,,,,,,,,,,,,,,,,,,,
22,Kalimantan Selatan,230,230,233,235,236,,,,,,,,,,,,,,,,,,,,,
23,Kalimantan Timur,175,179,183,186,187,,,,,,,,,,,,,,,,,,,,,
24,Kalimantan Utara,49,49,56,55,55,,,,,,,,,,,,,,,,,,,,,
25,Sulawesi Utara,188,189,193,195,195,,,,,,,,,,,,,,,,,,,,,
26,Sulawesi Tengah,189,193,202,206,207,,,,,,,,,,,,,,,,,,,,,
27,Sulawesi Selatan,448,451,458,459,461,,,,,,,,,,,,,,,,,,,,,
28,Sulawesi Tenggara,269,274,284,290,292,,,,,,,,,,,,,,,,,,,,,
29,Gorontalo,93,93,93,93,93,,,,,,,,,,,,,,,,,,,,,
30,Sulawesi Barat,94,94,94,95,96,,,,,,,,,,,,,,,,,,,,,
31,Maluku,199,199,208,209,215,,,,,,,,,,,,,,,,,,,,,
32,Maluku Utara,128,129,134,147,147,,,,,,,,,,,,,,,,,,,,,
33,Papua Barat,151,155,159,159,161,,,,,,,,,,,,,,,,,,,,,
34,Papua,393,394,408,420,428,,,,,,,,,,,,,,,,,,,,,
Indonesia,,9.767,9.825,9.993,10.134,10.205,,,,,,,,,,,,,,,,,,,,,
No,Provinsi,Jumlah Puskesmas Rawat Inap,,,,,Jumlah Puskesmas Non Rawat Inap,,,,,,,,,,,,,,,,,,,,
,,2016,2017,2018,2019,2020,2016,2017,2018,2019,2020,,,,,,,,,,,,,,,,
(1),(2),(3),(4),(5),(6),(7),(8),(9),(10),(11),(12),,,,,,,,,,,,,,,,
1,Aceh,143,143,148,179,181,197,198,200,180,178,,,,,,,,,,,,,,,,
2,Sumatera Utara,164,163,175,184,188,407,408,406,417,420,,,,,,,,,,,,,,,,
3,Sumatera Barat,91,91,91,108,111,173,178,184,167,165,,,,,,,,,,,,,,,,
4,Riau,79,80,81,102,102,134,135,135,126,129,,,,,,,,,,,,,,,,
5,Jambi,68,71,74,81,88,115,115,121,124,119,,,,,,,,,,,,,,,,
6,Sumatera Selatan,95,95,95,98,113,227,227,237,243,230,,,,,,,,,,,,,,,,
7,Bengkulu,46,46,47,52,52,134,134,133,127,127,,,,,,,,,,,,,,,,
8,Lampung,112,115,119,136,140,180,182,183,174,172,,,,,,,,,,,,,,,,
9,Kepulauan Bangka Belitung,21,21,21,21,26,41,42,43,43,38,,,,,,,,,,,,,,,,
10,Kepulauan Riau,28,29,32,36,35,45,45,51,50,53,,,,,,,,,,,,,,,,
11,DKI Jakarta,30,30,28,28,6,310,310,293,287,309,,,,,,,,,,,,,,,,
12,Jawa Barat,182,185,186,291,299,868,871,883,781,784,,,,,,,,,,,,,,,,
13,Jawa Tengah,320,322,361,368,371,555,554,520,510,507,,,,,,,,,,,,,,,,
14,DI Yogyakarta,43,43,49,49,49,78,78,72,72,72,,,,,,,,,,,,,,,,
15,Jawa Timur,519,520,534,553,575,441,443,433,415,393,,,,,,,,,,,,,,,,
16,Banten,56,56,56,82,81,177,177,186,161,164,,,,,,,,,,,,,,,,
17,Bali,35,35,38,42,41,85,85,82,78,79,,,,,,,,,,,,,,,,
18,Nusa Tenggara Barat,109,110,111,122,142,49,50,55,47,32,,,,,,,,,,,,,,,,
19,Nusa Tenggara Timur,137,137,151,163,164,234,235,230,239,246,,,,,,,,,,,,,,,,
20,Kalimantan Barat,95,95,118,125,129,143,146,126,121,117,,,,,,,,,,,,,,,,
21,Kalimantan Tengah,73,73,75,88,86,122,123,125,115,119,,,,,,,,,,,,,,,,
22,Kalimantan Selatan,50,50,50,50,52,180,180,183,185,184,,,,,,,,,,,,,,,,
23,Kalimantan Timur,95,96,97,102,98,80,83,86,84,89,,,,,,,,,,,,,,,,
24,Kalimantan Utara,32,32,32,27,22,17,17,24,28,33,,,,,,,,,,,,,,,,
25,Sulawesi Utara,92,92,92,94,95,96,97,101,101,100,,,,,,,,,,,,,,,,
26,Sulawesi Tengah,79,79,84,102,104,110,114,118,104,103,,,,,,,,,,,,,,,,
27,Sulawesi Selatan,227,257,269,301,304,221,194,189,158,157,,,,,,,,,,,,,,,,
28,Sulawesi Tenggara,82,81,82,93,91,187,193,202,197,201,,,,,,,,,,,,,,,,
29,Gorontalo,23,26,28,32,26,70,67,65,61,67,,,,,,,,,,,,,,,,
30,Sulawesi Barat,45,45,45,58,60,49,49,49,37,36,,,,,,,,,,,,,,,,
31,Maluku,64,64,64,77,64,135,135,144,132,151,,,,,,,,,,,,,,,,
32,Maluku Utara,27,27,36,45,53,101,102,98,102,94,,,,,,,,,,,,,,,,
33,Papua Barat,44,45,44,44,45,107,110,115,115,116,,,,,,,,,,,,,,,,
34,Papua,105,105,110,115,126,288,289,298,305,302,,,,,,,,,,,,,,,,
Indonesia,,3.411,3.459,3.623,4.048,4.119,6.356,6.366,6.370,6.086,6.086,,,,,,,,,,,,,,,,
No,Provinsi,Jumlah Puskesmas,Jumlah Kecamatan,Rasio Puskesmas per Kecamatan,,,,,,,,,,,,,,,,,,,,,,,
(1),(2),(3),(4),(5),,,,,,,,,,,,,,,,,,,,,,,
1,Aceh,359,289,"1,2",,,,,,,,,,,,,,,,,,,,,,,
2,Sumatera Utara,608,450,"1,4",,,,,,,,,,,,,,,,,,,,,,,
3,Sumatera Barat,276,179,"1,5",,,,,,,,,,,,,,,,,,,,,,,
4,Riau,231,169,"1,4",,,,,,,,,,,,,,,,,,,,,,,
5,Jambi,207,141,"1,5",,,,,,,,,,,,,,,,,,,,,,,
6,Sumatera Selatan,343,241,"1,4",,,,,,,,,,,,,,,,,,,,,,,
7,Bengkulu,179,129,"1,4",,,,,,,,,,,,,,,,,,,,,,,
8,Lampung,312,228,"1,4",,,,,,,,,,,,,,,,,,,,,,,
9,Kepulauan Bangka Belitung,64,47,"1,4",,,,,,,,,,,,,,,,,,,,,,,
10,Kepulauan Riau,88,75,"1,2",,,,,,,,,,,,,,,,,,,,,,,
11,DKI Jakarta,315,44,"7,2",,,,,,,,,,,,,,,,,,,,,,,
12,Jawa Barat,1.083,627,"1,7",,,,,,,,,,,,,,,,,,,,,,,
13,Jawa Tengah,878,576,"1,5",,,,,,,,,,,,,,,,,,,,,,,
14,DI Yogyakarta,121,78,"1,6",,,,,,,,,,,,,,,,,,,,,,,
15,Jawa Timur,968,666,"1,5",,,,,,,,,,,,,,,,,,,,,,,
16,Banten,245,155,"1,6",,,,,,,,,,,,,,,,,,,,,,,
17,Bali,120,57,"2,1",,,,,,,,,,,,,,,,,,,,,,,
18,Nusa Tenggara Barat,174,117,"1,5",,,,,,,,,,,,,,,,,,,,,,,
19,Nusa Tenggara Timur,410,309,"1,3",,,,,,,,,,,,,,,,,,,,,,,
20,Kalimantan Barat,246,174,"1,4",,,,,,,,,,,,,,,,,,,,,,,
21,Kalimantan Tengah,205,136,"1,5",,,,,,,,,,,,,,,,,,,,,,,
22,Kalimantan Selatan,236,153,"1,5",,,,,,,,,,,,,,,,,,,,,,,
23,Kalimantan Timur,187,103,"1,8",,,,,,,,,,,,,,,,,,,,,,,
24,Kalimantan Utara,55,53,"1,0",,,,,,,,,,,,,,,,,,,,,,,
25,Sulawesi Utara,195,171,"1,1",,,,,,,,,,,,,,,,,,,,,,,
26,Sulawesi Tengah,207,175,"1,2",,,,,,,,,,,,,,,,,,,,,,,
27,Sulawesi Selatan,461,311,"1,5",,,,,,,,,,,,,,,,,,,,,,,
28,Sulawesi Tenggara,292,219,"1,3",,,,,,,,,,,,,,,,,,,,,,,
29,Gorontalo,93,77,"1,2",,,,,,,,,,,,,,,,,,,,,,,
30,Sulawesi Barat,96,69,"1,4",,,,,,,,,,,,,,,,,,,,,,,
31,Maluku,215,118,"1,8",,,,,,,,,,,,,,,,,,,,,,,
32,Maluku Utara,147,116,"1,3",,,,,,,,,,,,,,,,,,,,,,,
33,Papua Barat,161,218,"0,7",,,,,,,,,,,,,,,,,,,,,,,
34,Papua,428,560,"0,8",,,,,,,,,,,,,,,,,,,,,,,
Indonesia,,10.205,7.230,"1,4",,,,,,,,,,,,,,,,,,,,,,,
No,Provinsi,Jumlah Puskesmas,Jumlah Puskesmas Terakreditasi,Jumlah Kabupaten/Kota yang Memiliki Puskesmas Terakreditasi,Persentase Puskesmas Terakreditasi (%),Status Akreditasi Puskesmas,,,,Jumlah Puskesmas Belum Terakreditasi,,,,,,,,,,,,,,,,,
,,,,,,Dasar,Madya,Utama,Paripurna,,,,,,,,,,,,,,,,,,
(1),(2),(3),(4),(5),(6),(7),(8),(9),(10),(11),,,,,,,,,,,,,,,,,
1,Aceh,359,333,23,"92,8",100,203,28,2,26,,,,,,,,,,,,,,,,,
2,Sumatera Utara,608,559,33,"91,9",236,293,29,1,49,,,,,,,,,,,,,,,,,
3,Sumatera Barat,276,271,19,"98,2",61,164,41,5,5,,,,,,,,,,,,,,,,,
4,Riau,231,214,12,"92,6",66,120,28,0,17,,,,,,,,,,,,,,,,,
5,Jambi,207,188,11,"90,8",54,112,19,3,19,,,,,,,,,,,,,,,,,
6,Sumatera Selatan,343,333,17,"97,1",90,196,42,5,10,,,,,,,,,,,,,,,,,
7,Bengkulu,179,179,10,"100,0",70,100,9,0,0,,,,,,,,,,,,,,,,,
8,Lampung,312,296,15,"94,9",25,208,59,4,16,,,,,,,,,,,,,,,,,
9,Kepulauan Bangka Belitung,64,64,7,"100,0",8,36,19,1,0,,,,,,,,,,,,,,,,,
10,Kepulauan Riau,88,83,7,"94,3",20,42,20,1,5,,,,,,,,,,,,,,,,,
11,DKI Jakarta,315,151,6,"47,9",11,89,20,31,164,,,,,,,,,,,,,,,,,
12,Jawa Barat,1.083,1.028,27,"94,9",179,617,205,27,55,,,,,,,,,,,,,,,,,
13,Jawa Tengah,878,873,35,"99,4",97,467,270,39,5,,,,,,,,,,,,,,,,,
14,DI Yogyakarta,121,121,5,"100,0",0,43,64,14,0,,,,,,,,,,,,,,,,,
15,Jawa Timur,968,963,38,"99,5",72,530,316,45,5,,,,,,,,,,,,,,,,,
16,Banten,245,231,8,"94,3",44,138,47,2,14,,,,,,,,,,,,,,,,,
17,Bali,120,120,9,"100,0",13,66,31,10,0,,,,,,,,,,,,,,,,,
18,Nusa Tenggara Barat,174,163,10,"93,7",34,94,31,4,11,,,,,,,,,,,,,,,,,
19,Nusa Tenggara Timur,410,367,22,"89,5",166,180,21,0,43,,,,,,,,,,,,,,,,,
20,Kalimantan Barat,246,230,14,"93,5",68,133,24,5,16,,,,,,,,,,,,,,,,,
21,Kalimantan Tengah,205,194,14,"94,6",72,99,21,2,11,,,,,,,,,,,,,,,,,
22,Kalimantan Selatan,236,233,13,"98,7",73,125,32,3,3,,,,,,,,,,,,,,,,,
23,Kalimantan Timur,187,182,10,"97,3",36,102,38,6,5,,,,,,,,,,,,,,,,,
24,Kalimantan Utara,55,55,5,"100,0",21,24,9,1,0,,,,,,,,,,,,,,,,,
25,Sulawesi Utara,195,169,15,"86,7",76,74,18,1,26,,,,,,,,,,,,,,,,,
26,Sulawesi Tengah,207,198,13,"95,7",70,109,19,0,9,,,,,,,,,,,,,,,,,
27,Sulawesi Selatan,461,454,24,"98,5",80,235,118,21,7,,,,,,,,,,,,,,,,,
28,Sulawesi Tenggara,292,263,17,"90,1",94,140,27,2,29,,,,,,,,,,,,,,,,,
29,Gorontalo,93,92,6,"98,9",22,50,17,3,1,,,,,,,,,,,,,,,,,
30,Sulawesi Barat,96,85,6,"88,5",18,54,13,0,11,,,,,,,,,,,,,,,,,
31,Maluku,215,156,11,"72,6",69,77,10,0,59,,,,,,,,,,,,,,,,,
32,Maluku Utara,147,113,10,"76,9",42,64,6,1,34,,,,,,,,,,,,,,,,,
33,Papua Barat,161,72,13,"44,7",35,32,5,0,89,,,,,,,,,,,,,,,,,
34,Papua,428,120,20,"28,0",55,52,13,0,308,,,,,,,,,,,,,,,,,
Indonesia,,10.205,9.153,505,"89,7",2.177,5.068,1.669,239,1052,,,,,,,,,,,,,,,,,
No,Provinsi,2019,,2020,,,,,,,,,,,,,,,,,,,,,,,
,,Jumlah Puskesmas,Jumlah Puskesmas Memiliki 5 Jenis Tenaga Kesehatan Promotif Preventif,Jumlah Puskesmas*),Jumlah Puskesmas Memiliki 5 Jenis Tenaga Kesehatan Promotif Preventif,,,,,,,,,,,,,,,,,,,,,,
(1),(2),(3),(4),(5),(6),,,,,,,,,,,,,,,,,,,,,,
1,Aceh,359,163,359,225,,,,,,,,,,,,,,,,,,,,,,
2,Sumatera Utara,601,191,609,207,,,,,,,,,,,,,,,,,,,,,,
3,Sumatera Barat,275,172,278,205,,,,,,,,,,,,,,,,,,,,,,
4,Riau,228,95,236,115,,,,,,,,,,,,,,,,,,,,,,
5,Jambi,205,95,206,114,,,,,,,,,,,,,,,,,,,,,,
6,Sumatera Selatan,341,146,343,156,,,,,,,,,,,,,,,,,,,,,,
7,Bengkulu,179,56,179,78,,,,,,,,,,,,,,,,,,,,,,
8,Lampung,310,148,314,164,,,,,,,,,,,,,,,,,,,,,,
9,Kepulauan Bangka Belitung,64,59,64,59,,,,,,,,,,,,,,,,,,,,,,
10,Kepulauan Riau,86,36,90,48,,,,,,,,,,,,,,,,,,,,,,
11,DKI Jakarta,315,43,333,46,,,,,,,,,,,,,,,,,,,,,,
12,Jawa Barat,1.072,406,1.092,526,,,,,,,,,,,,,,,,,,,,,,
13,Jawa Tengah,878,613,879,714,,,,,,,,,,,,,,,,,,,,,,
14,DI Yogyakarta,121,102,121,108,,,,,,,,,,,,,,,,,,,,,,
15,Jawa Timur,968,437,968,556,,,,,,,,,,,,,,,,,,,,,,
16,Banten,243,80,244,134,,,,,,,,,,,,,,,,,,,,,,
17,Bali,120,45,120,62,,,,,,,,,,,,,,,,,,,,,,
18,Nusa Tenggara Barat,169,110,173,133,,,,,,,,,,,,,,,,,,,,,,
19,Nusa Tenggara Timur,402,179,414,239,,,,,,,,,,,,,,,,,,,,,,
20,Kalimantan Barat,246,133,246,149,,,,,,,,,,,,,,,,,,,,,,
21,Kalimantan Tengah,203,80,203,88,,,,,,,,,,,,,,,,,,,,,,
22,Kalimantan Selatan,235,163,236,191,,,,,,,,,,,,,,,,,,,,,,
23,Kalimantan Timur,186,89,187,122,,,,,,,,,,,,,,,,,,,,,,
24,Kalimantan Utara,55,30,58,40,,,,,,,,,,,,,,,,,,,,,,
25,Sulawesi Utara,195,45,198,71,,,,,,,,,,,,,,,,,,,,,,
26,Sulawesi Tengah,206,100,207,123,,,,,,,,,,,,,,,,,,,,,,
27,Sulawesi Selatan,459,235,463,274,,,,,,,,,,,,,,,,,,,,,,
28,Sulawesi Tenggara,290,127,292,139,,,,,,,,,,,,,,,,,,,,,,
29,Gorontalo,93,53,93,49,,,,,,,,,,,,,,,,,,,,,,
30,Sulawesi Barat,95,42,97,54,,,,,,,,,,,,,,,,,,,,,,
31,Maluku,209,31,226,75,,,,,,,,,,,,,,,,,,,,,,
32,Maluku Utara,147,67,146,65,,,,,,,,,,,,,,,,,,,,,,
33,Papua Barat,159,41,164,27,,,,,,,,,,,,,,,,,,,,,,
34,Papua,420,73,413,75,,,,,,,,,,,,,,,,,,,,,,
Indonesia,,10.134,4.485,10.251,5.431,,,,,,,,,,,,,,,,,,,,,,
No,Provinsi,Jumlah Puskesmas,,Total Puskesmas,% Memenuhi,,,,,,,,,,,,,,,,,,,,,,
,,Belum Memenuhi,Memenuhi,,,,,,,,,,,,,,,,,,,,,,,,
(1),(2),(3),(4),(5),(6),,,,,,,,,,,,,,,,,,,,,,
1,Aceh,196,163,359,"54,6",,,,,,,,,,,,,,,,,,,,,,
2,Sumatera Utara,168,441,609,"27,6",,,,,,,,,,,,,,,,,,,,,,
3,Sumatera Barat,190,88,278,"68,3",,,,,,,,,,,,,,,,,,,,,,
4,Riau,100,136,236,"42,4",,,,,,,,,,,,,,,,,,,,,,
5,Jambi,86,120,206,"41,7",,,,,,,,,,,,,,,,,,,,,,
6,Sumatera Selatan,100,243,343,"29,2",,,,,,,,,,,,,,,,,,,,,,
7,Bengkulu,41,138,179,"22,9",,,,,,,,,,,,,,,,,,,,,,
8,Lampung,83,231,314,"26,4",,,,,,,,,,,,,,,,,,,,,,
9,Kepulauan Bangka Belitung,52,12,64,"81,3",,,,,,,,,,,,,,,,,,,,,,
10,Kepulauan Riau,43,47,90,"47,8",,,,,,,,,,,,,,,,,,,,,,
11,DKI Jakarta,46,287,333,"13,8",,,,,,,,,,,,,,,,,,,,,,
12,Jawa Barat,400,692,1.092,"36,6",,,,,,,,,,,,,,,,,,,,,,
13,Jawa Tengah,621,258,879,"70,6",,,,,,,,,,,,,,,,,,,,,,
14,DI Yogyakarta,107,14,121,"88,4",,,,,,,,,,,,,,,,,,,,,,
15,Jawa Timur,524,444,968,"54,1",,,,,,,,,,,,,,,,,,,,,,
16,Banten,126,118,244,"51,6",,,,,,,,,,,,,,,,,,,,,,
17,Bali,62,58,120,"51,7",,,,,,,,,,,,,,,,,,,,,,
18,Nusa Tenggara Barat,95,78,173,"54,9",,,,,,,,,,,,,,,,,,,,,,
19,Nusa Tenggara Timur,95,319,414,"22,9",,,,,,,,,,,,,,,,,,,,,,
20,Kalimantan Barat,70,176,246,"28,5",,,,,,,,,,,,,,,,,,,,,,
21,Kalimantan Tengah,42,161,203,"20,7",,,,,,,,,,,,,,,,,,,,,,
22,Kalimantan Selatan,127,109,236,"53,8",,,,,,,,,,,,,,,,,,,,,,
23,Kalimantan Timur,96,91,187,"51,3",,,,,,,,,,,,,,,,,,,,,,
24,Kalimantan Utara,28,30,58,"48,3",,,,,,,,,,,,,,,,,,,,,,
25,Sulawesi Utara,35,163,198,"17,7",,,,,,,,,,,,,,,,,,,,,,
26,Sulawesi Tengah,55,152,207,"26,6",,,,,,,,,,,,,,,,,,,,,,
27,Sulawesi Selatan,241,222,463,"52,1",,,,,,,,,,,,,,,,,,,,,,
28,Sulawesi Tenggara,75,217,292,"25,7",,,,,,,,,,,,,,,,,,,,,,
29,Gorontalo,25,68,93,"26,9",,,,,,,,,,,,,,,,,,,,,,
30,Sulawesi Barat,42,55,97,"43,3",,,,,,,,,,,,,,,,,,,,,,
31,Maluku,24,202,226,"10,6",,,,,,,,,,,,,,,,,,,,,,
32,Maluku Utara,25,121,146,"17,1",,,,,,,,,,,,,,,,,,,,,,
33,Papua Barat,14,150,164,"8,5",,,,,,,,,,,,,,,,,,,,,,
34,Papua,25,388,413,"6,1",,,,,,,,,,,,,,,,,,,,,,
Indonesia,,4.059,6.192,10.251,"39,6",,,,,,,,,,,,,,,,,,,,,,
No,Provinsi,Jumlah Puskesmas,,Total Puskesmas *),% Tanpa Dokter,,,,,,,,,,,,,,,,,,,,,,
,,Belum Memenuhi,Memenuhi,,,,,,,,,,,,,,,,,,,,,,,,
(1),(2),(3),(4),(5),(6),,,,,,,,,,,,,,,,,,,,,,
1,Aceh,4,355,359,"1,1",,,,,,,,,,,,,,,,,,,,,,
2,Sumatera Utara,21,588,609,"3,4",,,,,,,,,,,,,,,,,,,,,,
3,Sumatera Barat,3,275,278,"1,1",,,,,,,,,,,,,,,,,,,,,,
4,Riau,3,233,236,"1,3",,,,,,,,,,,,,,,,,,,,,,
5,Jambi,1,205,206,"0,5",,,,,,,,,,,,,,,,,,,,,,
6,Sumatera Selatan,32,311,343,"9,3",,,,,,,,,,,,,,,,,,,,,,
7,Bengkulu,10,169,179,"5,6",,,,,,,,,,,,,,,,,,,,,,
8,Lampung,4,310,314,"1,3",,,,,,,,,,,,,,,,,,,,,,
9,Kepulauan Bangka Belitung,0,64,64,"0,0",,,,,,,,,,,,,,,,,,,,,,
10,Kepulauan Riau,1,89,90,"1,1",,,,,,,,,,,,,,,,,,,,,,
11,DKI Jakarta,0,333,333,"0,0",,,,,,,,,,,,,,,,,,,,,,
12,Jawa Barat,7,1.085,1.092,"0,6",,,,,,,,,,,,,,,,,,,,,,
13,Jawa Tengah,0,879,879,"0,0",,,,,,,,,,,,,,,,,,,,,,
14,DI Yogyakarta,0,121,121,"0,0",,,,,,,,,,,,,,,,,,,,,,
15,Jawa Timur,11,957,968,"1,1",,,,,,,,,,,,,,,,,,,,,,
16,Banten,1,243,244,"0,4",,,,,,,,,,,,,,,,,,,,,,
17,Bali,0,120,120,"0,0",,,,,,,,,,,,,,,,,,,,,,
18,Nusa Tenggara Barat,2,171,173,"1,2",,,,,,,,,,,,,,,,,,,,,,
19,Nusa Tenggara Timur,96,318,414,"23,2",,,,,,,,,,,,,,,,,,,,,,
20,Kalimantan Barat,5,241,246,"2,0",,,,,,,,,,,,,,,,,,,,,,
21,Kalimantan Tengah,22,181,203,"10,8",,,,,,,,,,,,,,,,,,,,,,
22,Kalimantan Selatan,12,224,236,"5,1",,,,,,,,,,,,,,,,,,,,,,
23,Kalimantan Timur,5,182,187,"2,7",,,,,,,,,,,,,,,,,,,,,,
24,Kalimantan Utara,3,55,58,"5,2",,,,,,,,,,,,,,,,,,,,,,
25,Sulawesi Utara,6,192,198,"3,0",,,,,,,,,,,,,,,,,,,,,,
26,Sulawesi Tengah,16,191,207,"7,7",,,,,,,,,,,,,,,,,,,,,,
27,Sulawesi Selatan,28,435,463,"6,0",,,,,,,,,,,,,,,,,,,,,,
28,Sulawesi Tenggara,53,239,292,"18,2",,,,,,,,,,,,,,,,,,,,,,
29,Gorontalo,12,81,93,"12,9",,,,,,,,,,,,,,,,,,,,,,
30,Sulawesi Barat,5,92,97,"5,2",,,,,,,,,,,,,,,,,,,,,,
31,Maluku,53,173,226,"23,5",,,,,,,,,,,,,,,,,,,,,,
32,Maluku Utara,24,122,146,"16,4",,,,,,,,,,,,,,,,,,,,,,
33,Papua Barat,69,95,164,"42,1",,,,,,,,,,,,,,,,,,,,,,
34,Papua,199,214,413,"48,2",,,,,,,,,,,,,,,,,,,,,,
Indonesia,,708,9.543,10.251,"6,9",,,,,,,,,,,,,,,,,,,,,,
No,Provinsi,Jumlah Puskesmas,Jumlah Puskesmas yang Menyelenggarakan Pelayanan Kesehatan Tradisional,Persentase Puskesmas yang Menyelenggarakan Pelayanan Kesehatan Tradisional,Jumlah Puskesmas dengan Tenaga Kesehatan yang Sudah Dilatih,,,,Puskesmas yang melakukan Pembinaan Penyehat Tradisional (HATTRA),,,,,,,,,,,,,,,,,,
,,,,,Dilatih Ramuan,Dilatih Akupunktur,Dilatih Akupressur,"Asuhan Mandiri (ASMAN), Pemanfaatan TOGA, dan Akrupresur",,,,,,,,,,,,,,,,,,,
(1),(2),(3),(4),(5),(6),(7),(8),(9),(10),,,,,,,,,,,,,,,,,,
1,Aceh,359,,"0,0",21,2,107,128,305,,,,,,,,,,,,,,,,,,
2,Sumatera Utara,608,,"0,0",44,0,74,21,227,,,,,,,,,,,,,,,,,,
3,Sumatera Barat,276,,"0,0",10,0,88,5,73,,,,,,,,,,,,,,,,,,
4,Riau,231,,"0,0",29,3,111,5,17,,,,,,,,,,,,,,,,,,
5,Jambi,207,,"0,0",17,1,41,,92,,,,,,,,,,,,,,,,,,
6,Sumatera Selatan,341,,"0,0",9,0,72,4,79,,,,,,,,,,,,,,,,,,
7,Bengkulu,179,,"0,0",30,7,96,,50,,,,,,,,,,,,,,,,,,
8,Lampung,312,,"0,0",14,3,81,1,262,,,,,,,,,,,,,,,,,,
9,Kepulauan Bangka Belitung,64,,"0,0",0,0,32,4,63,,,,,,,,,,,,,,,,,,
10,Kepulauan Riau,88,14,"15,9",40,4,58,8,52,,,,,,,,,,,,,,,,,,
11,DKI Jakarta,315,13,"4,1",22,18,52,25,128,,,,,,,,,,,,,,,,,,
12,Jawa Barat,1.083,,"0,0",6,3,73,1,1,,,,,,,,,,,,,,,,,,
13,Jawa Tengah,878,,"0,0",12,3,89,159,440,,,,,,,,,,,,,,,,,,
14,DI Yogyakarta,121,,"0,0",31,0,31,6,53,,,,,,,,,,,,,,,,,,
15,Jawa Timur,968,1,"0,1",38,3,142,154,267,,,,,,,,,,,,,,,,,,
16,Banten,245,,"0,0",1,1,50,22,54,,,,,,,,,,,,,,,,,,
17,Bali,120,52,"43,3",48,2,114,70,117,,,,,,,,,,,,,,,,,,
18,Nusa Tenggara Barat,174,,"0,0",26,0,80,32,124,,,,,,,,,,,,,,,,,,
19,Nusa Tenggara Timur,410,,"0,0",5,0,73,1,29,,,,,,,,,,,,,,,,,,
20,Kalimantan Barat,246,,"0,0",17,10,196,19,90,,,,,,,,,,,,,,,,,,
21,Kalimantan Tengah,205,,"0,0",6,5,15,,35,,,,,,,,,,,,,,,,,,
22,Kalimantan Selatan,236,3,"1,3",23,0,61,152,193,,,,,,,,,,,,,,,,,,
23,Kalimantan Timur,187,,"0,0",21,2,25,90,134,,,,,,,,,,,,,,,,,,
24,Kalimantan Utara,55,1,"1,8",9,2,41,11,21,,,,,,,,,,,,,,,,,,
25,Sulawesi Utara,195,,"0,0",22,0,77,2,1,,,,,,,,,,,,,,,,,,
26,Sulawesi Tengah,207,8,"3,9",10,0,96,36,85,,,,,,,,,,,,,,,,,,
27,Sulawesi Selatan,461,22,"4,8",10,4,122,142,284,,,,,,,,,,,,,,,,,,
28,Sulawesi Tenggara,292,2,"0,7",26,1,70,70,166,,,,,,,,,,,,,,,,,,
29,Gorontalo,93,,"0,0",18,4,43,13,63,,,,,,,,,,,,,,,,,,
30,Sulawesi Barat,96,,"0,0",10,1,29,,,,,,,,,,,,,,,,,,,,
31,Maluku,215,,"0,0",23,1,98,64,111,,,,,,,,,,,,,,,,,,
32,Maluku Utara,147,13,"8,8",9,2,42,30,93,,,,,,,,,,,,,,,,,,
33,Papua Barat,161,,"0,0",4,1,24,2,12,,,,,,,,,,,,,,,,,,
34,Papua,428,1,"0,2",13,0,15,1,6,,,,,,,,,,,,,,,,,,
Indonesia,,10.203,130,"1,3",624,83,2.418,1.278,3.727,,,,,,,,,,,,,,,,,,
No,Provinsi,Pelaksanaan Kesehatan Kerja di Tempat Kerja,,,,Jumlah Instansi Pemerintah yang melaksanakan Pengukuran Kebugaran Jasmani,Jumlah Pembinaan Pemeriksaan Kebugaran Jasmani bagi Jemaah Haji,Jumlah Kelompok Olah Raga,,,,,,,,,,,,,,,,,,,
,,Puskesmas,Perusahaan,POS UKK,GP2SP,,,,,,,,,,,,,,,,,,,,,,
(1),(2),(3),(4),(5),(6),(7),(8),(9),,,,,,,,,,,,,,,,,,,
1,Aceh,49,5,53,0,28,1964,174,,,,,,,,,,,,,,,,,,,
2,Sumatera Utara,304,20,141,4,593,4634,987,,,,,,,,,,,,,,,,,,,
3,Sumatera Barat,181,13,284,3,45,2425,190,,,,,,,,,,,,,,,,,,,
4,Riau,78,10,230,3,25,3476,118,,,,,,,,,,,,,,,,,,,
5,Jambi,109,18,153,4,153,968,537,,,,,,,,,,,,,,,,,,,
6,Sumatera Selatan,105,2,174,7,88,3593,322,,,,,,,,,,,,,,,,,,,
7,Bengkulu,148,22,246,0,92,1110,175,,,,,,,,,,,,,,,,,,,
8,Lampung,122,66,190,8,237,5729,1087,,,,,,,,,,,,,,,,,,,
9,Kep. Bangka Belitung,44,7,88,5,113,989,267,,,,,,,,,,,,,,,,,,,
1 0,Kepulauan Riau,55,29,201,18,120,940,378,,,,,,,,,,,,,,,,,,,
1 1,DKI Jakarta,245,9,99,42,155,5175,706,,,,,,,,,,,,,,,,,,,
1 2,Jawa Barat,686,74,1045,74,1097,20783,3248,,,,,,,,,,,,,,,,,,,
1 3,Jawa Tengah,488,89,789,264,526,3112,3926,,,,,,,,,,,,,,,,,,,
1 4,DI Yogyakarta,98,38,107,8,303,1729,525,,,,,,,,,,,,,,,,,,,
1 5,Jawa Timur,452,15,1485,45,340,21144,2908,,,,,,,,,,,,,,,,,,,
1 6,Banten,122,2,194,35,241,2981,452,,,,,,,,,,,,,,,,,,,
1 7,Bali,17,0,98,38,23,174,102,,,,,,,,,,,,,,,,,,,
1 8,Nusa Tenggara Barat,57,4,360,1,40,4384,176,,,,,,,,,,,,,,,,,,,
1 9,Nusa Tenggara Timur,227,3,300,0,97,313,173,,,,,,,,,,,,,,,,,,,
2 0,Kalimantan Barat,59,1,203,3,55,1289,110,,,,,,,,,,,,,,,,,,,
2 1,Kalimantan Tengah,103,14,94,19,80,1422,240,,,,,,,,,,,,,,,,,,,
2 2,Kalimantan Selatan,18,0,188,24,5,3165,27,,,,,,,,,,,,,,,,,,,
2 3,Kalimantan Timur,103,110,57,46,106,1102,220,,,,,,,,,,,,,,,,,,,
2 4,Kalimantan Utara,41,14,44,2,53,249,97,,,,,,,,,,,,,,,,,,,
2 5,Sulawesi Utara,20,7,64,0,2,23,20,,,,,,,,,,,,,,,,,,,
2 6,Sulawesi Tengah,178,20,136,0,464,319,641,,,,,,,,,,,,,,,,,,,
2 7,Sulawesi Selatan,261,28,911,18,410,120,1308,,,,,,,,,,,,,,,,,,,
2 8,Sulawesi Tenggara,129,49,36,0,207,791,510,,,,,,,,,,,,,,,,,,,
2 9,Gorontalo,71,3,46,0,75,362,985,,,,,,,,,,,,,,,,,,,
3 0,Sulawesi Barat,32,2,163,0,30,0,81,,,,,,,,,,,,,,,,,,,
3 1,Maluku,6,0,107,0,37,119,0,,,,,,,,,,,,,,,,,,,
3 2,Maluku Utara,36,4,60,0,7,515,140,,,,,,,,,,,,,,,,,,,
3 3,Papua Barat,4,0,158,0,0,123,20,,,,,,,,,,,,,,,,,,,
3 4,Papua,3,0,49,0,3,598,0,,,,,,,,,,,,,,,,,,,
Indonesia,,4.651,678,8.553,671,5.850,95.820,20.850,,,,,,,,,,,,,,,,,,,
No,Provinsi,Jumlah Puskesmas*,Jumlah Puskesmas yang Melapor,Puskesmas dengan Ketersediaan Obat Esensial**,,,,,,,,,,,,,,,,,,,,,,,
,,,,Jumlah,%,,,,,,,,,,,,,,,,,,,,,,
(1),(2),(3),(4),(5),(6),,,,,,,,,,,,,,,,,,,,,,
1,Aceh,356,356,335,"94,1",,,,,,,,,,,,,,,,,,,,,,
2,Sumatera Utara,596,596,534,"89,6",,,,,,,,,,,,,,,,,,,,,,
3,Sumatera Barat,275,275,264,"96,0",,,,,,,,,,,,,,,,,,,,,,
4,Riau,226,226,203,"89,8",,,,,,,,,,,,,,,,,,,,,,
5,Jambi,202,202,185,"91,6",,,,,,,,,,,,,,,,,,,,,,
6,Sumatera Selatan,341,341,282,"82,7",,,,,,,,,,,,,,,,,,,,,,
7,Bengkulu,179,179,160,"89,4",,,,,,,,,,,,,,,,,,,,,,
8,Lampung,309,309,239,"77,3",,,,,,,,,,,,,,,,,,,,,,
9,Kepulauan Bangka Belitung,64,64,64,"100,0",,,,,,,,,,,,,,,,,,,,,,
10,Kepulauan Riau,89,89,87,"97,8",,,,,,,,,,,,,,,,,,,,,,
11,DKI Jakarta,326,326,314,"96,3",,,,,,,,,,,,,,,,,,,,,,
12,Jawa Barat,1079,1079,1007,"93,3",,,,,,,,,,,,,,,,,,,,,,
13,Jawa Tengah,878,765,734,"95,9",,,,,,,,,,,,,,,,,,,,,,
14,D.I. Yogyakarta,121,121,121,"100,0",,,,,,,,,,,,,,,,,,,,,,
15,Jawa Timur,968,475,459,"96,6",,,,,,,,,,,,,,,,,,,,,,
16,Banten,242,242,191,"78,9",,,,,,,,,,,,,,,,,,,,,,
17,Bali,120,120,110,"91,7",,,,,,,,,,,,,,,,,,,,,,
18,Nusa Tenggara Barat,169,169,168,"99,4",,,,,,,,,,,,,,,,,,,,,,
19,Nusa Tenggara Timur,417,417,393,"94,2",,,,,,,,,,,,,,,,,,,,,,
20,Kalimantan Barat,246,246,240,"97,6",,,,,,,,,,,,,,,,,,,,,,
21,Kalimantan Tengah,200,200,174,"87,0",,,,,,,,,,,,,,,,,,,,,,
22,Kalimantan Selatan,234,234,230,"98,3",,,,,,,,,,,,,,,,,,,,,,
23,Kalimantan Timur,187,187,185,"98,9",,,,,,,,,,,,,,,,,,,,,,
24,Kalimantan Utara,56,56,56,"100,0",,,,,,,,,,,,,,,,,,,,,,
25,Sulawesi Utara,193,193,193,"100,0",,,,,,,,,,,,,,,,,,,,,,
26,Sulawesi Tengah,210,206,186,"90,3",,,,,,,,,,,,,,,,,,,,,,
27,Sulawesi Selatan,458,458,416,"90,8",,,,,,,,,,,,,,,,,,,,,,
28,Sulawesi Tenggara,290,290,239,"82,4",,,,,,,,,,,,,,,,,,,,,,
29,Gorontalo,93,93,80,"86,0",,,,,,,,,,,,,,,,,,,,,,
30,Sulawesi Barat,95,95,95,"100,0",,,,,,,,,,,,,,,,,,,,,,
31,Maluku,209,209,196,"93,8",,,,,,,,,,,,,,,,,,,,,,
32,Maluku Utara,144,144,128,"88,9",,,,,,,,,,,,,,,,,,,,,,
33,Papua Barat,159,149,134,"89,9",,,,,,,,,,,,,,,,,,,,,,
34,Papua,408,403,362,"89,8",,,,,,,,,,,,,,,,,,,,,,
Indonesia,,10.139,9.514,8.764,"92,1",,,,,,,,,,,,,,,,,,,,,,
No,Provinsi,Jumlah Puskesmas*,Jumlah Puskesmas yang Melapor,Puskesmas dengan Ketersediaan Vaksin IDL,,,,,,,,,,,,,,,,,,,,,,,
,,,,Jumlah,%,,,,,,,,,,,,,,,,,,,,,,
(1),(2),(3),(4),(5),(6),,,,,,,,,,,,,,,,,,,,,,
1,Aceh,356,356,314,"88,2",,,,,,,,,,,,,,,,,,,,,,
2,Sumatera Utara,596,596,569,"95,5",,,,,,,,,,,,,,,,,,,,,,
3,Sumatera Barat,275,275,275,"100,0",,,,,,,,,,,,,,,,,,,,,,
4,Riau,226,226,226,"100,0",,,,,,,,,,,,,,,,,,,,,,
5,Jambi,202,202,202,"100,0",,,,,,,,,,,,,,,,,,,,,,
6,Sumatera Selatan,341,341,341,"100,0",,,,,,,,,,,,,,,,,,,,,,
7,Bengkulu,179,179,179,"100,0",,,,,,,,,,,,,,,,,,,,,,
8,Lampung,309,309,296,"95,8",,,,,,,,,,,,,,,,,,,,,,
9,Kepulauan Bangka Belitung,64,64,64,"100,0",,,,,,,,,,,,,,,,,,,,,,
10,Kepulauan Riau,89,89,88,"98,9",,,,,,,,,,,,,,,,,,,,,,
11,DKI Jakarta,326,326,325,"99,7",,,,,,,,,,,,,,,,,,,,,,
12,Jawa Barat,1079,1079,1078,"99,9",,,,,,,,,,,,,,,,,,,,,,
13,Jawa Tengah,878,764,675,"88,4",,,,,,,,,,,,,,,,,,,,,,
14,D.I. Yogyakarta,121,121,121,"100,0",,,,,,,,,,,,,,,,,,,,,,
15,Jawa Timur,968,475,473,"99,6",,,,,,,,,,,,,,,,,,,,,,
16,Banten,242,242,242,"100,0",,,,,,,,,,,,,,,,,,,,,,
17,Bali,120,120,120,"100,0",,,,,,,,,,,,,,,,,,,,,,
18,Nusa Tenggara Barat,169,169,169,"100,0",,,,,,,,,,,,,,,,,,,,,,
19,Nusa Tenggara Timur,417,417,411,"98,6",,,,,,,,,,,,,,,,,,,,,,
20,Kalimantan Barat,246,246,246,"100,0",,,,,,,,,,,,,,,,,,,,,,
21,Kalimantan Tengah,200,200,200,"100,0",,,,,,,,,,,,,,,,,,,,,,
22,Kalimantan Selatan,234,234,234,"100,0",,,,,,,,,,,,,,,,,,,,,,
23,Kalimantan Timur,187,187,187,"100,0",,,,,,,,,,,,,,,,,,,,,,
24,Kalimantan Utara,56,56,56,"100,0",,,,,,,,,,,,,,,,,,,,,,
25,Sulawesi Utara,193,193,193,"100,0",,,,,,,,,,,,,,,,,,,,,,
26,Sulawesi Tengah,210,210,210,"100,0",,,,,,,,,,,,,,,,,,,,,,
27,Sulawesi Selatan,458,452,391,"86,5",,,,,,,,,,,,,,,,,,,,,,
28,Sulawesi Tenggara,290,290,286,"98,6",,,,,,,,,,,,,,,,,,,,,,
29,Gorontalo,93,93,93,"100,0",,,,,,,,,,,,,,,,,,,,,,
30,Sulawesi Barat,95,95,95,"100,0",,,,,,,,,,,,,,,,,,,,,,
31,Maluku,209,209,209,"100,0",,,,,,,,,,,,,,,,,,,,,,
32,Maluku Utara,144,144,144,"100,0",,,,,,,,,,,,,,,,,,,,,,
33,Papua Barat,159,149,122,"81,9",,,,,,,,,,,,,,,,,,,,,,
34,Papua,408,403,390,"96,8",,,,,,,,,,,,,,,,,,,,,,
Indonesia,,10.139,9.511,9.224,"97,0",,,,,,,,,,,,,,,,,,,,,,
No,Provinsi,Dokter Spesialis a,,,Dokter Umum,,,Total,,,Dokter Gigi Spesialis,,,Dokter Gigi,,,Total,,,,,,,,,,
,,L,P,L+P,L,P,L+P,L,P,L+P,L,P,L+P,L,P,L+P,L,P,L+P,,,,,,,,
(1),(2),(3),(4),(5),(6),(7),(8),(9),(10),(11),(12),(13),(14),(15),(16),(17),(18),(19),(20),,,,,,,,
1,Aceh,405,390,795,553,1.335,1.888,958,1.725,2.683,7,13,20,78,325,403,85,338,423,,,,,,,,
2,Sumatera Utara,1.153,745,1.898,1.240,2.473,3.713,2.393,3.218,5.611,19,40,59,145,682,827,164,722,886,,,,,,,,
3,Sumatera Barat,484,448,932,458,1.236,1.694,942,1.684,2.626,7,14,21,72,403,475,79,417,496,,,,,,,,
4,Riau,492,325,817,603,1.214,1.817,1.095,1.539,2.634,10,16,26,84,393,477,94,409,503,,,,,,,,
5,Jambi,242,155,397,365,771,1.136,607,926,1.533,8,10,18,47,190,237,55,200,255,,,,,,,,
6,Sumatera Selatan,510,407,917,498,1.049,1.547,1.008,1.456,2.464,10,19,29,77,224,301,87,243,330,,,,,,,,
7,Bengkulu,116,89,205,204,378,582,320,467,787,2,6,8,28,109,137,30,115,145,,,,,,,,
8,Lampung,453,222,675,590,1.127,1.717,1.043,1.349,2.392,5,15,20,41,168,209,46,183,229,,,,,,,,
9,Kep. Bangka Belitung,122,88,210,205,336,541,327,424,751,6,11,17,32,66,98,38,77,115,,,,,,,,
10,Kepulauan Riau,247,138,385,296,507,803,543,645,1.188,16,10,26,43,125,168,59,135,194,,,,,,,,
11,DKI Jakarta,3.196,2.727,5.923,2.634,5.364,7.998,5.830,8.091,13.921,221,502,723,422,1.688,2.110,643,2.190,2.833,,,,,,,,
12,Jawa Barat,3.266,2.340,5.606,3.490,5.688,9.178,6.756,8.028,14.784,141,244,385,365,1.498,1.863,506,1.742,2.248,,,,,,,,
13,Jawa Tengah,2.569,1.613,4.182,3.034,4.758,7.792,5.603,6.371,11.974,82,126,208,348,1.220,1.568,430,1.346,1.776,,,,,,,,
14,DI Yogyakarta,617,506,1.123,698,1.196,1.894,1.315,1.702,3.017,61,126,187,92,393,485,153,519,672,,,,,,,,
15,Jawa Timur,3.171,2.154,5.325,3.117,4.448,7.565,6.288,6.602,12.890,145,240,385,451,1.670,2.121,596,1.910,2.506,,,,,,,,
16,Banten,908,764,1.672,985,1.788,2.773,1.893,2.552,4.445,22,63,85,92,572,664,114,635,749,,,,,,,,
17,Bali,964,544,1.508,1.008,1.091,2.099,1.972,1.635,3.607,27,28,55,163,423,586,190,451,641,,,,,,,,
18,Nusa Tenggara Barat,238,172,410,392,610,1.002,630,782,1.412,3,12,15,32,133,165,35,145,180,,,,,,,,
19,Nusa Tenggara Timur,110,123,233,308,528,836,418,651,1.069,2,1,3,37,132,169,39,133,172,,,,,,,,
20,Kalimantan Barat,218,120,338,399,505,904,617,625,1.242,7,8,15,47,112,159,54,120,174,,,,,,,,
21,Kalimantan Tengah,162,122,284,277,412,689,439,534,973,5,6,11,26,95,121,31,101,132,,,,,,,,
22,Kalimantan Selatan,341,217,558,344,627,971,685,844,1.529,11,19,30,81,181,262,92,200,292,,,,,,,,
23,Kalimantan Timur,403,288,691,449,776,1.225,852,1.064,1.916,15,34,49,61,217,278,76,251,327,,,,,,,,
24,Kalimantan Utara,75,52,127,138,155,293,213,207,420,3,4,7,18,38,56,21,42,63,,,,,,,,
25,Sulawesi Utara,280,243,523,601,921,1.522,881,1.164,2.045,4,7,11,42,106,148,46,113,159,,,,,,,,
26,Sulawesi Tengah,137,151,288,264,447,711,401,598,999,1,6,7,41,112,153,42,118,160,,,,,,,,
27,Sulawesi Selatan,651,755,1.406,568,1.293,1.861,1.219,2.048,3.267,24,64,88,121,605,726,145,669,814,,,,,,,,
28,Sulawesi Tenggara,122,98,220,216,411,627,338,509,847,3,6,9,40,165,205,43,171,214,,,,,,,,
29,Gorontalo,71,65,136,130,229,359,201,294,495,2,1,3,16,50,66,18,51,69,,,,,,,,
30,Sulawesi Barat,48,55,103,95,187,282,143,242,385,3,5,8,20,76,96,23,81,104,,,,,,,,
31,Maluku,68,62,130,168,351,519,236,413,649,3,4,7,14,52,66,17,56,73,,,,,,,,
32,Maluku Utara,46,41,87,142,209,351,188,250,438,3,1,4,18,35,53,21,36,57,,,,,,,,
33,Papua Barat,64,34,98,129,208,337,193,242,435,0,0,0,15,34,49,15,34,49,,,,,,,,
34,Papua,115,83,198,262,428,690,377,511,888,3,3,6,19,68,87,22,71,93,,,,,,,,
Indonesia,,22.064,16.336,38.400,24.860,43.056,67.916,46.924,59.392,106.316,881,1.664,2.545,3.228,12.360,15.588,4.109,14.024,18.133,,,,,,,,
No,Provinsi,Dokter Spesialis a,,,Dokter Umum,,,Total,,,Dokter Gigi Spesialis,,,Dokter Gigi,,,Total,,,,,,,,,,
,,L,P,L+P,L,P,L+P,L,P,L+P,L,P,L+P,L,P,L+P,L,P,L+P,,,,,,,,
(1),(2),(3),(4),(5),(6),(7),(8),(9),(10),(11),(12),(13),(14),(15),(16),(17),(18),(19),(20),,,,,,,,
1,Aceh,1,1,2,259,780,1.039,260,781,1.041,0,0,0,57,262,319,57,262,319,,,,,,,,
2,Sumatera Utara,5,5,10,531,1.309,1.840,536,1.314,1.850,0,3,3,89,498,587,89,501,590,,,,,,,,
3,Sumatera Barat,2,3,5,152,541,693,154,544,698,0,1,1,39,296,335,39,297,336,,,,,,,,
4,Riau,0,0,0,222,625,847,222,625,847,0,0,0,49,270,319,49,270,319,,,,,,,,
5,Jambi,0,0,0,138,362,500,138,362,500,0,0,0,29,117,146,29,117,146,,,,,,,,
6,Sumatera Selatan,0,6,6,164,463,627,164,469,633,0,1,1,46,131,177,46,132,178,,,,,,,,
7,Bengkulu,0,0,0,98,214,312,98,214,312,0,0,0,16,64,80,16,64,80,,,,,,,,
8,Lampung,0,1,1,227,563,790,227,564,791,0,0,0,17,118,135,17,118,135,,,,,,,,
9,Kep. Bangka Belitung,0,0,0,80,146,226,80,146,226,0,0,0,21,46,67,21,46,67,,,,,,,,
10,Kepulauan Riau,2,0,2,111,260,371,113,260,373,0,0,0,22,76,98,22,76,98,,,,,,,,
11,DKI Jakarta,0,0,0,401,1.410,1.811,401,1.410,1.811,0,0,0,77,400,477,77,400,477,,,,,,,,
12,Jawa Barat,1,2,3,925,1.941,2.866,926,1.943,2.869,0,0,0,144,741,885,144,741,885,,,,,,,,
13,Jawa Tengah,0,0,0,892,1.667,2.559,892,1.667,2.559,0,2,2,142,671,813,142,673,815,,,,,,,,
14,DI Yogyakarta,0,0,0,126,347,473,126,347,473,0,3,3,14,157,171,14,160,174,,,,,,,,
15,Jawa Timur,1,0,1,782,1.569,2.351,783,1.569,2.352,1,3,4,197,922,1.119,198,925,1.123,,,,,,,,
16,Banten,0,2,2,200,572,772,200,574,774,0,0,0,38,270,308,38,270,308,,,,,,,,
17,Bali,0,0,0,243,276,519,243,276,519,0,0,0,76,201,277,76,201,277,,,,,,,,
18,Nusa Tenggara Barat,0,0,0,151,272,423,151,272,423,0,0,0,24,91,115,24,91,115,,,,,,,,
19,Nusa Tenggara Timur,0,1,1,161,305,466,161,306,467,0,0,0,31,100,131,31,100,131,,,,,,,,
20,Kalimantan Barat,0,0,0,202,276,478,202,276,478,0,1,1,21,81,102,21,82,103,,,,,,,,
21,Kalimantan Tengah,0,0,0,121,204,325,121,204,325,0,0,0,16,67,83,16,67,83,,,,,,,,
22,Kalimantan Selatan,0,0,0,127,330,457,127,330,457,0,0,0,46,118,164,46,118,164,,,,,,,,
23,Kalimantan Timur,0,0,0,161,341,502,161,341,502,0,0,0,38,155,193,38,155,193,,,,,,,,
24,Kalimantan Utara,0,0,0,59,77,136,59,77,136,0,0,0,13,26,39,13,26,39,,,,,,,,
25,Sulawesi Utara,1,3,4,165,424,589,166,427,593,0,0,0,24,55,79,24,55,79,,,,,,,,
26,Sulawesi Tengah,0,0,0,123,218,341,123,218,341,0,1,1,26,73,99,26,74,100,,,,,,,,
27,Sulawesi Selatan,0,3,3,199,645,844,199,648,847,0,1,1,75,411,486,75,412,487,,,,,,,,
28,Sulawesi Tenggara,0,0,0,101,263,364,101,263,364,0,0,0,24,123,147,24,123,147,,,,,,,,
29,Gorontalo,0,0,0,36,84,120,36,84,120,0,0,0,10,39,49,10,39,49,,,,,,,,
30,Sulawesi Barat,0,0,0,54,113,167,54,113,167,0,0,0,15,62,77,15,62,77,,,,,,,,
31,Maluku,0,0,0,81,184,265,81,184,265,0,1,1,6,35,41,6,36,42,,,,,,,,
32,Maluku Utara,0,1,1,70,121,191,70,122,192,0,0,0,13,29,42,13,29,42,,,,,,,,
33,Papua Barat,0,0,0,56,92,148,56,92,148,0,0,0,5,19,24,5,19,24,,,,,,,,
34,Papua,0,2,2,119,219,338,119,221,340,0,0,0,8,43,51,8,43,51,,,,,,,,
Indonesia,,13,30,43,7.537,17.213,24.750,7.550,17.243,24.793,1,17,18,1.468,6.767,8.235,1.469,6.784,8.253,,,,,,,,
No,Provinsi,Persentase Puskesmas dengan Kecukupan Dokter,,,Persentase Puskesmas dengan Kecukupan Dokter Gigi,,,Persentase Puskesmas dengan Kecukupan Perawat,,,Persentase Puskesmas dengan Kecukupan Bidan,,,,,,,,,,,,,,,,
,,Cukup,Kurang,Lebih,Cukup,Kurang,Lebih,Cukup,Kurang,Lebih,Cukup,Kurang,Lebih,,,,,,,,,,,,,,
(1),(2),(3),(4),(5),(6),(7),(8),(9),(10),(11),(12),(13),(14),,,,,,,,,,,,,,
1,Aceh,"18,9","5,3","75,8","63,0","25,1","12,0","7,8","4,2","88,0","6,1","0,3","93,6",,,,,,,,,,,,,,
2,Sumatera Utara,"25,1","6,9","68,0","52,2","31,9","15,9","15,8","11,3","72,9","11,2","1,0","87,8",,,,,,,,,,,,,,
3,Sumatera Barat,"32,0","5,8","62,2","73,4","8,3","18,3","22,3","14,0","63,7","11,9","0,4","87,8",,,,,,,,,,,,,,
4,Riau,"17,8","4,7","77,5","54,2","17,4","28,4","14,4","8,5","77,1","11,9","1,3","86,9",,,,,,,,,,,,,,
5,Jambi,"29,6","5,3","65,0","61,2","34,0","4,9","10,7","2,9","86,4","5,3","0,0","94,7",,,,,,,,,,,,,,
6,Sumatera Selatan,"38,2","18,1","43,7","49,0","48,1","2,9","11,1","3,2","85,7","9,0","1,5","89,5",,,,,,,,,,,,,,
7,Bengkulu,"50,3","12,8","36,9","41,3","55,9","2,8","5,6","5,6","88,8","4,5","0,0","95,5",,,,,,,,,,,,,,
8,Lampung,"36,3","3,2","60,5","36,9","60,5","2,5","15,3","3,8","80,9","12,1","0,0","87,9",,,,,,,,,,,,,,
9,Kep. Bangka Belitung,"10,9","6,3","82,8","76,6","10,9","12,5","12,5","0,0","87,5","9,4","0,0","90,6",,,,,,,,,,,,,,
10,Kepulauan Riau,"10,0","7,8","82,2","64,4","17,8","17,8","16,7","4,4","78,9","13,3","0,0","86,7",,,,,,,,,,,,,,
11,DKI Jakarta,"10,2","0,0","89,8","87,1","3,0","9,9","12,3","77,8","9,9","18,3","69,4","12,3",,,,,,,,,,,,,,
12,Jawa Barat,"21,0","1,9","77,1","57,4","31,9","10,7","15,2","18,2","66,6","10,7","3,5","85,8",,,,,,,,,,,,,,
13,Jawa Tengah,"22,9","2,2","75,0","78,2","15,4","6,5","18,7","9,7","71,7","12,2","1,1","86,7",,,,,,,,,,,,,,
14,DI Yogyakarta,"7,4","0,0","92,6","68,6","1,7","29,8","24,8","13,2","62,0","14,9","11,6","73,6",,,,,,,,,,,,,,
15,Jawa Timur,"37,4","11,1","51,5","78,1","7,3","14,6","27,2","3,2","69,6","24,4","0,5","75,1",,,,,,,,,,,,,,
16,Banten,"19,7","1,6","78,7","52,9","16,4","30,7","16,0","12,3","71,7","12,3","0,4","87,3",,,,,,,,,,,,,,
17,Bali,"7,5","1,7","90,8","34,2","3,3","62,5","7,5","1,7","90,8","6,7","0,0","93,3",,,,,,,,,,,,,,
18,Nusa Tenggara Barat,"35,3","13,3","51,4","61,8","36,4","1,7","5,8","2,3","91,9","6,4","1,2","92,5",,,,,,,,,,,,,,
19,Nusa Tenggara Timur,"43,0","40,3","16,7","39,9","58,7","1,4","21,0","8,5","70,5","21,3","4,6","74,2",,,,,,,,,,,,,,
20,Kalimantan Barat,"43,9","12,2","43,9","37,8","60,2","2,0","8,1","7,3","84,6","8,9","1,2","89,8",,,,,,,,,,,,,,
21,Kalimantan Tengah,"34,0","31,0","35,0","32,0","63,5","4,4","3,4","0,0","96,6","3,0","1,5","95,6",,,,,,,,,,,,,,
22,Kalimantan Selatan,"39,0","11,9","49,2","61,0","34,7","4,2","7,2","4,2","88,6","4,2","0,8","94,9",,,,,,,,,,,,,,
23,Kalimantan Timur,"28,9","16,6","54,5","63,6","19,8","16,6","29,4","9,6","61,0","31,0","5,3","63,6",,,,,,,,,,,,,,
24,Kalimantan Utara,"37,9","24,1","37,9","72,4","25,9","1,7","32,8","6,9","60,3","36,2","5,2","58,6",,,,,,,,,,,,,,
25,Sulawesi Utara,"27,8","11,1","61,1","35,9","61,6","2,5","18,7","7,1","74,2","19,2","21,7","59,1",,,,,,,,,,,,,,
26,Sulawesi Tengah,"50,2","20,8","29,0","40,6","56,0","3,4","4,3","2,4","93,2","1,9","0,5","97,6",,,,,,,,,,,,,,
27,Sulawesi Selatan,"42,1","22,2","35,6","66,5","18,4","15,1","14,7","5,6","79,7","11,4","4,1","84,4",,,,,,,,,,,,,,
28,Sulawesi Tenggara,"49,7","28,4","21,9","48,6","49,3","2,1","16,4","16,8","66,8","14,0","8,9","77,1",,,,,,,,,,,,,,
29,Gorontalo,"59,1","20,4","20,4","58,1","41,9","0,0","16,1","7,5","76,3","12,9","1,1","86,0",,,,,,,,,,,,,,
30,Sulawesi Barat,"36,1","26,8","37,1","61,9","30,9","7,2","13,4","3,1","83,5","9,3","2,1","88,7",,,,,,,,,,,,,,
31,Maluku,"38,9","37,6","23,5","22,6","77,0","0,4","11,1","16,4","72,6","15,5","32,7","51,8",,,,,,,,,,,,,,
32,Maluku Utara,"52,7","21,2","26,0","32,2","66,4","1,4","24,0","13,7","62,3","17,1","2,7","80,1",,,,,,,,,,,,,,
33,Papua Barat,"34,1","48,8","17,1","24,4","75,6","0,0","17,7","25,6","56,7","23,8","29,9","46,3",,,,,,,,,,,,,,
34,Papua,"30,3","57,4","12,3","23,7","75,5","0,7","23,0","31,2","45,8","23,7","41,4","34,9",,,,,,,,,,,,,,
Indonesia,,"31,0","14,1","55,0","56,3","33,8","9,9","16,2","12,0","71,8","13,7","7,3","79,0",,,,,,,,,,,,,,
No,Provinsi,Batch XV (Peride I Tahun 2020),,Batch XVI (Periode II Tahun 2020),,,,,,,,,,,,,,,,,,,,,,,
,,Jumlah Kabupaten/Kota,Jumlah Puskesmas,Jumlah Kabupaten/Kota,Jumlah Puskesmas,,,,,,,,,,,,,,,,,,,,,,
(1),(2),(3),(4),(5),(6),,,,,,,,,,,,,,,,,,,,,,
1,Aceh,,,2,2,,,,,,,,,,,,,,,,,,,,,,
2,Sumatera Utara,1,1,1,2,,,,,,,,,,,,,,,,,,,,,,
3,Sumatera Barat,,,,,,,,,,,,,,,,,,,,,,,,,,
4,Riau,,,,,,,,,,,,,,,,,,,,,,,,,,
5,Jambi,,,,,,,,,,,,,,,,,,,,,,,,,,
6,Sumatera Selatan,,,,,,,,,,,,,,,,,,,,,,,,,,
7,Bengkulu,,,,,,,,,,,,,,,,,,,,,,,,,,
8,Lampung,1,2,,,,,,,,,,,,,,,,,,,,,,,,
9,Kepulauan Bangka Belitung,,,,,,,,,,,,,,,,,,,,,,,,,,
10,Kepulauan Riau,,,,,,,,,,,,,,,,,,,,,,,,,,
11,Jawa Barat,,,,,,,,,,,,,,,,,,,,,,,,,,
12,Jawa Timur,,,,,,,,,,,,,,,,,,,,,,,,,,
13,Nusa Tenggara Barat,,,,,,,,,,,,,,,,,,,,,,,,,,
14,Nusa Tenggara Timur,4,4,,,,,,,,,,,,,,,,,,,,,,,,
15,Kalimantan Barat,,,,,,,,,,,,,,,,,,,,,,,,,,
16,Kalimantan Tengah,1,2,,,,,,,,,,,,,,,,,,,,,,,,
17,Kalimantan Selatan,,,,,,,,,,,,,,,,,,,,,,,,,,
18,Kalimantan Timur,,,,,,,,,,,,,,,,,,,,,,,,,,
19,Kalimantan Utara,,,,,,,,,,,,,,,,,,,,,,,,,,
20,Sulawesi Utara,,,,,,,,,,,,,,,,,,,,,,,,,,
21,Sulawesi Tengah,1,1,1,2,,,,,,,,,,,,,,,,,,,,,,
22,Sulawesi Selatan,1,1,1,1,,,,,,,,,,,,,,,,,,,,,,
23,Sulawesi Tenggara,,,1,1,,,,,,,,,,,,,,,,,,,,,,
24,Gorontalo,,,,,,,,,,,,,,,,,,,,,,,,,,
25,Sulawesi Barat,,,,,,,,,,,,,,,,,,,,,,,,,,
26,Maluku,1,3,2,4,,,,,,,,,,,,,,,,,,,,,,
27,Maluku Utara,1,2,,,,,,,,,,,,,,,,,,,,,,,,
28,Papua Barat,1,1,,,,,,,,,,,,,,,,,,,,,,,,
29,Papua,1,1,1,2,,,,,,,,,,,,,,,,,,,,,,
Indonesia,,13,18,9,14,,,,,,,,,,,,,,,,,,,,,,
No,Provinsi,Periode I,,Periode II,,Periode III,,Periode IV,,Periode V,,,,,,,,,,,,,,,,,
,,Jumlah Kabupaten/ Kota,Jumlah Puskesmas,Jumlah Kabupaten/ Kota,Jumlah Puskesmas,Jumlah Kabupaten/ Kota,Jumlah Puskesmas,Jumlah Kabupaten/ Kota,Jumlah Puskesmas,Jumlah Kabupaten/ Kota,Jumlah Puskesmas,,,,,,,,,,,,,,,,
(1),(2),(3),(4),(5),(6),(7),(8),(9),(10),(11),(12),,,,,,,,,,,,,,,,
1,Aceh,3,10,,,,,11,57,11,25,,,,,,,,,,,,,,,,
2,Sumatera Utara,2,11,,,,,9,22,6,11,,,,,,,,,,,,,,,,
3,Sumatera Barat,2,3,,,,,11,42,2,2,,,,,,,,,,,,,,,,
4,Riau,,,,,,,,,10,22,,,,,,,,,,,,,,,,
5,Jambi,1,3,,,,,,,9,39,,,,,,,,,,,,,,,,
6,Sumatera Selatan,4,13,,,,,,,1,3,,,,,,,,,,,,,,,,
7,Bengkulu,3,5,,,,,5,17,7,23,,,,,,,,,,,,,,,,
8,Lampung,1,2,,,,,2,7,3,7,,,,,,,,,,,,,,,,
9,Kep. Bangka Belitung,,,,,,,,,,,,,,,,,,,,,,,,,,
10,Kepulauan Riau,3,9,,,,,4,9,4,9,,,,,,,,,,,,,,,,
11,Jawa Barat,,,,,,,1,4,1,4,,,,,,,,,,,,,,,,
12,Jawa Tengah,1,1,,,,,,,1,1,,,,,,,,,,,,,,,,
13,Jawa Timur,2,2,,,,,1,3,3,6,,,,,,,,,,,,,,,,
14,Banten,,,,,,,,,1,8,,,,,,,,,,,,,,,,
15,Nusa Tenggara Barat,,,,,,,4,9,3,5,,,,,,,,,,,,,,,,
16,Nusa Tenggara Timur,4,9,,,,,6,14,11,49,,,,,,,,,,,,,,,,
17,Kalimantan Barat,1,1,,,,,,,6,27,,,,,,,,,,,,,,,,
18,Kalimantan Tengah,2,2,,,,,6,10,2,6,,,,,,,,,,,,,,,,
19,Kalimantan Selatan,,,,,,,,,1,2,,,,,,,,,,,,,,,,
20,Kalimantan Timur,1,3,,,,,4,9,2,5,,,,,,,,,,,,,,,,
21,Kalimantan Utara,,,,,,,2,2,,,,,,,,,,,,,,,,,,
22,Sulawesi Utara,4,15,,,,,3,8,5,13,,,,,,,,,,,,,,,,
23,Sulawesi Tengah,8,18,,,,,6,20,7,13,,,,,,,,,,,,,,,,
24,Sulawesi Selatan,1,2,,,,,14,57,13,29,,,,,,,,,,,,,,,,
25,Sulawesi Tenggara,3,5,,,,,9,41,8,17,,,,,,,,,,,,,,,,
26,Gorontalo,2,2,,,,,3,12,3,6,,,,,,,,,,,,,,,,
27,Sulawesi Barat,2,2,,,,,3,14,3,12,,,,,,,,,,,,,,,,
28,Maluku,2,5,,,,,6,26,6,40,,,,,,,,,,,,,,,,
29,Maluku Utara,3,7,,,,,4,18,3,6,,,,,,,,,,,,,,,,
30,Papua Barat,1,2,,,,,2,4,2,4,,,,,,,,,,,,,,,,
31,Papua,1,1,3,11,1,5,3,7,3,9,,,,,,,,,,,,,,,,
Indonesia,,57,133,3,11,1,5,119,412,137,403,,,,,,,,,,,,,,,,
No,Provinsi,Puskesmas,,,,Rumah Sakit,,,,Sarana Pelayanan Kesehatan Lainnya,,,,Total,,,,,,,,,,,,,
,,Perawata,,,Bidan,Perawata,,,Bidan,Perawata,,,Bidan,Perawata,,,Bidan,,,,,,,,,,
,,L,P,L+P,,L,P,L+P,,L,P,L+P,,L,P,L+P,,,,,,,,,,,
(1),(2),(3),(4),(5),(6),(7),(8),(9),(10),(11),(12),(13),(14),(15),(16),(17),(18),,,,,,,,,,
1,Aceh,2.107,5.202,7.309,13.305,2.502,4.984,7.486,3.500,131,104,235,166,4.740,10.290,15.030,16.971,,,,,,,,,,
2,Sumatera Utara,2.085,5.237,7.322,15.630,3.017,8.885,11.902,4.072,130,183,313,254,5.232,14.305,19.537,19.956,,,,,,,,,,
3,Sumatera Barat,487,2.315,2.802,5.360,1.172,5.393,6.565,1.371,50,162,212,145,1.709,7.870,9.579,6.876,,,,,,,,,,
4,Riau,903,2.535,3.438,4.898,1.451,4.046,5.497,1.795,52,97,149,149,2.406,6.678,9.084,6.842,,,,,,,,,,
5,Jambi,1.032,2.384,3.416,4.913,1.027,2.857,3.884,1.181,123,177,300,266,2.182,5.418,7.600,6.360,,,,,,,,,,
6,Sumatera Selatan,1.503,4.414,5.917,9.773,1.641,5.960,7.601,2.400,113,156,269,184,3.257,10.530,13.787,12.357,,,,,,,,,,
7,Bengkulu,585,1.465,2.050,2.848,746,1.621,2.367,860,57,88,145,96,1.388,3.174,4.562,3.804,,,,,,,,,,
8,Lampung,1.710,2.550,4.260,7.461,2.096,3.701,5.797,1.669,112,147,259,254,3.918,6.398,10.316,9.384,,,,,,,,,,
9,Kep. Bangka Belitung,307,703,1.010,940,618,1.386,2.004,424,104,163,267,102,1.029,2.252,3.281,1.466,,,,,,,,,,
10,Kepulauan Riau,291,867,1.158,1.309,716,2.158,2.874,693,51,78,129,51,1.058,3.103,4.161,2.053,,,,,,,,,,
11,DKI Jakarta,500,1.449,1.949,1.867,5.452,23.174,28.626,3.436,614,1.038,1.652,1.017,6.566,25.661,32.227,6.320,,,,,,,,,,
12,Jawa Barat,4.705,6.058,10.763,15.888,12.963,28.801,41.764,7.517,618,927,1.545,1.618,18.286,35.786,54.072,25.023,,,,,,,,,,
13,Jawa Tengah,3.564,5.858,9.422,16.096,12.132,27.407,39.539,6.976,1.055,2.622,3.677,2.537,16.751,35.887,52.638,25.609,,,,,,,,,,
14,DI Yogyakarta,281,647,928,953,1.758,5.964,7.722,1.064,99,415,514,313,2.138,7.026,9.164,2.330,,,,,,,,,,
15,Jawa Timur,6.373,8.568,14.941,16.394,13.023,25.224,38.247,7.514,952,1.693,2.645,1.318,20.348,35.485,55.833,25.226,,,,,,,,,,
16,Banten,1.045,1.356,2.401,3.884,2.648,7.703,10.351,2.133,157,236,393,445,3.850,9.295,13.145,6.462,,,,,,,,,,
17,Bali,539,1.115,1.654,2.368,2.431,5.736,8.167,2.123,216,508,724,407,3.186,7.359,10.545,4.898,,,,,,,,,,
18,Nusa Tenggara Barat,1.842,2.769,4.611,4.310,1.507,2.561,4.068,1.167,175,142,317,90,3.524,5.472,8.996,5.567,,,,,,,,,,
19,Nusa Tenggara Timur,1.671,3.841,5.512,5.640,780,2.709,3.489,1.173,73,82,155,48,2.524,6.632,9.156,6.861,,,,,,,,,,
20,Kalimantan Barat,1.868,2.104,3.972,3.694,1.522,2.737,4.259,1.024,96,95,191,119,3.486,4.936,8.422,4.837,,,,,,,,,,
21,Kalimantan Tengah,1.550,2.099,3.649,3.020,963,1.829,2.792,732,104,94,198,76,2.617,4.022,6.639,3.828,,,,,,,,,,
22,Kalimantan Selatan,1.090,1.492,2.582,3.370,2.170,3.084,5.254,1.303,144,99,243,88,3.404,4.675,8.079,4.761,,,,,,,,,,
23,Kalimantan Timur,797,1.595,2.392,2.292,1.762,4.256,6.018,1.253,39,88,127,67,2.598,5.939,8.537,3.612,,,,,,,,,,
24,Kalimantan Utara,321,594,915,713,297,693,990,271,37,50,87,25,655,1.337,1.992,1.009,,,,,,,,,,
25,Sulawesi Utara,409,2.080,2.489,1.467,1.030,3.451,4.481,659,74,165,239,33,1.513,5.696,7.209,2.159,,,,,,,,,,
26,Sulawesi Tengah,972,2.187,3.159,3.946,953,2.576,3.529,1.209,118,130,248,60,2.043,4.893,6.936,5.215,,,,,,,,,,
27,Sulawesi Selatan,1.369,5.488,6.857,8.203,2.395,9.214,11.609,2.933,168,337,505,246,3.932,15.039,18.971,11.382,,,,,,,,,,
28,Sulawesi Tenggara,961,2.709,3.670,3.879,752,2.084,2.836,965,48,90,138,69,1.761,4.883,6.644,4.913,,,,,,,,,,
29,Gorontalo,257,691,948,1.027,417,1.052,1.469,455,39,52,91,46,713,1.795,2.508,1.528,,,,,,,,,,
30,Sulawesi Barat,486,1.341,1.827,2.405,307,874,1.181,445,24,56,80,56,817,2.271,3.088,2.906,,,,,,,,,,
31,Maluku,695,1.871,2.566,1.415,434,1.522,1.956,474,72,116,188,45,1.201,3.509,4.710,1.934,,,,,,,,,,
32,Maluku Utara,448,872,1.320,1.919,303,856,1.159,453,35,47,82,33,786,1.775,2.561,2.405,,,,,,,,,,
33,Papua Barat,575,1.079,1.654,1.063,396,965,1.361,365,25,22,47,17,996,2.066,3.062,1.445,,,,,,,,,,
34,Papua,1.374,2.116,3.490,2.201,669,1.819,2.488,632,100,85,185,72,2.143,4.020,6.163,2.905,,,,,,,,,,
Indonesia,,44.702,87.651,132.353,174.451,82.050,207.282,289.332,64.241,6.005,10.544,16.549,10.512,132.757,305.477,438.234,249.204,,,,,,,,,,
No,Provinsi,Kesehatan Masyarakat,,,Kesehatan Lingkungan,,,Gizi,,,,,,,,,,,,,,,,,,,
,,L,P,L+P,L,P,L+P,L,P,L+P,,,,,,,,,,,,,,,,,
(1),(2),(3),(4),(5),(6),(7),(8),(9),(10),(11),,,,,,,,,,,,,,,,,
1,Aceh,692,2.122,2.814,286,956,1.242,93,924,1.017,,,,,,,,,,,,,,,,,
2,Sumatera Utara,517,1.984,2.501,271,519,790,126,1.146,1.272,,,,,,,,,,,,,,,,,
3,Sumatera Barat,172,647,819,151,413,564,83,858,941,,,,,,,,,,,,,,,,,
4,Riau,242,665,907,108,228,336,38,552,590,,,,,,,,,,,,,,,,,
5,Jambi,235,516,751,161,307,468,43,399,442,,,,,,,,,,,,,,,,,
6,Sumatera Selatan,402,1.252,1.654,157,601,758,71,740,811,,,,,,,,,,,,,,,,,
7,Bengkulu,278,672,950,127,152,279,55,413,468,,,,,,,,,,,,,,,,,
8,Lampung,260,567,827,202,408,610,86,540,626,,,,,,,,,,,,,,,,,
9,Kepulauan Bangka Belitung,91,206,297,41,120,161,40,197,237,,,,,,,,,,,,,,,,,
10,Kepulauan Riau,101,177,278,103,185,288,22,199,221,,,,,,,,,,,,,,,,,
11,DKI Jakarta,101,279,380,236,402,638,165,1.204,1.369,,,,,,,,,,,,,,,,,
12,Jawa Barat,878,1.680,2.558,544,1.018,1.562,412,2.376,2.788,,,,,,,,,,,,,,,,,
13,Jawa Tengah,495,1.782,2.277,659,1.187,1.846,311,2.640,2.951,,,,,,,,,,,,,,,,,
14,DI Yogyakarta,75,267,342,160,221,381,87,563,650,,,,,,,,,,,,,,,,,
15,Jawa Timur,375,1.599,1.974,547,1.120,1.667,451,2.962,3.413,,,,,,,,,,,,,,,,,
16,Banten,186,422,608,129,237,366,68,497,565,,,,,,,,,,,,,,,,,
17,Bali,121,284,405,219,292,511,97,573,670,,,,,,,,,,,,,,,,,
18,Nusa Tenggara Barat,209,391,600,179,393,572,123,646,769,,,,,,,,,,,,,,,,,
19,Nusa Tenggara Timur,434,709,1.143,361,523,884,222,768,990,,,,,,,,,,,,,,,,,
20,Kalimantan Barat,215,404,619,266,293,559,120,537,657,,,,,,,,,,,,,,,,,
21,Kalimantan Tengah,163,309,472,101,148,249,61,434,495,,,,,,,,,,,,,,,,,
22,Kalimantan Selatan,213,394,607,236,338,574,156,750,906,,,,,,,,,,,,,,,,,
23,Kalimantan Timur,160,389,549,129,227,356,75,300,375,,,,,,,,,,,,,,,,,
24,Kalimantan Utara,85,156,241,49,67,116,21,108,129,,,,,,,,,,,,,,,,,
25,Sulawesi Utara,133,535,668,198,330,528,106,479,585,,,,,,,,,,,,,,,,,
26,Sulawesi Tengah,504,1.313,1.817,236,402,638,70,436,506,,,,,,,,,,,,,,,,,
27,Sulawesi Selatan,599,2.052,2.651,288,863,1.151,127,1.287,1.414,,,,,,,,,,,,,,,,,
28,Sulawesi Tenggara,421,1.405,1.826,162,374,536,110,734,844,,,,,,,,,,,,,,,,,
29,Gorontalo,122,525,647,65,148,213,66,369,435,,,,,,,,,,,,,,,,,
30,Sulawesi Barat,100,393,493,70,123,193,20,237,257,,,,,,,,,,,,,,,,,
31,Maluku,202,490,692,231,311,542,91,522,613,,,,,,,,,,,,,,,,,
32,Maluku Utara,179,650,829,68,125,193,37,303,340,,,,,,,,,,,,,,,,,
33,Papua Barat,93,222,315,69,63,132,29,179,208,,,,,,,,,,,,,,,,,
34,Papua,242,470,712,199,212,411,87,375,462,,,,,,,,,,,,,,,,,
Indonesia,,9.295,25.928,35.223,7.008,13.306,20.314,3.769,25.247,29.016,,,,,,,,,,,,,,,,,
No,Provinsi,Kesehatan Masyarakat,,,Kesehatan Lingkungan,,,Gizi,,,,,,,,,,,,,,,,,,,
,,L,P,L+P,L,P,L+P,L,P,L+P,,,,,,,,,,,,,,,,,
(1),(2),(3),(4),(5),(6),(7),(8),(9),(10),(11),,,,,,,,,,,,,,,,,
1,Aceh,403,1.524,1.927,169,725,894,55,586,641,,,,,,,,,,,,,,,,,
2,Sumatera Utara,319,1.373,1.692,145,352,497,76,653,729,,,,,,,,,,,,,,,,,
3,Sumatera Barat,96,420,516,91,293,384,25,446,471,,,,,,,,,,,,,,,,,
4,Riau,148,402,550,71,154,225,20,270,290,,,,,,,,,,,,,,,,,
5,Jambi,147,333,480,77,213,290,30,239,269,,,,,,,,,,,,,,,,,
6,Sumatera Selatan,264,840,1.104,88,423,511,41,380,421,,,,,,,,,,,,,,,,,
7,Bengkulu,179,420,599,77,105,182,25,201,226,,,,,,,,,,,,,,,,,
8,Lampung,200,407,607,138,298,436,63,328,391,,,,,,,,,,,,,,,,,
9,Kepulauan Bangka Belitung,54,130,184,27,75,102,27,116,143,,,,,,,,,,,,,,,,,
10,Kepulauan Riau,38,93,131,48,103,151,10,102,112,,,,,,,,,,,,,,,,,
11,DKI Jakarta,17,86,103,118,237,355,31,365,396,,,,,,,,,,,,,,,,,
12,Jawa Barat,499,1.127,1.626,336,731,1.067,137,996,1.133,,,,,,,,,,,,,,,,,
13,Jawa Tengah,295,1.268,1.563,363,799,1.162,150,1.140,1.290,,,,,,,,,,,,,,,,,
14,DI Yogyakarta,47,166,213,66,106,172,38,206,244,,,,,,,,,,,,,,,,,
15,Jawa Timur,197,935,1.132,291,697,988,243,1.137,1.380,,,,,,,,,,,,,,,,,
16,Banten,104,261,365,62,173,235,26,247,273,,,,,,,,,,,,,,,,,
17,Bali,43,103,146,115,134,249,36,168,204,,,,,,,,,,,,,,,,,
18,Nusa Tenggara Barat,142,280,422,111,287,398,102,413,515,,,,,,,,,,,,,,,,,
19,Nusa Tenggara Timur,330,528,858,273,417,690,186,548,734,,,,,,,,,,,,,,,,,
20,Kalimantan Barat,140,255,395,174,218,392,79,360,439,,,,,,,,,,,,,,,,,
21,Kalimantan Tengah,106,195,301,75,105,180,41,283,324,,,,,,,,,,,,,,,,,
22,Kalimantan Selatan,140,285,425,136,252,388,116,508,624,,,,,,,,,,,,,,,,,
23,Kalimantan Timur,109,315,424,64,162,226,50,167,217,,,,,,,,,,,,,,,,,
24,Kalimantan Utara,42,89,131,31,38,69,11,62,73,,,,,,,,,,,,,,,,,
25,Sulawesi Utara,76,346,422,141,238,379,71,291,362,,,,,,,,,,,,,,,,,
26,Sulawesi Tengah,271,731,1.002,143,275,418,50,279,329,,,,,,,,,,,,,,,,,
27,Sulawesi Selatan,329,1.177,1.506,166,586,752,64,718,782,,,,,,,,,,,,,,,,,
28,Sulawesi Tenggara,268,942,1.210,113,276,389,84,518,602,,,,,,,,,,,,,,,,,
29,Gorontalo,63,339,402,39,105,144,43,239,282,,,,,,,,,,,,,,,,,
30,Sulawesi Barat,71,302,373,57,101,158,18,155,173,,,,,,,,,,,,,,,,,
31,Maluku,102,286,388,151,203,354,61,336,397,,,,,,,,,,,,,,,,,
32,Maluku Utara,106,411,517,43,92,135,31,191,222,,,,,,,,,,,,,,,,,
33,Papua Barat,48,132,180,45,38,83,20,123,143,,,,,,,,,,,,,,,,,
34,Papua,138,274,412,111,127,238,60,223,283,,,,,,,,,,,,,,,,,
Indonesia,,5.531,16.775,22.306,4.155,9.138,13.293,2.120,12.994,15.114,,,,,,,,,,,,,,,,,
No,Provinsi,Ahli Teknologi Laboratorium Medik,,,Tenaga Teknik Biomedika Lainnya,,,Keterapian Fisik,,,Keteknisian Medis,,,,,,,,,,,,,,,,
,,L,P,L + P,L,P,L + P,L,P,L + P,L,P,L + P,,,,,,,,,,,,,,
(1),(2),(3),(4),(5),(6),(7),(8),(9),(10),(11),(12),(13),(14),,,,,,,,,,,,,,
1,Aceh,122,999,1.121,260,251,511,72,301,373,233,960,1.193,,,,,,,,,,,,,,
2,Sumatera Utara,216,1.282,1.498,267,352,619,114,208,322,233,856,1.089,,,,,,,,,,,,,,
3,Sumatera Barat,180,889,1.069,245,188,433,65,148,213,248,1.149,1.397,,,,,,,,,,,,,,
4,Riau,131,761,892,139,161,300,52,163,215,174,455,629,,,,,,,,,,,,,,
5,Jambi,131,639,770,84,85,169,32,112,144,95,440,535,,,,,,,,,,,,,,
6,Sumatera Selatan,165,972,1.137,178,215,393,57,192,249,208,849,1.057,,,,,,,,,,,,,,
7,Bengkulu,112,358,470,89,58,147,15,33,48,68,152,220,,,,,,,,,,,,,,
8,Lampung,206,732,938,198,161,359,48,88,136,170,446,616,,,,,,,,,,,,,,
9,Kepulauan Bangka Belitung,81,267,348,87,48,135,13,64,77,82,242,324,,,,,,,,,,,,,,
10,Kepulauan Riau,80,262,342,94,76,170,24,50,74,79,174,253,,,,,,,,,,,,,,
11,DKI Jakarta,942,2.538,3.480,1.016,794,1.810,440,697,1.137,869,1.938,2.807,,,,,,,,,,,,,,
12,Jawa Barat,1.233,3.707,4.940,1.181,801,1.982,406,840,1.246,1.442,2.878,4.320,,,,,,,,,,,,,,
13,Jawa Tengah,969,3.882,4.851,1.153,966,2.119,526,1.016,1.542,1.216,3.634,4.850,,,,,,,,,,,,,,
14,DI Yogyakarta,207,794,1.001,257,223,480,135,238,373,255,974,1.229,,,,,,,,,,,,,,
15,Jawa Timur,947,3.890,4.837,1.009,824,1.833,403,653,1.056,1.143,2.609,3.752,,,,,,,,,,,,,,
16,Banten,231,828,1.059,269,255,524,111,265,376,215,524,739,,,,,,,,,,,,,,
17,Bali,232,679,911,320,161,481,88,75,163,170,493,663,,,,,,,,,,,,,,
18,Nusa Tenggara Barat,225,692,917,204,114,318,51,106,157,281,475,756,,,,,,,,,,,,,,
19,Nusa Tenggara Timur,253,704,957,111,91,202,37,87,124,255,758,1.013,,,,,,,,,,,,,,
20,Kalimantan Barat,219,554,773,119,60,179,30,63,93,271,527,798,,,,,,,,,,,,,,
21,Kalimantan Tengah,151,432,583,113,50,163,22,46,68,141,270,411,,,,,,,,,,,,,,
22,Kalimantan Selatan,233,771,1.004,164,97,261,48,67,115,232,621,853,,,,,,,,,,,,,,
23,Kalimantan Timur,217,616,833,139,95,234,63,96,159,125,221,346,,,,,,,,,,,,,,
24,Kalimantan Utara,54,129,183,48,25,73,8,16,24,52,69,121,,,,,,,,,,,,,,
25,Sulawesi Utara,103,239,342,55,22,77,39,82,121,83,319,402,,,,,,,,,,,,,,
26,Sulawesi Tengah,129,333,462,62,65,127,14,63,77,106,177,283,,,,,,,,,,,,,,
27,Sulawesi Selatan,306,1.219,1.525,255,371,626,100,246,346,271,1.083,1.354,,,,,,,,,,,,,,
28,Sulawesi Tenggara,119,436,555,69,75,144,17,76,93,99,334,433,,,,,,,,,,,,,,
29,Gorontalo,47,108,155,38,27,65,12,10,22,25,78,103,,,,,,,,,,,,,,
30,Sulawesi Barat,58,133,191,21,33,54,8,30,38,31,93,124,,,,,,,,,,,,,,
31,Maluku,74,268,342,38,37,75,4,31,35,33,76,109,,,,,,,,,,,,,,
32,Maluku Utara,67,227,294,23,50,73,10,21,31,29,54,83,,,,,,,,,,,,,,
33,Papua Barat,71,172,243,22,28,50,6,17,23,21,62,83,,,,,,,,,,,,,,
34,Papua,214,500,714,52,30,82,15,24,39,56,101,157,,,,,,,,,,,,,,
Indonesia,,8.725,31.012,39.737,8.379,6.889,15.268,3.085,6.224,9.309,9.011,24.091,33.102,,,,,,,,,,,,,,
No,Provinsi,Ahli Teknologi Laboratorium Medik,,,Tenaga Teknik Biomedika Lainnya,,,Keterapian Fisik,,,Keteknisian Medis,,,,,,,,,,,,,,,,
,,L,P,L + P,L,P,L + P,L,P,L + P,L,P,L + P,,,,,,,,,,,,,,
(1),(2),(3),(4),(5),(6),(7),(8),(9),(10),(11),(12),(13),(14),,,,,,,,,,,,,,
1,Aceh,42,413,455,6,15,21,15,97,112,95,524,619,,,,,,,,,,,,,,
2,Sumatera Utara,77,440,517,7,10,17,9,15,24,63,419,482,,,,,,,,,,,,,,
3,Sumatera Barat,57,320,377,3,3,6,6,17,23,76,514,590,,,,,,,,,,,,,,
4,Riau,42,254,296,0,1,1,2,23,25,25,177,202,,,,,,,,,,,,,,
5,Jambi,41,233,274,0,0,0,2,12,14,50,264,314,,,,,,,,,,,,,,
6,Sumatera Selatan,55,356,411,1,9,10,4,19,23,53,415,468,,,,,,,,,,,,,,
7,Bengkulu,33,141,174,5,4,9,1,1,2,2,53,55,,,,,,,,,,,,,,
8,Lampung,77,270,347,5,3,8,1,3,4,76,288,364,,,,,,,,,,,,,,
9,Kepulauan Bangka Belitung,25,92,117,1,0,1,1,0,1,30,114,144,,,,,,,,,,,,,,
10,Kepulauan Riau,17,63,80,1,0,1,0,1,1,7,61,68,,,,,,,,,,,,,,
11,DKI Jakarta,128,229,357,3,1,4,1,6,7,80,309,389,,,,,,,,,,,,,,
12,Jawa Barat,231,878,1.109,9,18,27,8,16,24,300,1.081,1.381,,,,,,,,,,,,,,
13,Jawa Tengah,227,977,1.204,20,21,41,58,146,204,317,1.178,1.495,,,,,,,,,,,,,,
14,DI Yogyakarta,36,190,226,1,5,6,18,27,45,55,299,354,,,,,,,,,,,,,,
15,Jawa Timur,235,1.061,1.296,17,20,37,34,55,89,282,881,1.163,,,,,,,,,,,,,,
16,Banten,42,177,219,3,1,4,4,12,16,53,162,215,,,,,,,,,,,,,,
17,Bali,34,109,143,5,1,6,2,2,4,66,194,260,,,,,,,,,,,,,,
18,Nusa Tenggara Barat,90,315,405,18,4,22,2,6,8,112,224,336,,,,,,,,,,,,,,
19,Nusa Tenggara Timur,163,421,584,4,3,7,7,22,29,135,461,596,,,,,,,,,,,,,,
20,Kalimantan Barat,99,262,361,2,1,3,1,2,3,151,328,479,,,,,,,,,,,,,,
21,Kalimantan Tengah,58,186,244,1,0,1,1,0,1,70,164,234,,,,,,,,,,,,,,
22,Kalimantan Selatan,68,319,387,3,0,3,2,3,5,99,353,452,,,,,,,,,,,,,,
23,Kalimantan Timur,54,233,287,0,1,1,1,3,4,45,105,150,,,,,,,,,,,,,,
24,Kalimantan Utara,20,41,61,0,0,0,0,1,1,26,37,63,,,,,,,,,,,,,,
25,Sulawesi Utara,32,63,95,2,1,3,4,22,26,41,220,261,,,,,,,,,,,,,,
26,Sulawesi Tengah,59,145,204,2,0,2,0,2,2,51,87,138,,,,,,,,,,,,,,
27,Sulawesi Selatan,77,464,541,4,8,12,5,16,21,119,544,663,,,,,,,,,,,,,,
28,Sulawesi Tenggara,60,219,279,3,3,6,3,13,16,40,163,203,,,,,,,,,,,,,,
29,Gorontalo,15,47,62,0,0,0,0,0,0,4,29,33,,,,,,,,,,,,,,
30,Sulawesi Barat,26,71,97,0,0,0,1,5,6,14,48,62,,,,,,,,,,,,,,
31,Maluku,33,125,158,2,4,6,1,3,4,12,28,40,,,,,,,,,,,,,,
32,Maluku Utara,35,114,149,1,5,6,1,3,4,9,29,38,,,,,,,,,,,,,,
33,Papua Barat,38,82,120,0,0,0,0,2,2,10,24,34,,,,,,,,,,,,,,
34,Papua,121,263,384,1,2,3,0,3,3,14,46,60,,,,,,,,,,,,,,
Indonesia,,2.447,9.573,12.020,130,144,274,195,558,753,2.582,9.823,12.405,,,,,,,,,,,,,,
No,Provinsi,Tenaga Kefarmasian,,,,,,,,,,,,,,,,,,,,,,,,,
,,Tenaga Kefarmasiana,,,Apoteker,,,Total,,,,,,,,,,,,,,,,,,,
,,L,P,L + P,L,P,L + P,L,P,L + P,,,,,,,,,,,,,,,,,
(1),(2),(3),(4),(5),(6),(7),(8),(9),(10),(11),,,,,,,,,,,,,,,,,
1,Aceh,180,1.381,1.561,72,414,486,252,1.795,2.047,,,,,,,,,,,,,,,,,
2,Sumatera Utara,260,1.728,1.988,131,636,767,391,2.364,2.755,,,,,,,,,,,,,,,,,
3,Sumatera Barat,145,1.110,1.255,72,420,492,217,1.530,1.747,,,,,,,,,,,,,,,,,
4,Riau,149,904,1.053,84,423,507,233,1.327,1.560,,,,,,,,,,,,,,,,,
5,Jambi,89,697,786,74,326,400,163,1.023,1.186,,,,,,,,,,,,,,,,,
6,Sumatera Selatan,208,1.245,1.453,104,394,498,312,1.639,1.951,,,,,,,,,,,,,,,,,
7,Bengkulu,76,425,501,41,200,241,117,625,742,,,,,,,,,,,,,,,,,
8,Lampung,176,665,841,92,313,405,268,978,1.246,,,,,,,,,,,,,,,,,
9,Kepulauan Bangka Belitung,90,382,472,59,195,254,149,577,726,,,,,,,,,,,,,,,,,
10,Kepulauan Riau,85,278,363,62,207,269,147,485,632,,,,,,,,,,,,,,,,,
11,DKI Jakarta,1.005,4.425,5.430,514,1.638,2.152,1.519,6.063,7.582,,,,,,,,,,,,,,,,,
12,Jawa Barat,1.552,5.916,7.468,818,2.699,3.517,2.370,8.615,10.985,,,,,,,,,,,,,,,,,
13,Jawa Tengah,975,6.485,7.460,645,3.401,4.046,1.620,9.886,11.506,,,,,,,,,,,,,,,,,
14,DI Yogyakarta,171,1.285,1.456,146,980,1.126,317,2.265,2.582,,,,,,,,,,,,,,,,,
15,Jawa Timur,964,5.923,6.887,630,2.732,3.362,1.594,8.655,10.249,,,,,,,,,,,,,,,,,
16,Banten,310,1.310,1.620,157,704,861,467,2.014,2.481,,,,,,,,,,,,,,,,,
17,Bali,171,861,1.032,200,321,521,371,1.182,1.553,,,,,,,,,,,,,,,,,
18,Nusa Tenggara Barat,241,479,720,102,302,404,343,781,1.124,,,,,,,,,,,,,,,,,
19,Nusa Tenggara Timur,151,688,839,68,241,309,219,929,1.148,,,,,,,,,,,,,,,,,
20,Kalimantan Barat,162,504,666,84,228,312,246,732,978,,,,,,,,,,,,,,,,,
21,Kalimantan Tengah,114,375,489,64,255,319,178,630,808,,,,,,,,,,,,,,,,,
22,Kalimantan Selatan,204,800,1.004,107,315,422,311,1.115,1.426,,,,,,,,,,,,,,,,,
23,Kalimantan Timur,256,701,957,118,348,466,374,1.049,1.423,,,,,,,,,,,,,,,,,
24,Kalimantan Utara,58,192,250,52,115,167,110,307,417,,,,,,,,,,,,,,,,,
25,Sulawesi Utara,130,449,579,59,213,272,189,662,851,,,,,,,,,,,,,,,,,
26,Sulawesi Tengah,152,637,789,83,305,388,235,942,1.177,,,,,,,,,,,,,,,,,
27,Sulawesi Selatan,273,1.393,1.666,202,1.065,1.267,475,2.458,2.933,,,,,,,,,,,,,,,,,
28,Sulawesi Tenggara,108,533,641,90,397,487,198,930,1.128,,,,,,,,,,,,,,,,,
29,Gorontalo,37,203,240,28,113,141,65,316,381,,,,,,,,,,,,,,,,,
30,Sulawesi Barat,41,206,247,40,132,172,81,338,419,,,,,,,,,,,,,,,,,
31,Maluku,41,154,195,26,193,219,67,347,414,,,,,,,,,,,,,,,,,
32,Maluku Utara,32,170,202,38,151,189,70,321,391,,,,,,,,,,,,,,,,,
33,Papua Barat,43,139,182,32,132,164,75,271,346,,,,,,,,,,,,,,,,,
34,Papua,137,331,468,52,217,269,189,548,737,,,,,,,,,,,,,,,,,
Indonesia,,8.786,42.974,51.760,5.146,20.725,25.871,13.932,63.699,77.631,,,,,,,,,,,,,,,,,
No,Provinsi,Tenaga Kefarmasian,,,,,,,,,,,,,,,,,,,,,,,,,
,,Tenaga Kefarmasiana,,,Apoteker,,,Total,,,,,,,,,,,,,,,,,,,
,,L,P,L + P,L,P,L + P,L,P,L + P,,,,,,,,,,,,,,,,,
(1),(2),(3),(4),(5),(6),(7),(8),(9),(10),(11),,,,,,,,,,,,,,,,,
1,Aceh,67,634,701,25,135,160,92,769,861,,,,,,,,,,,,,,,,,
2,Sumatera Utara,96,595,691,39,210,249,135,805,940,,,,,,,,,,,,,,,,,
3,Sumatera Barat,42,326,368,20,109,129,62,435,497,,,,,,,,,,,,,,,,,
4,Riau,38,289,327,26,116,142,64,405,469,,,,,,,,,,,,,,,,,
5,Jambi,26,243,269,13,91,104,39,334,373,,,,,,,,,,,,,,,,,
6,Sumatera Selatan,60,440,500,38,127,165,98,567,665,,,,,,,,,,,,,,,,,
7,Bengkulu,26,137,163,11,48,59,37,185,222,,,,,,,,,,,,,,,,,
8,Lampung,59,201,260,23,101,124,82,302,384,,,,,,,,,,,,,,,,,
9,Kepulauan Bangka Belitung,12,90,102,18,50,68,30,140,170,,,,,,,,,,,,,,,,,
10,Kepulauan Riau,16,68,84,25,64,89,41,132,173,,,,,,,,,,,,,,,,,
11,DKI Jakarta,149,483,632,40,129,169,189,612,801,,,,,,,,,,,,,,,,,
12,Jawa Barat,227,940,1.167,183,568,751,410,1.508,1.918,,,,,,,,,,,,,,,,,
13,Jawa Tengah,158,920,1.078,109,482,591,267,1.402,1.669,,,,,,,,,,,,,,,,,
14,DI Yogyakarta,24,144,168,18,103,121,42,247,289,,,,,,,,,,,,,,,,,
15,Jawa Timur,154,902,1.056,75,340,415,229,1.242,1.471,,,,,,,,,,,,,,,,,
16,Banten,51,166,217,37,189,226,88,355,443,,,,,,,,,,,,,,,,,
17,Bali,27,121,148,32,53,85,59,174,233,,,,,,,,,,,,,,,,,
18,Nusa Tenggara Barat,95,207,302,28,113,141,123,320,443,,,,,,,,,,,,,,,,,
19,Nusa Tenggara Timur,82,375,457,33,100,133,115,475,590,,,,,,,,,,,,,,,,,
20,Kalimantan Barat,53,219,272,29,77,106,82,296,378,,,,,,,,,,,,,,,,,
21,Kalimantan Tengah,55,173,228,30,116,146,85,289,374,,,,,,,,,,,,,,,,,
22,Kalimantan Selatan,59,269,328,49,131,180,108,400,508,,,,,,,,,,,,,,,,,
23,Kalimantan Timur,58,247,305,41,123,164,99,370,469,,,,,,,,,,,,,,,,,
24,Kalimantan Utara,14,60,74,16,38,54,30,98,128,,,,,,,,,,,,,,,,,
25,Sulawesi Utara,42,186,228,20,71,91,62,257,319,,,,,,,,,,,,,,,,,
26,Sulawesi Tengah,60,315,375,31,127,158,91,442,533,,,,,,,,,,,,,,,,,
27,Sulawesi Selatan,66,478,544,51,346,397,117,824,941,,,,,,,,,,,,,,,,,
28,Sulawesi Tenggara,49,250,299,42,185,227,91,435,526,,,,,,,,,,,,,,,,,
29,Gorontalo,7,89,96,7,41,48,14,130,144,,,,,,,,,,,,,,,,,
30,Sulawesi Barat,22,114,136,23,67,90,45,181,226,,,,,,,,,,,,,,,,,
31,Maluku,18,64,82,12,77,89,30,141,171,,,,,,,,,,,,,,,,,
32,Maluku Utara,17,76,93,22,76,98,39,152,191,,,,,,,,,,,,,,,,,
33,Papua Barat,13,62,75,9,51,60,22,113,135,,,,,,,,,,,,,,,,,
34,Papua,68,157,225,18,84,102,86,241,327,,,,,,,,,,,,,,,,,
Indonesia,,2.010,10.040,12.050,1.193,4.738,5.931,3.203,14.778,17.981,,,,,,,,,,,,,,,,,
No,Provinsi,Tenaga Penunjang/Pendukung Kesehatan,,,,,,,,,Total,,,,,,,,,,,,,,,,
,,Pejabat Struktural,,,Tenaga Pendidik,,,Tenaga Dukungan Manajemen,,,,,,,,,,,,,,,,,,,
,,L,P,L+P,L,P,L+P,L,P,L+P,L,P,L+P,,,,,,,,,,,,,,
(1),(2),(3),(4),(5),(6),(7),(8),(9),(10),(11),(12),(13),(14),,,,,,,,,,,,,,
1,Aceh,560,523,1.083,8,12,20,4.671,5.237,9.908,5.239,5.772,11.011,,,,,,,,,,,,,,
2,Sumatera Utara,617,936,1.553,6,14,20,4.913,6.420,11.333,5.536,7.370,12.906,,,,,,,,,,,,,,
3,Sumatera Barat,341,718,1.059,1,8,9,3.146,4.079,7.225,3.488,4.805,8.293,,,,,,,,,,,,,,
4,Riau,374,421,795,4,7,11,3.721,4.078,7.799,4.099,4.506,8.605,,,,,,,,,,,,,,
5,Jambi,403,334,737,2,4,6,2.208,2.782,4.990,2.613,3.120,5.733,,,,,,,,,,,,,,
6,Sumatera Selatan,473,656,1.129,5,8,13,4.652,5.491,10.143,5.130,6.155,11.285,,,,,,,,,,,,,,
7,Bengkulu,287,269,556,3,5,8,1.213,1.484,2.697,1.503,1.758,3.261,,,,,,,,,,,,,,
8,Lampung,489,508,997,6,24,30,4.262,5.084,9.346,4.757,5.616,10.373,,,,,,,,,,,,,,
9,Kepulauan Bangka Belitung,185,241,426,0,0,0,1.717,1.867,3.584,1.902,2.108,4.010,,,,,,,,,,,,,,
10,Kepulauan Riau,251,259,510,14,52,66,1.900,1.977,3.877,2.165,2.288,4.453,,,,,,,,,,,,,,
11,DKI Jakarta,812,1.082,1.894,16,5,21,18.936,16.466,35.402,19.764,17.553,37.317,,,,,,,,,,,,,,
12,Jawa Barat,1.936,1.843,3.779,10,20,30,25.678,21.168,46.846,27.624,23.031,50.655,,,,,,,,,,,,,,
13,Jawa Tengah,1.859,1.769,3.628,46,112,158,25.150,23.955,49.105,27.055,25.836,52.891,,,,,,,,,,,,,,
14,DI Yogyakarta,309,370,679,4,5,9,4.648,4.937,9.585,4.961,5.312,10.273,,,,,,,,,,,,,,
15,Jawa Timur,1.637,1.870,3.507,43,32,75,26.579,24.399,50.978,28.259,26.301,54.560,,,,,,,,,,,,,,
16,Banten,384,546,930,2,3,5,6.109,5.496,11.605,6.495,6.045,12.540,,,,,,,,,,,,,,
17,Bali,463,417,880,5,9,14,5.430,6.463,11.893,5.898,6.889,12.787,,,,,,,,,,,,,,
18,Nusa Tenggara Barat,493,255,748,53,86,139,3.938,2.718,6.656,4.484,3.059,7.543,,,,,,,,,,,,,,
19,Nusa Tenggara Timur,380,408,788,3,6,9,2.573,2.385,4.958,2.956,2.799,5.755,,,,,,,,,,,,,,
20,Kalimantan Barat,436,265,701,1,0,1,2.384,2.715,5.099,2.821,2.980,5.801,,,,,,,,,,,,,,
21,Kalimantan Tengah,393,258,651,0,1,1,1.928,2.205,4.133,2.321,2.464,4.785,,,,,,,,,,,,,,
22,Kalimantan Selatan,544,373,917,9,7,16,3.685,3.609,7.294,4.238,3.989,8.227,,,,,,,,,,,,,,
23,Kalimantan Timur,444,369,813,2,2,4,4.090,4.148,8.238,4.536,4.519,9.055,,,,,,,,,,,,,,
24,Kalimantan Utara,123,108,231,1,0,1,1.172,1.025,2.197,1.296,1.133,2.429,,,,,,,,,,,,,,
25,Sulawesi Utara,238,362,600,2,6,8,1.713,2.107,3.820,1.953,2.475,4.428,,,,,,,,,,,,,,
26,Sulawesi Tengah,316,329,645,0,11,11,1.878,2.300,4.178,2.194,2.640,4.834,,,,,,,,,,,,,,
27,Sulawesi Selatan,552,723,1.275,7,9,16,3.621,4.504,8.125,4.180,5.236,9.416,,,,,,,,,,,,,,
28,Sulawesi Tenggara,345,364,709,4,5,9,1.171,1.547,2.718,1.520,1.916,3.436,,,,,,,,,,,,,,
29,Gorontalo,140,197,337,0,2,2,877,1.262,2.139,1.017,1.461,2.478,,,,,,,,,,,,,,
30,Sulawesi Barat,134,157,291,0,0,0,704,803,1.507,838,960,1.798,,,,,,,,,,,,,,
31,Maluku,192,203,395,2,5,7,833,1.057,1.890,1.027,1.265,2.292,,,,,,,,,,,,,,
32,Maluku Utara,176,164,340,0,0,0,467,599,1.066,643,763,1.406,,,,,,,,,,,,,,
33,Papua Barat,240,150,390,0,0,0,716,702,1.418,956,852,1.808,,,,,,,,,,,,,,
34,Papua,472,359,831,8,9,17,1.722,1.759,3.481,2.202,2.127,4.329,,,,,,,,,,,,,,
Indonesia,,16.998,17.806,34.804,267,469,736,178.405,176.828,355.233,195.670,195.103,390.773,,,,,,,,,,,,,,
No,Provinsi,Tenaga Penunjang/Pendukung Kesehatan,,,,,,,,,Total,,,,,,,,,,,,,,,,
,,Pejabat Struktural,,,Tenaga Pendidik,,,Tenaga Dukungan Manajemen,,,,,,,,,,,,,,,,,,,
,,L,P,L+P,L,P,L+P,L,P,L+P,L,P,L+P,,,,,,,,,,,,,,
(1),(2),(3),(4),(5),(6),(7),(8),(9),(10),(11),(12),(13),(14),,,,,,,,,,,,,,
1,Aceh,128,151,279,0,3,3,1.174,1.479,2.653,1.302,1.633,2.935,,,,,,,,,,,,,,
2,Sumatera Utara,119,212,331,2,3,5,743,870,1.613,864,1.085,1.949,,,,,,,,,,,,,,
3,Sumatera Barat,71,147,218,0,0,0,854,867,1.721,925,1.014,1.939,,,,,,,,,,,,,,
4,Riau,83,62,145,1,0,1,727,591,1.318,811,653,1.464,,,,,,,,,,,,,,
5,Jambi,131,93,224,1,1,2,391,426,817,523,520,1.043,,,,,,,,,,,,,,
6,Sumatera Selatan,166,175,341,1,1,2,789,944,1.733,956,1.120,2.076,,,,,,,,,,,,,,
7,Bengkulu,85,99,184,0,1,1,242,261,503,327,361,688,,,,,,,,,,,,,,
8,Lampung,160,133,293,0,2,2,941,1.137,2.078,1.101,1.272,2.373,,,,,,,,,,,,,,
9,Kepulauan Bangka Belitung,33,39,72,0,0,0,331,357,688,364,396,760,,,,,,,,,,,,,,
10,Kepulauan Riau,69,71,140,0,0,0,434,377,811,503,448,951,,,,,,,,,,,,,,
11,DKI Jakarta,34,51,85,0,0,0,2.870,1.268,4.138,2.904,1.319,4.223,,,,,,,,,,,,,,
12,Jawa Barat,553,356,909,1,1,2,4.945,3.900,8.845,5.499,4.257,9.756,,,,,,,,,,,,,,
13,Jawa Tengah,443,392,835,0,0,0,5.218,4.301,9.519,5.661,4.693,10.354,,,,,,,,,,,,,,
14,DI Yogyakarta,51,63,114,0,0,0,859,729,1.588,910,792,1.702,,,,,,,,,,,,,,
15,Jawa Timur,304,268,572,1,0,1,6.002,4.954,10.956,6.307,5.222,11.529,,,,,,,,,,,,,,
16,Banten,124,153,277,0,0,0,1.737,862,2.599,1.861,1.015,2.876,,,,,,,,,,,,,,
17,Bali,71,40,111,0,1,1,1.449,1.408,2.857,1.520,1.449,2.969,,,,,,,,,,,,,,
18,Nusa Tenggara Barat,184,71,255,0,2,2,1.078,692,1.770,1.262,765,2.027,,,,,,,,,,,,,,
19,Nusa Tenggara Timur,108,72,180,1,0,1,1.007,739,1.746,1.116,811,1.927,,,,,,,,,,,,,,
20,Kalimantan Barat,154,77,231,1,0,1,678,767,1.445,833,844,1.677,,,,,,,,,,,,,,
21,Kalimantan Tengah,144,54,198,0,0,0,447,505,952,591,559,1.150,,,,,,,,,,,,,,
22,Kalimantan Selatan,200,115,315,0,1,1,670,670,1.340,870,786,1.656,,,,,,,,,,,,,,
23,Kalimantan Timur,157,101,258,0,0,0,870,956,1.826,1.027,1.057,2.084,,,,,,,,,,,,,,
24,Kalimantan Utara,24,24,48,0,0,0,282,203,485,306,227,533,,,,,,,,,,,,,,
25,Sulawesi Utara,23,23,46,0,0,0,266,317,583,289,340,629,,,,,,,,,,,,,,
26,Sulawesi Tengah,75,40,115,0,0,0,420,467,887,495,507,1.002,,,,,,,,,,,,,,
27,Sulawesi Selatan,119,136,255,0,0,0,784,923,1.707,903,1.059,1.962,,,,,,,,,,,,,,
28,Sulawesi Tenggara,116,126,242,1,0,1,240,321,561,357,447,804,,,,,,,,,,,,,,
29,Gorontalo,32,52,84,0,2,2,203,362,565,235,416,651,,,,,,,,,,,,,,
30,Sulawesi Barat,49,54,103,0,0,0,220,202,422,269,256,525,,,,,,,,,,,,,,
31,Maluku,44,39,83,0,0,0,213,232,445,257,271,528,,,,,,,,,,,,,,
32,Maluku Utara,64,40,104,0,0,0,119,133,252,183,173,356,,,,,,,,,,,,,,
33,Papua Barat,54,30,84,0,0,0,141,128,269,195,158,353,,,,,,,,,,,,,,
34,Papua,149,103,252,0,3,3,483,488,971,632,594,1.226,,,,,,,,,,,,,,
Indonesia,,4.321,3.662,7.983,10,21,31,37.827,32.836,70.663,42.158,36.519,78.677,,,,,,,,,,,,,,
No,Provinsi,Tenaga Psikologi Klinis,,,Tenaga Kesehatan Tradisional,,,,,,,,,,,,,,,,,,,,,,
,,,,,Tenaga Kesehatan Tradisional Ramuan,,,Tenaga Kesehatan Tradisional Keterampilan,,,,,,,,,,,,,,,,,,,
,,L,P,L + P,L,P,L + P,L,P,L + P,,,,,,,,,,,,,,,,,
(1),(2),(3),(4),(5),(6),(7),(8),(9),(10),(11),,,,,,,,,,,,,,,,,
1,Aceh,8,51,59,0,0,0,0,1,1,,,,,,,,,,,,,,,,,
2,Sumatera Utara,3,19,22,0,0,0,0,2,2,,,,,,,,,,,,,,,,,
3,Sumatera Barat,3,15,18,0,1,1,0,0,0,,,,,,,,,,,,,,,,,
4,Riau,1,16,17,1,0,1,0,0,0,,,,,,,,,,,,,,,,,
5,Jambi,0,8,8,0,0,0,0,0,0,,,,,,,,,,,,,,,,,
6,Sumatera Selatan,6,31,37,0,0,0,0,0,0,,,,,,,,,,,,,,,,,
7,Bengkulu,2,6,8,0,0,0,1,0,1,,,,,,,,,,,,,,,,,
8,Lampung,3,5,8,0,3,3,0,13,13,,,,,,,,,,,,,,,,,
9,Kepulauan Bangka Belitung,1,6,7,0,0,0,0,0,0,,,,,,,,,,,,,,,,,
10,Kepulauan Riau,1,8,9,0,0,0,0,0,0,,,,,,,,,,,,,,,,,
11,DKI Jakarta,10,73,83,20,21,41,26,73,99,,,,,,,,,,,,,,,,,
12,Jawa Barat,5,56,61,0,0,0,10,1,11,,,,,,,,,,,,,,,,,
13,Jawa Tengah,22,108,130,2,1,3,1,7,8,,,,,,,,,,,,,,,,,
14,DI Yogyakarta,6,69,75,0,1,1,0,0,0,,,,,,,,,,,,,,,,,
15,Jawa Timur,22,96,118,6,32,38,9,29,38,,,,,,,,,,,,,,,,,
16,Banten,3,14,17,0,0,0,0,0,0,,,,,,,,,,,,,,,,,
17,Bali,3,20,23,1,0,1,0,5,5,,,,,,,,,,,,,,,,,
18,Nusa Tenggara Barat,2,11,13,0,0,0,0,0,0,,,,,,,,,,,,,,,,,
19,Nusa Tenggara Timur,1,5,6,0,1,1,0,0,0,,,,,,,,,,,,,,,,,
20,Kalimantan Barat,5,14,19,0,0,0,1,0,1,,,,,,,,,,,,,,,,,
21,Kalimantan Tengah,3,7,10,0,0,0,0,0,0,,,,,,,,,,,,,,,,,
22,Kalimantan Selatan,2,26,28,0,0,0,0,0,0,,,,,,,,,,,,,,,,,
23,Kalimantan Timur,1,6,7,0,0,0,0,0,0,,,,,,,,,,,,,,,,,
24,Kalimantan Utara,1,3,4,0,0,0,0,0,0,,,,,,,,,,,,,,,,,
25,Sulawesi Utara,4,5,9,0,0,0,0,0,0,,,,,,,,,,,,,,,,,
26,Sulawesi Tengah,8,16,24,0,0,0,0,0,0,,,,,,,,,,,,,,,,,
27,Sulawesi Selatan,3,8,11,0,1,1,0,0,0,,,,,,,,,,,,,,,,,
28,Sulawesi Tenggara,3,5,8,0,0,0,0,0,0,,,,,,,,,,,,,,,,,
29,Gorontalo,0,0,0,0,0,0,0,0,0,,,,,,,,,,,,,,,,,
30,Sulawesi Barat,0,0,0,0,0,0,0,0,0,,,,,,,,,,,,,,,,,
31,Maluku,2,6,8,0,0,0,0,0,0,,,,,,,,,,,,,,,,,
32,Maluku Utara,0,1,1,0,0,0,0,2,2,,,,,,,,,,,,,,,,,
33,Papua Barat,0,4,4,0,0,0,0,0,0,,,,,,,,,,,,,,,,,
34,Papua,1,2,3,0,1,1,29,35,64,,,,,,,,,,,,,,,,,
Indonesia,,135,720,855,30,62,92,77,168,245,,,,,,,,,,,,,,,,,
No,Provinsi,Tenaga Psikologi Klinis,,,Tenaga Kesehatan Tradisional,,,,,,,,,,,,,,,,,,,,,,
,,,,,Tenaga Kesehatan Tradisional Ramuan,,,Tenaga Kesehatan Tradisional Keterampilan,,,,,,,,,,,,,,,,,,,
,,L,P,L + P,L,P,L + P,L,P,L + P,,,,,,,,,,,,,,,,,
(1),(2),(3),(4),(5),(6),(7),(8),(9),(10),(11),,,,,,,,,,,,,,,,,
1,Aceh,3,15,18,0,0,0,0,1,1,,,,,,,,,,,,,,,,,
2,Sumatera Utara,0,1,1,0,0,0,0,0,0,,,,,,,,,,,,,,,,,
3,Sumatera Barat,0,1,1,0,1,1,0,0,0,,,,,,,,,,,,,,,,,
4,Riau,0,1,1,0,0,0,0,0,0,,,,,,,,,,,,,,,,,
5,Jambi,0,0,0,0,0,0,0,0,0,,,,,,,,,,,,,,,,,
6,Sumatera Selatan,2,6,8,0,0,0,0,0,0,,,,,,,,,,,,,,,,,
7,Bengkulu,0,2,2,0,0,0,1,0,1,,,,,,,,,,,,,,,,,
8,Lampung,0,1,1,0,0,0,0,0,0,,,,,,,,,,,,,,,,,
9,Kepulauan Bangka Belitung,0,0,0,0,0,0,0,0,0,,,,,,,,,,,,,,,,,
10,Kepulauan Riau,0,0,0,0,0,0,0,0,0,,,,,,,,,,,,,,,,,
11,DKI Jakarta,4,20,24,0,0,0,0,0,0,,,,,,,,,,,,,,,,,
12,Jawa Barat,0,2,2,0,0,0,0,0,0,,,,,,,,,,,,,,,,,
13,Jawa Tengah,0,1,1,0,1,1,0,0,0,,,,,,,,,,,,,,,,,
14,DI Yogyakarta,3,47,50,0,0,0,0,0,0,,,,,,,,,,,,,,,,,
15,Jawa Timur,10,45,55,4,28,32,5,24,29,,,,,,,,,,,,,,,,,
16,Banten,0,1,1,0,0,0,0,0,0,,,,,,,,,,,,,,,,,
17,Bali,0,1,1,0,0,0,0,0,0,,,,,,,,,,,,,,,,,
18,Nusa Tenggara Barat,0,0,0,0,0,0,0,0,0,,,,,,,,,,,,,,,,,
19,Nusa Tenggara Timur,0,0,0,0,1,1,0,0,0,,,,,,,,,,,,,,,,,
20,Kalimantan Barat,0,2,2,0,0,0,1,0,1,,,,,,,,,,,,,,,,,
21,Kalimantan Tengah,0,0,0,0,0,0,0,0,0,,,,,,,,,,,,,,,,,
22,Kalimantan Selatan,0,1,1,0,0,0,0,0,0,,,,,,,,,,,,,,,,,
23,Kalimantan Timur,0,0,0,0,0,0,0,0,0,,,,,,,,,,,,,,,,,
24,Kalimantan Utara,0,1,1,0,0,0,0,0,0,,,,,,,,,,,,,,,,,
25,Sulawesi Utara,1,0,1,0,0,0,0,0,0,,,,,,,,,,,,,,,,,
26,Sulawesi Tengah,1,3,4,0,0,0,0,0,0,,,,,,,,,,,,,,,,,
27,Sulawesi Selatan,0,5,5,0,0,0,0,0,0,,,,,,,,,,,,,,,,,
28,Sulawesi Tenggara,0,0,0,0,0,0,0,0,0,,,,,,,,,,,,,,,,,
29,Gorontalo,0,0,0,0,0,0,0,0,0,,,,,,,,,,,,,,,,,
30,Sulawesi Barat,0,0,0,0,0,0,0,0,0,,,,,,,,,,,,,,,,,
31,Maluku,0,0,0,0,0,0,0,0,0,,,,,,,,,,,,,,,,,
32,Maluku Utara,0,1,1,0,0,0,0,0,0,,,,,,,,,,,,,,,,,
33,Papua Barat,0,0,0,0,0,0,0,0,0,,,,,,,,,,,,,,,,,
34,Papua,1,0,1,0,1,1,28,34,62,,,,,,,,,,,,,,,,,
Indonesia,,25,157,182,4,32,36,35,59,94,,,,,,,,,,,,,,,,,
No,Provinsi,Fasilitas Kesehatan Tingkat Pertama,,,,,Total,,,,,,,,,,,,,,,,,,,,
,,Dokter Praktik Perorangan,Klinik Pratama,Puskesmas,RS Tipe D Pratama,Lainnya,,,,,,,,,,,,,,,,,,,,,
(1),(2),(3),(4),(5),(6),(8),(9),,,,,,,,,,,,,,,,,,,,
1,Aceh,78,179,358,0,3,618,,,,,,,,,,,,,,,,,,,,
2,Sumatera Utara,125,534,601,2,8,1.270,,,,,,,,,,,,,,,,,,,,
3,Sumatera Barat,108,145,275,2,34,564,,,,,,,,,,,,,,,,,,,,
4,Riau,81,273,228,0,23,605,,,,,,,,,,,,,,,,,,,,
5,Jambi,71,71,198,0,16,356,,,,,,,,,,,,,,,,,,,,
6,Sumatera Selatan,232,220,341,2,42,837,,,,,,,,,,,,,,,,,,,,
7,Bengkulu,89,44,179,1,16,329,,,,,,,,,,,,,,,,,,,,
8,Lampung,129,184,310,0,10,633,,,,,,,,,,,,,,,,,,,,
9,Kepulauan Bangka Belitung,31,32,64,1,5,133,,,,,,,,,,,,,,,,,,,,
10,Kepulauan Riau,8,119,84,0,1,212,,,,,,,,,,,,,,,,,,,,
11,DKI Jakarta,16,342,323,0,1,682,,,,,,,,,,,,,,,,,,,,
12,Jawa Barat,495,1344,1079,0,63,2.981,,,,,,,,,,,,,,,,,,,,
13,Jawa Tengah,1089,718,878,0,305,2.990,,,,,,,,,,,,,,,,,,,,
14,D I Yogyakarta,105,120,121,0,34,380,,,,,,,,,,,,,,,,,,,,
15,Jawa Timur,701,779,969,0,218,2.667,,,,,,,,,,,,,,,,,,,,
16,Banten,10,416,244,0,4,674,,,,,,,,,,,,,,,,,,,,
17,Bali,304,120,120,2,91,637,,,,,,,,,,,,,,,,,,,,
18,Nusa Tenggara Barat,96,56,171,1,12,336,,,,,,,,,,,,,,,,,,,,
19,Nusa Tenggara Timur,91,82,407,2,32,614,,,,,,,,,,,,,,,,,,,,
20,Kalimantan Barat,79,86,246,0,14,425,,,,,,,,,,,,,,,,,,,,
21,Kalimantan Tengah,72,63,201,0,7,343,,,,,,,,,,,,,,,,,,,,
22,Kalimantan Selatan,150,101,236,0,36,523,,,,,,,,,,,,,,,,,,,,
23,Kalimantan Timur,114,152,186,3,43,498,,,,,,,,,,,,,,,,,,,,
24,Kalimantan Utara,29,23,54,3,6,115,,,,,,,,,,,,,,,,,,,,
25,Sulawesi Utara,157,59,191,1,29,437,,,,,,,,,,,,,,,,,,,,
26,Sulawesi Tengah,43,48,206,4,12,313,,,,,,,,,,,,,,,,,,,,
27,Sulawesi Selatan,186,212,459,1,75,933,,,,,,,,,,,,,,,,,,,,
28,Sulawesi Tenggara,65,38,289,1,12,405,,,,,,,,,,,,,,,,,,,,
29,Gorontalo,27,33,93,0,8,161,,,,,,,,,,,,,,,,,,,,
30,Sulawesi Barat,29,21,96,1,6,153,,,,,,,,,,,,,,,,,,,,
31,Maluku,30,25,208,0,8,271,,,,,,,,,,,,,,,,,,,,
32,Maluku Utara,29,20,144,2,9,204,,,,,,,,,,,,,,,,,,,,
33,Papua Barat,19,21,155,0,3,198,,,,,,,,,,,,,,,,,,,,
34,Papua,60,57,416,3,10,546,,,,,,,,,,,,,,,,,,,,
Indonesia,,4.948,6.737,10.130,32,1.196,23.043,,,,,,,,,,,,,,,,,,,,
No,Provinsi,Jumlah Puskesmas,Puskesmas Melaksanakan Kelas Ibu Hamil,,Puskesmas Melaksanakan P4K,,Jumlah RTK,,,,,,,,,,,,,,,,,,,,
,,,Jumlah,%,Jumlah,%,Jumlah,,,,,,,,,,,,,,,,,,,,
(1),(2),(3),(4),(5),(6),(7),(8),,,,,,,,,,,,,,,,,,,,
1,Aceh,359,248,"69,08",0,"0,00",105,,,,,,,,,,,,,,,,,,,,
2,Sumatera Utara,608,452,"74,34",586,"96,38",233,,,,,,,,,,,,,,,,,,,,
3,Sumatera Barat,276,218,"78,99",0,"0,00",0,,,,,,,,,,,,,,,,,,,,
4,Riau,231,202,"87,45",0,"0,00",42,,,,,,,,,,,,,,,,,,,,
5,Jambi,207,204,"98,55",203,"98,07",50,,,,,,,,,,,,,,,,,,,,
6,Sumatera Selatan,341,341,"100,00",341,"100,00",101,,,,,,,,,,,,,,,,,,,,
7,Bengkulu,179,176,"98,32",179,"100,00",60,,,,,,,,,,,,,,,,,,,,
8,Lampung,312,292,"93,59",71,"22,76",0,,,,,,,,,,,,,,,,,,,,
9,Kepulauan Bangka Belitung,64,64,"100,00",64,"100,00",21,,,,,,,,,,,,,,,,,,,,
10,Kepulauan Riau,88,80,"90,91",86,"97,73",14,,,,,,,,,,,,,,,,,,,,
11,DKI Jakarta,315,153,"48,57",0,"0,00",0,,,,,,,,,,,,,,,,,,,,
12,Jawa Barat,1.083,790,"72,95",1.010,"93,26",51,,,,,,,,,,,,,,,,,,,,
13,Jawa Tengah,878,357,"40,66",0,"0,00",0,,,,,,,,,,,,,,,,,,,,
14,DI Yogyakarta,121,119,"98,35",0,"0,00",1,,,,,,,,,,,,,,,,,,,,
15,Jawa Timur,968,568,"58,68",915,"94,52",22,,,,,,,,,,,,,,,,,,,,
16,Banten,245,241,"98,37",245,"100,00",0,,,,,,,,,,,,,,,,,,,,
17,Bali,120,73,"60,83",120,"100,00",18,,,,,,,,,,,,,,,,,,,,
18,Nusa Tenggara Barat,174,173,"99,43",173,"99,43",6,,,,,,,,,,,,,,,,,,,,
19,Nusa Tenggara Timur,410,113,"27,56",0,"0,00",0,,,,,,,,,,,,,,,,,,,,
20,Kalimantan Barat,246,211,"85,77",70,"28,46",74,,,,,,,,,,,,,,,,,,,,
21,Kalimantan Tengah,205,158,"77,07",189,"92,20",53,,,,,,,,,,,,,,,,,,,,
22,Kalimantan Selatan,236,227,"96,19",236,"100,00",49,,,,,,,,,,,,,,,,,,,,
23,Kalimantan Timur,187,86,"45,99",183,"97,86",42,,,,,,,,,,,,,,,,,,,,
24,Kalimantan Utara,55,55,"100,00",37,"67,27",27,,,,,,,,,,,,,,,,,,,,
25,Sulawesi Utara,195,193,"98,97",0,"0,00",0,,,,,,,,,,,,,,,,,,,,
26,Sulawesi Tengah,207,173,"83,57",207,"100,00",72,,,,,,,,,,,,,,,,,,,,
27,Sulawesi Selatan,461,391,"84,82",461,"100,00",194,,,,,,,,,,,,,,,,,,,,
28,Sulawesi Tenggara,292,277,"94,86",291,"99,66",0,,,,,,,,,,,,,,,,,,,,
29,Gorontalo,93,93,"100,00",0,"0,00",0,,,,,,,,,,,,,,,,,,,,
30,Sulawesi Barat,96,76,"79,17",70,"72,92",0,,,,,,,,,,,,,,,,,,,,
31,Maluku,215,153,"71,16",210,"97,67",0,,,,,,,,,,,,,,,,,,,,
32,Maluku Utara,147,139,"94,56",143,"97,28",0,,,,,,,,,,,,,,,,,,,,
33,Papua Barat,161,14,"8,70",0,"0,00",13,,,,,,,,,,,,,,,,,,,,
34,Papua,428,24,"5,61",0,"0,00",0,,,,,,,,,,,,,,,,,,,,
Indonesia,,10.203,7.134,"69,92",5.504,"53,94",1.248,,,,,,,,,,,,,,,,,,,,
No,Provinsi,Jumlah Puskesmas,Jumlah Posbindu,Penduduk Usia 15+ Tahun,Jumlah yang Diperiksa,Cakupan (%),,,,,,,,,,,,,,,,,,,,,
(1),(2),(3),(4),(5),(6),(7),,,,,,,,,,,,,,,,,,,,,
1,Aceh,352,4.286,3.345.424,22.165,"0,66",,,,,,,,,,,,,,,,,,,,,
2,Sumatera Utara,642,3.256,8.878.982,66.755,"0,75",,,,,,,,,,,,,,,,,,,,,
3,Sumatera Barat,276,2.302,3.306.494,101.217,"3,06",,,,,,,,,,,,,,,,,,,,,
4,Riau,237,1.019,4.473.351,21.407,"0,48",,,,,,,,,,,,,,,,,,,,,
5,Jambi,200,956,2.383.970,15.833,"0,66",,,,,,,,,,,,,,,,,,,,,
6,Sumatera Selatan,352,2.527,5.424.545,15.382,"0,28",,,,,,,,,,,,,,,,,,,,,
7,Bengkulu,183,954,1.298.603,297,"0,02",,,,,,,,,,,,,,,,,,,,,
8,Lampung,310,2.319,5.382.432,64.081,"1,19",,,,,,,,,,,,,,,,,,,,,
9,Kepulauan Bangka Belitung,64,588,978.495,9.480,"0,97",,,,,,,,,,,,,,,,,,,,,
10,Kepulauan Riau,83,483,1.440.961,14.484,"1,01",,,,,,,,,,,,,,,,,,,,,
11,DKI Jakarta,350,1.857,7.100.187,571.064,"8,04",,,,,,,,,,,,,,,,,,,,,
12,Jawa Barat,1.088,7.262,31.886.485,265.528,"0,83",,,,,,,,,,,,,,,,,,,,,
13,Jawa Tengah,878,7.913,21.887.966,199.515,"0,91",,,,,,,,,,,,,,,,,,,,,
14,DI Yogyakarta,121,1.161,3.310.565,13.722,"0,41",,,,,,,,,,,,,,,,,,,,,
15,Jawa Timur,971,8.652,25.732.465,763.561,"2,97",,,,,,,,,,,,,,,,,,,,,
16,Banten,246,1.511,8.523.596,139.340,"1,63",,,,,,,,,,,,,,,,,,,,,
17,Bali,120,687,2.844.601,2.609,"0,09",,,,,,,,,,,,,,,,,,,,,
18,Nusa Tenggara Barat,173,2.058,3.148.772,1.715.249,"54,47",,,,,,,,,,,,,,,,,,,,,
19,Nusa Tenggara Timur,415,2.568,3.164.017,49.901,"1,58",,,,,,,,,,,,,,,,,,,,,
20,Kalimantan Barat,248,1.577,3.221.982,185.989,"5,77",,,,,,,,,,,,,,,,,,,,,
21,Kalimantan Tengah,202,1.014,1.815.552,29.694,"1,64",,,,,,,,,,,,,,,,,,,,,
22,Kalimantan Selatan,237,1.658,2.735.686,102.667,"3,75",,,,,,,,,,,,,,,,,,,,,
23,Kalimantan Timur,186,780,2.482.998,3.407,"0,14",,,,,,,,,,,,,,,,,,,,,
24,Kalimantan Utara,56,125,474.167,1.992,"0,42",,,,,,,,,,,,,,,,,,,,,
25,Sulawesi Utara,185,526,1.605.908,3.929,"0,24",,,,,,,,,,,,,,,,,,,,,
26,Sulawesi Tengah,202,1.522,1.942.942,63.016,"3,24",,,,,,,,,,,,,,,,,,,,,
27,Sulawesi Selatan,473,3.584,5.544.264,78.347,"1,41",,,,,,,,,,,,,,,,,,,,,
28,Sulawesi Tenggara,305,803,1.635.675,74.711,"4,57",,,,,,,,,,,,,,,,,,,,,
29,Gorontalo,93,547,776.700,24.921,"3,21",,,,,,,,,,,,,,,,,,,,,
30,Sulawesi Barat,104,695,861.066,23.511,"2,73",,,,,,,,,,,,,,,,,,,,,
31,Maluku,193,372,1.087.794,692,"0,06",,,,,,,,,,,,,,,,,,,,,
32,Maluku Utara,140,703,768.710,23.750,"3,09",,,,,,,,,,,,,,,,,,,,,
33,Papua Barat,169,331,628.661,1.465,"0,23",,,,,,,,,,,,,,,,,,,,,
34,Papua,399,168,2.277.564,2.499,"0,11",,,,,,,,,,,,,,,,,,,,,
Indonesia,,10.253,66.764,172.371.580,4.672.180,"2,71",,,,,,,,,,,,,,,,,,,,,
No,Provinsi,Jumlah Puskesmas,Puskesmas yang Menyelenggarakan Pelayanan Kesehatan Santun Lansia,,,,,,,,,,,,,,,,,,,,,,,,
,,,Jumlah,%,,,,,,,,,,,,,,,,,,,,,,,
(1),(2),(3),(4),(5),,,,,,,,,,,,,,,,,,,,,,,
1,Aceh,359,177,"49,3",,,,,,,,,,,,,,,,,,,,,,,
2,Sumatera Utara,604,325,"53,8",,,,,,,,,,,,,,,,,,,,,,,
3,Sumatera Barat,275,182,"66,2",,,,,,,,,,,,,,,,,,,,,,,
4,Riau,230,141,"61,3",,,,,,,,,,,,,,,,,,,,,,,
5,Jambi,206,193,"93,7",,,,,,,,,,,,,,,,,,,,,,,
6,Sumatera Selatan,341,282,"82,7",,,,,,,,,,,,,,,,,,,,,,,
7,Bengkulu,179,175,"97,8",,,,,,,,,,,,,,,,,,,,,,,
8,Lampung,310,287,"92,6",,,,,,,,,,,,,,,,,,,,,,,
9,Kepulauan Bangka Belitung,64,64,"100,0",,,,,,,,,,,,,,,,,,,,,,,
10,Kepulauan Riau,86,71,"82,6",,,,,,,,,,,,,,,,,,,,,,,
11,DKI Jakarta,315,310,"98,4",,,,,,,,,,,,,,,,,,,,,,,
12,Jawa Barat,1074,983,"91,5",,,,,,,,,,,,,,,,,,,,,,,
13,Jawa Tengah,878,878,"100,0",,,,,,,,,,,,,,,,,,,,,,,
14,DI Yogyakarta,121,104,"86,0",,,,,,,,,,,,,,,,,,,,,,,
15,Jawa Timur,968,704,"72,7",,,,,,,,,,,,,,,,,,,,,,,
16,Banten,243,141,"58,0",,,,,,,,,,,,,,,,,,,,,,,
17,Bali,120,95,"79,2",,,,,,,,,,,,,,,,,,,,,,,
18,Nusa Tenggara Barat,171,153,"89,5",,,,,,,,,,,,,,,,,,,,,,,
19,Nusa Tenggara Timur,410,66,"16,1",,,,,,,,,,,,,,,,,,,,,,,
20,Kalimantan Barat,246,113,"45,9",,,,,,,,,,,,,,,,,,,,,,,
21,Kalimantan Tengah,203,130,"64,0",,,,,,,,,,,,,,,,,,,,,,,
22,Kalimantan Selatan,236,153,"64,8",,,,,,,,,,,,,,,,,,,,,,,
23,Kalimantan Timur,186,165,"88,7",,,,,,,,,,,,,,,,,,,,,,,
24,Kalimantan Utara,55,26,"47,3",,,,,,,,,,,,,,,,,,,,,,,
25,Sulawesi Utara,195,54,"27,7",,,,,,,,,,,,,,,,,,,,,,,
26,Sulawesi Tengah,206,16,"7,8",,,,,,,,,,,,,,,,,,,,,,,
27,Sulawesi Selatan,461,366,"79,4",,,,,,,,,,,,,,,,,,,,,,,
28,Sulawesi Tenggara,291,234,"80,4",,,,,,,,,,,,,,,,,,,,,,,
29,Gorontalo,93,78,"83,9",,,,,,,,,,,,,,,,,,,,,,,
30,Sulawesi Barat,96,53,"55,2",,,,,,,,,,,,,,,,,,,,,,,
31,Maluku,212,33,"15,6",,,,,,,,,,,,,,,,,,,,,,,
32,Maluku Utara,147,92,"62,6",,,,,,,,,,,,,,,,,,,,,,,
33,Papua Barat,161,54,"33,5",,,,,,,,,,,,,,,,,,,,,,,
34,Papua,424,51,"12,0",,,,,,,,,,,,,,,,,,,,,,,
Indonesia,,10166,6949,"68,4",,,,,,,,,,,,,,,,,,,,,,,
No,Provinsi,Jumlah Penduduk,Perkiraan Jumlah Terduga Tuberkulosis,Perkiraan Jumlah Terduga Tuberkulosis Yang Mendapatkan Pelayanan Sesuai Standar,% Orang Terduga Tuberkulosis (TBC) Mendapatkan Pelayanan Tuberkulosis Sesuai Standar,Jumlah Semua Kasus Tuberkulosis,,,,,Case Notification Rate (CNR) Semua Kasus Tuberkulosis Per 100.000 Penduduk,Perkiraan Insiden Tuberkulosis (Dalam Absolut) *),Treatment Coverage (TC%),Kasus Tuberkulosis Anak 0-14 Tahun,Cakupan Penemuan Kasus Tuberkulosis Anak (%),,,,,,,,,,,,
,,,,,,Laki-laki,,Perempuan,,Laki-laki + Perempuan,,,,,,,,,,,,,,,,,
,,,,,,Jumlah,%,Jumlah,%,,,,,,,,,,,,,,,,,,
(1),(2),(3),(4),(5),(6),(7),(8),(9),(10),(11),(12),(13),(14),(15),(16),,,,,,,,,,,,
1,Aceh,5.459.891,65.308,27.243,"41,7",4.092,"62,4",2.470,"37,6",6.562,120,20.149,"32,6",230,"9,5",,,,,,,,,,,,
2,Sumatera Utara,14.703.532,221.518,78.339,"35,4",13.034,"64,4",7.212,"35,6",20.246,138,62.819,"32,2",988,"13,1",,,,,,,,,,,,
3,Sumatera Barat,5.498.751,91.684,40.869,"44,6",3.273,"60,6",2.126,"39,4",5.399,98,22.971,"23,5",564,"20,5",,,,,,,,,,,,
4,Riau,7.128.305,118.951,38.811,"32,6",5.370,"62,2",3.268,"37,8",8.638,121,27.634,"31,3",618,"18,6",,,,,,,,,,,,
5,Jambi,3.677.894,27.427,15.164,"55,3",1.820,"61,8",1.125,"38,2",2.945,80,13.681,"21,5",128,"7,8",,,,,,,,,,,,
6,Sumatera Selatan,8.567.923,164.138,67.733,"41,3",5.843,"60,9",3.757,"39,1",9.600,112,33.773,"28,4",618,"15,2",,,,,,,,,,,,
7,Bengkulu,2.019.848,23.755,4.773,"20,1",890,"63,0",523,"37,0",1.413,70,7.760,"18,2",116,"12,5",,,,,,,,,,,,
8,Lampung,8.521.201,92.826,57.341,"61,8",6.713,"58,5",4.757,"41,5",11.470,135,29.508,"38,9",1.216,"34,3",,,,,,,,,,,,
9,Kep. Bangka Belitung,1.517.590,17.415,12.170,"69,9",987,"61,8",609,"38,2",1.596,105,5.923,"26,9",133,"18,7",,,,,,,,,,,,
10,Kepulauan Riau,2.242.198,42.729,14.096,"33,0",2.204,"58,8",1.543,"41,2",3.747,167,10.840,"34,6",361,"27,8",,,,,,,,,,,,
11,DKI Jakarta,10.644.986,230.515,92.846,"40,3",13.958,"57,5",10.316,"42,5",24.274,228,47.431,"51,2",2.304,"40,5",,,,,,,,,,,,
12,Jawa Barat,49.935.858,622.361,233.602,"37,5",43.695,"55,0",35.728,"45,0",79.423,159,128.057,"62,0",11.482,"74,7",,,,,,,,,,,,
13,Jawa Tengah,34.940.078,403.747,149.737,"37,1",21.672,"55,7",17.249,"44,3",38.921,111,83.076,"46,8",4.011,"40,2",,,,,,,,,,,,
14,DI Yogyakarta,3.882.288,34.790,19.586,"56,3",1.582,"55,3",1.277,"44,7",2.859,74,9.074,"31,5",468,"43,0",,,,,,,,,,,,
15,Jawa Timur,39.886.288,466.297,226.009,"48,5",23.711,"55,6",18.922,"44,4",42.633,107,95.925,"44,4",2.734,"23,8",,,,,,,,,,,,
16,Banten,13.160.496,178.729,68.090,"38,1",11.981,"57,3",8.932,"42,7",20.913,159,33.098,"63,2",1.721,"43,3",,,,,,,,,,,,
17,Bali,4.380.824,32.935,12.240,"37,2",1.713,"60,4",1.125,"39,6",2.838,65,12.406,"22,9",116,"7,8",,,,,,,,,,,,
18,Nusa Tenggara Barat,5.125.622,95.774,20.481,"21,4",3.230,"60,1",2.143,"39,9",5.373,105,17.736,"30,3",311,"14,6",,,,,,,,,,,,
19,Nusa Tenggara Timur,5.541.394,66.620,33.609,"50,4",2.792,"55,7",2.222,"44,3",5.014,90,18.856,"26,6",288,"12,7",,,,,,,,,,,,
20,Kalimantan Barat,5.134.760,52.272,25.472,"48,7",4.084,"64,9",2.210,"35,1",6.294,123,17.233,"36,5",585,"28,3",,,,,,,,,,,,
21,Kalimantan Tengah,2.769.156,35.959,11.728,"32,6",1.529,"63,8",869,"36,2",2.398,87,9.380,"25,6",96,"8,5",,,,,,,,,,,,
22,Kalimantan Selatan,4.303.979,66.382,18.009,"27,1",2.031,"60,9",1.302,"39,1",3.333,77,15.087,"22,1",193,"10,7",,,,,,,,,,,,
23,Kalimantan Timur,3.793.152,67.338,19.234,"28,6",2.506,"59,6",1.699,"40,4",4.205,111,14.459,"29,1",402,"23,2",,,,,,,,,,,,
24,Kalimantan Utara,768.505,13.473,6.009,"44,6",568,"61,9",350,"38,1",918,119,2.772,"33,1",67,"20,1",,,,,,,,,,,,
25,Sulawesi Utara,2.528.794,46.386,18.238,"39,3",3.047,"63,8",1.727,"36,2",4.774,189,9.532,"50,1",96,"8,4",,,,,,,,,,,,
26,Sulawesi Tengah,3.096.976,49.664,17.138,"34,5",2.442,"61,0",1.559,"39,0",4.001,129,10.219,"39,2",158,"12,9",,,,,,,,,,,,
27,Sulawesi Selatan,8.928.004,150.768,58.680,"38,9",7.035,"58,5",4.990,"41,5",12.025,135,31.022,"38,8",383,"10,3",,,,,,,,,,,,
28,Sulawesi Tenggara,2.755.589,33.043,18.140,"54,9",1.790,"61,8",1.106,"38,2",2.896,105,9.003,"32,2",71,"6,6",,,,,,,,,,,,
29,Gorontalo,1.219.576,19.742,8.242,"41,7",1.317,"57,5",975,"42,5",2.292,188,4.306,"53,2",60,"11,6",,,,,,,,,,,,
30,Sulawesi Barat,1.405.012,19.683,10.824,"55,0",1.120,"58,5",793,"41,5",1.913,136,4.445,"43,0",76,"14,2",,,,,,,,,,,,
31,Maluku,1.831.880,32.011,3.822,"11,9",1.008,"56,6",773,"43,4",1.781,97,6.587,"27,0",164,"20,7",,,,,,,,,,,,
32,Maluku Utara,1.278.764,16.081,6.465,"40,2",826,"58,3",590,"41,7",1.416,111,4.193,"33,8",57,"11,3",,,,,,,,,,,,
33,Papua Barat,981.822,15.428,5.021,"32,5",761,"52,9",677,"47,1",1.438,146,6.516,"22,1",154,"19,7",,,,,,,,,,,,
34,Papua,3.435.430,90.056,25.070,"27,8",4.619,"55,1",3.769,"44,9",8.388,244,18.530,"45,3",1.847,"83,1",,,,,,,,,,,,
Indonesia,,271.066.366,3.705.803,1.464.831,"39,5",203.243,"57,7",148.693,"42,3",351.936,130,844.000,"41,7",32.816,"32,4",,,,,,,,,,,,
No,Provinsi,Jumlah Kasus Tuberkulosis Paru Terkonfirmasi Bakteriologis Yang Terdaftar dan Diobati*),,,Jumlah Semua Kasus Tuberkulosis Terdaftar Dan Diobati*),,,Angka Kesembuhan (Cure Rate) Tuberkulosis Paru Terkonfirmasi Bakteriologis,,,,,,Angka Pengobatan Lengkap (Complete Rate) Semua Kasus Tuberkulosis,,,,,,Angka Keberhasilan Pengobatan (Success Rate/SR) Semua Kasus Tuberkulosis,,,,,,Jumlah Kematian Selama Pengobatan Tuberkulosis,
,,,,,,,,Laki-laki,,Perempuan,,Laki-laki + Perempuan,,Laki-laki,,Perempuan,,Laki-laki + Perempuan,,Laki-laki,,Perempuan,,Laki-laki + Perempuan,,,
,,L,P,L + P,L,P,L + P,Jumlah,%,Jumlah,%,Jumlah,%,Jumlah,%,Jumlah,%,Jumlah,%,Jumlah,%,Jumlah,%,Jumlah,%,Jumlah,%
(1),(2),(3),(4),(5),(6),(7),(8),(9),(10),(11),(12),(13),(14),(15),(16),(17),(18),(19),(20),(21),(22),(23),(24),(25),(26),(27),(28)
1,Aceh,2.655,1.359,4.014,5.473,2.907,8.380,1.599,"60,2",837,"61,6",2.436,"60,7",3.119,"57,0",1.693,"58,2",4.812,"57,4",4.718,"86,2",2.530,"87,0",7.248,"86,5",159,"1,9"
2,Sumatera Utara,10.849,5.417,16.266,20.259,10.911,31.170,7.458,"68,7",3.739,"69,0",11.197,"68,8",10.707,"52,9",6.156,"56,4",16.863,"54,1",18.165,"89,7",9.895,"90,7",28.060,"90,0",634,"2,0"
3,Sumatera Barat,4.076,2.238,6.314,6.999,4.369,11.368,3.095,"75,9",1.762,"78,7",4.857,"76,9",3.033,"43,3",2.177,"49,8",5.210,"45,8",6.128,"87,6",3.939,"90,2",10.067,"88,6",307,"2,7"
4,Riau,3.772,1.912,5.684,6.923,4.105,11.028,2.533,"67,2",1.284,"67,2",3.817,"67,2",3.798,"54,9",2.528,"61,6",6.326,"57,4",6.331,"91,4",3.812,"92,9",10.143,"92,0",293,"2,7"
5,Jambi,2.081,1.274,3.355,2.872,1.907,4.779,1.809,"86,9",1.135,"89,1",2.944,"87,7",784,"27,3",607,"31,8",1.391,"29,1",2.593,"90,3",1.742,"91,3",4.335,"90,7",80,"1,7"
6,Sumatera Selatan,6.307,3.789,10.096,12.505,8.001,20.506,4.548,"72,1",2.765,"73,0",7.313,"72,4",7.235,"57,9",4.832,"60,4",12.067,"58,8",11.783,"94,2",7.597,"95,0",19.380,"94,5",285,"1,4"
7,Bengkulu,1.036,592,1.628,2.001,1.270,3.271,831,"80,2",486,"82,1",1.317,"80,9",877,"43,8",587,"46,2",1.464,"44,8",1.708,"85,4",1.073,"84,5",2.781,"85,0",80,"2,4"
8,Lampung,5.499,3.783,9.282,9.062,6.734,15.796,5.218,"94,9",3.625,"95,8",8.843,"95,3",3.529,"38,9",2.906,"43,2",6.435,"40,7",8.747,"96,5",6.531,"97,0",15.278,"96,7",190,"1,2"
9,Kep. Bangka Belitung,777,442,1.219,1.310,786,2.096,555,"71,4",337,"76,2",892,"73,2",615,"46,9",383,"48,7",998,"47,6",1.170,"89,3",720,"91,6",1.890,"90,2",96,"4,6"
10,Kepulauan Riau,1.734,1.000,2.734,3.240,2.182,5.422,1.210,"69,8",727,"72,7",1.937,"70,8",1.564,"48,3",1.149,"52,7",2.713,"50,0",2.774,"85,6",1.876,"86,0",4.650,"85,8",154,"2,8"
11,DKI Jakarta,11.196,7.110,18.306,23.441,17.628,41.069,6.248,"55,8",4.098,"57,6",10.346,"56,5",12.835,"54,8",10.703,"60,7",23.538,"57,3",19.083,"81,4",14.801,"84,0",33.884,"82,5",853,"2,1"
12,Jawa Barat,26.718,19.233,45.951,71.261,59.596,130.857,17.457,"65,3",12.971,"67,4",30.428,"66,2",36.545,"51,3",33.229,"55,8",69.774,"53,3",54.002,"75,8",46.200,"77,5",100.202,"76,6",1.763,"1,3"
13,Jawa Tengah,15.182,11.295,26.477,32.054,25.835,57.889,10.513,"69,2",8.224,"72,8",18.737,"70,8",15.274,"47,7",13.095,"50,7",28.369,"49,0",25.787,"80,4",21.319,"82,5",47.106,"81,4",1.521,"2,6"
14,DI Yogyakarta,1.009,666,1.675,2.332,1.760,4.092,762,"75,5",522,"78,4",1.284,"76,7",1.228,"52,7",1.020,"58,0",2.248,"54,9",1.990,"85,3",1.542,"87,6",3.532,"86,3",273,"6,7"
15,Jawa Timur,18.785,13.692,32.477,36.575,29.498,66.073,14.134,"75,2",10.632,"77,7",24.766,"76,3",17.441,"47,7",15.333,"52,0",32.774,"49,6",31.575,"86,3",25.965,"88,0",57.540,"87,1",2.304,"3,5"
16,Banten,7.002,4.494,11.496,18.234,13.523,31.757,4.889,"69,8",3.079,"68,5",7.968,"69,3",10.003,"54,9",7.931,"58,6",17.934,"56,5",14.892,"81,7",11.010,"81,4",25.902,"81,6",476,"1,5"
17,Bali,1.423,879,2.302,2.464,1.702,4.166,1.007,"70,8",654,"74,4",1.661,"72,2",1.162,"47,2",895,"52,6",2.057,"49,4",2.169,"88,0",1.549,"91,0",3.718,"89,2",325,"7,8"
18,Nusa Tenggara Barat,2.848,1.692,4.540,4.428,2.807,7.235,2.510,"88,1",1.522,"90,0",4.032,"88,8",1.411,"31,9",1.024,"36,5",2.435,"33,7",3.921,"88,6",2.546,"90,7",6.467,"89,4",270,"3,7"
19,Nusa Tenggara Timur,2.100,1.524,3.624,4.262,3.270,7.532,1.384,"65,9",1.010,"66,3",2.394,"66,1",2.443,"57,3",1.948,"59,6",4.391,"58,3",3.827,"89,8",2.958,"90,5",6.785,"90,1",183,"2,4"
20,Kalimantan Barat,3.640,1.873,5.513,6.099,3.427,9.526,2.300,"63,2",1.174,"62,7",3.474,"63,0",1.845,"30,3",1.136,"33,1",2.981,"31,3",4.145,"68,0",2.310,"67,4",6.455,"67,8",228,"2,4"
21,Kalimantan Tengah,1.397,819,2.216,2.294,1.418,3.712,1.080,"77,3",682,"83,3",1.762,"79,5",852,"37,1",577,"40,7",1.429,"38,5",1.932,"84,2",1.259,"88,8",3.191,"86,0",100,"2,7"
22,Kalimantan Selatan,1.875,1.171,3.046,4.610,3.087,7.697,1.253,"66,8",811,"69,3",2.064,"67,8",2.419,"52,5",1.705,"55,2",4.124,"53,6",3.672,"79,7",2.516,"81,5",6.188,"80,4",257,"3,3"
23,Kalimantan Timur,2.154,1.397,3.551,4.585,3.355,7.940,1.377,"63,9",879,"62,9",2.256,"63,5",2.737,"59,7",2.193,"65,4",4.930,"62,1",4.114,"89,7",3.072,"91,6",7.186,"90,5",211,"2,7"
24,Kalimantan Utara,667,356,1.023,1.096,679,1.775,269,"40,3",168,"47,2",437,"42,7",354,"32,3",279,"41,1",633,"35,7",623,"56,8",447,"65,8",1.070,"60,3",77,"4,3"
25,Sulawesi Utara,3.613,2.062,5.675,4.969,2.817,7.786,2.733,"75,6",1.614,"78,3",4.347,"76,6",1.324,"26,6",761,"27,0",2.085,"26,8",4.057,"81,6",2.375,"84,3",6.432,"82,6",124,"1,6"
26,Sulawesi Tengah,2.173,1.323,3.496,3.610,2.208,5.818,1.625,"74,8",1.040,"78,6",2.665,"76,2",1.718,"47,6",1.036,"46,9",2.754,"47,3",3.343,"92,6",2.076,"94,0",5.419,"93,1",167,"2,9"
27,Sulawesi Selatan,6.919,4.619,11.538,11.628,8.256,19.884,4.739,"68,5",3.345,"72,4",8.084,"70,1",5.061,"43,5",3.784,"45,8",8.845,"44,5",9.800,"84,3",7.129,"86,3",16.929,"85,1",744,"3,7"
28,Sulawesi Tenggara,1.760,1.129,2.889,2.622,1.670,4.292,1.353,"76,9",857,"75,9",2.210,"76,5",901,"34,4",560,"33,5",1.461,"34,0",2.254,"86,0",1.417,"84,9",3.671,"85,5",153,"3,6"
29,Gorontalo,1.582,1.129,2.711,2.316,1.721,4.037,1.255,"79,3",884,"78,3",2.139,"78,9",746,"32,2",604,"35,1",1.350,"33,4",2.001,"86,4",1.488,"86,5",3.489,"86,4",58,"1,4"
30,Sulawesi Barat,1.087,762,1.849,1.545,1.153,2.698,875,"80,5",624,"81,9",1.499,"81,1",555,"35,9",471,"40,8",1.026,"38,0",1.430,"92,6",1.095,"95,0",2.525,"93,6",95,"3,5"
31,Maluku,1.394,916,2.310,2.495,1.825,4.320,347,"24,9",251,"27,4",598,"25,9",800,"32,1",681,"37,3",1.481,"34,3",1.147,"46,0",932,"51,1",2.079,"48,1",48,"1,1"
32,Maluku Utara,906,641,1.547,1.313,921,2.234,363,"40,1",260,"40,6",623,"40,3",621,"47,3",448,"48,6",1.069,"47,9",984,"74,9",708,"76,9",1.692,"75,7",137,"6,1"
33,Papua Barat,782,563,1.345,1.714,1.381,3.095,275,"35,2",201,"35,7",476,"35,4",748,"43,6",635,"46,0",1.383,"44,7",1.023,"59,7",836,"60,5",1.859,"60,1",104,"3,4"
34,Papua,2.766,2.198,4.964,6.363,5.437,11.800,1.100,"39,8",938,"42,7",2.038,"41,1",2.620,"41,2",2.446,"45,0",5.066,"42,9",3.720,"58,5",3.384,"62,2",7.104,"60,2",425,"3,6"
Indonesia,,157.764,103.349,261.113,322.954,238.146,561.100,108.704,"68,9",73.137,"70,8",181.841,"69,6",156.904,"48,6",125.512,"52,7",282.416,"50,3",265.608,"82,2",198.649,"83,4",464.257,"82,7",13.174,"2,3"
No,Provinsi,Jumlah Balita,Prevalensi Pneumonia Pada Balita (%),Perkiraan Pneumonia Balita,Realisasi Penemuan Penderita Pneumonia Pada Balita,,,,,,,,,,,,,,,,,,,,,,
,,,,,Pneumonia,,,,Pneumonia Berat,,,,Jumlah,,,%,Jumlah Kematian Balita Karena Pneumonia,,,,Total,,,CFR (%),,,
,,,,,< 1 Tahun,,1-4 Tahun,,< 1 Tahun,,1-4 Tahun,,L,P,L+P,,< 1 Tahun,,1-4 Tahun,,L,P,L+P,,,,
,,,,,L,P,L,P,L,P,L,P,,,,,L,P,L,P,,,,,,,
(1),(2),(3),(4),(5),(6),(7),(8),(9),(10),(11),(12),(13),(14),(15),(16),(17),(18),(19),(20),(21),(22),(23),(24),(25),,,
1,Aceh,514.963,"4,46",22.967,269,206,721,546,37,21,22,134,1.049,907,1.956,"8,5",4,13,1,1,5,14,19,"0,97",,,
2,Sumatera Utara,1.419.374,"2,99",42.439,471,445,812,643,30,29,43,35,1.356,1.152,2.508,"5,9",1,5,14,16,15,21,36,"1,44",,,
3,Sumatera Barat,515.165,"3,91",20.143,633,542,1.673,1.364,56,38,86,79,2.448,2.023,4.471,"22,2",0,3,0,1,0,4,4,"0,09",,,
4,Riau,683.206,"2,67",18.242,399,308,793,622,14,3,29,11,1.235,944,2.179,"11,9",1,4,1,4,2,8,10,"0,46",,,
5,Jambi,365.995,"3,15",11.529,250,226,768,530,8,7,12,11,1.038,774,1.812,"15,7",0,0,0,0,0,0,0,"0,00",,,
6,Sumatera Selatan,874.326,"3,61",31.563,1.081,1.007,1.856,1.538,152,89,119,86,3.208,2.720,5.928,"18,8",0,1,0,0,0,1,1,"0,02",,,
7,Bengkulu,214.664,"2,00",4.293,76,36,107,57,4,0,3,8,190,101,291,"6,8",2,0,0,1,2,1,3,"0,96",,,
8,Lampung,848.480,"2,23",18.921,1.082,1.118,2.459,2.191,69,65,311,236,3.921,3.610,7.531,"39,8",0,0,2,3,2,3,5,"0,07",,,
9,Kep. Bangka Belitung,139.019,"6,05",8.411,238,226,947,709,7,2,12,6,1.204,943,2.147,"25,5",1,1,0,0,1,1,2,"0,09",,,
10,Kepulauan Riau,139.019,"3,98",5.533,134,129,289,261,5,6,0,2,428,398,826,"14,9",0,0,2,3,2,3,5,"0,61",,,
11,DKI Jakarta,1.045.731,"4,24",44.339,4.291,3.435,8.228,7.059,87,56,81,279,12.687,10.829,23.516,"53,0",0,0,0,0,0,0,0,"0,00",,,
12,Jawa Barat,4.898.913,"4,62",226.330,12.165,10.912,24.197,21.371,548,384,490,441,37.400,33.108,70.508,"31,2",20,18,15,15,35,33,68,"0,10",,,
13,Jawa Tengah,2.652.751,"3,61",95.764,5.767,5.235,14.935,12.693,434,409,487,1.089,21.623,19.426,41.049,"42,9",25,41,14,35,39,76,115,"0,28",,,
14,DI Yogyakarta,242.608,"4,32",10.481,402,318,869,685,21,13,15,12,1.307,1.028,2.335,"22,3",6,4,8,6,14,10,24,"1,03",,,
15,Jawa Timur,3.898.048,"4,45",173.463,10.088,10.140,28.617,26.509,442,262,442,429,39.589,37.340,76.929,"44,3",13,10,1,4,14,14,28,"0,04",,,
16,Banten,1.222.487,"4,12",50.366,3.794,3.489,7.922,7.358,179,115,164,153,12.059,11.115,23.174,"46,0",14,5,1,1,15,6,21,"0,09",,,
17,Bali,415.605,"2,05",8.520,561,347,1.033,755,96,48,49,55,1.739,1.205,2.944,"34,6",0,0,0,0,0,0,0,"0,00",,,
18,Nusa Tenggara Barat,513.375,"6,38",32.753,2.245,1.793,3.794,3.193,215,136,206,153,6.460,5.275,11.735,"35,8",0,0,2,0,2,0,2,"0,02",,,
19,Nusa Tenggara Timur,532.606,"4,28",22.796,632,450,824,722,47,28,29,32,1.532,1.232,2.764,"12,1",1,1,1,0,2,1,3,"0,11",,,
20,Kalimantan Barat,469.747,"2,12",9.959,163,164,388,336,27,10,37,40,615,550,1.165,"11,7",0,0,5,11,5,11,16,"1,37",,,
21,Kalimantan Tengah,278.055,"4,37",12.151,95,85,180,147,3,2,0,3,278,237,515,"4,2",3,1,5,3,8,4,12,"2,33",,,
22,Kalimantan Selatan,415.760,"5,53",22.992,1.160,783,2.447,1.953,36,25,23,27,3.666,2.788,6.454,"28,1",1,2,0,0,1,2,3,"0,05",,,
23,Kalimantan Timur,368.719,"2,86",10.545,436,255,859,587,5,4,13,8,1.313,854,2.167,"20,5",3,0,0,1,3,1,4,"0,18",,,
24,Kalimantan Utara,69.635,"2,86",1.992,82,54,100,77,3,0,2,4,187,135,322,"16,2",1,3,10,6,11,9,20,"6,21",,,
25,Sulawesi Utara,238.269,"2,68",6.386,71,34,83,78,2,0,2,4,158,116,274,"4,3",2,0,3,1,5,1,6,"2,19",,,
26,Sulawesi Tengah,296.133,"5,19",15.369,1.102,796,2.051,1.624,62,19,33,37,3.248,2.476,5.724,"37,2",2,2,5,3,7,5,12,"0,21",,,
27,Sulawesi Selatan,874.230,"3,79",33.133,583,453,1.069,816,25,12,30,39,1.707,1.320,3.027,"9,1",2,3,1,1,3,4,7,"0,23",,,
28,Sulawesi Tenggara,276.312,"3,84",10.610,253,200,423,325,32,13,19,18,727,556,1.283,"12,1",1,0,8,3,9,3,12,"0,94",,,
29,Gorontalo,119.754,"4,84",5.796,346,290,427,393,17,16,16,9,806,708,1.514,"26,1",5,20,3,1,8,21,29,"1,92",,,
30,Sulawesi Barat,134.083,"4,88",6.543,93,79,217,143,8,3,10,12,328,237,565,"8,6",0,1,0,1,0,2,2,"0,35",,,
31,Maluku,176.393,"3,74",6.597,121,143,165,108,8,3,6,7,300,261,561,"8,5",5,2,9,11,14,13,27,"4,81",,,
32,Maluku Utara,123.063,"2,29",2.818,89,65,138,76,3,1,1,0,231,142,373,"13,2",0,0,1,0,1,0,1,"0,27",,,
33,Papua Barat,98.182,"2,88",2.828,216,170,437,417,4,2,23,22,680,611,1.291,"45,7",0,0,0,1,0,1,1,"0,08",,,
34,Papua,0,"2,80",0,0,0,0,0,0,0,0,0,0,0,0,#DIV/0!,0,0,0,0,0,0,0,#DIV/0!,,,
Indonesia,,25.074.670,"3,55",890.151,49.388,43.933,109.828,95.886,2.686,1.821,2.815,3.481,164.717,145.121,309.838,"34,8",113,140,112,133,225,273,498,"0,16",,,
No,Provinsi,Balita Batuk Atau Kesukaran Bernafas,,,Batuk Bukan Pneumonia,,,Jumlah Kab/Kota,Jumlah Kab/Kota Yang 50% Puskesmas Yang Melakukan Tatalaksana Standar Minimal 60%,Persentase Kab/Kota Yang 50% Puskesmas Yang Melakukan Tatalaksana Standar Minimal 60%,,,,,,,,,,,,,,,,,
,,Jumlah Kunjungan,Diberikan Tatalaksana Standar (Dihitung Napas/ Lihat TDDK*),Persentase Yang Diberikan Tatalaksana Standar,,,,,,,,,,,,,,,,,,,,,,,
,,,,,L,P,L + P,,,,,,,,,,,,,,,,,,,,
(1),(2),(3),(4),(5),(6),(7),(8),(9),(10),(11),,,,,,,,,,,,,,,,,
1,Aceh,101.693,52.261,"51,4",55.230,54.489,109.719,23,4,"17,39",,,,,,,,,,,,,,,,,
2,Sumatera Utara,143.982,104.437,"72,5",86.127,85.937,172.064,33,12,"36,36",,,,,,,,,,,,,,,,,
3,Sumatera Barat,90.564,87.349,"96,5",44.687,44.233,88.920,19,14,"73,68",,,,,,,,,,,,,,,,,
4,Riau,137.879,103.841,"75,3",63.396,60.720,124.116,12,9,"75,00",,,,,,,,,,,,,,,,,
5,Jambi,95.707,85.152,"89,0",46.544,45.886,92.430,11,10,"90,91",,,,,,,,,,,,,,,,,
6,Sumatera Selatan,149.321,139.342,"93,3",78.182,76.364,154.546,17,12,"70,59",,,,,,,,,,,,,,,,,
7,Bengkulu,31.308,27.210,"86,9",16.517,16.089,32.606,10,10,"100,00",,,,,,,,,,,,,,,,,
8,Lampung,179.564,160.003,"89,1",88.593,86.676,175.269,15,8,"53,33",,,,,,,,,,,,,,,,,
9,Kep. Bangka Belitung,29.341,28.176,"96,0",14.206,12.702,26.908,7,7,"100,00",,,,,,,,,,,,,,,,,
10,Kepulauan Riau,32.761,19.775,"60,4",16.548,15.675,32.223,7,3,"42,86",,,,,,,,,,,,,,,,,
11,DKI Jakarta,256.810,256.408,"99,8",119.315,108.657,227.972,6,6,"100,00",,,,,,,,,,,,,,,,,
12,Jawa Barat,993.578,771.626,"77,7",495.000,492.630,987.630,27,21,"77,78",,,,,,,,,,,,,,,,,
13,Jawa Tengah,647.905,601.645,"92,9",367.395,376.695,744.090,35,24,"68,57",,,,,,,,,,,,,,,,,
14,DI Yogyakarta,39.767,36.035,"90,6",20.738,19.026,39.764,5,3,"60,00",,,,,,,,,,,,,,,,,
15,Jawa Timur,727.723,642.658,"88,3",339.725,347.178,686.903,38,34,"89,47",,,,,,,,,,,,,,,,,
16,Banten,315.038,252.965,"80,3",155.095,152.666,307.761,8,8,"100,00",,,,,,,,,,,,,,,,,
17,Bali,60.944,59.110,"97,0",32.347,29.113,61.460,9,9,"100,00",,,,,,,,,,,,,,,,,
18,Nusa Tenggara Barat,182.204,164.829,"90,5",86.878,82.942,169.820,10,9,"90,00",,,,,,,,,,,,,,,,,
19,Nusa Tenggara Timur,171.487,164.986,"96,2",87.658,87.442,175.100,22,16,"72,73",,,,,,,,,,,,,,,,,
20,Kalimantan Barat,47.524,38.648,"81,3",37.656,36.478,74.134,14,6,"42,86",,,,,,,,,,,,,,,,,
21,Kalimantan Tengah,38.960,31.796,"81,6",20.871,19.167,40.038,14,12,"85,71",,,,,,,,,,,,,,,,,
22,Kalimantan Selatan,76.933,70.204,"91,3",36.909,34.198,71.107,13,12,"92,31",,,,,,,,,,,,,,,,,
23,Kalimantan Timur,54.744,43.033,"78,6",37.272,33.438,70.710,10,5,"50,00",,,,,,,,,,,,,,,,,
24,Kalimantan Utara,10.254,6.855,"66,9",5.960,5.241,11.201,5,2,"40,00",,,,,,,,,,,,,,,,,
25,Sulawesi Utara,29.463,21.924,"74,4",23.730,22.547,46.277,15,6,"40,00",,,,,,,,,,,,,,,,,
26,Sulawesi Tengah,81.397,75.733,"93,0",39.817,37.506,77.323,13,13,"100,00",,,,,,,,,,,,,,,,,
27,Sulawesi Selatan,100.672,77.981,"77,5",52.679,52.270,104.949,24,11,"45,83",,,,,,,,,,,,,,,,,
28,Sulawesi Tenggara,28.047,25.108,"89,5",17.238,15.904,33.142,17,7,"41,18",,,,,,,,,,,,,,,,,
29,Gorontalo,19.500,14.499,"74,4",9.282,9.008,18.290,6,6,"100,00",,,,,,,,,,,,,,,,,
30,Sulawesi Barat,21.703,17.286,"79,6",11.272,10.874,22.146,6,5,"83,33",,,,,,,,,,,,,,,,,
31,Maluku,28.742,22.304,"77,6",22.574,21.181,43.755,11,2,"18,18",,,,,,,,,,,,,,,,,
32,Maluku Utara,33.210,31.110,"93,7",21.053,19.246,40.299,10,6,"60,00",,,,,,,,,,,,,,,,,
33,Papua Barat,13.828,11.805,"85,4",10.771,11.317,22.088,13,0,"0,00",,,,,,,,,,,,,,,,,
34,Papua,0,0,#DIV/0!,0,0,0,29,0,"0,00",,,,,,,,,,,,,,,,,
Indonesia,,4.972.553,4.246.094,"85,4",2.561.265,2.523.495,5.084.760,514,312,"60,70",,,,,,,,,,,,,,,,,
No,Provinsi,Jumlah Penduduk,Jumlah Kasus,Incidence Rate per 100.000 Penduduk,Meninggal,CFR (%),,,,,,,,,,,,,,,,,,,,,
(1),(2),(3),(4),(5),(6),(7),,,,,,,,,,,,,,,,,,,,,
1,Aceh,5.459.891,891,"0,0",1,"0,11",,,,,,,,,,,,,,,,,,,,,
2,Sumatera Utara,14.703.532,3.125,"21,3",7,"0,22",,,,,,,,,,,,,,,,,,,,,
3,Sumatera Barat,5.498.751,1.117,"20,3",3,"0,27",,,,,,,,,,,,,,,,,,,,,
4,Riau,7.128.305,2.948,"41,4",38,"1,29",,,,,,,,,,,,,,,,,,,,,
5,Jambi,3.677.894,2.049,"55,7",14,"0,68",,,,,,,,,,,,,,,,,,,,,
6,Sumatera Selatan,8.567.923,2.359,"27,5",3,"0,13",,,,,,,,,,,,,,,,,,,,,
7,Bengkulu,2.019.848,1.276,"63,2",10,"0,78",,,,,,,,,,,,,,,,,,,,,
8,Lampung,8.521.201,6.372,"74,8",26,"0,41",,,,,,,,,,,,,,,,,,,,,
9,Kepulauan Bangka Belitung,1.517.590,1.144,"75,4",9,"0,79",,,,,,,,,,,,,,,,,,,,,
10,Kepulauan Riau,2.242.198,1.753,"78,2",9,"0,51",,,,,,,,,,,,,,,,,,,,,
11,DKI Jakarta,10.644.986,4.745,"44,6",1,"0,02",,,,,,,,,,,,,,,,,,,,,
12,Jawa Barat,49.935.858,22.613,"45,3",168,"0,74",,,,,,,,,,,,,,,,,,,,,
13,Jawa Tengah,34.940.078,5.683,"16,3",107,"1,88",,,,,,,,,,,,,,,,,,,,,
14,DI Yogyakarta,3.882.288,3.618,"93,2",13,"0,36",,,,,,,,,,,,,,,,,,,,,
15,Jawa Timur,39.886.288,8.567,"21,5",73,"0,85",,,,,,,,,,,,,,,,,,,,,
16,Banten,13.160.496,2.910,"22,1",25,"0,86",,,,,,,,,,,,,,,,,,,,,
17,Bali,4.380.824,11.964,"273,1",23,"0,19",,,,,,,,,,,,,,,,,,,,,
18,Nusa Tenggara Barat,5.125.622,4.720,"92,1",13,"0,28",,,,,,,,,,,,,,,,,,,,,
19,Nusa Tenggara Timur,5.541.394,5.968,"107,7",59,"0,99",,,,,,,,,,,,,,,,,,,,,
20,Kalimantan Barat,5.134.760,784,"15,3",4,"0,51",,,,,,,,,,,,,,,,,,,,,
21,Kalimantan Tengah,2.769.156,669,"24,2",5,"0,75",,,,,,,,,,,,,,,,,,,,,
22,Kalimantan Selatan,4.303.979,1.768,"41,1",20,"1,13",,,,,,,,,,,,,,,,,,,,,
23,Kalimantan Timur,3.793.152,2.299,"60,6",18,"0,78",,,,,,,,,,,,,,,,,,,,,
24,Kalimantan Utara,768.505,515,"67,0",8,"1,55",,,,,,,,,,,,,,,,,,,,,
25,Sulawesi Utara,2.528.794,1.219,"48,2",18,"1,48",,,,,,,,,,,,,,,,,,,,,
26,Sulawesi Tengah,3.096.976,1.190,"38,4",12,"1,01",,,,,,,,,,,,,,,,,,,,,
27,Sulawesi Selatan,8.928.004,2.714,"30,4",27,"0,99",,,,,,,,,,,,,,,,,,,,,
28,Sulawesi Tenggara,2.755.589,905,"32,8",9,"0,99",,,,,,,,,,,,,,,,,,,,,
29,Gorontalo,1.219.576,951,"78,0",7,"0,74",,,,,,,,,,,,,,,,,,,,,
30,Sulawesi Barat,1.405.012,630,"44,8",3,"0,48",,,,,,,,,,,,,,,,,,,,,
31,Maluku,1.831.880,77,"4,2",5,"6,49",,,,,,,,,,,,,,,,,,,,,
32,Maluku Utara,1.278.764,425,"33,2",8,"1,88",,,,,,,,,,,,,,,,,,,,,
33,Papua Barat,981.822,163,"16,6",0,"0,00",,,,,,,,,,,,,,,,,,,,,
34,Papua,3.435.430,172,"5,0",1,"0,58",,,,,,,,,,,,,,,,,,,,,
Indonesia 271.066.366,,,108.303,"40,0",747,"0,69",,,,,,,,,,,,,,,,,,,,,
No,Provinsi,Penduduk,Malaria,,,,,,,,,,,,,,,,,,,,,,,,
,,,Suspek,Konfirmasi Laboratorium,,,% Konfirmasi Laboratorium,Positif,,,Pengobatan Standar,% Pengobatan Standar,Annual Paracite Incidence (API) per 1.000 Penduduk,,,,,,,,,,,,,,
,,,,Mikroskopis,Rapid Diagnostic Test (RDT),Total,,L,P,L+P,,,,,,,,,,,,,,,,,
(1),(2),(3),(3),(4),(5),(6),(7),(8),(9),(10),(11),(12),(13),,,,,,,,,,,,,,
1,Aceh,5.459.891,29.545,21.161,7.923,29.084,"98,4",213,26,239,239,"1,00","100,0",,,,,,,,,,,,,,
2,Sumatera Utara,14.703.532,21.080,6.609,12.171,18.780,"89,1",608,390,998,997,"1,00","99,9",,,,,,,,,,,,,,
3,Sumatera Barat,5.498.751,8.978,3.976,4.645,8.621,"96,0",58,35,93,94,"1,01","101,1",,,,,,,,,,,,,,
4,Riau,7.128.305,8.119,5.030,3.035,8.065,"99,3",1.051,689,1.740,1.740,"1,00","100,0",,,,,,,,,,,,,,
5,Jambi,3.677.894,30.213,14.859,14.214,29.073,"96,2",46,22,68,68,"1,00","100,0",,,,,,,,,,,,,,
6,Sumatera Selatan,8.567.923,19.354,8.737,10.389,19.126,"98,8",42,27,69,69,"1,00","100,0",,,,,,,,,,,,,,
7,Bengkulu,2.019.848,13.265,8.456,4.580,13.036,"98,3",49,56,105,105,"1,00","100,0",,,,,,,,,,,,,,
8,Lampung,8.521.201,30.088,11.902,17.960,29.862,"99,2",251,173,424,424,"1,00","100,0",,,,,,,,,,,,,,
9,Kepulauan Bangka Belitung,1.517.590,29.185,19.352,7.703,27.055,"92,7",141,46,187,186,"0,99","99,5",,,,,,,,,,,,,,
10,Kepulauan Riau,2.242.198,7.857,6.753,562,7.315,"93,1",112,86,198,192,"0,97","97,0",,,,,,,,,,,,,,
11,DKI Jakarta,10.644.986,59,58,1,59,"100,0",54,4,58,56,"0,97","96,6",,,,,,,,,,,,,,
12,Jawa Barat,49.935.858,18.198,16.512,1.152,17.664,"97,1",303,16,319,309,"0,97","96,9",,,,,,,,,,,,,,
13,Jawa Tengah,34.940.078,31.132,27.500,1.697,29.197,"93,8",253,12,265,230,"0,87","86,8",,,,,,,,,,,,,,
14,DI Yogyakarta,3.882.288,13.018,10.693,55,10.748,"82,6",6,0,6,3,"0,50","50,0",,,,,,,,,,,,,,
15,Jawa Timur,39.872.395,7.245,6.367,166,6.533,"90,2",276,19,295,278,"0,94","94,2",,,,,,,,,,,,,,
16,Banten,13.160.496,1.029,414,357,771,"74,9",6,0,6,6,"1,00","100,0",,,,,,,,,,,,,,
17,Bali,4.380.824,6.186,6.084,18,6.102,"98,6",13,4,17,12,"0,71","70,6",,,,,,,,,,,,,,
18,Nusa Tenggara Barat,5.125.622,105.539,81.983,12.010,93.993,"89,1",173,74,247,219,"0,89","88,7",,,,,,,,,,,,,,
19,Nusa Tenggara Timur,5.541.394,403.142,343.547,54.685,398.232,"98,8",8.593,6.711,15.304,14.371,"0,94","93,9",,,,,,,,,,,,,,
20,Kalimantan Barat,5.134.760,39.283,14.482,18.835,33.317,"84,8",48,16,64,54,"0,84","84,4",,,,,,,,,,,,,,
21,Kalimantan Tengah,2.769.156,14.916,5.514,7.705,13.219,"88,6",137,25,162,154,"0,95","95,1",,,,,,,,,,,,,,
22,Kalimantan Selatan,4.303.979,24.378,7.772,14.981,22.753,"93,3",484,33,517,508,"0,98","98,3",,,,,,,,,,,,,,
23,Kalimantan Timur,3.793.152,12.021,6.844,4.104,10.948,"91,1",2.226,139,2.365,1.943,"0,82","82,2",,,,,,,,,,,,,,
24,Kalimantan Utara,768.505,2.093,564,1.435,1.999,"95,5",65,2,67,65,"0,97","97,0",,,,,,,,,,,,,,
25,Sulawesi Utara,2.528.794,16.499,8.803,4.501,13.304,"80,6",621,279,900,733,"0,81","81,4",,,,,,,,,,,,,,
26,Sulawesi Tengah,3.096.976,41.302,11.206,25.971,37.177,"90,0",132,67,199,176,"0,88","88,4",,,,,,,,,,,,,,
27,Sulawesi Selatan,8.928.004,15.051,8.657,6.092,14.749,"98,0",641,124,765,699,"0,91","91,4",,,,,,,,,,,,,,
28,Sulawesi Tenggara,3.014.333,15.794,5.738,9.948,15.686,"99,3",307,108,415,407,"0,98","98,1",,,,,,,,,,,,,,
29,Gorontalo,1.219.576,11.210,5.289,5.921,11.210,"100,0",35,1,36,36,"1,00","100,0",,,,,,,,,,,,,,
30,Sulawesi Barat,1.405.012,15.681,5.305,10.232,15.537,"99,1",137,6,143,143,"1,00","100,0",,,,,,,,,,,,,,
31,Maluku,1.831.880,50.859,35.449,13.642,49.091,"96,5",455,311,766,672,"0,88","87,7",,,,,,,,,,,,,,
32,Maluku Utara,1.278.764,29.304,20.385,8.918,29.303,"100,0",127,75,202,202,"1,00","100,0",,,,,,,,,,,,,,
33,Papua Barat,981.822,120.764,80.186,40.354,120.540,"99,8",6.279,3.691,9.970,9.823,"0,99","98,5",,,,,,,,,,,,,,
34,Papua,3.435.430,685.382,530.528,147.552,678.080,"98,9",122.724,94.117,216.841,205.968,"0,95","95,0",,,,,,,,,,,,,,
Indonesia,,271.311.217,1.877.769,1.346.715,473.514,1.820.229,"96,9",146.666,107.384,254.050,241.181,"0,95","94,9",,,,,,,,,,,,,,
No,Provinsi,Penderita Kronis Filariasis,,,,,,,,,,,,,,,,,,,,,,,,,
,,Kasus Kronis Tahun Sebelumnya,Kasus Kronis Baru Ditemukan,Kasus Kronis Pindah,Kasus Kronis Meninggal,Jumlah Seluruh Kasus Kronis,,,,,,,,,,,,,,,,,,,,,
(1),(2),(3),(4),(5),(6),(7),,,,,,,,,,,,,,,,,,,,,
1,Aceh,583,0,0,13,570,,,,,,,,,,,,,,,,,,,,,
2,Sumatera Utara,183,8,0,0,191,,,,,,,,,,,,,,,,,,,,,
3,Sumatera Barat,187,0,0,0,187,,,,,,,,,,,,,,,,,,,,,
4,Riau,157,2,15,8,136,,,,,,,,,,,,,,,,,,,,,
5,Jambi,287,0,0,12,275,,,,,,,,,,,,,,,,,,,,,
6,Sumatera Selatan,166,0,0,46,120,,,,,,,,,,,,,,,,,,,,,
7,Bengkulu,64,0,0,0,64,,,,,,,,,,,,,,,,,,,,,
8,Lampung,33,0,0,0,33,,,,,,,,,,,,,,,,,,,,,
9,Kepulauan Bangka Belitung,102,0,4,6,93,,,,,,,,,,,,,,,,,,,,,
10,Kepulauan Riau,81,0,0,0,81,,,,,,,,,,,,,,,,,,,,,
11,DKI Jakarta,23,0,0,0,23,,,,,,,,,,,,,,,,,,,,,
12,Jawa Barat,735,0,43,51,641,,,,,,,,,,,,,,,,,,,,,
13,Jawa Tengah,402,26,2,26,400,,,,,,,,,,,,,,,,,,,,,
14,DI Yogyakarta,3,0,0,1,2,,,,,,,,,,,,,,,,,,,,,
15,Jawa Timur,262,67,0,0,329,,,,,,,,,,,,,,,,,,,,,
16,Banten,116,0,0,9,107,,,,,,,,,,,,,,,,,,,,,
17,Bali,2,0,0,0,2,,,,,,,,,,,,,,,,,,,,,
18,Nusa Tenggara Barat,10,0,0,0,10,,,,,,,,,,,,,,,,,,,,,
19,Nusa Tenggara Timur,1.540,0,0,6,1.534,,,,,,,,,,,,,,,,,,,,,
20,Kalimantan Barat,245,6,0,0,251,,,,,,,,,,,,,,,,,,,,,
21,Kalimantan Tengah,52,0,0,0,52,,,,,,,,,,,,,,,,,,,,,
22,Kalimantan Selatan,20,7,0,0,27,,,,,,,,,,,,,,,,,,,,,
23,Kalimantan Timur,319,0,2,210,107,,,,,,,,,,,,,,,,,,,,,
24,Kalimantan Utara,11,0,2,6,3,,,,,,,,,,,,,,,,,,,,,
25,Sulawesi Utara,20,1,0,3,18,,,,,,,,,,,,,,,,,,,,,
26,Sulawesi Tengah,193,0,0,13,180,,,,,,,,,,,,,,,,,,,,,
27,Sulawesi Selatan,82,0,0,19,63,,,,,,,,,,,,,,,,,,,,,
28,Sulawesi Tenggara,50,0,0,0,50,,,,,,,,,,,,,,,,,,,,,
29,Gorontalo,5,0,1,0,4,,,,,,,,,,,,,,,,,,,,,
30,Sulawesi Barat,55,0,0,0,55,,,,,,,,,,,,,,,,,,,,,
31,Maluku,39,0,0,0,39,,,,,,,,,,,,,,,,,,,,,
32,Maluku Utara,27,0,0,3,24,,,,,,,,,,,,,,,,,,,,,
33,Papua Barat,1.089,0,0,459,620,,,,,,,,,,,,,,,,,,,,,
34,Papua,3.615,0,0,0,3.615,,,,,,,,,,,,,,,,,,,,,
Indonesia,,10.758,117,69,891,9.906,,,,,,,,,,,,,,,,,,,,,
No,Provinsi,TFU Terdaftar,,,,TFU Yang Dilakukan Pengawasan Sesuai Standar,,,,,,,,,,,,,,,,,,,,,
,,Sarana Pendidikan (SD/MI dan SMP/MTs),Pasar,Puskesmas,Jumlah TFU Terdaftar,Sarana Pendidikan (SD/MI dan SMP/MTs),,Pasar,,Puskesmas,,Jumlah Total,,,,,,,,,,,,,,,
,,,,,,∑,%,∑,%,∑,%,∑,%,,,,,,,,,,,,,,
(1),(2),(3),(4),(5),(6),(7),(8),(9),(10),(11),(12),(13),(14),,,,,,,,,,,,,,
1,Aceh,148,34,60,242,127,"85,8",26,"76,5",49,"81,67",202,"83,5",,,,,,,,,,,,,,
2,Sumatera Utara,422,82,106,610,325,"77,0",76,"92,7",71,"66,98",472,"77,4",,,,,,,,,,,,,,
3,Sumatera Barat,717,108,133,958,622,"86,8",79,"73,1",84,"63,16",785,"81,9",,,,,,,,,,,,,,
4,Riau,886,257,333,1.476,670,"75,6",105,"40,9",84,"25,23",859,"58,2",,,,,,,,,,,,,,
5,Jambi,436,84,111,631,312,"71,6",79,"94,0",78,"70,27",469,"74,3",,,,,,,,,,,,,,
6,Sumatera Selatan,231,66,24,321,173,"74,9",56,"84,8",18,"75,00",247,"76,9",,,,,,,,,,,,,,
7,Bengkulu,612,138,116,866,504,"82,4",127,"92,0",74,"63,79",705,"81,4",,,,,,,,,,,,,,
8,Lampung,280,96,80,456,194,"69,3",67,"69,8",67,"83,75",328,"71,9",,,,,,,,,,,,,,
9,Kepulauan Bangka Belitung,47,11,5,63,31,"66,0",8,"72,7",3,"60,00",42,"66,7",,,,,,,,,,,,,,
10,Kepulauan Riau,29,5,8,42,16,"55,2",3,"60,0",5,"62,50",24,"57,1",,,,,,,,,,,,,,
11,DKI Jakarta,717,73,248,1.038,612,"85,4",61,"83,6",147,"59,27",820,"79,0",,,,,,,,,,,,,,
12,Jawa Barat,2.194,156,374,2.724,528,"24,1",97,"62,2",155,"41,44",780,"28,6",,,,,,,,,,,,,,
13,Jawa Tengah,1.779,284,298,2.361,861,"48,4",178,"62,7",152,"51,01",1.191,"50,4",,,,,,,,,,,,,,
14,DI Yogyakarta,218,19,15,252,27,"12,4",9,"47,4",1,"6,67",37,"14,7",,,,,,,,,,,,,,
15,Jawa Timur,716,87,104,907,178,"24,9",78,"89,7",38,"36,54",294,"32,4",,,,,,,,,,,,,,
16,Banten,892,78,113,1.083,431,"48,3",64,"82,1",78,"69,03",573,"52,9",,,,,,,,,,,,,,
17,Bali,75,14,6,95,1,"1,3",3,"21,4",0,"0,00",4,"4,2",,,,,,,,,,,,,,
18,Nusa Tenggara Barat,71,3,8,82,60,"84,5",2,"66,7",2,"25,00",64,"78,0",,,,,,,,,,,,,,
19,Nusa Tenggara Timur,0,0,0,0,0,"0,0",0,"0,0",0,"0,00",0,"0,0",,,,,,,,,,,,,,
20,Kalimantan Barat,408,18,54,480,220,"53,9",5,"27,8",21,"38,89",246,"51,3",,,,,,,,,,,,,,
21,Kalimantan Tengah,461,54,82,597,430,"93,3",32,"59,3",38,"46,34",500,"83,8",,,,,,,,,,,,,,
22,Kalimantan Selatan,236,17,27,280,229,"97,0",15,"88,2",21,"77,78",265,"94,6",,,,,,,,,,,,,,
23,Kalimantan Timur,678,19,126,823,291,"42,9",11,"57,9",89,"70,63",391,"47,5",,,,,,,,,,,,,,
24,Kalimantan Utara,103,11,28,142,63,"61,2",9,"81,8",4,"14,29",76,"53,5",,,,,,,,,,,,,,
25,Sulawesi Utara,51,9,19,79,34,"66,7",3,"33,3",6,"31,58",43,"54,4",,,,,,,,,,,,,,
26,Sulawesi Tengah,925,185,220,1.330,626,"67,7",132,"71,4",66,"30,00",824,"62,0",,,,,,,,,,,,,,
27,Sulawesi Selatan,1.749,264,220,2.233,953,"54,5",147,"55,7",86,"39,09",1.186,"53,1",,,,,,,,,,,,,,
28,Sulawesi Tenggara,188,53,29,270,112,"59,6",28,"52,8",13,"44,83",153,"56,7",,,,,,,,,,,,,,
29,Gorontalo,0,0,0,0,0,"0,0",0,"0,0",0,"0,00",0,"0,0",,,,,,,,,,,,,,
30,Sulawesi Barat,263,44,50,357,178,"67,7",25,"56,8",27,"54,00",230,"64,4",,,,,,,,,,,,,,
31,Maluku,0,1,1,2,0,"0,0",0,"0,0",0,"0,00",0,"0,0",,,,,,,,,,,,,,
32,Maluku Utara,1,6,8,15,0,"0,0",0,"0,0",0,"0,00",0,"0,0",,,,,,,,,,,,,,
33,Papua Barat,77,7,32,116,43,"55,8",2,"28,6",6,"18,75",51,"44,0",,,,,,,,,,,,,,
34,Papua,57,15,49,121,18,"31,6",14,"93,3",16,"32,65",48,"39,7",,,,,,,,,,,,,,
Indonesia,,15.667,2.298,3.087,21.052,8.869,"56,6",1.541,"67,1",1.499,"48,56",11.909,"56,6",,,,,,,,,,,,,,
No,Provinsi,Jumlah RS dan Puskesmas,Jumlah RS dan Puskesmas yang Melakukan Pengelolaan Limbah Medis,%,,,,,,,,,,,,,,,,,,,,,,,
(1),(2),(3),(4),(5),,,,,,,,,,,,,,,,,,,,,,,
1,Aceh,423,9,"2,1",,,,,,,,,,,,,,,,,,,,,,,
2,Sumatera Utara,780,68,"8,7",,,,,,,,,,,,,,,,,,,,,,,
3,Sumatera Barat,356,23,"6,5",,,,,,,,,,,,,,,,,,,,,,,
4,Riau,294,82,"27,9",,,,,,,,,,,,,,,,,,,,,,,
5,Jambi,235,4,"1,7",,,,,,,,,,,,,,,,,,,,,,,
6,Sumatera Selatan,405,25,"6,2",,,,,,,,,,,,,,,,,,,,,,,
7,Bengkulu,209,91,"43,5",,,,,,,,,,,,,,,,,,,,,,,
8,Lampung,401,169,"42,1",,,,,,,,,,,,,,,,,,,,,,,
9,Kepulauan Bangka Belitung,86,25,"29,1",,,,,,,,,,,,,,,,,,,,,,,
10,Kepulauan Riau,112,26,"23,2",,,,,,,,,,,,,,,,,,,,,,,
11,DKI Jakarta,512,129,"25,2",,,,,,,,,,,,,,,,,,,,,,,
12,Jawa Barat,1399,193,"13,8",,,,,,,,,,,,,,,,,,,,,,,
13,Jawa Tengah,1176,510,"43,4",,,,,,,,,,,,,,,,,,,,,,,
14,DI Yogyakarta,196,67,"34,2",,,,,,,,,,,,,,,,,,,,,,,
15,Jawa Timur,1339,385,"28,8",,,,,,,,,,,,,,,,,,,,,,,
16,Banten,339,119,"35,1",,,,,,,,,,,,,,,,,,,,,,,
17,Bali,177,33,"18,6",,,,,,,,,,,,,,,,,,,,,,,
18,Nusa Tenggara Barat,198,16,"8,1",,,,,,,,,,,,,,,,,,,,,,,
19,Nusa Tenggara Timur,440,7,"1,6",,,,,,,,,,,,,,,,,,,,,,,
20,Kalimantan Barat,294,22,"7,5",,,,,,,,,,,,,,,,,,,,,,,
21,Kalimantan Tengah,230,12,"5,2",,,,,,,,,,,,,,,,,,,,,,,
22,Kalimantan Selatan,277,8,"2,9",,,,,,,,,,,,,,,,,,,,,,,
23,Kalimantan Timur,236,81,"34,3",,,,,,,,,,,,,,,,,,,,,,,
24,Kalimantan Utara,64,3,"4,7",,,,,,,,,,,,,,,,,,,,,,,
25,Sulawesi Utara,240,28,"11,7",,,,,,,,,,,,,,,,,,,,,,,
26,Sulawesi Tengah,248,28,"11,3",,,,,,,,,,,,,,,,,,,,,,,
27,Sulawesi Selatan,568,240,"42,3",,,,,,,,,,,,,,,,,,,,,,,
28,Sulawesi Tenggara,324,10,"3,1",,,,,,,,,,,,,,,,,,,,,,,
29,Gorontalo,110,1,"0,9",,,,,,,,,,,,,,,,,,,,,,,
30,Sulawesi Barat,108,3,"2,8",,,,,,,,,,,,,,,,,,,,,,,
31,Maluku,243,10,"4,1",,,,,,,,,,,,,,,,,,,,,,,
32,Maluku Utara,160,1,"0,6",,,,,,,,,,,,,,,,,,,,,,,
33,Papua Barat,181,2,"1,1",,,,,,,,,,,,,,,,,,,,,,,
34,Papua,471,1,"0,2",,,,,,,,,,,,,,,,,,,,,,,
Indonesia,,12.831,2.431,"18,9",,,,,,,,,,,,,,,,,,,,,,,
