600.9,996.8,,,,,,,,,,,,,,,,,,,,,,,,,,,,,,,,,
,,24.000 GAMB2A3R.7 340.1 3 23.800 23.639 23.682 JUMLAH FKTP BEKERJASAMA DENGAN BPJS KESEHATA 23.600 23.430 INDONESIA 23.366 23.400 TAHUN 2017-2024 23.200,,,,,,,,,,,,,,,,,,,,,,,,,,,,,,,,
,,,,,,,,,,,,,,,,,,DEN NES 2017,,,,,,,,,,,,,,,,
,,,,,,,,,,,,,,,,,,,,,,4,,,,,,,,,,,,
"23.043 24.000 23.000 24.000 23.800 22.800 2 234.8.00000 23.730 23.639 23.62 8 23 32.7 .7 3 30 0 2 22.600 22.482 2 233.6.80000 23.430 2 23.366 23.600 23.4 3220. 400 2 233.4.60000 23.430 23.366 23.366 2 233.2.40000 23.043 23.400 22.200 2 233.0.20000 23.043 23.200 22.000 23.043 2 223.8.00000 2018 222.62.80000109 22.428022 0 2021 2022 2023 2 23.000 2 222.4.60000 22.482 22.800 Sumber: BPJS Ke 2s 22e2.2. h4000a0 tan, Desember 2024 2 222.0.20000 22.600 22.482 22.000 2018 2019 2020 2021 2022 2 Jumlah FKTP yang bekerjasama dengan BPJ 2018 2019 2020 2021 2022 22.400 sebanyak 22.4S8u2m FbKeTr:P B pPJaSd Kae steahhautann 2, D0e1s8e mmbeenr j2a0d2i4 2 3. 22.200 sama dengan BSu Pm JSb e Kr: e B sP eJ hS aK te ase nh a tt ea rn b, aD nes ye am kb Saeumr d 2ba0elra2: 4 hB P JPS Jumlah FKTP yang bekerjasama denga 22.000 Pratama sebesseabra n3y2akJ,2u 2m72%.l 4ah 8, 2Fd FKiKiTkTPuP y tpaia n ddg a e b tnae hgke uar nnj a 2 s 0Da 1mo8ka m tdeee nrn jagP Jumlah FKTP yang bekerjasama den 2018 2019 2020 seb2a0n2y1ak 22.240822 2FKTP p2a0d2a3 tahun2 2002148 menj mencerminkans da apm reia r sad ene bn apg nauynsa kkB eP 2sJ 2Sm. 4Ka8e 2ss edFh Kaa Tnt Pa k n pl iatne dir akb a tsanehybuaak n g a 2ad 0ia 1 sama dengan BPJS Kesehatan terbanyak ad",,23.000 24.000 22.800 2 234.8.00000 22.600 22.482 2 233.6.80000 .4 3220. 400 2 233.4.60000 23.366 2 233.2.40000 22.200 2 233.0.20000 22.000 23.043 2 223.8.00000 2018 222.62.80000109 2,,,,,,,23.043,,,,,,,,,,,,,,,,,,,,,,,,,
,,,,,,24. 2 234. 2 2 233. 2 233. 23 2 233. 2 233.,,,,,,,,,,,,,,,,,,,,,,,,,,,,
,,,,,,,,000 8.00000 6.80000 4.60000 .366 2.40000,2,,3.73 2,,0 3.430,23. 0 23 2,,63,,9 23.3 23 3,,23.6,,23.730,,,2 0 2,,3.639 3.639,,,23. 23,,68 .6,,h
,,,,,,,,,,,,,,,,,,,,,,82 23.73,,,,,,,,,,,,
,,,,,,,,,,,,,23.43,,,.043 3.04,,,,66 .366,,,,,,,,,,,,,,
,,,,,,,,,,,,,,,,,,,23,.36,,,,,,,,,,,,,,
,2 2 Sum seba sam,2 2,,,,,,,,,,,,,,,,,,,,,,,,,,,,,,,,
,,,,,,,2 233.,0.20000,,,,,,,2,3.0,,,,,,,,,,,,,,,,,,
,,,,,,8,2 223.8.00000 222.62.80000109 2,,22. 2,,428022 0 2.482,,2,02,1,,,20,22,,,2,0,23,,,20,2,4,,,,,
,,,,,,,,,,2,2.48,,,,,,,,,,,,,,,,,,,,,,,
,,,ber J nya a d,: BPJ umla k 22. enga,S Ke h F 4S8u2 Su n B,e F,2 222.4.60000 2s 22e2.2. h4000a0 2 222.0.20000 22.000 KTP y,,tan 20 an,,,es,em,b,e,r 2,,02,4,,,,,,,,,,,,,,,
,,,,,,,,,,n,", D",,,,,,,,,,,,,,,,,,,,,,,
,,,,,,,,,,,18 g be,,2019 ker,2020 jasam,,,,202 a d,,1 20 engan,,,,22 2 BPJ,,,023 20 S pad,,,,,,,
,,,,,,,,,2,,018,,2019,2020,,,,20,,21 2,,,,022,,,2023 2,,,,,,,
,,,,,,,m FbKeTr:P mber: PJS K Ju,,B pPJaS BPJ ese mla,,d Kae stea S Kes hata h FKT,,hhaut eha n t P y,"ann 2, D0e1s tan, De erban ang bek",,,,8e mmb sem yak erja,,eenr j2a0d2 bSaeumr 2ba0elr d sama,,,,,,,,,,,,,,
"RS Tipe D Lainnya Pratama 5,13% 0G,22A%MBAR 4.14 PERSENTASE FKTP BEKERJA SAMA Dokter DENGAN BPJS DI INDPOraNktikE SIA TAHUN 2024Perorangan 19,63% Puskesmas",,,,,,,,,,,,,,,,,,,,,,,,,,,,,,,,,,
"42,75% RS Tipe D LainKnliynaik PratamaR PS aT ti ap me aD L 5a ,i 51n 3n ,P 1%yra 3a %tama r 0R P,S2 a2T t%i ap me aD L 5a ,i 1n 33n %2ya,27% 0,22% r 0,22% Dokter Praktik PeroDDraoonkgtkeartn er 19PP,6rra3ak%tkikt ik Perorangan Puskesmas Pe1r9o,6r3a%ngan 42,75%",,,,,,,,,,,,,,,,,,,,,,,,,,,,,,,,,,
,,RS Tipe D LainKnliynaik RS Tipe D LainnPyraatama,,,,,,,,,,,,,,,,,,,,,,,,,,,,,,,,
,,"PratamaPratama 5,513,1%3% 0R P,S2 a2T t%i ap me aD L 5a ,i 1n 33n %2ya,27% 0,22% r 0,22% Dokter Praktik PeroDDraoonkgtkeartn er 19PP,6rra3ak%tkikt ik Perorangan Puskesmas Pe1r9o,6r3a%ngan 42,75%",,,,,,,,,,,,,,,,,,,,,,,,,,,,,,,,
,,"Puskesmas 1Kli9ni,k6 3% 42,75% Pratama Puskesmas 32,K2l7in%ik Pratama 42,75% 32,27% Klinik Pratama 32,27%",,,,,,,,,,,,,,,,,,,,,,,,,,,,,,,,
,,24 mengalami peningkata,,,,,,,,,,,,,,,,,,,,,,,,,,,,,,,,
"m mendukung layanan Kese ngenai FKTP yang bekerja Klinik pada LampUKtlKaini lminrikaika n 1R9S .b. U14tU,a3tam6m%aa PemerRinSR taSh Khusus141,43,366%% PP2e5 em, m3e3re%inrtianhtah RS 25,33% R1S1 ,K0h1u%sus 25,33% RS Khusus RS 1TN1,I0 P1O%LRI 11,01% GRSA5 T,1N2MI% POLBRI AR 4.16 RS TNI5 P,1O2%LRI RS Swasta ENTAS5E,12 F%KRTLR4S4 ,S1 Bw8%aEstaKERJA SA 44,18% RS Swasta ENGAN BPJS K44E,18S%EHATAN",,,,,,,,,,,,,,,,,,,,,,,,,,,,,,,,,,
,"ngenai FKTP yang bekerja Klinik ada LampUKtlKaini lminrikaika n 1R9S .b. U14tU,a3tam6m%aa PemerRinSR taSh Khusus141,43,366%% PP2e5 em, m3e3re%inrtianhtah RS 25,33% R1S1 ,K0h1u%sus 25,33% RS Khusus RS 1TN1,I0 P1O%LRI 11,01% GRSA5 T,1N2MI% POLBRI AR 4.16 RS TNI5 P,1O2%LRI RS Swasta NTAS5E,12 F%KRTLR4S4 ,S1 Bw8%aEstaKERJA SA 44,18% RS Swasta ENGAN BPJS K44E,18S%EHATAN",,,,,,,,,,,,,,,,,,,,,,,,,,,,,,,,,
,,"enai FKTP yang beker Klinik da LampUKtlKaini lminrikaika n 1R9S .b. U14tU,a3tam6m%aa PemerRinSR taSh Khusus141,43,366%% PP2e5 em, m3e3re%inrtianhtah RS 25,33% R1S1 ,K0h1u%sus 25,33% RS Khusus RS 1TN1,I0 P1O%LRI 11,01% GRSA5 T,1N2MI% POLBRI AR 4.16 RS TNI5 P,1O2%LRI RS Swasta TAS5E,12 F%KRTLR4S4 ,S1 Bw8%aEstaKERJA S 44,18% RS Swasta GAN BPJS K44E,18S%EHATAN",,,,,,,,,,,,,,,,,,,,,,,,,,,,,,,,
,I,NDONESIA TAHUN 202,4,,,,,,,,,,,,,,,,,,,,,,,,,,,,,,,
3.500,,,,,,,,,,,,,,,,,,,,,,,,,,,,,,,,,,
ata dan informasi yang leb 3i .1h 0r i3n.1c6i 2 32..916230 3.162 3.500 2.29.68039 3.120 3.16 a 3.h000un 2 550 2 2.4 2s 9. e802le.95 0n7g k 2a .8p 09n y2a.9 6d3 apat dili 2.4 45 3.000 .24.5050 9 2.24.5550 72 .459 2.507 2.500 2.000 2.000 1.500 R 4.15 1.500 1.000 A 1S.00A0 MA DENGAN BPJS P 500 500 SIA - TAHUN 2017-2023 - 2018 2019 2020 2021 2022 2023 2024 2018 2019 2020 2021 2022 2023 202,,,,,,,,,,,,,,,,,,,,,,2 2 h ER,,m a,,,,,,,,,,
,,,,,,,,,,,,,,,,,3.12 apa,,,,3.16,,,,,,,,,,,,,
,,,,,,,,,,,ka 2.8,,,,ya,,,pa,t,,ili P,E,,,,,,,,,,,,
,,,,,,,,,,7,BP,,,,,,,,,,,,,,,,,,,,,,,
,,2.24.55 15 MA,,,,72 .45 DE,,9 NG,2.50,,,P,J,,,,,,,,,,,,,,,,,,,,,
2.000 2.000 1.500 R 1.500 1.000 A 1S.000 500 500 SIA - -,,,1 M,5 A,,,E,,AN,,,,,,,,,,,,,,,,,,,,,,,,,
,T 20 2,,,A,H,U,N,20,17,-2,,0,2,3,,,,,,,,,,,,,,,,,,,,
,,,,18 018,,2019 201,,2 9,020 2020,202 20,,,1 21,,2022 202,2 2 2,,023 023,,2024 202,,4,,,,,,,,,,,,
,"Indonesia 85,88 Banten 100,28 Kepulauan Riau 99,10 Bali 98,85 Jawa Tengah 98,80 DKI Jakarta 98,43 Jawa Timur 94,32 Gorontalo 94,12 Kalimantan Selatan 93,42 Jawa Barat 93,30 Kalimantan Timur 91,41 Kalimantan Tengah 90,72 Sulawesi Barat 89,84 Sumatera Utara 88,35 D I Yogyakarta 88,33 Kepulauan Bangka Belitung 87,47 Kalimantan Barat 87,02 Sumatera Selatan 85,24 Lampung 81,60 Aceh 80,45 Sumatera Barat 80,23 Papua Tengah 80,10 Sulawesi Tengah 77,57 Papua Barat 77,04 Jambi 74,82 Nusa Tenggara Barat 68,36 Kalimantan Utara 67,80 Sulawesi Selatan 67,65 Riau 67,06 Maluku 66,63 Sulawesi Tenggara 62,08 Papua Selatan 60,41 Papua 56,39 Sulawesi Utara 54,84 Bengkulu 49,20 Papua Barat Daya 35,30 Nusa Tenggara Timur 34,35 Maluku Utara 19,22 Papua Pegunungan 0 10 20 30 40 50 60 70 80 90 100 110",,,,,,,,,,,,,,,,,,,,,,,,,,,,,,,,,
"INDONESIA 52,7 DI Yogyakarta 149,2 Papua Selatan 111,8 DKI Jakarta 108,6 Bali 87,1 Papua Barat 82,4 Banten 74,3 Jawa Timur 72,3 Kalimantan Utara 72,0 Jawa Tengah 64,7 Kalimantan Selatan 59,7 Jawa Barat 58,4 Kalimantan Timur 55,4 Sulawesi Tengah 54,9 Nusa Tenggara Barat 54,8 Gorontalo 50,2 Papua 44,6 Sumatera Barat 38,8 Lampung 36,8 Maluku Utara 30,5 Sulawesi Selatan 26,3 Kep. Bangka Belitung 25,5 Papua Barat Daya 23,6 Nusa Tenggara Timur 21,5 Sumatera Selatan 20,7 Sulawesi Barat 19,8 Kalimantan Barat 19,7 Maluku 16,2 Sulawesi Tenggara 15,7 Kepulauan Riau 15,2 Jambi 14,0 Sumatera Utara 13,6 Aceh 13,5 Kalimantan Tengah 12,3 Bengkulu 11,2 Riau 10,8 Sulawesi Utara 3,5 0 20 40 60 80 100 120 140 160",,,,,,,,,,,,,,,,,,,,,,,,,,,,,,,,,,
,"20 1,4 18 16 1,2 kududnep kududnep 14 1 0,8 12 0,7 0,7 0,7 0,7 10 0,6 0,6 0,8 0,5 000.001 000.01 0,5 8 0,5 0,6 6 rep rep 4 6,7 6,5 6,1 6,4 6,5 5,2 5,3 0,4 2 4,1 4,0 4,5 0,2 0 0 2015 2016 2017 2018 2019 2020 2021 2022 2023 2024 Angka penemuan kasus baru kusta per 100.000 penduduk Angka prevalensi kusta per 10.000 penduduk",,,,,,,,,,,,,,,,,,,,,,,,,,,,,,,,,
"Indonesia 94,4 Papua Selatan 100,0 Maluku Utara 100,0 Maluku 100,0 Sulawesi Barat 100,0 Sulawesi Selatan 100,0 Sulawesi Tengah 100,0 Sulawesi Utara 100,0 Kalimantan Utara 100,0 Kalimantan Timur 100,0 Kalimantan Selatan 100,0 Kalimantan Barat 100,0 Nusa Tenggara Barat 100,0 Bali 100,0 Banten 100,0 DI Yogyakarta 100,0 Jawa Tengah 100,0 Jawa Barat 100,0 DKI Jakarta 100,0 Kepulauan Riau 100,0 Kepulauan Bangka Belitung 100,0 Lampung 100,0 Sumatera Selatan 100,0 Jambi 100,0 Sumatera Barat 100,0 Aceh 100,0 Jawa Timur 94,7 Sulawesi Tenggara 94,1 Sumatera Utara 93,9 Kalimantan Tengah 92,9 Riau 91,7 Bengkulu 90,0 Nusa Tenggara Timur 86,4 Papua Barat 85,7 Papua Barat Daya 83,3 Gorontalo 83,3 Papua 77,8 Papua Pegunungan 25,0 Papua Tengah 12,5 0 20 40 60 80 100 120",,,,,,,,,,,,,,,,,,,,,,,,,,,,,,,,,,
"Indonesia 66,1 Gorontalo 100,0 Kalimantan Selatan 100,0 Bali 100,0 Banten 100,0 Jawa Timur 100,0 DI Yogyakarta 100,0 DKI Jakarta 100,0 Jambi 100,0 Jawa Barat 96,3 Lampung 86,7 Nusa Tenggara Timur 86,4 Sumatera Barat 84,2 Sumatera Utara 81,8 Sumatera Selatan 76,5 Kepulauan Riau 71,4 Sulawesi Selatan 70,8 Nusa Tenggara Barat 70,0 Bengkulu 70,0 Sulawesi Barat 66,7 Aceh 65,2 Sulawesi Tengah 61,5 Kalimantan Utara 60,0 Jawa Tengah 57,1 Kepulauan Bangka Belitung 57,1 Papua Selatan 50,0 Maluku Utara 50,0 Kalimantan Tengah 42,9 Sulawesi Tenggara 41,2 Kalimantan Timur 40,0 Maluku 36,4 Kalimantan Barat 35,7 Riau 33,3 Papua 22,2 Sulawesi Utara 6,7 0 20 40 60 80 100 120",,,,,,,,,,,,,,,,,,,,,,,,,,,,,,,,,,
,70.000 57.667 60.000 47.131 46.445 50.000 40.000 25.449 30.000 18.707 20.000 7.531 5.604 10.000 3.564 2.339 1.489 0 Pa Swasta PNS Petani ig jn a D TNI/POLRI Lain-lain Rumah Tangg egawai Ped Pa ega nsn unan/Lain P- eL la ai Mah ga asi ws aiw N/ BU M M ar/ BU Ibu e P,,,,,,,,,,,,,,,,,,,,,,,,,,,,,,,,,
,,,,,,"80,44",,,,,,,,,,,,,,,,,,,,,,,,,,,,
,,,,,,"9 93, 91,4 89,84 88,34 87,88 86,60 85,66 85,43 84,93 84,41 84,34 84,28 83,46 82,94 80,65 80,47 80,42 79,77 79,45 77,85 77,73 6,36 5,56 5,36 7",,,,,,,,,,,,,,,,,,,,,,,,,,,,
,,T,arget RPJMN 20,24: 76%,,,,,,,,,,,,,,,,,,,,,,,,,,,,,,
,,,,,"7 7 7 72,7 ,00 ,31 37 1",,,,,,,,,,,,,,,,,,,,,,,,,,,,,
,,,,"71 70 69, 68,2 66,67 66,39 64,33 61,05 59,88",,,,,,,,,,,,,,,,,,,,,,,,,,,,,,
,,,,"9 9 95 94 94 94 91,9 91,9 91,9 91,46 91,16 91,12 90,62 89,51 89,15 89,06 88,72 86,86 86,07 85,44 84,13 82,62 82,06 79,14",,,,,,,,,,,,,,,,,,,,,,,,,,,,,,
,,"37,64","57,66",,,,,,,,,,,,,,,,,,,,,,,,,,,,,,,
,"26,63",,,,,,,,,,,,,,,,,,,,,,,,,,,,,,,,,
No,Provinsi,Jumlah Puskesmas,,,,,,,,,,,,,,,,,,,,,,,,,,,,,,,,
,,2020,2021,2022,2023,2024,,,,,,,,,,,,,,,,,,,,,,,,,,,,
(1),(2),(4),(5),(6),(7),(8),,,,,,,,,,,,,,,,,,,,,,,,,,,,
(cid:883),(cid:4)(cid:133)(cid:135)(cid:138),(cid:885)(cid:887)(cid:891),(cid:885)(cid:888)(cid:882),(cid:885)(cid:888)(cid:884),(cid:885)(cid:888)(cid:887),(cid:885)(cid:888)(cid:888),,,,,,,,,,,,,,,,,,,,,,,,,,,,
(cid:884),(cid:22)(cid:151)(cid:143)(cid:131)(cid:150)(cid:135)(cid:148)(cid:131)(cid:3)(cid:24)(cid:150)(cid:131)(cid:148)(cid:131),(cid:888)(cid:882)(cid:890),(cid:888)(cid:883)(cid:887),(cid:888)(cid:883)(cid:887),(cid:888)(cid:883)(cid:891),(cid:888)(cid:883)(cid:891),,,,,,,,,,,,,,,,,,,,,,,,,,,,
(cid:885),(cid:22)(cid:151)(cid:143)(cid:131)(cid:150)(cid:135)(cid:148)(cid:131)(cid:3)(cid:5)(cid:131)(cid:148)(cid:131)(cid:150),(cid:884)(cid:889)(cid:888),(cid:884)(cid:889)(cid:891),(cid:884)(cid:890)(cid:882),(cid:884)(cid:890)(cid:882),(cid:884)(cid:890)(cid:882),,,,,,,,,,,,,,,,,,,,,,,,,,,,
(cid:886),(cid:21)(cid:139)(cid:131)(cid:151),(cid:884)(cid:885)(cid:883),(cid:884)(cid:885)(cid:886),(cid:884)(cid:885)(cid:890),(cid:884)(cid:885)(cid:891),(cid:884)(cid:886)(cid:883),,,,,,,,,,,,,,,,,,,,,,,,,,,,
(cid:887),(cid:13)(cid:131)(cid:143)(cid:132)(cid:139),(cid:884)(cid:882)(cid:889),(cid:884)(cid:882)(cid:889),(cid:884)(cid:882)(cid:889),(cid:884)(cid:882)(cid:890),(cid:884)(cid:882)(cid:890),,,,,,,,,,,,,,,,,,,,,,,,,,,,
(cid:888),(cid:22)(cid:151)(cid:143)(cid:131)(cid:150)(cid:135)(cid:148)(cid:131)(cid:3)(cid:22)(cid:135)(cid:142)(cid:131)(cid:150)(cid:131)(cid:144),(cid:885)(cid:886)(cid:885),(cid:885)(cid:886)(cid:887),(cid:885)(cid:886)(cid:890),(cid:885)(cid:887)(cid:882),(cid:885)(cid:887)(cid:886),,,,,,,,,,,,,,,,,,,,,,,,,,,,
(cid:889),(cid:5)(cid:135)(cid:144)(cid:137)(cid:141)(cid:151)(cid:142)(cid:151),(cid:883)(cid:889)(cid:891),(cid:883)(cid:889)(cid:891),(cid:883)(cid:889)(cid:891),(cid:883)(cid:889)(cid:891),(cid:883)(cid:889)(cid:891),,,,,,,,,,,,,,,,,,,,,,,,,,,,
(cid:890),(cid:15)(cid:131)(cid:143)(cid:146)(cid:151)(cid:144)(cid:137),(cid:885)(cid:883)(cid:884),(cid:885)(cid:883)(cid:887),(cid:885)(cid:883)(cid:890),(cid:885)(cid:884)(cid:882),(cid:885)(cid:884)(cid:884),,,,,,,,,,,,,,,,,,,,,,,,,,,,
(cid:891),(cid:14)(cid:135)(cid:146)(cid:151)(cid:142)(cid:131)(cid:151)(cid:131)(cid:144)(cid:3)(cid:5)(cid:131)(cid:144)(cid:137)(cid:141)(cid:131)(cid:3)(cid:5)(cid:135)(cid:142)(cid:139)(cid:150)(cid:151)(cid:144)(cid:137),(cid:888)(cid:886),(cid:888)(cid:886),(cid:888)(cid:886),(cid:888)(cid:886),(cid:888)(cid:886),,,,,,,,,,,,,,,,,,,,,,,,,,,,
(cid:883)(cid:882),(cid:14)(cid:135)(cid:146)(cid:151)(cid:142)(cid:131)(cid:151)(cid:131)(cid:144)(cid:3)(cid:21)(cid:139)(cid:131)(cid:151),(cid:890)(cid:890),(cid:891)(cid:885),(cid:891)(cid:885),(cid:891)(cid:887),(cid:891)(cid:888),,,,,,,,,,,,,,,,,,,,,,,,,,,,
(cid:883)(cid:883),(cid:7)(cid:14)(cid:12)(cid:3)(cid:13)(cid:131)(cid:141)(cid:131)(cid:148)(cid:150)(cid:131),(cid:885)(cid:883)(cid:887),(cid:885)(cid:883)(cid:887),(cid:885)(cid:883)(cid:887),(cid:886)(cid:886),(cid:886)(cid:886),,,,,,,,,,,,,,,,,,,,,,,,,,,,
(cid:883)(cid:884),(cid:13)(cid:131)(cid:153)(cid:131)(cid:3)(cid:5)(cid:131)(cid:148)(cid:131)(cid:150),(cid:883)(cid:484)(cid:882)(cid:890)(cid:885),(cid:883)(cid:484)(cid:882)(cid:890)(cid:888),(cid:883)(cid:484)(cid:883)(cid:882)(cid:882),(cid:883)(cid:484)(cid:883)(cid:882)(cid:882),(cid:883)(cid:484)(cid:883)(cid:882)(cid:888),,,,,,,,,,,,,,,,,,,,,,,,,,,,
(cid:883)(cid:885),(cid:13)(cid:131)(cid:153)(cid:131)(cid:3)(cid:23)(cid:135)(cid:144)(cid:137)(cid:131)(cid:138),(cid:890)(cid:889)(cid:890),(cid:890)(cid:890)(cid:882),(cid:890)(cid:890)(cid:882),(cid:890)(cid:890)(cid:883),(cid:890)(cid:890)(cid:883),,,,,,,,,,,,,,,,,,,,,,,,,,,,
(cid:883)(cid:886),(cid:7)(cid:12)(cid:3)(cid:28)(cid:145)(cid:137)(cid:155)(cid:131)(cid:141)(cid:131)(cid:148)(cid:150)(cid:131),(cid:883)(cid:884)(cid:883),(cid:883)(cid:884)(cid:883),(cid:883)(cid:884)(cid:883),(cid:883)(cid:884)(cid:883),(cid:883)(cid:884)(cid:883),,,,,,,,,,,,,,,,,,,,,,,,,,,,
(cid:883)(cid:887),(cid:13)(cid:131)(cid:153)(cid:131)(cid:3)(cid:23)(cid:139)(cid:143)(cid:151)(cid:148),(cid:891)(cid:888)(cid:890),(cid:891)(cid:889)(cid:883),(cid:891)(cid:888)(cid:891),(cid:891)(cid:889)(cid:884),(cid:891)(cid:889)(cid:885),,,,,,,,,,,,,,,,,,,,,,,,,,,,
(cid:883)(cid:888),(cid:5)(cid:131)(cid:144)(cid:150)(cid:135)(cid:144),(cid:884)(cid:886)(cid:887),(cid:884)(cid:886)(cid:887),(cid:884)(cid:886)(cid:889),(cid:884)(cid:887)(cid:885),(cid:884)(cid:887)(cid:885),,,,,,,,,,,,,,,,,,,,,,,,,,,,
(cid:883)(cid:889),(cid:5)(cid:131)(cid:142)(cid:139),(cid:883)(cid:884)(cid:882),(cid:883)(cid:884)(cid:882),(cid:883)(cid:884)(cid:882),(cid:883)(cid:884)(cid:882),(cid:883)(cid:884)(cid:882),,,,,,,,,,,,,,,,,,,,,,,,,,,,
(cid:883)(cid:890),(cid:17)(cid:151)(cid:149)(cid:131)(cid:3)(cid:23)(cid:135)(cid:144)(cid:137)(cid:137)(cid:131)(cid:148)(cid:131)(cid:3)(cid:5)(cid:131)(cid:148)(cid:131)(cid:150),(cid:883)(cid:889)(cid:886),(cid:883)(cid:889)(cid:887),(cid:883)(cid:889)(cid:888),(cid:883)(cid:889)(cid:888),(cid:883)(cid:889)(cid:889),,,,,,,,,,,,,,,,,,,,,,,,,,,,
(cid:883)(cid:891),(cid:17)(cid:151)(cid:149)(cid:131)(cid:3)(cid:23)(cid:135)(cid:144)(cid:137)(cid:137)(cid:131)(cid:148)(cid:131)(cid:3)(cid:23)(cid:139)(cid:143)(cid:151)(cid:148),(cid:886)(cid:883)(cid:882),(cid:886)(cid:884)(cid:883),(cid:886)(cid:884)(cid:891),(cid:886)(cid:885)(cid:887),(cid:886)(cid:886)(cid:882),,,,,,,,,,,,,,,,,,,,,,,,,,,,
(cid:884)(cid:882),(cid:14)(cid:131)(cid:142)(cid:139)(cid:143)(cid:131)(cid:144)(cid:150)(cid:131)(cid:144)(cid:3)(cid:5)(cid:131)(cid:148)(cid:131)(cid:150),(cid:884)(cid:886)(cid:888),(cid:884)(cid:886)(cid:889),(cid:884)(cid:886)(cid:890),(cid:884)(cid:886)(cid:891),(cid:884)(cid:886)(cid:891),,,,,,,,,,,,,,,,,,,,,,,,,,,,
(cid:884)(cid:883),(cid:14)(cid:131)(cid:142)(cid:139)(cid:143)(cid:131)(cid:144)(cid:150)(cid:131)(cid:144)(cid:3)(cid:23)(cid:135)(cid:144)(cid:137)(cid:131)(cid:138),(cid:884)(cid:882)(cid:887),(cid:884)(cid:882)(cid:887),(cid:884)(cid:882)(cid:886),(cid:884)(cid:882)(cid:886),(cid:884)(cid:882)(cid:887),,,,,,,,,,,,,,,,,,,,,,,,,,,,
(cid:884)(cid:884),(cid:14)(cid:131)(cid:142)(cid:139)(cid:143)(cid:131)(cid:144)(cid:150)(cid:131)(cid:144)(cid:3)(cid:22)(cid:135)(cid:142)(cid:131)(cid:150)(cid:131)(cid:144),(cid:884)(cid:885)(cid:888),(cid:884)(cid:885)(cid:889),(cid:884)(cid:886)(cid:883),(cid:884)(cid:886)(cid:884),(cid:884)(cid:886)(cid:884),,,,,,,,,,,,,,,,,,,,,,,,,,,,
(cid:884)(cid:885),(cid:14)(cid:131)(cid:142)(cid:139)(cid:143)(cid:131)(cid:144)(cid:150)(cid:131)(cid:144)(cid:3)(cid:23)(cid:139)(cid:143)(cid:151)(cid:148),(cid:883)(cid:890)(cid:889),(cid:883)(cid:890)(cid:890),(cid:883)(cid:890)(cid:890),(cid:883)(cid:890)(cid:890),(cid:883)(cid:890)(cid:890),,,,,,,,,,,,,,,,,,,,,,,,,,,,
(cid:884)(cid:886),(cid:14)(cid:131)(cid:142)(cid:139)(cid:143)(cid:131)(cid:144)(cid:150)(cid:131)(cid:144)(cid:3)(cid:24)(cid:150)(cid:131)(cid:148)(cid:131),(cid:887)(cid:887),(cid:887)(cid:888),(cid:887)(cid:889),(cid:887)(cid:890),(cid:887)(cid:890),,,,,,,,,,,,,,,,,,,,,,,,,,,,
(cid:884)(cid:887),(cid:22)(cid:151)(cid:142)(cid:131)(cid:153)(cid:135)(cid:149)(cid:139)(cid:3)(cid:24)(cid:150)(cid:131)(cid:148)(cid:131),(cid:883)(cid:891)(cid:887),(cid:883)(cid:891)(cid:890),(cid:883)(cid:891)(cid:891),(cid:883)(cid:891)(cid:891),(cid:884)(cid:882)(cid:883),,,,,,,,,,,,,,,,,,,,,,,,,,,,
(cid:884)(cid:888),(cid:22)(cid:151)(cid:142)(cid:131)(cid:153)(cid:135)(cid:149)(cid:139)(cid:3)(cid:23)(cid:135)(cid:144)(cid:137)(cid:131)(cid:138),(cid:884)(cid:882)(cid:889),(cid:884)(cid:883)(cid:887),(cid:884)(cid:883)(cid:890),(cid:884)(cid:883)(cid:890),(cid:884)(cid:883)(cid:891),,,,,,,,,,,,,,,,,,,,,,,,,,,,
(cid:884)(cid:889),(cid:22)(cid:151)(cid:142)(cid:131)(cid:153)(cid:135)(cid:149)(cid:139)(cid:3)(cid:22)(cid:135)(cid:142)(cid:131)(cid:150)(cid:131)(cid:144),(cid:886)(cid:888)(cid:883),(cid:886)(cid:888)(cid:891),(cid:886)(cid:889)(cid:884),(cid:886)(cid:889)(cid:886),(cid:886)(cid:889)(cid:886),,,,,,,,,,,,,,,,,,,,,,,,,,,,
(cid:884)(cid:890),(cid:22)(cid:151)(cid:142)(cid:131)(cid:153)(cid:135)(cid:149)(cid:139)(cid:3)(cid:23)(cid:135)(cid:144)(cid:137)(cid:137)(cid:131)(cid:148)(cid:131),(cid:884)(cid:891)(cid:884),(cid:884)(cid:891)(cid:885),(cid:885)(cid:882)(cid:884),(cid:885)(cid:882)(cid:889),(cid:885)(cid:882)(cid:890),,,,,,,,,,,,,,,,,,,,,,,,,,,,
(cid:884)(cid:891),(cid:10)(cid:145)(cid:148)(cid:145)(cid:144)(cid:150)(cid:131)(cid:142)(cid:145),(cid:891)(cid:885),(cid:891)(cid:885),(cid:891)(cid:885),(cid:891)(cid:887),(cid:891)(cid:887),,,,,,,,,,,,,,,,,,,,,,,,,,,,
(cid:885)(cid:882),(cid:22)(cid:151)(cid:142)(cid:131)(cid:153)(cid:135)(cid:149)(cid:139)(cid:3)(cid:5)(cid:131)(cid:148)(cid:131)(cid:150),(cid:891)(cid:888),(cid:891)(cid:890),(cid:891)(cid:890),(cid:891)(cid:890),(cid:891)(cid:890),,,,,,,,,,,,,,,,,,,,,,,,,,,,
(cid:885)(cid:883),(cid:16)(cid:131)(cid:142)(cid:151)(cid:141)(cid:151),(cid:884)(cid:883)(cid:887),(cid:884)(cid:884)(cid:884),(cid:884)(cid:884)(cid:890),(cid:884)(cid:884)(cid:891),(cid:884)(cid:886)(cid:883),,,,,,,,,,,,,,,,,,,,,,,,,,,,
(cid:885)(cid:884),(cid:16)(cid:131)(cid:142)(cid:151)(cid:141)(cid:151)(cid:3)(cid:24)(cid:150)(cid:131)(cid:148)(cid:131),(cid:883)(cid:886)(cid:889),(cid:883)(cid:886)(cid:889),(cid:883)(cid:886)(cid:890),(cid:883)(cid:887)(cid:882),(cid:883)(cid:887)(cid:882),,,,,,,,,,,,,,,,,,,,,,,,,,,,
(cid:885)(cid:885),(cid:19)(cid:131)(cid:146)(cid:151)(cid:131),(cid:886)(cid:884)(cid:890),(cid:886)(cid:885)(cid:889),(cid:886)(cid:887)(cid:886),(cid:883)(cid:884)(cid:883),(cid:883)(cid:884)(cid:885),,,,,,,,,,,,,,,,,,,,,,,,,,,,
(cid:885)(cid:886),(cid:19)(cid:131)(cid:146)(cid:151)(cid:131)(cid:3)(cid:5)(cid:131)(cid:148)(cid:131)(cid:150),(cid:883)(cid:888)(cid:883),(cid:883)(cid:888)(cid:884),(cid:883)(cid:888)(cid:885),(cid:889)(cid:888),(cid:890)(cid:882),,,,,,,,,,,,,,,,,,,,,,,,,,,,
(cid:885)(cid:887),(cid:19)(cid:131)(cid:146)(cid:151)(cid:131)(cid:3)(cid:22)(cid:135)(cid:142)(cid:131)(cid:150)(cid:131)(cid:144),(cid:486) -,(cid:486) -,(cid:486) -,(cid:890)(cid:887) 153,(cid:890)(cid:887) 179,,,,,,,,,,,,,,,,,,,,,,,,,,,,
(cid:885)(cid:888),(cid:19)(cid:131)(cid:146)(cid:151)(cid:131)(cid:3)(cid:23)(cid:135)(cid:144)(cid:137)(cid:131)(cid:138),(cid:486) -,(cid:486) -,(cid:486) -,(cid:883)(cid:883)(cid:890) 95,(cid:883)(cid:884)(cid:887) 104,,,,,,,,,,,,,,,,,,,,,,,,,,,,
(cid:885)(cid:889) (cid:19)(cid:131)(cid:146)(cid:151)(cid:131)(cid:3)(cid:19)(cid:135)(cid:137)(cid:151)(cid:144)(cid:151)(cid:144)(cid:137)(cid:131)(cid:144) Indonesia,,10.205,10.292,10.374,10.180,10.268,,,,,,,,,,,,,,,,,,,,,,,,,,,,
No,Provinsi,Jumlah Puskesmas Rawat Inap,,,,,Jumlah Puskesmas Non Rawat Inap,,,,,,,,,,,,,,,,,,,,,,,,,,,
,,2020,2021,2022,2023,2024,2020,2021,2022,2023,2024,,,,,,,,,,,,,,,,,,,,,,,
(1),(2),(3),(4),(5),(6),(7),(8),(9),(10),(11),(12),,,,,,,,,,,,,,,,,,,,,,,
,,,,,,174,,,,,,,,,,,,,,,,,,,,,,,,,,,,
(cid:883),(cid:4)(cid:133)(cid:135)(cid:138),(cid:883)(cid:890)(cid:883),(cid:883)(cid:890)(cid:882),(cid:883)(cid:889)(cid:891),(cid:883)(cid:889)(cid:883),108,(cid:883)(cid:889)(cid:890),(cid:883)(cid:890)(cid:882),(cid:883)(cid:890)(cid:885),(cid:883)(cid:891)(cid:886),(cid:883)(cid:891)(cid:884),,,,,,,,,,,,,,,,,,,,,,,
(cid:884),(cid:22)(cid:151)(cid:143)(cid:131)(cid:150)(cid:135)(cid:148)(cid:131)(cid:3)(cid:24)(cid:150)(cid:131)(cid:148)(cid:131),(cid:883)(cid:890)(cid:890),(cid:883)(cid:891)(cid:883),(cid:883)(cid:891)(cid:886),(cid:883)(cid:890)(cid:887),(cid:883)(cid:889)(cid:890),(cid:886)(cid:884)(cid:882),(cid:886)(cid:884)(cid:886),(cid:886)(cid:884)(cid:883),(cid:886)(cid:885)(cid:886),(cid:886)(cid:886)(cid:883),,,,,,,,,,,,,,,,,,,,,,,
(cid:885),(cid:22)(cid:151)(cid:143)(cid:131)(cid:150)(cid:135)(cid:148)(cid:131)(cid:3)(cid:5)(cid:131)(cid:148)(cid:131)(cid:150),(cid:883)(cid:883)(cid:883),(cid:883)(cid:883)(cid:885),(cid:883)(cid:883)(cid:887),(cid:883)(cid:882)(cid:891),98,(cid:883)(cid:888)(cid:887),(cid:883)(cid:888)(cid:888),(cid:883)(cid:888)(cid:887),(cid:883)(cid:889)(cid:883),(cid:883)(cid:889)(cid:884),,,,,,,,,,,,,,,,,,,,,,,
(cid:886),(cid:21)(cid:139)(cid:131)(cid:151),(cid:883)(cid:882)(cid:884),(cid:883)(cid:882)(cid:891),(cid:883)(cid:883)(cid:888),(cid:883)(cid:883)(cid:890),(cid:883)(cid:884)(cid:882),(cid:883)(cid:884)(cid:891),(cid:883)(cid:884)(cid:887),(cid:883)(cid:884)(cid:884),(cid:883)(cid:884)(cid:883),(cid:883)(cid:884)(cid:883),,,,,,,,,,,,,,,,,,,,,,,
(cid:887),(cid:13)(cid:131)(cid:143)(cid:132)(cid:139),(cid:890)(cid:890),(cid:891)(cid:884),(cid:891)(cid:888),(cid:891)(cid:889),52,(cid:883)(cid:883)(cid:891),(cid:883)(cid:883)(cid:887),(cid:883)(cid:883)(cid:883),(cid:883)(cid:883)(cid:883),(cid:883)(cid:883)(cid:882),,,,,,,,,,,,,,,,,,,,,,,
(cid:888),(cid:22)(cid:151)(cid:143)(cid:131)(cid:150)(cid:135)(cid:148)(cid:131)(cid:3)(cid:22)(cid:135)(cid:142)(cid:131)(cid:150)(cid:131)(cid:144),(cid:883)(cid:883)(cid:885),(cid:883)(cid:883)(cid:886),(cid:883)(cid:883)(cid:890),(cid:883)(cid:883)(cid:889),(cid:883)(cid:883)(cid:883),(cid:884)(cid:885)(cid:882),(cid:884)(cid:885)(cid:883),(cid:884)(cid:885)(cid:882),(cid:884)(cid:885)(cid:885),(cid:884)(cid:886)(cid:885),,,,,,,,,,,,,,,,,,,,,,,
(cid:889),(cid:5)(cid:135)(cid:144)(cid:137)(cid:141)(cid:151)(cid:142)(cid:151),(cid:887)(cid:884),(cid:887)(cid:885),(cid:887)(cid:884),(cid:887)(cid:884),25,(cid:883)(cid:884)(cid:889),(cid:883)(cid:884)(cid:888),(cid:883)(cid:884)(cid:889),(cid:883)(cid:884)(cid:889),(cid:883)(cid:884)(cid:889),,,,,,,,,,,,,,,,,,,,,,,
(cid:890),(cid:15)(cid:131)(cid:143)(cid:146)(cid:151)(cid:144)(cid:137),(cid:883)(cid:886)(cid:882),(cid:883)(cid:887)(cid:887),(cid:883)(cid:887)(cid:889),(cid:883)(cid:888)(cid:884),(cid:883)(cid:888)(cid:884),(cid:883)(cid:889)(cid:884),(cid:883)(cid:888)(cid:882),(cid:883)(cid:888)(cid:883),(cid:883)(cid:887)(cid:890),(cid:883)(cid:888)(cid:882),,,,,,,,,,,,,,,,,,,,,,,
(cid:891),(cid:14)(cid:135)(cid:146)(cid:151)(cid:142)(cid:131)(cid:151)(cid:131)(cid:144)(cid:3)(cid:5)(cid:131)(cid:144)(cid:137)(cid:141)(cid:131)(cid:3)(cid:5)(cid:135)(cid:142)(cid:139)(cid:150)(cid:151)(cid:144)(cid:137),(cid:884)(cid:888),(cid:884)(cid:888),(cid:884)(cid:889),(cid:884)(cid:887),2,(cid:885)(cid:890),(cid:885)(cid:890),(cid:885)(cid:889),(cid:885)(cid:891),(cid:885)(cid:891),,,,,,,,,,,,,,,,,,,,,,,
(cid:883)(cid:882),(cid:14)(cid:135)(cid:146)(cid:151)(cid:142)(cid:131)(cid:151)(cid:131)(cid:144)(cid:3)(cid:21)(cid:139)(cid:131)(cid:151),(cid:885)(cid:887),(cid:886)(cid:883),(cid:885)(cid:884),(cid:885)(cid:882),(cid:884)(cid:890),(cid:887)(cid:885),(cid:887)(cid:884),(cid:888)(cid:883),(cid:888)(cid:887),(cid:888)(cid:890),,,,,,,,,,,,,,,,,,,,,,,
(cid:883)(cid:883),(cid:7)(cid:14)(cid:12)(cid:3)(cid:13)(cid:131)(cid:141)(cid:131)(cid:148)(cid:150)(cid:131),(cid:888),(cid:888),(cid:888),(cid:884),369,(cid:885)(cid:882)(cid:891),(cid:885)(cid:882)(cid:891),(cid:885)(cid:882)(cid:891),(cid:886)(cid:884),(cid:886)(cid:884),,,,,,,,,,,,,,,,,,,,,,,
(cid:883)(cid:884),(cid:13)(cid:131)(cid:153)(cid:131)(cid:3)(cid:5)(cid:131)(cid:148)(cid:131)(cid:150),(cid:884)(cid:891)(cid:891),(cid:884)(cid:891)(cid:891),(cid:885)(cid:882)(cid:891),(cid:884)(cid:889)(cid:888),(cid:884)(cid:889)(cid:890),(cid:889)(cid:890)(cid:886),(cid:889)(cid:890)(cid:889),(cid:889)(cid:891)(cid:883),(cid:890)(cid:884)(cid:886),(cid:890)(cid:884)(cid:890),,,,,,,,,,,,,,,,,,,,,,,
(cid:883)(cid:885),(cid:13)(cid:131)(cid:153)(cid:131)(cid:3)(cid:23)(cid:135)(cid:144)(cid:137)(cid:131)(cid:138),(cid:885)(cid:889)(cid:883),(cid:885)(cid:889)(cid:883),(cid:885)(cid:889)(cid:889),(cid:885)(cid:889)(cid:885),619,(cid:887)(cid:882)(cid:889),(cid:887)(cid:882)(cid:891),(cid:887)(cid:882)(cid:885),(cid:887)(cid:882)(cid:890),(cid:887)(cid:883)(cid:884),,,,,,,,,,,,,,,,,,,,,,,
(cid:883)(cid:886),(cid:7)(cid:12)(cid:3)(cid:28)(cid:145)(cid:137)(cid:155)(cid:131)(cid:141)(cid:131)(cid:148)(cid:150)(cid:131),(cid:886)(cid:891),(cid:886)(cid:891),(cid:886)(cid:891),(cid:886)(cid:889),(cid:886)(cid:889),(cid:889)(cid:884),(cid:889)(cid:884),(cid:889)(cid:884),(cid:889)(cid:886),(cid:889)(cid:886),,,,,,,,,,,,,,,,,,,,,,,
(cid:883)(cid:887),(cid:13)(cid:131)(cid:153)(cid:131)(cid:3)(cid:23)(cid:139)(cid:143)(cid:151)(cid:148),(cid:887)(cid:889)(cid:887),(cid:887)(cid:890)(cid:890),(cid:888)(cid:883)(cid:888),(cid:888)(cid:884)(cid:887),39,(cid:885)(cid:891)(cid:885),(cid:885)(cid:890)(cid:885),(cid:885)(cid:887)(cid:885),(cid:885)(cid:886)(cid:889),(cid:885)(cid:887)(cid:886),,,,,,,,,,,,,,,,,,,,,,,
(cid:883)(cid:888),(cid:5)(cid:131)(cid:144)(cid:150)(cid:135)(cid:144),(cid:890)(cid:883),(cid:889)(cid:890),(cid:889)(cid:888),(cid:889)(cid:882),(cid:888)(cid:885),(cid:883)(cid:888)(cid:886),(cid:883)(cid:888)(cid:889),(cid:883)(cid:889)(cid:883),(cid:883)(cid:890)(cid:885),(cid:883)(cid:891)(cid:882),,,,,,,,,,,,,,,,,,,,,,,
(cid:883)(cid:889),(cid:5)(cid:131)(cid:142)(cid:139),(cid:886)(cid:883),(cid:886)(cid:882),(cid:886)(cid:883),(cid:885)(cid:889),186,(cid:889)(cid:891),(cid:890)(cid:882),(cid:889)(cid:891),(cid:890)(cid:885),(cid:890)(cid:883),,,,,,,,,,,,,,,,,,,,,,,
(cid:883)(cid:890),(cid:17)(cid:151)(cid:149)(cid:131)(cid:3)(cid:23)(cid:135)(cid:144)(cid:137)(cid:137)(cid:131)(cid:148)(cid:131)(cid:3)(cid:5)(cid:131)(cid:148)(cid:131)(cid:150),(cid:883)(cid:886)(cid:884),(cid:883)(cid:886)(cid:885),(cid:883)(cid:886)(cid:888),(cid:883)(cid:886)(cid:886),(cid:883)(cid:887)(cid:884),(cid:885)(cid:884),(cid:885)(cid:884),(cid:885)(cid:882),(cid:885)(cid:884),(cid:884)(cid:887),,,,,,,,,,,,,,,,,,,,,,,
(cid:883)(cid:891),(cid:17)(cid:151)(cid:149)(cid:131)(cid:3)(cid:23)(cid:135)(cid:144)(cid:137)(cid:137)(cid:131)(cid:148)(cid:131)(cid:3)(cid:23)(cid:139)(cid:143)(cid:151)(cid:148),(cid:883)(cid:888)(cid:886),(cid:883)(cid:889)(cid:889),(cid:883)(cid:891)(cid:882),(cid:883)(cid:889)(cid:887),86,(cid:884)(cid:886)(cid:888),(cid:884)(cid:886)(cid:886),(cid:884)(cid:885)(cid:891),(cid:884)(cid:888)(cid:882),(cid:884)(cid:887)(cid:886),,,,,,,,,,,,,,,,,,,,,,,
(cid:884)(cid:882),(cid:14)(cid:131)(cid:142)(cid:139)(cid:143)(cid:131)(cid:144)(cid:150)(cid:131)(cid:144)(cid:3)(cid:5)(cid:131)(cid:148)(cid:131)(cid:150),(cid:883)(cid:884)(cid:891),(cid:883)(cid:885)(cid:882),(cid:883)(cid:885)(cid:883),(cid:883)(cid:885)(cid:885),(cid:883)(cid:885)(cid:890),(cid:883)(cid:883)(cid:889),(cid:883)(cid:883)(cid:889),(cid:883)(cid:883)(cid:889),(cid:883)(cid:883)(cid:888),(cid:883)(cid:883)(cid:883),,,,,,,,,,,,,,,,,,,,,,,
(cid:884)(cid:883),(cid:14)(cid:131)(cid:142)(cid:139)(cid:143)(cid:131)(cid:144)(cid:150)(cid:131)(cid:144)(cid:3)(cid:23)(cid:135)(cid:144)(cid:137)(cid:131)(cid:138),(cid:890)(cid:888),(cid:890)(cid:889),(cid:890)(cid:890),(cid:890)(cid:889),97,(cid:883)(cid:883)(cid:891),(cid:883)(cid:883)(cid:890),(cid:883)(cid:883)(cid:888),(cid:883)(cid:883)(cid:889),(cid:883)(cid:883)(cid:891),,,,,,,,,,,,,,,,,,,,,,,
(cid:884)(cid:884),(cid:14)(cid:131)(cid:142)(cid:139)(cid:143)(cid:131)(cid:144)(cid:150)(cid:131)(cid:144)(cid:3)(cid:22)(cid:135)(cid:142)(cid:131)(cid:150)(cid:131)(cid:144),(cid:887)(cid:884),(cid:887)(cid:884),(cid:887)(cid:883),(cid:887)(cid:883),(cid:887)(cid:884),(cid:883)(cid:890)(cid:886),(cid:883)(cid:890)(cid:887),(cid:883)(cid:891)(cid:882),(cid:883)(cid:891)(cid:883),(cid:883)(cid:891)(cid:882),,,,,,,,,,,,,,,,,,,,,,,
(cid:884)(cid:885),(cid:14)(cid:131)(cid:142)(cid:139)(cid:143)(cid:131)(cid:144)(cid:150)(cid:131)(cid:144)(cid:3)(cid:23)(cid:139)(cid:143)(cid:151)(cid:148),(cid:891)(cid:890),(cid:891)(cid:891),(cid:891)(cid:891),(cid:891)(cid:891),95,(cid:890)(cid:891),(cid:890)(cid:891),(cid:890)(cid:891),(cid:890)(cid:891),(cid:891)(cid:883),,,,,,,,,,,,,,,,,,,,,,,
(cid:884)(cid:886),(cid:14)(cid:131)(cid:142)(cid:139)(cid:143)(cid:131)(cid:144)(cid:150)(cid:131)(cid:144)(cid:3)(cid:24)(cid:150)(cid:131)(cid:148)(cid:131),(cid:884)(cid:884),(cid:884)(cid:884),(cid:884)(cid:884),(cid:884)(cid:882),(cid:884)(cid:882),(cid:885)(cid:885),(cid:885)(cid:886),(cid:885)(cid:887),(cid:885)(cid:890),(cid:885)(cid:890),,,,,,,,,,,,,,,,,,,,,,,
(cid:884)(cid:887),(cid:22)(cid:151)(cid:142)(cid:131)(cid:153)(cid:135)(cid:149)(cid:139)(cid:3)(cid:24)(cid:150)(cid:131)(cid:148)(cid:131),(cid:891)(cid:887),(cid:891)(cid:888),(cid:891)(cid:891),(cid:891)(cid:886),302,(cid:883)(cid:882)(cid:882),(cid:883)(cid:882)(cid:884),(cid:883)(cid:882)(cid:882),(cid:883)(cid:882)(cid:887),(cid:883)(cid:882)(cid:888),,,,,,,,,,,,,,,,,,,,,,,
(cid:884)(cid:888),(cid:22)(cid:151)(cid:142)(cid:131)(cid:153)(cid:135)(cid:149)(cid:139)(cid:3)(cid:23)(cid:135)(cid:144)(cid:137)(cid:131)(cid:138),(cid:883)(cid:882)(cid:886),(cid:883)(cid:882)(cid:886),(cid:883)(cid:883)(cid:882),(cid:883)(cid:883)(cid:888),(cid:883)(cid:884)(cid:882),(cid:883)(cid:882)(cid:885),(cid:883)(cid:883)(cid:883),(cid:883)(cid:882)(cid:890),(cid:883)(cid:882)(cid:884),(cid:891)(cid:891),,,,,,,,,,,,,,,,,,,,,,,
(cid:884)(cid:889),(cid:22)(cid:151)(cid:142)(cid:131)(cid:153)(cid:135)(cid:149)(cid:139)(cid:3)(cid:22)(cid:135)(cid:142)(cid:131)(cid:150)(cid:131)(cid:144),(cid:885)(cid:882)(cid:886),(cid:885)(cid:883)(cid:888),(cid:885)(cid:883)(cid:888),(cid:884)(cid:890)(cid:888),25,(cid:883)(cid:887)(cid:889),(cid:883)(cid:887)(cid:885),(cid:883)(cid:887)(cid:888),(cid:883)(cid:890)(cid:890),(cid:883)(cid:889)(cid:884),,,,,,,,,,,,,,,,,,,,,,,
(cid:884)(cid:890),(cid:22)(cid:151)(cid:142)(cid:131)(cid:153)(cid:135)(cid:149)(cid:139)(cid:3)(cid:23)(cid:135)(cid:144)(cid:137)(cid:137)(cid:131)(cid:148)(cid:131),(cid:891)(cid:883),(cid:891)(cid:884),(cid:883)(cid:882)(cid:882),(cid:883)(cid:882)(cid:882),(cid:883)(cid:882)(cid:883),(cid:884)(cid:882)(cid:883),(cid:884)(cid:882)(cid:883),(cid:884)(cid:882)(cid:884),(cid:884)(cid:882)(cid:889),(cid:884)(cid:882)(cid:889),,,,,,,,,,,,,,,,,,,,,,,
(cid:884)(cid:891),(cid:10)(cid:145)(cid:148)(cid:145)(cid:144)(cid:150)(cid:131)(cid:142)(cid:145),(cid:884)(cid:888),(cid:884)(cid:889),(cid:884)(cid:889),(cid:884)(cid:887),94,(cid:888)(cid:889),(cid:888)(cid:888),(cid:888)(cid:888),(cid:889)(cid:882),(cid:889)(cid:882),,,,,,,,,,,,,,,,,,,,,,,
(cid:885)(cid:882),(cid:22)(cid:151)(cid:142)(cid:131)(cid:153)(cid:135)(cid:149)(cid:139)(cid:3)(cid:5)(cid:131)(cid:148)(cid:131)(cid:150),(cid:888)(cid:882),(cid:888)(cid:883),(cid:888)(cid:883),(cid:886)(cid:887),(cid:887)(cid:887),(cid:885)(cid:888),(cid:885)(cid:889),(cid:885)(cid:889),(cid:887)(cid:885),(cid:886)(cid:885),,,,,,,,,,,,,,,,,,,,,,,
(cid:885)(cid:883),(cid:16)(cid:131)(cid:142)(cid:151)(cid:141)(cid:151),(cid:888)(cid:886),(cid:888)(cid:887),(cid:889)(cid:885),(cid:891)(cid:884),44,(cid:883)(cid:887)(cid:883),(cid:883)(cid:887)(cid:889),(cid:883)(cid:887)(cid:887),(cid:883)(cid:885)(cid:889),(cid:883)(cid:886)(cid:889),,,,,,,,,,,,,,,,,,,,,,,
(cid:885)(cid:884),(cid:16)(cid:131)(cid:142)(cid:151)(cid:141)(cid:151)(cid:3)(cid:24)(cid:150)(cid:131)(cid:148)(cid:131),(cid:887)(cid:885),(cid:887)(cid:885),(cid:887)(cid:884),(cid:887)(cid:884),(cid:887)(cid:889),(cid:891)(cid:886),(cid:891)(cid:886),(cid:891)(cid:888),(cid:891)(cid:890),(cid:891)(cid:885),,,,,,,,,,,,,,,,,,,,,,,
(cid:885)(cid:885),(cid:19)(cid:131)(cid:146)(cid:151)(cid:131),(cid:883)(cid:884)(cid:888),(cid:883)(cid:884)(cid:888),(cid:883)(cid:885)(cid:884),(cid:886)(cid:885),59,(cid:885)(cid:882)(cid:884),(cid:885)(cid:883)(cid:883),(cid:885)(cid:884)(cid:884),(cid:889)(cid:890),(cid:889)(cid:891),,,,,,,,,,,,,,,,,,,,,,,
(cid:885)(cid:886),(cid:19)(cid:131)(cid:146)(cid:151)(cid:131)(cid:3)(cid:5)(cid:131)(cid:148)(cid:131)(cid:150),(cid:886)(cid:887),(cid:886)(cid:887),(cid:886)(cid:887),(cid:884)(cid:888),(cid:884)(cid:888),(cid:883)(cid:883)(cid:888),(cid:883)(cid:883)(cid:889),(cid:883)(cid:883)(cid:890),(cid:887)(cid:882),(cid:887)(cid:886),,,,,,,,,,,,,,,,,,,,,,,
(cid:885)(cid:887),(cid:19)(cid:131)(cid:146)(cid:151)(cid:131)(cid:3)(cid:22)(cid:135)(cid:142)(cid:131)(cid:150)(cid:131)(cid:144),(cid:486) -,(cid:486) -,(cid:486) -,(cid:887)(cid:891),23,(cid:486) -,(cid:486) -,(cid:486) -,(cid:884)(cid:888),(cid:884)(cid:888),,,,,,,,,,,,,,,,,,,,,,,
(cid:885)(cid:888),(cid:19)(cid:131)(cid:146)(cid:151)(cid:131)(cid:3)(cid:23)(cid:135)(cid:144)(cid:137)(cid:131)(cid:138),(cid:486) -,(cid:486) -,(cid:486) -,(cid:884)(cid:888),(cid:884)(cid:891),(cid:486) -,(cid:486) -,(cid:486) -,(cid:891)(cid:884),(cid:891)(cid:888),,,,,,,,,,,,,,,,,,,,,,,
(cid:885)(cid:889) (cid:19)(cid:131)(cid:146)(cid:151)(cid:131)(cid:3)(cid:19)(cid:135)(cid:137)(cid:151)(cid:144)(cid:151)(cid:144)(cid:137)(cid:131)(cid:144) Indonesia,,4.119,4.200,4.302,(cid:884)(cid:885) 4.210,4.252,6.086,6.092,6.072,(cid:883)(cid:885)(cid:882) 5.970,(cid:883)(cid:887)(cid:888) 6.016,,,,,,,,,,,,,,,,,,,,,,,
No,Provinsi,Jumlah Puskesmas,Jumlah Kecamatan,Rasio Puskesmas per Kecamatan,,,,,,,,,,,,,,,,,,,,,,,,,,,,,,
(1),(2),(3),(4),(5),,,,,,,,,,,,,,,,,,,,,,,,,,,,,,
(cid:883),(cid:4)(cid:133)(cid:135)(cid:138),(cid:885)(cid:888)(cid:888),(cid:884)(cid:891)(cid:882),(cid:883)(cid:481)(cid:884)(cid:888),,,,,,,,,,,,,,,,,,,,,,,,,,,,,,
(cid:884),(cid:22)(cid:151)(cid:143)(cid:131)(cid:150)(cid:135)(cid:148)(cid:131)(cid:3)(cid:24)(cid:150)(cid:131)(cid:148)(cid:131),(cid:888)(cid:883)(cid:891),(cid:886)(cid:887)(cid:887),(cid:883)(cid:481)(cid:885)(cid:888),,,,,,,,,,,,,,,,,,,,,,,,,,,,,,
(cid:885),(cid:22)(cid:151)(cid:143)(cid:131)(cid:150)(cid:135)(cid:148)(cid:131)(cid:3)(cid:5)(cid:131)(cid:148)(cid:131)(cid:150),(cid:884)(cid:890)(cid:882),(cid:883)(cid:889)(cid:891),(cid:883)(cid:481)(cid:887)(cid:888),,,,,,,,,,,,,,,,,,,,,,,,,,,,,,
(cid:886),(cid:21)(cid:139)(cid:131)(cid:151),(cid:884)(cid:886)(cid:883),(cid:883)(cid:889)(cid:884),(cid:883)(cid:481)(cid:886)(cid:882),,,,,,,,,,,,,,,,,,,,,,,,,,,,,,
(cid:887),(cid:13)(cid:131)(cid:143)(cid:132)(cid:139),(cid:884)(cid:882)(cid:890),(cid:883)(cid:886)(cid:886),(cid:883)(cid:481)(cid:886)(cid:886),,,,,,,,,,,,,,,,,,,,,,,,,,,,,,
(cid:888),(cid:22)(cid:151)(cid:143)(cid:131)(cid:150)(cid:135)(cid:148)(cid:131)(cid:3)(cid:22)(cid:135)(cid:142)(cid:131)(cid:150)(cid:131)(cid:144),(cid:885)(cid:887)(cid:886),(cid:884)(cid:886)(cid:883),(cid:883)(cid:481)(cid:886)(cid:889),,,,,,,,,,,,,,,,,,,,,,,,,,,,,,
(cid:889),(cid:5)(cid:135)(cid:144)(cid:137)(cid:141)(cid:151)(cid:142)(cid:151),(cid:883)(cid:889)(cid:891),(cid:883)(cid:884)(cid:891),(cid:883)(cid:481)(cid:885)(cid:891),,,,,,,,,,,,,,,,,,,,,,,,,,,,,,
(cid:890),(cid:15)(cid:131)(cid:143)(cid:146)(cid:151)(cid:144)(cid:137),(cid:885)(cid:884)(cid:884),(cid:884)(cid:884)(cid:891),(cid:883)(cid:481)(cid:886)(cid:883),,,,,,,,,,,,,,,,,,,,,,,,,,,,,,
(cid:891),(cid:14)(cid:135)(cid:146)(cid:151)(cid:142)(cid:131)(cid:151)(cid:131)(cid:144)(cid:3)(cid:5)(cid:131)(cid:144)(cid:137)(cid:141)(cid:131)(cid:3)(cid:5)(cid:135)(cid:142)(cid:139)(cid:150)(cid:151)(cid:144)(cid:137),(cid:888)(cid:886),(cid:886)(cid:889),(cid:883)(cid:481)(cid:885)(cid:888),,,,,,,,,,,,,,,,,,,,,,,,,,,,,,
(cid:883)(cid:882),(cid:14)(cid:135)(cid:146)(cid:151)(cid:142)(cid:131)(cid:151)(cid:131)(cid:144)(cid:3)(cid:21)(cid:139)(cid:131)(cid:151),(cid:891)(cid:888),(cid:890)(cid:882),(cid:883)(cid:481)(cid:884)(cid:882),,,,,,,,,,,,,,,,,,,,,,,,,,,,,,
(cid:883)(cid:883),(cid:7)(cid:14)(cid:12)(cid:3)(cid:13)(cid:131)(cid:141)(cid:131)(cid:148)(cid:150)(cid:131),(cid:886)(cid:886),(cid:886)(cid:886),(cid:883)(cid:481)(cid:882)(cid:882),,,,,,,,,,,,,,,,,,,,,,,,,,,,,,
(cid:883)(cid:884),(cid:13)(cid:131)(cid:153)(cid:131)(cid:3)(cid:5)(cid:131)(cid:148)(cid:131)(cid:150),(cid:883)(cid:484)(cid:883)(cid:882)(cid:888),(cid:888)(cid:884)(cid:889),(cid:883)(cid:481)(cid:889)(cid:888),,,,,,,,,,,,,,,,,,,,,,,,,,,,,,
(cid:883)(cid:885),(cid:13)(cid:131)(cid:153)(cid:131)(cid:3)(cid:23)(cid:135)(cid:144)(cid:137)(cid:131)(cid:138),(cid:890)(cid:890)(cid:883),(cid:887)(cid:889)(cid:888),(cid:883)(cid:481)(cid:887)(cid:885),,,,,,,,,,,,,,,,,,,,,,,,,,,,,,
(cid:883)(cid:886),(cid:7)(cid:12)(cid:3)(cid:28)(cid:145)(cid:137)(cid:155)(cid:131)(cid:141)(cid:131)(cid:148)(cid:150)(cid:131),(cid:883)(cid:884)(cid:883),(cid:889)(cid:890),(cid:883)(cid:481)(cid:887)(cid:887),,,,,,,,,,,,,,,,,,,,,,,,,,,,,,
(cid:883)(cid:887),(cid:13)(cid:131)(cid:153)(cid:131)(cid:3)(cid:23)(cid:139)(cid:143)(cid:151)(cid:148),(cid:891)(cid:889)(cid:885),(cid:888)(cid:888)(cid:888),(cid:883)(cid:481)(cid:886)(cid:888),,,,,,,,,,,,,,,,,,,,,,,,,,,,,,
(cid:883)(cid:888),(cid:5)(cid:131)(cid:144)(cid:150)(cid:135)(cid:144),(cid:884)(cid:887)(cid:885),(cid:883)(cid:887)(cid:887),(cid:883)(cid:481)(cid:888)(cid:885),,,,,,,,,,,,,,,,,,,,,,,,,,,,,,
(cid:883)(cid:889),(cid:5)(cid:131)(cid:142)(cid:139),(cid:883)(cid:884)(cid:882),(cid:887)(cid:889),(cid:884)(cid:481)(cid:883)(cid:883),,,,,,,,,,,,,,,,,,,,,,,,,,,,,,
(cid:883)(cid:890),(cid:17)(cid:151)(cid:149)(cid:131)(cid:3)(cid:23)(cid:135)(cid:144)(cid:137)(cid:137)(cid:131)(cid:148)(cid:131)(cid:3)(cid:5)(cid:131)(cid:148)(cid:131)(cid:150),(cid:883)(cid:889)(cid:889),(cid:883)(cid:883)(cid:889),(cid:883)(cid:481)(cid:887)(cid:883),,,,,,,,,,,,,,,,,,,,,,,,,,,,,,
(cid:883)(cid:891),(cid:17)(cid:151)(cid:149)(cid:131)(cid:3)(cid:23)(cid:135)(cid:144)(cid:137)(cid:137)(cid:131)(cid:148)(cid:131)(cid:3)(cid:23)(cid:139)(cid:143)(cid:151)(cid:148),(cid:886)(cid:886)(cid:882),(cid:885)(cid:883)(cid:887),(cid:883)(cid:481)(cid:886)(cid:882),,,,,,,,,,,,,,,,,,,,,,,,,,,,,,
(cid:884)(cid:882),(cid:14)(cid:131)(cid:142)(cid:139)(cid:143)(cid:131)(cid:144)(cid:150)(cid:131)(cid:144)(cid:3)(cid:5)(cid:131)(cid:148)(cid:131)(cid:150),(cid:884)(cid:886)(cid:891),(cid:883)(cid:889)(cid:886),(cid:883)(cid:481)(cid:886)(cid:885),,,,,,,,,,,,,,,,,,,,,,,,,,,,,,
(cid:884)(cid:883),(cid:14)(cid:131)(cid:142)(cid:139)(cid:143)(cid:131)(cid:144)(cid:150)(cid:131)(cid:144)(cid:3)(cid:23)(cid:135)(cid:144)(cid:137)(cid:131)(cid:138),(cid:884)(cid:882)(cid:887),(cid:883)(cid:885)(cid:888),(cid:883)(cid:481)(cid:887)(cid:883),,,,,,,,,,,,,,,,,,,,,,,,,,,,,,
(cid:884)(cid:884),(cid:14)(cid:131)(cid:142)(cid:139)(cid:143)(cid:131)(cid:144)(cid:150)(cid:131)(cid:144)(cid:3)(cid:22)(cid:135)(cid:142)(cid:131)(cid:150)(cid:131)(cid:144),(cid:884)(cid:886)(cid:884),(cid:883)(cid:887)(cid:888),(cid:883)(cid:481)(cid:887)(cid:887),,,,,,,,,,,,,,,,,,,,,,,,,,,,,,
(cid:884)(cid:885),(cid:14)(cid:131)(cid:142)(cid:139)(cid:143)(cid:131)(cid:144)(cid:150)(cid:131)(cid:144)(cid:3)(cid:23)(cid:139)(cid:143)(cid:151)(cid:148),(cid:883)(cid:890)(cid:890),(cid:883)(cid:882)(cid:887),(cid:883)(cid:481)(cid:889)(cid:891),,,,,,,,,,,,,,,,,,,,,,,,,,,,,,
(cid:884)(cid:886),(cid:14)(cid:131)(cid:142)(cid:139)(cid:143)(cid:131)(cid:144)(cid:150)(cid:131)(cid:144)(cid:3)(cid:24)(cid:150)(cid:131)(cid:148)(cid:131),(cid:887)(cid:890),(cid:887)(cid:887),(cid:883)(cid:481)(cid:882)(cid:887),,,,,,,,,,,,,,,,,,,,,,,,,,,,,,
(cid:884)(cid:887),(cid:22)(cid:151)(cid:142)(cid:131)(cid:153)(cid:135)(cid:149)(cid:139)(cid:3)(cid:24)(cid:150)(cid:131)(cid:148)(cid:131),(cid:884)(cid:882)(cid:883),(cid:883)(cid:889)(cid:883),(cid:883)(cid:481)(cid:883)(cid:890),,,,,,,,,,,,,,,,,,,,,,,,,,,,,,
(cid:884)(cid:888),(cid:22)(cid:151)(cid:142)(cid:131)(cid:153)(cid:135)(cid:149)(cid:139)(cid:3)(cid:23)(cid:135)(cid:144)(cid:137)(cid:131)(cid:138),(cid:884)(cid:883)(cid:891),(cid:883)(cid:889)(cid:887),(cid:883)(cid:481)(cid:884)(cid:887),,,,,,,,,,,,,,,,,,,,,,,,,,,,,,
(cid:884)(cid:889),(cid:22)(cid:151)(cid:142)(cid:131)(cid:153)(cid:135)(cid:149)(cid:139)(cid:3)(cid:22)(cid:135)(cid:142)(cid:131)(cid:150)(cid:131)(cid:144),(cid:886)(cid:889)(cid:886),(cid:885)(cid:883)(cid:885),(cid:883)(cid:481)(cid:887)(cid:883),,,,,,,,,,,,,,,,,,,,,,,,,,,,,,
(cid:884)(cid:890),(cid:22)(cid:151)(cid:142)(cid:131)(cid:153)(cid:135)(cid:149)(cid:139)(cid:3)(cid:23)(cid:135)(cid:144)(cid:137)(cid:137)(cid:131)(cid:148)(cid:131),(cid:885)(cid:882)(cid:890),(cid:884)(cid:884)(cid:883),(cid:883)(cid:481)(cid:885)(cid:891),,,,,,,,,,,,,,,,,,,,,,,,,,,,,,
(cid:884)(cid:891),(cid:10)(cid:145)(cid:148)(cid:145)(cid:144)(cid:150)(cid:131)(cid:142)(cid:145),(cid:891)(cid:887),(cid:889)(cid:889),(cid:883)(cid:481)(cid:884)(cid:885),,,,,,,,,,,,,,,,,,,,,,,,,,,,,,
(cid:885)(cid:882),(cid:22)(cid:151)(cid:142)(cid:131)(cid:153)(cid:135)(cid:149)(cid:139)(cid:3)(cid:5)(cid:131)(cid:148)(cid:131)(cid:150),(cid:891)(cid:890),(cid:888)(cid:891),(cid:883)(cid:481)(cid:886)(cid:884),,,,,,,,,,,,,,,,,,,,,,,,,,,,,,
(cid:885)(cid:883),(cid:16)(cid:131)(cid:142)(cid:151)(cid:141)(cid:151),(cid:884)(cid:886)(cid:883),(cid:883)(cid:883)(cid:890),(cid:884)(cid:481)(cid:882)(cid:886),,,,,,,,,,,,,,,,,,,,,,,,,,,,,,
(cid:885)(cid:884),(cid:16)(cid:131)(cid:142)(cid:151)(cid:141)(cid:151)(cid:3)(cid:24)(cid:150)(cid:131)(cid:148)(cid:131),(cid:883)(cid:887)(cid:882),(cid:883)(cid:883)(cid:890),(cid:883)(cid:481)(cid:884)(cid:889),,,,,,,,,,,,,,,,,,,,,,,,,,,,,,
(cid:885)(cid:885),(cid:19)(cid:131)(cid:146)(cid:151)(cid:131),(cid:883)(cid:884)(cid:885),(cid:883)(cid:882)(cid:887),(cid:883)(cid:481)(cid:883)(cid:889),,,,,,,,,,,,,,,,,,,,,,,,,,,,,,
(cid:885)(cid:886),(cid:19)(cid:131)(cid:146)(cid:151)(cid:131)(cid:3)(cid:5)(cid:131)(cid:148)(cid:131)(cid:150),(cid:890)(cid:882),(cid:890)(cid:888),(cid:882)(cid:481)(cid:891)(cid:885),,,,,,,,,,,,,,,,,,,,,,,,,,,,,,
(cid:885)(cid:887),(cid:19)(cid:131)(cid:146)(cid:151)(cid:131)(cid:3)(cid:22)(cid:135)(cid:142)(cid:131)(cid:150)(cid:131)(cid:144),(cid:890)(cid:887),(cid:890)(cid:884),(cid:883)(cid:481)(cid:882)(cid:886),,,,,,,,,,,,,,,,,,,,,,,,,,,,,,
(cid:885)(cid:888),(cid:19)(cid:131)(cid:146)(cid:151)(cid:131)(cid:3)(cid:23)(cid:135)(cid:144)(cid:137)(cid:131)(cid:138),(cid:883)(cid:884)(cid:887),(cid:883)(cid:885)(cid:883),(cid:882)(cid:481)(cid:891)(cid:887),,,,,,,,,,,,,,,,,,,,,,,,,,,,,,
(cid:885)(cid:889) (cid:19)(cid:131)(cid:146)(cid:151)(cid:131)(cid:3)(cid:19)(cid:135)(cid:137)(cid:151)(cid:144)(cid:151)(cid:144)(cid:137)(cid:131)(cid:144) Indonesia (cid:885)(cid:890),,(cid:883)(cid:889)(cid:891) 10.268 (cid:883)(cid:882)(cid:886),(cid:884)(cid:887)(cid:884) 7.277 (cid:883)(cid:885)(cid:884),"(cid:882)(cid:481)(cid:889)(cid:883) 1,41 (cid:882)(cid:481)(cid:889)(cid:891)",,,,,,,,,,,,,,,,,,,,,,,,,,,,,,
No,Provinsi,Jumlah Puskesmas,Jumlah Puskesmas Terakreditasi,Jumlah Kabupaten/Kota yang Memiliki Puskesmas Terakreditasi,Persentase Puskesmas Terakreditasi (%),Status Akreditasi Puskesmas,,,,Jumlah Puskesmas Belum Terakreditasi,,,,,,,,,,,,,,,,,,,,,,,,
,,,,,,Dasar,Madya,Utama,Paripurna,,,,,,,,,,,,,,,,,,,,,,,,,
(1),(2),(3),(4),(5),(6),(7),(8),(9),(10),(11),,,,,,,,,,,,,,,,,,,,,,,,
(cid:883),(cid:4)(cid:133)(cid:135)(cid:138),(cid:885)(cid:888)(cid:888),(cid:885)(cid:888)(cid:885),(cid:884)(cid:885),(cid:891)(cid:891)(cid:481)(cid:884),(cid:882),(cid:886)(cid:888),(cid:883)(cid:887)(cid:884),(cid:883)(cid:888)(cid:887),(cid:885),,,,,,,,,,,,,,,,,,,,,,,,
(cid:884),(cid:22)(cid:151)(cid:143)(cid:131)(cid:150)(cid:135)(cid:148)(cid:131)(cid:3)(cid:24)(cid:150)(cid:131)(cid:148)(cid:131),(cid:888)(cid:883)(cid:891),(cid:888)(cid:883)(cid:891),(cid:885)(cid:885),(cid:883)(cid:882)(cid:882)(cid:481)(cid:882),(cid:883)(cid:883),(cid:888)(cid:890),(cid:884)(cid:886)(cid:889),(cid:884)(cid:891)(cid:885),(cid:882),,,,,,,,,,,,,,,,,,,,,,,,
(cid:885),(cid:22)(cid:151)(cid:143)(cid:131)(cid:150)(cid:135)(cid:148)(cid:131)(cid:3)(cid:5)(cid:131)(cid:148)(cid:131)(cid:150),(cid:884)(cid:890)(cid:882),(cid:884)(cid:890)(cid:882),(cid:883)(cid:891),(cid:883)(cid:882)(cid:882)(cid:481)(cid:882),(cid:882),(cid:884)(cid:884),(cid:891)(cid:891),(cid:883)(cid:887)(cid:891),(cid:882),,,,,,,,,,,,,,,,,,,,,,,,
(cid:886),(cid:21)(cid:139)(cid:131)(cid:151),(cid:884)(cid:886)(cid:883),(cid:884)(cid:885)(cid:890),(cid:883)(cid:884),(cid:891)(cid:890)(cid:481)(cid:890),(cid:884),(cid:886)(cid:883),(cid:883)(cid:882)(cid:884),(cid:891)(cid:885),(cid:883),,,,,,,,,,,,,,,,,,,,,,,,
(cid:887),(cid:13)(cid:131)(cid:143)(cid:132)(cid:139),(cid:884)(cid:882)(cid:890),(cid:884)(cid:882)(cid:890),(cid:883)(cid:883),(cid:883)(cid:882)(cid:882)(cid:481)(cid:882),(cid:882),(cid:884)(cid:886),(cid:883)(cid:883)(cid:888),(cid:888)(cid:890),(cid:882),,,,,,,,,,,,,,,,,,,,,,,,
(cid:888),(cid:22)(cid:151)(cid:143)(cid:131)(cid:150)(cid:135)(cid:148)(cid:131)(cid:3)(cid:22)(cid:135)(cid:142)(cid:131)(cid:150)(cid:131)(cid:144),(cid:885)(cid:887)(cid:886),(cid:885)(cid:887)(cid:882),(cid:883)(cid:889),(cid:891)(cid:890)(cid:481)(cid:891),(cid:882),(cid:883)(cid:886),(cid:883)(cid:885)(cid:886),(cid:884)(cid:882)(cid:884),(cid:882),,,,,,,,,,,,,,,,,,,,,,,,
(cid:889),(cid:5)(cid:135)(cid:144)(cid:137)(cid:141)(cid:151)(cid:142)(cid:151),(cid:883)(cid:889)(cid:891),(cid:883)(cid:889)(cid:891),(cid:883)(cid:882),(cid:883)(cid:882)(cid:882)(cid:481)(cid:882),(cid:882),(cid:883)(cid:887),(cid:883)(cid:882)(cid:882),(cid:888)(cid:886),(cid:882),,,,,,,,,,,,,,,,,,,,,,,,
(cid:890),(cid:15)(cid:131)(cid:143)(cid:146)(cid:151)(cid:144)(cid:137),(cid:885)(cid:884)(cid:884),(cid:885)(cid:884)(cid:882),(cid:883)(cid:887),(cid:891)(cid:891)(cid:481)(cid:886),(cid:882),(cid:883)(cid:886),(cid:883)(cid:887)(cid:889),(cid:883)(cid:886)(cid:891),(cid:882),,,,,,,,,,,,,,,,,,,,,,,,
(cid:891),(cid:14)(cid:135)(cid:146)(cid:151)(cid:142)(cid:131)(cid:151)(cid:131)(cid:144)(cid:3)(cid:5)(cid:131)(cid:144)(cid:137)(cid:141)(cid:131)(cid:3)(cid:5)(cid:135)(cid:142)(cid:139)(cid:150)(cid:151)(cid:144)(cid:137),(cid:888)(cid:886),(cid:888)(cid:886),(cid:889),(cid:883)(cid:882)(cid:882)(cid:481)(cid:882),(cid:882),(cid:882),(cid:891),(cid:887)(cid:887),(cid:882),,,,,,,,,,,,,,,,,,,,,,,,
(cid:883)(cid:882),(cid:14)(cid:135)(cid:146)(cid:151)(cid:142)(cid:131)(cid:151)(cid:131)(cid:144)(cid:3)(cid:21)(cid:139)(cid:131)(cid:151),(cid:891)(cid:888),(cid:891)(cid:885),(cid:889),(cid:891)(cid:888)(cid:481)(cid:891),(cid:884),(cid:890),(cid:884)(cid:890),(cid:887)(cid:887),(cid:885),,,,,,,,,,,,,,,,,,,,,,,,
(cid:883)(cid:883),(cid:7)(cid:14)(cid:12)(cid:3)(cid:13)(cid:131)(cid:141)(cid:131)(cid:148)(cid:150)(cid:131),(cid:886)(cid:886),(cid:886)(cid:886),(cid:888),(cid:883)(cid:882)(cid:882)(cid:481)(cid:882),(cid:882),(cid:882),(cid:882),(cid:886)(cid:886),(cid:882),,,,,,,,,,,,,,,,,,,,,,,,
(cid:883)(cid:884),(cid:13)(cid:131)(cid:153)(cid:131)(cid:3)(cid:5)(cid:131)(cid:148)(cid:131)(cid:150),(cid:883)(cid:484)(cid:883)(cid:882)(cid:888),(cid:883)(cid:484)(cid:883)(cid:882)(cid:888),(cid:884)(cid:889),(cid:883)(cid:882)(cid:882)(cid:481)(cid:882),(cid:882),(cid:887),(cid:883)(cid:885)(cid:888),(cid:891)(cid:888)(cid:887),(cid:882),,,,,,,,,,,,,,,,,,,,,,,,
(cid:883)(cid:885),(cid:13)(cid:131)(cid:153)(cid:131)(cid:3)(cid:23)(cid:135)(cid:144)(cid:137)(cid:131)(cid:138),(cid:890)(cid:890)(cid:883),(cid:890)(cid:890)(cid:883),(cid:885)(cid:887),(cid:883)(cid:882)(cid:882)(cid:481)(cid:882),(cid:882),(cid:885),(cid:886)(cid:885),(cid:890)(cid:885)(cid:887),(cid:882),,,,,,,,,,,,,,,,,,,,,,,,
(cid:883)(cid:886),(cid:7)(cid:12)(cid:3)(cid:28)(cid:145)(cid:137)(cid:155)(cid:131)(cid:141)(cid:131)(cid:148)(cid:150)(cid:131),(cid:883)(cid:884)(cid:883),(cid:883)(cid:884)(cid:883),(cid:887),(cid:883)(cid:882)(cid:882)(cid:481)(cid:882),(cid:882),(cid:882),(cid:884),(cid:883)(cid:883)(cid:891),(cid:882),,,,,,,,,,,,,,,,,,,,,,,,
(cid:883)(cid:887),(cid:13)(cid:131)(cid:153)(cid:131)(cid:3)(cid:23)(cid:139)(cid:143)(cid:151)(cid:148),(cid:891)(cid:889)(cid:885),(cid:891)(cid:889)(cid:885),(cid:885)(cid:890),(cid:883)(cid:882)(cid:882)(cid:481)(cid:882),(cid:882),(cid:882),(cid:887)(cid:886),(cid:891)(cid:883)(cid:891),(cid:882),,,,,,,,,,,,,,,,,,,,,,,,
(cid:883)(cid:888),(cid:5)(cid:131)(cid:144)(cid:150)(cid:135)(cid:144),(cid:884)(cid:887)(cid:885),(cid:884)(cid:887)(cid:885),(cid:890),(cid:883)(cid:882)(cid:882)(cid:481)(cid:882),(cid:883),(cid:889),(cid:887)(cid:891),(cid:883)(cid:890)(cid:888),(cid:882),,,,,,,,,,,,,,,,,,,,,,,,
(cid:883)(cid:889),(cid:5)(cid:131)(cid:142)(cid:139),(cid:883)(cid:884)(cid:882),(cid:883)(cid:884)(cid:882),(cid:891),(cid:883)(cid:882)(cid:882)(cid:481)(cid:882),(cid:882),(cid:882),(cid:883)(cid:883),(cid:883)(cid:882)(cid:891),(cid:882),,,,,,,,,,,,,,,,,,,,,,,,
(cid:883)(cid:890),(cid:17)(cid:151)(cid:149)(cid:131)(cid:3)(cid:23)(cid:135)(cid:144)(cid:137)(cid:137)(cid:131)(cid:148)(cid:131)(cid:3)(cid:5)(cid:131)(cid:148)(cid:131)(cid:150),(cid:883)(cid:889)(cid:889),(cid:883)(cid:889)(cid:889),(cid:883)(cid:882),(cid:883)(cid:882)(cid:882)(cid:481)(cid:882),(cid:882),(cid:882),(cid:884)(cid:889),(cid:883)(cid:887)(cid:882),(cid:882),,,,,,,,,,,,,,,,,,,,,,,,
(cid:883)(cid:891),(cid:17)(cid:151)(cid:149)(cid:131)(cid:3)(cid:23)(cid:135)(cid:144)(cid:137)(cid:137)(cid:131)(cid:148)(cid:131)(cid:3)(cid:23)(cid:139)(cid:143)(cid:151)(cid:148),(cid:886)(cid:886)(cid:882),(cid:886)(cid:885)(cid:886),(cid:884)(cid:884),(cid:891)(cid:890)(cid:481)(cid:888),(cid:883)(cid:883),(cid:891)(cid:891),(cid:883)(cid:887)(cid:888),(cid:883)(cid:888)(cid:890),(cid:883),,,,,,,,,,,,,,,,,,,,,,,,
(cid:884)(cid:882),(cid:14)(cid:131)(cid:142)(cid:139)(cid:143)(cid:131)(cid:144)(cid:150)(cid:131)(cid:144)(cid:3)(cid:5)(cid:131)(cid:148)(cid:131)(cid:150),(cid:884)(cid:886)(cid:891),(cid:884)(cid:886)(cid:891),(cid:883)(cid:886),(cid:883)(cid:882)(cid:882)(cid:481)(cid:882),(cid:882),(cid:883)(cid:887),(cid:890)(cid:888),(cid:883)(cid:886)(cid:890),(cid:882),,,,,,,,,,,,,,,,,,,,,,,,
(cid:884)(cid:883),(cid:14)(cid:131)(cid:142)(cid:139)(cid:143)(cid:131)(cid:144)(cid:150)(cid:131)(cid:144)(cid:3)(cid:23)(cid:135)(cid:144)(cid:137)(cid:131)(cid:138),(cid:884)(cid:882)(cid:887),(cid:884)(cid:882)(cid:886),(cid:883)(cid:886),(cid:891)(cid:891)(cid:481)(cid:887),(cid:882),(cid:883)(cid:891),(cid:890)(cid:884),(cid:883)(cid:882)(cid:885),(cid:882),,,,,,,,,,,,,,,,,,,,,,,,
(cid:884)(cid:884),(cid:14)(cid:131)(cid:142)(cid:139)(cid:143)(cid:131)(cid:144)(cid:150)(cid:131)(cid:144)(cid:3)(cid:22)(cid:135)(cid:142)(cid:131)(cid:150)(cid:131)(cid:144),(cid:884)(cid:886)(cid:884),(cid:884)(cid:886)(cid:884),(cid:883)(cid:885),(cid:883)(cid:882)(cid:882)(cid:481)(cid:882),(cid:882),(cid:883)(cid:887),(cid:889)(cid:887),(cid:883)(cid:887)(cid:884),(cid:882),,,,,,,,,,,,,,,,,,,,,,,,
(cid:884)(cid:885),(cid:14)(cid:131)(cid:142)(cid:139)(cid:143)(cid:131)(cid:144)(cid:150)(cid:131)(cid:144)(cid:3)(cid:23)(cid:139)(cid:143)(cid:151)(cid:148),(cid:883)(cid:890)(cid:890),(cid:883)(cid:890)(cid:890),(cid:883)(cid:882),(cid:883)(cid:882)(cid:882)(cid:481)(cid:882),(cid:882),(cid:882),(cid:884)(cid:889),(cid:883)(cid:888)(cid:883),(cid:882),,,,,,,,,,,,,,,,,,,,,,,,
(cid:884)(cid:886),(cid:14)(cid:131)(cid:142)(cid:139)(cid:143)(cid:131)(cid:144)(cid:150)(cid:131)(cid:144)(cid:3)(cid:24)(cid:150)(cid:131)(cid:148)(cid:131),(cid:887)(cid:890),(cid:887)(cid:884),(cid:887),(cid:890)(cid:891)(cid:481)(cid:889),(cid:882),(cid:888),(cid:891),(cid:885)(cid:889),(cid:888),,,,,,,,,,,,,,,,,,,,,,,,
(cid:884)(cid:887),(cid:22)(cid:151)(cid:142)(cid:131)(cid:153)(cid:135)(cid:149)(cid:139)(cid:3)(cid:24)(cid:150)(cid:131)(cid:148)(cid:131),(cid:884)(cid:882)(cid:883),(cid:883)(cid:891)(cid:890),(cid:883)(cid:887),(cid:891)(cid:890)(cid:481)(cid:887),(cid:883),(cid:886)(cid:882),(cid:889)(cid:890),(cid:889)(cid:891),(cid:883),,,,,,,,,,,,,,,,,,,,,,,,
(cid:884)(cid:888),(cid:22)(cid:151)(cid:142)(cid:131)(cid:153)(cid:135)(cid:149)(cid:139)(cid:3)(cid:23)(cid:135)(cid:144)(cid:137)(cid:131)(cid:138),(cid:884)(cid:883)(cid:891),(cid:884)(cid:883)(cid:890),(cid:883)(cid:885),(cid:891)(cid:891)(cid:481)(cid:887),(cid:882),(cid:884)(cid:882),(cid:891)(cid:885),(cid:883)(cid:882)(cid:887),(cid:883),,,,,,,,,,,,,,,,,,,,,,,,
(cid:884)(cid:889),(cid:22)(cid:151)(cid:142)(cid:131)(cid:153)(cid:135)(cid:149)(cid:139)(cid:3)(cid:22)(cid:135)(cid:142)(cid:131)(cid:150)(cid:131)(cid:144),(cid:886)(cid:889)(cid:886),(cid:886)(cid:889)(cid:885),(cid:884)(cid:886),(cid:891)(cid:891)(cid:481)(cid:890),(cid:882),(cid:887),(cid:891)(cid:888),(cid:885)(cid:889)(cid:884),(cid:883),,,,,,,,,,,,,,,,,,,,,,,,
(cid:884)(cid:890),(cid:22)(cid:151)(cid:142)(cid:131)(cid:153)(cid:135)(cid:149)(cid:139)(cid:3)(cid:23)(cid:135)(cid:144)(cid:137)(cid:137)(cid:131)(cid:148)(cid:131),(cid:885)(cid:882)(cid:890),(cid:885)(cid:882)(cid:889),(cid:883)(cid:889),(cid:891)(cid:891)(cid:481)(cid:889),(cid:882),(cid:886)(cid:884),(cid:883)(cid:886)(cid:888),(cid:883)(cid:883)(cid:891),(cid:883),,,,,,,,,,,,,,,,,,,,,,,,
(cid:884)(cid:891),(cid:10)(cid:145)(cid:148)(cid:145)(cid:144)(cid:150)(cid:131)(cid:142)(cid:145),(cid:891)(cid:887),(cid:891)(cid:886),(cid:888),(cid:891)(cid:890)(cid:481)(cid:891),(cid:882),(cid:883),(cid:883)(cid:888),(cid:889)(cid:889),(cid:883),,,,,,,,,,,,,,,,,,,,,,,,
(cid:885)(cid:882),(cid:22)(cid:151)(cid:142)(cid:131)(cid:153)(cid:135)(cid:149)(cid:139)(cid:3)(cid:5)(cid:131)(cid:148)(cid:131)(cid:150),(cid:891)(cid:890),(cid:891)(cid:890),(cid:888),(cid:883)(cid:882)(cid:882)(cid:481)(cid:882),(cid:882),(cid:883)(cid:884),(cid:886)(cid:891),(cid:885)(cid:889),(cid:882),,,,,,,,,,,,,,,,,,,,,,,,
(cid:885)(cid:883),(cid:16)(cid:131)(cid:142)(cid:151)(cid:141)(cid:151),(cid:884)(cid:886)(cid:883),(cid:884)(cid:884)(cid:887),(cid:883)(cid:883),(cid:891)(cid:885)(cid:481)(cid:886),(cid:889),(cid:887)(cid:887),(cid:883)(cid:882)(cid:883),(cid:888)(cid:884),(cid:883)(cid:887),,,,,,,,,,,,,,,,,,,,,,,,
(cid:885)(cid:884),(cid:16)(cid:131)(cid:142)(cid:151)(cid:141)(cid:151)(cid:3)(cid:24)(cid:150)(cid:131)(cid:148)(cid:131),(cid:883)(cid:887)(cid:882),(cid:883)(cid:887)(cid:882),(cid:883)(cid:882),(cid:883)(cid:882)(cid:882)(cid:481)(cid:882),(cid:883),(cid:886)(cid:887),(cid:888)(cid:882),(cid:886)(cid:886),(cid:882),,,,,,,,,,,,,,,,,,,,,,,,
(cid:885)(cid:885),(cid:19)(cid:131)(cid:146)(cid:151)(cid:131),(cid:883)(cid:884)(cid:885),(cid:883)(cid:883)(cid:883),(cid:891),(cid:891)(cid:882)(cid:481)(cid:884),(cid:883)(cid:885),(cid:885)(cid:891),(cid:885)(cid:889),(cid:884)(cid:884),(cid:883)(cid:883),,,,,,,,,,,,,,,,,,,,,,,,
(cid:885)(cid:886),(cid:19)(cid:131)(cid:146)(cid:151)(cid:131)(cid:3)(cid:5)(cid:131)(cid:148)(cid:131)(cid:150),(cid:890)(cid:882),(cid:889)(cid:886),(cid:889),(cid:891)(cid:884)(cid:481)(cid:887),(cid:883)(cid:891),(cid:885)(cid:886),(cid:883)(cid:886),(cid:889),(cid:884),,,,,,,,,,,,,,,,,,,,,,,,
(cid:885)(cid:887),(cid:19)(cid:131)(cid:146)(cid:151)(cid:131)(cid:3)(cid:22)(cid:135)(cid:142)(cid:131)(cid:150)(cid:131)(cid:144),(cid:890)(cid:887),(cid:889)(cid:885),(cid:886),(cid:890)(cid:887)(cid:481)(cid:891),(cid:883)(cid:884),(cid:884)(cid:887),(cid:884)(cid:884),(cid:883)(cid:886),(cid:883)(cid:884),,,,,,,,,,,,,,,,,,,,,,,,
(cid:885)(cid:888),(cid:19)(cid:131)(cid:146)(cid:151)(cid:131)(cid:3)(cid:23)(cid:135)(cid:144)(cid:137)(cid:131)(cid:138),(cid:883)(cid:884)(cid:887),(cid:886)(cid:889),(cid:889),(cid:885)(cid:889)(cid:481)(cid:888),(cid:883)(cid:887),(cid:883)(cid:888),(cid:891),(cid:889),(cid:889)(cid:886),,,,,,,,,,,,,,,,,,,,,,,,
(cid:885)(cid:889) (cid:19)(cid:131)(cid:146)(cid:151)(cid:131)(cid:3)(cid:19)(cid:135)(cid:137)(cid:151)(cid:144)(cid:151)(cid:144)(cid:137)(cid:131)(cid:144) Indonesia (cid:885)(cid:890) (cid:19)(cid:131)(cid:146)(cid:151)(cid:131)(cid:3)(cid:5)(cid:131)(cid:148)(cid:131)(cid:150)(cid:3)(cid:7)(cid:131)(cid:155)(cid:131),,(cid:883)(cid:889)(cid:891) 10.2(cid:883)6(cid:882)8(cid:886),(cid:883)(cid:882)(cid:882) 10.01(cid:890)0(cid:886),(cid:890) 513(cid:888),"(cid:887)(cid:887)(cid:481)(cid:891) 9(cid:890)7(cid:882),(cid:481)5(cid:890)",(cid:887)(cid:890) 160(cid:889),(cid:884)(cid:888) 814 (cid:885)(cid:885),(cid:883)(cid:884) 2.676 (cid:885)(cid:884),(cid:886) 6.360 (cid:883)(cid:884),(cid:887)(cid:887) 202 (cid:883)(cid:886),,,,,,,,,,,,,,,,,,,,,,,,
No,Provinsi,Jumlah Puskesmas,,Total Puskesmas,% Memenuhi,,,,,,,,,,,,,,,,,,,,,,,,,,,,,
,,Belum Memenuhi,Memenuhi,,,,,,,,,,,,,,,,,,,,,,,,,,,,,,,
(1),(2),(3),(4),(5),(6),,,,,,,,,,,,,,,,,,,,,,,,,,,,,
(cid:883),(cid:4)(cid:133)(cid:135)(cid:138),(cid:883)(cid:882)(cid:883),(cid:884)(cid:888)(cid:887),(cid:885)(cid:888)(cid:888),(cid:889)(cid:884)(cid:481)(cid:886),,,,,,,,,,,,,,,,,,,,,,,,,,,,,
(cid:884),(cid:22)(cid:151)(cid:143)(cid:131)(cid:150)(cid:135)(cid:148)(cid:131)(cid:3)(cid:24)(cid:150)(cid:131)(cid:148)(cid:131),(cid:886)(cid:882)(cid:885),(cid:884)(cid:883)(cid:888),(cid:888)(cid:883)(cid:891),(cid:885)(cid:886)(cid:481)(cid:891),,,,,,,,,,,,,,,,,,,,,,,,,,,,,
(cid:885),(cid:22)(cid:151)(cid:143)(cid:131)(cid:150)(cid:135)(cid:148)(cid:131)(cid:3)(cid:5)(cid:131)(cid:148)(cid:131)(cid:150),(cid:890)(cid:882),(cid:884)(cid:882)(cid:882),(cid:884)(cid:890)(cid:882),(cid:889)(cid:883)(cid:481)(cid:886),,,,,,,,,,,,,,,,,,,,,,,,,,,,,
(cid:886),(cid:21)(cid:139)(cid:131)(cid:151),(cid:890)(cid:891),(cid:883)(cid:887)(cid:882),(cid:884)(cid:885)(cid:891),(cid:888)(cid:884)(cid:481)(cid:890),,,,,,,,,,,,,,,,,,,,,,,,,,,,,
(cid:887),(cid:13)(cid:131)(cid:143)(cid:132)(cid:139),(cid:890)(cid:891),(cid:883)(cid:883)(cid:891),(cid:884)(cid:882)(cid:890),(cid:887)(cid:889)(cid:481)(cid:884),,,,,,,,,,,,,,,,,,,,,,,,,,,,,
(cid:888),(cid:22)(cid:151)(cid:143)(cid:131)(cid:150)(cid:135)(cid:148)(cid:131)(cid:3)(cid:22)(cid:135)(cid:142)(cid:131)(cid:150)(cid:131)(cid:144),(cid:883)(cid:890)(cid:889),(cid:883)(cid:888)(cid:885),(cid:885)(cid:887)(cid:882),(cid:886)(cid:888)(cid:481)(cid:888),,,,,,,,,,,,,,,,,,,,,,,,,,,,,
(cid:889),(cid:5)(cid:135)(cid:144)(cid:137)(cid:141)(cid:151)(cid:142)(cid:151),(cid:883)(cid:882)(cid:882),(cid:889)(cid:891),(cid:883)(cid:889)(cid:891),(cid:886)(cid:886)(cid:481)(cid:883),,,,,,,,,,,,,,,,,,,,,,,,,,,,,
(cid:890),(cid:15)(cid:131)(cid:143)(cid:146)(cid:151)(cid:144)(cid:137),(cid:884)(cid:883)(cid:888),(cid:883)(cid:882)(cid:886),(cid:885)(cid:884)(cid:882),(cid:885)(cid:884)(cid:481)(cid:887),,,,,,,,,,,,,,,,,,,,,,,,,,,,,
(cid:891),(cid:14)(cid:135)(cid:146)(cid:151)(cid:142)(cid:131)(cid:151)(cid:131)(cid:144)(cid:3)(cid:5)(cid:131)(cid:144)(cid:137)(cid:141)(cid:131)(cid:3)(cid:5)(cid:135)(cid:142)(cid:139)(cid:150)(cid:151)(cid:144)(cid:137),(cid:883)(cid:889),(cid:886)(cid:889),(cid:888)(cid:886),(cid:889)(cid:885)(cid:481)(cid:886),,,,,,,,,,,,,,,,,,,,,,,,,,,,,
(cid:883)(cid:882),(cid:14)(cid:135)(cid:146)(cid:151)(cid:142)(cid:131)(cid:151)(cid:131)(cid:144)(cid:3)(cid:21)(cid:139)(cid:131)(cid:151),(cid:886)(cid:883),(cid:887)(cid:887),(cid:891)(cid:888),(cid:887)(cid:889)(cid:481)(cid:885),,,,,,,,,,,,,,,,,,,,,,,,,,,,,
(cid:883)(cid:883),(cid:7)(cid:14)(cid:12)(cid:3)(cid:13)(cid:131)(cid:141)(cid:131)(cid:148)(cid:150)(cid:131),(cid:886),(cid:886)(cid:882),(cid:886)(cid:886),(cid:891)(cid:882)(cid:481)(cid:891),,,,,,,,,,,,,,,,,,,,,,,,,,,,,
(cid:883)(cid:884),(cid:13)(cid:131)(cid:153)(cid:131)(cid:3)(cid:5)(cid:131)(cid:148)(cid:131)(cid:150),(cid:887)(cid:888)(cid:884),(cid:887)(cid:886)(cid:886),(cid:883)(cid:484)(cid:883)(cid:882)(cid:888),(cid:886)(cid:891)(cid:481)(cid:884),,,,,,,,,,,,,,,,,,,,,,,,,,,,,
(cid:883)(cid:885),(cid:13)(cid:131)(cid:153)(cid:131)(cid:3)(cid:23)(cid:135)(cid:144)(cid:137)(cid:131)(cid:138),(cid:883)(cid:890)(cid:887),(cid:888)(cid:891)(cid:888),(cid:890)(cid:890)(cid:883),(cid:889)(cid:891)(cid:481)(cid:882),,,,,,,,,,,,,,,,,,,,,,,,,,,,,
(cid:883)(cid:886),(cid:7)(cid:12)(cid:3)(cid:28)(cid:145)(cid:137)(cid:155)(cid:131)(cid:141)(cid:131)(cid:148)(cid:150)(cid:131),(cid:884)(cid:885),(cid:891)(cid:890),(cid:883)(cid:884)(cid:883),(cid:890)(cid:883)(cid:481)(cid:882),,,,,,,,,,,,,,,,,,,,,,,,,,,,,
(cid:883)(cid:887),(cid:13)(cid:131)(cid:153)(cid:131)(cid:3)(cid:23)(cid:139)(cid:143)(cid:151)(cid:148),(cid:885)(cid:886)(cid:882),(cid:888)(cid:885)(cid:885),(cid:891)(cid:889)(cid:885),(cid:888)(cid:887)(cid:481)(cid:883),,,,,,,,,,,,,,,,,,,,,,,,,,,,,
(cid:883)(cid:888),(cid:5)(cid:131)(cid:144)(cid:150)(cid:135)(cid:144),(cid:883)(cid:885)(cid:887),(cid:883)(cid:883)(cid:890),(cid:884)(cid:887)(cid:885),(cid:886)(cid:888)(cid:481)(cid:888),,,,,,,,,,,,,,,,,,,,,,,,,,,,,
(cid:883)(cid:889),(cid:5)(cid:131)(cid:142)(cid:139),(cid:886)(cid:883),(cid:889)(cid:891),(cid:883)(cid:884)(cid:882),(cid:888)(cid:887)(cid:481)(cid:890),,,,,,,,,,,,,,,,,,,,,,,,,,,,,
(cid:883)(cid:890),(cid:17)(cid:151)(cid:149)(cid:131)(cid:3)(cid:23)(cid:135)(cid:144)(cid:137)(cid:137)(cid:131)(cid:148)(cid:131)(cid:3)(cid:5)(cid:131)(cid:148)(cid:131)(cid:150),(cid:885)(cid:888),(cid:883)(cid:886)(cid:883),(cid:883)(cid:889)(cid:889),(cid:889)(cid:891)(cid:481)(cid:889),,,,,,,,,,,,,,,,,,,,,,,,,,,,,
(cid:883)(cid:891),(cid:17)(cid:151)(cid:149)(cid:131)(cid:3)(cid:23)(cid:135)(cid:144)(cid:137)(cid:137)(cid:131)(cid:148)(cid:131)(cid:3)(cid:23)(cid:139)(cid:143)(cid:151)(cid:148),(cid:884)(cid:889)(cid:889),(cid:883)(cid:887)(cid:890),(cid:886)(cid:885)(cid:887),(cid:885)(cid:888)(cid:481)(cid:885),,,,,,,,,,,,,,,,,,,,,,,,,,,,,
(cid:884)(cid:882),(cid:14)(cid:131)(cid:142)(cid:139)(cid:143)(cid:131)(cid:144)(cid:150)(cid:131)(cid:144)(cid:3)(cid:5)(cid:131)(cid:148)(cid:131)(cid:150),(cid:883)(cid:887)(cid:885),(cid:891)(cid:888),(cid:884)(cid:886)(cid:891),(cid:885)(cid:890)(cid:481)(cid:888),,,,,,,,,,,,,,,,,,,,,,,,,,,,,
(cid:884)(cid:883),(cid:14)(cid:131)(cid:142)(cid:139)(cid:143)(cid:131)(cid:144)(cid:150)(cid:131)(cid:144)(cid:3)(cid:23)(cid:135)(cid:144)(cid:137)(cid:131)(cid:138),(cid:883)(cid:885)(cid:886),(cid:889)(cid:882),(cid:884)(cid:882)(cid:886),(cid:885)(cid:886)(cid:481)(cid:885),,,,,,,,,,,,,,,,,,,,,,,,,,,,,
(cid:884)(cid:884),(cid:14)(cid:131)(cid:142)(cid:139)(cid:143)(cid:131)(cid:144)(cid:150)(cid:131)(cid:144)(cid:3)(cid:22)(cid:135)(cid:142)(cid:131)(cid:150)(cid:131)(cid:144),(cid:887)(cid:886),(cid:883)(cid:890)(cid:890),(cid:884)(cid:886)(cid:884),(cid:889)(cid:889)(cid:481)(cid:889),,,,,,,,,,,,,,,,,,,,,,,,,,,,,
(cid:884)(cid:885),(cid:14)(cid:131)(cid:142)(cid:139)(cid:143)(cid:131)(cid:144)(cid:150)(cid:131)(cid:144)(cid:3)(cid:23)(cid:139)(cid:143)(cid:151)(cid:148),(cid:888)(cid:882),(cid:883)(cid:884)(cid:890),(cid:883)(cid:890)(cid:890),(cid:888)(cid:890)(cid:481)(cid:883),,,,,,,,,,,,,,,,,,,,,,,,,,,,,
(cid:884)(cid:886),(cid:14)(cid:131)(cid:142)(cid:139)(cid:143)(cid:131)(cid:144)(cid:150)(cid:131)(cid:144)(cid:3)(cid:24)(cid:150)(cid:131)(cid:148)(cid:131),(cid:884)(cid:889),(cid:885)(cid:883),(cid:887)(cid:890),(cid:887)(cid:885)(cid:481)(cid:887),,,,,,,,,,,,,,,,,,,,,,,,,,,,,
(cid:884)(cid:887),(cid:22)(cid:151)(cid:142)(cid:131)(cid:153)(cid:135)(cid:149)(cid:139)(cid:3)(cid:24)(cid:150)(cid:131)(cid:148)(cid:131),(cid:883)(cid:884)(cid:889),(cid:889)(cid:884),(cid:883)(cid:891)(cid:891),(cid:885)(cid:888)(cid:481)(cid:884),,,,,,,,,,,,,,,,,,,,,,,,,,,,,
(cid:884)(cid:888),(cid:22)(cid:151)(cid:142)(cid:131)(cid:153)(cid:135)(cid:149)(cid:139)(cid:3)(cid:23)(cid:135)(cid:144)(cid:137)(cid:131)(cid:138),(cid:883)(cid:883)(cid:890),(cid:883)(cid:882)(cid:883),(cid:884)(cid:883)(cid:891),(cid:886)(cid:888)(cid:481)(cid:883),,,,,,,,,,,,,,,,,,,,,,,,,,,,,
(cid:884)(cid:889),(cid:22)(cid:151)(cid:142)(cid:131)(cid:153)(cid:135)(cid:149)(cid:139)(cid:3)(cid:22)(cid:135)(cid:142)(cid:131)(cid:150)(cid:131)(cid:144),(cid:883)(cid:885)(cid:891),(cid:885)(cid:885)(cid:887),(cid:886)(cid:889)(cid:886),(cid:889)(cid:882)(cid:481)(cid:889),,,,,,,,,,,,,,,,,,,,,,,,,,,,,
(cid:884)(cid:890),(cid:22)(cid:151)(cid:142)(cid:131)(cid:153)(cid:135)(cid:149)(cid:139)(cid:3)(cid:23)(cid:135)(cid:144)(cid:137)(cid:137)(cid:131)(cid:148)(cid:131),(cid:883)(cid:888)(cid:884),(cid:883)(cid:886)(cid:888),(cid:885)(cid:882)(cid:890),(cid:886)(cid:889)(cid:481)(cid:886),,,,,,,,,,,,,,,,,,,,,,,,,,,,,
(cid:884)(cid:891),(cid:10)(cid:145)(cid:148)(cid:145)(cid:144)(cid:150)(cid:131)(cid:142)(cid:145),(cid:887)(cid:890),(cid:885)(cid:889),(cid:891)(cid:887),(cid:885)(cid:891)(cid:481)(cid:882),,,,,,,,,,,,,,,,,,,,,,,,,,,,,
(cid:885)(cid:882),(cid:22)(cid:151)(cid:142)(cid:131)(cid:153)(cid:135)(cid:149)(cid:139)(cid:3)(cid:5)(cid:131)(cid:148)(cid:131)(cid:150),(cid:885)(cid:885),(cid:888)(cid:887),(cid:891)(cid:890),(cid:888)(cid:888)(cid:481)(cid:885),,,,,,,,,,,,,,,,,,,,,,,,,,,,,
(cid:885)(cid:883),(cid:16)(cid:131)(cid:142)(cid:151)(cid:141)(cid:151),(cid:884)(cid:882)(cid:886),(cid:885)(cid:888),(cid:884)(cid:886)(cid:882),(cid:883)(cid:887)(cid:481)(cid:882),,,,,,,,,,,,,,,,,,,,,,,,,,,,,
(cid:885)(cid:884),(cid:16)(cid:131)(cid:142)(cid:151)(cid:141)(cid:151)(cid:3)(cid:24)(cid:150)(cid:131)(cid:148)(cid:131),(cid:883)(cid:882)(cid:888),(cid:886)(cid:886),(cid:883)(cid:887)(cid:882),(cid:884)(cid:891)(cid:481)(cid:885),,,,,,,,,,,,,,,,,,,,,,,,,,,,,
(cid:885)(cid:885),(cid:19)(cid:131)(cid:146)(cid:151)(cid:131),(cid:883)(cid:882)(cid:891),(cid:883)(cid:885),(cid:883)(cid:884)(cid:884),(cid:883)(cid:882)(cid:481)(cid:889),,,,,,,,,,,,,,,,,,,,,,,,,,,,,
(cid:885)(cid:886),(cid:19)(cid:131)(cid:146)(cid:151)(cid:131)(cid:3)(cid:5)(cid:131)(cid:148)(cid:131)(cid:150),(cid:888)(cid:884),(cid:883)(cid:886),(cid:889)(cid:888),(cid:883)(cid:890)(cid:481)(cid:886),,,,,,,,,,,,,,,,,,,,,,,,,,,,,
(cid:885)(cid:887),(cid:19)(cid:131)(cid:146)(cid:151)(cid:131)(cid:3)(cid:22)(cid:135)(cid:142)(cid:131)(cid:150)(cid:131)(cid:144),(cid:890)(cid:882),(cid:887),(cid:890)(cid:887),(cid:887)(cid:481)(cid:891),,,,,,,,,,,,,,,,,,,,,,,,,,,,,
(cid:885)(cid:888),(cid:19)(cid:131)(cid:146)(cid:151)(cid:131)(cid:3)(cid:23)(cid:135)(cid:144)(cid:137)(cid:131)(cid:138),(cid:883)(cid:883)(cid:887),(cid:888),(cid:883)(cid:884)(cid:883),(cid:887)(cid:481)(cid:882),,,,,,,,,,,,,,,,,,,,,,,,,,,,,
(cid:885)(cid:889) (cid:19)(cid:131)(cid:146)(cid:151)(cid:131)(cid:3)(cid:19)(cid:135)(cid:137)(cid:151)(cid:144)(cid:151)(cid:144)(cid:137)(cid:131)(cid:144) Indonesia (cid:885)(cid:890) (cid:19)(cid:131)(cid:146)(cid:151)(cid:131)(cid:3)(cid:5)(cid:131)(cid:148)(cid:131)(cid:150)(cid:3)(cid:7)(cid:131)(cid:155)(cid:131),,(cid:883)(cid:887)(cid:885) 4.906 (cid:890)(cid:888),(cid:884) 5.306 (cid:883)(cid:884),(cid:883)(cid:887)(cid:887) 10.21(cid:891)2(cid:890),"(cid:883)(cid:481)(cid:885) 5(cid:883)2(cid:884),(cid:481)0(cid:884)",,,,,,,,,,,,,,,,,,,,,,,,,,,,,
No,Provinsi,Jumlah Puskesmas,,Total Puskesmas Baseline*),% Dengan Dokter,,,,,,,,,,,,,,,,,,,,,,,,,,,,,
,,Tidak Ada Dokter,Ada Dokter,,,,,,,,,,,,,,,,,,,,,,,,,,,,,,,
(1),(2),(3),(4),(5),(6),,,,,,,,,,,,,,,,,,,,,,,,,,,,,
(cid:883),(cid:4)(cid:133)(cid:135)(cid:138),(cid:883),(cid:885)(cid:888)(cid:887),(cid:885)(cid:888)(cid:888),(cid:891)(cid:891)(cid:481)(cid:889),,,,,,,,,,,,,,,,,,,,,,,,,,,,,
(cid:884),(cid:22)(cid:151)(cid:143)(cid:131)(cid:150)(cid:135)(cid:148)(cid:131)(cid:3)(cid:24)(cid:150)(cid:131)(cid:148)(cid:131),(cid:887),(cid:888)(cid:883)(cid:886),(cid:888)(cid:883)(cid:891),(cid:891)(cid:891)(cid:481)(cid:884),,,,,,,,,,,,,,,,,,,,,,,,,,,,,
(cid:885),(cid:22)(cid:151)(cid:143)(cid:131)(cid:150)(cid:135)(cid:148)(cid:131)(cid:3)(cid:5)(cid:131)(cid:148)(cid:131)(cid:150),(cid:882),(cid:884)(cid:890)(cid:882),(cid:884)(cid:890)(cid:882),(cid:883)(cid:882)(cid:882)(cid:481)(cid:882),,,,,,,,,,,,,,,,,,,,,,,,,,,,,
(cid:886),(cid:21)(cid:139)(cid:131)(cid:151),(cid:883),(cid:884)(cid:885)(cid:890),(cid:884)(cid:885)(cid:891),(cid:891)(cid:891)(cid:481)(cid:888),,,,,,,,,,,,,,,,,,,,,,,,,,,,,
(cid:887),(cid:13)(cid:131)(cid:143)(cid:132)(cid:139),(cid:882),(cid:884)(cid:882)(cid:890),(cid:884)(cid:882)(cid:890),(cid:883)(cid:882)(cid:882)(cid:481)(cid:882),,,,,,,,,,,,,,,,,,,,,,,,,,,,,
(cid:888),(cid:22)(cid:151)(cid:143)(cid:131)(cid:150)(cid:135)(cid:148)(cid:131)(cid:3)(cid:22)(cid:135)(cid:142)(cid:131)(cid:150)(cid:131)(cid:144),(cid:888),(cid:885)(cid:886)(cid:886),(cid:885)(cid:887)(cid:882),(cid:891)(cid:890)(cid:481)(cid:885),,,,,,,,,,,,,,,,,,,,,,,,,,,,,
(cid:889),(cid:5)(cid:135)(cid:144)(cid:137)(cid:141)(cid:151)(cid:142)(cid:151),(cid:884),(cid:883)(cid:889)(cid:889),(cid:883)(cid:889)(cid:891),(cid:891)(cid:890)(cid:481)(cid:891),,,,,,,,,,,,,,,,,,,,,,,,,,,,,
(cid:890),(cid:15)(cid:131)(cid:143)(cid:146)(cid:151)(cid:144)(cid:137),(cid:884),(cid:885)(cid:883)(cid:890),(cid:885)(cid:884)(cid:882),(cid:891)(cid:891)(cid:481)(cid:886),,,,,,,,,,,,,,,,,,,,,,,,,,,,,
(cid:891),(cid:14)(cid:135)(cid:146)(cid:151)(cid:142)(cid:131)(cid:151)(cid:131)(cid:144)(cid:3)(cid:5)(cid:131)(cid:144)(cid:137)(cid:141)(cid:131)(cid:3)(cid:5)(cid:135)(cid:142)(cid:139)(cid:150)(cid:151)(cid:144)(cid:137),(cid:882),(cid:888)(cid:886),(cid:888)(cid:886),(cid:883)(cid:882)(cid:882)(cid:481)(cid:882),,,,,,,,,,,,,,,,,,,,,,,,,,,,,
(cid:883)(cid:882),(cid:14)(cid:135)(cid:146)(cid:151)(cid:142)(cid:131)(cid:151)(cid:131)(cid:144)(cid:3)(cid:21)(cid:139)(cid:131)(cid:151),(cid:884),(cid:891)(cid:886),(cid:891)(cid:888),(cid:891)(cid:889)(cid:481)(cid:891),,,,,,,,,,,,,,,,,,,,,,,,,,,,,
(cid:883)(cid:883),(cid:7)(cid:14)(cid:12)(cid:3)(cid:13)(cid:131)(cid:141)(cid:131)(cid:148)(cid:150)(cid:131),(cid:882),(cid:886)(cid:886),(cid:886)(cid:886),(cid:883)(cid:882)(cid:882)(cid:481)(cid:882),,,,,,,,,,,,,,,,,,,,,,,,,,,,,
(cid:883)(cid:884),(cid:13)(cid:131)(cid:153)(cid:131)(cid:3)(cid:5)(cid:131)(cid:148)(cid:131)(cid:150),(cid:885),(cid:883)(cid:484)(cid:883)(cid:882)(cid:885),(cid:883)(cid:484)(cid:883)(cid:882)(cid:888),(cid:891)(cid:891)(cid:481)(cid:889),,,,,,,,,,,,,,,,,,,,,,,,,,,,,
(cid:883)(cid:885),(cid:13)(cid:131)(cid:153)(cid:131)(cid:3)(cid:23)(cid:135)(cid:144)(cid:137)(cid:131)(cid:138),(cid:885),(cid:890)(cid:889)(cid:890),(cid:890)(cid:890)(cid:883),(cid:891)(cid:891)(cid:481)(cid:889),,,,,,,,,,,,,,,,,,,,,,,,,,,,,
(cid:883)(cid:886),(cid:7)(cid:12)(cid:3)(cid:28)(cid:145)(cid:137)(cid:155)(cid:131)(cid:141)(cid:131)(cid:148)(cid:150)(cid:131),(cid:882),(cid:883)(cid:884)(cid:883),(cid:883)(cid:884)(cid:883),(cid:883)(cid:882)(cid:882)(cid:481)(cid:882),,,,,,,,,,,,,,,,,,,,,,,,,,,,,
(cid:883)(cid:887),(cid:13)(cid:131)(cid:153)(cid:131)(cid:3)(cid:23)(cid:139)(cid:143)(cid:151)(cid:148),(cid:888),(cid:891)(cid:888)(cid:889),(cid:891)(cid:889)(cid:885),(cid:891)(cid:891)(cid:481)(cid:886),,,,,,,,,,,,,,,,,,,,,,,,,,,,,
(cid:883)(cid:888),(cid:5)(cid:131)(cid:144)(cid:150)(cid:135)(cid:144),(cid:882),(cid:884)(cid:887)(cid:885),(cid:884)(cid:887)(cid:885),(cid:883)(cid:882)(cid:882)(cid:481)(cid:882),,,,,,,,,,,,,,,,,,,,,,,,,,,,,
(cid:883)(cid:889),(cid:5)(cid:131)(cid:142)(cid:139),(cid:882),(cid:883)(cid:884)(cid:882),(cid:883)(cid:884)(cid:882),(cid:883)(cid:882)(cid:882)(cid:481)(cid:882),,,,,,,,,,,,,,,,,,,,,,,,,,,,,
(cid:883)(cid:890),(cid:17)(cid:151)(cid:149)(cid:131)(cid:3)(cid:23)(cid:135)(cid:144)(cid:137)(cid:137)(cid:131)(cid:148)(cid:131)(cid:3)(cid:5)(cid:131)(cid:148)(cid:131)(cid:150),(cid:882),(cid:883)(cid:889)(cid:889),(cid:883)(cid:889)(cid:889),(cid:883)(cid:882)(cid:882)(cid:481)(cid:882),,,,,,,,,,,,,,,,,,,,,,,,,,,,,
(cid:883)(cid:891),(cid:17)(cid:151)(cid:149)(cid:131)(cid:3)(cid:23)(cid:135)(cid:144)(cid:137)(cid:137)(cid:131)(cid:148)(cid:131)(cid:3)(cid:23)(cid:139)(cid:143)(cid:151)(cid:148),(cid:884)(cid:882),(cid:886)(cid:883)(cid:887),(cid:886)(cid:885)(cid:887),(cid:891)(cid:887)(cid:481)(cid:886),,,,,,,,,,,,,,,,,,,,,,,,,,,,,
(cid:884)(cid:882),(cid:14)(cid:131)(cid:142)(cid:139)(cid:143)(cid:131)(cid:144)(cid:150)(cid:131)(cid:144)(cid:3)(cid:5)(cid:131)(cid:148)(cid:131)(cid:150),(cid:887),(cid:884)(cid:886)(cid:886),(cid:884)(cid:886)(cid:891),(cid:891)(cid:890)(cid:481)(cid:882),,,,,,,,,,,,,,,,,,,,,,,,,,,,,
(cid:884)(cid:883),(cid:14)(cid:131)(cid:142)(cid:139)(cid:143)(cid:131)(cid:144)(cid:150)(cid:131)(cid:144)(cid:3)(cid:23)(cid:135)(cid:144)(cid:137)(cid:131)(cid:138),(cid:891),(cid:883)(cid:891)(cid:887),(cid:884)(cid:882)(cid:886),(cid:891)(cid:887)(cid:481)(cid:888),,,,,,,,,,,,,,,,,,,,,,,,,,,,,
(cid:884)(cid:884),(cid:14)(cid:131)(cid:142)(cid:139)(cid:143)(cid:131)(cid:144)(cid:150)(cid:131)(cid:144)(cid:3)(cid:22)(cid:135)(cid:142)(cid:131)(cid:150)(cid:131)(cid:144),(cid:883),(cid:884)(cid:886)(cid:883),(cid:884)(cid:886)(cid:884),(cid:891)(cid:891)(cid:481)(cid:888),,,,,,,,,,,,,,,,,,,,,,,,,,,,,
(cid:884)(cid:885),(cid:14)(cid:131)(cid:142)(cid:139)(cid:143)(cid:131)(cid:144)(cid:150)(cid:131)(cid:144)(cid:3)(cid:23)(cid:139)(cid:143)(cid:151)(cid:148),(cid:883),(cid:883)(cid:890)(cid:889),(cid:883)(cid:890)(cid:890),(cid:891)(cid:891)(cid:481)(cid:887),,,,,,,,,,,,,,,,,,,,,,,,,,,,,
(cid:884)(cid:886),(cid:14)(cid:131)(cid:142)(cid:139)(cid:143)(cid:131)(cid:144)(cid:150)(cid:131)(cid:144)(cid:3)(cid:24)(cid:150)(cid:131)(cid:148)(cid:131),(cid:883),(cid:887)(cid:889),(cid:887)(cid:890),(cid:891)(cid:890)(cid:481)(cid:885),,,,,,,,,,,,,,,,,,,,,,,,,,,,,
(cid:884)(cid:887),(cid:22)(cid:151)(cid:142)(cid:131)(cid:153)(cid:135)(cid:149)(cid:139)(cid:3)(cid:24)(cid:150)(cid:131)(cid:148)(cid:131),(cid:883),(cid:883)(cid:891)(cid:890),(cid:883)(cid:891)(cid:891),(cid:891)(cid:891)(cid:481)(cid:887),,,,,,,,,,,,,,,,,,,,,,,,,,,,,
(cid:884)(cid:888),(cid:22)(cid:151)(cid:142)(cid:131)(cid:153)(cid:135)(cid:149)(cid:139)(cid:3)(cid:23)(cid:135)(cid:144)(cid:137)(cid:131)(cid:138),(cid:889),(cid:884)(cid:883)(cid:884),(cid:884)(cid:883)(cid:891),(cid:891)(cid:888)(cid:481)(cid:890),,,,,,,,,,,,,,,,,,,,,,,,,,,,,
(cid:884)(cid:889),(cid:22)(cid:151)(cid:142)(cid:131)(cid:153)(cid:135)(cid:149)(cid:139)(cid:3)(cid:22)(cid:135)(cid:142)(cid:131)(cid:150)(cid:131)(cid:144),(cid:891),(cid:886)(cid:888)(cid:887),(cid:886)(cid:889)(cid:886),(cid:891)(cid:890)(cid:481)(cid:883),,,,,,,,,,,,,,,,,,,,,,,,,,,,,
(cid:884)(cid:890),(cid:22)(cid:151)(cid:142)(cid:131)(cid:153)(cid:135)(cid:149)(cid:139)(cid:3)(cid:23)(cid:135)(cid:144)(cid:137)(cid:137)(cid:131)(cid:148)(cid:131),(cid:891),(cid:884)(cid:891)(cid:891),(cid:885)(cid:882)(cid:890),(cid:891)(cid:889)(cid:481)(cid:883),,,,,,,,,,,,,,,,,,,,,,,,,,,,,
(cid:884)(cid:891),(cid:10)(cid:145)(cid:148)(cid:145)(cid:144)(cid:150)(cid:131)(cid:142)(cid:145),(cid:883),(cid:891)(cid:886),(cid:891)(cid:887),(cid:891)(cid:891)(cid:481)(cid:882),,,,,,,,,,,,,,,,,,,,,,,,,,,,,
(cid:885)(cid:882),(cid:22)(cid:151)(cid:142)(cid:131)(cid:153)(cid:135)(cid:149)(cid:139)(cid:3)(cid:5)(cid:131)(cid:148)(cid:131)(cid:150),(cid:884),(cid:891)(cid:888),(cid:891)(cid:890),(cid:891)(cid:890)(cid:481)(cid:882),,,,,,,,,,,,,,,,,,,,,,,,,,,,,
(cid:885)(cid:883),(cid:16)(cid:131)(cid:142)(cid:151)(cid:141)(cid:151),(cid:884)(cid:891),(cid:884)(cid:883)(cid:883),(cid:884)(cid:886)(cid:882),(cid:890)(cid:889)(cid:481)(cid:891),,,,,,,,,,,,,,,,,,,,,,,,,,,,,
(cid:885)(cid:884),(cid:16)(cid:131)(cid:142)(cid:151)(cid:141)(cid:151)(cid:3)(cid:24)(cid:150)(cid:131)(cid:148)(cid:131),(cid:883)(cid:887),(cid:883)(cid:885)(cid:887),(cid:883)(cid:887)(cid:882),(cid:891)(cid:882)(cid:481)(cid:882),,,,,,,,,,,,,,,,,,,,,,,,,,,,,
(cid:885)(cid:885),(cid:19)(cid:131)(cid:146)(cid:151)(cid:131),(cid:883)(cid:889),(cid:883)(cid:882)(cid:887),(cid:883)(cid:884)(cid:884),(cid:890)(cid:888)(cid:481)(cid:883),,,,,,,,,,,,,,,,,,,,,,,,,,,,,
(cid:885)(cid:886),(cid:19)(cid:131)(cid:146)(cid:151)(cid:131)(cid:3)(cid:5)(cid:131)(cid:148)(cid:131)(cid:150),(cid:889),(cid:888)(cid:891),(cid:889)(cid:888),(cid:891)(cid:882)(cid:481)(cid:890),,,,,,,,,,,,,,,,,,,,,,,,,,,,,
(cid:885)(cid:887),(cid:19)(cid:131)(cid:146)(cid:151)(cid:131)(cid:3)(cid:22)(cid:135)(cid:142)(cid:131)(cid:150)(cid:131)(cid:144),(cid:884)(cid:890),(cid:887)(cid:889),(cid:890)(cid:887),(cid:888)(cid:889)(cid:481)(cid:883),,,,,,,,,,,,,,,,,,,,,,,,,,,,,
(cid:885)(cid:888),(cid:19)(cid:131)(cid:146)(cid:151)(cid:131)(cid:3)(cid:23)(cid:135)(cid:144)(cid:137)(cid:131)(cid:138),(cid:887)(cid:885),(cid:888)(cid:890),(cid:883)(cid:884)(cid:883),(cid:887)(cid:888)(cid:481)(cid:884),,,,,,,,,,,,,,,,,,,,,,,,,,,,,
(cid:885)(cid:889) (cid:19)(cid:131)(cid:146)(cid:151)(cid:131)(cid:3)(cid:19)(cid:135)(cid:137)(cid:151)(cid:144)(cid:151)(cid:144)(cid:137)(cid:131)(cid:144) Indonesia (cid:885)(cid:890) (cid:19)(cid:131)(cid:146)(cid:151)(cid:131)(cid:3)(cid:5)(cid:131)(cid:148)(cid:131)(cid:150)(cid:3)(cid:7)(cid:131)(cid:155)(cid:131),,(cid:890)(cid:890) 34(cid:883)9(cid:887),(cid:888)(cid:889) 9.86(cid:890)3(cid:885),(cid:883)(cid:887)(cid:887) 10.21(cid:891)2(cid:890),"(cid:886)(cid:885)(cid:481)(cid:884) 9(cid:890)6(cid:886),(cid:481)6(cid:889)",,,,,,,,,,,,,,,,,,,,,,,,,,,,,
No,Provinsi,Jumlah Kabupaten Kota,Target Kabupaten Kota,Jumlah Kab/Kota yang Melaksanakan Kesehatan Kerja,,,Jumlah Puskesmas yang Meningkatkan Aktivitas Fisik,,,,,,,,,,,,,,,,,,,,,,,,,,,
,,,,Capaian,Persentase (Target),Persentase,Jumlah Puskesmas,Capaian,Persentase,,,,,,,,,,,,,,,,,,,,,,,,,
(1),(2),(3),(4),(5),(6),(7),(8),(9),(10),,,,,,,,,,,,,,,,,,,,,,,,,
(cid:883),(cid:4)(cid:133)(cid:135)(cid:138),(cid:884)(cid:885),(cid:3)(cid:3)(cid:3)(cid:3)(cid:3)(cid:3)(cid:3)(cid:3)(cid:3)(cid:3)(cid:3)(cid:3)(cid:3)(cid:3)(cid:3)(cid:3)(cid:3)(cid:3)(cid:3)(cid:3)(cid:3)(cid:3)(cid:883)(cid:890)(cid:3),(cid:884)(cid:884),(cid:883)(cid:883)(cid:891)(cid:481)(cid:888),(cid:891)(cid:887)(cid:481)(cid:889),(cid:3)(cid:3)(cid:3)(cid:3)(cid:3)(cid:3)(cid:3)(cid:3)(cid:3)(cid:3)(cid:3)(cid:3)(cid:3)(cid:3)(cid:3)(cid:3)(cid:3)(cid:3)(cid:3)(cid:885)(cid:888)(cid:888)(cid:3),(cid:885)(cid:883)(cid:890),(cid:890)(cid:888)(cid:481)(cid:891),,,,,,,,,,,,,,,,,,,,,,,,,
(cid:884),(cid:22)(cid:151)(cid:143)(cid:131)(cid:150)(cid:135)(cid:148)(cid:131)(cid:3)(cid:24)(cid:150)(cid:131)(cid:148)(cid:131),(cid:885)(cid:885),(cid:3)(cid:3)(cid:3)(cid:3)(cid:3)(cid:3)(cid:3)(cid:3)(cid:3)(cid:3)(cid:3)(cid:3)(cid:3)(cid:3)(cid:3)(cid:3)(cid:3)(cid:3)(cid:3)(cid:3)(cid:3)(cid:3)(cid:884)(cid:888)(cid:3),(cid:885)(cid:885),(cid:883)(cid:884)(cid:887)(cid:481)(cid:882),(cid:883)(cid:882)(cid:882)(cid:481)(cid:882),(cid:3)(cid:3)(cid:3)(cid:3)(cid:3)(cid:3)(cid:3)(cid:3)(cid:3)(cid:3)(cid:3)(cid:3)(cid:3)(cid:3)(cid:3)(cid:3)(cid:3)(cid:3)(cid:3)(cid:888)(cid:883)(cid:891)(cid:3),(cid:887)(cid:882)(cid:890),(cid:890)(cid:884)(cid:481)(cid:883),,,,,,,,,,,,,,,,,,,,,,,,,
(cid:885),(cid:22)(cid:151)(cid:143)(cid:131)(cid:150)(cid:135)(cid:148)(cid:131)(cid:3)(cid:5)(cid:131)(cid:148)(cid:131)(cid:150),(cid:883)(cid:891),(cid:3)(cid:3)(cid:3)(cid:3)(cid:3)(cid:3)(cid:3)(cid:3)(cid:3)(cid:3)(cid:3)(cid:3)(cid:3)(cid:3)(cid:3)(cid:3)(cid:3)(cid:3)(cid:3)(cid:3)(cid:3)(cid:3)(cid:883)(cid:887)(cid:3),(cid:883)(cid:887),(cid:891)(cid:890)(cid:481)(cid:889),(cid:889)(cid:890)(cid:481)(cid:891),(cid:3)(cid:3)(cid:3)(cid:3)(cid:3)(cid:3)(cid:3)(cid:3)(cid:3)(cid:3)(cid:3)(cid:3)(cid:3)(cid:3)(cid:3)(cid:3)(cid:3)(cid:3)(cid:3)(cid:884)(cid:890)(cid:882)(cid:3),(cid:884)(cid:889)(cid:890),(cid:891)(cid:891)(cid:481)(cid:885),,,,,,,,,,,,,,,,,,,,,,,,,
(cid:886),(cid:21)(cid:139)(cid:131)(cid:151),(cid:883)(cid:884),(cid:3)(cid:3)(cid:3)(cid:3)(cid:3)(cid:3)(cid:3)(cid:3)(cid:3)(cid:3)(cid:3)(cid:3)(cid:3)(cid:3)(cid:3)(cid:3)(cid:3)(cid:3)(cid:3)(cid:3)(cid:3)(cid:3)(cid:883)(cid:882)(cid:3),(cid:889),(cid:889)(cid:884)(cid:481)(cid:891),(cid:887)(cid:890)(cid:481)(cid:885),(cid:3)(cid:3)(cid:3)(cid:3)(cid:3)(cid:3)(cid:3)(cid:3)(cid:3)(cid:3)(cid:3)(cid:3)(cid:3)(cid:3)(cid:3)(cid:3)(cid:3)(cid:3)(cid:3)(cid:884)(cid:885)(cid:891)(cid:3),(cid:884)(cid:883)(cid:886),(cid:890)(cid:891)(cid:481)(cid:887),,,,,,,,,,,,,,,,,,,,,,,,,
(cid:887),(cid:13)(cid:131)(cid:143)(cid:132)(cid:139),(cid:883)(cid:883),(cid:3)(cid:3)(cid:3)(cid:3)(cid:3)(cid:3)(cid:3)(cid:3)(cid:3)(cid:3)(cid:3)(cid:3)(cid:3)(cid:3)(cid:3)(cid:3)(cid:3)(cid:3)(cid:3)(cid:3)(cid:3)(cid:3)(cid:3)(cid:3)(cid:3)(cid:891)(cid:3),(cid:891),(cid:883)(cid:882)(cid:884)(cid:481)(cid:885),(cid:890)(cid:883)(cid:481)(cid:890),(cid:3)(cid:3)(cid:3)(cid:3)(cid:3)(cid:3)(cid:3)(cid:3)(cid:3)(cid:3)(cid:3)(cid:3)(cid:3)(cid:3)(cid:3)(cid:3)(cid:3)(cid:3)(cid:3)(cid:884)(cid:882)(cid:890)(cid:3),(cid:883)(cid:888)(cid:889),(cid:890)(cid:882)(cid:481)(cid:885),,,,,,,,,,,,,,,,,,,,,,,,,
(cid:888),(cid:22)(cid:151)(cid:143)(cid:131)(cid:150)(cid:135)(cid:148)(cid:131)(cid:3)(cid:22)(cid:135)(cid:142)(cid:131)(cid:150)(cid:131)(cid:144),(cid:883)(cid:889),(cid:3)(cid:3)(cid:3)(cid:3)(cid:3)(cid:3)(cid:3)(cid:3)(cid:3)(cid:3)(cid:3)(cid:3)(cid:3)(cid:3)(cid:3)(cid:3)(cid:3)(cid:3)(cid:3)(cid:3)(cid:3)(cid:3)(cid:883)(cid:886)(cid:3),(cid:883)(cid:888),(cid:883)(cid:883)(cid:889)(cid:481)(cid:888),(cid:891)(cid:886)(cid:481)(cid:883),(cid:3)(cid:3)(cid:3)(cid:3)(cid:3)(cid:3)(cid:3)(cid:3)(cid:3)(cid:3)(cid:3)(cid:3)(cid:3)(cid:3)(cid:3)(cid:3)(cid:3)(cid:3)(cid:3)(cid:885)(cid:887)(cid:882)(cid:3),(cid:885)(cid:882)(cid:884),(cid:890)(cid:888)(cid:481)(cid:885),,,,,,,,,,,,,,,,,,,,,,,,,
(cid:889),(cid:5)(cid:135)(cid:144)(cid:137)(cid:141)(cid:151)(cid:142)(cid:151),(cid:883)(cid:882),(cid:3)(cid:3)(cid:3)(cid:3)(cid:3)(cid:3)(cid:3)(cid:3)(cid:3)(cid:3)(cid:3)(cid:3)(cid:3)(cid:3)(cid:3)(cid:3)(cid:3)(cid:3)(cid:3)(cid:3)(cid:3)(cid:3)(cid:3)(cid:3)(cid:3)(cid:890)(cid:3),(cid:883)(cid:882),(cid:883)(cid:884)(cid:887)(cid:481)(cid:882),(cid:883)(cid:882)(cid:882)(cid:481)(cid:882),(cid:3)(cid:3)(cid:3)(cid:3)(cid:3)(cid:3)(cid:3)(cid:3)(cid:3)(cid:3)(cid:3)(cid:3)(cid:3)(cid:3)(cid:3)(cid:3)(cid:3)(cid:3)(cid:3)(cid:883)(cid:889)(cid:891)(cid:3),(cid:883)(cid:888)(cid:887),(cid:891)(cid:884)(cid:481)(cid:884),,,,,,,,,,,,,,,,,,,,,,,,,
(cid:890),(cid:15)(cid:131)(cid:143)(cid:146)(cid:151)(cid:144)(cid:137),(cid:883)(cid:887),(cid:3)(cid:3)(cid:3)(cid:3)(cid:3)(cid:3)(cid:3)(cid:3)(cid:3)(cid:3)(cid:3)(cid:3)(cid:3)(cid:3)(cid:3)(cid:3)(cid:3)(cid:3)(cid:3)(cid:3)(cid:3)(cid:3)(cid:883)(cid:884)(cid:3),(cid:889),(cid:887)(cid:890)(cid:481)(cid:885),(cid:886)(cid:888)(cid:481)(cid:889),(cid:3)(cid:3)(cid:3)(cid:3)(cid:3)(cid:3)(cid:3)(cid:3)(cid:3)(cid:3)(cid:3)(cid:3)(cid:3)(cid:3)(cid:3)(cid:3)(cid:3)(cid:3)(cid:3)(cid:885)(cid:884)(cid:882)(cid:3),(cid:884)(cid:890)(cid:889),(cid:890)(cid:891)(cid:481)(cid:889),,,,,,,,,,,,,,,,,,,,,,,,,
(cid:891),(cid:14)(cid:135)(cid:146)(cid:484)(cid:3)(cid:5)(cid:131)(cid:144)(cid:137)(cid:141)(cid:131)(cid:3)(cid:5)(cid:135)(cid:142)(cid:139)(cid:150)(cid:151)(cid:144)(cid:137),(cid:889),(cid:3)(cid:3)(cid:3)(cid:3)(cid:3)(cid:3)(cid:3)(cid:3)(cid:3)(cid:3)(cid:3)(cid:3)(cid:3)(cid:3)(cid:3)(cid:3)(cid:3)(cid:3)(cid:3)(cid:3)(cid:3)(cid:3)(cid:3)(cid:3)(cid:3)(cid:888)(cid:3),(cid:889),(cid:883)(cid:884)(cid:887)(cid:481)(cid:882),(cid:883)(cid:882)(cid:882)(cid:481)(cid:882),(cid:3)(cid:3)(cid:3)(cid:3)(cid:3)(cid:3)(cid:3)(cid:3)(cid:3)(cid:3)(cid:3)(cid:3)(cid:3)(cid:3)(cid:3)(cid:3)(cid:3)(cid:3)(cid:3)(cid:3)(cid:3)(cid:3)(cid:888)(cid:886)(cid:3),(cid:888)(cid:885),(cid:891)(cid:890)(cid:481)(cid:886),,,,,,,,,,,,,,,,,,,,,,,,,
(cid:883)(cid:882),(cid:14)(cid:135)(cid:146)(cid:151)(cid:142)(cid:131)(cid:151)(cid:131)(cid:144)(cid:3)(cid:21)(cid:139)(cid:131)(cid:151),(cid:889),(cid:3)(cid:3)(cid:3)(cid:3)(cid:3)(cid:3)(cid:3)(cid:3)(cid:3)(cid:3)(cid:3)(cid:3)(cid:3)(cid:3)(cid:3)(cid:3)(cid:3)(cid:3)(cid:3)(cid:3)(cid:3)(cid:3)(cid:3)(cid:3)(cid:3)(cid:888)(cid:3),(cid:889),(cid:883)(cid:884)(cid:887)(cid:481)(cid:882),(cid:883)(cid:882)(cid:882)(cid:481)(cid:882),(cid:3)(cid:3)(cid:3)(cid:3)(cid:3)(cid:3)(cid:3)(cid:3)(cid:3)(cid:3)(cid:3)(cid:3)(cid:3)(cid:3)(cid:3)(cid:3)(cid:3)(cid:3)(cid:3)(cid:3)(cid:3)(cid:3)(cid:891)(cid:888)(cid:3),(cid:890)(cid:882),(cid:890)(cid:885)(cid:481)(cid:885),,,,,,,,,,,,,,,,,,,,,,,,,
(cid:883)(cid:883),(cid:7)(cid:14)(cid:12)(cid:3)(cid:13)(cid:131)(cid:141)(cid:131)(cid:148)(cid:150)(cid:131),(cid:888),(cid:3)(cid:3)(cid:3)(cid:3)(cid:3)(cid:3)(cid:3)(cid:3)(cid:3)(cid:3)(cid:3)(cid:3)(cid:3)(cid:3)(cid:3)(cid:3)(cid:3)(cid:3)(cid:3)(cid:3)(cid:3)(cid:3)(cid:3)(cid:3)(cid:3)(cid:887)(cid:3),(cid:888),(cid:883)(cid:884)(cid:887)(cid:481)(cid:882),(cid:883)(cid:882)(cid:882)(cid:481)(cid:882),(cid:3)(cid:3)(cid:3)(cid:3)(cid:3)(cid:3)(cid:3)(cid:3)(cid:3)(cid:3)(cid:3)(cid:3)(cid:3)(cid:3)(cid:3)(cid:3)(cid:3)(cid:3)(cid:3)(cid:3)(cid:3)(cid:3)(cid:886)(cid:886)(cid:3),(cid:886)(cid:886),(cid:883)(cid:882)(cid:882)(cid:481)(cid:882),,,,,,,,,,,,,,,,,,,,,,,,,
(cid:883)(cid:884),(cid:13)(cid:131)(cid:153)(cid:131)(cid:3)(cid:5)(cid:131)(cid:148)(cid:131)(cid:150),(cid:884)(cid:889),(cid:3)(cid:3)(cid:3)(cid:3)(cid:3)(cid:3)(cid:3)(cid:3)(cid:3)(cid:3)(cid:3)(cid:3)(cid:3)(cid:3)(cid:3)(cid:3)(cid:3)(cid:3)(cid:3)(cid:3)(cid:3)(cid:3)(cid:884)(cid:884)(cid:3),(cid:884)(cid:889),(cid:883)(cid:884)(cid:887)(cid:481)(cid:882),(cid:883)(cid:882)(cid:882)(cid:481)(cid:882),(cid:3)(cid:3)(cid:3)(cid:3)(cid:3)(cid:3)(cid:3)(cid:3)(cid:3)(cid:3)(cid:3)(cid:3)(cid:3)(cid:3)(cid:3)(cid:3)(cid:883)(cid:484)(cid:883)(cid:882)(cid:888)(cid:3),(cid:883)(cid:882)(cid:885)(cid:891),(cid:891)(cid:885)(cid:481)(cid:891),,,,,,,,,,,,,,,,,,,,,,,,,
(cid:883)(cid:885),(cid:13)(cid:131)(cid:153)(cid:131)(cid:3)(cid:23)(cid:135)(cid:144)(cid:137)(cid:131)(cid:138),(cid:885)(cid:887),(cid:3)(cid:3)(cid:3)(cid:3)(cid:3)(cid:3)(cid:3)(cid:3)(cid:3)(cid:3)(cid:3)(cid:3)(cid:3)(cid:3)(cid:3)(cid:3)(cid:3)(cid:3)(cid:3)(cid:3)(cid:3)(cid:3)(cid:884)(cid:890)(cid:3),(cid:885)(cid:885),(cid:883)(cid:883)(cid:889)(cid:481)(cid:891),(cid:891)(cid:886)(cid:481)(cid:885),(cid:3)(cid:3)(cid:3)(cid:3)(cid:3)(cid:3)(cid:3)(cid:3)(cid:3)(cid:3)(cid:3)(cid:3)(cid:3)(cid:3)(cid:3)(cid:3)(cid:3)(cid:3)(cid:3)(cid:890)(cid:890)(cid:883)(cid:3),(cid:890)(cid:888)(cid:889),(cid:891)(cid:890)(cid:481)(cid:886),,,,,,,,,,,,,,,,,,,,,,,,,
(cid:883)(cid:886),(cid:7)(cid:12)(cid:3)(cid:28)(cid:145)(cid:137)(cid:155)(cid:131)(cid:141)(cid:131)(cid:148)(cid:150)(cid:131),(cid:887) (cid:885)(cid:890),(cid:3)(cid:3)(cid:3)(cid:3)(cid:3)(cid:3)(cid:3)(cid:3)(cid:3)(cid:3)(cid:3)(cid:3)(cid:3)(cid:3)(cid:3)(cid:3)(cid:3)(cid:3)(cid:3)(cid:3)(cid:3)(cid:3)(cid:3)(cid:3)(cid:3)(cid:886)(cid:3) (cid:3)(cid:3)(cid:3)(cid:3)(cid:3)(cid:3)(cid:3)(cid:3)(cid:3)(cid:3)(cid:3)(cid:3)(cid:3)(cid:3)(cid:3)(cid:3)(cid:3)(cid:3)(cid:3)(cid:3)(cid:3)(cid:3)(cid:885)(cid:882)(cid:3),(cid:887) (cid:885)(cid:888),(cid:883)(cid:884)(cid:887)(cid:481)(cid:882) (cid:883)(cid:883)(cid:890)(cid:481)(cid:886),(cid:883)(cid:882)(cid:882)(cid:481)(cid:882) (cid:891)(cid:886)(cid:481)(cid:889),(cid:3)(cid:3)(cid:3)(cid:3)(cid:3)(cid:3)(cid:3)(cid:3)(cid:3)(cid:3)(cid:3)(cid:3)(cid:3)(cid:3)(cid:3)(cid:3)(cid:3)(cid:3)(cid:3)(cid:883)(cid:884)(cid:883)(cid:3),(cid:883)(cid:884)(cid:883),(cid:883)(cid:882)(cid:882)(cid:481)(cid:882),,,,,,,,,,,,,,,,,,,,,,,,,
(cid:883)(cid:887),(cid:13)(cid:131)(cid:153)(cid:131)(cid:3)(cid:23)(cid:139)(cid:143)(cid:151)(cid:148),,,,,,(cid:3)(cid:3)(cid:3)(cid:3)(cid:3)(cid:3)(cid:3)(cid:3)(cid:3)(cid:3)(cid:3)(cid:3)(cid:3)(cid:3)(cid:3)(cid:3)(cid:3)(cid:3)(cid:3)(cid:3)(cid:3)(cid:3)(cid:884)(cid:886)(cid:3),(cid:884)(cid:886),(cid:883)(cid:882)(cid:882)(cid:481)(cid:882),,,,,,,,,,,,,,,,,,,,,,,,,
(cid:883)(cid:888),(cid:5)(cid:131)(cid:144)(cid:150)(cid:135)(cid:144),(cid:890),(cid:3)(cid:3)(cid:3)(cid:3)(cid:3)(cid:3)(cid:3)(cid:3)(cid:3)(cid:3)(cid:3)(cid:3)(cid:3)(cid:3)(cid:3)(cid:3)(cid:3)(cid:3)(cid:3)(cid:3)(cid:3)(cid:3)(cid:3)(cid:3)(cid:3)(cid:888)(cid:3),(cid:890),(cid:883)(cid:884)(cid:887)(cid:481)(cid:882),(cid:883)(cid:882)(cid:882)(cid:481)(cid:882),(cid:3)(cid:3)(cid:3)(cid:3)(cid:3)(cid:3)(cid:3)(cid:3)(cid:3)(cid:3)(cid:3)(cid:3)(cid:3)(cid:3)(cid:3)(cid:3)(cid:3)(cid:3)(cid:3)(cid:884)(cid:887)(cid:885)(cid:3),(cid:884)(cid:887)(cid:882),(cid:891)(cid:890)(cid:481)(cid:890),,,,,,,,,,,,,,,,,,,,,,,,,
(cid:883)(cid:889),(cid:5)(cid:131)(cid:142)(cid:139),(cid:891),(cid:3)(cid:3)(cid:3)(cid:3)(cid:3)(cid:3)(cid:3)(cid:3)(cid:3)(cid:3)(cid:3)(cid:3)(cid:3)(cid:3)(cid:3)(cid:3)(cid:3)(cid:3)(cid:3)(cid:3)(cid:3)(cid:3)(cid:3)(cid:3)(cid:3)(cid:889)(cid:3),(cid:891),(cid:883)(cid:884)(cid:887)(cid:481)(cid:882),(cid:883)(cid:882)(cid:882)(cid:481)(cid:882),(cid:3)(cid:3)(cid:3)(cid:3)(cid:3)(cid:3)(cid:3)(cid:3)(cid:3)(cid:3)(cid:3)(cid:3)(cid:3)(cid:3)(cid:3)(cid:3)(cid:3)(cid:3)(cid:3)(cid:883)(cid:884)(cid:882)(cid:3),(cid:883)(cid:884)(cid:882),(cid:883)(cid:882)(cid:882)(cid:481)(cid:882),,,,,,,,,,,,,,,,,,,,,,,,,
(cid:883)(cid:890),(cid:17)(cid:151)(cid:149)(cid:131)(cid:3)(cid:23)(cid:135)(cid:144)(cid:137)(cid:137)(cid:131)(cid:148)(cid:131)(cid:3)(cid:5)(cid:131)(cid:148)(cid:131)(cid:150),(cid:883)(cid:882),(cid:3)(cid:3)(cid:3)(cid:3)(cid:3)(cid:3)(cid:3)(cid:3)(cid:3)(cid:3)(cid:3)(cid:3)(cid:3)(cid:3)(cid:3)(cid:3)(cid:3)(cid:3)(cid:3)(cid:3)(cid:3)(cid:3)(cid:3)(cid:3)(cid:3)(cid:890)(cid:3),(cid:883)(cid:882),(cid:883)(cid:884)(cid:887)(cid:481)(cid:882),(cid:883)(cid:882)(cid:882)(cid:481)(cid:882),(cid:3)(cid:3)(cid:3)(cid:3)(cid:3)(cid:3)(cid:3)(cid:3)(cid:3)(cid:3)(cid:3)(cid:3)(cid:3)(cid:3)(cid:3)(cid:3)(cid:3)(cid:3)(cid:3)(cid:883)(cid:889)(cid:889)(cid:3),(cid:883)(cid:888)(cid:886),(cid:891)(cid:884)(cid:481)(cid:889),,,,,,,,,,,,,,,,,,,,,,,,,
(cid:883)(cid:891),(cid:17)(cid:151)(cid:149)(cid:131)(cid:3)(cid:23)(cid:135)(cid:144)(cid:137)(cid:137)(cid:131)(cid:148)(cid:131)(cid:3)(cid:23)(cid:139)(cid:143)(cid:151)(cid:148),(cid:884)(cid:884),(cid:3)(cid:3)(cid:3)(cid:3)(cid:3)(cid:3)(cid:3)(cid:3)(cid:3)(cid:3)(cid:3)(cid:3)(cid:3)(cid:3)(cid:3)(cid:3)(cid:3)(cid:3)(cid:3)(cid:3)(cid:3)(cid:3)(cid:883)(cid:890)(cid:3),(cid:883)(cid:883),(cid:888)(cid:884)(cid:481)(cid:887),(cid:887)(cid:882)(cid:481)(cid:882),(cid:3)(cid:3)(cid:3)(cid:3)(cid:3)(cid:3)(cid:3)(cid:3)(cid:3)(cid:3)(cid:3)(cid:3)(cid:3)(cid:3)(cid:3)(cid:3)(cid:3)(cid:3)(cid:3)(cid:886)(cid:885)(cid:887)(cid:3),(cid:885)(cid:883)(cid:883),(cid:889)(cid:883)(cid:481)(cid:887),,,,,,,,,,,,,,,,,,,,,,,,,
(cid:884)(cid:882),(cid:14)(cid:131)(cid:142)(cid:139)(cid:143)(cid:131)(cid:144)(cid:150)(cid:131)(cid:144)(cid:3)(cid:5)(cid:131)(cid:148)(cid:131)(cid:150),(cid:883)(cid:886),(cid:3)(cid:3)(cid:3)(cid:3)(cid:3)(cid:3)(cid:3)(cid:3)(cid:3)(cid:3)(cid:3)(cid:3)(cid:3)(cid:3)(cid:3)(cid:3)(cid:3)(cid:3)(cid:3)(cid:3)(cid:3)(cid:3)(cid:883)(cid:883)(cid:3),(cid:883)(cid:885),(cid:883)(cid:883)(cid:888)(cid:481)(cid:883),(cid:891)(cid:884)(cid:481)(cid:891),(cid:3)(cid:3)(cid:3)(cid:3)(cid:3)(cid:3)(cid:3)(cid:3)(cid:3)(cid:3)(cid:3)(cid:3)(cid:3)(cid:3)(cid:3)(cid:3)(cid:3)(cid:3)(cid:3)(cid:884)(cid:886)(cid:891)(cid:3),(cid:884)(cid:885)(cid:882),(cid:891)(cid:884)(cid:481)(cid:886),,,,,,,,,,,,,,,,,,,,,,,,,
(cid:884)(cid:883),(cid:14)(cid:131)(cid:142)(cid:139)(cid:143)(cid:131)(cid:144)(cid:150)(cid:131)(cid:144)(cid:3)(cid:23)(cid:135)(cid:144)(cid:137)(cid:131)(cid:138),(cid:883)(cid:886),(cid:3)(cid:3)(cid:3)(cid:3)(cid:3)(cid:3)(cid:3)(cid:3)(cid:3)(cid:3)(cid:3)(cid:3)(cid:3)(cid:3)(cid:3)(cid:3)(cid:3)(cid:3)(cid:3)(cid:3)(cid:3)(cid:3)(cid:883)(cid:883)(cid:3),(cid:891),(cid:890)(cid:882)(cid:481)(cid:886),(cid:888)(cid:886)(cid:481)(cid:885),(cid:3)(cid:3)(cid:3)(cid:3)(cid:3)(cid:3)(cid:3)(cid:3)(cid:3)(cid:3)(cid:3)(cid:3)(cid:3)(cid:3)(cid:3)(cid:3)(cid:3)(cid:3)(cid:3)(cid:884)(cid:882)(cid:886)(cid:3),(cid:883)(cid:883)(cid:884),(cid:887)(cid:886)(cid:481)(cid:891),,,,,,,,,,,,,,,,,,,,,,,,,
(cid:884)(cid:884),(cid:14)(cid:131)(cid:142)(cid:139)(cid:143)(cid:131)(cid:144)(cid:150)(cid:131)(cid:144)(cid:3)(cid:22)(cid:135)(cid:142)(cid:131)(cid:150)(cid:131)(cid:144),(cid:883)(cid:885),(cid:3)(cid:3)(cid:3)(cid:3)(cid:3)(cid:3)(cid:3)(cid:3)(cid:3)(cid:3)(cid:3)(cid:3)(cid:3)(cid:3)(cid:3)(cid:3)(cid:3)(cid:3)(cid:3)(cid:3)(cid:3)(cid:3)(cid:883)(cid:882)(cid:3),(cid:883)(cid:883),(cid:883)(cid:882)(cid:887)(cid:481)(cid:890),(cid:890)(cid:886)(cid:481)(cid:888),(cid:3)(cid:3)(cid:3)(cid:3)(cid:3)(cid:3)(cid:3)(cid:3)(cid:3)(cid:3)(cid:3)(cid:3)(cid:3)(cid:3)(cid:3)(cid:3)(cid:3)(cid:3)(cid:3)(cid:884)(cid:886)(cid:884)(cid:3),(cid:884)(cid:884)(cid:891),(cid:891)(cid:886)(cid:481)(cid:888),,,,,,,,,,,,,,,,,,,,,,,,,
(cid:884)(cid:885),(cid:14)(cid:131)(cid:142)(cid:139)(cid:143)(cid:131)(cid:144)(cid:150)(cid:131)(cid:144)(cid:3)(cid:23)(cid:139)(cid:143)(cid:151)(cid:148),(cid:883)(cid:882),(cid:3)(cid:3)(cid:3)(cid:3)(cid:3)(cid:3)(cid:3)(cid:3)(cid:3)(cid:3)(cid:3)(cid:3)(cid:3)(cid:3)(cid:3)(cid:3)(cid:3)(cid:3)(cid:3)(cid:3)(cid:3)(cid:3)(cid:3)(cid:3)(cid:3)(cid:890)(cid:3),(cid:883)(cid:882),(cid:883)(cid:884)(cid:887)(cid:481)(cid:882),(cid:883)(cid:882)(cid:882)(cid:481)(cid:882),(cid:3)(cid:3)(cid:3)(cid:3)(cid:3)(cid:3)(cid:3)(cid:3)(cid:3)(cid:3)(cid:3)(cid:3)(cid:3)(cid:3)(cid:3)(cid:3)(cid:3)(cid:3)(cid:3)(cid:883)(cid:890)(cid:890)(cid:3),(cid:883)(cid:884)(cid:890),(cid:888)(cid:890)(cid:481)(cid:883),,,,,,,,,,,,,,,,,,,,,,,,,
(cid:884)(cid:886),(cid:14)(cid:131)(cid:142)(cid:139)(cid:143)(cid:131)(cid:144)(cid:150)(cid:131)(cid:144)(cid:3)(cid:24)(cid:150)(cid:131)(cid:148)(cid:131),(cid:887),(cid:3)(cid:3)(cid:3)(cid:3)(cid:3)(cid:3)(cid:3)(cid:3)(cid:3)(cid:3)(cid:3)(cid:3)(cid:3)(cid:3)(cid:3)(cid:3)(cid:3)(cid:3)(cid:3)(cid:3)(cid:3)(cid:3)(cid:3)(cid:3)(cid:3)(cid:886)(cid:3),(cid:887),(cid:883)(cid:884)(cid:887)(cid:481)(cid:882),(cid:883)(cid:882)(cid:882)(cid:481)(cid:882),(cid:3)(cid:3)(cid:3)(cid:3)(cid:3)(cid:3)(cid:3)(cid:3)(cid:3)(cid:3)(cid:3)(cid:3)(cid:3)(cid:3)(cid:3)(cid:3)(cid:3)(cid:3)(cid:3)(cid:3)(cid:3)(cid:3)(cid:887)(cid:890)(cid:3),(cid:883)(cid:885),(cid:884)(cid:884)(cid:481)(cid:886),,,,,,,,,,,,,,,,,,,,,,,,,
(cid:884)(cid:887),(cid:22)(cid:151)(cid:142)(cid:131)(cid:153)(cid:135)(cid:149)(cid:139)(cid:3)(cid:24)(cid:150)(cid:131)(cid:148)(cid:131),(cid:883)(cid:887),(cid:3)(cid:3)(cid:3)(cid:3)(cid:3)(cid:3)(cid:3)(cid:3)(cid:3)(cid:3)(cid:3)(cid:3)(cid:3)(cid:3)(cid:3)(cid:3)(cid:3)(cid:3)(cid:3)(cid:3)(cid:3)(cid:3)(cid:883)(cid:884)(cid:3),(cid:883)(cid:887),(cid:883)(cid:884)(cid:887)(cid:481)(cid:882),(cid:883)(cid:882)(cid:882)(cid:481)(cid:882),(cid:3)(cid:3)(cid:3)(cid:3)(cid:3)(cid:3)(cid:3)(cid:3)(cid:3)(cid:3)(cid:3)(cid:3)(cid:3)(cid:3)(cid:3)(cid:3)(cid:3)(cid:3)(cid:3)(cid:883)(cid:891)(cid:891)(cid:3),(cid:883)(cid:891)(cid:889),(cid:891)(cid:891)(cid:481)(cid:882),,,,,,,,,,,,,,,,,,,,,,,,,
(cid:884)(cid:888),(cid:22)(cid:151)(cid:142)(cid:131)(cid:153)(cid:135)(cid:149)(cid:139)(cid:3)(cid:23)(cid:135)(cid:144)(cid:137)(cid:131)(cid:138),(cid:883)(cid:885),(cid:3)(cid:3)(cid:3)(cid:3)(cid:3)(cid:3)(cid:3)(cid:3)(cid:3)(cid:3)(cid:3)(cid:3)(cid:3)(cid:3)(cid:3)(cid:3)(cid:3)(cid:3)(cid:3)(cid:3)(cid:3)(cid:3)(cid:883)(cid:882)(cid:3),(cid:889),(cid:888)(cid:889)(cid:481)(cid:885),(cid:887)(cid:885)(cid:481)(cid:890),(cid:3)(cid:3)(cid:3)(cid:3)(cid:3)(cid:3)(cid:3)(cid:3)(cid:3)(cid:3)(cid:3)(cid:3)(cid:3)(cid:3)(cid:3)(cid:3)(cid:3)(cid:3)(cid:3)(cid:884)(cid:883)(cid:891)(cid:3),(cid:883)(cid:885)(cid:885),(cid:888)(cid:882)(cid:481)(cid:889),,,,,,,,,,,,,,,,,,,,,,,,,
(cid:884)(cid:889),(cid:22)(cid:151)(cid:142)(cid:131)(cid:153)(cid:135)(cid:149)(cid:139)(cid:3)(cid:22)(cid:135)(cid:142)(cid:131)(cid:150)(cid:131)(cid:144),(cid:884)(cid:886),(cid:3)(cid:3)(cid:3)(cid:3)(cid:3)(cid:3)(cid:3)(cid:3)(cid:3)(cid:3)(cid:3)(cid:3)(cid:3)(cid:3)(cid:3)(cid:3)(cid:3)(cid:3)(cid:3)(cid:3)(cid:3)(cid:3)(cid:883)(cid:891)(cid:3),(cid:884)(cid:883),(cid:883)(cid:882)(cid:891)(cid:481)(cid:886),(cid:890)(cid:889)(cid:481)(cid:887),(cid:3)(cid:3)(cid:3)(cid:3)(cid:3)(cid:3)(cid:3)(cid:3)(cid:3)(cid:3)(cid:3)(cid:3)(cid:3)(cid:3)(cid:3)(cid:3)(cid:3)(cid:3)(cid:3)(cid:886)(cid:889)(cid:886)(cid:3),(cid:886)(cid:885)(cid:882),(cid:891)(cid:882)(cid:481)(cid:889),,,,,,,,,,,,,,,,,,,,,,,,,
(cid:884)(cid:890),(cid:22)(cid:151)(cid:142)(cid:131)(cid:153)(cid:135)(cid:149)(cid:139)(cid:3)(cid:23)(cid:135)(cid:144)(cid:137)(cid:137)(cid:131)(cid:148)(cid:131),(cid:883)(cid:889) (cid:888),(cid:3)(cid:3)(cid:3)(cid:3)(cid:3)(cid:3)(cid:3)(cid:3)(cid:3)(cid:3)(cid:3)(cid:3)(cid:3)(cid:3)(cid:3)(cid:3)(cid:3)(cid:3)(cid:3)(cid:3)(cid:3)(cid:3)(cid:883)(cid:886)(cid:3) (cid:3)(cid:3)(cid:3)(cid:3)(cid:3)(cid:3)(cid:3)(cid:3)(cid:3)(cid:3)(cid:3)(cid:3)(cid:3)(cid:3)(cid:3)(cid:3)(cid:3)(cid:3)(cid:3)(cid:3)(cid:3)(cid:3)(cid:3)(cid:3)(cid:3)(cid:887)(cid:3),(cid:883)(cid:887) (cid:887),(cid:883)(cid:883)(cid:882)(cid:481)(cid:885) (cid:883)(cid:882)(cid:886)(cid:481)(cid:884),(cid:890)(cid:890)(cid:481)(cid:884) (cid:890)(cid:885)(cid:481)(cid:885),(cid:3)(cid:3)(cid:3)(cid:3)(cid:3)(cid:3)(cid:3)(cid:3)(cid:3)(cid:3)(cid:3)(cid:3)(cid:3)(cid:3)(cid:3)(cid:3)(cid:3)(cid:3)(cid:3)(cid:885)(cid:882)(cid:890)(cid:3),(cid:883)(cid:888)(cid:885),(cid:887)(cid:884)(cid:481)(cid:891),,,,,,,,,,,,,,,,,,,,,,,,,
(cid:884)(cid:891),(cid:10)(cid:145)(cid:148)(cid:145)(cid:144)(cid:150)(cid:131)(cid:142)(cid:145),,,,,,(cid:3)(cid:3)(cid:3)(cid:3)(cid:3)(cid:3)(cid:3)(cid:3)(cid:3)(cid:3)(cid:3)(cid:3)(cid:3)(cid:3)(cid:3)(cid:3)(cid:3)(cid:3)(cid:3)(cid:3)(cid:3)(cid:3)(cid:891)(cid:887)(cid:3),(cid:890)(cid:889),(cid:891)(cid:883)(cid:481)(cid:888),,,,,,,,,,,,,,,,,,,,,,,,,
(cid:885)(cid:882),(cid:22)(cid:151)(cid:142)(cid:131)(cid:153)(cid:135)(cid:149)(cid:139)(cid:3)(cid:5)(cid:131)(cid:148)(cid:131)(cid:150),(cid:888),(cid:3)(cid:3)(cid:3)(cid:3)(cid:3)(cid:3)(cid:3)(cid:3)(cid:3)(cid:3)(cid:3)(cid:3)(cid:3)(cid:3)(cid:3)(cid:3)(cid:3)(cid:3)(cid:3)(cid:3)(cid:3)(cid:3)(cid:3)(cid:3)(cid:3)(cid:887)(cid:3),(cid:888),(cid:883)(cid:884)(cid:887)(cid:481)(cid:882),(cid:883)(cid:882)(cid:882)(cid:481)(cid:882),(cid:3)(cid:3)(cid:3)(cid:3)(cid:3)(cid:3)(cid:3)(cid:3)(cid:3)(cid:3)(cid:3)(cid:3)(cid:3)(cid:3)(cid:3)(cid:3)(cid:3)(cid:3)(cid:3)(cid:3)(cid:3)(cid:3)(cid:891)(cid:890)(cid:3),(cid:884)(cid:890),(cid:884)(cid:890)(cid:481)(cid:888),,,,,,,,,,,,,,,,,,,,,,,,,
(cid:885)(cid:883),(cid:16)(cid:131)(cid:142)(cid:151)(cid:141)(cid:151),(cid:883)(cid:883),(cid:3)(cid:3)(cid:3)(cid:3)(cid:3)(cid:3)(cid:3)(cid:3)(cid:3)(cid:3)(cid:3)(cid:3)(cid:3)(cid:3)(cid:3)(cid:3)(cid:3)(cid:3)(cid:3)(cid:3)(cid:3)(cid:3)(cid:3)(cid:3)(cid:3)(cid:891)(cid:3),(cid:890),(cid:891)(cid:882)(cid:481)(cid:891),(cid:889)(cid:884)(cid:481)(cid:889),(cid:3)(cid:3)(cid:3)(cid:3)(cid:3)(cid:3)(cid:3)(cid:3)(cid:3)(cid:3)(cid:3)(cid:3)(cid:3)(cid:3)(cid:3)(cid:3)(cid:3)(cid:3)(cid:3)(cid:884)(cid:886)(cid:882)(cid:3),(cid:890)(cid:888),(cid:885)(cid:887)(cid:481)(cid:890),,,,,,,,,,,,,,,,,,,,,,,,,
(cid:885)(cid:884),(cid:16)(cid:131)(cid:142)(cid:151)(cid:141)(cid:151)(cid:3)(cid:24)(cid:150)(cid:131)(cid:148)(cid:131),(cid:883)(cid:882),(cid:3)(cid:3)(cid:3)(cid:3)(cid:3)(cid:3)(cid:3)(cid:3)(cid:3)(cid:3)(cid:3)(cid:3)(cid:3)(cid:3)(cid:3)(cid:3)(cid:3)(cid:3)(cid:3)(cid:3)(cid:3)(cid:3)(cid:3)(cid:3)(cid:3)(cid:890)(cid:3),(cid:891),(cid:883)(cid:883)(cid:884)(cid:481)(cid:887),(cid:891)(cid:882)(cid:481)(cid:882),(cid:3)(cid:3)(cid:3)(cid:3)(cid:3)(cid:3)(cid:3)(cid:3)(cid:3)(cid:3)(cid:3)(cid:3)(cid:3)(cid:3)(cid:3)(cid:3)(cid:3)(cid:3)(cid:3)(cid:883)(cid:887)(cid:882)(cid:3),(cid:883)(cid:885)(cid:887),(cid:891)(cid:882)(cid:481)(cid:882),,,,,,,,,,,,,,,,,,,,,,,,,
(cid:885)(cid:885),(cid:19)(cid:131)(cid:146)(cid:151)(cid:131)(cid:3)(cid:3),(cid:891),(cid:3)(cid:3)(cid:3)(cid:3)(cid:3)(cid:3)(cid:3)(cid:3)(cid:3)(cid:3)(cid:3)(cid:3)(cid:3)(cid:3)(cid:3)(cid:3)(cid:3)(cid:3)(cid:3)(cid:3)(cid:3)(cid:3)(cid:3)(cid:3)(cid:3)(cid:889)(cid:3),(cid:891),(cid:883)(cid:884)(cid:887)(cid:481)(cid:882),(cid:883)(cid:882)(cid:882)(cid:481)(cid:882),(cid:3)(cid:3)(cid:3)(cid:3)(cid:3)(cid:3)(cid:3)(cid:3)(cid:3)(cid:3)(cid:3)(cid:3)(cid:3)(cid:3)(cid:3)(cid:3)(cid:3)(cid:3)(cid:3)(cid:883)(cid:884)(cid:884)(cid:3),(cid:885)(cid:888),(cid:884)(cid:891)(cid:481)(cid:887),,,,,,,,,,,,,,,,,,,,,,,,,
(cid:885)(cid:886),(cid:19)(cid:131)(cid:146)(cid:151)(cid:131)(cid:3)(cid:5)(cid:131)(cid:148)(cid:131)(cid:150),(cid:889),(cid:3)(cid:3)(cid:3)(cid:3)(cid:3)(cid:3)(cid:3)(cid:3)(cid:3)(cid:3)(cid:3)(cid:3)(cid:3)(cid:3)(cid:3)(cid:3)(cid:3)(cid:3)(cid:3)(cid:3)(cid:3)(cid:3)(cid:3)(cid:3)(cid:3)(cid:888)(cid:3),(cid:884),(cid:885)(cid:887)(cid:481)(cid:889),(cid:884)(cid:890)(cid:481)(cid:888),(cid:3)(cid:3)(cid:3)(cid:3)(cid:3)(cid:3)(cid:3)(cid:3)(cid:3)(cid:3)(cid:3)(cid:3)(cid:3)(cid:3)(cid:3)(cid:3)(cid:3)(cid:3)(cid:3)(cid:3)(cid:3)(cid:3)(cid:889)(cid:888)(cid:3),(cid:891),(cid:883)(cid:883)(cid:481)(cid:890),,,,,,,,,,,,,,,,,,,,,,,,,
(cid:885)(cid:887),(cid:19)(cid:131)(cid:146)(cid:151)(cid:131)(cid:3)(cid:22)(cid:135)(cid:142)(cid:131)(cid:150)(cid:131)(cid:144),(cid:886),(cid:3)(cid:3)(cid:3)(cid:3)(cid:3)(cid:3)(cid:3)(cid:3)(cid:3)(cid:3)(cid:3)(cid:3)(cid:3)(cid:3)(cid:3)(cid:3)(cid:3)(cid:3)(cid:3)(cid:3)(cid:3)(cid:3)(cid:3)(cid:3)(cid:3)(cid:885)(cid:3),(cid:886),(cid:883)(cid:884)(cid:887)(cid:481)(cid:882),(cid:883)(cid:882)(cid:882)(cid:481)(cid:882),(cid:3)(cid:3)(cid:3)(cid:3)(cid:3)(cid:3)(cid:3)(cid:3)(cid:3)(cid:3)(cid:3)(cid:3)(cid:3)(cid:3)(cid:3)(cid:3)(cid:3)(cid:3)(cid:3)(cid:3)(cid:3)(cid:3)(cid:890)(cid:887)(cid:3),(cid:886)(cid:885),(cid:887)(cid:882)(cid:481)(cid:888),,,,,,,,,,,,,,,,,,,,,,,,,
(cid:885)(cid:888),(cid:19)(cid:131)(cid:146)(cid:151)(cid:131)(cid:3)(cid:23)(cid:135)(cid:144)(cid:137)(cid:131)(cid:138),(cid:890),(cid:3)(cid:3)(cid:3)(cid:3)(cid:3)(cid:3)(cid:3)(cid:3)(cid:3)(cid:3)(cid:3)(cid:3)(cid:3)(cid:3)(cid:3)(cid:3)(cid:3)(cid:3)(cid:3)(cid:3)(cid:3)(cid:3)(cid:3)(cid:3)(cid:3)(cid:888)(cid:3),(cid:882),(cid:882)(cid:481)(cid:882),(cid:882)(cid:481)(cid:882),(cid:3)(cid:3)(cid:3)(cid:3)(cid:3)(cid:3)(cid:3)(cid:3)(cid:3)(cid:3)(cid:3)(cid:3)(cid:3)(cid:3)(cid:3)(cid:3)(cid:3)(cid:3)(cid:3)(cid:883)(cid:884)(cid:884)(cid:3),(cid:882),(cid:882)(cid:481)(cid:882),,,,,,,,,,,,,,,,,,,,,,,,,
(cid:885)(cid:889) (cid:19)(cid:131)(cid:146)(cid:151)(cid:131)(cid:3)(cid:19)(cid:135)(cid:137)(cid:151)(cid:144)(cid:151)(cid:144)(cid:137)(cid:131)(cid:144) Indonesia,,(cid:888) 514,(cid:3)(cid:3)(cid:3)(cid:3)(cid:3)(cid:3)(cid:3)(cid:3)(cid:3)(cid:3)(cid:3)(cid:3)(cid:3)(cid:3)(cid:3)(cid:3)(cid:3)(cid:3)(cid:3)(cid:3)(cid:3)(cid:3)(cid:3)(cid:3)(cid:3)(cid:887)(cid:3) 411,(cid:882) 427,"(cid:882)(cid:481)(cid:882) 103,8","(cid:882)(cid:481)(cid:882) 83,1",(cid:3)(cid:3)(cid:3)(cid:3)(cid:3)(cid:3)(cid:3)(cid:3)(cid:3)(cid:3)(cid:3)(cid:3)(cid:3)(cid:3)(cid:3)(cid:3)(cid:3)(cid:3)(cid:3)(cid:883)(cid:887)(cid:887)(cid:3) 9.264,(cid:883)(cid:887) 7.412,"(cid:891)(cid:481)(cid:889) 80,0",,,,,,,,,,,,,,,,,,,,,,,,,
No,Provinsi,Pelaksanaan Kesehatan Kerja di Tempat Kerja,,,,,,Jumlah Instansi Pemerintah yang melaksanakan Pengukuran Kebugaran Jasmani,Jumlah Pembinaan Pemeriksaan Kebugaran Jasmani bagi Jemaah Haji,Jumlah Kelompok Olah Raga,,,,,,,,,,,,,,,,,,,,,,,,
,,Puskesmas,Perusahaan,POS UKK,GP2SP,K3 Perkantoran,RS,,,,,,,,,,,,,,,,,,,,,,,,,,,
(1),(2),(3),(4),(5),(6),(7),(8),(7),(8),(9),,,,,,,,,,,,,,,,,,,,,,,,
(cid:3)(cid:3)(cid:3)(cid:3)(cid:3)(cid:3)(cid:883)(cid:3),(cid:4)(cid:133)(cid:135)(cid:138),(cid:885)(cid:888)(cid:886),(cid:882),(cid:886)(cid:890),(cid:884),(cid:885)(cid:884),(cid:885)(cid:885),(cid:885)(cid:884),(cid:885)(cid:888)(cid:883)(cid:882),(cid:884)(cid:885),,,,,,,,,,,,,,,,,,,,,,,,
(cid:3)(cid:3)(cid:3)(cid:3)(cid:3)(cid:3)(cid:884)(cid:3),(cid:22)(cid:151)(cid:143)(cid:131)(cid:150)(cid:135)(cid:148)(cid:131)(cid:3)(cid:24)(cid:150)(cid:131)(cid:148)(cid:131),(cid:888)(cid:883)(cid:889),(cid:888),(cid:885)(cid:888)(cid:883),(cid:882),(cid:888)(cid:887),(cid:885)(cid:891),(cid:888)(cid:883),(cid:886)(cid:884)(cid:882)(cid:885),(cid:885)(cid:885),,,,,,,,,,,,,,,,,,,,,,,,
(cid:3)(cid:3)(cid:3)(cid:3)(cid:3)(cid:3)(cid:885)(cid:3),(cid:22)(cid:151)(cid:143)(cid:131)(cid:150)(cid:135)(cid:148)(cid:131)(cid:3)(cid:5)(cid:131)(cid:148)(cid:131)(cid:150),(cid:884)(cid:886)(cid:883),(cid:883)(cid:886),(cid:887)(cid:882)(cid:889),(cid:886)(cid:889),(cid:884)(cid:886)(cid:882),(cid:886)(cid:891),(cid:886)(cid:882)(cid:885),(cid:884)(cid:884)(cid:883)(cid:884),(cid:883)(cid:891),,,,,,,,,,,,,,,,,,,,,,,,
(cid:3)(cid:3)(cid:3)(cid:3)(cid:3)(cid:3)(cid:886)(cid:3),(cid:21)(cid:139)(cid:131)(cid:151),(cid:883)(cid:885)(cid:890),(cid:884),(cid:883)(cid:891)(cid:886),(cid:884),(cid:886),(cid:887)(cid:884),(cid:887)(cid:882)(cid:882),(cid:885)(cid:891)(cid:886)(cid:885),(cid:883)(cid:884),,,,,,,,,,,,,,,,,,,,,,,,
(cid:3)(cid:3)(cid:3)(cid:3)(cid:3)(cid:3)(cid:887)(cid:3),(cid:13)(cid:131)(cid:143)(cid:132)(cid:139),(cid:883)(cid:888)(cid:888),(cid:890)(cid:885)(cid:889),(cid:885)(cid:891)(cid:885),(cid:885)(cid:891),(cid:885)(cid:885),(cid:887)(cid:885),(cid:883)(cid:891)(cid:882),(cid:891)(cid:888)(cid:890),(cid:887)(cid:889)(cid:889),,,,,,,,,,,,,,,,,,,,,,,,
(cid:3)(cid:3)(cid:3)(cid:3)(cid:3)(cid:3)(cid:888)(cid:3),(cid:22)(cid:151)(cid:143)(cid:131)(cid:150)(cid:135)(cid:148)(cid:131)(cid:3)(cid:22)(cid:135)(cid:142)(cid:131)(cid:150)(cid:131)(cid:144),(cid:885)(cid:884)(cid:885),(cid:885)(cid:885),(cid:887)(cid:886)(cid:885),(cid:890)(cid:891),(cid:885)(cid:882)(cid:886),(cid:883)(cid:882)(cid:884),(cid:885)(cid:891)(cid:887),(cid:886)(cid:888)(cid:885)(cid:882),(cid:884)(cid:891)(cid:886),,,,,,,,,,,,,,,,,,,,,,,,
(cid:3)(cid:3)(cid:3)(cid:3)(cid:3)(cid:3)(cid:889)(cid:3),(cid:5)(cid:135)(cid:144)(cid:137)(cid:141)(cid:151)(cid:142)(cid:151),(cid:883)(cid:889)(cid:891),(cid:884)(cid:889)(cid:885),(cid:889)(cid:890)(cid:891),(cid:889),(cid:883)(cid:882)(cid:887),(cid:887)(cid:887),(cid:889)(cid:882),(cid:883)(cid:882)(cid:885)(cid:882),(cid:883)(cid:882),,,,,,,,,,,,,,,,,,,,,,,,
(cid:3)(cid:3)(cid:3)(cid:3)(cid:3)(cid:3)(cid:890)(cid:3),(cid:15)(cid:131)(cid:143)(cid:146)(cid:151)(cid:144)(cid:137),(cid:883)(cid:884)(cid:887),(cid:887)(cid:890),(cid:884)(cid:882)(cid:890),(cid:885)(cid:887),(cid:889)(cid:885),(cid:886)(cid:884),(cid:883)(cid:891)(cid:885),(cid:885)(cid:887)(cid:882)(cid:882),(cid:883)(cid:484)(cid:886)(cid:888)(cid:889),,,,,,,,,,,,,,,,,,,,,,,,
(cid:3)(cid:3)(cid:3)(cid:3)(cid:3)(cid:3)(cid:891)(cid:3),(cid:14)(cid:135)(cid:146)(cid:484)(cid:3)(cid:5)(cid:131)(cid:144)(cid:137)(cid:141)(cid:131)(cid:3)(cid:5)(cid:135)(cid:142)(cid:139)(cid:150)(cid:151)(cid:144)(cid:137),(cid:888)(cid:886),(cid:884)(cid:891),(cid:883)(cid:888)(cid:883),(cid:883)(cid:883),(cid:884)(cid:889),(cid:884)(cid:882),(cid:886)(cid:886),(cid:888)(cid:889)(cid:891),(cid:889),,,,,,,,,,,,,,,,,,,,,,,,
(cid:3)(cid:3)(cid:3)(cid:3)(cid:883)(cid:882),(cid:14)(cid:135)(cid:146)(cid:151)(cid:142)(cid:131)(cid:151)(cid:131)(cid:144)(cid:3)(cid:21)(cid:139)(cid:131)(cid:151),(cid:891)(cid:888),(cid:884)(cid:882),(cid:883)(cid:885)(cid:885),(cid:883)(cid:886),(cid:883)(cid:889)(cid:886),(cid:885)(cid:887),(cid:884)(cid:884)(cid:882),(cid:889)(cid:885)(cid:886),(cid:889),,,,,,,,,,,,,,,,,,,,,,,,
(cid:3)(cid:3)(cid:3)(cid:3)(cid:883)(cid:883),(cid:7)(cid:14)(cid:12)(cid:3)(cid:13)(cid:131)(cid:141)(cid:131)(cid:148)(cid:150)(cid:131),(cid:886)(cid:886),(cid:891)(cid:882),(cid:883)(cid:887)(cid:884),(cid:891)(cid:885),(cid:883)(cid:883)(cid:888),(cid:885)(cid:885),(cid:883)(cid:884)(cid:886),(cid:888)(cid:889)(cid:885)(cid:883),(cid:888),,,,,,,,,,,,,,,,,,,,,,,,
(cid:3)(cid:3)(cid:3)(cid:3)(cid:883)(cid:884),(cid:13)(cid:131)(cid:153)(cid:131)(cid:3)(cid:5)(cid:131)(cid:148)(cid:131)(cid:150),(cid:883)(cid:882)(cid:888)(cid:883),(cid:883)(cid:882)(cid:886)(cid:886)(cid:882),(cid:884)(cid:890)(cid:890)(cid:889),(cid:886)(cid:888)(cid:886),(cid:884)(cid:883)(cid:884),(cid:886)(cid:889)(cid:886),(cid:889)(cid:884)(cid:884),(cid:884)(cid:884)(cid:888)(cid:888)(cid:884),(cid:884)(cid:889),,,,,,,,,,,,,,,,,,,,,,,,
(cid:3)(cid:3)(cid:3)(cid:3)(cid:883)(cid:885),(cid:13)(cid:131)(cid:153)(cid:131)(cid:3)(cid:23)(cid:135)(cid:144)(cid:137)(cid:131)(cid:138),(cid:890)(cid:884)(cid:885),(cid:888)(cid:887)(cid:889),(cid:883)(cid:889)(cid:890)(cid:883),(cid:884)(cid:888)(cid:884),(cid:884)(cid:883)(cid:888),(cid:885)(cid:882)(cid:891),(cid:884)(cid:883)(cid:888)(cid:887),(cid:884)(cid:888)(cid:889)(cid:889)(cid:890),(cid:891)(cid:484)(cid:891)(cid:886)(cid:883),,,,,,,,,,,,,,,,,,,,,,,,
(cid:3)(cid:3)(cid:3)(cid:3)(cid:883)(cid:886),(cid:7)(cid:12)(cid:3)(cid:28)(cid:145)(cid:137)(cid:155)(cid:131)(cid:141)(cid:131)(cid:148)(cid:150)(cid:131),(cid:883)(cid:884)(cid:883),(cid:891)(cid:888),(cid:884)(cid:890)(cid:884),(cid:884)(cid:886),(cid:885)(cid:888),(cid:890)(cid:882),(cid:884)(cid:884)(cid:888),(cid:883)(cid:890)(cid:884)(cid:889),(cid:887),,,,,,,,,,,,,,,,,,,,,,,,
(cid:3)(cid:3)(cid:3)(cid:3)(cid:883)(cid:887),(cid:13)(cid:131)(cid:153)(cid:131)(cid:3)(cid:23)(cid:139)(cid:143)(cid:151)(cid:148),(cid:890)(cid:891)(cid:888),(cid:888)(cid:886)(cid:888)(cid:891),(cid:883)(cid:889)(cid:884)(cid:885),(cid:883)(cid:886)(cid:888),(cid:884)(cid:888)(cid:882)(cid:890),(cid:885)(cid:886)(cid:888),(cid:883)(cid:891)(cid:883)(cid:886),(cid:884)(cid:885)(cid:882)(cid:890)(cid:886),(cid:885)(cid:890),,,,,,,,,,,,,,,,,,,,,,,,
(cid:3)(cid:3)(cid:3)(cid:3)(cid:883)(cid:888),(cid:5)(cid:131)(cid:144)(cid:150)(cid:135)(cid:144),(cid:884)(cid:885)(cid:886),(cid:884)(cid:885)(cid:886),(cid:887)(cid:883)(cid:891),(cid:886)(cid:891),(cid:883)(cid:883)(cid:890),(cid:883)(cid:885)(cid:887),(cid:883)(cid:884)(cid:886),(cid:886)(cid:888)(cid:883)(cid:887),(cid:890),,,,,,,,,,,,,,,,,,,,,,,,
(cid:3)(cid:3)(cid:3)(cid:3)(cid:883)(cid:889),(cid:5)(cid:131)(cid:142)(cid:139),(cid:883)(cid:884)(cid:882),(cid:883)(cid:886)(cid:885),(cid:883)(cid:887)(cid:887),(cid:887)(cid:882),(cid:891)(cid:890),(cid:889)(cid:887),(cid:883)(cid:886)(cid:889),(cid:887)(cid:891)(cid:890),(cid:883)(cid:484)(cid:886)(cid:886)(cid:885),,,,,,,,,,,,,,,,,,,,,,,,
(cid:3)(cid:3)(cid:3)(cid:3)(cid:883)(cid:890),(cid:17)(cid:151)(cid:149)(cid:131)(cid:3)(cid:23)(cid:135)(cid:144)(cid:137)(cid:137)(cid:131)(cid:148)(cid:131)(cid:3)(cid:5)(cid:131)(cid:148)(cid:131)(cid:150),(cid:883)(cid:889)(cid:888),(cid:890)(cid:890),(cid:889)(cid:885)(cid:888),(cid:888)(cid:887),(cid:883)(cid:885)(cid:882),(cid:885)(cid:887),(cid:889)(cid:885),(cid:884)(cid:884)(cid:890)(cid:886),(cid:883)(cid:882),,,,,,,,,,,,,,,,,,,,,,,,
(cid:3)(cid:3)(cid:3)(cid:3)(cid:883)(cid:891),(cid:17)(cid:151)(cid:149)(cid:131)(cid:3)(cid:23)(cid:135)(cid:144)(cid:137)(cid:137)(cid:131)(cid:148)(cid:131)(cid:3)(cid:23)(cid:139)(cid:143)(cid:151)(cid:148),(cid:884)(cid:885)(cid:886),(cid:888)(cid:890),(cid:891)(cid:889)(cid:886),(cid:889),(cid:887)(cid:885),(cid:884)(cid:888),(cid:889)(cid:889),(cid:884)(cid:890)(cid:882),(cid:884)(cid:884),,,,,,,,,,,,,,,,,,,,,,,,
(cid:3)(cid:3)(cid:3)(cid:3)(cid:884)(cid:882),(cid:14)(cid:131)(cid:142)(cid:139)(cid:143)(cid:131)(cid:144)(cid:150)(cid:131)(cid:144)(cid:3)(cid:5)(cid:131)(cid:148)(cid:131)(cid:150),(cid:884)(cid:885)(cid:884),(cid:883)(cid:891)(cid:883),(cid:886)(cid:884)(cid:883),(cid:885)(cid:882),(cid:888)(cid:889),(cid:887)(cid:882),(cid:883)(cid:884)(cid:882),(cid:883)(cid:884)(cid:883)(cid:886),(cid:883)(cid:886)(cid:890),,,,,,,,,,,,,,,,,,,,,,,,
(cid:3)(cid:3)(cid:3)(cid:3)(cid:884)(cid:883),(cid:14)(cid:131)(cid:142)(cid:139)(cid:143)(cid:131)(cid:144)(cid:150)(cid:131)(cid:144)(cid:3)(cid:23)(cid:135)(cid:144)(cid:137)(cid:131)(cid:138),(cid:883)(cid:885)(cid:883),(cid:888)(cid:886),(cid:883)(cid:886)(cid:891),(cid:887)(cid:886),(cid:883)(cid:884)(cid:883),(cid:884)(cid:886),(cid:888)(cid:889),(cid:890)(cid:888)(cid:891),(cid:883)(cid:886),,,,,,,,,,,,,,,,,,,,,,,,
(cid:3)(cid:3)(cid:3)(cid:3)(cid:884)(cid:884),(cid:14)(cid:131)(cid:142)(cid:139)(cid:143)(cid:131)(cid:144)(cid:150)(cid:131)(cid:144)(cid:3)(cid:22)(cid:135)(cid:142)(cid:131)(cid:150)(cid:131)(cid:144),(cid:884)(cid:886)(cid:883),(cid:883)(cid:887),(cid:883)(cid:890)(cid:891),(cid:887),(cid:888)(cid:889),(cid:886)(cid:891),(cid:883)(cid:891)(cid:884),(cid:883)(cid:890)(cid:891)(cid:888),(cid:883)(cid:885),,,,,,,,,,,,,,,,,,,,,,,,
(cid:3)(cid:3)(cid:3)(cid:3)(cid:884)(cid:885),(cid:14)(cid:131)(cid:142)(cid:139)(cid:143)(cid:131)(cid:144)(cid:150)(cid:131)(cid:144)(cid:3)(cid:23)(cid:139)(cid:143)(cid:151)(cid:148),(cid:883)(cid:890)(cid:884),(cid:890)(cid:884),(cid:883)(cid:884)(cid:887),(cid:884)(cid:882),(cid:888)(cid:889),(cid:884)(cid:891),(cid:884)(cid:885)(cid:886),(cid:891)(cid:884)(cid:882),(cid:883)(cid:882),,,,,,,,,,,,,,,,,,,,,,,,
(cid:3)(cid:3)(cid:3)(cid:3)(cid:884)(cid:886),(cid:14)(cid:131)(cid:142)(cid:139)(cid:143)(cid:131)(cid:144)(cid:150)(cid:131)(cid:144)(cid:3)(cid:24)(cid:150)(cid:131)(cid:148)(cid:131),(cid:886)(cid:889),(cid:887)(cid:890),(cid:886)(cid:887),(cid:886)(cid:888),(cid:890)(cid:886),(cid:891),(cid:883)(cid:884),(cid:886)(cid:883)(cid:886),(cid:887),,,,,,,,,,,,,,,,,,,,,,,,
(cid:3)(cid:3)(cid:3)(cid:3)(cid:884)(cid:887),(cid:22)(cid:151)(cid:142)(cid:131)(cid:153)(cid:135)(cid:149)(cid:139)(cid:3)(cid:24)(cid:150)(cid:131)(cid:148)(cid:131),(cid:883)(cid:891)(cid:891),(cid:883)(cid:890),(cid:883)(cid:886)(cid:888),(cid:889)(cid:882),(cid:884)(cid:886)(cid:887),(cid:883)(cid:887),(cid:883)(cid:886)(cid:890),(cid:889)(cid:883)(cid:890),(cid:883)(cid:887),,,,,,,,,,,,,,,,,,,,,,,,
(cid:3)(cid:3)(cid:3)(cid:3)(cid:884)(cid:888),(cid:22)(cid:151)(cid:142)(cid:131)(cid:153)(cid:135)(cid:149)(cid:139)(cid:3)(cid:23)(cid:135)(cid:144)(cid:137)(cid:131)(cid:138),(cid:883)(cid:885)(cid:886),(cid:888)(cid:884),(cid:884)(cid:890)(cid:889),(cid:883)(cid:882),(cid:884)(cid:885),(cid:883)(cid:883),(cid:887)(cid:890)(cid:887),(cid:891)(cid:886)(cid:884),(cid:883)(cid:885),,,,,,,,,,,,,,,,,,,,,,,,
(cid:3)(cid:3)(cid:3)(cid:3)(cid:884)(cid:889),(cid:22)(cid:151)(cid:142)(cid:131)(cid:153)(cid:135)(cid:149)(cid:139)(cid:3)(cid:22)(cid:135)(cid:142)(cid:131)(cid:150)(cid:131)(cid:144),(cid:886)(cid:884)(cid:888),(cid:883)(cid:884)(cid:883)(cid:886),(cid:883)(cid:882)(cid:888)(cid:885),(cid:886)(cid:887),(cid:889)(cid:888)(cid:889),(cid:883)(cid:882)(cid:890),(cid:886)(cid:886)(cid:890),(cid:885)(cid:890)(cid:886)(cid:884),(cid:884)(cid:886),,,,,,,,,,,,,,,,,,,,,,,,
(cid:3)(cid:3)(cid:3)(cid:3)(cid:884)(cid:890),(cid:22)(cid:151)(cid:142)(cid:131)(cid:153)(cid:135)(cid:149)(cid:139)(cid:3)(cid:23)(cid:135)(cid:144)(cid:137)(cid:137)(cid:131)(cid:148)(cid:131),(cid:884)(cid:890)(cid:882),(cid:890)(cid:882),(cid:885)(cid:890)(cid:889),(cid:885)(cid:890),(cid:883)(cid:883)(cid:887),(cid:884)(cid:889),(cid:883)(cid:891)(cid:888),(cid:891)(cid:886)(cid:884),(cid:883)(cid:889),,,,,,,,,,,,,,,,,,,,,,,,
(cid:3)(cid:3)(cid:3)(cid:3)(cid:884)(cid:891),(cid:10)(cid:145)(cid:148)(cid:145)(cid:144)(cid:150)(cid:131)(cid:142)(cid:145),(cid:891)(cid:883),(cid:883)(cid:889),(cid:883)(cid:890)(cid:887),(cid:888)(cid:889),(cid:887)(cid:885)(cid:882),(cid:883)(cid:889),(cid:883)(cid:882)(cid:887),(cid:888)(cid:885)(cid:885),(cid:888),,,,,,,,,,,,,,,,,,,,,,,,
(cid:3)(cid:3)(cid:3)(cid:3)(cid:885)(cid:882),(cid:22)(cid:151)(cid:142)(cid:131)(cid:153)(cid:135)(cid:149)(cid:139)(cid:3)(cid:5)(cid:131)(cid:148)(cid:131)(cid:150),(cid:891)(cid:885),(cid:885)(cid:883),(cid:884)(cid:885)(cid:891),(cid:890),(cid:885)(cid:887),(cid:883)(cid:883),(cid:887)(cid:889),(cid:888)(cid:888)(cid:882),(cid:888),,,,,,,,,,,,,,,,,,,,,,,,
(cid:3)(cid:3)(cid:3)(cid:3)(cid:885)(cid:883),(cid:16)(cid:131)(cid:142)(cid:151)(cid:141)(cid:151),(cid:883)(cid:888)(cid:887),(cid:882),(cid:884)(cid:884)(cid:888),(cid:883)(cid:883),(cid:889)(cid:886),(cid:883)(cid:887),(cid:884)(cid:887),(cid:885)(cid:889)(cid:891),(cid:883)(cid:883),,,,,,,,,,,,,,,,,,,,,,,,
(cid:3)(cid:3)(cid:3)(cid:3)(cid:885)(cid:884),(cid:16)(cid:131)(cid:142)(cid:151)(cid:141)(cid:151)(cid:3)(cid:24)(cid:150)(cid:131)(cid:148)(cid:131),(cid:883)(cid:886)(cid:883),(cid:887),(cid:883)(cid:882)(cid:888),(cid:885)(cid:889),(cid:884)(cid:883)(cid:883),(cid:883)(cid:888),(cid:883)(cid:889)(cid:885),(cid:888)(cid:885)(cid:890),(cid:883)(cid:882),,,,,,,,,,,,,,,,,,,,,,,,
(cid:3)(cid:3)(cid:3)(cid:3)(cid:885)(cid:885),(cid:19)(cid:131)(cid:146)(cid:151)(cid:131),(cid:883)(cid:883)(cid:887),(cid:882),(cid:883)(cid:883)(cid:886),(cid:883),(cid:886)(cid:887),(cid:883)(cid:883),(cid:886)(cid:885),(cid:886)(cid:883)(cid:885),(cid:883)(cid:890),,,,,,,,,,,,,,,,,,,,,,,,
(cid:3)(cid:3)(cid:3)(cid:3)(cid:885)(cid:886),(cid:19)(cid:131)(cid:146)(cid:151)(cid:131)(cid:3)(cid:5)(cid:131)(cid:148)(cid:131)(cid:150),(cid:884)(cid:887),(cid:883)(cid:882)(cid:884),(cid:884)(cid:885),(cid:883)(cid:886),(cid:883)(cid:885),(cid:883),(cid:883),(cid:884)(cid:890)(cid:884),(cid:889),,,,,,,,,,,,,,,,,,,,,,,,
(cid:3)(cid:3)(cid:3)(cid:3)(cid:885)(cid:887),(cid:19)(cid:131)(cid:146)(cid:151)(cid:131)(cid:3)(cid:22)(cid:135)(cid:142)(cid:131)(cid:150)(cid:131)(cid:144),(cid:889)(cid:883),(cid:888),(cid:884),(cid:486),(cid:883),(cid:889),(cid:883)(cid:882),,(cid:886),,,,,,,,,,,,,,,,,,,,,,,,
(cid:3)(cid:3)(cid:3)(cid:3)(cid:885)(cid:888),(cid:19)(cid:131)(cid:146)(cid:151)(cid:131)(cid:3)(cid:23)(cid:135)(cid:144)(cid:137)(cid:131)(cid:138),(cid:882),(cid:882),(cid:882),(cid:882),(cid:882),(cid:882),(cid:882),,(cid:890),,,,,,,,,,,,,,,,,,,,,,,,
(cid:3)(cid:3)(cid:3)(cid:3)(cid:885)(cid:889) (cid:19)(cid:131)(cid:146)(cid:151)(cid:131)(cid:3)(cid:19)(cid:135)(cid:137)(cid:151)(cid:144)(cid:151)(cid:144)(cid:137)(cid:131)(cid:144) Indonesia,,(cid:882) 8.601,(cid:882) 21.502,(cid:882) 16.254,(cid:882) 1.863,(cid:882) 7.110,(cid:882) 2.394,(cid:882) 10.101,129.130,(cid:890) 14.292,,,,,,,,,,,,,,,,,,,,,,,,
No,Provinsi,Sepenuhnya RME,Sebagian RME,Belum RME,,,,,,,,,,,,,,,,,,,,,,,,,,,,,,
(1),(2),(3),(4),(5),,,,,,,,,,,,,,,,,,,,,,,,,,,,,,
(cid:883),(cid:4)(cid:133)(cid:135)(cid:138),(cid:886)(cid:891),(cid:884)(cid:883),(cid:885),,,,,,,,,,,,,,,,,,,,,,,,,,,,,,
(cid:884),(cid:22)(cid:151)(cid:143)(cid:131)(cid:150)(cid:135)(cid:148)(cid:131)(cid:3)(cid:24)(cid:150)(cid:131)(cid:148)(cid:131),(cid:883)(cid:885)(cid:891),(cid:887)(cid:887),(cid:883)(cid:885),,,,,,,,,,,,,,,,,,,,,,,,,,,,,,
(cid:885),(cid:22)(cid:151)(cid:143)(cid:131)(cid:150)(cid:135)(cid:148)(cid:131)(cid:3)(cid:5)(cid:131)(cid:148)(cid:131)(cid:150),(cid:884)(cid:889),(cid:886)(cid:891),(cid:883),,,,,,,,,,,,,,,,,,,,,,,,,,,,,,
(cid:886),(cid:21)(cid:139)(cid:131)(cid:151),(cid:886)(cid:883),(cid:885)(cid:888),(cid:884),,,,,,,,,,,,,,,,,,,,,,,,,,,,,,
(cid:887),(cid:13)(cid:131)(cid:143)(cid:132)(cid:139),(cid:884)(cid:884),(cid:883)(cid:888),(cid:886),,,,,,,,,,,,,,,,,,,,,,,,,,,,,,
(cid:888),(cid:22)(cid:151)(cid:143)(cid:131)(cid:150)(cid:135)(cid:148)(cid:131)(cid:3)(cid:22)(cid:135)(cid:142)(cid:131)(cid:150)(cid:131)(cid:144),(cid:888)(cid:882),(cid:884)(cid:884),(cid:884),,,,,,,,,,,,,,,,,,,,,,,,,,,,,,
(cid:889),(cid:5)(cid:135)(cid:144)(cid:137)(cid:141)(cid:151)(cid:142)(cid:151),(cid:883)(cid:886),(cid:883)(cid:884),(cid:882),,,,,,,,,,,,,,,,,,,,,,,,,,,,,,
(cid:890),(cid:15)(cid:131)(cid:143)(cid:146)(cid:151)(cid:144)(cid:137),(cid:887)(cid:883),(cid:884)(cid:891),(cid:882),,,,,,,,,,,,,,,,,,,,,,,,,,,,,,
(cid:891),(cid:14)(cid:135)(cid:146)(cid:484)(cid:3)(cid:5)(cid:131)(cid:144)(cid:137)(cid:141)(cid:131)(cid:3)(cid:5)(cid:135)(cid:142)(cid:139)(cid:150)(cid:151)(cid:144)(cid:137),(cid:884)(cid:886),(cid:884),(cid:883),,,,,,,,,,,,,,,,,,,,,,,,,,,,,,
(cid:883)(cid:882),(cid:14)(cid:135)(cid:146)(cid:151)(cid:142)(cid:131)(cid:151)(cid:131)(cid:144)(cid:3)(cid:21)(cid:139)(cid:131)(cid:151),(cid:884)(cid:884),(cid:883)(cid:883),(cid:885),,,,,,,,,,,,,,,,,,,,,,,,,,,,,,
(cid:883)(cid:883),(cid:7)(cid:14)(cid:12)(cid:3)(cid:13)(cid:131)(cid:141)(cid:131)(cid:148)(cid:150)(cid:131),(cid:883)(cid:886)(cid:888),(cid:886)(cid:885),(cid:882),,,,,,,,,,,,,,,,,,,,,,,,,,,,,,
(cid:883)(cid:884),(cid:13)(cid:131)(cid:153)(cid:131)(cid:3)(cid:5)(cid:131)(cid:148)(cid:131)(cid:150),(cid:885)(cid:883)(cid:887),(cid:891)(cid:889),(cid:882),,,,,,,,,,,,,,,,,,,,,,,,,,,,,,
(cid:883)(cid:885),(cid:13)(cid:131)(cid:153)(cid:131)(cid:3)(cid:23)(cid:135)(cid:144)(cid:137)(cid:131)(cid:138),(cid:884)(cid:885)(cid:886),(cid:883)(cid:882)(cid:888),(cid:883),,,,,,,,,,,,,,,,,,,,,,,,,,,,,,
(cid:883)(cid:886),(cid:7)(cid:12)(cid:3)(cid:28)(cid:145)(cid:137)(cid:155)(cid:131)(cid:141)(cid:131)(cid:148)(cid:150)(cid:131),(cid:887)(cid:891),(cid:884)(cid:883),(cid:882),,,,,,,,,,,,,,,,,,,,,,,,,,,,,,
(cid:883)(cid:887),(cid:13)(cid:131)(cid:153)(cid:131)(cid:3)(cid:23)(cid:139)(cid:143)(cid:151)(cid:148),(cid:884)(cid:889)(cid:889),(cid:883)(cid:886)(cid:884),(cid:883),,,,,,,,,,,,,,,,,,,,,,,,,,,,,,
(cid:883)(cid:888),(cid:5)(cid:131)(cid:144)(cid:150)(cid:135)(cid:144),(cid:891)(cid:891),(cid:884)(cid:886),(cid:883),,,,,,,,,,,,,,,,,,,,,,,,,,,,,,
(cid:883)(cid:889),(cid:5)(cid:131)(cid:142)(cid:139),(cid:887)(cid:887),(cid:884)(cid:882),(cid:882),,,,,,,,,,,,,,,,,,,,,,,,,,,,,,
(cid:883)(cid:890),(cid:17)(cid:151)(cid:149)(cid:131)(cid:3)(cid:23)(cid:135)(cid:144)(cid:137)(cid:137)(cid:131)(cid:148)(cid:131)(cid:3)(cid:5)(cid:131)(cid:148)(cid:131)(cid:150),(cid:884)(cid:888),(cid:883)(cid:891),(cid:882),,,,,,,,,,,,,,,,,,,,,,,,,,,,,,
(cid:883)(cid:891),(cid:17)(cid:151)(cid:149)(cid:131)(cid:3)(cid:23)(cid:135)(cid:144)(cid:137)(cid:137)(cid:131)(cid:148)(cid:131)(cid:3)(cid:23)(cid:139)(cid:143)(cid:151)(cid:148),(cid:883)(cid:891),(cid:885)(cid:889),(cid:885),,,,,,,,,,,,,,,,,,,,,,,,,,,,,,
(cid:884)(cid:882),(cid:14)(cid:131)(cid:142)(cid:139)(cid:143)(cid:131)(cid:144)(cid:150)(cid:131)(cid:144)(cid:3)(cid:5)(cid:131)(cid:148)(cid:131)(cid:150),(cid:883)(cid:891),(cid:885)(cid:888),(cid:883),,,,,,,,,,,,,,,,,,,,,,,,,,,,,,
(cid:884)(cid:883),(cid:14)(cid:131)(cid:142)(cid:139)(cid:143)(cid:131)(cid:144)(cid:150)(cid:131)(cid:144)(cid:3)(cid:23)(cid:135)(cid:144)(cid:137)(cid:131)(cid:138),(cid:883)(cid:891),(cid:883)(cid:885),(cid:883),,,,,,,,,,,,,,,,,,,,,,,,,,,,,,
(cid:884)(cid:884),(cid:14)(cid:131)(cid:142)(cid:139)(cid:143)(cid:131)(cid:144)(cid:150)(cid:131)(cid:144)(cid:3)(cid:22)(cid:135)(cid:142)(cid:131)(cid:150)(cid:131)(cid:144),(cid:884)(cid:886),(cid:884)(cid:888),(cid:883),,,,,,,,,,,,,,,,,,,,,,,,,,,,,,
(cid:884)(cid:885),(cid:14)(cid:131)(cid:142)(cid:139)(cid:143)(cid:131)(cid:144)(cid:150)(cid:131)(cid:144)(cid:3)(cid:23)(cid:139)(cid:143)(cid:151)(cid:148),(cid:884)(cid:887),(cid:885)(cid:882),(cid:885),,,,,,,,,,,,,,,,,,,,,,,,,,,,,,
(cid:884)(cid:886),(cid:14)(cid:131)(cid:142)(cid:139)(cid:143)(cid:131)(cid:144)(cid:150)(cid:131)(cid:144)(cid:3)(cid:24)(cid:150)(cid:131)(cid:148)(cid:131),(cid:890),(cid:888),(cid:884),,,,,,,,,,,,,,,,,,,,,,,,,,,,,,
(cid:884)(cid:887),(cid:22)(cid:151)(cid:142)(cid:131)(cid:153)(cid:135)(cid:149)(cid:139)(cid:3)(cid:24)(cid:150)(cid:131)(cid:148)(cid:131),(cid:884)(cid:891),(cid:884)(cid:884),(cid:887),,,,,,,,,,,,,,,,,,,,,,,,,,,,,,
(cid:884)(cid:888),(cid:22)(cid:151)(cid:142)(cid:131)(cid:153)(cid:135)(cid:149)(cid:139)(cid:3)(cid:23)(cid:135)(cid:144)(cid:137)(cid:131)(cid:138),(cid:883)(cid:888),(cid:884)(cid:883),(cid:885),,,,,,,,,,,,,,,,,,,,,,,,,,,,,,
(cid:884)(cid:889),(cid:22)(cid:151)(cid:142)(cid:131)(cid:153)(cid:135)(cid:149)(cid:139)(cid:3)(cid:22)(cid:135)(cid:142)(cid:131)(cid:150)(cid:131)(cid:144),(cid:887)(cid:891),(cid:887)(cid:890),(cid:884),,,,,,,,,,,,,,,,,,,,,,,,,,,,,,
(cid:884)(cid:890),(cid:22)(cid:151)(cid:142)(cid:131)(cid:153)(cid:135)(cid:149)(cid:139)(cid:3)(cid:23)(cid:135)(cid:144)(cid:137)(cid:137)(cid:131)(cid:148)(cid:131),(cid:883)(cid:890),(cid:883)(cid:891),(cid:883),,,,,,,,,,,,,,,,,,,,,,,,,,,,,,
(cid:884)(cid:891),(cid:10)(cid:145)(cid:148)(cid:145)(cid:144)(cid:150)(cid:131)(cid:142)(cid:145),(cid:883)(cid:882),(cid:890),(cid:884),,,,,,,,,,,,,,,,,,,,,,,,,,,,,,
(cid:885)(cid:882),(cid:22)(cid:151)(cid:142)(cid:131)(cid:153)(cid:135)(cid:149)(cid:139)(cid:3)(cid:5)(cid:131)(cid:148)(cid:131)(cid:150),(cid:890),(cid:888),(cid:883),,,,,,,,,,,,,,,,,,,,,,,,,,,,,,
(cid:885)(cid:883),(cid:16)(cid:131)(cid:142)(cid:151)(cid:141)(cid:151),(cid:883)(cid:888),(cid:891),(cid:886),,,,,,,,,,,,,,,,,,,,,,,,,,,,,,
(cid:885)(cid:884),(cid:16)(cid:131)(cid:142)(cid:151)(cid:141)(cid:151)(cid:3)(cid:24)(cid:150)(cid:131)(cid:148)(cid:131),(cid:887),(cid:883)(cid:887),(cid:885),,,,,,,,,,,,,,,,,,,,,,,,,,,,,,
(cid:885)(cid:885),(cid:19)(cid:131)(cid:146)(cid:151)(cid:131)(cid:3)(cid:3),(cid:888),(cid:891),(cid:885),,,,,,,,,,,,,,,,,,,,,,,,,,,,,,
(cid:885)(cid:886),(cid:19)(cid:131)(cid:146)(cid:151)(cid:131)(cid:3)(cid:5)(cid:131)(cid:148)(cid:131)(cid:150),(cid:884),(cid:891),(cid:883),,,,,,,,,,,,,,,,,,,,,,,,,,,,,,
(cid:885)(cid:887),(cid:19)(cid:131)(cid:146)(cid:151)(cid:131)(cid:3)(cid:22)(cid:135)(cid:142)(cid:131)(cid:150)(cid:131)(cid:144),(cid:883),(cid:888),(cid:883),,,,,,,,,,,,,,,,,,,,,,,,,,,,,,
(cid:885)(cid:888),(cid:19)(cid:131)(cid:146)(cid:151)(cid:131)(cid:3)(cid:23)(cid:135)(cid:144)(cid:137)(cid:131)(cid:138),(cid:884),(cid:883)(cid:882),(cid:883),,,,,,,,,,,,,,,,,,,,,,,,,,,,,,
(cid:885)(cid:889) (cid:19)(cid:131)(cid:146)(cid:151)(cid:131)(cid:3)(cid:19)(cid:135)(cid:137)(cid:151)(cid:144)(cid:151)(cid:144)(cid:137)(cid:131)(cid:144) Indonesia,,(cid:882) 1.949,(cid:888) 1.079,(cid:885) 74,,,,,,,,,,,,,,,,,,,,,,,,,,,,,,
No,Provinsi,Jumlah Puskesmas yang Melapor,Puskesmas dengan Ketersediaan Obat Esensial**,,,,,,,,,,,,,,,,,,,,,,,,,,,,,,,
,,,Jumlah,%,,,,,,,,,,,,,,,,,,,,,,,,,,,,,,
(1),(2),(3),(4),(5),,,,,,,,,,,,,,,,,,,,,,,,,,,,,,
(cid:883),(cid:4)(cid:133)(cid:135)(cid:138),(cid:885)(cid:888)(cid:883),(cid:885)(cid:886)(cid:883),(cid:891)(cid:886)(cid:481)(cid:886)(cid:888),,,,,,,,,,,,,,,,,,,,,,,,,,,,,,
(cid:884),(cid:22)(cid:151)(cid:143)(cid:131)(cid:150)(cid:135)(cid:148)(cid:131)(cid:3)(cid:24)(cid:150)(cid:131)(cid:148)(cid:131),(cid:887)(cid:885)(cid:888),(cid:886)(cid:891)(cid:882),(cid:891)(cid:883)(cid:481)(cid:886)(cid:884),,,,,,,,,,,,,,,,,,,,,,,,,,,,,,
(cid:885),(cid:22)(cid:151)(cid:143)(cid:131)(cid:150)(cid:135)(cid:148)(cid:131)(cid:3)(cid:5)(cid:131)(cid:148)(cid:131)(cid:150),(cid:884)(cid:889)(cid:891),(cid:884)(cid:889)(cid:891),(cid:883)(cid:882)(cid:882)(cid:481)(cid:882)(cid:882),,,,,,,,,,,,,,,,,,,,,,,,,,,,,,
(cid:886),(cid:21)(cid:139)(cid:131)(cid:151),(cid:884)(cid:882)(cid:885),(cid:883)(cid:891)(cid:888),(cid:891)(cid:888)(cid:481)(cid:887)(cid:887),,,,,,,,,,,,,,,,,,,,,,,,,,,,,,
(cid:887),(cid:13)(cid:131)(cid:143)(cid:132)(cid:139),(cid:884)(cid:882)(cid:889),(cid:884)(cid:882)(cid:889),(cid:883)(cid:882)(cid:882)(cid:481)(cid:882)(cid:882),,,,,,,,,,,,,,,,,,,,,,,,,,,,,,
(cid:888),(cid:22)(cid:151)(cid:143)(cid:131)(cid:150)(cid:135)(cid:148)(cid:131)(cid:3)(cid:22)(cid:135)(cid:142)(cid:131)(cid:150)(cid:131)(cid:144),(cid:885)(cid:886)(cid:886),(cid:884)(cid:891)(cid:890),(cid:890)(cid:888)(cid:481)(cid:888)(cid:885),,,,,,,,,,,,,,,,,,,,,,,,,,,,,,
(cid:889),(cid:5)(cid:135)(cid:144)(cid:137)(cid:141)(cid:151)(cid:142)(cid:151),(cid:883)(cid:889)(cid:890),(cid:883)(cid:889)(cid:888),(cid:891)(cid:890)(cid:481)(cid:890)(cid:890),,,,,,,,,,,,,,,,,,,,,,,,,,,,,,
(cid:890),(cid:15)(cid:131)(cid:143)(cid:146)(cid:151)(cid:144)(cid:137),(cid:885)(cid:883)(cid:889),(cid:885)(cid:883)(cid:882),(cid:891)(cid:889)(cid:481)(cid:889)(cid:891),,,,,,,,,,,,,,,,,,,,,,,,,,,,,,
(cid:891),(cid:14)(cid:135)(cid:146)(cid:151)(cid:142)(cid:131)(cid:151)(cid:131)(cid:144)(cid:3)(cid:5)(cid:131)(cid:144)(cid:137)(cid:141)(cid:131)(cid:3)(cid:5)(cid:135)(cid:142)(cid:139)(cid:150)(cid:151)(cid:144)(cid:137),(cid:888)(cid:886),(cid:888)(cid:886),(cid:883)(cid:882)(cid:882)(cid:481)(cid:882)(cid:882),,,,,,,,,,,,,,,,,,,,,,,,,,,,,,
(cid:883)(cid:882),(cid:14)(cid:135)(cid:146)(cid:151)(cid:142)(cid:131)(cid:151)(cid:131)(cid:144)(cid:3)(cid:21)(cid:139)(cid:131)(cid:151),(cid:891)(cid:888),(cid:891)(cid:888),(cid:883)(cid:882)(cid:882)(cid:481)(cid:882)(cid:882),,,,,,,,,,,,,,,,,,,,,,,,,,,,,,
(cid:883)(cid:883),(cid:7)(cid:14)(cid:12)(cid:3)(cid:13)(cid:131)(cid:141)(cid:131)(cid:148)(cid:150)(cid:131),(cid:885)(cid:883)(cid:890),(cid:885)(cid:883)(cid:887),(cid:891)(cid:891)(cid:481)(cid:882)(cid:888),,,,,,,,,,,,,,,,,,,,,,,,,,,,,,
(cid:883)(cid:884),(cid:13)(cid:131)(cid:153)(cid:131)(cid:3)(cid:5)(cid:131)(cid:148)(cid:131)(cid:150),(cid:883)(cid:882)(cid:888)(cid:891),(cid:883)(cid:882)(cid:888)(cid:882),(cid:891)(cid:891)(cid:481)(cid:883)(cid:888) (cid:891)(cid:890)(cid:481)(cid:891)(cid:889),,,,,,,,,,,,,,,,,,,,,,,,,,,,,,
(cid:883)(cid:885),(cid:13)(cid:131)(cid:153)(cid:131)(cid:3)(cid:23)(cid:135)(cid:144)(cid:137)(cid:131)(cid:138),(cid:890)(cid:889)(cid:884),(cid:890)(cid:888)(cid:885),,,,,,,,,,,,,,,,,,,,,,,,,,,,,,,
(cid:883)(cid:886),(cid:7)(cid:484)(cid:12)(cid:484)(cid:3)(cid:28)(cid:145)(cid:137)(cid:155)(cid:131)(cid:141)(cid:131)(cid:148)(cid:150)(cid:131),(cid:883)(cid:884)(cid:883),(cid:883)(cid:884)(cid:883),(cid:883)(cid:882)(cid:882)(cid:481)(cid:882)(cid:882) (cid:883)(cid:882)(cid:882)(cid:481)(cid:882)(cid:882),,,,,,,,,,,,,,,,,,,,,,,,,,,,,,
(cid:883)(cid:887),(cid:13)(cid:131)(cid:153)(cid:131)(cid:3)(cid:23)(cid:139)(cid:143)(cid:151)(cid:148),(cid:891)(cid:889)(cid:885),(cid:891)(cid:889)(cid:885),,,,,,,,,,,,,,,,,,,,,,,,,,,,,,,
(cid:883)(cid:888),(cid:5)(cid:131)(cid:144)(cid:150)(cid:135)(cid:144),(cid:884)(cid:887)(cid:882),(cid:884)(cid:886)(cid:887),(cid:891)(cid:890)(cid:481)(cid:882)(cid:882) (cid:883)(cid:882)(cid:882)(cid:481)(cid:882)(cid:882),,,,,,,,,,,,,,,,,,,,,,,,,,,,,,
(cid:883)(cid:889),(cid:5)(cid:131)(cid:142)(cid:139),(cid:883)(cid:884)(cid:882),(cid:883)(cid:884)(cid:882),(cid:883)(cid:882)(cid:882)(cid:481)(cid:882)(cid:882),,,,,,,,,,,,,,,,,,,,,,,,,,,,,,
(cid:883)(cid:890),(cid:17)(cid:151)(cid:149)(cid:131)(cid:3)(cid:23)(cid:135)(cid:144)(cid:137)(cid:137)(cid:131)(cid:148)(cid:131)(cid:3)(cid:5)(cid:131)(cid:148)(cid:131)(cid:150),(cid:883)(cid:889)(cid:887),(cid:883)(cid:889)(cid:887),(cid:891)(cid:884)(cid:481)(cid:882)(cid:890),,,,,,,,,,,,,,,,,,,,,,,,,,,,,,
(cid:883)(cid:891),(cid:17)(cid:151)(cid:149)(cid:131)(cid:3)(cid:23)(cid:135)(cid:144)(cid:137)(cid:137)(cid:131)(cid:148)(cid:131)(cid:3)(cid:23)(cid:139)(cid:143)(cid:151)(cid:148),(cid:886)(cid:882)(cid:886),(cid:885)(cid:889)(cid:884),,,,,,,,,,,,,,,,,,,,,,,,,,,,,,,
(cid:884)(cid:882),(cid:14)(cid:131)(cid:142)(cid:139)(cid:143)(cid:131)(cid:144)(cid:150)(cid:131)(cid:144)(cid:3)(cid:5)(cid:131)(cid:148)(cid:131)(cid:150),(cid:884)(cid:883)(cid:889),(cid:884)(cid:882)(cid:883),(cid:891)(cid:884)(cid:481)(cid:888)(cid:885) (cid:891)(cid:885)(cid:481)(cid:883)(cid:891),,,,,,,,,,,,,,,,,,,,,,,,,,,,,,
(cid:884)(cid:883),(cid:14)(cid:131)(cid:142)(cid:139)(cid:143)(cid:131)(cid:144)(cid:150)(cid:131)(cid:144)(cid:3)(cid:23)(cid:135)(cid:144)(cid:137)(cid:131)(cid:138),(cid:883)(cid:891)(cid:883),(cid:883)(cid:889)(cid:890),,,,,,,,,,,,,,,,,,,,,,,,,,,,,,,
(cid:884)(cid:884),(cid:14)(cid:131)(cid:142)(cid:139)(cid:143)(cid:131)(cid:144)(cid:150)(cid:131)(cid:144)(cid:3)(cid:22)(cid:135)(cid:142)(cid:131)(cid:150)(cid:131)(cid:144),(cid:884)(cid:886)(cid:882),(cid:884)(cid:885)(cid:887),(cid:891)(cid:889)(cid:481)(cid:891)(cid:884) (cid:883)(cid:882)(cid:882)(cid:481)(cid:882)(cid:882),,,,,,,,,,,,,,,,,,,,,,,,,,,,,,
(cid:884)(cid:885),(cid:14)(cid:131)(cid:142)(cid:139)(cid:143)(cid:131)(cid:144)(cid:150)(cid:131)(cid:144)(cid:3)(cid:23)(cid:139)(cid:143)(cid:151)(cid:148),(cid:883)(cid:890)(cid:890),(cid:883)(cid:890)(cid:890),,,,,,,,,,,,,,,,,,,,,,,,,,,,,,,
(cid:884)(cid:886),(cid:14)(cid:131)(cid:142)(cid:139)(cid:143)(cid:131)(cid:144)(cid:150)(cid:131)(cid:144)(cid:3)(cid:24)(cid:150)(cid:131)(cid:148)(cid:131),(cid:887)(cid:890),(cid:887)(cid:890),(cid:883)(cid:882)(cid:882)(cid:481)(cid:882)(cid:882) (cid:891)(cid:888)(cid:481)(cid:886)(cid:887),,,,,,,,,,,,,,,,,,,,,,,,,,,,,,
(cid:884)(cid:887),(cid:22)(cid:151)(cid:142)(cid:131)(cid:153)(cid:135)(cid:149)(cid:139)(cid:3)(cid:24)(cid:150)(cid:131)(cid:148)(cid:131),(cid:883)(cid:891)(cid:889),(cid:883)(cid:891)(cid:882),,,,,,,,,,,,,,,,,,,,,,,,,,,,,,,
(cid:884)(cid:888),(cid:22)(cid:151)(cid:142)(cid:131)(cid:153)(cid:135)(cid:149)(cid:139)(cid:3)(cid:23)(cid:135)(cid:144)(cid:137)(cid:131)(cid:138),(cid:884)(cid:883)(cid:889),(cid:884)(cid:883)(cid:885),(cid:891)(cid:890)(cid:481)(cid:883)(cid:888) (cid:891)(cid:885)(cid:481)(cid:883)(cid:891),,,,,,,,,,,,,,,,,,,,,,,,,,,,,,
(cid:884)(cid:889),(cid:22)(cid:151)(cid:142)(cid:131)(cid:153)(cid:135)(cid:149)(cid:139)(cid:3)(cid:22)(cid:135)(cid:142)(cid:131)(cid:150)(cid:131)(cid:144),(cid:886)(cid:889)(cid:882),(cid:886)(cid:885)(cid:890),,,,,,,,,,,,,,,,,,,,,,,,,,,,,,,
(cid:884)(cid:890),(cid:22)(cid:151)(cid:142)(cid:131)(cid:153)(cid:135)(cid:149)(cid:139)(cid:3)(cid:23)(cid:135)(cid:144)(cid:137)(cid:137)(cid:131)(cid:148)(cid:131),(cid:884)(cid:889)(cid:883),(cid:884)(cid:887)(cid:890),(cid:891)(cid:887)(cid:481)(cid:884)(cid:882) (cid:891)(cid:889)(cid:481)(cid:889)(cid:882),,,,,,,,,,,,,,,,,,,,,,,,,,,,,,
(cid:884)(cid:891),(cid:10)(cid:145)(cid:148)(cid:145)(cid:144)(cid:150)(cid:131)(cid:142)(cid:145),(cid:890)(cid:889),(cid:890)(cid:887),,,,,,,,,,,,,,,,,,,,,,,,,,,,,,,
(cid:885)(cid:882),(cid:22)(cid:151)(cid:142)(cid:131)(cid:153)(cid:135)(cid:149)(cid:139)(cid:3)(cid:5)(cid:131)(cid:148)(cid:131)(cid:150),(cid:890)(cid:887),(cid:889)(cid:890),(cid:891)(cid:883)(cid:481)(cid:889)(cid:888) (cid:890)(cid:888)(cid:481)(cid:889)(cid:885),,,,,,,,,,,,,,,,,,,,,,,,,,,,,,
(cid:885)(cid:883),(cid:16)(cid:131)(cid:142)(cid:151)(cid:141)(cid:151),(cid:883)(cid:891)(cid:888),(cid:883)(cid:889)(cid:882),(cid:890)(cid:887)(cid:481)(cid:886)(cid:890),,,,,,,,,,,,,,,,,,,,,,,,,,,,,,
(cid:885)(cid:884),(cid:16)(cid:131)(cid:142)(cid:151)(cid:141)(cid:151)(cid:3)(cid:24)(cid:150)(cid:131)(cid:148)(cid:131),(cid:883)(cid:884)(cid:886),(cid:883)(cid:882)(cid:888),(cid:883)(cid:882)(cid:882)(cid:481)(cid:882)(cid:882),,,,,,,,,,,,,,,,,,,,,,,,,,,,,,
(cid:885)(cid:885),(cid:19)(cid:131)(cid:146)(cid:151)(cid:131),(cid:883)(cid:883)(cid:891),(cid:883)(cid:883)(cid:891),(cid:890)(cid:889)(cid:481)(cid:885)(cid:882),,,,,,,,,,,,,,,,,,,,,,,,,,,,,,
(cid:885)(cid:886),(cid:19)(cid:131)(cid:146)(cid:151)(cid:131)(cid:3)(cid:5)(cid:131)(cid:148)(cid:131)(cid:150),(cid:888)(cid:885),(cid:887)(cid:887),(cid:891)(cid:886)(cid:481)(cid:887)(cid:891),,,,,,,,,,,,,,,,,,,,,,,,,,,,,,
(cid:885)(cid:887),(cid:19)(cid:131)(cid:146)(cid:151)(cid:131)(cid:3)(cid:22)(cid:135)(cid:142)(cid:131)(cid:150)(cid:131)(cid:144),(cid:889)(cid:886),(cid:889)(cid:882),,,,,,,,,,,,,,,,,,,,,,,,,,,,,,,
(cid:885)(cid:888),(cid:19)(cid:131)(cid:146)(cid:151)(cid:131)(cid:3)(cid:23)(cid:135)(cid:144)(cid:137)(cid:131)(cid:138),(cid:888)(cid:883),(cid:885)(cid:887),(cid:887)(cid:889)(cid:481)(cid:885)(cid:890) (cid:891)(cid:890)(cid:481)(cid:890)(cid:882),,,,,,,,,,,,,,,,,,,,,,,,,,,,,,
(cid:885)(cid:889) (cid:19)(cid:131)(cid:146)(cid:151)(cid:131)(cid:3)(cid:19)(cid:135)(cid:137)(cid:151)(cid:144)(cid:151)(cid:144)(cid:137)(cid:131)(cid:144) Indonesia,,(cid:890)(cid:885) 9.895,(cid:890)(cid:884) 9.509,"96,10 (cid:889)(cid:885)(cid:481)(cid:883)(cid:885)",,,,,,,,,,,,,,,,,,,,,,,,,,,,,,
No,Provinsi,Dokter Spesialis,,,Dokter,,,Total,,,Dokter Gigi Spesialis,,,Dokter Gigi,,,Total,,,,,,,,,,,,,,,,,
,,L,P,L+P,L,P,L+P,L,P,L+P,L,P,L+P,L,P,L+P,L,P,L+P,,,,,,,,,,,,,,,
(1),(2),(3),(4),(5),(6),(7),(8),(9),(10),(11),(12),(13),(14),(15),(16),(17),(18),(19),(20),,,,,,,,,,,,,,,
(cid:883),(cid:4)(cid:6)(cid:8)(cid:11),(cid:883),(cid:885),(cid:886),(cid:884)(cid:888)(cid:890),(cid:891)(cid:889)(cid:890),(cid:883)(cid:484)(cid:884)(cid:886)(cid:888),(cid:884)(cid:888)(cid:891),(cid:891)(cid:890)(cid:883),(cid:883)(cid:484)(cid:884)(cid:887)(cid:882),(cid:882),(cid:882),(cid:882),(cid:888)(cid:890),(cid:885)(cid:890)(cid:884),(cid:886)(cid:887)(cid:882),(cid:888)(cid:890),(cid:885)(cid:890)(cid:884),(cid:886)(cid:887)(cid:882),,,,,,,,,,,,,,,
(cid:884),(cid:22)(cid:24)(cid:16)(cid:4)(cid:23)(cid:8)(cid:21)(cid:4)(cid:3)(cid:24)(cid:23)(cid:4)(cid:21)(cid:4),(cid:886),(cid:887),(cid:891),(cid:887)(cid:890)(cid:891),(cid:883)(cid:484)(cid:887)(cid:884)(cid:887),(cid:884)(cid:484)(cid:883)(cid:883)(cid:886),(cid:887)(cid:891)(cid:885),(cid:883)(cid:484)(cid:887)(cid:885)(cid:882),(cid:884)(cid:484)(cid:883)(cid:884)(cid:885),(cid:882),(cid:884),(cid:884),(cid:883)(cid:882)(cid:888),(cid:888)(cid:882)(cid:884),(cid:889)(cid:882)(cid:890),(cid:883)(cid:882)(cid:888),(cid:888)(cid:882)(cid:886),(cid:889)(cid:883)(cid:882),,,,,,,,,,,,,,,
(cid:885),(cid:22)(cid:24)(cid:16)(cid:4)(cid:23)(cid:8)(cid:21)(cid:4)(cid:3)(cid:5)(cid:4)(cid:21)(cid:4)(cid:23),(cid:884),(cid:883)(cid:882),(cid:883)(cid:884),(cid:883)(cid:889)(cid:887),(cid:888)(cid:889)(cid:886),(cid:890)(cid:886)(cid:891),(cid:883)(cid:889)(cid:889),(cid:888)(cid:890)(cid:886),(cid:890)(cid:888)(cid:883),(cid:882),(cid:882),(cid:882),(cid:886)(cid:886),(cid:885)(cid:889)(cid:891),(cid:886)(cid:884)(cid:885),(cid:886)(cid:886),(cid:885)(cid:889)(cid:891),(cid:886)(cid:884)(cid:885),,,,,,,,,,,,,,,
(cid:886),(cid:21)(cid:12)(cid:4)(cid:24),(cid:886),(cid:886),(cid:890),(cid:884)(cid:889)(cid:888),(cid:890)(cid:891)(cid:885),(cid:883)(cid:484)(cid:883)(cid:888)(cid:891),(cid:884)(cid:890)(cid:882),(cid:890)(cid:891)(cid:889),(cid:883)(cid:484)(cid:883)(cid:889)(cid:889),(cid:882),(cid:882),(cid:882),(cid:887)(cid:883),(cid:885)(cid:885)(cid:890),(cid:885)(cid:890)(cid:891),(cid:887)(cid:883),(cid:885)(cid:885)(cid:890),(cid:885)(cid:890)(cid:891),,,,,,,,,,,,,,,
(cid:887),(cid:13)(cid:4)(cid:16)(cid:5)(cid:12),(cid:883),(cid:882),(cid:883),(cid:883)(cid:887)(cid:885),(cid:886)(cid:888)(cid:891),(cid:888)(cid:884)(cid:884),(cid:883)(cid:887)(cid:886),(cid:886)(cid:888)(cid:891),(cid:888)(cid:884)(cid:885),(cid:883),(cid:882),(cid:883),(cid:885)(cid:888),(cid:883)(cid:888)(cid:885),(cid:883)(cid:891)(cid:891),(cid:885)(cid:889),(cid:883)(cid:888)(cid:885),(cid:884)(cid:882)(cid:882),,,,,,,,,,,,,,,
(cid:888),(cid:22)(cid:24)(cid:16)(cid:4)(cid:23)(cid:8)(cid:21)(cid:4)(cid:3)(cid:22)(cid:8)(cid:15)(cid:4)(cid:23)(cid:4)(cid:17),(cid:883),(cid:888),(cid:889),(cid:884)(cid:883)(cid:889),(cid:889)(cid:883)(cid:883),(cid:891)(cid:884)(cid:890),(cid:884)(cid:883)(cid:890),(cid:889)(cid:883)(cid:889),(cid:891)(cid:885)(cid:887),(cid:882),(cid:882),(cid:882),(cid:886)(cid:889),(cid:884)(cid:882)(cid:887),(cid:884)(cid:887)(cid:884),(cid:886)(cid:889),(cid:884)(cid:882)(cid:887),(cid:884)(cid:887)(cid:884),,,,,,,,,,,,,,,
(cid:889),(cid:5)(cid:8)(cid:17)(cid:10)(cid:14)(cid:24)(cid:15)(cid:24),(cid:882),(cid:882),(cid:882),(cid:883)(cid:883)(cid:882),(cid:884)(cid:888)(cid:888),(cid:885)(cid:889)(cid:888),(cid:883)(cid:883)(cid:882),(cid:884)(cid:888)(cid:888),(cid:885)(cid:889)(cid:888),(cid:882),(cid:882),(cid:882),(cid:883)(cid:891),(cid:883)(cid:882)(cid:886),(cid:883)(cid:884)(cid:885),(cid:883)(cid:891),(cid:883)(cid:882)(cid:886),(cid:883)(cid:884)(cid:885),,,,,,,,,,,,,,,
(cid:890),(cid:15)(cid:4)(cid:16)(cid:19)(cid:24)(cid:17)(cid:10),(cid:885),(cid:883)(cid:886),(cid:883)(cid:889),(cid:884)(cid:888)(cid:887),(cid:888)(cid:890)(cid:890),(cid:891)(cid:887)(cid:885),(cid:884)(cid:888)(cid:890),(cid:889)(cid:882)(cid:884),(cid:891)(cid:889)(cid:882),(cid:882),(cid:882),(cid:882),(cid:884)(cid:890),(cid:883)(cid:888)(cid:891),(cid:883)(cid:891)(cid:889),(cid:884)(cid:890),(cid:883)(cid:888)(cid:891),(cid:883)(cid:891)(cid:889),,,,,,,,,,,,,,,
(cid:891),(cid:14)(cid:8)(cid:19)(cid:24)(cid:15)(cid:4)(cid:24)(cid:4)(cid:17)(cid:3)(cid:5)(cid:4)(cid:17)(cid:10)(cid:14)(cid:4)(cid:3)(cid:5)(cid:8)(cid:15)(cid:12)(cid:23)(cid:24)(cid:17)(cid:10),(cid:882),(cid:882),(cid:882),(cid:891)(cid:884),(cid:883)(cid:889)(cid:887),(cid:884)(cid:888)(cid:889),(cid:891)(cid:884),(cid:883)(cid:889)(cid:887),(cid:884)(cid:888)(cid:889),(cid:882),(cid:882),(cid:882),(cid:884)(cid:886),(cid:887)(cid:889),(cid:890)(cid:883),(cid:884)(cid:886),(cid:887)(cid:889),(cid:890)(cid:883),,,,,,,,,,,,,,,
(cid:883)(cid:882),(cid:14)(cid:8)(cid:19)(cid:24)(cid:15)(cid:4)(cid:24)(cid:4)(cid:17)(cid:3)(cid:21)(cid:12)(cid:4)(cid:24),(cid:882),(cid:882),(cid:882),(cid:883)(cid:885)(cid:882),(cid:885)(cid:886)(cid:886),(cid:886)(cid:889)(cid:886),(cid:883)(cid:885)(cid:882),(cid:885)(cid:886)(cid:886),(cid:886)(cid:889)(cid:886),(cid:882),(cid:882),(cid:882),(cid:884)(cid:887),(cid:891)(cid:891),(cid:883)(cid:884)(cid:886),(cid:884)(cid:887),(cid:891)(cid:891),(cid:883)(cid:884)(cid:886),,,,,,,,,,,,,,,
(cid:883)(cid:883),(cid:7)(cid:14)(cid:12)(cid:3)(cid:13)(cid:4)(cid:14)(cid:4)(cid:21)(cid:23)(cid:4),(cid:883),(cid:889),(cid:890),(cid:884)(cid:891)(cid:884),(cid:890)(cid:888)(cid:886),(cid:883)(cid:484)(cid:883)(cid:887)(cid:888),(cid:884)(cid:891)(cid:885),(cid:890)(cid:889)(cid:883),(cid:883)(cid:484)(cid:883)(cid:888)(cid:886),(cid:882),(cid:882),(cid:882),(cid:885)(cid:886),(cid:883)(cid:888)(cid:889),(cid:884)(cid:882)(cid:883),(cid:885)(cid:886),(cid:883)(cid:888)(cid:889),(cid:884)(cid:882)(cid:883),,,,,,,,,,,,,,,
(cid:883)(cid:884),(cid:13)(cid:4)(cid:26)(cid:4)(cid:3)(cid:5)(cid:4)(cid:21)(cid:4)(cid:23),(cid:882),(cid:882),(cid:882),(cid:883)(cid:484)(cid:882)(cid:882)(cid:883),(cid:884)(cid:484)(cid:884)(cid:887)(cid:890),(cid:885)(cid:484)(cid:884)(cid:887)(cid:891),(cid:883)(cid:484)(cid:882)(cid:882)(cid:883),(cid:884)(cid:484)(cid:884)(cid:887)(cid:890),(cid:885)(cid:484)(cid:884)(cid:887)(cid:891),(cid:882),(cid:882),(cid:882),(cid:883)(cid:889)(cid:886),(cid:891)(cid:882)(cid:887),(cid:883)(cid:484)(cid:882)(cid:889)(cid:891),(cid:883)(cid:889)(cid:886),(cid:891)(cid:882)(cid:887),(cid:883)(cid:484)(cid:882)(cid:889)(cid:891),,,,,,,,,,,,,,,
(cid:883)(cid:885),(cid:13)(cid:4)(cid:26)(cid:4)(cid:3)(cid:23)(cid:8)(cid:17)(cid:10)(cid:4)(cid:11),(cid:882),(cid:884),(cid:884),(cid:891)(cid:888)(cid:890),(cid:884)(cid:484)(cid:882)(cid:891)(cid:884),(cid:885)(cid:484)(cid:882)(cid:888)(cid:882),(cid:891)(cid:888)(cid:890),(cid:884)(cid:484)(cid:882)(cid:891)(cid:886),(cid:885)(cid:484)(cid:882)(cid:888)(cid:884),(cid:882),(cid:883),(cid:883),(cid:883)(cid:889)(cid:885),(cid:891)(cid:884)(cid:885),(cid:883)(cid:484)(cid:882)(cid:891)(cid:888),(cid:883)(cid:889)(cid:885),(cid:891)(cid:884)(cid:886),(cid:883)(cid:484)(cid:882)(cid:891)(cid:889),,,,,,,,,,,,,,,
(cid:883)(cid:886),(cid:28)(cid:18)(cid:10)(cid:28)(cid:4)(cid:14)(cid:4)(cid:21)(cid:23)(cid:4),(cid:884),(cid:883),(cid:885),(cid:883)(cid:884)(cid:886),(cid:886)(cid:885)(cid:884),(cid:887)(cid:887)(cid:888),(cid:883)(cid:884)(cid:888),(cid:886)(cid:885)(cid:885),(cid:887)(cid:887)(cid:891),(cid:883),(cid:883),(cid:884),(cid:884)(cid:883),(cid:884)(cid:884)(cid:888),(cid:884)(cid:886)(cid:889),(cid:884)(cid:884),(cid:884)(cid:884)(cid:889),(cid:884)(cid:886)(cid:891),,,,,,,,,,,,,,,
(cid:883)(cid:887),(cid:13)(cid:4)(cid:26)(cid:4)(cid:3)(cid:23)(cid:12)(cid:16)(cid:24)(cid:21),(cid:882),(cid:883),(cid:883),(cid:891)(cid:887)(cid:884),(cid:884)(cid:484)(cid:883)(cid:885)(cid:887),(cid:885)(cid:484)(cid:882)(cid:890)(cid:889),(cid:891)(cid:887)(cid:884),(cid:884)(cid:484)(cid:883)(cid:885)(cid:888),(cid:885)(cid:484)(cid:882)(cid:890)(cid:890),(cid:882),(cid:883),(cid:883),(cid:884)(cid:883)(cid:887),(cid:883)(cid:484)(cid:882)(cid:889)(cid:888),(cid:883)(cid:484)(cid:884)(cid:891)(cid:883),(cid:884)(cid:883)(cid:887),(cid:883)(cid:484)(cid:882)(cid:889)(cid:889),(cid:883)(cid:484)(cid:884)(cid:891)(cid:884),,,,,,,,,,,,,,,
(cid:883)(cid:888),(cid:5)(cid:4)(cid:17)(cid:23)(cid:8)(cid:17),(cid:882),(cid:882),(cid:882),(cid:884)(cid:884)(cid:888),(cid:888)(cid:887)(cid:884),(cid:890)(cid:889)(cid:890),(cid:884)(cid:884)(cid:888),(cid:888)(cid:887)(cid:884),(cid:890)(cid:889)(cid:890),(cid:882),(cid:882),(cid:882),(cid:887)(cid:882),(cid:885)(cid:884)(cid:891),(cid:885)(cid:889)(cid:891),(cid:887)(cid:882),(cid:885)(cid:884)(cid:891),(cid:885)(cid:889)(cid:891),,,,,,,,,,,,,,,
(cid:883)(cid:889),(cid:5)(cid:4)(cid:15)(cid:12),(cid:882),(cid:885),(cid:885),(cid:884)(cid:891)(cid:888),(cid:886)(cid:884)(cid:883),(cid:889)(cid:883)(cid:889),(cid:884)(cid:891)(cid:888),(cid:886)(cid:884)(cid:886),(cid:889)(cid:884)(cid:882),(cid:882),(cid:882),(cid:882),(cid:890)(cid:888),(cid:884)(cid:884)(cid:885),(cid:885)(cid:882)(cid:891),(cid:890)(cid:888),(cid:884)(cid:884)(cid:885),(cid:885)(cid:882)(cid:891),,,,,,,,,,,,,,,
(cid:883)(cid:890),(cid:17)(cid:24)(cid:22)(cid:4)(cid:3)(cid:23)(cid:8)(cid:17)(cid:10)(cid:10)(cid:4)(cid:21)(cid:4)(cid:3)(cid:5)(cid:4)(cid:21)(cid:4)(cid:23),(cid:883),(cid:882),(cid:883),(cid:884)(cid:882)(cid:882),(cid:886)(cid:886)(cid:884),(cid:888)(cid:886)(cid:884),(cid:884)(cid:882)(cid:883),(cid:886)(cid:886)(cid:884),(cid:888)(cid:886)(cid:885),(cid:882),(cid:882),(cid:882),(cid:886)(cid:883),(cid:883)(cid:887)(cid:882),(cid:883)(cid:891)(cid:883),(cid:886)(cid:883),(cid:883)(cid:887)(cid:882),(cid:883)(cid:891)(cid:883),,,,,,,,,,,,,,,
(cid:883)(cid:891),(cid:17)(cid:24)(cid:22)(cid:4)(cid:3)(cid:23)(cid:8)(cid:17)(cid:10)(cid:10)(cid:4)(cid:21)(cid:4)(cid:3)(cid:23)(cid:12)(cid:16)(cid:24)(cid:21),(cid:882),(cid:882),(cid:882),(cid:884)(cid:885)(cid:884),(cid:886)(cid:889)(cid:882),(cid:889)(cid:882)(cid:884),(cid:884)(cid:885)(cid:884),(cid:886)(cid:889)(cid:882),(cid:889)(cid:882)(cid:884),(cid:882),(cid:882),(cid:882),(cid:886)(cid:885),(cid:883)(cid:888)(cid:886),(cid:884)(cid:882)(cid:889),(cid:886)(cid:885),(cid:883)(cid:888)(cid:886),(cid:884)(cid:882)(cid:889),,,,,,,,,,,,,,,
(cid:884)(cid:882),(cid:14)(cid:4)(cid:15)(cid:12)(cid:16)(cid:4)(cid:17)(cid:23)(cid:4)(cid:17)(cid:3)(cid:5)(cid:4)(cid:21)(cid:4)(cid:23),(cid:882),(cid:882),(cid:882),(cid:884)(cid:884)(cid:886),(cid:885)(cid:884)(cid:882),(cid:887)(cid:886)(cid:886),(cid:884)(cid:884)(cid:886),(cid:885)(cid:884)(cid:882),(cid:887)(cid:886)(cid:886),(cid:882),(cid:882),(cid:882),(cid:885)(cid:888),(cid:891)(cid:886),(cid:883)(cid:885)(cid:882),(cid:885)(cid:888),(cid:891)(cid:886),(cid:883)(cid:885)(cid:882),,,,,,,,,,,,,,,
(cid:884)(cid:883),(cid:14)(cid:4)(cid:15)(cid:12)(cid:16)(cid:4)(cid:17)(cid:23)(cid:4)(cid:17)(cid:3)(cid:23)(cid:8)(cid:17)(cid:10)(cid:4)(cid:11),(cid:882),(cid:883),(cid:883),(cid:883)(cid:888)(cid:882),(cid:884)(cid:890)(cid:887),(cid:886)(cid:886)(cid:887),(cid:883)(cid:888)(cid:882),(cid:884)(cid:890)(cid:888),(cid:886)(cid:886)(cid:888),(cid:882),(cid:882),(cid:882),(cid:885)(cid:884),(cid:883)(cid:882)(cid:886),(cid:883)(cid:885)(cid:888),(cid:885)(cid:884),(cid:883)(cid:882)(cid:886),(cid:883)(cid:885)(cid:888),,,,,,,,,,,,,,,
(cid:884)(cid:884),(cid:14)(cid:4)(cid:15)(cid:12)(cid:16)(cid:4)(cid:17)(cid:23)(cid:4)(cid:17)(cid:3)(cid:22)(cid:8)(cid:15)(cid:4)(cid:23)(cid:4)(cid:17),(cid:882),(cid:882),(cid:882),(cid:883)(cid:889)(cid:886),(cid:886)(cid:883)(cid:889),(cid:887)(cid:891)(cid:883),(cid:883)(cid:889)(cid:886),(cid:886)(cid:883)(cid:889),(cid:887)(cid:891)(cid:883),(cid:882),(cid:882),(cid:882),(cid:889)(cid:887),(cid:884)(cid:884)(cid:889),(cid:885)(cid:882)(cid:884),(cid:889)(cid:887),(cid:884)(cid:884)(cid:889),(cid:885)(cid:882)(cid:884),,,,,,,,,,,,,,,
(cid:884)(cid:885),(cid:14)(cid:4)(cid:15)(cid:12)(cid:16)(cid:4)(cid:17)(cid:23)(cid:4)(cid:17)(cid:3)(cid:23)(cid:12)(cid:16)(cid:24)(cid:21),(cid:882),(cid:882),(cid:882),(cid:883)(cid:889)(cid:891),(cid:886)(cid:884)(cid:889),(cid:888)(cid:882)(cid:888),(cid:883)(cid:889)(cid:891),(cid:886)(cid:884)(cid:889),(cid:888)(cid:882)(cid:888),(cid:882),(cid:882),(cid:882),(cid:886)(cid:887),(cid:883)(cid:891)(cid:891),(cid:884)(cid:886)(cid:886),(cid:886)(cid:887),(cid:883)(cid:891)(cid:891),(cid:884)(cid:886)(cid:886),,,,,,,,,,,,,,,
(cid:884)(cid:886),(cid:14)(cid:4)(cid:15)(cid:12)(cid:16)(cid:4)(cid:17)(cid:23)(cid:4)(cid:17)(cid:3)(cid:24)(cid:23)(cid:4)(cid:21)(cid:4),(cid:882),(cid:882),(cid:882),(cid:886)(cid:889),(cid:883)(cid:882)(cid:890),(cid:883)(cid:887)(cid:887),(cid:886)(cid:889),(cid:883)(cid:882)(cid:890),(cid:883)(cid:887)(cid:887),(cid:882),(cid:882),(cid:882),(cid:883)(cid:890),(cid:885)(cid:887),(cid:887)(cid:885),(cid:883)(cid:890),(cid:885)(cid:887),(cid:887)(cid:885),,,,,,,,,,,,,,,
(cid:884)(cid:887),(cid:22)(cid:24)(cid:15)(cid:4)(cid:26)(cid:8)(cid:22)(cid:12)(cid:3)(cid:24)(cid:23)(cid:4)(cid:21)(cid:4),(cid:882),(cid:883),(cid:883),(cid:883)(cid:888)(cid:891),(cid:887)(cid:882)(cid:884),(cid:888)(cid:889)(cid:883),(cid:883)(cid:888)(cid:891),(cid:887)(cid:882)(cid:885),(cid:888)(cid:889)(cid:884),(cid:882),(cid:882),(cid:882),(cid:885)(cid:890),(cid:883)(cid:883)(cid:884),(cid:883)(cid:887)(cid:882),(cid:885)(cid:890),(cid:883)(cid:883)(cid:884),(cid:883)(cid:887)(cid:882),,,,,,,,,,,,,,,
(cid:884)(cid:888),(cid:22)(cid:24)(cid:15)(cid:4)(cid:26)(cid:8)(cid:22)(cid:12)(cid:3)(cid:23)(cid:8)(cid:17)(cid:10)(cid:4)(cid:11),(cid:882),(cid:882),(cid:882),(cid:883)(cid:886)(cid:884),(cid:885)(cid:887)(cid:888),(cid:886)(cid:891)(cid:890),(cid:883)(cid:886)(cid:884),(cid:885)(cid:887)(cid:888),(cid:886)(cid:891)(cid:890),(cid:882),(cid:882),(cid:882),(cid:884)(cid:888),(cid:883)(cid:884)(cid:891),(cid:883)(cid:887)(cid:887),(cid:884)(cid:888),(cid:883)(cid:884)(cid:891),(cid:883)(cid:887)(cid:887),,,,,,,,,,,,,,,
(cid:884)(cid:889),(cid:22)(cid:24)(cid:15)(cid:4)(cid:26)(cid:8)(cid:22)(cid:12)(cid:3)(cid:22)(cid:8)(cid:15)(cid:4)(cid:23)(cid:4)(cid:17),(cid:882),(cid:885),(cid:885),(cid:884)(cid:885)(cid:887),(cid:891)(cid:884)(cid:886),(cid:883)(cid:484)(cid:883)(cid:887)(cid:891),(cid:884)(cid:885)(cid:887),(cid:891)(cid:884)(cid:889),(cid:883)(cid:484)(cid:883)(cid:888)(cid:884),(cid:882),(cid:882),(cid:882),(cid:890)(cid:889),(cid:887)(cid:887)(cid:883),(cid:888)(cid:885)(cid:890),(cid:890)(cid:889),(cid:887)(cid:887)(cid:883),(cid:888)(cid:885)(cid:890),,,,,,,,,,,,,,,
(cid:884)(cid:890),(cid:22)(cid:24)(cid:15)(cid:4)(cid:26)(cid:8)(cid:22)(cid:12)(cid:3)(cid:23)(cid:8)(cid:17)(cid:10)(cid:10)(cid:4)(cid:21)(cid:4),(cid:882),(cid:882),(cid:882),(cid:883)(cid:888)(cid:885),(cid:886)(cid:888)(cid:887),(cid:888)(cid:884)(cid:890),(cid:883)(cid:888)(cid:885),(cid:886)(cid:888)(cid:887),(cid:888)(cid:884)(cid:890),(cid:882),(cid:882),(cid:882),(cid:885)(cid:891),(cid:884)(cid:882)(cid:882),(cid:884)(cid:885)(cid:891),(cid:885)(cid:891),(cid:884)(cid:882)(cid:882),(cid:884)(cid:885)(cid:891),,,,,,,,,,,,,,,
(cid:884)(cid:891),(cid:10)(cid:18)(cid:21)(cid:18)(cid:17)(cid:23)(cid:4)(cid:15)(cid:18),(cid:882),(cid:882),(cid:882),(cid:886)(cid:889),(cid:883)(cid:883)(cid:889),(cid:883)(cid:888)(cid:886),(cid:886)(cid:889),(cid:883)(cid:883)(cid:889),(cid:883)(cid:888)(cid:886),(cid:882),(cid:882),(cid:882),(cid:883)(cid:883),(cid:887)(cid:884),(cid:888)(cid:885),(cid:883)(cid:883),(cid:887)(cid:884),(cid:888)(cid:885),,,,,,,,,,,,,,,
(cid:885)(cid:882),(cid:22)(cid:24)(cid:15)(cid:4)(cid:26)(cid:8)(cid:22)(cid:12)(cid:3)(cid:5)(cid:4)(cid:21)(cid:4)(cid:23),(cid:882),(cid:882),(cid:882),(cid:887)(cid:891),(cid:883)(cid:886)(cid:891),(cid:884)(cid:882)(cid:890),(cid:887)(cid:891),(cid:883)(cid:886)(cid:891),(cid:884)(cid:882)(cid:890),(cid:882),(cid:882),(cid:882),(cid:884)(cid:884),(cid:890)(cid:884),(cid:883)(cid:882)(cid:886),(cid:884)(cid:884),(cid:890)(cid:884),(cid:883)(cid:882)(cid:886),,,,,,,,,,,,,,,
(cid:885)(cid:883),(cid:16)(cid:4)(cid:15)(cid:24)(cid:14)(cid:24),(cid:882),(cid:882),(cid:882),(cid:889)(cid:890),(cid:884)(cid:887)(cid:891),(cid:885)(cid:885)(cid:889),(cid:889)(cid:890),(cid:884)(cid:887)(cid:891),(cid:885)(cid:885)(cid:889),(cid:882),(cid:882),(cid:882),(cid:883)(cid:884),(cid:887)(cid:885),(cid:888)(cid:887),(cid:883)(cid:884),(cid:887)(cid:885),(cid:888)(cid:887),,,,,,,,,,,,,,,
(cid:885)(cid:884),(cid:16)(cid:4)(cid:15)(cid:24)(cid:14)(cid:24)(cid:3)(cid:24)(cid:23)(cid:4)(cid:21)(cid:4),(cid:882),(cid:882),(cid:882),(cid:889)(cid:891),(cid:883)(cid:887)(cid:889),(cid:884)(cid:885)(cid:888),(cid:889)(cid:891),(cid:883)(cid:887)(cid:889),(cid:884)(cid:885)(cid:888),(cid:882),(cid:882),(cid:882),(cid:884)(cid:886),(cid:886)(cid:891),(cid:889)(cid:885),(cid:884)(cid:886),(cid:886)(cid:891),(cid:889)(cid:885),,,,,,,,,,,,,,,
(cid:885)(cid:885),(cid:19)(cid:4)(cid:19)(cid:24)(cid:4),(cid:882),(cid:883),(cid:883),(cid:886)(cid:890),(cid:883)(cid:887)(cid:884),(cid:884)(cid:882)(cid:882),(cid:886)(cid:890),(cid:883)(cid:887)(cid:885),(cid:884)(cid:882)(cid:883),(cid:882),(cid:882),(cid:882),(cid:887),(cid:884)(cid:891),(cid:885)(cid:886),(cid:887),(cid:884)(cid:891),(cid:885)(cid:886),,,,,,,,,,,,,,,
(cid:885)(cid:886),(cid:19)(cid:4)(cid:19)(cid:24)(cid:4)(cid:3)(cid:5)(cid:4)(cid:21)(cid:4)(cid:23),(cid:882),(cid:882),(cid:882),(cid:887)(cid:887),(cid:889)(cid:890),(cid:883)(cid:885)(cid:885),(cid:887)(cid:887),(cid:889)(cid:890),(cid:883)(cid:885)(cid:885),(cid:882),(cid:882),(cid:882),(cid:889),(cid:884)(cid:884),(cid:884)(cid:891),(cid:889),(cid:884)(cid:884),(cid:884)(cid:891),,,,,,,,,,,,,,,
(cid:885)(cid:887),(cid:19)(cid:4)(cid:19)(cid:24)(cid:4)(cid:3)(cid:22)(cid:8)(cid:15)(cid:4)(cid:23)(cid:4)(cid:17),(cid:882),(cid:882),(cid:882),(cid:884)(cid:886),(cid:889)(cid:891),(cid:883)(cid:882)(cid:885),(cid:884)(cid:886),(cid:889)(cid:891),(cid:883)(cid:882)(cid:885),(cid:882),(cid:882),(cid:882),(cid:883),(cid:883)(cid:882),(cid:883)(cid:883),(cid:883),(cid:883)(cid:882),(cid:883)(cid:883),,,,,,,,,,,,,,,
(cid:885)(cid:888),(cid:19)(cid:4)(cid:19)(cid:24)(cid:4)(cid:3)(cid:23)(cid:8)(cid:17)(cid:10)(cid:4)(cid:11),(cid:882),(cid:882),(cid:882),(cid:886)(cid:889),(cid:890)(cid:891),(cid:883)(cid:885)(cid:888),(cid:886)(cid:889),(cid:890)(cid:891),(cid:883)(cid:885)(cid:888),(cid:882),(cid:882),(cid:882),(cid:883),(cid:883)(cid:891),(cid:884)(cid:882),(cid:883),(cid:883)(cid:891),(cid:884)(cid:882),,,,,,,,,,,,,,,
(cid:885)(cid:889) (cid:19)(cid:4)(cid:19)(cid:24)(cid:4)(cid:3)(cid:19)(cid:8)(cid:10)(cid:24)(cid:17)(cid:24)(cid:17)(cid:10)(cid:4)(cid:17) Indonesia (cid:885)(cid:890) (cid:19)(cid:4)(cid:19)(cid:24)(cid:4)(cid:3)(cid:5)(cid:4)(cid:21)(cid:4)(cid:23)(cid:3)(cid:7)(cid:4)(cid:28)(cid:4),,(cid:882) 20 (cid:882),(cid:882) 62 (cid:882),(cid:882) 82 (cid:882),(cid:886)(cid:886) 8.571 (cid:885)(cid:883),(cid:887)(cid:884) 21.529 (cid:883)(cid:882)(cid:886),(cid:891)(cid:888) 30.100 (cid:883)(cid:885)(cid:887),(cid:886)(cid:886) 8.591 (cid:885)(cid:883),(cid:887)(cid:884) 21.591 (cid:883)(cid:882)(cid:886),(cid:891)(cid:888) 30.182 (cid:883)(cid:885)(cid:887),(cid:882) 2 (cid:882),(cid:882) 5 (cid:882),(cid:882) 7 (cid:882),(cid:885) 1.772 (cid:887),(cid:883)(cid:887) 8.667 (cid:884)(cid:886),(cid:883)(cid:890) 10.439 (cid:884)(cid:891),(cid:885) 1.774 (cid:887),(cid:883)(cid:887) 8.672 (cid:884)(cid:886),(cid:883)(cid:890) 10.446 (cid:884)(cid:891),,,,,,,,,,,,,,,
No,Provinsi,Dokter Spesialis,,,Dokter,,,Total,,,Dokter Gigi Spesialis,,,Dokter Gigi,,,Total,,,,,,,,,,,,,,,,,
,,L,P,L+P,L,P,L+P,L,P,L+P,L,P,L+P,L,P,L+P,L,P,L+P,,,,,,,,,,,,,,,
(1),(2),(3),(4),(5),(6),(7),(8),(9),(10),(11),(12),(13),(14),(15),(16),(17),(18),(19),(20),,,,,,,,,,,,,,,
(cid:883),(cid:4)(cid:6)(cid:8)(cid:11),(cid:888)(cid:884)(cid:883),(cid:887)(cid:890)(cid:890),(cid:883)(cid:484)(cid:884)(cid:882)(cid:891),(cid:887)(cid:889)(cid:882),(cid:883)(cid:484)(cid:882)(cid:890)(cid:883),(cid:883)(cid:484)(cid:888)(cid:887)(cid:883),(cid:883)(cid:484)(cid:883)(cid:891)(cid:883),(cid:883)(cid:484)(cid:888)(cid:888)(cid:891),(cid:884)(cid:484)(cid:890)(cid:888)(cid:882),(cid:883)(cid:882),(cid:886)(cid:884),(cid:887)(cid:884),(cid:886)(cid:890),(cid:883)(cid:884)(cid:890),(cid:883)(cid:889)(cid:888),(cid:887)(cid:890),(cid:883)(cid:889)(cid:882),(cid:884)(cid:884)(cid:890),,,,,,,,,,,,,,,
(cid:884),(cid:22)(cid:24)(cid:16)(cid:4)(cid:23)(cid:8)(cid:21)(cid:4)(cid:3)(cid:24)(cid:23)(cid:4)(cid:21)(cid:4),(cid:883)(cid:484)(cid:886)(cid:891)(cid:882),(cid:883)(cid:484)(cid:882)(cid:891)(cid:890),(cid:884)(cid:484)(cid:887)(cid:890)(cid:890),(cid:883)(cid:484)(cid:884)(cid:891)(cid:883),(cid:883)(cid:484)(cid:891)(cid:883)(cid:889),(cid:885)(cid:484)(cid:884)(cid:882)(cid:890),(cid:884)(cid:484)(cid:889)(cid:890)(cid:883),(cid:885)(cid:484)(cid:882)(cid:883)(cid:887),(cid:887)(cid:484)(cid:889)(cid:891)(cid:888),(cid:885)(cid:883),(cid:891)(cid:884),(cid:883)(cid:884)(cid:885),(cid:883)(cid:882)(cid:889),(cid:885)(cid:885)(cid:883),(cid:886)(cid:885)(cid:890),(cid:883)(cid:885)(cid:890),(cid:886)(cid:884)(cid:885),(cid:887)(cid:888)(cid:883),,,,,,,,,,,,,,,
(cid:885),(cid:22)(cid:24)(cid:16)(cid:4)(cid:23)(cid:8)(cid:21)(cid:4)(cid:3)(cid:5)(cid:4)(cid:21)(cid:4)(cid:23),(cid:887)(cid:889)(cid:882),(cid:887)(cid:890)(cid:889),(cid:883)(cid:484)(cid:883)(cid:887)(cid:889),(cid:886)(cid:882)(cid:890),(cid:883)(cid:484)(cid:882)(cid:883)(cid:890),(cid:883)(cid:484)(cid:886)(cid:884)(cid:888),(cid:891)(cid:889)(cid:890),(cid:883)(cid:484)(cid:888)(cid:882)(cid:887),(cid:884)(cid:484)(cid:887)(cid:890)(cid:885),(cid:883)(cid:884),(cid:885)(cid:887),(cid:886)(cid:889),(cid:885)(cid:891),(cid:883)(cid:891)(cid:884),(cid:884)(cid:885)(cid:883),(cid:887)(cid:883),(cid:884)(cid:884)(cid:889),(cid:884)(cid:889)(cid:890),,,,,,,,,,,,,,,
(cid:886),(cid:21)(cid:12)(cid:4)(cid:24),(cid:889)(cid:887)(cid:884),(cid:887)(cid:882)(cid:890),(cid:883)(cid:484)(cid:884)(cid:888)(cid:882),(cid:887)(cid:882)(cid:883),(cid:883)(cid:484)(cid:882)(cid:885)(cid:884),(cid:883)(cid:484)(cid:887)(cid:885)(cid:885),(cid:883)(cid:484)(cid:884)(cid:887)(cid:885),(cid:883)(cid:484)(cid:887)(cid:886)(cid:882),(cid:884)(cid:484)(cid:889)(cid:891)(cid:885),(cid:883)(cid:889),(cid:886)(cid:883),(cid:887)(cid:890),(cid:887)(cid:882),(cid:883)(cid:887)(cid:884),(cid:884)(cid:882)(cid:884),(cid:888)(cid:889),(cid:883)(cid:891)(cid:885),(cid:884)(cid:888)(cid:882),,,,,,,,,,,,,,,
(cid:887),(cid:13)(cid:4)(cid:16)(cid:5)(cid:12),(cid:884)(cid:887)(cid:888),(cid:884)(cid:882)(cid:891),(cid:886)(cid:888)(cid:887),(cid:884)(cid:884)(cid:883),(cid:886)(cid:889)(cid:890),(cid:888)(cid:891)(cid:891),(cid:886)(cid:889)(cid:889),(cid:888)(cid:890)(cid:889),(cid:883)(cid:484)(cid:883)(cid:888)(cid:886),(cid:883)(cid:882),(cid:883)(cid:887),(cid:884)(cid:887),(cid:883)(cid:889),(cid:887)(cid:886),(cid:889)(cid:883),(cid:884)(cid:889),(cid:888)(cid:891),(cid:891)(cid:888),,,,,,,,,,,,,,,
(cid:888),(cid:22)(cid:24)(cid:16)(cid:4)(cid:23)(cid:8)(cid:21)(cid:4)(cid:3)(cid:22)(cid:8)(cid:15)(cid:4)(cid:23)(cid:4)(cid:17),(cid:888)(cid:889)(cid:883),(cid:888)(cid:882)(cid:890),(cid:883)(cid:484)(cid:884)(cid:889)(cid:891),(cid:888)(cid:882)(cid:889),(cid:883)(cid:484)(cid:884)(cid:884)(cid:882),(cid:883)(cid:484)(cid:890)(cid:884)(cid:889),(cid:883)(cid:484)(cid:884)(cid:889)(cid:890),(cid:883)(cid:484)(cid:890)(cid:884)(cid:890),(cid:885)(cid:484)(cid:883)(cid:882)(cid:888),(cid:884)(cid:882),(cid:885)(cid:889),(cid:887)(cid:889),(cid:884)(cid:891),(cid:883)(cid:887)(cid:884),(cid:883)(cid:890)(cid:883),(cid:886)(cid:891),(cid:883)(cid:890)(cid:891),(cid:884)(cid:885)(cid:890),,,,,,,,,,,,,,,
(cid:889),(cid:5)(cid:8)(cid:17)(cid:10)(cid:14)(cid:24)(cid:15)(cid:24),(cid:883)(cid:886)(cid:884),(cid:883)(cid:884)(cid:885),(cid:884)(cid:888)(cid:887),(cid:883)(cid:882)(cid:891),(cid:884)(cid:888)(cid:889),(cid:885)(cid:889)(cid:888),(cid:884)(cid:887)(cid:883),(cid:885)(cid:891)(cid:882),(cid:888)(cid:886)(cid:883),(cid:885),(cid:891),(cid:883)(cid:884),(cid:889),(cid:886)(cid:887),(cid:887)(cid:884),(cid:883)(cid:882),(cid:887)(cid:886),(cid:888)(cid:886),,,,,,,,,,,,,,,
(cid:890),(cid:15)(cid:4)(cid:16)(cid:19)(cid:24)(cid:17)(cid:10),(cid:887)(cid:884)(cid:888),(cid:885)(cid:886)(cid:887),(cid:890)(cid:889)(cid:883),(cid:885)(cid:886)(cid:890),(cid:889)(cid:882)(cid:884),(cid:883)(cid:484)(cid:882)(cid:887)(cid:882),(cid:890)(cid:889)(cid:886),(cid:883)(cid:484)(cid:882)(cid:886)(cid:889),(cid:883)(cid:484)(cid:891)(cid:884)(cid:883),(cid:883)(cid:883),(cid:884)(cid:882),(cid:885)(cid:883),(cid:884)(cid:885),(cid:890)(cid:882),(cid:883)(cid:882)(cid:885),(cid:885)(cid:886),(cid:883)(cid:882)(cid:882),(cid:883)(cid:885)(cid:886),,,,,,,,,,,,,,,
(cid:891),(cid:14)(cid:8)(cid:19)(cid:24)(cid:15)(cid:4)(cid:24)(cid:4)(cid:17)(cid:3)(cid:5)(cid:4)(cid:17)(cid:10)(cid:14)(cid:4)(cid:3)(cid:5)(cid:8)(cid:15)(cid:12)(cid:23)(cid:24)(cid:17)(cid:10),(cid:883)(cid:886)(cid:887),(cid:883)(cid:883)(cid:885),(cid:884)(cid:887)(cid:890),(cid:883)(cid:883)(cid:891),(cid:884)(cid:883)(cid:889),(cid:885)(cid:885)(cid:888),(cid:884)(cid:888)(cid:886),(cid:885)(cid:885)(cid:882),(cid:887)(cid:891)(cid:886),(cid:890),(cid:883)(cid:890),(cid:884)(cid:888),(cid:883)(cid:882),(cid:884)(cid:887),(cid:885)(cid:887),(cid:883)(cid:890),(cid:886)(cid:885),(cid:888)(cid:883),,,,,,,,,,,,,,,
(cid:883)(cid:882),(cid:14)(cid:8)(cid:19)(cid:24)(cid:15)(cid:4)(cid:24)(cid:4)(cid:17)(cid:3)(cid:21)(cid:12)(cid:4)(cid:24),(cid:885)(cid:883)(cid:889),(cid:884)(cid:882)(cid:891),(cid:887)(cid:884)(cid:888),(cid:884)(cid:882)(cid:887),(cid:885)(cid:889)(cid:890),(cid:887)(cid:890)(cid:885),(cid:887)(cid:884)(cid:884),(cid:887)(cid:890)(cid:889),(cid:883)(cid:484)(cid:883)(cid:882)(cid:891),(cid:883)(cid:883),(cid:883)(cid:890),(cid:884)(cid:891),(cid:883)(cid:886),(cid:887)(cid:886),(cid:888)(cid:890),(cid:884)(cid:887),(cid:889)(cid:884),(cid:891)(cid:889),,,,,,,,,,,,,,,
(cid:883)(cid:883),(cid:7)(cid:14)(cid:12)(cid:3)(cid:13)(cid:4)(cid:14)(cid:4)(cid:21)(cid:23)(cid:4),(cid:886)(cid:484)(cid:882)(cid:884)(cid:884),(cid:885)(cid:484)(cid:888)(cid:888)(cid:882),(cid:889)(cid:484)(cid:888)(cid:890)(cid:884),(cid:883)(cid:484)(cid:887)(cid:883)(cid:888),(cid:884)(cid:484)(cid:891)(cid:884)(cid:885),(cid:886)(cid:484)(cid:886)(cid:885)(cid:891),(cid:887)(cid:484)(cid:887)(cid:885)(cid:890),(cid:888)(cid:484)(cid:887)(cid:890)(cid:885),(cid:883)(cid:884)(cid:484)(cid:883)(cid:884)(cid:883),(cid:884)(cid:887)(cid:886),(cid:887)(cid:889)(cid:882),(cid:890)(cid:884)(cid:886),(cid:884)(cid:882)(cid:883),(cid:889)(cid:889)(cid:888),(cid:891)(cid:889)(cid:889),(cid:886)(cid:887)(cid:887),(cid:883)(cid:484)(cid:885)(cid:886)(cid:888),(cid:883)(cid:484)(cid:890)(cid:882)(cid:883),,,,,,,,,,,,,,,
(cid:883)(cid:884),(cid:13)(cid:4)(cid:26)(cid:4)(cid:3)(cid:5)(cid:4)(cid:21)(cid:4)(cid:23),(cid:886)(cid:484)(cid:888)(cid:891)(cid:882),(cid:885)(cid:484)(cid:889)(cid:884)(cid:882),(cid:890)(cid:484)(cid:886)(cid:883)(cid:882),(cid:884)(cid:484)(cid:891)(cid:889)(cid:888),(cid:886)(cid:484)(cid:889)(cid:882)(cid:888),(cid:889)(cid:484)(cid:888)(cid:890)(cid:884),(cid:889)(cid:484)(cid:888)(cid:888)(cid:888),(cid:890)(cid:484)(cid:886)(cid:884)(cid:888),(cid:883)(cid:888)(cid:484)(cid:882)(cid:891)(cid:884),(cid:884)(cid:886)(cid:887),(cid:886)(cid:889)(cid:891),(cid:889)(cid:884)(cid:886),(cid:884)(cid:888)(cid:884),(cid:891)(cid:882)(cid:887),(cid:883)(cid:484)(cid:883)(cid:888)(cid:889),(cid:887)(cid:882)(cid:889),(cid:883)(cid:484)(cid:885)(cid:890)(cid:886),(cid:883)(cid:484)(cid:890)(cid:891)(cid:883),,,,,,,,,,,,,,,
(cid:883)(cid:885),(cid:13)(cid:4)(cid:26)(cid:4)(cid:3)(cid:23)(cid:8)(cid:17)(cid:10)(cid:4)(cid:11),(cid:885)(cid:484)(cid:882)(cid:886)(cid:889),(cid:884)(cid:484)(cid:883)(cid:888)(cid:889),(cid:887)(cid:484)(cid:884)(cid:883)(cid:886),(cid:883)(cid:484)(cid:891)(cid:884)(cid:883),(cid:884)(cid:484)(cid:891)(cid:889)(cid:890),(cid:886)(cid:484)(cid:890)(cid:891)(cid:891),(cid:886)(cid:484)(cid:891)(cid:888)(cid:890),(cid:887)(cid:484)(cid:883)(cid:886)(cid:887),(cid:883)(cid:882)(cid:484)(cid:883)(cid:883)(cid:885),(cid:883)(cid:883)(cid:885),(cid:884)(cid:882)(cid:891),(cid:885)(cid:884)(cid:884),(cid:883)(cid:890)(cid:886),(cid:888)(cid:883)(cid:886),(cid:889)(cid:891)(cid:890),(cid:884)(cid:891)(cid:889),(cid:890)(cid:884)(cid:885),(cid:883)(cid:484)(cid:883)(cid:884)(cid:882),,,,,,,,,,,,,,,
(cid:883)(cid:886),(cid:28)(cid:18)(cid:10)(cid:28)(cid:4)(cid:14)(cid:4)(cid:21)(cid:23)(cid:4),(cid:889)(cid:890)(cid:887),(cid:889)(cid:885)(cid:886),(cid:883)(cid:484)(cid:887)(cid:883)(cid:891),(cid:887)(cid:883)(cid:882),(cid:889)(cid:888)(cid:888),(cid:883)(cid:484)(cid:884)(cid:889)(cid:888),(cid:883)(cid:484)(cid:884)(cid:891)(cid:887),(cid:883)(cid:484)(cid:887)(cid:882)(cid:882),(cid:884)(cid:484)(cid:889)(cid:891)(cid:887),(cid:888)(cid:889),(cid:883)(cid:887)(cid:882),(cid:884)(cid:883)(cid:889),(cid:883)(cid:883)(cid:890),(cid:884)(cid:889)(cid:885),(cid:885)(cid:891)(cid:883),(cid:883)(cid:890)(cid:887),(cid:886)(cid:884)(cid:885),(cid:888)(cid:882)(cid:890),,,,,,,,,,,,,,,
(cid:883)(cid:887),(cid:13)(cid:4)(cid:26)(cid:4)(cid:3)(cid:23)(cid:12)(cid:16)(cid:24)(cid:21),(cid:885)(cid:484)(cid:888)(cid:888)(cid:883),(cid:884)(cid:484)(cid:889)(cid:886)(cid:890),(cid:888)(cid:484)(cid:886)(cid:882)(cid:891),(cid:884)(cid:484)(cid:887)(cid:889)(cid:889),(cid:885)(cid:484)(cid:888)(cid:891)(cid:888),(cid:888)(cid:484)(cid:884)(cid:889)(cid:885),(cid:888)(cid:484)(cid:884)(cid:885)(cid:890),(cid:888)(cid:484)(cid:886)(cid:886)(cid:886),(cid:883)(cid:884)(cid:484)(cid:888)(cid:890)(cid:884),(cid:884)(cid:884)(cid:886),(cid:886)(cid:884)(cid:888),(cid:888)(cid:887)(cid:882),(cid:884)(cid:890)(cid:889),(cid:891)(cid:885)(cid:888),(cid:883)(cid:484)(cid:884)(cid:884)(cid:885),(cid:887)(cid:883)(cid:883),(cid:883)(cid:484)(cid:885)(cid:888)(cid:884),(cid:883)(cid:484)(cid:890)(cid:889)(cid:885),,,,,,,,,,,,,,,
(cid:883)(cid:888),(cid:5)(cid:4)(cid:17)(cid:23)(cid:8)(cid:17),(cid:883)(cid:484)(cid:889)(cid:883)(cid:883),(cid:883)(cid:484)(cid:886)(cid:888)(cid:888),(cid:885)(cid:484)(cid:883)(cid:889)(cid:889),(cid:891)(cid:882)(cid:885),(cid:883)(cid:484)(cid:888)(cid:889)(cid:887),(cid:884)(cid:484)(cid:887)(cid:889)(cid:890),(cid:884)(cid:484)(cid:888)(cid:883)(cid:886),(cid:885)(cid:484)(cid:883)(cid:886)(cid:883),(cid:887)(cid:484)(cid:889)(cid:887)(cid:887),(cid:889)(cid:882),(cid:883)(cid:891)(cid:886),(cid:884)(cid:888)(cid:886),(cid:887)(cid:883),(cid:885)(cid:883)(cid:883),(cid:885)(cid:888)(cid:884),(cid:883)(cid:884)(cid:883),(cid:887)(cid:882)(cid:887),(cid:888)(cid:884)(cid:888),,,,,,,,,,,,,,,
(cid:883)(cid:889),(cid:5)(cid:4)(cid:15)(cid:12),(cid:883)(cid:484)(cid:883)(cid:886)(cid:888),(cid:889)(cid:888)(cid:889),(cid:883)(cid:484)(cid:891)(cid:883)(cid:885),(cid:883)(cid:484)(cid:883)(cid:887)(cid:886),(cid:883)(cid:484)(cid:885)(cid:886)(cid:883),(cid:884)(cid:484)(cid:886)(cid:891)(cid:887),(cid:884)(cid:484)(cid:885)(cid:882)(cid:882),(cid:884)(cid:484)(cid:883)(cid:882)(cid:890),(cid:886)(cid:484)(cid:886)(cid:882)(cid:890),(cid:885)(cid:883),(cid:886)(cid:885),(cid:889)(cid:886),(cid:888)(cid:890),(cid:883)(cid:891)(cid:885),(cid:884)(cid:888)(cid:883),(cid:891)(cid:891),(cid:884)(cid:885)(cid:888),(cid:885)(cid:885)(cid:887),,,,,,,,,,,,,,,
(cid:883)(cid:890),(cid:17)(cid:24)(cid:22)(cid:4)(cid:3)(cid:23)(cid:8)(cid:17)(cid:10)(cid:10)(cid:4)(cid:21)(cid:4)(cid:3)(cid:5)(cid:4)(cid:21)(cid:4)(cid:23),(cid:885)(cid:882)(cid:888),(cid:884)(cid:885)(cid:890),(cid:887)(cid:886)(cid:886),(cid:884)(cid:891)(cid:890),(cid:886)(cid:891)(cid:882),(cid:889)(cid:890)(cid:890),(cid:888)(cid:882)(cid:886),(cid:889)(cid:884)(cid:890),(cid:883)(cid:484)(cid:885)(cid:885)(cid:884),(cid:891),(cid:884)(cid:886),(cid:885)(cid:885),(cid:884)(cid:882),(cid:889)(cid:889),(cid:891)(cid:889),(cid:884)(cid:891),(cid:883)(cid:882)(cid:883),(cid:883)(cid:885)(cid:882),,,,,,,,,,,,,,,
(cid:883)(cid:891),(cid:17)(cid:24)(cid:22)(cid:4)(cid:3)(cid:23)(cid:8)(cid:17)(cid:10)(cid:10)(cid:4)(cid:21)(cid:4)(cid:3)(cid:23)(cid:12)(cid:16)(cid:24)(cid:21),(cid:884)(cid:887)(cid:882),(cid:884)(cid:886)(cid:883),(cid:886)(cid:891)(cid:883),(cid:884)(cid:887)(cid:885),(cid:886)(cid:886)(cid:887),(cid:888)(cid:891)(cid:890),(cid:887)(cid:882)(cid:885),(cid:888)(cid:890)(cid:888),(cid:883)(cid:484)(cid:883)(cid:890)(cid:891),(cid:886),(cid:883)(cid:887),(cid:883)(cid:891),(cid:883)(cid:884),(cid:887)(cid:886),(cid:888)(cid:888),(cid:883)(cid:888),(cid:888)(cid:891),(cid:890)(cid:887),,,,,,,,,,,,,,,
(cid:884)(cid:882),(cid:14)(cid:4)(cid:15)(cid:12)(cid:16)(cid:4)(cid:17)(cid:23)(cid:4)(cid:17)(cid:3)(cid:5)(cid:4)(cid:21)(cid:4)(cid:23),(cid:885)(cid:884)(cid:890),(cid:884)(cid:882)(cid:890),(cid:887)(cid:885)(cid:888),(cid:884)(cid:890)(cid:889),(cid:885)(cid:889)(cid:886),(cid:888)(cid:888)(cid:883),(cid:888)(cid:883)(cid:887),(cid:887)(cid:890)(cid:884),(cid:883)(cid:484)(cid:883)(cid:891)(cid:889),(cid:883)(cid:887),(cid:883)(cid:888),(cid:885)(cid:883),(cid:885)(cid:884),(cid:889)(cid:887),(cid:883)(cid:882)(cid:889),(cid:886)(cid:889),(cid:891)(cid:883),(cid:883)(cid:885)(cid:890),,,,,,,,,,,,,,,
(cid:884)(cid:883),(cid:14)(cid:4)(cid:15)(cid:12)(cid:16)(cid:4)(cid:17)(cid:23)(cid:4)(cid:17)(cid:3)(cid:23)(cid:8)(cid:17)(cid:10)(cid:4)(cid:11),(cid:884)(cid:884)(cid:884),(cid:883)(cid:888)(cid:888),(cid:885)(cid:890)(cid:890),(cid:883)(cid:890)(cid:886),(cid:885)(cid:884)(cid:889),(cid:887)(cid:883)(cid:883),(cid:886)(cid:882)(cid:888),(cid:886)(cid:891)(cid:885),(cid:890)(cid:891)(cid:891),(cid:883)(cid:883),(cid:884)(cid:882),(cid:885)(cid:883),(cid:884)(cid:882),(cid:886)(cid:888),(cid:888)(cid:888),(cid:885)(cid:883),(cid:888)(cid:888),(cid:891)(cid:889),,,,,,,,,,,,,,,
(cid:884)(cid:884),(cid:14)(cid:4)(cid:15)(cid:12)(cid:16)(cid:4)(cid:17)(cid:23)(cid:4)(cid:17)(cid:3)(cid:22)(cid:8)(cid:15)(cid:4)(cid:23)(cid:4)(cid:17),(cid:886)(cid:882)(cid:891),(cid:885)(cid:882)(cid:882),(cid:889)(cid:882)(cid:891),(cid:885)(cid:888)(cid:882),(cid:886)(cid:889)(cid:883),(cid:890)(cid:885)(cid:883),(cid:889)(cid:888)(cid:891),(cid:889)(cid:889)(cid:883),(cid:883)(cid:484)(cid:887)(cid:886)(cid:882),(cid:884)(cid:887),(cid:885)(cid:886),(cid:887)(cid:891),(cid:887)(cid:889),(cid:883)(cid:884)(cid:891),(cid:883)(cid:890)(cid:888),(cid:890)(cid:884),(cid:883)(cid:888)(cid:885),(cid:884)(cid:886)(cid:887),,,,,,,,,,,,,,,
(cid:884)(cid:885),(cid:14)(cid:4)(cid:15)(cid:12)(cid:16)(cid:4)(cid:17)(cid:23)(cid:4)(cid:17)(cid:3)(cid:23)(cid:12)(cid:16)(cid:24)(cid:21),(cid:886)(cid:891)(cid:891),(cid:886)(cid:883)(cid:889),(cid:891)(cid:883)(cid:888),(cid:885)(cid:889)(cid:885),(cid:888)(cid:891)(cid:886),(cid:883)(cid:484)(cid:882)(cid:888)(cid:889),(cid:890)(cid:889)(cid:884),(cid:883)(cid:484)(cid:883)(cid:883)(cid:883),(cid:883)(cid:484)(cid:891)(cid:890)(cid:885),(cid:884)(cid:886),(cid:887)(cid:882),(cid:889)(cid:886),(cid:885)(cid:887),(cid:883)(cid:882)(cid:882),(cid:883)(cid:885)(cid:887),(cid:887)(cid:891),(cid:883)(cid:887)(cid:882),(cid:884)(cid:882)(cid:891),,,,,,,,,,,,,,,
(cid:884)(cid:886),(cid:14)(cid:4)(cid:15)(cid:12)(cid:16)(cid:4)(cid:17)(cid:23)(cid:4)(cid:17)(cid:3)(cid:24)(cid:23)(cid:4)(cid:21)(cid:4),(cid:891)(cid:882),(cid:888)(cid:888),(cid:883)(cid:887)(cid:888),(cid:891)(cid:889),(cid:883)(cid:885)(cid:883),(cid:884)(cid:884)(cid:890),(cid:883)(cid:890)(cid:889),(cid:883)(cid:891)(cid:889),(cid:885)(cid:890)(cid:886),(cid:889),(cid:883)(cid:886),(cid:884)(cid:883),(cid:889),(cid:883)(cid:888),(cid:884)(cid:885),(cid:883)(cid:886),(cid:885)(cid:882),(cid:886)(cid:886),,,,,,,,,,,,,,,
(cid:884)(cid:887),(cid:22)(cid:24)(cid:15)(cid:4)(cid:26)(cid:8)(cid:22)(cid:12)(cid:3)(cid:24)(cid:23)(cid:4)(cid:21)(cid:4),(cid:885)(cid:888)(cid:889),(cid:885)(cid:888)(cid:882),(cid:889)(cid:884)(cid:889),(cid:888)(cid:891)(cid:887),(cid:890)(cid:885)(cid:884),(cid:883)(cid:484)(cid:887)(cid:884)(cid:889),(cid:883)(cid:484)(cid:882)(cid:888)(cid:884),(cid:883)(cid:484)(cid:883)(cid:891)(cid:884),(cid:884)(cid:484)(cid:884)(cid:887)(cid:886),(cid:887),(cid:883)(cid:885),(cid:883)(cid:890),(cid:885)(cid:886),(cid:883)(cid:883)(cid:883),(cid:883)(cid:886)(cid:887),(cid:885)(cid:891),(cid:883)(cid:884)(cid:886),(cid:883)(cid:888)(cid:885),,,,,,,,,,,,,,,
(cid:884)(cid:888),(cid:22)(cid:24)(cid:15)(cid:4)(cid:26)(cid:8)(cid:22)(cid:12)(cid:3)(cid:23)(cid:8)(cid:17)(cid:10)(cid:4)(cid:11),(cid:883)(cid:888)(cid:891),(cid:883)(cid:891)(cid:882),(cid:885)(cid:887)(cid:891),(cid:884)(cid:882)(cid:883),(cid:885)(cid:886)(cid:887),(cid:887)(cid:886)(cid:888),(cid:885)(cid:889)(cid:882),(cid:887)(cid:885)(cid:887),(cid:891)(cid:882)(cid:887),(cid:884),(cid:883)(cid:888),(cid:883)(cid:890),(cid:883)(cid:887),(cid:886)(cid:886),(cid:887)(cid:891),(cid:883)(cid:889),(cid:888)(cid:882),(cid:889)(cid:889),,,,,,,,,,,,,,,
(cid:884)(cid:889),(cid:22)(cid:24)(cid:15)(cid:4)(cid:26)(cid:8)(cid:22)(cid:12)(cid:3)(cid:22)(cid:8)(cid:15)(cid:4)(cid:23)(cid:4)(cid:17),(cid:890)(cid:887)(cid:888),(cid:883)(cid:484)(cid:882)(cid:891)(cid:887),(cid:883)(cid:484)(cid:891)(cid:887)(cid:883),(cid:889)(cid:891)(cid:888),(cid:883)(cid:484)(cid:887)(cid:882)(cid:885),(cid:884)(cid:484)(cid:884)(cid:891)(cid:891),(cid:883)(cid:484)(cid:888)(cid:887)(cid:884),(cid:884)(cid:484)(cid:887)(cid:891)(cid:890),(cid:886)(cid:484)(cid:884)(cid:887)(cid:882),(cid:888)(cid:884),(cid:883)(cid:885)(cid:889),(cid:883)(cid:891)(cid:891),(cid:883)(cid:883)(cid:888),(cid:885)(cid:887)(cid:888),(cid:886)(cid:889)(cid:884),(cid:883)(cid:889)(cid:890),(cid:886)(cid:891)(cid:885),(cid:888)(cid:889)(cid:883),,,,,,,,,,,,,,,
(cid:884)(cid:890),(cid:22)(cid:24)(cid:15)(cid:4)(cid:26)(cid:8)(cid:22)(cid:12)(cid:3)(cid:23)(cid:8)(cid:17)(cid:10)(cid:10)(cid:4)(cid:21)(cid:4),(cid:883)(cid:888)(cid:886),(cid:883)(cid:888)(cid:889),(cid:885)(cid:885)(cid:883),(cid:883)(cid:891)(cid:890),(cid:885)(cid:887)(cid:888),(cid:887)(cid:887)(cid:886),(cid:885)(cid:888)(cid:884),(cid:887)(cid:884)(cid:885),(cid:890)(cid:890)(cid:887),(cid:883)(cid:884),(cid:884)(cid:884),(cid:885)(cid:886),(cid:884)(cid:888),(cid:890)(cid:883),(cid:883)(cid:882)(cid:889),(cid:885)(cid:890),(cid:883)(cid:882)(cid:885),(cid:883)(cid:886)(cid:883),,,,,,,,,,,,,,,
(cid:884)(cid:891),(cid:10)(cid:18)(cid:21)(cid:18)(cid:17)(cid:23)(cid:4)(cid:15)(cid:18),(cid:883)(cid:882)(cid:886),(cid:891)(cid:888),(cid:884)(cid:882)(cid:882),(cid:890)(cid:891),(cid:883)(cid:886)(cid:885),(cid:884)(cid:885)(cid:884),(cid:883)(cid:891)(cid:885),(cid:884)(cid:885)(cid:891),(cid:886)(cid:885)(cid:884),(cid:884),(cid:886),(cid:888),(cid:886),(cid:883)(cid:888),(cid:884)(cid:882),(cid:888),(cid:884)(cid:882),(cid:884)(cid:888),,,,,,,,,,,,,,,
(cid:885)(cid:882),(cid:22)(cid:24)(cid:15)(cid:4)(cid:26)(cid:8)(cid:22)(cid:12)(cid:3)(cid:5)(cid:4)(cid:21)(cid:4)(cid:23),(cid:888)(cid:884),(cid:890)(cid:887),(cid:883)(cid:886)(cid:889),(cid:885)(cid:891),(cid:890)(cid:891),(cid:883)(cid:884)(cid:890),(cid:883)(cid:882)(cid:883),(cid:883)(cid:889)(cid:886),(cid:884)(cid:889)(cid:887),(cid:885),(cid:883)(cid:886),(cid:883)(cid:889),(cid:889),(cid:884)(cid:882),(cid:884)(cid:889),(cid:883)(cid:882),(cid:885)(cid:886),(cid:886)(cid:886),,,,,,,,,,,,,,,
(cid:885)(cid:883),(cid:16)(cid:4)(cid:15)(cid:24)(cid:14)(cid:24),(cid:891)(cid:883),(cid:883)(cid:884)(cid:885),(cid:884)(cid:883)(cid:886),(cid:883)(cid:882)(cid:882),(cid:884)(cid:886)(cid:889),(cid:885)(cid:886)(cid:889),(cid:883)(cid:891)(cid:883),(cid:885)(cid:889)(cid:882),(cid:887)(cid:888)(cid:883),(cid:885),(cid:883)(cid:883),(cid:883)(cid:886),(cid:891),(cid:884)(cid:888),(cid:885)(cid:887),(cid:883)(cid:884),(cid:885)(cid:889),(cid:886)(cid:891),,,,,,,,,,,,,,,
(cid:885)(cid:884),(cid:16)(cid:4)(cid:15)(cid:24)(cid:14)(cid:24)(cid:3)(cid:24)(cid:23)(cid:4)(cid:21)(cid:4),(cid:889)(cid:891),(cid:889)(cid:888),(cid:883)(cid:887)(cid:887),(cid:889)(cid:886),(cid:883)(cid:885)(cid:886),(cid:884)(cid:882)(cid:890),(cid:883)(cid:887)(cid:885),(cid:884)(cid:883)(cid:882),(cid:885)(cid:888)(cid:885),(cid:888),(cid:887),(cid:883)(cid:883),(cid:883)(cid:882),(cid:884)(cid:884),(cid:885)(cid:884),(cid:883)(cid:888),(cid:884)(cid:889),(cid:886)(cid:885),,,,,,,,,,,,,,,
(cid:885)(cid:885),(cid:19)(cid:4)(cid:19)(cid:24)(cid:4),(cid:883)(cid:882)(cid:888),(cid:883)(cid:883)(cid:885),(cid:884)(cid:883)(cid:891),(cid:883)(cid:883)(cid:891),(cid:884)(cid:883)(cid:890),(cid:885)(cid:885)(cid:889),(cid:884)(cid:884)(cid:887),(cid:885)(cid:885)(cid:883),(cid:887)(cid:887)(cid:888),(cid:884),(cid:890),(cid:883)(cid:882),(cid:891),(cid:883)(cid:891),(cid:884)(cid:890),(cid:883)(cid:883),(cid:884)(cid:889),(cid:885)(cid:890),,,,,,,,,,,,,,,
(cid:885)(cid:886),(cid:19)(cid:4)(cid:19)(cid:24)(cid:4)(cid:3)(cid:5)(cid:4)(cid:21)(cid:4)(cid:23),(cid:886)(cid:890),(cid:885)(cid:889),(cid:890)(cid:887),(cid:887)(cid:885),(cid:891)(cid:889),(cid:883)(cid:887)(cid:882),(cid:883)(cid:882)(cid:883),(cid:883)(cid:885)(cid:886),(cid:884)(cid:885)(cid:887),(cid:882),(cid:886),(cid:886),(cid:889),(cid:883)(cid:882),(cid:883)(cid:889),(cid:889),(cid:883)(cid:886),(cid:884)(cid:883),,,,,,,,,,,,,,,
(cid:885)(cid:887),(cid:19)(cid:4)(cid:19)(cid:24)(cid:4)(cid:3)(cid:22)(cid:8)(cid:15)(cid:4)(cid:23)(cid:4)(cid:17),(cid:885)(cid:885),(cid:885)(cid:882),(cid:888)(cid:885),(cid:886)(cid:887),(cid:888)(cid:889),(cid:883)(cid:883)(cid:884),(cid:889)(cid:890),(cid:891)(cid:889),(cid:883)(cid:889)(cid:887),(cid:882),(cid:885),(cid:885),(cid:888),(cid:888),(cid:883)(cid:884),(cid:888),(cid:891),(cid:883)(cid:887),,,,,,,,,,,,,,,
(cid:885)(cid:888),(cid:19)(cid:4)(cid:19)(cid:24)(cid:4)(cid:3)(cid:23)(cid:8)(cid:17)(cid:10)(cid:4)(cid:11),(cid:887)(cid:884),(cid:886)(cid:883),(cid:891)(cid:885),(cid:887)(cid:887),(cid:889)(cid:882),(cid:883)(cid:884)(cid:887),(cid:883)(cid:882)(cid:889),(cid:883)(cid:883)(cid:883),(cid:884)(cid:883)(cid:890),(cid:883),(cid:885),(cid:886),(cid:886),(cid:890),(cid:883)(cid:884),(cid:887),(cid:883)(cid:883),(cid:883)(cid:888),,,,,,,,,,,,,,,
(cid:885)(cid:889) (cid:19)(cid:4)(cid:19)(cid:24)(cid:4)(cid:3)(cid:19)(cid:8)(cid:10)(cid:24)(cid:17)(cid:24)(cid:17)(cid:10)(cid:4)(cid:17) Indonesia (cid:885)(cid:890) (cid:19)(cid:4)(cid:19)(cid:24)(cid:4)(cid:3)(cid:5)(cid:4)(cid:21)(cid:4)(cid:23)(cid:3)(cid:7)(cid:4)(cid:28)(cid:4),,(cid:884)(cid:886) 28.870 (cid:887)(cid:891),(cid:884)(cid:884) 23.755 (cid:885)(cid:886),(cid:886)(cid:888) 52.625 (cid:891)(cid:885),(cid:885)(cid:886) 20.333 (cid:886)(cid:889),(cid:887)(cid:883) 33.572 (cid:891)(cid:885),(cid:890)(cid:887) 53.905 (cid:883)(cid:886)(cid:882),(cid:887)(cid:890) 49.203 (cid:883)(cid:882)(cid:888),(cid:889)(cid:885) 57.327 (cid:883)(cid:884)(cid:889),(cid:883)(cid:885)(cid:883) 106.530 (cid:884)(cid:885)(cid:885),(cid:882) 1.330 (cid:882),(cid:882) 2.814 (cid:885),(cid:882) 4.144 (cid:885),(cid:885) 1.958 (cid:883)(cid:882),(cid:883)(cid:882) 6.459 (cid:883)(cid:884),(cid:883)(cid:885) 8.417 (cid:884)(cid:884),(cid:885) 3.288 (cid:883)(cid:882),(cid:883)(cid:882) 9.273 (cid:883)(cid:887),(cid:883)(cid:885) 12.561 (cid:884)(cid:887),,,,,,,,,,,,,,,
No,Provinsi,Dokter Spesialis Dasar,,,,Dokter Spesialis Penunjang,,,,,Spesialis Lain,Dokter Gigi Spesialis,Total,,,,,,,,,,,,,,,,,,,,,
,,Spesialis Penyakit Dalam,Spesialis Obstetri dan Ginekologi,Spesialis Anak,Spesialis Bedah,Spesialis Radiologi,Spesialis Anestesi,Spesialis Patologi Klinik,Spesialis Patologi Anatomi,Spesialis Rehabilitasi Medik,,,,,,,,,,,,,,,,,,,,,,,,
(1),(2),(3),(4),(5),(6),(7),(8),(9),(10),(11),(12),(13),(14),,,,,,,,,,,,,,,,,,,,,
(cid:883),(cid:4)(cid:6)(cid:8)(cid:11),(cid:883)(cid:888)(cid:884),(cid:883)(cid:883)(cid:888),(cid:883)(cid:883)(cid:888),(cid:890)(cid:889),(cid:885)(cid:884),(cid:891)(cid:888),(cid:886)(cid:888),(cid:883)(cid:890),(cid:887),(cid:885)(cid:884)(cid:484)(cid:886)(cid:883)(cid:888),(cid:887)(cid:884),(cid:885)(cid:885)(cid:484)(cid:883)(cid:886)(cid:888),,,,,,,,,,,,,,,,,,,,,
(cid:884),(cid:22)(cid:24)(cid:16)(cid:4)(cid:23)(cid:8)(cid:21)(cid:4)(cid:3)(cid:24)(cid:23)(cid:4)(cid:21)(cid:4),(cid:885)(cid:882)(cid:891),(cid:884)(cid:891)(cid:885),(cid:884)(cid:890)(cid:890),(cid:883)(cid:890)(cid:886),(cid:889)(cid:882),(cid:883)(cid:889)(cid:882),(cid:883)(cid:885)(cid:883),(cid:888)(cid:889),(cid:884),(cid:886)(cid:886)(cid:484)(cid:891)(cid:883)(cid:884),(cid:883)(cid:884)(cid:885),(cid:886)(cid:888)(cid:484)(cid:887)(cid:886)(cid:891),,,,,,,,,,,,,,,,,,,,,
(cid:885),(cid:22)(cid:24)(cid:16)(cid:4)(cid:23)(cid:8)(cid:21)(cid:4)(cid:3)(cid:5)(cid:4)(cid:21)(cid:4)(cid:23),(cid:883)(cid:884)(cid:884),(cid:883)(cid:884)(cid:888),(cid:883)(cid:882)(cid:891),(cid:889)(cid:890),(cid:885)(cid:882),(cid:889)(cid:884),(cid:888)(cid:885),(cid:885)(cid:887),(cid:887),(cid:884)(cid:884)(cid:484)(cid:890)(cid:889)(cid:883),(cid:886)(cid:889),(cid:884)(cid:885)(cid:484)(cid:887)(cid:887)(cid:890),,,,,,,,,,,,,,,,,,,,,
(cid:886),(cid:21)(cid:12)(cid:4)(cid:24),(cid:883)(cid:885)(cid:890),(cid:883)(cid:887)(cid:882),(cid:883)(cid:884)(cid:888),(cid:883)(cid:882)(cid:887),(cid:886)(cid:891),(cid:890)(cid:884),(cid:886)(cid:888),(cid:884)(cid:888),(cid:887),(cid:884)(cid:886)(cid:484)(cid:884)(cid:889)(cid:889),(cid:887)(cid:890),(cid:884)(cid:887)(cid:484)(cid:882)(cid:888)(cid:884),,,,,,,,,,,,,,,,,,,,,
(cid:887),(cid:13)(cid:4)(cid:16)(cid:5)(cid:12),(cid:888)(cid:883),(cid:887)(cid:890),(cid:885)(cid:891),(cid:885)(cid:887),(cid:884)(cid:883),(cid:885)(cid:886),(cid:884)(cid:886),(cid:883)(cid:883),(cid:884),(cid:883)(cid:885)(cid:484)(cid:883)(cid:890)(cid:891),(cid:884)(cid:887),(cid:883)(cid:885)(cid:484)(cid:886)(cid:891)(cid:891),,,,,,,,,,,,,,,,,,,,,
(cid:888),(cid:22)(cid:24)(cid:16)(cid:4)(cid:23)(cid:8)(cid:21)(cid:4)(cid:3)(cid:22)(cid:8)(cid:15)(cid:4)(cid:23)(cid:4)(cid:17),(cid:883)(cid:888)(cid:889),(cid:883)(cid:888)(cid:889),(cid:883)(cid:883)(cid:891),(cid:890)(cid:890),(cid:886)(cid:882),(cid:889)(cid:882),(cid:886)(cid:882),(cid:886)(cid:882),(cid:885),(cid:884)(cid:891)(cid:484)(cid:882)(cid:888)(cid:891),(cid:887)(cid:889),(cid:884)(cid:891)(cid:484)(cid:890)(cid:888)(cid:882),,,,,,,,,,,,,,,,,,,,,
(cid:889),(cid:5)(cid:8)(cid:17)(cid:10)(cid:14)(cid:24)(cid:15)(cid:24),(cid:884)(cid:889),(cid:885)(cid:884),(cid:884)(cid:887),(cid:884)(cid:886),(cid:883)(cid:886),(cid:883)(cid:890),(cid:883)(cid:888),(cid:888),(cid:883),(cid:889)(cid:484)(cid:891)(cid:890)(cid:882),(cid:883)(cid:884),(cid:890)(cid:484)(cid:883)(cid:887)(cid:887),,,,,,,,,,,,,,,,,,,,,
(cid:890),(cid:15)(cid:4)(cid:16)(cid:19)(cid:24)(cid:17)(cid:10),(cid:891)(cid:885),(cid:883)(cid:883)(cid:888),(cid:890)(cid:883),(cid:888)(cid:891),(cid:886)(cid:887),(cid:887)(cid:888),(cid:886)(cid:884),(cid:883)(cid:888),(cid:885),(cid:884)(cid:883)(cid:484)(cid:888)(cid:885)(cid:883),(cid:885)(cid:883),(cid:884)(cid:884)(cid:484)(cid:883)(cid:890)(cid:885),,,,,,,,,,,,,,,,,,,,,
(cid:891),(cid:14)(cid:8)(cid:19)(cid:24)(cid:15)(cid:4)(cid:24)(cid:4)(cid:17)(cid:3)(cid:5)(cid:4)(cid:17)(cid:10)(cid:14)(cid:4)(cid:3)(cid:5)(cid:8)(cid:15)(cid:12)(cid:23)(cid:24)(cid:17)(cid:10),(cid:884)(cid:887),(cid:885)(cid:883),(cid:884)(cid:889),(cid:884)(cid:885),(cid:883)(cid:885),(cid:883)(cid:887),(cid:883)(cid:888),(cid:888),(cid:883),(cid:888)(cid:484)(cid:891)(cid:883)(cid:885),(cid:884)(cid:888),(cid:889)(cid:484)(cid:882)(cid:891)(cid:888),,,,,,,,,,,,,,,,,,,,,
(cid:883)(cid:882),(cid:14)(cid:8)(cid:19)(cid:24)(cid:15)(cid:4)(cid:24)(cid:4)(cid:17)(cid:3)(cid:21)(cid:12)(cid:4)(cid:24),(cid:887)(cid:887),(cid:887)(cid:887),(cid:888)(cid:882),(cid:886)(cid:890),(cid:884)(cid:886),(cid:886)(cid:885),(cid:884)(cid:886),(cid:883)(cid:883),(cid:884),(cid:883)(cid:882)(cid:484)(cid:882)(cid:889)(cid:889),(cid:884)(cid:891),(cid:883)(cid:882)(cid:484)(cid:886)(cid:884)(cid:890),,,,,,,,,,,,,,,,,,,,,
(cid:883)(cid:883),(cid:7)(cid:14)(cid:12)(cid:3)(cid:13)(cid:4)(cid:14)(cid:4)(cid:21)(cid:23)(cid:4),(cid:889)(cid:884)(cid:885),(cid:888)(cid:889)(cid:883),(cid:889)(cid:884)(cid:888),(cid:885)(cid:884)(cid:885),(cid:885)(cid:884)(cid:884),(cid:887)(cid:882)(cid:888),(cid:884)(cid:883)(cid:882),(cid:883)(cid:884)(cid:887),(cid:885)(cid:884),(cid:891)(cid:883)(cid:484)(cid:890)(cid:886)(cid:882),(cid:890)(cid:884)(cid:886),(cid:891)(cid:888)(cid:484)(cid:885)(cid:882)(cid:884),,,,,,,,,,,,,,,,,,,,,
(cid:883)(cid:884),(cid:13)(cid:4)(cid:26)(cid:4)(cid:3)(cid:5)(cid:4)(cid:21)(cid:4)(cid:23),(cid:890)(cid:887)(cid:882),(cid:891)(cid:882)(cid:885),(cid:890)(cid:889)(cid:891),(cid:887)(cid:884)(cid:888),(cid:885)(cid:891)(cid:889),(cid:888)(cid:883)(cid:886),(cid:885)(cid:882)(cid:885),(cid:883)(cid:883)(cid:888),(cid:887)(cid:883),(cid:883)(cid:886)(cid:890)(cid:484)(cid:888)(cid:886)(cid:888),(cid:889)(cid:884)(cid:886),(cid:883)(cid:887)(cid:886)(cid:484)(cid:882)(cid:882)(cid:891),,,,,,,,,,,,,,,,,,,,,
(cid:883)(cid:885),(cid:13)(cid:4)(cid:26)(cid:4)(cid:3)(cid:23)(cid:8)(cid:17)(cid:10)(cid:4)(cid:11),(cid:888)(cid:882)(cid:891),(cid:887)(cid:884)(cid:887),(cid:886)(cid:891)(cid:888),(cid:885)(cid:887)(cid:886),(cid:884)(cid:886)(cid:890),(cid:886)(cid:882)(cid:883),(cid:883)(cid:891)(cid:882),(cid:888)(cid:889),(cid:884)(cid:890),(cid:883)(cid:884)(cid:890)(cid:484)(cid:887)(cid:885)(cid:885),(cid:885)(cid:884)(cid:884),(cid:883)(cid:885)(cid:883)(cid:484)(cid:889)(cid:889)(cid:885),,,,,,,,,,,,,,,,,,,,,
(cid:883)(cid:886),(cid:28)(cid:18)(cid:10)(cid:28)(cid:4)(cid:14)(cid:4)(cid:21)(cid:23)(cid:4),(cid:883)(cid:887)(cid:883),(cid:883)(cid:882)(cid:891),(cid:883)(cid:884)(cid:891),(cid:891)(cid:890),(cid:888)(cid:888),(cid:891)(cid:884),(cid:888)(cid:884),(cid:884)(cid:884),(cid:884),(cid:884)(cid:886)(cid:484)(cid:884)(cid:891)(cid:883),(cid:884)(cid:883)(cid:889),(cid:884)(cid:887)(cid:484)(cid:884)(cid:885)(cid:891),,,,,,,,,,,,,,,,,,,,,
(cid:883)(cid:887),(cid:13)(cid:4)(cid:26)(cid:4)(cid:3)(cid:23)(cid:12)(cid:16)(cid:24)(cid:21),(cid:888)(cid:889)(cid:887),(cid:888)(cid:885)(cid:886),(cid:887)(cid:889)(cid:888),(cid:885)(cid:890)(cid:889),(cid:884)(cid:891)(cid:883),(cid:886)(cid:887)(cid:882),(cid:884)(cid:886)(cid:891),(cid:883)(cid:884)(cid:882),(cid:884)(cid:885),(cid:883)(cid:885)(cid:883)(cid:484)(cid:887)(cid:887)(cid:891),(cid:888)(cid:887)(cid:882),(cid:883)(cid:885)(cid:887)(cid:484)(cid:888)(cid:883)(cid:886),,,,,,,,,,,,,,,,,,,,,
(cid:883)(cid:888),(cid:5)(cid:4)(cid:17)(cid:23)(cid:8)(cid:17),(cid:885)(cid:882)(cid:883),(cid:885)(cid:889)(cid:887),(cid:885)(cid:886)(cid:887),(cid:883)(cid:889)(cid:888),(cid:883)(cid:886)(cid:889),(cid:884)(cid:883)(cid:891),(cid:891)(cid:888),(cid:885)(cid:888),(cid:883)(cid:885),(cid:885)(cid:891)(cid:484)(cid:889)(cid:891)(cid:886),(cid:884)(cid:888)(cid:886),(cid:886)(cid:883)(cid:484)(cid:889)(cid:888)(cid:888),,,,,,,,,,,,,,,,,,,,,
(cid:883)(cid:889),(cid:5)(cid:4)(cid:15)(cid:12),(cid:883)(cid:891)(cid:886),(cid:884)(cid:882)(cid:888),(cid:883)(cid:890)(cid:888),(cid:883)(cid:885)(cid:890),(cid:888)(cid:886),(cid:883)(cid:885)(cid:885),(cid:886)(cid:888),(cid:885)(cid:886),(cid:886),(cid:884)(cid:891)(cid:484)(cid:883)(cid:887)(cid:884),(cid:889)(cid:886),(cid:885)(cid:882)(cid:484)(cid:884)(cid:885)(cid:883),,,,,,,,,,,,,,,,,,,,,
(cid:883)(cid:890),(cid:17)(cid:24)(cid:22)(cid:4)(cid:3)(cid:23)(cid:8)(cid:17)(cid:10)(cid:10)(cid:4)(cid:21)(cid:4)(cid:3)(cid:5)(cid:4)(cid:21)(cid:4)(cid:23),(cid:887)(cid:888),(cid:887)(cid:890),(cid:887)(cid:884),(cid:886)(cid:883),(cid:884)(cid:891),(cid:885)(cid:890),(cid:884)(cid:889),(cid:883)(cid:884),(cid:883),(cid:883)(cid:889)(cid:484)(cid:889)(cid:886)(cid:889),(cid:885)(cid:885),(cid:883)(cid:890)(cid:484)(cid:882)(cid:891)(cid:886),,,,,,,,,,,,,,,,,,,,,
(cid:883)(cid:891),(cid:17)(cid:24)(cid:22)(cid:4)(cid:3)(cid:23)(cid:8)(cid:17)(cid:10)(cid:10)(cid:4)(cid:21)(cid:4)(cid:3)(cid:23)(cid:12)(cid:16)(cid:24)(cid:21),(cid:889)(cid:883),(cid:888)(cid:888),(cid:887)(cid:885),(cid:886)(cid:889),(cid:884)(cid:890),(cid:886)(cid:888),(cid:884)(cid:888),(cid:883)(cid:882),(cid:886),(cid:883)(cid:888)(cid:484)(cid:891)(cid:883)(cid:890),(cid:883)(cid:891),(cid:883)(cid:889)(cid:484)(cid:884)(cid:890)(cid:890),,,,,,,,,,,,,,,,,,,,,
(cid:884)(cid:882),(cid:14)(cid:4)(cid:15)(cid:12)(cid:16)(cid:4)(cid:17)(cid:23)(cid:4)(cid:17)(cid:3)(cid:5)(cid:4)(cid:21)(cid:4)(cid:23),(cid:888)(cid:885),(cid:888)(cid:882),(cid:887)(cid:888),(cid:887)(cid:882),(cid:884)(cid:889),(cid:886)(cid:884),(cid:884)(cid:883),(cid:883)(cid:882),(cid:885),(cid:883)(cid:887)(cid:484)(cid:884)(cid:885)(cid:889),(cid:885)(cid:883),(cid:883)(cid:887)(cid:484)(cid:888)(cid:882)(cid:882),,,,,,,,,,,,,,,,,,,,,
(cid:884)(cid:883),(cid:14)(cid:4)(cid:15)(cid:12)(cid:16)(cid:4)(cid:17)(cid:23)(cid:4)(cid:17)(cid:3)(cid:23)(cid:8)(cid:17)(cid:10)(cid:4)(cid:11),(cid:886)(cid:885),(cid:886)(cid:888),(cid:885)(cid:891),(cid:885)(cid:885),(cid:884)(cid:883),(cid:885)(cid:884),(cid:884)(cid:884),(cid:890),(cid:887),(cid:883)(cid:882)(cid:484)(cid:886)(cid:890)(cid:886),(cid:885)(cid:883),(cid:883)(cid:882)(cid:484)(cid:889)(cid:888)(cid:886),,,,,,,,,,,,,,,,,,,,,
(cid:884)(cid:884),(cid:14)(cid:4)(cid:15)(cid:12)(cid:16)(cid:4)(cid:17)(cid:23)(cid:4)(cid:17)(cid:3)(cid:22)(cid:8)(cid:15)(cid:4)(cid:23)(cid:4)(cid:17),(cid:889)(cid:890),(cid:889)(cid:884),(cid:888)(cid:883),(cid:886)(cid:886),(cid:884)(cid:891),(cid:887)(cid:883),(cid:885)(cid:882),(cid:883)(cid:885),(cid:884),(cid:883)(cid:890)(cid:484)(cid:887)(cid:885)(cid:890),(cid:887)(cid:891),(cid:883)(cid:890)(cid:484)(cid:891)(cid:889)(cid:889),,,,,,,,,,,,,,,,,,,,,
(cid:884)(cid:885),(cid:14)(cid:4)(cid:15)(cid:12)(cid:16)(cid:4)(cid:17)(cid:23)(cid:4)(cid:17)(cid:3)(cid:23)(cid:12)(cid:16)(cid:24)(cid:21),(cid:891)(cid:885),(cid:891)(cid:885),(cid:891)(cid:882),(cid:887)(cid:890),(cid:885)(cid:888),(cid:890)(cid:883),(cid:885)(cid:891),(cid:884)(cid:882),(cid:886),(cid:884)(cid:882)(cid:484)(cid:886)(cid:891)(cid:891),(cid:889)(cid:886),(cid:884)(cid:883)(cid:484)(cid:882)(cid:890)(cid:889),,,,,,,,,,,,,,,,,,,,,
(cid:884)(cid:886),(cid:14)(cid:4)(cid:15)(cid:12)(cid:16)(cid:4)(cid:17)(cid:23)(cid:4)(cid:17)(cid:3)(cid:24)(cid:23)(cid:4)(cid:21)(cid:4),(cid:883)(cid:889),(cid:883)(cid:891),(cid:883)(cid:890),(cid:883)(cid:888),(cid:883)(cid:882),(cid:883)(cid:883),(cid:888),(cid:884),(cid:883),(cid:886)(cid:484)(cid:890)(cid:891)(cid:890),(cid:884)(cid:883),(cid:887)(cid:484)(cid:882)(cid:883)(cid:891),,,,,,,,,,,,,,,,,,,,,
(cid:884)(cid:887),(cid:22)(cid:24)(cid:15)(cid:4)(cid:26)(cid:8)(cid:22)(cid:12)(cid:3)(cid:24)(cid:23)(cid:4)(cid:21)(cid:4),(cid:883)(cid:883)(cid:890),(cid:889)(cid:890),(cid:890)(cid:888),(cid:887)(cid:888),(cid:884)(cid:890),(cid:886)(cid:887),(cid:884)(cid:882),(cid:887),(cid:883),(cid:883)(cid:889)(cid:484)(cid:882)(cid:886)(cid:886),(cid:883)(cid:890),(cid:883)(cid:889)(cid:484)(cid:886)(cid:891)(cid:891),,,,,,,,,,,,,,,,,,,,,
(cid:884)(cid:888),(cid:22)(cid:24)(cid:15)(cid:4)(cid:26)(cid:8)(cid:22)(cid:12)(cid:3)(cid:23)(cid:8)(cid:17)(cid:10)(cid:4)(cid:11),(cid:886)(cid:889),(cid:886)(cid:886),(cid:885)(cid:890),(cid:885)(cid:888),(cid:884)(cid:885),(cid:884)(cid:886),(cid:883)(cid:891),(cid:888),(cid:883),(cid:883)(cid:885)(cid:484)(cid:885)(cid:887)(cid:889),(cid:883)(cid:890),(cid:883)(cid:885)(cid:484)(cid:888)(cid:883)(cid:885),,,,,,,,,,,,,,,,,,,,,
(cid:884)(cid:889),(cid:22)(cid:24)(cid:15)(cid:4)(cid:26)(cid:8)(cid:22)(cid:12)(cid:3)(cid:22)(cid:8)(cid:15)(cid:4)(cid:23)(cid:4)(cid:17),(cid:884)(cid:883)(cid:886),(cid:883)(cid:891)(cid:887),(cid:883)(cid:888)(cid:884),(cid:883)(cid:884)(cid:889),(cid:883)(cid:882)(cid:887),(cid:883)(cid:884)(cid:883),(cid:891)(cid:888),(cid:886)(cid:887),(cid:885),(cid:886)(cid:883)(cid:484)(cid:887)(cid:882)(cid:884),(cid:883)(cid:891)(cid:891),(cid:886)(cid:884)(cid:484)(cid:889)(cid:888)(cid:891),,,,,,,,,,,,,,,,,,,,,
(cid:884)(cid:890),(cid:22)(cid:24)(cid:15)(cid:4)(cid:26)(cid:8)(cid:22)(cid:12)(cid:3)(cid:23)(cid:8)(cid:17)(cid:10)(cid:10)(cid:4)(cid:21)(cid:4),(cid:886)(cid:889),(cid:885)(cid:888),(cid:885)(cid:884),(cid:884)(cid:888),(cid:883)(cid:891),(cid:884)(cid:888),(cid:883)(cid:889),(cid:885),(cid:883),(cid:883)(cid:882)(cid:484)(cid:889)(cid:888)(cid:888),(cid:885)(cid:886),(cid:883)(cid:883)(cid:484)(cid:882)(cid:882)(cid:889),,,,,,,,,,,,,,,,,,,,,
(cid:884)(cid:891),(cid:10)(cid:18)(cid:21)(cid:18)(cid:17)(cid:23)(cid:4)(cid:15)(cid:18),(cid:885)(cid:882),(cid:884)(cid:884),(cid:883)(cid:891),(cid:883)(cid:887),(cid:883)(cid:884),(cid:883)(cid:886),(cid:891),(cid:886),(cid:883),(cid:888)(cid:484)(cid:883)(cid:883)(cid:890),(cid:888),(cid:888)(cid:484)(cid:884)(cid:887)(cid:882),,,,,,,,,,,,,,,,,,,,,
(cid:885)(cid:882),(cid:22)(cid:24)(cid:15)(cid:4)(cid:26)(cid:8)(cid:22)(cid:12)(cid:3)(cid:5)(cid:4)(cid:21)(cid:4)(cid:23),(cid:883)(cid:890),(cid:883)(cid:884),(cid:883)(cid:885),(cid:883)(cid:886),(cid:890),(cid:891),(cid:883)(cid:884),(cid:883),(cid:883),(cid:886)(cid:484)(cid:884)(cid:882)(cid:884),(cid:883)(cid:889),(cid:886)(cid:484)(cid:885)(cid:882)(cid:889),,,,,,,,,,,,,,,,,,,,,
(cid:885)(cid:883),(cid:16)(cid:4)(cid:15)(cid:24)(cid:14)(cid:24),(cid:884)(cid:886),(cid:883)(cid:891),(cid:884)(cid:885),(cid:884)(cid:884),(cid:883)(cid:885),(cid:883)(cid:887),(cid:883)(cid:888),(cid:888),(cid:882),(cid:889)(cid:484)(cid:889)(cid:886)(cid:886),(cid:883)(cid:886),(cid:889)(cid:484)(cid:890)(cid:891)(cid:888),,,,,,,,,,,,,,,,,,,,,
(cid:885)(cid:884),(cid:16)(cid:4)(cid:15)(cid:24)(cid:14)(cid:24)(cid:3)(cid:24)(cid:23)(cid:4)(cid:21)(cid:4),(cid:883)(cid:891),(cid:884)(cid:882),(cid:884)(cid:885),(cid:883)(cid:887),(cid:887),(cid:883)(cid:885),(cid:890),(cid:885),(cid:883),(cid:887)(cid:484)(cid:886)(cid:883)(cid:886),(cid:883)(cid:883),(cid:887)(cid:484)(cid:887)(cid:885)(cid:884),,,,,,,,,,,,,,,,,,,,,
(cid:885)(cid:885),(cid:19)(cid:4)(cid:19)(cid:24)(cid:4),(cid:884)(cid:883),(cid:884)(cid:882),(cid:884)(cid:884),(cid:884)(cid:886),(cid:883)(cid:884),(cid:883)(cid:889),(cid:883)(cid:885),(cid:884),(cid:883),(cid:887)(cid:484)(cid:890)(cid:886)(cid:891),(cid:883)(cid:882),(cid:887)(cid:484)(cid:891)(cid:891)(cid:883),,,,,,,,,,,,,,,,,,,,,
(cid:885)(cid:886),(cid:19)(cid:4)(cid:19)(cid:24)(cid:4)(cid:3)(cid:5)(cid:4)(cid:21)(cid:4)(cid:23),(cid:883)(cid:885),(cid:883)(cid:883),(cid:883)(cid:882),(cid:883)(cid:883),(cid:887),(cid:890),(cid:889),(cid:883),(cid:882),(cid:885)(cid:484)(cid:884)(cid:890)(cid:886),(cid:886),(cid:885)(cid:484)(cid:885)(cid:887)(cid:886),,,,,,,,,,,,,,,,,,,,,
(cid:885)(cid:887),(cid:19)(cid:4)(cid:19)(cid:24)(cid:4)(cid:3)(cid:22)(cid:8)(cid:15)(cid:4)(cid:23)(cid:4)(cid:17),(cid:883)(cid:883),(cid:888),(cid:887),(cid:888),(cid:886),(cid:889),(cid:889),(cid:883),(cid:882),(cid:883)(cid:484)(cid:890)(cid:890)(cid:884),(cid:885),(cid:883)(cid:484)(cid:891)(cid:885)(cid:884),,,,,,,,,,,,,,,,,,,,,
(cid:885)(cid:888),(cid:19)(cid:4)(cid:19)(cid:24)(cid:4)(cid:3)(cid:23)(cid:8)(cid:17)(cid:10)(cid:4)(cid:11),(cid:883)(cid:888),(cid:883)(cid:883),(cid:883)(cid:884),(cid:890),(cid:889),(cid:891),(cid:889),(cid:883),(cid:882),(cid:884)(cid:484)(cid:889)(cid:883)(cid:888),(cid:886),(cid:884)(cid:484)(cid:889)(cid:891)(cid:883),,,,,,,,,,,,,,,,,,,,,
(cid:885)(cid:889) (cid:19)(cid:4)(cid:19)(cid:24)(cid:4)(cid:3)(cid:19)(cid:8)(cid:10)(cid:24)(cid:17)(cid:24)(cid:17)(cid:10)(cid:4)(cid:17) Indonesia (cid:885)(cid:890) (cid:19)(cid:4)(cid:19)(cid:24)(cid:4)(cid:3)(cid:5)(cid:4)(cid:21)(cid:4)(cid:23)(cid:3)(cid:7)(cid:4)(cid:28)(cid:4),,(cid:887) 5.677 (cid:883)(cid:883),(cid:887) 5.474 (cid:883)(cid:886),(cid:888) 5.159 (cid:883)(cid:884),(cid:889) 3.409 (cid:883)(cid:882),(cid:886) 2.303 (cid:887),(cid:884) 3.687 (cid:887),(cid:888) 2.016 (cid:886),(cid:882) 911 (cid:884),(cid:883) 213 (cid:882),(cid:883)(cid:484)(cid:884)(cid:885)(cid:885) 1.035.005 (cid:884)(cid:484)(cid:886)(cid:884)(cid:885),(cid:882) 4.144 (cid:885),(cid:883)(cid:484)(cid:884)(cid:888)(cid:891) 1.067.998 (cid:884)(cid:484)(cid:886)(cid:890)(cid:891),,,,,,,,,,,,,,,,,,,,,
No,Provinsi,Persentase Puskesmas dengan Kecukupan Dokter,,,Persentase Puskesmas dengan Kecukupan Dokter Gigi,,,Persentase Puskesmas dengan Kecukupan Perawat,,,Persentase Puskesmas dengan Kecukupan Bidan,,,,,,,,,,,,,,,,,,,,,,,
,,Cukup,Kurang,Lebih,Cukup,Kurang,Lebih,Cukup,Kurang,Lebih,Cukup,Kurang,Lebih,,,,,,,,,,,,,,,,,,,,,
(1),(2),(3),(4),(5),(6),(7),(8),(9),(10),(11),(12),(13),(14),,,,,,,,,,,,,,,,,,,,,
(cid:883),(cid:4)(cid:133)(cid:135)(cid:138),(cid:883)(cid:882)(cid:481)(cid:883)(cid:936),(cid:882)(cid:481)(cid:885)(cid:936),(cid:890)(cid:891)(cid:481)(cid:888)(cid:936),(cid:888)(cid:891)(cid:481)(cid:883)(cid:936),(cid:888)(cid:481)(cid:888)(cid:936),(cid:884)(cid:886)(cid:481)(cid:885)(cid:936),(cid:882)(cid:481)(cid:882)(cid:936),(cid:882)(cid:481)(cid:882)(cid:936),(cid:883)(cid:882)(cid:882)(cid:481)(cid:882)(cid:936),(cid:882)(cid:481)(cid:882)(cid:936),(cid:882)(cid:481)(cid:882)(cid:936),(cid:883)(cid:882)(cid:882)(cid:481)(cid:882)(cid:936),,,,,,,,,,,,,,,,,,,,,
(cid:884),(cid:22)(cid:151)(cid:143)(cid:131)(cid:150)(cid:135)(cid:148)(cid:131)(cid:3)(cid:24)(cid:150)(cid:131)(cid:148)(cid:131),(cid:883)(cid:885)(cid:481)(cid:888)(cid:936),(cid:882)(cid:481)(cid:890)(cid:936),(cid:890)(cid:887)(cid:481)(cid:888)(cid:936),(cid:887)(cid:889)(cid:481)(cid:884)(cid:936),(cid:884)(cid:882)(cid:481)(cid:886)(cid:936),(cid:884)(cid:884)(cid:481)(cid:887)(cid:936),(cid:883)(cid:481)(cid:883)(cid:936),(cid:882)(cid:481)(cid:882)(cid:936),(cid:891)(cid:890)(cid:481)(cid:891)(cid:936),(cid:882)(cid:481)(cid:884)(cid:936),(cid:882)(cid:481)(cid:882)(cid:936),(cid:891)(cid:891)(cid:481)(cid:890)(cid:936),,,,,,,,,,,,,,,,,,,,,
(cid:885),(cid:22)(cid:151)(cid:143)(cid:131)(cid:150)(cid:135)(cid:148)(cid:131)(cid:3)(cid:5)(cid:131)(cid:148)(cid:131)(cid:150),(cid:883)(cid:887)(cid:481)(cid:882)(cid:936),(cid:882)(cid:481)(cid:882)(cid:936),(cid:890)(cid:887)(cid:481)(cid:882)(cid:936),(cid:888)(cid:883)(cid:481)(cid:890)(cid:936),(cid:885)(cid:481)(cid:888)(cid:936),(cid:885)(cid:886)(cid:481)(cid:888)(cid:936),(cid:882)(cid:481)(cid:882)(cid:936),(cid:882)(cid:481)(cid:882)(cid:936),(cid:883)(cid:882)(cid:882)(cid:481)(cid:882)(cid:936),(cid:882)(cid:481)(cid:882)(cid:936),(cid:882)(cid:481)(cid:882)(cid:936),(cid:883)(cid:882)(cid:882)(cid:481)(cid:882)(cid:936),,,,,,,,,,,,,,,,,,,,,
(cid:886),(cid:21)(cid:139)(cid:131)(cid:151),(cid:887)(cid:481)(cid:886)(cid:936),(cid:882)(cid:481)(cid:886)(cid:936),(cid:891)(cid:886)(cid:481)(cid:883)(cid:936),(cid:887)(cid:886)(cid:481)(cid:882)(cid:936),(cid:887)(cid:481)(cid:886)(cid:936),(cid:886)(cid:882)(cid:481)(cid:888)(cid:936),(cid:882)(cid:481)(cid:882)(cid:936),(cid:882)(cid:481)(cid:882)(cid:936),(cid:883)(cid:882)(cid:882)(cid:481)(cid:882)(cid:936),(cid:882)(cid:481)(cid:882)(cid:936),(cid:882)(cid:481)(cid:882)(cid:936),(cid:883)(cid:882)(cid:882)(cid:481)(cid:882)(cid:936),,,,,,,,,,,,,,,,,,,,,
(cid:887),(cid:13)(cid:131)(cid:143)(cid:132)(cid:139),(cid:883)(cid:886)(cid:481)(cid:891)(cid:936),(cid:882)(cid:481)(cid:882)(cid:936),(cid:890)(cid:887)(cid:481)(cid:883)(cid:936),(cid:889)(cid:887)(cid:481)(cid:887)(cid:936),(cid:883)(cid:887)(cid:481)(cid:891)(cid:936),(cid:890)(cid:481)(cid:889)(cid:936),(cid:882)(cid:481)(cid:882)(cid:936),(cid:882)(cid:481)(cid:882)(cid:936),(cid:883)(cid:882)(cid:882)(cid:481)(cid:882)(cid:936),(cid:882)(cid:481)(cid:882)(cid:936),(cid:882)(cid:481)(cid:882)(cid:936),(cid:883)(cid:882)(cid:882)(cid:481)(cid:882)(cid:936),,,,,,,,,,,,,,,,,,,,,
(cid:888),(cid:22)(cid:151)(cid:143)(cid:131)(cid:150)(cid:135)(cid:148)(cid:131)(cid:3)(cid:22)(cid:135)(cid:142)(cid:131)(cid:150)(cid:131)(cid:144),(cid:884)(cid:886)(cid:481)(cid:888)(cid:936),(cid:883)(cid:481)(cid:889)(cid:936),(cid:889)(cid:885)(cid:481)(cid:889)(cid:936),(cid:887)(cid:886)(cid:481)(cid:885)(cid:936),(cid:885)(cid:889)(cid:481)(cid:886)(cid:936),(cid:890)(cid:481)(cid:885)(cid:936),(cid:882)(cid:481)(cid:882)(cid:936),(cid:882)(cid:481)(cid:882)(cid:936),(cid:883)(cid:882)(cid:882)(cid:481)(cid:882)(cid:936),(cid:882)(cid:481)(cid:882)(cid:936),(cid:882)(cid:481)(cid:882)(cid:936),(cid:883)(cid:882)(cid:882)(cid:481)(cid:882)(cid:936),,,,,,,,,,,,,,,,,,,,,
(cid:889),(cid:5)(cid:135)(cid:144)(cid:137)(cid:141)(cid:151)(cid:142)(cid:151),(cid:885)(cid:888)(cid:481)(cid:891)(cid:936),(cid:883)(cid:481)(cid:883)(cid:936),(cid:888)(cid:884)(cid:481)(cid:882)(cid:936),(cid:887)(cid:889)(cid:481)(cid:882)(cid:936),(cid:885)(cid:890)(cid:481)(cid:887)(cid:936),(cid:886)(cid:481)(cid:887)(cid:936),(cid:882)(cid:481)(cid:882)(cid:936),(cid:882)(cid:481)(cid:882)(cid:936),(cid:883)(cid:882)(cid:882)(cid:481)(cid:882)(cid:936),(cid:882)(cid:481)(cid:882)(cid:936),(cid:882)(cid:481)(cid:882)(cid:936),(cid:883)(cid:882)(cid:882)(cid:481)(cid:882)(cid:936),,,,,,,,,,,,,,,,,,,,,
(cid:890),(cid:15)(cid:131)(cid:143)(cid:146)(cid:151)(cid:144)(cid:137),(cid:883)(cid:886)(cid:481)(cid:886)(cid:936),(cid:882)(cid:481)(cid:888)(cid:936),(cid:890)(cid:887)(cid:481)(cid:882)(cid:936),(cid:886)(cid:882)(cid:481)(cid:882)(cid:936),(cid:887)(cid:883)(cid:481)(cid:888)(cid:936),(cid:890)(cid:481)(cid:886)(cid:936),(cid:882)(cid:481)(cid:882)(cid:936),(cid:882)(cid:481)(cid:882)(cid:936),(cid:883)(cid:882)(cid:882)(cid:481)(cid:882)(cid:936),(cid:882)(cid:481)(cid:882)(cid:936),(cid:882)(cid:481)(cid:882)(cid:936),(cid:883)(cid:882)(cid:882)(cid:481)(cid:882)(cid:936),,,,,,,,,,,,,,,,,,,,,
(cid:891),(cid:14)(cid:135)(cid:146)(cid:484)(cid:3)(cid:5)(cid:131)(cid:144)(cid:137)(cid:141)(cid:131)(cid:3)(cid:5)(cid:135)(cid:142)(cid:139)(cid:150)(cid:151)(cid:144)(cid:137),(cid:886)(cid:481)(cid:889)(cid:936),(cid:882)(cid:481)(cid:882)(cid:936),(cid:891)(cid:887)(cid:481)(cid:885)(cid:936),(cid:889)(cid:882)(cid:481)(cid:885)(cid:936),(cid:889)(cid:481)(cid:890)(cid:936),(cid:884)(cid:883)(cid:481)(cid:891)(cid:936),(cid:882)(cid:481)(cid:882)(cid:936),(cid:882)(cid:481)(cid:882)(cid:936),(cid:883)(cid:882)(cid:882)(cid:481)(cid:882)(cid:936),(cid:882)(cid:481)(cid:882)(cid:936),(cid:882)(cid:481)(cid:882)(cid:936),(cid:883)(cid:882)(cid:882)(cid:481)(cid:882)(cid:936),,,,,,,,,,,,,,,,,,,,,
(cid:883)(cid:882),(cid:14)(cid:135)(cid:146)(cid:151)(cid:142)(cid:131)(cid:151)(cid:131)(cid:144)(cid:3)(cid:21)(cid:139)(cid:131)(cid:151),(cid:890)(cid:481)(cid:885)(cid:936),(cid:884)(cid:481)(cid:883)(cid:936),(cid:890)(cid:891)(cid:481)(cid:888)(cid:936),(cid:887)(cid:886)(cid:481)(cid:884)(cid:936),(cid:883)(cid:887)(cid:481)(cid:888)(cid:936),(cid:885)(cid:882)(cid:481)(cid:884)(cid:936),(cid:882)(cid:481)(cid:882)(cid:936),(cid:882)(cid:481)(cid:882)(cid:936),(cid:883)(cid:882)(cid:882)(cid:481)(cid:882)(cid:936),(cid:882)(cid:481)(cid:882)(cid:936),(cid:882)(cid:481)(cid:882)(cid:936),(cid:883)(cid:882)(cid:882)(cid:481)(cid:882)(cid:936),,,,,,,,,,,,,,,,,,,,,
(cid:883)(cid:883),(cid:7)(cid:14)(cid:12)(cid:3)(cid:13)(cid:131)(cid:141)(cid:131)(cid:148)(cid:150)(cid:131),(cid:882)(cid:481)(cid:882)(cid:936),(cid:882)(cid:481)(cid:882)(cid:936),(cid:883)(cid:882)(cid:882)(cid:481)(cid:882)(cid:936),(cid:884)(cid:481)(cid:885)(cid:936),(cid:882)(cid:481)(cid:882)(cid:936),(cid:891)(cid:889)(cid:481)(cid:889)(cid:936),(cid:882)(cid:481)(cid:882)(cid:936),(cid:882)(cid:481)(cid:882)(cid:936),(cid:883)(cid:882)(cid:882)(cid:481)(cid:882)(cid:936),(cid:882)(cid:481)(cid:882)(cid:936),(cid:882)(cid:481)(cid:882)(cid:936),(cid:883)(cid:882)(cid:882)(cid:481)(cid:882)(cid:936),,,,,,,,,,,,,,,,,,,,,
(cid:883)(cid:884),(cid:13)(cid:131)(cid:153)(cid:131)(cid:3)(cid:5)(cid:131)(cid:148)(cid:131)(cid:150),(cid:883)(cid:884)(cid:481)(cid:886)(cid:936),(cid:882)(cid:481)(cid:885)(cid:936),(cid:890)(cid:889)(cid:481)(cid:885)(cid:936),(cid:888)(cid:886)(cid:481)(cid:888)(cid:936),(cid:884)(cid:883)(cid:481)(cid:890)(cid:936),(cid:883)(cid:885)(cid:481)(cid:889)(cid:936),(cid:882)(cid:481)(cid:884)(cid:936),(cid:882)(cid:481)(cid:882)(cid:936),(cid:891)(cid:891)(cid:481)(cid:890)(cid:936),(cid:882)(cid:481)(cid:882)(cid:936),(cid:882)(cid:481)(cid:882)(cid:936),(cid:883)(cid:882)(cid:882)(cid:481)(cid:882)(cid:936),,,,,,,,,,,,,,,,,,,,,
(cid:883)(cid:885),(cid:13)(cid:131)(cid:153)(cid:131)(cid:3)(cid:23)(cid:135)(cid:144)(cid:137)(cid:131)(cid:138),(cid:889)(cid:481)(cid:888)(cid:936),(cid:882)(cid:481)(cid:885)(cid:936),(cid:891)(cid:884)(cid:481)(cid:883)(cid:936),(cid:889)(cid:887)(cid:481)(cid:888)(cid:936),(cid:888)(cid:481)(cid:882)(cid:936),(cid:883)(cid:890)(cid:481)(cid:886)(cid:936),(cid:882)(cid:481)(cid:882)(cid:936),(cid:882)(cid:481)(cid:882)(cid:936),(cid:883)(cid:882)(cid:882)(cid:481)(cid:882)(cid:936),(cid:882)(cid:481)(cid:882)(cid:936),(cid:882)(cid:481)(cid:882)(cid:936),(cid:883)(cid:882)(cid:882)(cid:481)(cid:882)(cid:936),,,,,,,,,,,,,,,,,,,,,
(cid:883)(cid:886),(cid:7)(cid:12)(cid:3)(cid:28)(cid:145)(cid:137)(cid:155)(cid:131)(cid:141)(cid:131)(cid:148)(cid:150)(cid:131),(cid:887)(cid:481)(cid:882)(cid:936),(cid:882)(cid:481)(cid:882)(cid:936),(cid:891)(cid:887)(cid:481)(cid:882)(cid:936),(cid:887)(cid:883)(cid:481)(cid:884)(cid:936),(cid:882)(cid:481)(cid:882)(cid:936),(cid:886)(cid:890)(cid:481)(cid:890)(cid:936),(cid:882)(cid:481)(cid:882)(cid:936),(cid:882)(cid:481)(cid:882)(cid:936),(cid:883)(cid:882)(cid:882)(cid:481)(cid:882)(cid:936),(cid:882)(cid:481)(cid:882)(cid:936),(cid:882)(cid:481)(cid:890)(cid:936),(cid:891)(cid:891)(cid:481)(cid:884)(cid:936),,,,,,,,,,,,,,,,,,,,,
(cid:883)(cid:887),(cid:13)(cid:131)(cid:153)(cid:131)(cid:3)(cid:23)(cid:139)(cid:143)(cid:151)(cid:148),(cid:883)(cid:886)(cid:481)(cid:884)(cid:936),(cid:882)(cid:481)(cid:888)(cid:936),(cid:890)(cid:887)(cid:481)(cid:884)(cid:936),(cid:889)(cid:882)(cid:481)(cid:886)(cid:936),(cid:885)(cid:481)(cid:888)(cid:936),(cid:884)(cid:888)(cid:481)(cid:882)(cid:936),(cid:882)(cid:481)(cid:882)(cid:936),(cid:882)(cid:481)(cid:882)(cid:936),(cid:883)(cid:882)(cid:882)(cid:481)(cid:882)(cid:936),(cid:882)(cid:481)(cid:882)(cid:936),(cid:882)(cid:481)(cid:882)(cid:936),(cid:883)(cid:882)(cid:882)(cid:481)(cid:882)(cid:936),,,,,,,,,,,,,,,,,,,,,
(cid:883)(cid:888),(cid:5)(cid:131)(cid:144)(cid:150)(cid:135)(cid:144),(cid:888)(cid:481)(cid:885)(cid:936),(cid:882)(cid:481)(cid:882)(cid:936),(cid:891)(cid:885)(cid:481)(cid:889)(cid:936),(cid:886)(cid:883)(cid:481)(cid:891)(cid:936),(cid:883)(cid:885)(cid:481)(cid:890)(cid:936),(cid:886)(cid:886)(cid:481)(cid:885)(cid:936),(cid:882)(cid:481)(cid:882)(cid:936),(cid:882)(cid:481)(cid:882)(cid:936),(cid:883)(cid:882)(cid:882)(cid:481)(cid:882)(cid:936),(cid:882)(cid:481)(cid:882)(cid:936),(cid:882)(cid:481)(cid:882)(cid:936),(cid:883)(cid:882)(cid:882)(cid:481)(cid:882)(cid:936),,,,,,,,,,,,,,,,,,,,,
(cid:883)(cid:889),(cid:5)(cid:131)(cid:142)(cid:139),(cid:883)(cid:481)(cid:889)(cid:936),(cid:882)(cid:481)(cid:882)(cid:936),(cid:891)(cid:890)(cid:481)(cid:885)(cid:936),(cid:884)(cid:888)(cid:481)(cid:889)(cid:936),(cid:882)(cid:481)(cid:890)(cid:936),(cid:889)(cid:884)(cid:481)(cid:887)(cid:936),(cid:882)(cid:481)(cid:882)(cid:936),(cid:882)(cid:481)(cid:882)(cid:936),(cid:883)(cid:882)(cid:882)(cid:481)(cid:882)(cid:936),(cid:882)(cid:481)(cid:882)(cid:936),(cid:882)(cid:481)(cid:882)(cid:936),(cid:883)(cid:882)(cid:882)(cid:481)(cid:882)(cid:936),,,,,,,,,,,,,,,,,,,,,
(cid:883)(cid:890),(cid:17)(cid:151)(cid:149)(cid:131)(cid:3)(cid:23)(cid:135)(cid:144)(cid:137)(cid:137)(cid:131)(cid:148)(cid:131)(cid:3)(cid:5)(cid:131)(cid:148)(cid:131)(cid:150),(cid:891)(cid:481)(cid:888)(cid:936),(cid:882)(cid:481)(cid:882)(cid:936),(cid:891)(cid:882)(cid:481)(cid:886)(cid:936),(cid:889)(cid:883)(cid:481)(cid:884)(cid:936),(cid:883)(cid:886)(cid:481)(cid:889)(cid:936),(cid:883)(cid:886)(cid:481)(cid:883)(cid:936),(cid:882)(cid:481)(cid:882)(cid:936),(cid:882)(cid:481)(cid:882)(cid:936),(cid:883)(cid:882)(cid:882)(cid:481)(cid:882)(cid:936),(cid:882)(cid:481)(cid:882)(cid:936),(cid:882)(cid:481)(cid:882)(cid:936),(cid:883)(cid:882)(cid:882)(cid:481)(cid:882)(cid:936),,,,,,,,,,,,,,,,,,,,,
(cid:883)(cid:891),(cid:17)(cid:151)(cid:149)(cid:131)(cid:3)(cid:23)(cid:135)(cid:144)(cid:137)(cid:137)(cid:131)(cid:148)(cid:131)(cid:3)(cid:23)(cid:139)(cid:143)(cid:151)(cid:148),(cid:888)(cid:885)(cid:481)(cid:884)(cid:936),(cid:886)(cid:481)(cid:888)(cid:936),(cid:885)(cid:884)(cid:481)(cid:884)(cid:936),(cid:886)(cid:882)(cid:481)(cid:889)(cid:936),(cid:887)(cid:887)(cid:481)(cid:888)(cid:936),(cid:885)(cid:481)(cid:889)(cid:936),(cid:882)(cid:481)(cid:882)(cid:936),(cid:882)(cid:481)(cid:882)(cid:936),(cid:883)(cid:882)(cid:882)(cid:481)(cid:882)(cid:936),(cid:882)(cid:481)(cid:882)(cid:936),(cid:882)(cid:481)(cid:882)(cid:936),(cid:883)(cid:882)(cid:882)(cid:481)(cid:882)(cid:936),,,,,,,,,,,,,,,,,,,,,
(cid:884)(cid:882),(cid:14)(cid:131)(cid:142)(cid:139)(cid:143)(cid:131)(cid:144)(cid:150)(cid:131)(cid:144)(cid:3)(cid:5)(cid:131)(cid:148)(cid:131)(cid:150),(cid:885)(cid:883)(cid:481)(cid:885)(cid:936),(cid:884)(cid:481)(cid:882)(cid:936),(cid:888)(cid:888)(cid:481)(cid:889)(cid:936),(cid:886)(cid:890)(cid:481)(cid:884)(cid:936),(cid:886)(cid:891)(cid:481)(cid:886)(cid:936),(cid:884)(cid:481)(cid:886)(cid:936),(cid:882)(cid:481)(cid:882)(cid:936),(cid:882)(cid:481)(cid:882)(cid:936),(cid:883)(cid:882)(cid:882)(cid:481)(cid:882)(cid:936),(cid:882)(cid:481)(cid:882)(cid:936),(cid:882)(cid:481)(cid:882)(cid:936),(cid:883)(cid:882)(cid:882)(cid:481)(cid:882)(cid:936),,,,,,,,,,,,,,,,,,,,,
(cid:884)(cid:883),(cid:14)(cid:131)(cid:142)(cid:139)(cid:143)(cid:131)(cid:144)(cid:150)(cid:131)(cid:144)(cid:3)(cid:23)(cid:135)(cid:144)(cid:137)(cid:131)(cid:138),(cid:885)(cid:891)(cid:481)(cid:889)(cid:936),(cid:886)(cid:481)(cid:886)(cid:936),(cid:887)(cid:887)(cid:481)(cid:891)(cid:936),(cid:886)(cid:891)(cid:481)(cid:887)(cid:936),(cid:886)(cid:886)(cid:481)(cid:883)(cid:936),(cid:888)(cid:481)(cid:886)(cid:936),(cid:882)(cid:481)(cid:882)(cid:936),(cid:882)(cid:481)(cid:882)(cid:936),(cid:883)(cid:882)(cid:882)(cid:481)(cid:882)(cid:936),(cid:882)(cid:481)(cid:882)(cid:936),(cid:882)(cid:481)(cid:882)(cid:936),(cid:883)(cid:882)(cid:882)(cid:481)(cid:882)(cid:936),,,,,,,,,,,,,,,,,,,,,
(cid:884)(cid:884),(cid:14)(cid:131)(cid:142)(cid:139)(cid:143)(cid:131)(cid:144)(cid:150)(cid:131)(cid:144)(cid:3)(cid:22)(cid:135)(cid:142)(cid:131)(cid:150)(cid:131)(cid:144),(cid:885)(cid:885)(cid:481)(cid:891)(cid:936),(cid:882)(cid:481)(cid:886)(cid:936),(cid:888)(cid:887)(cid:481)(cid:889)(cid:936),(cid:889)(cid:883)(cid:481)(cid:883)(cid:936),(cid:889)(cid:481)(cid:891)(cid:936),(cid:884)(cid:883)(cid:481)(cid:883)(cid:936),(cid:882)(cid:481)(cid:882)(cid:936),(cid:882)(cid:481)(cid:882)(cid:936),(cid:883)(cid:882)(cid:882)(cid:481)(cid:882)(cid:936),(cid:882)(cid:481)(cid:882)(cid:936),(cid:882)(cid:481)(cid:882)(cid:936),(cid:883)(cid:882)(cid:882)(cid:481)(cid:882)(cid:936),,,,,,,,,,,,,,,,,,,,,
(cid:884)(cid:885),(cid:14)(cid:131)(cid:142)(cid:139)(cid:143)(cid:131)(cid:144)(cid:150)(cid:131)(cid:144)(cid:3)(cid:23)(cid:139)(cid:143)(cid:151)(cid:148),(cid:884)(cid:885)(cid:481)(cid:891)(cid:936),(cid:882)(cid:481)(cid:887)(cid:936),(cid:889)(cid:887)(cid:481)(cid:887)(cid:936),(cid:887)(cid:887)(cid:481)(cid:885)(cid:936),(cid:883)(cid:887)(cid:481)(cid:886)(cid:936),(cid:884)(cid:891)(cid:481)(cid:885)(cid:936),(cid:882)(cid:481)(cid:882)(cid:936),(cid:882)(cid:481)(cid:882)(cid:936),(cid:883)(cid:882)(cid:882)(cid:481)(cid:882)(cid:936),(cid:882)(cid:481)(cid:882)(cid:936),(cid:882)(cid:481)(cid:882)(cid:936),(cid:883)(cid:882)(cid:882)(cid:481)(cid:882)(cid:936),,,,,,,,,,,,,,,,,,,,,
(cid:884)(cid:886),(cid:14)(cid:131)(cid:142)(cid:139)(cid:143)(cid:131)(cid:144)(cid:150)(cid:131)(cid:144)(cid:3)(cid:24)(cid:150)(cid:131)(cid:148)(cid:131),(cid:885)(cid:884)(cid:481)(cid:890)(cid:936),(cid:883)(cid:481)(cid:889)(cid:936),(cid:888)(cid:887)(cid:481)(cid:887)(cid:936),(cid:889)(cid:882)(cid:481)(cid:889)(cid:936),(cid:883)(cid:891)(cid:481)(cid:882)(cid:936),(cid:883)(cid:882)(cid:481)(cid:885)(cid:936),(cid:882)(cid:481)(cid:882)(cid:936),(cid:882)(cid:481)(cid:882)(cid:936),(cid:883)(cid:882)(cid:882)(cid:481)(cid:882)(cid:936),(cid:882)(cid:481)(cid:882)(cid:936),(cid:882)(cid:481)(cid:882)(cid:936),(cid:883)(cid:882)(cid:882)(cid:481)(cid:882)(cid:936),,,,,,,,,,,,,,,,,,,,,
(cid:884)(cid:887),(cid:22)(cid:151)(cid:142)(cid:131)(cid:153)(cid:135)(cid:149)(cid:139)(cid:3)(cid:24)(cid:150)(cid:131)(cid:148)(cid:131),(cid:884)(cid:883)(cid:481)(cid:883)(cid:936),(cid:882)(cid:481)(cid:887)(cid:936),(cid:889)(cid:890)(cid:481)(cid:886)(cid:936),(cid:887)(cid:885)(cid:481)(cid:885)(cid:936),(cid:885)(cid:890)(cid:481)(cid:889)(cid:936),(cid:890)(cid:481)(cid:882)(cid:936),(cid:882)(cid:481)(cid:882)(cid:936),(cid:882)(cid:481)(cid:882)(cid:936),(cid:883)(cid:882)(cid:882)(cid:481)(cid:882)(cid:936),(cid:883)(cid:481)(cid:882)(cid:936),(cid:882)(cid:481)(cid:882)(cid:936),(cid:891)(cid:891)(cid:481)(cid:882)(cid:936),,,,,,,,,,,,,,,,,,,,,
(cid:884)(cid:888),(cid:22)(cid:151)(cid:142)(cid:131)(cid:153)(cid:135)(cid:149)(cid:139)(cid:3)(cid:23)(cid:135)(cid:144)(cid:137)(cid:131)(cid:138),(cid:885)(cid:889)(cid:481)(cid:886)(cid:936),(cid:885)(cid:481)(cid:884)(cid:936),(cid:887)(cid:891)(cid:481)(cid:886)(cid:936),(cid:887)(cid:885)(cid:481)(cid:886)(cid:936),(cid:885)(cid:890)(cid:481)(cid:886)(cid:936),(cid:890)(cid:481)(cid:884)(cid:936),(cid:882)(cid:481)(cid:882)(cid:936),(cid:882)(cid:481)(cid:887)(cid:936),(cid:891)(cid:891)(cid:481)(cid:887)(cid:936),(cid:882)(cid:481)(cid:887)(cid:936),(cid:882)(cid:481)(cid:882)(cid:936),(cid:891)(cid:891)(cid:481)(cid:887)(cid:936),,,,,,,,,,,,,,,,,,,,,
(cid:884)(cid:889),(cid:22)(cid:151)(cid:142)(cid:131)(cid:153)(cid:135)(cid:149)(cid:139)(cid:3)(cid:22)(cid:135)(cid:142)(cid:131)(cid:150)(cid:131)(cid:144),(cid:884)(cid:886)(cid:481)(cid:889)(cid:936),(cid:883)(cid:481)(cid:891)(cid:936),(cid:889)(cid:885)(cid:481)(cid:886)(cid:936),(cid:888)(cid:885)(cid:481)(cid:885)(cid:936),(cid:886)(cid:481)(cid:882)(cid:936),(cid:885)(cid:884)(cid:481)(cid:889)(cid:936),(cid:882)(cid:481)(cid:882)(cid:936),(cid:882)(cid:481)(cid:882)(cid:936),(cid:883)(cid:882)(cid:882)(cid:481)(cid:882)(cid:936),(cid:882)(cid:481)(cid:882)(cid:936),(cid:882)(cid:481)(cid:882)(cid:936),(cid:883)(cid:882)(cid:882)(cid:481)(cid:882)(cid:936),,,,,,,,,,,,,,,,,,,,,
(cid:884)(cid:890),(cid:22)(cid:151)(cid:142)(cid:131)(cid:153)(cid:135)(cid:149)(cid:139)(cid:3)(cid:23)(cid:135)(cid:144)(cid:137)(cid:137)(cid:131)(cid:148)(cid:131),(cid:886)(cid:884)(cid:481)(cid:887)(cid:936),(cid:884)(cid:481)(cid:891)(cid:936),(cid:887)(cid:886)(cid:481)(cid:887)(cid:936),(cid:887)(cid:889)(cid:481)(cid:887)(cid:936),(cid:885)(cid:887)(cid:481)(cid:886)(cid:936),(cid:889)(cid:481)(cid:883)(cid:936),(cid:882)(cid:481)(cid:882)(cid:936),(cid:882)(cid:481)(cid:882)(cid:936),(cid:883)(cid:882)(cid:882)(cid:481)(cid:882)(cid:936),(cid:882)(cid:481)(cid:882)(cid:936),(cid:882)(cid:481)(cid:882)(cid:936),(cid:883)(cid:882)(cid:882)(cid:481)(cid:882)(cid:936),,,,,,,,,,,,,,,,,,,,,
(cid:884)(cid:891),(cid:10)(cid:145)(cid:148)(cid:145)(cid:144)(cid:150)(cid:131)(cid:142)(cid:145),(cid:887)(cid:882)(cid:481)(cid:887)(cid:936),(cid:883)(cid:481)(cid:883)(cid:936),(cid:886)(cid:890)(cid:481)(cid:886)(cid:936),(cid:888)(cid:883)(cid:481)(cid:883)(cid:936),(cid:885)(cid:888)(cid:481)(cid:890)(cid:936),(cid:884)(cid:481)(cid:883)(cid:936),(cid:882)(cid:481)(cid:882)(cid:936),(cid:882)(cid:481)(cid:882)(cid:936),(cid:883)(cid:882)(cid:882)(cid:481)(cid:882)(cid:936),(cid:882)(cid:481)(cid:882)(cid:936),(cid:882)(cid:481)(cid:882)(cid:936),(cid:883)(cid:882)(cid:882)(cid:481)(cid:882)(cid:936),,,,,,,,,,,,,,,,,,,,,
(cid:885)(cid:882),(cid:22)(cid:151)(cid:142)(cid:131)(cid:153)(cid:135)(cid:149)(cid:139)(cid:3)(cid:5)(cid:131)(cid:148)(cid:131)(cid:150),(cid:885)(cid:890)(cid:481)(cid:890)(cid:936),(cid:884)(cid:481)(cid:882)(cid:936),(cid:887)(cid:891)(cid:481)(cid:884)(cid:936),(cid:888)(cid:891)(cid:481)(cid:886)(cid:936),(cid:883)(cid:889)(cid:481)(cid:885)(cid:936),(cid:883)(cid:885)(cid:481)(cid:885)(cid:936),(cid:882)(cid:481)(cid:882)(cid:936),(cid:882)(cid:481)(cid:882)(cid:936),(cid:883)(cid:882)(cid:882)(cid:481)(cid:882)(cid:936),(cid:882)(cid:481)(cid:882)(cid:936),(cid:882)(cid:481)(cid:882)(cid:936),(cid:883)(cid:882)(cid:882)(cid:481)(cid:882)(cid:936),,,,,,,,,,,,,,,,,,,,,
(cid:885)(cid:883),(cid:16)(cid:131)(cid:142)(cid:151)(cid:141)(cid:151),(cid:887)(cid:882)(cid:481)(cid:890)(cid:936),(cid:883)(cid:884)(cid:481)(cid:883)(cid:936),(cid:885)(cid:889)(cid:481)(cid:883)(cid:936),(cid:884)(cid:888)(cid:481)(cid:885)(cid:936),(cid:889)(cid:885)(cid:481)(cid:885)(cid:936),(cid:882)(cid:481)(cid:886)(cid:936),(cid:882)(cid:481)(cid:886)(cid:936),(cid:882)(cid:481)(cid:882)(cid:936),(cid:891)(cid:891)(cid:481)(cid:888)(cid:936),(cid:882)(cid:481)(cid:890)(cid:936),(cid:882)(cid:481)(cid:886)(cid:936),(cid:891)(cid:890)(cid:481)(cid:890)(cid:936),,,,,,,,,,,,,,,,,,,,,
(cid:885)(cid:884),(cid:16)(cid:131)(cid:142)(cid:151)(cid:141)(cid:151)(cid:3)(cid:24)(cid:150)(cid:131)(cid:148)(cid:131),(cid:886)(cid:888)(cid:481)(cid:882)(cid:936),(cid:883)(cid:882)(cid:481)(cid:882)(cid:936),(cid:886)(cid:886)(cid:481)(cid:882)(cid:936),(cid:885)(cid:891)(cid:481)(cid:885)(cid:936),(cid:887)(cid:889)(cid:481)(cid:885)(cid:936),(cid:885)(cid:481)(cid:885)(cid:936),(cid:882)(cid:481)(cid:882)(cid:936),(cid:882)(cid:481)(cid:882)(cid:936),(cid:883)(cid:882)(cid:882)(cid:481)(cid:882)(cid:936),(cid:882)(cid:481)(cid:882)(cid:936),(cid:882)(cid:481)(cid:882)(cid:936),(cid:883)(cid:882)(cid:882)(cid:481)(cid:882)(cid:936),,,,,,,,,,,,,,,,,,,,,
(cid:885)(cid:885),(cid:19)(cid:131)(cid:146)(cid:151)(cid:131),(cid:886)(cid:888)(cid:481)(cid:889)(cid:936),(cid:883)(cid:885)(cid:481)(cid:891)(cid:936),(cid:885)(cid:891)(cid:481)(cid:885)(cid:936),(cid:884)(cid:886)(cid:481)(cid:888)(cid:936),(cid:889)(cid:885)(cid:481)(cid:890)(cid:936),(cid:883)(cid:481)(cid:888)(cid:936),(cid:882)(cid:481)(cid:882)(cid:936),(cid:883)(cid:481)(cid:888)(cid:936),(cid:891)(cid:890)(cid:481)(cid:886)(cid:936),(cid:883)(cid:481)(cid:888)(cid:936),(cid:883)(cid:481)(cid:888)(cid:936),(cid:891)(cid:888)(cid:481)(cid:889)(cid:936),,,,,,,,,,,,,,,,,,,,,
(cid:885)(cid:886),(cid:19)(cid:131)(cid:146)(cid:151)(cid:131)(cid:3)(cid:5)(cid:131)(cid:148)(cid:131)(cid:150),(cid:887)(cid:888)(cid:481)(cid:888)(cid:936),(cid:891)(cid:481)(cid:884)(cid:936),(cid:885)(cid:886)(cid:481)(cid:884)(cid:936),(cid:884)(cid:885)(cid:481)(cid:889)(cid:936),(cid:888)(cid:890)(cid:481)(cid:886)(cid:936),(cid:889)(cid:481)(cid:891)(cid:936),(cid:882)(cid:481)(cid:882)(cid:936),(cid:882)(cid:481)(cid:882)(cid:936),(cid:883)(cid:882)(cid:882)(cid:481)(cid:882)(cid:936),(cid:882)(cid:481)(cid:882)(cid:936),(cid:882)(cid:481)(cid:882)(cid:936),(cid:883)(cid:882)(cid:882)(cid:481)(cid:882)(cid:936),,,,,,,,,,,,,,,,,,,,,
(cid:885)(cid:887),(cid:19)(cid:131)(cid:146)(cid:151)(cid:131)(cid:3)(cid:22)(cid:135)(cid:142)(cid:131)(cid:150)(cid:131)(cid:144),(cid:885)(cid:888)(cid:481)(cid:887)(cid:936),(cid:885)(cid:884)(cid:481)(cid:891)(cid:936),(cid:885)(cid:882)(cid:481)(cid:888)(cid:936),(cid:891)(cid:481)(cid:886)(cid:936),(cid:890)(cid:891)(cid:481)(cid:886)(cid:936),(cid:883)(cid:481)(cid:884)(cid:936),(cid:882)(cid:481)(cid:882)(cid:936),(cid:884)(cid:481)(cid:886)(cid:936),(cid:891)(cid:889)(cid:481)(cid:888)(cid:936),(cid:883)(cid:481)(cid:884)(cid:936),(cid:884)(cid:481)(cid:886)(cid:936),(cid:891)(cid:888)(cid:481)(cid:887)(cid:936),,,,,,,,,,,,,,,,,,,,,
(cid:885)(cid:888),(cid:19)(cid:131)(cid:146)(cid:151)(cid:131)(cid:3)(cid:23)(cid:135)(cid:144)(cid:137)(cid:131)(cid:138),(cid:884)(cid:890)(cid:481)(cid:891)(cid:936),(cid:886)(cid:885)(cid:481)(cid:890)(cid:936),(cid:884)(cid:889)(cid:481)(cid:885)(cid:936),(cid:883)(cid:882)(cid:481)(cid:889)(cid:936),(cid:890)(cid:888)(cid:481)(cid:882)(cid:936),(cid:885)(cid:481)(cid:885)(cid:936),(cid:885)(cid:481)(cid:885)(cid:936),(cid:882)(cid:481)(cid:890)(cid:936),(cid:891)(cid:887)(cid:481)(cid:891)(cid:936),(cid:883)(cid:883)(cid:481)(cid:888)(cid:936),(cid:891)(cid:481)(cid:883)(cid:936),(cid:889)(cid:891)(cid:481)(cid:885)(cid:936),,,,,,,,,,,,,,,,,,,,,
(cid:885)(cid:889) (cid:19)(cid:131)(cid:146)(cid:151)(cid:131)(cid:3)(cid:19)(cid:135)(cid:137)(cid:151)(cid:144)(cid:151)(cid:144)(cid:137)(cid:131)(cid:144) Indonesia (cid:885)(cid:890) (cid:19)(cid:131)(cid:146)(cid:151)(cid:131)(cid:3)(cid:5)(cid:131)(cid:148)(cid:131)(cid:150)(cid:3)(cid:7)(cid:131)(cid:155)(cid:131),,"(cid:885)(cid:882)(cid:481)(cid:885)(cid:936) 26,4% (cid:888)(cid:884)(cid:481)(cid:884)(cid:936)","(cid:887)(cid:888)(cid:481)(cid:890)(cid:936) 6,0% (cid:883)(cid:887)(cid:481)(cid:885)(cid:936)","(cid:883)(cid:884)(cid:481)(cid:891)(cid:936) 67,6% (cid:884)(cid:884)(cid:481)(cid:886)(cid:936)","(cid:883)(cid:882)(cid:481)(cid:885)(cid:936) 49,0% (cid:884)(cid:887)(cid:481)(cid:887)(cid:936)","(cid:890)(cid:891)(cid:481)(cid:882)(cid:936) 32,5% (cid:889)(cid:884)(cid:481)(cid:886)(cid:936)","(cid:882)(cid:481)(cid:888)(cid:936) 18,5% (cid:884)(cid:481)(cid:882)(cid:936)","(cid:887)(cid:481)(cid:884)(cid:936) 0,3% (cid:884)(cid:481)(cid:882)(cid:936)","(cid:885)(cid:481)(cid:884)(cid:936) 0,2% (cid:882)(cid:481)(cid:882)(cid:936)","(cid:891)(cid:883)(cid:481)(cid:888)(cid:936) 99,5% (cid:891)(cid:890)(cid:481)(cid:882)(cid:936)","(cid:884)(cid:882)(cid:481)(cid:882)(cid:936) 1,0% (cid:883)(cid:481)(cid:882)(cid:936)","(cid:883)(cid:887)(cid:481)(cid:887)(cid:936) 0,8% (cid:882)(cid:481)(cid:882)(cid:936)","(cid:888)(cid:886)(cid:481)(cid:887)(cid:936) 98,2% (cid:891)(cid:891)(cid:481)(cid:882)(cid:936)",,,,,,,,,,,,,,,,,,,,,
No,Provinsi,Batch 27 (Periode I Tahun 2024),,Batch 28 (Periode II Tahun 2024),,Batch 29 (Periode III Tahun 2024),,,,,,,,,,,,,,,,,,,,,,,,,,,,
,,Jumlah Kabupaten/Kota,Jumlah Puskesmas,Jumlah Kabupaten/Kota,Jumlah Puskesmas,Jumlah Kabupaten/Kota,Jumlah Puskesmas,,,,,,,,,,,,,,,,,,,,,,,,,,,
-1,-2,-3,-4,-5,-6,-5,-6,,,,,,,,,,,,,,,,,,,,,,,,,,,
(cid:883),(cid:4)(cid:133)(cid:135)(cid:138),(cid:884),(cid:885),(cid:882),(cid:882),(cid:884),(cid:884),,,,,,,,,,,,,,,,,,,,,,,,,,,
(cid:884),(cid:22)(cid:151)(cid:143)(cid:131)(cid:150)(cid:135)(cid:148)(cid:131)(cid:3)(cid:24)(cid:150)(cid:131)(cid:148)(cid:131),(cid:886),(cid:891),(cid:883),(cid:883),(cid:883),(cid:883),,,,,,,,,,,,,,,,,,,,,,,,,,,
(cid:885),(cid:22)(cid:151)(cid:143)(cid:131)(cid:150)(cid:135)(cid:148)(cid:131)(cid:3)(cid:5)(cid:131)(cid:148)(cid:131)(cid:150),(cid:882),(cid:882),(cid:883),(cid:883),(cid:884),(cid:886),,,,,,,,,,,,,,,,,,,,,,,,,,,
(cid:886),(cid:22)(cid:151)(cid:143)(cid:131)(cid:150)(cid:135)(cid:148)(cid:131)(cid:3)(cid:22)(cid:135)(cid:142)(cid:131)(cid:150)(cid:131)(cid:144),(cid:882),(cid:882),(cid:882),(cid:882),(cid:883),(cid:883),,,,,,,,,,,,,,,,,,,,,,,,,,,
(cid:887),(cid:13)(cid:131)(cid:143)(cid:132)(cid:139),(cid:883),(cid:883),(cid:882),(cid:882),(cid:882),(cid:882),,,,,,,,,,,,,,,,,,,,,,,,,,,
(cid:888),(cid:15)(cid:131)(cid:143)(cid:146)(cid:151)(cid:144)(cid:137),(cid:883),(cid:883),(cid:884),(cid:885),(cid:882),(cid:882),,,,,,,,,,,,,,,,,,,,,,,,,,,
(cid:889),(cid:17)(cid:151)(cid:149)(cid:131)(cid:3)(cid:23)(cid:135)(cid:144)(cid:137)(cid:137)(cid:131)(cid:148)(cid:131)(cid:3)(cid:23)(cid:139)(cid:143)(cid:151)(cid:148),(cid:885),(cid:887),(cid:884),(cid:884),(cid:882),(cid:882),,,,,,,,,,,,,,,,,,,,,,,,,,,
(cid:890),(cid:14)(cid:131)(cid:142)(cid:139)(cid:143)(cid:131)(cid:144)(cid:150)(cid:131)(cid:144)(cid:3)(cid:23)(cid:135)(cid:144)(cid:137)(cid:131)(cid:138),(cid:883),(cid:884),(cid:882),(cid:882),(cid:882),(cid:882),,,,,,,,,,,,,,,,,,,,,,,,,,,
(cid:891),(cid:22)(cid:151)(cid:142)(cid:131)(cid:153)(cid:135)(cid:149)(cid:139)(cid:3)(cid:5)(cid:131)(cid:148)(cid:131)(cid:150),(cid:883),(cid:883),(cid:882),(cid:882),(cid:883),(cid:883),,,,,,,,,,,,,,,,,,,,,,,,,,,
(cid:883)(cid:882),(cid:22)(cid:151)(cid:142)(cid:131)(cid:153)(cid:135)(cid:149)(cid:139)(cid:3)(cid:24)(cid:150)(cid:131)(cid:148)(cid:131),(cid:882),(cid:882),(cid:883),(cid:884),(cid:883),(cid:883),,,,,,,,,,,,,,,,,,,,,,,,,,,
(cid:883)(cid:883),(cid:22)(cid:151)(cid:142)(cid:131)(cid:153)(cid:135)(cid:149)(cid:139)(cid:3)(cid:23)(cid:135)(cid:144)(cid:137)(cid:131)(cid:138),(cid:883),(cid:883),(cid:882),(cid:882),(cid:882),(cid:882),,,,,,,,,,,,,,,,,,,,,,,,,,,
(cid:883)(cid:884),(cid:22)(cid:151)(cid:142)(cid:131)(cid:153)(cid:135)(cid:149)(cid:139)(cid:3)(cid:22)(cid:135)(cid:142)(cid:131)(cid:150)(cid:131)(cid:144),(cid:884),(cid:885),(cid:882),(cid:882),(cid:882),(cid:882),,,,,,,,,,,,,,,,,,,,,,,,,,,
(cid:883)(cid:885),(cid:22)(cid:151)(cid:142)(cid:131)(cid:153)(cid:135)(cid:149)(cid:139)(cid:3)(cid:23)(cid:135)(cid:144)(cid:137)(cid:137)(cid:131)(cid:148)(cid:131),(cid:883),(cid:883),(cid:882),(cid:882),(cid:882),(cid:882),,,,,,,,,,,,,,,,,,,,,,,,,,,
(cid:883)(cid:886),(cid:16)(cid:131)(cid:142)(cid:151)(cid:141)(cid:151),(cid:885),(cid:889),(cid:884),(cid:884),(cid:883),(cid:883),,,,,,,,,,,,,,,,,,,,,,,,,,,
(cid:883)(cid:887),(cid:16)(cid:131)(cid:142)(cid:151)(cid:141)(cid:151)(cid:3)(cid:24)(cid:150)(cid:131)(cid:148)(cid:131),(cid:883),(cid:883),(cid:883),(cid:883),(cid:884),(cid:884),,,,,,,,,,,,,,,,,,,,,,,,,,,
(cid:883)(cid:888) (cid:883)(cid:889),(cid:19)(cid:131)(cid:146)(cid:151)(cid:131) (cid:19)(cid:131)(cid:146)(cid:151)(cid:131)(cid:3)(cid:22)(cid:135)(cid:142)(cid:131)(cid:150)(cid:131)(cid:144),(cid:883) (cid:882),(cid:883) (cid:882),(cid:882) (cid:883),(cid:882) (cid:883),(cid:882) (cid:883),(cid:882) (cid:883),,,,,,,,,,,,,,,,,,,,,,,,,,,
Indonesia (cid:883)(cid:890) (cid:19)(cid:131)(cid:146)(cid:151)(cid:131)(cid:3)(cid:5)(cid:131)(cid:148)(cid:131)(cid:150)(cid:3)(cid:7)(cid:131)(cid:155)(cid:131),,23 (cid:883),40 (cid:886),13 (cid:884),17 (cid:886),14 (cid:884),19 (cid:887),,,,,,,,,,,,,,,,,,,,,,,,,,,
No,Provinsi,Jumlah Tenaga,,,,,,,,,Total,,,,,,,,,,,,,,,,,,,,,,,
,,Dokter Umum,Dokter Gigi,Perawat,Bidan,Gizi,Farmasi,Kesehatan Lingkungan,Kesehatan Masyarakat,Ahli Teknologi Laboratorium Medik,,,,,,,,,,,,,,,,,,,,,,,,
-1,-2,-3,-4,-5,-6,-7,-8,-9,-10,-11,-12,,,,,,,,,,,,,,,,,,,,,,,
(cid:883),(cid:4)(cid:133)(cid:135)(cid:138),(cid:882),(cid:883),(cid:882),(cid:882),(cid:887),(cid:885),(cid:887),(cid:884),(cid:885),(cid:883)(cid:891),,,,,,,,,,,,,,,,,,,,,,,
(cid:884),(cid:22)(cid:151)(cid:143)(cid:131)(cid:150)(cid:135)(cid:148)(cid:131)(cid:3)(cid:5)(cid:131)(cid:148)(cid:131)(cid:150),(cid:884),(cid:882),(cid:882),(cid:882),(cid:884),(cid:885),(cid:886),(cid:885),(cid:884),(cid:883)(cid:888),,,,,,,,,,,,,,,,,,,,,,,
(cid:885),(cid:22)(cid:151)(cid:143)(cid:131)(cid:150)(cid:135)(cid:148)(cid:131)(cid:3)(cid:24)(cid:150)(cid:131)(cid:148)(cid:131),(cid:884),(cid:882),(cid:882),(cid:882),(cid:889),(cid:889),(cid:890),(cid:887),(cid:890),(cid:885)(cid:889),,,,,,,,,,,,,,,,,,,,,,,
(cid:886),(cid:22)(cid:151)(cid:143)(cid:131)(cid:150)(cid:135)(cid:148)(cid:131)(cid:3)(cid:22)(cid:135)(cid:142)(cid:131)(cid:150)(cid:131)(cid:144),(cid:883),(cid:882),(cid:882),(cid:882),(cid:883),(cid:883),(cid:882),(cid:882),(cid:882),(cid:885),,,,,,,,,,,,,,,,,,,,,,,
(cid:887),(cid:21)(cid:139)(cid:131)(cid:151),(cid:882),(cid:882),(cid:882),(cid:882),(cid:882),(cid:882),(cid:882),(cid:882),(cid:882),(cid:882),,,,,,,,,,,,,,,,,,,,,,,
(cid:888),(cid:13)(cid:131)(cid:143)(cid:132)(cid:139),(cid:882),(cid:882),(cid:882),(cid:882),(cid:883),(cid:882),(cid:883),(cid:883),(cid:882),(cid:885),,,,,,,,,,,,,,,,,,,,,,,
(cid:889),(cid:15)(cid:131)(cid:143)(cid:146)(cid:151)(cid:144)(cid:137),(cid:884),(cid:882),(cid:882),(cid:882),(cid:885),(cid:886),(cid:884),(cid:884),(cid:886),(cid:883)(cid:889),,,,,,,,,,,,,,,,,,,,,,,
(cid:890),(cid:17)(cid:151)(cid:149)(cid:131)(cid:3)(cid:23)(cid:135)(cid:144)(cid:137)(cid:137)(cid:131)(cid:148)(cid:131)(cid:3)(cid:23)(cid:139)(cid:143)(cid:151)(cid:148),(cid:885),(cid:883),(cid:882),(cid:882),(cid:887),(cid:887),(cid:886),(cid:888),(cid:888),(cid:885)(cid:882),,,,,,,,,,,,,,,,,,,,,,,
(cid:891),(cid:14)(cid:131)(cid:142)(cid:139)(cid:143)(cid:131)(cid:144)(cid:150)(cid:131)(cid:144)(cid:3)(cid:5)(cid:131)(cid:148)(cid:131)(cid:150),(cid:882),(cid:882),(cid:882),(cid:882),(cid:882),(cid:882),(cid:882),(cid:882),(cid:882),(cid:882),,,,,,,,,,,,,,,,,,,,,,,
(cid:883)(cid:882),(cid:14)(cid:131)(cid:142)(cid:139)(cid:143)(cid:131)(cid:144)(cid:150)(cid:131)(cid:144)(cid:3)(cid:23)(cid:135)(cid:144)(cid:137)(cid:131)(cid:138),(cid:883),(cid:882),(cid:882),(cid:882),(cid:883),(cid:882),(cid:884),(cid:882),(cid:884),(cid:888),,,,,,,,,,,,,,,,,,,,,,,
(cid:883)(cid:883),(cid:14)(cid:131)(cid:142)(cid:139)(cid:143)(cid:131)(cid:144)(cid:150)(cid:131)(cid:144)(cid:3)(cid:24)(cid:150)(cid:131)(cid:148)(cid:131),(cid:882),(cid:882),(cid:882),(cid:882),(cid:882),(cid:882),(cid:882),(cid:882),(cid:882),(cid:882),,,,,,,,,,,,,,,,,,,,,,,
(cid:883)(cid:884),(cid:22)(cid:151)(cid:142)(cid:131)(cid:153)(cid:135)(cid:149)(cid:139)(cid:3)(cid:5)(cid:131)(cid:148)(cid:131)(cid:150),(cid:883),(cid:883),(cid:882),(cid:882),(cid:883),(cid:883),(cid:882),(cid:883),(cid:883),(cid:888),,,,,,,,,,,,,,,,,,,,,,,
(cid:883)(cid:885),(cid:22)(cid:151)(cid:142)(cid:131)(cid:153)(cid:135)(cid:149)(cid:139)(cid:3)(cid:24)(cid:150)(cid:131)(cid:148)(cid:131),(cid:882),(cid:883),(cid:882),(cid:882),(cid:884),(cid:884),(cid:882),(cid:884),(cid:884),(cid:891),,,,,,,,,,,,,,,,,,,,,,,
(cid:883)(cid:886),(cid:22)(cid:151)(cid:142)(cid:131)(cid:153)(cid:135)(cid:149)(cid:139)(cid:3)(cid:22)(cid:135)(cid:142)(cid:131)(cid:150)(cid:131)(cid:144),(cid:883),(cid:884),(cid:882),(cid:882),(cid:884),(cid:883),(cid:884),(cid:883),(cid:885),(cid:883)(cid:884),,,,,,,,,,,,,,,,,,,,,,,
(cid:883)(cid:887),(cid:22)(cid:151)(cid:142)(cid:131)(cid:153)(cid:135)(cid:149)(cid:139)(cid:3)(cid:23)(cid:135)(cid:144)(cid:137)(cid:131)(cid:138),(cid:882),(cid:882),(cid:882),(cid:882),(cid:883),(cid:882),(cid:883),(cid:882),(cid:883),(cid:885),,,,,,,,,,,,,,,,,,,,,,,
(cid:883)(cid:888),(cid:22)(cid:151)(cid:142)(cid:131)(cid:153)(cid:135)(cid:149)(cid:139)(cid:3)(cid:23)(cid:135)(cid:144)(cid:137)(cid:137)(cid:131)(cid:148)(cid:131),(cid:883),(cid:882),(cid:882),(cid:882),(cid:882),(cid:882),(cid:882),(cid:883),(cid:883),(cid:885),,,,,,,,,,,,,,,,,,,,,,,
(cid:883)(cid:889),(cid:16)(cid:131)(cid:142)(cid:151)(cid:141)(cid:151),(cid:888),(cid:883),(cid:882),(cid:882),(cid:883),(cid:891),(cid:885),(cid:887),(cid:888),(cid:885)(cid:883),,,,,,,,,,,,,,,,,,,,,,,
(cid:883)(cid:890),(cid:16)(cid:131)(cid:142)(cid:151)(cid:141)(cid:151)(cid:3)(cid:24)(cid:150)(cid:131)(cid:148)(cid:131),(cid:883),(cid:883),(cid:882),(cid:882),(cid:883),(cid:885),(cid:885),(cid:884),(cid:884),(cid:883)(cid:885),,,,,,,,,,,,,,,,,,,,,,,
(cid:883)(cid:891),(cid:19)(cid:131)(cid:146)(cid:151)(cid:131),(cid:882),(cid:882),(cid:882),(cid:882),(cid:883),(cid:882),(cid:883),(cid:883),(cid:883),(cid:886),,,,,,,,,,,,,,,,,,,,,,,
(cid:884)(cid:882),(cid:19)(cid:131)(cid:146)(cid:151)(cid:131)(cid:3)(cid:5)(cid:131)(cid:148)(cid:131)(cid:150),(cid:882),(cid:882),(cid:882),(cid:882),(cid:882),(cid:882),(cid:882),(cid:882),(cid:882),(cid:882),,,,,,,,,,,,,,,,,,,,,,,
(cid:884)(cid:883),(cid:19)(cid:131)(cid:146)(cid:151)(cid:131)(cid:3)(cid:22)(cid:135)(cid:142)(cid:131)(cid:150)(cid:131)(cid:144),(cid:883),(cid:882),(cid:882),(cid:882),(cid:882),(cid:882),(cid:884),(cid:883),(cid:884),(cid:888),,,,,,,,,,,,,,,,,,,,,,,
(cid:884)(cid:884),(cid:19)(cid:131)(cid:146)(cid:151)(cid:131)(cid:3)(cid:23)(cid:135)(cid:144)(cid:137)(cid:131)(cid:138),(cid:882),(cid:882),(cid:882),(cid:882),(cid:882),(cid:882),(cid:882),(cid:882),(cid:882),(cid:882),,,,,,,,,,,,,,,,,,,,,,,
(cid:884)(cid:885) (cid:19)(cid:131)(cid:146)(cid:151)(cid:131)I(cid:3)n(cid:5)d(cid:131)o(cid:148)(cid:131)n(cid:150)e(cid:3)(cid:7)si(cid:131)a(cid:155)(cid:131),,26(cid:886),9(cid:883),0(cid:882),0(cid:882),39(cid:887),5(cid:883)2(cid:885),46(cid:890),38(cid:887),53(cid:891),26(cid:886)3(cid:887),,,,,,,,,,,,,,,,,,,,,,,
No,Provinsi,Periode I,,Periode II,,Periode III,,Periode IV,,Periode V,,,,,,,,,,,,,,,,,,,,,,,,
,,Jumlah Kabupaten/ Kota,Jumlah Puskesmas,Jumlah Kabupaten/ Kota,Jumlah Puskesmas,Jumlah Kabupaten/ Kota,Jumlah Puskesmas,Jumlah Kabupaten/ Kota,Jumlah Puskesmas,Jumlah Kabupaten/ Kota,Jumlah Puskesmas,,,,,,,,,,,,,,,,,,,,,,,
-1,-2,-3,-4,-5,-6,-7,-8,-9,-10,-11,-12,,,,,,,,,,,,,,,,,,,,,,,
(cid:883),(cid:4)(cid:133)(cid:135)(cid:138),(cid:887),(cid:891),(cid:883)(cid:882),(cid:885)(cid:889),(cid:886),(cid:889),(cid:886),(cid:885)(cid:882),(cid:883)(cid:885),(cid:884)(cid:882),,,,,,,,,,,,,,,,,,,,,,,
(cid:884),(cid:22)(cid:151)(cid:143)(cid:131)(cid:150)(cid:135)(cid:148)(cid:131)(cid:3)(cid:24)(cid:150)(cid:131)(cid:148)(cid:131),(cid:891),(cid:883)(cid:889),(cid:883)(cid:884),(cid:889)(cid:884),(cid:889),(cid:883)(cid:885),(cid:889),(cid:885)(cid:889),(cid:884)(cid:884),(cid:889)(cid:888),,,,,,,,,,,,,,,,,,,,,,,
(cid:885),(cid:22)(cid:151)(cid:143)(cid:131)(cid:150)(cid:135)(cid:148)(cid:131)(cid:3)(cid:5)(cid:131)(cid:148)(cid:131)(cid:150),(cid:889),(cid:883)(cid:883),(cid:887),(cid:888),(cid:889),(cid:890),(cid:889),(cid:884)(cid:884),(cid:890),(cid:884)(cid:886),,,,,,,,,,,,,,,,,,,,,,,
(cid:886),(cid:21)(cid:139)(cid:131)(cid:151),(cid:885),(cid:883)(cid:884),(cid:886),(cid:883)(cid:890),(cid:883),(cid:883),(cid:883),(cid:883)(cid:885),(cid:889),(cid:891),,,,,,,,,,,,,,,,,,,,,,,
(cid:887),(cid:13)(cid:131)(cid:143)(cid:132)(cid:139),(cid:886),(cid:883)(cid:886),(cid:888),(cid:884)(cid:885),(cid:886),(cid:886),(cid:886),(cid:883)(cid:885),(cid:887),(cid:884)(cid:882),,,,,,,,,,,,,,,,,,,,,,,
(cid:888),(cid:22)(cid:151)(cid:143)(cid:131)(cid:150)(cid:135)(cid:148)(cid:131)(cid:3)(cid:22)(cid:135)(cid:142)(cid:131)(cid:150)(cid:131)(cid:144),(cid:883),(cid:883),(cid:884),(cid:883)(cid:883),(cid:886),(cid:888),(cid:886),(cid:890),(cid:891),(cid:884)(cid:884),,,,,,,,,,,,,,,,,,,,,,,
(cid:889),(cid:5)(cid:135)(cid:144)(cid:137)(cid:141)(cid:151)(cid:142)(cid:151),(cid:886),(cid:889),(cid:889),(cid:884)(cid:884),(cid:885),(cid:885),(cid:885),(cid:891),(cid:889),(cid:883)(cid:889),,,,,,,,,,,,,,,,,,,,,,,
(cid:890),(cid:15)(cid:131)(cid:143)(cid:146)(cid:151)(cid:144)(cid:137),(cid:886),(cid:890),(cid:889),(cid:884)(cid:886),(cid:885),(cid:885),(cid:885),(cid:883)(cid:884),(cid:891),(cid:883)(cid:890),,,,,,,,,,,,,,,,,,,,,,,
(cid:891),(cid:13)(cid:131)(cid:153)(cid:131)(cid:3)(cid:5)(cid:131)(cid:148)(cid:131)(cid:150),(cid:884),(cid:885),(cid:882),(cid:882),(cid:882),(cid:882),(cid:882),(cid:882),(cid:882),(cid:882),,,,,,,,,,,,,,,,,,,,,,,
(cid:883)(cid:882),(cid:13)(cid:131)(cid:153)(cid:131)(cid:3)(cid:23)(cid:139)(cid:143)(cid:151)(cid:148),(cid:886),(cid:887),(cid:882),(cid:882),(cid:882),(cid:882),(cid:882),(cid:882),(cid:882),(cid:882),,,,,,,,,,,,,,,,,,,,,,,
(cid:883)(cid:883),(cid:14)(cid:135)(cid:146)(cid:484)(cid:3)(cid:5)(cid:131)(cid:144)(cid:137)(cid:141)(cid:131)(cid:3)(cid:5)(cid:135)(cid:142)(cid:139)(cid:150)(cid:151)(cid:144)(cid:137),(cid:883),(cid:883),(cid:882),(cid:882),(cid:883),(cid:883),(cid:883),(cid:882),(cid:884),(cid:885),,,,,,,,,,,,,,,,,,,,,,,
(cid:883)(cid:884),(cid:14)(cid:135)(cid:146)(cid:151)(cid:142)(cid:131)(cid:151)(cid:131)(cid:144)(cid:3)(cid:21)(cid:139)(cid:131)(cid:151),(cid:887),(cid:883)(cid:882),(cid:885),(cid:885),(cid:884),(cid:885),(cid:884),(cid:886),(cid:884),(cid:886),,,,,,,,,,,,,,,,,,,,,,,
(cid:883)(cid:885),(cid:14)(cid:131)(cid:142)(cid:139)(cid:143)(cid:131)(cid:144)(cid:150)(cid:131)(cid:144)(cid:3)(cid:5)(cid:131)(cid:148)(cid:131)(cid:150),(cid:885),(cid:885),(cid:889),(cid:883)(cid:888),(cid:885),(cid:886),(cid:885),(cid:884)(cid:889),(cid:888),(cid:883)(cid:883),,,,,,,,,,,,,,,,,,,,,,,
(cid:883)(cid:886),(cid:14)(cid:131)(cid:142)(cid:139)(cid:143)(cid:131)(cid:144)(cid:150)(cid:131)(cid:144)(cid:3)(cid:23)(cid:135)(cid:144)(cid:137)(cid:131)(cid:138),(cid:886),(cid:888),(cid:891),(cid:885)(cid:883),(cid:884),(cid:884),(cid:884),(cid:884)(cid:883),(cid:888),(cid:891),,,,,,,,,,,,,,,,,,,,,,,
(cid:883)(cid:887),(cid:14)(cid:131)(cid:142)(cid:139)(cid:143)(cid:131)(cid:144)(cid:150)(cid:131)(cid:144)(cid:3)(cid:22)(cid:135)(cid:142)(cid:131)(cid:150)(cid:131)(cid:144),(cid:882),(cid:882),(cid:883),(cid:887),(cid:885),(cid:887),(cid:885),(cid:886),(cid:884),(cid:886),,,,,,,,,,,,,,,,,,,,,,,
(cid:883)(cid:888),(cid:14)(cid:131)(cid:142)(cid:139)(cid:143)(cid:131)(cid:144)(cid:150)(cid:131)(cid:144)(cid:3)(cid:23)(cid:139)(cid:143)(cid:151)(cid:148),(cid:885),(cid:886),(cid:884),(cid:887),(cid:884),(cid:884),(cid:884),(cid:883)(cid:882),(cid:886),(cid:887),,,,,,,,,,,,,,,,,,,,,,,
(cid:883)(cid:889),(cid:14)(cid:131)(cid:142)(cid:139)(cid:143)(cid:131)(cid:144)(cid:150)(cid:131)(cid:144)(cid:3)(cid:24)(cid:150)(cid:131)(cid:148)(cid:131),(cid:882),(cid:882),(cid:884),(cid:883)(cid:884),(cid:882),(cid:882),(cid:882),(cid:888),(cid:885),(cid:890),,,,,,,,,,,,,,,,,,,,,,,
(cid:883)(cid:890),(cid:10)(cid:145)(cid:148)(cid:145)(cid:144)(cid:150)(cid:131)(cid:142)(cid:145),(cid:887),(cid:889),(cid:885),(cid:883)(cid:882),(cid:884),(cid:886),(cid:884),(cid:883)(cid:882),(cid:886),(cid:886),,,,,,,,,,,,,,,,,,,,,,,
(cid:883)(cid:891),(cid:16)(cid:131)(cid:142)(cid:151)(cid:141)(cid:151),(cid:885),(cid:887),(cid:890),(cid:885)(cid:887),(cid:889),(cid:883)(cid:886),(cid:889),(cid:884)(cid:884),(cid:887),(cid:887),,,,,,,,,,,,,,,,,,,,,,,
(cid:884)(cid:882),(cid:16)(cid:131)(cid:142)(cid:151)(cid:141)(cid:151)(cid:3)(cid:24)(cid:150)(cid:131)(cid:148)(cid:131),(cid:883),(cid:883),(cid:889),(cid:884)(cid:884),(cid:886),(cid:887),(cid:886),(cid:884)(cid:891),(cid:885),(cid:887),,,,,,,,,,,,,,,,,,,,,,,
(cid:884)(cid:883),(cid:17)(cid:151)(cid:149)(cid:131)(cid:3)(cid:23)(cid:135)(cid:144)(cid:137)(cid:137)(cid:131)(cid:148)(cid:131)(cid:3)(cid:5)(cid:131)(cid:148)(cid:131)(cid:150),(cid:882),(cid:882),(cid:883),(cid:884),(cid:885),(cid:887),(cid:885),(cid:887),(cid:884),(cid:884),,,,,,,,,,,,,,,,,,,,,,,
(cid:884)(cid:884),(cid:17)(cid:151)(cid:149)(cid:131)(cid:3)(cid:23)(cid:135)(cid:144)(cid:137)(cid:137)(cid:131)(cid:148)(cid:131)(cid:3)(cid:23)(cid:139)(cid:143)(cid:151)(cid:148),(cid:891),(cid:884)(cid:886),(cid:883)(cid:885),(cid:887)(cid:886),(cid:883)(cid:883),(cid:884)(cid:888),(cid:883)(cid:883),(cid:885)(cid:883),(cid:890),(cid:883)(cid:890),,,,,,,,,,,,,,,,,,,,,,,
(cid:884)(cid:885),(cid:22)(cid:151)(cid:142)(cid:131)(cid:153)(cid:135)(cid:149)(cid:139)(cid:3)(cid:24)(cid:150)(cid:131)(cid:148)(cid:131),(cid:884),(cid:884),(cid:888),(cid:885)(cid:885),(cid:886),(cid:890),(cid:886),(cid:883)(cid:890),(cid:889),(cid:884)(cid:883),,,,,,,,,,,,,,,,,,,,,,,
(cid:884)(cid:886),(cid:22)(cid:151)(cid:142)(cid:131)(cid:153)(cid:135)(cid:149)(cid:139)(cid:3)(cid:23)(cid:135)(cid:144)(cid:137)(cid:131)(cid:138),(cid:889),(cid:883)(cid:883),(cid:891),(cid:884)(cid:884),(cid:886),(cid:886),(cid:886),(cid:883)(cid:888),(cid:891),(cid:883)(cid:890),,,,,,,,,,,,,,,,,,,,,,,
(cid:884)(cid:887),(cid:22)(cid:151)(cid:142)(cid:131)(cid:153)(cid:135)(cid:149)(cid:139)(cid:3)(cid:22)(cid:135)(cid:142)(cid:131)(cid:150)(cid:131)(cid:144),(cid:885),(cid:889),(cid:883)(cid:883),(cid:886)(cid:884),(cid:888),(cid:888),(cid:888),(cid:883)(cid:889),(cid:883)(cid:882),(cid:884)(cid:884),,,,,,,,,,,,,,,,,,,,,,,
(cid:884)(cid:888),(cid:22)(cid:151)(cid:142)(cid:131)(cid:153)(cid:135)(cid:149)(cid:139)(cid:3)(cid:23)(cid:135)(cid:144)(cid:137)(cid:137)(cid:131)(cid:148)(cid:131),(cid:889),(cid:883)(cid:882),(cid:883)(cid:885),(cid:887)(cid:883),(cid:890),(cid:883)(cid:886),(cid:890),(cid:885)(cid:887),(cid:883)(cid:883),(cid:885)(cid:882),,,,,,,,,,,,,,,,,,,,,,,
(cid:884)(cid:889),(cid:22)(cid:151)(cid:142)(cid:131)(cid:153)(cid:135)(cid:149)(cid:139)(cid:3)(cid:5)(cid:131)(cid:148)(cid:131)(cid:150),(cid:882),(cid:882),(cid:885),(cid:890),(cid:886),(cid:887),(cid:886),(cid:883)(cid:884),(cid:883),(cid:884),,,,,,,,,,,,,,,,,,,,,,,
(cid:884)(cid:890),(cid:19)(cid:131)(cid:146)(cid:151)(cid:131),(cid:882),(cid:882),(cid:884),(cid:885),(cid:884),(cid:886),(cid:884),(cid:885),(cid:884),(cid:884),,,,,,,,,,,,,,,,,,,,,,,
(cid:884)(cid:891),(cid:19)(cid:131)(cid:146)(cid:151)(cid:131)(cid:3)(cid:5)(cid:131)(cid:148)(cid:131)(cid:150),(cid:882),(cid:882),(cid:884),(cid:886),(cid:883),(cid:883),(cid:883),(cid:883),(cid:883),(cid:883),,,,,,,,,,,,,,,,,,,,,,,
(cid:885)(cid:882),(cid:19)(cid:131)(cid:146)(cid:151)(cid:131)(cid:3)(cid:22)(cid:135)(cid:142)(cid:131)(cid:150)(cid:131)(cid:144),(cid:882),(cid:882),(cid:886),(cid:884)(cid:882),(cid:884),(cid:886),(cid:884),(cid:888),(cid:884),(cid:886),,,,,,,,,,,,,,,,,,,,,,,
(cid:885)(cid:883) (cid:19)(cid:131)(cid:146)(cid:151)(cid:131)(cid:3)(cid:23)(cid:135)(cid:144)(cid:137)(cid:131)(cid:138) Indonesia,,(cid:882) 97,(cid:882) 179,(cid:882) 163,(cid:882) 602,(cid:882) 107,(cid:882) 166,(cid:882) 107,(cid:882) 435,(cid:882) 173,(cid:882) 389,,,,,,,,,,,,,,,,,,,,,,,
No,Provinsi,Angkatan I (Februari),Angkatan II (Mei),Angkatan III (Agustus),Angkatan IV (November),Jumlah Dokter Internship,,,,,,,,,,,,,,,,,,,,,,,,,,,,
-1,-2,-3,-4,-5,-6,-7,,,,,,,,,,,,,,,,,,,,,,,,,,,,
(cid:883),(cid:4)(cid:133)(cid:135)(cid:138),(cid:888)(cid:890),(cid:887)(cid:890),(cid:889)(cid:890),(cid:891)(cid:885),(cid:884)(cid:891)(cid:889),,,,,,,,,,,,,,,,,,,,,,,,,,,,
(cid:884),(cid:22)(cid:151)(cid:143)(cid:131)(cid:150)(cid:135)(cid:148)(cid:131)(cid:3)(cid:24)(cid:150)(cid:131)(cid:148)(cid:131),(cid:883)(cid:883)(cid:882),(cid:883)(cid:882)(cid:883),(cid:890)(cid:884),(cid:884)(cid:883)(cid:887),(cid:887)(cid:882)(cid:890),,,,,,,,,,,,,,,,,,,,,,,,,,,,
(cid:885),(cid:22)(cid:151)(cid:143)(cid:131)(cid:150)(cid:135)(cid:148)(cid:131)(cid:3)(cid:5)(cid:131)(cid:148)(cid:131)(cid:150),(cid:891)(cid:882),(cid:889)(cid:889),(cid:886)(cid:890),(cid:883)(cid:882)(cid:890),(cid:885)(cid:884)(cid:885),,,,,,,,,,,,,,,,,,,,,,,,,,,,
(cid:886),(cid:21)(cid:139)(cid:131)(cid:151),(cid:890)(cid:884),(cid:887)(cid:890),(cid:885)(cid:884),(cid:883)(cid:883)(cid:883),(cid:884)(cid:890)(cid:885),,,,,,,,,,,,,,,,,,,,,,,,,,,,
(cid:887),(cid:13)(cid:131)(cid:143)(cid:132)(cid:139),(cid:887)(cid:889),(cid:887)(cid:884),(cid:883)(cid:888),(cid:890)(cid:882),(cid:884)(cid:882)(cid:887),,,,,,,,,,,,,,,,,,,,,,,,,,,,
(cid:888),(cid:22)(cid:151)(cid:143)(cid:131)(cid:150)(cid:135)(cid:148)(cid:131)(cid:3)(cid:22)(cid:135)(cid:142)(cid:131)(cid:150)(cid:131)(cid:144),(cid:888)(cid:891),(cid:883)(cid:882)(cid:885),(cid:883)(cid:887)(cid:886),(cid:883)(cid:885)(cid:890),(cid:886)(cid:888)(cid:886),,,,,,,,,,,,,,,,,,,,,,,,,,,,
(cid:889),(cid:5)(cid:135)(cid:144)(cid:137)(cid:141)(cid:151)(cid:142)(cid:151),(cid:886)(cid:887),(cid:884)(cid:890),(cid:887)(cid:886),(cid:887)(cid:883),(cid:883)(cid:889)(cid:890),,,,,,,,,,,,,,,,,,,,,,,,,,,,
(cid:890),(cid:15)(cid:131)(cid:143)(cid:146)(cid:151)(cid:144)(cid:137),(cid:888)(cid:889),(cid:886)(cid:885),(cid:886)(cid:886),(cid:886)(cid:890),(cid:884)(cid:882)(cid:884),,,,,,,,,,,,,,,,,,,,,,,,,,,,
(cid:891),(cid:14)(cid:135)(cid:146)(cid:151)(cid:142)(cid:131)(cid:151)(cid:131)(cid:144)(cid:3)(cid:5)(cid:131)(cid:144)(cid:137)(cid:141)(cid:131)(cid:3)(cid:5)(cid:135)(cid:142)(cid:139)(cid:150)(cid:151)(cid:144)(cid:137),(cid:888)(cid:883),(cid:884)(cid:891),(cid:885)(cid:883),(cid:884)(cid:888),(cid:883)(cid:886)(cid:889),,,,,,,,,,,,,,,,,,,,,,,,,,,,
(cid:883)(cid:882),(cid:14)(cid:135)(cid:146)(cid:151)(cid:142)(cid:131)(cid:151)(cid:131)(cid:144)(cid:3)(cid:21)(cid:139)(cid:131)(cid:151),(cid:888)(cid:884),(cid:889)(cid:885),(cid:886)(cid:889),(cid:886)(cid:890),(cid:884)(cid:885)(cid:882),,,,,,,,,,,,,,,,,,,,,,,,,,,,
(cid:883)(cid:883),(cid:7)(cid:14)(cid:12)(cid:3)(cid:13)(cid:131)(cid:141)(cid:131)(cid:148)(cid:150)(cid:131),(cid:886)(cid:888),(cid:888)(cid:886),(cid:883)(cid:887)(cid:890),(cid:883)(cid:884)(cid:890),(cid:885)(cid:891)(cid:888),,,,,,,,,,,,,,,,,,,,,,,,,,,,
(cid:883)(cid:884),(cid:13)(cid:131)(cid:153)(cid:131)(cid:3)(cid:5)(cid:131)(cid:148)(cid:131)(cid:150),(cid:884)(cid:891)(cid:886),(cid:883)(cid:888)(cid:887),(cid:884)(cid:887)(cid:886),(cid:886)(cid:884)(cid:891),(cid:883)(cid:484)(cid:883)(cid:886)(cid:884),,,,,,,,,,,,,,,,,,,,,,,,,,,,
(cid:883)(cid:885),(cid:13)(cid:131)(cid:153)(cid:131)(cid:3)(cid:23)(cid:135)(cid:144)(cid:137)(cid:131)(cid:138),(cid:885)(cid:885)(cid:882),(cid:884)(cid:887)(cid:887),(cid:885)(cid:890)(cid:889),(cid:886)(cid:882)(cid:884),(cid:883)(cid:484)(cid:885)(cid:889)(cid:886),,,,,,,,,,,,,,,,,,,,,,,,,,,,
(cid:883)(cid:886),(cid:7)(cid:12)(cid:3)(cid:28)(cid:145)(cid:137)(cid:155)(cid:131)(cid:141)(cid:131)(cid:148)(cid:150)(cid:131),(cid:890)(cid:889),(cid:888)(cid:886),(cid:883)(cid:883)(cid:882),(cid:888)(cid:882),(cid:885)(cid:884)(cid:883),,,,,,,,,,,,,,,,,,,,,,,,,,,,
(cid:883)(cid:887),(cid:13)(cid:131)(cid:153)(cid:131)(cid:3)(cid:23)(cid:139)(cid:143)(cid:151)(cid:148),(cid:884)(cid:891)(cid:885),(cid:884)(cid:882)(cid:885),(cid:887)(cid:882)(cid:885),(cid:886)(cid:883)(cid:889),(cid:883)(cid:484)(cid:886)(cid:883)(cid:888),,,,,,,,,,,,,,,,,,,,,,,,,,,,
(cid:883)(cid:888),(cid:5)(cid:131)(cid:144)(cid:150)(cid:135)(cid:144),(cid:891)(cid:884),(cid:888)(cid:886),(cid:891)(cid:886),(cid:883)(cid:887)(cid:890),(cid:886)(cid:882)(cid:890),,,,,,,,,,,,,,,,,,,,,,,,,,,,
(cid:883)(cid:889),(cid:5)(cid:131)(cid:142)(cid:139),(cid:891)(cid:887),(cid:883)(cid:885)(cid:885),(cid:884)(cid:886)(cid:891),(cid:883)(cid:886)(cid:885),(cid:888)(cid:884)(cid:882),,,,,,,,,,,,,,,,,,,,,,,,,,,,
(cid:883)(cid:890),(cid:17)(cid:151)(cid:149)(cid:131)(cid:3)(cid:23)(cid:135)(cid:144)(cid:137)(cid:137)(cid:131)(cid:148)(cid:131)(cid:3)(cid:5)(cid:131)(cid:148)(cid:131)(cid:150),(cid:888)(cid:886),(cid:886)(cid:891),(cid:891)(cid:888),(cid:885)(cid:891),(cid:884)(cid:886)(cid:890),,,,,,,,,,,,,,,,,,,,,,,,,,,,
(cid:883)(cid:891),(cid:17)(cid:151)(cid:149)(cid:131)(cid:3)(cid:23)(cid:135)(cid:144)(cid:137)(cid:137)(cid:131)(cid:148)(cid:131)(cid:3)(cid:23)(cid:139)(cid:143)(cid:151)(cid:148),(cid:883)(cid:882)(cid:884),(cid:887)(cid:890),(cid:888)(cid:882),(cid:888)(cid:891),(cid:884)(cid:890)(cid:891),,,,,,,,,,,,,,,,,,,,,,,,,,,,
(cid:884)(cid:882),(cid:14)(cid:131)(cid:142)(cid:139)(cid:143)(cid:131)(cid:144)(cid:150)(cid:131)(cid:144)(cid:3)(cid:5)(cid:131)(cid:148)(cid:131)(cid:150),(cid:884)(cid:891),(cid:883)(cid:890),(cid:889)(cid:884),(cid:884)(cid:889),(cid:883)(cid:886)(cid:888),,,,,,,,,,,,,,,,,,,,,,,,,,,,
(cid:884)(cid:883),(cid:14)(cid:131)(cid:142)(cid:139)(cid:143)(cid:131)(cid:144)(cid:150)(cid:131)(cid:144)(cid:3)(cid:23)(cid:135)(cid:144)(cid:137)(cid:131)(cid:138),(cid:886)(cid:885),(cid:883)(cid:885),(cid:883)(cid:888),(cid:885)(cid:884),(cid:883)(cid:882)(cid:886),,,,,,,,,,,,,,,,,,,,,,,,,,,,
(cid:884)(cid:884),(cid:14)(cid:131)(cid:142)(cid:139)(cid:143)(cid:131)(cid:144)(cid:150)(cid:131)(cid:144)(cid:3)(cid:22)(cid:135)(cid:142)(cid:131)(cid:150)(cid:131)(cid:144),(cid:886)(cid:888),(cid:885)(cid:888),(cid:887)(cid:884),(cid:884)(cid:884),(cid:883)(cid:887)(cid:888),,,,,,,,,,,,,,,,,,,,,,,,,,,,
(cid:884)(cid:885),(cid:14)(cid:131)(cid:142)(cid:139)(cid:143)(cid:131)(cid:144)(cid:150)(cid:131)(cid:144)(cid:3)(cid:23)(cid:139)(cid:143)(cid:151)(cid:148),(cid:891)(cid:882),(cid:886)(cid:888),(cid:888)(cid:882),(cid:890)(cid:889),(cid:884)(cid:890)(cid:885),,,,,,,,,,,,,,,,,,,,,,,,,,,,
(cid:884)(cid:886),(cid:14)(cid:131)(cid:142)(cid:139)(cid:143)(cid:131)(cid:144)(cid:150)(cid:131)(cid:144)(cid:3)(cid:24)(cid:150)(cid:131)(cid:148)(cid:131),(cid:883)(cid:888),(cid:884)(cid:884),(cid:885)(cid:885),(cid:882),(cid:889)(cid:883),,,,,,,,,,,,,,,,,,,,,,,,,,,,
(cid:884)(cid:887),(cid:22)(cid:151)(cid:142)(cid:131)(cid:153)(cid:135)(cid:149)(cid:139)(cid:3)(cid:24)(cid:150)(cid:131)(cid:148)(cid:131),(cid:888)(cid:883),(cid:887)(cid:885),(cid:889)(cid:884),(cid:888)(cid:886),(cid:884)(cid:887)(cid:882),,,,,,,,,,,,,,,,,,,,,,,,,,,,
(cid:884)(cid:888),(cid:22)(cid:151)(cid:142)(cid:131)(cid:153)(cid:135)(cid:149)(cid:139)(cid:3)(cid:23)(cid:135)(cid:144)(cid:137)(cid:131)(cid:138),(cid:888)(cid:888),(cid:882),(cid:884)(cid:890),(cid:886)(cid:891),(cid:883)(cid:886)(cid:885),,,,,,,,,,,,,,,,,,,,,,,,,,,,
(cid:884)(cid:889),(cid:22)(cid:151)(cid:142)(cid:131)(cid:153)(cid:135)(cid:149)(cid:139)(cid:3)(cid:22)(cid:135)(cid:142)(cid:131)(cid:150)(cid:131)(cid:144),(cid:891)(cid:891),(cid:888)(cid:882),(cid:890)(cid:891),(cid:883)(cid:883)(cid:889),(cid:885)(cid:888)(cid:887),,,,,,,,,,,,,,,,,,,,,,,,,,,,
(cid:884)(cid:890),(cid:22)(cid:151)(cid:142)(cid:131)(cid:153)(cid:135)(cid:149)(cid:139)(cid:3)(cid:23)(cid:135)(cid:144)(cid:137)(cid:137)(cid:131)(cid:148)(cid:131),(cid:889)(cid:891),(cid:883)(cid:883)(cid:882),(cid:888)(cid:885),(cid:886)(cid:890),(cid:885)(cid:882)(cid:882),,,,,,,,,,,,,,,,,,,,,,,,,,,,
(cid:884)(cid:891),(cid:10)(cid:145)(cid:148)(cid:145)(cid:144)(cid:150)(cid:131)(cid:142)(cid:145),(cid:884)(cid:882),(cid:883)(cid:884),(cid:888),(cid:884)(cid:887),(cid:888)(cid:885),,,,,,,,,,,,,,,,,,,,,,,,,,,,
(cid:885)(cid:882),(cid:22)(cid:151)(cid:142)(cid:131)(cid:153)(cid:135)(cid:149)(cid:139)(cid:3)(cid:5)(cid:131)(cid:148)(cid:131)(cid:150),(cid:890),(cid:883)(cid:884),(cid:889),(cid:883)(cid:884),(cid:885)(cid:891),,,,,,,,,,,,,,,,,,,,,,,,,,,,
(cid:885)(cid:883),(cid:16)(cid:131)(cid:142)(cid:151)(cid:141)(cid:151),(cid:885)(cid:883),(cid:884)(cid:889),(cid:884)(cid:891),(cid:884)(cid:884),(cid:883)(cid:882)(cid:891),,,,,,,,,,,,,,,,,,,,,,,,,,,,
(cid:885)(cid:884),(cid:16)(cid:131)(cid:142)(cid:151)(cid:141)(cid:151)(cid:3)(cid:24)(cid:150)(cid:131)(cid:148)(cid:131),(cid:883)(cid:888),(cid:883)(cid:883),(cid:889),(cid:883)(cid:883),(cid:886)(cid:887),,,,,,,,,,,,,,,,,,,,,,,,,,,,
(cid:885)(cid:885),(cid:19)(cid:131)(cid:146)(cid:151)(cid:131),(cid:885)(cid:882),(cid:886),(cid:887),(cid:885)(cid:884),(cid:889)(cid:883),,,,,,,,,,,,,,,,,,,,,,,,,,,,
(cid:885)(cid:886),(cid:19)(cid:131)(cid:146)(cid:151)(cid:131)(cid:3)(cid:5)(cid:131)(cid:148)(cid:131)(cid:150),(cid:882),(cid:882),(cid:883)(cid:888),(cid:882),(cid:883)(cid:888),,,,,,,,,,,,,,,,,,,,,,,,,,,,
(cid:885)(cid:887),(cid:19)(cid:131)(cid:146)(cid:151)(cid:131)(cid:3)(cid:22)(cid:135)(cid:142)(cid:131)(cid:150)(cid:131)(cid:144),(cid:889),(cid:882),(cid:882),(cid:889),(cid:883)(cid:886),,,,,,,,,,,,,,,,,,,,,,,,,,,,
(cid:885)(cid:888),(cid:19)(cid:131)(cid:146)(cid:151)(cid:131)(cid:3)(cid:23)(cid:135)(cid:144)(cid:137)(cid:131)(cid:138),(cid:882),(cid:883)(cid:888),(cid:882),(cid:883)(cid:882),(cid:884)(cid:888),,,,,,,,,,,,,,,,,,,,,,,,,,,,
(cid:885)(cid:889) (cid:19)(cid:131)(cid:146)(cid:151)(cid:131)(cid:3)(cid:19)(cid:135)(cid:137)(cid:151)(cid:144)(cid:151)(cid:144)(cid:137)(cid:131)(cid:144) Indonesia (cid:885)(cid:890) (cid:19)(cid:131)(cid:146)(cid:151)(cid:131)(cid:3)(cid:5)(cid:131)(cid:148)(cid:131)(cid:150)(cid:3)(cid:7)(cid:131)(cid:155)(cid:131),,(cid:882) 2.784 (cid:884)(cid:891),(cid:882) 2.124 (cid:889),(cid:886) 3.056 (cid:882),(cid:882) 3.328 (cid:882),(cid:886) 11.292 (cid:885)(cid:888),,,,,,,,,,,,,,,,,,,,,,,,,,,,
No,Provinsi,Puskesmas,,,,Rumah Sakit,,,,Sarana Pelayanan Kesehatan Lainnya,,,,Total,,,,,,,,,,,,,,,,,,,,
,,Perawat,,,Bidan,Perawat,,,Bidan,Perawat,,,Bidan,Perawat,,,Bidan,,,,,,,,,,,,,,,,,
,,L,P,L+P,,L,P,L+P,,L,P,L+P,,L,P,L+P,,,,,,,,,,,,,,,,,,
(1),(2),(3),(4),(5),(6),(7),(8),(9),(10),(11),(12),(13),(14),(15),(16),(17),(18),,,,,,,,,,,,,,,,,
(cid:883),(cid:4)(cid:6)(cid:8)(cid:11),(cid:884)(cid:484)(cid:886)(cid:888)(cid:885),(cid:888)(cid:484)(cid:889)(cid:884)(cid:882),(cid:891)(cid:484)(cid:883)(cid:890)(cid:885),(cid:883)(cid:888)(cid:484)(cid:882)(cid:887)(cid:885),(cid:885)(cid:484)(cid:888)(cid:884)(cid:885),(cid:889)(cid:484)(cid:891)(cid:891)(cid:883),(cid:883)(cid:883)(cid:484)(cid:888)(cid:883)(cid:886),(cid:886)(cid:484)(cid:889)(cid:890)(cid:882),(cid:887)(cid:889)(cid:886),(cid:883)(cid:484)(cid:883)(cid:887)(cid:882),(cid:883)(cid:484)(cid:889)(cid:884)(cid:886),(cid:883)(cid:484)(cid:890)(cid:886)(cid:889),(cid:888)(cid:484)(cid:888)(cid:888)(cid:882),(cid:883)(cid:887)(cid:484)(cid:890)(cid:888)(cid:883),(cid:884)(cid:884)(cid:484)(cid:887)(cid:884)(cid:883),(cid:884)(cid:884)(cid:484)(cid:888)(cid:890)(cid:882),,,,,,,,,,,,,,,,,
(cid:884),(cid:22)(cid:24)(cid:16)(cid:4)(cid:23)(cid:8)(cid:21)(cid:4)(cid:3)(cid:24)(cid:23)(cid:4)(cid:21)(cid:4),(cid:884)(cid:484)(cid:885)(cid:891)(cid:891),(cid:887)(cid:484)(cid:889)(cid:884)(cid:888),(cid:890)(cid:484)(cid:883)(cid:884)(cid:887),(cid:883)(cid:890)(cid:484)(cid:884)(cid:884)(cid:882),(cid:885)(cid:484)(cid:889)(cid:891)(cid:883),(cid:883)(cid:883)(cid:484)(cid:886)(cid:886)(cid:886),(cid:883)(cid:887)(cid:484)(cid:884)(cid:885)(cid:887),(cid:887)(cid:484)(cid:891)(cid:887)(cid:887),(cid:889)(cid:882)(cid:885),(cid:883)(cid:484)(cid:888)(cid:886)(cid:887),(cid:884)(cid:484)(cid:885)(cid:886)(cid:890),(cid:885)(cid:484)(cid:890)(cid:883)(cid:890),(cid:888)(cid:484)(cid:890)(cid:891)(cid:885),(cid:883)(cid:890)(cid:484)(cid:890)(cid:883)(cid:887),(cid:884)(cid:887)(cid:484)(cid:889)(cid:882)(cid:890),(cid:884)(cid:889)(cid:484)(cid:891)(cid:891)(cid:885),,,,,,,,,,,,,,,,,
(cid:885),(cid:22)(cid:24)(cid:16)(cid:4)(cid:23)(cid:8)(cid:21)(cid:4)(cid:3)(cid:5)(cid:4)(cid:21)(cid:4)(cid:23),(cid:887)(cid:890)(cid:888),(cid:884)(cid:484)(cid:891)(cid:883)(cid:885),(cid:885)(cid:484)(cid:886)(cid:891)(cid:891),(cid:888)(cid:484)(cid:889)(cid:883)(cid:888),(cid:883)(cid:484)(cid:886)(cid:885)(cid:887),(cid:888)(cid:484)(cid:889)(cid:885)(cid:883),(cid:890)(cid:484)(cid:883)(cid:888)(cid:888),(cid:883)(cid:484)(cid:891)(cid:887)(cid:884),(cid:883)(cid:890)(cid:882),(cid:888)(cid:888)(cid:891),(cid:890)(cid:886)(cid:891),(cid:883)(cid:484)(cid:883)(cid:887)(cid:884),(cid:884)(cid:484)(cid:884)(cid:882)(cid:883),(cid:883)(cid:882)(cid:484)(cid:885)(cid:883)(cid:885),(cid:883)(cid:884)(cid:484)(cid:887)(cid:883)(cid:886),(cid:891)(cid:484)(cid:890)(cid:884)(cid:882),,,,,,,,,,,,,,,,,
(cid:886),(cid:21)(cid:12)(cid:4)(cid:24),(cid:891)(cid:890)(cid:884),(cid:885)(cid:484)(cid:882)(cid:883)(cid:888),(cid:885)(cid:484)(cid:891)(cid:891)(cid:890),(cid:888)(cid:484)(cid:884)(cid:888)(cid:886),(cid:883)(cid:484)(cid:891)(cid:884)(cid:884),(cid:887)(cid:484)(cid:888)(cid:887)(cid:886),(cid:889)(cid:484)(cid:887)(cid:889)(cid:888),(cid:884)(cid:484)(cid:886)(cid:884)(cid:887),(cid:886)(cid:888)(cid:889),(cid:883)(cid:484)(cid:882)(cid:883)(cid:882),(cid:883)(cid:484)(cid:886)(cid:889)(cid:889),(cid:884)(cid:484)(cid:889)(cid:886)(cid:886),(cid:885)(cid:484)(cid:885)(cid:889)(cid:883),(cid:891)(cid:484)(cid:888)(cid:890)(cid:882),(cid:883)(cid:885)(cid:484)(cid:882)(cid:887)(cid:883),(cid:883)(cid:883)(cid:484)(cid:886)(cid:885)(cid:885),,,,,,,,,,,,,,,,,
(cid:887),(cid:13)(cid:4)(cid:16)(cid:5)(cid:12),(cid:891)(cid:885)(cid:882),(cid:884)(cid:484)(cid:886)(cid:887)(cid:885),(cid:885)(cid:484)(cid:885)(cid:890)(cid:885),(cid:887)(cid:484)(cid:884)(cid:882)(cid:882),(cid:883)(cid:484)(cid:884)(cid:885)(cid:888),(cid:885)(cid:484)(cid:885)(cid:882)(cid:891),(cid:886)(cid:484)(cid:887)(cid:886)(cid:887),(cid:883)(cid:484)(cid:887)(cid:885)(cid:889),(cid:884)(cid:890)(cid:884),(cid:887)(cid:883)(cid:883),(cid:889)(cid:891)(cid:885),(cid:883)(cid:484)(cid:885)(cid:887)(cid:886),(cid:884)(cid:484)(cid:886)(cid:886)(cid:890),(cid:888)(cid:484)(cid:884)(cid:889)(cid:885),(cid:890)(cid:484)(cid:889)(cid:884)(cid:883),(cid:890)(cid:484)(cid:882)(cid:891)(cid:883),,,,,,,,,,,,,,,,,
(cid:888),(cid:22)(cid:24)(cid:16)(cid:4)(cid:23)(cid:8)(cid:21)(cid:4)(cid:3)(cid:22)(cid:8)(cid:15)(cid:4)(cid:23)(cid:4)(cid:17),(cid:883)(cid:484)(cid:887)(cid:889)(cid:891),(cid:887)(cid:484)(cid:882)(cid:887)(cid:883),(cid:888)(cid:484)(cid:888)(cid:885)(cid:882),(cid:883)(cid:883)(cid:484)(cid:890)(cid:882)(cid:889),(cid:884)(cid:484)(cid:883)(cid:883)(cid:889),(cid:889)(cid:484)(cid:888)(cid:883)(cid:882),(cid:891)(cid:484)(cid:889)(cid:884)(cid:889),(cid:884)(cid:484)(cid:891)(cid:891)(cid:890),(cid:888)(cid:882)(cid:888),(cid:883)(cid:484)(cid:885)(cid:887)(cid:888),(cid:883)(cid:484)(cid:891)(cid:888)(cid:884),(cid:883)(cid:484)(cid:890)(cid:888)(cid:887),(cid:886)(cid:484)(cid:885)(cid:882)(cid:884),(cid:883)(cid:886)(cid:484)(cid:882)(cid:883)(cid:889),(cid:883)(cid:890)(cid:484)(cid:885)(cid:883)(cid:891),(cid:883)(cid:888)(cid:484)(cid:888)(cid:889)(cid:882),,,,,,,,,,,,,,,,,
(cid:889),(cid:5)(cid:8)(cid:17)(cid:10)(cid:14)(cid:24)(cid:15)(cid:24),(cid:888)(cid:885)(cid:891),(cid:883)(cid:484)(cid:888)(cid:890)(cid:883),(cid:884)(cid:484)(cid:885)(cid:884)(cid:882),(cid:885)(cid:484)(cid:888)(cid:888)(cid:889),(cid:890)(cid:885)(cid:882),(cid:883)(cid:484)(cid:891)(cid:887)(cid:886),(cid:884)(cid:484)(cid:889)(cid:890)(cid:886),(cid:883)(cid:484)(cid:884)(cid:882)(cid:887),(cid:883)(cid:888)(cid:883),(cid:884)(cid:890)(cid:888),(cid:886)(cid:886)(cid:889),(cid:887)(cid:882)(cid:884),(cid:883)(cid:484)(cid:888)(cid:885)(cid:882),(cid:885)(cid:484)(cid:891)(cid:884)(cid:883),(cid:887)(cid:484)(cid:887)(cid:887)(cid:883),(cid:887)(cid:484)(cid:885)(cid:889)(cid:886),,,,,,,,,,,,,,,,,
(cid:890),(cid:15)(cid:4)(cid:16)(cid:19)(cid:24)(cid:17)(cid:10),(cid:883)(cid:484)(cid:888)(cid:886)(cid:882),(cid:884)(cid:484)(cid:889)(cid:882)(cid:882),(cid:886)(cid:484)(cid:885)(cid:886)(cid:882),(cid:889)(cid:484)(cid:890)(cid:889)(cid:886),(cid:884)(cid:484)(cid:888)(cid:888)(cid:885),(cid:886)(cid:484)(cid:891)(cid:887)(cid:888),(cid:889)(cid:484)(cid:888)(cid:883)(cid:891),(cid:884)(cid:484)(cid:882)(cid:889)(cid:884),(cid:889)(cid:882)(cid:888),(cid:883)(cid:484)(cid:882)(cid:883)(cid:890),(cid:883)(cid:484)(cid:889)(cid:884)(cid:886),(cid:883)(cid:484)(cid:891)(cid:883)(cid:888),(cid:887)(cid:484)(cid:882)(cid:882)(cid:891),(cid:890)(cid:484)(cid:888)(cid:889)(cid:886),(cid:883)(cid:885)(cid:484)(cid:888)(cid:890)(cid:885),(cid:883)(cid:883)(cid:484)(cid:890)(cid:888)(cid:884),,,,,,,,,,,,,,,,,
(cid:891),(cid:14)(cid:8)(cid:19)(cid:24)(cid:15)(cid:4)(cid:24)(cid:4)(cid:17)(cid:3)(cid:5)(cid:4)(cid:17)(cid:10)(cid:14)(cid:4)(cid:3)(cid:5)(cid:8)(cid:15)(cid:12)(cid:23)(cid:24)(cid:17)(cid:10),(cid:885)(cid:883)(cid:884),(cid:889)(cid:891)(cid:885),(cid:883)(cid:484)(cid:883)(cid:882)(cid:887),(cid:891)(cid:890)(cid:890),(cid:889)(cid:882)(cid:887),(cid:883)(cid:484)(cid:889)(cid:882)(cid:882),(cid:884)(cid:484)(cid:886)(cid:882)(cid:887),(cid:887)(cid:882)(cid:890),(cid:883)(cid:891)(cid:890),(cid:885)(cid:886)(cid:890),(cid:887)(cid:886)(cid:888),(cid:885)(cid:882)(cid:886),(cid:883)(cid:484)(cid:884)(cid:883)(cid:887),(cid:884)(cid:484)(cid:890)(cid:886)(cid:883),(cid:886)(cid:484)(cid:882)(cid:887)(cid:888),(cid:883)(cid:484)(cid:890)(cid:882)(cid:882),,,,,,,,,,,,,,,,,
(cid:883)(cid:882),(cid:14)(cid:8)(cid:19)(cid:24)(cid:15)(cid:4)(cid:24)(cid:4)(cid:17)(cid:3)(cid:21)(cid:12)(cid:4)(cid:24),(cid:885)(cid:882)(cid:882),(cid:890)(cid:891)(cid:883),(cid:883)(cid:484)(cid:883)(cid:891)(cid:883),(cid:883)(cid:484)(cid:886)(cid:889)(cid:885),(cid:890)(cid:882)(cid:885),(cid:884)(cid:484)(cid:889)(cid:889)(cid:890),(cid:885)(cid:484)(cid:887)(cid:890)(cid:883),(cid:891)(cid:882)(cid:888),(cid:884)(cid:884)(cid:891),(cid:887)(cid:883)(cid:887),(cid:889)(cid:886)(cid:886),(cid:889)(cid:889)(cid:882),(cid:883)(cid:484)(cid:885)(cid:885)(cid:884),(cid:886)(cid:484)(cid:883)(cid:890)(cid:886),(cid:887)(cid:484)(cid:887)(cid:883)(cid:888),(cid:885)(cid:484)(cid:883)(cid:886)(cid:891),,,,,,,,,,,,,,,,,
(cid:883)(cid:883),(cid:7)(cid:14)(cid:12)(cid:3)(cid:13)(cid:4)(cid:14)(cid:4)(cid:21)(cid:23)(cid:4),(cid:885)(cid:891)(cid:890),(cid:889)(cid:889)(cid:885),(cid:883)(cid:484)(cid:883)(cid:889)(cid:883),(cid:883)(cid:484)(cid:882)(cid:889)(cid:887),(cid:888)(cid:484)(cid:883)(cid:889)(cid:883),(cid:884)(cid:887)(cid:484)(cid:891)(cid:887)(cid:888),(cid:885)(cid:884)(cid:484)(cid:883)(cid:884)(cid:889),(cid:885)(cid:484)(cid:888)(cid:882)(cid:890),(cid:883)(cid:484)(cid:886)(cid:890)(cid:887),(cid:886)(cid:484)(cid:883)(cid:886)(cid:882),(cid:887)(cid:484)(cid:888)(cid:884)(cid:887),(cid:884)(cid:484)(cid:890)(cid:883)(cid:884),(cid:890)(cid:484)(cid:882)(cid:887)(cid:886),(cid:885)(cid:882)(cid:484)(cid:890)(cid:888)(cid:891),(cid:885)(cid:890)(cid:484)(cid:891)(cid:884)(cid:885),(cid:889)(cid:484)(cid:886)(cid:891)(cid:887),,,,,,,,,,,,,,,,,
(cid:883)(cid:884),(cid:13)(cid:4)(cid:26)(cid:4)(cid:3)(cid:5)(cid:4)(cid:21)(cid:4)(cid:23),(cid:886)(cid:484)(cid:889)(cid:884)(cid:885),(cid:888)(cid:484)(cid:887)(cid:890)(cid:889),(cid:883)(cid:883)(cid:484)(cid:885)(cid:883)(cid:882),(cid:883)(cid:889)(cid:484)(cid:882)(cid:891)(cid:882),(cid:883)(cid:888)(cid:484)(cid:882)(cid:886)(cid:889),(cid:885)(cid:891)(cid:484)(cid:883)(cid:891)(cid:891),(cid:887)(cid:887)(cid:484)(cid:884)(cid:886)(cid:888),(cid:891)(cid:484)(cid:889)(cid:888)(cid:890),(cid:884)(cid:484)(cid:889)(cid:890)(cid:890),(cid:887)(cid:484)(cid:882)(cid:886)(cid:884),(cid:889)(cid:484)(cid:890)(cid:885)(cid:882),(cid:890)(cid:484)(cid:889)(cid:889)(cid:890),(cid:884)(cid:885)(cid:484)(cid:887)(cid:887)(cid:890),(cid:887)(cid:882)(cid:484)(cid:890)(cid:884)(cid:890),(cid:889)(cid:886)(cid:484)(cid:885)(cid:890)(cid:888),(cid:885)(cid:887)(cid:484)(cid:888)(cid:885)(cid:888),,,,,,,,,,,,,,,,,
(cid:883)(cid:885),(cid:13)(cid:4)(cid:26)(cid:4)(cid:3)(cid:23)(cid:8)(cid:17)(cid:10)(cid:4)(cid:11),(cid:885)(cid:484)(cid:888)(cid:884)(cid:884),(cid:888)(cid:484)(cid:889)(cid:887)(cid:885),(cid:883)(cid:882)(cid:484)(cid:885)(cid:889)(cid:887),(cid:883)(cid:888)(cid:484)(cid:890)(cid:888)(cid:888),(cid:883)(cid:886)(cid:484)(cid:883)(cid:890)(cid:884),(cid:885)(cid:886)(cid:484)(cid:886)(cid:888)(cid:883),(cid:886)(cid:890)(cid:484)(cid:888)(cid:886)(cid:885),(cid:890)(cid:484)(cid:889)(cid:883)(cid:883),(cid:884)(cid:484)(cid:884)(cid:885)(cid:886),(cid:887)(cid:484)(cid:891)(cid:889)(cid:884),(cid:890)(cid:484)(cid:884)(cid:882)(cid:888),(cid:889)(cid:484)(cid:884)(cid:888)(cid:887),(cid:884)(cid:882)(cid:484)(cid:882)(cid:885)(cid:890),(cid:886)(cid:889)(cid:484)(cid:883)(cid:890)(cid:888),(cid:888)(cid:889)(cid:484)(cid:884)(cid:884)(cid:886),(cid:885)(cid:884)(cid:484)(cid:890)(cid:886)(cid:884),,,,,,,,,,,,,,,,,
(cid:883)(cid:886),(cid:28)(cid:18)(cid:10)(cid:28)(cid:4)(cid:14)(cid:4)(cid:21)(cid:23)(cid:4),(cid:884)(cid:885)(cid:883),(cid:888)(cid:888)(cid:885),(cid:890)(cid:891)(cid:886),(cid:891)(cid:882)(cid:885),(cid:883)(cid:484)(cid:891)(cid:891)(cid:885),(cid:889)(cid:484)(cid:882)(cid:889)(cid:882),(cid:891)(cid:484)(cid:882)(cid:888)(cid:885),(cid:883)(cid:484)(cid:883)(cid:889)(cid:885),(cid:884)(cid:890)(cid:889),(cid:883)(cid:484)(cid:882)(cid:884)(cid:884),(cid:883)(cid:484)(cid:885)(cid:882)(cid:891),(cid:891)(cid:891)(cid:889),(cid:884)(cid:484)(cid:887)(cid:883)(cid:883),(cid:890)(cid:484)(cid:889)(cid:887)(cid:887),(cid:883)(cid:883)(cid:484)(cid:884)(cid:888)(cid:888),(cid:885)(cid:484)(cid:882)(cid:889)(cid:885),,,,,,,,,,,,,,,,,
(cid:883)(cid:887),(cid:13)(cid:4)(cid:26)(cid:4)(cid:3)(cid:23)(cid:12)(cid:16)(cid:24)(cid:21),(cid:888)(cid:484)(cid:887)(cid:887)(cid:885),(cid:891)(cid:484)(cid:887)(cid:890)(cid:891),(cid:883)(cid:888)(cid:484)(cid:883)(cid:886)(cid:884),(cid:883)(cid:889)(cid:484)(cid:889)(cid:884)(cid:886),(cid:883)(cid:888)(cid:484)(cid:882)(cid:883)(cid:889),(cid:885)(cid:885)(cid:484)(cid:883)(cid:888)(cid:885),(cid:886)(cid:891)(cid:484)(cid:883)(cid:890)(cid:882),(cid:891)(cid:484)(cid:886)(cid:888)(cid:890),(cid:885)(cid:484)(cid:887)(cid:884)(cid:891),(cid:888)(cid:484)(cid:888)(cid:883)(cid:883),(cid:883)(cid:882)(cid:484)(cid:883)(cid:886)(cid:882),(cid:890)(cid:484)(cid:885)(cid:884)(cid:884),(cid:884)(cid:888)(cid:484)(cid:882)(cid:891)(cid:891),(cid:886)(cid:891)(cid:484)(cid:885)(cid:888)(cid:885),(cid:889)(cid:887)(cid:484)(cid:886)(cid:888)(cid:884),(cid:885)(cid:887)(cid:484)(cid:887)(cid:883)(cid:886),,,,,,,,,,,,,,,,,
(cid:883)(cid:888),(cid:5)(cid:4)(cid:17)(cid:23)(cid:8)(cid:17),(cid:883)(cid:484)(cid:883)(cid:891)(cid:890),(cid:883)(cid:484)(cid:888)(cid:886)(cid:882),(cid:884)(cid:484)(cid:890)(cid:885)(cid:890),(cid:886)(cid:484)(cid:887)(cid:890)(cid:883),(cid:885)(cid:484)(cid:884)(cid:890)(cid:885),(cid:883)(cid:882)(cid:484)(cid:888)(cid:883)(cid:885),(cid:883)(cid:885)(cid:484)(cid:890)(cid:891)(cid:888),(cid:884)(cid:484)(cid:890)(cid:883)(cid:890),(cid:887)(cid:891)(cid:883),(cid:883)(cid:484)(cid:885)(cid:886)(cid:884),(cid:883)(cid:484)(cid:891)(cid:885)(cid:885),(cid:884)(cid:484)(cid:885)(cid:888)(cid:890),(cid:887)(cid:484)(cid:882)(cid:889)(cid:884),(cid:883)(cid:885)(cid:484)(cid:887)(cid:891)(cid:887),(cid:883)(cid:890)(cid:484)(cid:888)(cid:888)(cid:889),(cid:891)(cid:484)(cid:889)(cid:888)(cid:889),,,,,,,,,,,,,,,,,
(cid:883)(cid:889),(cid:5)(cid:4)(cid:15)(cid:12),(cid:887)(cid:886)(cid:890),(cid:883)(cid:484)(cid:883)(cid:891)(cid:891),(cid:883)(cid:484)(cid:889)(cid:886)(cid:889),(cid:884)(cid:484)(cid:885)(cid:888)(cid:884),(cid:884)(cid:484)(cid:889)(cid:887)(cid:882),(cid:889)(cid:484)(cid:885)(cid:886)(cid:883),(cid:883)(cid:882)(cid:484)(cid:882)(cid:891)(cid:883),(cid:884)(cid:484)(cid:886)(cid:883)(cid:888),(cid:886)(cid:888)(cid:883),(cid:883)(cid:484)(cid:883)(cid:887)(cid:889),(cid:883)(cid:484)(cid:888)(cid:883)(cid:890),(cid:883)(cid:484)(cid:886)(cid:885)(cid:884),(cid:885)(cid:484)(cid:889)(cid:887)(cid:891),(cid:891)(cid:484)(cid:888)(cid:891)(cid:889),(cid:883)(cid:885)(cid:484)(cid:886)(cid:887)(cid:888),(cid:888)(cid:484)(cid:884)(cid:883)(cid:882),,,,,,,,,,,,,,,,,
(cid:883)(cid:890),(cid:17)(cid:24)(cid:22)(cid:4)(cid:3)(cid:23)(cid:8)(cid:17)(cid:10)(cid:10)(cid:4)(cid:21)(cid:4)(cid:3)(cid:5)(cid:4)(cid:21)(cid:4)(cid:23),(cid:884)(cid:484)(cid:885)(cid:891)(cid:887),(cid:885)(cid:484)(cid:891)(cid:891)(cid:887),(cid:888)(cid:484)(cid:885)(cid:891)(cid:882),(cid:888)(cid:484)(cid:883)(cid:887)(cid:891),(cid:884)(cid:484)(cid:883)(cid:883)(cid:887),(cid:885)(cid:484)(cid:889)(cid:883)(cid:884),(cid:887)(cid:484)(cid:890)(cid:884)(cid:889),(cid:883)(cid:484)(cid:890)(cid:888)(cid:885),(cid:889)(cid:882)(cid:887),(cid:889)(cid:884)(cid:884),(cid:883)(cid:484)(cid:886)(cid:884)(cid:889),(cid:888)(cid:886)(cid:886),(cid:887)(cid:484)(cid:884)(cid:883)(cid:887),(cid:890)(cid:484)(cid:886)(cid:884)(cid:891),(cid:883)(cid:885)(cid:484)(cid:888)(cid:886)(cid:886),(cid:890)(cid:484)(cid:888)(cid:888)(cid:888),,,,,,,,,,,,,,,,,
(cid:883)(cid:891),(cid:17)(cid:24)(cid:22)(cid:4)(cid:3)(cid:23)(cid:8)(cid:17)(cid:10)(cid:10)(cid:4)(cid:21)(cid:4)(cid:3)(cid:23)(cid:12)(cid:16)(cid:24)(cid:21),(cid:884)(cid:484)(cid:890)(cid:887)(cid:886),(cid:888)(cid:484)(cid:887)(cid:884)(cid:891),(cid:891)(cid:484)(cid:885)(cid:890)(cid:885),(cid:883)(cid:882)(cid:484)(cid:882)(cid:887)(cid:890),(cid:883)(cid:484)(cid:887)(cid:884)(cid:888),(cid:886)(cid:484)(cid:888)(cid:885)(cid:883),(cid:888)(cid:484)(cid:883)(cid:887)(cid:889),(cid:884)(cid:484)(cid:883)(cid:889)(cid:889),(cid:885)(cid:887)(cid:882),(cid:890)(cid:888)(cid:890),(cid:883)(cid:484)(cid:884)(cid:883)(cid:890),(cid:883)(cid:484)(cid:883)(cid:887)(cid:886),(cid:886)(cid:484)(cid:889)(cid:885)(cid:882),(cid:883)(cid:884)(cid:484)(cid:882)(cid:884)(cid:890),(cid:883)(cid:888)(cid:484)(cid:889)(cid:887)(cid:890),(cid:883)(cid:885)(cid:484)(cid:885)(cid:890)(cid:891),,,,,,,,,,,,,,,,,
(cid:884)(cid:882),(cid:14)(cid:4)(cid:15)(cid:12)(cid:16)(cid:4)(cid:17)(cid:23)(cid:4)(cid:17)(cid:3)(cid:5)(cid:4)(cid:21)(cid:4)(cid:23),(cid:884)(cid:484)(cid:882)(cid:887)(cid:891),(cid:884)(cid:484)(cid:887)(cid:884)(cid:889),(cid:886)(cid:484)(cid:887)(cid:890)(cid:888),(cid:886)(cid:484)(cid:887)(cid:886)(cid:891),(cid:884)(cid:484)(cid:882)(cid:884)(cid:891),(cid:886)(cid:484)(cid:882)(cid:883)(cid:885),(cid:888)(cid:484)(cid:882)(cid:886)(cid:884),(cid:883)(cid:484)(cid:886)(cid:885)(cid:882),(cid:890)(cid:885)(cid:883),(cid:890)(cid:887)(cid:883),(cid:883)(cid:484)(cid:888)(cid:890)(cid:884),(cid:883)(cid:484)(cid:885)(cid:885)(cid:890),(cid:886)(cid:484)(cid:891)(cid:883)(cid:891),(cid:889)(cid:484)(cid:885)(cid:891)(cid:883),(cid:883)(cid:884)(cid:484)(cid:885)(cid:883)(cid:882),(cid:889)(cid:484)(cid:885)(cid:883)(cid:889),,,,,,,,,,,,,,,,,
(cid:884)(cid:883),(cid:14)(cid:4)(cid:15)(cid:12)(cid:16)(cid:4)(cid:17)(cid:23)(cid:4)(cid:17)(cid:3)(cid:23)(cid:8)(cid:17)(cid:10)(cid:4)(cid:11),(cid:883)(cid:484)(cid:886)(cid:882)(cid:887),(cid:884)(cid:484)(cid:882)(cid:888)(cid:889),(cid:885)(cid:484)(cid:886)(cid:889)(cid:884),(cid:885)(cid:484)(cid:883)(cid:891)(cid:885),(cid:883)(cid:484)(cid:884)(cid:883)(cid:883),(cid:884)(cid:484)(cid:885)(cid:890)(cid:885),(cid:885)(cid:484)(cid:887)(cid:891)(cid:886),(cid:883)(cid:484)(cid:882)(cid:886)(cid:887),(cid:889)(cid:884)(cid:883),(cid:890)(cid:887)(cid:883),(cid:883)(cid:484)(cid:887)(cid:889)(cid:884),(cid:883)(cid:484)(cid:884)(cid:887)(cid:889),(cid:885)(cid:484)(cid:885)(cid:885)(cid:889),(cid:887)(cid:484)(cid:885)(cid:882)(cid:883),(cid:890)(cid:484)(cid:888)(cid:885)(cid:890),(cid:887)(cid:484)(cid:886)(cid:891)(cid:887),,,,,,,,,,,,,,,,,
(cid:884)(cid:884),(cid:14)(cid:4)(cid:15)(cid:12)(cid:16)(cid:4)(cid:17)(cid:23)(cid:4)(cid:17)(cid:3)(cid:22)(cid:8)(cid:15)(cid:4)(cid:23)(cid:4)(cid:17),(cid:883)(cid:484)(cid:882)(cid:891)(cid:888),(cid:883)(cid:484)(cid:889)(cid:888)(cid:885),(cid:884)(cid:484)(cid:890)(cid:887)(cid:891),(cid:885)(cid:484)(cid:891)(cid:884)(cid:888),(cid:884)(cid:484)(cid:887)(cid:887)(cid:889),(cid:886)(cid:484)(cid:882)(cid:883)(cid:890),(cid:888)(cid:484)(cid:887)(cid:889)(cid:887),(cid:883)(cid:484)(cid:888)(cid:889)(cid:887),(cid:887)(cid:882)(cid:887),(cid:887)(cid:889)(cid:889),(cid:883)(cid:484)(cid:882)(cid:890)(cid:884),(cid:887)(cid:887)(cid:884),(cid:886)(cid:484)(cid:883)(cid:887)(cid:890),(cid:888)(cid:484)(cid:885)(cid:887)(cid:890),(cid:883)(cid:882)(cid:484)(cid:887)(cid:883)(cid:888),(cid:888)(cid:484)(cid:883)(cid:887)(cid:885),,,,,,,,,,,,,,,,,
(cid:884)(cid:885),(cid:14)(cid:4)(cid:15)(cid:12)(cid:16)(cid:4)(cid:17)(cid:23)(cid:4)(cid:17)(cid:3)(cid:23)(cid:12)(cid:16)(cid:24)(cid:21),(cid:890)(cid:883)(cid:888),(cid:883)(cid:484)(cid:890)(cid:882)(cid:887),(cid:884)(cid:484)(cid:888)(cid:884)(cid:883),(cid:884)(cid:484)(cid:888)(cid:882)(cid:889),(cid:884)(cid:484)(cid:882)(cid:882)(cid:887),(cid:887)(cid:484)(cid:887)(cid:885)(cid:885),(cid:889)(cid:484)(cid:887)(cid:885)(cid:890),(cid:883)(cid:484)(cid:888)(cid:883)(cid:887),(cid:888)(cid:890)(cid:891),(cid:883)(cid:484)(cid:883)(cid:883)(cid:890),(cid:883)(cid:484)(cid:890)(cid:882)(cid:889),(cid:883)(cid:484)(cid:886)(cid:888)(cid:882),(cid:885)(cid:484)(cid:887)(cid:883)(cid:882),(cid:890)(cid:484)(cid:886)(cid:887)(cid:888),(cid:883)(cid:883)(cid:484)(cid:891)(cid:888)(cid:888),(cid:887)(cid:484)(cid:888)(cid:890)(cid:884),,,,,,,,,,,,,,,,,
(cid:884)(cid:886),(cid:14)(cid:4)(cid:15)(cid:12)(cid:16)(cid:4)(cid:17)(cid:23)(cid:4)(cid:17)(cid:3)(cid:24)(cid:23)(cid:4)(cid:21)(cid:4),(cid:884)(cid:888)(cid:887),(cid:888)(cid:882)(cid:887),(cid:890)(cid:889)(cid:882),(cid:888)(cid:891)(cid:882),(cid:886)(cid:891)(cid:882),(cid:883)(cid:484)(cid:883)(cid:884)(cid:885),(cid:883)(cid:484)(cid:888)(cid:883)(cid:885),(cid:886)(cid:888)(cid:891),(cid:883)(cid:883)(cid:886),(cid:883)(cid:889)(cid:884),(cid:884)(cid:890)(cid:888),(cid:884)(cid:886)(cid:882),(cid:890)(cid:888)(cid:891),(cid:883)(cid:484)(cid:891)(cid:882)(cid:882),(cid:884)(cid:484)(cid:889)(cid:888)(cid:891),(cid:883)(cid:484)(cid:885)(cid:891)(cid:891),,,,,,,,,,,,,,,,,
(cid:884)(cid:887),(cid:22)(cid:24)(cid:15)(cid:4)(cid:26)(cid:8)(cid:22)(cid:12)(cid:3)(cid:24)(cid:23)(cid:4)(cid:21)(cid:4),(cid:886)(cid:890)(cid:887),(cid:884)(cid:484)(cid:886)(cid:887)(cid:888),(cid:884)(cid:484)(cid:891)(cid:886)(cid:883),(cid:884)(cid:484)(cid:882)(cid:884)(cid:889),(cid:883)(cid:484)(cid:887)(cid:889)(cid:888),(cid:887)(cid:484)(cid:887)(cid:889)(cid:891),(cid:889)(cid:484)(cid:883)(cid:887)(cid:887),(cid:883)(cid:484)(cid:883)(cid:889)(cid:888),(cid:883)(cid:887)(cid:887),(cid:886)(cid:889)(cid:882),(cid:888)(cid:884)(cid:887),(cid:884)(cid:885)(cid:884),(cid:884)(cid:484)(cid:884)(cid:883)(cid:888),(cid:890)(cid:484)(cid:887)(cid:882)(cid:887),(cid:883)(cid:882)(cid:484)(cid:889)(cid:884)(cid:883),(cid:885)(cid:484)(cid:886)(cid:885)(cid:887),,,,,,,,,,,,,,,,,
(cid:884)(cid:888),(cid:22)(cid:24)(cid:15)(cid:4)(cid:26)(cid:8)(cid:22)(cid:12)(cid:3)(cid:23)(cid:8)(cid:17)(cid:10)(cid:4)(cid:11),(cid:883)(cid:484)(cid:883)(cid:887)(cid:891),(cid:884)(cid:484)(cid:890)(cid:886)(cid:885),(cid:886)(cid:484)(cid:882)(cid:882)(cid:884),(cid:886)(cid:484)(cid:891)(cid:890)(cid:888),(cid:883)(cid:484)(cid:885)(cid:889)(cid:883),(cid:885)(cid:484)(cid:888)(cid:891)(cid:890),(cid:887)(cid:484)(cid:882)(cid:888)(cid:891),(cid:883)(cid:484)(cid:890)(cid:888)(cid:890),(cid:885)(cid:883)(cid:889),(cid:887)(cid:888)(cid:882),(cid:890)(cid:889)(cid:889),(cid:887)(cid:891)(cid:886),(cid:884)(cid:484)(cid:890)(cid:886)(cid:889),(cid:889)(cid:484)(cid:883)(cid:882)(cid:883),(cid:891)(cid:484)(cid:891)(cid:886)(cid:890),(cid:889)(cid:484)(cid:886)(cid:886)(cid:890),,,,,,,,,,,,,,,,,
(cid:884)(cid:889),(cid:22)(cid:24)(cid:15)(cid:4)(cid:26)(cid:8)(cid:22)(cid:12)(cid:3)(cid:22)(cid:8)(cid:15)(cid:4)(cid:23)(cid:4)(cid:17),(cid:883)(cid:484)(cid:891)(cid:882)(cid:891),(cid:890)(cid:484)(cid:889)(cid:884)(cid:889),(cid:883)(cid:882)(cid:484)(cid:888)(cid:885)(cid:888),(cid:883)(cid:886)(cid:484)(cid:889)(cid:887)(cid:889),(cid:885)(cid:484)(cid:883)(cid:887)(cid:886),(cid:883)(cid:884)(cid:484)(cid:888)(cid:884)(cid:886),(cid:883)(cid:887)(cid:484)(cid:889)(cid:889)(cid:890),(cid:886)(cid:484)(cid:890)(cid:891)(cid:890),(cid:889)(cid:885)(cid:890),(cid:883)(cid:484)(cid:891)(cid:890)(cid:888),(cid:884)(cid:484)(cid:889)(cid:884)(cid:886),(cid:884)(cid:484)(cid:888)(cid:882)(cid:889),(cid:887)(cid:484)(cid:890)(cid:882)(cid:883),(cid:884)(cid:885)(cid:484)(cid:885)(cid:885)(cid:889),(cid:884)(cid:891)(cid:484)(cid:883)(cid:885)(cid:890),(cid:884)(cid:884)(cid:484)(cid:884)(cid:888)(cid:884),,,,,,,,,,,,,,,,,
(cid:884)(cid:890),(cid:22)(cid:24)(cid:15)(cid:4)(cid:26)(cid:8)(cid:22)(cid:12)(cid:3)(cid:23)(cid:8)(cid:17)(cid:10)(cid:10)(cid:4)(cid:21)(cid:4),(cid:883)(cid:484)(cid:886)(cid:888)(cid:885),(cid:886)(cid:484)(cid:891)(cid:889)(cid:882),(cid:888)(cid:484)(cid:886)(cid:885)(cid:885),(cid:889)(cid:484)(cid:885)(cid:887)(cid:885),(cid:883)(cid:484)(cid:882)(cid:882)(cid:890),(cid:884)(cid:484)(cid:890)(cid:890)(cid:886),(cid:885)(cid:484)(cid:890)(cid:891)(cid:884),(cid:883)(cid:484)(cid:886)(cid:884)(cid:884),(cid:884)(cid:884)(cid:890),(cid:886)(cid:885)(cid:887),(cid:888)(cid:888)(cid:885),(cid:886)(cid:882)(cid:891),(cid:884)(cid:484)(cid:888)(cid:891)(cid:891),(cid:890)(cid:484)(cid:884)(cid:890)(cid:891),(cid:883)(cid:882)(cid:484)(cid:891)(cid:890)(cid:890),(cid:891)(cid:484)(cid:883)(cid:890)(cid:886),,,,,,,,,,,,,,,,,
(cid:884)(cid:891),(cid:10)(cid:18)(cid:21)(cid:18)(cid:17)(cid:23)(cid:4)(cid:15)(cid:18),(cid:885)(cid:885)(cid:882),(cid:891)(cid:888)(cid:889),(cid:883)(cid:484)(cid:884)(cid:891)(cid:889),(cid:883)(cid:484)(cid:887)(cid:882)(cid:891),(cid:888)(cid:889)(cid:888),(cid:883)(cid:484)(cid:888)(cid:887)(cid:888),(cid:884)(cid:484)(cid:885)(cid:885)(cid:884),(cid:889)(cid:891)(cid:890),(cid:883)(cid:883)(cid:889),(cid:883)(cid:889)(cid:888),(cid:884)(cid:891)(cid:885),(cid:883)(cid:884)(cid:889),(cid:883)(cid:484)(cid:883)(cid:884)(cid:885),(cid:884)(cid:484)(cid:889)(cid:891)(cid:891),(cid:885)(cid:484)(cid:891)(cid:884)(cid:884),(cid:884)(cid:484)(cid:886)(cid:885)(cid:886),,,,,,,,,,,,,,,,,
(cid:885)(cid:882),(cid:22)(cid:24)(cid:15)(cid:4)(cid:26)(cid:8)(cid:22)(cid:12)(cid:3)(cid:5)(cid:4)(cid:21)(cid:4)(cid:23),(cid:887)(cid:886)(cid:884),(cid:883)(cid:484)(cid:888)(cid:888)(cid:888),(cid:884)(cid:484)(cid:884)(cid:882)(cid:890),(cid:884)(cid:484)(cid:891)(cid:887)(cid:884),(cid:886)(cid:884)(cid:887),(cid:883)(cid:484)(cid:883)(cid:889)(cid:888),(cid:883)(cid:484)(cid:888)(cid:882)(cid:883),(cid:889)(cid:887)(cid:883),(cid:891)(cid:882),(cid:883)(cid:889)(cid:888),(cid:884)(cid:888)(cid:888),(cid:886)(cid:882)(cid:882),(cid:883)(cid:484)(cid:882)(cid:887)(cid:889),(cid:885)(cid:484)(cid:882)(cid:883)(cid:890),(cid:886)(cid:484)(cid:882)(cid:889)(cid:887),(cid:886)(cid:484)(cid:883)(cid:882)(cid:885),,,,,,,,,,,,,,,,,
(cid:885)(cid:883),(cid:16)(cid:4)(cid:15)(cid:24)(cid:14)(cid:24),(cid:883)(cid:484)(cid:882)(cid:882)(cid:883),(cid:885)(cid:484)(cid:882)(cid:886)(cid:889),(cid:886)(cid:484)(cid:882)(cid:886)(cid:890),(cid:884)(cid:484)(cid:888)(cid:886)(cid:889),(cid:888)(cid:889)(cid:885),(cid:884)(cid:484)(cid:888)(cid:884)(cid:885),(cid:885)(cid:484)(cid:884)(cid:891)(cid:888),(cid:891)(cid:884)(cid:889),(cid:883)(cid:888)(cid:885),(cid:886)(cid:882)(cid:883),(cid:887)(cid:888)(cid:886),(cid:884)(cid:887)(cid:890),(cid:883)(cid:484)(cid:890)(cid:885)(cid:889),(cid:888)(cid:484)(cid:882)(cid:889)(cid:883),(cid:889)(cid:484)(cid:891)(cid:882)(cid:890),(cid:885)(cid:484)(cid:890)(cid:885)(cid:884),,,,,,,,,,,,,,,,,
(cid:885)(cid:884),(cid:16)(cid:4)(cid:15)(cid:24)(cid:14)(cid:24)(cid:3)(cid:24)(cid:23)(cid:4)(cid:21)(cid:4),(cid:887)(cid:888)(cid:890),(cid:883)(cid:484)(cid:888)(cid:882)(cid:890),(cid:884)(cid:484)(cid:883)(cid:889)(cid:888),(cid:885)(cid:484)(cid:884)(cid:887)(cid:883),(cid:886)(cid:887)(cid:889),(cid:883)(cid:484)(cid:886)(cid:885)(cid:883),(cid:883)(cid:484)(cid:890)(cid:890)(cid:890),(cid:890)(cid:886)(cid:886),(cid:884)(cid:889)(cid:884),(cid:884)(cid:886)(cid:882),(cid:887)(cid:883)(cid:884),(cid:884)(cid:883)(cid:884),(cid:883)(cid:484)(cid:884)(cid:891)(cid:889),(cid:885)(cid:484)(cid:884)(cid:889)(cid:891),(cid:886)(cid:484)(cid:887)(cid:889)(cid:888),(cid:886)(cid:484)(cid:885)(cid:882)(cid:889),,,,,,,,,,,,,,,,,
(cid:885)(cid:885),(cid:19)(cid:4)(cid:19)(cid:24)(cid:4),(cid:888)(cid:891)(cid:888),(cid:883)(cid:484)(cid:884)(cid:884)(cid:882),(cid:883)(cid:484)(cid:891)(cid:883)(cid:888),(cid:883)(cid:484)(cid:883)(cid:885)(cid:891),(cid:888)(cid:885)(cid:887),(cid:883)(cid:484)(cid:890)(cid:884)(cid:883),(cid:884)(cid:484)(cid:886)(cid:887)(cid:888),(cid:887)(cid:885)(cid:885),(cid:883)(cid:887)(cid:889),(cid:883)(cid:890)(cid:884),(cid:885)(cid:885)(cid:891),(cid:883)(cid:882)(cid:888),(cid:883)(cid:484)(cid:886)(cid:890)(cid:890),(cid:885)(cid:484)(cid:884)(cid:884)(cid:885),(cid:886)(cid:484)(cid:889)(cid:883)(cid:883),(cid:883)(cid:484)(cid:889)(cid:889)(cid:890),,,,,,,,,,,,,,,,,
(cid:885)(cid:886),(cid:19)(cid:4)(cid:19)(cid:24)(cid:4)(cid:3)(cid:5)(cid:4)(cid:21)(cid:4)(cid:23),(cid:887)(cid:886)(cid:891),(cid:890)(cid:889)(cid:890),(cid:883)(cid:484)(cid:886)(cid:884)(cid:889),(cid:883)(cid:484)(cid:882)(cid:882)(cid:883),(cid:885)(cid:888)(cid:882),(cid:889)(cid:891)(cid:891),(cid:883)(cid:484)(cid:883)(cid:887)(cid:891),(cid:886)(cid:883)(cid:882),(cid:883)(cid:882)(cid:883),(cid:890)(cid:888),(cid:883)(cid:890)(cid:889),(cid:883)(cid:885)(cid:884),(cid:883)(cid:484)(cid:882)(cid:883)(cid:882),(cid:883)(cid:484)(cid:889)(cid:888)(cid:885),(cid:884)(cid:484)(cid:889)(cid:889)(cid:885),(cid:883)(cid:484)(cid:887)(cid:886)(cid:885),,,,,,,,,,,,,,,,,
(cid:885)(cid:887),(cid:19)(cid:4)(cid:19)(cid:24)(cid:4)(cid:3)(cid:22)(cid:8)(cid:15)(cid:4)(cid:23)(cid:4)(cid:17),(cid:885)(cid:884)(cid:885),(cid:887)(cid:885)(cid:886),(cid:890)(cid:887)(cid:889),(cid:888)(cid:891)(cid:886),(cid:883)(cid:887)(cid:885),(cid:887)(cid:888)(cid:889),(cid:889)(cid:884)(cid:882),(cid:884)(cid:889)(cid:890),(cid:889)(cid:890),(cid:890)(cid:883),(cid:883)(cid:887)(cid:891),(cid:890)(cid:884),(cid:887)(cid:887)(cid:886),(cid:883)(cid:484)(cid:883)(cid:890)(cid:884),(cid:883)(cid:484)(cid:889)(cid:885)(cid:888),(cid:883)(cid:484)(cid:882)(cid:887)(cid:886),,,,,,,,,,,,,,,,,
(cid:885)(cid:888),(cid:19)(cid:4)(cid:19)(cid:24)(cid:4)(cid:3)(cid:23)(cid:8)(cid:17)(cid:10)(cid:4)(cid:11),(cid:887)(cid:886)(cid:886),(cid:883)(cid:484)(cid:882)(cid:889)(cid:888),(cid:883)(cid:484)(cid:888)(cid:884)(cid:882),(cid:890)(cid:886)(cid:889),(cid:885)(cid:884)(cid:884),(cid:889)(cid:886)(cid:882),(cid:883)(cid:484)(cid:882)(cid:888)(cid:884),(cid:884)(cid:890)(cid:884),(cid:891)(cid:890),(cid:883)(cid:885)(cid:889),(cid:884)(cid:885)(cid:887),(cid:883)(cid:885)(cid:885),(cid:891)(cid:888)(cid:886),(cid:883)(cid:484)(cid:891)(cid:887)(cid:885),(cid:884)(cid:484)(cid:891)(cid:883)(cid:889),(cid:883)(cid:484)(cid:884)(cid:888)(cid:884),,,,,,,,,,,,,,,,,
(cid:885)(cid:889) (cid:19)(cid:4)(cid:19)(cid:24)(cid:4)(cid:3)(cid:19)(cid:8)(cid:10)(cid:24)(cid:17)(cid:24)(cid:17)(cid:10)(cid:4)(cid:17) Indonesia (cid:885)(cid:890) (cid:19)(cid:4)(cid:19)(cid:24)(cid:4)(cid:3)(cid:5)(cid:4)(cid:21)(cid:4)(cid:23)(cid:3)(cid:7)(cid:4)(cid:28)(cid:4),,(cid:886)(cid:890)(cid:885) 50.385 (cid:885)(cid:886)(cid:882),(cid:887)(cid:884)(cid:886) 109.966 (cid:883)(cid:484)(cid:882)(cid:883)(cid:883),(cid:883)(cid:484)(cid:882)(cid:882)(cid:889) 160.351 (cid:883)(cid:484)(cid:885)(cid:887)(cid:883),(cid:887)(cid:882)(cid:887) 214.692 (cid:891)(cid:889)(cid:891),(cid:883)(cid:885)(cid:888) 102.667 (cid:884)(cid:884)(cid:882),(cid:885)(cid:883)(cid:883) 273.902 (cid:888)(cid:887)(cid:882),(cid:886)(cid:886)(cid:889) 376.569 (cid:890)(cid:889)(cid:882),(cid:883)(cid:886)(cid:884) 87.183 (cid:884)(cid:890)(cid:882),(cid:888)(cid:886) 22.061 (cid:890)(cid:889),(cid:889)(cid:884) 44.065 (cid:883)(cid:883)(cid:882),(cid:883)(cid:885)(cid:888) 66.126 (cid:883)(cid:891)(cid:889),(cid:886)(cid:886) 60.337 (cid:883)(cid:883)(cid:882),(cid:888)(cid:890)(cid:885) 175.113 (cid:888)(cid:886)(cid:889),(cid:891)(cid:882)(cid:889) 427.933 (cid:883)(cid:484)(cid:889)(cid:889)(cid:883),(cid:883)(cid:484)(cid:887)(cid:891)(cid:882) 603.046 (cid:884)(cid:484)(cid:886)(cid:883)(cid:890),(cid:888)(cid:891)(cid:883) 362.212 (cid:883)(cid:484)(cid:885)(cid:888)(cid:891),,,,,,,,,,,,,,,,,
No,Provinsi,natawarepeK aganeT,nanadibeK aganeT,Tenaga Kesehatan Masyarakat,,,,Tenaga Kesehatan Lingkungan,,iziG aganeT,Tenaga Keterapian Fisik,,,,Tenaga Keteknisian Medik,,,,,,,,Tenaga Teknik Biomedika,,,,,Tenaga Kesehatan Tradisional,,,sinilK igolokisP aganeT,Tenaga Kefarmasian,,latoT
,,,,takaraysaM nataheseK,nad nataheseK ukalireP isomorP umkI aganeT,nataheseK goloimedipE,ajreK nataheseK gnibmibmeP,nataheseK golomotnE,nagnukniL isatinaS aganeT,,siparetoisiF,lanoisapukO sipareT,araciW sipareT,sipareT rutknupukA,isamrofnI nad nataheseK sideM makereP,raluksavoidraK iskinkeT,haraD nanayaleP isinkeT,sirtemotpO,igiG isinkeT,isetsenA ataneP,tuluM nad igiG sipareT,sigoloiduA,refargoidaR,sidemortkelE,muirotarobaL kideM igolonkeT aganeT,kkideM nawakisiF,kitetsorP kitotrO,tabogneP lanoisidarT nataheseK aganeT,umaJ naumaR umaJ nataheseK naumaR aganeT,lanoisidarT latnenitnokretnI nataheseK aganeT,,isamraF isakoV aganeT,reketopA,
(1),(2),(3),(4),(5),(6),(7),(8),(9),(10),(11),(12),(13),(14),(15),(16),(17),(18),(19),(20),(21),(22),(23),(24),(25),(26),(27),(28),(29),(30),(31),(32),(33),(34),(35)
,,,,,,,,,,,,,,,,,,,,,1246,0,444,196,,,,,0,0,29,1.777,552,49.268
,,,,,,,,,,,,,,,,,,,,,822,0,780,305,,,,,0,3,41,2.433,1.350,60.022
(cid:883),(cid:4)(cid:133)(cid:135)(cid:138),(cid:884)(cid:882)(cid:484)(cid:888)(cid:882)(cid:886),(cid:883)(cid:891)(cid:484)(cid:887)(cid:888)(cid:883),,(cid:882),(cid:882),,(cid:886),(cid:883)(cid:484)(cid:884)(cid:882)(cid:884),(cid:883)(cid:484)(cid:883)(cid:884)(cid:885),(cid:885)(cid:890)(cid:888),(cid:886),(cid:884),(cid:882),(cid:886)(cid:890)(cid:886),(cid:882),(cid:883)(cid:888),(cid:883)(cid:887)(cid:891),(cid:889),(cid:891)(cid:886),543,0,345,211,(cid:883)(cid:484)(cid:885)(cid:889)(cid:887),(cid:883),(cid:884),(cid:882),0,0,37,1.767,629,30.188
(cid:884),(cid:22)(cid:151)(cid:143)(cid:131)(cid:150)(cid:135)(cid:148)(cid:131)(cid:3)(cid:24)(cid:150)(cid:131)(cid:148)(cid:131),(cid:884)(cid:884)(cid:484)(cid:887)(cid:888)(cid:885),(cid:884)(cid:887)(cid:484)(cid:891)(cid:884)(cid:890),,(cid:882),(cid:882),,(cid:883),(cid:887)(cid:886)(cid:887),(cid:883)(cid:484)(cid:883)(cid:884)(cid:890),(cid:886)(cid:890)(cid:889),(cid:883)(cid:882),(cid:884)(cid:885),(cid:887),(cid:890)(cid:886)(cid:882),(cid:883),(cid:883)(cid:886),(cid:885)(cid:887)(cid:886),(cid:887),(cid:883)(cid:886)(cid:886),276,2,316,74,(cid:884)(cid:484)(cid:884)(cid:884)(cid:885),(cid:883)(cid:884),(cid:887),(cid:882),0,2,43,1.428,706,24.592
(cid:885),(cid:22)(cid:151)(cid:143)(cid:131)(cid:150)(cid:135)(cid:148)(cid:131)(cid:3)(cid:5)(cid:131)(cid:148)(cid:131)(cid:150),(cid:883)(cid:883)(cid:484)(cid:891)(cid:889)(cid:886),(cid:891)(cid:484)(cid:890)(cid:886)(cid:886),,(cid:882),(cid:882),,(cid:884),(cid:888)(cid:886)(cid:883),(cid:890)(cid:888)(cid:888),(cid:885)(cid:889)(cid:887),(cid:884)(cid:885),(cid:888)(cid:889),(cid:885),(cid:883)(cid:484)(cid:884)(cid:884)(cid:890),(cid:884),(cid:885)(cid:886),(cid:884)(cid:886)(cid:890),(cid:891),(cid:883)(cid:888)(cid:884),505,0,147,33,(cid:883)(cid:484)(cid:883)(cid:888)(cid:890),(cid:887),(cid:887),(cid:882),0,0,20,919,446,18.439
(cid:886),(cid:21)(cid:139)(cid:131)(cid:151),(cid:890)(cid:484)(cid:891)(cid:882)(cid:883),(cid:891)(cid:484)(cid:889)(cid:891)(cid:882),,(cid:883),(cid:882),,(cid:883),(cid:883)(cid:883)(cid:883),(cid:887)(cid:882)(cid:884),(cid:885)(cid:887)(cid:890),(cid:883)(cid:888),(cid:883)(cid:891),(cid:882),(cid:888)(cid:889)(cid:886),(cid:882),(cid:883)(cid:886),(cid:883)(cid:883)(cid:883),(cid:884)(cid:888),(cid:891)(cid:888),703,1,463,73,(cid:883)(cid:484)(cid:883)(cid:883)(cid:885),(cid:886),(cid:890),(cid:882),0,0,37,1.931,745,41.071
(cid:887),(cid:13)(cid:131)(cid:143)(cid:132)(cid:139),(cid:889)(cid:484)(cid:887)(cid:883)(cid:882),(cid:888)(cid:484)(cid:889)(cid:888)(cid:888),,(cid:882),(cid:882),,(cid:882),(cid:885)(cid:890)(cid:885),(cid:884)(cid:884)(cid:886),(cid:884)(cid:884)(cid:888),(cid:886),(cid:885),(cid:887),(cid:883)(cid:891)(cid:886),(cid:883),(cid:888),(cid:887)(cid:886),(cid:886),(cid:888)(cid:882),72,0,151,42,(cid:891)(cid:884)(cid:888),(cid:882),(cid:885),(cid:882),0,0,13,857,318,13.972
(cid:888),(cid:22)(cid:151)(cid:143)(cid:131)(cid:150)(cid:135)(cid:148)(cid:131)(cid:3)(cid:22)(cid:135)(cid:142)(cid:131)(cid:150)(cid:131)(cid:144),(cid:883)(cid:888)(cid:484)(cid:887)(cid:887)(cid:883),(cid:883)(cid:887)(cid:484)(cid:886)(cid:888)(cid:885),,(cid:884),(cid:882),,(cid:884),(cid:889)(cid:890)(cid:883),(cid:891)(cid:890)(cid:888),(cid:885)(cid:890)(cid:884),(cid:883)(cid:888),(cid:883)(cid:891),(cid:891),(cid:888)(cid:882)(cid:889),(cid:882),(cid:887)(cid:886),(cid:883)(cid:887)(cid:885),(cid:883)(cid:885),(cid:883)(cid:890)(cid:887),505,1,425,82,(cid:883)(cid:484)(cid:890)(cid:890)(cid:887),(cid:885),(cid:889),(cid:882),0,0,24,861,625,27.110
(cid:889),(cid:5)(cid:135)(cid:144)(cid:137)(cid:141)(cid:151)(cid:142)(cid:151),(cid:887)(cid:484)(cid:884)(cid:885)(cid:886),(cid:887)(cid:484)(cid:882)(cid:889)(cid:890),,(cid:887),(cid:883),,(cid:888),(cid:885)(cid:885)(cid:885),(cid:888)(cid:884)(cid:883),(cid:887)(cid:884),(cid:887),(cid:886),(cid:888),(cid:883)(cid:887)(cid:891),(cid:883),(cid:886),(cid:884)(cid:890),(cid:885),(cid:888)(cid:890),106,0,104,21,(cid:891)(cid:883)(cid:882),(cid:882),(cid:883),(cid:882),0,0,16,235,123,6.453
(cid:890),(cid:15)(cid:131)(cid:143)(cid:146)(cid:151)(cid:144)(cid:137),(cid:883)(cid:882)(cid:484)(cid:891)(cid:889)(cid:890),(cid:883)(cid:882)(cid:484)(cid:883)(cid:885)(cid:888),,(cid:882),(cid:882),,(cid:886),(cid:888)(cid:888)(cid:885),(cid:886)(cid:891)(cid:887),(cid:884)(cid:883)(cid:882),(cid:885)(cid:882),(cid:885)(cid:884),(cid:883)(cid:889),(cid:884)(cid:886)(cid:888),(cid:884),(cid:883)(cid:888),(cid:890)(cid:887),(cid:890)(cid:882),(cid:883)(cid:887)(cid:885),86,0,102,22,(cid:883)(cid:484)(cid:886)(cid:885)(cid:883),(cid:885),(cid:888),(cid:882),0,6,9,376,202,8.754
(cid:891),(cid:14)(cid:135)(cid:146)(cid:484)(cid:3)(cid:5)(cid:131)(cid:144)(cid:137)(cid:141)(cid:131)(cid:3)(cid:5)(cid:135)(cid:142)(cid:139)(cid:150)(cid:151)(cid:144)(cid:137),(cid:885)(cid:484)(cid:883)(cid:889)(cid:891),(cid:883)(cid:484)(cid:888)(cid:890)(cid:890),,(cid:882),(cid:882),,(cid:882),(cid:891)(cid:882),(cid:884)(cid:889)(cid:884),(cid:888)(cid:886),(cid:882),(cid:883)(cid:884),(cid:883),(cid:883)(cid:883)(cid:883),(cid:886),(cid:883)(cid:888),(cid:884)(cid:891),(cid:888),(cid:886)(cid:886),1190,31,1.021,668,(cid:885)(cid:885)(cid:882),(cid:883),(cid:883),(cid:882),0,34,255,2.502,5.738,61.603
(cid:883)(cid:882),(cid:14)(cid:135)(cid:146)(cid:151)(cid:142)(cid:131)(cid:151)(cid:131)(cid:144)(cid:3)(cid:21)(cid:139)(cid:131)(cid:151),(cid:885)(cid:484)(cid:891)(cid:885)(cid:888),(cid:884)(cid:484)(cid:890)(cid:887)(cid:890),,(cid:882),(cid:882),,(cid:883)(cid:882),(cid:885)(cid:887)(cid:884),(cid:883)(cid:882)(cid:888),(cid:888)(cid:884),(cid:883)(cid:884),(cid:885),(cid:886),(cid:883)(cid:885)(cid:885),(cid:882),(cid:883)(cid:891),(cid:886)(cid:890),(cid:884),(cid:884)(cid:891),1564,4,1.724,398,(cid:885)(cid:889)(cid:887),(cid:882),(cid:884),(cid:882),4,15,254,7.729,3.496,120.618
(cid:883)(cid:883),(cid:7)(cid:14)(cid:12)(cid:3)(cid:13)(cid:131)(cid:141)(cid:131)(cid:148)(cid:150)(cid:131),(cid:885)(cid:882)(cid:484)(cid:884)(cid:888)(cid:890),(cid:883)(cid:882)(cid:484)(cid:886)(cid:884)(cid:882),,(cid:885),(cid:883),,(cid:883),(cid:883)(cid:484)(cid:884)(cid:885)(cid:890),(cid:883)(cid:484)(cid:884)(cid:888)(cid:885),(cid:883)(cid:484)(cid:882)(cid:882)(cid:884),(cid:883)(cid:887)(cid:889),(cid:884)(cid:882)(cid:885),(cid:889)(cid:888),(cid:883)(cid:484)(cid:883)(cid:886)(cid:888),(cid:887)(cid:890),(cid:883)(cid:888)(cid:882),(cid:888)(cid:883)(cid:888),(cid:883)(cid:884)(cid:883),(cid:883)(cid:884)(cid:887),1316,2,2.035,817,(cid:885)(cid:484)(cid:884)(cid:885)(cid:887),(cid:885)(cid:882),(cid:885)(cid:890),(cid:885),80,3,214,7.995,2.686,117.137
(cid:883)(cid:884),(cid:13)(cid:131)(cid:153)(cid:131)(cid:3)(cid:5)(cid:131)(cid:148)(cid:131)(cid:150),(cid:887)(cid:887)(cid:484)(cid:887)(cid:882)(cid:883),(cid:885)(cid:884)(cid:484)(cid:888)(cid:891)(cid:889),,(cid:887)(cid:885),(cid:882),,(cid:887),(cid:883)(cid:484)(cid:882)(cid:887)(cid:887),(cid:883)(cid:484)(cid:890)(cid:890)(cid:889),(cid:883)(cid:484)(cid:883)(cid:882)(cid:883),(cid:883)(cid:891)(cid:888),(cid:885)(cid:884)(cid:883),(cid:886)(cid:890),(cid:885)(cid:484)(cid:890)(cid:891)(cid:888),(cid:883)(cid:891),(cid:883)(cid:889)(cid:891),(cid:888)(cid:890)(cid:889),(cid:885)(cid:888),(cid:887)(cid:887)(cid:889),363,0,339,158,(cid:889)(cid:484)(cid:883)(cid:886)(cid:888),(cid:883)(cid:888),(cid:884)(cid:890),(cid:884),1,1,147,1.006,682,19.061
(cid:883)(cid:885),(cid:13)(cid:131)(cid:153)(cid:131)(cid:3)(cid:23)(cid:135)(cid:144)(cid:137)(cid:131)(cid:138),(cid:887)(cid:887)(cid:484)(cid:883)(cid:884)(cid:884),(cid:884)(cid:890)(cid:484)(cid:883)(cid:889)(cid:888),,(cid:882),(cid:883),,(cid:885),(cid:883)(cid:484)(cid:885)(cid:885)(cid:886),(cid:883)(cid:484)(cid:889)(cid:886)(cid:890),(cid:883)(cid:484)(cid:891)(cid:888)(cid:888),(cid:886)(cid:887)(cid:883),(cid:886)(cid:889)(cid:886),(cid:884)(cid:888)(cid:890),(cid:886)(cid:484)(cid:890)(cid:887)(cid:891),(cid:886),(cid:885)(cid:891)(cid:891),(cid:887)(cid:885)(cid:886),(cid:883)(cid:883),(cid:885)(cid:889)(cid:885),1024,1,1.156,895,(cid:888)(cid:484)(cid:882)(cid:885)(cid:891),(cid:885)(cid:888),(cid:883)(cid:891)(cid:882),(cid:883),10,29,191,6.557,2.570,116.939
(cid:883)(cid:886),(cid:7)(cid:12)(cid:3)(cid:28)(cid:145)(cid:137)(cid:155)(cid:131)(cid:141)(cid:131)(cid:148)(cid:150)(cid:131),(cid:891)(cid:484)(cid:885)(cid:887)(cid:882),(cid:885)(cid:484)(cid:885)(cid:888)(cid:887),,(cid:882),(cid:882),,(cid:882),(cid:886)(cid:882)(cid:888),(cid:887)(cid:885)(cid:889),(cid:884)(cid:891)(cid:886),(cid:885)(cid:885),(cid:885)(cid:884),(cid:883)(cid:884),(cid:883)(cid:484)(cid:882)(cid:889)(cid:890),(cid:882),(cid:883)(cid:885)(cid:884),(cid:887)(cid:891),(cid:885),(cid:890)(cid:882),256,0,353,115,(cid:891)(cid:889)(cid:891),(cid:885),(cid:883),(cid:882),1,2,74,1.931,706,29.347
(cid:883)(cid:887),(cid:13)(cid:131)(cid:153)(cid:131)(cid:3)(cid:23)(cid:139)(cid:143)(cid:151)(cid:148),(cid:887)(cid:887)(cid:484)(cid:888)(cid:885)(cid:884),(cid:885)(cid:883)(cid:484)(cid:884)(cid:891)(cid:885),,(cid:883)(cid:885),(cid:882),,(cid:888),(cid:883)(cid:484)(cid:885)(cid:887)(cid:888),(cid:884)(cid:484)(cid:890)(cid:884)(cid:883),(cid:883)(cid:484)(cid:882)(cid:882)(cid:883),(cid:883)(cid:882)(cid:883),(cid:883)(cid:884)(cid:889),(cid:883)(cid:888)(cid:887),(cid:886)(cid:484)(cid:885)(cid:883)(cid:889),(cid:882),(cid:884)(cid:888)(cid:883),(cid:888)(cid:886)(cid:887),(cid:883)(cid:888)(cid:883),(cid:884)(cid:885)(cid:888),431,0,414,82,(cid:888)(cid:484)(cid:884)(cid:886)(cid:884),(cid:884)(cid:884),(cid:885)(cid:891),(cid:888)(cid:890),0,0,49,1.160,512,22.203
(cid:883)(cid:888),(cid:5)(cid:131)(cid:144)(cid:150)(cid:135)(cid:144),(cid:883)(cid:884)(cid:484)(cid:890)(cid:887)(cid:883),(cid:891)(cid:484)(cid:889)(cid:888)(cid:885),,(cid:883),(cid:882),,(cid:883),(cid:884)(cid:887)(cid:885),(cid:884)(cid:890)(cid:890),(cid:885)(cid:882)(cid:891),(cid:887)(cid:887),(cid:887)(cid:886),(cid:883)(cid:886),(cid:886)(cid:888)(cid:883),(cid:885)(cid:886),(cid:890)(cid:883),(cid:884)(cid:882)(cid:888),(cid:884)(cid:889),(cid:889)(cid:882),403,0,215,99,(cid:883)(cid:484)(cid:886)(cid:885)(cid:883),(cid:887),(cid:887),(cid:882),0,1,24,1.092,382,21.695
(cid:883)(cid:889),(cid:5)(cid:131)(cid:142)(cid:139),(cid:883)(cid:882)(cid:484)(cid:890)(cid:884)(cid:887),(cid:887)(cid:484)(cid:889)(cid:883)(cid:890),,(cid:883),(cid:882),,(cid:883),(cid:885)(cid:889)(cid:886),(cid:888)(cid:887)(cid:888),(cid:885)(cid:883)(cid:884),(cid:883)(cid:885),(cid:883)(cid:882),(cid:883)(cid:891),(cid:883)(cid:888)(cid:889),(cid:882),(cid:884)(cid:888),(cid:887)(cid:889),(cid:887),(cid:883)(cid:889)(cid:884),526,0,150,77,(cid:883)(cid:484)(cid:883)(cid:891)(cid:887),(cid:883),(cid:885),(cid:882),0,0,11,1.406,319,23.704
(cid:883)(cid:890),(cid:17)(cid:151)(cid:149)(cid:131)(cid:3)(cid:23)(cid:135)(cid:144)(cid:137)(cid:137)(cid:131)(cid:148)(cid:131)(cid:3)(cid:5)(cid:131)(cid:148)(cid:131)(cid:150),(cid:891)(cid:484)(cid:889)(cid:888)(cid:887),(cid:888)(cid:484)(cid:884)(cid:889)(cid:882),,(cid:882),(cid:882),,(cid:889),(cid:884)(cid:889)(cid:883),(cid:889)(cid:883)(cid:882),(cid:884)(cid:886)(cid:885),(cid:883)(cid:889),(cid:883)(cid:883),(cid:883),(cid:887)(cid:887)(cid:885),(cid:888),(cid:891)(cid:888),(cid:886)(cid:883),(cid:885),(cid:883)(cid:884)(cid:891),652,1,178,59,(cid:883)(cid:484)(cid:885)(cid:886)(cid:888),(cid:891),(cid:883),(cid:882),0,2,23,755,317,20.593
(cid:883)(cid:891),(cid:17)(cid:151)(cid:149)(cid:131)(cid:3)(cid:23)(cid:135)(cid:144)(cid:137)(cid:137)(cid:131)(cid:148)(cid:131)(cid:3)(cid:23)(cid:139)(cid:143)(cid:151)(cid:148),(cid:891)(cid:484)(cid:890)(cid:890)(cid:885),(cid:889)(cid:484)(cid:890)(cid:891)(cid:891),,(cid:883),(cid:882),,(cid:882),(cid:888)(cid:885)(cid:891),(cid:890)(cid:886)(cid:885),(cid:883)(cid:882)(cid:887),(cid:882),(cid:883),(cid:885),(cid:886)(cid:882)(cid:886),(cid:882),(cid:891)(cid:888),(cid:885)(cid:889),(cid:888),(cid:886)(cid:882),197,0,123,30,(cid:883)(cid:484)(cid:884)(cid:887)(cid:890),(cid:882),(cid:882),(cid:882),0,0,21,662,306,13.274
(cid:884)(cid:882),(cid:14)(cid:131)(cid:142)(cid:139)(cid:143)(cid:131)(cid:144)(cid:150)(cid:131)(cid:144)(cid:3)(cid:5)(cid:131)(cid:148)(cid:131)(cid:150),(cid:890)(cid:484)(cid:891)(cid:884)(cid:891),(cid:888)(cid:484)(cid:887)(cid:884)(cid:883),,(cid:883),(cid:882),,(cid:882),(cid:886)(cid:889)(cid:889),(cid:890)(cid:891)(cid:887),(cid:883)(cid:885)(cid:886),(cid:891),(cid:884)(cid:884),(cid:886),(cid:885)(cid:886)(cid:887),(cid:882),(cid:884)(cid:883),(cid:887)(cid:890),(cid:883),(cid:887)(cid:887),584,1,202,132,(cid:883)(cid:484)(cid:883)(cid:885)(cid:885),(cid:883),(cid:882),(cid:882),1,0,36,915,521,18.886
(cid:884)(cid:883),(cid:14)(cid:131)(cid:142)(cid:139)(cid:143)(cid:131)(cid:144)(cid:150)(cid:131)(cid:144)(cid:3)(cid:23)(cid:135)(cid:144)(cid:137)(cid:131)(cid:138),(cid:888)(cid:484)(cid:882)(cid:882)(cid:883),(cid:886)(cid:484)(cid:884)(cid:890)(cid:889),,(cid:882),(cid:882),,(cid:882),(cid:883)(cid:884)(cid:891),(cid:886)(cid:883)(cid:884),(cid:889)(cid:888),(cid:883)(cid:884),(cid:888),(cid:887),(cid:883)(cid:887)(cid:890),(cid:882),(cid:883)(cid:891),(cid:884)(cid:884),(cid:890),(cid:885)(cid:887),215,1,171,77,(cid:889)(cid:888)(cid:887),(cid:882),(cid:882),(cid:882),0,1,38,1.031,540,18.264
(cid:884)(cid:884),(cid:14)(cid:131)(cid:142)(cid:139)(cid:143)(cid:131)(cid:144)(cid:150)(cid:131)(cid:144)(cid:3)(cid:22)(cid:135)(cid:142)(cid:131)(cid:150)(cid:131)(cid:144),(cid:889)(cid:484)(cid:891)(cid:887)(cid:885),(cid:887)(cid:484)(cid:885)(cid:885)(cid:887),,(cid:882),(cid:882),,(cid:882),(cid:887)(cid:884)(cid:886),(cid:890)(cid:882)(cid:886),(cid:883)(cid:884)(cid:887),(cid:883)(cid:883),(cid:889),(cid:886),(cid:886)(cid:883)(cid:886),(cid:882),(cid:883)(cid:883),(cid:888)(cid:884),(cid:883)(cid:882),(cid:887)(cid:882),41,0,30,22,(cid:883)(cid:484)(cid:883)(cid:890)(cid:882),(cid:883),(cid:885),(cid:882),0,0,3,229,89,3.344
(cid:884)(cid:885),(cid:14)(cid:131)(cid:142)(cid:139)(cid:143)(cid:131)(cid:144)(cid:150)(cid:131)(cid:144)(cid:3)(cid:23)(cid:139)(cid:143)(cid:151)(cid:148),(cid:890)(cid:484)(cid:888)(cid:884)(cid:883),(cid:887)(cid:484)(cid:882)(cid:889)(cid:883),,(cid:888),(cid:882),,(cid:884),(cid:884)(cid:884)(cid:888),(cid:885)(cid:888)(cid:890),(cid:883)(cid:891)(cid:885),(cid:884)(cid:886),(cid:884)(cid:891),(cid:889),(cid:884)(cid:886)(cid:885),(cid:887),(cid:884)(cid:885),(cid:886)(cid:885),(cid:889),(cid:890)(cid:886),273,0,82,27,(cid:883)(cid:484)(cid:884)(cid:884)(cid:890),(cid:886),(cid:888),(cid:882),0,0,4,651,182,13.281
(cid:884)(cid:886),(cid:14)(cid:131)(cid:142)(cid:139)(cid:143)(cid:131)(cid:144)(cid:150)(cid:131)(cid:144)(cid:3)(cid:24)(cid:150)(cid:131)(cid:148)(cid:131),(cid:883)(cid:484)(cid:887)(cid:891)(cid:884),(cid:883)(cid:484)(cid:882)(cid:885)(cid:883),,(cid:882),(cid:882),,(cid:882),(cid:885)(cid:886),(cid:886)(cid:883),(cid:884)(cid:887),(cid:883),(cid:885),(cid:882),(cid:886)(cid:891),(cid:883),(cid:889),(cid:884),(cid:883),(cid:883)(cid:886),178,0,122,35,(cid:883)(cid:884)(cid:890),(cid:883),(cid:882),(cid:882),0,0,10,947,314,15.796
(cid:884)(cid:887),(cid:22)(cid:151)(cid:142)(cid:131)(cid:153)(cid:135)(cid:149)(cid:139)(cid:3)(cid:24)(cid:150)(cid:131)(cid:148)(cid:131),(cid:889)(cid:484)(cid:887)(cid:884)(cid:889),(cid:884)(cid:484)(cid:891)(cid:887)(cid:887),,(cid:882),(cid:882),,(cid:882),(cid:885)(cid:884)(cid:883),(cid:886)(cid:889)(cid:890),(cid:891)(cid:884),(cid:888),(cid:883),(cid:883),(cid:887)(cid:887),(cid:882),(cid:887)(cid:884),(cid:885)(cid:883),(cid:888),(cid:886)(cid:891),1269,0,617,252,(cid:886)(cid:890)(cid:888),(cid:884),(cid:882),(cid:882),0,0,28,3.353,1.312,61.164
(cid:884)(cid:888),(cid:22)(cid:151)(cid:142)(cid:131)(cid:153)(cid:135)(cid:149)(cid:139)(cid:3)(cid:23)(cid:135)(cid:144)(cid:137)(cid:131)(cid:138),(cid:888)(cid:484)(cid:888)(cid:888)(cid:891),(cid:887)(cid:484)(cid:890)(cid:883)(cid:886),,(cid:882),(cid:882),,(cid:885),(cid:885)(cid:890)(cid:883),(cid:886)(cid:886)(cid:890),(cid:891)(cid:882),(cid:884),(cid:882),(cid:882),(cid:889)(cid:885),(cid:883)(cid:887),(cid:886)(cid:884),(cid:883)(cid:886),(cid:886),(cid:888)(cid:883),469,1,103,119,(cid:887)(cid:889)(cid:885),(cid:883),(cid:882),(cid:882),0,0,9,927,623,19.599
(cid:884)(cid:889),(cid:22)(cid:151)(cid:142)(cid:131)(cid:153)(cid:135)(cid:149)(cid:139)(cid:3)(cid:22)(cid:135)(cid:142)(cid:131)(cid:150)(cid:131)(cid:144),(cid:884)(cid:888)(cid:484)(cid:883)(cid:888)(cid:889),(cid:884)(cid:882)(cid:484)(cid:891)(cid:890)(cid:890),,(cid:882),(cid:882),,(cid:889),(cid:883)(cid:484)(cid:883)(cid:884)(cid:885),(cid:891)(cid:890)(cid:887),(cid:888)(cid:891)(cid:885),(cid:883)(cid:889),(cid:883)(cid:887),(cid:883),(cid:883)(cid:484)(cid:882)(cid:884)(cid:882),(cid:887)(cid:891),(cid:886)(cid:887),(cid:886)(cid:886),(cid:886)(cid:889),(cid:883)(cid:882)(cid:888),47,0,79,14,(cid:884)(cid:484)(cid:891)(cid:891)(cid:883),(cid:883)(cid:890),(cid:888),(cid:883),0,0,4,456,111,7.578
(cid:884)(cid:890),(cid:22)(cid:151)(cid:142)(cid:131)(cid:153)(cid:135)(cid:149)(cid:139)(cid:3)(cid:23)(cid:135)(cid:144)(cid:137)(cid:137)(cid:131)(cid:148)(cid:131),(cid:889)(cid:484)(cid:888)(cid:882)(cid:882),(cid:888)(cid:484)(cid:891)(cid:884)(cid:883),,(cid:882),(cid:882),,(cid:882),(cid:885)(cid:887)(cid:886),(cid:889)(cid:883)(cid:888),(cid:890)(cid:890),(cid:885),(cid:882),(cid:883),(cid:884)(cid:891)(cid:890),(cid:891),(cid:884)(cid:888),(cid:883)(cid:886),(cid:891),(cid:888)(cid:888),75,0,45,9,(cid:883)(cid:484)(cid:884)(cid:886)(cid:882),(cid:885),(cid:882),(cid:882),0,0,2,313,110,7.216
(cid:884)(cid:891),(cid:10)(cid:145)(cid:148)(cid:145)(cid:144)(cid:150)(cid:131)(cid:142)(cid:145),(cid:885)(cid:484)(cid:886)(cid:889)(cid:888),(cid:884)(cid:484)(cid:883)(cid:885)(cid:888),,(cid:882),(cid:882),,(cid:883),(cid:883)(cid:886)(cid:882),(cid:887)(cid:884)(cid:890),(cid:885)(cid:886),(cid:882),(cid:882),(cid:882),(cid:891)(cid:888),(cid:884),(cid:883)(cid:886),(cid:886),(cid:883),(cid:885)(cid:887),65,0,60,17,(cid:885)(cid:891)(cid:890),(cid:883),(cid:883),(cid:882),0,0,5,191,81,8.726
(cid:885)(cid:882),(cid:22)(cid:151)(cid:142)(cid:131)(cid:153)(cid:135)(cid:149)(cid:139)(cid:3)(cid:5)(cid:131)(cid:148)(cid:131)(cid:150),(cid:885)(cid:484)(cid:882)(cid:886)(cid:890),(cid:884)(cid:484)(cid:891)(cid:888)(cid:887),,(cid:882),(cid:882),,(cid:882),(cid:883)(cid:889)(cid:887),(cid:884)(cid:883)(cid:885),(cid:887)(cid:882),(cid:882),(cid:884),(cid:882),(cid:885)(cid:882),(cid:884),(cid:883),(cid:884),(cid:888),(cid:887),69,0,59,13,(cid:883)(cid:888)(cid:885),(cid:882),(cid:882),(cid:882),0,0,1,348,95,7.492
(cid:885)(cid:883),(cid:16)(cid:131)(cid:142)(cid:151)(cid:141)(cid:151),(cid:886)(cid:484)(cid:886)(cid:888)(cid:882),(cid:884)(cid:484)(cid:885)(cid:886)(cid:884),,(cid:882),(cid:882),,(cid:882),(cid:885)(cid:889)(cid:891),(cid:886)(cid:883)(cid:883),(cid:886)(cid:883),(cid:882),(cid:883),(cid:882),(cid:885)(cid:887),(cid:886),(cid:883)(cid:885),(cid:890),(cid:886),(cid:884)(cid:883),40,0,55,21,(cid:887)(cid:890)(cid:889),(cid:883),(cid:882),(cid:882),0,0,6,640,352,9.785
(cid:885)(cid:884),(cid:16)(cid:131)(cid:142)(cid:151)(cid:141)(cid:151)(cid:3)(cid:24)(cid:150)(cid:131)(cid:148)(cid:131),(cid:884)(cid:484)(cid:890)(cid:884)(cid:884),(cid:884)(cid:484)(cid:890)(cid:888)(cid:883),,(cid:882),(cid:882),,(cid:883),(cid:884)(cid:882)(cid:886),(cid:885)(cid:886)(cid:888),(cid:884)(cid:888),(cid:887),(cid:882),(cid:882),(cid:885)(cid:888),(cid:883)(cid:885),(cid:883)(cid:882),(cid:884),(cid:883)(cid:883),(cid:884)(cid:889),22,1,31,10,(cid:887)(cid:886)(cid:885),(cid:882),(cid:882),(cid:882),0,0,5,162,168,4.452
(cid:885)(cid:885),(cid:19)(cid:131)(cid:146)(cid:151)(cid:131),(cid:886)(cid:484)(cid:887)(cid:884)(cid:891),(cid:884)(cid:484)(cid:887)(cid:884)(cid:883),,(cid:882),(cid:882),,(cid:883),(cid:884)(cid:885)(cid:885),(cid:884)(cid:886)(cid:883),(cid:887)(cid:886),(cid:884),(cid:883),(cid:882),(cid:889)(cid:882),(cid:883),(cid:886),(cid:891),(cid:889),(cid:885)(cid:890),0,0,0,0,(cid:891)(cid:887)(cid:891),(cid:883),(cid:882),(cid:882),0,0,0,0,0,0
(cid:885)(cid:886),(cid:19)(cid:131)(cid:146)(cid:151)(cid:131)(cid:3)(cid:5)(cid:131)(cid:148)(cid:131)(cid:150),(cid:884)(cid:484)(cid:883)(cid:890)(cid:889),(cid:883)(cid:484)(cid:884)(cid:887)(cid:883),,(cid:882),(cid:882),,(cid:884),(cid:885)(cid:891),(cid:884)(cid:882)(cid:882),(cid:884)(cid:883),(cid:883),(cid:882),(cid:882),(cid:885)(cid:884),(cid:884),(cid:883)(cid:884),(cid:883)(cid:882),(cid:883),(cid:883)(cid:888),0,0,0,0,(cid:884)(cid:889)(cid:890),(cid:882),(cid:883),(cid:882),0,0,0,0,0,0
(cid:885)(cid:887),(cid:19)(cid:131)(cid:146)(cid:151)(cid:131)(cid:3)(cid:22)(cid:135)(cid:142)(cid:131)(cid:150)(cid:131)(cid:144),(cid:882),(cid:882),,(cid:882),(cid:882),,(cid:882),(cid:882),(cid:882),(cid:882),(cid:882),(cid:882),(cid:882),(cid:882),(cid:882),(cid:882),(cid:882),(cid:882),(cid:882),0,0,0,0,(cid:882),(cid:882),(cid:882),(cid:882),0,0,0,0,0,0
(cid:885)(cid:888),(cid:19)(cid:131)(cid:146)(cid:151)(cid:131)(cid:3)(cid:23)(cid:135)(cid:144)(cid:137)(cid:131)(cid:138),(cid:882),(cid:882),,(cid:882),(cid:882),,(cid:882),(cid:882),(cid:882),(cid:882),(cid:882),(cid:882),(cid:882),(cid:882),(cid:882),(cid:882),(cid:882),(cid:882),(cid:882),0,0,0,0,(cid:882),(cid:882),(cid:882),(cid:882),0,0,0,0,0,0
(cid:885)(cid:889),(cid:19)(cid:131)(cid:146)(cid:151)(cid:131)(cid:3)(cid:19)(cid:135)(cid:137)(cid:151)(cid:144)(cid:151)(cid:144)(cid:137)(cid:131)(cid:144),(cid:882),(cid:882),,(cid:882),(cid:882),,(cid:882),(cid:882),(cid:882),(cid:882),(cid:882),(cid:882),(cid:882),(cid:882),(cid:882),(cid:882),(cid:882),(cid:882),(cid:882),0,0,0,0,(cid:882),(cid:882),(cid:882),(cid:882),0,0,0,0,25.395,25.395
(cid:885)(cid:890) (cid:19)(cid:131)(cid:146)(cid:151)(cid:131)(cid:3)(cid:5)(cid:131)(cid:148)(cid:131)(cid:150)(cid:3)(cid:7)(cid:131)(cid:155)(cid:131) Indonesia (cid:885)(cid:891) (cid:523)(cid:132)(cid:142)(cid:131)(cid:144)(cid:141)(cid:524),,(cid:882) 462.208 (cid:882),(cid:882) 315.712 (cid:882),0,(cid:882) 87 (cid:882),(cid:882) 3 (cid:882),0,(cid:882) 71 (cid:882),(cid:882) 16.76(cid:882)6,(cid:882) 24.16(cid:882)2,(cid:882) 10.67(cid:882)7,(cid:882) 1.236 (cid:882),(cid:882) 1.504 (cid:882),(cid:882) 679 (cid:882),(cid:882) 24.51(cid:882)1,(cid:882) 245 (cid:882),(cid:882) 1.923 (cid:882),(cid:882) 4.476 (cid:882),(cid:882) 651 (cid:882),(cid:882) 3.479 (cid:882),16.133,47,12.641,5.205,(cid:882) 53.25(cid:882)9,(cid:882) 185 (cid:882),(cid:882) 362 (cid:882),(cid:882) 75 (cid:882),97,99,1.683,55.542,53.303,1.067.021
No,Provinsi,Kesehatan Masyarakat,,,Kesehatan Lingkungan,,,Gizi,,,,,,,,,,,,,,,,,,,,,,,,,,
,,L,P,L+P,L,P,L+P,L,P,L+P,,,,,,,,,,,,,,,,,,,,,,,,
(1),(2),(3),(4),(5),(6),(7),(8),(9),(10),(11),,,,,,,,,,,,,,,,,,,,,,,,
(cid:883),(cid:4)(cid:6)(cid:8)(cid:11),(cid:887)(cid:885)(cid:890),(cid:884)(cid:484)(cid:884)(cid:884)(cid:885),(cid:884)(cid:484)(cid:889)(cid:888)(cid:883),(cid:883)(cid:889)(cid:883),(cid:890)(cid:885)(cid:889),(cid:883)(cid:484)(cid:882)(cid:882)(cid:890),(cid:888)(cid:885),(cid:890)(cid:882)(cid:889),(cid:890)(cid:889)(cid:882),,,,,,,,,,,,,,,,,,,,,,,,
(cid:884),(cid:22)(cid:24)(cid:16)(cid:4)(cid:23)(cid:8)(cid:21)(cid:4)(cid:3)(cid:24)(cid:23)(cid:4)(cid:21)(cid:4),(cid:885)(cid:886)(cid:887),(cid:883)(cid:484)(cid:890)(cid:888)(cid:890),(cid:884)(cid:484)(cid:884)(cid:883)(cid:885),(cid:883)(cid:885)(cid:887),(cid:886)(cid:890)(cid:885),(cid:888)(cid:883)(cid:890),(cid:888)(cid:883),(cid:889)(cid:887)(cid:891),(cid:890)(cid:884)(cid:882),,,,,,,,,,,,,,,,,,,,,,,,
(cid:885),(cid:22)(cid:24)(cid:16)(cid:4)(cid:23)(cid:8)(cid:21)(cid:4)(cid:3)(cid:5)(cid:4)(cid:21)(cid:4)(cid:23),(cid:883)(cid:886)(cid:883),(cid:889)(cid:885)(cid:891),(cid:890)(cid:890)(cid:882),(cid:891)(cid:885),(cid:885)(cid:884)(cid:882),(cid:886)(cid:883)(cid:885),(cid:884)(cid:884),(cid:887)(cid:889)(cid:887),(cid:887)(cid:891)(cid:889),,,,,,,,,,,,,,,,,,,,,,,,
(cid:886),(cid:21)(cid:12)(cid:4)(cid:24),(cid:883)(cid:890)(cid:887),(cid:888)(cid:889)(cid:889),(cid:890)(cid:888)(cid:884),(cid:890)(cid:889),(cid:884)(cid:885)(cid:884),(cid:885)(cid:883)(cid:891),(cid:884)(cid:888),(cid:885)(cid:891)(cid:888),(cid:886)(cid:884)(cid:884),,,,,,,,,,,,,,,,,,,,,,,,
(cid:887),(cid:13)(cid:4)(cid:16)(cid:5)(cid:12),(cid:883)(cid:885)(cid:891),(cid:886)(cid:887)(cid:886),(cid:887)(cid:891)(cid:885),(cid:889)(cid:887),(cid:884)(cid:885)(cid:889),(cid:885)(cid:883)(cid:884),(cid:885)(cid:883),(cid:884)(cid:889)(cid:891),(cid:885)(cid:883)(cid:882),,,,,,,,,,,,,,,,,,,,,,,,
(cid:888),(cid:22)(cid:24)(cid:16)(cid:4)(cid:23)(cid:8)(cid:21)(cid:4)(cid:3)(cid:22)(cid:8)(cid:15)(cid:4)(cid:23)(cid:4)(cid:17),(cid:884)(cid:891)(cid:887),(cid:883)(cid:484)(cid:884)(cid:884)(cid:887),(cid:883)(cid:484)(cid:887)(cid:884)(cid:882),(cid:883)(cid:884)(cid:885),(cid:887)(cid:886)(cid:884),(cid:888)(cid:888)(cid:887),(cid:886)(cid:886),(cid:887)(cid:891)(cid:885),(cid:888)(cid:885)(cid:889),,,,,,,,,,,,,,,,,,,,,,,,
(cid:889),(cid:5)(cid:8)(cid:17)(cid:10)(cid:14)(cid:24)(cid:15)(cid:24),(cid:884)(cid:882)(cid:891),(cid:887)(cid:888)(cid:882),(cid:889)(cid:888)(cid:891),(cid:889)(cid:886),(cid:883)(cid:888)(cid:889),(cid:884)(cid:886)(cid:883),(cid:884)(cid:886),(cid:885)(cid:885)(cid:882),(cid:885)(cid:887)(cid:886),,,,,,,,,,,,,,,,,,,,,,,,
(cid:890),(cid:15)(cid:4)(cid:16)(cid:19)(cid:24)(cid:17)(cid:10),(cid:883)(cid:890)(cid:887),(cid:886)(cid:891)(cid:886),(cid:888)(cid:889)(cid:891),(cid:883)(cid:883)(cid:887),(cid:885)(cid:889)(cid:886),(cid:886)(cid:890)(cid:891),(cid:887)(cid:887),(cid:886)(cid:884)(cid:886),(cid:886)(cid:889)(cid:891),,,,,,,,,,,,,,,,,,,,,,,,
(cid:891),(cid:14)(cid:8)(cid:19)(cid:24)(cid:15)(cid:4)(cid:24)(cid:4)(cid:17)(cid:3)(cid:5)(cid:4)(cid:17)(cid:10)(cid:14)(cid:4)(cid:3)(cid:5)(cid:8)(cid:15)(cid:12)(cid:23)(cid:24)(cid:17)(cid:10),(cid:887)(cid:887),(cid:883)(cid:886)(cid:890),(cid:884)(cid:882)(cid:885),(cid:884)(cid:886),(cid:889)(cid:885),(cid:891)(cid:889),(cid:883)(cid:888),(cid:883)(cid:884)(cid:885),(cid:883)(cid:885)(cid:891),,,,,,,,,,,,,,,,,,,,,,,,
(cid:883)(cid:882),(cid:14)(cid:8)(cid:19)(cid:24)(cid:15)(cid:4)(cid:24)(cid:4)(cid:17)(cid:3)(cid:21)(cid:12)(cid:4)(cid:24),(cid:887)(cid:887),(cid:883)(cid:887)(cid:890),(cid:884)(cid:883)(cid:885),(cid:886)(cid:884),(cid:883)(cid:885)(cid:884),(cid:883)(cid:889)(cid:886),(cid:883)(cid:886),(cid:883)(cid:883)(cid:888),(cid:883)(cid:885)(cid:882),,,,,,,,,,,,,,,,,,,,,,,,
(cid:883)(cid:883),(cid:7)(cid:14)(cid:12)(cid:3)(cid:13)(cid:4)(cid:14)(cid:4)(cid:21)(cid:23)(cid:4),(cid:883)(cid:891),(cid:883)(cid:883)(cid:884),(cid:883)(cid:885)(cid:883),(cid:886)(cid:890),(cid:888)(cid:886),(cid:883)(cid:883)(cid:884),(cid:883)(cid:883),(cid:883)(cid:885)(cid:887),(cid:883)(cid:886)(cid:888),,,,,,,,,,,,,,,,,,,,,,,,
(cid:883)(cid:884),(cid:13)(cid:4)(cid:26)(cid:4)(cid:3)(cid:5)(cid:4)(cid:21)(cid:4)(cid:23),(cid:887)(cid:886)(cid:885),(cid:883)(cid:484)(cid:886)(cid:886)(cid:883),(cid:883)(cid:484)(cid:891)(cid:890)(cid:886),(cid:885)(cid:882)(cid:888),(cid:889)(cid:891)(cid:889),(cid:883)(cid:484)(cid:883)(cid:882)(cid:885),(cid:891)(cid:890),(cid:883)(cid:484)(cid:883)(cid:882)(cid:883),(cid:883)(cid:484)(cid:883)(cid:891)(cid:891),,,,,,,,,,,,,,,,,,,,,,,,
(cid:883)(cid:885),(cid:13)(cid:4)(cid:26)(cid:4)(cid:3)(cid:23)(cid:8)(cid:17)(cid:10)(cid:4)(cid:11),(cid:885)(cid:887)(cid:888),(cid:883)(cid:484)(cid:889)(cid:884)(cid:886),(cid:884)(cid:484)(cid:882)(cid:890)(cid:882),(cid:885)(cid:882)(cid:891),(cid:890)(cid:889)(cid:884),(cid:883)(cid:484)(cid:883)(cid:890)(cid:883),(cid:883)(cid:886)(cid:885),(cid:883)(cid:484)(cid:885)(cid:883)(cid:884),(cid:883)(cid:484)(cid:886)(cid:887)(cid:887),,,,,,,,,,,,,,,,,,,,,,,,
(cid:883)(cid:886),(cid:28)(cid:18)(cid:10)(cid:28)(cid:4)(cid:14)(cid:4)(cid:21)(cid:23)(cid:4),(cid:886)(cid:885),(cid:883)(cid:891)(cid:891),(cid:884)(cid:886)(cid:884),(cid:886)(cid:883),(cid:883)(cid:884)(cid:883),(cid:883)(cid:888)(cid:884),(cid:884)(cid:887),(cid:884)(cid:884)(cid:882),(cid:884)(cid:886)(cid:887),,,,,,,,,,,,,,,,,,,,,,,,
(cid:883)(cid:887),(cid:13)(cid:4)(cid:26)(cid:4)(cid:3)(cid:23)(cid:12)(cid:16)(cid:24)(cid:21),(cid:884)(cid:886)(cid:891),(cid:883)(cid:484)(cid:885)(cid:886)(cid:886),(cid:883)(cid:484)(cid:887)(cid:891)(cid:885),(cid:884)(cid:883)(cid:882),(cid:889)(cid:890)(cid:885),(cid:891)(cid:891)(cid:885),(cid:883)(cid:890)(cid:884),(cid:883)(cid:484)(cid:885)(cid:888)(cid:884),(cid:883)(cid:484)(cid:887)(cid:886)(cid:886),,,,,,,,,,,,,,,,,,,,,,,,
(cid:883)(cid:888),(cid:5)(cid:4)(cid:17)(cid:23)(cid:8)(cid:17),(cid:883)(cid:882)(cid:889),(cid:885)(cid:887)(cid:890),(cid:886)(cid:888)(cid:887),(cid:888)(cid:883),(cid:884)(cid:883)(cid:882),(cid:884)(cid:889)(cid:883),(cid:884)(cid:887),(cid:885)(cid:883)(cid:882),(cid:885)(cid:885)(cid:887),,,,,,,,,,,,,,,,,,,,,,,,
(cid:883)(cid:889),(cid:5)(cid:4)(cid:15)(cid:12),(cid:888)(cid:885),(cid:883)(cid:891)(cid:885),(cid:884)(cid:887)(cid:888),(cid:890)(cid:886),(cid:883)(cid:885)(cid:890),(cid:884)(cid:884)(cid:884),(cid:884)(cid:887),(cid:883)(cid:891)(cid:891),(cid:884)(cid:884)(cid:886),,,,,,,,,,,,,,,,,,,,,,,,
(cid:883)(cid:890),(cid:17)(cid:24)(cid:22)(cid:4)(cid:3)(cid:23)(cid:8)(cid:17)(cid:10)(cid:10)(cid:4)(cid:21)(cid:4)(cid:3)(cid:5)(cid:4)(cid:21)(cid:4)(cid:23),(cid:884)(cid:884)(cid:890),(cid:887)(cid:886)(cid:887),(cid:889)(cid:889)(cid:885),(cid:883)(cid:885)(cid:884),(cid:885)(cid:883)(cid:882),(cid:886)(cid:886)(cid:884),(cid:883)(cid:882)(cid:889),(cid:888)(cid:889)(cid:886),(cid:889)(cid:890)(cid:883),,,,,,,,,,,,,,,,,,,,,,,,
(cid:883)(cid:891),(cid:17)(cid:24)(cid:22)(cid:4)(cid:3)(cid:23)(cid:8)(cid:17)(cid:10)(cid:10)(cid:4)(cid:21)(cid:4)(cid:3)(cid:23)(cid:12)(cid:16)(cid:24)(cid:21),(cid:888)(cid:885)(cid:888),(cid:883)(cid:484)(cid:883)(cid:882)(cid:885),(cid:883)(cid:484)(cid:889)(cid:885)(cid:891),(cid:885)(cid:890)(cid:889),(cid:887)(cid:890)(cid:890),(cid:891)(cid:889)(cid:887),(cid:884)(cid:888)(cid:886),(cid:891)(cid:890)(cid:890),(cid:883)(cid:484)(cid:884)(cid:887)(cid:884),,,,,,,,,,,,,,,,,,,,,,,,
(cid:884)(cid:882),(cid:14)(cid:4)(cid:15)(cid:12)(cid:16)(cid:4)(cid:17)(cid:23)(cid:4)(cid:17)(cid:3)(cid:5)(cid:4)(cid:21)(cid:4)(cid:23),(cid:883)(cid:891)(cid:885),(cid:885)(cid:890)(cid:884),(cid:887)(cid:889)(cid:887),(cid:883)(cid:887)(cid:885),(cid:884)(cid:887)(cid:889),(cid:886)(cid:883)(cid:882),(cid:891)(cid:887),(cid:886)(cid:889)(cid:886),(cid:887)(cid:888)(cid:891),,,,,,,,,,,,,,,,,,,,,,,,
(cid:884)(cid:883),(cid:14)(cid:4)(cid:15)(cid:12)(cid:16)(cid:4)(cid:17)(cid:23)(cid:4)(cid:17)(cid:3)(cid:23)(cid:8)(cid:17)(cid:10)(cid:4)(cid:11),(cid:883)(cid:883)(cid:885),(cid:884)(cid:891)(cid:887),(cid:886)(cid:882)(cid:890),(cid:889)(cid:890),(cid:883)(cid:885)(cid:885),(cid:884)(cid:883)(cid:883),(cid:886)(cid:888),(cid:885)(cid:884)(cid:885),(cid:885)(cid:888)(cid:891),,,,,,,,,,,,,,,,,,,,,,,,
(cid:884)(cid:884),(cid:14)(cid:4)(cid:15)(cid:12)(cid:16)(cid:4)(cid:17)(cid:23)(cid:4)(cid:17)(cid:3)(cid:22)(cid:8)(cid:15)(cid:4)(cid:23)(cid:4)(cid:17),(cid:884)(cid:883)(cid:888),(cid:886)(cid:887)(cid:891),(cid:888)(cid:889)(cid:887),(cid:883)(cid:884)(cid:891),(cid:885)(cid:883)(cid:885),(cid:886)(cid:886)(cid:884),(cid:883)(cid:883)(cid:883),(cid:887)(cid:890)(cid:891),(cid:889)(cid:882)(cid:882),,,,,,,,,,,,,,,,,,,,,,,,
(cid:884)(cid:885),(cid:14)(cid:4)(cid:15)(cid:12)(cid:16)(cid:4)(cid:17)(cid:23)(cid:4)(cid:17)(cid:3)(cid:23)(cid:12)(cid:16)(cid:24)(cid:21),(cid:883)(cid:886)(cid:884),(cid:886)(cid:882)(cid:883),(cid:887)(cid:886)(cid:885),(cid:888)(cid:885),(cid:883)(cid:888)(cid:883),(cid:884)(cid:884)(cid:886),(cid:887)(cid:883),(cid:884)(cid:883)(cid:888),(cid:884)(cid:888)(cid:889),,,,,,,,,,,,,,,,,,,,,,,,
(cid:884)(cid:886),(cid:14)(cid:4)(cid:15)(cid:12)(cid:16)(cid:4)(cid:17)(cid:23)(cid:4)(cid:17)(cid:3)(cid:24)(cid:23)(cid:4)(cid:21)(cid:4),(cid:887)(cid:884),(cid:883)(cid:883)(cid:891),(cid:883)(cid:889)(cid:883),(cid:884)(cid:891),(cid:887)(cid:882),(cid:889)(cid:891),(cid:883)(cid:887),(cid:888)(cid:884),(cid:889)(cid:889),,,,,,,,,,,,,,,,,,,,,,,,
(cid:884)(cid:887),(cid:22)(cid:24)(cid:15)(cid:4)(cid:26)(cid:8)(cid:22)(cid:12)(cid:3)(cid:24)(cid:23)(cid:4)(cid:21)(cid:4),(cid:883)(cid:883)(cid:885),(cid:887)(cid:886)(cid:887),(cid:888)(cid:887)(cid:890),(cid:883)(cid:883)(cid:890),(cid:884)(cid:884)(cid:884),(cid:885)(cid:886)(cid:882),(cid:888)(cid:886),(cid:885)(cid:884)(cid:883),(cid:885)(cid:890)(cid:887),,,,,,,,,,,,,,,,,,,,,,,,
(cid:884)(cid:888),(cid:22)(cid:24)(cid:15)(cid:4)(cid:26)(cid:8)(cid:22)(cid:12)(cid:3)(cid:23)(cid:8)(cid:17)(cid:10)(cid:4)(cid:11),(cid:885)(cid:889)(cid:882),(cid:883)(cid:484)(cid:883)(cid:889)(cid:886),(cid:883)(cid:484)(cid:887)(cid:886)(cid:886),(cid:883)(cid:884)(cid:890),(cid:885)(cid:885)(cid:883),(cid:886)(cid:887)(cid:891),(cid:888)(cid:889),(cid:886)(cid:884)(cid:885),(cid:886)(cid:891)(cid:882),,,,,,,,,,,,,,,,,,,,,,,,
(cid:884)(cid:889),(cid:22)(cid:24)(cid:15)(cid:4)(cid:26)(cid:8)(cid:22)(cid:12)(cid:3)(cid:22)(cid:8)(cid:15)(cid:4)(cid:23)(cid:4)(cid:17),(cid:886)(cid:885)(cid:882),(cid:884)(cid:484)(cid:882)(cid:891)(cid:885),(cid:884)(cid:484)(cid:887)(cid:884)(cid:885),(cid:883)(cid:891)(cid:884),(cid:889)(cid:890)(cid:882),(cid:891)(cid:889)(cid:884),(cid:889)(cid:889),(cid:891)(cid:882)(cid:891),(cid:891)(cid:890)(cid:888),,,,,,,,,,,,,,,,,,,,,,,,
(cid:884)(cid:890),(cid:22)(cid:24)(cid:15)(cid:4)(cid:26)(cid:8)(cid:22)(cid:12)(cid:3)(cid:23)(cid:8)(cid:17)(cid:10)(cid:10)(cid:4)(cid:21)(cid:4),(cid:887)(cid:882)(cid:884),(cid:883)(cid:484)(cid:891)(cid:884)(cid:887),(cid:884)(cid:484)(cid:886)(cid:884)(cid:889),(cid:883)(cid:888)(cid:888),(cid:886)(cid:888)(cid:890),(cid:888)(cid:885)(cid:886),(cid:883)(cid:882)(cid:886),(cid:890)(cid:882)(cid:888),(cid:891)(cid:883)(cid:882),,,,,,,,,,,,,,,,,,,,,,,,
(cid:884)(cid:891),(cid:10)(cid:18)(cid:21)(cid:18)(cid:17)(cid:23)(cid:4)(cid:15)(cid:18),(cid:890)(cid:890),(cid:886)(cid:886)(cid:887),(cid:887)(cid:885)(cid:885),(cid:885)(cid:884),(cid:883)(cid:885)(cid:886),(cid:883)(cid:888)(cid:888),(cid:888)(cid:882),(cid:884)(cid:891)(cid:884),(cid:885)(cid:887)(cid:884),,,,,,,,,,,,,,,,,,,,,,,,
(cid:885)(cid:882),(cid:22)(cid:24)(cid:15)(cid:4)(cid:26)(cid:8)(cid:22)(cid:12)(cid:3)(cid:5)(cid:4)(cid:21)(cid:4)(cid:23),(cid:891)(cid:887),(cid:886)(cid:888)(cid:889),(cid:887)(cid:888)(cid:884),(cid:888)(cid:887),(cid:883)(cid:886)(cid:889),(cid:884)(cid:883)(cid:884),(cid:884)(cid:883),(cid:884)(cid:885)(cid:882),(cid:884)(cid:887)(cid:883),,,,,,,,,,,,,,,,,,,,,,,,
(cid:885)(cid:883),(cid:16)(cid:4)(cid:15)(cid:24)(cid:14)(cid:24),(cid:884)(cid:882)(cid:890),(cid:888)(cid:889)(cid:886),(cid:890)(cid:890)(cid:884),(cid:883)(cid:889)(cid:889),(cid:884)(cid:891)(cid:884),(cid:886)(cid:888)(cid:891),(cid:889)(cid:883),(cid:886)(cid:889)(cid:886),(cid:887)(cid:886)(cid:887),,,,,,,,,,,,,,,,,,,,,,,,
(cid:885)(cid:884),(cid:16)(cid:4)(cid:15)(cid:24)(cid:14)(cid:24)(cid:3)(cid:24)(cid:23)(cid:4)(cid:21)(cid:4),(cid:883)(cid:890)(cid:882),(cid:889)(cid:886)(cid:884),(cid:891)(cid:884)(cid:884),(cid:888)(cid:886),(cid:883)(cid:888)(cid:891),(cid:884)(cid:885)(cid:885),(cid:885)(cid:885),(cid:885)(cid:885)(cid:886),(cid:885)(cid:888)(cid:889),,,,,,,,,,,,,,,,,,,,,,,,
(cid:885)(cid:885),(cid:19)(cid:4)(cid:19)(cid:24)(cid:4),(cid:891)(cid:883),(cid:884)(cid:886)(cid:891),(cid:885)(cid:886)(cid:882),(cid:889)(cid:886),(cid:890)(cid:889),(cid:883)(cid:888)(cid:883),(cid:885)(cid:891),(cid:883)(cid:888)(cid:886),(cid:884)(cid:882)(cid:885),,,,,,,,,,,,,,,,,,,,,,,,
(cid:885)(cid:886),(cid:19)(cid:4)(cid:19)(cid:24)(cid:4)(cid:3)(cid:5)(cid:4)(cid:21)(cid:4)(cid:23),(cid:887)(cid:891),(cid:883)(cid:887)(cid:884),(cid:884)(cid:883)(cid:883),(cid:885)(cid:889),(cid:886)(cid:886),(cid:890)(cid:883),(cid:883)(cid:890),(cid:883)(cid:883)(cid:889),(cid:883)(cid:885)(cid:887),,,,,,,,,,,,,,,,,,,,,,,,
(cid:885)(cid:887),(cid:19)(cid:4)(cid:19)(cid:24)(cid:4)(cid:3)(cid:22)(cid:8)(cid:15)(cid:4)(cid:23)(cid:4)(cid:17),(cid:886)(cid:891),(cid:890)(cid:886),(cid:883)(cid:885)(cid:885),(cid:884)(cid:889),(cid:885)(cid:888),(cid:888)(cid:885),(cid:883)(cid:889),(cid:889)(cid:882),(cid:890)(cid:889),,,,,,,,,,,,,,,,,,,,,,,,
(cid:885)(cid:888),(cid:19)(cid:4)(cid:19)(cid:24)(cid:4)(cid:3)(cid:23)(cid:8)(cid:17)(cid:10)(cid:4)(cid:11),(cid:889)(cid:882),(cid:883)(cid:890)(cid:891),(cid:884)(cid:887)(cid:891),(cid:886)(cid:891),(cid:888)(cid:885),(cid:883)(cid:883)(cid:884),(cid:883)(cid:882),(cid:889)(cid:888),(cid:890)(cid:888),,,,,,,,,,,,,,,,,,,,,,,,
(cid:885)(cid:889) (cid:19)(cid:4)(cid:19)(cid:24)(cid:4)(cid:3)(cid:19)(cid:8)(cid:10)(cid:24)(cid:17)(cid:24)(cid:17)(cid:10)(cid:4)(cid:17) Indonesia (cid:885)(cid:890) (cid:19)(cid:4)(cid:19)(cid:24)(cid:4)(cid:3)(cid:5)(cid:4)(cid:21)(cid:4)(cid:23)(cid:3)(cid:7)(cid:4)(cid:28)(cid:4),,(cid:889)(cid:885) 7.497 (cid:888)(cid:884),(cid:883)(cid:884)(cid:886) 26.307 (cid:884)(cid:884)(cid:885),(cid:883)(cid:891)(cid:889) 33.804 (cid:884)(cid:890)(cid:887),(cid:884)(cid:890) 4.161 (cid:885)(cid:887),(cid:884)(cid:889) 11.058 (cid:888)(cid:886),(cid:887)(cid:887) 15.219 (cid:891)(cid:891),(cid:891) 2.159 (cid:883)(cid:887),(cid:886)(cid:888) 16.801 (cid:883)(cid:889)(cid:884),(cid:887)(cid:887) 18.977 (cid:883)(cid:890)(cid:889),,,,,,,,,,,,,,,,,,,,,,,,
No,Provinsi,Kesehatan Masyarakat,,,Kesehatan Lingkungan,,,Gizi,,,,,,,,,,,,,,,,,,,,,,,,,,
,,L,P,L+P,L,P,L+P,L,P,L+P,,,,,,,,,,,,,,,,,,,,,,,,
(1),(2),(3),(4),(5),(6),(7),(8),(9),(10),(11),,,,,,,,,,,,,,,,,,,,,,,,
(cid:883),(cid:4)(cid:6)(cid:8)(cid:11),(cid:890)(cid:888),(cid:884)(cid:887)(cid:885),(cid:885)(cid:885)(cid:891),(cid:884)(cid:884)(cid:886),(cid:888)(cid:883)(cid:883),(cid:890)(cid:885)(cid:887),(cid:884)(cid:890),(cid:886)(cid:885)(cid:884),(cid:886)(cid:888)(cid:882),,,,,,,,,,,,,,,,,,,,,,,,
(cid:884),(cid:22)(cid:24)(cid:16)(cid:4)(cid:23)(cid:8)(cid:21)(cid:4)(cid:3)(cid:24)(cid:23)(cid:4)(cid:21)(cid:4),(cid:887)(cid:891),(cid:883)(cid:883)(cid:890),(cid:883)(cid:889)(cid:889),(cid:883)(cid:882)(cid:888),(cid:887)(cid:887)(cid:883),(cid:888)(cid:887)(cid:889),(cid:885)(cid:882),(cid:887)(cid:884)(cid:889),(cid:887)(cid:887)(cid:889),,,,,,,,,,,,,,,,,,,,,,,,
(cid:885),(cid:22)(cid:24)(cid:16)(cid:4)(cid:23)(cid:8)(cid:21)(cid:4)(cid:3)(cid:5)(cid:4)(cid:21)(cid:4)(cid:23),(cid:886)(cid:886),(cid:883)(cid:884)(cid:889),(cid:883)(cid:889)(cid:883),(cid:888)(cid:886),(cid:884)(cid:890)(cid:890),(cid:885)(cid:887)(cid:884),(cid:883)(cid:890),(cid:885)(cid:888)(cid:882),(cid:885)(cid:889)(cid:890),,,,,,,,,,,,,,,,,,,,,,,,
(cid:886),(cid:21)(cid:12)(cid:4)(cid:24),(cid:884)(cid:890),(cid:887)(cid:883),(cid:889)(cid:891),(cid:889)(cid:885),(cid:884)(cid:891)(cid:885),(cid:885)(cid:888)(cid:888),(cid:883)(cid:883),(cid:884)(cid:891)(cid:889),(cid:885)(cid:882)(cid:890),,,,,,,,,,,,,,,,,,,,,,,,
(cid:887),(cid:13)(cid:4)(cid:16)(cid:5)(cid:12),(cid:886)(cid:886),(cid:889)(cid:882),(cid:883)(cid:883)(cid:886),(cid:886)(cid:887),(cid:883)(cid:888)(cid:888),(cid:884)(cid:883)(cid:883),(cid:883)(cid:889),(cid:883)(cid:888)(cid:891),(cid:883)(cid:890)(cid:888),,,,,,,,,,,,,,,,,,,,,,,,
(cid:888),(cid:22)(cid:24)(cid:16)(cid:4)(cid:23)(cid:8)(cid:21)(cid:4)(cid:3)(cid:22)(cid:8)(cid:15)(cid:4)(cid:23)(cid:4)(cid:17),(cid:885)(cid:891),(cid:883)(cid:889)(cid:887),(cid:884)(cid:883)(cid:886),(cid:890)(cid:884),(cid:885)(cid:883)(cid:882),(cid:885)(cid:891)(cid:884),(cid:884)(cid:885),(cid:885)(cid:886)(cid:888),(cid:885)(cid:888)(cid:891),,,,,,,,,,,,,,,,,,,,,,,,
(cid:889),(cid:5)(cid:8)(cid:17)(cid:10)(cid:14)(cid:24)(cid:15)(cid:24),(cid:884)(cid:883),(cid:886)(cid:883),(cid:888)(cid:884),(cid:887)(cid:888),(cid:884)(cid:885)(cid:882),(cid:884)(cid:890)(cid:888),(cid:884)(cid:887),(cid:883)(cid:890)(cid:883),(cid:884)(cid:882)(cid:888),,,,,,,,,,,,,,,,,,,,,,,,
(cid:890),(cid:15)(cid:4)(cid:16)(cid:19)(cid:24)(cid:17)(cid:10),(cid:886)(cid:883),(cid:883)(cid:883)(cid:885),(cid:883)(cid:887)(cid:886),(cid:884)(cid:889),(cid:883)(cid:883)(cid:882),(cid:883)(cid:885)(cid:889),(cid:883)(cid:885),(cid:883)(cid:891)(cid:890),(cid:884)(cid:883)(cid:883),,,,,,,,,,,,,,,,,,,,,,,,
(cid:891),(cid:14)(cid:8)(cid:19)(cid:24)(cid:15)(cid:4)(cid:24)(cid:4)(cid:17)(cid:3)(cid:5)(cid:4)(cid:17)(cid:10)(cid:14)(cid:4)(cid:3)(cid:5)(cid:8)(cid:15)(cid:12)(cid:23)(cid:24)(cid:17)(cid:10),(cid:890),(cid:884)(cid:891),(cid:885)(cid:889),(cid:885)(cid:884),(cid:889)(cid:885),(cid:883)(cid:882)(cid:887),(cid:883)(cid:883),(cid:891)(cid:883),(cid:883)(cid:882)(cid:884),,,,,,,,,,,,,,,,,,,,,,,,
(cid:883)(cid:882),(cid:14)(cid:8)(cid:19)(cid:24)(cid:15)(cid:4)(cid:24)(cid:4)(cid:17)(cid:3)(cid:21)(cid:12)(cid:4)(cid:24),(cid:883)(cid:890),(cid:886)(cid:889),(cid:888)(cid:887),(cid:883)(cid:888),(cid:887)(cid:890),(cid:889)(cid:886),(cid:883)(cid:885),(cid:891)(cid:888),(cid:883)(cid:882)(cid:891),,,,,,,,,,,,,,,,,,,,,,,,
(cid:883)(cid:883),(cid:7)(cid:14)(cid:12)(cid:3)(cid:13)(cid:4)(cid:14)(cid:4)(cid:21)(cid:23)(cid:4),(cid:890)(cid:882),(cid:883)(cid:889)(cid:888),(cid:884)(cid:887)(cid:888),(cid:891)(cid:884),(cid:884)(cid:886)(cid:885),(cid:885)(cid:885)(cid:887),(cid:890)(cid:889),(cid:889)(cid:886)(cid:889),(cid:890)(cid:885)(cid:886),,,,,,,,,,,,,,,,,,,,,,,,
(cid:883)(cid:884),(cid:13)(cid:4)(cid:26)(cid:4)(cid:3)(cid:5)(cid:4)(cid:21)(cid:4)(cid:23),(cid:883)(cid:888)(cid:886),(cid:885)(cid:888)(cid:884),(cid:887)(cid:884)(cid:888),(cid:884)(cid:884)(cid:882),(cid:885)(cid:891)(cid:885),(cid:888)(cid:883)(cid:885),(cid:891)(cid:886),(cid:883)(cid:484)(cid:884)(cid:886)(cid:884),(cid:883)(cid:484)(cid:885)(cid:885)(cid:888),,,,,,,,,,,,,,,,,,,,,,,,
(cid:883)(cid:885),(cid:13)(cid:4)(cid:26)(cid:4)(cid:3)(cid:23)(cid:8)(cid:17)(cid:10)(cid:4)(cid:11),(cid:883)(cid:890)(cid:882),(cid:886)(cid:882)(cid:883),(cid:887)(cid:890)(cid:883),(cid:891)(cid:885),(cid:885)(cid:882)(cid:884),(cid:885)(cid:891)(cid:887),(cid:890)(cid:886),(cid:883)(cid:484)(cid:884)(cid:888)(cid:883),(cid:883)(cid:484)(cid:885)(cid:886)(cid:887),,,,,,,,,,,,,,,,,,,,,,,,
(cid:883)(cid:886),(cid:28)(cid:18)(cid:10)(cid:28)(cid:4)(cid:14)(cid:4)(cid:21)(cid:23)(cid:4),(cid:888)(cid:890),(cid:891)(cid:883),(cid:883)(cid:887)(cid:891),(cid:883)(cid:885),(cid:888)(cid:885),(cid:889)(cid:888),(cid:884)(cid:885),(cid:884)(cid:888)(cid:885),(cid:884)(cid:890)(cid:888),,,,,,,,,,,,,,,,,,,,,,,,
(cid:883)(cid:887),(cid:13)(cid:4)(cid:26)(cid:4)(cid:3)(cid:23)(cid:12)(cid:16)(cid:24)(cid:21),(cid:883)(cid:887)(cid:887),(cid:886)(cid:888)(cid:884),(cid:888)(cid:883)(cid:889),(cid:883)(cid:886)(cid:890),(cid:888)(cid:888)(cid:891),(cid:890)(cid:883)(cid:889),(cid:883)(cid:884)(cid:885),(cid:883)(cid:484)(cid:887)(cid:889)(cid:890),(cid:883)(cid:484)(cid:889)(cid:882)(cid:883),,,,,,,,,,,,,,,,,,,,,,,,
(cid:883)(cid:888),(cid:5)(cid:4)(cid:17)(cid:23)(cid:8)(cid:17),(cid:886)(cid:889),(cid:883)(cid:882)(cid:885),(cid:883)(cid:887)(cid:882),(cid:887)(cid:891),(cid:883)(cid:884)(cid:889),(cid:883)(cid:890)(cid:888),(cid:885)(cid:882),(cid:885)(cid:885)(cid:887),(cid:885)(cid:888)(cid:887),,,,,,,,,,,,,,,,,,,,,,,,
(cid:883)(cid:889),(cid:5)(cid:4)(cid:15)(cid:12),(cid:887)(cid:886),(cid:883)(cid:882)(cid:888),(cid:883)(cid:888)(cid:882),(cid:886)(cid:888),(cid:883)(cid:888)(cid:891),(cid:884)(cid:883)(cid:887),(cid:885)(cid:890),(cid:885)(cid:890)(cid:886),(cid:886)(cid:884)(cid:884),,,,,,,,,,,,,,,,,,,,,,,,
(cid:883)(cid:890),(cid:17)(cid:24)(cid:22)(cid:4)(cid:3)(cid:23)(cid:8)(cid:17)(cid:10)(cid:10)(cid:4)(cid:21)(cid:4)(cid:3)(cid:5)(cid:4)(cid:21)(cid:4)(cid:23),(cid:885)(cid:885),(cid:888)(cid:890),(cid:883)(cid:882)(cid:883),(cid:886)(cid:891),(cid:883)(cid:884)(cid:883),(cid:883)(cid:889)(cid:882),(cid:885)(cid:882),(cid:885)(cid:882)(cid:890),(cid:885)(cid:885)(cid:890),,,,,,,,,,,,,,,,,,,,,,,,
(cid:883)(cid:891),(cid:17)(cid:24)(cid:22)(cid:4)(cid:3)(cid:23)(cid:8)(cid:17)(cid:10)(cid:10)(cid:4)(cid:21)(cid:4)(cid:3)(cid:23)(cid:12)(cid:16)(cid:24)(cid:21),(cid:889)(cid:887),(cid:890)(cid:891),(cid:883)(cid:888)(cid:886),(cid:890)(cid:884),(cid:884)(cid:884)(cid:882),(cid:885)(cid:882)(cid:884),(cid:888)(cid:884),(cid:884)(cid:887)(cid:890),(cid:885)(cid:884)(cid:882),,,,,,,,,,,,,,,,,,,,,,,,
(cid:884)(cid:882),(cid:14)(cid:4)(cid:15)(cid:12)(cid:16)(cid:4)(cid:17)(cid:23)(cid:4)(cid:17)(cid:3)(cid:5)(cid:4)(cid:21)(cid:4)(cid:23),(cid:888)(cid:888),(cid:887)(cid:888),(cid:883)(cid:884)(cid:884),(cid:885)(cid:891),(cid:883)(cid:882)(cid:888),(cid:883)(cid:886)(cid:887),(cid:885)(cid:891),(cid:884)(cid:883)(cid:888),(cid:884)(cid:887)(cid:887),,,,,,,,,,,,,,,,,,,,,,,,
(cid:884)(cid:883),(cid:14)(cid:4)(cid:15)(cid:12)(cid:16)(cid:4)(cid:17)(cid:23)(cid:4)(cid:17)(cid:3)(cid:23)(cid:8)(cid:17)(cid:10)(cid:4)(cid:11),(cid:884)(cid:886),(cid:885)(cid:886),(cid:887)(cid:890),(cid:884)(cid:887),(cid:888)(cid:886),(cid:890)(cid:891),(cid:884)(cid:888),(cid:883)(cid:889)(cid:882),(cid:883)(cid:891)(cid:888),,,,,,,,,,,,,,,,,,,,,,,,
(cid:884)(cid:884),(cid:14)(cid:4)(cid:15)(cid:12)(cid:16)(cid:4)(cid:17)(cid:23)(cid:4)(cid:17)(cid:3)(cid:22)(cid:8)(cid:15)(cid:4)(cid:23)(cid:4)(cid:17),(cid:886)(cid:888),(cid:891)(cid:886),(cid:883)(cid:886)(cid:882),(cid:886)(cid:884),(cid:883)(cid:883)(cid:883),(cid:883)(cid:887)(cid:885),(cid:885)(cid:889),(cid:885)(cid:882)(cid:882),(cid:885)(cid:885)(cid:889),,,,,,,,,,,,,,,,,,,,,,,,
(cid:884)(cid:885),(cid:14)(cid:4)(cid:15)(cid:12)(cid:16)(cid:4)(cid:17)(cid:23)(cid:4)(cid:17)(cid:3)(cid:23)(cid:12)(cid:16)(cid:24)(cid:21),(cid:886)(cid:882),(cid:887)(cid:890),(cid:891)(cid:890),(cid:886)(cid:890),(cid:883)(cid:883)(cid:883),(cid:883)(cid:887)(cid:891),(cid:885)(cid:882),(cid:883)(cid:890)(cid:889),(cid:884)(cid:883)(cid:889),,,,,,,,,,,,,,,,,,,,,,,,
(cid:884)(cid:886),(cid:14)(cid:4)(cid:15)(cid:12)(cid:16)(cid:4)(cid:17)(cid:23)(cid:4)(cid:17)(cid:3)(cid:24)(cid:23)(cid:4)(cid:21)(cid:4),(cid:883)(cid:885),(cid:883)(cid:889),(cid:885)(cid:882),(cid:884)(cid:886),(cid:886)(cid:891),(cid:889)(cid:885),(cid:883)(cid:883),(cid:887)(cid:882),(cid:888)(cid:883),,,,,,,,,,,,,,,,,,,,,,,,
(cid:884)(cid:887),(cid:22)(cid:24)(cid:15)(cid:4)(cid:26)(cid:8)(cid:22)(cid:12)(cid:3)(cid:24)(cid:23)(cid:4)(cid:21)(cid:4),(cid:888)(cid:885),(cid:891)(cid:882),(cid:883)(cid:887)(cid:885),(cid:890)(cid:887),(cid:884)(cid:891)(cid:887),(cid:885)(cid:890)(cid:882),(cid:887)(cid:891),(cid:884)(cid:885)(cid:890),(cid:884)(cid:891)(cid:889),,,,,,,,,,,,,,,,,,,,,,,,
(cid:884)(cid:888),(cid:22)(cid:24)(cid:15)(cid:4)(cid:26)(cid:8)(cid:22)(cid:12)(cid:3)(cid:23)(cid:8)(cid:17)(cid:10)(cid:4)(cid:11),(cid:888)(cid:887),(cid:883)(cid:883)(cid:890),(cid:883)(cid:890)(cid:885),(cid:883)(cid:886)(cid:890),(cid:886)(cid:890)(cid:889),(cid:888)(cid:885)(cid:887),(cid:883)(cid:886),(cid:883)(cid:889)(cid:891),(cid:883)(cid:891)(cid:885),,,,,,,,,,,,,,,,,,,,,,,,
(cid:884)(cid:889),(cid:22)(cid:24)(cid:15)(cid:4)(cid:26)(cid:8)(cid:22)(cid:12)(cid:3)(cid:22)(cid:8)(cid:15)(cid:4)(cid:23)(cid:4)(cid:17),(cid:891)(cid:887),(cid:884)(cid:888)(cid:889),(cid:885)(cid:888)(cid:884),(cid:884)(cid:883)(cid:888),(cid:891)(cid:885)(cid:891),(cid:883)(cid:484)(cid:883)(cid:887)(cid:887),(cid:887)(cid:882),(cid:888)(cid:885)(cid:891),(cid:888)(cid:890)(cid:891),,,,,,,,,,,,,,,,,,,,,,,,
(cid:884)(cid:890),(cid:22)(cid:24)(cid:15)(cid:4)(cid:26)(cid:8)(cid:22)(cid:12)(cid:3)(cid:23)(cid:8)(cid:17)(cid:10)(cid:10)(cid:4)(cid:21)(cid:4),(cid:885)(cid:883),(cid:889)(cid:884),(cid:883)(cid:882)(cid:885),(cid:890)(cid:884),(cid:886)(cid:887)(cid:891),(cid:887)(cid:886)(cid:883),(cid:884)(cid:883),(cid:884)(cid:884)(cid:885),(cid:884)(cid:886)(cid:886),,,,,,,,,,,,,,,,,,,,,,,,
(cid:884)(cid:891),(cid:10)(cid:18)(cid:21)(cid:18)(cid:17)(cid:23)(cid:4)(cid:15)(cid:18),(cid:883)(cid:882),(cid:885)(cid:887),(cid:886)(cid:887),(cid:885)(cid:885),(cid:883)(cid:889)(cid:891),(cid:884)(cid:883)(cid:884),(cid:883)(cid:890),(cid:883)(cid:888)(cid:889),(cid:883)(cid:890)(cid:887),,,,,,,,,,,,,,,,,,,,,,,,
(cid:885)(cid:882),(cid:22)(cid:24)(cid:15)(cid:4)(cid:26)(cid:8)(cid:22)(cid:12)(cid:3)(cid:5)(cid:4)(cid:21)(cid:4)(cid:23),(cid:883)(cid:888),(cid:884)(cid:889),(cid:886)(cid:885),(cid:884)(cid:886),(cid:890)(cid:887),(cid:883)(cid:882)(cid:891),(cid:884),(cid:891)(cid:882),(cid:891)(cid:884),,,,,,,,,,,,,,,,,,,,,,,,
(cid:885)(cid:883),(cid:16)(cid:4)(cid:15)(cid:24)(cid:14)(cid:24),(cid:886)(cid:890),(cid:889)(cid:888),(cid:883)(cid:884)(cid:886),(cid:888)(cid:886),(cid:884)(cid:882)(cid:883),(cid:884)(cid:888)(cid:887),(cid:884)(cid:886),(cid:883)(cid:888)(cid:889),(cid:883)(cid:891)(cid:883),,,,,,,,,,,,,,,,,,,,,,,,
(cid:885)(cid:884),(cid:16)(cid:4)(cid:15)(cid:24)(cid:14)(cid:24)(cid:3)(cid:24)(cid:23)(cid:4)(cid:21)(cid:4),(cid:883)(cid:891),(cid:884)(cid:890),(cid:886)(cid:889),(cid:887)(cid:886),(cid:884)(cid:886)(cid:887),(cid:884)(cid:891)(cid:891),(cid:886),(cid:883)(cid:885)(cid:887),(cid:883)(cid:885)(cid:891),,,,,,,,,,,,,,,,,,,,,,,,
(cid:885)(cid:885),(cid:19)(cid:4)(cid:19)(cid:24)(cid:4),(cid:883)(cid:891),(cid:884)(cid:887),(cid:886)(cid:886),(cid:884)(cid:890),(cid:890)(cid:891),(cid:883)(cid:883)(cid:889),(cid:883)(cid:888),(cid:883)(cid:884)(cid:887),(cid:883)(cid:886)(cid:883),,,,,,,,,,,,,,,,,,,,,,,,
(cid:885)(cid:886),(cid:19)(cid:4)(cid:19)(cid:24)(cid:4)(cid:3)(cid:5)(cid:4)(cid:21)(cid:4)(cid:23),(cid:888),(cid:883)(cid:883),(cid:883)(cid:889),(cid:884)(cid:889),(cid:890)(cid:885),(cid:883)(cid:883)(cid:882),(cid:883)(cid:883),(cid:887)(cid:888),(cid:888)(cid:889),,,,,,,,,,,,,,,,,,,,,,,,
(cid:885)(cid:887),(cid:19)(cid:4)(cid:19)(cid:24)(cid:4)(cid:3)(cid:22)(cid:8)(cid:15)(cid:4)(cid:23)(cid:4)(cid:17),(cid:887),(cid:889),(cid:883)(cid:884),(cid:890),(cid:884)(cid:886),(cid:885)(cid:884),(cid:890),(cid:884)(cid:889),(cid:885)(cid:887),,,,,,,,,,,,,,,,,,,,,,,,
(cid:885)(cid:888),(cid:19)(cid:4)(cid:19)(cid:24)(cid:4)(cid:3)(cid:23)(cid:8)(cid:17)(cid:10)(cid:4)(cid:11),(cid:883)(cid:882),(cid:889),(cid:883)(cid:889),(cid:884)(cid:883),(cid:886)(cid:888),(cid:888)(cid:889),(cid:883)(cid:882),(cid:885)(cid:882),(cid:886)(cid:882),,,,,,,,,,,,,,,,,,,,,,,,
(cid:885)(cid:889) (cid:19)(cid:4)(cid:19)(cid:24)(cid:4)(cid:3)(cid:19)(cid:8)(cid:10)(cid:24)(cid:17)(cid:24)(cid:17)(cid:10)(cid:4)(cid:17) Indonesia (cid:885)(cid:890) (cid:19)(cid:4)(cid:19)(cid:24)(cid:4)(cid:3)(cid:5)(cid:4)(cid:21)(cid:4)(cid:23)(cid:3)(cid:7)(cid:4)(cid:28)(cid:4),,(cid:883)(cid:885) 1.840 (cid:889),(cid:887) 3.922 (cid:883)(cid:885),(cid:883)(cid:890) 5.762 (cid:884)(cid:882),(cid:883)(cid:885) 2.520 (cid:883)(cid:884),(cid:886)(cid:885) 8.667 (cid:887)(cid:886),(cid:887)(cid:888) 11.187 (cid:888)(cid:888),(cid:886) 1.151 (cid:889),(cid:884)(cid:883) 12.133 (cid:886)(cid:882),(cid:884)(cid:887) 13.284 (cid:886)(cid:889),,,,,,,,,,,,,,,,,,,,,,,,
No,Provinsi,Ahli Teknologi Laboratorium Medik,,,Tenaga Teknik Biomedika Lainnya,,,Keterapian Fisik,,,Keteknisian Medis,,,,,,,,,,,,,,,,,,,,,,,
,,L,P,L + P,L,P,L + P,L,P,L + P,L,P,L + P,,,,,,,,,,,,,,,,,,,,,
(1),(2),(3),(4),(5),(6),(7),(8),(9),(10),(11),(12),(13),(14),,,,,,,,,,,,,,,,,,,,,
(cid:883),(cid:4)(cid:6)(cid:8)(cid:11),(cid:883)(cid:889)(cid:886),(cid:883)(cid:484)(cid:885)(cid:890)(cid:885),(cid:883)(cid:484)(cid:887)(cid:887)(cid:889),(cid:885)(cid:888)(cid:889),(cid:885)(cid:890)(cid:887),(cid:889)(cid:887)(cid:884),(cid:883)(cid:882)(cid:890),(cid:886)(cid:883)(cid:890),(cid:887)(cid:884)(cid:888),(cid:885)(cid:891)(cid:884),(cid:883)(cid:484)(cid:887)(cid:884)(cid:882),(cid:883)(cid:484)(cid:891)(cid:883)(cid:884),,,,,,,,,,,,,,,,,,,,,
(cid:884),(cid:22)(cid:24)(cid:16)(cid:4)(cid:23)(cid:8)(cid:21)(cid:4)(cid:3)(cid:24)(cid:23)(cid:4)(cid:21)(cid:4),(cid:885)(cid:884)(cid:882),(cid:883)(cid:484)(cid:890)(cid:890)(cid:891),(cid:884)(cid:484)(cid:884)(cid:882)(cid:891),(cid:886)(cid:887)(cid:888),(cid:887)(cid:891)(cid:891),(cid:883)(cid:484)(cid:882)(cid:887)(cid:887),(cid:883)(cid:891)(cid:888),(cid:885)(cid:883)(cid:884),(cid:887)(cid:882)(cid:890),(cid:885)(cid:890)(cid:887),(cid:883)(cid:484)(cid:886)(cid:882)(cid:882),(cid:883)(cid:484)(cid:889)(cid:890)(cid:887),,,,,,,,,,,,,,,,,,,,,
(cid:885),(cid:22)(cid:24)(cid:16)(cid:4)(cid:23)(cid:8)(cid:21)(cid:4)(cid:3)(cid:5)(cid:4)(cid:21)(cid:4)(cid:23),(cid:884)(cid:883)(cid:887),(cid:883)(cid:484)(cid:883)(cid:885)(cid:888),(cid:883)(cid:484)(cid:885)(cid:887)(cid:883),(cid:885)(cid:882)(cid:883),(cid:884)(cid:891)(cid:884),(cid:887)(cid:891)(cid:885),(cid:883)(cid:882)(cid:885),(cid:884)(cid:886)(cid:887),(cid:885)(cid:886)(cid:890),(cid:885)(cid:890)(cid:890),(cid:883)(cid:484)(cid:888)(cid:888)(cid:888),(cid:884)(cid:484)(cid:882)(cid:887)(cid:886),,,,,,,,,,,,,,,,,,,,,
(cid:886),(cid:21)(cid:12)(cid:4)(cid:24),(cid:884)(cid:882)(cid:883),(cid:883)(cid:484)(cid:883)(cid:890)(cid:890),(cid:883)(cid:484)(cid:885)(cid:890)(cid:891),(cid:884)(cid:884)(cid:885),(cid:884)(cid:890)(cid:891),(cid:887)(cid:883)(cid:884),(cid:883)(cid:884)(cid:886),(cid:885)(cid:883)(cid:887),(cid:886)(cid:885)(cid:891),(cid:885)(cid:882)(cid:888),(cid:890)(cid:884)(cid:888),(cid:883)(cid:484)(cid:883)(cid:885)(cid:884),,,,,,,,,,,,,,,,,,,,,
(cid:887),(cid:13)(cid:4)(cid:16)(cid:5)(cid:12),(cid:883)(cid:888)(cid:888),(cid:890)(cid:886)(cid:883),(cid:883)(cid:484)(cid:882)(cid:882)(cid:889),(cid:883)(cid:882)(cid:890),(cid:883)(cid:884)(cid:884),(cid:884)(cid:885)(cid:882),(cid:886)(cid:885),(cid:883)(cid:889)(cid:884),(cid:884)(cid:883)(cid:887),(cid:883)(cid:884)(cid:891),(cid:888)(cid:886)(cid:891),(cid:889)(cid:889)(cid:890),,,,,,,,,,,,,,,,,,,,,
(cid:888),(cid:22)(cid:24)(cid:16)(cid:4)(cid:23)(cid:8)(cid:21)(cid:4)(cid:3)(cid:22)(cid:8)(cid:15)(cid:4)(cid:23)(cid:4)(cid:17),(cid:884)(cid:889)(cid:883),(cid:883)(cid:484)(cid:886)(cid:885)(cid:889),(cid:883)(cid:484)(cid:889)(cid:882)(cid:890),(cid:884)(cid:890)(cid:888),(cid:885)(cid:885)(cid:884),(cid:888)(cid:883)(cid:890),(cid:891)(cid:882),(cid:885)(cid:883)(cid:888),(cid:886)(cid:882)(cid:888),(cid:885)(cid:887)(cid:883),(cid:883)(cid:484)(cid:884)(cid:890)(cid:890),(cid:883)(cid:484)(cid:888)(cid:885)(cid:891),,,,,,,,,,,,,,,,,,,,,
(cid:889),(cid:5)(cid:8)(cid:17)(cid:10)(cid:14)(cid:24)(cid:15)(cid:24),(cid:883)(cid:887)(cid:885),(cid:887)(cid:887)(cid:891),(cid:889)(cid:883)(cid:884),(cid:891)(cid:884),(cid:890)(cid:887),(cid:883)(cid:889)(cid:889),(cid:883)(cid:889),(cid:887)(cid:885),(cid:889)(cid:882),(cid:883)(cid:882)(cid:889),(cid:884)(cid:887)(cid:888),(cid:885)(cid:888)(cid:885),,,,,,,,,,,,,,,,,,,,,
(cid:890),(cid:15)(cid:4)(cid:16)(cid:19)(cid:24)(cid:17)(cid:10),(cid:884)(cid:886)(cid:884),(cid:883)(cid:484)(cid:883)(cid:884)(cid:890),(cid:883)(cid:484)(cid:885)(cid:889)(cid:882),(cid:884)(cid:886)(cid:888),(cid:884)(cid:885)(cid:884),(cid:886)(cid:889)(cid:890),(cid:889)(cid:888),(cid:883)(cid:889)(cid:886),(cid:884)(cid:887)(cid:882),(cid:885)(cid:883)(cid:889),(cid:889)(cid:884)(cid:889),(cid:883)(cid:484)(cid:882)(cid:886)(cid:886),,,,,,,,,,,,,,,,,,,,,
(cid:891),(cid:14)(cid:8)(cid:19)(cid:24)(cid:15)(cid:4)(cid:24)(cid:4)(cid:17)(cid:3)(cid:5)(cid:4)(cid:17)(cid:10)(cid:14)(cid:4)(cid:3)(cid:5)(cid:8)(cid:15)(cid:12)(cid:23)(cid:24)(cid:17)(cid:10),(cid:891)(cid:887),(cid:885)(cid:884)(cid:884),(cid:886)(cid:883)(cid:889),(cid:891)(cid:884),(cid:889)(cid:888),(cid:883)(cid:888)(cid:890),(cid:883)(cid:887),(cid:891)(cid:885),(cid:883)(cid:882)(cid:890),(cid:891)(cid:890),(cid:884)(cid:891)(cid:890),(cid:885)(cid:891)(cid:888),,,,,,,,,,,,,,,,,,,,,
(cid:883)(cid:882),(cid:14)(cid:8)(cid:19)(cid:24)(cid:15)(cid:4)(cid:24)(cid:4)(cid:17)(cid:3)(cid:21)(cid:12)(cid:4)(cid:24),(cid:883)(cid:882)(cid:889),(cid:886)(cid:884)(cid:884),(cid:887)(cid:884)(cid:891),(cid:883)(cid:885)(cid:882),(cid:883)(cid:884)(cid:889),(cid:884)(cid:887)(cid:889),(cid:885)(cid:887),(cid:883)(cid:882)(cid:883),(cid:883)(cid:885)(cid:888),(cid:883)(cid:884)(cid:888),(cid:885)(cid:884)(cid:883),(cid:886)(cid:886)(cid:889),,,,,,,,,,,,,,,,,,,,,
(cid:883)(cid:883),(cid:7)(cid:14)(cid:12)(cid:3)(cid:13)(cid:4)(cid:14)(cid:4)(cid:21)(cid:23)(cid:4),(cid:883)(cid:484)(cid:884)(cid:883)(cid:886),(cid:885)(cid:484)(cid:888)(cid:890)(cid:884),(cid:886)(cid:484)(cid:890)(cid:891)(cid:888),(cid:883)(cid:484)(cid:885)(cid:887)(cid:883),(cid:883)(cid:484)(cid:884)(cid:884)(cid:883),(cid:884)(cid:484)(cid:887)(cid:889)(cid:884),(cid:888)(cid:888)(cid:891),(cid:883)(cid:484)(cid:883)(cid:887)(cid:886),(cid:883)(cid:484)(cid:890)(cid:884)(cid:885),(cid:883)(cid:484)(cid:884)(cid:891)(cid:886),(cid:884)(cid:484)(cid:890)(cid:886)(cid:886),(cid:886)(cid:484)(cid:883)(cid:885)(cid:890),,,,,,,,,,,,,,,,,,,,,
(cid:883)(cid:884),(cid:13)(cid:4)(cid:26)(cid:4)(cid:3)(cid:5)(cid:4)(cid:21)(cid:4)(cid:23),(cid:883)(cid:484)(cid:888)(cid:885)(cid:889),(cid:887)(cid:484)(cid:891)(cid:891)(cid:884),(cid:889)(cid:484)(cid:888)(cid:884)(cid:891),(cid:883)(cid:484)(cid:889)(cid:889)(cid:887),(cid:883)(cid:484)(cid:885)(cid:886)(cid:886),(cid:885)(cid:484)(cid:883)(cid:883)(cid:891),(cid:888)(cid:887)(cid:882),(cid:883)(cid:484)(cid:886)(cid:890)(cid:887),(cid:884)(cid:484)(cid:883)(cid:885)(cid:887),(cid:884)(cid:484)(cid:886)(cid:882)(cid:882),(cid:887)(cid:484)(cid:885)(cid:886)(cid:883),(cid:889)(cid:484)(cid:889)(cid:886)(cid:883),,,,,,,,,,,,,,,,,,,,,
(cid:883)(cid:885),(cid:13)(cid:4)(cid:26)(cid:4)(cid:3)(cid:23)(cid:8)(cid:17)(cid:10)(cid:4)(cid:11),(cid:883)(cid:484)(cid:883)(cid:885)(cid:888),(cid:887)(cid:484)(cid:886)(cid:889)(cid:889),(cid:888)(cid:484)(cid:888)(cid:883)(cid:885),(cid:883)(cid:484)(cid:887)(cid:884)(cid:891),(cid:883)(cid:484)(cid:886)(cid:887)(cid:886),(cid:884)(cid:484)(cid:891)(cid:890)(cid:885),(cid:889)(cid:889)(cid:885),(cid:883)(cid:484)(cid:889)(cid:891)(cid:886),(cid:884)(cid:484)(cid:887)(cid:888)(cid:889),(cid:883)(cid:484)(cid:890)(cid:890)(cid:888),(cid:887)(cid:484)(cid:891)(cid:885)(cid:890),(cid:889)(cid:484)(cid:890)(cid:884)(cid:886),,,,,,,,,,,,,,,,,,,,,
(cid:883)(cid:886),(cid:28)(cid:18)(cid:10)(cid:28)(cid:4)(cid:14)(cid:4)(cid:21)(cid:23)(cid:4),(cid:884)(cid:887)(cid:888),(cid:883)(cid:484)(cid:883)(cid:883)(cid:890),(cid:883)(cid:484)(cid:885)(cid:889)(cid:886),(cid:885)(cid:888)(cid:883),(cid:885)(cid:882)(cid:891),(cid:888)(cid:889)(cid:882),(cid:883)(cid:889)(cid:883),(cid:885)(cid:891)(cid:887),(cid:887)(cid:888)(cid:888),(cid:885)(cid:887)(cid:891),(cid:883)(cid:484)(cid:886)(cid:889)(cid:884),(cid:883)(cid:484)(cid:890)(cid:885)(cid:883),,,,,,,,,,,,,,,,,,,,,
(cid:883)(cid:887),(cid:13)(cid:4)(cid:26)(cid:4)(cid:3)(cid:23)(cid:12)(cid:16)(cid:24)(cid:21),(cid:883)(cid:484)(cid:885)(cid:885)(cid:883),(cid:887)(cid:484)(cid:891)(cid:889)(cid:888),(cid:889)(cid:484)(cid:885)(cid:882)(cid:889),(cid:883)(cid:484)(cid:886)(cid:883)(cid:884),(cid:883)(cid:484)(cid:885)(cid:886)(cid:891),(cid:884)(cid:484)(cid:889)(cid:888)(cid:883),(cid:887)(cid:889)(cid:886),(cid:883)(cid:484)(cid:882)(cid:890)(cid:883),(cid:883)(cid:484)(cid:888)(cid:887)(cid:887),(cid:883)(cid:484)(cid:891)(cid:889)(cid:885),(cid:886)(cid:484)(cid:890)(cid:883)(cid:886),(cid:888)(cid:484)(cid:889)(cid:890)(cid:889),,,,,,,,,,,,,,,,,,,,,
(cid:883)(cid:888),(cid:5)(cid:4)(cid:17)(cid:23)(cid:8)(cid:17),(cid:885)(cid:888)(cid:889),(cid:883)(cid:484)(cid:886)(cid:889)(cid:884),(cid:883)(cid:484)(cid:890)(cid:885)(cid:891),(cid:886)(cid:884)(cid:889),(cid:886)(cid:884)(cid:882),(cid:890)(cid:886)(cid:889),(cid:884)(cid:882)(cid:887),(cid:886)(cid:888)(cid:889),(cid:888)(cid:889)(cid:884),(cid:885)(cid:891)(cid:885),(cid:883)(cid:484)(cid:882)(cid:882)(cid:887),(cid:883)(cid:484)(cid:885)(cid:891)(cid:890),,,,,,,,,,,,,,,,,,,,,
(cid:883)(cid:889),(cid:5)(cid:4)(cid:15)(cid:12),(cid:885)(cid:883)(cid:882),(cid:883)(cid:484)(cid:882)(cid:882)(cid:887),(cid:883)(cid:484)(cid:885)(cid:883)(cid:887),(cid:885)(cid:891)(cid:887),(cid:884)(cid:886)(cid:891),(cid:888)(cid:886)(cid:886),(cid:883)(cid:887)(cid:884),(cid:883)(cid:888)(cid:890),(cid:885)(cid:884)(cid:882),(cid:884)(cid:890)(cid:890),(cid:889)(cid:886)(cid:886),(cid:883)(cid:484)(cid:882)(cid:885)(cid:884),,,,,,,,,,,,,,,,,,,,,
(cid:883)(cid:890),(cid:17)(cid:24)(cid:22)(cid:4)(cid:3)(cid:23)(cid:8)(cid:17)(cid:10)(cid:10)(cid:4)(cid:21)(cid:4)(cid:3)(cid:5)(cid:4)(cid:21)(cid:4)(cid:23),(cid:885)(cid:884)(cid:890),(cid:883)(cid:484)(cid:885)(cid:882)(cid:887),(cid:883)(cid:484)(cid:888)(cid:885)(cid:885),(cid:884)(cid:891)(cid:888),(cid:884)(cid:882)(cid:889),(cid:887)(cid:882)(cid:885),(cid:890)(cid:882),(cid:884)(cid:883)(cid:885),(cid:884)(cid:891)(cid:885),(cid:887)(cid:886)(cid:891),(cid:883)(cid:484)(cid:882)(cid:882)(cid:890),(cid:883)(cid:484)(cid:887)(cid:887)(cid:889),,,,,,,,,,,,,,,,,,,,,
(cid:883)(cid:891),(cid:17)(cid:24)(cid:22)(cid:4)(cid:3)(cid:23)(cid:8)(cid:17)(cid:10)(cid:10)(cid:4)(cid:21)(cid:4)(cid:3)(cid:23)(cid:12)(cid:16)(cid:24)(cid:21),(cid:885)(cid:890)(cid:889),(cid:883)(cid:484)(cid:884)(cid:891)(cid:885),(cid:883)(cid:484)(cid:888)(cid:890)(cid:882),(cid:884)(cid:882)(cid:891),(cid:883)(cid:888)(cid:883),(cid:885)(cid:889)(cid:882),(cid:887)(cid:882),(cid:883)(cid:887)(cid:884),(cid:884)(cid:882)(cid:884),(cid:885)(cid:891)(cid:885),(cid:883)(cid:484)(cid:884)(cid:887)(cid:884),(cid:883)(cid:484)(cid:888)(cid:886)(cid:887),,,,,,,,,,,,,,,,,,,,,
(cid:884)(cid:882),(cid:14)(cid:4)(cid:15)(cid:12)(cid:16)(cid:4)(cid:17)(cid:23)(cid:4)(cid:17)(cid:3)(cid:5)(cid:4)(cid:21)(cid:4)(cid:23),(cid:885)(cid:882)(cid:886),(cid:891)(cid:883)(cid:887),(cid:883)(cid:484)(cid:884)(cid:883)(cid:891),(cid:883)(cid:891)(cid:882),(cid:883)(cid:885)(cid:885),(cid:885)(cid:884)(cid:885),(cid:887)(cid:890),(cid:883)(cid:884)(cid:890),(cid:883)(cid:890)(cid:888),(cid:886)(cid:884)(cid:882),(cid:890)(cid:884)(cid:890),(cid:883)(cid:484)(cid:884)(cid:886)(cid:890),,,,,,,,,,,,,,,,,,,,,
(cid:884)(cid:883),(cid:14)(cid:4)(cid:15)(cid:12)(cid:16)(cid:4)(cid:17)(cid:23)(cid:4)(cid:17)(cid:3)(cid:23)(cid:8)(cid:17)(cid:10)(cid:4)(cid:11),(cid:884)(cid:883)(cid:887),(cid:888)(cid:889)(cid:891),(cid:890)(cid:891)(cid:886),(cid:883)(cid:887)(cid:882),(cid:890)(cid:889),(cid:884)(cid:885)(cid:889),(cid:885)(cid:884),(cid:891)(cid:890),(cid:883)(cid:885)(cid:882),(cid:883)(cid:890)(cid:882),(cid:886)(cid:882)(cid:882),(cid:887)(cid:890)(cid:882),,,,,,,,,,,,,,,,,,,,,
(cid:884)(cid:884),(cid:14)(cid:4)(cid:15)(cid:12)(cid:16)(cid:4)(cid:17)(cid:23)(cid:4)(cid:17)(cid:3)(cid:22)(cid:8)(cid:15)(cid:4)(cid:23)(cid:4)(cid:17),(cid:885)(cid:883)(cid:887),(cid:883)(cid:484)(cid:884)(cid:882)(cid:884),(cid:883)(cid:484)(cid:887)(cid:883)(cid:889),(cid:884)(cid:888)(cid:883),(cid:883)(cid:889)(cid:890),(cid:886)(cid:885)(cid:891),(cid:890)(cid:887),(cid:883)(cid:884)(cid:891),(cid:884)(cid:883)(cid:886),(cid:885)(cid:888)(cid:891),(cid:891)(cid:887)(cid:888),(cid:883)(cid:484)(cid:885)(cid:884)(cid:887),,,,,,,,,,,,,,,,,,,,,
(cid:884)(cid:885),(cid:14)(cid:4)(cid:15)(cid:12)(cid:16)(cid:4)(cid:17)(cid:23)(cid:4)(cid:17)(cid:3)(cid:23)(cid:12)(cid:16)(cid:24)(cid:21),(cid:885)(cid:886)(cid:885),(cid:883)(cid:484)(cid:882)(cid:889)(cid:887),(cid:883)(cid:484)(cid:886)(cid:883)(cid:890),(cid:884)(cid:885)(cid:886),(cid:883)(cid:890)(cid:890),(cid:886)(cid:884)(cid:884),(cid:891)(cid:890),(cid:884)(cid:885)(cid:888),(cid:885)(cid:885)(cid:886),(cid:884)(cid:886)(cid:888),(cid:887)(cid:886)(cid:887),(cid:889)(cid:891)(cid:883),,,,,,,,,,,,,,,,,,,,,
(cid:884)(cid:886),(cid:14)(cid:4)(cid:15)(cid:12)(cid:16)(cid:4)(cid:17)(cid:23)(cid:4)(cid:17)(cid:3)(cid:24)(cid:23)(cid:4)(cid:21)(cid:4),(cid:889)(cid:888),(cid:883)(cid:890)(cid:885),(cid:884)(cid:887)(cid:891),(cid:888)(cid:888),(cid:885)(cid:891),(cid:883)(cid:882)(cid:887),(cid:883)(cid:886),(cid:885)(cid:882),(cid:886)(cid:886),(cid:889)(cid:886),(cid:883)(cid:883)(cid:885),(cid:883)(cid:890)(cid:889),,,,,,,,,,,,,,,,,,,,,
(cid:884)(cid:887),(cid:22)(cid:24)(cid:15)(cid:4)(cid:26)(cid:8)(cid:22)(cid:12)(cid:3)(cid:24)(cid:23)(cid:4)(cid:21)(cid:4),(cid:883)(cid:888)(cid:888),(cid:886)(cid:886)(cid:882),(cid:888)(cid:882)(cid:888),(cid:883)(cid:885)(cid:885),(cid:889)(cid:889),(cid:884)(cid:883)(cid:882),(cid:889)(cid:887),(cid:883)(cid:885)(cid:891),(cid:884)(cid:883)(cid:886),(cid:883)(cid:886)(cid:886),(cid:886)(cid:885)(cid:884),(cid:887)(cid:889)(cid:888),,,,,,,,,,,,,,,,,,,,,
(cid:884)(cid:888),(cid:22)(cid:24)(cid:15)(cid:4)(cid:26)(cid:8)(cid:22)(cid:12)(cid:3)(cid:23)(cid:8)(cid:17)(cid:10)(cid:4)(cid:11),(cid:883)(cid:888)(cid:888),(cid:888)(cid:884)(cid:883),(cid:889)(cid:890)(cid:889),(cid:891)(cid:883),(cid:883)(cid:884)(cid:883),(cid:884)(cid:883)(cid:884),(cid:885)(cid:884),(cid:891)(cid:886),(cid:883)(cid:884)(cid:888),(cid:883)(cid:889)(cid:887),(cid:885)(cid:883)(cid:889),(cid:886)(cid:891)(cid:884),,,,,,,,,,,,,,,,,,,,,
(cid:884)(cid:889),(cid:22)(cid:24)(cid:15)(cid:4)(cid:26)(cid:8)(cid:22)(cid:12)(cid:3)(cid:22)(cid:8)(cid:15)(cid:4)(cid:23)(cid:4)(cid:17),(cid:886)(cid:888)(cid:889),(cid:884)(cid:484)(cid:883)(cid:890)(cid:890),(cid:884)(cid:484)(cid:888)(cid:887)(cid:887),(cid:886)(cid:884)(cid:886),(cid:888)(cid:883)(cid:888),(cid:883)(cid:484)(cid:882)(cid:886)(cid:882),(cid:883)(cid:887)(cid:889),(cid:886)(cid:886)(cid:883),(cid:887)(cid:891)(cid:890),(cid:886)(cid:890)(cid:891),(cid:883)(cid:484)(cid:890)(cid:890)(cid:886),(cid:884)(cid:484)(cid:885)(cid:889)(cid:885),,,,,,,,,,,,,,,,,,,,,
(cid:884)(cid:890),(cid:22)(cid:24)(cid:15)(cid:4)(cid:26)(cid:8)(cid:22)(cid:12)(cid:3)(cid:23)(cid:8)(cid:17)(cid:10)(cid:10)(cid:4)(cid:21)(cid:4),(cid:883)(cid:891)(cid:884),(cid:883)(cid:484)(cid:882)(cid:882)(cid:891),(cid:883)(cid:484)(cid:884)(cid:882)(cid:883),(cid:883)(cid:882)(cid:884),(cid:883)(cid:887)(cid:891),(cid:884)(cid:888)(cid:883),(cid:884)(cid:885),(cid:883)(cid:884)(cid:884),(cid:883)(cid:886)(cid:887),(cid:883)(cid:890)(cid:889),(cid:889)(cid:886)(cid:882),(cid:891)(cid:884)(cid:889),,,,,,,,,,,,,,,,,,,,,
(cid:884)(cid:891),(cid:10)(cid:18)(cid:21)(cid:18)(cid:17)(cid:23)(cid:4)(cid:15)(cid:18),(cid:890)(cid:885),(cid:884)(cid:888)(cid:890),(cid:885)(cid:887)(cid:883),(cid:886)(cid:891),(cid:888)(cid:885),(cid:883)(cid:883)(cid:884),(cid:883)(cid:887),(cid:884)(cid:887),(cid:886)(cid:882),(cid:887)(cid:889),(cid:883)(cid:887)(cid:890),(cid:884)(cid:883)(cid:887),,,,,,,,,,,,,,,,,,,,,
(cid:885)(cid:882),(cid:22)(cid:24)(cid:15)(cid:4)(cid:26)(cid:8)(cid:22)(cid:12)(cid:3)(cid:5)(cid:4)(cid:21)(cid:4)(cid:23),(cid:887)(cid:889),(cid:883)(cid:891)(cid:889),(cid:884)(cid:887)(cid:886),(cid:885)(cid:882),(cid:887)(cid:889),(cid:890)(cid:889),(cid:890),(cid:886)(cid:888),(cid:887)(cid:886),(cid:886)(cid:882),(cid:883)(cid:885)(cid:883),(cid:883)(cid:889)(cid:883),,,,,,,,,,,,,,,,,,,,,
(cid:885)(cid:883),(cid:16)(cid:4)(cid:15)(cid:24)(cid:14)(cid:24),(cid:883)(cid:882)(cid:890),(cid:887)(cid:885)(cid:887),(cid:888)(cid:886)(cid:885),(cid:886)(cid:889),(cid:889)(cid:889),(cid:883)(cid:884)(cid:886),(cid:883)(cid:886),(cid:888)(cid:882),(cid:889)(cid:886),(cid:887)(cid:888),(cid:883)(cid:887)(cid:886),(cid:884)(cid:883)(cid:882),,,,,,,,,,,,,,,,,,,,,
(cid:885)(cid:884),(cid:16)(cid:4)(cid:15)(cid:24)(cid:14)(cid:24)(cid:3)(cid:24)(cid:23)(cid:4)(cid:21)(cid:4),(cid:883)(cid:886)(cid:887),(cid:886)(cid:891)(cid:883),(cid:888)(cid:885)(cid:888),(cid:888)(cid:883),(cid:891)(cid:888),(cid:883)(cid:887)(cid:889),(cid:884)(cid:882),(cid:886)(cid:889),(cid:888)(cid:889),(cid:888)(cid:888),(cid:883)(cid:889)(cid:891),(cid:884)(cid:886)(cid:887),,,,,,,,,,,,,,,,,,,,,
(cid:885)(cid:885),(cid:19)(cid:4)(cid:19)(cid:24)(cid:4),(cid:883)(cid:887)(cid:882),(cid:886)(cid:888)(cid:884),(cid:888)(cid:883)(cid:884),(cid:886)(cid:885),(cid:884)(cid:889),(cid:889)(cid:882),(cid:883)(cid:884),(cid:885)(cid:890),(cid:887)(cid:882),(cid:886)(cid:883),(cid:891)(cid:889),(cid:883)(cid:885)(cid:890),,,,,,,,,,,,,,,,,,,,,
(cid:885)(cid:886),(cid:19)(cid:4)(cid:19)(cid:24)(cid:4)(cid:3)(cid:5)(cid:4)(cid:21)(cid:4)(cid:23),(cid:889)(cid:888),(cid:884)(cid:882)(cid:888),(cid:884)(cid:890)(cid:884),(cid:884)(cid:891),(cid:885)(cid:888),(cid:888)(cid:887),(cid:887),(cid:883)(cid:888),(cid:884)(cid:883),(cid:885)(cid:882),(cid:890)(cid:882),(cid:883)(cid:883)(cid:882),,,,,,,,,,,,,,,,,,,,,
(cid:885)(cid:887),(cid:19)(cid:4)(cid:19)(cid:24)(cid:4)(cid:3)(cid:22)(cid:8)(cid:15)(cid:4)(cid:23)(cid:4)(cid:17),(cid:887)(cid:891),(cid:883)(cid:884)(cid:885),(cid:883)(cid:890)(cid:884),(cid:890),(cid:883)(cid:885),(cid:884)(cid:883),(cid:891),(cid:890),(cid:883)(cid:889),(cid:884)(cid:890),(cid:885)(cid:883),(cid:887)(cid:891),,,,,,,,,,,,,,,,,,,,,
(cid:885)(cid:888),(cid:19)(cid:4)(cid:19)(cid:24)(cid:4)(cid:3)(cid:23)(cid:8)(cid:17)(cid:10)(cid:4)(cid:11),(cid:889)(cid:891),(cid:883)(cid:889)(cid:888),(cid:884)(cid:887)(cid:887),(cid:884)(cid:889),(cid:883)(cid:887),(cid:886)(cid:884),(cid:887),(cid:883)(cid:884),(cid:883)(cid:889),(cid:884)(cid:885),(cid:886)(cid:887),(cid:888)(cid:890),,,,,,,,,,,,,,,,,,,,,
(cid:885)(cid:889) (cid:19)(cid:4)(cid:19)(cid:24)(cid:4)(cid:3)(cid:19)(cid:8)(cid:10)(cid:24)(cid:17)(cid:24)(cid:17)(cid:10)(cid:4)(cid:17) Indonesia (cid:885)(cid:890) (cid:19)(cid:4)(cid:19)(cid:24)(cid:4)(cid:3)(cid:5)(cid:4)(cid:21)(cid:4)(cid:23)(cid:3)(cid:7)(cid:4)(cid:28)(cid:4),,(cid:886)(cid:882) 12.001 (cid:887)(cid:882),(cid:888)(cid:890) 48.600 (cid:883)(cid:885)(cid:889),(cid:883)(cid:882)(cid:890) 60.601 (cid:883)(cid:890)(cid:889),(cid:888) 12.020 (cid:883)(cid:885),(cid:885) 11.256 (cid:883)(cid:890),(cid:891) 23.276 (cid:885)(cid:883),(cid:885) 4.800 (cid:886),(cid:885) 10.788 (cid:890),(cid:888) 15.588 (cid:883)(cid:884),(cid:889) 14.782 (cid:883)(cid:888),(cid:883)(cid:885) 40.533 (cid:888)(cid:883),(cid:884)(cid:882) 55.315 (cid:889)(cid:889),,,,,,,,,,,,,,,,,,,,,
No,Provinsi,Ahli Teknologi Laboratorium Medik,,,Tenaga Teknik Biomedika Lainnya,,,Keterapian Fisik,,,Keteknisian Medis,,,,,,,,,,,,,,,,,,,,,,,
,,L,P,L + P,L,P,L + P,L,P,L + P,L,P,L + P,,,,,,,,,,,,,,,,,,,,,
(1),(2),(3),(4),(5),(6),(7),(8),(9),(10),(11),(12),(13),(14),,,,,,,,,,,,,,,,,,,,,
(cid:883),(cid:4)(cid:6)(cid:8)(cid:11),(cid:887)(cid:891),(cid:888)(cid:882)(cid:890),(cid:888)(cid:888)(cid:889),(cid:883)(cid:882),(cid:883)(cid:888),(cid:884)(cid:888),(cid:884)(cid:890),(cid:883)(cid:885)(cid:883),(cid:883)(cid:887)(cid:891),(cid:883)(cid:887)(cid:882),(cid:890)(cid:885)(cid:885),(cid:891)(cid:890)(cid:885),,,,,,,,,,,,,,,,,,,,,
(cid:884),(cid:22)(cid:24)(cid:16)(cid:4)(cid:23)(cid:8)(cid:21)(cid:4)(cid:3)(cid:24)(cid:23)(cid:4)(cid:21)(cid:4),(cid:890)(cid:891),(cid:888)(cid:883)(cid:891),(cid:889)(cid:882)(cid:890),(cid:886),(cid:889),(cid:883)(cid:883),(cid:883)(cid:883),(cid:883)(cid:883),(cid:884)(cid:884),(cid:883)(cid:882)(cid:883),(cid:888)(cid:882)(cid:882),(cid:889)(cid:882)(cid:883),,,,,,,,,,,,,,,,,,,,,
(cid:885),(cid:22)(cid:24)(cid:16)(cid:4)(cid:23)(cid:8)(cid:21)(cid:4)(cid:3)(cid:5)(cid:4)(cid:21)(cid:4)(cid:23),(cid:888)(cid:886),(cid:886)(cid:882)(cid:886),(cid:886)(cid:888)(cid:890),(cid:891),(cid:883),(cid:883)(cid:882),(cid:885),(cid:885)(cid:891),(cid:886)(cid:884),(cid:883)(cid:882)(cid:882),(cid:888)(cid:890)(cid:888),(cid:889)(cid:890)(cid:888),,,,,,,,,,,,,,,,,,,,,
(cid:886),(cid:21)(cid:12)(cid:4)(cid:24),(cid:887)(cid:883),(cid:885)(cid:890)(cid:884),(cid:886)(cid:885)(cid:885),(cid:883),(cid:883)(cid:883),(cid:883)(cid:884),(cid:889),(cid:887)(cid:882),(cid:887)(cid:889),(cid:888)(cid:886),(cid:885)(cid:883)(cid:887),(cid:885)(cid:889)(cid:891),,,,,,,,,,,,,,,,,,,,,
(cid:887),(cid:13)(cid:4)(cid:16)(cid:5)(cid:12),(cid:886)(cid:891),(cid:884)(cid:891)(cid:884),(cid:885)(cid:886)(cid:883),(cid:882),(cid:882),(cid:882),(cid:885),(cid:883)(cid:887),(cid:883)(cid:890),(cid:887)(cid:891),(cid:885)(cid:884)(cid:890),(cid:885)(cid:890)(cid:889),,,,,,,,,,,,,,,,,,,,,
(cid:888),(cid:22)(cid:24)(cid:16)(cid:4)(cid:23)(cid:8)(cid:21)(cid:4)(cid:3)(cid:22)(cid:8)(cid:15)(cid:4)(cid:23)(cid:4)(cid:17),(cid:891)(cid:882),(cid:887)(cid:882)(cid:884),(cid:887)(cid:891)(cid:884),(cid:884),(cid:888),(cid:890),(cid:884),(cid:884)(cid:884),(cid:884)(cid:886),(cid:889)(cid:888),(cid:887)(cid:889)(cid:887),(cid:888)(cid:887)(cid:883),,,,,,,,,,,,,,,,,,,,,
(cid:889),(cid:5)(cid:8)(cid:17)(cid:10)(cid:14)(cid:24)(cid:15)(cid:24),(cid:887)(cid:891),(cid:884)(cid:886)(cid:890),(cid:885)(cid:882)(cid:889),(cid:883),(cid:884),(cid:885),(cid:883),(cid:884),(cid:885),(cid:883)(cid:889),(cid:883)(cid:882)(cid:891),(cid:883)(cid:884)(cid:888),,,,,,,,,,,,,,,,,,,,,
(cid:890),(cid:15)(cid:4)(cid:16)(cid:19)(cid:24)(cid:17)(cid:10),(cid:890)(cid:889),(cid:885)(cid:888)(cid:890),(cid:886)(cid:887)(cid:887),(cid:884),(cid:886),(cid:888),(cid:883),(cid:885),(cid:886),(cid:883)(cid:882)(cid:885),(cid:885)(cid:889)(cid:886),(cid:886)(cid:889)(cid:889),,,,,,,,,,,,,,,,,,,,,
(cid:891),(cid:14)(cid:8)(cid:19)(cid:24)(cid:15)(cid:4)(cid:24)(cid:4)(cid:17)(cid:3)(cid:5)(cid:4)(cid:17)(cid:10)(cid:14)(cid:4)(cid:3)(cid:5)(cid:8)(cid:15)(cid:12)(cid:23)(cid:24)(cid:17)(cid:10),(cid:884)(cid:883),(cid:883)(cid:882)(cid:887),(cid:883)(cid:884)(cid:888),(cid:884),(cid:882),(cid:884),(cid:883),(cid:883),(cid:884),(cid:885)(cid:887),(cid:883)(cid:884)(cid:885),(cid:883)(cid:887)(cid:890),,,,,,,,,,,,,,,,,,,,,
(cid:883)(cid:882),(cid:14)(cid:8)(cid:19)(cid:24)(cid:15)(cid:4)(cid:24)(cid:4)(cid:17)(cid:3)(cid:21)(cid:12)(cid:4)(cid:24),(cid:884)(cid:883),(cid:891)(cid:891),(cid:883)(cid:884)(cid:882),(cid:882),(cid:882),(cid:882),(cid:883),(cid:885),(cid:886),(cid:884)(cid:882),(cid:883)(cid:882)(cid:888),(cid:883)(cid:884)(cid:888),,,,,,,,,,,,,,,,,,,,,
(cid:883)(cid:883),(cid:7)(cid:14)(cid:12)(cid:3)(cid:13)(cid:4)(cid:14)(cid:4)(cid:21)(cid:23)(cid:4),(cid:883)(cid:884)(cid:887),(cid:884)(cid:882)(cid:887),(cid:885)(cid:885)(cid:882),(cid:883),(cid:882),(cid:883),(cid:882),(cid:883),(cid:883),(cid:888)(cid:889),(cid:883)(cid:886)(cid:890),(cid:884)(cid:883)(cid:887),,,,,,,,,,,,,,,,,,,,,
(cid:883)(cid:884),(cid:13)(cid:4)(cid:26)(cid:4)(cid:3)(cid:5)(cid:4)(cid:21)(cid:4)(cid:23),(cid:885)(cid:882)(cid:882),(cid:883)(cid:484)(cid:883)(cid:891)(cid:887),(cid:883)(cid:484)(cid:886)(cid:891)(cid:887),(cid:887),(cid:883)(cid:886),(cid:883)(cid:891),(cid:883)(cid:884),(cid:884)(cid:882),(cid:885)(cid:884),(cid:886)(cid:885)(cid:888),(cid:883)(cid:484)(cid:886)(cid:884)(cid:882),(cid:883)(cid:484)(cid:890)(cid:887)(cid:888),,,,,,,,,,,,,,,,,,,,,
(cid:883)(cid:885),(cid:13)(cid:4)(cid:26)(cid:4)(cid:3)(cid:23)(cid:8)(cid:17)(cid:10)(cid:4)(cid:11),(cid:884)(cid:886)(cid:887),(cid:883)(cid:484)(cid:884)(cid:890)(cid:885),(cid:883)(cid:484)(cid:887)(cid:884)(cid:890),(cid:883)(cid:891),(cid:883)(cid:890),(cid:885)(cid:889),(cid:889)(cid:888),(cid:883)(cid:891)(cid:888),(cid:884)(cid:889)(cid:884),(cid:886)(cid:883)(cid:887),(cid:883)(cid:484)(cid:889)(cid:887)(cid:882),(cid:884)(cid:484)(cid:883)(cid:888)(cid:887),,,,,,,,,,,,,,,,,,,,,
(cid:883)(cid:886),(cid:28)(cid:18)(cid:10)(cid:28)(cid:4)(cid:14)(cid:4)(cid:21)(cid:23)(cid:4),(cid:885)(cid:886),(cid:884)(cid:883)(cid:891),(cid:884)(cid:887)(cid:885),(cid:882),(cid:885),(cid:885),(cid:884)(cid:885),(cid:885)(cid:890),(cid:888)(cid:883),(cid:888)(cid:884),(cid:885)(cid:885)(cid:886),(cid:885)(cid:891)(cid:888),,,,,,,,,,,,,,,,,,,,,
(cid:883)(cid:887),(cid:13)(cid:4)(cid:26)(cid:4)(cid:3)(cid:23)(cid:12)(cid:16)(cid:24)(cid:21),(cid:884)(cid:888)(cid:887),(cid:883)(cid:484)(cid:885)(cid:890)(cid:882),(cid:883)(cid:484)(cid:888)(cid:886)(cid:887),(cid:889),(cid:883)(cid:886),(cid:884)(cid:883),(cid:885)(cid:887),(cid:887)(cid:886),(cid:890)(cid:891),(cid:886)(cid:882)(cid:891),(cid:883)(cid:484)(cid:885)(cid:886)(cid:891),(cid:883)(cid:484)(cid:889)(cid:887)(cid:890),,,,,,,,,,,,,,,,,,,,,
(cid:883)(cid:888),(cid:5)(cid:4)(cid:17)(cid:23)(cid:8)(cid:17),(cid:887)(cid:889),(cid:884)(cid:885)(cid:887),(cid:884)(cid:891)(cid:884),(cid:885),(cid:884),(cid:887),(cid:882),(cid:885),(cid:885),(cid:887)(cid:891),(cid:884)(cid:886)(cid:889),(cid:885)(cid:882)(cid:888),,,,,,,,,,,,,,,,,,,,,
(cid:883)(cid:889),(cid:5)(cid:4)(cid:15)(cid:12),(cid:886)(cid:886),(cid:883)(cid:887)(cid:888),(cid:884)(cid:882)(cid:882),(cid:887),(cid:883),(cid:888),(cid:884),(cid:882),(cid:884),(cid:887)(cid:883),(cid:884)(cid:884)(cid:885),(cid:884)(cid:889)(cid:886),,,,,,,,,,,,,,,,,,,,,
(cid:883)(cid:890),(cid:17)(cid:24)(cid:22)(cid:4)(cid:3)(cid:23)(cid:8)(cid:17)(cid:10)(cid:10)(cid:4)(cid:21)(cid:4)(cid:3)(cid:5)(cid:4)(cid:21)(cid:4)(cid:23),(cid:883)(cid:885)(cid:888),(cid:887)(cid:888)(cid:887),(cid:889)(cid:882)(cid:883),(cid:884)(cid:887),(cid:891),(cid:885)(cid:886),(cid:887),(cid:883)(cid:891),(cid:884)(cid:886),(cid:884)(cid:886)(cid:885),(cid:886)(cid:889)(cid:885),(cid:889)(cid:883)(cid:888),,,,,,,,,,,,,,,,,,,,,
(cid:883)(cid:891),(cid:17)(cid:24)(cid:22)(cid:4)(cid:3)(cid:23)(cid:8)(cid:17)(cid:10)(cid:10)(cid:4)(cid:21)(cid:4)(cid:3)(cid:23)(cid:12)(cid:16)(cid:24)(cid:21),(cid:884)(cid:884)(cid:891),(cid:888)(cid:891)(cid:885),(cid:891)(cid:884)(cid:884),(cid:884)(cid:884),(cid:890),(cid:885)(cid:882),(cid:883)(cid:882),(cid:885)(cid:889),(cid:886)(cid:889),(cid:884)(cid:884)(cid:891),(cid:889)(cid:887)(cid:882),(cid:891)(cid:889)(cid:891),,,,,,,,,,,,,,,,,,,,,
(cid:884)(cid:882),(cid:14)(cid:4)(cid:15)(cid:12)(cid:16)(cid:4)(cid:17)(cid:23)(cid:4)(cid:17)(cid:3)(cid:5)(cid:4)(cid:21)(cid:4)(cid:23),(cid:891)(cid:886),(cid:885)(cid:889)(cid:885),(cid:886)(cid:888)(cid:889),(cid:887),(cid:883),(cid:888),(cid:882),(cid:885),(cid:885),(cid:883)(cid:891)(cid:890),(cid:886)(cid:885)(cid:889),(cid:888)(cid:885)(cid:887),,,,,,,,,,,,,,,,,,,,,
(cid:884)(cid:883),(cid:14)(cid:4)(cid:15)(cid:12)(cid:16)(cid:4)(cid:17)(cid:23)(cid:4)(cid:17)(cid:3)(cid:23)(cid:8)(cid:17)(cid:10)(cid:4)(cid:11),(cid:889)(cid:890),(cid:884)(cid:888)(cid:883),(cid:885)(cid:885)(cid:891),(cid:883),(cid:882),(cid:883),(cid:883),(cid:882),(cid:883),(cid:890)(cid:882),(cid:883)(cid:891)(cid:890),(cid:884)(cid:889)(cid:890),,,,,,,,,,,,,,,,,,,,,
(cid:884)(cid:884),(cid:14)(cid:4)(cid:15)(cid:12)(cid:16)(cid:4)(cid:17)(cid:23)(cid:4)(cid:17)(cid:3)(cid:22)(cid:8)(cid:15)(cid:4)(cid:23)(cid:4)(cid:17),(cid:891)(cid:889),(cid:886)(cid:884)(cid:889),(cid:887)(cid:884)(cid:886),(cid:883),(cid:882),(cid:883),(cid:887),(cid:891),(cid:883)(cid:886),(cid:883)(cid:886)(cid:884),(cid:887)(cid:882)(cid:882),(cid:888)(cid:886)(cid:884),,,,,,,,,,,,,,,,,,,,,
(cid:884)(cid:885),(cid:14)(cid:4)(cid:15)(cid:12)(cid:16)(cid:4)(cid:17)(cid:23)(cid:4)(cid:17)(cid:3)(cid:23)(cid:12)(cid:16)(cid:24)(cid:21),(cid:889)(cid:885),(cid:884)(cid:891)(cid:886),(cid:885)(cid:888)(cid:889),(cid:882),(cid:882),(cid:882),(cid:886),(cid:883)(cid:886),(cid:883)(cid:890),(cid:888)(cid:884),(cid:883)(cid:890)(cid:885),(cid:884)(cid:886)(cid:887),,,,,,,,,,,,,,,,,,,,,
(cid:884)(cid:886),(cid:14)(cid:4)(cid:15)(cid:12)(cid:16)(cid:4)(cid:17)(cid:23)(cid:4)(cid:17)(cid:3)(cid:24)(cid:23)(cid:4)(cid:21)(cid:4),(cid:884)(cid:890),(cid:888)(cid:882),(cid:890)(cid:890),(cid:885),(cid:882),(cid:885),(cid:882),(cid:882),(cid:882),(cid:884)(cid:889),(cid:885)(cid:890),(cid:888)(cid:887),,,,,,,,,,,,,,,,,,,,,
(cid:884)(cid:887),(cid:22)(cid:24)(cid:15)(cid:4)(cid:26)(cid:8)(cid:22)(cid:12)(cid:3)(cid:24)(cid:23)(cid:4)(cid:21)(cid:4),(cid:886)(cid:885),(cid:883)(cid:883)(cid:888),(cid:883)(cid:887)(cid:891),(cid:886),(cid:884),(cid:888),(cid:887),(cid:884)(cid:883),(cid:884)(cid:888),(cid:885)(cid:883),(cid:884)(cid:884)(cid:882),(cid:884)(cid:887)(cid:883),,,,,,,,,,,,,,,,,,,,,
(cid:884)(cid:888),(cid:22)(cid:24)(cid:15)(cid:4)(cid:26)(cid:8)(cid:22)(cid:12)(cid:3)(cid:23)(cid:8)(cid:17)(cid:10)(cid:4)(cid:11),(cid:888)(cid:888),(cid:884)(cid:889)(cid:882),(cid:885)(cid:885)(cid:888),(cid:885),(cid:882),(cid:885),(cid:887),(cid:886),(cid:891),(cid:887)(cid:890),(cid:883)(cid:887)(cid:883),(cid:884)(cid:882)(cid:891),,,,,,,,,,,,,,,,,,,,,
(cid:884)(cid:889),(cid:22)(cid:24)(cid:15)(cid:4)(cid:26)(cid:8)(cid:22)(cid:12)(cid:3)(cid:22)(cid:8)(cid:15)(cid:4)(cid:23)(cid:4)(cid:17),(cid:883)(cid:884)(cid:882),(cid:890)(cid:885)(cid:885),(cid:891)(cid:887)(cid:885),(cid:887),(cid:889),(cid:883)(cid:884),(cid:888),(cid:884)(cid:888),(cid:885)(cid:884),(cid:883)(cid:888)(cid:884),(cid:890)(cid:884)(cid:891),(cid:891)(cid:891)(cid:883),,,,,,,,,,,,,,,,,,,,,
(cid:884)(cid:890),(cid:22)(cid:24)(cid:15)(cid:4)(cid:26)(cid:8)(cid:22)(cid:12)(cid:3)(cid:23)(cid:8)(cid:17)(cid:10)(cid:10)(cid:4)(cid:21)(cid:4),(cid:891)(cid:886),(cid:887)(cid:889)(cid:890),(cid:888)(cid:889)(cid:884),(cid:888),(cid:883)(cid:882),(cid:883)(cid:888),(cid:886),(cid:883)(cid:888),(cid:884)(cid:882),(cid:891)(cid:884),(cid:886)(cid:887)(cid:891),(cid:887)(cid:887)(cid:883),,,,,,,,,,,,,,,,,,,,,
(cid:884)(cid:891),(cid:10)(cid:18)(cid:21)(cid:18)(cid:17)(cid:23)(cid:4)(cid:15)(cid:18),(cid:884)(cid:891),(cid:883)(cid:883)(cid:885),(cid:883)(cid:886)(cid:884),(cid:882),(cid:882),(cid:882),(cid:882),(cid:882),(cid:882),(cid:883)(cid:884),(cid:888)(cid:882),(cid:889)(cid:884),,,,,,,,,,,,,,,,,,,,,
(cid:885)(cid:882),(cid:22)(cid:24)(cid:15)(cid:4)(cid:26)(cid:8)(cid:22)(cid:12)(cid:3)(cid:5)(cid:4)(cid:21)(cid:4)(cid:23),(cid:884)(cid:887),(cid:891)(cid:888),(cid:883)(cid:884)(cid:883),(cid:882),(cid:882),(cid:882),(cid:882),(cid:889),(cid:889),(cid:883)(cid:890),(cid:887)(cid:887),(cid:889)(cid:885),,,,,,,,,,,,,,,,,,,,,
(cid:885)(cid:883),(cid:16)(cid:4)(cid:15)(cid:24)(cid:14)(cid:24),(cid:887)(cid:890),(cid:884)(cid:890)(cid:885),(cid:885)(cid:886)(cid:883),(cid:883),(cid:883),(cid:884),(cid:883),(cid:884),(cid:885),(cid:883)(cid:887),(cid:888)(cid:884),(cid:889)(cid:889),,,,,,,,,,,,,,,,,,,,,
(cid:885)(cid:884),(cid:16)(cid:4)(cid:15)(cid:24)(cid:14)(cid:24)(cid:3)(cid:24)(cid:23)(cid:4)(cid:21)(cid:4),(cid:888)(cid:883),(cid:884)(cid:885)(cid:887),(cid:884)(cid:891)(cid:888),(cid:884),(cid:887),(cid:889),(cid:885),(cid:886),(cid:889),(cid:884)(cid:883),(cid:889)(cid:890),(cid:891)(cid:891),,,,,,,,,,,,,,,,,,,,,
(cid:885)(cid:885),(cid:19)(cid:4)(cid:19)(cid:24)(cid:4),(cid:888)(cid:882),(cid:884)(cid:882)(cid:890),(cid:884)(cid:888)(cid:890),(cid:882),(cid:882),(cid:882),(cid:882),(cid:882),(cid:882),(cid:889),(cid:885)(cid:885),(cid:886)(cid:882),,,,,,,,,,,,,,,,,,,,,
(cid:885)(cid:886),(cid:19)(cid:4)(cid:19)(cid:24)(cid:4)(cid:3)(cid:5)(cid:4)(cid:21)(cid:4)(cid:23),(cid:885)(cid:890),(cid:883)(cid:882)(cid:886),(cid:883)(cid:886)(cid:884),(cid:883),(cid:882),(cid:883),(cid:883),(cid:883),(cid:884),(cid:891),(cid:884)(cid:888),(cid:885)(cid:887),,,,,,,,,,,,,,,,,,,,,
(cid:885)(cid:887),(cid:19)(cid:4)(cid:19)(cid:24)(cid:4)(cid:3)(cid:22)(cid:8)(cid:15)(cid:4)(cid:23)(cid:4)(cid:17),(cid:885)(cid:888),(cid:888)(cid:884),(cid:891)(cid:890),(cid:882),(cid:882),(cid:882),(cid:883),(cid:884),(cid:885),(cid:884),(cid:891),(cid:883)(cid:883),,,,,,,,,,,,,,,,,,,,,
(cid:885)(cid:888),(cid:19)(cid:4)(cid:19)(cid:24)(cid:4)(cid:3)(cid:23)(cid:8)(cid:17)(cid:10)(cid:4)(cid:11),(cid:885)(cid:887),(cid:891)(cid:891),(cid:883)(cid:885)(cid:886),(cid:882),(cid:882),(cid:882),(cid:883),(cid:885),(cid:886),(cid:884),(cid:884)(cid:885),(cid:884)(cid:887),,,,,,,,,,,,,,,,,,,,,
(cid:885)(cid:889) (cid:19)(cid:4)(cid:19)(cid:24)(cid:4)(cid:3)(cid:19)(cid:8)(cid:10)(cid:24)(cid:17)(cid:24)(cid:17)(cid:10)(cid:4)(cid:17) Indonesia (cid:885)(cid:890) (cid:19)(cid:4)(cid:19)(cid:24)(cid:4)(cid:3)(cid:5)(cid:4)(cid:21)(cid:4)(cid:23)(cid:3)(cid:7)(cid:4)(cid:28)(cid:4),,(cid:884)(cid:887) 3.117 (cid:885)(cid:884),(cid:886)(cid:883) 14.096 (cid:890)(cid:887),(cid:888)(cid:888) 17.213 (cid:883)(cid:883)(cid:889),(cid:882) 150 (cid:882),(cid:882) 142 (cid:882),(cid:882) 292 (cid:882),(cid:882) 258 (cid:882),(cid:882) 757 (cid:882),(cid:882) 1.015 (cid:882),(cid:883) 3.640 (cid:887),(cid:887) 14.121 (cid:883)(cid:884),(cid:888) 17.761 (cid:883)(cid:889),,,,,,,,,,,,,,,,,,,,,
No,Provinsi,Tenaga Kefarmasian,,,,,,,,,,,,,,,,,,,,,,,,,,,,,,,,
,,Tenaga Kefarmasiana,,,Apoteker,,,Total,,,,,,,,,,,,,,,,,,,,,,,,,,
,,L,P,L + P,L,P,L + P,L,P,L + P,,,,,,,,,,,,,,,,,,,,,,,,
(1),(2),(3),(4),(5),(6),(7),(8),(9),(10),(11),,,,,,,,,,,,,,,,,,,,,,,,
(cid:883),(cid:4)(cid:6)(cid:8)(cid:11),(cid:889)(cid:888),(cid:890)(cid:887)(cid:883),(cid:891)(cid:884)(cid:889),(cid:886)(cid:889),(cid:885)(cid:882)(cid:891),(cid:885)(cid:887)(cid:888),(cid:883)(cid:884)(cid:885),(cid:883)(cid:484)(cid:883)(cid:888)(cid:882),(cid:883)(cid:484)(cid:884)(cid:890)(cid:885),,,,,,,,,,,,,,,,,,,,,,,,
(cid:884),(cid:22)(cid:24)(cid:16)(cid:4)(cid:23)(cid:8)(cid:21)(cid:4)(cid:3)(cid:24)(cid:23)(cid:4)(cid:21)(cid:4),(cid:883)(cid:883)(cid:884),(cid:888)(cid:882)(cid:888),(cid:889)(cid:883)(cid:890),(cid:886)(cid:883),(cid:886)(cid:885)(cid:886),(cid:886)(cid:889)(cid:887),(cid:883)(cid:887)(cid:885),(cid:883)(cid:484)(cid:882)(cid:886)(cid:882),(cid:883)(cid:484)(cid:883)(cid:891)(cid:885),,,,,,,,,,,,,,,,,,,,,,,,
(cid:885),(cid:22)(cid:24)(cid:16)(cid:4)(cid:23)(cid:8)(cid:21)(cid:4)(cid:3)(cid:5)(cid:4)(cid:21)(cid:4)(cid:23),(cid:885)(cid:891),(cid:885)(cid:888)(cid:886),(cid:886)(cid:882)(cid:885),(cid:884)(cid:890),(cid:884)(cid:884)(cid:888),(cid:884)(cid:887)(cid:886),(cid:888)(cid:889),(cid:887)(cid:891)(cid:882),(cid:888)(cid:887)(cid:889),,,,,,,,,,,,,,,,,,,,,,,,
(cid:886),(cid:21)(cid:12)(cid:4)(cid:24),(cid:886)(cid:887),(cid:885)(cid:891)(cid:891),(cid:886)(cid:886)(cid:886),(cid:886)(cid:886),(cid:884)(cid:888)(cid:887),(cid:885)(cid:882)(cid:891),(cid:890)(cid:891),(cid:888)(cid:888)(cid:886),(cid:889)(cid:887)(cid:885),,,,,,,,,,,,,,,,,,,,,,,,
(cid:887),(cid:13)(cid:4)(cid:16)(cid:5)(cid:12),(cid:884)(cid:891),(cid:884)(cid:888)(cid:887),(cid:884)(cid:891)(cid:886),(cid:884)(cid:890),(cid:884)(cid:882)(cid:891),(cid:884)(cid:885)(cid:889),(cid:887)(cid:889),(cid:886)(cid:889)(cid:886),(cid:887)(cid:885)(cid:883),,,,,,,,,,,,,,,,,,,,,,,,
(cid:888),(cid:22)(cid:24)(cid:16)(cid:4)(cid:23)(cid:8)(cid:21)(cid:4)(cid:3)(cid:22)(cid:8)(cid:15)(cid:4)(cid:23)(cid:4)(cid:17),(cid:889)(cid:883),(cid:887)(cid:888)(cid:886),(cid:888)(cid:885)(cid:887),(cid:889)(cid:885),(cid:884)(cid:890)(cid:890),(cid:885)(cid:888)(cid:883),(cid:883)(cid:886)(cid:886),(cid:890)(cid:887)(cid:884),(cid:891)(cid:891)(cid:888),,,,,,,,,,,,,,,,,,,,,,,,
(cid:889),(cid:5)(cid:8)(cid:17)(cid:10)(cid:14)(cid:24)(cid:15)(cid:24),(cid:884)(cid:888),(cid:883)(cid:891)(cid:887),(cid:884)(cid:884)(cid:883),(cid:884)(cid:884),(cid:883)(cid:888)(cid:891),(cid:883)(cid:891)(cid:883),(cid:886)(cid:890),(cid:885)(cid:888)(cid:886),(cid:886)(cid:883)(cid:884),,,,,,,,,,,,,,,,,,,,,,,,
(cid:890),(cid:15)(cid:4)(cid:16)(cid:19)(cid:24)(cid:17)(cid:10),(cid:887)(cid:882),(cid:884)(cid:883)(cid:882),(cid:884)(cid:888)(cid:882),(cid:888)(cid:885),(cid:884)(cid:888)(cid:885),(cid:885)(cid:884)(cid:888),(cid:883)(cid:883)(cid:885),(cid:886)(cid:889)(cid:885),(cid:887)(cid:890)(cid:888),,,,,,,,,,,,,,,,,,,,,,,,
(cid:891),(cid:14)(cid:8)(cid:19)(cid:24)(cid:15)(cid:4)(cid:24)(cid:4)(cid:17)(cid:3)(cid:5)(cid:4)(cid:17)(cid:10)(cid:14)(cid:4)(cid:3)(cid:5)(cid:8)(cid:15)(cid:12)(cid:23)(cid:24)(cid:17)(cid:10),(cid:883)(cid:884),(cid:890)(cid:887),(cid:891)(cid:889),(cid:884)(cid:885),(cid:888)(cid:888),(cid:890)(cid:891),(cid:885)(cid:887),(cid:883)(cid:887)(cid:883),(cid:883)(cid:890)(cid:888),,,,,,,,,,,,,,,,,,,,,,,,
(cid:883)(cid:882),(cid:14)(cid:8)(cid:19)(cid:24)(cid:15)(cid:4)(cid:24)(cid:4)(cid:17)(cid:3)(cid:21)(cid:12)(cid:4)(cid:24),(cid:884)(cid:882),(cid:889)(cid:882),(cid:891)(cid:882),(cid:884)(cid:882),(cid:891)(cid:888),(cid:883)(cid:883)(cid:888),(cid:886)(cid:882),(cid:883)(cid:888)(cid:888),(cid:884)(cid:882)(cid:888),,,,,,,,,,,,,,,,,,,,,,,,
(cid:883)(cid:883),(cid:7)(cid:14)(cid:12)(cid:3)(cid:13)(cid:4)(cid:14)(cid:4)(cid:21)(cid:23)(cid:4),(cid:883)(cid:882)(cid:890),(cid:884)(cid:888)(cid:888),(cid:885)(cid:889)(cid:886),(cid:886)(cid:886),(cid:883)(cid:882)(cid:883),(cid:883)(cid:886)(cid:887),(cid:883)(cid:887)(cid:884),(cid:885)(cid:888)(cid:889),(cid:887)(cid:883)(cid:891),,,,,,,,,,,,,,,,,,,,,,,,
(cid:883)(cid:884),(cid:13)(cid:4)(cid:26)(cid:4)(cid:3)(cid:5)(cid:4)(cid:21)(cid:4)(cid:23),(cid:883)(cid:891)(cid:883),(cid:890)(cid:886)(cid:887),(cid:883)(cid:484)(cid:882)(cid:885)(cid:888),(cid:884)(cid:890)(cid:885),(cid:891)(cid:882)(cid:884),(cid:883)(cid:484)(cid:883)(cid:890)(cid:887),(cid:886)(cid:889)(cid:886),(cid:883)(cid:484)(cid:889)(cid:886)(cid:889),(cid:884)(cid:484)(cid:884)(cid:884)(cid:883),,,,,,,,,,,,,,,,,,,,,,,,
(cid:883)(cid:885),(cid:13)(cid:4)(cid:26)(cid:4)(cid:3)(cid:23)(cid:8)(cid:17)(cid:10)(cid:4)(cid:11),(cid:883)(cid:888)(cid:885),(cid:883)(cid:484)(cid:882)(cid:884)(cid:884),(cid:883)(cid:484)(cid:883)(cid:890)(cid:887),(cid:883)(cid:886)(cid:882),(cid:889)(cid:891)(cid:883),(cid:891)(cid:885)(cid:883),(cid:885)(cid:882)(cid:885),(cid:883)(cid:484)(cid:890)(cid:883)(cid:885),(cid:884)(cid:484)(cid:883)(cid:883)(cid:888),,,,,,,,,,,,,,,,,,,,,,,,
(cid:883)(cid:886),(cid:28)(cid:18)(cid:10)(cid:28)(cid:4)(cid:14)(cid:4)(cid:21)(cid:23)(cid:4),(cid:884)(cid:885),(cid:883)(cid:887)(cid:886),(cid:883)(cid:889)(cid:889),(cid:883)(cid:888),(cid:883)(cid:885)(cid:884),(cid:883)(cid:886)(cid:890),(cid:885)(cid:891),(cid:884)(cid:890)(cid:888),(cid:885)(cid:884)(cid:887),,,,,,,,,,,,,,,,,,,,,,,,
(cid:883)(cid:887),(cid:13)(cid:4)(cid:26)(cid:4)(cid:3)(cid:23)(cid:12)(cid:16)(cid:24)(cid:21),(cid:883)(cid:887)(cid:882),(cid:891)(cid:889)(cid:883),(cid:883)(cid:484)(cid:883)(cid:884)(cid:883),(cid:883)(cid:887)(cid:889),(cid:889)(cid:886)(cid:888),(cid:891)(cid:882)(cid:885),(cid:885)(cid:882)(cid:889),(cid:883)(cid:484)(cid:889)(cid:883)(cid:889),(cid:884)(cid:484)(cid:882)(cid:884)(cid:886),,,,,,,,,,,,,,,,,,,,,,,,
(cid:883)(cid:888),(cid:5)(cid:4)(cid:17)(cid:23)(cid:8)(cid:17),(cid:885)(cid:888),(cid:883)(cid:889)(cid:886),(cid:884)(cid:883)(cid:882),(cid:888)(cid:886),(cid:884)(cid:888)(cid:890),(cid:885)(cid:885)(cid:884),(cid:883)(cid:882)(cid:882),(cid:886)(cid:886)(cid:884),(cid:887)(cid:886)(cid:884),,,,,,,,,,,,,,,,,,,,,,,,
(cid:883)(cid:889),(cid:5)(cid:4)(cid:15)(cid:12),(cid:884)(cid:891),(cid:883)(cid:885)(cid:890),(cid:883)(cid:888)(cid:889),(cid:886)(cid:885),(cid:883)(cid:882)(cid:883),(cid:883)(cid:886)(cid:886),(cid:889)(cid:884),(cid:884)(cid:885)(cid:891),(cid:885)(cid:883)(cid:883),,,,,,,,,,,,,,,,,,,,,,,,
(cid:883)(cid:890),(cid:17)(cid:24)(cid:22)(cid:4)(cid:3)(cid:23)(cid:8)(cid:17)(cid:10)(cid:10)(cid:4)(cid:21)(cid:4)(cid:3)(cid:5)(cid:4)(cid:21)(cid:4)(cid:23),(cid:883)(cid:885)(cid:887),(cid:885)(cid:890)(cid:889),(cid:887)(cid:884)(cid:884),(cid:887)(cid:891),(cid:884)(cid:884)(cid:882),(cid:884)(cid:889)(cid:891),(cid:883)(cid:891)(cid:886),(cid:888)(cid:882)(cid:889),(cid:890)(cid:882)(cid:883),,,,,,,,,,,,,,,,,,,,,,,,
(cid:883)(cid:891),(cid:17)(cid:24)(cid:22)(cid:4)(cid:3)(cid:23)(cid:8)(cid:17)(cid:10)(cid:10)(cid:4)(cid:21)(cid:4)(cid:3)(cid:23)(cid:12)(cid:16)(cid:24)(cid:21),(cid:883)(cid:887)(cid:891),(cid:888)(cid:882)(cid:882),(cid:889)(cid:887)(cid:891),(cid:888)(cid:886),(cid:884)(cid:887)(cid:887),(cid:885)(cid:883)(cid:891),(cid:884)(cid:884)(cid:885),(cid:890)(cid:887)(cid:887),(cid:883)(cid:484)(cid:882)(cid:889)(cid:890),,,,,,,,,,,,,,,,,,,,,,,,
(cid:884)(cid:882),(cid:14)(cid:4)(cid:15)(cid:12)(cid:16)(cid:4)(cid:17)(cid:23)(cid:4)(cid:17)(cid:3)(cid:5)(cid:4)(cid:21)(cid:4)(cid:23),(cid:888)(cid:889),(cid:884)(cid:885)(cid:888),(cid:885)(cid:882)(cid:885),(cid:887)(cid:890),(cid:883)(cid:890)(cid:882),(cid:884)(cid:885)(cid:890),(cid:883)(cid:884)(cid:887),(cid:886)(cid:883)(cid:888),(cid:887)(cid:886)(cid:883),,,,,,,,,,,,,,,,,,,,,,,,
(cid:884)(cid:883),(cid:14)(cid:4)(cid:15)(cid:12)(cid:16)(cid:4)(cid:17)(cid:23)(cid:4)(cid:17)(cid:3)(cid:23)(cid:8)(cid:17)(cid:10)(cid:4)(cid:11),(cid:888)(cid:889),(cid:884)(cid:884)(cid:883),(cid:884)(cid:890)(cid:890),(cid:886)(cid:891),(cid:883)(cid:888)(cid:891),(cid:884)(cid:883)(cid:890),(cid:883)(cid:883)(cid:888),(cid:885)(cid:891)(cid:882),(cid:887)(cid:882)(cid:888),,,,,,,,,,,,,,,,,,,,,,,,
(cid:884)(cid:884),(cid:14)(cid:4)(cid:15)(cid:12)(cid:16)(cid:4)(cid:17)(cid:23)(cid:4)(cid:17)(cid:3)(cid:22)(cid:8)(cid:15)(cid:4)(cid:23)(cid:4)(cid:17),(cid:888)(cid:883),(cid:885)(cid:882)(cid:882),(cid:885)(cid:888)(cid:883),(cid:890)(cid:884),(cid:884)(cid:885)(cid:885),(cid:885)(cid:883)(cid:887),(cid:883)(cid:886)(cid:885),(cid:887)(cid:885)(cid:885),(cid:888)(cid:889)(cid:888),,,,,,,,,,,,,,,,,,,,,,,,
(cid:884)(cid:885),(cid:14)(cid:4)(cid:15)(cid:12)(cid:16)(cid:4)(cid:17)(cid:23)(cid:4)(cid:17)(cid:3)(cid:23)(cid:12)(cid:16)(cid:24)(cid:21),(cid:887)(cid:883),(cid:884)(cid:886)(cid:885),(cid:884)(cid:891)(cid:886),(cid:887)(cid:888),(cid:883)(cid:889)(cid:885),(cid:884)(cid:884)(cid:891),(cid:883)(cid:882)(cid:889),(cid:886)(cid:883)(cid:888),(cid:887)(cid:884)(cid:885),,,,,,,,,,,,,,,,,,,,,,,,
(cid:884)(cid:886),(cid:14)(cid:4)(cid:15)(cid:12)(cid:16)(cid:4)(cid:17)(cid:23)(cid:4)(cid:17)(cid:3)(cid:24)(cid:23)(cid:4)(cid:21)(cid:4),(cid:883)(cid:889),(cid:889)(cid:885),(cid:891)(cid:882),(cid:883)(cid:890),(cid:886)(cid:885),(cid:888)(cid:883),(cid:885)(cid:887),(cid:883)(cid:883)(cid:888),(cid:883)(cid:887)(cid:883),,,,,,,,,,,,,,,,,,,,,,,,
(cid:884)(cid:887),(cid:22)(cid:24)(cid:15)(cid:4)(cid:26)(cid:8)(cid:22)(cid:12)(cid:3)(cid:24)(cid:23)(cid:4)(cid:21)(cid:4),(cid:885)(cid:887),(cid:884)(cid:882)(cid:884),(cid:884)(cid:885)(cid:889),(cid:885)(cid:882),(cid:883)(cid:882)(cid:886),(cid:883)(cid:885)(cid:886),(cid:888)(cid:887),(cid:885)(cid:882)(cid:888),(cid:885)(cid:889)(cid:883),,,,,,,,,,,,,,,,,,,,,,,,
(cid:884)(cid:888),(cid:22)(cid:24)(cid:15)(cid:4)(cid:26)(cid:8)(cid:22)(cid:12)(cid:3)(cid:23)(cid:8)(cid:17)(cid:10)(cid:4)(cid:11),(cid:888)(cid:887),(cid:885)(cid:891)(cid:886),(cid:886)(cid:887)(cid:891),(cid:885)(cid:886),(cid:883)(cid:890)(cid:883),(cid:884)(cid:883)(cid:887),(cid:891)(cid:891),(cid:887)(cid:889)(cid:887),(cid:888)(cid:889)(cid:886),,,,,,,,,,,,,,,,,,,,,,,,
(cid:884)(cid:889),(cid:22)(cid:24)(cid:15)(cid:4)(cid:26)(cid:8)(cid:22)(cid:12)(cid:3)(cid:22)(cid:8)(cid:15)(cid:4)(cid:23)(cid:4)(cid:17),(cid:889)(cid:891),(cid:890)(cid:882)(cid:891),(cid:890)(cid:890)(cid:890),(cid:890)(cid:889),(cid:888)(cid:882)(cid:887),(cid:888)(cid:891)(cid:884),(cid:883)(cid:888)(cid:888),(cid:883)(cid:484)(cid:886)(cid:883)(cid:886),(cid:883)(cid:484)(cid:887)(cid:890)(cid:882),,,,,,,,,,,,,,,,,,,,,,,,
(cid:884)(cid:890),(cid:22)(cid:24)(cid:15)(cid:4)(cid:26)(cid:8)(cid:22)(cid:12)(cid:3)(cid:23)(cid:8)(cid:17)(cid:10)(cid:10)(cid:4)(cid:21)(cid:4),(cid:890)(cid:885),(cid:888)(cid:889)(cid:884),(cid:889)(cid:887)(cid:887),(cid:890)(cid:883),(cid:886)(cid:882)(cid:887),(cid:886)(cid:890)(cid:888),(cid:883)(cid:888)(cid:886),(cid:883)(cid:484)(cid:882)(cid:889)(cid:889),(cid:883)(cid:484)(cid:884)(cid:886)(cid:883),,,,,,,,,,,,,,,,,,,,,,,,
(cid:884)(cid:891),(cid:10)(cid:18)(cid:21)(cid:18)(cid:17)(cid:23)(cid:4)(cid:15)(cid:18),(cid:883)(cid:885),(cid:883)(cid:884)(cid:886),(cid:883)(cid:885)(cid:889),(cid:891),(cid:888)(cid:890),(cid:889)(cid:889),(cid:884)(cid:884),(cid:883)(cid:891)(cid:884),(cid:884)(cid:883)(cid:886),,,,,,,,,,,,,,,,,,,,,,,,
(cid:885)(cid:882),(cid:22)(cid:24)(cid:15)(cid:4)(cid:26)(cid:8)(cid:22)(cid:12)(cid:3)(cid:5)(cid:4)(cid:21)(cid:4)(cid:23),(cid:884)(cid:883),(cid:883)(cid:890)(cid:883),(cid:884)(cid:882)(cid:884),(cid:884)(cid:889),(cid:890)(cid:889),(cid:883)(cid:883)(cid:886),(cid:886)(cid:890),(cid:884)(cid:888)(cid:890),(cid:885)(cid:883)(cid:888),,,,,,,,,,,,,,,,,,,,,,,,
(cid:885)(cid:883),(cid:16)(cid:4)(cid:15)(cid:24)(cid:14)(cid:24),(cid:885)(cid:887),(cid:883)(cid:890)(cid:886),(cid:884)(cid:883)(cid:891),(cid:885)(cid:888),(cid:883)(cid:883)(cid:890),(cid:883)(cid:887)(cid:886),(cid:889)(cid:883),(cid:885)(cid:882)(cid:884),(cid:885)(cid:889)(cid:885),,,,,,,,,,,,,,,,,,,,,,,,
(cid:885)(cid:884),(cid:16)(cid:4)(cid:15)(cid:24)(cid:14)(cid:24)(cid:3)(cid:24)(cid:23)(cid:4)(cid:21)(cid:4),(cid:884)(cid:889),(cid:883)(cid:889)(cid:890),(cid:884)(cid:882)(cid:887),(cid:884)(cid:882),(cid:883)(cid:882)(cid:887),(cid:883)(cid:884)(cid:887),(cid:886)(cid:889),(cid:884)(cid:890)(cid:885),(cid:885)(cid:885)(cid:882),,,,,,,,,,,,,,,,,,,,,,,,
(cid:885)(cid:885),(cid:19)(cid:4)(cid:19)(cid:24)(cid:4),(cid:885)(cid:889),(cid:883)(cid:884)(cid:885),(cid:883)(cid:888)(cid:882),(cid:883)(cid:886),(cid:887)(cid:889),(cid:889)(cid:883),(cid:887)(cid:883),(cid:883)(cid:890)(cid:882),(cid:884)(cid:885)(cid:883),,,,,,,,,,,,,,,,,,,,,,,,
(cid:885)(cid:886),(cid:19)(cid:4)(cid:19)(cid:24)(cid:4)(cid:3)(cid:5)(cid:4)(cid:21)(cid:4)(cid:23),(cid:883)(cid:886),(cid:887)(cid:887),(cid:888)(cid:891),(cid:883)(cid:885),(cid:888)(cid:886),(cid:889)(cid:889),(cid:884)(cid:889),(cid:883)(cid:883)(cid:891),(cid:883)(cid:886)(cid:888),,,,,,,,,,,,,,,,,,,,,,,,
(cid:885)(cid:887),(cid:19)(cid:4)(cid:19)(cid:24)(cid:4)(cid:3)(cid:22)(cid:8)(cid:15)(cid:4)(cid:23)(cid:4)(cid:17),(cid:883)(cid:888),(cid:886)(cid:891),(cid:888)(cid:887),(cid:883)(cid:883),(cid:884)(cid:888),(cid:885)(cid:889),(cid:884)(cid:889),(cid:889)(cid:887),(cid:883)(cid:882)(cid:884),,,,,,,,,,,,,,,,,,,,,,,,
(cid:885)(cid:888),(cid:19)(cid:4)(cid:19)(cid:24)(cid:4)(cid:3)(cid:23)(cid:8)(cid:17)(cid:10)(cid:4)(cid:11),(cid:883)(cid:885),(cid:886)(cid:890),(cid:888)(cid:883),(cid:883)(cid:887),(cid:887)(cid:888),(cid:889)(cid:883),(cid:884)(cid:890),(cid:883)(cid:882)(cid:886),(cid:883)(cid:885)(cid:884),,,,,,,,,,,,,,,,,,,,,,,,
(cid:885)(cid:889) (cid:19)(cid:4)(cid:19)(cid:24)(cid:4)(cid:3)(cid:19)(cid:8)(cid:10)(cid:24)(cid:17)(cid:24)(cid:17)(cid:10)(cid:4)(cid:17) Indonesia (cid:885)(cid:890) (cid:19)(cid:4)(cid:19)(cid:24)(cid:4)(cid:3)(cid:5)(cid:4)(cid:21)(cid:4)(cid:23)(cid:3)(cid:7)(cid:4)(cid:28)(cid:4),,(cid:884)(cid:887) 2.213 (cid:883)(cid:885),(cid:886)(cid:883) 12.348 (cid:886)(cid:891),(cid:888)(cid:888) 14.561 (cid:888)(cid:884),(cid:888) 1.922 (cid:883)(cid:889),(cid:884)(cid:891) 8.610 (cid:888)(cid:888),(cid:885)(cid:887) 10.532 (cid:890)(cid:885),(cid:885)(cid:883) 4.135 (cid:885)(cid:882),(cid:889)(cid:882) 20.958 (cid:883)(cid:883)(cid:887),(cid:883)(cid:882)(cid:883) 25.093 (cid:883)(cid:886)(cid:887),,,,,,,,,,,,,,,,,,,,,,,,
No,Provinsi,Tenaga Kefarmasian,,,,,,,,,,,,,,,,,,,,,,,,,,,,,,,,
,,Tenaga Kefarmasian,,,Apoteker,,,Total,,,,,,,,,,,,,,,,,,,,,,,,,,
,,L,P,L + P,L,P,L + P,L,P,L + P,,,,,,,,,,,,,,,,,,,,,,,,
(1),(2),(3),(4),(5),(6),(7),(8),(9),(10),(11),,,,,,,,,,,,,,,,,,,,,,,,
(cid:883),(cid:4)(cid:6)(cid:8)(cid:11),(cid:883)(cid:885)(cid:883),(cid:883)(cid:484)(cid:882)(cid:888)(cid:891),(cid:883)(cid:484)(cid:884)(cid:882)(cid:882),(cid:888)(cid:884),(cid:886)(cid:883)(cid:883),(cid:886)(cid:889)(cid:885),(cid:883)(cid:891)(cid:885),(cid:883)(cid:484)(cid:886)(cid:890)(cid:882),(cid:883)(cid:484)(cid:888)(cid:889)(cid:885),,,,,,,,,,,,,,,,,,,,,,,,
(cid:884),(cid:22)(cid:24)(cid:16)(cid:4)(cid:23)(cid:8)(cid:21)(cid:4)(cid:3)(cid:24)(cid:23)(cid:4)(cid:21)(cid:4),(cid:883)(cid:885)(cid:891),(cid:883)(cid:484)(cid:883)(cid:890)(cid:890),(cid:883)(cid:484)(cid:885)(cid:884)(cid:889),(cid:883)(cid:883)(cid:887),(cid:888)(cid:882)(cid:891),(cid:889)(cid:884)(cid:886),(cid:884)(cid:887)(cid:886),(cid:883)(cid:484)(cid:889)(cid:891)(cid:889),(cid:884)(cid:484)(cid:882)(cid:887)(cid:883),,,,,,,,,,,,,,,,,,,,,,,,
(cid:885),(cid:22)(cid:24)(cid:16)(cid:4)(cid:23)(cid:8)(cid:21)(cid:4)(cid:3)(cid:5)(cid:4)(cid:21)(cid:4)(cid:23),(cid:883)(cid:883)(cid:888),(cid:890)(cid:886)(cid:888),(cid:891)(cid:888)(cid:884),(cid:888)(cid:887),(cid:885)(cid:890)(cid:888),(cid:886)(cid:887)(cid:883),(cid:883)(cid:890)(cid:883),(cid:883)(cid:484)(cid:884)(cid:885)(cid:884),(cid:883)(cid:484)(cid:886)(cid:883)(cid:885),,,,,,,,,,,,,,,,,,,,,,,,
(cid:886),(cid:21)(cid:12)(cid:4)(cid:24),(cid:891)(cid:888),(cid:888)(cid:891)(cid:887),(cid:889)(cid:891)(cid:883),(cid:888)(cid:885),(cid:886)(cid:889)(cid:886),(cid:887)(cid:885)(cid:889),(cid:883)(cid:887)(cid:891),(cid:883)(cid:484)(cid:883)(cid:888)(cid:891),(cid:883)(cid:484)(cid:885)(cid:884)(cid:890),,,,,,,,,,,,,,,,,,,,,,,,
(cid:887),(cid:13)(cid:4)(cid:16)(cid:5)(cid:12),(cid:886)(cid:889),(cid:886)(cid:882)(cid:884),(cid:886)(cid:886)(cid:891),(cid:885)(cid:891),(cid:884)(cid:886)(cid:890),(cid:884)(cid:890)(cid:889),(cid:890)(cid:888),(cid:888)(cid:887)(cid:882),(cid:889)(cid:885)(cid:888),,,,,,,,,,,,,,,,,,,,,,,,
(cid:888),(cid:22)(cid:24)(cid:16)(cid:4)(cid:23)(cid:8)(cid:21)(cid:4)(cid:3)(cid:22)(cid:8)(cid:15)(cid:4)(cid:23)(cid:4)(cid:17),(cid:883)(cid:886)(cid:891),(cid:891)(cid:887)(cid:885),(cid:883)(cid:484)(cid:883)(cid:882)(cid:884),(cid:891)(cid:885),(cid:885)(cid:890)(cid:890),(cid:886)(cid:890)(cid:883),(cid:884)(cid:886)(cid:884),(cid:883)(cid:484)(cid:885)(cid:886)(cid:883),(cid:883)(cid:484)(cid:887)(cid:890)(cid:885),,,,,,,,,,,,,,,,,,,,,,,,
(cid:889),(cid:5)(cid:8)(cid:17)(cid:10)(cid:14)(cid:24)(cid:15)(cid:24),(cid:885)(cid:887),(cid:884)(cid:885)(cid:884),(cid:884)(cid:888)(cid:889),(cid:885)(cid:886),(cid:883)(cid:887)(cid:886),(cid:883)(cid:890)(cid:890),(cid:888)(cid:891),(cid:885)(cid:890)(cid:888),(cid:886)(cid:887)(cid:887),,,,,,,,,,,,,,,,,,,,,,,,
(cid:890),(cid:15)(cid:4)(cid:16)(cid:19)(cid:24)(cid:17)(cid:10),(cid:891)(cid:887),(cid:885)(cid:890)(cid:889),(cid:886)(cid:890)(cid:884),(cid:890)(cid:887),(cid:884)(cid:888)(cid:888),(cid:885)(cid:887)(cid:883),(cid:883)(cid:890)(cid:882),(cid:888)(cid:887)(cid:885),(cid:890)(cid:885)(cid:885),,,,,,,,,,,,,,,,,,,,,,,,
(cid:891),(cid:14)(cid:8)(cid:19)(cid:24)(cid:15)(cid:4)(cid:24)(cid:4)(cid:17)(cid:3)(cid:5)(cid:4)(cid:17)(cid:10)(cid:14)(cid:4)(cid:3)(cid:5)(cid:8)(cid:15)(cid:12)(cid:23)(cid:24)(cid:17)(cid:10),(cid:886)(cid:890),(cid:883)(cid:891)(cid:889),(cid:884)(cid:886)(cid:887),(cid:884)(cid:884),(cid:890)(cid:891),(cid:883)(cid:883)(cid:883),(cid:889)(cid:882),(cid:884)(cid:890)(cid:888),(cid:885)(cid:887)(cid:888),,,,,,,,,,,,,,,,,,,,,,,,
(cid:883)(cid:882),(cid:14)(cid:8)(cid:19)(cid:24)(cid:15)(cid:4)(cid:24)(cid:4)(cid:17)(cid:3)(cid:21)(cid:12)(cid:4)(cid:24),(cid:887)(cid:891),(cid:884)(cid:886)(cid:888),(cid:885)(cid:882)(cid:887),(cid:887)(cid:887),(cid:883)(cid:888)(cid:890),(cid:884)(cid:884)(cid:885),(cid:883)(cid:883)(cid:886),(cid:886)(cid:883)(cid:886),(cid:887)(cid:884)(cid:890),,,,,,,,,,,,,,,,,,,,,,,,
(cid:883)(cid:883),(cid:7)(cid:14)(cid:12)(cid:3)(cid:13)(cid:4)(cid:14)(cid:4)(cid:21)(cid:23)(cid:4),(cid:889)(cid:885)(cid:884),(cid:885)(cid:484)(cid:883)(cid:883)(cid:884),(cid:885)(cid:484)(cid:890)(cid:886)(cid:886),(cid:885)(cid:885)(cid:887),(cid:883)(cid:484)(cid:884)(cid:884)(cid:891),(cid:883)(cid:484)(cid:887)(cid:888)(cid:886),(cid:883)(cid:484)(cid:882)(cid:888)(cid:889),(cid:886)(cid:484)(cid:885)(cid:886)(cid:883),(cid:887)(cid:484)(cid:886)(cid:882)(cid:890),,,,,,,,,,,,,,,,,,,,,,,,
(cid:883)(cid:884),(cid:13)(cid:4)(cid:26)(cid:4)(cid:3)(cid:5)(cid:4)(cid:21)(cid:4)(cid:23),(cid:883)(cid:484)(cid:882)(cid:889)(cid:883),(cid:886)(cid:484)(cid:886)(cid:889)(cid:888),(cid:887)(cid:484)(cid:887)(cid:886)(cid:889),(cid:887)(cid:888)(cid:883),(cid:884)(cid:484)(cid:884)(cid:883)(cid:886),(cid:884)(cid:484)(cid:889)(cid:889)(cid:887),(cid:883)(cid:484)(cid:888)(cid:885)(cid:884),(cid:888)(cid:484)(cid:888)(cid:891)(cid:882),(cid:890)(cid:484)(cid:885)(cid:884)(cid:884),,,,,,,,,,,,,,,,,,,,,,,,
(cid:883)(cid:885),(cid:13)(cid:4)(cid:26)(cid:4)(cid:3)(cid:23)(cid:8)(cid:17)(cid:10)(cid:4)(cid:11),(cid:889)(cid:883)(cid:889),(cid:886)(cid:484)(cid:886)(cid:889)(cid:891),(cid:887)(cid:484)(cid:883)(cid:891)(cid:888),(cid:885)(cid:887)(cid:885),(cid:884)(cid:484)(cid:882)(cid:884)(cid:883),(cid:884)(cid:484)(cid:885)(cid:889)(cid:886),(cid:883)(cid:484)(cid:882)(cid:889)(cid:882),(cid:888)(cid:484)(cid:887)(cid:882)(cid:882),(cid:889)(cid:484)(cid:887)(cid:889)(cid:882),,,,,,,,,,,,,,,,,,,,,,,,
(cid:883)(cid:886),(cid:28)(cid:18)(cid:10)(cid:28)(cid:4)(cid:14)(cid:4)(cid:21)(cid:23)(cid:4),(cid:883)(cid:883)(cid:885),(cid:890)(cid:890)(cid:882),(cid:891)(cid:891)(cid:885),(cid:888)(cid:887),(cid:886)(cid:888)(cid:888),(cid:887)(cid:885)(cid:883),(cid:883)(cid:889)(cid:890),(cid:883)(cid:484)(cid:885)(cid:886)(cid:888),(cid:883)(cid:484)(cid:887)(cid:884)(cid:886),,,,,,,,,,,,,,,,,,,,,,,,
(cid:883)(cid:887),(cid:13)(cid:4)(cid:26)(cid:4)(cid:3)(cid:23)(cid:12)(cid:16)(cid:24)(cid:21),(cid:888)(cid:891)(cid:884),(cid:886)(cid:484)(cid:885)(cid:884)(cid:890),(cid:887)(cid:484)(cid:882)(cid:884)(cid:882),(cid:885)(cid:891)(cid:884),(cid:883)(cid:484)(cid:891)(cid:891)(cid:885),(cid:884)(cid:484)(cid:885)(cid:890)(cid:887),(cid:883)(cid:484)(cid:882)(cid:890)(cid:886),(cid:888)(cid:484)(cid:885)(cid:884)(cid:883),(cid:889)(cid:484)(cid:886)(cid:882)(cid:887),,,,,,,,,,,,,,,,,,,,,,,,
(cid:883)(cid:888),(cid:5)(cid:4)(cid:17)(cid:23)(cid:8)(cid:17),(cid:884)(cid:888)(cid:888),(cid:883)(cid:484)(cid:883)(cid:888)(cid:887),(cid:883)(cid:484)(cid:886)(cid:885)(cid:883),(cid:883)(cid:885)(cid:888),(cid:889)(cid:886)(cid:886),(cid:890)(cid:890)(cid:882),(cid:886)(cid:882)(cid:884),(cid:883)(cid:484)(cid:891)(cid:882)(cid:891),(cid:884)(cid:484)(cid:885)(cid:883)(cid:883),,,,,,,,,,,,,,,,,,,,,,,,
(cid:883)(cid:889),(cid:5)(cid:4)(cid:15)(cid:12),(cid:883)(cid:882)(cid:886),(cid:888)(cid:886)(cid:882),(cid:889)(cid:886)(cid:886),(cid:883)(cid:884)(cid:885),(cid:885)(cid:882)(cid:884),(cid:886)(cid:884)(cid:887),(cid:884)(cid:884)(cid:889),(cid:891)(cid:886)(cid:884),(cid:883)(cid:484)(cid:883)(cid:888)(cid:891),,,,,,,,,,,,,,,,,,,,,,,,
(cid:883)(cid:890),(cid:17)(cid:24)(cid:22)(cid:4)(cid:3)(cid:23)(cid:8)(cid:17)(cid:10)(cid:10)(cid:4)(cid:21)(cid:4)(cid:3)(cid:5)(cid:4)(cid:21)(cid:4)(cid:23),(cid:883)(cid:890)(cid:883),(cid:886)(cid:883)(cid:888),(cid:887)(cid:891)(cid:889),(cid:891)(cid:890),(cid:884)(cid:887)(cid:890),(cid:885)(cid:887)(cid:888),(cid:884)(cid:889)(cid:891),(cid:888)(cid:889)(cid:886),(cid:891)(cid:887)(cid:885),,,,,,,,,,,,,,,,,,,,,,,,
(cid:883)(cid:891),(cid:17)(cid:24)(cid:22)(cid:4)(cid:3)(cid:23)(cid:8)(cid:17)(cid:10)(cid:10)(cid:4)(cid:21)(cid:4)(cid:3)(cid:23)(cid:12)(cid:16)(cid:24)(cid:21),(cid:890)(cid:884),(cid:886)(cid:882)(cid:883),(cid:886)(cid:890)(cid:885),(cid:887)(cid:884),(cid:884)(cid:887)(cid:886),(cid:885)(cid:882)(cid:888),(cid:883)(cid:885)(cid:886),(cid:888)(cid:887)(cid:887),(cid:889)(cid:890)(cid:891),,,,,,,,,,,,,,,,,,,,,,,,
(cid:884)(cid:882),(cid:14)(cid:4)(cid:15)(cid:12)(cid:16)(cid:4)(cid:17)(cid:23)(cid:4)(cid:17)(cid:3)(cid:5)(cid:4)(cid:21)(cid:4)(cid:23),(cid:883)(cid:883)(cid:885),(cid:885)(cid:886)(cid:882),(cid:886)(cid:887)(cid:885),(cid:889)(cid:889),(cid:884)(cid:885)(cid:889),(cid:885)(cid:883)(cid:886),(cid:883)(cid:891)(cid:882),(cid:887)(cid:889)(cid:889),(cid:889)(cid:888)(cid:889),,,,,,,,,,,,,,,,,,,,,,,,
(cid:884)(cid:883),(cid:14)(cid:4)(cid:15)(cid:12)(cid:16)(cid:4)(cid:17)(cid:23)(cid:4)(cid:17)(cid:3)(cid:23)(cid:8)(cid:17)(cid:10)(cid:4)(cid:11),(cid:889)(cid:883),(cid:884)(cid:884)(cid:889),(cid:884)(cid:891)(cid:890),(cid:885)(cid:889),(cid:883)(cid:891)(cid:890),(cid:884)(cid:885)(cid:887),(cid:883)(cid:882)(cid:890),(cid:886)(cid:884)(cid:887),(cid:887)(cid:885)(cid:885),,,,,,,,,,,,,,,,,,,,,,,,
(cid:884)(cid:884),(cid:14)(cid:4)(cid:15)(cid:12)(cid:16)(cid:4)(cid:17)(cid:23)(cid:4)(cid:17)(cid:3)(cid:22)(cid:8)(cid:15)(cid:4)(cid:23)(cid:4)(cid:17),(cid:883)(cid:889)(cid:882),(cid:887)(cid:887)(cid:884),(cid:889)(cid:884)(cid:884),(cid:891)(cid:890),(cid:884)(cid:889)(cid:891),(cid:885)(cid:889)(cid:889),(cid:884)(cid:888)(cid:890),(cid:890)(cid:885)(cid:883),(cid:883)(cid:484)(cid:882)(cid:891)(cid:891),,,,,,,,,,,,,,,,,,,,,,,,
(cid:884)(cid:885),(cid:14)(cid:4)(cid:15)(cid:12)(cid:16)(cid:4)(cid:17)(cid:23)(cid:4)(cid:17)(cid:3)(cid:23)(cid:12)(cid:16)(cid:24)(cid:21),(cid:883)(cid:890)(cid:888),(cid:887)(cid:890)(cid:889),(cid:889)(cid:889)(cid:885),(cid:890)(cid:890),(cid:885)(cid:886)(cid:885),(cid:886)(cid:885)(cid:883),(cid:884)(cid:889)(cid:886),(cid:891)(cid:885)(cid:882),(cid:883)(cid:484)(cid:884)(cid:882)(cid:886),,,,,,,,,,,,,,,,,,,,,,,,
(cid:884)(cid:886),(cid:14)(cid:4)(cid:15)(cid:12)(cid:16)(cid:4)(cid:17)(cid:23)(cid:4)(cid:17)(cid:3)(cid:24)(cid:23)(cid:4)(cid:21)(cid:4),(cid:886)(cid:882),(cid:883)(cid:889)(cid:882),(cid:884)(cid:883)(cid:882),(cid:884)(cid:888),(cid:891)(cid:883),(cid:883)(cid:883)(cid:889),(cid:888)(cid:888),(cid:884)(cid:888)(cid:883),(cid:885)(cid:884)(cid:889),,,,,,,,,,,,,,,,,,,,,,,,
(cid:884)(cid:887),(cid:22)(cid:24)(cid:15)(cid:4)(cid:26)(cid:8)(cid:22)(cid:12)(cid:3)(cid:24)(cid:23)(cid:4)(cid:21)(cid:4),(cid:883)(cid:882)(cid:891),(cid:885)(cid:884)(cid:882),(cid:886)(cid:884)(cid:891),(cid:889)(cid:884),(cid:884)(cid:883)(cid:890),(cid:884)(cid:891)(cid:882),(cid:883)(cid:890)(cid:883),(cid:887)(cid:885)(cid:890),(cid:889)(cid:883)(cid:891),,,,,,,,,,,,,,,,,,,,,,,,
(cid:884)(cid:888),(cid:22)(cid:24)(cid:15)(cid:4)(cid:26)(cid:8)(cid:22)(cid:12)(cid:3)(cid:23)(cid:8)(cid:17)(cid:10)(cid:4)(cid:11),(cid:891)(cid:882),(cid:885)(cid:887)(cid:891),(cid:886)(cid:886)(cid:891),(cid:886)(cid:891),(cid:884)(cid:882)(cid:882),(cid:884)(cid:886)(cid:891),(cid:883)(cid:885)(cid:891),(cid:887)(cid:887)(cid:891),(cid:888)(cid:891)(cid:890),,,,,,,,,,,,,,,,,,,,,,,,
(cid:884)(cid:889),(cid:22)(cid:24)(cid:15)(cid:4)(cid:26)(cid:8)(cid:22)(cid:12)(cid:3)(cid:22)(cid:8)(cid:15)(cid:4)(cid:23)(cid:4)(cid:17),(cid:883)(cid:890)(cid:884),(cid:883)(cid:484)(cid:883)(cid:885)(cid:891),(cid:883)(cid:484)(cid:885)(cid:884)(cid:883),(cid:883)(cid:887)(cid:887),(cid:890)(cid:891)(cid:888),(cid:883)(cid:484)(cid:882)(cid:887)(cid:883),(cid:885)(cid:885)(cid:889),(cid:884)(cid:484)(cid:882)(cid:885)(cid:887),(cid:884)(cid:484)(cid:885)(cid:889)(cid:884),,,,,,,,,,,,,,,,,,,,,,,,
(cid:884)(cid:890),(cid:22)(cid:24)(cid:15)(cid:4)(cid:26)(cid:8)(cid:22)(cid:12)(cid:3)(cid:23)(cid:8)(cid:17)(cid:10)(cid:10)(cid:4)(cid:21)(cid:4),(cid:886)(cid:884),(cid:884)(cid:889)(cid:886),(cid:885)(cid:883)(cid:888),(cid:887)(cid:883),(cid:884)(cid:889)(cid:883),(cid:885)(cid:884)(cid:884),(cid:891)(cid:885),(cid:887)(cid:886)(cid:887),(cid:888)(cid:885)(cid:890),,,,,,,,,,,,,,,,,,,,,,,,
(cid:884)(cid:891),(cid:10)(cid:18)(cid:21)(cid:18)(cid:17)(cid:23)(cid:4)(cid:15)(cid:18),(cid:885)(cid:885),(cid:883)(cid:887)(cid:888),(cid:883)(cid:890)(cid:891),(cid:884)(cid:888),(cid:890)(cid:884),(cid:883)(cid:882)(cid:890),(cid:887)(cid:891),(cid:884)(cid:885)(cid:890),(cid:884)(cid:891)(cid:889),,,,,,,,,,,,,,,,,,,,,,,,
(cid:885)(cid:882),(cid:22)(cid:24)(cid:15)(cid:4)(cid:26)(cid:8)(cid:22)(cid:12)(cid:3)(cid:5)(cid:4)(cid:21)(cid:4)(cid:23),(cid:883)(cid:884),(cid:891)(cid:891),(cid:883)(cid:883)(cid:883),(cid:883)(cid:884),(cid:890)(cid:891),(cid:883)(cid:882)(cid:883),(cid:884)(cid:886),(cid:883)(cid:890)(cid:890),(cid:884)(cid:883)(cid:884),,,,,,,,,,,,,,,,,,,,,,,,
(cid:885)(cid:883),(cid:16)(cid:4)(cid:15)(cid:24)(cid:14)(cid:24),(cid:883)(cid:889),(cid:883)(cid:882)(cid:883),(cid:883)(cid:883)(cid:890),(cid:883)(cid:884),(cid:883)(cid:882)(cid:889),(cid:883)(cid:883)(cid:891),(cid:884)(cid:891),(cid:884)(cid:882)(cid:890),(cid:884)(cid:885)(cid:889),,,,,,,,,,,,,,,,,,,,,,,,
(cid:885)(cid:884),(cid:16)(cid:4)(cid:15)(cid:24)(cid:14)(cid:24)(cid:3)(cid:24)(cid:23)(cid:4)(cid:21)(cid:4),(cid:883)(cid:884),(cid:883)(cid:883)(cid:889),(cid:883)(cid:884)(cid:891),(cid:884)(cid:882),(cid:883)(cid:882)(cid:887),(cid:883)(cid:884)(cid:887),(cid:885)(cid:884),(cid:884)(cid:884)(cid:884),(cid:884)(cid:887)(cid:886),,,,,,,,,,,,,,,,,,,,,,,,
(cid:885)(cid:885),(cid:19)(cid:4)(cid:19)(cid:24)(cid:4),(cid:885)(cid:890),(cid:883)(cid:884)(cid:890),(cid:883)(cid:888)(cid:888),(cid:884)(cid:887),(cid:883)(cid:883)(cid:883),(cid:883)(cid:885)(cid:888),(cid:888)(cid:885),(cid:884)(cid:885)(cid:891),(cid:885)(cid:882)(cid:884),,,,,,,,,,,,,,,,,,,,,,,,
(cid:885)(cid:886),(cid:19)(cid:4)(cid:19)(cid:24)(cid:4)(cid:3)(cid:5)(cid:4)(cid:21)(cid:4)(cid:23),(cid:883)(cid:891),(cid:888)(cid:890),(cid:890)(cid:889),(cid:883)(cid:882),(cid:888)(cid:888),(cid:889)(cid:888),(cid:884)(cid:891),(cid:883)(cid:885)(cid:886),(cid:883)(cid:888)(cid:885),,,,,,,,,,,,,,,,,,,,,,,,
(cid:885)(cid:887),(cid:19)(cid:4)(cid:19)(cid:24)(cid:4)(cid:3)(cid:22)(cid:8)(cid:15)(cid:4)(cid:23)(cid:4)(cid:17),(cid:887),(cid:884)(cid:889),(cid:885)(cid:884),(cid:883)(cid:885),(cid:885)(cid:882),(cid:886)(cid:885),(cid:883)(cid:890),(cid:887)(cid:889),(cid:889)(cid:887),,,,,,,,,,,,,,,,,,,,,,,,
(cid:885)(cid:888),(cid:19)(cid:4)(cid:19)(cid:24)(cid:4)(cid:3)(cid:23)(cid:8)(cid:17)(cid:10)(cid:4)(cid:11),(cid:883)(cid:882),(cid:885)(cid:883),(cid:886)(cid:883),(cid:883)(cid:882),(cid:887)(cid:884),(cid:888)(cid:884),(cid:884)(cid:882),(cid:890)(cid:885),(cid:883)(cid:882)(cid:885),,,,,,,,,,,,,,,,,,,,,,,,
(cid:885)(cid:889) (cid:19)(cid:4)(cid:19)(cid:24)(cid:4)(cid:3)(cid:19)(cid:8)(cid:10)(cid:24)(cid:17)(cid:24)(cid:17)(cid:10)(cid:4)(cid:17) Indonesia (cid:885)(cid:890) (cid:19)(cid:4)(cid:19)(cid:24)(cid:4)(cid:3)(cid:5)(cid:4)(cid:21)(cid:4)(cid:23)(cid:3)(cid:7)(cid:4)(cid:28)(cid:4),,(cid:883)(cid:882) 6.039 (cid:889),(cid:884)(cid:891) 30.869 (cid:885)(cid:885),(cid:885)(cid:891) 36.908 (cid:886)(cid:882),(cid:883)(cid:882) 3.548 (cid:891),(cid:885)(cid:885) 16.127 (cid:886)(cid:887),(cid:886)(cid:885) 19.675 (cid:887)(cid:886),(cid:884)(cid:882) 9.587 (cid:883)(cid:888),(cid:888)(cid:884) 46.996 (cid:889)(cid:890),(cid:890)(cid:884) 56.583 (cid:891)(cid:886),,,,,,,,,,,,,,,,,,,,,,,,
No,Provinsi,Tenaga Penunjang/Pendukung Kesehatan,,,,,,,,,Total,,,,,,,,,,,,,,,,,,,,,,,
,,Pejabat Struktural,,,Tenaga Pendidik,,,Tenaga Dukungan Manajemen,,,,,,,,,,,,,,,,,,,,,,,,,,
,,L,P,L+P,L,P,L+P,L,P,L+P,L,P,L+P,,,,,,,,,,,,,,,,,,,,,
(1),(2),(3),(4),(5),(6),(7),(8),(9),(10),(11),(12),(13),(14),,,,,,,,,,,,,,,,,,,,,
(cid:883),(cid:4)(cid:6)(cid:8)(cid:11),(cid:886)(cid:882)(cid:886),(cid:886)(cid:882)(cid:891),(cid:890)(cid:883)(cid:885),(cid:883)(cid:886),(cid:883)(cid:885),(cid:884)(cid:889),(cid:888)(cid:484)(cid:887)(cid:887)(cid:886),(cid:888)(cid:484)(cid:883)(cid:884)(cid:882),(cid:883)(cid:884)(cid:484)(cid:888)(cid:889)(cid:886),(cid:888)(cid:484)(cid:891)(cid:889)(cid:884),(cid:888)(cid:484)(cid:887)(cid:886)(cid:884),(cid:883)(cid:885)(cid:484)(cid:887)(cid:883)(cid:886),,,,,,,,,,,,,,,,,,,,,
(cid:884),(cid:22)(cid:24)(cid:16)(cid:4)(cid:23)(cid:8)(cid:21)(cid:4)(cid:3)(cid:24)(cid:23)(cid:4)(cid:21)(cid:4),(cid:887)(cid:883)(cid:888),(cid:889)(cid:890)(cid:890),(cid:883)(cid:484)(cid:885)(cid:882)(cid:886),(cid:883)(cid:890),(cid:883)(cid:891),(cid:885)(cid:889),(cid:889)(cid:484)(cid:891)(cid:887)(cid:884),(cid:883)(cid:882)(cid:484)(cid:882)(cid:886)(cid:887),(cid:883)(cid:889)(cid:484)(cid:891)(cid:891)(cid:889),(cid:890)(cid:484)(cid:886)(cid:890)(cid:888),(cid:883)(cid:882)(cid:484)(cid:890)(cid:887)(cid:884),(cid:883)(cid:891)(cid:484)(cid:885)(cid:885)(cid:890),,,,,,,,,,,,,,,,,,,,,
(cid:885),(cid:22)(cid:24)(cid:16)(cid:4)(cid:23)(cid:8)(cid:21)(cid:4)(cid:3)(cid:5)(cid:4)(cid:21)(cid:4)(cid:23),(cid:884)(cid:888)(cid:886),(cid:887)(cid:890)(cid:885),(cid:890)(cid:886)(cid:889),(cid:886),(cid:890),(cid:883)(cid:884),(cid:886)(cid:484)(cid:883)(cid:883)(cid:885),(cid:887)(cid:484)(cid:883)(cid:887)(cid:882),(cid:891)(cid:484)(cid:884)(cid:888)(cid:885),(cid:886)(cid:484)(cid:885)(cid:890)(cid:883),(cid:887)(cid:484)(cid:889)(cid:886)(cid:883),(cid:883)(cid:882)(cid:484)(cid:883)(cid:884)(cid:884),,,,,,,,,,,,,,,,,,,,,
(cid:886),(cid:21)(cid:12)(cid:4)(cid:24),(cid:884)(cid:887)(cid:886),(cid:885)(cid:885)(cid:889),(cid:887)(cid:891)(cid:883),(cid:883)(cid:887),(cid:883)(cid:882),(cid:884)(cid:887),(cid:887)(cid:484)(cid:889)(cid:891)(cid:889),(cid:888)(cid:484)(cid:889)(cid:886)(cid:885),(cid:883)(cid:884)(cid:484)(cid:887)(cid:886)(cid:882),(cid:888)(cid:484)(cid:882)(cid:888)(cid:888),(cid:889)(cid:484)(cid:882)(cid:891)(cid:882),(cid:883)(cid:885)(cid:484)(cid:883)(cid:887)(cid:888),,,,,,,,,,,,,,,,,,,,,
(cid:887),(cid:13)(cid:4)(cid:16)(cid:5)(cid:12),(cid:884)(cid:887)(cid:884),(cid:884)(cid:882)(cid:889),(cid:886)(cid:887)(cid:891),(cid:885),(cid:885),(cid:888),(cid:885)(cid:484)(cid:883)(cid:888)(cid:890),(cid:885)(cid:484)(cid:887)(cid:889)(cid:891),(cid:888)(cid:484)(cid:889)(cid:886)(cid:889),(cid:885)(cid:484)(cid:886)(cid:884)(cid:885),(cid:885)(cid:484)(cid:889)(cid:890)(cid:891),(cid:889)(cid:484)(cid:884)(cid:883)(cid:884),,,,,,,,,,,,,,,,,,,,,
(cid:888),(cid:22)(cid:24)(cid:16)(cid:4)(cid:23)(cid:8)(cid:21)(cid:4)(cid:3)(cid:22)(cid:8)(cid:15)(cid:4)(cid:23)(cid:4)(cid:17),(cid:885)(cid:888)(cid:883),(cid:887)(cid:888)(cid:884),(cid:891)(cid:884)(cid:885),(cid:886),(cid:890),(cid:883)(cid:884),(cid:888)(cid:484)(cid:883)(cid:887)(cid:882),(cid:888)(cid:484)(cid:890)(cid:889)(cid:886),(cid:883)(cid:885)(cid:484)(cid:882)(cid:884)(cid:886),(cid:888)(cid:484)(cid:887)(cid:883)(cid:887),(cid:889)(cid:484)(cid:886)(cid:886)(cid:886),(cid:883)(cid:885)(cid:484)(cid:891)(cid:887)(cid:891),,,,,,,,,,,,,,,,,,,,,
(cid:889),(cid:5)(cid:8)(cid:17)(cid:10)(cid:14)(cid:24)(cid:15)(cid:24),(cid:883)(cid:888)(cid:883),(cid:884)(cid:884)(cid:888),(cid:885)(cid:890)(cid:889),(cid:886),(cid:890),(cid:883)(cid:884),(cid:883)(cid:484)(cid:886)(cid:882)(cid:883),(cid:884)(cid:484)(cid:882)(cid:888)(cid:885),(cid:885)(cid:484)(cid:886)(cid:888)(cid:886),(cid:883)(cid:484)(cid:887)(cid:888)(cid:888),(cid:884)(cid:484)(cid:884)(cid:891)(cid:889),(cid:885)(cid:484)(cid:890)(cid:888)(cid:885),,,,,,,,,,,,,,,,,,,,,
(cid:890),(cid:15)(cid:4)(cid:16)(cid:19)(cid:24)(cid:17)(cid:10),(cid:886)(cid:890)(cid:883),(cid:887)(cid:882)(cid:889),(cid:891)(cid:890)(cid:890),(cid:883)(cid:883),(cid:883)(cid:890),(cid:884)(cid:891),(cid:887)(cid:484)(cid:891)(cid:887)(cid:884),(cid:889)(cid:484)(cid:884)(cid:883)(cid:885),(cid:883)(cid:885)(cid:484)(cid:883)(cid:888)(cid:887),(cid:888)(cid:484)(cid:886)(cid:886)(cid:886),(cid:889)(cid:484)(cid:889)(cid:885)(cid:890),(cid:883)(cid:886)(cid:484)(cid:883)(cid:890)(cid:884),,,,,,,,,,,,,,,,,,,,,
(cid:891),(cid:14)(cid:8)(cid:19)(cid:24)(cid:15)(cid:4)(cid:24)(cid:4)(cid:17)(cid:3)(cid:5)(cid:4)(cid:17)(cid:10)(cid:14)(cid:4)(cid:3)(cid:5)(cid:8)(cid:15)(cid:12)(cid:23)(cid:24)(cid:17)(cid:10),(cid:883)(cid:885)(cid:888),(cid:883)(cid:890)(cid:885),(cid:885)(cid:883)(cid:891),(cid:882),(cid:882),(cid:882),(cid:883)(cid:484)(cid:891)(cid:888)(cid:883),(cid:884)(cid:484)(cid:885)(cid:891)(cid:890),(cid:886)(cid:484)(cid:885)(cid:887)(cid:891),(cid:884)(cid:484)(cid:882)(cid:891)(cid:889),(cid:884)(cid:484)(cid:887)(cid:890)(cid:883),(cid:886)(cid:484)(cid:888)(cid:889)(cid:890),,,,,,,,,,,,,,,,,,,,,
(cid:883)(cid:882),(cid:14)(cid:8)(cid:19)(cid:24)(cid:15)(cid:4)(cid:24)(cid:4)(cid:17)(cid:3)(cid:21)(cid:12)(cid:4)(cid:24),(cid:884)(cid:888)(cid:889),(cid:884)(cid:885)(cid:889),(cid:887)(cid:882)(cid:886),(cid:888),(cid:891),(cid:883)(cid:887),(cid:884)(cid:484)(cid:890)(cid:885)(cid:888),(cid:885)(cid:484)(cid:883)(cid:882)(cid:891),(cid:887)(cid:484)(cid:891)(cid:886)(cid:887),(cid:885)(cid:484)(cid:883)(cid:882)(cid:891),(cid:885)(cid:484)(cid:885)(cid:887)(cid:887),(cid:888)(cid:484)(cid:886)(cid:888)(cid:886),,,,,,,,,,,,,,,,,,,,,
(cid:883)(cid:883),(cid:7)(cid:14)(cid:12)(cid:3)(cid:13)(cid:4)(cid:14)(cid:4)(cid:21)(cid:23)(cid:4),(cid:889)(cid:882)(cid:885),(cid:891)(cid:887)(cid:886),(cid:883)(cid:484)(cid:888)(cid:887)(cid:889),(cid:886)(cid:883),(cid:887)(cid:891),(cid:883)(cid:882)(cid:882),(cid:884)(cid:888)(cid:484)(cid:891)(cid:886)(cid:891),(cid:884)(cid:886)(cid:484)(cid:882)(cid:883)(cid:891),(cid:887)(cid:882)(cid:484)(cid:891)(cid:888)(cid:890),(cid:884)(cid:889)(cid:484)(cid:888)(cid:891)(cid:885),(cid:884)(cid:887)(cid:484)(cid:882)(cid:885)(cid:884),(cid:887)(cid:884)(cid:484)(cid:889)(cid:884)(cid:887),,,,,,,,,,,,,,,,,,,,,
(cid:883)(cid:884),(cid:13)(cid:4)(cid:26)(cid:4)(cid:3)(cid:5)(cid:4)(cid:21)(cid:4)(cid:23),(cid:883)(cid:484)(cid:890)(cid:882)(cid:890),(cid:883)(cid:484)(cid:891)(cid:884)(cid:890),(cid:885)(cid:484)(cid:889)(cid:885)(cid:888),(cid:886)(cid:890),(cid:890)(cid:885),(cid:883)(cid:885)(cid:883),(cid:886)(cid:885)(cid:484)(cid:883)(cid:888)(cid:886),(cid:885)(cid:886)(cid:484)(cid:890)(cid:889)(cid:891),(cid:889)(cid:890)(cid:484)(cid:882)(cid:886)(cid:885),(cid:886)(cid:887)(cid:484)(cid:882)(cid:884)(cid:882),(cid:885)(cid:888)(cid:484)(cid:890)(cid:891)(cid:882),(cid:890)(cid:883)(cid:484)(cid:891)(cid:883)(cid:882),,,,,,,,,,,,,,,,,,,,,
(cid:883)(cid:885),(cid:13)(cid:4)(cid:26)(cid:4)(cid:3)(cid:23)(cid:8)(cid:17)(cid:10)(cid:4)(cid:11),(cid:883)(cid:484)(cid:885)(cid:891)(cid:883),(cid:883)(cid:484)(cid:886)(cid:888)(cid:888),(cid:884)(cid:484)(cid:890)(cid:887)(cid:889),(cid:886)(cid:886),(cid:888)(cid:890),(cid:883)(cid:883)(cid:884),(cid:886)(cid:882)(cid:484)(cid:883)(cid:887)(cid:889),(cid:885)(cid:887)(cid:484)(cid:884)(cid:885)(cid:883),(cid:889)(cid:887)(cid:484)(cid:885)(cid:890)(cid:890),(cid:886)(cid:883)(cid:484)(cid:887)(cid:891)(cid:884),(cid:885)(cid:888)(cid:484)(cid:889)(cid:888)(cid:887),(cid:889)(cid:890)(cid:484)(cid:885)(cid:887)(cid:889),,,,,,,,,,,,,,,,,,,,,
(cid:883)(cid:886),(cid:28)(cid:18)(cid:10)(cid:28)(cid:4)(cid:14)(cid:4)(cid:21)(cid:23)(cid:4),(cid:884)(cid:890)(cid:885),(cid:885)(cid:889)(cid:884),(cid:888)(cid:887)(cid:887),(cid:891),(cid:884)(cid:887),(cid:885)(cid:886),(cid:888)(cid:484)(cid:884)(cid:891)(cid:884),(cid:888)(cid:484)(cid:890)(cid:884)(cid:886),(cid:883)(cid:885)(cid:484)(cid:883)(cid:883)(cid:888),(cid:888)(cid:484)(cid:887)(cid:890)(cid:886),(cid:889)(cid:484)(cid:884)(cid:884)(cid:883),(cid:883)(cid:885)(cid:484)(cid:890)(cid:882)(cid:887),,,,,,,,,,,,,,,,,,,,,
(cid:883)(cid:887),(cid:13)(cid:4)(cid:26)(cid:4)(cid:3)(cid:23)(cid:12)(cid:16)(cid:24)(cid:21),(cid:883)(cid:484)(cid:887)(cid:885)(cid:891),(cid:883)(cid:484)(cid:888)(cid:886)(cid:887),(cid:885)(cid:484)(cid:883)(cid:890)(cid:886),(cid:888)(cid:885),(cid:890)(cid:886),(cid:883)(cid:886)(cid:889),(cid:886)(cid:885)(cid:484)(cid:886)(cid:888)(cid:891),(cid:885)(cid:889)(cid:484)(cid:888)(cid:890)(cid:889),(cid:890)(cid:883)(cid:484)(cid:883)(cid:887)(cid:888),(cid:886)(cid:887)(cid:484)(cid:882)(cid:889)(cid:883),(cid:885)(cid:891)(cid:484)(cid:886)(cid:883)(cid:888),(cid:890)(cid:886)(cid:484)(cid:886)(cid:890)(cid:889),,,,,,,,,,,,,,,,,,,,,
(cid:883)(cid:888),(cid:5)(cid:4)(cid:17)(cid:23)(cid:8)(cid:17),(cid:886)(cid:888)(cid:891),(cid:888)(cid:888)(cid:882),(cid:883)(cid:484)(cid:883)(cid:884)(cid:891),(cid:883)(cid:882),(cid:883)(cid:886),(cid:884)(cid:886),(cid:883)(cid:882)(cid:484)(cid:889)(cid:885)(cid:887),(cid:883)(cid:882)(cid:484)(cid:883)(cid:883)(cid:889),(cid:884)(cid:882)(cid:484)(cid:890)(cid:887)(cid:884),(cid:883)(cid:883)(cid:484)(cid:884)(cid:883)(cid:886),(cid:883)(cid:882)(cid:484)(cid:889)(cid:891)(cid:883),(cid:884)(cid:884)(cid:484)(cid:882)(cid:882)(cid:887),,,,,,,,,,,,,,,,,,,,,
(cid:883)(cid:889),(cid:5)(cid:4)(cid:15)(cid:12),(cid:884)(cid:891)(cid:887),(cid:885)(cid:882)(cid:888),(cid:888)(cid:882)(cid:883),(cid:883)(cid:887),(cid:883)(cid:888),(cid:885)(cid:883),(cid:888)(cid:484)(cid:890)(cid:891)(cid:882),(cid:890)(cid:484)(cid:886)(cid:884)(cid:888),(cid:883)(cid:887)(cid:484)(cid:885)(cid:883)(cid:888),(cid:889)(cid:484)(cid:884)(cid:882)(cid:882),(cid:890)(cid:484)(cid:889)(cid:886)(cid:890),(cid:883)(cid:887)(cid:484)(cid:891)(cid:886)(cid:890),,,,,,,,,,,,,,,,,,,,,
(cid:883)(cid:890),(cid:17)(cid:24)(cid:22)(cid:4)(cid:3)(cid:23)(cid:8)(cid:17)(cid:10)(cid:10)(cid:4)(cid:21)(cid:4)(cid:3)(cid:5)(cid:4)(cid:21)(cid:4)(cid:23),(cid:885)(cid:886)(cid:886),(cid:884)(cid:887)(cid:889),(cid:888)(cid:882)(cid:883),(cid:883)(cid:883),(cid:883)(cid:883),(cid:884)(cid:884),(cid:887)(cid:484)(cid:883)(cid:889)(cid:887),(cid:885)(cid:484)(cid:891)(cid:885)(cid:885),(cid:891)(cid:484)(cid:883)(cid:882)(cid:890),(cid:887)(cid:484)(cid:887)(cid:885)(cid:882),(cid:886)(cid:484)(cid:884)(cid:882)(cid:883),(cid:891)(cid:484)(cid:889)(cid:885)(cid:883),,,,,,,,,,,,,,,,,,,,,
(cid:883)(cid:891),(cid:17)(cid:24)(cid:22)(cid:4)(cid:3)(cid:23)(cid:8)(cid:17)(cid:10)(cid:10)(cid:4)(cid:21)(cid:4)(cid:3)(cid:23)(cid:12)(cid:16)(cid:24)(cid:21),(cid:884)(cid:886)(cid:891),(cid:885)(cid:885)(cid:886),(cid:887)(cid:890)(cid:885),(cid:883),(cid:885),(cid:886),(cid:886)(cid:484)(cid:886)(cid:884)(cid:888),(cid:885)(cid:484)(cid:891)(cid:883)(cid:891),(cid:890)(cid:484)(cid:885)(cid:886)(cid:887),(cid:886)(cid:484)(cid:888)(cid:889)(cid:888),(cid:886)(cid:484)(cid:884)(cid:887)(cid:888),(cid:890)(cid:484)(cid:891)(cid:885)(cid:884),,,,,,,,,,,,,,,,,,,,,
(cid:884)(cid:882),(cid:14)(cid:4)(cid:15)(cid:12)(cid:16)(cid:4)(cid:17)(cid:23)(cid:4)(cid:17)(cid:3)(cid:5)(cid:4)(cid:21)(cid:4)(cid:23),(cid:885)(cid:887)(cid:889),(cid:884)(cid:885)(cid:882),(cid:887)(cid:890)(cid:889),(cid:889),(cid:883)(cid:885),(cid:884)(cid:882),(cid:885)(cid:484)(cid:887)(cid:884)(cid:884),(cid:886)(cid:484)(cid:882)(cid:885)(cid:887),(cid:889)(cid:484)(cid:887)(cid:887)(cid:889),(cid:885)(cid:484)(cid:890)(cid:890)(cid:888),(cid:886)(cid:484)(cid:884)(cid:889)(cid:890),(cid:890)(cid:484)(cid:883)(cid:888)(cid:886),,,,,,,,,,,,,,,,,,,,,
(cid:884)(cid:883),(cid:14)(cid:4)(cid:15)(cid:12)(cid:16)(cid:4)(cid:17)(cid:23)(cid:4)(cid:17)(cid:3)(cid:23)(cid:8)(cid:17)(cid:10)(cid:4)(cid:11),(cid:884)(cid:886)(cid:882),(cid:883)(cid:890)(cid:888),(cid:886)(cid:884)(cid:888),(cid:887),(cid:891),(cid:883)(cid:886),(cid:884)(cid:484)(cid:889)(cid:883)(cid:891),(cid:885)(cid:484)(cid:884)(cid:884)(cid:890),(cid:887)(cid:484)(cid:891)(cid:886)(cid:889),(cid:884)(cid:484)(cid:891)(cid:888)(cid:886),(cid:885)(cid:484)(cid:886)(cid:884)(cid:885),(cid:888)(cid:484)(cid:885)(cid:890)(cid:889),,,,,,,,,,,,,,,,,,,,,
(cid:884)(cid:884),(cid:14)(cid:4)(cid:15)(cid:12)(cid:16)(cid:4)(cid:17)(cid:23)(cid:4)(cid:17)(cid:3)(cid:22)(cid:8)(cid:15)(cid:4)(cid:23)(cid:4)(cid:17),(cid:885)(cid:888)(cid:888),(cid:885)(cid:883)(cid:884),(cid:888)(cid:889)(cid:890),(cid:883)(cid:886),(cid:884)(cid:883),(cid:885)(cid:887),(cid:886)(cid:484)(cid:888)(cid:883)(cid:885),(cid:886)(cid:484)(cid:886)(cid:882)(cid:882),(cid:891)(cid:484)(cid:882)(cid:883)(cid:885),(cid:886)(cid:484)(cid:891)(cid:891)(cid:885),(cid:886)(cid:484)(cid:889)(cid:885)(cid:885),(cid:891)(cid:484)(cid:889)(cid:884)(cid:888),,,,,,,,,,,,,,,,,,,,,
(cid:884)(cid:885),(cid:14)(cid:4)(cid:15)(cid:12)(cid:16)(cid:4)(cid:17)(cid:23)(cid:4)(cid:17)(cid:3)(cid:23)(cid:12)(cid:16)(cid:24)(cid:21),(cid:885)(cid:887)(cid:883),(cid:885)(cid:887)(cid:890),(cid:889)(cid:882)(cid:891),(cid:891),(cid:889),(cid:883)(cid:888),(cid:887)(cid:484)(cid:887)(cid:890)(cid:890),(cid:888)(cid:484)(cid:884)(cid:889)(cid:882),(cid:883)(cid:883)(cid:484)(cid:890)(cid:887)(cid:890),(cid:887)(cid:484)(cid:891)(cid:886)(cid:890),(cid:888)(cid:484)(cid:888)(cid:885)(cid:887),(cid:883)(cid:884)(cid:484)(cid:887)(cid:890)(cid:885),,,,,,,,,,,,,,,,,,,,,
(cid:884)(cid:886),(cid:14)(cid:4)(cid:15)(cid:12)(cid:16)(cid:4)(cid:17)(cid:23)(cid:4)(cid:17)(cid:3)(cid:24)(cid:23)(cid:4)(cid:21)(cid:4),(cid:891)(cid:888),(cid:890)(cid:889),(cid:883)(cid:890)(cid:885),(cid:882),(cid:886),(cid:886),(cid:883)(cid:484)(cid:886)(cid:883)(cid:889),(cid:883)(cid:484)(cid:885)(cid:884)(cid:889),(cid:884)(cid:484)(cid:889)(cid:886)(cid:886),(cid:883)(cid:484)(cid:887)(cid:883)(cid:885),(cid:883)(cid:484)(cid:886)(cid:883)(cid:890),(cid:884)(cid:484)(cid:891)(cid:885)(cid:883),,,,,,,,,,,,,,,,,,,,,
(cid:884)(cid:887),(cid:22)(cid:24)(cid:15)(cid:4)(cid:26)(cid:8)(cid:22)(cid:12)(cid:3)(cid:24)(cid:23)(cid:4)(cid:21)(cid:4),(cid:884)(cid:882)(cid:890),(cid:885)(cid:885)(cid:888),(cid:887)(cid:886)(cid:886),(cid:887),(cid:887),(cid:883)(cid:882),(cid:884)(cid:484)(cid:890)(cid:891)(cid:882),(cid:885)(cid:484)(cid:882)(cid:889)(cid:890),(cid:887)(cid:484)(cid:891)(cid:888)(cid:890),(cid:885)(cid:484)(cid:883)(cid:882)(cid:885),(cid:885)(cid:484)(cid:886)(cid:883)(cid:891),(cid:888)(cid:484)(cid:887)(cid:884)(cid:884),,,,,,,,,,,,,,,,,,,,,
(cid:884)(cid:888),(cid:22)(cid:24)(cid:15)(cid:4)(cid:26)(cid:8)(cid:22)(cid:12)(cid:3)(cid:23)(cid:8)(cid:17)(cid:10)(cid:4)(cid:11),(cid:884)(cid:883)(cid:884),(cid:884)(cid:889)(cid:883),(cid:886)(cid:890)(cid:885),(cid:883),(cid:888),(cid:889),(cid:884)(cid:484)(cid:885)(cid:883)(cid:885),(cid:884)(cid:484)(cid:889)(cid:886)(cid:890),(cid:887)(cid:484)(cid:882)(cid:888)(cid:883),(cid:884)(cid:484)(cid:887)(cid:884)(cid:888),(cid:885)(cid:484)(cid:882)(cid:884)(cid:887),(cid:887)(cid:484)(cid:887)(cid:887)(cid:883),,,,,,,,,,,,,,,,,,,,,
(cid:884)(cid:889),(cid:22)(cid:24)(cid:15)(cid:4)(cid:26)(cid:8)(cid:22)(cid:12)(cid:3)(cid:22)(cid:8)(cid:15)(cid:4)(cid:23)(cid:4)(cid:17),(cid:885)(cid:889)(cid:885),(cid:887)(cid:883)(cid:884),(cid:890)(cid:890)(cid:887),(cid:885),(cid:883)(cid:885),(cid:883)(cid:888),(cid:888)(cid:484)(cid:884)(cid:882)(cid:889),(cid:889)(cid:484)(cid:888)(cid:890)(cid:887),(cid:883)(cid:885)(cid:484)(cid:890)(cid:891)(cid:884),(cid:888)(cid:484)(cid:887)(cid:890)(cid:885),(cid:890)(cid:484)(cid:884)(cid:883)(cid:882),(cid:883)(cid:886)(cid:484)(cid:889)(cid:891)(cid:885),,,,,,,,,,,,,,,,,,,,,
(cid:884)(cid:890),(cid:22)(cid:24)(cid:15)(cid:4)(cid:26)(cid:8)(cid:22)(cid:12)(cid:3)(cid:23)(cid:8)(cid:17)(cid:10)(cid:10)(cid:4)(cid:21)(cid:4),(cid:884)(cid:888)(cid:882),(cid:885)(cid:884)(cid:889),(cid:887)(cid:890)(cid:889),(cid:884),(cid:887),(cid:889),(cid:884)(cid:484)(cid:882)(cid:886)(cid:890),(cid:884)(cid:484)(cid:889)(cid:886)(cid:885),(cid:886)(cid:484)(cid:889)(cid:891)(cid:883),(cid:884)(cid:484)(cid:885)(cid:883)(cid:882),(cid:885)(cid:484)(cid:882)(cid:889)(cid:887),(cid:887)(cid:484)(cid:885)(cid:890)(cid:887),,,,,,,,,,,,,,,,,,,,,
(cid:884)(cid:891),(cid:10)(cid:18)(cid:21)(cid:18)(cid:17)(cid:23)(cid:4)(cid:15)(cid:18),(cid:891)(cid:883),(cid:883)(cid:886)(cid:884),(cid:884)(cid:885)(cid:885),(cid:883),(cid:882),(cid:883),(cid:883)(cid:484)(cid:883)(cid:882)(cid:882),(cid:883)(cid:484)(cid:886)(cid:882)(cid:882),(cid:884)(cid:484)(cid:887)(cid:882)(cid:882),(cid:883)(cid:484)(cid:883)(cid:891)(cid:884),(cid:883)(cid:484)(cid:887)(cid:886)(cid:884),(cid:884)(cid:484)(cid:889)(cid:885)(cid:886),,,,,,,,,,,,,,,,,,,,,
(cid:885)(cid:882),(cid:22)(cid:24)(cid:15)(cid:4)(cid:26)(cid:8)(cid:22)(cid:12)(cid:3)(cid:5)(cid:4)(cid:21)(cid:4)(cid:23),(cid:890)(cid:884),(cid:891)(cid:890),(cid:883)(cid:890)(cid:882),(cid:882),(cid:882),(cid:882),(cid:891)(cid:886)(cid:885),(cid:883)(cid:484)(cid:884)(cid:885)(cid:890),(cid:884)(cid:484)(cid:883)(cid:890)(cid:883),(cid:883)(cid:484)(cid:882)(cid:884)(cid:887),(cid:883)(cid:484)(cid:885)(cid:885)(cid:888),(cid:884)(cid:484)(cid:885)(cid:888)(cid:883),,,,,,,,,,,,,,,,,,,,,
(cid:885)(cid:883),(cid:16)(cid:4)(cid:15)(cid:24)(cid:14)(cid:24),(cid:883)(cid:885)(cid:888),(cid:883)(cid:887)(cid:882),(cid:884)(cid:890)(cid:888),(cid:886),(cid:884),(cid:888),(cid:883)(cid:484)(cid:887)(cid:887)(cid:889),(cid:883)(cid:484)(cid:889)(cid:882)(cid:889),(cid:885)(cid:484)(cid:884)(cid:888)(cid:886),(cid:883)(cid:484)(cid:888)(cid:891)(cid:889),(cid:883)(cid:484)(cid:890)(cid:887)(cid:891),(cid:885)(cid:484)(cid:887)(cid:887)(cid:888),,,,,,,,,,,,,,,,,,,,,
(cid:885)(cid:884),(cid:16)(cid:4)(cid:15)(cid:24)(cid:14)(cid:24)(cid:3)(cid:24)(cid:23)(cid:4)(cid:21)(cid:4),(cid:883)(cid:883)(cid:885),(cid:883)(cid:886)(cid:886),(cid:884)(cid:887)(cid:889),(cid:885),(cid:885),(cid:888),(cid:889)(cid:886)(cid:889),(cid:883)(cid:484)(cid:882)(cid:884)(cid:883),(cid:883)(cid:484)(cid:889)(cid:888)(cid:890),(cid:890)(cid:888)(cid:885),(cid:883)(cid:484)(cid:883)(cid:888)(cid:890),(cid:884)(cid:484)(cid:882)(cid:885)(cid:883),,,,,,,,,,,,,,,,,,,,,
(cid:885)(cid:885),(cid:19)(cid:4)(cid:19)(cid:24)(cid:4),(cid:883)(cid:887)(cid:885),(cid:883)(cid:885)(cid:891),(cid:884)(cid:891)(cid:884),(cid:883)(cid:883),(cid:888),(cid:883)(cid:889),(cid:883)(cid:484)(cid:883)(cid:886)(cid:882),(cid:883)(cid:484)(cid:883)(cid:890)(cid:883),(cid:884)(cid:484)(cid:885)(cid:884)(cid:883),(cid:883)(cid:484)(cid:885)(cid:882)(cid:886),(cid:883)(cid:484)(cid:885)(cid:884)(cid:888),(cid:884)(cid:484)(cid:888)(cid:885)(cid:882),,,,,,,,,,,,,,,,,,,,,
(cid:885)(cid:886),(cid:19)(cid:4)(cid:19)(cid:24)(cid:4)(cid:3)(cid:5)(cid:4)(cid:21)(cid:4)(cid:23),(cid:883)(cid:883)(cid:886),(cid:889)(cid:891),(cid:883)(cid:891)(cid:885),(cid:882),(cid:882),(cid:882),(cid:891)(cid:883)(cid:884),(cid:890)(cid:889)(cid:883),(cid:883)(cid:484)(cid:889)(cid:890)(cid:885),(cid:883)(cid:484)(cid:882)(cid:884)(cid:888),(cid:891)(cid:887)(cid:882),(cid:883)(cid:484)(cid:891)(cid:889)(cid:888),,,,,,,,,,,,,,,,,,,,,
(cid:885)(cid:887),(cid:19)(cid:4)(cid:19)(cid:24)(cid:4)(cid:3)(cid:22)(cid:8)(cid:15)(cid:4)(cid:23)(cid:4)(cid:17),(cid:886)(cid:890),(cid:887)(cid:882),(cid:891)(cid:890),(cid:882),(cid:882),(cid:882),(cid:885)(cid:886)(cid:888),(cid:886)(cid:884)(cid:887),(cid:889)(cid:889)(cid:883),(cid:885)(cid:891)(cid:886),(cid:886)(cid:889)(cid:887),(cid:890)(cid:888)(cid:891),,,,,,,,,,,,,,,,,,,,,
(cid:885)(cid:888),(cid:19)(cid:4)(cid:19)(cid:24)(cid:4)(cid:3)(cid:23)(cid:8)(cid:17)(cid:10)(cid:4)(cid:11),(cid:883)(cid:886)(cid:889),(cid:883)(cid:882)(cid:883),(cid:884)(cid:886)(cid:890),(cid:887),(cid:884),(cid:889),(cid:889)(cid:884)(cid:885),(cid:889)(cid:889)(cid:888),(cid:883)(cid:484)(cid:886)(cid:891)(cid:891),(cid:890)(cid:889)(cid:887),(cid:890)(cid:889)(cid:891),(cid:883)(cid:484)(cid:889)(cid:887)(cid:886),,,,,,,,,,,,,,,,,,,,,
(cid:885)(cid:889) (cid:19)(cid:4)(cid:19)(cid:24)(cid:4)(cid:3)(cid:19)(cid:8)(cid:10)(cid:24)(cid:17)(cid:24)(cid:17)(cid:10)(cid:4)(cid:17) Indonesia (cid:885)(cid:890) (cid:19)(cid:4)(cid:19)(cid:24)(cid:4)(cid:3)(cid:5)(cid:4)(cid:21)(cid:4)(cid:23)(cid:3)(cid:7)(cid:4)(cid:28)(cid:4),,(cid:883)(cid:885)(cid:890) 13.736 (cid:889)(cid:886),(cid:891)(cid:887) 15.648 (cid:889)(cid:882),(cid:884)(cid:885)(cid:885) 29.384 (cid:883)(cid:886)(cid:886),(cid:882) 391 (cid:882),(cid:882) 555 (cid:882),(cid:882) 946 (cid:882),(cid:886)(cid:884)(cid:889) 272.982 (cid:888)(cid:884)(cid:891),(cid:885)(cid:884)(cid:884) 263.415 (cid:888)(cid:885)(cid:883),(cid:889)(cid:886)(cid:891) 536.397 (cid:883)(cid:484)(cid:884)(cid:888)(cid:882),(cid:887)(cid:888)(cid:887) 287.109 (cid:889)(cid:882)(cid:885),(cid:886)(cid:883)(cid:889) 279.618 (cid:889)(cid:882)(cid:883),(cid:891)(cid:890)(cid:884) 566.727 (cid:883)(cid:484)(cid:886)(cid:882)(cid:886),,,,,,,,,,,,,,,,,,,,,
No,Provinsi,Pejabat Struktural,,,Tenaga Pendidik,,,Tenaga Dukungan Manajemen,,,Total,,,,,,,,,,,,,,,,,,,,,,,
,,L,P,L+P,L,P,L+P,L,P,L+P,L,P,L+P,,,,,,,,,,,,,,,,,,,,,
(1),(2),(3),(4),(5),(6),(7),(8),(9),(10),(11),(12),(13),(14),,,,,,,,,,,,,,,,,,,,,
(cid:883),(cid:4)(cid:6)(cid:8)(cid:11),(cid:889)(cid:883),(cid:889)(cid:890),(cid:883)(cid:886)(cid:891),(cid:883),(cid:882),(cid:883),(cid:883)(cid:484)(cid:884)(cid:887)(cid:884),(cid:883)(cid:484)(cid:886)(cid:890)(cid:887),(cid:884)(cid:484)(cid:889)(cid:885)(cid:889),(cid:883)(cid:484)(cid:885)(cid:884)(cid:886),(cid:883)(cid:484)(cid:887)(cid:888)(cid:885),(cid:884)(cid:484)(cid:890)(cid:890)(cid:889),,,,,,,,,,,,,,,,,,,,,
(cid:884),(cid:22)(cid:24)(cid:16)(cid:4)(cid:23)(cid:8)(cid:21)(cid:4)(cid:3)(cid:24)(cid:23)(cid:4)(cid:21)(cid:4),(cid:887)(cid:887),(cid:883)(cid:882)(cid:891),(cid:883)(cid:888)(cid:886),(cid:883),(cid:882),(cid:883),(cid:890)(cid:887)(cid:886),(cid:883)(cid:484)(cid:882)(cid:884)(cid:883),(cid:883)(cid:484)(cid:890)(cid:889)(cid:887),(cid:891)(cid:883)(cid:882),(cid:883)(cid:484)(cid:883)(cid:885)(cid:882),(cid:884)(cid:484)(cid:882)(cid:886)(cid:882),,,,,,,,,,,,,,,,,,,,,
(cid:885),(cid:22)(cid:24)(cid:16)(cid:4)(cid:23)(cid:8)(cid:21)(cid:4)(cid:3)(cid:5)(cid:4)(cid:21)(cid:4)(cid:23),(cid:884)(cid:885),(cid:890)(cid:889),(cid:883)(cid:883)(cid:882),(cid:882),(cid:882),(cid:882),(cid:891)(cid:883)(cid:882),(cid:883)(cid:484)(cid:883)(cid:888)(cid:884),(cid:884)(cid:484)(cid:882)(cid:889)(cid:884),(cid:891)(cid:885)(cid:885),(cid:883)(cid:484)(cid:884)(cid:886)(cid:891),(cid:884)(cid:484)(cid:883)(cid:890)(cid:884),,,,,,,,,,,,,,,,,,,,,
(cid:886),(cid:21)(cid:12)(cid:4)(cid:24),(cid:886)(cid:883),(cid:886)(cid:882),(cid:890)(cid:883),(cid:882),(cid:882),(cid:882),(cid:883)(cid:484)(cid:882)(cid:883)(cid:885),(cid:883)(cid:484)(cid:882)(cid:885)(cid:886),(cid:884)(cid:484)(cid:882)(cid:886)(cid:889),(cid:883)(cid:484)(cid:882)(cid:887)(cid:886),(cid:883)(cid:484)(cid:882)(cid:889)(cid:886),(cid:884)(cid:484)(cid:883)(cid:884)(cid:890),,,,,,,,,,,,,,,,,,,,,
(cid:887),(cid:13)(cid:4)(cid:16)(cid:5)(cid:12),(cid:886)(cid:884),(cid:885)(cid:886),(cid:889)(cid:888),(cid:882),(cid:882),(cid:882),(cid:886)(cid:883)(cid:887),(cid:886)(cid:889)(cid:887),(cid:890)(cid:891)(cid:882),(cid:886)(cid:887)(cid:889),(cid:887)(cid:882)(cid:891),(cid:891)(cid:888)(cid:888),,,,,,,,,,,,,,,,,,,,,
(cid:888),(cid:22)(cid:24)(cid:16)(cid:4)(cid:23)(cid:8)(cid:21)(cid:4)(cid:3)(cid:22)(cid:8)(cid:15)(cid:4)(cid:23)(cid:4)(cid:17),(cid:889)(cid:885),(cid:883)(cid:883)(cid:887),(cid:883)(cid:890)(cid:890),(cid:882),(cid:882),(cid:882),(cid:891)(cid:890)(cid:882),(cid:883)(cid:484)(cid:884)(cid:888)(cid:884),(cid:884)(cid:484)(cid:884)(cid:886)(cid:884),(cid:883)(cid:484)(cid:882)(cid:887)(cid:885),(cid:883)(cid:484)(cid:885)(cid:889)(cid:889),(cid:884)(cid:484)(cid:886)(cid:885)(cid:882),,,,,,,,,,,,,,,,,,,,,
(cid:889),(cid:5)(cid:8)(cid:17)(cid:10)(cid:14)(cid:24)(cid:15)(cid:24),(cid:886)(cid:887),(cid:889)(cid:891),(cid:883)(cid:884)(cid:886),(cid:882),(cid:883),(cid:883),(cid:884)(cid:890)(cid:891),(cid:887)(cid:891)(cid:882),(cid:890)(cid:889)(cid:891),(cid:885)(cid:885)(cid:886),(cid:888)(cid:889)(cid:882),(cid:883)(cid:484)(cid:882)(cid:882)(cid:886),,,,,,,,,,,,,,,,,,,,,
(cid:890),(cid:15)(cid:4)(cid:16)(cid:19)(cid:24)(cid:17)(cid:10),(cid:891)(cid:888),(cid:883)(cid:882)(cid:886),(cid:884)(cid:882)(cid:882),(cid:882),(cid:882),(cid:882),(cid:891)(cid:890)(cid:886),(cid:883)(cid:484)(cid:884)(cid:886)(cid:888),(cid:884)(cid:484)(cid:884)(cid:885)(cid:882),(cid:883)(cid:484)(cid:882)(cid:890)(cid:882),(cid:883)(cid:484)(cid:885)(cid:887)(cid:882),(cid:884)(cid:484)(cid:886)(cid:885)(cid:882),,,,,,,,,,,,,,,,,,,,,
(cid:891),(cid:14)(cid:8)(cid:19)(cid:24)(cid:15)(cid:4)(cid:24)(cid:4)(cid:17)(cid:3)(cid:5)(cid:4)(cid:17)(cid:10)(cid:14)(cid:4)(cid:3)(cid:5)(cid:8)(cid:15)(cid:12)(cid:23)(cid:24)(cid:17)(cid:10),(cid:884)(cid:883),(cid:885)(cid:883),(cid:887)(cid:884),(cid:882),(cid:882),(cid:882),(cid:885)(cid:887)(cid:888),(cid:885)(cid:890)(cid:889),(cid:889)(cid:886)(cid:885),(cid:885)(cid:889)(cid:889),(cid:886)(cid:883)(cid:890),(cid:889)(cid:891)(cid:887),,,,,,,,,,,,,,,,,,,,,
(cid:883)(cid:882),(cid:14)(cid:8)(cid:19)(cid:24)(cid:15)(cid:4)(cid:24)(cid:4)(cid:17)(cid:3)(cid:21)(cid:12)(cid:4)(cid:24),(cid:886)(cid:890),(cid:887)(cid:889),(cid:883)(cid:882)(cid:887),(cid:882),(cid:882),(cid:882),(cid:886)(cid:891)(cid:886),(cid:886)(cid:890)(cid:886),(cid:891)(cid:889)(cid:890),(cid:887)(cid:886)(cid:884),(cid:887)(cid:886)(cid:883),(cid:883)(cid:484)(cid:882)(cid:890)(cid:885),,,,,,,,,,,,,,,,,,,,,
(cid:883)(cid:883),(cid:7)(cid:14)(cid:12)(cid:3)(cid:13)(cid:4)(cid:14)(cid:4)(cid:21)(cid:23)(cid:4),(cid:883)(cid:888),(cid:886)(cid:886),(cid:888)(cid:882),(cid:882),(cid:882),(cid:882),(cid:883)(cid:484)(cid:891)(cid:883)(cid:889),(cid:890)(cid:884)(cid:889),(cid:884)(cid:484)(cid:889)(cid:886)(cid:886),(cid:883)(cid:484)(cid:891)(cid:885)(cid:885),(cid:890)(cid:889)(cid:883),(cid:884)(cid:484)(cid:890)(cid:882)(cid:886),,,,,,,,,,,,,,,,,,,,,
(cid:883)(cid:884),(cid:13)(cid:4)(cid:26)(cid:4)(cid:3)(cid:5)(cid:4)(cid:21)(cid:4)(cid:23),(cid:885)(cid:886)(cid:887),(cid:885)(cid:887)(cid:886),(cid:888)(cid:891)(cid:891),(cid:882),(cid:883),(cid:883),(cid:887)(cid:484)(cid:883)(cid:883)(cid:888),(cid:885)(cid:484)(cid:891)(cid:889)(cid:883),(cid:891)(cid:484)(cid:882)(cid:890)(cid:889),(cid:887)(cid:484)(cid:886)(cid:888)(cid:883),(cid:886)(cid:484)(cid:885)(cid:884)(cid:888),(cid:891)(cid:484)(cid:889)(cid:890)(cid:889),,,,,,,,,,,,,,,,,,,,,
(cid:883)(cid:885),(cid:13)(cid:4)(cid:26)(cid:4)(cid:3)(cid:23)(cid:8)(cid:17)(cid:10)(cid:4)(cid:11),(cid:883)(cid:883)(cid:888),(cid:883)(cid:888)(cid:891),(cid:884)(cid:890)(cid:887),(cid:882),(cid:882),(cid:882),(cid:886)(cid:484)(cid:890)(cid:886)(cid:886),(cid:885)(cid:484)(cid:887)(cid:889)(cid:891),(cid:890)(cid:484)(cid:886)(cid:884)(cid:885),(cid:886)(cid:484)(cid:891)(cid:888)(cid:882),(cid:885)(cid:484)(cid:889)(cid:886)(cid:890),(cid:890)(cid:484)(cid:889)(cid:882)(cid:890),,,,,,,,,,,,,,,,,,,,,
(cid:883)(cid:886),(cid:28)(cid:18)(cid:10)(cid:28)(cid:4)(cid:14)(cid:4)(cid:21)(cid:23)(cid:4),(cid:885)(cid:889),(cid:889)(cid:888),(cid:883)(cid:883)(cid:885),(cid:882),(cid:882),(cid:882),(cid:889)(cid:890)(cid:888),(cid:888)(cid:883)(cid:889),(cid:883)(cid:484)(cid:886)(cid:882)(cid:885),(cid:890)(cid:884)(cid:885),(cid:888)(cid:891)(cid:885),(cid:883)(cid:484)(cid:887)(cid:883)(cid:888),,,,,,,,,,,,,,,,,,,,,
(cid:883)(cid:887),(cid:13)(cid:4)(cid:26)(cid:4)(cid:3)(cid:23)(cid:12)(cid:16)(cid:24)(cid:21),(cid:886)(cid:882),(cid:887)(cid:891),(cid:891)(cid:891),(cid:882),(cid:882),(cid:882),(cid:887)(cid:484)(cid:891)(cid:884)(cid:891),(cid:886)(cid:484)(cid:886)(cid:883)(cid:886),(cid:883)(cid:882)(cid:484)(cid:885)(cid:886)(cid:885),(cid:887)(cid:484)(cid:891)(cid:888)(cid:891),(cid:886)(cid:484)(cid:886)(cid:889)(cid:885),(cid:883)(cid:882)(cid:484)(cid:886)(cid:886)(cid:884),,,,,,,,,,,,,,,,,,,,,
(cid:883)(cid:888),(cid:5)(cid:4)(cid:17)(cid:23)(cid:8)(cid:17),(cid:889)(cid:891),(cid:883)(cid:887)(cid:883),(cid:884)(cid:885)(cid:882),(cid:882),(cid:882),(cid:882),(cid:883)(cid:484)(cid:890)(cid:887)(cid:887),(cid:883)(cid:484)(cid:882)(cid:883)(cid:891),(cid:884)(cid:484)(cid:890)(cid:889)(cid:886),(cid:883)(cid:484)(cid:891)(cid:885)(cid:886),(cid:883)(cid:484)(cid:883)(cid:889)(cid:882),(cid:885)(cid:484)(cid:883)(cid:882)(cid:886),,,,,,,,,,,,,,,,,,,,,
(cid:883)(cid:889),(cid:5)(cid:4)(cid:15)(cid:12),(cid:884)(cid:889),(cid:884)(cid:891),(cid:887)(cid:888),(cid:882),(cid:882),(cid:882),(cid:883)(cid:484)(cid:885)(cid:888)(cid:884),(cid:883)(cid:484)(cid:886)(cid:883)(cid:889),(cid:884)(cid:484)(cid:889)(cid:889)(cid:891),(cid:883)(cid:484)(cid:885)(cid:890)(cid:891),(cid:883)(cid:484)(cid:886)(cid:886)(cid:888),(cid:884)(cid:484)(cid:890)(cid:885)(cid:887),,,,,,,,,,,,,,,,,,,,,
(cid:883)(cid:890),(cid:17)(cid:24)(cid:22)(cid:4)(cid:3)(cid:23)(cid:8)(cid:17)(cid:10)(cid:10)(cid:4)(cid:21)(cid:4)(cid:3)(cid:5)(cid:4)(cid:21)(cid:4)(cid:23),(cid:883)(cid:883)(cid:884),(cid:889)(cid:889),(cid:883)(cid:890)(cid:891),(cid:882),(cid:882),(cid:882),(cid:883)(cid:484)(cid:884)(cid:886)(cid:883),(cid:891)(cid:886)(cid:889),(cid:884)(cid:484)(cid:883)(cid:890)(cid:890),(cid:883)(cid:484)(cid:885)(cid:887)(cid:885),(cid:883)(cid:484)(cid:882)(cid:884)(cid:886),(cid:884)(cid:484)(cid:885)(cid:889)(cid:889),,,,,,,,,,,,,,,,,,,,,
(cid:883)(cid:891),(cid:17)(cid:24)(cid:22)(cid:4)(cid:3)(cid:23)(cid:8)(cid:17)(cid:10)(cid:10)(cid:4)(cid:21)(cid:4)(cid:3)(cid:23)(cid:12)(cid:16)(cid:24)(cid:21),(cid:886)(cid:884),(cid:885)(cid:889),(cid:889)(cid:891),(cid:882),(cid:882),(cid:882),(cid:883)(cid:484)(cid:885)(cid:886)(cid:886),(cid:891)(cid:887)(cid:883),(cid:884)(cid:484)(cid:884)(cid:891)(cid:887),(cid:883)(cid:484)(cid:885)(cid:890)(cid:888),(cid:891)(cid:890)(cid:890),(cid:884)(cid:484)(cid:885)(cid:889)(cid:886),,,,,,,,,,,,,,,,,,,,,
(cid:884)(cid:882),(cid:14)(cid:4)(cid:15)(cid:12)(cid:16)(cid:4)(cid:17)(cid:23)(cid:4)(cid:17)(cid:3)(cid:5)(cid:4)(cid:21)(cid:4)(cid:23),(cid:889)(cid:890),(cid:886)(cid:885),(cid:883)(cid:884)(cid:883),(cid:883),(cid:884),(cid:885),(cid:889)(cid:885)(cid:891),(cid:891)(cid:883)(cid:889),(cid:883)(cid:484)(cid:888)(cid:887)(cid:888),(cid:890)(cid:883)(cid:890),(cid:891)(cid:888)(cid:884),(cid:883)(cid:484)(cid:889)(cid:890)(cid:882),,,,,,,,,,,,,,,,,,,,,
(cid:884)(cid:883),(cid:14)(cid:4)(cid:15)(cid:12)(cid:16)(cid:4)(cid:17)(cid:23)(cid:4)(cid:17)(cid:3)(cid:23)(cid:8)(cid:17)(cid:10)(cid:4)(cid:11),(cid:886)(cid:891),(cid:883)(cid:888),(cid:888)(cid:887),(cid:882),(cid:882),(cid:882),(cid:887)(cid:885)(cid:890),(cid:888)(cid:886)(cid:885),(cid:883)(cid:484)(cid:883)(cid:890)(cid:883),(cid:887)(cid:890)(cid:889),(cid:888)(cid:887)(cid:891),(cid:883)(cid:484)(cid:884)(cid:886)(cid:888),,,,,,,,,,,,,,,,,,,,,
(cid:884)(cid:884),(cid:14)(cid:4)(cid:15)(cid:12)(cid:16)(cid:4)(cid:17)(cid:23)(cid:4)(cid:17)(cid:3)(cid:22)(cid:8)(cid:15)(cid:4)(cid:23)(cid:4)(cid:17),(cid:889)(cid:887),(cid:888)(cid:887),(cid:883)(cid:886)(cid:882),(cid:882),(cid:882),(cid:882),(cid:889)(cid:885)(cid:889),(cid:890)(cid:882)(cid:882),(cid:883)(cid:484)(cid:887)(cid:885)(cid:889),(cid:890)(cid:883)(cid:884),(cid:890)(cid:888)(cid:887),(cid:883)(cid:484)(cid:888)(cid:889)(cid:889),,,,,,,,,,,,,,,,,,,,,
(cid:884)(cid:885),(cid:14)(cid:4)(cid:15)(cid:12)(cid:16)(cid:4)(cid:17)(cid:23)(cid:4)(cid:17)(cid:3)(cid:23)(cid:12)(cid:16)(cid:24)(cid:21),(cid:890)(cid:885),(cid:890)(cid:882),(cid:883)(cid:888)(cid:885),(cid:882),(cid:882),(cid:882),(cid:890)(cid:890)(cid:885),(cid:883)(cid:484)(cid:882)(cid:889)(cid:886),(cid:883)(cid:484)(cid:891)(cid:887)(cid:889),(cid:891)(cid:888)(cid:888),(cid:883)(cid:484)(cid:883)(cid:887)(cid:886),(cid:884)(cid:484)(cid:883)(cid:884)(cid:882),,,,,,,,,,,,,,,,,,,,,
(cid:884)(cid:886),(cid:14)(cid:4)(cid:15)(cid:12)(cid:16)(cid:4)(cid:17)(cid:23)(cid:4)(cid:17)(cid:3)(cid:24)(cid:23)(cid:4)(cid:21)(cid:4),(cid:884)(cid:886),(cid:883)(cid:891),(cid:886)(cid:885),(cid:882),(cid:882),(cid:882),(cid:884)(cid:888)(cid:891),(cid:884)(cid:886)(cid:884),(cid:887)(cid:883)(cid:883),(cid:884)(cid:891)(cid:885),(cid:884)(cid:888)(cid:883),(cid:887)(cid:887)(cid:886),,,,,,,,,,,,,,,,,,,,,
(cid:884)(cid:887),(cid:22)(cid:24)(cid:15)(cid:4)(cid:26)(cid:8)(cid:22)(cid:12)(cid:3)(cid:24)(cid:23)(cid:4)(cid:21)(cid:4),(cid:883)(cid:891),(cid:884)(cid:882),(cid:885)(cid:891),(cid:883),(cid:882),(cid:883),(cid:885)(cid:884)(cid:886),(cid:886)(cid:884)(cid:888),(cid:889)(cid:887)(cid:882),(cid:885)(cid:886)(cid:886),(cid:886)(cid:886)(cid:888),(cid:889)(cid:891)(cid:882),,,,,,,,,,,,,,,,,,,,,
(cid:884)(cid:888),(cid:22)(cid:24)(cid:15)(cid:4)(cid:26)(cid:8)(cid:22)(cid:12)(cid:3)(cid:23)(cid:8)(cid:17)(cid:10)(cid:4)(cid:11),(cid:886)(cid:885),(cid:885)(cid:887),(cid:889)(cid:890),(cid:882),(cid:882),(cid:882),(cid:887)(cid:882)(cid:882),(cid:887)(cid:889)(cid:887),(cid:883)(cid:484)(cid:882)(cid:889)(cid:887),(cid:887)(cid:886)(cid:885),(cid:888)(cid:883)(cid:882),(cid:883)(cid:484)(cid:883)(cid:887)(cid:885),,,,,,,,,,,,,,,,,,,,,
(cid:884)(cid:889),(cid:22)(cid:24)(cid:15)(cid:4)(cid:26)(cid:8)(cid:22)(cid:12)(cid:3)(cid:22)(cid:8)(cid:15)(cid:4)(cid:23)(cid:4)(cid:17),(cid:884)(cid:883),(cid:885)(cid:891),(cid:888)(cid:882),(cid:882),(cid:883),(cid:883),(cid:883)(cid:484)(cid:883)(cid:888)(cid:887),(cid:883)(cid:484)(cid:887)(cid:888)(cid:888),(cid:884)(cid:484)(cid:889)(cid:885)(cid:883),(cid:883)(cid:484)(cid:883)(cid:890)(cid:888),(cid:883)(cid:484)(cid:888)(cid:882)(cid:888),(cid:884)(cid:484)(cid:889)(cid:891)(cid:884),,,,,,,,,,,,,,,,,,,,,
(cid:884)(cid:890),(cid:22)(cid:24)(cid:15)(cid:4)(cid:26)(cid:8)(cid:22)(cid:12)(cid:3)(cid:23)(cid:8)(cid:17)(cid:10)(cid:10)(cid:4)(cid:21)(cid:4),(cid:888)(cid:891),(cid:890)(cid:890),(cid:883)(cid:887)(cid:889),(cid:882),(cid:882),(cid:882),(cid:887)(cid:888)(cid:891),(cid:890)(cid:885)(cid:889),(cid:883)(cid:484)(cid:886)(cid:882)(cid:888),(cid:888)(cid:885)(cid:890),(cid:891)(cid:884)(cid:887),(cid:883)(cid:484)(cid:887)(cid:888)(cid:885),,,,,,,,,,,,,,,,,,,,,
(cid:884)(cid:891),(cid:10)(cid:18)(cid:21)(cid:18)(cid:17)(cid:23)(cid:4)(cid:15)(cid:18),(cid:883)(cid:882),(cid:884)(cid:887),(cid:885)(cid:887),(cid:882),(cid:882),(cid:882),(cid:884)(cid:884)(cid:886),(cid:886)(cid:883)(cid:889),(cid:888)(cid:886)(cid:883),(cid:884)(cid:885)(cid:886),(cid:886)(cid:886)(cid:884),(cid:888)(cid:889)(cid:888),,,,,,,,,,,,,,,,,,,,,
(cid:885)(cid:882),(cid:22)(cid:24)(cid:15)(cid:4)(cid:26)(cid:8)(cid:22)(cid:12)(cid:3)(cid:5)(cid:4)(cid:21)(cid:4)(cid:23),(cid:884)(cid:888),(cid:884)(cid:891),(cid:887)(cid:887),(cid:882),(cid:882),(cid:882),(cid:885)(cid:888)(cid:890),(cid:888)(cid:882)(cid:890),(cid:891)(cid:889)(cid:888),(cid:885)(cid:891)(cid:886),(cid:888)(cid:885)(cid:889),(cid:883)(cid:484)(cid:882)(cid:885)(cid:883),,,,,,,,,,,,,,,,,,,,,
(cid:885)(cid:883),(cid:16)(cid:4)(cid:15)(cid:24)(cid:14)(cid:24),(cid:884)(cid:884),(cid:884)(cid:887),(cid:886)(cid:889),(cid:882),(cid:883),(cid:883),(cid:885)(cid:888)(cid:883),(cid:885)(cid:887)(cid:890),(cid:889)(cid:883)(cid:891),(cid:885)(cid:890)(cid:885),(cid:885)(cid:890)(cid:886),(cid:889)(cid:888)(cid:889),,,,,,,,,,,,,,,,,,,,,
(cid:885)(cid:884),(cid:16)(cid:4)(cid:15)(cid:24)(cid:14)(cid:24)(cid:3)(cid:24)(cid:23)(cid:4)(cid:21)(cid:4),(cid:885)(cid:885),(cid:885)(cid:885),(cid:888)(cid:888),(cid:882),(cid:882),(cid:882),(cid:883)(cid:888)(cid:890),(cid:884)(cid:886)(cid:891),(cid:886)(cid:883)(cid:889),(cid:884)(cid:882)(cid:883),(cid:884)(cid:890)(cid:884),(cid:886)(cid:890)(cid:885),,,,,,,,,,,,,,,,,,,,,
(cid:885)(cid:885),(cid:19)(cid:4)(cid:19)(cid:24)(cid:4),(cid:883)(cid:887),(cid:884)(cid:883),(cid:885)(cid:888),(cid:882),(cid:882),(cid:882),(cid:883)(cid:889)(cid:891),(cid:883)(cid:888)(cid:884),(cid:885)(cid:886)(cid:883),(cid:883)(cid:891)(cid:886),(cid:883)(cid:890)(cid:885),(cid:885)(cid:889)(cid:889),,,,,,,,,,,,,,,,,,,,,
(cid:885)(cid:886),(cid:19)(cid:4)(cid:19)(cid:24)(cid:4)(cid:3)(cid:5)(cid:4)(cid:21)(cid:4)(cid:23),(cid:883)(cid:885),(cid:889),(cid:884)(cid:882),(cid:882),(cid:882),(cid:882),(cid:883)(cid:891)(cid:888),(cid:883)(cid:891)(cid:885),(cid:885)(cid:890)(cid:891),(cid:884)(cid:882)(cid:891),(cid:884)(cid:882)(cid:882),(cid:886)(cid:882)(cid:891),,,,,,,,,,,,,,,,,,,,,
(cid:885)(cid:887),(cid:19)(cid:4)(cid:19)(cid:24)(cid:4)(cid:3)(cid:22)(cid:8)(cid:15)(cid:4)(cid:23)(cid:4)(cid:17),(cid:889),(cid:888),(cid:883)(cid:885),(cid:882),(cid:882),(cid:882),(cid:889)(cid:882),(cid:889)(cid:886),(cid:883)(cid:886)(cid:886),(cid:889)(cid:889),(cid:890)(cid:882),(cid:883)(cid:887)(cid:889),,,,,,,,,,,,,,,,,,,,,
(cid:885)(cid:888),(cid:19)(cid:4)(cid:19)(cid:24)(cid:4)(cid:3)(cid:23)(cid:8)(cid:17)(cid:10)(cid:4)(cid:11),(cid:887)(cid:888),(cid:885)(cid:887),(cid:891)(cid:883),(cid:882),(cid:883),(cid:883),(cid:883)(cid:885)(cid:891),(cid:883)(cid:885)(cid:889),(cid:884)(cid:889)(cid:888),(cid:883)(cid:891)(cid:887),(cid:883)(cid:889)(cid:885),(cid:885)(cid:888)(cid:890),,,,,,,,,,,,,,,,,,,,,
(cid:885)(cid:889) (cid:19)(cid:4)(cid:19)(cid:24)(cid:4)(cid:3)(cid:19)(cid:8)(cid:10)(cid:24)(cid:17)(cid:24)(cid:17)(cid:10)(cid:4)(cid:17) Indonesia (cid:885)(cid:890) (cid:19)(cid:4)(cid:19)(cid:24)(cid:4)(cid:3)(cid:5)(cid:4)(cid:21)(cid:4)(cid:23)(cid:3)(cid:7)(cid:4)(cid:28)(cid:4),,(cid:888)(cid:889) 2.050 (cid:883)(cid:883),(cid:884)(cid:887) 2.354 (cid:883)(cid:885),(cid:891)(cid:884) 4.404 (cid:884)(cid:886),(cid:882) 4 (cid:882),(cid:882) 7 (cid:882),(cid:882) 11 (cid:882),(cid:883)(cid:887)(cid:884) 39.664 (cid:883)(cid:886)(cid:884),(cid:890)(cid:884) 36.382 (cid:883)(cid:885)(cid:886),(cid:884)(cid:885)(cid:886) 76.046 (cid:884)(cid:889)(cid:888),(cid:884)(cid:883)(cid:891) 41.718 (cid:883)(cid:887)(cid:885),(cid:883)(cid:882)(cid:889) 38.743 (cid:883)(cid:886)(cid:889),(cid:885)(cid:884)(cid:888) 80.461 (cid:885)(cid:882)(cid:882),,,,,,,,,,,,,,,,,,,,,
No,Provinsi,Tenaga Psikologi Klinis,,,Tenaga Kesehatan Tradisional,,,,,,,,,,,,,,,,,,,,,,,,,,,,,
,,,,,Tenaga Kesehatan Tradisional Ramuan,,,Tenaga Kesehatan Tradisional Keterampilan,,,,,,,,,,,,,,,,,,,,,,,,,,
,,L,P,L + P,L,P,L + P,L,P,L + P,,,,,,,,,,,,,,,,,,,,,,,,
(1),(2),(3),(4),(5),(6),(7),(8),(9),(10),(11),,,,,,,,,,,,,,,,,,,,,,,,
(cid:883),(cid:4)(cid:6)(cid:8)(cid:11),(cid:884),(cid:883)(cid:891),(cid:884)(cid:883),(cid:882),(cid:882),(cid:882),(cid:882),(cid:883),(cid:883),,,,,,,,,,,,,,,,,,,,,,,,
(cid:884),(cid:22)(cid:24)(cid:16)(cid:4)(cid:23)(cid:8)(cid:21)(cid:4)(cid:3)(cid:24)(cid:23)(cid:4)(cid:21)(cid:4),(cid:883),(cid:885),(cid:886),(cid:882),(cid:882),(cid:882),(cid:882),(cid:882),(cid:882),,,,,,,,,,,,,,,,,,,,,,,,
(cid:885),(cid:22)(cid:24)(cid:16)(cid:4)(cid:23)(cid:8)(cid:21)(cid:4)(cid:3)(cid:5)(cid:4)(cid:21)(cid:4)(cid:23),(cid:882),(cid:883),(cid:883),(cid:882),(cid:882),(cid:882),(cid:882),(cid:882),(cid:882),,,,,,,,,,,,,,,,,,,,,,,,
(cid:886),(cid:21)(cid:12)(cid:4)(cid:24),(cid:884),(cid:885),(cid:887),(cid:882),(cid:882),(cid:882),(cid:882),(cid:882),(cid:882),,,,,,,,,,,,,,,,,,,,,,,,
(cid:887),(cid:13)(cid:4)(cid:16)(cid:5)(cid:12),(cid:882),(cid:882),(cid:882),(cid:882),(cid:882),(cid:882),(cid:882),(cid:882),(cid:882),,,,,,,,,,,,,,,,,,,,,,,,
(cid:888),(cid:22)(cid:24)(cid:16)(cid:4)(cid:23)(cid:8)(cid:21)(cid:4)(cid:3)(cid:22)(cid:8)(cid:15)(cid:4)(cid:23)(cid:4)(cid:17),(cid:884),(cid:887),(cid:889),(cid:882),(cid:882),(cid:882),(cid:882),(cid:882),(cid:882),,,,,,,,,,,,,,,,,,,,,,,,
(cid:889),(cid:5)(cid:8)(cid:17)(cid:10)(cid:14)(cid:24)(cid:15)(cid:24),(cid:882),(cid:882),(cid:882),(cid:882),(cid:882),(cid:882),(cid:882),(cid:882),(cid:882),,,,,,,,,,,,,,,,,,,,,,,,
(cid:890),(cid:15)(cid:4)(cid:16)(cid:19)(cid:24)(cid:17)(cid:10),(cid:882),(cid:884),(cid:884),(cid:882),(cid:882),(cid:882),(cid:882),(cid:883),(cid:883),,,,,,,,,,,,,,,,,,,,,,,,
(cid:891),(cid:14)(cid:8)(cid:19)(cid:24)(cid:15)(cid:4)(cid:24)(cid:4)(cid:17)(cid:3)(cid:5)(cid:4)(cid:17)(cid:10)(cid:14)(cid:4)(cid:3)(cid:5)(cid:8)(cid:15)(cid:12)(cid:23)(cid:24)(cid:17)(cid:10),(cid:882),(cid:882),(cid:882),(cid:882),(cid:882),(cid:882),(cid:882),(cid:882),(cid:882),,,,,,,,,,,,,,,,,,,,,,,,
(cid:883)(cid:882),(cid:14)(cid:8)(cid:19)(cid:24)(cid:15)(cid:4)(cid:24)(cid:4)(cid:17)(cid:3)(cid:21)(cid:12)(cid:4)(cid:24),(cid:883),(cid:883),(cid:884),(cid:882),(cid:882),(cid:882),(cid:882),(cid:883),(cid:883),,,,,,,,,,,,,,,,,,,,,,,,
(cid:883)(cid:883),(cid:7)(cid:14)(cid:12)(cid:3)(cid:13)(cid:4)(cid:14)(cid:4)(cid:21)(cid:23)(cid:4),(cid:886),(cid:884)(cid:884),(cid:884)(cid:888),(cid:882),(cid:882),(cid:882),(cid:882),(cid:882),(cid:882),,,,,,,,,,,,,,,,,,,,,,,,
(cid:883)(cid:884),(cid:13)(cid:4)(cid:26)(cid:4)(cid:3)(cid:5)(cid:4)(cid:21)(cid:4)(cid:23),(cid:882),(cid:883),(cid:883),(cid:882),(cid:882),(cid:882),(cid:882),(cid:882),(cid:882),,,,,,,,,,,,,,,,,,,,,,,,
(cid:883)(cid:885),(cid:13)(cid:4)(cid:26)(cid:4)(cid:3)(cid:23)(cid:8)(cid:17)(cid:10)(cid:4)(cid:11),(cid:882),(cid:882),(cid:882),(cid:882),(cid:883),(cid:883),(cid:882),(cid:882),(cid:882),,,,,,,,,,,,,,,,,,,,,,,,
(cid:883)(cid:886),(cid:28)(cid:18)(cid:10)(cid:28)(cid:4)(cid:14)(cid:4)(cid:21)(cid:23)(cid:4),(cid:887),(cid:886)(cid:891),(cid:887)(cid:886),(cid:882),(cid:882),(cid:882),(cid:882),(cid:882),(cid:882),,,,,,,,,,,,,,,,,,,,,,,,
(cid:883)(cid:887),(cid:13)(cid:4)(cid:26)(cid:4)(cid:3)(cid:23)(cid:12)(cid:16)(cid:24)(cid:21),(cid:886),(cid:884)(cid:888),(cid:885)(cid:882),(cid:882),(cid:885),(cid:885),(cid:888),(cid:886)(cid:886),(cid:887)(cid:882),,,,,,,,,,,,,,,,,,,,,,,,
(cid:883)(cid:888),(cid:5)(cid:4)(cid:17)(cid:23)(cid:8)(cid:17),(cid:882),(cid:882),(cid:882),(cid:882),(cid:882),(cid:882),(cid:882),(cid:882),(cid:882),,,,,,,,,,,,,,,,,,,,,,,,
(cid:883)(cid:889),(cid:5)(cid:4)(cid:15)(cid:12),(cid:882),(cid:882),(cid:882),(cid:882),(cid:882),(cid:882),(cid:882),(cid:882),(cid:882),,,,,,,,,,,,,,,,,,,,,,,,
(cid:883)(cid:890),(cid:17)(cid:24)(cid:22)(cid:4)(cid:3)(cid:23)(cid:8)(cid:17)(cid:10)(cid:10)(cid:4)(cid:21)(cid:4)(cid:3)(cid:5)(cid:4)(cid:21)(cid:4)(cid:23),(cid:882),(cid:885),(cid:885),(cid:882),(cid:882),(cid:882),(cid:882),(cid:882),(cid:882),,,,,,,,,,,,,,,,,,,,,,,,
(cid:883)(cid:891),(cid:17)(cid:24)(cid:22)(cid:4)(cid:3)(cid:23)(cid:8)(cid:17)(cid:10)(cid:10)(cid:4)(cid:21)(cid:4)(cid:3)(cid:23)(cid:12)(cid:16)(cid:24)(cid:21),(cid:882),(cid:882),(cid:882),(cid:882),(cid:882),(cid:882),(cid:882),(cid:882),(cid:882),,,,,,,,,,,,,,,,,,,,,,,,
(cid:884)(cid:882),(cid:14)(cid:4)(cid:15)(cid:12)(cid:16)(cid:4)(cid:17)(cid:23)(cid:4)(cid:17)(cid:3)(cid:5)(cid:4)(cid:21)(cid:4)(cid:23),(cid:882),(cid:883),(cid:883),(cid:882),(cid:882),(cid:882),(cid:882),(cid:882),(cid:882),,,,,,,,,,,,,,,,,,,,,,,,
(cid:884)(cid:883),(cid:14)(cid:4)(cid:15)(cid:12)(cid:16)(cid:4)(cid:17)(cid:23)(cid:4)(cid:17)(cid:3)(cid:23)(cid:8)(cid:17)(cid:10)(cid:4)(cid:11),(cid:882),(cid:882),(cid:882),(cid:882),(cid:882),(cid:882),(cid:882),(cid:882),(cid:882),,,,,,,,,,,,,,,,,,,,,,,,
(cid:884)(cid:884),(cid:14)(cid:4)(cid:15)(cid:12)(cid:16)(cid:4)(cid:17)(cid:23)(cid:4)(cid:17)(cid:3)(cid:22)(cid:8)(cid:15)(cid:4)(cid:23)(cid:4)(cid:17),(cid:882),(cid:883),(cid:883),(cid:882),(cid:882),(cid:882),(cid:882),(cid:882),(cid:882),,,,,,,,,,,,,,,,,,,,,,,,
(cid:884)(cid:885),(cid:14)(cid:4)(cid:15)(cid:12)(cid:16)(cid:4)(cid:17)(cid:23)(cid:4)(cid:17)(cid:3)(cid:23)(cid:12)(cid:16)(cid:24)(cid:21),(cid:882),(cid:882),(cid:882),(cid:882),(cid:882),(cid:882),(cid:882),(cid:882),(cid:882),,,,,,,,,,,,,,,,,,,,,,,,
(cid:884)(cid:886),(cid:14)(cid:4)(cid:15)(cid:12)(cid:16)(cid:4)(cid:17)(cid:23)(cid:4)(cid:17)(cid:3)(cid:24)(cid:23)(cid:4)(cid:21)(cid:4),(cid:882),(cid:882),(cid:882),(cid:882),(cid:882),(cid:882),(cid:882),(cid:882),(cid:882),,,,,,,,,,,,,,,,,,,,,,,,
(cid:884)(cid:887),(cid:22)(cid:24)(cid:15)(cid:4)(cid:26)(cid:8)(cid:22)(cid:12)(cid:3)(cid:24)(cid:23)(cid:4)(cid:21)(cid:4),(cid:882),(cid:882),(cid:882),(cid:882),(cid:882),(cid:882),(cid:882),(cid:882),(cid:882),,,,,,,,,,,,,,,,,,,,,,,,
(cid:884)(cid:888),(cid:22)(cid:24)(cid:15)(cid:4)(cid:26)(cid:8)(cid:22)(cid:12)(cid:3)(cid:23)(cid:8)(cid:17)(cid:10)(cid:4)(cid:11),(cid:882),(cid:882),(cid:882),(cid:882),(cid:882),(cid:882),(cid:882),(cid:882),(cid:882),,,,,,,,,,,,,,,,,,,,,,,,
(cid:884)(cid:889),(cid:22)(cid:24)(cid:15)(cid:4)(cid:26)(cid:8)(cid:22)(cid:12)(cid:3)(cid:22)(cid:8)(cid:15)(cid:4)(cid:23)(cid:4)(cid:17),(cid:882),(cid:885),(cid:885),(cid:882),(cid:882),(cid:882),(cid:882),(cid:882),(cid:882),,,,,,,,,,,,,,,,,,,,,,,,
(cid:884)(cid:890),(cid:22)(cid:24)(cid:15)(cid:4)(cid:26)(cid:8)(cid:22)(cid:12)(cid:3)(cid:23)(cid:8)(cid:17)(cid:10)(cid:10)(cid:4)(cid:21)(cid:4),(cid:882),(cid:883),(cid:883),(cid:882),(cid:882),(cid:882),(cid:882),(cid:882),(cid:882),,,,,,,,,,,,,,,,,,,,,,,,
(cid:884)(cid:891),(cid:10)(cid:18)(cid:21)(cid:18)(cid:17)(cid:23)(cid:4)(cid:15)(cid:18),(cid:882),(cid:882),(cid:882),(cid:882),(cid:882),(cid:882),(cid:882),(cid:882),(cid:882),,,,,,,,,,,,,,,,,,,,,,,,
(cid:885)(cid:882),(cid:22)(cid:24)(cid:15)(cid:4)(cid:26)(cid:8)(cid:22)(cid:12)(cid:3)(cid:5)(cid:4)(cid:21)(cid:4)(cid:23),(cid:882),(cid:882),(cid:882),(cid:882),(cid:882),(cid:882),(cid:882),(cid:882),(cid:882),,,,,,,,,,,,,,,,,,,,,,,,
(cid:885)(cid:883),(cid:16)(cid:4)(cid:15)(cid:24)(cid:14)(cid:24),(cid:882),(cid:882),(cid:882),(cid:882),(cid:882),(cid:882),(cid:882),(cid:883),(cid:883),,,,,,,,,,,,,,,,,,,,,,,,
(cid:885)(cid:884),(cid:16)(cid:4)(cid:15)(cid:24)(cid:14)(cid:24)(cid:3)(cid:24)(cid:23)(cid:4)(cid:21)(cid:4),(cid:882),(cid:883),(cid:883),(cid:882),(cid:882),(cid:882),(cid:882),(cid:882),(cid:882),,,,,,,,,,,,,,,,,,,,,,,,
(cid:885)(cid:885),(cid:19)(cid:4)(cid:19)(cid:24)(cid:4),(cid:882),(cid:882),(cid:882),(cid:882),(cid:882),(cid:882),(cid:882),(cid:882),(cid:882),,,,,,,,,,,,,,,,,,,,,,,,
(cid:885)(cid:886),(cid:19)(cid:4)(cid:19)(cid:24)(cid:4)(cid:3)(cid:5)(cid:4)(cid:21)(cid:4)(cid:23),(cid:882),(cid:882),(cid:882),(cid:882),(cid:882),(cid:882),(cid:882),(cid:882),(cid:882),,,,,,,,,,,,,,,,,,,,,,,,
(cid:885)(cid:887),(cid:19)(cid:4)(cid:19)(cid:24)(cid:4)(cid:3)(cid:22)(cid:8)(cid:15)(cid:4)(cid:23)(cid:4)(cid:17),(cid:882),(cid:882),(cid:882),(cid:882),(cid:882),(cid:882),(cid:882),(cid:882),(cid:882),,,,,,,,,,,,,,,,,,,,,,,,
(cid:885)(cid:888),(cid:19)(cid:4)(cid:19)(cid:24)(cid:4)(cid:3)(cid:23)(cid:8)(cid:17)(cid:10)(cid:4)(cid:11),(cid:883),(cid:882),(cid:883),(cid:882),(cid:882),(cid:882),(cid:882),(cid:882),(cid:882),,,,,,,,,,,,,,,,,,,,,,,,
(cid:885)(cid:889) (cid:19)(cid:4)(cid:19)(cid:24)(cid:4)(cid:3)(cid:19)(cid:8)(cid:10)(cid:24)(cid:17)(cid:24)(cid:17)(cid:10)(cid:4)(cid:17) Indonesia (cid:885)(cid:890) (cid:19)(cid:4)(cid:19)(cid:24)(cid:4)(cid:3)(cid:5)(cid:4)(cid:21)(cid:4)(cid:23)(cid:3)(cid:7)(cid:4)(cid:28)(cid:4),,(cid:882) 22 (cid:882),(cid:882) 142 (cid:882),(cid:882) 164 (cid:882),(cid:882) 0 (cid:882),(cid:882) 4 (cid:882),(cid:882) 4 (cid:882),(cid:884)(cid:891) 35 (cid:882),(cid:885)(cid:886) 82 (cid:882),(cid:888)(cid:885) 117 (cid:882),,,,,,,,,,,,,,,,,,,,,,,,
No,Provinsi,Tenaga Psikologi Klinis,,,Tenaga Kesehatan Tradisional,,,,,,,,,,,,,,,,,,,,,,,,,,,,,
,,,,,Tenaga Kesehatan Tradisional Ramuan,,,Tenaga Kesehatan Tradisional Keterampilan,,,,,,,,,,,,,,,,,,,,,,,,,,
,,L,P,L + P,L,P,L + P,L,P,L + P,,,,,,,,,,,,,,,,,,,,,,,,
(1),(2),(3),(4),(5),(6),(7),(8),(9),(10),(11),,,,,,,,,,,,,,,,,,,,,,,,
(cid:883),(cid:4)(cid:6)(cid:8)(cid:11),(cid:887),(cid:886)(cid:888),(cid:887)(cid:883),(cid:882),(cid:882),(cid:882),(cid:882),(cid:882),(cid:882),,,,,,,,,,,,,,,,,,,,,,,,
(cid:884),(cid:22)(cid:24)(cid:16)(cid:4)(cid:23)(cid:8)(cid:21)(cid:4)(cid:3)(cid:24)(cid:23)(cid:4)(cid:21)(cid:4),(cid:887),(cid:884)(cid:887),(cid:885)(cid:882),(cid:882),(cid:882),(cid:882),(cid:882),(cid:884),(cid:884),,,,,,,,,,,,,,,,,,,,,,,,
(cid:885),(cid:22)(cid:24)(cid:16)(cid:4)(cid:23)(cid:8)(cid:21)(cid:4)(cid:3)(cid:5)(cid:4)(cid:21)(cid:4)(cid:23),(cid:883),(cid:884)(cid:882),(cid:884)(cid:883),(cid:882),(cid:882),(cid:882),(cid:882),(cid:882),(cid:882),,,,,,,,,,,,,,,,,,,,,,,,
(cid:886),(cid:21)(cid:12)(cid:4)(cid:24),(cid:885),(cid:885)(cid:886),(cid:885)(cid:889),(cid:882),(cid:882),(cid:882),(cid:882),(cid:882),(cid:882),,,,,,,,,,,,,,,,,,,,,,,,
(cid:887),(cid:13)(cid:4)(cid:16)(cid:5)(cid:12),(cid:882),(cid:883)(cid:886),(cid:883)(cid:886),(cid:882),(cid:882),(cid:882),(cid:882),(cid:882),(cid:882),,,,,,,,,,,,,,,,,,,,,,,,
(cid:888),(cid:22)(cid:24)(cid:16)(cid:4)(cid:23)(cid:8)(cid:21)(cid:4)(cid:3)(cid:22)(cid:8)(cid:15)(cid:4)(cid:23)(cid:4)(cid:17),(cid:891),(cid:885)(cid:883),(cid:886)(cid:882),(cid:882),(cid:883),(cid:883),(cid:882),(cid:882),(cid:882),,,,,,,,,,,,,,,,,,,,,,,,
(cid:889),(cid:5)(cid:8)(cid:17)(cid:10)(cid:14)(cid:24)(cid:15)(cid:24),(cid:885),(cid:889),(cid:883)(cid:882),(cid:882),(cid:882),(cid:882),(cid:882),(cid:882),(cid:882),,,,,,,,,,,,,,,,,,,,,,,,
(cid:890),(cid:15)(cid:4)(cid:16)(cid:19)(cid:24)(cid:17)(cid:10),(cid:885),(cid:890),(cid:883)(cid:883),(cid:882),(cid:882),(cid:882),(cid:882),(cid:882),(cid:882),,,,,,,,,,,,,,,,,,,,,,,,
(cid:891),(cid:14)(cid:8)(cid:19)(cid:24)(cid:15)(cid:4)(cid:24)(cid:4)(cid:17)(cid:3)(cid:5)(cid:4)(cid:17)(cid:10)(cid:14)(cid:4)(cid:3)(cid:5)(cid:8)(cid:15)(cid:12)(cid:23)(cid:24)(cid:17)(cid:10),(cid:882),(cid:890),(cid:890),(cid:882),(cid:882),(cid:882),(cid:882),(cid:883),(cid:883),,,,,,,,,,,,,,,,,,,,,,,,
(cid:883)(cid:882),(cid:14)(cid:8)(cid:19)(cid:24)(cid:15)(cid:4)(cid:24)(cid:4)(cid:17)(cid:3)(cid:21)(cid:12)(cid:4)(cid:24),(cid:884),(cid:883)(cid:884),(cid:883)(cid:886),(cid:882),(cid:882),(cid:882),(cid:882),(cid:882),(cid:882),,,,,,,,,,,,,,,,,,,,,,,,
(cid:883)(cid:883),(cid:7)(cid:14)(cid:12)(cid:3)(cid:13)(cid:4)(cid:14)(cid:4)(cid:21)(cid:23)(cid:4),(cid:891),(cid:891)(cid:891),(cid:883)(cid:882)(cid:890),(cid:882),(cid:882),(cid:882),(cid:884),(cid:882),(cid:884),,,,,,,,,,,,,,,,,,,,,,,,
(cid:883)(cid:884),(cid:13)(cid:4)(cid:26)(cid:4)(cid:3)(cid:5)(cid:4)(cid:21)(cid:4)(cid:23),(cid:883)(cid:882),(cid:883)(cid:883)(cid:889),(cid:883)(cid:884)(cid:889),(cid:882),(cid:883),(cid:883),(cid:882),(cid:883),(cid:883),,,,,,,,,,,,,,,,,,,,,,,,
(cid:883)(cid:885),(cid:13)(cid:4)(cid:26)(cid:4)(cid:3)(cid:23)(cid:8)(cid:17)(cid:10)(cid:4)(cid:11),(cid:884)(cid:888),(cid:883)(cid:886)(cid:884),(cid:883)(cid:888)(cid:890),(cid:883),(cid:884),(cid:885),(cid:884),(cid:882),(cid:884),,,,,,,,,,,,,,,,,,,,,,,,
(cid:883)(cid:886),(cid:28)(cid:18)(cid:10)(cid:28)(cid:4)(cid:14)(cid:4)(cid:21)(cid:23)(cid:4),(cid:887),(cid:885)(cid:891),(cid:886)(cid:886),(cid:883),(cid:885),(cid:886),(cid:882),(cid:882),(cid:882),,,,,,,,,,,,,,,,,,,,,,,,
(cid:883)(cid:887),(cid:13)(cid:4)(cid:26)(cid:4)(cid:3)(cid:23)(cid:12)(cid:16)(cid:24)(cid:21),(cid:883)(cid:891),(cid:891)(cid:884),(cid:883)(cid:883)(cid:883),(cid:882),(cid:883),(cid:883),(cid:886),(cid:888),(cid:883)(cid:882),,,,,,,,,,,,,,,,,,,,,,,,
(cid:883)(cid:888),(cid:5)(cid:4)(cid:17)(cid:23)(cid:8)(cid:17),(cid:889),(cid:886)(cid:882),(cid:886)(cid:889),(cid:882),(cid:882),(cid:882),(cid:882),(cid:883),(cid:883),,,,,,,,,,,,,,,,,,,,,,,,
(cid:883)(cid:889),(cid:5)(cid:4)(cid:15)(cid:12),(cid:884),(cid:884)(cid:884),(cid:884)(cid:886),(cid:882),(cid:883),(cid:883),(cid:882),(cid:882),(cid:882),,,,,,,,,,,,,,,,,,,,,,,,
(cid:883)(cid:890),(cid:17)(cid:24)(cid:22)(cid:4)(cid:3)(cid:23)(cid:8)(cid:17)(cid:10)(cid:10)(cid:4)(cid:21)(cid:4)(cid:3)(cid:5)(cid:4)(cid:21)(cid:4)(cid:23),(cid:882),(cid:883)(cid:889),(cid:883)(cid:889),(cid:882),(cid:882),(cid:882),(cid:882),(cid:882),(cid:882),,,,,,,,,,,,,,,,,,,,,,,,
(cid:883)(cid:891),(cid:17)(cid:24)(cid:22)(cid:4)(cid:3)(cid:23)(cid:8)(cid:17)(cid:10)(cid:10)(cid:4)(cid:21)(cid:4)(cid:3)(cid:23)(cid:12)(cid:16)(cid:24)(cid:21),(cid:882),(cid:888),(cid:888),(cid:882),(cid:882),(cid:882),(cid:882),(cid:882),(cid:882),,,,,,,,,,,,,,,,,,,,,,,,
(cid:884)(cid:882),(cid:14)(cid:4)(cid:15)(cid:12)(cid:16)(cid:4)(cid:17)(cid:23)(cid:4)(cid:17)(cid:3)(cid:5)(cid:4)(cid:21)(cid:4)(cid:23),(cid:884),(cid:883)(cid:884),(cid:883)(cid:886),(cid:882),(cid:882),(cid:882),(cid:882),(cid:883),(cid:883),,,,,,,,,,,,,,,,,,,,,,,,
(cid:884)(cid:883),(cid:14)(cid:4)(cid:15)(cid:12)(cid:16)(cid:4)(cid:17)(cid:23)(cid:4)(cid:17)(cid:3)(cid:23)(cid:8)(cid:17)(cid:10)(cid:4)(cid:11),(cid:884),(cid:883)(cid:884),(cid:883)(cid:886),(cid:882),(cid:882),(cid:882),(cid:882),(cid:882),(cid:882),,,,,,,,,,,,,,,,,,,,,,,,
(cid:884)(cid:884),(cid:14)(cid:4)(cid:15)(cid:12)(cid:16)(cid:4)(cid:17)(cid:23)(cid:4)(cid:17)(cid:3)(cid:22)(cid:8)(cid:15)(cid:4)(cid:23)(cid:4)(cid:17),(cid:884),(cid:885)(cid:889),(cid:885)(cid:891),(cid:882),(cid:882),(cid:882),(cid:882),(cid:882),(cid:882),,,,,,,,,,,,,,,,,,,,,,,,
(cid:884)(cid:885),(cid:14)(cid:4)(cid:15)(cid:12)(cid:16)(cid:4)(cid:17)(cid:23)(cid:4)(cid:17)(cid:3)(cid:23)(cid:12)(cid:16)(cid:24)(cid:21),(cid:883),(cid:883)(cid:888),(cid:883)(cid:889),(cid:882),(cid:882),(cid:882),(cid:882),(cid:882),(cid:882),,,,,,,,,,,,,,,,,,,,,,,,
(cid:884)(cid:886),(cid:14)(cid:4)(cid:15)(cid:12)(cid:16)(cid:4)(cid:17)(cid:23)(cid:4)(cid:17)(cid:3)(cid:24)(cid:23)(cid:4)(cid:21)(cid:4),(cid:883),(cid:882),(cid:883),(cid:882),(cid:882),(cid:882),(cid:882),(cid:882),(cid:882),,,,,,,,,,,,,,,,,,,,,,,,
(cid:884)(cid:887),(cid:22)(cid:24)(cid:15)(cid:4)(cid:26)(cid:8)(cid:22)(cid:12)(cid:3)(cid:24)(cid:23)(cid:4)(cid:21)(cid:4),(cid:884),(cid:883)(cid:882),(cid:883)(cid:884),(cid:883),(cid:882),(cid:883),(cid:882),(cid:882),(cid:882),,,,,,,,,,,,,,,,,,,,,,,,
(cid:884)(cid:888),(cid:22)(cid:24)(cid:15)(cid:4)(cid:26)(cid:8)(cid:22)(cid:12)(cid:3)(cid:23)(cid:8)(cid:17)(cid:10)(cid:4)(cid:11),(cid:883)(cid:882),(cid:883)(cid:887),(cid:884)(cid:887),(cid:882),(cid:882),(cid:882),(cid:882),(cid:882),(cid:882),,,,,,,,,,,,,,,,,,,,,,,,
(cid:884)(cid:889),(cid:22)(cid:24)(cid:15)(cid:4)(cid:26)(cid:8)(cid:22)(cid:12)(cid:3)(cid:22)(cid:8)(cid:15)(cid:4)(cid:23)(cid:4)(cid:17),(cid:887),(cid:888),(cid:883)(cid:883),(cid:882),(cid:882),(cid:882),(cid:884),(cid:883),(cid:885),,,,,,,,,,,,,,,,,,,,,,,,
(cid:884)(cid:890),(cid:22)(cid:24)(cid:15)(cid:4)(cid:26)(cid:8)(cid:22)(cid:12)(cid:3)(cid:23)(cid:8)(cid:17)(cid:10)(cid:10)(cid:4)(cid:21)(cid:4),(cid:882),(cid:891),(cid:891),(cid:882),(cid:882),(cid:882),(cid:882),(cid:882),(cid:882),,,,,,,,,,,,,,,,,,,,,,,,
(cid:884)(cid:891),(cid:10)(cid:18)(cid:21)(cid:18)(cid:17)(cid:23)(cid:4)(cid:15)(cid:18),(cid:882),(cid:882),(cid:882),(cid:882),(cid:882),(cid:882),(cid:882),(cid:882),(cid:882),,,,,,,,,,,,,,,,,,,,,,,,
(cid:885)(cid:882),(cid:22)(cid:24)(cid:15)(cid:4)(cid:26)(cid:8)(cid:22)(cid:12)(cid:3)(cid:5)(cid:4)(cid:21)(cid:4)(cid:23),(cid:883),(cid:883),(cid:884),(cid:882),(cid:882),(cid:882),(cid:882),(cid:882),(cid:882),,,,,,,,,,,,,,,,,,,,,,,,
(cid:885)(cid:883),(cid:16)(cid:4)(cid:15)(cid:24)(cid:14)(cid:24),(cid:882),(cid:886),(cid:886),(cid:882),(cid:882),(cid:882),(cid:882),(cid:882),(cid:882),,,,,,,,,,,,,,,,,,,,,,,,
(cid:885)(cid:884),(cid:16)(cid:4)(cid:15)(cid:24)(cid:14)(cid:24)(cid:3)(cid:24)(cid:23)(cid:4)(cid:21)(cid:4),(cid:882),(cid:883),(cid:883),(cid:882),(cid:882),(cid:882),(cid:882),(cid:882),(cid:882),,,,,,,,,,,,,,,,,,,,,,,,
(cid:885)(cid:885),(cid:19)(cid:4)(cid:19)(cid:24)(cid:4),(cid:882),(cid:884),(cid:884),(cid:882),(cid:882),(cid:882),(cid:882),(cid:882),(cid:882),,,,,,,,,,,,,,,,,,,,,,,,
(cid:885)(cid:886),(cid:19)(cid:4)(cid:19)(cid:24)(cid:4)(cid:3)(cid:5)(cid:4)(cid:21)(cid:4)(cid:23),(cid:883),(cid:885),(cid:886),(cid:882),(cid:882),(cid:882),(cid:882),(cid:882),(cid:882),,,,,,,,,,,,,,,,,,,,,,,,
(cid:885)(cid:887),(cid:19)(cid:4)(cid:19)(cid:24)(cid:4)(cid:3)(cid:22)(cid:8)(cid:15)(cid:4)(cid:23)(cid:4)(cid:17),(cid:882),(cid:886),(cid:886),(cid:882),(cid:882),(cid:882),(cid:882),(cid:882),(cid:882),,,,,,,,,,,,,,,,,,,,,,,,
(cid:885)(cid:888),(cid:19)(cid:4)(cid:19)(cid:24)(cid:4)(cid:3)(cid:23)(cid:8)(cid:17)(cid:10)(cid:4)(cid:11),(cid:883),(cid:883),(cid:884),(cid:882),(cid:882),(cid:882),(cid:882),(cid:882),(cid:882),,,,,,,,,,,,,,,,,,,,,,,,
(cid:885)(cid:889) (cid:19)(cid:4)(cid:19)(cid:24)(cid:4)(cid:3)(cid:19)(cid:8)(cid:10)(cid:24)(cid:17)(cid:24)(cid:17)(cid:10)(cid:4)(cid:17) Indonesia (cid:885)(cid:890) (cid:19)(cid:4)(cid:19)(cid:24)(cid:4)(cid:3)(cid:5)(cid:4)(cid:21)(cid:4)(cid:23)(cid:3)(cid:7)(cid:4)(cid:28)(cid:4),,(cid:882) 137 (cid:882),(cid:883) 915 (cid:884),(cid:883) 1.052 (cid:884),(cid:882) 3 (cid:882),(cid:882) 9 (cid:882),(cid:882) 12 (cid:882),(cid:882) 10 (cid:882),(cid:882) 13 (cid:882),(cid:882) 23 (cid:882),,,,,,,,,,,,,,,,,,,,,,,,
No,Provinsi,Dokter Praktik Perorangan,Klinik Pratama,Puskesmas,RS Tipe D Pratama,Lainnya,Total,,,,,,,,,,,,,,,,,,,,,,,,,,,
(1),(2),(3),(4),(5),(6),(8),(9),,,,,,,,,,,,,,,,,,,,,,,,,,,
(cid:883),(cid:4)(cid:133)(cid:135)(cid:138),(cid:3)(cid:3)(cid:3)(cid:3)(cid:3)(cid:3)(cid:3)(cid:3)(cid:3)(cid:3)(cid:3)(cid:3)(cid:3)(cid:3)(cid:3)(cid:3)(cid:3)(cid:3)(cid:3)(cid:3)(cid:3)(cid:3)(cid:3)(cid:3)(cid:3)(cid:3)(cid:3)(cid:3)(cid:3)(cid:3)(cid:3)(cid:3)(cid:3)(cid:3)(cid:3)(cid:3)(cid:3)(cid:3)(cid:3)(cid:3)(cid:3)(cid:3)(cid:3)(cid:3)(cid:3)(cid:887)(cid:891)(cid:3),(cid:3)(cid:3)(cid:3)(cid:3)(cid:3)(cid:3)(cid:3)(cid:3)(cid:3)(cid:3)(cid:3)(cid:3)(cid:3)(cid:3)(cid:3)(cid:3)(cid:3)(cid:3)(cid:3)(cid:3)(cid:3)(cid:3)(cid:3)(cid:3)(cid:3)(cid:3)(cid:3)(cid:3)(cid:3)(cid:3)(cid:3)(cid:3)(cid:3)(cid:3)(cid:3)(cid:3)(cid:3)(cid:3)(cid:3)(cid:3)(cid:3)(cid:3)(cid:3)(cid:884)(cid:882)(cid:890)(cid:3),(cid:3)(cid:3)(cid:3)(cid:3)(cid:3)(cid:3)(cid:3)(cid:3)(cid:3)(cid:3)(cid:3)(cid:3)(cid:3)(cid:3)(cid:3)(cid:3)(cid:3)(cid:3)(cid:3)(cid:3)(cid:3)(cid:3)(cid:3)(cid:3)(cid:3)(cid:3)(cid:3)(cid:3)(cid:3)(cid:3)(cid:3)(cid:3)(cid:3)(cid:3)(cid:3)(cid:3)(cid:3)(cid:3)(cid:3)(cid:3)(cid:3)(cid:3)(cid:3)(cid:885)(cid:888)(cid:886)(cid:3),(cid:3)(cid:3)(cid:3)(cid:3)(cid:3)(cid:3)(cid:3)(cid:3)(cid:3)(cid:3)(cid:3)(cid:3)(cid:3)(cid:3)(cid:3)(cid:3)(cid:3)(cid:3)(cid:3)(cid:3)(cid:3)(cid:3)(cid:3)(cid:3)(cid:3)(cid:3)(cid:3)(cid:3)(cid:3)(cid:3)(cid:3)(cid:3)(cid:3)(cid:3)(cid:3)(cid:3)(cid:3)(cid:3)(cid:3)(cid:3)(cid:3)(cid:3)(cid:3)(cid:3)(cid:3)(cid:3)(cid:3)(cid:3)(cid:883)(cid:3),(cid:3)(cid:3)(cid:3)(cid:3)(cid:3)(cid:3)(cid:3)(cid:3)(cid:3)(cid:3)(cid:3)(cid:3)(cid:3)(cid:3)(cid:3)(cid:3)(cid:3)(cid:3)(cid:3)(cid:3)(cid:3)(cid:3)(cid:3)(cid:3)(cid:3)(cid:3)(cid:3)(cid:3)(cid:3)(cid:3)(cid:3)(cid:3)(cid:3)(cid:3)(cid:3)(cid:3)(cid:3)(cid:3)(cid:3)(cid:3)(cid:3)(cid:3)(cid:3)(cid:3)(cid:3)(cid:3)(cid:3)(cid:3)(cid:885)(cid:3),(cid:3)(cid:3)(cid:3)(cid:3)(cid:3)(cid:3)(cid:3)(cid:3)(cid:3)(cid:3)(cid:3)(cid:3)(cid:3)(cid:3)(cid:3)(cid:3)(cid:3)(cid:3)(cid:3)(cid:3)(cid:3)(cid:3)(cid:3)(cid:3)(cid:3)(cid:3)(cid:3)(cid:3)(cid:3)(cid:3)(cid:3)(cid:3)(cid:3)(cid:3)(cid:3)(cid:3)(cid:3)(cid:3)(cid:3)(cid:3)(cid:3)(cid:3)(cid:3)(cid:888)(cid:885)(cid:887)(cid:3),,,,,,,,,,,,,,,,,,,,,,,,,,,
(cid:884),(cid:22)(cid:151)(cid:143)(cid:131)(cid:150)(cid:135)(cid:148)(cid:131)(cid:3)(cid:24)(cid:150)(cid:131)(cid:148)(cid:131),(cid:3)(cid:3)(cid:3)(cid:3)(cid:3)(cid:3)(cid:3)(cid:3)(cid:3)(cid:3)(cid:3)(cid:3)(cid:3)(cid:3)(cid:3)(cid:3)(cid:3)(cid:3)(cid:3)(cid:3)(cid:3)(cid:3)(cid:3)(cid:3)(cid:3)(cid:3)(cid:3)(cid:3)(cid:3)(cid:3)(cid:3)(cid:3)(cid:3)(cid:3)(cid:3)(cid:3)(cid:3)(cid:3)(cid:3)(cid:3)(cid:3)(cid:3)(cid:3)(cid:883)(cid:883)(cid:885)(cid:3),(cid:3)(cid:3)(cid:3)(cid:3)(cid:3)(cid:3)(cid:3)(cid:3)(cid:3)(cid:3)(cid:3)(cid:3)(cid:3)(cid:3)(cid:3)(cid:3)(cid:3)(cid:3)(cid:3)(cid:3)(cid:3)(cid:3)(cid:3)(cid:3)(cid:3)(cid:3)(cid:3)(cid:3)(cid:3)(cid:3)(cid:3)(cid:3)(cid:3)(cid:3)(cid:3)(cid:3)(cid:3)(cid:3)(cid:3)(cid:3)(cid:3)(cid:3)(cid:3)(cid:887)(cid:889)(cid:884)(cid:3),(cid:3)(cid:3)(cid:3)(cid:3)(cid:3)(cid:3)(cid:3)(cid:3)(cid:3)(cid:3)(cid:3)(cid:3)(cid:3)(cid:3)(cid:3)(cid:3)(cid:3)(cid:3)(cid:3)(cid:3)(cid:3)(cid:3)(cid:3)(cid:3)(cid:3)(cid:3)(cid:3)(cid:3)(cid:3)(cid:3)(cid:3)(cid:3)(cid:3)(cid:3)(cid:3)(cid:3)(cid:3)(cid:3)(cid:3)(cid:3)(cid:3)(cid:3)(cid:3)(cid:888)(cid:883)(cid:890)(cid:3),(cid:3)(cid:3)(cid:3)(cid:3)(cid:3)(cid:3)(cid:3)(cid:3)(cid:3)(cid:3)(cid:3)(cid:3)(cid:3)(cid:3)(cid:3)(cid:3)(cid:3)(cid:3)(cid:3)(cid:3)(cid:3)(cid:3)(cid:3)(cid:3)(cid:3)(cid:3)(cid:3)(cid:3)(cid:3)(cid:3)(cid:3)(cid:3)(cid:3)(cid:3)(cid:3)(cid:3)(cid:3)(cid:3)(cid:3)(cid:3)(cid:3)(cid:3)(cid:3)(cid:3)(cid:3)(cid:3)(cid:3)(cid:3)(cid:883)(cid:3),(cid:3)(cid:3)(cid:3)(cid:3)(cid:3)(cid:3)(cid:3)(cid:3)(cid:3)(cid:3)(cid:3)(cid:3)(cid:3)(cid:3)(cid:3)(cid:3)(cid:3)(cid:3)(cid:3)(cid:3)(cid:3)(cid:3)(cid:3)(cid:3)(cid:3)(cid:3)(cid:3)(cid:3)(cid:3)(cid:3)(cid:3)(cid:3)(cid:3)(cid:3)(cid:3)(cid:3)(cid:3)(cid:3)(cid:3)(cid:3)(cid:3)(cid:3)(cid:3)(cid:3)(cid:3)(cid:883)(cid:883)(cid:3),(cid:3)(cid:3)(cid:3)(cid:3)(cid:3)(cid:3)(cid:3)(cid:3)(cid:3)(cid:3)(cid:3)(cid:3)(cid:3)(cid:3)(cid:3)(cid:3)(cid:3)(cid:3)(cid:3)(cid:3)(cid:3)(cid:3)(cid:3)(cid:3)(cid:3)(cid:3)(cid:3)(cid:3)(cid:3)(cid:3)(cid:3)(cid:3)(cid:3)(cid:3)(cid:3)(cid:3)(cid:3)(cid:3)(cid:3)(cid:883)(cid:484)(cid:885)(cid:883)(cid:887)(cid:3),,,,,,,,,,,,,,,,,,,,,,,,,,,
(cid:885),(cid:22)(cid:151)(cid:143)(cid:131)(cid:150)(cid:135)(cid:148)(cid:131)(cid:3)(cid:5)(cid:131)(cid:148)(cid:131)(cid:150),(cid:3)(cid:3)(cid:3)(cid:3)(cid:3)(cid:3)(cid:3)(cid:3)(cid:3)(cid:3)(cid:3)(cid:3)(cid:3)(cid:3)(cid:3)(cid:3)(cid:3)(cid:3)(cid:3)(cid:3)(cid:3)(cid:3)(cid:3)(cid:3)(cid:3)(cid:3)(cid:3)(cid:3)(cid:3)(cid:3)(cid:3)(cid:3)(cid:3)(cid:3)(cid:3)(cid:3)(cid:3)(cid:3)(cid:3)(cid:3)(cid:3)(cid:3)(cid:3)(cid:883)(cid:882)(cid:890)(cid:3),(cid:3)(cid:3)(cid:3)(cid:3)(cid:3)(cid:3)(cid:3)(cid:3)(cid:3)(cid:3)(cid:3)(cid:3)(cid:3)(cid:3)(cid:3)(cid:3)(cid:3)(cid:3)(cid:3)(cid:3)(cid:3)(cid:3)(cid:3)(cid:3)(cid:3)(cid:3)(cid:3)(cid:3)(cid:3)(cid:3)(cid:3)(cid:3)(cid:3)(cid:3)(cid:3)(cid:3)(cid:3)(cid:3)(cid:3)(cid:3)(cid:3)(cid:3)(cid:3)(cid:883)(cid:887)(cid:882)(cid:3),(cid:3)(cid:3)(cid:3)(cid:3)(cid:3)(cid:3)(cid:3)(cid:3)(cid:3)(cid:3)(cid:3)(cid:3)(cid:3)(cid:3)(cid:3)(cid:3)(cid:3)(cid:3)(cid:3)(cid:3)(cid:3)(cid:3)(cid:3)(cid:3)(cid:3)(cid:3)(cid:3)(cid:3)(cid:3)(cid:3)(cid:3)(cid:3)(cid:3)(cid:3)(cid:3)(cid:3)(cid:3)(cid:3)(cid:3)(cid:3)(cid:3)(cid:3)(cid:3)(cid:884)(cid:889)(cid:891)(cid:3),(cid:3)(cid:3)(cid:3)(cid:3)(cid:3)(cid:3)(cid:3)(cid:3)(cid:3)(cid:3)(cid:3)(cid:3)(cid:3)(cid:3)(cid:3)(cid:3)(cid:3)(cid:3)(cid:3)(cid:3)(cid:3)(cid:3)(cid:3)(cid:3)(cid:3)(cid:3)(cid:3)(cid:3)(cid:3)(cid:3)(cid:3)(cid:3)(cid:3)(cid:3)(cid:3)(cid:3)(cid:3)(cid:3)(cid:3)(cid:3)(cid:3)(cid:3)(cid:3)(cid:3)(cid:3)(cid:3)(cid:3)(cid:3)(cid:883)(cid:3),(cid:3)(cid:3)(cid:3)(cid:3)(cid:3)(cid:3)(cid:3)(cid:3)(cid:3)(cid:3)(cid:3)(cid:3)(cid:3)(cid:3)(cid:3)(cid:3)(cid:3)(cid:3)(cid:3)(cid:3)(cid:3)(cid:3)(cid:3)(cid:3)(cid:3)(cid:3)(cid:3)(cid:3)(cid:3)(cid:3)(cid:3)(cid:3)(cid:3)(cid:3)(cid:3)(cid:3)(cid:3)(cid:3)(cid:3)(cid:3)(cid:3)(cid:3)(cid:3)(cid:3)(cid:3)(cid:885)(cid:891)(cid:3),(cid:3)(cid:3)(cid:3)(cid:3)(cid:3)(cid:3)(cid:3)(cid:3)(cid:3)(cid:3)(cid:3)(cid:3)(cid:3)(cid:3)(cid:3)(cid:3)(cid:3)(cid:3)(cid:3)(cid:3)(cid:3)(cid:3)(cid:3)(cid:3)(cid:3)(cid:3)(cid:3)(cid:3)(cid:3)(cid:3)(cid:3)(cid:3)(cid:3)(cid:3)(cid:3)(cid:3)(cid:3)(cid:3)(cid:3)(cid:3)(cid:3)(cid:3)(cid:3)(cid:887)(cid:889)(cid:889)(cid:3),,,,,,,,,,,,,,,,,,,,,,,,,,,
(cid:886),(cid:21)(cid:139)(cid:131)(cid:151),(cid:3)(cid:3)(cid:3)(cid:3)(cid:3)(cid:3)(cid:3)(cid:3)(cid:3)(cid:3)(cid:3)(cid:3)(cid:3)(cid:3)(cid:3)(cid:3)(cid:3)(cid:3)(cid:3)(cid:3)(cid:3)(cid:3)(cid:3)(cid:3)(cid:3)(cid:3)(cid:3)(cid:3)(cid:3)(cid:3)(cid:3)(cid:3)(cid:3)(cid:3)(cid:3)(cid:3)(cid:3)(cid:3)(cid:3)(cid:3)(cid:3)(cid:3)(cid:3)(cid:3)(cid:3)(cid:889)(cid:886)(cid:3),(cid:3)(cid:3)(cid:3)(cid:3)(cid:3)(cid:3)(cid:3)(cid:3)(cid:3)(cid:3)(cid:3)(cid:3)(cid:3)(cid:3)(cid:3)(cid:3)(cid:3)(cid:3)(cid:3)(cid:3)(cid:3)(cid:3)(cid:3)(cid:3)(cid:3)(cid:3)(cid:3)(cid:3)(cid:3)(cid:3)(cid:3)(cid:3)(cid:3)(cid:3)(cid:3)(cid:3)(cid:3)(cid:3)(cid:3)(cid:3)(cid:3)(cid:3)(cid:3)(cid:884)(cid:891)(cid:882)(cid:3),(cid:3)(cid:3)(cid:3)(cid:3)(cid:3)(cid:3)(cid:3)(cid:3)(cid:3)(cid:3)(cid:3)(cid:3)(cid:3)(cid:3)(cid:3)(cid:3)(cid:3)(cid:3)(cid:3)(cid:3)(cid:3)(cid:3)(cid:3)(cid:3)(cid:3)(cid:3)(cid:3)(cid:3)(cid:3)(cid:3)(cid:3)(cid:3)(cid:3)(cid:3)(cid:3)(cid:3)(cid:3)(cid:3)(cid:3)(cid:3)(cid:3)(cid:3)(cid:3)(cid:884)(cid:885)(cid:889)(cid:3),(cid:3)(cid:3)(cid:3)(cid:3)(cid:3)(cid:3)(cid:3)(cid:3)(cid:3)(cid:3)(cid:3)(cid:3)(cid:3)(cid:3)(cid:3)(cid:3)(cid:3)(cid:3)(cid:3)(cid:3)(cid:3)(cid:3)(cid:3)(cid:3)(cid:3)(cid:3)(cid:3)(cid:3)(cid:3)(cid:3)(cid:3)(cid:3)(cid:3)(cid:3)(cid:3)(cid:3)(cid:3)(cid:3)(cid:3)(cid:3)(cid:3)(cid:3)(cid:3)(cid:3)(cid:3)(cid:3)(cid:3)(cid:486)(cid:3),(cid:3)(cid:3)(cid:3)(cid:3)(cid:3)(cid:3)(cid:3)(cid:3)(cid:3)(cid:3)(cid:3)(cid:3)(cid:3)(cid:3)(cid:3)(cid:3)(cid:3)(cid:3)(cid:3)(cid:3)(cid:3)(cid:3)(cid:3)(cid:3)(cid:3)(cid:3)(cid:3)(cid:3)(cid:3)(cid:3)(cid:3)(cid:3)(cid:3)(cid:3)(cid:3)(cid:3)(cid:3)(cid:3)(cid:3)(cid:3)(cid:3)(cid:3)(cid:3)(cid:3)(cid:3)(cid:3)(cid:3)(cid:883)(cid:889)(cid:3),(cid:3)(cid:3)(cid:3)(cid:3)(cid:3)(cid:3)(cid:3)(cid:3)(cid:3)(cid:3)(cid:3)(cid:3)(cid:3)(cid:3)(cid:3)(cid:3)(cid:3)(cid:3)(cid:3)(cid:3)(cid:3)(cid:3)(cid:3)(cid:3)(cid:3)(cid:3)(cid:3)(cid:3)(cid:3)(cid:3)(cid:3)(cid:3)(cid:3)(cid:3)(cid:3)(cid:3)(cid:3)(cid:3)(cid:3)(cid:3)(cid:3)(cid:3)(cid:3)(cid:888)(cid:883)(cid:890)(cid:3),,,,,,,,,,,,,,,,,,,,,,,,,,,
(cid:887),(cid:13)(cid:131)(cid:143)(cid:132)(cid:139),(cid:3)(cid:3)(cid:3)(cid:3)(cid:3)(cid:3)(cid:3)(cid:3)(cid:3)(cid:3)(cid:3)(cid:3)(cid:3)(cid:3)(cid:3)(cid:3)(cid:3)(cid:3)(cid:3)(cid:3)(cid:3)(cid:3)(cid:3)(cid:3)(cid:3)(cid:3)(cid:3)(cid:3)(cid:3)(cid:3)(cid:3)(cid:3)(cid:3)(cid:3)(cid:3)(cid:3)(cid:3)(cid:3)(cid:3)(cid:3)(cid:3)(cid:3)(cid:3)(cid:3)(cid:3)(cid:888)(cid:886)(cid:3),(cid:3)(cid:3)(cid:3)(cid:3)(cid:3)(cid:3)(cid:3)(cid:3)(cid:3)(cid:3)(cid:3)(cid:3)(cid:3)(cid:3)(cid:3)(cid:3)(cid:3)(cid:3)(cid:3)(cid:3)(cid:3)(cid:3)(cid:3)(cid:3)(cid:3)(cid:3)(cid:3)(cid:3)(cid:3)(cid:3)(cid:3)(cid:3)(cid:3)(cid:3)(cid:3)(cid:3)(cid:3)(cid:3)(cid:3)(cid:3)(cid:3)(cid:3)(cid:3)(cid:3)(cid:3)(cid:890)(cid:886)(cid:3),(cid:3)(cid:3)(cid:3)(cid:3)(cid:3)(cid:3)(cid:3)(cid:3)(cid:3)(cid:3)(cid:3)(cid:3)(cid:3)(cid:3)(cid:3)(cid:3)(cid:3)(cid:3)(cid:3)(cid:3)(cid:3)(cid:3)(cid:3)(cid:3)(cid:3)(cid:3)(cid:3)(cid:3)(cid:3)(cid:3)(cid:3)(cid:3)(cid:3)(cid:3)(cid:3)(cid:3)(cid:3)(cid:3)(cid:3)(cid:3)(cid:3)(cid:3)(cid:3)(cid:884)(cid:882)(cid:888)(cid:3),(cid:3)(cid:3)(cid:3)(cid:3)(cid:3)(cid:3)(cid:3)(cid:3)(cid:3)(cid:3)(cid:3)(cid:3)(cid:3)(cid:3)(cid:3)(cid:3)(cid:3)(cid:3)(cid:3)(cid:3)(cid:3)(cid:3)(cid:3)(cid:3)(cid:3)(cid:3)(cid:3)(cid:3)(cid:3)(cid:3)(cid:3)(cid:3)(cid:3)(cid:3)(cid:3)(cid:3)(cid:3)(cid:3)(cid:3)(cid:3)(cid:3)(cid:3)(cid:3)(cid:3)(cid:3)(cid:3)(cid:3)(cid:486)(cid:3),(cid:3)(cid:3)(cid:3)(cid:3)(cid:3)(cid:3)(cid:3)(cid:3)(cid:3)(cid:3)(cid:3)(cid:3)(cid:3)(cid:3)(cid:3)(cid:3)(cid:3)(cid:3)(cid:3)(cid:3)(cid:3)(cid:3)(cid:3)(cid:3)(cid:3)(cid:3)(cid:3)(cid:3)(cid:3)(cid:3)(cid:3)(cid:3)(cid:3)(cid:3)(cid:3)(cid:3)(cid:3)(cid:3)(cid:3)(cid:3)(cid:3)(cid:3)(cid:3)(cid:3)(cid:3)(cid:3)(cid:3)(cid:883)(cid:891)(cid:3),(cid:3)(cid:3)(cid:3)(cid:3)(cid:3)(cid:3)(cid:3)(cid:3)(cid:3)(cid:3)(cid:3)(cid:3)(cid:3)(cid:3)(cid:3)(cid:3)(cid:3)(cid:3)(cid:3)(cid:3)(cid:3)(cid:3)(cid:3)(cid:3)(cid:3)(cid:3)(cid:3)(cid:3)(cid:3)(cid:3)(cid:3)(cid:3)(cid:3)(cid:3)(cid:3)(cid:3)(cid:3)(cid:3)(cid:3)(cid:3)(cid:3)(cid:3)(cid:3)(cid:885)(cid:889)(cid:885)(cid:3),,,,,,,,,,,,,,,,,,,,,,,,,,,
(cid:888),(cid:22)(cid:151)(cid:143)(cid:131)(cid:150)(cid:135)(cid:148)(cid:131)(cid:3)(cid:22)(cid:135)(cid:142)(cid:131)(cid:150)(cid:131)(cid:144),(cid:3)(cid:3)(cid:3)(cid:3)(cid:3)(cid:3)(cid:3)(cid:3)(cid:3)(cid:3)(cid:3)(cid:3)(cid:3)(cid:3)(cid:3)(cid:3)(cid:3)(cid:3)(cid:3)(cid:3)(cid:3)(cid:3)(cid:3)(cid:3)(cid:3)(cid:3)(cid:3)(cid:3)(cid:3)(cid:3)(cid:3)(cid:3)(cid:3)(cid:3)(cid:3)(cid:3)(cid:3)(cid:3)(cid:3)(cid:3)(cid:3)(cid:3)(cid:3)(cid:884)(cid:884)(cid:888)(cid:3),(cid:3)(cid:3)(cid:3)(cid:3)(cid:3)(cid:3)(cid:3)(cid:3)(cid:3)(cid:3)(cid:3)(cid:3)(cid:3)(cid:3)(cid:3)(cid:3)(cid:3)(cid:3)(cid:3)(cid:3)(cid:3)(cid:3)(cid:3)(cid:3)(cid:3)(cid:3)(cid:3)(cid:3)(cid:3)(cid:3)(cid:3)(cid:3)(cid:3)(cid:3)(cid:3)(cid:3)(cid:3)(cid:3)(cid:3)(cid:3)(cid:3)(cid:3)(cid:3)(cid:884)(cid:888)(cid:886)(cid:3),(cid:3)(cid:3)(cid:3)(cid:3)(cid:3)(cid:3)(cid:3)(cid:3)(cid:3)(cid:3)(cid:3)(cid:3)(cid:3)(cid:3)(cid:3)(cid:3)(cid:3)(cid:3)(cid:3)(cid:3)(cid:3)(cid:3)(cid:3)(cid:3)(cid:3)(cid:3)(cid:3)(cid:3)(cid:3)(cid:3)(cid:3)(cid:3)(cid:3)(cid:3)(cid:3)(cid:3)(cid:3)(cid:3)(cid:3)(cid:3)(cid:3)(cid:3)(cid:3)(cid:885)(cid:887)(cid:882)(cid:3),(cid:3)(cid:3)(cid:3)(cid:3)(cid:3)(cid:3)(cid:3)(cid:3)(cid:3)(cid:3)(cid:3)(cid:3)(cid:3)(cid:3)(cid:3)(cid:3)(cid:3)(cid:3)(cid:3)(cid:3)(cid:3)(cid:3)(cid:3)(cid:3)(cid:3)(cid:3)(cid:3)(cid:3)(cid:3)(cid:3)(cid:3)(cid:3)(cid:3)(cid:3)(cid:3)(cid:3)(cid:3)(cid:3)(cid:3)(cid:3)(cid:3)(cid:3)(cid:3)(cid:3)(cid:3)(cid:3)(cid:3)(cid:3)(cid:884)(cid:3),(cid:3)(cid:3)(cid:3)(cid:3)(cid:3)(cid:3)(cid:3)(cid:3)(cid:3)(cid:3)(cid:3)(cid:3)(cid:3)(cid:3)(cid:3)(cid:3)(cid:3)(cid:3)(cid:3)(cid:3)(cid:3)(cid:3)(cid:3)(cid:3)(cid:3)(cid:3)(cid:3)(cid:3)(cid:3)(cid:3)(cid:3)(cid:3)(cid:3)(cid:3)(cid:3)(cid:3)(cid:3)(cid:3)(cid:3)(cid:3)(cid:3)(cid:3)(cid:3)(cid:3)(cid:3)(cid:885)(cid:887)(cid:3),(cid:3)(cid:3)(cid:3)(cid:3)(cid:3)(cid:3)(cid:3)(cid:3)(cid:3)(cid:3)(cid:3)(cid:3)(cid:3)(cid:3)(cid:3)(cid:3)(cid:3)(cid:3)(cid:3)(cid:3)(cid:3)(cid:3)(cid:3)(cid:3)(cid:3)(cid:3)(cid:3)(cid:3)(cid:3)(cid:3)(cid:3)(cid:3)(cid:3)(cid:3)(cid:3)(cid:3)(cid:3)(cid:3)(cid:3)(cid:3)(cid:3)(cid:3)(cid:3)(cid:890)(cid:889)(cid:889)(cid:3),,,,,,,,,,,,,,,,,,,,,,,,,,,
(cid:889),(cid:5)(cid:135)(cid:144)(cid:137)(cid:141)(cid:151)(cid:142)(cid:151),(cid:3)(cid:3)(cid:3)(cid:3)(cid:3)(cid:3)(cid:3)(cid:3)(cid:3)(cid:3)(cid:3)(cid:3)(cid:3)(cid:3)(cid:3)(cid:3)(cid:3)(cid:3)(cid:3)(cid:3)(cid:3)(cid:3)(cid:3)(cid:3)(cid:3)(cid:3)(cid:3)(cid:3)(cid:3)(cid:3)(cid:3)(cid:3)(cid:3)(cid:3)(cid:3)(cid:3)(cid:3)(cid:3)(cid:3)(cid:3)(cid:3)(cid:3)(cid:3)(cid:3)(cid:3)(cid:891)(cid:889)(cid:3),(cid:3)(cid:3)(cid:3)(cid:3)(cid:3)(cid:3)(cid:3)(cid:3)(cid:3)(cid:3)(cid:3)(cid:3)(cid:3)(cid:3)(cid:3)(cid:3)(cid:3)(cid:3)(cid:3)(cid:3)(cid:3)(cid:3)(cid:3)(cid:3)(cid:3)(cid:3)(cid:3)(cid:3)(cid:3)(cid:3)(cid:3)(cid:3)(cid:3)(cid:3)(cid:3)(cid:3)(cid:3)(cid:3)(cid:3)(cid:3)(cid:3)(cid:3)(cid:3)(cid:3)(cid:3)(cid:888)(cid:882)(cid:3),(cid:3)(cid:3)(cid:3)(cid:3)(cid:3)(cid:3)(cid:3)(cid:3)(cid:3)(cid:3)(cid:3)(cid:3)(cid:3)(cid:3)(cid:3)(cid:3)(cid:3)(cid:3)(cid:3)(cid:3)(cid:3)(cid:3)(cid:3)(cid:3)(cid:3)(cid:3)(cid:3)(cid:3)(cid:3)(cid:3)(cid:3)(cid:3)(cid:3)(cid:3)(cid:3)(cid:3)(cid:3)(cid:3)(cid:3)(cid:3)(cid:3)(cid:3)(cid:3)(cid:883)(cid:889)(cid:891)(cid:3),(cid:3)(cid:3)(cid:3)(cid:3)(cid:3)(cid:3)(cid:3)(cid:3)(cid:3)(cid:3)(cid:3)(cid:3)(cid:3)(cid:3)(cid:3)(cid:3)(cid:3)(cid:3)(cid:3)(cid:3)(cid:3)(cid:3)(cid:3)(cid:3)(cid:3)(cid:3)(cid:3)(cid:3)(cid:3)(cid:3)(cid:3)(cid:3)(cid:3)(cid:3)(cid:3)(cid:3)(cid:3)(cid:3)(cid:3)(cid:3)(cid:3)(cid:3)(cid:3)(cid:3)(cid:3)(cid:3)(cid:3)(cid:486)(cid:3),(cid:3)(cid:3)(cid:3)(cid:3)(cid:3)(cid:3)(cid:3)(cid:3)(cid:3)(cid:3)(cid:3)(cid:3)(cid:3)(cid:3)(cid:3)(cid:3)(cid:3)(cid:3)(cid:3)(cid:3)(cid:3)(cid:3)(cid:3)(cid:3)(cid:3)(cid:3)(cid:3)(cid:3)(cid:3)(cid:3)(cid:3)(cid:3)(cid:3)(cid:3)(cid:3)(cid:3)(cid:3)(cid:3)(cid:3)(cid:3)(cid:3)(cid:3)(cid:3)(cid:3)(cid:3)(cid:3)(cid:3)(cid:883)(cid:889)(cid:3),(cid:3)(cid:3)(cid:3)(cid:3)(cid:3)(cid:3)(cid:3)(cid:3)(cid:3)(cid:3)(cid:3)(cid:3)(cid:3)(cid:3)(cid:3)(cid:3)(cid:3)(cid:3)(cid:3)(cid:3)(cid:3)(cid:3)(cid:3)(cid:3)(cid:3)(cid:3)(cid:3)(cid:3)(cid:3)(cid:3)(cid:3)(cid:3)(cid:3)(cid:3)(cid:3)(cid:3)(cid:3)(cid:3)(cid:3)(cid:3)(cid:3)(cid:3)(cid:3)(cid:885)(cid:887)(cid:885)(cid:3),,,,,,,,,,,,,,,,,,,,,,,,,,,
(cid:890),(cid:15)(cid:131)(cid:143)(cid:146)(cid:151)(cid:144)(cid:137),(cid:3)(cid:3)(cid:3)(cid:3)(cid:3)(cid:3)(cid:3)(cid:3)(cid:3)(cid:3)(cid:3)(cid:3)(cid:3)(cid:3)(cid:3)(cid:3)(cid:3)(cid:3)(cid:3)(cid:3)(cid:3)(cid:3)(cid:3)(cid:3)(cid:3)(cid:3)(cid:3)(cid:3)(cid:3)(cid:3)(cid:3)(cid:3)(cid:3)(cid:3)(cid:3)(cid:3)(cid:3)(cid:3)(cid:3)(cid:3)(cid:3)(cid:3)(cid:3)(cid:883)(cid:883)(cid:887)(cid:3),(cid:3)(cid:3)(cid:3)(cid:3)(cid:3)(cid:3)(cid:3)(cid:3)(cid:3)(cid:3)(cid:3)(cid:3)(cid:3)(cid:3)(cid:3)(cid:3)(cid:3)(cid:3)(cid:3)(cid:3)(cid:3)(cid:3)(cid:3)(cid:3)(cid:3)(cid:3)(cid:3)(cid:3)(cid:3)(cid:3)(cid:3)(cid:3)(cid:3)(cid:3)(cid:3)(cid:3)(cid:3)(cid:3)(cid:3)(cid:3)(cid:3)(cid:3)(cid:3)(cid:884)(cid:886)(cid:885)(cid:3),(cid:3)(cid:3)(cid:3)(cid:3)(cid:3)(cid:3)(cid:3)(cid:3)(cid:3)(cid:3)(cid:3)(cid:3)(cid:3)(cid:3)(cid:3)(cid:3)(cid:3)(cid:3)(cid:3)(cid:3)(cid:3)(cid:3)(cid:3)(cid:3)(cid:3)(cid:3)(cid:3)(cid:3)(cid:3)(cid:3)(cid:3)(cid:3)(cid:3)(cid:3)(cid:3)(cid:3)(cid:3)(cid:3)(cid:3)(cid:3)(cid:3)(cid:3)(cid:3)(cid:885)(cid:884)(cid:882)(cid:3),(cid:3)(cid:3)(cid:3)(cid:3)(cid:3)(cid:3)(cid:3)(cid:3)(cid:3)(cid:3)(cid:3)(cid:3)(cid:3)(cid:3)(cid:3)(cid:3)(cid:3)(cid:3)(cid:3)(cid:3)(cid:3)(cid:3)(cid:3)(cid:3)(cid:3)(cid:3)(cid:3)(cid:3)(cid:3)(cid:3)(cid:3)(cid:3)(cid:3)(cid:3)(cid:3)(cid:3)(cid:3)(cid:3)(cid:3)(cid:3)(cid:3)(cid:3)(cid:3)(cid:3)(cid:3)(cid:3)(cid:3)(cid:486)(cid:3),(cid:3)(cid:3)(cid:3)(cid:3)(cid:3)(cid:3)(cid:3)(cid:3)(cid:3)(cid:3)(cid:3)(cid:3)(cid:3)(cid:3)(cid:3)(cid:3)(cid:3)(cid:3)(cid:3)(cid:3)(cid:3)(cid:3)(cid:3)(cid:3)(cid:3)(cid:3)(cid:3)(cid:3)(cid:3)(cid:3)(cid:3)(cid:3)(cid:3)(cid:3)(cid:3)(cid:3)(cid:3)(cid:3)(cid:3)(cid:3)(cid:3)(cid:3)(cid:3)(cid:3)(cid:3)(cid:3)(cid:3)(cid:3)(cid:3)(cid:3)(cid:887)(cid:3),(cid:3)(cid:3)(cid:3)(cid:3)(cid:3)(cid:3)(cid:3)(cid:3)(cid:3)(cid:3)(cid:3)(cid:3)(cid:3)(cid:3)(cid:3)(cid:3)(cid:3)(cid:3)(cid:3)(cid:3)(cid:3)(cid:3)(cid:3)(cid:3)(cid:3)(cid:3)(cid:3)(cid:3)(cid:3)(cid:3)(cid:3)(cid:3)(cid:3)(cid:3)(cid:3)(cid:3)(cid:3)(cid:3)(cid:3)(cid:3)(cid:3)(cid:3)(cid:3)(cid:888)(cid:890)(cid:885)(cid:3),,,,,,,,,,,,,,,,,,,,,,,,,,,
(cid:891),(cid:14)(cid:135)(cid:146)(cid:151)(cid:142)(cid:131)(cid:151)(cid:131)(cid:144)(cid:3)(cid:5)(cid:131)(cid:144)(cid:137)(cid:141)(cid:131)(cid:3)(cid:5)(cid:135)(cid:142)(cid:139)(cid:150)(cid:151)(cid:144)(cid:137),(cid:3)(cid:3)(cid:3)(cid:3)(cid:3)(cid:3)(cid:3)(cid:3)(cid:3)(cid:3)(cid:3)(cid:3)(cid:3)(cid:3)(cid:3)(cid:3)(cid:3)(cid:3)(cid:3)(cid:3)(cid:3)(cid:3)(cid:3)(cid:3)(cid:3)(cid:3)(cid:3)(cid:3)(cid:3)(cid:3)(cid:3)(cid:3)(cid:3)(cid:3)(cid:3)(cid:3)(cid:3)(cid:3)(cid:3)(cid:3)(cid:3)(cid:3)(cid:3)(cid:3)(cid:3)(cid:884)(cid:889)(cid:3),(cid:3)(cid:3)(cid:3)(cid:3)(cid:3)(cid:3)(cid:3)(cid:3)(cid:3)(cid:3)(cid:3)(cid:3)(cid:3)(cid:3)(cid:3)(cid:3)(cid:3)(cid:3)(cid:3)(cid:3)(cid:3)(cid:3)(cid:3)(cid:3)(cid:3)(cid:3)(cid:3)(cid:3)(cid:3)(cid:3)(cid:3)(cid:3)(cid:3)(cid:3)(cid:3)(cid:3)(cid:3)(cid:3)(cid:3)(cid:3)(cid:3)(cid:3)(cid:3)(cid:3)(cid:3)(cid:886)(cid:883)(cid:3),(cid:3)(cid:3)(cid:3)(cid:3)(cid:3)(cid:3)(cid:3)(cid:3)(cid:3)(cid:3)(cid:3)(cid:3)(cid:3)(cid:3)(cid:3)(cid:3)(cid:3)(cid:3)(cid:3)(cid:3)(cid:3)(cid:3)(cid:3)(cid:3)(cid:3)(cid:3)(cid:3)(cid:3)(cid:3)(cid:3)(cid:3)(cid:3)(cid:3)(cid:3)(cid:3)(cid:3)(cid:3)(cid:3)(cid:3)(cid:3)(cid:3)(cid:3)(cid:3)(cid:3)(cid:3)(cid:888)(cid:886)(cid:3),(cid:3)(cid:3)(cid:3)(cid:3)(cid:3)(cid:3)(cid:3)(cid:3)(cid:3)(cid:3)(cid:3)(cid:3)(cid:3)(cid:3)(cid:3)(cid:3)(cid:3)(cid:3)(cid:3)(cid:3)(cid:3)(cid:3)(cid:3)(cid:3)(cid:3)(cid:3)(cid:3)(cid:3)(cid:3)(cid:3)(cid:3)(cid:3)(cid:3)(cid:3)(cid:3)(cid:3)(cid:3)(cid:3)(cid:3)(cid:3)(cid:3)(cid:3)(cid:3)(cid:3)(cid:3)(cid:3)(cid:3)(cid:3)(cid:884)(cid:3),(cid:3)(cid:3)(cid:3)(cid:3)(cid:3)(cid:3)(cid:3)(cid:3)(cid:3)(cid:3)(cid:3)(cid:3)(cid:3)(cid:3)(cid:3)(cid:3)(cid:3)(cid:3)(cid:3)(cid:3)(cid:3)(cid:3)(cid:3)(cid:3)(cid:3)(cid:3)(cid:3)(cid:3)(cid:3)(cid:3)(cid:3)(cid:3)(cid:3)(cid:3)(cid:3)(cid:3)(cid:3)(cid:3)(cid:3)(cid:3)(cid:3)(cid:3)(cid:3)(cid:3)(cid:3)(cid:3)(cid:3)(cid:3)(cid:888)(cid:3),(cid:3)(cid:3)(cid:3)(cid:3)(cid:3)(cid:3)(cid:3)(cid:3)(cid:3)(cid:3)(cid:3)(cid:3)(cid:3)(cid:3)(cid:3)(cid:3)(cid:3)(cid:3)(cid:3)(cid:3)(cid:3)(cid:3)(cid:3)(cid:3)(cid:3)(cid:3)(cid:3)(cid:3)(cid:3)(cid:3)(cid:3)(cid:3)(cid:3)(cid:3)(cid:3)(cid:3)(cid:3)(cid:3)(cid:3)(cid:3)(cid:3)(cid:3)(cid:3)(cid:883)(cid:886)(cid:882)(cid:3),,,,,,,,,,,,,,,,,,,,,,,,,,,
(cid:883)(cid:882),(cid:14)(cid:135)(cid:146)(cid:151)(cid:142)(cid:131)(cid:151)(cid:131)(cid:144)(cid:3)(cid:21)(cid:139)(cid:131)(cid:151),(cid:3)(cid:3)(cid:3)(cid:3)(cid:3)(cid:3)(cid:3)(cid:3)(cid:3)(cid:3)(cid:3)(cid:3)(cid:3)(cid:3)(cid:3)(cid:3)(cid:3)(cid:3)(cid:3)(cid:3)(cid:3)(cid:3)(cid:3)(cid:3)(cid:3)(cid:3)(cid:3)(cid:3)(cid:3)(cid:3)(cid:3)(cid:3)(cid:3)(cid:3)(cid:3)(cid:3)(cid:3)(cid:3)(cid:3)(cid:3)(cid:3)(cid:3)(cid:3)(cid:3)(cid:3)(cid:3)(cid:3)(cid:3)(cid:889)(cid:3),(cid:3)(cid:3)(cid:3)(cid:3)(cid:3)(cid:3)(cid:3)(cid:3)(cid:3)(cid:3)(cid:3)(cid:3)(cid:3)(cid:3)(cid:3)(cid:3)(cid:3)(cid:3)(cid:3)(cid:3)(cid:3)(cid:3)(cid:3)(cid:3)(cid:3)(cid:3)(cid:3)(cid:3)(cid:3)(cid:3)(cid:3)(cid:3)(cid:3)(cid:3)(cid:3)(cid:3)(cid:3)(cid:3)(cid:3)(cid:3)(cid:3)(cid:3)(cid:3)(cid:883)(cid:885)(cid:886)(cid:3),(cid:3)(cid:3)(cid:3)(cid:3)(cid:3)(cid:3)(cid:3)(cid:3)(cid:3)(cid:3)(cid:3)(cid:3)(cid:3)(cid:3)(cid:3)(cid:3)(cid:3)(cid:3)(cid:3)(cid:3)(cid:3)(cid:3)(cid:3)(cid:3)(cid:3)(cid:3)(cid:3)(cid:3)(cid:3)(cid:3)(cid:3)(cid:3)(cid:3)(cid:3)(cid:3)(cid:3)(cid:3)(cid:3)(cid:3)(cid:3)(cid:3)(cid:3)(cid:3)(cid:3)(cid:3)(cid:891)(cid:883)(cid:3),(cid:3)(cid:3)(cid:3)(cid:3)(cid:3)(cid:3)(cid:3)(cid:3)(cid:3)(cid:3)(cid:3)(cid:3)(cid:3)(cid:3)(cid:3)(cid:3)(cid:3)(cid:3)(cid:3)(cid:3)(cid:3)(cid:3)(cid:3)(cid:3)(cid:3)(cid:3)(cid:3)(cid:3)(cid:3)(cid:3)(cid:3)(cid:3)(cid:3)(cid:3)(cid:3)(cid:3)(cid:3)(cid:3)(cid:3)(cid:3)(cid:3)(cid:3)(cid:3)(cid:3)(cid:3)(cid:3)(cid:3)(cid:3)(cid:883)(cid:3),(cid:3)(cid:3)(cid:3)(cid:3)(cid:3)(cid:3)(cid:3)(cid:3)(cid:3)(cid:3)(cid:3)(cid:3)(cid:3)(cid:3)(cid:3)(cid:3)(cid:3)(cid:3)(cid:3)(cid:3)(cid:3)(cid:3)(cid:3)(cid:3)(cid:3)(cid:3)(cid:3)(cid:3)(cid:3)(cid:3)(cid:3)(cid:3)(cid:3)(cid:3)(cid:3)(cid:3)(cid:3)(cid:3)(cid:3)(cid:3)(cid:3)(cid:3)(cid:3)(cid:3)(cid:3)(cid:3)(cid:3)(cid:3)(cid:883)(cid:3),(cid:3)(cid:3)(cid:3)(cid:3)(cid:3)(cid:3)(cid:3)(cid:3)(cid:3)(cid:3)(cid:3)(cid:3)(cid:3)(cid:3)(cid:3)(cid:3)(cid:3)(cid:3)(cid:3)(cid:3)(cid:3)(cid:3)(cid:3)(cid:3)(cid:3)(cid:3)(cid:3)(cid:3)(cid:3)(cid:3)(cid:3)(cid:3)(cid:3)(cid:3)(cid:3)(cid:3)(cid:3)(cid:3)(cid:3)(cid:3)(cid:3)(cid:3)(cid:3)(cid:884)(cid:885)(cid:886)(cid:3),,,,,,,,,,,,,,,,,,,,,,,,,,,
(cid:883)(cid:883),(cid:7)(cid:14)(cid:12)(cid:3)(cid:13)(cid:131)(cid:141)(cid:131)(cid:148)(cid:150)(cid:131),(cid:3)(cid:3)(cid:3)(cid:3)(cid:3)(cid:3)(cid:3)(cid:3)(cid:3)(cid:3)(cid:3)(cid:3)(cid:3)(cid:3)(cid:3)(cid:3)(cid:3)(cid:3)(cid:3)(cid:3)(cid:3)(cid:3)(cid:3)(cid:3)(cid:3)(cid:3)(cid:3)(cid:3)(cid:3)(cid:3)(cid:3)(cid:3)(cid:3)(cid:3)(cid:3)(cid:3)(cid:3)(cid:3)(cid:3)(cid:3)(cid:3)(cid:3)(cid:3)(cid:3)(cid:3)(cid:3)(cid:3)(cid:3)(cid:891)(cid:3),(cid:3)(cid:3)(cid:3)(cid:3)(cid:3)(cid:3)(cid:3)(cid:3)(cid:3)(cid:3)(cid:3)(cid:3)(cid:3)(cid:3)(cid:3)(cid:3)(cid:3)(cid:3)(cid:3)(cid:3)(cid:3)(cid:3)(cid:3)(cid:3)(cid:3)(cid:3)(cid:3)(cid:3)(cid:3)(cid:3)(cid:3)(cid:3)(cid:3)(cid:3)(cid:3)(cid:3)(cid:3)(cid:3)(cid:3)(cid:3)(cid:3)(cid:3)(cid:3)(cid:885)(cid:889)(cid:885)(cid:3),(cid:3)(cid:3)(cid:3)(cid:3)(cid:3)(cid:3)(cid:3)(cid:3)(cid:3)(cid:3)(cid:3)(cid:3)(cid:3)(cid:3)(cid:3)(cid:3)(cid:3)(cid:3)(cid:3)(cid:3)(cid:3)(cid:3)(cid:3)(cid:3)(cid:3)(cid:3)(cid:3)(cid:3)(cid:3)(cid:3)(cid:3)(cid:3)(cid:3)(cid:3)(cid:3)(cid:3)(cid:3)(cid:3)(cid:3)(cid:3)(cid:3)(cid:3)(cid:3)(cid:3)(cid:3)(cid:886)(cid:886)(cid:3),(cid:3)(cid:3)(cid:3)(cid:3)(cid:3)(cid:3)(cid:3)(cid:3)(cid:3)(cid:3)(cid:3)(cid:3)(cid:3)(cid:3)(cid:3)(cid:3)(cid:3)(cid:3)(cid:3)(cid:3)(cid:3)(cid:3)(cid:3)(cid:3)(cid:3)(cid:3)(cid:3)(cid:3)(cid:3)(cid:3)(cid:3)(cid:3)(cid:3)(cid:3)(cid:3)(cid:3)(cid:3)(cid:3)(cid:3)(cid:3)(cid:3)(cid:3)(cid:3)(cid:3)(cid:3)(cid:3)(cid:3)(cid:486)(cid:3),(cid:3)(cid:3)(cid:3)(cid:3)(cid:3)(cid:3)(cid:3)(cid:3)(cid:3)(cid:3)(cid:3)(cid:3)(cid:3)(cid:3)(cid:3)(cid:3)(cid:3)(cid:3)(cid:3)(cid:3)(cid:3)(cid:3)(cid:3)(cid:3)(cid:3)(cid:3)(cid:3)(cid:3)(cid:3)(cid:3)(cid:3)(cid:3)(cid:3)(cid:3)(cid:3)(cid:3)(cid:3)(cid:3)(cid:3)(cid:3)(cid:3)(cid:3)(cid:3)(cid:3)(cid:3)(cid:3)(cid:3)(cid:3)(cid:3)(cid:3)(cid:883)(cid:3),(cid:3)(cid:3)(cid:3)(cid:3)(cid:3)(cid:3)(cid:3)(cid:3)(cid:3)(cid:3)(cid:3)(cid:3)(cid:3)(cid:3)(cid:3)(cid:3)(cid:3)(cid:3)(cid:3)(cid:3)(cid:3)(cid:3)(cid:3)(cid:3)(cid:3)(cid:3)(cid:3)(cid:3)(cid:3)(cid:3)(cid:3)(cid:3)(cid:3)(cid:3)(cid:3)(cid:3)(cid:3)(cid:3)(cid:3)(cid:3)(cid:3)(cid:3)(cid:3)(cid:886)(cid:884)(cid:889)(cid:3),,,,,,,,,,,,,,,,,,,,,,,,,,,
(cid:883)(cid:884),(cid:13)(cid:131)(cid:153)(cid:131)(cid:3)(cid:5)(cid:131)(cid:148)(cid:131)(cid:150),(cid:3)(cid:3)(cid:3)(cid:3)(cid:3)(cid:3)(cid:3)(cid:3)(cid:3)(cid:3)(cid:3)(cid:3)(cid:3)(cid:3)(cid:3)(cid:3)(cid:3)(cid:3)(cid:3)(cid:3)(cid:3)(cid:3)(cid:3)(cid:3)(cid:3)(cid:3)(cid:3)(cid:3)(cid:3)(cid:3)(cid:3)(cid:3)(cid:3)(cid:3)(cid:3)(cid:3)(cid:3)(cid:3)(cid:3)(cid:3)(cid:3)(cid:3)(cid:3)(cid:886)(cid:884)(cid:886)(cid:3),(cid:3)(cid:3)(cid:3)(cid:3)(cid:3)(cid:3)(cid:3)(cid:3)(cid:3)(cid:3)(cid:3)(cid:3)(cid:3)(cid:3)(cid:3)(cid:3)(cid:3)(cid:3)(cid:3)(cid:3)(cid:3)(cid:3)(cid:3)(cid:3)(cid:3)(cid:3)(cid:3)(cid:3)(cid:3)(cid:3)(cid:3)(cid:3)(cid:3)(cid:3)(cid:3)(cid:3)(cid:3)(cid:3)(cid:3)(cid:883)(cid:484)(cid:886)(cid:891)(cid:889)(cid:3),(cid:3)(cid:3)(cid:3)(cid:3)(cid:3)(cid:3)(cid:3)(cid:3)(cid:3)(cid:3)(cid:3)(cid:3)(cid:3)(cid:3)(cid:3)(cid:3)(cid:3)(cid:3)(cid:3)(cid:3)(cid:3)(cid:3)(cid:3)(cid:3)(cid:3)(cid:3)(cid:3)(cid:3)(cid:3)(cid:3)(cid:3)(cid:3)(cid:3)(cid:3)(cid:3)(cid:3)(cid:3)(cid:3)(cid:3)(cid:883)(cid:484)(cid:882)(cid:891)(cid:889)(cid:3),(cid:3)(cid:3)(cid:3)(cid:3)(cid:3)(cid:3)(cid:3)(cid:3)(cid:3)(cid:3)(cid:3)(cid:3)(cid:3)(cid:3)(cid:3)(cid:3)(cid:3)(cid:3)(cid:3)(cid:3)(cid:3)(cid:3)(cid:3)(cid:3)(cid:3)(cid:3)(cid:3)(cid:3)(cid:3)(cid:3)(cid:3)(cid:3)(cid:3)(cid:3)(cid:3)(cid:3)(cid:3)(cid:3)(cid:3)(cid:3)(cid:3)(cid:3)(cid:3)(cid:3)(cid:3)(cid:3)(cid:3)(cid:486)(cid:3),(cid:3)(cid:3)(cid:3)(cid:3)(cid:3)(cid:3)(cid:3)(cid:3)(cid:3)(cid:3)(cid:3)(cid:3)(cid:3)(cid:3)(cid:3)(cid:3)(cid:3)(cid:3)(cid:3)(cid:3)(cid:3)(cid:3)(cid:3)(cid:3)(cid:3)(cid:3)(cid:3)(cid:3)(cid:3)(cid:3)(cid:3)(cid:3)(cid:3)(cid:3)(cid:3)(cid:3)(cid:3)(cid:3)(cid:3)(cid:3)(cid:3)(cid:3)(cid:3)(cid:3)(cid:3)(cid:3)(cid:3)(cid:888)(cid:882)(cid:3),(cid:3)(cid:3)(cid:3)(cid:3)(cid:3)(cid:3)(cid:3)(cid:3)(cid:3)(cid:3)(cid:3)(cid:3)(cid:3)(cid:3)(cid:3)(cid:3)(cid:3)(cid:3)(cid:3)(cid:3)(cid:3)(cid:3)(cid:3)(cid:3)(cid:3)(cid:3)(cid:3)(cid:3)(cid:3)(cid:3)(cid:3)(cid:3)(cid:3)(cid:3)(cid:3)(cid:3)(cid:3)(cid:3)(cid:3)(cid:885)(cid:484)(cid:882)(cid:889)(cid:890)(cid:3),,,,,,,,,,,,,,,,,,,,,,,,,,,
(cid:883)(cid:885),(cid:13)(cid:131)(cid:153)(cid:131)(cid:3)(cid:23)(cid:135)(cid:144)(cid:137)(cid:131)(cid:138),(cid:3)(cid:3)(cid:3)(cid:3)(cid:3)(cid:3)(cid:3)(cid:3)(cid:3)(cid:3)(cid:3)(cid:3)(cid:3)(cid:3)(cid:3)(cid:3)(cid:3)(cid:3)(cid:3)(cid:3)(cid:3)(cid:3)(cid:3)(cid:3)(cid:3)(cid:3)(cid:3)(cid:3)(cid:3)(cid:3)(cid:3)(cid:3)(cid:3)(cid:3)(cid:3)(cid:3)(cid:3)(cid:3)(cid:3)(cid:883)(cid:484)(cid:882)(cid:890)(cid:882)(cid:3),(cid:3)(cid:3)(cid:3)(cid:3)(cid:3)(cid:3)(cid:3)(cid:3)(cid:3)(cid:3)(cid:3)(cid:3)(cid:3)(cid:3)(cid:3)(cid:3)(cid:3)(cid:3)(cid:3)(cid:3)(cid:3)(cid:3)(cid:3)(cid:3)(cid:3)(cid:3)(cid:3)(cid:3)(cid:3)(cid:3)(cid:3)(cid:3)(cid:3)(cid:3)(cid:3)(cid:3)(cid:3)(cid:3)(cid:3)(cid:3)(cid:3)(cid:3)(cid:3)(cid:890)(cid:886)(cid:882)(cid:3),(cid:3)(cid:3)(cid:3)(cid:3)(cid:3)(cid:3)(cid:3)(cid:3)(cid:3)(cid:3)(cid:3)(cid:3)(cid:3)(cid:3)(cid:3)(cid:3)(cid:3)(cid:3)(cid:3)(cid:3)(cid:3)(cid:3)(cid:3)(cid:3)(cid:3)(cid:3)(cid:3)(cid:3)(cid:3)(cid:3)(cid:3)(cid:3)(cid:3)(cid:3)(cid:3)(cid:3)(cid:3)(cid:3)(cid:3)(cid:3)(cid:3)(cid:3)(cid:3)(cid:890)(cid:890)(cid:882)(cid:3),(cid:3)(cid:3)(cid:3)(cid:3)(cid:3)(cid:3)(cid:3)(cid:3)(cid:3)(cid:3)(cid:3)(cid:3)(cid:3)(cid:3)(cid:3)(cid:3)(cid:3)(cid:3)(cid:3)(cid:3)(cid:3)(cid:3)(cid:3)(cid:3)(cid:3)(cid:3)(cid:3)(cid:3)(cid:3)(cid:3)(cid:3)(cid:3)(cid:3)(cid:3)(cid:3)(cid:3)(cid:3)(cid:3)(cid:3)(cid:3)(cid:3)(cid:3)(cid:3)(cid:3)(cid:3)(cid:3)(cid:3)(cid:486)(cid:3),(cid:3)(cid:3)(cid:3)(cid:3)(cid:3)(cid:3)(cid:3)(cid:3)(cid:3)(cid:3)(cid:3)(cid:3)(cid:3)(cid:3)(cid:3)(cid:3)(cid:3)(cid:3)(cid:3)(cid:3)(cid:3)(cid:3)(cid:3)(cid:3)(cid:3)(cid:3)(cid:3)(cid:3)(cid:3)(cid:3)(cid:3)(cid:3)(cid:3)(cid:3)(cid:3)(cid:3)(cid:3)(cid:3)(cid:3)(cid:3)(cid:3)(cid:3)(cid:3)(cid:3)(cid:3)(cid:885)(cid:883)(cid:887)(cid:3),(cid:3)(cid:3)(cid:3)(cid:3)(cid:3)(cid:3)(cid:3)(cid:3)(cid:3)(cid:3)(cid:3)(cid:3)(cid:3)(cid:3)(cid:3)(cid:3)(cid:3)(cid:3)(cid:3)(cid:3)(cid:3)(cid:3)(cid:3)(cid:3)(cid:3)(cid:3)(cid:3)(cid:3)(cid:3)(cid:3)(cid:3)(cid:3)(cid:3)(cid:3)(cid:3)(cid:3)(cid:3)(cid:3)(cid:3)(cid:885)(cid:484)(cid:883)(cid:883)(cid:887)(cid:3),,,,,,,,,,,,,,,,,,,,,,,,,,,
(cid:883)(cid:886),(cid:7)(cid:3)(cid:12)(cid:3)(cid:28)(cid:145)(cid:137)(cid:155)(cid:131)(cid:141)(cid:131)(cid:148)(cid:150)(cid:131),(cid:3)(cid:3)(cid:3)(cid:3)(cid:3)(cid:3)(cid:3)(cid:3)(cid:3)(cid:3)(cid:3)(cid:3)(cid:3)(cid:3)(cid:3)(cid:3)(cid:3)(cid:3)(cid:3)(cid:3)(cid:3)(cid:3)(cid:3)(cid:3)(cid:3)(cid:3)(cid:3)(cid:3)(cid:3)(cid:3)(cid:3)(cid:3)(cid:3)(cid:3)(cid:3)(cid:3)(cid:3)(cid:3)(cid:3)(cid:3)(cid:3)(cid:3)(cid:3)(cid:883)(cid:882)(cid:882)(cid:3),(cid:3)(cid:3)(cid:3)(cid:3)(cid:3)(cid:3)(cid:3)(cid:3)(cid:3)(cid:3)(cid:3)(cid:3)(cid:3)(cid:3)(cid:3)(cid:3)(cid:3)(cid:3)(cid:3)(cid:3)(cid:3)(cid:3)(cid:3)(cid:3)(cid:3)(cid:3)(cid:3)(cid:3)(cid:3)(cid:3)(cid:3)(cid:3)(cid:3)(cid:3)(cid:3)(cid:3)(cid:3)(cid:3)(cid:3)(cid:3)(cid:3)(cid:3)(cid:3)(cid:883)(cid:885)(cid:891)(cid:3),(cid:3)(cid:3)(cid:3)(cid:3)(cid:3)(cid:3)(cid:3)(cid:3)(cid:3)(cid:3)(cid:3)(cid:3)(cid:3)(cid:3)(cid:3)(cid:3)(cid:3)(cid:3)(cid:3)(cid:3)(cid:3)(cid:3)(cid:3)(cid:3)(cid:3)(cid:3)(cid:3)(cid:3)(cid:3)(cid:3)(cid:3)(cid:3)(cid:3)(cid:3)(cid:3)(cid:3)(cid:3)(cid:3)(cid:3)(cid:3)(cid:3)(cid:3)(cid:3)(cid:883)(cid:884)(cid:883)(cid:3),(cid:3)(cid:3)(cid:3)(cid:3)(cid:3)(cid:3)(cid:3)(cid:3)(cid:3)(cid:3)(cid:3)(cid:3)(cid:3)(cid:3)(cid:3)(cid:3)(cid:3)(cid:3)(cid:3)(cid:3)(cid:3)(cid:3)(cid:3)(cid:3)(cid:3)(cid:3)(cid:3)(cid:3)(cid:3)(cid:3)(cid:3)(cid:3)(cid:3)(cid:3)(cid:3)(cid:3)(cid:3)(cid:3)(cid:3)(cid:3)(cid:3)(cid:3)(cid:3)(cid:3)(cid:3)(cid:3)(cid:3)(cid:486)(cid:3),(cid:3)(cid:3)(cid:3)(cid:3)(cid:3)(cid:3)(cid:3)(cid:3)(cid:3)(cid:3)(cid:3)(cid:3)(cid:3)(cid:3)(cid:3)(cid:3)(cid:3)(cid:3)(cid:3)(cid:3)(cid:3)(cid:3)(cid:3)(cid:3)(cid:3)(cid:3)(cid:3)(cid:3)(cid:3)(cid:3)(cid:3)(cid:3)(cid:3)(cid:3)(cid:3)(cid:3)(cid:3)(cid:3)(cid:3)(cid:3)(cid:3)(cid:3)(cid:3)(cid:3)(cid:3)(cid:3)(cid:3)(cid:885)(cid:890)(cid:3),(cid:3)(cid:3)(cid:3)(cid:3)(cid:3)(cid:3)(cid:3)(cid:3)(cid:3)(cid:3)(cid:3)(cid:3)(cid:3)(cid:3)(cid:3)(cid:3)(cid:3)(cid:3)(cid:3)(cid:3)(cid:3)(cid:3)(cid:3)(cid:3)(cid:3)(cid:3)(cid:3)(cid:3)(cid:3)(cid:3)(cid:3)(cid:3)(cid:3)(cid:3)(cid:3)(cid:3)(cid:3)(cid:3)(cid:3)(cid:3)(cid:3)(cid:3)(cid:3)(cid:885)(cid:891)(cid:890)(cid:3),,,,,,,,,,,,,,,,,,,,,,,,,,,
(cid:883)(cid:887),(cid:13)(cid:131)(cid:153)(cid:131)(cid:3)(cid:23)(cid:139)(cid:143)(cid:151)(cid:148),(cid:3)(cid:3)(cid:3)(cid:3)(cid:3)(cid:3)(cid:3)(cid:3)(cid:3)(cid:3)(cid:3)(cid:3)(cid:3)(cid:3)(cid:3)(cid:3)(cid:3)(cid:3)(cid:3)(cid:3)(cid:3)(cid:3)(cid:3)(cid:3)(cid:3)(cid:3)(cid:3)(cid:3)(cid:3)(cid:3)(cid:3)(cid:3)(cid:3)(cid:3)(cid:3)(cid:3)(cid:3)(cid:3)(cid:3)(cid:3)(cid:3)(cid:3)(cid:3)(cid:888)(cid:888)(cid:885)(cid:3),(cid:3)(cid:3)(cid:3)(cid:3)(cid:3)(cid:3)(cid:3)(cid:3)(cid:3)(cid:3)(cid:3)(cid:3)(cid:3)(cid:3)(cid:3)(cid:3)(cid:3)(cid:3)(cid:3)(cid:3)(cid:3)(cid:3)(cid:3)(cid:3)(cid:3)(cid:3)(cid:3)(cid:3)(cid:3)(cid:3)(cid:3)(cid:3)(cid:3)(cid:3)(cid:3)(cid:3)(cid:3)(cid:3)(cid:3)(cid:3)(cid:3)(cid:3)(cid:3)(cid:891)(cid:885)(cid:888)(cid:3),(cid:3)(cid:3)(cid:3)(cid:3)(cid:3)(cid:3)(cid:3)(cid:3)(cid:3)(cid:3)(cid:3)(cid:3)(cid:3)(cid:3)(cid:3)(cid:3)(cid:3)(cid:3)(cid:3)(cid:3)(cid:3)(cid:3)(cid:3)(cid:3)(cid:3)(cid:3)(cid:3)(cid:3)(cid:3)(cid:3)(cid:3)(cid:3)(cid:3)(cid:3)(cid:3)(cid:3)(cid:3)(cid:3)(cid:3)(cid:3)(cid:3)(cid:3)(cid:3)(cid:891)(cid:889)(cid:884)(cid:3),(cid:3)(cid:3)(cid:3)(cid:3)(cid:3)(cid:3)(cid:3)(cid:3)(cid:3)(cid:3)(cid:3)(cid:3)(cid:3)(cid:3)(cid:3)(cid:3)(cid:3)(cid:3)(cid:3)(cid:3)(cid:3)(cid:3)(cid:3)(cid:3)(cid:3)(cid:3)(cid:3)(cid:3)(cid:3)(cid:3)(cid:3)(cid:3)(cid:3)(cid:3)(cid:3)(cid:3)(cid:3)(cid:3)(cid:3)(cid:3)(cid:3)(cid:3)(cid:3)(cid:3)(cid:3)(cid:3)(cid:3)(cid:486)(cid:3),(cid:3)(cid:3)(cid:3)(cid:3)(cid:3)(cid:3)(cid:3)(cid:3)(cid:3)(cid:3)(cid:3)(cid:3)(cid:3)(cid:3)(cid:3)(cid:3)(cid:3)(cid:3)(cid:3)(cid:3)(cid:3)(cid:3)(cid:3)(cid:3)(cid:3)(cid:3)(cid:3)(cid:3)(cid:3)(cid:3)(cid:3)(cid:3)(cid:3)(cid:3)(cid:3)(cid:3)(cid:3)(cid:3)(cid:3)(cid:3)(cid:3)(cid:3)(cid:3)(cid:3)(cid:3)(cid:884)(cid:884)(cid:887)(cid:3),(cid:3)(cid:3)(cid:3)(cid:3)(cid:3)(cid:3)(cid:3)(cid:3)(cid:3)(cid:3)(cid:3)(cid:3)(cid:3)(cid:3)(cid:3)(cid:3)(cid:3)(cid:3)(cid:3)(cid:3)(cid:3)(cid:3)(cid:3)(cid:3)(cid:3)(cid:3)(cid:3)(cid:3)(cid:3)(cid:3)(cid:3)(cid:3)(cid:3)(cid:3)(cid:3)(cid:3)(cid:3)(cid:3)(cid:3)(cid:884)(cid:484)(cid:889)(cid:891)(cid:888)(cid:3),,,,,,,,,,,,,,,,,,,,,,,,,,,
(cid:883)(cid:888),(cid:5)(cid:131)(cid:144)(cid:150)(cid:135)(cid:144),(cid:3)(cid:3)(cid:3)(cid:3)(cid:3)(cid:3)(cid:3)(cid:3)(cid:3)(cid:3)(cid:3)(cid:3)(cid:3)(cid:3)(cid:3)(cid:3)(cid:3)(cid:3)(cid:3)(cid:3)(cid:3)(cid:3)(cid:3)(cid:3)(cid:3)(cid:3)(cid:3)(cid:3)(cid:3)(cid:3)(cid:3)(cid:3)(cid:3)(cid:3)(cid:3)(cid:3)(cid:3)(cid:3)(cid:3)(cid:3)(cid:3)(cid:3)(cid:3)(cid:3)(cid:3)(cid:3)(cid:3)(cid:3)(cid:889)(cid:3),(cid:3)(cid:3)(cid:3)(cid:3)(cid:3)(cid:3)(cid:3)(cid:3)(cid:3)(cid:3)(cid:3)(cid:3)(cid:3)(cid:3)(cid:3)(cid:3)(cid:3)(cid:3)(cid:3)(cid:3)(cid:3)(cid:3)(cid:3)(cid:3)(cid:3)(cid:3)(cid:3)(cid:3)(cid:3)(cid:3)(cid:3)(cid:3)(cid:3)(cid:3)(cid:3)(cid:3)(cid:3)(cid:3)(cid:3)(cid:3)(cid:3)(cid:3)(cid:3)(cid:886)(cid:886)(cid:890)(cid:3),(cid:3)(cid:3)(cid:3)(cid:3)(cid:3)(cid:3)(cid:3)(cid:3)(cid:3)(cid:3)(cid:3)(cid:3)(cid:3)(cid:3)(cid:3)(cid:3)(cid:3)(cid:3)(cid:3)(cid:3)(cid:3)(cid:3)(cid:3)(cid:3)(cid:3)(cid:3)(cid:3)(cid:3)(cid:3)(cid:3)(cid:3)(cid:3)(cid:3)(cid:3)(cid:3)(cid:3)(cid:3)(cid:3)(cid:3)(cid:3)(cid:3)(cid:3)(cid:3)(cid:884)(cid:887)(cid:885)(cid:3),(cid:3)(cid:3)(cid:3)(cid:3)(cid:3)(cid:3)(cid:3)(cid:3)(cid:3)(cid:3)(cid:3)(cid:3)(cid:3)(cid:3)(cid:3)(cid:3)(cid:3)(cid:3)(cid:3)(cid:3)(cid:3)(cid:3)(cid:3)(cid:3)(cid:3)(cid:3)(cid:3)(cid:3)(cid:3)(cid:3)(cid:3)(cid:3)(cid:3)(cid:3)(cid:3)(cid:3)(cid:3)(cid:3)(cid:3)(cid:3)(cid:3)(cid:3)(cid:3)(cid:3)(cid:3)(cid:3)(cid:3)(cid:486)(cid:3),(cid:3)(cid:3)(cid:3)(cid:3)(cid:3)(cid:3)(cid:3)(cid:3)(cid:3)(cid:3)(cid:3)(cid:3)(cid:3)(cid:3)(cid:3)(cid:3)(cid:3)(cid:3)(cid:3)(cid:3)(cid:3)(cid:3)(cid:3)(cid:3)(cid:3)(cid:3)(cid:3)(cid:3)(cid:3)(cid:3)(cid:3)(cid:3)(cid:3)(cid:3)(cid:3)(cid:3)(cid:3)(cid:3)(cid:3)(cid:3)(cid:3)(cid:3)(cid:3)(cid:3)(cid:3)(cid:3)(cid:3)(cid:3)(cid:3)(cid:3)(cid:883)(cid:3),(cid:3)(cid:3)(cid:3)(cid:3)(cid:3)(cid:3)(cid:3)(cid:3)(cid:3)(cid:3)(cid:3)(cid:3)(cid:3)(cid:3)(cid:3)(cid:3)(cid:3)(cid:3)(cid:3)(cid:3)(cid:3)(cid:3)(cid:3)(cid:3)(cid:3)(cid:3)(cid:3)(cid:3)(cid:3)(cid:3)(cid:3)(cid:3)(cid:3)(cid:3)(cid:3)(cid:3)(cid:3)(cid:3)(cid:3)(cid:3)(cid:3)(cid:3)(cid:3)(cid:889)(cid:882)(cid:891)(cid:3),,,,,,,,,,,,,,,,,,,,,,,,,,,
(cid:883)(cid:889),(cid:5)(cid:131)(cid:142)(cid:139),(cid:3)(cid:3)(cid:3)(cid:3)(cid:3)(cid:3)(cid:3)(cid:3)(cid:3)(cid:3)(cid:3)(cid:3)(cid:3)(cid:3)(cid:3)(cid:3)(cid:3)(cid:3)(cid:3)(cid:3)(cid:3)(cid:3)(cid:3)(cid:3)(cid:3)(cid:3)(cid:3)(cid:3)(cid:3)(cid:3)(cid:3)(cid:3)(cid:3)(cid:3)(cid:3)(cid:3)(cid:3)(cid:3)(cid:3)(cid:3)(cid:3)(cid:3)(cid:3)(cid:884)(cid:891)(cid:885)(cid:3),(cid:3)(cid:3)(cid:3)(cid:3)(cid:3)(cid:3)(cid:3)(cid:3)(cid:3)(cid:3)(cid:3)(cid:3)(cid:3)(cid:3)(cid:3)(cid:3)(cid:3)(cid:3)(cid:3)(cid:3)(cid:3)(cid:3)(cid:3)(cid:3)(cid:3)(cid:3)(cid:3)(cid:3)(cid:3)(cid:3)(cid:3)(cid:3)(cid:3)(cid:3)(cid:3)(cid:3)(cid:3)(cid:3)(cid:3)(cid:3)(cid:3)(cid:3)(cid:3)(cid:883)(cid:885)(cid:891)(cid:3),(cid:3)(cid:3)(cid:3)(cid:3)(cid:3)(cid:3)(cid:3)(cid:3)(cid:3)(cid:3)(cid:3)(cid:3)(cid:3)(cid:3)(cid:3)(cid:3)(cid:3)(cid:3)(cid:3)(cid:3)(cid:3)(cid:3)(cid:3)(cid:3)(cid:3)(cid:3)(cid:3)(cid:3)(cid:3)(cid:3)(cid:3)(cid:3)(cid:3)(cid:3)(cid:3)(cid:3)(cid:3)(cid:3)(cid:3)(cid:3)(cid:3)(cid:3)(cid:3)(cid:883)(cid:884)(cid:882)(cid:3),(cid:3)(cid:3)(cid:3)(cid:3)(cid:3)(cid:3)(cid:3)(cid:3)(cid:3)(cid:3)(cid:3)(cid:3)(cid:3)(cid:3)(cid:3)(cid:3)(cid:3)(cid:3)(cid:3)(cid:3)(cid:3)(cid:3)(cid:3)(cid:3)(cid:3)(cid:3)(cid:3)(cid:3)(cid:3)(cid:3)(cid:3)(cid:3)(cid:3)(cid:3)(cid:3)(cid:3)(cid:3)(cid:3)(cid:3)(cid:3)(cid:3)(cid:3)(cid:3)(cid:3)(cid:3)(cid:3)(cid:3)(cid:3)(cid:883)(cid:3),(cid:3)(cid:3)(cid:3)(cid:3)(cid:3)(cid:3)(cid:3)(cid:3)(cid:3)(cid:3)(cid:3)(cid:3)(cid:3)(cid:3)(cid:3)(cid:3)(cid:3)(cid:3)(cid:3)(cid:3)(cid:3)(cid:3)(cid:3)(cid:3)(cid:3)(cid:3)(cid:3)(cid:3)(cid:3)(cid:3)(cid:3)(cid:3)(cid:3)(cid:3)(cid:3)(cid:3)(cid:3)(cid:3)(cid:3)(cid:3)(cid:3)(cid:3)(cid:3)(cid:3)(cid:3)(cid:891)(cid:889)(cid:3),(cid:3)(cid:3)(cid:3)(cid:3)(cid:3)(cid:3)(cid:3)(cid:3)(cid:3)(cid:3)(cid:3)(cid:3)(cid:3)(cid:3)(cid:3)(cid:3)(cid:3)(cid:3)(cid:3)(cid:3)(cid:3)(cid:3)(cid:3)(cid:3)(cid:3)(cid:3)(cid:3)(cid:3)(cid:3)(cid:3)(cid:3)(cid:3)(cid:3)(cid:3)(cid:3)(cid:3)(cid:3)(cid:3)(cid:3)(cid:3)(cid:3)(cid:3)(cid:3)(cid:888)(cid:887)(cid:882)(cid:3),,,,,,,,,,,,,,,,,,,,,,,,,,,
(cid:883)(cid:890),(cid:17)(cid:151)(cid:149)(cid:131)(cid:3)(cid:23)(cid:135)(cid:144)(cid:137)(cid:137)(cid:131)(cid:148)(cid:131)(cid:3)(cid:5)(cid:131)(cid:148)(cid:131)(cid:150),(cid:3)(cid:3)(cid:3)(cid:3)(cid:3)(cid:3)(cid:3)(cid:3)(cid:3)(cid:3)(cid:3)(cid:3)(cid:3)(cid:3)(cid:3)(cid:3)(cid:3)(cid:3)(cid:3)(cid:3)(cid:3)(cid:3)(cid:3)(cid:3)(cid:3)(cid:3)(cid:3)(cid:3)(cid:3)(cid:3)(cid:3)(cid:3)(cid:3)(cid:3)(cid:3)(cid:3)(cid:3)(cid:3)(cid:3)(cid:3)(cid:3)(cid:3)(cid:3)(cid:3)(cid:3)(cid:891)(cid:885)(cid:3),(cid:3)(cid:3)(cid:3)(cid:3)(cid:3)(cid:3)(cid:3)(cid:3)(cid:3)(cid:3)(cid:3)(cid:3)(cid:3)(cid:3)(cid:3)(cid:3)(cid:3)(cid:3)(cid:3)(cid:3)(cid:3)(cid:3)(cid:3)(cid:3)(cid:3)(cid:3)(cid:3)(cid:3)(cid:3)(cid:3)(cid:3)(cid:3)(cid:3)(cid:3)(cid:3)(cid:3)(cid:3)(cid:3)(cid:3)(cid:3)(cid:3)(cid:3)(cid:3)(cid:3)(cid:3)(cid:890)(cid:883)(cid:3),(cid:3)(cid:3)(cid:3)(cid:3)(cid:3)(cid:3)(cid:3)(cid:3)(cid:3)(cid:3)(cid:3)(cid:3)(cid:3)(cid:3)(cid:3)(cid:3)(cid:3)(cid:3)(cid:3)(cid:3)(cid:3)(cid:3)(cid:3)(cid:3)(cid:3)(cid:3)(cid:3)(cid:3)(cid:3)(cid:3)(cid:3)(cid:3)(cid:3)(cid:3)(cid:3)(cid:3)(cid:3)(cid:3)(cid:3)(cid:3)(cid:3)(cid:3)(cid:3)(cid:883)(cid:889)(cid:887)(cid:3),(cid:3)(cid:3)(cid:3)(cid:3)(cid:3)(cid:3)(cid:3)(cid:3)(cid:3)(cid:3)(cid:3)(cid:3)(cid:3)(cid:3)(cid:3)(cid:3)(cid:3)(cid:3)(cid:3)(cid:3)(cid:3)(cid:3)(cid:3)(cid:3)(cid:3)(cid:3)(cid:3)(cid:3)(cid:3)(cid:3)(cid:3)(cid:3)(cid:3)(cid:3)(cid:3)(cid:3)(cid:3)(cid:3)(cid:3)(cid:3)(cid:3)(cid:3)(cid:3)(cid:3)(cid:3)(cid:3)(cid:3)(cid:3)(cid:883)(cid:3),(cid:3)(cid:3)(cid:3)(cid:3)(cid:3)(cid:3)(cid:3)(cid:3)(cid:3)(cid:3)(cid:3)(cid:3)(cid:3)(cid:3)(cid:3)(cid:3)(cid:3)(cid:3)(cid:3)(cid:3)(cid:3)(cid:3)(cid:3)(cid:3)(cid:3)(cid:3)(cid:3)(cid:3)(cid:3)(cid:3)(cid:3)(cid:3)(cid:3)(cid:3)(cid:3)(cid:3)(cid:3)(cid:3)(cid:3)(cid:3)(cid:3)(cid:3)(cid:3)(cid:3)(cid:3)(cid:883)(cid:886)(cid:3),(cid:3)(cid:3)(cid:3)(cid:3)(cid:3)(cid:3)(cid:3)(cid:3)(cid:3)(cid:3)(cid:3)(cid:3)(cid:3)(cid:3)(cid:3)(cid:3)(cid:3)(cid:3)(cid:3)(cid:3)(cid:3)(cid:3)(cid:3)(cid:3)(cid:3)(cid:3)(cid:3)(cid:3)(cid:3)(cid:3)(cid:3)(cid:3)(cid:3)(cid:3)(cid:3)(cid:3)(cid:3)(cid:3)(cid:3)(cid:3)(cid:3)(cid:3)(cid:3)(cid:885)(cid:888)(cid:886)(cid:3),,,,,,,,,,,,,,,,,,,,,,,,,,,
(cid:883)(cid:891),(cid:17)(cid:151)(cid:149)(cid:131)(cid:3)(cid:23)(cid:135)(cid:144)(cid:137)(cid:137)(cid:131)(cid:148)(cid:131)(cid:3)(cid:23)(cid:139)(cid:143)(cid:151)(cid:148),(cid:3)(cid:3)(cid:3)(cid:3)(cid:3)(cid:3)(cid:3)(cid:3)(cid:3)(cid:3)(cid:3)(cid:3)(cid:3)(cid:3)(cid:3)(cid:3)(cid:3)(cid:3)(cid:3)(cid:3)(cid:3)(cid:3)(cid:3)(cid:3)(cid:3)(cid:3)(cid:3)(cid:3)(cid:3)(cid:3)(cid:3)(cid:3)(cid:3)(cid:3)(cid:3)(cid:3)(cid:3)(cid:3)(cid:3)(cid:3)(cid:3)(cid:3)(cid:3)(cid:3)(cid:3)(cid:890)(cid:887)(cid:3),(cid:3)(cid:3)(cid:3)(cid:3)(cid:3)(cid:3)(cid:3)(cid:3)(cid:3)(cid:3)(cid:3)(cid:3)(cid:3)(cid:3)(cid:3)(cid:3)(cid:3)(cid:3)(cid:3)(cid:3)(cid:3)(cid:3)(cid:3)(cid:3)(cid:3)(cid:3)(cid:3)(cid:3)(cid:3)(cid:3)(cid:3)(cid:3)(cid:3)(cid:3)(cid:3)(cid:3)(cid:3)(cid:3)(cid:3)(cid:3)(cid:3)(cid:3)(cid:3)(cid:3)(cid:3)(cid:890)(cid:885)(cid:3),(cid:3)(cid:3)(cid:3)(cid:3)(cid:3)(cid:3)(cid:3)(cid:3)(cid:3)(cid:3)(cid:3)(cid:3)(cid:3)(cid:3)(cid:3)(cid:3)(cid:3)(cid:3)(cid:3)(cid:3)(cid:3)(cid:3)(cid:3)(cid:3)(cid:3)(cid:3)(cid:3)(cid:3)(cid:3)(cid:3)(cid:3)(cid:3)(cid:3)(cid:3)(cid:3)(cid:3)(cid:3)(cid:3)(cid:3)(cid:3)(cid:3)(cid:3)(cid:3)(cid:886)(cid:885)(cid:886)(cid:3),(cid:3)(cid:3)(cid:3)(cid:3)(cid:3)(cid:3)(cid:3)(cid:3)(cid:3)(cid:3)(cid:3)(cid:3)(cid:3)(cid:3)(cid:3)(cid:3)(cid:3)(cid:3)(cid:3)(cid:3)(cid:3)(cid:3)(cid:3)(cid:3)(cid:3)(cid:3)(cid:3)(cid:3)(cid:3)(cid:3)(cid:3)(cid:3)(cid:3)(cid:3)(cid:3)(cid:3)(cid:3)(cid:3)(cid:3)(cid:3)(cid:3)(cid:3)(cid:3)(cid:3)(cid:3)(cid:3)(cid:3)(cid:3)(cid:890)(cid:3),(cid:3)(cid:3)(cid:3)(cid:3)(cid:3)(cid:3)(cid:3)(cid:3)(cid:3)(cid:3)(cid:3)(cid:3)(cid:3)(cid:3)(cid:3)(cid:3)(cid:3)(cid:3)(cid:3)(cid:3)(cid:3)(cid:3)(cid:3)(cid:3)(cid:3)(cid:3)(cid:3)(cid:3)(cid:3)(cid:3)(cid:3)(cid:3)(cid:3)(cid:3)(cid:3)(cid:3)(cid:3)(cid:3)(cid:3)(cid:3)(cid:3)(cid:3)(cid:3)(cid:3)(cid:3)(cid:884)(cid:888)(cid:3),(cid:3)(cid:3)(cid:3)(cid:3)(cid:3)(cid:3)(cid:3)(cid:3)(cid:3)(cid:3)(cid:3)(cid:3)(cid:3)(cid:3)(cid:3)(cid:3)(cid:3)(cid:3)(cid:3)(cid:3)(cid:3)(cid:3)(cid:3)(cid:3)(cid:3)(cid:3)(cid:3)(cid:3)(cid:3)(cid:3)(cid:3)(cid:3)(cid:3)(cid:3)(cid:3)(cid:3)(cid:3)(cid:3)(cid:3)(cid:3)(cid:3)(cid:3)(cid:3)(cid:888)(cid:885)(cid:888)(cid:3),,,,,,,,,,,,,,,,,,,,,,,,,,,
(cid:884)(cid:882),(cid:14)(cid:131)(cid:142)(cid:139)(cid:143)(cid:131)(cid:144)(cid:150)(cid:131)(cid:144)(cid:3)(cid:5)(cid:131)(cid:148)(cid:131)(cid:150),(cid:3)(cid:3)(cid:3)(cid:3)(cid:3)(cid:3)(cid:3)(cid:3)(cid:3)(cid:3)(cid:3)(cid:3)(cid:3)(cid:3)(cid:3)(cid:3)(cid:3)(cid:3)(cid:3)(cid:3)(cid:3)(cid:3)(cid:3)(cid:3)(cid:3)(cid:3)(cid:3)(cid:3)(cid:3)(cid:3)(cid:3)(cid:3)(cid:3)(cid:3)(cid:3)(cid:3)(cid:3)(cid:3)(cid:3)(cid:3)(cid:3)(cid:3)(cid:3)(cid:3)(cid:3)(cid:891)(cid:883)(cid:3),(cid:3)(cid:3)(cid:3)(cid:3)(cid:3)(cid:3)(cid:3)(cid:3)(cid:3)(cid:3)(cid:3)(cid:3)(cid:3)(cid:3)(cid:3)(cid:3)(cid:3)(cid:3)(cid:3)(cid:3)(cid:3)(cid:3)(cid:3)(cid:3)(cid:3)(cid:3)(cid:3)(cid:3)(cid:3)(cid:3)(cid:3)(cid:3)(cid:3)(cid:3)(cid:3)(cid:3)(cid:3)(cid:3)(cid:3)(cid:3)(cid:3)(cid:3)(cid:3)(cid:3)(cid:3)(cid:889)(cid:889)(cid:3),(cid:3)(cid:3)(cid:3)(cid:3)(cid:3)(cid:3)(cid:3)(cid:3)(cid:3)(cid:3)(cid:3)(cid:3)(cid:3)(cid:3)(cid:3)(cid:3)(cid:3)(cid:3)(cid:3)(cid:3)(cid:3)(cid:3)(cid:3)(cid:3)(cid:3)(cid:3)(cid:3)(cid:3)(cid:3)(cid:3)(cid:3)(cid:3)(cid:3)(cid:3)(cid:3)(cid:3)(cid:3)(cid:3)(cid:3)(cid:3)(cid:3)(cid:3)(cid:3)(cid:884)(cid:886)(cid:891)(cid:3),(cid:3)(cid:3)(cid:3)(cid:3)(cid:3)(cid:3)(cid:3)(cid:3)(cid:3)(cid:3)(cid:3)(cid:3)(cid:3)(cid:3)(cid:3)(cid:3)(cid:3)(cid:3)(cid:3)(cid:3)(cid:3)(cid:3)(cid:3)(cid:3)(cid:3)(cid:3)(cid:3)(cid:3)(cid:3)(cid:3)(cid:3)(cid:3)(cid:3)(cid:3)(cid:3)(cid:3)(cid:3)(cid:3)(cid:3)(cid:3)(cid:3)(cid:3)(cid:3)(cid:3)(cid:3)(cid:3)(cid:3)(cid:3)(cid:883)(cid:3),(cid:3)(cid:3)(cid:3)(cid:3)(cid:3)(cid:3)(cid:3)(cid:3)(cid:3)(cid:3)(cid:3)(cid:3)(cid:3)(cid:3)(cid:3)(cid:3)(cid:3)(cid:3)(cid:3)(cid:3)(cid:3)(cid:3)(cid:3)(cid:3)(cid:3)(cid:3)(cid:3)(cid:3)(cid:3)(cid:3)(cid:3)(cid:3)(cid:3)(cid:3)(cid:3)(cid:3)(cid:3)(cid:3)(cid:3)(cid:3)(cid:3)(cid:3)(cid:3)(cid:3)(cid:3)(cid:883)(cid:890)(cid:3),(cid:3)(cid:3)(cid:3)(cid:3)(cid:3)(cid:3)(cid:3)(cid:3)(cid:3)(cid:3)(cid:3)(cid:3)(cid:3)(cid:3)(cid:3)(cid:3)(cid:3)(cid:3)(cid:3)(cid:3)(cid:3)(cid:3)(cid:3)(cid:3)(cid:3)(cid:3)(cid:3)(cid:3)(cid:3)(cid:3)(cid:3)(cid:3)(cid:3)(cid:3)(cid:3)(cid:3)(cid:3)(cid:3)(cid:3)(cid:3)(cid:3)(cid:3)(cid:3)(cid:886)(cid:885)(cid:888)(cid:3),,,,,,,,,,,,,,,,,,,,,,,,,,,
(cid:884)(cid:883),(cid:14)(cid:131)(cid:142)(cid:139)(cid:143)(cid:131)(cid:144)(cid:150)(cid:131)(cid:144)(cid:3)(cid:23)(cid:135)(cid:144)(cid:137)(cid:131)(cid:138),(cid:3)(cid:3)(cid:3)(cid:3)(cid:3)(cid:3)(cid:3)(cid:3)(cid:3)(cid:3)(cid:3)(cid:3)(cid:3)(cid:3)(cid:3)(cid:3)(cid:3)(cid:3)(cid:3)(cid:3)(cid:3)(cid:3)(cid:3)(cid:3)(cid:3)(cid:3)(cid:3)(cid:3)(cid:3)(cid:3)(cid:3)(cid:3)(cid:3)(cid:3)(cid:3)(cid:3)(cid:3)(cid:3)(cid:3)(cid:3)(cid:3)(cid:3)(cid:3)(cid:3)(cid:3)(cid:887)(cid:891)(cid:3),(cid:3)(cid:3)(cid:3)(cid:3)(cid:3)(cid:3)(cid:3)(cid:3)(cid:3)(cid:3)(cid:3)(cid:3)(cid:3)(cid:3)(cid:3)(cid:3)(cid:3)(cid:3)(cid:3)(cid:3)(cid:3)(cid:3)(cid:3)(cid:3)(cid:3)(cid:3)(cid:3)(cid:3)(cid:3)(cid:3)(cid:3)(cid:3)(cid:3)(cid:3)(cid:3)(cid:3)(cid:3)(cid:3)(cid:3)(cid:3)(cid:3)(cid:3)(cid:3)(cid:3)(cid:3)(cid:889)(cid:887)(cid:3),(cid:3)(cid:3)(cid:3)(cid:3)(cid:3)(cid:3)(cid:3)(cid:3)(cid:3)(cid:3)(cid:3)(cid:3)(cid:3)(cid:3)(cid:3)(cid:3)(cid:3)(cid:3)(cid:3)(cid:3)(cid:3)(cid:3)(cid:3)(cid:3)(cid:3)(cid:3)(cid:3)(cid:3)(cid:3)(cid:3)(cid:3)(cid:3)(cid:3)(cid:3)(cid:3)(cid:3)(cid:3)(cid:3)(cid:3)(cid:3)(cid:3)(cid:3)(cid:3)(cid:884)(cid:882)(cid:886)(cid:3),(cid:3)(cid:3)(cid:3)(cid:3)(cid:3)(cid:3)(cid:3)(cid:3)(cid:3)(cid:3)(cid:3)(cid:3)(cid:3)(cid:3)(cid:3)(cid:3)(cid:3)(cid:3)(cid:3)(cid:3)(cid:3)(cid:3)(cid:3)(cid:3)(cid:3)(cid:3)(cid:3)(cid:3)(cid:3)(cid:3)(cid:3)(cid:3)(cid:3)(cid:3)(cid:3)(cid:3)(cid:3)(cid:3)(cid:3)(cid:3)(cid:3)(cid:3)(cid:3)(cid:3)(cid:3)(cid:3)(cid:3)(cid:3)(cid:887)(cid:3),(cid:3)(cid:3)(cid:3)(cid:3)(cid:3)(cid:3)(cid:3)(cid:3)(cid:3)(cid:3)(cid:3)(cid:3)(cid:3)(cid:3)(cid:3)(cid:3)(cid:3)(cid:3)(cid:3)(cid:3)(cid:3)(cid:3)(cid:3)(cid:3)(cid:3)(cid:3)(cid:3)(cid:3)(cid:3)(cid:3)(cid:3)(cid:3)(cid:3)(cid:3)(cid:3)(cid:3)(cid:3)(cid:3)(cid:3)(cid:3)(cid:3)(cid:3)(cid:3)(cid:3)(cid:3)(cid:3)(cid:3)(cid:3)(cid:890)(cid:3),(cid:3)(cid:3)(cid:3)(cid:3)(cid:3)(cid:3)(cid:3)(cid:3)(cid:3)(cid:3)(cid:3)(cid:3)(cid:3)(cid:3)(cid:3)(cid:3)(cid:3)(cid:3)(cid:3)(cid:3)(cid:3)(cid:3)(cid:3)(cid:3)(cid:3)(cid:3)(cid:3)(cid:3)(cid:3)(cid:3)(cid:3)(cid:3)(cid:3)(cid:3)(cid:3)(cid:3)(cid:3)(cid:3)(cid:3)(cid:3)(cid:3)(cid:3)(cid:3)(cid:885)(cid:887)(cid:883)(cid:3),,,,,,,,,,,,,,,,,,,,,,,,,,,
(cid:884)(cid:884),(cid:14)(cid:131)(cid:142)(cid:139)(cid:143)(cid:131)(cid:144)(cid:150)(cid:131)(cid:144)(cid:3)(cid:22)(cid:135)(cid:142)(cid:131)(cid:150)(cid:131)(cid:144),(cid:3)(cid:3)(cid:3)(cid:3)(cid:3)(cid:3)(cid:3)(cid:3)(cid:3)(cid:3)(cid:3)(cid:3)(cid:3)(cid:3)(cid:3)(cid:3)(cid:3)(cid:3)(cid:3)(cid:3)(cid:3)(cid:3)(cid:3)(cid:3)(cid:3)(cid:3)(cid:3)(cid:3)(cid:3)(cid:3)(cid:3)(cid:3)(cid:3)(cid:3)(cid:3)(cid:3)(cid:3)(cid:3)(cid:3)(cid:3)(cid:3)(cid:3)(cid:3)(cid:883)(cid:886)(cid:887)(cid:3),(cid:3)(cid:3)(cid:3)(cid:3)(cid:3)(cid:3)(cid:3)(cid:3)(cid:3)(cid:3)(cid:3)(cid:3)(cid:3)(cid:3)(cid:3)(cid:3)(cid:3)(cid:3)(cid:3)(cid:3)(cid:3)(cid:3)(cid:3)(cid:3)(cid:3)(cid:3)(cid:3)(cid:3)(cid:3)(cid:3)(cid:3)(cid:3)(cid:3)(cid:3)(cid:3)(cid:3)(cid:3)(cid:3)(cid:3)(cid:3)(cid:3)(cid:3)(cid:3)(cid:883)(cid:882)(cid:889)(cid:3),(cid:3)(cid:3)(cid:3)(cid:3)(cid:3)(cid:3)(cid:3)(cid:3)(cid:3)(cid:3)(cid:3)(cid:3)(cid:3)(cid:3)(cid:3)(cid:3)(cid:3)(cid:3)(cid:3)(cid:3)(cid:3)(cid:3)(cid:3)(cid:3)(cid:3)(cid:3)(cid:3)(cid:3)(cid:3)(cid:3)(cid:3)(cid:3)(cid:3)(cid:3)(cid:3)(cid:3)(cid:3)(cid:3)(cid:3)(cid:3)(cid:3)(cid:3)(cid:3)(cid:884)(cid:886)(cid:883)(cid:3),(cid:3)(cid:3)(cid:3)(cid:3)(cid:3)(cid:3)(cid:3)(cid:3)(cid:3)(cid:3)(cid:3)(cid:3)(cid:3)(cid:3)(cid:3)(cid:3)(cid:3)(cid:3)(cid:3)(cid:3)(cid:3)(cid:3)(cid:3)(cid:3)(cid:3)(cid:3)(cid:3)(cid:3)(cid:3)(cid:3)(cid:3)(cid:3)(cid:3)(cid:3)(cid:3)(cid:3)(cid:3)(cid:3)(cid:3)(cid:3)(cid:3)(cid:3)(cid:3)(cid:3)(cid:3)(cid:3)(cid:3)(cid:486)(cid:3),(cid:3)(cid:3)(cid:3)(cid:3)(cid:3)(cid:3)(cid:3)(cid:3)(cid:3)(cid:3)(cid:3)(cid:3)(cid:3)(cid:3)(cid:3)(cid:3)(cid:3)(cid:3)(cid:3)(cid:3)(cid:3)(cid:3)(cid:3)(cid:3)(cid:3)(cid:3)(cid:3)(cid:3)(cid:3)(cid:3)(cid:3)(cid:3)(cid:3)(cid:3)(cid:3)(cid:3)(cid:3)(cid:3)(cid:3)(cid:3)(cid:3)(cid:3)(cid:3)(cid:3)(cid:3)(cid:3)(cid:3)(cid:885)(cid:888)(cid:3),(cid:3)(cid:3)(cid:3)(cid:3)(cid:3)(cid:3)(cid:3)(cid:3)(cid:3)(cid:3)(cid:3)(cid:3)(cid:3)(cid:3)(cid:3)(cid:3)(cid:3)(cid:3)(cid:3)(cid:3)(cid:3)(cid:3)(cid:3)(cid:3)(cid:3)(cid:3)(cid:3)(cid:3)(cid:3)(cid:3)(cid:3)(cid:3)(cid:3)(cid:3)(cid:3)(cid:3)(cid:3)(cid:3)(cid:3)(cid:3)(cid:3)(cid:3)(cid:3)(cid:887)(cid:884)(cid:891)(cid:3),,,,,,,,,,,,,,,,,,,,,,,,,,,
(cid:884)(cid:885),(cid:14)(cid:131)(cid:142)(cid:139)(cid:143)(cid:131)(cid:144)(cid:150)(cid:131)(cid:144)(cid:3)(cid:23)(cid:139)(cid:143)(cid:151)(cid:148),(cid:3)(cid:3)(cid:3)(cid:3)(cid:3)(cid:3)(cid:3)(cid:3)(cid:3)(cid:3)(cid:3)(cid:3)(cid:3)(cid:3)(cid:3)(cid:3)(cid:3)(cid:3)(cid:3)(cid:3)(cid:3)(cid:3)(cid:3)(cid:3)(cid:3)(cid:3)(cid:3)(cid:3)(cid:3)(cid:3)(cid:3)(cid:3)(cid:3)(cid:3)(cid:3)(cid:3)(cid:3)(cid:3)(cid:3)(cid:3)(cid:3)(cid:3)(cid:3)(cid:883)(cid:882)(cid:883)(cid:3),(cid:3)(cid:3)(cid:3)(cid:3)(cid:3)(cid:3)(cid:3)(cid:3)(cid:3)(cid:3)(cid:3)(cid:3)(cid:3)(cid:3)(cid:3)(cid:3)(cid:3)(cid:3)(cid:3)(cid:3)(cid:3)(cid:3)(cid:3)(cid:3)(cid:3)(cid:3)(cid:3)(cid:3)(cid:3)(cid:3)(cid:3)(cid:3)(cid:3)(cid:3)(cid:3)(cid:3)(cid:3)(cid:3)(cid:3)(cid:3)(cid:3)(cid:3)(cid:3)(cid:883)(cid:889)(cid:885)(cid:3),(cid:3)(cid:3)(cid:3)(cid:3)(cid:3)(cid:3)(cid:3)(cid:3)(cid:3)(cid:3)(cid:3)(cid:3)(cid:3)(cid:3)(cid:3)(cid:3)(cid:3)(cid:3)(cid:3)(cid:3)(cid:3)(cid:3)(cid:3)(cid:3)(cid:3)(cid:3)(cid:3)(cid:3)(cid:3)(cid:3)(cid:3)(cid:3)(cid:3)(cid:3)(cid:3)(cid:3)(cid:3)(cid:3)(cid:3)(cid:3)(cid:3)(cid:3)(cid:3)(cid:883)(cid:890)(cid:890)(cid:3),(cid:3)(cid:3)(cid:3)(cid:3)(cid:3)(cid:3)(cid:3)(cid:3)(cid:3)(cid:3)(cid:3)(cid:3)(cid:3)(cid:3)(cid:3)(cid:3)(cid:3)(cid:3)(cid:3)(cid:3)(cid:3)(cid:3)(cid:3)(cid:3)(cid:3)(cid:3)(cid:3)(cid:3)(cid:3)(cid:3)(cid:3)(cid:3)(cid:3)(cid:3)(cid:3)(cid:3)(cid:3)(cid:3)(cid:3)(cid:3)(cid:3)(cid:3)(cid:3)(cid:3)(cid:3)(cid:3)(cid:3)(cid:3)(cid:884)(cid:3),(cid:3)(cid:3)(cid:3)(cid:3)(cid:3)(cid:3)(cid:3)(cid:3)(cid:3)(cid:3)(cid:3)(cid:3)(cid:3)(cid:3)(cid:3)(cid:3)(cid:3)(cid:3)(cid:3)(cid:3)(cid:3)(cid:3)(cid:3)(cid:3)(cid:3)(cid:3)(cid:3)(cid:3)(cid:3)(cid:3)(cid:3)(cid:3)(cid:3)(cid:3)(cid:3)(cid:3)(cid:3)(cid:3)(cid:3)(cid:3)(cid:3)(cid:3)(cid:3)(cid:3)(cid:3)(cid:886)(cid:883)(cid:3),(cid:3)(cid:3)(cid:3)(cid:3)(cid:3)(cid:3)(cid:3)(cid:3)(cid:3)(cid:3)(cid:3)(cid:3)(cid:3)(cid:3)(cid:3)(cid:3)(cid:3)(cid:3)(cid:3)(cid:3)(cid:3)(cid:3)(cid:3)(cid:3)(cid:3)(cid:3)(cid:3)(cid:3)(cid:3)(cid:3)(cid:3)(cid:3)(cid:3)(cid:3)(cid:3)(cid:3)(cid:3)(cid:3)(cid:3)(cid:3)(cid:3)(cid:3)(cid:3)(cid:887)(cid:882)(cid:887)(cid:3),,,,,,,,,,,,,,,,,,,,,,,,,,,
(cid:884)(cid:886),(cid:14)(cid:131)(cid:142)(cid:139)(cid:143)(cid:131)(cid:144)(cid:150)(cid:131)(cid:144)(cid:3)(cid:24)(cid:150)(cid:131)(cid:148)(cid:131),(cid:3)(cid:3)(cid:3)(cid:3)(cid:3)(cid:3)(cid:3)(cid:3)(cid:3)(cid:3)(cid:3)(cid:3)(cid:3)(cid:3)(cid:3)(cid:3)(cid:3)(cid:3)(cid:3)(cid:3)(cid:3)(cid:3)(cid:3)(cid:3)(cid:3)(cid:3)(cid:3)(cid:3)(cid:3)(cid:3)(cid:3)(cid:3)(cid:3)(cid:3)(cid:3)(cid:3)(cid:3)(cid:3)(cid:3)(cid:3)(cid:3)(cid:3)(cid:3)(cid:3)(cid:3)(cid:884)(cid:889)(cid:3),(cid:3)(cid:3)(cid:3)(cid:3)(cid:3)(cid:3)(cid:3)(cid:3)(cid:3)(cid:3)(cid:3)(cid:3)(cid:3)(cid:3)(cid:3)(cid:3)(cid:3)(cid:3)(cid:3)(cid:3)(cid:3)(cid:3)(cid:3)(cid:3)(cid:3)(cid:3)(cid:3)(cid:3)(cid:3)(cid:3)(cid:3)(cid:3)(cid:3)(cid:3)(cid:3)(cid:3)(cid:3)(cid:3)(cid:3)(cid:3)(cid:3)(cid:3)(cid:3)(cid:3)(cid:3)(cid:884)(cid:885)(cid:3),(cid:3)(cid:3)(cid:3)(cid:3)(cid:3)(cid:3)(cid:3)(cid:3)(cid:3)(cid:3)(cid:3)(cid:3)(cid:3)(cid:3)(cid:3)(cid:3)(cid:3)(cid:3)(cid:3)(cid:3)(cid:3)(cid:3)(cid:3)(cid:3)(cid:3)(cid:3)(cid:3)(cid:3)(cid:3)(cid:3)(cid:3)(cid:3)(cid:3)(cid:3)(cid:3)(cid:3)(cid:3)(cid:3)(cid:3)(cid:3)(cid:3)(cid:3)(cid:3)(cid:3)(cid:3)(cid:887)(cid:890)(cid:3),(cid:3)(cid:3)(cid:3)(cid:3)(cid:3)(cid:3)(cid:3)(cid:3)(cid:3)(cid:3)(cid:3)(cid:3)(cid:3)(cid:3)(cid:3)(cid:3)(cid:3)(cid:3)(cid:3)(cid:3)(cid:3)(cid:3)(cid:3)(cid:3)(cid:3)(cid:3)(cid:3)(cid:3)(cid:3)(cid:3)(cid:3)(cid:3)(cid:3)(cid:3)(cid:3)(cid:3)(cid:3)(cid:3)(cid:3)(cid:3)(cid:3)(cid:3)(cid:3)(cid:3)(cid:3)(cid:3)(cid:3)(cid:3)(cid:888)(cid:3),(cid:3)(cid:3)(cid:3)(cid:3)(cid:3)(cid:3)(cid:3)(cid:3)(cid:3)(cid:3)(cid:3)(cid:3)(cid:3)(cid:3)(cid:3)(cid:3)(cid:3)(cid:3)(cid:3)(cid:3)(cid:3)(cid:3)(cid:3)(cid:3)(cid:3)(cid:3)(cid:3)(cid:3)(cid:3)(cid:3)(cid:3)(cid:3)(cid:3)(cid:3)(cid:3)(cid:3)(cid:3)(cid:3)(cid:3)(cid:3)(cid:3)(cid:3)(cid:3)(cid:3)(cid:3)(cid:3)(cid:3)(cid:3)(cid:888)(cid:3),(cid:3)(cid:3)(cid:3)(cid:3)(cid:3)(cid:3)(cid:3)(cid:3)(cid:3)(cid:3)(cid:3)(cid:3)(cid:3)(cid:3)(cid:3)(cid:3)(cid:3)(cid:3)(cid:3)(cid:3)(cid:3)(cid:3)(cid:3)(cid:3)(cid:3)(cid:3)(cid:3)(cid:3)(cid:3)(cid:3)(cid:3)(cid:3)(cid:3)(cid:3)(cid:3)(cid:3)(cid:3)(cid:3)(cid:3)(cid:3)(cid:3)(cid:3)(cid:3)(cid:883)(cid:884)(cid:882)(cid:3),,,,,,,,,,,,,,,,,,,,,,,,,,,
(cid:884)(cid:887),(cid:22)(cid:151)(cid:142)(cid:131)(cid:153)(cid:135)(cid:149)(cid:139)(cid:3)(cid:24)(cid:150)(cid:131)(cid:148)(cid:131),(cid:3)(cid:3)(cid:3)(cid:3)(cid:3)(cid:3)(cid:3)(cid:3)(cid:3)(cid:3)(cid:3)(cid:3)(cid:3)(cid:3)(cid:3)(cid:3)(cid:3)(cid:3)(cid:3)(cid:3)(cid:3)(cid:3)(cid:3)(cid:3)(cid:3)(cid:3)(cid:3)(cid:3)(cid:3)(cid:3)(cid:3)(cid:3)(cid:3)(cid:3)(cid:3)(cid:3)(cid:3)(cid:3)(cid:3)(cid:3)(cid:3)(cid:3)(cid:3)(cid:883)(cid:886)(cid:885)(cid:3),(cid:3)(cid:3)(cid:3)(cid:3)(cid:3)(cid:3)(cid:3)(cid:3)(cid:3)(cid:3)(cid:3)(cid:3)(cid:3)(cid:3)(cid:3)(cid:3)(cid:3)(cid:3)(cid:3)(cid:3)(cid:3)(cid:3)(cid:3)(cid:3)(cid:3)(cid:3)(cid:3)(cid:3)(cid:3)(cid:3)(cid:3)(cid:3)(cid:3)(cid:3)(cid:3)(cid:3)(cid:3)(cid:3)(cid:3)(cid:3)(cid:3)(cid:3)(cid:3)(cid:3)(cid:3)(cid:888)(cid:890)(cid:3),(cid:3)(cid:3)(cid:3)(cid:3)(cid:3)(cid:3)(cid:3)(cid:3)(cid:3)(cid:3)(cid:3)(cid:3)(cid:3)(cid:3)(cid:3)(cid:3)(cid:3)(cid:3)(cid:3)(cid:3)(cid:3)(cid:3)(cid:3)(cid:3)(cid:3)(cid:3)(cid:3)(cid:3)(cid:3)(cid:3)(cid:3)(cid:3)(cid:3)(cid:3)(cid:3)(cid:3)(cid:3)(cid:3)(cid:3)(cid:3)(cid:3)(cid:3)(cid:3)(cid:883)(cid:891)(cid:890)(cid:3),(cid:3)(cid:3)(cid:3)(cid:3)(cid:3)(cid:3)(cid:3)(cid:3)(cid:3)(cid:3)(cid:3)(cid:3)(cid:3)(cid:3)(cid:3)(cid:3)(cid:3)(cid:3)(cid:3)(cid:3)(cid:3)(cid:3)(cid:3)(cid:3)(cid:3)(cid:3)(cid:3)(cid:3)(cid:3)(cid:3)(cid:3)(cid:3)(cid:3)(cid:3)(cid:3)(cid:3)(cid:3)(cid:3)(cid:3)(cid:3)(cid:3)(cid:3)(cid:3)(cid:3)(cid:3)(cid:3)(cid:3)(cid:486)(cid:3),(cid:3)(cid:3)(cid:3)(cid:3)(cid:3)(cid:3)(cid:3)(cid:3)(cid:3)(cid:3)(cid:3)(cid:3)(cid:3)(cid:3)(cid:3)(cid:3)(cid:3)(cid:3)(cid:3)(cid:3)(cid:3)(cid:3)(cid:3)(cid:3)(cid:3)(cid:3)(cid:3)(cid:3)(cid:3)(cid:3)(cid:3)(cid:3)(cid:3)(cid:3)(cid:3)(cid:3)(cid:3)(cid:3)(cid:3)(cid:3)(cid:3)(cid:3)(cid:3)(cid:3)(cid:3)(cid:3)(cid:3)(cid:885)(cid:887)(cid:3),(cid:3)(cid:3)(cid:3)(cid:3)(cid:3)(cid:3)(cid:3)(cid:3)(cid:3)(cid:3)(cid:3)(cid:3)(cid:3)(cid:3)(cid:3)(cid:3)(cid:3)(cid:3)(cid:3)(cid:3)(cid:3)(cid:3)(cid:3)(cid:3)(cid:3)(cid:3)(cid:3)(cid:3)(cid:3)(cid:3)(cid:3)(cid:3)(cid:3)(cid:3)(cid:3)(cid:3)(cid:3)(cid:3)(cid:3)(cid:3)(cid:3)(cid:3)(cid:3)(cid:886)(cid:886)(cid:886)(cid:3),,,,,,,,,,,,,,,,,,,,,,,,,,,
(cid:884)(cid:888),(cid:22)(cid:151)(cid:142)(cid:131)(cid:153)(cid:135)(cid:149)(cid:139)(cid:3)(cid:23)(cid:135)(cid:144)(cid:137)(cid:131)(cid:138),(cid:3)(cid:3)(cid:3)(cid:3)(cid:3)(cid:3)(cid:3)(cid:3)(cid:3)(cid:3)(cid:3)(cid:3)(cid:3)(cid:3)(cid:3)(cid:3)(cid:3)(cid:3)(cid:3)(cid:3)(cid:3)(cid:3)(cid:3)(cid:3)(cid:3)(cid:3)(cid:3)(cid:3)(cid:3)(cid:3)(cid:3)(cid:3)(cid:3)(cid:3)(cid:3)(cid:3)(cid:3)(cid:3)(cid:3)(cid:3)(cid:3)(cid:3)(cid:3)(cid:3)(cid:3)(cid:886)(cid:882)(cid:3),(cid:3)(cid:3)(cid:3)(cid:3)(cid:3)(cid:3)(cid:3)(cid:3)(cid:3)(cid:3)(cid:3)(cid:3)(cid:3)(cid:3)(cid:3)(cid:3)(cid:3)(cid:3)(cid:3)(cid:3)(cid:3)(cid:3)(cid:3)(cid:3)(cid:3)(cid:3)(cid:3)(cid:3)(cid:3)(cid:3)(cid:3)(cid:3)(cid:3)(cid:3)(cid:3)(cid:3)(cid:3)(cid:3)(cid:3)(cid:3)(cid:3)(cid:3)(cid:3)(cid:3)(cid:3)(cid:887)(cid:891)(cid:3),(cid:3)(cid:3)(cid:3)(cid:3)(cid:3)(cid:3)(cid:3)(cid:3)(cid:3)(cid:3)(cid:3)(cid:3)(cid:3)(cid:3)(cid:3)(cid:3)(cid:3)(cid:3)(cid:3)(cid:3)(cid:3)(cid:3)(cid:3)(cid:3)(cid:3)(cid:3)(cid:3)(cid:3)(cid:3)(cid:3)(cid:3)(cid:3)(cid:3)(cid:3)(cid:3)(cid:3)(cid:3)(cid:3)(cid:3)(cid:3)(cid:3)(cid:3)(cid:3)(cid:884)(cid:883)(cid:890)(cid:3),(cid:3)(cid:3)(cid:3)(cid:3)(cid:3)(cid:3)(cid:3)(cid:3)(cid:3)(cid:3)(cid:3)(cid:3)(cid:3)(cid:3)(cid:3)(cid:3)(cid:3)(cid:3)(cid:3)(cid:3)(cid:3)(cid:3)(cid:3)(cid:3)(cid:3)(cid:3)(cid:3)(cid:3)(cid:3)(cid:3)(cid:3)(cid:3)(cid:3)(cid:3)(cid:3)(cid:3)(cid:3)(cid:3)(cid:3)(cid:3)(cid:3)(cid:3)(cid:3)(cid:3)(cid:3)(cid:3)(cid:3)(cid:3)(cid:886)(cid:3),(cid:3)(cid:3)(cid:3)(cid:3)(cid:3)(cid:3)(cid:3)(cid:3)(cid:3)(cid:3)(cid:3)(cid:3)(cid:3)(cid:3)(cid:3)(cid:3)(cid:3)(cid:3)(cid:3)(cid:3)(cid:3)(cid:3)(cid:3)(cid:3)(cid:3)(cid:3)(cid:3)(cid:3)(cid:3)(cid:3)(cid:3)(cid:3)(cid:3)(cid:3)(cid:3)(cid:3)(cid:3)(cid:3)(cid:3)(cid:3)(cid:3)(cid:3)(cid:3)(cid:3)(cid:3)(cid:3)(cid:3)(cid:3)(cid:891)(cid:3),(cid:3)(cid:3)(cid:3)(cid:3)(cid:3)(cid:3)(cid:3)(cid:3)(cid:3)(cid:3)(cid:3)(cid:3)(cid:3)(cid:3)(cid:3)(cid:3)(cid:3)(cid:3)(cid:3)(cid:3)(cid:3)(cid:3)(cid:3)(cid:3)(cid:3)(cid:3)(cid:3)(cid:3)(cid:3)(cid:3)(cid:3)(cid:3)(cid:3)(cid:3)(cid:3)(cid:3)(cid:3)(cid:3)(cid:3)(cid:3)(cid:3)(cid:3)(cid:3)(cid:885)(cid:885)(cid:882)(cid:3),,,,,,,,,,,,,,,,,,,,,,,,,,,
(cid:884)(cid:889),(cid:22)(cid:151)(cid:142)(cid:131)(cid:153)(cid:135)(cid:149)(cid:139)(cid:3)(cid:22)(cid:135)(cid:142)(cid:131)(cid:150)(cid:131)(cid:144),(cid:3)(cid:3)(cid:3)(cid:3)(cid:3)(cid:3)(cid:3)(cid:3)(cid:3)(cid:3)(cid:3)(cid:3)(cid:3)(cid:3)(cid:3)(cid:3)(cid:3)(cid:3)(cid:3)(cid:3)(cid:3)(cid:3)(cid:3)(cid:3)(cid:3)(cid:3)(cid:3)(cid:3)(cid:3)(cid:3)(cid:3)(cid:3)(cid:3)(cid:3)(cid:3)(cid:3)(cid:3)(cid:3)(cid:3)(cid:3)(cid:3)(cid:3)(cid:3)(cid:883)(cid:888)(cid:882)(cid:3),(cid:3)(cid:3)(cid:3)(cid:3)(cid:3)(cid:3)(cid:3)(cid:3)(cid:3)(cid:3)(cid:3)(cid:3)(cid:3)(cid:3)(cid:3)(cid:3)(cid:3)(cid:3)(cid:3)(cid:3)(cid:3)(cid:3)(cid:3)(cid:3)(cid:3)(cid:3)(cid:3)(cid:3)(cid:3)(cid:3)(cid:3)(cid:3)(cid:3)(cid:3)(cid:3)(cid:3)(cid:3)(cid:3)(cid:3)(cid:3)(cid:3)(cid:3)(cid:3)(cid:884)(cid:886)(cid:887)(cid:3),(cid:3)(cid:3)(cid:3)(cid:3)(cid:3)(cid:3)(cid:3)(cid:3)(cid:3)(cid:3)(cid:3)(cid:3)(cid:3)(cid:3)(cid:3)(cid:3)(cid:3)(cid:3)(cid:3)(cid:3)(cid:3)(cid:3)(cid:3)(cid:3)(cid:3)(cid:3)(cid:3)(cid:3)(cid:3)(cid:3)(cid:3)(cid:3)(cid:3)(cid:3)(cid:3)(cid:3)(cid:3)(cid:3)(cid:3)(cid:3)(cid:3)(cid:3)(cid:3)(cid:886)(cid:889)(cid:885)(cid:3),(cid:3)(cid:3)(cid:3)(cid:3)(cid:3)(cid:3)(cid:3)(cid:3)(cid:3)(cid:3)(cid:3)(cid:3)(cid:3)(cid:3)(cid:3)(cid:3)(cid:3)(cid:3)(cid:3)(cid:3)(cid:3)(cid:3)(cid:3)(cid:3)(cid:3)(cid:3)(cid:3)(cid:3)(cid:3)(cid:3)(cid:3)(cid:3)(cid:3)(cid:3)(cid:3)(cid:3)(cid:3)(cid:3)(cid:3)(cid:3)(cid:3)(cid:3)(cid:3)(cid:3)(cid:3)(cid:3)(cid:3)(cid:3)(cid:888)(cid:3),(cid:3)(cid:3)(cid:3)(cid:3)(cid:3)(cid:3)(cid:3)(cid:3)(cid:3)(cid:3)(cid:3)(cid:3)(cid:3)(cid:3)(cid:3)(cid:3)(cid:3)(cid:3)(cid:3)(cid:3)(cid:3)(cid:3)(cid:3)(cid:3)(cid:3)(cid:3)(cid:3)(cid:3)(cid:3)(cid:3)(cid:3)(cid:3)(cid:3)(cid:3)(cid:3)(cid:3)(cid:3)(cid:3)(cid:3)(cid:3)(cid:3)(cid:3)(cid:3)(cid:3)(cid:3)(cid:889)(cid:884)(cid:3),(cid:3)(cid:3)(cid:3)(cid:3)(cid:3)(cid:3)(cid:3)(cid:3)(cid:3)(cid:3)(cid:3)(cid:3)(cid:3)(cid:3)(cid:3)(cid:3)(cid:3)(cid:3)(cid:3)(cid:3)(cid:3)(cid:3)(cid:3)(cid:3)(cid:3)(cid:3)(cid:3)(cid:3)(cid:3)(cid:3)(cid:3)(cid:3)(cid:3)(cid:3)(cid:3)(cid:3)(cid:3)(cid:3)(cid:3)(cid:3)(cid:3)(cid:3)(cid:3)(cid:891)(cid:887)(cid:888)(cid:3),,,,,,,,,,,,,,,,,,,,,,,,,,,
(cid:884)(cid:890),(cid:22)(cid:151)(cid:142)(cid:131)(cid:153)(cid:135)(cid:149)(cid:139)(cid:3)(cid:23)(cid:135)(cid:144)(cid:137)(cid:137)(cid:131)(cid:148)(cid:131),(cid:3)(cid:3)(cid:3)(cid:3)(cid:3)(cid:3)(cid:3)(cid:3)(cid:3)(cid:3)(cid:3)(cid:3)(cid:3)(cid:3)(cid:3)(cid:3)(cid:3)(cid:3)(cid:3)(cid:3)(cid:3)(cid:3)(cid:3)(cid:3)(cid:3)(cid:3)(cid:3)(cid:3)(cid:3)(cid:3)(cid:3)(cid:3)(cid:3)(cid:3)(cid:3)(cid:3)(cid:3)(cid:3)(cid:3)(cid:3)(cid:3)(cid:3)(cid:3)(cid:3)(cid:3)(cid:887)(cid:888)(cid:3),(cid:3)(cid:3)(cid:3)(cid:3)(cid:3)(cid:3)(cid:3)(cid:3)(cid:3)(cid:3)(cid:3)(cid:3)(cid:3)(cid:3)(cid:3)(cid:3)(cid:3)(cid:3)(cid:3)(cid:3)(cid:3)(cid:3)(cid:3)(cid:3)(cid:3)(cid:3)(cid:3)(cid:3)(cid:3)(cid:3)(cid:3)(cid:3)(cid:3)(cid:3)(cid:3)(cid:3)(cid:3)(cid:3)(cid:3)(cid:3)(cid:3)(cid:3)(cid:3)(cid:3)(cid:3)(cid:885)(cid:891)(cid:3),(cid:3)(cid:3)(cid:3)(cid:3)(cid:3)(cid:3)(cid:3)(cid:3)(cid:3)(cid:3)(cid:3)(cid:3)(cid:3)(cid:3)(cid:3)(cid:3)(cid:3)(cid:3)(cid:3)(cid:3)(cid:3)(cid:3)(cid:3)(cid:3)(cid:3)(cid:3)(cid:3)(cid:3)(cid:3)(cid:3)(cid:3)(cid:3)(cid:3)(cid:3)(cid:3)(cid:3)(cid:3)(cid:3)(cid:3)(cid:3)(cid:3)(cid:3)(cid:3)(cid:885)(cid:882)(cid:889)(cid:3),(cid:3)(cid:3)(cid:3)(cid:3)(cid:3)(cid:3)(cid:3)(cid:3)(cid:3)(cid:3)(cid:3)(cid:3)(cid:3)(cid:3)(cid:3)(cid:3)(cid:3)(cid:3)(cid:3)(cid:3)(cid:3)(cid:3)(cid:3)(cid:3)(cid:3)(cid:3)(cid:3)(cid:3)(cid:3)(cid:3)(cid:3)(cid:3)(cid:3)(cid:3)(cid:3)(cid:3)(cid:3)(cid:3)(cid:3)(cid:3)(cid:3)(cid:3)(cid:3)(cid:3)(cid:3)(cid:3)(cid:3)(cid:486)(cid:3),(cid:3)(cid:3)(cid:3)(cid:3)(cid:3)(cid:3)(cid:3)(cid:3)(cid:3)(cid:3)(cid:3)(cid:3)(cid:3)(cid:3)(cid:3)(cid:3)(cid:3)(cid:3)(cid:3)(cid:3)(cid:3)(cid:3)(cid:3)(cid:3)(cid:3)(cid:3)(cid:3)(cid:3)(cid:3)(cid:3)(cid:3)(cid:3)(cid:3)(cid:3)(cid:3)(cid:3)(cid:3)(cid:3)(cid:3)(cid:3)(cid:3)(cid:3)(cid:3)(cid:3)(cid:3)(cid:3)(cid:3)(cid:883)(cid:888)(cid:3),(cid:3)(cid:3)(cid:3)(cid:3)(cid:3)(cid:3)(cid:3)(cid:3)(cid:3)(cid:3)(cid:3)(cid:3)(cid:3)(cid:3)(cid:3)(cid:3)(cid:3)(cid:3)(cid:3)(cid:3)(cid:3)(cid:3)(cid:3)(cid:3)(cid:3)(cid:3)(cid:3)(cid:3)(cid:3)(cid:3)(cid:3)(cid:3)(cid:3)(cid:3)(cid:3)(cid:3)(cid:3)(cid:3)(cid:3)(cid:3)(cid:3)(cid:3)(cid:3)(cid:886)(cid:883)(cid:890)(cid:3),,,,,,,,,,,,,,,,,,,,,,,,,,,
(cid:884)(cid:891),(cid:10)(cid:145)(cid:148)(cid:145)(cid:144)(cid:150)(cid:131)(cid:142)(cid:145),(cid:3)(cid:3)(cid:3)(cid:3)(cid:3)(cid:3)(cid:3)(cid:3)(cid:3)(cid:3)(cid:3)(cid:3)(cid:3)(cid:3)(cid:3)(cid:3)(cid:3)(cid:3)(cid:3)(cid:3)(cid:3)(cid:3)(cid:3)(cid:3)(cid:3)(cid:3)(cid:3)(cid:3)(cid:3)(cid:3)(cid:3)(cid:3)(cid:3)(cid:3)(cid:3)(cid:3)(cid:3)(cid:3)(cid:3)(cid:3)(cid:3)(cid:3)(cid:3)(cid:3)(cid:3)(cid:884)(cid:884)(cid:3),(cid:3)(cid:3)(cid:3)(cid:3)(cid:3)(cid:3)(cid:3)(cid:3)(cid:3)(cid:3)(cid:3)(cid:3)(cid:3)(cid:3)(cid:3)(cid:3)(cid:3)(cid:3)(cid:3)(cid:3)(cid:3)(cid:3)(cid:3)(cid:3)(cid:3)(cid:3)(cid:3)(cid:3)(cid:3)(cid:3)(cid:3)(cid:3)(cid:3)(cid:3)(cid:3)(cid:3)(cid:3)(cid:3)(cid:3)(cid:3)(cid:3)(cid:3)(cid:3)(cid:3)(cid:3)(cid:885)(cid:887)(cid:3),(cid:3)(cid:3)(cid:3)(cid:3)(cid:3)(cid:3)(cid:3)(cid:3)(cid:3)(cid:3)(cid:3)(cid:3)(cid:3)(cid:3)(cid:3)(cid:3)(cid:3)(cid:3)(cid:3)(cid:3)(cid:3)(cid:3)(cid:3)(cid:3)(cid:3)(cid:3)(cid:3)(cid:3)(cid:3)(cid:3)(cid:3)(cid:3)(cid:3)(cid:3)(cid:3)(cid:3)(cid:3)(cid:3)(cid:3)(cid:3)(cid:3)(cid:3)(cid:3)(cid:3)(cid:3)(cid:891)(cid:887)(cid:3),(cid:3)(cid:3)(cid:3)(cid:3)(cid:3)(cid:3)(cid:3)(cid:3)(cid:3)(cid:3)(cid:3)(cid:3)(cid:3)(cid:3)(cid:3)(cid:3)(cid:3)(cid:3)(cid:3)(cid:3)(cid:3)(cid:3)(cid:3)(cid:3)(cid:3)(cid:3)(cid:3)(cid:3)(cid:3)(cid:3)(cid:3)(cid:3)(cid:3)(cid:3)(cid:3)(cid:3)(cid:3)(cid:3)(cid:3)(cid:3)(cid:3)(cid:3)(cid:3)(cid:3)(cid:3)(cid:3)(cid:3)(cid:486)(cid:3),(cid:3)(cid:3)(cid:3)(cid:3)(cid:3)(cid:3)(cid:3)(cid:3)(cid:3)(cid:3)(cid:3)(cid:3)(cid:3)(cid:3)(cid:3)(cid:3)(cid:3)(cid:3)(cid:3)(cid:3)(cid:3)(cid:3)(cid:3)(cid:3)(cid:3)(cid:3)(cid:3)(cid:3)(cid:3)(cid:3)(cid:3)(cid:3)(cid:3)(cid:3)(cid:3)(cid:3)(cid:3)(cid:3)(cid:3)(cid:3)(cid:3)(cid:3)(cid:3)(cid:3)(cid:3)(cid:3)(cid:3)(cid:3)(cid:3)(cid:3)(cid:890)(cid:3),(cid:3)(cid:3)(cid:3)(cid:3)(cid:3)(cid:3)(cid:3)(cid:3)(cid:3)(cid:3)(cid:3)(cid:3)(cid:3)(cid:3)(cid:3)(cid:3)(cid:3)(cid:3)(cid:3)(cid:3)(cid:3)(cid:3)(cid:3)(cid:3)(cid:3)(cid:3)(cid:3)(cid:3)(cid:3)(cid:3)(cid:3)(cid:3)(cid:3)(cid:3)(cid:3)(cid:3)(cid:3)(cid:3)(cid:3)(cid:3)(cid:3)(cid:3)(cid:3)(cid:883)(cid:888)(cid:882)(cid:3),,,,,,,,,,,,,,,,,,,,,,,,,,,
(cid:885)(cid:882),(cid:22)(cid:151)(cid:142)(cid:131)(cid:153)(cid:135)(cid:149)(cid:139)(cid:3)(cid:5)(cid:131)(cid:148)(cid:131)(cid:150),(cid:3)(cid:3)(cid:3)(cid:3)(cid:3)(cid:3)(cid:3)(cid:3)(cid:3)(cid:3)(cid:3)(cid:3)(cid:3)(cid:3)(cid:3)(cid:3)(cid:3)(cid:3)(cid:3)(cid:3)(cid:3)(cid:3)(cid:3)(cid:3)(cid:3)(cid:3)(cid:3)(cid:3)(cid:3)(cid:3)(cid:3)(cid:3)(cid:3)(cid:3)(cid:3)(cid:3)(cid:3)(cid:3)(cid:3)(cid:3)(cid:3)(cid:3)(cid:3)(cid:3)(cid:3)(cid:885)(cid:886)(cid:3),(cid:3)(cid:3)(cid:3)(cid:3)(cid:3)(cid:3)(cid:3)(cid:3)(cid:3)(cid:3)(cid:3)(cid:3)(cid:3)(cid:3)(cid:3)(cid:3)(cid:3)(cid:3)(cid:3)(cid:3)(cid:3)(cid:3)(cid:3)(cid:3)(cid:3)(cid:3)(cid:3)(cid:3)(cid:3)(cid:3)(cid:3)(cid:3)(cid:3)(cid:3)(cid:3)(cid:3)(cid:3)(cid:3)(cid:3)(cid:3)(cid:3)(cid:3)(cid:3)(cid:3)(cid:3)(cid:884)(cid:882)(cid:3),(cid:3)(cid:3)(cid:3)(cid:3)(cid:3)(cid:3)(cid:3)(cid:3)(cid:3)(cid:3)(cid:3)(cid:3)(cid:3)(cid:3)(cid:3)(cid:3)(cid:3)(cid:3)(cid:3)(cid:3)(cid:3)(cid:3)(cid:3)(cid:3)(cid:3)(cid:3)(cid:3)(cid:3)(cid:3)(cid:3)(cid:3)(cid:3)(cid:3)(cid:3)(cid:3)(cid:3)(cid:3)(cid:3)(cid:3)(cid:3)(cid:3)(cid:3)(cid:3)(cid:3)(cid:3)(cid:891)(cid:890)(cid:3),(cid:3)(cid:3)(cid:3)(cid:3)(cid:3)(cid:3)(cid:3)(cid:3)(cid:3)(cid:3)(cid:3)(cid:3)(cid:3)(cid:3)(cid:3)(cid:3)(cid:3)(cid:3)(cid:3)(cid:3)(cid:3)(cid:3)(cid:3)(cid:3)(cid:3)(cid:3)(cid:3)(cid:3)(cid:3)(cid:3)(cid:3)(cid:3)(cid:3)(cid:3)(cid:3)(cid:3)(cid:3)(cid:3)(cid:3)(cid:3)(cid:3)(cid:3)(cid:3)(cid:3)(cid:3)(cid:3)(cid:3)(cid:3)(cid:883)(cid:3),(cid:3)(cid:3)(cid:3)(cid:3)(cid:3)(cid:3)(cid:3)(cid:3)(cid:3)(cid:3)(cid:3)(cid:3)(cid:3)(cid:3)(cid:3)(cid:3)(cid:3)(cid:3)(cid:3)(cid:3)(cid:3)(cid:3)(cid:3)(cid:3)(cid:3)(cid:3)(cid:3)(cid:3)(cid:3)(cid:3)(cid:3)(cid:3)(cid:3)(cid:3)(cid:3)(cid:3)(cid:3)(cid:3)(cid:3)(cid:3)(cid:3)(cid:3)(cid:3)(cid:3)(cid:3)(cid:3)(cid:3)(cid:3)(cid:891)(cid:3),(cid:3)(cid:3)(cid:3)(cid:3)(cid:3)(cid:3)(cid:3)(cid:3)(cid:3)(cid:3)(cid:3)(cid:3)(cid:3)(cid:3)(cid:3)(cid:3)(cid:3)(cid:3)(cid:3)(cid:3)(cid:3)(cid:3)(cid:3)(cid:3)(cid:3)(cid:3)(cid:3)(cid:3)(cid:3)(cid:3)(cid:3)(cid:3)(cid:3)(cid:3)(cid:3)(cid:3)(cid:3)(cid:3)(cid:3)(cid:3)(cid:3)(cid:3)(cid:3)(cid:883)(cid:888)(cid:884)(cid:3),,,,,,,,,,,,,,,,,,,,,,,,,,,
(cid:885)(cid:883),(cid:16)(cid:131)(cid:142)(cid:151)(cid:141)(cid:151),(cid:3)(cid:3)(cid:3)(cid:3)(cid:3)(cid:3)(cid:3)(cid:3)(cid:3)(cid:3)(cid:3)(cid:3)(cid:3)(cid:3)(cid:3)(cid:3)(cid:3)(cid:3)(cid:3)(cid:3)(cid:3)(cid:3)(cid:3)(cid:3)(cid:3)(cid:3)(cid:3)(cid:3)(cid:3)(cid:3)(cid:3)(cid:3)(cid:3)(cid:3)(cid:3)(cid:3)(cid:3)(cid:3)(cid:3)(cid:3)(cid:3)(cid:3)(cid:3)(cid:3)(cid:3)(cid:885)(cid:882)(cid:3),(cid:3)(cid:3)(cid:3)(cid:3)(cid:3)(cid:3)(cid:3)(cid:3)(cid:3)(cid:3)(cid:3)(cid:3)(cid:3)(cid:3)(cid:3)(cid:3)(cid:3)(cid:3)(cid:3)(cid:3)(cid:3)(cid:3)(cid:3)(cid:3)(cid:3)(cid:3)(cid:3)(cid:3)(cid:3)(cid:3)(cid:3)(cid:3)(cid:3)(cid:3)(cid:3)(cid:3)(cid:3)(cid:3)(cid:3)(cid:3)(cid:3)(cid:3)(cid:3)(cid:3)(cid:3)(cid:884)(cid:889)(cid:3),(cid:3)(cid:3)(cid:3)(cid:3)(cid:3)(cid:3)(cid:3)(cid:3)(cid:3)(cid:3)(cid:3)(cid:3)(cid:3)(cid:3)(cid:3)(cid:3)(cid:3)(cid:3)(cid:3)(cid:3)(cid:3)(cid:3)(cid:3)(cid:3)(cid:3)(cid:3)(cid:3)(cid:3)(cid:3)(cid:3)(cid:3)(cid:3)(cid:3)(cid:3)(cid:3)(cid:3)(cid:3)(cid:3)(cid:3)(cid:3)(cid:3)(cid:3)(cid:3)(cid:884)(cid:884)(cid:885)(cid:3),(cid:3)(cid:3)(cid:3)(cid:3)(cid:3)(cid:3)(cid:3)(cid:3)(cid:3)(cid:3)(cid:3)(cid:3)(cid:3)(cid:3)(cid:3)(cid:3)(cid:3)(cid:3)(cid:3)(cid:3)(cid:3)(cid:3)(cid:3)(cid:3)(cid:3)(cid:3)(cid:3)(cid:3)(cid:3)(cid:3)(cid:3)(cid:3)(cid:3)(cid:3)(cid:3)(cid:3)(cid:3)(cid:3)(cid:3)(cid:3)(cid:3)(cid:3)(cid:3)(cid:3)(cid:3)(cid:3)(cid:3)(cid:3)(cid:883)(cid:3),(cid:3)(cid:3)(cid:3)(cid:3)(cid:3)(cid:3)(cid:3)(cid:3)(cid:3)(cid:3)(cid:3)(cid:3)(cid:3)(cid:3)(cid:3)(cid:3)(cid:3)(cid:3)(cid:3)(cid:3)(cid:3)(cid:3)(cid:3)(cid:3)(cid:3)(cid:3)(cid:3)(cid:3)(cid:3)(cid:3)(cid:3)(cid:3)(cid:3)(cid:3)(cid:3)(cid:3)(cid:3)(cid:3)(cid:3)(cid:3)(cid:3)(cid:3)(cid:3)(cid:3)(cid:3)(cid:3)(cid:3)(cid:3)(cid:888)(cid:3),(cid:3)(cid:3)(cid:3)(cid:3)(cid:3)(cid:3)(cid:3)(cid:3)(cid:3)(cid:3)(cid:3)(cid:3)(cid:3)(cid:3)(cid:3)(cid:3)(cid:3)(cid:3)(cid:3)(cid:3)(cid:3)(cid:3)(cid:3)(cid:3)(cid:3)(cid:3)(cid:3)(cid:3)(cid:3)(cid:3)(cid:3)(cid:3)(cid:3)(cid:3)(cid:3)(cid:3)(cid:3)(cid:3)(cid:3)(cid:3)(cid:3)(cid:3)(cid:3)(cid:884)(cid:890)(cid:889)(cid:3),,,,,,,,,,,,,,,,,,,,,,,,,,,
(cid:885)(cid:884),(cid:16)(cid:131)(cid:142)(cid:151)(cid:141)(cid:151)(cid:3)(cid:24)(cid:150)(cid:131)(cid:148)(cid:131),(cid:3)(cid:3)(cid:3)(cid:3)(cid:3)(cid:3)(cid:3)(cid:3)(cid:3)(cid:3)(cid:3)(cid:3)(cid:3)(cid:3)(cid:3)(cid:3)(cid:3)(cid:3)(cid:3)(cid:3)(cid:3)(cid:3)(cid:3)(cid:3)(cid:3)(cid:3)(cid:3)(cid:3)(cid:3)(cid:3)(cid:3)(cid:3)(cid:3)(cid:3)(cid:3)(cid:3)(cid:3)(cid:3)(cid:3)(cid:3)(cid:3)(cid:3)(cid:3)(cid:3)(cid:3)(cid:885)(cid:882)(cid:3),(cid:3)(cid:3)(cid:3)(cid:3)(cid:3)(cid:3)(cid:3)(cid:3)(cid:3)(cid:3)(cid:3)(cid:3)(cid:3)(cid:3)(cid:3)(cid:3)(cid:3)(cid:3)(cid:3)(cid:3)(cid:3)(cid:3)(cid:3)(cid:3)(cid:3)(cid:3)(cid:3)(cid:3)(cid:3)(cid:3)(cid:3)(cid:3)(cid:3)(cid:3)(cid:3)(cid:3)(cid:3)(cid:3)(cid:3)(cid:3)(cid:3)(cid:3)(cid:3)(cid:3)(cid:3)(cid:884)(cid:883)(cid:3),(cid:3)(cid:3)(cid:3)(cid:3)(cid:3)(cid:3)(cid:3)(cid:3)(cid:3)(cid:3)(cid:3)(cid:3)(cid:3)(cid:3)(cid:3)(cid:3)(cid:3)(cid:3)(cid:3)(cid:3)(cid:3)(cid:3)(cid:3)(cid:3)(cid:3)(cid:3)(cid:3)(cid:3)(cid:3)(cid:3)(cid:3)(cid:3)(cid:3)(cid:3)(cid:3)(cid:3)(cid:3)(cid:3)(cid:3)(cid:3)(cid:3)(cid:3)(cid:3)(cid:883)(cid:886)(cid:890)(cid:3),(cid:3)(cid:3)(cid:3)(cid:3)(cid:3)(cid:3)(cid:3)(cid:3)(cid:3)(cid:3)(cid:3)(cid:3)(cid:3)(cid:3)(cid:3)(cid:3)(cid:3)(cid:3)(cid:3)(cid:3)(cid:3)(cid:3)(cid:3)(cid:3)(cid:3)(cid:3)(cid:3)(cid:3)(cid:3)(cid:3)(cid:3)(cid:3)(cid:3)(cid:3)(cid:3)(cid:3)(cid:3)(cid:3)(cid:3)(cid:3)(cid:3)(cid:3)(cid:3)(cid:3)(cid:3)(cid:3)(cid:3)(cid:3)(cid:883)(cid:3),(cid:3)(cid:3)(cid:3)(cid:3)(cid:3)(cid:3)(cid:3)(cid:3)(cid:3)(cid:3)(cid:3)(cid:3)(cid:3)(cid:3)(cid:3)(cid:3)(cid:3)(cid:3)(cid:3)(cid:3)(cid:3)(cid:3)(cid:3)(cid:3)(cid:3)(cid:3)(cid:3)(cid:3)(cid:3)(cid:3)(cid:3)(cid:3)(cid:3)(cid:3)(cid:3)(cid:3)(cid:3)(cid:3)(cid:3)(cid:3)(cid:3)(cid:3)(cid:3)(cid:3)(cid:3)(cid:3)(cid:3)(cid:3)(cid:890)(cid:3),(cid:3)(cid:3)(cid:3)(cid:3)(cid:3)(cid:3)(cid:3)(cid:3)(cid:3)(cid:3)(cid:3)(cid:3)(cid:3)(cid:3)(cid:3)(cid:3)(cid:3)(cid:3)(cid:3)(cid:3)(cid:3)(cid:3)(cid:3)(cid:3)(cid:3)(cid:3)(cid:3)(cid:3)(cid:3)(cid:3)(cid:3)(cid:3)(cid:3)(cid:3)(cid:3)(cid:3)(cid:3)(cid:3)(cid:3)(cid:3)(cid:3)(cid:3)(cid:3)(cid:884)(cid:882)(cid:890)(cid:3),,,,,,,,,,,,,,,,,,,,,,,,,,,
(cid:885)(cid:885),(cid:19)(cid:131)(cid:146)(cid:151)(cid:131),(cid:3)(cid:3)(cid:3)(cid:3)(cid:3)(cid:3)(cid:3)(cid:3)(cid:3)(cid:3)(cid:3)(cid:3)(cid:3)(cid:3)(cid:3)(cid:3)(cid:3)(cid:3)(cid:3)(cid:3)(cid:3)(cid:3)(cid:3)(cid:3)(cid:3)(cid:3)(cid:3)(cid:3)(cid:3)(cid:3)(cid:3)(cid:3)(cid:3)(cid:3)(cid:3)(cid:3)(cid:3)(cid:3)(cid:3)(cid:3)(cid:3)(cid:3)(cid:3)(cid:3)(cid:3)(cid:884)(cid:890)(cid:3),(cid:3)(cid:3)(cid:3)(cid:3)(cid:3)(cid:3)(cid:3)(cid:3)(cid:3)(cid:3)(cid:3)(cid:3)(cid:3)(cid:3)(cid:3)(cid:3)(cid:3)(cid:3)(cid:3)(cid:3)(cid:3)(cid:3)(cid:3)(cid:3)(cid:3)(cid:3)(cid:3)(cid:3)(cid:3)(cid:3)(cid:3)(cid:3)(cid:3)(cid:3)(cid:3)(cid:3)(cid:3)(cid:3)(cid:3)(cid:3)(cid:3)(cid:3)(cid:3)(cid:3)(cid:3)(cid:884)(cid:889)(cid:3),(cid:3)(cid:3)(cid:3)(cid:3)(cid:3)(cid:3)(cid:3)(cid:3)(cid:3)(cid:3)(cid:3)(cid:3)(cid:3)(cid:3)(cid:3)(cid:3)(cid:3)(cid:3)(cid:3)(cid:3)(cid:3)(cid:3)(cid:3)(cid:3)(cid:3)(cid:3)(cid:3)(cid:3)(cid:3)(cid:3)(cid:3)(cid:3)(cid:3)(cid:3)(cid:3)(cid:3)(cid:3)(cid:3)(cid:3)(cid:3)(cid:3)(cid:3)(cid:3)(cid:883)(cid:885)(cid:886)(cid:3),(cid:3)(cid:3)(cid:3)(cid:3)(cid:3)(cid:3)(cid:3)(cid:3)(cid:3)(cid:3)(cid:3)(cid:3)(cid:3)(cid:3)(cid:3)(cid:3)(cid:3)(cid:3)(cid:3)(cid:3)(cid:3)(cid:3)(cid:3)(cid:3)(cid:3)(cid:3)(cid:3)(cid:3)(cid:3)(cid:3)(cid:3)(cid:3)(cid:3)(cid:3)(cid:3)(cid:3)(cid:3)(cid:3)(cid:3)(cid:3)(cid:3)(cid:3)(cid:3)(cid:3)(cid:3)(cid:3)(cid:3)(cid:3)(cid:883)(cid:3),(cid:3)(cid:3)(cid:3)(cid:3)(cid:3)(cid:3)(cid:3)(cid:3)(cid:3)(cid:3)(cid:3)(cid:3)(cid:3)(cid:3)(cid:3)(cid:3)(cid:3)(cid:3)(cid:3)(cid:3)(cid:3)(cid:3)(cid:3)(cid:3)(cid:3)(cid:3)(cid:3)(cid:3)(cid:3)(cid:3)(cid:3)(cid:3)(cid:3)(cid:3)(cid:3)(cid:3)(cid:3)(cid:3)(cid:3)(cid:3)(cid:3)(cid:3)(cid:3)(cid:3)(cid:3)(cid:3)(cid:3)(cid:3)(cid:889)(cid:3),(cid:3)(cid:3)(cid:3)(cid:3)(cid:3)(cid:3)(cid:3)(cid:3)(cid:3)(cid:3)(cid:3)(cid:3)(cid:3)(cid:3)(cid:3)(cid:3)(cid:3)(cid:3)(cid:3)(cid:3)(cid:3)(cid:3)(cid:3)(cid:3)(cid:3)(cid:3)(cid:3)(cid:3)(cid:3)(cid:3)(cid:3)(cid:3)(cid:3)(cid:3)(cid:3)(cid:3)(cid:3)(cid:3)(cid:3)(cid:3)(cid:3)(cid:3)(cid:3)(cid:883)(cid:891)(cid:889)(cid:3),,,,,,,,,,,,,,,,,,,,,,,,,,,
(cid:885)(cid:886),(cid:19)(cid:131)(cid:146)(cid:151)(cid:131)(cid:3)(cid:5)(cid:131)(cid:148)(cid:131)(cid:150),(cid:3)(cid:3)(cid:3)(cid:3)(cid:3)(cid:3)(cid:3)(cid:3)(cid:3)(cid:3)(cid:3)(cid:3)(cid:3)(cid:3)(cid:3)(cid:3)(cid:3)(cid:3)(cid:3)(cid:3)(cid:3)(cid:3)(cid:3)(cid:3)(cid:3)(cid:3)(cid:3)(cid:3)(cid:3)(cid:3)(cid:3)(cid:3)(cid:3)(cid:3)(cid:3)(cid:3)(cid:3)(cid:3)(cid:3)(cid:3)(cid:3)(cid:3)(cid:3)(cid:3)(cid:3)(cid:3)(cid:3)(cid:3)(cid:887)(cid:3),(cid:3)(cid:3)(cid:3)(cid:3)(cid:3)(cid:3)(cid:3)(cid:3)(cid:3)(cid:3)(cid:3)(cid:3)(cid:3)(cid:3)(cid:3)(cid:3)(cid:3)(cid:3)(cid:3)(cid:3)(cid:3)(cid:3)(cid:3)(cid:3)(cid:3)(cid:3)(cid:3)(cid:3)(cid:3)(cid:3)(cid:3)(cid:3)(cid:3)(cid:3)(cid:3)(cid:3)(cid:3)(cid:3)(cid:3)(cid:3)(cid:3)(cid:3)(cid:3)(cid:3)(cid:3)(cid:883)(cid:882)(cid:3),(cid:3)(cid:3)(cid:3)(cid:3)(cid:3)(cid:3)(cid:3)(cid:3)(cid:3)(cid:3)(cid:3)(cid:3)(cid:3)(cid:3)(cid:3)(cid:3)(cid:3)(cid:3)(cid:3)(cid:3)(cid:3)(cid:3)(cid:3)(cid:3)(cid:3)(cid:3)(cid:3)(cid:3)(cid:3)(cid:3)(cid:3)(cid:3)(cid:3)(cid:3)(cid:3)(cid:3)(cid:3)(cid:3)(cid:3)(cid:3)(cid:3)(cid:3)(cid:3)(cid:3)(cid:3)(cid:889)(cid:888)(cid:3),(cid:3)(cid:3)(cid:3)(cid:3)(cid:3)(cid:3)(cid:3)(cid:3)(cid:3)(cid:3)(cid:3)(cid:3)(cid:3)(cid:3)(cid:3)(cid:3)(cid:3)(cid:3)(cid:3)(cid:3)(cid:3)(cid:3)(cid:3)(cid:3)(cid:3)(cid:3)(cid:3)(cid:3)(cid:3)(cid:3)(cid:3)(cid:3)(cid:3)(cid:3)(cid:3)(cid:3)(cid:3)(cid:3)(cid:3)(cid:3)(cid:3)(cid:3)(cid:3)(cid:3)(cid:3)(cid:3)(cid:3)(cid:3)(cid:883)(cid:3),(cid:3)(cid:3)(cid:3)(cid:3)(cid:3)(cid:3)(cid:3)(cid:3)(cid:3)(cid:3)(cid:3)(cid:3)(cid:3)(cid:3)(cid:3)(cid:3)(cid:3)(cid:3)(cid:3)(cid:3)(cid:3)(cid:3)(cid:3)(cid:3)(cid:3)(cid:3)(cid:3)(cid:3)(cid:3)(cid:3)(cid:3)(cid:3)(cid:3)(cid:3)(cid:3)(cid:3)(cid:3)(cid:3)(cid:3)(cid:3)(cid:3)(cid:3)(cid:3)(cid:3)(cid:3)(cid:3)(cid:3)(cid:486)(cid:3),(cid:3)(cid:3)(cid:3)(cid:3)(cid:3)(cid:3)(cid:3)(cid:3)(cid:3)(cid:3)(cid:3)(cid:3)(cid:3)(cid:3)(cid:3)(cid:3)(cid:3)(cid:3)(cid:3)(cid:3)(cid:3)(cid:3)(cid:3)(cid:3)(cid:3)(cid:3)(cid:3)(cid:3)(cid:3)(cid:3)(cid:3)(cid:3)(cid:3)(cid:3)(cid:3)(cid:3)(cid:3)(cid:3)(cid:3)(cid:3)(cid:3)(cid:3)(cid:3)(cid:3)(cid:3)(cid:3)(cid:3)(cid:891)(cid:884)(cid:3),,,,,,,,,,,,,,,,,,,,,,,,,,,
(cid:885)(cid:887),(cid:19)(cid:131)(cid:146)(cid:151)(cid:131)(cid:3)(cid:22)(cid:135)(cid:142)(cid:131)(cid:150)(cid:131)(cid:144),(cid:3)(cid:3)(cid:3)(cid:3)(cid:3)(cid:3)(cid:3)(cid:3)(cid:3)(cid:3)(cid:3)(cid:3)(cid:3)(cid:3)(cid:3)(cid:3)(cid:3)(cid:3)(cid:3)(cid:3)(cid:3)(cid:3)(cid:3)(cid:3)(cid:3)(cid:3)(cid:3)(cid:3)(cid:3)(cid:3)(cid:3)(cid:3)(cid:3)(cid:3)(cid:3)(cid:3)(cid:3)(cid:3)(cid:3)(cid:3)(cid:3)(cid:3)(cid:3)(cid:3)(cid:3)(cid:3)(cid:3)(cid:3)(cid:891)(cid:3),(cid:3)(cid:3)(cid:3)(cid:3)(cid:3)(cid:3)(cid:3)(cid:3)(cid:3)(cid:3)(cid:3)(cid:3)(cid:3)(cid:3)(cid:3)(cid:3)(cid:3)(cid:3)(cid:3)(cid:3)(cid:3)(cid:3)(cid:3)(cid:3)(cid:3)(cid:3)(cid:3)(cid:3)(cid:3)(cid:3)(cid:3)(cid:3)(cid:3)(cid:3)(cid:3)(cid:3)(cid:3)(cid:3)(cid:3)(cid:3)(cid:3)(cid:3)(cid:3)(cid:3)(cid:3)(cid:883)(cid:890)(cid:3),(cid:3)(cid:3)(cid:3)(cid:3)(cid:3)(cid:3)(cid:3)(cid:3)(cid:3)(cid:3)(cid:3)(cid:3)(cid:3)(cid:3)(cid:3)(cid:3)(cid:3)(cid:3)(cid:3)(cid:3)(cid:3)(cid:3)(cid:3)(cid:3)(cid:3)(cid:3)(cid:3)(cid:3)(cid:3)(cid:3)(cid:3)(cid:3)(cid:3)(cid:3)(cid:3)(cid:3)(cid:3)(cid:3)(cid:3)(cid:3)(cid:3)(cid:3)(cid:3)(cid:3)(cid:3)(cid:889)(cid:888)(cid:3),(cid:3)(cid:3)(cid:3)(cid:3)(cid:3)(cid:3)(cid:3)(cid:3)(cid:3)(cid:3)(cid:3)(cid:3)(cid:3)(cid:3)(cid:3)(cid:3)(cid:3)(cid:3)(cid:3)(cid:3)(cid:3)(cid:3)(cid:3)(cid:3)(cid:3)(cid:3)(cid:3)(cid:3)(cid:3)(cid:3)(cid:3)(cid:3)(cid:3)(cid:3)(cid:3)(cid:3)(cid:3)(cid:3)(cid:3)(cid:3)(cid:3)(cid:3)(cid:3)(cid:3)(cid:3)(cid:3)(cid:3)(cid:486)(cid:3),(cid:3)(cid:3)(cid:3)(cid:3)(cid:3)(cid:3)(cid:3)(cid:3)(cid:3)(cid:3)(cid:3)(cid:3)(cid:3)(cid:3)(cid:3)(cid:3)(cid:3)(cid:3)(cid:3)(cid:3)(cid:3)(cid:3)(cid:3)(cid:3)(cid:3)(cid:3)(cid:3)(cid:3)(cid:3)(cid:3)(cid:3)(cid:3)(cid:3)(cid:3)(cid:3)(cid:3)(cid:3)(cid:3)(cid:3)(cid:3)(cid:3)(cid:3)(cid:3)(cid:3)(cid:3)(cid:3)(cid:3)(cid:3)(cid:3)(cid:486)(cid:3),(cid:3)(cid:3)(cid:3)(cid:3)(cid:3)(cid:3)(cid:3)(cid:3)(cid:3)(cid:3)(cid:3)(cid:3)(cid:3)(cid:3)(cid:3)(cid:3)(cid:3)(cid:3)(cid:3)(cid:3)(cid:3)(cid:3)(cid:3)(cid:3)(cid:3)(cid:3)(cid:3)(cid:3)(cid:3)(cid:3)(cid:3)(cid:3)(cid:3)(cid:3)(cid:3)(cid:3)(cid:3)(cid:3)(cid:3)(cid:3)(cid:3)(cid:3)(cid:3)(cid:3)(cid:3)(cid:883)(cid:882)(cid:885)(cid:3),,,,,,,,,,,,,,,,,,,,,,,,,,,
(cid:885)(cid:888),(cid:19)(cid:131)(cid:146)(cid:151)(cid:131)(cid:3)(cid:23)(cid:135)(cid:144)(cid:137)(cid:131)(cid:138),(cid:3)(cid:3)(cid:3)(cid:3)(cid:3)(cid:3)(cid:3)(cid:3)(cid:3)(cid:3)(cid:3)(cid:3)(cid:3)(cid:3)(cid:3)(cid:3)(cid:3)(cid:3)(cid:3)(cid:3)(cid:3)(cid:3)(cid:3)(cid:3)(cid:3)(cid:3)(cid:3)(cid:3)(cid:3)(cid:3)(cid:3)(cid:3)(cid:3)(cid:3)(cid:3)(cid:3)(cid:3)(cid:3)(cid:3)(cid:3)(cid:3)(cid:3)(cid:3)(cid:3)(cid:3)(cid:883)(cid:883)(cid:3),(cid:3)(cid:3)(cid:3)(cid:3)(cid:3)(cid:3)(cid:3)(cid:3)(cid:3)(cid:3)(cid:3)(cid:3)(cid:3)(cid:3)(cid:3)(cid:3)(cid:3)(cid:3)(cid:3)(cid:3)(cid:3)(cid:3)(cid:3)(cid:3)(cid:3)(cid:3)(cid:3)(cid:3)(cid:3)(cid:3)(cid:3)(cid:3)(cid:3)(cid:3)(cid:3)(cid:3)(cid:3)(cid:3)(cid:3)(cid:3)(cid:3)(cid:3)(cid:3)(cid:3)(cid:3)(cid:883)(cid:889)(cid:3),(cid:3)(cid:3)(cid:3)(cid:3)(cid:3)(cid:3)(cid:3)(cid:3)(cid:3)(cid:3)(cid:3)(cid:3)(cid:3)(cid:3)(cid:3)(cid:3)(cid:3)(cid:3)(cid:3)(cid:3)(cid:3)(cid:3)(cid:3)(cid:3)(cid:3)(cid:3)(cid:3)(cid:3)(cid:3)(cid:3)(cid:3)(cid:3)(cid:3)(cid:3)(cid:3)(cid:3)(cid:3)(cid:3)(cid:3)(cid:3)(cid:3)(cid:3)(cid:3)(cid:3)(cid:3)(cid:891)(cid:890)(cid:3),(cid:3)(cid:3)(cid:3)(cid:3)(cid:3)(cid:3)(cid:3)(cid:3)(cid:3)(cid:3)(cid:3)(cid:3)(cid:3)(cid:3)(cid:3)(cid:3)(cid:3)(cid:3)(cid:3)(cid:3)(cid:3)(cid:3)(cid:3)(cid:3)(cid:3)(cid:3)(cid:3)(cid:3)(cid:3)(cid:3)(cid:3)(cid:3)(cid:3)(cid:3)(cid:3)(cid:3)(cid:3)(cid:3)(cid:3)(cid:3)(cid:3)(cid:3)(cid:3)(cid:3)(cid:3)(cid:3)(cid:3)(cid:3)(cid:883)(cid:3),(cid:3)(cid:3)(cid:3)(cid:3)(cid:3)(cid:3)(cid:3)(cid:3)(cid:3)(cid:3)(cid:3)(cid:3)(cid:3)(cid:3)(cid:3)(cid:3)(cid:3)(cid:3)(cid:3)(cid:3)(cid:3)(cid:3)(cid:3)(cid:3)(cid:3)(cid:3)(cid:3)(cid:3)(cid:3)(cid:3)(cid:3)(cid:3)(cid:3)(cid:3)(cid:3)(cid:3)(cid:3)(cid:3)(cid:3)(cid:3)(cid:3)(cid:3)(cid:3)(cid:3)(cid:3)(cid:3)(cid:3)(cid:3)(cid:885)(cid:3),(cid:3)(cid:3)(cid:3)(cid:3)(cid:3)(cid:3)(cid:3)(cid:3)(cid:3)(cid:3)(cid:3)(cid:3)(cid:3)(cid:3)(cid:3)(cid:3)(cid:3)(cid:3)(cid:3)(cid:3)(cid:3)(cid:3)(cid:3)(cid:3)(cid:3)(cid:3)(cid:3)(cid:3)(cid:3)(cid:3)(cid:3)(cid:3)(cid:3)(cid:3)(cid:3)(cid:3)(cid:3)(cid:3)(cid:3)(cid:3)(cid:3)(cid:3)(cid:3)(cid:883)(cid:885)(cid:882)(cid:3),,,,,,,,,,,,,,,,,,,,,,,,,,,
(cid:885)(cid:889) (cid:19)(cid:131)(cid:146)(cid:151)(cid:131)(cid:3)(cid:19)(cid:135)(cid:137)(cid:151)(cid:144)(cid:151)(cid:144)(cid:137)(cid:131)(cid:144) Indonesia (cid:885)(cid:890) (cid:19)(cid:131)(cid:146)(cid:151)(cid:131)(cid:3)(cid:5)(cid:131)(cid:148)(cid:131)(cid:150)(cid:3)(cid:7)(cid:131)(cid:155)(cid:131),,(cid:3)(cid:3)(cid:3)(cid:3)(cid:3)(cid:3)(cid:3)(cid:3)(cid:3)(cid:3)(cid:3)(cid:3)(cid:3)(cid:3)(cid:3)(cid:3)(cid:3)(cid:3)(cid:3)(cid:3)(cid:3)(cid:3)(cid:3)(cid:3)(cid:3)(cid:3)(cid:3)(cid:3)(cid:3)(cid:3)(cid:3)(cid:3)(cid:3)(cid:3)(cid:3)(cid:3)(cid:3)(cid:3)(cid:3)(cid:3)(cid:3)(cid:3)(cid:3)(cid:3)(cid:3)(cid:3)(cid:3)(cid:3)(cid:883)(cid:3) 4.649 (cid:3)(cid:3)(cid:3)(cid:3)(cid:3)(cid:3)(cid:3)(cid:3)(cid:3)(cid:3)(cid:3)(cid:3)(cid:3)(cid:3)(cid:3)(cid:3)(cid:3)(cid:3)(cid:3)(cid:3)(cid:3)(cid:3)(cid:3)(cid:3)(cid:3)(cid:3)(cid:3)(cid:3)(cid:3)(cid:3)(cid:3)(cid:3)(cid:3)(cid:3)(cid:3)(cid:3)(cid:3)(cid:3)(cid:3)(cid:3)(cid:3)(cid:3)(cid:3)(cid:3)(cid:3)(cid:883)(cid:885)(cid:3),(cid:3)(cid:3)(cid:3)(cid:3)(cid:3)(cid:3)(cid:3)(cid:3)(cid:3)(cid:3)(cid:3)(cid:3)(cid:3)(cid:3)(cid:3)(cid:3)(cid:3)(cid:3)(cid:3)(cid:3)(cid:3)(cid:3)(cid:3)(cid:3)(cid:3)(cid:3)(cid:3)(cid:3)(cid:3)(cid:3)(cid:3)(cid:3)(cid:3)(cid:3)(cid:3)(cid:3)(cid:3)(cid:3)(cid:3)(cid:3)(cid:3)(cid:3)(cid:3)(cid:3)(cid:3)(cid:3)(cid:3)(cid:3)(cid:886)(cid:3) 7.643 (cid:3)(cid:3)(cid:3)(cid:3)(cid:3)(cid:3)(cid:3)(cid:3)(cid:3)(cid:3)(cid:3)(cid:3)(cid:3)(cid:3)(cid:3)(cid:3)(cid:3)(cid:3)(cid:3)(cid:3)(cid:3)(cid:3)(cid:3)(cid:3)(cid:3)(cid:3)(cid:3)(cid:3)(cid:3)(cid:3)(cid:3)(cid:3)(cid:3)(cid:3)(cid:3)(cid:3)(cid:3)(cid:3)(cid:3)(cid:3)(cid:3)(cid:3)(cid:3)(cid:3)(cid:3)(cid:883)(cid:888)(cid:3),(cid:3)(cid:3)(cid:3)(cid:3)(cid:3)(cid:3)(cid:3)(cid:3)(cid:3)(cid:3)(cid:3)(cid:3)(cid:3)(cid:3)(cid:3)(cid:3)(cid:3)(cid:3)(cid:3)(cid:3)(cid:3)(cid:3)(cid:3)(cid:3)(cid:3)(cid:3)(cid:3)(cid:3)(cid:3)(cid:3)(cid:3)(cid:3)(cid:3)(cid:3)(cid:3)(cid:3)(cid:3)(cid:3)(cid:3)(cid:3)(cid:3)(cid:3)(cid:3)(cid:883)(cid:886)(cid:888)(cid:3) 10.125 (cid:3)(cid:3)(cid:3)(cid:3)(cid:3)(cid:3)(cid:3)(cid:3)(cid:3)(cid:3)(cid:3)(cid:3)(cid:3)(cid:3)(cid:3)(cid:3)(cid:3)(cid:3)(cid:3)(cid:3)(cid:3)(cid:3)(cid:3)(cid:3)(cid:3)(cid:3)(cid:3)(cid:3)(cid:3)(cid:3)(cid:3)(cid:3)(cid:3)(cid:3)(cid:3)(cid:3)(cid:3)(cid:3)(cid:3)(cid:3)(cid:3)(cid:3)(cid:3)(cid:3)(cid:3)(cid:891)(cid:883)(cid:3),(cid:3)(cid:3)(cid:3)(cid:3)(cid:3)(cid:3)(cid:3)(cid:3)(cid:3)(cid:3)(cid:3)(cid:3)(cid:3)(cid:3)(cid:3)(cid:3)(cid:3)(cid:3)(cid:3)(cid:3)(cid:3)(cid:3)(cid:3)(cid:3)(cid:3)(cid:3)(cid:3)(cid:3)(cid:3)(cid:3)(cid:3)(cid:3)(cid:3)(cid:3)(cid:3)(cid:3)(cid:3)(cid:3)(cid:3)(cid:3)(cid:3)(cid:3)(cid:3)(cid:3)(cid:3)(cid:3)(cid:3)(cid:3)(cid:885)(cid:3) 51 (cid:3)(cid:3)(cid:3)(cid:3)(cid:3)(cid:3)(cid:3)(cid:3)(cid:3)(cid:3)(cid:3)(cid:3)(cid:3)(cid:3)(cid:3)(cid:3)(cid:3)(cid:3)(cid:3)(cid:3)(cid:3)(cid:3)(cid:3)(cid:3)(cid:3)(cid:3)(cid:3)(cid:3)(cid:3)(cid:3)(cid:3)(cid:3)(cid:3)(cid:3)(cid:3)(cid:3)(cid:3)(cid:3)(cid:3)(cid:3)(cid:3)(cid:3)(cid:3)(cid:3)(cid:3)(cid:3)(cid:3)(cid:486)(cid:3),(cid:3)(cid:3)(cid:3)(cid:3)(cid:3)(cid:3)(cid:3)(cid:3)(cid:3)(cid:3)(cid:3)(cid:3)(cid:3)(cid:3)(cid:3)(cid:3)(cid:3)(cid:3)(cid:3)(cid:3)(cid:3)(cid:3)(cid:3)(cid:3)(cid:3)(cid:3)(cid:3)(cid:3)(cid:3)(cid:3)(cid:3)(cid:3)(cid:3)(cid:3)(cid:3)(cid:3)(cid:3)(cid:3)(cid:3)(cid:3)(cid:3)(cid:3)(cid:3)(cid:3)(cid:3)(cid:3)(cid:3)(cid:486)(cid:3) 1.214 (cid:3)(cid:3)(cid:3)(cid:3)(cid:3)(cid:3)(cid:3)(cid:3)(cid:3)(cid:3)(cid:3)(cid:3)(cid:3)(cid:3)(cid:3)(cid:3)(cid:3)(cid:3)(cid:3)(cid:3)(cid:3)(cid:3)(cid:3)(cid:3)(cid:3)(cid:3)(cid:3)(cid:3)(cid:3)(cid:3)(cid:3)(cid:3)(cid:3)(cid:3)(cid:3)(cid:3)(cid:3)(cid:3)(cid:3)(cid:3)(cid:3)(cid:3)(cid:3)(cid:3)(cid:3)(cid:3)(cid:3)(cid:3)(cid:3)(cid:3)(cid:884)(cid:3),(cid:3)(cid:3)(cid:3)(cid:3)(cid:3)(cid:3)(cid:3)(cid:3)(cid:3)(cid:3)(cid:3)(cid:3)(cid:3)(cid:3)(cid:3)(cid:3)(cid:3)(cid:3)(cid:3)(cid:3)(cid:3)(cid:3)(cid:3)(cid:3)(cid:3)(cid:3)(cid:3)(cid:3)(cid:3)(cid:3)(cid:3)(cid:3)(cid:3)(cid:3)(cid:3)(cid:3)(cid:3)(cid:3)(cid:3)(cid:3)(cid:3)(cid:3)(cid:3)(cid:3)(cid:3)(cid:883)(cid:887)(cid:886)(cid:3) 23.682 (cid:3)(cid:3)(cid:3)(cid:3)(cid:3)(cid:3)(cid:3)(cid:3)(cid:3)(cid:3)(cid:3)(cid:3)(cid:3)(cid:3)(cid:3)(cid:3)(cid:3)(cid:3)(cid:3)(cid:3)(cid:3)(cid:3)(cid:3)(cid:3)(cid:3)(cid:3)(cid:3)(cid:3)(cid:3)(cid:3)(cid:3)(cid:3)(cid:3)(cid:3)(cid:3)(cid:3)(cid:3)(cid:3)(cid:3)(cid:3)(cid:3)(cid:3)(cid:3)(cid:883)(cid:884)(cid:884)(cid:3),,,,,,,,,,,,,,,,,,,,,,,,,,,
No,Provinsi,Jumlah PUS,PUS Peserta KB Berdasarkan Metode Kontrasepsi,,,,,,,,,,,,,,,,,,,,,Prevalensi KB,,,,,,,,,,
,,,Peserta KB Modern,,,,,,,,,,,,,,,,,,Peserta KB Tradisional,,Jumlah PUS Peserta KB,,,,,,,,,,,
,,,Kondom,%,Suntik,%,Pil,%,IUD/AKDR,%,MOP,%,MOW,%,Implan,%,MAL,%,Jumlah,%,Jumlah,%,,,,,,,,,,,,
(1),(2),(3),(4),(5),(6),(7),(8),(9),(10),(11),(12),(13),(14),(15),(16),(17),(18),(19),(20),(21),(22),(23),(24),(25),,,,,,,,,,
(cid:883),(cid:4)(cid:133)(cid:135)(cid:138),(cid:3)(cid:3)(cid:3)(cid:3)(cid:3)(cid:3)(cid:3)(cid:3)(cid:3)(cid:3)(cid:3)(cid:3)(cid:890)(cid:889)(cid:891)(cid:484)(cid:891)(cid:882)(cid:883)(cid:3),(cid:3)(cid:3)(cid:3)(cid:3)(cid:3)(cid:3)(cid:3)(cid:884)(cid:887)(cid:484)(cid:886)(cid:891)(cid:890)(cid:3),(cid:884)(cid:481)(cid:891)(cid:882),(cid:3)(cid:3)(cid:3)(cid:3)(cid:3)(cid:3)(cid:3)(cid:3)(cid:3)(cid:3)(cid:885)(cid:882)(cid:887)(cid:484)(cid:883)(cid:890)(cid:885)(cid:3),(cid:3)(cid:3)(cid:3)(cid:3)(cid:3)(cid:3)(cid:3)(cid:3)(cid:885)(cid:887)(cid:3),(cid:3)(cid:3)(cid:3)(cid:3)(cid:3)(cid:3)(cid:3)(cid:3)(cid:3)(cid:3)(cid:889)(cid:889)(cid:484)(cid:890)(cid:891)(cid:886)(cid:3),(cid:3)(cid:3)(cid:3)(cid:3)(cid:890)(cid:481)(cid:890)(cid:887)(cid:3),(cid:3)(cid:3)(cid:3)(cid:3)(cid:3)(cid:3)(cid:3)(cid:3)(cid:3)(cid:3)(cid:3)(cid:3)(cid:3)(cid:885)(cid:883)(cid:484)(cid:891)(cid:884)(cid:887)(cid:3),(cid:3)(cid:3)(cid:3)(cid:3)(cid:885)(cid:481)(cid:888)(cid:885)(cid:3),(cid:3)(cid:3)(cid:3)(cid:3)(cid:3)(cid:3)(cid:3)(cid:3)(cid:3)(cid:3)(cid:884)(cid:886)(cid:891)(cid:3),(cid:3)(cid:3)(cid:3)(cid:3)(cid:882)(cid:481)(cid:882)(cid:885)(cid:3),(cid:3)(cid:3)(cid:3)(cid:3)(cid:3)(cid:3)(cid:3)(cid:3)(cid:3)(cid:3)(cid:884)(cid:884)(cid:484)(cid:886)(cid:884)(cid:885)(cid:3),(cid:3)(cid:3)(cid:3)(cid:3)(cid:884)(cid:481)(cid:887)(cid:887)(cid:3),(cid:3)(cid:3)(cid:3)(cid:3)(cid:3)(cid:3)(cid:3)(cid:3)(cid:3)(cid:3)(cid:3)(cid:3)(cid:885)(cid:888)(cid:484)(cid:884)(cid:882)(cid:883)(cid:3),(cid:3)(cid:3)(cid:3)(cid:3)(cid:886)(cid:481)(cid:883)(cid:883)(cid:3),(cid:3)(cid:3)(cid:3)(cid:3)(cid:3)(cid:3)(cid:3)(cid:3)(cid:890)(cid:484)(cid:890)(cid:889)(cid:885)(cid:3),(cid:3)(cid:3)(cid:3)(cid:3)(cid:883)(cid:481)(cid:882)(cid:883)(cid:3),(cid:3)(cid:3)(cid:3)(cid:3)(cid:3)(cid:3)(cid:3)(cid:3)(cid:3)(cid:3)(cid:3)(cid:887)(cid:882)(cid:890)(cid:484)(cid:884)(cid:886)(cid:888)(cid:3),(cid:3)(cid:3)(cid:3)(cid:887)(cid:889)(cid:481)(cid:889)(cid:888)(cid:3),(cid:3)(cid:3)(cid:3)(cid:3)(cid:3)(cid:3)(cid:3)(cid:3)(cid:890)(cid:484)(cid:888)(cid:886)(cid:889)(cid:3),(cid:3)(cid:3)(cid:3)(cid:3)(cid:882)(cid:481)(cid:891)(cid:890)(cid:3),(cid:3)(cid:3)(cid:3)(cid:3)(cid:3)(cid:3)(cid:3)(cid:3)(cid:3)(cid:3)(cid:3)(cid:887)(cid:883)(cid:888)(cid:484)(cid:890)(cid:891)(cid:885)(cid:3),(cid:3)(cid:3)(cid:3)(cid:3)(cid:3)(cid:3)(cid:3)(cid:3)(cid:3)(cid:3)(cid:3)(cid:887)(cid:890)(cid:481)(cid:889)(cid:886)(cid:3),,,,,,,,,,
(cid:884),(cid:22)(cid:151)(cid:143)(cid:131)(cid:150)(cid:135)(cid:148)(cid:131)(cid:3)(cid:24)(cid:150)(cid:131)(cid:148)(cid:131),(cid:3)(cid:3)(cid:3)(cid:3)(cid:3)(cid:3)(cid:3)(cid:3)(cid:3)(cid:884)(cid:484)(cid:885)(cid:885)(cid:883)(cid:484)(cid:882)(cid:889)(cid:883)(cid:3),(cid:3)(cid:3)(cid:3)(cid:3)(cid:3)(cid:3)(cid:3)(cid:887)(cid:882)(cid:484)(cid:883)(cid:884)(cid:883)(cid:3),(cid:884)(cid:481)(cid:883)(cid:887),(cid:3)(cid:3)(cid:3)(cid:3)(cid:3)(cid:3)(cid:3)(cid:3)(cid:3)(cid:3)(cid:887)(cid:889)(cid:884)(cid:484)(cid:889)(cid:886)(cid:889)(cid:3),(cid:3)(cid:3)(cid:3)(cid:3)(cid:3)(cid:3)(cid:3)(cid:3)(cid:884)(cid:887)(cid:3),(cid:3)(cid:3)(cid:3)(cid:3)(cid:3)(cid:3)(cid:3)(cid:883)(cid:890)(cid:882)(cid:484)(cid:891)(cid:888)(cid:888)(cid:3),(cid:3)(cid:3)(cid:3)(cid:3)(cid:889)(cid:481)(cid:889)(cid:888)(cid:3),(cid:3)(cid:3)(cid:3)(cid:3)(cid:3)(cid:3)(cid:3)(cid:3)(cid:3)(cid:3)(cid:3)(cid:3)(cid:3)(cid:886)(cid:884)(cid:484)(cid:882)(cid:882)(cid:886)(cid:3),(cid:3)(cid:3)(cid:3)(cid:3)(cid:883)(cid:481)(cid:890)(cid:882)(cid:3),(cid:3)(cid:3)(cid:3)(cid:3)(cid:3)(cid:3)(cid:3)(cid:883)(cid:484)(cid:890)(cid:887)(cid:890)(cid:3),(cid:3)(cid:3)(cid:3)(cid:3)(cid:882)(cid:481)(cid:882)(cid:890)(cid:3),(cid:3)(cid:3)(cid:3)(cid:3)(cid:3)(cid:3)(cid:3)(cid:883)(cid:882)(cid:886)(cid:484)(cid:887)(cid:886)(cid:888)(cid:3),(cid:3)(cid:3)(cid:3)(cid:3)(cid:886)(cid:481)(cid:886)(cid:890)(cid:3),(cid:3)(cid:3)(cid:3)(cid:3)(cid:3)(cid:3)(cid:3)(cid:3)(cid:3)(cid:3)(cid:884)(cid:886)(cid:884)(cid:484)(cid:891)(cid:884)(cid:884)(cid:3),(cid:3)(cid:3)(cid:883)(cid:882)(cid:481)(cid:886)(cid:884)(cid:3),(cid:3)(cid:3)(cid:3)(cid:3)(cid:3)(cid:3)(cid:884)(cid:882)(cid:484)(cid:882)(cid:882)(cid:891)(cid:3),(cid:3)(cid:3)(cid:3)(cid:3)(cid:882)(cid:481)(cid:890)(cid:888)(cid:3),(cid:3)(cid:3)(cid:3)(cid:3)(cid:3)(cid:3)(cid:3)(cid:883)(cid:484)(cid:884)(cid:883)(cid:887)(cid:484)(cid:883)(cid:889)(cid:885)(cid:3),(cid:3)(cid:3)(cid:3)(cid:887)(cid:884)(cid:481)(cid:883)(cid:885)(cid:3),(cid:3)(cid:3)(cid:3)(cid:3)(cid:3)(cid:3)(cid:884)(cid:882)(cid:484)(cid:884)(cid:885)(cid:883)(cid:3),(cid:3)(cid:3)(cid:3)(cid:3)(cid:882)(cid:481)(cid:890)(cid:889)(cid:3),(cid:3)(cid:3)(cid:3)(cid:3)(cid:3)(cid:3)(cid:3)(cid:3)(cid:883)(cid:484)(cid:884)(cid:885)(cid:887)(cid:484)(cid:886)(cid:882)(cid:886)(cid:3),(cid:3)(cid:3)(cid:3)(cid:3)(cid:3)(cid:3)(cid:3)(cid:3)(cid:3)(cid:3)(cid:3)(cid:887)(cid:885)(cid:481)(cid:882)(cid:882)(cid:3),,,,,,,,,,
(cid:885),(cid:22)(cid:151)(cid:143)(cid:131)(cid:150)(cid:135)(cid:148)(cid:131)(cid:3)(cid:5)(cid:131)(cid:148)(cid:131)(cid:150),(cid:3)(cid:3)(cid:3)(cid:3)(cid:3)(cid:3)(cid:3)(cid:3)(cid:3)(cid:3)(cid:3)(cid:3)(cid:890)(cid:887)(cid:888)(cid:484)(cid:882)(cid:890)(cid:891)(cid:3),(cid:3)(cid:3)(cid:3)(cid:3)(cid:3)(cid:3)(cid:3)(cid:885)(cid:885)(cid:484)(cid:883)(cid:882)(cid:888)(cid:3),(cid:885)(cid:481)(cid:890)(cid:889),(cid:3)(cid:3)(cid:3)(cid:3)(cid:3)(cid:3)(cid:3)(cid:3)(cid:3)(cid:3)(cid:884)(cid:886)(cid:883)(cid:484)(cid:889)(cid:891)(cid:887)(cid:3),(cid:3)(cid:3)(cid:884)(cid:890)(cid:481)(cid:884)(cid:886)(cid:3),(cid:3)(cid:3)(cid:3)(cid:3)(cid:3)(cid:3)(cid:3)(cid:3)(cid:3)(cid:3)(cid:885)(cid:891)(cid:484)(cid:889)(cid:891)(cid:886)(cid:3),(cid:3)(cid:3)(cid:3)(cid:3)(cid:886)(cid:481)(cid:888)(cid:887)(cid:3),(cid:3)(cid:3)(cid:3)(cid:3)(cid:3)(cid:3)(cid:3)(cid:3)(cid:3)(cid:3)(cid:3)(cid:3)(cid:3)(cid:887)(cid:883)(cid:484)(cid:889)(cid:883)(cid:891)(cid:3),(cid:3)(cid:3)(cid:3)(cid:3)(cid:888)(cid:481)(cid:882)(cid:886)(cid:3),(cid:3)(cid:3)(cid:3)(cid:3)(cid:3)(cid:3)(cid:3)(cid:883)(cid:484)(cid:883)(cid:883)(cid:882)(cid:3),(cid:3)(cid:3)(cid:3)(cid:3)(cid:882)(cid:481)(cid:883)(cid:885)(cid:3),(cid:3)(cid:3)(cid:3)(cid:3)(cid:3)(cid:3)(cid:3)(cid:3)(cid:3)(cid:3)(cid:885)(cid:885)(cid:484)(cid:884)(cid:885)(cid:883)(cid:3),(cid:3)(cid:3)(cid:3)(cid:3)(cid:885)(cid:481)(cid:890)(cid:890)(cid:3),(cid:3)(cid:3)(cid:3)(cid:3)(cid:3)(cid:3)(cid:3)(cid:3)(cid:3)(cid:3)(cid:3)(cid:3)(cid:888)(cid:890)(cid:484)(cid:888)(cid:889)(cid:889)(cid:3),(cid:3)(cid:3)(cid:3)(cid:3)(cid:890)(cid:481)(cid:882)(cid:884)(cid:3),(cid:3)(cid:3)(cid:3)(cid:3)(cid:3)(cid:3)(cid:883)(cid:884)(cid:484)(cid:887)(cid:882)(cid:886)(cid:3),(cid:3)(cid:3)(cid:3)(cid:3)(cid:883)(cid:481)(cid:886)(cid:888)(cid:3),(cid:3)(cid:3)(cid:3)(cid:3)(cid:3)(cid:3)(cid:3)(cid:3)(cid:3)(cid:3)(cid:3)(cid:886)(cid:890)(cid:883)(cid:484)(cid:891)(cid:885)(cid:888)(cid:3),(cid:3)(cid:3)(cid:3)(cid:887)(cid:888)(cid:481)(cid:885)(cid:882)(cid:3),(cid:3)(cid:3)(cid:3)(cid:3)(cid:3)(cid:3)(cid:883)(cid:882)(cid:484)(cid:888)(cid:886)(cid:889)(cid:3),(cid:3)(cid:3)(cid:3)(cid:3)(cid:883)(cid:481)(cid:884)(cid:886)(cid:3),(cid:3)(cid:3)(cid:3)(cid:3)(cid:3)(cid:3)(cid:3)(cid:3)(cid:3)(cid:3)(cid:3)(cid:886)(cid:891)(cid:884)(cid:484)(cid:887)(cid:890)(cid:885)(cid:3),(cid:3)(cid:3)(cid:3)(cid:3)(cid:3)(cid:3)(cid:3)(cid:3)(cid:3)(cid:3)(cid:3)(cid:887)(cid:889)(cid:481)(cid:887)(cid:886)(cid:3),,,,,,,,,,
(cid:886),(cid:21)(cid:139)(cid:131)(cid:151),(cid:3)(cid:3)(cid:3)(cid:3)(cid:3)(cid:3)(cid:3)(cid:3)(cid:3)(cid:883)(cid:484)(cid:883)(cid:888)(cid:883)(cid:484)(cid:891)(cid:888)(cid:886)(cid:3),(cid:3)(cid:3)(cid:3)(cid:3)(cid:3)(cid:3)(cid:3)(cid:888)(cid:888)(cid:484)(cid:883)(cid:890)(cid:890)(cid:3),(cid:887)(cid:481)(cid:889)(cid:882),(cid:3)(cid:3)(cid:3)(cid:3)(cid:3)(cid:3)(cid:3)(cid:3)(cid:3)(cid:3)(cid:885)(cid:891)(cid:890)(cid:484)(cid:888)(cid:886)(cid:886)(cid:3),(cid:3)(cid:3)(cid:885)(cid:886)(cid:481)(cid:885)(cid:883)(cid:3),(cid:3)(cid:3)(cid:3)(cid:3)(cid:3)(cid:3)(cid:3)(cid:883)(cid:884)(cid:889)(cid:484)(cid:886)(cid:884)(cid:887)(cid:3),(cid:3)(cid:3)(cid:883)(cid:882)(cid:481)(cid:891)(cid:889)(cid:3),(cid:3)(cid:3)(cid:3)(cid:3)(cid:3)(cid:3)(cid:3)(cid:3)(cid:3)(cid:3)(cid:3)(cid:3)(cid:3)(cid:885)(cid:884)(cid:484)(cid:887)(cid:885)(cid:885)(cid:3),(cid:3)(cid:3)(cid:3)(cid:3)(cid:884)(cid:481)(cid:890)(cid:882)(cid:3),(cid:3)(cid:3)(cid:3)(cid:3)(cid:3)(cid:3)(cid:3)(cid:3)(cid:3)(cid:3)(cid:888)(cid:882)(cid:887)(cid:3),(cid:3)(cid:3)(cid:3)(cid:3)(cid:882)(cid:481)(cid:882)(cid:887)(cid:3),(cid:3)(cid:3)(cid:3)(cid:3)(cid:3)(cid:3)(cid:3)(cid:3)(cid:3)(cid:3)(cid:884)(cid:886)(cid:484)(cid:891)(cid:891)(cid:885)(cid:3),(cid:3)(cid:3)(cid:3)(cid:3)(cid:884)(cid:481)(cid:883)(cid:887)(cid:3),(cid:3)(cid:3)(cid:3)(cid:3)(cid:3)(cid:3)(cid:3)(cid:3)(cid:3)(cid:3)(cid:3)(cid:3)(cid:890)(cid:891)(cid:484)(cid:890)(cid:888)(cid:888)(cid:3),(cid:3)(cid:3)(cid:3)(cid:3)(cid:889)(cid:481)(cid:889)(cid:885)(cid:3),(cid:3)(cid:3)(cid:3)(cid:3)(cid:3)(cid:3)(cid:3)(cid:3)(cid:888)(cid:484)(cid:891)(cid:882)(cid:883)(cid:3),(cid:3)(cid:3)(cid:3)(cid:3)(cid:882)(cid:481)(cid:887)(cid:891)(cid:3),(cid:3)(cid:3)(cid:3)(cid:3)(cid:3)(cid:3)(cid:3)(cid:3)(cid:3)(cid:3)(cid:3)(cid:889)(cid:886)(cid:889)(cid:484)(cid:883)(cid:887)(cid:887)(cid:3),(cid:3)(cid:3)(cid:3)(cid:888)(cid:886)(cid:481)(cid:885)(cid:882)(cid:3),(cid:3)(cid:3)(cid:3)(cid:3)(cid:3)(cid:3)(cid:883)(cid:888)(cid:484)(cid:884)(cid:882)(cid:889)(cid:3),(cid:3)(cid:3)(cid:3)(cid:3)(cid:883)(cid:481)(cid:885)(cid:891)(cid:3),(cid:3)(cid:3)(cid:3)(cid:3)(cid:3)(cid:3)(cid:3)(cid:3)(cid:3)(cid:3)(cid:3)(cid:889)(cid:888)(cid:885)(cid:484)(cid:885)(cid:888)(cid:884)(cid:3),(cid:3)(cid:3)(cid:3)(cid:3)(cid:3)(cid:3)(cid:3)(cid:3)(cid:3)(cid:3)(cid:3)(cid:888)(cid:887)(cid:481)(cid:889)(cid:882)(cid:3),,,,,,,,,,
(cid:887),(cid:13)(cid:131)(cid:143)(cid:132)(cid:139),(cid:3)(cid:3)(cid:3)(cid:3)(cid:3)(cid:3)(cid:3)(cid:3)(cid:3)(cid:3)(cid:3)(cid:3)(cid:888)(cid:888)(cid:887)(cid:484)(cid:889)(cid:888)(cid:885)(cid:3),(cid:3)(cid:3)(cid:3)(cid:3)(cid:3)(cid:3)(cid:3)(cid:883)(cid:885)(cid:484)(cid:888)(cid:886)(cid:891)(cid:3),(cid:884)(cid:481)(cid:882)(cid:887),(cid:3)(cid:3)(cid:3)(cid:3)(cid:3)(cid:3)(cid:3)(cid:3)(cid:3)(cid:3)(cid:884)(cid:889)(cid:885)(cid:484)(cid:889)(cid:885)(cid:887)(cid:3),(cid:3)(cid:3)(cid:886)(cid:883)(cid:481)(cid:883)(cid:884)(cid:3),(cid:3)(cid:3)(cid:3)(cid:3)(cid:3)(cid:3)(cid:3)(cid:3)(cid:3)(cid:3)(cid:889)(cid:890)(cid:484)(cid:887)(cid:889)(cid:883)(cid:3),(cid:3)(cid:3)(cid:883)(cid:883)(cid:481)(cid:890)(cid:882)(cid:3),(cid:3)(cid:3)(cid:3)(cid:3)(cid:3)(cid:3)(cid:3)(cid:3)(cid:3)(cid:3)(cid:3)(cid:3)(cid:3)(cid:883)(cid:891)(cid:484)(cid:885)(cid:890)(cid:890)(cid:3),(cid:3)(cid:3)(cid:3)(cid:3)(cid:884)(cid:481)(cid:891)(cid:883)(cid:3),(cid:3)(cid:3)(cid:3)(cid:3)(cid:3)(cid:3)(cid:3)(cid:3)(cid:3)(cid:3)(cid:886)(cid:883)(cid:886)(cid:3),(cid:3)(cid:3)(cid:3)(cid:3)(cid:882)(cid:481)(cid:882)(cid:888)(cid:3),(cid:3)(cid:3)(cid:3)(cid:3)(cid:3)(cid:3)(cid:3)(cid:3)(cid:3)(cid:3)(cid:883)(cid:885)(cid:484)(cid:882)(cid:891)(cid:890)(cid:3),(cid:3)(cid:3)(cid:3)(cid:3)(cid:883)(cid:481)(cid:891)(cid:889)(cid:3),(cid:3)(cid:3)(cid:3)(cid:3)(cid:3)(cid:3)(cid:3)(cid:3)(cid:3)(cid:3)(cid:3)(cid:3)(cid:887)(cid:883)(cid:484)(cid:888)(cid:889)(cid:883)(cid:3),(cid:3)(cid:3)(cid:3)(cid:3)(cid:889)(cid:481)(cid:889)(cid:888)(cid:3),(cid:3)(cid:3)(cid:3)(cid:3)(cid:3)(cid:3)(cid:3)(cid:3)(cid:886)(cid:484)(cid:888)(cid:882)(cid:887)(cid:3),(cid:3)(cid:3)(cid:3)(cid:3)(cid:882)(cid:481)(cid:888)(cid:891)(cid:3),(cid:3)(cid:3)(cid:3)(cid:3)(cid:3)(cid:3)(cid:3)(cid:3)(cid:3)(cid:3)(cid:3)(cid:886)(cid:887)(cid:887)(cid:484)(cid:883)(cid:885)(cid:883)(cid:3),(cid:3)(cid:3)(cid:3)(cid:888)(cid:890)(cid:481)(cid:885)(cid:888)(cid:3),(cid:3)(cid:3)(cid:3)(cid:3)(cid:3)(cid:3)(cid:3)(cid:3)(cid:885)(cid:484)(cid:885)(cid:887)(cid:890)(cid:3),(cid:3)(cid:3)(cid:3)(cid:3)(cid:882)(cid:481)(cid:887)(cid:882)(cid:3),(cid:3)(cid:3)(cid:3)(cid:3)(cid:3)(cid:3)(cid:3)(cid:3)(cid:3)(cid:3)(cid:3)(cid:886)(cid:887)(cid:890)(cid:484)(cid:886)(cid:890)(cid:891)(cid:3),(cid:3)(cid:3)(cid:3)(cid:3)(cid:3)(cid:3)(cid:3)(cid:3)(cid:3)(cid:3)(cid:3)(cid:888)(cid:890)(cid:481)(cid:890)(cid:889)(cid:3),,,,,,,,,,
(cid:888),(cid:22)(cid:151)(cid:143)(cid:131)(cid:150)(cid:135)(cid:148)(cid:131)(cid:3)(cid:22)(cid:135)(cid:142)(cid:131)(cid:150)(cid:131)(cid:144),(cid:3)(cid:3)(cid:3)(cid:3)(cid:3)(cid:3)(cid:3)(cid:3)(cid:3)(cid:883)(cid:484)(cid:886)(cid:891)(cid:885)(cid:484)(cid:882)(cid:889)(cid:882)(cid:3),(cid:3)(cid:3)(cid:3)(cid:3)(cid:3)(cid:3)(cid:3)(cid:883)(cid:889)(cid:484)(cid:889)(cid:882)(cid:889)(cid:3),(cid:883)(cid:481)(cid:883)(cid:891),(cid:3)(cid:3)(cid:3)(cid:3)(cid:3)(cid:3)(cid:3)(cid:3)(cid:3)(cid:3)(cid:888)(cid:883)(cid:884)(cid:484)(cid:886)(cid:883)(cid:882)(cid:3),(cid:3)(cid:3)(cid:886)(cid:883)(cid:481)(cid:882)(cid:884)(cid:3),(cid:3)(cid:3)(cid:3)(cid:3)(cid:3)(cid:3)(cid:3)(cid:3)(cid:3)(cid:3)(cid:890)(cid:884)(cid:484)(cid:887)(cid:891)(cid:882)(cid:3),(cid:3)(cid:3)(cid:3)(cid:3)(cid:887)(cid:481)(cid:887)(cid:885)(cid:3),(cid:3)(cid:3)(cid:3)(cid:3)(cid:3)(cid:3)(cid:3)(cid:3)(cid:3)(cid:3)(cid:3)(cid:3)(cid:3)(cid:885)(cid:884)(cid:484)(cid:889)(cid:889)(cid:887)(cid:3),(cid:3)(cid:3)(cid:3)(cid:3)(cid:884)(cid:481)(cid:884)(cid:882)(cid:3),(cid:3)(cid:3)(cid:3)(cid:3)(cid:3)(cid:3)(cid:3)(cid:3)(cid:3)(cid:3)(cid:889)(cid:891)(cid:884)(cid:3),(cid:3)(cid:3)(cid:3)(cid:3)(cid:882)(cid:481)(cid:882)(cid:887)(cid:3),(cid:3)(cid:3)(cid:3)(cid:3)(cid:3)(cid:3)(cid:3)(cid:3)(cid:3)(cid:3)(cid:883)(cid:888)(cid:484)(cid:889)(cid:887)(cid:891)(cid:3),(cid:3)(cid:3)(cid:3)(cid:3)(cid:883)(cid:481)(cid:883)(cid:884)(cid:3),(cid:3)(cid:3)(cid:3)(cid:3)(cid:3)(cid:3)(cid:3)(cid:3)(cid:3)(cid:3)(cid:884)(cid:882)(cid:884)(cid:484)(cid:891)(cid:883)(cid:889)(cid:3),(cid:3)(cid:3)(cid:883)(cid:885)(cid:481)(cid:887)(cid:891)(cid:3),(cid:3)(cid:3)(cid:3)(cid:3)(cid:3)(cid:3)(cid:3)(cid:3)(cid:889)(cid:484)(cid:890)(cid:890)(cid:882)(cid:3),(cid:3)(cid:3)(cid:3)(cid:3)(cid:882)(cid:481)(cid:887)(cid:885)(cid:3),(cid:3)(cid:3)(cid:3)(cid:3)(cid:3)(cid:3)(cid:3)(cid:3)(cid:3)(cid:3)(cid:3)(cid:891)(cid:889)(cid:885)(cid:484)(cid:890)(cid:885)(cid:882)(cid:3),(cid:3)(cid:3)(cid:3)(cid:888)(cid:887)(cid:481)(cid:884)(cid:884)(cid:3),(cid:3)(cid:3)(cid:3)(cid:3)(cid:3)(cid:3)(cid:3)(cid:3)(cid:891)(cid:484)(cid:883)(cid:891)(cid:884)(cid:3),(cid:3)(cid:3)(cid:3)(cid:3)(cid:882)(cid:481)(cid:888)(cid:884)(cid:3),(cid:3)(cid:3)(cid:3)(cid:3)(cid:3)(cid:3)(cid:3)(cid:3)(cid:3)(cid:3)(cid:3)(cid:891)(cid:890)(cid:885)(cid:484)(cid:882)(cid:884)(cid:884)(cid:3),(cid:3)(cid:3)(cid:3)(cid:3)(cid:3)(cid:3)(cid:3)(cid:3)(cid:3)(cid:3)(cid:3)(cid:888)(cid:887)(cid:481)(cid:890)(cid:886)(cid:3),,,,,,,,,,
(cid:889),(cid:5)(cid:135)(cid:144)(cid:137)(cid:141)(cid:151)(cid:142)(cid:151),(cid:3)(cid:3)(cid:3)(cid:3)(cid:3)(cid:3)(cid:3)(cid:3)(cid:3)(cid:3)(cid:3)(cid:3)(cid:885)(cid:888)(cid:884)(cid:484)(cid:891)(cid:890)(cid:889)(cid:3),(cid:3)(cid:3)(cid:3)(cid:3)(cid:3)(cid:3)(cid:3)(cid:883)(cid:883)(cid:484)(cid:889)(cid:883)(cid:885)(cid:3),(cid:885)(cid:481)(cid:884)(cid:885),(cid:3)(cid:3)(cid:3)(cid:3)(cid:3)(cid:3)(cid:3)(cid:3)(cid:3)(cid:3)(cid:883)(cid:887)(cid:883)(cid:484)(cid:889)(cid:885)(cid:890)(cid:3),(cid:3)(cid:3)(cid:886)(cid:883)(cid:481)(cid:890)(cid:882)(cid:3),(cid:3)(cid:3)(cid:3)(cid:3)(cid:3)(cid:3)(cid:3)(cid:3)(cid:3)(cid:3)(cid:884)(cid:883)(cid:484)(cid:885)(cid:883)(cid:882)(cid:3),(cid:3)(cid:3)(cid:3)(cid:3)(cid:887)(cid:481)(cid:890)(cid:889)(cid:3),(cid:3)(cid:3)(cid:3)(cid:3)(cid:3)(cid:3)(cid:3)(cid:3)(cid:3)(cid:3)(cid:3)(cid:3)(cid:3)(cid:883)(cid:882)(cid:484)(cid:888)(cid:887)(cid:885)(cid:3),(cid:3)(cid:3)(cid:3)(cid:3)(cid:884)(cid:481)(cid:891)(cid:885)(cid:3),(cid:3)(cid:3)(cid:3)(cid:3)(cid:3)(cid:3)(cid:3)(cid:3)(cid:3)(cid:3)(cid:884)(cid:891)(cid:891)(cid:3),(cid:3)(cid:3)(cid:3)(cid:3)(cid:882)(cid:481)(cid:882)(cid:890)(cid:3),(cid:3)(cid:3)(cid:3)(cid:3)(cid:3)(cid:3)(cid:3)(cid:3)(cid:3)(cid:3)(cid:3)(cid:3)(cid:890)(cid:484)(cid:884)(cid:890)(cid:890)(cid:3),(cid:3)(cid:3)(cid:3)(cid:3)(cid:884)(cid:481)(cid:884)(cid:890)(cid:3),(cid:3)(cid:3)(cid:3)(cid:3)(cid:3)(cid:3)(cid:3)(cid:3)(cid:3)(cid:3)(cid:3)(cid:3)(cid:886)(cid:885)(cid:484)(cid:891)(cid:887)(cid:883)(cid:3),(cid:3)(cid:3)(cid:883)(cid:884)(cid:481)(cid:883)(cid:883)(cid:3),(cid:3)(cid:3)(cid:3)(cid:3)(cid:3)(cid:3)(cid:3)(cid:3)(cid:884)(cid:484)(cid:887)(cid:884)(cid:886)(cid:3),(cid:3)(cid:3)(cid:3)(cid:3)(cid:882)(cid:481)(cid:889)(cid:882)(cid:3),(cid:3)(cid:3)(cid:3)(cid:3)(cid:3)(cid:3)(cid:3)(cid:3)(cid:3)(cid:3)(cid:3)(cid:884)(cid:887)(cid:882)(cid:484)(cid:886)(cid:889)(cid:888)(cid:3),(cid:3)(cid:3)(cid:3)(cid:888)(cid:891)(cid:481)(cid:882)(cid:882)(cid:3),(cid:3)(cid:3)(cid:3)(cid:3)(cid:3)(cid:3)(cid:3)(cid:3)(cid:883)(cid:484)(cid:885)(cid:890)(cid:887)(cid:3),(cid:3)(cid:3)(cid:3)(cid:3)(cid:882)(cid:481)(cid:885)(cid:890)(cid:3),(cid:3)(cid:3)(cid:3)(cid:3)(cid:3)(cid:3)(cid:3)(cid:3)(cid:3)(cid:3)(cid:3)(cid:884)(cid:887)(cid:883)(cid:484)(cid:890)(cid:888)(cid:883)(cid:3),(cid:3)(cid:3)(cid:3)(cid:3)(cid:3)(cid:3)(cid:3)(cid:3)(cid:3)(cid:3)(cid:3)(cid:888)(cid:891)(cid:481)(cid:885)(cid:891)(cid:3),,,,,,,,,,
(cid:890),(cid:15)(cid:131)(cid:143)(cid:146)(cid:151)(cid:144)(cid:137),(cid:3)(cid:3)(cid:3)(cid:3)(cid:3)(cid:3)(cid:3)(cid:3)(cid:3)(cid:883)(cid:484)(cid:888)(cid:882)(cid:882)(cid:484)(cid:888)(cid:889)(cid:891)(cid:3),(cid:3)(cid:3)(cid:3)(cid:3)(cid:3)(cid:3)(cid:3)(cid:883)(cid:890)(cid:484)(cid:883)(cid:883)(cid:891)(cid:3),(cid:883)(cid:481)(cid:883)(cid:885),(cid:3)(cid:3)(cid:3)(cid:3)(cid:3)(cid:3)(cid:3)(cid:3)(cid:3)(cid:3)(cid:888)(cid:889)(cid:890)(cid:484)(cid:890)(cid:883)(cid:888)(cid:3),(cid:3)(cid:3)(cid:886)(cid:884)(cid:481)(cid:886)(cid:883)(cid:3),(cid:3)(cid:3)(cid:3)(cid:3)(cid:3)(cid:3)(cid:3)(cid:883)(cid:882)(cid:891)(cid:484)(cid:888)(cid:887)(cid:890)(cid:3),(cid:3)(cid:3)(cid:3)(cid:3)(cid:888)(cid:481)(cid:890)(cid:887)(cid:3),(cid:3)(cid:3)(cid:3)(cid:3)(cid:3)(cid:3)(cid:3)(cid:3)(cid:3)(cid:3)(cid:3)(cid:3)(cid:3)(cid:886)(cid:890)(cid:484)(cid:885)(cid:888)(cid:889)(cid:3),(cid:3)(cid:3)(cid:3)(cid:3)(cid:885)(cid:481)(cid:882)(cid:884)(cid:3),(cid:3)(cid:3)(cid:3)(cid:3)(cid:3)(cid:3)(cid:3)(cid:3)(cid:3)(cid:3)(cid:888)(cid:890)(cid:887)(cid:3),(cid:3)(cid:3)(cid:3)(cid:3)(cid:882)(cid:481)(cid:882)(cid:886)(cid:3),(cid:3)(cid:3)(cid:3)(cid:3)(cid:3)(cid:3)(cid:3)(cid:3)(cid:3)(cid:3)(cid:883)(cid:889)(cid:484)(cid:886)(cid:885)(cid:888)(cid:3),(cid:3)(cid:3)(cid:3)(cid:3)(cid:883)(cid:481)(cid:882)(cid:891)(cid:3),(cid:3)(cid:3)(cid:3)(cid:3)(cid:3)(cid:3)(cid:3)(cid:3)(cid:3)(cid:3)(cid:883)(cid:890)(cid:891)(cid:484)(cid:891)(cid:889)(cid:890)(cid:3),(cid:3)(cid:3)(cid:883)(cid:883)(cid:481)(cid:890)(cid:889)(cid:3),(cid:3)(cid:3)(cid:3)(cid:3)(cid:3)(cid:3)(cid:883)(cid:882)(cid:484)(cid:888)(cid:889)(cid:885)(cid:3),(cid:3)(cid:3)(cid:3)(cid:3)(cid:882)(cid:481)(cid:888)(cid:889)(cid:3),(cid:3)(cid:3)(cid:3)(cid:3)(cid:3)(cid:3)(cid:3)(cid:883)(cid:484)(cid:882)(cid:889)(cid:885)(cid:484)(cid:889)(cid:885)(cid:884)(cid:3),(cid:3)(cid:3)(cid:3)(cid:888)(cid:889)(cid:481)(cid:882)(cid:890)(cid:3),(cid:3)(cid:3)(cid:3)(cid:3)(cid:3)(cid:3)(cid:3)(cid:3)(cid:887)(cid:484)(cid:886)(cid:888)(cid:882)(cid:3),(cid:3)(cid:3)(cid:3)(cid:3)(cid:882)(cid:481)(cid:885)(cid:886)(cid:3),(cid:3)(cid:3)(cid:3)(cid:3)(cid:3)(cid:3)(cid:3)(cid:3)(cid:883)(cid:484)(cid:882)(cid:889)(cid:891)(cid:484)(cid:883)(cid:891)(cid:884)(cid:3),(cid:3)(cid:3)(cid:3)(cid:3)(cid:3)(cid:3)(cid:3)(cid:3)(cid:3)(cid:3)(cid:3)(cid:888)(cid:889)(cid:481)(cid:886)(cid:884)(cid:3),,,,,,,,,,
(cid:891),(cid:14)(cid:135)(cid:146)(cid:484)(cid:3)(cid:5)(cid:131)(cid:144)(cid:137)(cid:141)(cid:131)(cid:3)(cid:5)(cid:135)(cid:142)(cid:139)(cid:150)(cid:151)(cid:144)(cid:137),(cid:3)(cid:3)(cid:3)(cid:3)(cid:3)(cid:3)(cid:3)(cid:3)(cid:3)(cid:3)(cid:3)(cid:3)(cid:884)(cid:888)(cid:885)(cid:484)(cid:887)(cid:888)(cid:890)(cid:3),(cid:3)(cid:3)(cid:3)(cid:3)(cid:3)(cid:3)(cid:3)(cid:3)(cid:3)(cid:3)(cid:887)(cid:484)(cid:888)(cid:889)(cid:889)(cid:3),(cid:884)(cid:481)(cid:883)(cid:887),(cid:3)(cid:3)(cid:3)(cid:3)(cid:3)(cid:3)(cid:3)(cid:3)(cid:3)(cid:3)(cid:883)(cid:882)(cid:890)(cid:484)(cid:889)(cid:888)(cid:882)(cid:3),(cid:3)(cid:3)(cid:886)(cid:883)(cid:481)(cid:884)(cid:888)(cid:3),(cid:3)(cid:3)(cid:3)(cid:3)(cid:3)(cid:3)(cid:3)(cid:3)(cid:3)(cid:3)(cid:885)(cid:890)(cid:484)(cid:886)(cid:888)(cid:891)(cid:3),(cid:3)(cid:3)(cid:883)(cid:886)(cid:481)(cid:888)(cid:882)(cid:3),(cid:3)(cid:3)(cid:3)(cid:3)(cid:3)(cid:3)(cid:3)(cid:3)(cid:3)(cid:3)(cid:3)(cid:3)(cid:3)(cid:3)(cid:3)(cid:3)(cid:890)(cid:484)(cid:883)(cid:887)(cid:883)(cid:3),(cid:3)(cid:3)(cid:3)(cid:3)(cid:885)(cid:481)(cid:882)(cid:891)(cid:3),(cid:3)(cid:3)(cid:3)(cid:3)(cid:3)(cid:3)(cid:3)(cid:3)(cid:3)(cid:3)(cid:884)(cid:886)(cid:882)(cid:3),(cid:3)(cid:3)(cid:3)(cid:3)(cid:882)(cid:481)(cid:882)(cid:891)(cid:3),(cid:3)(cid:3)(cid:3)(cid:3)(cid:3)(cid:3)(cid:3)(cid:3)(cid:3)(cid:3)(cid:3)(cid:3)(cid:890)(cid:484)(cid:884)(cid:891)(cid:882)(cid:3),(cid:3)(cid:3)(cid:3)(cid:3)(cid:885)(cid:481)(cid:883)(cid:887)(cid:3),(cid:3)(cid:3)(cid:3)(cid:3)(cid:3)(cid:3)(cid:3)(cid:3)(cid:3)(cid:3)(cid:3)(cid:3)(cid:883)(cid:885)(cid:484)(cid:891)(cid:886)(cid:883)(cid:3),(cid:3)(cid:3)(cid:3)(cid:3)(cid:887)(cid:481)(cid:884)(cid:891)(cid:3),(cid:3)(cid:3)(cid:3)(cid:3)(cid:3)(cid:3)(cid:3)(cid:3)(cid:883)(cid:484)(cid:888)(cid:886)(cid:885)(cid:3),(cid:3)(cid:3)(cid:3)(cid:3)(cid:882)(cid:481)(cid:888)(cid:884)(cid:3),(cid:3)(cid:3)(cid:3)(cid:3)(cid:3)(cid:3)(cid:3)(cid:3)(cid:3)(cid:3)(cid:3)(cid:883)(cid:890)(cid:887)(cid:484)(cid:883)(cid:889)(cid:883)(cid:3),(cid:3)(cid:3)(cid:3)(cid:889)(cid:882)(cid:481)(cid:884)(cid:888)(cid:3),(cid:3)(cid:3)(cid:3)(cid:3)(cid:3)(cid:3)(cid:3)(cid:3)(cid:885)(cid:484)(cid:884)(cid:883)(cid:889)(cid:3),(cid:3)(cid:3)(cid:3)(cid:3)(cid:883)(cid:481)(cid:884)(cid:884)(cid:3),(cid:3)(cid:3)(cid:3)(cid:3)(cid:3)(cid:3)(cid:3)(cid:3)(cid:3)(cid:3)(cid:3)(cid:883)(cid:890)(cid:890)(cid:484)(cid:885)(cid:890)(cid:890)(cid:3),(cid:3)(cid:3)(cid:3)(cid:3)(cid:3)(cid:3)(cid:3)(cid:3)(cid:3)(cid:3)(cid:3)(cid:889)(cid:883)(cid:481)(cid:886)(cid:890)(cid:3),,,,,,,,,,
(cid:883)(cid:882),(cid:14)(cid:135)(cid:146)(cid:151)(cid:142)(cid:131)(cid:151)(cid:131)(cid:144)(cid:3)(cid:21)(cid:139)(cid:131)(cid:151),(cid:3)(cid:3)(cid:3)(cid:3)(cid:3)(cid:3)(cid:3)(cid:3)(cid:3)(cid:3)(cid:3)(cid:3)(cid:885)(cid:891)(cid:882)(cid:484)(cid:885)(cid:888)(cid:885)(cid:3),(cid:3)(cid:3)(cid:3)(cid:3)(cid:3)(cid:3)(cid:3)(cid:884)(cid:890)(cid:484)(cid:891)(cid:882)(cid:889)(cid:3),(cid:889)(cid:481)(cid:886)(cid:883),(cid:3)(cid:3)(cid:3)(cid:3)(cid:3)(cid:3)(cid:3)(cid:3)(cid:3)(cid:3)(cid:3)(cid:3)(cid:891)(cid:882)(cid:484)(cid:886)(cid:882)(cid:891)(cid:3),(cid:3)(cid:3)(cid:884)(cid:885)(cid:481)(cid:883)(cid:888)(cid:3),(cid:3)(cid:3)(cid:3)(cid:3)(cid:3)(cid:3)(cid:3)(cid:3)(cid:3)(cid:3)(cid:886)(cid:882)(cid:484)(cid:889)(cid:883)(cid:882)(cid:3),(cid:3)(cid:3)(cid:883)(cid:882)(cid:481)(cid:886)(cid:885)(cid:3),(cid:3)(cid:3)(cid:3)(cid:3)(cid:3)(cid:3)(cid:3)(cid:3)(cid:3)(cid:3)(cid:3)(cid:3)(cid:3)(cid:884)(cid:883)(cid:484)(cid:885)(cid:882)(cid:890)(cid:3),(cid:3)(cid:3)(cid:3)(cid:3)(cid:887)(cid:481)(cid:886)(cid:888)(cid:3),(cid:3)(cid:3)(cid:3)(cid:3)(cid:3)(cid:3)(cid:3)(cid:3)(cid:3)(cid:3)(cid:884)(cid:884)(cid:887)(cid:3),(cid:3)(cid:3)(cid:3)(cid:3)(cid:882)(cid:481)(cid:882)(cid:888)(cid:3),(cid:3)(cid:3)(cid:3)(cid:3)(cid:3)(cid:3)(cid:3)(cid:3)(cid:3)(cid:3)(cid:883)(cid:888)(cid:484)(cid:889)(cid:884)(cid:891)(cid:3),(cid:3)(cid:3)(cid:3)(cid:3)(cid:886)(cid:481)(cid:884)(cid:891)(cid:3),(cid:3)(cid:3)(cid:3)(cid:3)(cid:3)(cid:3)(cid:3)(cid:3)(cid:3)(cid:3)(cid:3)(cid:3)(cid:883)(cid:889)(cid:484)(cid:885)(cid:886)(cid:882)(cid:3),(cid:3)(cid:3)(cid:3)(cid:3)(cid:886)(cid:481)(cid:886)(cid:886)(cid:3),(cid:3)(cid:3)(cid:3)(cid:3)(cid:3)(cid:3)(cid:3)(cid:3)(cid:885)(cid:484)(cid:886)(cid:887)(cid:890)(cid:3),(cid:3)(cid:3)(cid:3)(cid:3)(cid:882)(cid:481)(cid:890)(cid:891)(cid:3),(cid:3)(cid:3)(cid:3)(cid:3)(cid:3)(cid:3)(cid:3)(cid:3)(cid:3)(cid:3)(cid:3)(cid:884)(cid:883)(cid:891)(cid:484)(cid:882)(cid:890)(cid:888)(cid:3),(cid:3)(cid:3)(cid:3)(cid:887)(cid:888)(cid:481)(cid:883)(cid:884)(cid:3),(cid:3)(cid:3)(cid:3)(cid:3)(cid:3)(cid:3)(cid:3)(cid:3)(cid:890)(cid:484)(cid:886)(cid:890)(cid:890)(cid:3),(cid:3)(cid:3)(cid:3)(cid:3)(cid:884)(cid:481)(cid:883)(cid:889)(cid:3),(cid:3)(cid:3)(cid:3)(cid:3)(cid:3)(cid:3)(cid:3)(cid:3)(cid:3)(cid:3)(cid:3)(cid:884)(cid:884)(cid:889)(cid:484)(cid:887)(cid:889)(cid:886)(cid:3),(cid:3)(cid:3)(cid:3)(cid:3)(cid:3)(cid:3)(cid:3)(cid:3)(cid:3)(cid:3)(cid:3)(cid:887)(cid:890)(cid:481)(cid:885)(cid:882)(cid:3),,,,,,,,,,
(cid:883)(cid:883),(cid:7)(cid:14)(cid:12)(cid:3)(cid:13)(cid:131)(cid:141)(cid:131)(cid:148)(cid:150)(cid:131),(cid:3)(cid:3)(cid:3)(cid:3)(cid:3)(cid:3)(cid:3)(cid:3)(cid:3)(cid:883)(cid:484)(cid:887)(cid:884)(cid:884)(cid:484)(cid:889)(cid:883)(cid:887)(cid:3),(cid:3)(cid:3)(cid:3)(cid:3)(cid:3)(cid:3)(cid:3)(cid:883)(cid:890)(cid:484)(cid:889)(cid:884)(cid:889)(cid:3),(cid:883)(cid:481)(cid:884)(cid:885),(cid:3)(cid:3)(cid:3)(cid:3)(cid:3)(cid:3)(cid:3)(cid:3)(cid:3)(cid:3)(cid:885)(cid:883)(cid:890)(cid:484)(cid:883)(cid:885)(cid:886)(cid:3),(cid:3)(cid:3)(cid:884)(cid:882)(cid:481)(cid:890)(cid:891)(cid:3),(cid:3)(cid:3)(cid:3)(cid:3)(cid:3)(cid:3)(cid:3)(cid:3)(cid:3)(cid:3)(cid:889)(cid:884)(cid:484)(cid:889)(cid:890)(cid:887)(cid:3),(cid:3)(cid:3)(cid:3)(cid:3)(cid:886)(cid:481)(cid:889)(cid:890)(cid:3),(cid:3)(cid:3)(cid:3)(cid:3)(cid:3)(cid:3)(cid:3)(cid:3)(cid:3)(cid:3)(cid:3)(cid:883)(cid:885)(cid:889)(cid:484)(cid:890)(cid:885)(cid:888)(cid:3),(cid:3)(cid:3)(cid:3)(cid:3)(cid:891)(cid:481)(cid:882)(cid:887)(cid:3),(cid:3)(cid:3)(cid:3)(cid:3)(cid:3)(cid:3)(cid:3)(cid:883)(cid:484)(cid:884)(cid:891)(cid:890)(cid:3),(cid:3)(cid:3)(cid:3)(cid:3)(cid:882)(cid:481)(cid:882)(cid:891)(cid:3),(cid:3)(cid:3)(cid:3)(cid:3)(cid:3)(cid:3)(cid:3)(cid:3)(cid:3)(cid:3)(cid:886)(cid:883)(cid:484)(cid:889)(cid:887)(cid:890)(cid:3),(cid:3)(cid:3)(cid:3)(cid:3)(cid:884)(cid:481)(cid:889)(cid:886)(cid:3),(cid:3)(cid:3)(cid:3)(cid:3)(cid:3)(cid:3)(cid:3)(cid:3)(cid:3)(cid:3)(cid:3)(cid:3)(cid:885)(cid:887)(cid:484)(cid:888)(cid:885)(cid:891)(cid:3),(cid:3)(cid:3)(cid:3)(cid:3)(cid:884)(cid:481)(cid:885)(cid:886)(cid:3),(cid:3)(cid:3)(cid:3)(cid:3)(cid:3)(cid:3)(cid:3)(cid:3)(cid:884)(cid:484)(cid:888)(cid:890)(cid:889)(cid:3),(cid:3)(cid:3)(cid:3)(cid:3)(cid:882)(cid:481)(cid:883)(cid:890)(cid:3),(cid:3)(cid:3)(cid:3)(cid:3)(cid:3)(cid:3)(cid:3)(cid:3)(cid:3)(cid:3)(cid:3)(cid:888)(cid:884)(cid:890)(cid:484)(cid:890)(cid:888)(cid:886)(cid:3),(cid:3)(cid:3)(cid:3)(cid:886)(cid:883)(cid:481)(cid:885)(cid:882)(cid:3),(cid:3)(cid:3)(cid:3)(cid:3)(cid:3)(cid:3)(cid:883)(cid:887)(cid:484)(cid:883)(cid:886)(cid:883)(cid:3),(cid:3)(cid:3)(cid:3)(cid:3)(cid:882)(cid:481)(cid:891)(cid:891)(cid:3),(cid:3)(cid:3)(cid:3)(cid:3)(cid:3)(cid:3)(cid:3)(cid:3)(cid:3)(cid:3)(cid:3)(cid:888)(cid:886)(cid:886)(cid:484)(cid:882)(cid:882)(cid:887)(cid:3),(cid:3)(cid:3)(cid:3)(cid:3)(cid:3)(cid:3)(cid:3)(cid:3)(cid:3)(cid:3)(cid:3)(cid:886)(cid:884)(cid:481)(cid:884)(cid:891)(cid:3),,,,,,,,,,
(cid:883)(cid:884),(cid:13)(cid:131)(cid:153)(cid:131)(cid:3)(cid:5)(cid:131)(cid:148)(cid:131)(cid:150),(cid:3)(cid:3)(cid:3)(cid:3)(cid:3)(cid:3)(cid:3)(cid:3)(cid:3)(cid:890)(cid:484)(cid:887)(cid:890)(cid:882)(cid:484)(cid:887)(cid:884)(cid:888)(cid:3),(cid:3)(cid:3)(cid:3)(cid:3)(cid:3)(cid:883)(cid:883)(cid:891)(cid:484)(cid:884)(cid:887)(cid:884)(cid:3),(cid:883)(cid:481)(cid:885)(cid:891),(cid:3)(cid:3)(cid:3)(cid:3)(cid:3)(cid:3)(cid:885)(cid:484)(cid:885)(cid:883)(cid:888)(cid:484)(cid:883)(cid:891)(cid:891)(cid:3),(cid:3)(cid:3)(cid:885)(cid:890)(cid:481)(cid:888)(cid:887)(cid:3),(cid:3)(cid:3)(cid:3)(cid:3)(cid:3)(cid:3)(cid:3)(cid:889)(cid:887)(cid:891)(cid:484)(cid:886)(cid:888)(cid:888)(cid:3),(cid:3)(cid:3)(cid:3)(cid:3)(cid:890)(cid:481)(cid:890)(cid:887)(cid:3),(cid:3)(cid:3)(cid:3)(cid:3)(cid:3)(cid:3)(cid:3)(cid:3)(cid:3)(cid:3)(cid:3)(cid:889)(cid:886)(cid:884)(cid:484)(cid:889)(cid:891)(cid:885)(cid:3),(cid:3)(cid:3)(cid:3)(cid:3)(cid:890)(cid:481)(cid:888)(cid:888)(cid:3),(cid:3)(cid:3)(cid:3)(cid:3)(cid:3)(cid:3)(cid:3)(cid:888)(cid:484)(cid:889)(cid:883)(cid:891)(cid:3),(cid:3)(cid:3)(cid:3)(cid:3)(cid:882)(cid:481)(cid:882)(cid:890)(cid:3),(cid:3)(cid:3)(cid:3)(cid:3)(cid:3)(cid:3)(cid:3)(cid:884)(cid:882)(cid:891)(cid:484)(cid:888)(cid:885)(cid:886)(cid:3),(cid:3)(cid:3)(cid:3)(cid:3)(cid:884)(cid:481)(cid:886)(cid:886)(cid:3),(cid:3)(cid:3)(cid:3)(cid:3)(cid:3)(cid:3)(cid:3)(cid:3)(cid:3)(cid:3)(cid:884)(cid:891)(cid:891)(cid:484)(cid:889)(cid:885)(cid:885)(cid:3),(cid:3)(cid:3)(cid:3)(cid:3)(cid:885)(cid:481)(cid:886)(cid:891)(cid:3),(cid:3)(cid:3)(cid:3)(cid:3)(cid:3)(cid:3)(cid:888)(cid:887)(cid:484)(cid:885)(cid:885)(cid:891)(cid:3),(cid:3)(cid:3)(cid:3)(cid:3)(cid:882)(cid:481)(cid:889)(cid:888)(cid:3),(cid:3)(cid:3)(cid:3)(cid:3)(cid:3)(cid:3)(cid:3)(cid:887)(cid:484)(cid:887)(cid:883)(cid:891)(cid:484)(cid:883)(cid:885)(cid:887)(cid:3),(cid:3)(cid:3)(cid:3)(cid:888)(cid:886)(cid:481)(cid:885)(cid:884)(cid:3),(cid:3)(cid:3)(cid:3)(cid:3)(cid:3)(cid:3)(cid:886)(cid:891)(cid:484)(cid:889)(cid:882)(cid:890)(cid:3),(cid:3)(cid:3)(cid:3)(cid:3)(cid:882)(cid:481)(cid:887)(cid:890)(cid:3),(cid:3)(cid:3)(cid:3)(cid:3)(cid:3)(cid:3)(cid:3)(cid:3)(cid:887)(cid:484)(cid:887)(cid:888)(cid:890)(cid:484)(cid:890)(cid:886)(cid:885)(cid:3),(cid:3)(cid:3)(cid:3)(cid:3)(cid:3)(cid:3)(cid:3)(cid:3)(cid:3)(cid:3)(cid:3)(cid:888)(cid:886)(cid:481)(cid:891)(cid:882)(cid:3),,,,,,,,,,
(cid:883)(cid:885),(cid:13)(cid:131)(cid:153)(cid:131)(cid:3)(cid:23)(cid:135)(cid:144)(cid:137)(cid:131)(cid:138),(cid:3)(cid:3)(cid:3)(cid:3)(cid:3)(cid:3)(cid:3)(cid:3)(cid:3)(cid:888)(cid:484)(cid:884)(cid:889)(cid:885)(cid:484)(cid:891)(cid:890)(cid:882)(cid:3),(cid:3)(cid:3)(cid:3)(cid:3)(cid:3)(cid:884)(cid:884)(cid:885)(cid:484)(cid:884)(cid:887)(cid:885)(cid:3),(cid:885)(cid:481)(cid:887)(cid:888),(cid:3)(cid:3)(cid:3)(cid:3)(cid:3)(cid:3)(cid:884)(cid:484)(cid:885)(cid:885)(cid:886)(cid:484)(cid:883)(cid:888)(cid:884)(cid:3),(cid:3)(cid:3)(cid:885)(cid:889)(cid:481)(cid:884)(cid:882)(cid:3),(cid:3)(cid:3)(cid:3)(cid:3)(cid:3)(cid:3)(cid:3)(cid:884)(cid:891)(cid:883)(cid:484)(cid:884)(cid:890)(cid:891)(cid:3),(cid:3)(cid:3)(cid:3)(cid:3)(cid:886)(cid:481)(cid:888)(cid:886)(cid:3),(cid:3)(cid:3)(cid:3)(cid:3)(cid:3)(cid:3)(cid:3)(cid:3)(cid:3)(cid:3)(cid:3)(cid:886)(cid:889)(cid:886)(cid:484)(cid:888)(cid:888)(cid:885)(cid:3),(cid:3)(cid:3)(cid:3)(cid:3)(cid:889)(cid:481)(cid:887)(cid:889)(cid:3),(cid:3)(cid:3)(cid:3)(cid:3)(cid:3)(cid:3)(cid:3)(cid:889)(cid:484)(cid:886)(cid:890)(cid:882)(cid:3),(cid:3)(cid:3)(cid:3)(cid:3)(cid:882)(cid:481)(cid:883)(cid:884)(cid:3),(cid:3)(cid:3)(cid:3)(cid:3)(cid:3)(cid:3)(cid:3)(cid:884)(cid:883)(cid:885)(cid:484)(cid:883)(cid:889)(cid:886)(cid:3),(cid:3)(cid:3)(cid:3)(cid:3)(cid:885)(cid:481)(cid:886)(cid:882)(cid:3),(cid:3)(cid:3)(cid:3)(cid:3)(cid:3)(cid:3)(cid:3)(cid:3)(cid:3)(cid:3)(cid:887)(cid:882)(cid:886)(cid:484)(cid:886)(cid:889)(cid:887)(cid:3),(cid:3)(cid:3)(cid:3)(cid:3)(cid:890)(cid:481)(cid:882)(cid:886)(cid:3),(cid:3)(cid:3)(cid:3)(cid:3)(cid:3)(cid:3)(cid:888)(cid:884)(cid:484)(cid:883)(cid:882)(cid:891)(cid:3),(cid:3)(cid:3)(cid:3)(cid:3)(cid:882)(cid:481)(cid:891)(cid:891)(cid:3),(cid:3)(cid:3)(cid:3)(cid:3)(cid:3)(cid:3)(cid:3)(cid:886)(cid:484)(cid:883)(cid:883)(cid:882)(cid:484)(cid:888)(cid:882)(cid:887)(cid:3),(cid:3)(cid:3)(cid:3)(cid:888)(cid:887)(cid:481)(cid:887)(cid:884)(cid:3),(cid:3)(cid:3)(cid:3)(cid:3)(cid:3)(cid:3)(cid:886)(cid:889)(cid:484)(cid:882)(cid:891)(cid:890)(cid:3),(cid:3)(cid:3)(cid:3)(cid:3)(cid:882)(cid:481)(cid:889)(cid:887)(cid:3),(cid:3)(cid:3)(cid:3)(cid:3)(cid:3)(cid:3)(cid:3)(cid:3)(cid:886)(cid:484)(cid:883)(cid:887)(cid:889)(cid:484)(cid:889)(cid:882)(cid:885)(cid:3),(cid:3)(cid:3)(cid:3)(cid:3)(cid:3)(cid:3)(cid:3)(cid:3)(cid:3)(cid:3)(cid:3)(cid:888)(cid:888)(cid:481)(cid:884)(cid:889)(cid:3),,,,,,,,,,
(cid:883)(cid:886),(cid:7)(cid:12)(cid:3)(cid:28)(cid:145)(cid:137)(cid:155)(cid:131)(cid:141)(cid:131)(cid:148)(cid:150)(cid:131),(cid:3)(cid:3)(cid:3)(cid:3)(cid:3)(cid:3)(cid:3)(cid:3)(cid:3)(cid:3)(cid:3)(cid:3)(cid:887)(cid:888)(cid:891)(cid:484)(cid:882)(cid:888)(cid:890)(cid:3),(cid:3)(cid:3)(cid:3)(cid:3)(cid:3)(cid:3)(cid:3)(cid:888)(cid:884)(cid:484)(cid:883)(cid:884)(cid:887)(cid:3),(cid:883)(cid:882)(cid:481)(cid:891)(cid:884),(cid:3)(cid:3)(cid:3)(cid:3)(cid:3)(cid:3)(cid:3)(cid:3)(cid:3)(cid:3)(cid:883)(cid:883)(cid:890)(cid:484)(cid:888)(cid:884)(cid:885)(cid:3),(cid:3)(cid:3)(cid:884)(cid:882)(cid:481)(cid:890)(cid:887)(cid:3),(cid:3)(cid:3)(cid:3)(cid:3)(cid:3)(cid:3)(cid:3)(cid:3)(cid:3)(cid:3)(cid:884)(cid:883)(cid:484)(cid:887)(cid:886)(cid:887)(cid:3),(cid:3)(cid:3)(cid:3)(cid:3)(cid:885)(cid:481)(cid:889)(cid:891)(cid:3),(cid:3)(cid:3)(cid:3)(cid:3)(cid:3)(cid:3)(cid:3)(cid:3)(cid:3)(cid:3)(cid:3)(cid:883)(cid:882)(cid:885)(cid:484)(cid:890)(cid:886)(cid:883)(cid:3),(cid:3)(cid:3)(cid:883)(cid:890)(cid:481)(cid:884)(cid:887)(cid:3),(cid:3)(cid:3)(cid:3)(cid:3)(cid:3)(cid:3)(cid:3)(cid:883)(cid:484)(cid:884)(cid:891)(cid:882)(cid:3),(cid:3)(cid:3)(cid:3)(cid:3)(cid:882)(cid:481)(cid:884)(cid:885)(cid:3),(cid:3)(cid:3)(cid:3)(cid:3)(cid:3)(cid:3)(cid:3)(cid:3)(cid:3)(cid:3)(cid:883)(cid:890)(cid:484)(cid:883)(cid:882)(cid:891)(cid:3),(cid:3)(cid:3)(cid:3)(cid:3)(cid:885)(cid:481)(cid:883)(cid:890)(cid:3),(cid:3)(cid:3)(cid:3)(cid:3)(cid:3)(cid:3)(cid:3)(cid:3)(cid:3)(cid:3)(cid:3)(cid:3)(cid:884)(cid:888)(cid:484)(cid:889)(cid:883)(cid:886)(cid:3),(cid:3)(cid:3)(cid:3)(cid:3)(cid:886)(cid:481)(cid:888)(cid:891)(cid:3),(cid:3)(cid:3)(cid:3)(cid:3)(cid:3)(cid:3)(cid:3)(cid:3)(cid:888)(cid:484)(cid:888)(cid:885)(cid:883)(cid:3),(cid:3)(cid:3)(cid:3)(cid:3)(cid:883)(cid:481)(cid:883)(cid:889)(cid:3),(cid:3)(cid:3)(cid:3)(cid:3)(cid:3)(cid:3)(cid:3)(cid:3)(cid:3)(cid:3)(cid:3)(cid:885)(cid:887)(cid:890)(cid:484)(cid:890)(cid:889)(cid:890)(cid:3),(cid:3)(cid:3)(cid:3)(cid:888)(cid:885)(cid:481)(cid:882)(cid:888)(cid:3),(cid:3)(cid:3)(cid:3)(cid:3)(cid:3)(cid:3)(cid:3)(cid:3)(cid:887)(cid:484)(cid:890)(cid:889)(cid:885)(cid:3),(cid:3)(cid:3)(cid:3)(cid:3)(cid:883)(cid:481)(cid:882)(cid:885)(cid:3),(cid:3)(cid:3)(cid:3)(cid:3)(cid:3)(cid:3)(cid:3)(cid:3)(cid:3)(cid:3)(cid:3)(cid:885)(cid:888)(cid:886)(cid:484)(cid:889)(cid:887)(cid:883)(cid:3),(cid:3)(cid:3)(cid:3)(cid:3)(cid:3)(cid:3)(cid:3)(cid:3)(cid:3)(cid:3)(cid:3)(cid:888)(cid:886)(cid:481)(cid:883)(cid:882)(cid:3),,,,,,,,,,
(cid:883)(cid:887),(cid:13)(cid:131)(cid:153)(cid:131)(cid:3)(cid:23)(cid:139)(cid:143)(cid:151)(cid:148),(cid:3)(cid:3)(cid:3)(cid:3)(cid:3)(cid:3)(cid:3)(cid:3)(cid:3)(cid:888)(cid:484)(cid:891)(cid:885)(cid:887)(cid:484)(cid:884)(cid:888)(cid:887)(cid:3),(cid:3)(cid:3)(cid:3)(cid:3)(cid:3)(cid:883)(cid:883)(cid:888)(cid:484)(cid:888)(cid:884)(cid:888)(cid:3),(cid:883)(cid:481)(cid:888)(cid:890),(cid:3)(cid:3)(cid:3)(cid:3)(cid:3)(cid:3)(cid:884)(cid:484)(cid:891)(cid:883)(cid:887)(cid:484)(cid:884)(cid:889)(cid:885)(cid:3),(cid:3)(cid:3)(cid:886)(cid:884)(cid:481)(cid:882)(cid:886)(cid:3),(cid:3)(cid:3)(cid:3)(cid:3)(cid:3)(cid:3)(cid:3)(cid:887)(cid:888)(cid:887)(cid:484)(cid:882)(cid:891)(cid:884)(cid:3),(cid:3)(cid:3)(cid:3)(cid:3)(cid:890)(cid:481)(cid:883)(cid:887)(cid:3),(cid:3)(cid:3)(cid:3)(cid:3)(cid:3)(cid:3)(cid:3)(cid:3)(cid:3)(cid:3)(cid:3)(cid:886)(cid:889)(cid:890)(cid:484)(cid:885)(cid:886)(cid:889)(cid:3),(cid:3)(cid:3)(cid:3)(cid:3)(cid:888)(cid:481)(cid:891)(cid:882)(cid:3),(cid:3)(cid:3)(cid:3)(cid:3)(cid:3)(cid:3)(cid:3)(cid:889)(cid:484)(cid:889)(cid:886)(cid:884)(cid:3),(cid:3)(cid:3)(cid:3)(cid:3)(cid:882)(cid:481)(cid:883)(cid:883)(cid:3),(cid:3)(cid:3)(cid:3)(cid:3)(cid:3)(cid:3)(cid:3)(cid:884)(cid:884)(cid:889)(cid:484)(cid:889)(cid:887)(cid:884)(cid:3),(cid:3)(cid:3)(cid:3)(cid:3)(cid:885)(cid:481)(cid:884)(cid:890)(cid:3),(cid:3)(cid:3)(cid:3)(cid:3)(cid:3)(cid:3)(cid:3)(cid:3)(cid:3)(cid:3)(cid:885)(cid:889)(cid:882)(cid:484)(cid:890)(cid:885)(cid:887)(cid:3),(cid:3)(cid:3)(cid:3)(cid:3)(cid:887)(cid:481)(cid:885)(cid:887)(cid:3),(cid:3)(cid:3)(cid:3)(cid:3)(cid:3)(cid:3)(cid:887)(cid:889)(cid:484)(cid:886)(cid:885)(cid:888)(cid:3),(cid:3)(cid:3)(cid:3)(cid:3)(cid:882)(cid:481)(cid:890)(cid:885)(cid:3),(cid:3)(cid:3)(cid:3)(cid:3)(cid:3)(cid:3)(cid:3)(cid:886)(cid:484)(cid:889)(cid:885)(cid:891)(cid:484)(cid:883)(cid:882)(cid:885)(cid:3),(cid:3)(cid:3)(cid:3)(cid:888)(cid:890)(cid:481)(cid:885)(cid:885)(cid:3),(cid:3)(cid:3)(cid:3)(cid:3)(cid:3)(cid:3)(cid:885)(cid:888)(cid:484)(cid:882)(cid:889)(cid:886)(cid:3),(cid:3)(cid:3)(cid:3)(cid:3)(cid:882)(cid:481)(cid:887)(cid:884)(cid:3),(cid:3)(cid:3)(cid:3)(cid:3)(cid:3)(cid:3)(cid:3)(cid:3)(cid:886)(cid:484)(cid:889)(cid:889)(cid:887)(cid:484)(cid:883)(cid:889)(cid:889)(cid:3),(cid:3)(cid:3)(cid:3)(cid:3)(cid:3)(cid:3)(cid:3)(cid:3)(cid:3)(cid:3)(cid:3)(cid:888)(cid:890)(cid:481)(cid:890)(cid:887)(cid:3),,,,,,,,,,
(cid:883)(cid:888),(cid:5)(cid:131)(cid:144)(cid:150)(cid:135)(cid:144),(cid:3)(cid:3)(cid:3)(cid:3)(cid:3)(cid:3)(cid:3)(cid:3)(cid:3)(cid:884)(cid:484)(cid:883)(cid:888)(cid:887)(cid:484)(cid:889)(cid:891)(cid:886)(cid:3),(cid:3)(cid:3)(cid:3)(cid:3)(cid:3)(cid:3)(cid:3)(cid:884)(cid:886)(cid:484)(cid:889)(cid:884)(cid:887)(cid:3),(cid:883)(cid:481)(cid:883)(cid:886),(cid:3)(cid:3)(cid:3)(cid:3)(cid:3)(cid:3)(cid:3)(cid:3)(cid:3)(cid:3)(cid:891)(cid:890)(cid:891)(cid:484)(cid:891)(cid:891)(cid:890)(cid:3),(cid:3)(cid:3)(cid:886)(cid:887)(cid:481)(cid:889)(cid:883)(cid:3),(cid:3)(cid:3)(cid:3)(cid:3)(cid:3)(cid:3)(cid:3)(cid:883)(cid:883)(cid:888)(cid:484)(cid:889)(cid:882)(cid:885)(cid:3),(cid:3)(cid:3)(cid:3)(cid:3)(cid:887)(cid:481)(cid:885)(cid:891)(cid:3),(cid:3)(cid:3)(cid:3)(cid:3)(cid:3)(cid:3)(cid:3)(cid:3)(cid:3)(cid:3)(cid:3)(cid:883)(cid:882)(cid:885)(cid:484)(cid:884)(cid:882)(cid:882)(cid:3),(cid:3)(cid:3)(cid:3)(cid:3)(cid:886)(cid:481)(cid:889)(cid:888)(cid:3),(cid:3)(cid:3)(cid:3)(cid:3)(cid:3)(cid:3)(cid:3)(cid:883)(cid:484)(cid:884)(cid:886)(cid:882)(cid:3),(cid:3)(cid:3)(cid:3)(cid:3)(cid:882)(cid:481)(cid:882)(cid:888)(cid:3),(cid:3)(cid:3)(cid:3)(cid:3)(cid:3)(cid:3)(cid:3)(cid:3)(cid:3)(cid:3)(cid:885)(cid:888)(cid:484)(cid:883)(cid:884)(cid:887)(cid:3),(cid:3)(cid:3)(cid:3)(cid:3)(cid:883)(cid:481)(cid:888)(cid:889)(cid:3),(cid:3)(cid:3)(cid:3)(cid:3)(cid:3)(cid:3)(cid:3)(cid:3)(cid:3)(cid:3)(cid:3)(cid:3)(cid:891)(cid:884)(cid:484)(cid:882)(cid:886)(cid:891)(cid:3),(cid:3)(cid:3)(cid:3)(cid:3)(cid:886)(cid:481)(cid:884)(cid:887)(cid:3),(cid:3)(cid:3)(cid:3)(cid:3)(cid:3)(cid:3)(cid:883)(cid:886)(cid:484)(cid:882)(cid:888)(cid:889)(cid:3),(cid:3)(cid:3)(cid:3)(cid:3)(cid:882)(cid:481)(cid:888)(cid:887)(cid:3),(cid:3)(cid:3)(cid:3)(cid:3)(cid:3)(cid:3)(cid:3)(cid:883)(cid:484)(cid:885)(cid:889)(cid:890)(cid:484)(cid:883)(cid:882)(cid:889)(cid:3),(cid:3)(cid:3)(cid:3)(cid:888)(cid:885)(cid:481)(cid:888)(cid:885)(cid:3),(cid:3)(cid:3)(cid:3)(cid:3)(cid:3)(cid:3)(cid:883)(cid:882)(cid:484)(cid:891)(cid:891)(cid:885)(cid:3),(cid:3)(cid:3)(cid:3)(cid:3)(cid:882)(cid:481)(cid:887)(cid:883)(cid:3),(cid:3)(cid:3)(cid:3)(cid:3)(cid:3)(cid:3)(cid:3)(cid:3)(cid:883)(cid:484)(cid:885)(cid:890)(cid:891)(cid:484)(cid:883)(cid:882)(cid:882)(cid:3),(cid:3)(cid:3)(cid:3)(cid:3)(cid:3)(cid:3)(cid:3)(cid:3)(cid:3)(cid:3)(cid:3)(cid:888)(cid:886)(cid:481)(cid:883)(cid:886)(cid:3),,,,,,,,,,
(cid:883)(cid:889),(cid:5)(cid:131)(cid:142)(cid:139),(cid:3)(cid:3)(cid:3)(cid:3)(cid:3)(cid:3)(cid:3)(cid:3)(cid:3)(cid:3)(cid:3)(cid:3)(cid:888)(cid:889)(cid:891)(cid:484)(cid:882)(cid:886)(cid:885)(cid:3),(cid:3)(cid:3)(cid:3)(cid:3)(cid:3)(cid:3)(cid:3)(cid:884)(cid:888)(cid:484)(cid:884)(cid:886)(cid:887)(cid:3),(cid:885)(cid:481)(cid:890)(cid:888),(cid:3)(cid:3)(cid:3)(cid:3)(cid:3)(cid:3)(cid:3)(cid:3)(cid:3)(cid:3)(cid:883)(cid:886)(cid:891)(cid:484)(cid:888)(cid:883)(cid:887)(cid:3),(cid:3)(cid:3)(cid:884)(cid:884)(cid:481)(cid:882)(cid:885)(cid:3),(cid:3)(cid:3)(cid:3)(cid:3)(cid:3)(cid:3)(cid:3)(cid:3)(cid:3)(cid:3)(cid:884)(cid:888)(cid:484)(cid:884)(cid:887)(cid:890)(cid:3),(cid:3)(cid:3)(cid:3)(cid:3)(cid:885)(cid:481)(cid:890)(cid:889)(cid:3),(cid:3)(cid:3)(cid:3)(cid:3)(cid:3)(cid:3)(cid:3)(cid:3)(cid:3)(cid:3)(cid:3)(cid:883)(cid:886)(cid:890)(cid:484)(cid:884)(cid:883)(cid:883)(cid:3),(cid:3)(cid:3)(cid:884)(cid:883)(cid:481)(cid:890)(cid:885)(cid:3),(cid:3)(cid:3)(cid:3)(cid:3)(cid:3)(cid:3)(cid:3)(cid:3)(cid:3)(cid:3)(cid:890)(cid:883)(cid:888)(cid:3),(cid:3)(cid:3)(cid:3)(cid:3)(cid:882)(cid:481)(cid:883)(cid:884)(cid:3),(cid:3)(cid:3)(cid:3)(cid:3)(cid:3)(cid:3)(cid:3)(cid:3)(cid:3)(cid:3)(cid:885)(cid:884)(cid:484)(cid:889)(cid:888)(cid:889)(cid:3),(cid:3)(cid:3)(cid:3)(cid:3)(cid:886)(cid:481)(cid:890)(cid:885)(cid:3),(cid:3)(cid:3)(cid:3)(cid:3)(cid:3)(cid:3)(cid:3)(cid:3)(cid:3)(cid:3)(cid:3)(cid:3)(cid:884)(cid:882)(cid:484)(cid:891)(cid:890)(cid:889)(cid:3),(cid:3)(cid:3)(cid:3)(cid:3)(cid:885)(cid:481)(cid:882)(cid:891)(cid:3),(cid:3)(cid:3)(cid:3)(cid:3)(cid:3)(cid:3)(cid:3)(cid:3)(cid:888)(cid:484)(cid:884)(cid:890)(cid:888)(cid:3),(cid:3)(cid:3)(cid:3)(cid:3)(cid:882)(cid:481)(cid:891)(cid:885)(cid:3),(cid:3)(cid:3)(cid:3)(cid:3)(cid:3)(cid:3)(cid:3)(cid:3)(cid:3)(cid:3)(cid:3)(cid:886)(cid:883)(cid:883)(cid:484)(cid:883)(cid:890)(cid:887)(cid:3),(cid:3)(cid:3)(cid:3)(cid:888)(cid:882)(cid:481)(cid:887)(cid:887)(cid:3),(cid:3)(cid:3)(cid:3)(cid:3)(cid:3)(cid:3)(cid:3)(cid:3)(cid:889)(cid:484)(cid:883)(cid:886)(cid:888)(cid:3),(cid:3)(cid:3)(cid:3)(cid:3)(cid:883)(cid:481)(cid:882)(cid:887)(cid:3),(cid:3)(cid:3)(cid:3)(cid:3)(cid:3)(cid:3)(cid:3)(cid:3)(cid:3)(cid:3)(cid:3)(cid:886)(cid:883)(cid:890)(cid:484)(cid:885)(cid:885)(cid:883)(cid:3),(cid:3)(cid:3)(cid:3)(cid:3)(cid:3)(cid:3)(cid:3)(cid:3)(cid:3)(cid:3)(cid:3)(cid:888)(cid:883)(cid:481)(cid:888)(cid:883)(cid:3),,,,,,,,,,
(cid:883)(cid:890),(cid:17)(cid:151)(cid:149)(cid:131)(cid:3)(cid:23)(cid:135)(cid:144)(cid:137)(cid:137)(cid:131)(cid:148)(cid:131)(cid:3)(cid:5)(cid:131)(cid:148)(cid:131)(cid:150),(cid:3)(cid:3)(cid:3)(cid:3)(cid:3)(cid:3)(cid:3)(cid:3)(cid:3)(cid:3)(cid:3)(cid:3)(cid:891)(cid:891)(cid:888)(cid:484)(cid:885)(cid:891)(cid:882)(cid:3),(cid:3)(cid:3)(cid:3)(cid:3)(cid:3)(cid:3)(cid:3)(cid:3)(cid:3)(cid:3)(cid:887)(cid:484)(cid:886)(cid:885)(cid:888)(cid:3),(cid:882)(cid:481)(cid:887)(cid:887),(cid:3)(cid:3)(cid:3)(cid:3)(cid:3)(cid:3)(cid:3)(cid:3)(cid:3)(cid:3)(cid:885)(cid:889)(cid:886)(cid:484)(cid:889)(cid:886)(cid:886)(cid:3),(cid:3)(cid:3)(cid:885)(cid:889)(cid:481)(cid:888)(cid:883)(cid:3),(cid:3)(cid:3)(cid:3)(cid:3)(cid:3)(cid:3)(cid:3)(cid:3)(cid:3)(cid:3)(cid:884)(cid:883)(cid:484)(cid:883)(cid:884)(cid:887)(cid:3),(cid:3)(cid:3)(cid:3)(cid:3)(cid:884)(cid:481)(cid:883)(cid:884)(cid:3),(cid:3)(cid:3)(cid:3)(cid:3)(cid:3)(cid:3)(cid:3)(cid:3)(cid:3)(cid:3)(cid:3)(cid:3)(cid:3)(cid:887)(cid:882)(cid:484)(cid:885)(cid:889)(cid:887)(cid:3),(cid:3)(cid:3)(cid:3)(cid:3)(cid:887)(cid:481)(cid:882)(cid:888)(cid:3),(cid:3)(cid:3)(cid:3)(cid:3)(cid:3)(cid:3)(cid:3)(cid:3)(cid:3)(cid:3)(cid:887)(cid:883)(cid:883)(cid:3),(cid:3)(cid:3)(cid:3)(cid:3)(cid:882)(cid:481)(cid:882)(cid:887)(cid:3),(cid:3)(cid:3)(cid:3)(cid:3)(cid:3)(cid:3)(cid:3)(cid:3)(cid:3)(cid:3)(cid:883)(cid:885)(cid:484)(cid:882)(cid:891)(cid:889)(cid:3),(cid:3)(cid:3)(cid:3)(cid:3)(cid:883)(cid:481)(cid:885)(cid:883)(cid:3),(cid:3)(cid:3)(cid:3)(cid:3)(cid:3)(cid:3)(cid:3)(cid:3)(cid:3)(cid:3)(cid:883)(cid:884)(cid:885)(cid:484)(cid:884)(cid:888)(cid:886)(cid:3),(cid:3)(cid:3)(cid:883)(cid:884)(cid:481)(cid:885)(cid:889)(cid:3),(cid:3)(cid:3)(cid:3)(cid:3)(cid:3)(cid:3)(cid:883)(cid:883)(cid:484)(cid:882)(cid:884)(cid:884)(cid:3),(cid:3)(cid:3)(cid:3)(cid:3)(cid:883)(cid:481)(cid:883)(cid:883)(cid:3),(cid:3)(cid:3)(cid:3)(cid:3)(cid:3)(cid:3)(cid:3)(cid:3)(cid:3)(cid:3)(cid:3)(cid:887)(cid:891)(cid:891)(cid:484)(cid:887)(cid:889)(cid:886)(cid:3),(cid:3)(cid:3)(cid:3)(cid:888)(cid:882)(cid:481)(cid:883)(cid:889)(cid:3),(cid:3)(cid:3)(cid:3)(cid:3)(cid:3)(cid:3)(cid:3)(cid:3)(cid:883)(cid:484)(cid:888)(cid:887)(cid:885)(cid:3),(cid:3)(cid:3)(cid:3)(cid:3)(cid:882)(cid:481)(cid:883)(cid:889)(cid:3),(cid:3)(cid:3)(cid:3)(cid:3)(cid:3)(cid:3)(cid:3)(cid:3)(cid:3)(cid:3)(cid:3)(cid:888)(cid:882)(cid:883)(cid:484)(cid:884)(cid:884)(cid:889)(cid:3),(cid:3)(cid:3)(cid:3)(cid:3)(cid:3)(cid:3)(cid:3)(cid:3)(cid:3)(cid:3)(cid:3)(cid:888)(cid:882)(cid:481)(cid:885)(cid:886)(cid:3),,,,,,,,,,
(cid:883)(cid:891),(cid:17)(cid:151)(cid:149)(cid:131)(cid:3)(cid:23)(cid:135)(cid:144)(cid:137)(cid:137)(cid:131)(cid:148)(cid:131)(cid:3)(cid:23)(cid:139)(cid:143)(cid:151)(cid:148),(cid:3)(cid:3)(cid:3)(cid:3)(cid:3)(cid:3)(cid:3)(cid:3)(cid:3)(cid:3)(cid:3)(cid:3)(cid:889)(cid:890)(cid:890)(cid:484)(cid:885)(cid:885)(cid:889)(cid:3),(cid:3)(cid:3)(cid:3)(cid:3)(cid:3)(cid:3)(cid:3)(cid:3)(cid:3)(cid:3)(cid:883)(cid:484)(cid:888)(cid:890)(cid:891)(cid:3),(cid:882)(cid:481)(cid:884)(cid:883),(cid:3)(cid:3)(cid:3)(cid:3)(cid:3)(cid:3)(cid:3)(cid:3)(cid:3)(cid:3)(cid:883)(cid:883)(cid:889)(cid:484)(cid:889)(cid:891)(cid:886)(cid:3),(cid:3)(cid:3)(cid:883)(cid:886)(cid:481)(cid:891)(cid:886)(cid:3),(cid:3)(cid:3)(cid:3)(cid:3)(cid:3)(cid:3)(cid:3)(cid:3)(cid:3)(cid:3)(cid:883)(cid:884)(cid:484)(cid:888)(cid:888)(cid:882)(cid:3),(cid:3)(cid:3)(cid:3)(cid:3)(cid:883)(cid:481)(cid:888)(cid:883)(cid:3),(cid:3)(cid:3)(cid:3)(cid:3)(cid:3)(cid:3)(cid:3)(cid:3)(cid:3)(cid:3)(cid:3)(cid:3)(cid:3)(cid:884)(cid:890)(cid:484)(cid:891)(cid:886)(cid:891)(cid:3),(cid:3)(cid:3)(cid:3)(cid:3)(cid:885)(cid:481)(cid:888)(cid:889)(cid:3),(cid:3)(cid:3)(cid:3)(cid:3)(cid:3)(cid:3)(cid:3)(cid:883)(cid:484)(cid:882)(cid:886)(cid:886)(cid:3),(cid:3)(cid:3)(cid:3)(cid:3)(cid:882)(cid:481)(cid:883)(cid:885)(cid:3),(cid:3)(cid:3)(cid:3)(cid:3)(cid:3)(cid:3)(cid:3)(cid:3)(cid:3)(cid:3)(cid:885)(cid:891)(cid:484)(cid:882)(cid:884)(cid:891)(cid:3),(cid:3)(cid:3)(cid:3)(cid:3)(cid:886)(cid:481)(cid:891)(cid:887)(cid:3),(cid:3)(cid:3)(cid:3)(cid:3)(cid:3)(cid:3)(cid:3)(cid:3)(cid:3)(cid:3)(cid:883)(cid:884)(cid:883)(cid:484)(cid:884)(cid:890)(cid:884)(cid:3),(cid:3)(cid:3)(cid:883)(cid:887)(cid:481)(cid:885)(cid:890)(cid:3),(cid:3)(cid:3)(cid:3)(cid:3)(cid:3)(cid:3)(cid:883)(cid:884)(cid:484)(cid:883)(cid:888)(cid:891)(cid:3),(cid:3)(cid:3)(cid:3)(cid:3)(cid:883)(cid:481)(cid:887)(cid:886)(cid:3),(cid:3)(cid:3)(cid:3)(cid:3)(cid:3)(cid:3)(cid:3)(cid:3)(cid:3)(cid:3)(cid:3)(cid:885)(cid:885)(cid:886)(cid:484)(cid:888)(cid:883)(cid:888)(cid:3),(cid:3)(cid:3)(cid:3)(cid:886)(cid:884)(cid:481)(cid:886)(cid:887)(cid:3),(cid:3)(cid:3)(cid:3)(cid:3)(cid:3)(cid:3)(cid:3)(cid:3)(cid:890)(cid:484)(cid:890)(cid:882)(cid:883)(cid:3),(cid:3)(cid:3)(cid:3)(cid:3)(cid:883)(cid:481)(cid:883)(cid:884)(cid:3),(cid:3)(cid:3)(cid:3)(cid:3)(cid:3)(cid:3)(cid:3)(cid:3)(cid:3)(cid:3)(cid:3)(cid:885)(cid:886)(cid:885)(cid:484)(cid:886)(cid:883)(cid:889)(cid:3),(cid:3)(cid:3)(cid:3)(cid:3)(cid:3)(cid:3)(cid:3)(cid:3)(cid:3)(cid:3)(cid:3)(cid:886)(cid:885)(cid:481)(cid:887)(cid:888)(cid:3),,,,,,,,,,
(cid:884)(cid:882),(cid:14)(cid:131)(cid:142)(cid:139)(cid:143)(cid:131)(cid:144)(cid:150)(cid:131)(cid:144)(cid:3)(cid:5)(cid:131)(cid:148)(cid:131)(cid:150),(cid:3)(cid:3)(cid:3)(cid:3)(cid:3)(cid:3)(cid:3)(cid:3)(cid:3)(cid:3)(cid:3)(cid:3)(cid:891)(cid:884)(cid:886)(cid:484)(cid:890)(cid:885)(cid:882)(cid:3),(cid:3)(cid:3)(cid:3)(cid:3)(cid:3)(cid:3)(cid:3)(cid:3)(cid:3)(cid:3)(cid:885)(cid:484)(cid:887)(cid:889)(cid:887)(cid:3),(cid:882)(cid:481)(cid:885)(cid:891),(cid:3)(cid:3)(cid:3)(cid:3)(cid:3)(cid:3)(cid:3)(cid:3)(cid:3)(cid:3)(cid:885)(cid:888)(cid:882)(cid:484)(cid:888)(cid:885)(cid:891)(cid:3),(cid:3)(cid:3)(cid:885)(cid:891)(cid:481)(cid:882)(cid:882)(cid:3),(cid:3)(cid:3)(cid:3)(cid:3)(cid:3)(cid:3)(cid:3)(cid:883)(cid:883)(cid:887)(cid:484)(cid:883)(cid:882)(cid:888)(cid:3),(cid:3)(cid:3)(cid:883)(cid:884)(cid:481)(cid:886)(cid:887)(cid:3),(cid:3)(cid:3)(cid:3)(cid:3)(cid:3)(cid:3)(cid:3)(cid:3)(cid:3)(cid:3)(cid:3)(cid:3)(cid:3)(cid:884)(cid:890)(cid:484)(cid:890)(cid:884)(cid:883)(cid:3),(cid:3)(cid:3)(cid:3)(cid:3)(cid:885)(cid:481)(cid:883)(cid:884)(cid:3),(cid:3)(cid:3)(cid:3)(cid:3)(cid:3)(cid:3)(cid:3)(cid:3)(cid:3)(cid:3)(cid:885)(cid:886)(cid:890)(cid:3),(cid:3)(cid:3)(cid:3)(cid:3)(cid:882)(cid:481)(cid:882)(cid:886)(cid:3),(cid:3)(cid:3)(cid:3)(cid:3)(cid:3)(cid:3)(cid:3)(cid:3)(cid:3)(cid:3)(cid:883)(cid:884)(cid:484)(cid:891)(cid:883)(cid:883)(cid:3),(cid:3)(cid:3)(cid:3)(cid:3)(cid:883)(cid:481)(cid:886)(cid:882)(cid:3),(cid:3)(cid:3)(cid:3)(cid:3)(cid:3)(cid:3)(cid:3)(cid:3)(cid:3)(cid:3)(cid:3)(cid:3)(cid:885)(cid:883)(cid:484)(cid:883)(cid:887)(cid:887)(cid:3),(cid:3)(cid:3)(cid:3)(cid:3)(cid:885)(cid:481)(cid:885)(cid:889)(cid:3),(cid:3)(cid:3)(cid:3)(cid:3)(cid:3)(cid:3)(cid:3)(cid:3)(cid:888)(cid:484)(cid:883)(cid:884)(cid:884)(cid:3),(cid:3)(cid:3)(cid:3)(cid:3)(cid:882)(cid:481)(cid:888)(cid:888)(cid:3),(cid:3)(cid:3)(cid:3)(cid:3)(cid:3)(cid:3)(cid:3)(cid:3)(cid:3)(cid:3)(cid:3)(cid:887)(cid:887)(cid:890)(cid:484)(cid:888)(cid:889)(cid:889)(cid:3),(cid:3)(cid:3)(cid:3)(cid:888)(cid:882)(cid:481)(cid:886)(cid:883)(cid:3),(cid:3)(cid:3)(cid:3)(cid:3)(cid:3)(cid:3)(cid:3)(cid:3)(cid:884)(cid:484)(cid:891)(cid:884)(cid:882)(cid:3),(cid:3)(cid:3)(cid:3)(cid:3)(cid:882)(cid:481)(cid:885)(cid:884)(cid:3),(cid:3)(cid:3)(cid:3)(cid:3)(cid:3)(cid:3)(cid:3)(cid:3)(cid:3)(cid:3)(cid:3)(cid:887)(cid:888)(cid:883)(cid:484)(cid:887)(cid:891)(cid:889)(cid:3),(cid:3)(cid:3)(cid:3)(cid:3)(cid:3)(cid:3)(cid:3)(cid:3)(cid:3)(cid:3)(cid:3)(cid:888)(cid:882)(cid:481)(cid:889)(cid:884)(cid:3),,,,,,,,,,
(cid:884)(cid:883),(cid:14)(cid:131)(cid:142)(cid:139)(cid:143)(cid:131)(cid:144)(cid:150)(cid:131)(cid:144)(cid:3)(cid:23)(cid:135)(cid:144)(cid:137)(cid:131)(cid:138),(cid:3)(cid:3)(cid:3)(cid:3)(cid:3)(cid:3)(cid:3)(cid:3)(cid:3)(cid:3)(cid:3)(cid:3)(cid:887)(cid:885)(cid:884)(cid:484)(cid:885)(cid:882)(cid:890)(cid:3),(cid:3)(cid:3)(cid:3)(cid:3)(cid:3)(cid:3)(cid:3)(cid:3)(cid:3)(cid:3)(cid:884)(cid:484)(cid:887)(cid:887)(cid:883)(cid:3),(cid:882)(cid:481)(cid:886)(cid:890),(cid:3)(cid:3)(cid:3)(cid:3)(cid:3)(cid:3)(cid:3)(cid:3)(cid:3)(cid:3)(cid:884)(cid:886)(cid:882)(cid:484)(cid:882)(cid:891)(cid:882)(cid:3),(cid:3)(cid:3)(cid:886)(cid:887)(cid:481)(cid:883)(cid:882)(cid:3),(cid:3)(cid:3)(cid:3)(cid:3)(cid:3)(cid:3)(cid:3)(cid:3)(cid:3)(cid:3)(cid:888)(cid:886)(cid:484)(cid:883)(cid:885)(cid:891)(cid:3),(cid:3)(cid:3)(cid:883)(cid:884)(cid:481)(cid:882)(cid:887)(cid:3),(cid:3)(cid:3)(cid:3)(cid:3)(cid:3)(cid:3)(cid:3)(cid:3)(cid:3)(cid:3)(cid:3)(cid:3)(cid:3)(cid:3)(cid:3)(cid:3)(cid:890)(cid:484)(cid:885)(cid:886)(cid:883)(cid:3),(cid:3)(cid:3)(cid:3)(cid:3)(cid:883)(cid:481)(cid:887)(cid:889)(cid:3),(cid:3)(cid:3)(cid:3)(cid:3)(cid:3)(cid:3)(cid:3)(cid:3)(cid:3)(cid:3)(cid:884)(cid:885)(cid:884)(cid:3),(cid:3)(cid:3)(cid:3)(cid:3)(cid:882)(cid:481)(cid:882)(cid:886)(cid:3),(cid:3)(cid:3)(cid:3)(cid:3)(cid:3)(cid:3)(cid:3)(cid:3)(cid:3)(cid:3)(cid:3)(cid:3)(cid:887)(cid:484)(cid:883)(cid:882)(cid:886)(cid:3),(cid:3)(cid:3)(cid:3)(cid:3)(cid:882)(cid:481)(cid:891)(cid:888)(cid:3),(cid:3)(cid:3)(cid:3)(cid:3)(cid:3)(cid:3)(cid:3)(cid:3)(cid:3)(cid:3)(cid:3)(cid:3)(cid:885)(cid:882)(cid:484)(cid:887)(cid:886)(cid:888)(cid:3),(cid:3)(cid:3)(cid:3)(cid:3)(cid:887)(cid:481)(cid:889)(cid:886)(cid:3),(cid:3)(cid:3)(cid:3)(cid:3)(cid:3)(cid:3)(cid:3)(cid:3)(cid:884)(cid:484)(cid:883)(cid:891)(cid:889)(cid:3),(cid:3)(cid:3)(cid:3)(cid:3)(cid:882)(cid:481)(cid:886)(cid:883)(cid:3),(cid:3)(cid:3)(cid:3)(cid:3)(cid:3)(cid:3)(cid:3)(cid:3)(cid:3)(cid:3)(cid:3)(cid:885)(cid:887)(cid:885)(cid:484)(cid:884)(cid:882)(cid:882)(cid:3),(cid:3)(cid:3)(cid:3)(cid:888)(cid:888)(cid:481)(cid:885)(cid:887)(cid:3),(cid:3)(cid:3)(cid:3)(cid:3)(cid:3)(cid:3)(cid:3)(cid:3)(cid:883)(cid:484)(cid:889)(cid:889)(cid:890)(cid:3),(cid:3)(cid:3)(cid:3)(cid:3)(cid:882)(cid:481)(cid:885)(cid:885)(cid:3),(cid:3)(cid:3)(cid:3)(cid:3)(cid:3)(cid:3)(cid:3)(cid:3)(cid:3)(cid:3)(cid:3)(cid:885)(cid:887)(cid:886)(cid:484)(cid:891)(cid:889)(cid:890)(cid:3),(cid:3)(cid:3)(cid:3)(cid:3)(cid:3)(cid:3)(cid:3)(cid:3)(cid:3)(cid:3)(cid:3)(cid:888)(cid:888)(cid:481)(cid:888)(cid:891)(cid:3),,,,,,,,,,
(cid:884)(cid:884),(cid:14)(cid:131)(cid:142)(cid:139)(cid:143)(cid:131)(cid:144)(cid:150)(cid:131)(cid:144)(cid:3)(cid:22)(cid:135)(cid:142)(cid:131)(cid:150)(cid:131)(cid:144),(cid:3)(cid:3)(cid:3)(cid:3)(cid:3)(cid:3)(cid:3)(cid:3)(cid:3)(cid:3)(cid:3)(cid:3)(cid:889)(cid:885)(cid:883)(cid:484)(cid:882)(cid:887)(cid:889)(cid:3),(cid:3)(cid:3)(cid:3)(cid:3)(cid:3)(cid:3)(cid:3)(cid:3)(cid:3)(cid:3)(cid:889)(cid:484)(cid:885)(cid:882)(cid:883)(cid:3),(cid:883)(cid:481)(cid:882)(cid:882),(cid:3)(cid:3)(cid:3)(cid:3)(cid:3)(cid:3)(cid:3)(cid:3)(cid:3)(cid:3)(cid:884)(cid:890)(cid:888)(cid:484)(cid:890)(cid:886)(cid:888)(cid:3),(cid:3)(cid:3)(cid:885)(cid:891)(cid:481)(cid:884)(cid:886)(cid:3),(cid:3)(cid:3)(cid:3)(cid:3)(cid:3)(cid:3)(cid:3)(cid:883)(cid:889)(cid:882)(cid:484)(cid:882)(cid:888)(cid:888)(cid:3),(cid:3)(cid:3)(cid:884)(cid:885)(cid:481)(cid:884)(cid:888)(cid:3),(cid:3)(cid:3)(cid:3)(cid:3)(cid:3)(cid:3)(cid:3)(cid:3)(cid:3)(cid:3)(cid:3)(cid:3)(cid:3)(cid:883)(cid:887)(cid:484)(cid:887)(cid:887)(cid:891)(cid:3),(cid:3)(cid:3)(cid:3)(cid:3)(cid:884)(cid:481)(cid:883)(cid:885)(cid:3),(cid:3)(cid:3)(cid:3)(cid:3)(cid:3)(cid:3)(cid:3)(cid:3)(cid:3)(cid:3)(cid:887)(cid:882)(cid:891)(cid:3),(cid:3)(cid:3)(cid:3)(cid:3)(cid:882)(cid:481)(cid:882)(cid:889)(cid:3),(cid:3)(cid:3)(cid:3)(cid:3)(cid:3)(cid:3)(cid:3)(cid:3)(cid:3)(cid:3)(cid:883)(cid:882)(cid:484)(cid:884)(cid:885)(cid:888)(cid:3),(cid:3)(cid:3)(cid:3)(cid:3)(cid:883)(cid:481)(cid:886)(cid:882)(cid:3),(cid:3)(cid:3)(cid:3)(cid:3)(cid:3)(cid:3)(cid:3)(cid:3)(cid:3)(cid:3)(cid:3)(cid:3)(cid:885)(cid:882)(cid:484)(cid:885)(cid:883)(cid:887)(cid:3),(cid:3)(cid:3)(cid:3)(cid:3)(cid:886)(cid:481)(cid:883)(cid:887)(cid:3),(cid:3)(cid:3)(cid:3)(cid:3)(cid:3)(cid:3)(cid:3)(cid:3)(cid:885)(cid:484)(cid:889)(cid:885)(cid:882)(cid:3),(cid:3)(cid:3)(cid:3)(cid:3)(cid:882)(cid:481)(cid:887)(cid:883)(cid:3),(cid:3)(cid:3)(cid:3)(cid:3)(cid:3)(cid:3)(cid:3)(cid:3)(cid:3)(cid:3)(cid:3)(cid:887)(cid:884)(cid:886)(cid:484)(cid:887)(cid:888)(cid:884)(cid:3),(cid:3)(cid:3)(cid:3)(cid:889)(cid:883)(cid:481)(cid:889)(cid:887)(cid:3),(cid:3)(cid:3)(cid:3)(cid:3)(cid:3)(cid:3)(cid:3)(cid:3)(cid:884)(cid:484)(cid:891)(cid:886)(cid:891)(cid:3),(cid:3)(cid:3)(cid:3)(cid:3)(cid:882)(cid:481)(cid:886)(cid:882)(cid:3),(cid:3)(cid:3)(cid:3)(cid:3)(cid:3)(cid:3)(cid:3)(cid:3)(cid:3)(cid:3)(cid:3)(cid:887)(cid:884)(cid:889)(cid:484)(cid:887)(cid:883)(cid:883)(cid:3),(cid:3)(cid:3)(cid:3)(cid:3)(cid:3)(cid:3)(cid:3)(cid:3)(cid:3)(cid:3)(cid:3)(cid:889)(cid:884)(cid:481)(cid:883)(cid:888)(cid:3),,,,,,,,,,
(cid:884)(cid:885),(cid:14)(cid:131)(cid:142)(cid:139)(cid:143)(cid:131)(cid:144)(cid:150)(cid:131)(cid:144)(cid:3)(cid:23)(cid:139)(cid:143)(cid:151)(cid:148),(cid:3)(cid:3)(cid:3)(cid:3)(cid:3)(cid:3)(cid:3)(cid:3)(cid:3)(cid:3)(cid:3)(cid:3)(cid:888)(cid:887)(cid:887)(cid:484)(cid:891)(cid:885)(cid:891)(cid:3),(cid:3)(cid:3)(cid:3)(cid:3)(cid:3)(cid:3)(cid:3)(cid:883)(cid:890)(cid:484)(cid:889)(cid:883)(cid:891)(cid:3),(cid:884)(cid:481)(cid:890)(cid:887),(cid:3)(cid:3)(cid:3)(cid:3)(cid:3)(cid:3)(cid:3)(cid:3)(cid:3)(cid:3)(cid:883)(cid:888)(cid:890)(cid:484)(cid:886)(cid:887)(cid:885)(cid:3),(cid:3)(cid:3)(cid:884)(cid:887)(cid:481)(cid:888)(cid:890)(cid:3),(cid:3)(cid:3)(cid:3)(cid:3)(cid:3)(cid:3)(cid:3)(cid:3)(cid:3)(cid:3)(cid:890)(cid:886)(cid:484)(cid:887)(cid:883)(cid:888)(cid:3),(cid:3)(cid:3)(cid:883)(cid:884)(cid:481)(cid:890)(cid:890)(cid:3),(cid:3)(cid:3)(cid:3)(cid:3)(cid:3)(cid:3)(cid:3)(cid:3)(cid:3)(cid:3)(cid:3)(cid:3)(cid:3)(cid:886)(cid:891)(cid:484)(cid:887)(cid:886)(cid:884)(cid:3),(cid:3)(cid:3)(cid:3)(cid:3)(cid:889)(cid:481)(cid:887)(cid:887)(cid:3),(cid:3)(cid:3)(cid:3)(cid:3)(cid:3)(cid:3)(cid:3)(cid:3)(cid:3)(cid:3)(cid:887)(cid:885)(cid:891)(cid:3),(cid:3)(cid:3)(cid:3)(cid:3)(cid:882)(cid:481)(cid:882)(cid:890)(cid:3),(cid:3)(cid:3)(cid:3)(cid:3)(cid:3)(cid:3)(cid:3)(cid:3)(cid:3)(cid:3)(cid:883)(cid:890)(cid:484)(cid:890)(cid:889)(cid:890)(cid:3),(cid:3)(cid:3)(cid:3)(cid:3)(cid:884)(cid:481)(cid:890)(cid:890)(cid:3),(cid:3)(cid:3)(cid:3)(cid:3)(cid:3)(cid:3)(cid:3)(cid:3)(cid:3)(cid:3)(cid:3)(cid:3)(cid:884)(cid:890)(cid:484)(cid:891)(cid:888)(cid:888)(cid:3),(cid:3)(cid:3)(cid:3)(cid:3)(cid:886)(cid:481)(cid:886)(cid:884)(cid:3),(cid:3)(cid:3)(cid:3)(cid:3)(cid:3)(cid:3)(cid:3)(cid:3)(cid:886)(cid:484)(cid:889)(cid:886)(cid:887)(cid:3),(cid:3)(cid:3)(cid:3)(cid:3)(cid:882)(cid:481)(cid:889)(cid:884)(cid:3),(cid:3)(cid:3)(cid:3)(cid:3)(cid:3)(cid:3)(cid:3)(cid:3)(cid:3)(cid:3)(cid:3)(cid:885)(cid:889)(cid:886)(cid:484)(cid:885)(cid:887)(cid:890)(cid:3),(cid:3)(cid:3)(cid:3)(cid:887)(cid:889)(cid:481)(cid:882)(cid:889)(cid:3),(cid:3)(cid:3)(cid:3)(cid:3)(cid:3)(cid:3)(cid:3)(cid:3)(cid:888)(cid:484)(cid:884)(cid:885)(cid:883)(cid:3),(cid:3)(cid:3)(cid:3)(cid:3)(cid:882)(cid:481)(cid:891)(cid:887)(cid:3),(cid:3)(cid:3)(cid:3)(cid:3)(cid:3)(cid:3)(cid:3)(cid:3)(cid:3)(cid:3)(cid:3)(cid:885)(cid:890)(cid:882)(cid:484)(cid:887)(cid:890)(cid:891)(cid:3),(cid:3)(cid:3)(cid:3)(cid:3)(cid:3)(cid:3)(cid:3)(cid:3)(cid:3)(cid:3)(cid:3)(cid:887)(cid:890)(cid:481)(cid:882)(cid:884)(cid:3),,,,,,,,,,
(cid:884)(cid:886),(cid:14)(cid:131)(cid:142)(cid:139)(cid:143)(cid:131)(cid:144)(cid:150)(cid:131)(cid:144)(cid:3)(cid:24)(cid:150)(cid:131)(cid:148)(cid:131),(cid:3)(cid:3)(cid:3)(cid:3)(cid:3)(cid:3)(cid:3)(cid:3)(cid:3)(cid:3)(cid:3)(cid:3)(cid:883)(cid:883)(cid:887)(cid:484)(cid:889)(cid:890)(cid:882)(cid:3),(cid:3)(cid:3)(cid:3)(cid:3)(cid:3)(cid:3)(cid:3)(cid:3)(cid:3)(cid:3)(cid:884)(cid:484)(cid:883)(cid:889)(cid:889)(cid:3),(cid:883)(cid:481)(cid:890)(cid:890),(cid:3)(cid:3)(cid:3)(cid:3)(cid:3)(cid:3)(cid:3)(cid:3)(cid:3)(cid:3)(cid:3)(cid:3)(cid:885)(cid:885)(cid:484)(cid:888)(cid:882)(cid:890)(cid:3),(cid:3)(cid:3)(cid:884)(cid:891)(cid:481)(cid:882)(cid:885)(cid:3),(cid:3)(cid:3)(cid:3)(cid:3)(cid:3)(cid:3)(cid:3)(cid:3)(cid:3)(cid:3)(cid:883)(cid:883)(cid:484)(cid:890)(cid:890)(cid:882)(cid:3),(cid:3)(cid:3)(cid:883)(cid:882)(cid:481)(cid:884)(cid:888)(cid:3),(cid:3)(cid:3)(cid:3)(cid:3)(cid:3)(cid:3)(cid:3)(cid:3)(cid:3)(cid:3)(cid:3)(cid:3)(cid:3)(cid:3)(cid:3)(cid:3)(cid:888)(cid:484)(cid:882)(cid:882)(cid:882)(cid:3),(cid:3)(cid:3)(cid:3)(cid:3)(cid:887)(cid:481)(cid:883)(cid:890)(cid:3),(cid:3)(cid:3)(cid:3)(cid:3)(cid:3)(cid:3)(cid:3)(cid:3)(cid:3)(cid:3)(cid:3)(cid:3)(cid:3)(cid:883)(cid:884)(cid:3),(cid:3)(cid:3)(cid:3)(cid:3)(cid:882)(cid:481)(cid:882)(cid:883)(cid:3),(cid:3)(cid:3)(cid:3)(cid:3)(cid:3)(cid:3)(cid:3)(cid:3)(cid:3)(cid:3)(cid:3)(cid:3)(cid:884)(cid:484)(cid:886)(cid:885)(cid:884)(cid:3),(cid:3)(cid:3)(cid:3)(cid:3)(cid:884)(cid:481)(cid:883)(cid:882)(cid:3),(cid:3)(cid:3)(cid:3)(cid:3)(cid:3)(cid:3)(cid:3)(cid:3)(cid:3)(cid:3)(cid:3)(cid:3)(cid:3)(cid:3)(cid:3)(cid:890)(cid:484)(cid:890)(cid:889)(cid:885)(cid:3),(cid:3)(cid:3)(cid:3)(cid:3)(cid:889)(cid:481)(cid:888)(cid:888)(cid:3),(cid:3)(cid:3)(cid:3)(cid:3)(cid:3)(cid:3)(cid:3)(cid:3)(cid:3)(cid:3)(cid:3)(cid:3)(cid:889)(cid:888)(cid:883)(cid:3),(cid:3)(cid:3)(cid:3)(cid:3)(cid:882)(cid:481)(cid:888)(cid:888)(cid:3),(cid:3)(cid:3)(cid:3)(cid:3)(cid:3)(cid:3)(cid:3)(cid:3)(cid:3)(cid:3)(cid:3)(cid:3)(cid:3)(cid:888)(cid:887)(cid:484)(cid:889)(cid:886)(cid:885)(cid:3),(cid:3)(cid:3)(cid:3)(cid:887)(cid:888)(cid:481)(cid:889)(cid:890)(cid:3),(cid:3)(cid:3)(cid:3)(cid:3)(cid:3)(cid:3)(cid:3)(cid:3)(cid:3)(cid:3)(cid:3)(cid:3)(cid:891)(cid:891)(cid:891)(cid:3),(cid:3)(cid:3)(cid:3)(cid:3)(cid:882)(cid:481)(cid:890)(cid:888)(cid:3),(cid:3)(cid:3)(cid:3)(cid:3)(cid:3)(cid:3)(cid:3)(cid:3)(cid:3)(cid:3)(cid:3)(cid:3)(cid:3)(cid:3)(cid:888)(cid:888)(cid:484)(cid:889)(cid:886)(cid:884)(cid:3),(cid:3)(cid:3)(cid:3)(cid:3)(cid:3)(cid:3)(cid:3)(cid:3)(cid:3)(cid:3)(cid:3)(cid:887)(cid:889)(cid:481)(cid:888)(cid:887)(cid:3),,,,,,,,,,
(cid:884)(cid:887),(cid:22)(cid:151)(cid:142)(cid:131)(cid:153)(cid:135)(cid:149)(cid:139)(cid:3)(cid:24)(cid:150)(cid:131)(cid:148)(cid:131),(cid:3)(cid:3)(cid:3)(cid:3)(cid:3)(cid:3)(cid:3)(cid:3)(cid:3)(cid:3)(cid:3)(cid:3)(cid:885)(cid:891)(cid:884)(cid:484)(cid:883)(cid:889)(cid:883)(cid:3),(cid:3)(cid:3)(cid:3)(cid:3)(cid:3)(cid:3)(cid:3)(cid:3)(cid:3)(cid:3)(cid:3)(cid:3)(cid:3)(cid:889)(cid:882)(cid:884)(cid:3),(cid:882)(cid:481)(cid:883)(cid:890),(cid:3)(cid:3)(cid:3)(cid:3)(cid:3)(cid:3)(cid:3)(cid:3)(cid:3)(cid:3)(cid:883)(cid:885)(cid:883)(cid:484)(cid:882)(cid:890)(cid:889)(cid:3),(cid:3)(cid:3)(cid:885)(cid:885)(cid:481)(cid:886)(cid:885)(cid:3),(cid:3)(cid:3)(cid:3)(cid:3)(cid:3)(cid:3)(cid:3)(cid:3)(cid:3)(cid:3)(cid:884)(cid:890)(cid:484)(cid:885)(cid:886)(cid:890)(cid:3),(cid:3)(cid:3)(cid:3)(cid:3)(cid:889)(cid:481)(cid:884)(cid:885)(cid:3),(cid:3)(cid:3)(cid:3)(cid:3)(cid:3)(cid:3)(cid:3)(cid:3)(cid:3)(cid:3)(cid:3)(cid:3)(cid:3)(cid:883)(cid:887)(cid:484)(cid:886)(cid:883)(cid:889)(cid:3),(cid:3)(cid:3)(cid:3)(cid:3)(cid:885)(cid:481)(cid:891)(cid:885)(cid:3),(cid:3)(cid:3)(cid:3)(cid:3)(cid:3)(cid:3)(cid:3)(cid:3)(cid:3)(cid:3)(cid:884)(cid:886)(cid:889)(cid:3),(cid:3)(cid:3)(cid:3)(cid:3)(cid:882)(cid:481)(cid:882)(cid:888)(cid:3),(cid:3)(cid:3)(cid:3)(cid:3)(cid:3)(cid:3)(cid:3)(cid:3)(cid:3)(cid:3)(cid:3)(cid:3)(cid:889)(cid:484)(cid:888)(cid:883)(cid:889)(cid:3),(cid:3)(cid:3)(cid:3)(cid:3)(cid:883)(cid:481)(cid:891)(cid:886)(cid:3),(cid:3)(cid:3)(cid:3)(cid:3)(cid:3)(cid:3)(cid:3)(cid:3)(cid:3)(cid:3)(cid:3)(cid:3)(cid:887)(cid:888)(cid:484)(cid:882)(cid:884)(cid:885)(cid:3),(cid:3)(cid:3)(cid:883)(cid:886)(cid:481)(cid:884)(cid:891)(cid:3),(cid:3)(cid:3)(cid:3)(cid:3)(cid:3)(cid:3)(cid:3)(cid:3)(cid:884)(cid:484)(cid:891)(cid:884)(cid:886)(cid:3),(cid:3)(cid:3)(cid:3)(cid:3)(cid:882)(cid:481)(cid:889)(cid:887)(cid:3),(cid:3)(cid:3)(cid:3)(cid:3)(cid:3)(cid:3)(cid:3)(cid:3)(cid:3)(cid:3)(cid:3)(cid:884)(cid:886)(cid:884)(cid:484)(cid:885)(cid:888)(cid:887)(cid:3),(cid:3)(cid:3)(cid:3)(cid:888)(cid:883)(cid:481)(cid:890)(cid:882)(cid:3),(cid:3)(cid:3)(cid:3)(cid:3)(cid:3)(cid:3)(cid:3)(cid:3)(cid:883)(cid:484)(cid:883)(cid:882)(cid:891)(cid:3),(cid:3)(cid:3)(cid:3)(cid:3)(cid:882)(cid:481)(cid:884)(cid:890)(cid:3),(cid:3)(cid:3)(cid:3)(cid:3)(cid:3)(cid:3)(cid:3)(cid:3)(cid:3)(cid:3)(cid:3)(cid:884)(cid:886)(cid:885)(cid:484)(cid:886)(cid:889)(cid:886)(cid:3),(cid:3)(cid:3)(cid:3)(cid:3)(cid:3)(cid:3)(cid:3)(cid:3)(cid:3)(cid:3)(cid:3)(cid:888)(cid:884)(cid:481)(cid:882)(cid:890)(cid:3),,,,,,,,,,
(cid:884)(cid:888),(cid:22)(cid:151)(cid:142)(cid:131)(cid:153)(cid:135)(cid:149)(cid:139)(cid:3)(cid:23)(cid:135)(cid:144)(cid:137)(cid:131)(cid:138),(cid:3)(cid:3)(cid:3)(cid:3)(cid:3)(cid:3)(cid:3)(cid:3)(cid:3)(cid:3)(cid:3)(cid:3)(cid:886)(cid:891)(cid:890)(cid:484)(cid:890)(cid:883)(cid:885)(cid:3),(cid:3)(cid:3)(cid:3)(cid:3)(cid:3)(cid:3)(cid:3)(cid:3)(cid:3)(cid:3)(cid:883)(cid:484)(cid:883)(cid:891)(cid:883)(cid:3),(cid:882)(cid:481)(cid:884)(cid:886),(cid:3)(cid:3)(cid:3)(cid:3)(cid:3)(cid:3)(cid:3)(cid:3)(cid:3)(cid:3)(cid:883)(cid:885)(cid:882)(cid:484)(cid:885)(cid:885)(cid:886)(cid:3),(cid:3)(cid:3)(cid:884)(cid:888)(cid:481)(cid:883)(cid:885)(cid:3),(cid:3)(cid:3)(cid:3)(cid:3)(cid:3)(cid:3)(cid:3)(cid:3)(cid:3)(cid:3)(cid:887)(cid:888)(cid:484)(cid:889)(cid:890)(cid:882)(cid:3),(cid:3)(cid:3)(cid:883)(cid:883)(cid:481)(cid:885)(cid:890)(cid:3),(cid:3)(cid:3)(cid:3)(cid:3)(cid:3)(cid:3)(cid:3)(cid:3)(cid:3)(cid:3)(cid:3)(cid:3)(cid:3)(cid:884)(cid:888)(cid:484)(cid:889)(cid:884)(cid:889)(cid:3),(cid:3)(cid:3)(cid:3)(cid:3)(cid:887)(cid:481)(cid:885)(cid:888)(cid:3),(cid:3)(cid:3)(cid:3)(cid:3)(cid:3)(cid:3)(cid:3)(cid:3)(cid:3)(cid:3)(cid:885)(cid:890)(cid:884)(cid:3),(cid:3)(cid:3)(cid:3)(cid:3)(cid:882)(cid:481)(cid:882)(cid:890)(cid:3),(cid:3)(cid:3)(cid:3)(cid:3)(cid:3)(cid:3)(cid:3)(cid:3)(cid:3)(cid:3)(cid:883)(cid:884)(cid:484)(cid:888)(cid:882)(cid:889)(cid:3),(cid:3)(cid:3)(cid:3)(cid:3)(cid:884)(cid:481)(cid:887)(cid:885)(cid:3),(cid:3)(cid:3)(cid:3)(cid:3)(cid:3)(cid:3)(cid:3)(cid:3)(cid:3)(cid:3)(cid:3)(cid:3)(cid:888)(cid:883)(cid:484)(cid:888)(cid:889)(cid:891)(cid:3),(cid:3)(cid:3)(cid:883)(cid:884)(cid:481)(cid:885)(cid:889)(cid:3),(cid:3)(cid:3)(cid:3)(cid:3)(cid:3)(cid:3)(cid:3)(cid:3)(cid:886)(cid:484)(cid:883)(cid:886)(cid:885)(cid:3),(cid:3)(cid:3)(cid:3)(cid:3)(cid:882)(cid:481)(cid:890)(cid:885)(cid:3),(cid:3)(cid:3)(cid:3)(cid:3)(cid:3)(cid:3)(cid:3)(cid:3)(cid:3)(cid:3)(cid:3)(cid:884)(cid:891)(cid:885)(cid:484)(cid:890)(cid:886)(cid:885)(cid:3),(cid:3)(cid:3)(cid:3)(cid:887)(cid:890)(cid:481)(cid:891)(cid:883)(cid:3),(cid:3)(cid:3)(cid:3)(cid:3)(cid:3)(cid:3)(cid:3)(cid:3)(cid:883)(cid:484)(cid:883)(cid:888)(cid:888)(cid:3),(cid:3)(cid:3)(cid:3)(cid:3)(cid:882)(cid:481)(cid:884)(cid:885)(cid:3),(cid:3)(cid:3)(cid:3)(cid:3)(cid:3)(cid:3)(cid:3)(cid:3)(cid:3)(cid:3)(cid:3)(cid:884)(cid:891)(cid:887)(cid:484)(cid:882)(cid:882)(cid:891)(cid:3),(cid:3)(cid:3)(cid:3)(cid:3)(cid:3)(cid:3)(cid:3)(cid:3)(cid:3)(cid:3)(cid:3)(cid:887)(cid:891)(cid:481)(cid:883)(cid:886)(cid:3),,,,,,,,,,
(cid:884)(cid:889),(cid:22)(cid:151)(cid:142)(cid:131)(cid:153)(cid:135)(cid:149)(cid:139)(cid:3)(cid:22)(cid:135)(cid:142)(cid:131)(cid:150)(cid:131)(cid:144),(cid:3)(cid:3)(cid:3)(cid:3)(cid:3)(cid:3)(cid:3)(cid:3)(cid:3)(cid:883)(cid:484)(cid:886)(cid:883)(cid:882)(cid:484)(cid:887)(cid:884)(cid:883)(cid:3),(cid:3)(cid:3)(cid:3)(cid:3)(cid:3)(cid:3)(cid:3)(cid:883)(cid:885)(cid:484)(cid:882)(cid:888)(cid:889)(cid:3),(cid:882)(cid:481)(cid:891)(cid:885),(cid:3)(cid:3)(cid:3)(cid:3)(cid:3)(cid:3)(cid:3)(cid:3)(cid:3)(cid:3)(cid:886)(cid:886)(cid:889)(cid:484)(cid:889)(cid:890)(cid:885)(cid:3),(cid:3)(cid:3)(cid:885)(cid:883)(cid:481)(cid:889)(cid:887)(cid:3),(cid:3)(cid:3)(cid:3)(cid:3)(cid:3)(cid:3)(cid:3)(cid:883)(cid:884)(cid:891)(cid:484)(cid:888)(cid:884)(cid:889)(cid:3),(cid:3)(cid:3)(cid:3)(cid:3)(cid:891)(cid:481)(cid:883)(cid:891)(cid:3),(cid:3)(cid:3)(cid:3)(cid:3)(cid:3)(cid:3)(cid:3)(cid:3)(cid:3)(cid:3)(cid:3)(cid:3)(cid:3)(cid:886)(cid:888)(cid:484)(cid:887)(cid:887)(cid:883)(cid:3),(cid:3)(cid:3)(cid:3)(cid:3)(cid:885)(cid:481)(cid:885)(cid:882)(cid:3),(cid:3)(cid:3)(cid:3)(cid:3)(cid:3)(cid:3)(cid:3)(cid:3)(cid:3)(cid:3)(cid:890)(cid:884)(cid:885)(cid:3),(cid:3)(cid:3)(cid:3)(cid:3)(cid:882)(cid:481)(cid:882)(cid:888)(cid:3),(cid:3)(cid:3)(cid:3)(cid:3)(cid:3)(cid:3)(cid:3)(cid:3)(cid:3)(cid:3)(cid:885)(cid:884)(cid:484)(cid:888)(cid:884)(cid:890)(cid:3),(cid:3)(cid:3)(cid:3)(cid:3)(cid:884)(cid:481)(cid:885)(cid:883)(cid:3),(cid:3)(cid:3)(cid:3)(cid:3)(cid:3)(cid:3)(cid:3)(cid:3)(cid:3)(cid:3)(cid:883)(cid:887)(cid:890)(cid:484)(cid:883)(cid:883)(cid:888)(cid:3),(cid:3)(cid:3)(cid:883)(cid:883)(cid:481)(cid:884)(cid:883)(cid:3),(cid:3)(cid:3)(cid:3)(cid:3)(cid:3)(cid:3)(cid:883)(cid:885)(cid:484)(cid:890)(cid:888)(cid:887)(cid:3),(cid:3)(cid:3)(cid:3)(cid:3)(cid:882)(cid:481)(cid:891)(cid:890)(cid:3),(cid:3)(cid:3)(cid:3)(cid:3)(cid:3)(cid:3)(cid:3)(cid:3)(cid:3)(cid:3)(cid:3)(cid:890)(cid:886)(cid:884)(cid:484)(cid:886)(cid:888)(cid:882)(cid:3),(cid:3)(cid:3)(cid:3)(cid:887)(cid:891)(cid:481)(cid:889)(cid:885)(cid:3),(cid:3)(cid:3)(cid:3)(cid:3)(cid:3)(cid:3)(cid:3)(cid:3)(cid:890)(cid:484)(cid:885)(cid:882)(cid:889)(cid:3),(cid:3)(cid:3)(cid:3)(cid:3)(cid:882)(cid:481)(cid:887)(cid:891)(cid:3),(cid:3)(cid:3)(cid:3)(cid:3)(cid:3)(cid:3)(cid:3)(cid:3)(cid:3)(cid:3)(cid:3)(cid:890)(cid:887)(cid:882)(cid:484)(cid:889)(cid:888)(cid:889)(cid:3),(cid:3)(cid:3)(cid:3)(cid:3)(cid:3)(cid:3)(cid:3)(cid:3)(cid:3)(cid:3)(cid:3)(cid:888)(cid:882)(cid:481)(cid:885)(cid:884)(cid:3),,,,,,,,,,
(cid:884)(cid:890),(cid:22)(cid:151)(cid:142)(cid:131)(cid:153)(cid:135)(cid:149)(cid:139)(cid:3)(cid:23)(cid:135)(cid:144)(cid:137)(cid:137)(cid:131)(cid:148)(cid:131),(cid:3)(cid:3)(cid:3)(cid:3)(cid:3)(cid:3)(cid:3)(cid:3)(cid:3)(cid:3)(cid:3)(cid:3)(cid:886)(cid:885)(cid:885)(cid:484)(cid:886)(cid:885)(cid:882)(cid:3),(cid:3)(cid:3)(cid:3)(cid:3)(cid:3)(cid:3)(cid:3)(cid:3)(cid:3)(cid:3)(cid:884)(cid:484)(cid:887)(cid:888)(cid:891)(cid:3),(cid:882)(cid:481)(cid:887)(cid:891),(cid:3)(cid:3)(cid:3)(cid:3)(cid:3)(cid:3)(cid:3)(cid:3)(cid:3)(cid:3)(cid:883)(cid:883)(cid:883)(cid:484)(cid:885)(cid:891)(cid:886)(cid:3),(cid:3)(cid:3)(cid:884)(cid:887)(cid:481)(cid:889)(cid:882)(cid:3),(cid:3)(cid:3)(cid:3)(cid:3)(cid:3)(cid:3)(cid:3)(cid:3)(cid:3)(cid:3)(cid:887)(cid:885)(cid:484)(cid:882)(cid:885)(cid:889)(cid:3),(cid:3)(cid:3)(cid:883)(cid:884)(cid:481)(cid:884)(cid:886)(cid:3),(cid:3)(cid:3)(cid:3)(cid:3)(cid:3)(cid:3)(cid:3)(cid:3)(cid:3)(cid:3)(cid:3)(cid:3)(cid:3)(cid:3)(cid:3)(cid:3)(cid:891)(cid:484)(cid:890)(cid:888)(cid:882)(cid:3),(cid:3)(cid:3)(cid:3)(cid:3)(cid:884)(cid:481)(cid:884)(cid:889)(cid:3),(cid:3)(cid:3)(cid:3)(cid:3)(cid:3)(cid:3)(cid:3)(cid:3)(cid:3)(cid:3)(cid:883)(cid:889)(cid:888)(cid:3),(cid:3)(cid:3)(cid:3)(cid:3)(cid:882)(cid:481)(cid:882)(cid:886)(cid:3),(cid:3)(cid:3)(cid:3)(cid:3)(cid:3)(cid:3)(cid:3)(cid:3)(cid:3)(cid:3)(cid:3)(cid:3)(cid:888)(cid:484)(cid:882)(cid:889)(cid:884)(cid:3),(cid:3)(cid:3)(cid:3)(cid:3)(cid:883)(cid:481)(cid:886)(cid:882)(cid:3),(cid:3)(cid:3)(cid:3)(cid:3)(cid:3)(cid:3)(cid:3)(cid:3)(cid:3)(cid:3)(cid:3)(cid:3)(cid:886)(cid:889)(cid:484)(cid:886)(cid:883)(cid:890)(cid:3),(cid:3)(cid:3)(cid:883)(cid:882)(cid:481)(cid:891)(cid:886)(cid:3),(cid:3)(cid:3)(cid:3)(cid:3)(cid:3)(cid:3)(cid:3)(cid:3)(cid:889)(cid:484)(cid:887)(cid:885)(cid:888)(cid:3),(cid:3)(cid:3)(cid:3)(cid:3)(cid:883)(cid:481)(cid:889)(cid:886)(cid:3),(cid:3)(cid:3)(cid:3)(cid:3)(cid:3)(cid:3)(cid:3)(cid:3)(cid:3)(cid:3)(cid:3)(cid:884)(cid:885)(cid:890)(cid:484)(cid:882)(cid:888)(cid:884)(cid:3),(cid:3)(cid:3)(cid:3)(cid:887)(cid:886)(cid:481)(cid:891)(cid:885)(cid:3),(cid:3)(cid:3)(cid:3)(cid:3)(cid:3)(cid:3)(cid:3)(cid:3)(cid:884)(cid:484)(cid:882)(cid:889)(cid:890)(cid:3),(cid:3)(cid:3)(cid:3)(cid:3)(cid:882)(cid:481)(cid:886)(cid:890)(cid:3),(cid:3)(cid:3)(cid:3)(cid:3)(cid:3)(cid:3)(cid:3)(cid:3)(cid:3)(cid:3)(cid:3)(cid:884)(cid:886)(cid:882)(cid:484)(cid:883)(cid:886)(cid:882)(cid:3),(cid:3)(cid:3)(cid:3)(cid:3)(cid:3)(cid:3)(cid:3)(cid:3)(cid:3)(cid:3)(cid:3)(cid:887)(cid:887)(cid:481)(cid:886)(cid:882)(cid:3),,,,,,,,,,
(cid:884)(cid:891),(cid:10)(cid:145)(cid:148)(cid:145)(cid:144)(cid:150)(cid:131)(cid:142)(cid:145),(cid:3)(cid:3)(cid:3)(cid:3)(cid:3)(cid:3)(cid:3)(cid:3)(cid:3)(cid:3)(cid:3)(cid:3)(cid:884)(cid:882)(cid:887)(cid:484)(cid:890)(cid:886)(cid:883)(cid:3),(cid:3)(cid:3)(cid:3)(cid:3)(cid:3)(cid:3)(cid:3)(cid:3)(cid:3)(cid:3)(cid:3)(cid:3)(cid:3)(cid:887)(cid:889)(cid:888)(cid:3),(cid:882)(cid:481)(cid:884)(cid:890),(cid:3)(cid:3)(cid:3)(cid:3)(cid:3)(cid:3)(cid:3)(cid:3)(cid:3)(cid:3)(cid:3)(cid:3)(cid:887)(cid:890)(cid:484)(cid:882)(cid:890)(cid:887)(cid:3),(cid:3)(cid:3)(cid:884)(cid:890)(cid:481)(cid:884)(cid:884)(cid:3),(cid:3)(cid:3)(cid:3)(cid:3)(cid:3)(cid:3)(cid:3)(cid:3)(cid:3)(cid:3)(cid:884)(cid:883)(cid:484)(cid:884)(cid:883)(cid:889)(cid:3),(cid:3)(cid:3)(cid:883)(cid:882)(cid:481)(cid:885)(cid:883)(cid:3),(cid:3)(cid:3)(cid:3)(cid:3)(cid:3)(cid:3)(cid:3)(cid:3)(cid:3)(cid:3)(cid:3)(cid:3)(cid:3)(cid:3)(cid:3)(cid:3)(cid:890)(cid:484)(cid:883)(cid:882)(cid:887)(cid:3),(cid:3)(cid:3)(cid:3)(cid:3)(cid:885)(cid:481)(cid:891)(cid:886)(cid:3),(cid:3)(cid:3)(cid:3)(cid:3)(cid:3)(cid:3)(cid:3)(cid:3)(cid:3)(cid:3)(cid:884)(cid:886)(cid:890)(cid:3),(cid:3)(cid:3)(cid:3)(cid:3)(cid:882)(cid:481)(cid:883)(cid:884)(cid:3),(cid:3)(cid:3)(cid:3)(cid:3)(cid:3)(cid:3)(cid:3)(cid:3)(cid:3)(cid:3)(cid:3)(cid:3)(cid:887)(cid:484)(cid:888)(cid:890)(cid:883)(cid:3),(cid:3)(cid:3)(cid:3)(cid:3)(cid:884)(cid:481)(cid:889)(cid:888)(cid:3),(cid:3)(cid:3)(cid:3)(cid:3)(cid:3)(cid:3)(cid:3)(cid:3)(cid:3)(cid:3)(cid:3)(cid:3)(cid:885)(cid:889)(cid:484)(cid:888)(cid:886)(cid:889)(cid:3),(cid:3)(cid:3)(cid:883)(cid:890)(cid:481)(cid:884)(cid:891)(cid:3),(cid:3)(cid:3)(cid:3)(cid:3)(cid:3)(cid:3)(cid:3)(cid:3)(cid:884)(cid:484)(cid:888)(cid:886)(cid:885)(cid:3),(cid:3)(cid:3)(cid:3)(cid:3)(cid:883)(cid:481)(cid:884)(cid:890)(cid:3),(cid:3)(cid:3)(cid:3)(cid:3)(cid:3)(cid:3)(cid:3)(cid:3)(cid:3)(cid:3)(cid:3)(cid:883)(cid:885)(cid:886)(cid:484)(cid:884)(cid:882)(cid:884)(cid:3),(cid:3)(cid:3)(cid:3)(cid:888)(cid:887)(cid:481)(cid:884)(cid:882)(cid:3),(cid:3)(cid:3)(cid:3)(cid:3)(cid:3)(cid:3)(cid:3)(cid:3)(cid:3)(cid:3)(cid:3)(cid:3)(cid:888)(cid:885)(cid:885)(cid:3),(cid:3)(cid:3)(cid:3)(cid:3)(cid:882)(cid:481)(cid:885)(cid:883)(cid:3),(cid:3)(cid:3)(cid:3)(cid:3)(cid:3)(cid:3)(cid:3)(cid:3)(cid:3)(cid:3)(cid:3)(cid:883)(cid:885)(cid:886)(cid:484)(cid:890)(cid:885)(cid:887)(cid:3),(cid:3)(cid:3)(cid:3)(cid:3)(cid:3)(cid:3)(cid:3)(cid:3)(cid:3)(cid:3)(cid:3)(cid:888)(cid:887)(cid:481)(cid:887)(cid:882)(cid:3),,,,,,,,,,
(cid:885)(cid:882),(cid:22)(cid:151)(cid:142)(cid:131)(cid:153)(cid:135)(cid:149)(cid:139)(cid:3)(cid:5)(cid:131)(cid:148)(cid:131)(cid:150),(cid:3)(cid:3)(cid:3)(cid:3)(cid:3)(cid:3)(cid:3)(cid:3)(cid:3)(cid:3)(cid:3)(cid:3)(cid:884)(cid:885)(cid:889)(cid:484)(cid:884)(cid:891)(cid:883)(cid:3),(cid:3)(cid:3)(cid:3)(cid:3)(cid:3)(cid:3)(cid:3)(cid:3)(cid:3)(cid:3)(cid:884)(cid:484)(cid:884)(cid:891)(cid:888)(cid:3),(cid:882)(cid:481)(cid:891)(cid:889),(cid:3)(cid:3)(cid:3)(cid:3)(cid:3)(cid:3)(cid:3)(cid:3)(cid:3)(cid:3)(cid:3)(cid:3)(cid:887)(cid:887)(cid:484)(cid:882)(cid:882)(cid:891)(cid:3),(cid:3)(cid:3)(cid:884)(cid:885)(cid:481)(cid:883)(cid:890)(cid:3),(cid:3)(cid:3)(cid:3)(cid:3)(cid:3)(cid:3)(cid:3)(cid:3)(cid:3)(cid:3)(cid:884)(cid:886)(cid:484)(cid:889)(cid:884)(cid:890)(cid:3),(cid:3)(cid:3)(cid:883)(cid:882)(cid:481)(cid:886)(cid:884)(cid:3),(cid:3)(cid:3)(cid:3)(cid:3)(cid:3)(cid:3)(cid:3)(cid:3)(cid:3)(cid:3)(cid:3)(cid:3)(cid:3)(cid:3)(cid:3)(cid:3)(cid:888)(cid:484)(cid:888)(cid:885)(cid:885)(cid:3),(cid:3)(cid:3)(cid:3)(cid:3)(cid:884)(cid:481)(cid:890)(cid:882)(cid:3),(cid:3)(cid:3)(cid:3)(cid:3)(cid:3)(cid:3)(cid:3)(cid:3)(cid:3)(cid:3)(cid:883)(cid:887)(cid:882)(cid:3),(cid:3)(cid:3)(cid:3)(cid:3)(cid:882)(cid:481)(cid:882)(cid:888)(cid:3),(cid:3)(cid:3)(cid:3)(cid:3)(cid:3)(cid:3)(cid:3)(cid:3)(cid:3)(cid:3)(cid:3)(cid:3)(cid:886)(cid:484)(cid:889)(cid:888)(cid:882)(cid:3),(cid:3)(cid:3)(cid:3)(cid:3)(cid:884)(cid:481)(cid:882)(cid:883)(cid:3),(cid:3)(cid:3)(cid:3)(cid:3)(cid:3)(cid:3)(cid:3)(cid:3)(cid:3)(cid:3)(cid:3)(cid:3)(cid:884)(cid:891)(cid:484)(cid:890)(cid:889)(cid:891)(cid:3),(cid:3)(cid:3)(cid:883)(cid:884)(cid:481)(cid:887)(cid:891)(cid:3),(cid:3)(cid:3)(cid:3)(cid:3)(cid:3)(cid:3)(cid:3)(cid:3)(cid:886)(cid:484)(cid:882)(cid:886)(cid:882)(cid:3),(cid:3)(cid:3)(cid:3)(cid:3)(cid:883)(cid:481)(cid:889)(cid:882)(cid:3),(cid:3)(cid:3)(cid:3)(cid:3)(cid:3)(cid:3)(cid:3)(cid:3)(cid:3)(cid:3)(cid:3)(cid:883)(cid:884)(cid:889)(cid:484)(cid:886)(cid:891)(cid:887)(cid:3),(cid:3)(cid:3)(cid:3)(cid:887)(cid:885)(cid:481)(cid:889)(cid:885)(cid:3),(cid:3)(cid:3)(cid:3)(cid:3)(cid:3)(cid:3)(cid:3)(cid:3)(cid:885)(cid:484)(cid:882)(cid:889)(cid:889)(cid:3),(cid:3)(cid:3)(cid:3)(cid:3)(cid:883)(cid:481)(cid:885)(cid:882)(cid:3),(cid:3)(cid:3)(cid:3)(cid:3)(cid:3)(cid:3)(cid:3)(cid:3)(cid:3)(cid:3)(cid:3)(cid:883)(cid:885)(cid:882)(cid:484)(cid:887)(cid:889)(cid:884)(cid:3),(cid:3)(cid:3)(cid:3)(cid:3)(cid:3)(cid:3)(cid:3)(cid:3)(cid:3)(cid:3)(cid:3)(cid:887)(cid:887)(cid:481)(cid:882)(cid:885)(cid:3),,,,,,,,,,
(cid:885)(cid:883),(cid:16)(cid:131)(cid:142)(cid:151)(cid:141)(cid:151),(cid:3)(cid:3)(cid:3)(cid:3)(cid:3)(cid:3)(cid:3)(cid:3)(cid:3)(cid:3)(cid:3)(cid:3)(cid:884)(cid:888)(cid:882)(cid:484)(cid:887)(cid:889)(cid:888)(cid:3),(cid:3)(cid:3)(cid:3)(cid:3)(cid:3)(cid:3)(cid:3)(cid:3)(cid:3)(cid:3)(cid:3)(cid:3)(cid:3)(cid:884)(cid:887)(cid:890)(cid:3),(cid:882)(cid:481)(cid:883)(cid:882),(cid:3)(cid:3)(cid:3)(cid:3)(cid:3)(cid:3)(cid:3)(cid:3)(cid:3)(cid:3)(cid:3)(cid:3)(cid:887)(cid:890)(cid:484)(cid:885)(cid:886)(cid:883)(cid:3),(cid:3)(cid:3)(cid:884)(cid:884)(cid:481)(cid:885)(cid:891)(cid:3),(cid:3)(cid:3)(cid:3)(cid:3)(cid:3)(cid:3)(cid:3)(cid:3)(cid:3)(cid:3)(cid:3)(cid:3)(cid:890)(cid:484)(cid:885)(cid:891)(cid:890)(cid:3),(cid:3)(cid:3)(cid:3)(cid:3)(cid:885)(cid:481)(cid:884)(cid:884)(cid:3),(cid:3)(cid:3)(cid:3)(cid:3)(cid:3)(cid:3)(cid:3)(cid:3)(cid:3)(cid:3)(cid:3)(cid:3)(cid:3)(cid:3)(cid:3)(cid:3)(cid:883)(cid:484)(cid:888)(cid:890)(cid:886)(cid:3),(cid:3)(cid:3)(cid:3)(cid:3)(cid:882)(cid:481)(cid:888)(cid:887)(cid:3),(cid:3)(cid:3)(cid:3)(cid:3)(cid:3)(cid:3)(cid:3)(cid:3)(cid:3)(cid:3)(cid:3)(cid:3)(cid:3)(cid:887)(cid:887)(cid:3),(cid:3)(cid:3)(cid:3)(cid:3)(cid:882)(cid:481)(cid:882)(cid:884)(cid:3),(cid:3)(cid:3)(cid:3)(cid:3)(cid:3)(cid:3)(cid:3)(cid:3)(cid:3)(cid:3)(cid:3)(cid:3)(cid:884)(cid:484)(cid:887)(cid:882)(cid:889)(cid:3),(cid:3)(cid:3)(cid:3)(cid:3)(cid:882)(cid:481)(cid:891)(cid:888)(cid:3),(cid:3)(cid:3)(cid:3)(cid:3)(cid:3)(cid:3)(cid:3)(cid:3)(cid:3)(cid:3)(cid:3)(cid:3)(cid:884)(cid:885)(cid:484)(cid:890)(cid:891)(cid:886)(cid:3),(cid:3)(cid:3)(cid:3)(cid:3)(cid:891)(cid:481)(cid:883)(cid:889)(cid:3),(cid:3)(cid:3)(cid:3)(cid:3)(cid:3)(cid:3)(cid:3)(cid:3)(cid:884)(cid:484)(cid:886)(cid:882)(cid:886)(cid:3),(cid:3)(cid:3)(cid:3)(cid:3)(cid:882)(cid:481)(cid:891)(cid:884)(cid:3),(cid:3)(cid:3)(cid:3)(cid:3)(cid:3)(cid:3)(cid:3)(cid:3)(cid:3)(cid:3)(cid:3)(cid:3)(cid:3)(cid:891)(cid:889)(cid:484)(cid:887)(cid:886)(cid:883)(cid:3),(cid:3)(cid:3)(cid:3)(cid:885)(cid:889)(cid:481)(cid:886)(cid:885)(cid:3),(cid:3)(cid:3)(cid:3)(cid:3)(cid:3)(cid:3)(cid:3)(cid:3)(cid:883)(cid:484)(cid:885)(cid:884)(cid:883)(cid:3),(cid:3)(cid:3)(cid:3)(cid:3)(cid:882)(cid:481)(cid:887)(cid:883)(cid:3),(cid:3)(cid:3)(cid:3)(cid:3)(cid:3)(cid:3)(cid:3)(cid:3)(cid:3)(cid:3)(cid:3)(cid:3)(cid:3)(cid:3)(cid:891)(cid:890)(cid:484)(cid:890)(cid:888)(cid:884)(cid:3),(cid:3)(cid:3)(cid:3)(cid:3)(cid:3)(cid:3)(cid:3)(cid:3)(cid:3)(cid:3)(cid:3)(cid:885)(cid:889)(cid:481)(cid:891)(cid:886)(cid:3),,,,,,,,,,
(cid:885)(cid:884),(cid:16)(cid:131)(cid:142)(cid:151)(cid:141)(cid:151)(cid:3)(cid:24)(cid:150)(cid:131)(cid:148)(cid:131),(cid:3)(cid:3)(cid:3)(cid:3)(cid:3)(cid:3)(cid:3)(cid:3)(cid:3)(cid:3)(cid:3)(cid:3)(cid:884)(cid:886)(cid:890)(cid:484)(cid:891)(cid:885)(cid:883)(cid:3),(cid:3)(cid:3)(cid:3)(cid:3)(cid:3)(cid:3)(cid:3)(cid:3)(cid:3)(cid:3)(cid:3)(cid:3)(cid:3)(cid:883)(cid:885)(cid:890)(cid:3),(cid:882)(cid:481)(cid:882)(cid:888),(cid:3)(cid:3)(cid:3)(cid:3)(cid:3)(cid:3)(cid:3)(cid:3)(cid:3)(cid:3)(cid:3)(cid:3)(cid:888)(cid:890)(cid:484)(cid:883)(cid:883)(cid:890)(cid:3),(cid:3)(cid:3)(cid:884)(cid:889)(cid:481)(cid:885)(cid:888)(cid:3),(cid:3)(cid:3)(cid:3)(cid:3)(cid:3)(cid:3)(cid:3)(cid:3)(cid:3)(cid:3)(cid:3)(cid:3)(cid:885)(cid:484)(cid:890)(cid:888)(cid:886)(cid:3),(cid:3)(cid:3)(cid:3)(cid:3)(cid:883)(cid:481)(cid:887)(cid:887)(cid:3),(cid:3)(cid:3)(cid:3)(cid:3)(cid:3)(cid:3)(cid:3)(cid:3)(cid:3)(cid:3)(cid:3)(cid:3)(cid:3)(cid:3)(cid:3)(cid:3)(cid:883)(cid:484)(cid:891)(cid:882)(cid:886)(cid:3),(cid:3)(cid:3)(cid:3)(cid:3)(cid:882)(cid:481)(cid:889)(cid:888)(cid:3),(cid:3)(cid:3)(cid:3)(cid:3)(cid:3)(cid:3)(cid:3)(cid:3)(cid:3)(cid:3)(cid:3)(cid:3)(cid:3)(cid:887)(cid:886)(cid:3),(cid:3)(cid:3)(cid:3)(cid:3)(cid:882)(cid:481)(cid:882)(cid:884)(cid:3),(cid:3)(cid:3)(cid:3)(cid:3)(cid:3)(cid:3)(cid:3)(cid:3)(cid:3)(cid:3)(cid:3)(cid:3)(cid:883)(cid:484)(cid:886)(cid:883)(cid:887)(cid:3),(cid:3)(cid:3)(cid:3)(cid:3)(cid:882)(cid:481)(cid:887)(cid:889)(cid:3),(cid:3)(cid:3)(cid:3)(cid:3)(cid:3)(cid:3)(cid:3)(cid:3)(cid:3)(cid:3)(cid:3)(cid:3)(cid:887)(cid:883)(cid:484)(cid:883)(cid:888)(cid:885)(cid:3),(cid:3)(cid:3)(cid:884)(cid:882)(cid:481)(cid:887)(cid:887)(cid:3),(cid:3)(cid:3)(cid:3)(cid:3)(cid:3)(cid:3)(cid:3)(cid:3)(cid:883)(cid:484)(cid:885)(cid:883)(cid:887)(cid:3),(cid:3)(cid:3)(cid:3)(cid:3)(cid:882)(cid:481)(cid:887)(cid:885)(cid:3),(cid:3)(cid:3)(cid:3)(cid:3)(cid:3)(cid:3)(cid:3)(cid:3)(cid:3)(cid:3)(cid:3)(cid:883)(cid:884)(cid:889)(cid:484)(cid:891)(cid:889)(cid:883)(cid:3),(cid:3)(cid:3)(cid:3)(cid:887)(cid:883)(cid:481)(cid:886)(cid:883)(cid:3),(cid:3)(cid:3)(cid:3)(cid:3)(cid:3)(cid:3)(cid:3)(cid:3)(cid:3)(cid:3)(cid:3)(cid:3)(cid:885)(cid:885)(cid:886)(cid:3),(cid:3)(cid:3)(cid:3)(cid:3)(cid:882)(cid:481)(cid:883)(cid:885)(cid:3),(cid:3)(cid:3)(cid:3)(cid:3)(cid:3)(cid:3)(cid:3)(cid:3)(cid:3)(cid:3)(cid:3)(cid:883)(cid:884)(cid:890)(cid:484)(cid:885)(cid:882)(cid:887)(cid:3),(cid:3)(cid:3)(cid:3)(cid:3)(cid:3)(cid:3)(cid:3)(cid:3)(cid:3)(cid:3)(cid:3)(cid:887)(cid:883)(cid:481)(cid:887)(cid:886)(cid:3),,,,,,,,,,
(cid:885)(cid:885),(cid:19)(cid:131)(cid:146)(cid:151)(cid:131),(cid:3)(cid:3)(cid:3)(cid:3)(cid:3)(cid:3)(cid:3)(cid:3)(cid:3)(cid:3)(cid:3)(cid:3)(cid:888)(cid:884)(cid:886)(cid:484)(cid:887)(cid:889)(cid:888)(cid:3),(cid:3)(cid:3)(cid:3)(cid:3)(cid:3)(cid:3)(cid:3)(cid:3)(cid:3)(cid:3)(cid:883)(cid:484)(cid:889)(cid:889)(cid:891)(cid:3),(cid:882)(cid:481)(cid:884)(cid:890),(cid:3)(cid:3)(cid:3)(cid:3)(cid:3)(cid:3)(cid:3)(cid:3)(cid:3)(cid:3)(cid:883)(cid:882)(cid:884)(cid:484)(cid:886)(cid:884)(cid:886)(cid:3),(cid:3)(cid:3)(cid:883)(cid:888)(cid:481)(cid:886)(cid:882)(cid:3),(cid:3)(cid:3)(cid:3)(cid:3)(cid:3)(cid:3)(cid:3)(cid:3)(cid:3)(cid:3)(cid:3)(cid:3)(cid:888)(cid:484)(cid:891)(cid:889)(cid:890)(cid:3),(cid:3)(cid:3)(cid:3)(cid:3)(cid:883)(cid:481)(cid:883)(cid:884)(cid:3),(cid:3)(cid:3)(cid:3)(cid:3)(cid:3)(cid:3)(cid:3)(cid:3)(cid:3)(cid:3)(cid:3)(cid:3)(cid:3)(cid:3)(cid:3)(cid:3)(cid:883)(cid:484)(cid:891)(cid:883)(cid:885)(cid:3),(cid:3)(cid:3)(cid:3)(cid:3)(cid:882)(cid:481)(cid:885)(cid:883)(cid:3),(cid:3)(cid:3)(cid:3)(cid:3)(cid:3)(cid:3)(cid:3)(cid:3)(cid:3)(cid:3)(cid:883)(cid:884)(cid:888)(cid:3),(cid:3)(cid:3)(cid:3)(cid:3)(cid:882)(cid:481)(cid:882)(cid:884)(cid:3),(cid:3)(cid:3)(cid:3)(cid:3)(cid:3)(cid:3)(cid:3)(cid:3)(cid:3)(cid:3)(cid:3)(cid:3)(cid:3)(cid:3)(cid:3)(cid:3)(cid:886)(cid:882)(cid:890)(cid:3),(cid:3)(cid:3)(cid:3)(cid:3)(cid:882)(cid:481)(cid:882)(cid:889)(cid:3),(cid:3)(cid:3)(cid:3)(cid:3)(cid:3)(cid:3)(cid:3)(cid:3)(cid:3)(cid:3)(cid:3)(cid:3)(cid:884)(cid:882)(cid:484)(cid:887)(cid:888)(cid:883)(cid:3),(cid:3)(cid:3)(cid:3)(cid:3)(cid:885)(cid:481)(cid:884)(cid:891)(cid:3),(cid:3)(cid:3)(cid:3)(cid:3)(cid:3)(cid:3)(cid:3)(cid:3)(cid:883)(cid:484)(cid:890)(cid:888)(cid:890)(cid:3),(cid:3)(cid:3)(cid:3)(cid:3)(cid:882)(cid:481)(cid:885)(cid:882)(cid:3),(cid:3)(cid:3)(cid:3)(cid:3)(cid:3)(cid:3)(cid:3)(cid:3)(cid:3)(cid:3)(cid:3)(cid:883)(cid:885)(cid:888)(cid:484)(cid:882)(cid:887)(cid:889)(cid:3),(cid:3)(cid:3)(cid:3)(cid:884)(cid:883)(cid:481)(cid:889)(cid:890)(cid:3),(cid:3)(cid:3)(cid:3)(cid:3)(cid:3)(cid:3)(cid:3)(cid:3)(cid:884)(cid:484)(cid:882)(cid:886)(cid:885)(cid:3),(cid:3)(cid:3)(cid:3)(cid:3)(cid:882)(cid:481)(cid:885)(cid:885)(cid:3),(cid:3)(cid:3)(cid:3)(cid:3)(cid:3)(cid:3)(cid:3)(cid:3)(cid:3)(cid:3)(cid:3)(cid:883)(cid:885)(cid:890)(cid:484)(cid:883)(cid:882)(cid:882)(cid:3),(cid:3)(cid:3)(cid:3)(cid:3)(cid:3)(cid:3)(cid:3)(cid:3)(cid:3)(cid:3)(cid:3)(cid:884)(cid:884)(cid:481)(cid:883)(cid:883)(cid:3),,,,,,,,,,
(cid:885)(cid:886),(cid:19)(cid:131)(cid:146)(cid:151)(cid:131)(cid:3)(cid:5)(cid:131)(cid:148)(cid:131)(cid:150),(cid:3)(cid:3)(cid:3)(cid:3)(cid:3)(cid:3)(cid:3)(cid:3)(cid:3)(cid:3)(cid:3)(cid:3)(cid:883)(cid:888)(cid:891)(cid:484)(cid:882)(cid:885)(cid:882)(cid:3),(cid:3)(cid:3)(cid:3)(cid:3)(cid:3)(cid:3)(cid:3)(cid:3)(cid:3)(cid:3)(cid:3)(cid:3)(cid:3)(cid:885)(cid:888)(cid:887)(cid:3),(cid:882)(cid:481)(cid:884)(cid:884),(cid:3)(cid:3)(cid:3)(cid:3)(cid:3)(cid:3)(cid:3)(cid:3)(cid:3)(cid:3)(cid:3)(cid:3)(cid:885)(cid:886)(cid:484)(cid:888)(cid:882)(cid:885)(cid:3),(cid:3)(cid:3)(cid:884)(cid:882)(cid:481)(cid:886)(cid:889)(cid:3),(cid:3)(cid:3)(cid:3)(cid:3)(cid:3)(cid:3)(cid:3)(cid:3)(cid:3)(cid:3)(cid:3)(cid:3)(cid:885)(cid:484)(cid:891)(cid:888)(cid:885)(cid:3),(cid:3)(cid:3)(cid:3)(cid:3)(cid:884)(cid:481)(cid:885)(cid:886)(cid:3),(cid:3)(cid:3)(cid:3)(cid:3)(cid:3)(cid:3)(cid:3)(cid:3)(cid:3)(cid:3)(cid:3)(cid:3)(cid:3)(cid:3)(cid:3)(cid:3)(cid:883)(cid:484)(cid:884)(cid:883)(cid:890)(cid:3),(cid:3)(cid:3)(cid:3)(cid:3)(cid:882)(cid:481)(cid:889)(cid:884)(cid:3),(cid:3)(cid:3)(cid:3)(cid:3)(cid:3)(cid:3)(cid:3)(cid:3)(cid:3)(cid:3)(cid:3)(cid:3)(cid:3)(cid:889)(cid:888)(cid:3),(cid:3)(cid:3)(cid:3)(cid:3)(cid:882)(cid:481)(cid:882)(cid:886)(cid:3),(cid:3)(cid:3)(cid:3)(cid:3)(cid:3)(cid:3)(cid:3)(cid:3)(cid:3)(cid:3)(cid:3)(cid:3)(cid:883)(cid:484)(cid:886)(cid:883)(cid:885)(cid:3),(cid:3)(cid:3)(cid:3)(cid:3)(cid:882)(cid:481)(cid:890)(cid:886)(cid:3),(cid:3)(cid:3)(cid:3)(cid:3)(cid:3)(cid:3)(cid:3)(cid:3)(cid:3)(cid:3)(cid:3)(cid:3)(cid:3)(cid:3)(cid:3)(cid:891)(cid:484)(cid:888)(cid:891)(cid:887)(cid:3),(cid:3)(cid:3)(cid:3)(cid:3)(cid:887)(cid:481)(cid:889)(cid:886)(cid:3),(cid:3)(cid:3)(cid:3)(cid:3)(cid:3)(cid:3)(cid:3)(cid:3)(cid:3)(cid:3)(cid:3)(cid:3)(cid:890)(cid:884)(cid:882)(cid:3),(cid:3)(cid:3)(cid:3)(cid:3)(cid:882)(cid:481)(cid:886)(cid:891)(cid:3),(cid:3)(cid:3)(cid:3)(cid:3)(cid:3)(cid:3)(cid:3)(cid:3)(cid:3)(cid:3)(cid:3)(cid:3)(cid:3)(cid:887)(cid:884)(cid:484)(cid:883)(cid:887)(cid:885)(cid:3),(cid:3)(cid:3)(cid:3)(cid:885)(cid:882)(cid:481)(cid:890)(cid:887)(cid:3),(cid:3)(cid:3)(cid:3)(cid:3)(cid:3)(cid:3)(cid:3)(cid:3)(cid:883)(cid:484)(cid:883)(cid:885)(cid:886)(cid:3),(cid:3)(cid:3)(cid:3)(cid:3)(cid:882)(cid:481)(cid:888)(cid:889)(cid:3),(cid:3)(cid:3)(cid:3)(cid:3)(cid:3)(cid:3)(cid:3)(cid:3)(cid:3)(cid:3)(cid:3)(cid:3)(cid:3)(cid:3)(cid:887)(cid:885)(cid:484)(cid:884)(cid:890)(cid:889)(cid:3),(cid:3)(cid:3)(cid:3)(cid:3)(cid:3)(cid:3)(cid:3)(cid:3)(cid:3)(cid:3)(cid:3)(cid:885)(cid:883)(cid:481)(cid:887)(cid:885)(cid:3),,,,,,,,,,
(cid:885)(cid:887),(cid:19)(cid:131)(cid:146)(cid:151)(cid:131)(cid:3)(cid:22)(cid:135)(cid:142)(cid:131)(cid:150)(cid:131)(cid:144),(cid:3)(cid:486)(cid:3),(cid:3)(cid:486)(cid:3),(cid:3)(cid:486)(cid:3),(cid:3)(cid:486)(cid:3),(cid:486),(cid:3)(cid:486)(cid:3),(cid:486),(cid:3)(cid:486)(cid:3),(cid:486),(cid:3)(cid:486)(cid:3),(cid:486),(cid:3)(cid:486)(cid:3),(cid:486),(cid:3)(cid:486)(cid:3),(cid:486),(cid:3)(cid:486)(cid:3),(cid:486),(cid:3)(cid:486)(cid:3),(cid:486),(cid:3)(cid:486)(cid:3),(cid:486),(cid:3)(cid:486)(cid:3),(cid:486),,,,,,,,,,
(cid:885)(cid:888),(cid:19)(cid:131)(cid:146)(cid:151)(cid:131)(cid:3)(cid:23)(cid:135)(cid:144)(cid:137)(cid:131)(cid:138),(cid:3)(cid:486)(cid:3),(cid:3)(cid:486)(cid:3),(cid:3)(cid:486)(cid:3),(cid:3)(cid:486)(cid:3),(cid:486),(cid:3)(cid:486)(cid:3),(cid:486),(cid:3)(cid:486)(cid:3),(cid:486),(cid:3)(cid:486)(cid:3),(cid:486),(cid:3)(cid:486)(cid:3),(cid:486),(cid:3)(cid:486)(cid:3),(cid:486),(cid:3)(cid:486)(cid:3),(cid:486),(cid:3)(cid:486)(cid:3),(cid:486),(cid:3)(cid:486)(cid:3),(cid:486),(cid:3)(cid:486)(cid:3),(cid:486),,,,,,,,,,
(cid:885)(cid:889),(cid:19)(cid:131)(cid:146)(cid:151)(cid:131)(cid:3)(cid:19)(cid:135)(cid:137)(cid:151)(cid:144)(cid:151)(cid:144)(cid:137)(cid:131)(cid:144),(cid:3)(cid:486)(cid:3),(cid:3)(cid:486)(cid:3),(cid:3)(cid:486)(cid:3),(cid:3)(cid:486)(cid:3),(cid:486),(cid:3)(cid:486)(cid:3),(cid:486),(cid:3)(cid:486)(cid:3),(cid:486),(cid:3)(cid:486)(cid:3),(cid:486),(cid:3)(cid:486)(cid:3),(cid:486),(cid:3)(cid:486)(cid:3),(cid:486),(cid:3)(cid:486)(cid:3),(cid:486),(cid:3)(cid:486)(cid:3),(cid:486),(cid:3)(cid:486)(cid:3),(cid:486),(cid:3)(cid:486)(cid:3),(cid:486),,,,,,,,,,
In(cid:885)(cid:890)don(cid:19)e(cid:131)s(cid:146)i(cid:151)a(cid:131)(cid:3)(cid:5)(cid:131)(cid:148)(cid:131)(cid:150)(cid:3)(cid:7)(cid:131)(cid:155)(cid:131),,45.9(cid:3)(cid:486)5(cid:3)7.667,92(cid:3)6(cid:486)(cid:3).027,"2(cid:3)(cid:486),(cid:3)01",16.3(cid:3)5(cid:486)(cid:3)5.593,"35(cid:486),59",3.46(cid:3)(cid:486)6(cid:3).957,"7(cid:486),54",2.7(cid:3)9(cid:486)(cid:3)5.313,"6(cid:486),08",38(cid:3)(cid:486).(cid:3)594,"0(cid:486),08",1.22(cid:3)(cid:486)5(cid:3).579,"2(cid:486),67",3.1(cid:3)7(cid:486)(cid:3)8.372,"6(cid:486),92",375(cid:3)(cid:486)(cid:3).929,"0(cid:486),82",28.3(cid:3)6(cid:486)(cid:3)2.364,"61(cid:486),71",305(cid:3)(cid:486)(cid:3).398,"0(cid:486),66",28.6(cid:3)6(cid:486)(cid:3)7.762,"(cid:486)62,38",,,,,,,,,,
No,Provinsi,PUS Peserta KB Modern,,,,,,,,,,,,,,,,,,,,,,,,,,,,,,,,
,,RS Pemerintah/ TNI/Polri,RS Swasta,Puskesmas/ Klinik TNI/ Polri,Klinik Swasta,Praktek Dokter,Pustu/ Pusling/ Bidan Desa,Praktek Mandiri Bidan,Mobil Pelayanan KB,Toko Obat/Apotik,Lainnya,Jumlah,,,,,,,,,,,,,,,,,,,,,,
(1),(2),(3),(4),(5),(6),(7),(8),(9),(10),(11),(12),(13),,,,,,,,,,,,,,,,,,,,,,
(cid:883),(cid:4)(cid:133)(cid:135)(cid:138),(cid:885)(cid:888)(cid:484)(cid:886)(cid:884)(cid:886),(cid:891)(cid:484)(cid:885)(cid:886)(cid:890),(cid:883)(cid:883)(cid:889)(cid:484)(cid:883)(cid:886)(cid:884),(cid:885)(cid:887)(cid:484)(cid:885)(cid:890)(cid:884),(cid:891)(cid:886)(cid:887),(cid:883)(cid:885)(cid:884)(cid:484)(cid:888)(cid:889)(cid:885),(cid:883)(cid:885)(cid:885)(cid:484)(cid:889)(cid:891)(cid:891),(cid:885)(cid:484)(cid:887)(cid:886)(cid:891),(cid:884)(cid:890)(cid:484)(cid:890)(cid:891)(cid:884),(cid:883)(cid:484)(cid:887)(cid:890)(cid:889),(cid:887)(cid:882)(cid:890)(cid:484)(cid:884)(cid:886)(cid:888),,,,,,,,,,,,,,,,,,,,,,
(cid:884),(cid:22)(cid:151)(cid:143)(cid:131)(cid:150)(cid:135)(cid:148)(cid:131)(cid:3)(cid:24)(cid:150)(cid:131)(cid:148)(cid:131),(cid:890)(cid:882)(cid:484)(cid:889)(cid:889)(cid:884),(cid:887)(cid:889)(cid:484)(cid:888)(cid:884)(cid:890),(cid:884)(cid:887)(cid:882)(cid:484)(cid:885)(cid:883)(cid:883),(cid:883)(cid:883)(cid:889)(cid:484)(cid:882)(cid:888)(cid:889),(cid:883)(cid:484)(cid:882)(cid:891)(cid:887),(cid:884)(cid:882)(cid:883)(cid:484)(cid:884)(cid:889)(cid:886),(cid:885)(cid:889)(cid:885)(cid:484)(cid:885)(cid:887)(cid:891),(cid:885)(cid:883)(cid:484)(cid:891)(cid:882)(cid:890),(cid:890)(cid:891)(cid:484)(cid:889)(cid:884)(cid:888),(cid:884)(cid:484)(cid:883)(cid:889)(cid:890),(cid:883)(cid:484)(cid:884)(cid:883)(cid:887)(cid:484)(cid:883)(cid:889)(cid:885),,,,,,,,,,,,,,,,,,,,,,
(cid:885),(cid:22)(cid:151)(cid:143)(cid:131)(cid:150)(cid:135)(cid:148)(cid:131)(cid:3)(cid:5)(cid:131)(cid:148)(cid:131)(cid:150),(cid:885)(cid:890)(cid:484)(cid:886)(cid:884)(cid:890),(cid:884)(cid:884)(cid:484)(cid:891)(cid:884)(cid:889),(cid:890)(cid:890)(cid:484)(cid:886)(cid:889)(cid:888),(cid:883)(cid:887)(cid:484)(cid:888)(cid:891)(cid:890),(cid:887)(cid:484)(cid:884)(cid:884)(cid:884),(cid:883)(cid:886)(cid:889)(cid:484)(cid:883)(cid:886)(cid:885),(cid:883)(cid:883)(cid:888)(cid:484)(cid:890)(cid:885)(cid:889),(cid:890)(cid:484)(cid:888)(cid:883)(cid:888),(cid:885)(cid:888)(cid:484)(cid:886)(cid:889)(cid:888),(cid:884)(cid:484)(cid:883)(cid:883)(cid:885),(cid:886)(cid:890)(cid:883)(cid:484)(cid:891)(cid:885)(cid:888),,,,,,,,,,,,,,,,,,,,,,
(cid:886),(cid:21)(cid:139)(cid:131)(cid:151),(cid:884)(cid:883)(cid:484)(cid:890)(cid:883)(cid:886),(cid:884)(cid:484)(cid:889)(cid:891)(cid:885),(cid:883)(cid:882)(cid:890)(cid:484)(cid:882)(cid:889)(cid:890),(cid:887)(cid:883)(cid:484)(cid:882)(cid:882)(cid:885),(cid:883)(cid:484)(cid:886)(cid:883)(cid:888),(cid:883)(cid:888)(cid:891)(cid:484)(cid:885)(cid:891)(cid:889),(cid:884)(cid:887)(cid:887)(cid:484)(cid:888)(cid:887)(cid:888),(cid:885)(cid:484)(cid:887)(cid:888)(cid:891),(cid:891)(cid:886)(cid:484)(cid:888)(cid:888)(cid:883),(cid:890)(cid:890)(cid:889),(cid:889)(cid:886)(cid:889)(cid:484)(cid:883)(cid:887)(cid:887),,,,,,,,,,,,,,,,,,,,,,
(cid:887),(cid:13)(cid:131)(cid:143)(cid:132)(cid:139),(cid:883)(cid:883)(cid:484)(cid:891)(cid:887)(cid:885),(cid:891)(cid:484)(cid:882)(cid:886)(cid:891),(cid:885)(cid:890)(cid:484)(cid:882)(cid:884)(cid:890),(cid:883)(cid:884)(cid:484)(cid:886)(cid:891)(cid:890),(cid:888)(cid:484)(cid:884)(cid:883)(cid:883),(cid:883)(cid:885)(cid:890)(cid:484)(cid:891)(cid:882)(cid:891),(cid:883)(cid:889)(cid:484)(cid:882)(cid:890)(cid:887),(cid:883)(cid:890)(cid:484)(cid:885)(cid:887)(cid:883),(cid:886)(cid:889)(cid:484)(cid:885)(cid:883)(cid:889),(cid:883)(cid:484)(cid:891)(cid:888)(cid:887),(cid:886)(cid:887)(cid:887)(cid:484)(cid:883)(cid:885)(cid:883),,,,,,,,,,,,,,,,,,,,,,
(cid:888),(cid:22)(cid:151)(cid:143)(cid:131)(cid:150)(cid:135)(cid:148)(cid:131)(cid:3)(cid:22)(cid:135)(cid:142)(cid:131)(cid:150)(cid:131)(cid:144),(cid:883)(cid:890)(cid:484)(cid:888)(cid:884)(cid:884),(cid:883)(cid:885)(cid:484)(cid:889)(cid:882)(cid:889),(cid:883)(cid:884)(cid:886)(cid:484)(cid:884)(cid:885)(cid:885),(cid:884)(cid:887)(cid:484)(cid:890)(cid:888)(cid:883),(cid:883)(cid:882)(cid:484)(cid:889)(cid:885)(cid:891),(cid:885)(cid:888)(cid:884)(cid:484)(cid:884)(cid:886)(cid:886),(cid:885)(cid:889)(cid:882)(cid:484)(cid:883)(cid:884)(cid:888),(cid:883)(cid:889)(cid:484)(cid:891)(cid:889)(cid:883),(cid:884)(cid:890)(cid:484)(cid:885)(cid:882)(cid:883),(cid:884)(cid:484)(cid:882)(cid:884)(cid:888),(cid:891)(cid:889)(cid:484)(cid:885)(cid:890)(cid:885),,,,,,,,,,,,,,,,,,,,,,
(cid:889),(cid:5)(cid:135)(cid:144)(cid:137)(cid:141)(cid:151)(cid:142)(cid:151),(cid:890)(cid:484)(cid:890)(cid:889)(cid:885),(cid:885)(cid:484)(cid:887)(cid:883)(cid:890),(cid:887)(cid:884)(cid:484)(cid:884)(cid:888)(cid:889),(cid:887)(cid:484)(cid:889)(cid:888)(cid:890),(cid:885)(cid:484)(cid:884)(cid:885)(cid:891),(cid:888)(cid:886)(cid:484)(cid:891)(cid:891)(cid:891),(cid:891)(cid:888)(cid:484)(cid:885)(cid:885)(cid:887),(cid:885)(cid:484)(cid:886)(cid:884)(cid:885),(cid:883)(cid:883)(cid:484)(cid:886)(cid:883)(cid:884),(cid:888)(cid:886)(cid:884),(cid:884)(cid:887)(cid:882)(cid:484)(cid:886)(cid:889)(cid:888),,,,,,,,,,,,,,,,,,,,,,
(cid:890),(cid:15)(cid:131)(cid:143)(cid:146)(cid:151)(cid:144)(cid:137),(cid:883)(cid:885)(cid:484)(cid:884)(cid:890)(cid:885),(cid:884)(cid:884)(cid:484)(cid:885)(cid:882)(cid:889),(cid:883)(cid:882)(cid:888)(cid:484)(cid:882)(cid:883)(cid:885),(cid:885)(cid:889)(cid:484)(cid:889)(cid:887)(cid:891),(cid:883)(cid:887)(cid:484)(cid:885)(cid:890)(cid:884),(cid:884)(cid:886)(cid:886)(cid:484)(cid:882)(cid:882)(cid:884),(cid:887)(cid:886)(cid:890)(cid:484)(cid:890)(cid:886)(cid:889),(cid:884)(cid:887)(cid:484)(cid:890)(cid:890)(cid:887),(cid:887)(cid:889)(cid:484)(cid:888)(cid:882)(cid:883),(cid:884)(cid:484)(cid:888)(cid:887)(cid:885),(cid:883)(cid:484)(cid:882)(cid:889)(cid:885)(cid:484)(cid:889)(cid:885)(cid:884),,,,,,,,,,,,,,,,,,,,,,
(cid:891),(cid:14)(cid:135)(cid:146)(cid:484)(cid:3)(cid:5)(cid:131)(cid:144)(cid:137)(cid:141)(cid:131)(cid:3)(cid:5)(cid:135)(cid:142)(cid:139)(cid:150)(cid:151)(cid:144)(cid:137),(cid:888)(cid:891),(cid:887)(cid:484)(cid:884)(cid:882)(cid:884),(cid:883)(cid:888)(cid:484)(cid:888)(cid:882)(cid:887),(cid:887)(cid:883)(cid:883),(cid:885)(cid:484)(cid:884)(cid:889)(cid:884),(cid:888)(cid:883)(cid:484)(cid:885)(cid:883)(cid:891),(cid:888)(cid:883)(cid:484)(cid:883)(cid:885)(cid:886),(cid:883)(cid:484)(cid:891)(cid:883)(cid:889),(cid:884)(cid:885)(cid:484)(cid:882)(cid:886)(cid:883),(cid:888)(cid:889)(cid:883),(cid:883)(cid:890)(cid:887)(cid:484)(cid:883)(cid:889)(cid:883),,,,,,,,,,,,,,,,,,,,,,
(cid:883)(cid:882),(cid:14)(cid:135)(cid:146)(cid:151)(cid:142)(cid:131)(cid:151)(cid:131)(cid:144)(cid:3)(cid:21)(cid:139)(cid:131)(cid:151),(cid:883)(cid:885)(cid:484)(cid:888)(cid:883)(cid:886),(cid:883)(cid:888)(cid:484)(cid:889)(cid:882)(cid:887),(cid:885)(cid:886)(cid:484)(cid:882)(cid:891)(cid:886),(cid:883)(cid:888)(cid:484)(cid:888)(cid:888)(cid:888),(cid:886)(cid:891)(cid:890),(cid:884)(cid:887)(cid:484)(cid:887)(cid:882)(cid:891),(cid:888)(cid:886)(cid:484)(cid:884)(cid:887)(cid:883),(cid:884)(cid:484)(cid:890)(cid:890)(cid:884),(cid:885)(cid:891)(cid:484)(cid:890)(cid:888)(cid:889),(cid:887)(cid:883)(cid:890),(cid:884)(cid:883)(cid:891)(cid:484)(cid:882)(cid:890)(cid:888),,,,,,,,,,,,,,,,,,,,,,
(cid:883)(cid:883),(cid:7)(cid:14)(cid:12)(cid:3)(cid:13)(cid:131)(cid:141)(cid:131)(cid:148)(cid:150)(cid:131)(cid:535)(cid:535),(cid:888)(cid:891)(cid:484)(cid:882)(cid:882)(cid:886),(cid:886)(cid:884)(cid:484)(cid:883)(cid:884)(cid:885),(cid:883)(cid:886)(cid:891)(cid:484)(cid:890)(cid:889)(cid:886),(cid:883)(cid:883)(cid:484)(cid:884)(cid:884)(cid:891),(cid:883)(cid:883)(cid:484)(cid:882)(cid:882)(cid:891),(cid:884)(cid:484)(cid:882)(cid:882)(cid:886),(cid:883)(cid:889)(cid:886)(cid:484)(cid:889)(cid:884)(cid:888),(cid:883)(cid:885)(cid:888),(cid:887)(cid:882)(cid:484)(cid:890)(cid:889)(cid:885),(cid:883)(cid:887)(cid:484)(cid:888)(cid:882)(cid:883),(cid:888)(cid:884)(cid:890)(cid:484)(cid:890)(cid:888)(cid:886),,,,,,,,,,,,,,,,,,,,,,
(cid:883)(cid:884),(cid:13)(cid:131)(cid:153)(cid:131)(cid:3)(cid:5)(cid:131)(cid:148)(cid:131)(cid:150),(cid:884)(cid:883)(cid:890)(cid:484)(cid:891)(cid:890)(cid:890),(cid:884)(cid:891)(cid:889)(cid:484)(cid:889)(cid:883)(cid:890),(cid:888)(cid:887)(cid:885)(cid:484)(cid:888)(cid:889)(cid:888),(cid:885)(cid:883)(cid:888)(cid:484)(cid:883)(cid:885)(cid:887),(cid:883)(cid:882)(cid:885)(cid:484)(cid:889)(cid:888)(cid:889),(cid:889)(cid:882)(cid:885)(cid:484)(cid:882)(cid:891)(cid:885),(cid:884)(cid:484)(cid:887)(cid:890)(cid:882)(cid:484)(cid:887)(cid:886)(cid:882),(cid:884)(cid:484)(cid:883)(cid:889)(cid:889),(cid:888)(cid:882)(cid:889)(cid:484)(cid:887)(cid:883)(cid:886),(cid:883)(cid:887)(cid:484)(cid:891)(cid:885)(cid:886),(cid:887)(cid:484)(cid:887)(cid:883)(cid:891)(cid:484)(cid:883)(cid:885)(cid:887),,,,,,,,,,,,,,,,,,,,,,
(cid:883)(cid:885),(cid:13)(cid:131)(cid:153)(cid:131)(cid:3)(cid:23)(cid:135)(cid:144)(cid:137)(cid:131)(cid:138),(cid:884)(cid:886)(cid:890)(cid:484)(cid:885)(cid:886)(cid:887),(cid:884)(cid:882)(cid:890)(cid:484)(cid:886)(cid:882)(cid:885),(cid:889)(cid:883)(cid:887)(cid:484)(cid:891)(cid:886)(cid:887),(cid:883)(cid:888)(cid:891)(cid:484)(cid:890)(cid:889)(cid:884),(cid:889)(cid:883)(cid:484)(cid:884)(cid:886)(cid:887),(cid:888)(cid:889)(cid:889)(cid:484)(cid:885)(cid:882)(cid:885),(cid:883)(cid:484)(cid:888)(cid:883)(cid:890)(cid:484)(cid:891)(cid:889)(cid:883),(cid:883)(cid:890)(cid:484)(cid:883)(cid:890)(cid:890),(cid:885)(cid:888)(cid:887)(cid:484)(cid:889)(cid:882)(cid:886),(cid:883)(cid:888)(cid:484)(cid:888)(cid:884)(cid:891),(cid:886)(cid:484)(cid:883)(cid:883)(cid:882)(cid:484)(cid:888)(cid:882)(cid:887),,,,,,,,,,,,,,,,,,,,,,
(cid:883)(cid:886),(cid:7)(cid:12)(cid:3)(cid:28)(cid:145)(cid:137)(cid:155)(cid:131)(cid:141)(cid:131)(cid:148)(cid:150)(cid:131),(cid:885)(cid:887)(cid:890),(cid:884)(cid:884)(cid:484)(cid:884)(cid:886)(cid:886),(cid:887)(cid:889)(cid:484)(cid:891)(cid:888)(cid:885),(cid:884)(cid:891)(cid:484)(cid:890)(cid:883)(cid:887),(cid:887)(cid:484)(cid:884)(cid:890)(cid:891),(cid:883)(cid:883)(cid:484)(cid:887)(cid:890)(cid:887),(cid:883)(cid:885)(cid:883)(cid:484)(cid:883)(cid:884)(cid:890),(cid:883)(cid:484)(cid:882)(cid:884)(cid:891),(cid:888)(cid:484)(cid:884)(cid:890)(cid:886),(cid:883)(cid:484)(cid:883)(cid:890)(cid:887),(cid:885)(cid:887)(cid:890)(cid:484)(cid:890)(cid:889)(cid:890),,,,,,,,,,,,,,,,,,,,,,
(cid:883)(cid:887),(cid:13)(cid:131)(cid:153)(cid:131)(cid:3)(cid:23)(cid:139)(cid:143)(cid:151)(cid:148),(cid:884)(cid:886)(cid:890)(cid:484)(cid:887)(cid:884)(cid:887),(cid:884)(cid:888)(cid:888)(cid:484)(cid:883)(cid:885)(cid:891),(cid:887)(cid:883)(cid:891)(cid:484)(cid:889)(cid:882)(cid:888),(cid:883)(cid:890)(cid:889)(cid:484)(cid:888)(cid:882)(cid:890),(cid:889)(cid:888)(cid:484)(cid:891)(cid:885)(cid:889),(cid:883)(cid:484)(cid:882)(cid:889)(cid:887)(cid:484)(cid:890)(cid:882)(cid:882),(cid:883)(cid:484)(cid:890)(cid:888)(cid:888)(cid:484)(cid:882)(cid:883)(cid:889),(cid:883)(cid:884)(cid:484)(cid:888)(cid:887)(cid:890),(cid:886)(cid:889)(cid:890)(cid:484)(cid:891)(cid:885)(cid:887),(cid:888)(cid:484)(cid:889)(cid:889)(cid:890),(cid:886)(cid:484)(cid:889)(cid:885)(cid:891)(cid:484)(cid:883)(cid:882)(cid:885),,,,,,,,,,,,,,,,,,,,,,
(cid:883)(cid:888),(cid:5)(cid:131)(cid:144)(cid:150)(cid:135)(cid:144),(cid:884)(cid:890)(cid:484)(cid:890)(cid:885)(cid:884),(cid:887)(cid:891)(cid:484)(cid:888)(cid:887)(cid:884),(cid:883)(cid:890)(cid:889)(cid:484)(cid:885)(cid:891)(cid:887),(cid:883)(cid:889)(cid:884)(cid:484)(cid:884)(cid:889)(cid:887),(cid:883)(cid:888)(cid:484)(cid:885)(cid:891)(cid:890),(cid:883)(cid:891)(cid:886)(cid:484)(cid:882)(cid:890)(cid:884),(cid:888)(cid:885)(cid:882)(cid:484)(cid:884)(cid:890)(cid:891),(cid:883)(cid:884)(cid:484)(cid:890)(cid:891)(cid:885),(cid:889)(cid:886)(cid:484)(cid:886)(cid:886)(cid:885),(cid:883)(cid:484)(cid:890)(cid:886)(cid:890),(cid:883)(cid:484)(cid:885)(cid:889)(cid:890)(cid:484)(cid:883)(cid:882)(cid:889),,,,,,,,,,,,,,,,,,,,,,
(cid:883)(cid:889),(cid:5)(cid:131)(cid:142)(cid:139),(cid:886)(cid:882)(cid:484)(cid:890)(cid:883)(cid:891),(cid:885)(cid:890)(cid:484)(cid:885)(cid:886)(cid:885),(cid:887)(cid:484)(cid:885)(cid:890)(cid:888),(cid:884)(cid:484)(cid:890)(cid:888)(cid:887),(cid:884)(cid:891)(cid:484)(cid:891)(cid:889)(cid:889),(cid:886)(cid:884)(cid:484)(cid:886)(cid:884)(cid:891),(cid:883)(cid:887)(cid:884)(cid:484)(cid:889)(cid:886)(cid:891),(cid:883)(cid:484)(cid:890)(cid:888)(cid:885),(cid:884)(cid:884)(cid:484)(cid:884)(cid:884)(cid:890),(cid:884)(cid:888)(cid:889),(cid:886)(cid:883)(cid:883)(cid:484)(cid:883)(cid:890)(cid:887),,,,,,,,,,,,,,,,,,,,,,
(cid:883)(cid:890),(cid:17)(cid:151)(cid:149)(cid:131)(cid:3)(cid:23)(cid:135)(cid:144)(cid:137)(cid:137)(cid:131)(cid:148)(cid:131)(cid:3)(cid:5)(cid:131)(cid:148)(cid:131)(cid:150),(cid:884)(cid:884)(cid:484)(cid:889)(cid:885)(cid:888),(cid:891)(cid:484)(cid:889)(cid:885)(cid:886),(cid:890)(cid:484)(cid:883)(cid:882)(cid:888),(cid:883)(cid:884)(cid:484)(cid:884)(cid:885)(cid:884),(cid:883)(cid:883)(cid:484)(cid:890)(cid:882)(cid:884),(cid:885)(cid:883)(cid:889)(cid:484)(cid:882)(cid:890)(cid:885),(cid:883)(cid:884)(cid:888)(cid:484)(cid:882)(cid:885)(cid:890),(cid:888)(cid:484)(cid:887)(cid:883)(cid:883),(cid:883)(cid:882)(cid:484)(cid:888)(cid:883)(cid:889),(cid:883)(cid:484)(cid:889)(cid:888)(cid:883),(cid:887)(cid:891)(cid:891)(cid:484)(cid:887)(cid:889)(cid:886),,,,,,,,,,,,,,,,,,,,,,
(cid:883)(cid:891),(cid:17)(cid:151)(cid:149)(cid:131)(cid:3)(cid:23)(cid:135)(cid:144)(cid:137)(cid:137)(cid:131)(cid:148)(cid:131)(cid:3)(cid:23)(cid:139)(cid:143)(cid:151)(cid:148),(cid:886)(cid:884)(cid:484)(cid:882)(cid:883)(cid:888),(cid:883)(cid:883)(cid:484)(cid:887)(cid:885)(cid:887),(cid:883)(cid:885)(cid:886)(cid:484)(cid:891)(cid:886)(cid:885),(cid:885)(cid:484)(cid:889)(cid:886)(cid:884),(cid:883)(cid:484)(cid:888)(cid:891)(cid:885),(cid:883)(cid:884)(cid:889)(cid:484)(cid:891)(cid:883)(cid:883),(cid:889)(cid:484)(cid:883)(cid:882)(cid:889),(cid:883)(cid:484)(cid:889)(cid:891)(cid:889),(cid:884)(cid:484)(cid:889)(cid:885)(cid:887),(cid:883)(cid:484)(cid:883)(cid:885)(cid:889),(cid:885)(cid:885)(cid:886)(cid:484)(cid:888)(cid:883)(cid:888),,,,,,,,,,,,,,,,,,,,,,
(cid:884)(cid:882),(cid:14)(cid:131)(cid:142)(cid:139)(cid:143)(cid:131)(cid:144)(cid:150)(cid:131)(cid:144)(cid:3)(cid:5)(cid:131)(cid:148)(cid:131)(cid:150),(cid:884)(cid:882)(cid:484)(cid:888)(cid:890)(cid:888),(cid:891)(cid:484)(cid:891)(cid:885)(cid:883),(cid:891)(cid:883)(cid:889),(cid:885)(cid:887)(cid:484)(cid:883)(cid:885)(cid:887),(cid:890)(cid:484)(cid:886)(cid:882)(cid:891),(cid:883)(cid:891)(cid:890)(cid:484)(cid:883)(cid:891)(cid:886),(cid:883)(cid:887)(cid:890)(cid:484)(cid:882)(cid:885)(cid:886),(cid:883)(cid:484)(cid:883)(cid:887)(cid:888),(cid:885)(cid:886)(cid:484)(cid:890)(cid:889)(cid:884),(cid:887)(cid:888)(cid:882),(cid:887)(cid:887)(cid:890)(cid:484)(cid:888)(cid:889)(cid:889),,,,,,,,,,,,,,,,,,,,,,
(cid:884)(cid:883),(cid:14)(cid:131)(cid:142)(cid:139)(cid:143)(cid:131)(cid:144)(cid:150)(cid:131)(cid:144)(cid:3)(cid:23)(cid:135)(cid:144)(cid:137)(cid:131)(cid:138),(cid:890)(cid:484)(cid:885)(cid:883)(cid:888),(cid:884)(cid:484)(cid:887)(cid:886)(cid:884),(cid:887)(cid:889)(cid:484)(cid:890)(cid:886)(cid:886),(cid:883)(cid:884)(cid:484)(cid:882)(cid:888)(cid:884),(cid:885)(cid:484)(cid:883)(cid:885)(cid:884),(cid:883)(cid:884)(cid:484)(cid:890)(cid:882)(cid:888),(cid:883)(cid:882)(cid:886)(cid:484)(cid:891)(cid:883)(cid:886),(cid:884)(cid:484)(cid:882)(cid:885)(cid:888),(cid:885)(cid:885)(cid:484)(cid:885)(cid:886)(cid:885),(cid:891)(cid:887)(cid:883),(cid:885)(cid:484)(cid:887)(cid:885)(cid:884),,,,,,,,,,,,,,,,,,,,,,
(cid:884)(cid:884),(cid:14)(cid:131)(cid:142)(cid:139)(cid:143)(cid:131)(cid:144)(cid:150)(cid:131)(cid:144)(cid:3)(cid:22)(cid:135)(cid:142)(cid:131)(cid:150)(cid:131)(cid:144),(cid:883)(cid:886)(cid:484)(cid:887)(cid:890)(cid:888),(cid:888)(cid:484)(cid:888)(cid:889)(cid:888),(cid:887)(cid:885)(cid:484)(cid:889)(cid:891)(cid:885),(cid:883)(cid:890)(cid:484)(cid:889)(cid:885)(cid:890),(cid:888)(cid:484)(cid:891)(cid:887)(cid:887),(cid:883)(cid:885)(cid:885)(cid:484)(cid:883)(cid:883)(cid:886),(cid:883)(cid:888)(cid:484)(cid:885)(cid:890)(cid:889),(cid:889)(cid:887)(cid:891),(cid:883)(cid:883)(cid:484)(cid:884)(cid:887)(cid:890),(cid:888)(cid:888)(cid:888),(cid:887)(cid:884)(cid:886)(cid:484)(cid:887)(cid:888)(cid:884),,,,,,,,,,,,,,,,,,,,,,
(cid:884)(cid:885),(cid:14)(cid:131)(cid:142)(cid:139)(cid:143)(cid:131)(cid:144)(cid:150)(cid:131)(cid:144)(cid:3)(cid:23)(cid:139)(cid:143)(cid:151)(cid:148),(cid:884)(cid:888)(cid:484)(cid:888)(cid:887)(cid:889),(cid:884)(cid:887)(cid:484)(cid:884)(cid:891)(cid:888),(cid:888)(cid:891)(cid:484)(cid:887)(cid:882)(cid:891),(cid:884)(cid:890)(cid:484)(cid:888)(cid:887)(cid:890),(cid:891)(cid:484)(cid:882)(cid:884)(cid:883),(cid:885)(cid:886)(cid:484)(cid:882)(cid:886)(cid:883),(cid:883)(cid:883)(cid:888)(cid:484)(cid:889)(cid:884)(cid:891),(cid:883)(cid:484)(cid:884)(cid:883)(cid:884),(cid:888)(cid:884)(cid:484)(cid:885)(cid:891)(cid:888),(cid:890)(cid:885)(cid:891),(cid:885)(cid:889)(cid:886)(cid:484)(cid:885)(cid:887)(cid:890),,,,,,,,,,,,,,,,,,,,,,
(cid:884)(cid:886),(cid:14)(cid:131)(cid:142)(cid:139)(cid:143)(cid:131)(cid:144)(cid:150)(cid:131)(cid:144)(cid:3)(cid:24)(cid:150)(cid:131)(cid:148)(cid:131),(cid:886)(cid:484)(cid:890)(cid:885)(cid:885),(cid:887)(cid:887)(cid:891),(cid:884)(cid:484)(cid:884)(cid:886)(cid:891),(cid:885)(cid:484)(cid:888)(cid:888)(cid:888),(cid:884)(cid:484)(cid:890)(cid:889)(cid:887),(cid:887)(cid:888),(cid:883)(cid:889)(cid:484)(cid:883)(cid:885)(cid:884),(cid:884)(cid:883)(cid:882),(cid:890)(cid:484)(cid:884)(cid:891)(cid:885),(cid:890)(cid:887),(cid:888)(cid:887)(cid:484)(cid:889)(cid:886)(cid:885),,,,,,,,,,,,,,,,,,,,,,
(cid:884)(cid:887),(cid:22)(cid:151)(cid:142)(cid:131)(cid:153)(cid:135)(cid:149)(cid:139)(cid:3)(cid:24)(cid:150)(cid:131)(cid:148)(cid:131),(cid:883)(cid:884)(cid:484)(cid:889)(cid:888)(cid:887),(cid:890)(cid:484)(cid:885)(cid:888)(cid:883),(cid:889)(cid:888)(cid:484)(cid:887)(cid:887)(cid:888),(cid:883)(cid:882)(cid:484)(cid:884)(cid:882)(cid:889),(cid:883)(cid:884)(cid:484)(cid:884)(cid:888)(cid:886),(cid:887)(cid:886)(cid:484)(cid:891)(cid:890)(cid:883),(cid:886)(cid:891)(cid:484)(cid:890)(cid:890)(cid:885),(cid:885)(cid:484)(cid:884)(cid:890)(cid:883),(cid:883)(cid:884)(cid:484)(cid:890)(cid:887)(cid:885),(cid:883)(cid:484)(cid:884)(cid:883)(cid:886),(cid:884)(cid:886)(cid:884)(cid:484)(cid:885)(cid:888)(cid:887),,,,,,,,,,,,,,,,,,,,,,
(cid:884)(cid:888),(cid:22)(cid:151)(cid:142)(cid:131)(cid:153)(cid:135)(cid:149)(cid:139)(cid:3)(cid:23)(cid:135)(cid:144)(cid:137)(cid:131)(cid:138),(cid:884)(cid:882)(cid:484)(cid:882)(cid:890)(cid:889),(cid:888)(cid:484)(cid:883)(cid:887)(cid:887),(cid:889)(cid:882)(cid:484)(cid:885)(cid:891)(cid:891),(cid:885)(cid:484)(cid:886)(cid:884)(cid:886),(cid:884)(cid:484)(cid:890)(cid:886)(cid:891),(cid:883)(cid:886)(cid:886)(cid:484)(cid:889)(cid:883)(cid:886),(cid:884)(cid:888)(cid:484)(cid:887)(cid:885)(cid:889),(cid:884)(cid:484)(cid:883)(cid:891)(cid:886),(cid:883)(cid:887)(cid:484)(cid:885)(cid:887)(cid:889),(cid:884)(cid:484)(cid:883)(cid:884)(cid:889),(cid:884)(cid:891)(cid:885)(cid:484)(cid:890)(cid:886)(cid:885),,,,,,,,,,,,,,,,,,,,,,
(cid:884)(cid:889),(cid:22)(cid:151)(cid:142)(cid:131)(cid:153)(cid:135)(cid:149)(cid:139)(cid:3)(cid:22)(cid:135)(cid:142)(cid:131)(cid:150)(cid:131)(cid:144),(cid:887)(cid:888)(cid:484)(cid:883)(cid:882)(cid:891),(cid:884)(cid:884)(cid:484)(cid:882)(cid:889)(cid:883),(cid:884)(cid:886)(cid:890)(cid:484)(cid:889)(cid:885)(cid:888),(cid:886)(cid:884)(cid:484)(cid:882)(cid:884)(cid:889),(cid:888)(cid:484)(cid:887)(cid:891)(cid:884),(cid:884)(cid:888)(cid:889)(cid:484)(cid:888)(cid:882)(cid:890),(cid:883)(cid:884)(cid:886)(cid:484)(cid:889)(cid:890)(cid:889),(cid:885)(cid:484)(cid:890)(cid:889)(cid:888),(cid:888)(cid:890)(cid:484)(cid:890)(cid:884)(cid:891),(cid:883)(cid:484)(cid:890)(cid:884)(cid:887),(cid:890)(cid:886)(cid:484)(cid:884)(cid:886)(cid:888),,,,,,,,,,,,,,,,,,,,,,
(cid:884)(cid:890),(cid:22)(cid:151)(cid:142)(cid:131)(cid:153)(cid:135)(cid:149)(cid:139)(cid:3)(cid:23)(cid:135)(cid:144)(cid:137)(cid:137)(cid:131)(cid:148)(cid:131),(cid:883)(cid:882)(cid:484)(cid:888)(cid:888)(cid:887),(cid:885)(cid:888)(cid:886),(cid:889)(cid:886)(cid:484)(cid:886)(cid:885)(cid:884),(cid:886)(cid:484)(cid:883)(cid:888)(cid:884),(cid:885)(cid:484)(cid:887)(cid:891)(cid:889),(cid:890)(cid:884)(cid:484)(cid:882)(cid:885)(cid:891),(cid:885)(cid:883)(cid:484)(cid:882)(cid:883)(cid:889),(cid:891)(cid:484)(cid:883)(cid:882)(cid:886),(cid:883)(cid:888)(cid:484)(cid:891)(cid:888)(cid:888),(cid:884)(cid:886)(cid:886),(cid:884)(cid:885)(cid:890)(cid:484)(cid:882)(cid:888)(cid:884),,,,,,,,,,,,,,,,,,,,,,
(cid:884)(cid:891),(cid:10)(cid:145)(cid:148)(cid:145)(cid:144)(cid:150)(cid:131)(cid:142)(cid:145),(cid:883)(cid:484)(cid:882)(cid:891)(cid:889),(cid:884)(cid:484)(cid:888)(cid:888)(cid:889),(cid:887)(cid:883)(cid:484)(cid:887)(cid:886)(cid:887),(cid:888)(cid:882)(cid:890),(cid:884)(cid:484)(cid:888)(cid:890)(cid:883),(cid:885)(cid:484)(cid:884)(cid:883)(cid:886),(cid:883)(cid:888)(cid:484)(cid:887)(cid:891)(cid:883),(cid:889)(cid:885)(cid:882),(cid:883)(cid:882)(cid:484)(cid:883)(cid:891)(cid:887),(cid:888)(cid:882)(cid:885),(cid:883)(cid:885)(cid:886)(cid:484)(cid:884)(cid:882)(cid:884),,,,,,,,,,,,,,,,,,,,,,
(cid:885)(cid:882),(cid:22)(cid:151)(cid:142)(cid:131)(cid:153)(cid:135)(cid:149)(cid:139)(cid:3)(cid:5)(cid:131)(cid:148)(cid:131)(cid:150),(cid:888)(cid:484)(cid:886)(cid:891)(cid:889),(cid:884)(cid:885)(cid:891),(cid:885)(cid:887)(cid:484)(cid:882)(cid:887)(cid:886),(cid:885)(cid:484)(cid:883)(cid:888)(cid:884),(cid:883)(cid:484)(cid:883)(cid:888)(cid:887),(cid:886)(cid:891)(cid:484)(cid:885)(cid:883)(cid:887),(cid:883)(cid:484)(cid:891)(cid:886)(cid:887),(cid:883)(cid:484)(cid:888)(cid:883)(cid:883),(cid:890)(cid:884)(cid:889),(cid:887)(cid:890)(cid:883),(cid:883)(cid:884)(cid:889)(cid:484)(cid:886)(cid:891)(cid:887),,,,,,,,,,,,,,,,,,,,,,
(cid:885)(cid:883),(cid:16)(cid:131)(cid:142)(cid:151)(cid:141)(cid:151),(cid:886)(cid:484)(cid:888)(cid:886)(cid:889),(cid:890)(cid:885)(cid:887),(cid:885)(cid:883)(cid:484)(cid:888)(cid:882)(cid:884),(cid:883)(cid:484)(cid:885)(cid:884)(cid:889),(cid:891)(cid:884)(cid:887),(cid:885)(cid:890)(cid:484)(cid:882)(cid:887)(cid:889),(cid:883)(cid:885)(cid:484)(cid:890)(cid:889)(cid:885),(cid:884)(cid:891)(cid:887),(cid:884)(cid:484)(cid:882)(cid:887)(cid:883),(cid:883)(cid:484)(cid:884)(cid:889)(cid:886),(cid:891)(cid:889)(cid:484)(cid:887)(cid:886)(cid:883),,,,,,,,,,,,,,,,,,,,,,
(cid:885)(cid:884),(cid:16)(cid:131)(cid:142)(cid:151)(cid:141)(cid:151)(cid:3)(cid:24)(cid:150)(cid:131)(cid:148)(cid:131),(cid:885)(cid:484)(cid:886)(cid:882)(cid:884),(cid:887)(cid:890)(cid:882),(cid:886)(cid:890)(cid:484)(cid:883)(cid:885)(cid:885),(cid:883)(cid:484)(cid:885)(cid:888)(cid:889),(cid:890)(cid:887)(cid:890),(cid:888)(cid:884)(cid:484)(cid:885)(cid:884)(cid:891),(cid:889)(cid:484)(cid:885)(cid:883)(cid:885),(cid:885)(cid:484)(cid:884)(cid:887)(cid:883),(cid:888)(cid:884)(cid:885),(cid:883)(cid:883)(cid:887),(cid:883)(cid:884)(cid:889)(cid:484)(cid:891)(cid:889)(cid:883),,,,,,,,,,,,,,,,,,,,,,
(cid:885)(cid:885),(cid:19)(cid:131)(cid:146)(cid:151)(cid:131),(cid:891)(cid:484)(cid:888)(cid:882)(cid:883),(cid:883)(cid:484)(cid:889)(cid:882)(cid:888),(cid:891)(cid:886)(cid:484)(cid:887)(cid:888)(cid:886),(cid:886)(cid:484)(cid:883)(cid:891)(cid:886),(cid:891)(cid:887)(cid:885),(cid:883)(cid:890)(cid:484)(cid:891)(cid:885)(cid:886),(cid:888)(cid:484)(cid:889)(cid:885)(cid:887),(cid:888)(cid:883)(cid:887),(cid:884)(cid:484)(cid:882)(cid:886)(cid:889),(cid:885)(cid:890)(cid:882),(cid:883)(cid:885)(cid:891)(cid:484)(cid:889)(cid:884)(cid:891),,,,,,,,,,,,,,,,,,,,,,
(cid:885)(cid:886),(cid:19)(cid:131)(cid:146)(cid:151)(cid:131)(cid:3)(cid:5)(cid:131)(cid:148)(cid:131)(cid:150),(cid:886)(cid:484)(cid:883)(cid:883)(cid:887),(cid:890)(cid:886)(cid:883),(cid:884)(cid:891)(cid:484)(cid:887)(cid:885)(cid:883),(cid:891)(cid:888)(cid:883),(cid:890)(cid:882)(cid:883),(cid:891)(cid:484)(cid:886)(cid:887)(cid:883),(cid:886)(cid:484)(cid:888)(cid:888)(cid:888),(cid:887)(cid:887),(cid:883)(cid:484)(cid:888)(cid:883)(cid:885),(cid:883)(cid:883)(cid:891),(cid:887)(cid:884)(cid:484)(cid:883)(cid:887)(cid:885),,,,,,,,,,,,,,,,,,,,,,
(cid:885)(cid:887),(cid:19)(cid:131)(cid:146)(cid:151)(cid:131)(cid:3)(cid:22)(cid:135)(cid:142)(cid:131)(cid:150)(cid:131)(cid:144),(cid:486),(cid:486),(cid:486),(cid:486),(cid:486),(cid:486),(cid:486),(cid:486),(cid:486),(cid:486),(cid:486),,,,,,,,,,,,,,,,,,,,,,
(cid:885)(cid:888),(cid:19)(cid:131)(cid:146)(cid:151)(cid:131)(cid:3)(cid:23)(cid:135)(cid:144)(cid:137)(cid:131)(cid:138),(cid:486),(cid:486),(cid:486),(cid:486),(cid:486),(cid:486),(cid:486),(cid:486),(cid:486),(cid:486),(cid:486),,,,,,,,,,,,,,,,,,,,,,
(cid:885)(cid:889) (cid:19)(cid:131)(cid:146)(cid:151)(cid:131)(cid:3)(cid:19)(cid:135)(cid:137)(cid:151)(cid:144)(cid:151)(cid:144)(cid:137)(cid:131)(cid:144) Indonesia (cid:885)(cid:890) (cid:19)(cid:131)(cid:146)(cid:151)(cid:131)(cid:3)(cid:5)(cid:131)(cid:148)(cid:131)(cid:150)(cid:3)(cid:7)(cid:131)(cid:155)(cid:131),,(cid:486) 1.419.684 (cid:486),(cid:486) 1.238.462 (cid:486),(cid:486) 4.545.557 (cid:486),(cid:486) 1.530.601 (cid:486),(cid:486) 474.799 (cid:486),(cid:486) 5.957.336 (cid:486),(cid:486) 10.340.290 (cid:486),(cid:486) 236.011 (cid:486),(cid:486) 2.523.471 (cid:486),(cid:486) 96.153 (cid:486),(cid:486) 28.362.364 (cid:486),,,,,,,,,,,,,,,,,,,,,,
No,Provinsi,Kab/Kota,kabupaten/kota yang menyelenggarakan pelayanan kesehatan usia reproduksi,,Puskesmas,Persentase puskesmas yang melaksanakan pelayanan Kesehatan reproduksi bagi calon pengantin,,,,,,,,,,,,,,,,,,,,,,,,,,,,
,,,Jumlah,%,,Jumlah,%,,,,,,,,,,,,,,,,,,,,,,,,,,,
(1),(2) (3),,(4),(5),(6),(7),(8),,,,,,,,,,,,,,,,,,,,,,,,,,,
(cid:883),(cid:3)(cid:4)(cid:133)(cid:135)(cid:138),(cid:3)(cid:3)(cid:3)(cid:3)(cid:3)(cid:3)(cid:3)(cid:3)(cid:3)(cid:3)(cid:3)(cid:3)(cid:3)(cid:3)(cid:3)(cid:3)(cid:3)(cid:3)(cid:3)(cid:3)(cid:3)(cid:3)(cid:3)(cid:3)(cid:3)(cid:3)(cid:3)(cid:3)(cid:3)(cid:3)(cid:3)(cid:3)(cid:3)(cid:3)(cid:3)(cid:3)(cid:3)(cid:3)(cid:3)(cid:3)(cid:884)(cid:885),(cid:3)(cid:3)(cid:3)(cid:3)(cid:3)(cid:3)(cid:3)(cid:3)(cid:3)(cid:3)(cid:3)(cid:3)(cid:3)(cid:3)(cid:3)(cid:3)(cid:3)(cid:3)(cid:3)(cid:3)(cid:3)(cid:3)(cid:3)(cid:3)(cid:3)(cid:3)(cid:3)(cid:3)(cid:3)(cid:3)(cid:3)(cid:3)(cid:3)(cid:3)(cid:3)(cid:3)(cid:3)(cid:3)(cid:3)(cid:3)(cid:884)(cid:884),(cid:891)(cid:887)(cid:481)(cid:888)(cid:887),(cid:3)(cid:3)(cid:3)(cid:3)(cid:3)(cid:3)(cid:3)(cid:3)(cid:3)(cid:3)(cid:3)(cid:3)(cid:3)(cid:3)(cid:3)(cid:3)(cid:3)(cid:3)(cid:3)(cid:3)(cid:3)(cid:3)(cid:3)(cid:3)(cid:3)(cid:3)(cid:3)(cid:3)(cid:3)(cid:3)(cid:3)(cid:3)(cid:3)(cid:3)(cid:3)(cid:3)(cid:3)(cid:3)(cid:885)(cid:888)(cid:888),(cid:3)(cid:3)(cid:3)(cid:3)(cid:3)(cid:3)(cid:3)(cid:3)(cid:3)(cid:3)(cid:3)(cid:3)(cid:3)(cid:3)(cid:3)(cid:3)(cid:3)(cid:3)(cid:3)(cid:3)(cid:3)(cid:3)(cid:3)(cid:3)(cid:3)(cid:3)(cid:3)(cid:3)(cid:3)(cid:3)(cid:3)(cid:3)(cid:3)(cid:3)(cid:3)(cid:3)(cid:3)(cid:3)(cid:885)(cid:888)(cid:885),(cid:891)(cid:891)(cid:481)(cid:883)(cid:890),,,,,,,,,,,,,,,,,,,,,,,,,,,
(cid:884),(cid:3)(cid:22)(cid:151)(cid:143)(cid:131)(cid:150)(cid:135)(cid:148)(cid:131)(cid:3)(cid:24)(cid:150)(cid:131)(cid:148)(cid:131),(cid:3)(cid:3)(cid:3)(cid:3)(cid:3)(cid:3)(cid:3)(cid:3)(cid:3)(cid:3)(cid:3)(cid:3)(cid:3)(cid:3)(cid:3)(cid:3)(cid:3)(cid:3)(cid:3)(cid:3)(cid:3)(cid:3)(cid:3)(cid:3)(cid:3)(cid:3)(cid:3)(cid:3)(cid:3)(cid:3)(cid:3)(cid:3)(cid:3)(cid:3)(cid:3)(cid:3)(cid:3)(cid:3)(cid:3)(cid:3)(cid:885)(cid:885),(cid:3)(cid:3)(cid:3)(cid:3)(cid:3)(cid:3)(cid:3)(cid:3)(cid:3)(cid:3)(cid:3)(cid:3)(cid:3)(cid:3)(cid:3)(cid:3)(cid:3)(cid:3)(cid:3)(cid:3)(cid:3)(cid:3)(cid:3)(cid:3)(cid:3)(cid:3)(cid:3)(cid:3)(cid:3)(cid:3)(cid:3)(cid:3)(cid:3)(cid:3)(cid:3)(cid:3)(cid:3)(cid:3)(cid:3)(cid:3)(cid:885)(cid:885),(cid:883)(cid:882)(cid:882)(cid:481)(cid:882)(cid:882),(cid:3)(cid:3)(cid:3)(cid:3)(cid:3)(cid:3)(cid:3)(cid:3)(cid:3)(cid:3)(cid:3)(cid:3)(cid:3)(cid:3)(cid:3)(cid:3)(cid:3)(cid:3)(cid:3)(cid:3)(cid:3)(cid:3)(cid:3)(cid:3)(cid:3)(cid:3)(cid:3)(cid:3)(cid:3)(cid:3)(cid:3)(cid:3)(cid:3)(cid:3)(cid:3)(cid:3)(cid:3)(cid:3)(cid:888)(cid:883)(cid:891),(cid:3)(cid:3)(cid:3)(cid:3)(cid:3)(cid:3)(cid:3)(cid:3)(cid:3)(cid:3)(cid:3)(cid:3)(cid:3)(cid:3)(cid:3)(cid:3)(cid:3)(cid:3)(cid:3)(cid:3)(cid:3)(cid:3)(cid:3)(cid:3)(cid:3)(cid:3)(cid:3)(cid:3)(cid:3)(cid:3)(cid:3)(cid:3)(cid:3)(cid:3)(cid:3)(cid:3)(cid:3)(cid:3)(cid:888)(cid:883)(cid:891),(cid:883)(cid:882)(cid:882)(cid:481)(cid:882)(cid:882),,,,,,,,,,,,,,,,,,,,,,,,,,,
(cid:885),(cid:3)(cid:22)(cid:151)(cid:143)(cid:131)(cid:150)(cid:135)(cid:148)(cid:131)(cid:3)(cid:5)(cid:131)(cid:148)(cid:131)(cid:150),(cid:3)(cid:3)(cid:3)(cid:3)(cid:3)(cid:3)(cid:3)(cid:3)(cid:3)(cid:3)(cid:3)(cid:3)(cid:3)(cid:3)(cid:3)(cid:3)(cid:3)(cid:3)(cid:3)(cid:3)(cid:3)(cid:3)(cid:3)(cid:3)(cid:3)(cid:3)(cid:3)(cid:3)(cid:3)(cid:3)(cid:3)(cid:3)(cid:3)(cid:3)(cid:3)(cid:3)(cid:3)(cid:3)(cid:3)(cid:3)(cid:883)(cid:891),(cid:3)(cid:3)(cid:3)(cid:3)(cid:3)(cid:3)(cid:3)(cid:3)(cid:3)(cid:3)(cid:3)(cid:3)(cid:3)(cid:3)(cid:3)(cid:3)(cid:3)(cid:3)(cid:3)(cid:3)(cid:3)(cid:3)(cid:3)(cid:3)(cid:3)(cid:3)(cid:3)(cid:3)(cid:3)(cid:3)(cid:3)(cid:3)(cid:3)(cid:3)(cid:3)(cid:3)(cid:3)(cid:3)(cid:3)(cid:3)(cid:883)(cid:890),(cid:891)(cid:886)(cid:481)(cid:889)(cid:886),(cid:3)(cid:3)(cid:3)(cid:3)(cid:3)(cid:3)(cid:3)(cid:3)(cid:3)(cid:3)(cid:3)(cid:3)(cid:3)(cid:3)(cid:3)(cid:3)(cid:3)(cid:3)(cid:3)(cid:3)(cid:3)(cid:3)(cid:3)(cid:3)(cid:3)(cid:3)(cid:3)(cid:3)(cid:3)(cid:3)(cid:3)(cid:3)(cid:3)(cid:3)(cid:3)(cid:3)(cid:3)(cid:3)(cid:884)(cid:890)(cid:882),(cid:3)(cid:3)(cid:3)(cid:3)(cid:3)(cid:3)(cid:3)(cid:3)(cid:3)(cid:3)(cid:3)(cid:3)(cid:3)(cid:3)(cid:3)(cid:3)(cid:3)(cid:3)(cid:3)(cid:3)(cid:3)(cid:3)(cid:3)(cid:3)(cid:3)(cid:3)(cid:3)(cid:3)(cid:3)(cid:3)(cid:3)(cid:3)(cid:3)(cid:3)(cid:3)(cid:3)(cid:3)(cid:3)(cid:884)(cid:890)(cid:882),(cid:883)(cid:882)(cid:882)(cid:481)(cid:882)(cid:882),,,,,,,,,,,,,,,,,,,,,,,,,,,
(cid:886),(cid:3)(cid:21)(cid:139)(cid:131)(cid:151),(cid:3)(cid:3)(cid:3)(cid:3)(cid:3)(cid:3)(cid:3)(cid:3)(cid:3)(cid:3)(cid:3)(cid:3)(cid:3)(cid:3)(cid:3)(cid:3)(cid:3)(cid:3)(cid:3)(cid:3)(cid:3)(cid:3)(cid:3)(cid:3)(cid:3)(cid:3)(cid:3)(cid:3)(cid:3)(cid:3)(cid:3)(cid:3)(cid:3)(cid:3)(cid:3)(cid:3)(cid:3)(cid:3)(cid:3)(cid:3)(cid:883)(cid:884),(cid:3)(cid:3)(cid:3)(cid:3)(cid:3)(cid:3)(cid:3)(cid:3)(cid:3)(cid:3)(cid:3)(cid:3)(cid:3)(cid:3)(cid:3)(cid:3)(cid:3)(cid:3)(cid:3)(cid:3)(cid:3)(cid:3)(cid:3)(cid:3)(cid:3)(cid:3)(cid:3)(cid:3)(cid:3)(cid:3)(cid:3)(cid:3)(cid:3)(cid:3)(cid:3)(cid:3)(cid:3)(cid:3)(cid:3)(cid:3)(cid:883)(cid:882),(cid:890)(cid:885)(cid:481)(cid:885)(cid:885),(cid:3)(cid:3)(cid:3)(cid:3)(cid:3)(cid:3)(cid:3)(cid:3)(cid:3)(cid:3)(cid:3)(cid:3)(cid:3)(cid:3)(cid:3)(cid:3)(cid:3)(cid:3)(cid:3)(cid:3)(cid:3)(cid:3)(cid:3)(cid:3)(cid:3)(cid:3)(cid:3)(cid:3)(cid:3)(cid:3)(cid:3)(cid:3)(cid:3)(cid:3)(cid:3)(cid:3)(cid:3)(cid:3)(cid:884)(cid:885)(cid:891),(cid:3)(cid:3)(cid:3)(cid:3)(cid:3)(cid:3)(cid:3)(cid:3)(cid:3)(cid:3)(cid:3)(cid:3)(cid:3)(cid:3)(cid:3)(cid:3)(cid:3)(cid:3)(cid:3)(cid:3)(cid:3)(cid:3)(cid:3)(cid:3)(cid:3)(cid:3)(cid:3)(cid:3)(cid:3)(cid:3)(cid:3)(cid:3)(cid:3)(cid:3)(cid:3)(cid:3)(cid:3)(cid:3)(cid:884)(cid:885)(cid:891),(cid:883)(cid:882)(cid:882)(cid:481)(cid:882)(cid:882),,,,,,,,,,,,,,,,,,,,,,,,,,,
(cid:887),(cid:3)(cid:13)(cid:131)(cid:143)(cid:132)(cid:139),(cid:3)(cid:3)(cid:3)(cid:3)(cid:3)(cid:3)(cid:3)(cid:3)(cid:3)(cid:3)(cid:3)(cid:3)(cid:3)(cid:3)(cid:3)(cid:3)(cid:3)(cid:3)(cid:3)(cid:3)(cid:3)(cid:3)(cid:3)(cid:3)(cid:3)(cid:3)(cid:3)(cid:3)(cid:3)(cid:3)(cid:3)(cid:3)(cid:3)(cid:3)(cid:3)(cid:3)(cid:3)(cid:3)(cid:3)(cid:3)(cid:883)(cid:883),(cid:3)(cid:3)(cid:3)(cid:3)(cid:3)(cid:3)(cid:3)(cid:3)(cid:3)(cid:3)(cid:3)(cid:3)(cid:3)(cid:3)(cid:3)(cid:3)(cid:3)(cid:3)(cid:3)(cid:3)(cid:3)(cid:3)(cid:3)(cid:3)(cid:3)(cid:3)(cid:3)(cid:3)(cid:3)(cid:3)(cid:3)(cid:3)(cid:3)(cid:3)(cid:3)(cid:3)(cid:3)(cid:3)(cid:3)(cid:3)(cid:883)(cid:883),(cid:883)(cid:882)(cid:882)(cid:481)(cid:882)(cid:882),(cid:3)(cid:3)(cid:3)(cid:3)(cid:3)(cid:3)(cid:3)(cid:3)(cid:3)(cid:3)(cid:3)(cid:3)(cid:3)(cid:3)(cid:3)(cid:3)(cid:3)(cid:3)(cid:3)(cid:3)(cid:3)(cid:3)(cid:3)(cid:3)(cid:3)(cid:3)(cid:3)(cid:3)(cid:3)(cid:3)(cid:3)(cid:3)(cid:3)(cid:3)(cid:3)(cid:3)(cid:3)(cid:3)(cid:884)(cid:882)(cid:890),(cid:3)(cid:3)(cid:3)(cid:3)(cid:3)(cid:3)(cid:3)(cid:3)(cid:3)(cid:3)(cid:3)(cid:3)(cid:3)(cid:3)(cid:3)(cid:3)(cid:3)(cid:3)(cid:3)(cid:3)(cid:3)(cid:3)(cid:3)(cid:3)(cid:3)(cid:3)(cid:3)(cid:3)(cid:3)(cid:3)(cid:3)(cid:3)(cid:3)(cid:3)(cid:3)(cid:3)(cid:3)(cid:3)(cid:884)(cid:882)(cid:890),(cid:883)(cid:882)(cid:882)(cid:481)(cid:882)(cid:882),,,,,,,,,,,,,,,,,,,,,,,,,,,
(cid:888),(cid:3)(cid:22)(cid:151)(cid:143)(cid:131)(cid:150)(cid:135)(cid:148)(cid:131)(cid:3)(cid:22)(cid:135)(cid:142)(cid:131)(cid:150)(cid:131)(cid:144),(cid:3)(cid:3)(cid:3)(cid:3)(cid:3)(cid:3)(cid:3)(cid:3)(cid:3)(cid:3)(cid:3)(cid:3)(cid:3)(cid:3)(cid:3)(cid:3)(cid:3)(cid:3)(cid:3)(cid:3)(cid:3)(cid:3)(cid:3)(cid:3)(cid:3)(cid:3)(cid:3)(cid:3)(cid:3)(cid:3)(cid:3)(cid:3)(cid:3)(cid:3)(cid:3)(cid:3)(cid:3)(cid:3)(cid:3)(cid:3)(cid:883)(cid:889),(cid:3)(cid:3)(cid:3)(cid:3)(cid:3)(cid:3)(cid:3)(cid:3)(cid:3)(cid:3)(cid:3)(cid:3)(cid:3)(cid:3)(cid:3)(cid:3)(cid:3)(cid:3)(cid:3)(cid:3)(cid:3)(cid:3)(cid:3)(cid:3)(cid:3)(cid:3)(cid:3)(cid:3)(cid:3)(cid:3)(cid:3)(cid:3)(cid:3)(cid:3)(cid:3)(cid:3)(cid:3)(cid:3)(cid:3)(cid:3)(cid:883)(cid:889),(cid:883)(cid:882)(cid:882)(cid:481)(cid:882)(cid:882),(cid:3)(cid:3)(cid:3)(cid:3)(cid:3)(cid:3)(cid:3)(cid:3)(cid:3)(cid:3)(cid:3)(cid:3)(cid:3)(cid:3)(cid:3)(cid:3)(cid:3)(cid:3)(cid:3)(cid:3)(cid:3)(cid:3)(cid:3)(cid:3)(cid:3)(cid:3)(cid:3)(cid:3)(cid:3)(cid:3)(cid:3)(cid:3)(cid:3)(cid:3)(cid:3)(cid:3)(cid:3)(cid:3)(cid:885)(cid:887)(cid:882),(cid:3)(cid:3)(cid:3)(cid:3)(cid:3)(cid:3)(cid:3)(cid:3)(cid:3)(cid:3)(cid:3)(cid:3)(cid:3)(cid:3)(cid:3)(cid:3)(cid:3)(cid:3)(cid:3)(cid:3)(cid:3)(cid:3)(cid:3)(cid:3)(cid:3)(cid:3)(cid:3)(cid:3)(cid:3)(cid:3)(cid:3)(cid:3)(cid:3)(cid:3)(cid:3)(cid:3)(cid:3)(cid:3)(cid:885)(cid:887)(cid:882),(cid:883)(cid:882)(cid:882)(cid:481)(cid:882)(cid:882),,,,,,,,,,,,,,,,,,,,,,,,,,,
(cid:889),(cid:3)(cid:5)(cid:135)(cid:144)(cid:137)(cid:141)(cid:151)(cid:142)(cid:151),(cid:3)(cid:3)(cid:3)(cid:3)(cid:3)(cid:3)(cid:3)(cid:3)(cid:3)(cid:3)(cid:3)(cid:3)(cid:3)(cid:3)(cid:3)(cid:3)(cid:3)(cid:3)(cid:3)(cid:3)(cid:3)(cid:3)(cid:3)(cid:3)(cid:3)(cid:3)(cid:3)(cid:3)(cid:3)(cid:3)(cid:3)(cid:3)(cid:3)(cid:3)(cid:3)(cid:3)(cid:3)(cid:3)(cid:3)(cid:3)(cid:883)(cid:882),(cid:3)(cid:3)(cid:3)(cid:3)(cid:3)(cid:3)(cid:3)(cid:3)(cid:3)(cid:3)(cid:3)(cid:3)(cid:3)(cid:3)(cid:3)(cid:3)(cid:3)(cid:3)(cid:3)(cid:3)(cid:3)(cid:3)(cid:3)(cid:3)(cid:3)(cid:3)(cid:3)(cid:3)(cid:3)(cid:3)(cid:3)(cid:3)(cid:3)(cid:3)(cid:3)(cid:3)(cid:3)(cid:3)(cid:3)(cid:3)(cid:883)(cid:882),(cid:883)(cid:882)(cid:882)(cid:481)(cid:882)(cid:882),(cid:3)(cid:3)(cid:3)(cid:3)(cid:3)(cid:3)(cid:3)(cid:3)(cid:3)(cid:3)(cid:3)(cid:3)(cid:3)(cid:3)(cid:3)(cid:3)(cid:3)(cid:3)(cid:3)(cid:3)(cid:3)(cid:3)(cid:3)(cid:3)(cid:3)(cid:3)(cid:3)(cid:3)(cid:3)(cid:3)(cid:3)(cid:3)(cid:3)(cid:3)(cid:3)(cid:3)(cid:3)(cid:3)(cid:883)(cid:889)(cid:891),(cid:3)(cid:3)(cid:3)(cid:3)(cid:3)(cid:3)(cid:3)(cid:3)(cid:3)(cid:3)(cid:3)(cid:3)(cid:3)(cid:3)(cid:3)(cid:3)(cid:3)(cid:3)(cid:3)(cid:3)(cid:3)(cid:3)(cid:3)(cid:3)(cid:3)(cid:3)(cid:3)(cid:3)(cid:3)(cid:3)(cid:3)(cid:3)(cid:3)(cid:3)(cid:3)(cid:3)(cid:3)(cid:3)(cid:883)(cid:889)(cid:891),(cid:883)(cid:882)(cid:882)(cid:481)(cid:882)(cid:882),,,,,,,,,,,,,,,,,,,,,,,,,,,
(cid:890),(cid:3)(cid:15)(cid:131)(cid:143)(cid:146)(cid:151)(cid:144)(cid:137),(cid:3)(cid:3)(cid:3)(cid:3)(cid:3)(cid:3)(cid:3)(cid:3)(cid:3)(cid:3)(cid:3)(cid:3)(cid:3)(cid:3)(cid:3)(cid:3)(cid:3)(cid:3)(cid:3)(cid:3)(cid:3)(cid:3)(cid:3)(cid:3)(cid:3)(cid:3)(cid:3)(cid:3)(cid:3)(cid:3)(cid:3)(cid:3)(cid:3)(cid:3)(cid:3)(cid:3)(cid:3)(cid:3)(cid:3)(cid:3)(cid:883)(cid:887),(cid:3)(cid:3)(cid:3)(cid:3)(cid:3)(cid:3)(cid:3)(cid:3)(cid:3)(cid:3)(cid:3)(cid:3)(cid:3)(cid:3)(cid:3)(cid:3)(cid:3)(cid:3)(cid:3)(cid:3)(cid:3)(cid:3)(cid:3)(cid:3)(cid:3)(cid:3)(cid:3)(cid:3)(cid:3)(cid:3)(cid:3)(cid:3)(cid:3)(cid:3)(cid:3)(cid:3)(cid:3)(cid:3)(cid:3)(cid:3)(cid:883)(cid:887),(cid:883)(cid:882)(cid:882)(cid:481)(cid:882)(cid:882),(cid:3)(cid:3)(cid:3)(cid:3)(cid:3)(cid:3)(cid:3)(cid:3)(cid:3)(cid:3)(cid:3)(cid:3)(cid:3)(cid:3)(cid:3)(cid:3)(cid:3)(cid:3)(cid:3)(cid:3)(cid:3)(cid:3)(cid:3)(cid:3)(cid:3)(cid:3)(cid:3)(cid:3)(cid:3)(cid:3)(cid:3)(cid:3)(cid:3)(cid:3)(cid:3)(cid:3)(cid:3)(cid:3)(cid:885)(cid:884)(cid:882),(cid:3)(cid:3)(cid:3)(cid:3)(cid:3)(cid:3)(cid:3)(cid:3)(cid:3)(cid:3)(cid:3)(cid:3)(cid:3)(cid:3)(cid:3)(cid:3)(cid:3)(cid:3)(cid:3)(cid:3)(cid:3)(cid:3)(cid:3)(cid:3)(cid:3)(cid:3)(cid:3)(cid:3)(cid:3)(cid:3)(cid:3)(cid:3)(cid:3)(cid:3)(cid:3)(cid:3)(cid:3)(cid:3)(cid:885)(cid:884)(cid:882),(cid:883)(cid:882)(cid:882)(cid:481)(cid:882)(cid:882),,,,,,,,,,,,,,,,,,,,,,,,,,,
(cid:891),(cid:14)(cid:135)(cid:146)(cid:151)(cid:142)(cid:131)(cid:151)(cid:131)(cid:144)(cid:3)(cid:3)(cid:5)(cid:131)(cid:144)(cid:137)(cid:141)(cid:131)(cid:3)(cid:5)(cid:135)(cid:142)(cid:139)(cid:150)(cid:151)(cid:144)(cid:137),(cid:3)(cid:3)(cid:3)(cid:3)(cid:3)(cid:3)(cid:3)(cid:3)(cid:3)(cid:3)(cid:3)(cid:3)(cid:3)(cid:3)(cid:3)(cid:3)(cid:3)(cid:3)(cid:3)(cid:3)(cid:3)(cid:3)(cid:3)(cid:3)(cid:3)(cid:3)(cid:3)(cid:3)(cid:3)(cid:3)(cid:3)(cid:3)(cid:3)(cid:3)(cid:3)(cid:3)(cid:3)(cid:3)(cid:3)(cid:3)(cid:3)(cid:3)(cid:889)(cid:3),(cid:3)(cid:3)(cid:3)(cid:3)(cid:3)(cid:3)(cid:3)(cid:3)(cid:3)(cid:3)(cid:3)(cid:3)(cid:3)(cid:3)(cid:3)(cid:3)(cid:3)(cid:3)(cid:3)(cid:3)(cid:3)(cid:3)(cid:3)(cid:3)(cid:3)(cid:3)(cid:3)(cid:3)(cid:3)(cid:3)(cid:3)(cid:3)(cid:3)(cid:3)(cid:3)(cid:3)(cid:3)(cid:3)(cid:3)(cid:3)(cid:3)(cid:3)(cid:889)(cid:3),(cid:883)(cid:882)(cid:882)(cid:481)(cid:882)(cid:882),(cid:3)(cid:3)(cid:3)(cid:3)(cid:3)(cid:3)(cid:3)(cid:3)(cid:3)(cid:3)(cid:3)(cid:3)(cid:3)(cid:3)(cid:3)(cid:3)(cid:3)(cid:3)(cid:3)(cid:3)(cid:3)(cid:3)(cid:3)(cid:3)(cid:3)(cid:3)(cid:3)(cid:3)(cid:3)(cid:3)(cid:3)(cid:3)(cid:3)(cid:3)(cid:3)(cid:3)(cid:3)(cid:3)(cid:3)(cid:3)(cid:888)(cid:3)(cid:886),(cid:3)(cid:3)(cid:3)(cid:3)(cid:3)(cid:3)(cid:3)(cid:3)(cid:3)(cid:3)(cid:3)(cid:3)(cid:3)(cid:3)(cid:3)(cid:3)(cid:3)(cid:3)(cid:3)(cid:3)(cid:3)(cid:3)(cid:3)(cid:3)(cid:3)(cid:3)(cid:3)(cid:3)(cid:3)(cid:3)(cid:3)(cid:3)(cid:3)(cid:3)(cid:3)(cid:3)(cid:3)(cid:3)(cid:3)(cid:3)(cid:888)(cid:3)(cid:886),(cid:883)(cid:882)(cid:882)(cid:481)(cid:882)(cid:882),,,,,,,,,,,,,,,,,,,,,,,,,,,
(cid:883)(cid:882),(cid:3)(cid:14)(cid:135)(cid:146)(cid:151)(cid:142)(cid:131)(cid:151)(cid:131)(cid:144)(cid:3)(cid:21)(cid:139)(cid:131)(cid:151),(cid:3)(cid:3)(cid:3)(cid:3)(cid:3)(cid:3)(cid:3)(cid:3)(cid:3)(cid:3)(cid:3)(cid:3)(cid:3)(cid:3)(cid:3)(cid:3)(cid:3)(cid:3)(cid:3)(cid:3)(cid:3)(cid:3)(cid:3)(cid:3)(cid:3)(cid:3)(cid:3)(cid:3)(cid:3)(cid:3)(cid:3)(cid:3)(cid:3)(cid:3)(cid:3)(cid:3)(cid:3)(cid:3)(cid:3)(cid:3)(cid:3)(cid:3)(cid:889)(cid:3),(cid:3)(cid:3)(cid:3)(cid:3)(cid:3)(cid:3)(cid:3)(cid:3)(cid:3)(cid:3)(cid:3)(cid:3)(cid:3)(cid:3)(cid:3)(cid:3)(cid:3)(cid:3)(cid:3)(cid:3)(cid:3)(cid:3)(cid:3)(cid:3)(cid:3)(cid:3)(cid:3)(cid:3)(cid:3)(cid:3)(cid:3)(cid:3)(cid:3)(cid:3)(cid:3)(cid:3)(cid:3)(cid:3)(cid:3)(cid:3)(cid:3)(cid:3)(cid:889)(cid:3),(cid:883)(cid:882)(cid:882)(cid:481)(cid:882)(cid:882),(cid:3)(cid:3)(cid:3)(cid:3)(cid:3)(cid:3)(cid:3)(cid:3)(cid:3)(cid:3)(cid:3)(cid:3)(cid:3)(cid:3)(cid:3)(cid:3)(cid:3)(cid:3)(cid:3)(cid:3)(cid:3)(cid:3)(cid:3)(cid:3)(cid:3)(cid:3)(cid:3)(cid:3)(cid:3)(cid:3)(cid:3)(cid:3)(cid:3)(cid:3)(cid:3)(cid:3)(cid:3)(cid:3)(cid:3)(cid:3)(cid:891)(cid:3)(cid:888),(cid:3)(cid:3)(cid:3)(cid:3)(cid:3)(cid:3)(cid:3)(cid:3)(cid:3)(cid:3)(cid:3)(cid:3)(cid:3)(cid:3)(cid:3)(cid:3)(cid:3)(cid:3)(cid:3)(cid:3)(cid:3)(cid:3)(cid:3)(cid:3)(cid:3)(cid:3)(cid:3)(cid:3)(cid:3)(cid:3)(cid:3)(cid:3)(cid:3)(cid:3)(cid:3)(cid:3)(cid:3)(cid:3)(cid:3)(cid:3)(cid:891)(cid:3)(cid:888),(cid:883)(cid:882)(cid:882)(cid:481)(cid:882)(cid:882),,,,,,,,,,,,,,,,,,,,,,,,,,,
(cid:883)(cid:883),(cid:3)(cid:7)(cid:14)(cid:12)(cid:3)(cid:13)(cid:131)(cid:141)(cid:131)(cid:148)(cid:150)(cid:131),(cid:3)(cid:3)(cid:3)(cid:3)(cid:3)(cid:3)(cid:3)(cid:3)(cid:3)(cid:3)(cid:3)(cid:3)(cid:3)(cid:3)(cid:3)(cid:3)(cid:3)(cid:3)(cid:3)(cid:3)(cid:3)(cid:3)(cid:3)(cid:3)(cid:3)(cid:3)(cid:3)(cid:3)(cid:3)(cid:3)(cid:3)(cid:3)(cid:3)(cid:3)(cid:3)(cid:3)(cid:3)(cid:3)(cid:3)(cid:3)(cid:3)(cid:3)(cid:888)(cid:3),(cid:3)(cid:3)(cid:3)(cid:3)(cid:3)(cid:3)(cid:3)(cid:3)(cid:3)(cid:3)(cid:3)(cid:3)(cid:3)(cid:3)(cid:3)(cid:3)(cid:3)(cid:3)(cid:3)(cid:3)(cid:3)(cid:3)(cid:3)(cid:3)(cid:3)(cid:3)(cid:3)(cid:3)(cid:3)(cid:3)(cid:3)(cid:3)(cid:3)(cid:3)(cid:3)(cid:3)(cid:3)(cid:3)(cid:3)(cid:3)(cid:3)(cid:3)(cid:888)(cid:3),(cid:883)(cid:882)(cid:882)(cid:481)(cid:882)(cid:882),(cid:3)(cid:3)(cid:3)(cid:3)(cid:3)(cid:3)(cid:3)(cid:3)(cid:3)(cid:3)(cid:3)(cid:3)(cid:3)(cid:3)(cid:3)(cid:3)(cid:3)(cid:3)(cid:3)(cid:3)(cid:3)(cid:3)(cid:3)(cid:3)(cid:3)(cid:3)(cid:3)(cid:3)(cid:3)(cid:3)(cid:3)(cid:3)(cid:3)(cid:3)(cid:3)(cid:3)(cid:3)(cid:3)(cid:3)(cid:3)(cid:886)(cid:3)(cid:886),(cid:3)(cid:3)(cid:3)(cid:3)(cid:3)(cid:3)(cid:3)(cid:3)(cid:3)(cid:3)(cid:3)(cid:3)(cid:3)(cid:3)(cid:3)(cid:3)(cid:3)(cid:3)(cid:3)(cid:3)(cid:3)(cid:3)(cid:3)(cid:3)(cid:3)(cid:3)(cid:3)(cid:3)(cid:3)(cid:3)(cid:3)(cid:3)(cid:3)(cid:3)(cid:3)(cid:3)(cid:3)(cid:3)(cid:3)(cid:3)(cid:886)(cid:3)(cid:886),(cid:883)(cid:882)(cid:882)(cid:481)(cid:882)(cid:882),,,,,,,,,,,,,,,,,,,,,,,,,,,
(cid:883)(cid:884),(cid:3)(cid:13)(cid:131)(cid:153)(cid:131)(cid:3)(cid:5)(cid:131)(cid:148)(cid:131)(cid:150),(cid:3)(cid:3)(cid:3)(cid:3)(cid:3)(cid:3)(cid:3)(cid:3)(cid:3)(cid:3)(cid:3)(cid:3)(cid:3)(cid:3)(cid:3)(cid:3)(cid:3)(cid:3)(cid:3)(cid:3)(cid:3)(cid:3)(cid:3)(cid:3)(cid:3)(cid:3)(cid:3)(cid:3)(cid:3)(cid:3)(cid:3)(cid:3)(cid:3)(cid:3)(cid:3)(cid:3)(cid:3)(cid:3)(cid:3)(cid:3)(cid:884)(cid:889),(cid:3)(cid:3)(cid:3)(cid:3)(cid:3)(cid:3)(cid:3)(cid:3)(cid:3)(cid:3)(cid:3)(cid:3)(cid:3)(cid:3)(cid:3)(cid:3)(cid:3)(cid:3)(cid:3)(cid:3)(cid:3)(cid:3)(cid:3)(cid:3)(cid:3)(cid:3)(cid:3)(cid:3)(cid:3)(cid:3)(cid:3)(cid:3)(cid:3)(cid:3)(cid:3)(cid:3)(cid:3)(cid:3)(cid:3)(cid:3)(cid:884)(cid:889),(cid:883)(cid:882)(cid:882)(cid:481)(cid:882)(cid:882),(cid:3)(cid:3)(cid:3)(cid:3)(cid:3)(cid:3)(cid:3)(cid:3)(cid:3)(cid:3)(cid:3)(cid:3)(cid:3)(cid:3)(cid:3)(cid:3)(cid:3)(cid:3)(cid:3)(cid:3)(cid:3)(cid:3)(cid:3)(cid:3)(cid:3)(cid:3)(cid:3)(cid:3)(cid:3)(cid:3)(cid:3)(cid:3)(cid:3)(cid:3)(cid:883)(cid:3)(cid:484)(cid:883)(cid:882)(cid:888),(cid:3)(cid:3)(cid:3)(cid:3)(cid:3)(cid:3)(cid:3)(cid:3)(cid:3)(cid:3)(cid:3)(cid:3)(cid:3)(cid:3)(cid:3)(cid:3)(cid:3)(cid:3)(cid:3)(cid:3)(cid:3)(cid:3)(cid:3)(cid:3)(cid:3)(cid:3)(cid:3)(cid:3)(cid:3)(cid:3)(cid:3)(cid:3)(cid:3)(cid:3)(cid:883)(cid:3)(cid:484)(cid:883)(cid:882)(cid:888),(cid:883)(cid:882)(cid:882)(cid:481)(cid:882)(cid:882),,,,,,,,,,,,,,,,,,,,,,,,,,,
(cid:883)(cid:885),(cid:3)(cid:13)(cid:131)(cid:153)(cid:131)(cid:3)(cid:23)(cid:135)(cid:144)(cid:137)(cid:131)(cid:138),(cid:3)(cid:3)(cid:3)(cid:3)(cid:3)(cid:3)(cid:3)(cid:3)(cid:3)(cid:3)(cid:3)(cid:3)(cid:3)(cid:3)(cid:3)(cid:3)(cid:3)(cid:3)(cid:3)(cid:3)(cid:3)(cid:3)(cid:3)(cid:3)(cid:3)(cid:3)(cid:3)(cid:3)(cid:3)(cid:3)(cid:3)(cid:3)(cid:3)(cid:3)(cid:3)(cid:3)(cid:3)(cid:3)(cid:3)(cid:3)(cid:885)(cid:887),(cid:3)(cid:3)(cid:3)(cid:3)(cid:3)(cid:3)(cid:3)(cid:3)(cid:3)(cid:3)(cid:3)(cid:3)(cid:3)(cid:3)(cid:3)(cid:3)(cid:3)(cid:3)(cid:3)(cid:3)(cid:3)(cid:3)(cid:3)(cid:3)(cid:3)(cid:3)(cid:3)(cid:3)(cid:3)(cid:3)(cid:3)(cid:3)(cid:3)(cid:3)(cid:3)(cid:3)(cid:3)(cid:3)(cid:3)(cid:3)(cid:885)(cid:887),(cid:883)(cid:882)(cid:882)(cid:481)(cid:882)(cid:882),(cid:3)(cid:3)(cid:3)(cid:3)(cid:3)(cid:3)(cid:3)(cid:3)(cid:3)(cid:3)(cid:3)(cid:3)(cid:3)(cid:3)(cid:3)(cid:3)(cid:3)(cid:3)(cid:3)(cid:3)(cid:3)(cid:3)(cid:3)(cid:3)(cid:3)(cid:3)(cid:3)(cid:3)(cid:3)(cid:3)(cid:3)(cid:3)(cid:3)(cid:3)(cid:3)(cid:3)(cid:3)(cid:3)(cid:890)(cid:890)(cid:883),(cid:3)(cid:3)(cid:3)(cid:3)(cid:3)(cid:3)(cid:3)(cid:3)(cid:3)(cid:3)(cid:3)(cid:3)(cid:3)(cid:3)(cid:3)(cid:3)(cid:3)(cid:3)(cid:3)(cid:3)(cid:3)(cid:3)(cid:3)(cid:3)(cid:3)(cid:3)(cid:3)(cid:3)(cid:3)(cid:3)(cid:3)(cid:3)(cid:3)(cid:3)(cid:3)(cid:3)(cid:3)(cid:3)(cid:890)(cid:890)(cid:883),(cid:883)(cid:882)(cid:882)(cid:481)(cid:882)(cid:882),,,,,,,,,,,,,,,,,,,,,,,,,,,
(cid:883)(cid:886),(cid:3)(cid:7)(cid:12)(cid:3)(cid:28)(cid:145)(cid:137)(cid:155)(cid:131)(cid:141)(cid:131)(cid:148)(cid:150)(cid:131),(cid:3)(cid:3)(cid:3)(cid:3)(cid:3)(cid:3)(cid:3)(cid:3)(cid:3)(cid:3)(cid:3)(cid:3)(cid:3)(cid:3)(cid:3)(cid:3)(cid:3)(cid:3)(cid:3)(cid:3)(cid:3)(cid:3)(cid:3)(cid:3)(cid:3)(cid:3)(cid:3)(cid:3)(cid:3)(cid:3)(cid:3)(cid:3)(cid:3)(cid:3)(cid:3)(cid:3)(cid:3)(cid:3)(cid:3)(cid:3)(cid:3)(cid:3)(cid:887)(cid:3),(cid:3)(cid:3)(cid:3)(cid:3)(cid:3)(cid:3)(cid:3)(cid:3)(cid:3)(cid:3)(cid:3)(cid:3)(cid:3)(cid:3)(cid:3)(cid:3)(cid:3)(cid:3)(cid:3)(cid:3)(cid:3)(cid:3)(cid:3)(cid:3)(cid:3)(cid:3)(cid:3)(cid:3)(cid:3)(cid:3)(cid:3)(cid:3)(cid:3)(cid:3)(cid:3)(cid:3)(cid:3)(cid:3)(cid:3)(cid:3)(cid:3)(cid:3)(cid:887)(cid:3),(cid:883)(cid:882)(cid:882)(cid:481)(cid:882)(cid:882),(cid:3)(cid:3)(cid:3)(cid:3)(cid:3)(cid:3)(cid:3)(cid:3)(cid:3)(cid:3)(cid:3)(cid:3)(cid:3)(cid:3)(cid:3)(cid:3)(cid:3)(cid:3)(cid:3)(cid:3)(cid:3)(cid:3)(cid:3)(cid:3)(cid:3)(cid:3)(cid:3)(cid:3)(cid:3)(cid:3)(cid:3)(cid:3)(cid:3)(cid:3)(cid:3)(cid:3)(cid:3)(cid:3)(cid:883)(cid:884)(cid:883),(cid:3)(cid:3)(cid:3)(cid:3)(cid:3)(cid:3)(cid:3)(cid:3)(cid:3)(cid:3)(cid:3)(cid:3)(cid:3)(cid:3)(cid:3)(cid:3)(cid:3)(cid:3)(cid:3)(cid:3)(cid:3)(cid:3)(cid:3)(cid:3)(cid:3)(cid:3)(cid:3)(cid:3)(cid:3)(cid:3)(cid:3)(cid:3)(cid:3)(cid:3)(cid:3)(cid:3)(cid:3)(cid:3)(cid:883)(cid:884)(cid:883),(cid:883)(cid:882)(cid:882)(cid:481)(cid:882)(cid:882),,,,,,,,,,,,,,,,,,,,,,,,,,,
(cid:883)(cid:887),(cid:3)(cid:13)(cid:131)(cid:153)(cid:131)(cid:3)(cid:23)(cid:139)(cid:143)(cid:151)(cid:148),(cid:3)(cid:3)(cid:3)(cid:3)(cid:3)(cid:3)(cid:3)(cid:3)(cid:3)(cid:3)(cid:3)(cid:3)(cid:3)(cid:3)(cid:3)(cid:3)(cid:3)(cid:3)(cid:3)(cid:3)(cid:3)(cid:3)(cid:3)(cid:3)(cid:3)(cid:3)(cid:3)(cid:3)(cid:3)(cid:3)(cid:3)(cid:3)(cid:3)(cid:3)(cid:3)(cid:3)(cid:3)(cid:3)(cid:3)(cid:3)(cid:885)(cid:890),(cid:3)(cid:3)(cid:3)(cid:3)(cid:3)(cid:3)(cid:3)(cid:3)(cid:3)(cid:3)(cid:3)(cid:3)(cid:3)(cid:3)(cid:3)(cid:3)(cid:3)(cid:3)(cid:3)(cid:3)(cid:3)(cid:3)(cid:3)(cid:3)(cid:3)(cid:3)(cid:3)(cid:3)(cid:3)(cid:3)(cid:3)(cid:3)(cid:3)(cid:3)(cid:3)(cid:3)(cid:3)(cid:3)(cid:3)(cid:3)(cid:885)(cid:887),(cid:891)(cid:884)(cid:481)(cid:883)(cid:883),(cid:3)(cid:3)(cid:3)(cid:3)(cid:3)(cid:3)(cid:3)(cid:3)(cid:3)(cid:3)(cid:3)(cid:3)(cid:3)(cid:3)(cid:3)(cid:3)(cid:3)(cid:3)(cid:3)(cid:3)(cid:3)(cid:3)(cid:3)(cid:3)(cid:3)(cid:3)(cid:3)(cid:3)(cid:3)(cid:3)(cid:3)(cid:3)(cid:3)(cid:3)(cid:3)(cid:3)(cid:3)(cid:3)(cid:891)(cid:889)(cid:885),(cid:3)(cid:3)(cid:3)(cid:3)(cid:3)(cid:3)(cid:3)(cid:3)(cid:3)(cid:3)(cid:3)(cid:3)(cid:3)(cid:3)(cid:3)(cid:3)(cid:3)(cid:3)(cid:3)(cid:3)(cid:3)(cid:3)(cid:3)(cid:3)(cid:3)(cid:3)(cid:3)(cid:3)(cid:3)(cid:3)(cid:3)(cid:3)(cid:3)(cid:3)(cid:3)(cid:3)(cid:3)(cid:3)(cid:891)(cid:883)(cid:890),(cid:891)(cid:886)(cid:481)(cid:885)(cid:887),,,,,,,,,,,,,,,,,,,,,,,,,,,
(cid:883)(cid:888) (cid:883)(cid:889),(cid:3)(cid:5)(cid:131)(cid:144)(cid:150)(cid:135)(cid:144) (cid:3)(cid:5)(cid:131)(cid:142)(cid:139),(cid:3)(cid:3)(cid:3)(cid:3)(cid:3)(cid:3)(cid:3)(cid:3)(cid:3)(cid:3)(cid:3)(cid:3)(cid:3)(cid:3)(cid:3)(cid:3)(cid:3)(cid:3)(cid:3)(cid:3)(cid:3)(cid:3)(cid:3)(cid:3)(cid:3)(cid:3)(cid:3)(cid:3)(cid:3)(cid:3)(cid:3)(cid:3)(cid:3)(cid:3)(cid:3)(cid:3)(cid:3)(cid:3)(cid:3)(cid:3)(cid:3)(cid:3)(cid:890)(cid:3),(cid:3)(cid:3)(cid:3)(cid:3)(cid:3)(cid:3)(cid:3)(cid:3)(cid:3)(cid:3)(cid:3)(cid:3)(cid:3)(cid:3)(cid:3)(cid:3)(cid:3)(cid:3)(cid:3)(cid:3)(cid:3)(cid:3)(cid:3)(cid:3)(cid:3)(cid:3)(cid:3)(cid:3)(cid:3)(cid:3)(cid:3)(cid:3)(cid:3)(cid:3)(cid:3)(cid:3)(cid:3)(cid:3)(cid:3)(cid:3)(cid:3)(cid:3)(cid:890)(cid:3),(cid:883)(cid:882)(cid:882)(cid:481)(cid:882)(cid:882),(cid:3)(cid:3)(cid:3)(cid:3)(cid:3)(cid:3)(cid:3)(cid:3)(cid:3)(cid:3)(cid:3)(cid:3)(cid:3)(cid:3)(cid:3)(cid:3)(cid:3)(cid:3)(cid:3)(cid:3)(cid:3)(cid:3)(cid:3)(cid:3)(cid:3)(cid:3)(cid:3)(cid:3)(cid:3)(cid:3)(cid:3)(cid:3)(cid:3)(cid:3)(cid:3)(cid:3)(cid:3)(cid:3)(cid:884)(cid:887)(cid:885),(cid:3)(cid:3)(cid:3)(cid:3)(cid:3)(cid:3)(cid:3)(cid:3)(cid:3)(cid:3)(cid:3)(cid:3)(cid:3)(cid:3)(cid:3)(cid:3)(cid:3)(cid:3)(cid:3)(cid:3)(cid:3)(cid:3)(cid:3)(cid:3)(cid:3)(cid:3)(cid:3)(cid:3)(cid:3)(cid:3)(cid:3)(cid:3)(cid:3)(cid:3)(cid:3)(cid:3)(cid:3)(cid:3)(cid:884)(cid:887)(cid:885),(cid:883)(cid:882)(cid:882)(cid:481)(cid:882)(cid:882),,,,,,,,,,,,,,,,,,,,,,,,,,,
,,(cid:3)(cid:3)(cid:3)(cid:3)(cid:3)(cid:3)(cid:3)(cid:3)(cid:3)(cid:3)(cid:3)(cid:3)(cid:3)(cid:3)(cid:3)(cid:3)(cid:3)(cid:3)(cid:3)(cid:3)(cid:3)(cid:3)(cid:3)(cid:3)(cid:3)(cid:3)(cid:3)(cid:3)(cid:3)(cid:3)(cid:3)(cid:3)(cid:3)(cid:3)(cid:3)(cid:3)(cid:3)(cid:3)(cid:3)(cid:3)(cid:3)(cid:3)(cid:891)(cid:3),(cid:3)(cid:3)(cid:3)(cid:3)(cid:3)(cid:3)(cid:3)(cid:3)(cid:3)(cid:3)(cid:3)(cid:3)(cid:3)(cid:3)(cid:3)(cid:3)(cid:3)(cid:3)(cid:3)(cid:3)(cid:3)(cid:3)(cid:3)(cid:3)(cid:3)(cid:3)(cid:3)(cid:3)(cid:3)(cid:3)(cid:3)(cid:3)(cid:3)(cid:3)(cid:3)(cid:3)(cid:3)(cid:3)(cid:3)(cid:3)(cid:3)(cid:3)(cid:891)(cid:3),(cid:883)(cid:882)(cid:882)(cid:481)(cid:882)(cid:882),(cid:3)(cid:3)(cid:3)(cid:3)(cid:3)(cid:3)(cid:3)(cid:3)(cid:3)(cid:3)(cid:3)(cid:3)(cid:3)(cid:3)(cid:3)(cid:3)(cid:3)(cid:3)(cid:3)(cid:3)(cid:3)(cid:3)(cid:3)(cid:3)(cid:3)(cid:3)(cid:3)(cid:3)(cid:3)(cid:3)(cid:3)(cid:3)(cid:3)(cid:3)(cid:3)(cid:3)(cid:3)(cid:3)(cid:883)(cid:884)(cid:882),(cid:3)(cid:3)(cid:3)(cid:3)(cid:3)(cid:3)(cid:3)(cid:3)(cid:3)(cid:3)(cid:3)(cid:3)(cid:3)(cid:3)(cid:3)(cid:3)(cid:3)(cid:3)(cid:3)(cid:3)(cid:3)(cid:3)(cid:3)(cid:3)(cid:3)(cid:3)(cid:3)(cid:3)(cid:3)(cid:3)(cid:3)(cid:3)(cid:3)(cid:3)(cid:3)(cid:3)(cid:3)(cid:3)(cid:883)(cid:884)(cid:882),(cid:883)(cid:882)(cid:882)(cid:481)(cid:882)(cid:882),,,,,,,,,,,,,,,,,,,,,,,,,,,
(cid:883)(cid:890),(cid:3)(cid:17)(cid:151)(cid:149)(cid:131)(cid:3)(cid:23)(cid:135)(cid:144)(cid:137)(cid:137)(cid:131)(cid:148)(cid:131)(cid:3)(cid:5)(cid:131)(cid:148)(cid:131)(cid:150),(cid:3)(cid:3)(cid:3)(cid:3)(cid:3)(cid:3)(cid:3)(cid:3)(cid:3)(cid:3)(cid:3)(cid:3)(cid:3)(cid:3)(cid:3)(cid:3)(cid:3)(cid:3)(cid:3)(cid:3)(cid:3)(cid:3)(cid:3)(cid:3)(cid:3)(cid:3)(cid:3)(cid:3)(cid:3)(cid:3)(cid:3)(cid:3)(cid:3)(cid:3)(cid:3)(cid:3)(cid:3)(cid:3)(cid:3)(cid:3)(cid:883)(cid:882),(cid:3)(cid:3)(cid:3)(cid:3)(cid:3)(cid:3)(cid:3)(cid:3)(cid:3)(cid:3)(cid:3)(cid:3)(cid:3)(cid:3)(cid:3)(cid:3)(cid:3)(cid:3)(cid:3)(cid:3)(cid:3)(cid:3)(cid:3)(cid:3)(cid:3)(cid:3)(cid:3)(cid:3)(cid:3)(cid:3)(cid:3)(cid:3)(cid:3)(cid:3)(cid:3)(cid:3)(cid:3)(cid:3)(cid:3)(cid:3)(cid:883)(cid:882),(cid:883)(cid:882)(cid:882)(cid:481)(cid:882)(cid:882),(cid:3)(cid:3)(cid:3)(cid:3)(cid:3)(cid:3)(cid:3)(cid:3)(cid:3)(cid:3)(cid:3)(cid:3)(cid:3)(cid:3)(cid:3)(cid:3)(cid:3)(cid:3)(cid:3)(cid:3)(cid:3)(cid:3)(cid:3)(cid:3)(cid:3)(cid:3)(cid:3)(cid:3)(cid:3)(cid:3)(cid:3)(cid:3)(cid:3)(cid:3)(cid:3)(cid:3)(cid:3)(cid:3)(cid:883)(cid:889)(cid:889),(cid:3)(cid:3)(cid:3)(cid:3)(cid:3)(cid:3)(cid:3)(cid:3)(cid:3)(cid:3)(cid:3)(cid:3)(cid:3)(cid:3)(cid:3)(cid:3)(cid:3)(cid:3)(cid:3)(cid:3)(cid:3)(cid:3)(cid:3)(cid:3)(cid:3)(cid:3)(cid:3)(cid:3)(cid:3)(cid:3)(cid:3)(cid:3)(cid:3)(cid:3)(cid:3)(cid:3)(cid:3)(cid:3)(cid:883)(cid:889)(cid:889),(cid:883)(cid:882)(cid:882)(cid:481)(cid:882)(cid:882),,,,,,,,,,,,,,,,,,,,,,,,,,,
(cid:883)(cid:891),(cid:3)(cid:17)(cid:151)(cid:149)(cid:131)(cid:3)(cid:23)(cid:135)(cid:144)(cid:137)(cid:137)(cid:131)(cid:148)(cid:131)(cid:3)(cid:23)(cid:139)(cid:143)(cid:151)(cid:148),(cid:3)(cid:3)(cid:3)(cid:3)(cid:3)(cid:3)(cid:3)(cid:3)(cid:3)(cid:3)(cid:3)(cid:3)(cid:3)(cid:3)(cid:3)(cid:3)(cid:3)(cid:3)(cid:3)(cid:3)(cid:3)(cid:3)(cid:3)(cid:3)(cid:3)(cid:3)(cid:3)(cid:3)(cid:3)(cid:3)(cid:3)(cid:3)(cid:3)(cid:3)(cid:3)(cid:3)(cid:3)(cid:3)(cid:3)(cid:3)(cid:884)(cid:884),(cid:3)(cid:3)(cid:3)(cid:3)(cid:3)(cid:3)(cid:3)(cid:3)(cid:3)(cid:3)(cid:3)(cid:3)(cid:3)(cid:3)(cid:3)(cid:3)(cid:3)(cid:3)(cid:3)(cid:3)(cid:3)(cid:3)(cid:3)(cid:3)(cid:3)(cid:3)(cid:3)(cid:3)(cid:3)(cid:3)(cid:3)(cid:3)(cid:3)(cid:3)(cid:3)(cid:3)(cid:3)(cid:3)(cid:3)(cid:3)(cid:883)(cid:889),(cid:889)(cid:889)(cid:481)(cid:884)(cid:889),(cid:3)(cid:3)(cid:3)(cid:3)(cid:3)(cid:3)(cid:3)(cid:3)(cid:3)(cid:3)(cid:3)(cid:3)(cid:3)(cid:3)(cid:3)(cid:3)(cid:3)(cid:3)(cid:3)(cid:3)(cid:3)(cid:3)(cid:3)(cid:3)(cid:3)(cid:3)(cid:3)(cid:3)(cid:3)(cid:3)(cid:3)(cid:3)(cid:3)(cid:3)(cid:3)(cid:3)(cid:3)(cid:3)(cid:886)(cid:885)(cid:887),(cid:3)(cid:3)(cid:3)(cid:3)(cid:3)(cid:3)(cid:3)(cid:3)(cid:3)(cid:3)(cid:3)(cid:3)(cid:3)(cid:3)(cid:3)(cid:3)(cid:3)(cid:3)(cid:3)(cid:3)(cid:3)(cid:3)(cid:3)(cid:3)(cid:3)(cid:3)(cid:3)(cid:3)(cid:3)(cid:3)(cid:3)(cid:3)(cid:3)(cid:3)(cid:3)(cid:3)(cid:3)(cid:3)(cid:885)(cid:886)(cid:885),(cid:889)(cid:890)(cid:481)(cid:890)(cid:887),,,,,,,,,,,,,,,,,,,,,,,,,,,
(cid:884)(cid:882),(cid:3)(cid:14)(cid:131)(cid:142)(cid:139)(cid:143)(cid:131)(cid:144)(cid:150)(cid:131)(cid:144)(cid:3)(cid:5)(cid:131)(cid:148)(cid:131)(cid:150),(cid:3)(cid:3)(cid:3)(cid:3)(cid:3)(cid:3)(cid:3)(cid:3)(cid:3)(cid:3)(cid:3)(cid:3)(cid:3)(cid:3)(cid:3)(cid:3)(cid:3)(cid:3)(cid:3)(cid:3)(cid:3)(cid:3)(cid:3)(cid:3)(cid:3)(cid:3)(cid:3)(cid:3)(cid:3)(cid:3)(cid:3)(cid:3)(cid:3)(cid:3)(cid:3)(cid:3)(cid:3)(cid:3)(cid:3)(cid:3)(cid:883)(cid:886),(cid:3)(cid:3)(cid:3)(cid:3)(cid:3)(cid:3)(cid:3)(cid:3)(cid:3)(cid:3)(cid:3)(cid:3)(cid:3)(cid:3)(cid:3)(cid:3)(cid:3)(cid:3)(cid:3)(cid:3)(cid:3)(cid:3)(cid:3)(cid:3)(cid:3)(cid:3)(cid:3)(cid:3)(cid:3)(cid:3)(cid:3)(cid:3)(cid:3)(cid:3)(cid:3)(cid:3)(cid:3)(cid:3)(cid:3)(cid:3)(cid:883)(cid:886),(cid:883)(cid:882)(cid:882)(cid:481)(cid:882)(cid:882),(cid:3)(cid:3)(cid:3)(cid:3)(cid:3)(cid:3)(cid:3)(cid:3)(cid:3)(cid:3)(cid:3)(cid:3)(cid:3)(cid:3)(cid:3)(cid:3)(cid:3)(cid:3)(cid:3)(cid:3)(cid:3)(cid:3)(cid:3)(cid:3)(cid:3)(cid:3)(cid:3)(cid:3)(cid:3)(cid:3)(cid:3)(cid:3)(cid:3)(cid:3)(cid:3)(cid:3)(cid:3)(cid:3)(cid:884)(cid:886)(cid:891),(cid:3)(cid:3)(cid:3)(cid:3)(cid:3)(cid:3)(cid:3)(cid:3)(cid:3)(cid:3)(cid:3)(cid:3)(cid:3)(cid:3)(cid:3)(cid:3)(cid:3)(cid:3)(cid:3)(cid:3)(cid:3)(cid:3)(cid:3)(cid:3)(cid:3)(cid:3)(cid:3)(cid:3)(cid:3)(cid:3)(cid:3)(cid:3)(cid:3)(cid:3)(cid:3)(cid:3)(cid:3)(cid:3)(cid:884)(cid:886)(cid:891),(cid:883)(cid:882)(cid:882)(cid:481)(cid:882)(cid:882),,,,,,,,,,,,,,,,,,,,,,,,,,,
(cid:884)(cid:883),(cid:3)(cid:14)(cid:131)(cid:142)(cid:139)(cid:143)(cid:131)(cid:144)(cid:150)(cid:131)(cid:144)(cid:3)(cid:23)(cid:135)(cid:144)(cid:137)(cid:131)(cid:138),(cid:3)(cid:3)(cid:3)(cid:3)(cid:3)(cid:3)(cid:3)(cid:3)(cid:3)(cid:3)(cid:3)(cid:3)(cid:3)(cid:3)(cid:3)(cid:3)(cid:3)(cid:3)(cid:3)(cid:3)(cid:3)(cid:3)(cid:3)(cid:3)(cid:3)(cid:3)(cid:3)(cid:3)(cid:3)(cid:3)(cid:3)(cid:3)(cid:3)(cid:3)(cid:3)(cid:3)(cid:3)(cid:3)(cid:3)(cid:3)(cid:883)(cid:886),(cid:3)(cid:3)(cid:3)(cid:3)(cid:3)(cid:3)(cid:3)(cid:3)(cid:3)(cid:3)(cid:3)(cid:3)(cid:3)(cid:3)(cid:3)(cid:3)(cid:3)(cid:3)(cid:3)(cid:3)(cid:3)(cid:3)(cid:3)(cid:3)(cid:3)(cid:3)(cid:3)(cid:3)(cid:3)(cid:3)(cid:3)(cid:3)(cid:3)(cid:3)(cid:3)(cid:3)(cid:3)(cid:3)(cid:3)(cid:3)(cid:883)(cid:886),(cid:883)(cid:882)(cid:882)(cid:481)(cid:882)(cid:882),(cid:3)(cid:3)(cid:3)(cid:3)(cid:3)(cid:3)(cid:3)(cid:3)(cid:3)(cid:3)(cid:3)(cid:3)(cid:3)(cid:3)(cid:3)(cid:3)(cid:3)(cid:3)(cid:3)(cid:3)(cid:3)(cid:3)(cid:3)(cid:3)(cid:3)(cid:3)(cid:3)(cid:3)(cid:3)(cid:3)(cid:3)(cid:3)(cid:3)(cid:3)(cid:3)(cid:3)(cid:3)(cid:3)(cid:884)(cid:882)(cid:886),(cid:3)(cid:3)(cid:3)(cid:3)(cid:3)(cid:3)(cid:3)(cid:3)(cid:3)(cid:3)(cid:3)(cid:3)(cid:3)(cid:3)(cid:3)(cid:3)(cid:3)(cid:3)(cid:3)(cid:3)(cid:3)(cid:3)(cid:3)(cid:3)(cid:3)(cid:3)(cid:3)(cid:3)(cid:3)(cid:3)(cid:3)(cid:3)(cid:3)(cid:3)(cid:3)(cid:3)(cid:3)(cid:3)(cid:884)(cid:882)(cid:886),(cid:883)(cid:882)(cid:882)(cid:481)(cid:882)(cid:882),,,,,,,,,,,,,,,,,,,,,,,,,,,
(cid:884)(cid:884),(cid:3)(cid:14)(cid:131)(cid:142)(cid:139)(cid:143)(cid:131)(cid:144)(cid:150)(cid:131)(cid:144)(cid:3)(cid:22)(cid:135)(cid:142)(cid:131)(cid:150)(cid:131)(cid:144),(cid:3)(cid:3)(cid:3)(cid:3)(cid:3)(cid:3)(cid:3)(cid:3)(cid:3)(cid:3)(cid:3)(cid:3)(cid:3)(cid:3)(cid:3)(cid:3)(cid:3)(cid:3)(cid:3)(cid:3)(cid:3)(cid:3)(cid:3)(cid:3)(cid:3)(cid:3)(cid:3)(cid:3)(cid:3)(cid:3)(cid:3)(cid:3)(cid:3)(cid:3)(cid:3)(cid:3)(cid:3)(cid:3)(cid:3)(cid:3)(cid:883)(cid:885),(cid:3)(cid:3)(cid:3)(cid:3)(cid:3)(cid:3)(cid:3)(cid:3)(cid:3)(cid:3)(cid:3)(cid:3)(cid:3)(cid:3)(cid:3)(cid:3)(cid:3)(cid:3)(cid:3)(cid:3)(cid:3)(cid:3)(cid:3)(cid:3)(cid:3)(cid:3)(cid:3)(cid:3)(cid:3)(cid:3)(cid:3)(cid:3)(cid:3)(cid:3)(cid:3)(cid:3)(cid:3)(cid:3)(cid:3)(cid:3)(cid:883)(cid:885),(cid:883)(cid:882)(cid:882)(cid:481)(cid:882)(cid:882),(cid:3)(cid:3)(cid:3)(cid:3)(cid:3)(cid:3)(cid:3)(cid:3)(cid:3)(cid:3)(cid:3)(cid:3)(cid:3)(cid:3)(cid:3)(cid:3)(cid:3)(cid:3)(cid:3)(cid:3)(cid:3)(cid:3)(cid:3)(cid:3)(cid:3)(cid:3)(cid:3)(cid:3)(cid:3)(cid:3)(cid:3)(cid:3)(cid:3)(cid:3)(cid:3)(cid:3)(cid:3)(cid:3)(cid:884)(cid:886)(cid:884),(cid:3)(cid:3)(cid:3)(cid:3)(cid:3)(cid:3)(cid:3)(cid:3)(cid:3)(cid:3)(cid:3)(cid:3)(cid:3)(cid:3)(cid:3)(cid:3)(cid:3)(cid:3)(cid:3)(cid:3)(cid:3)(cid:3)(cid:3)(cid:3)(cid:3)(cid:3)(cid:3)(cid:3)(cid:3)(cid:3)(cid:3)(cid:3)(cid:3)(cid:3)(cid:3)(cid:3)(cid:3)(cid:3)(cid:884)(cid:886)(cid:884),(cid:883)(cid:882)(cid:882)(cid:481)(cid:882)(cid:882),,,,,,,,,,,,,,,,,,,,,,,,,,,
(cid:884)(cid:885),(cid:3)(cid:14)(cid:131)(cid:142)(cid:139)(cid:143)(cid:131)(cid:144)(cid:150)(cid:131)(cid:144)(cid:3)(cid:23)(cid:139)(cid:143)(cid:151)(cid:148),(cid:3)(cid:3)(cid:3)(cid:3)(cid:3)(cid:3)(cid:3)(cid:3)(cid:3)(cid:3)(cid:3)(cid:3)(cid:3)(cid:3)(cid:3)(cid:3)(cid:3)(cid:3)(cid:3)(cid:3)(cid:3)(cid:3)(cid:3)(cid:3)(cid:3)(cid:3)(cid:3)(cid:3)(cid:3)(cid:3)(cid:3)(cid:3)(cid:3)(cid:3)(cid:3)(cid:3)(cid:3)(cid:3)(cid:3)(cid:3)(cid:883)(cid:882),(cid:3)(cid:3)(cid:3)(cid:3)(cid:3)(cid:3)(cid:3)(cid:3)(cid:3)(cid:3)(cid:3)(cid:3)(cid:3)(cid:3)(cid:3)(cid:3)(cid:3)(cid:3)(cid:3)(cid:3)(cid:3)(cid:3)(cid:3)(cid:3)(cid:3)(cid:3)(cid:3)(cid:3)(cid:3)(cid:3)(cid:3)(cid:3)(cid:3)(cid:3)(cid:3)(cid:3)(cid:3)(cid:3)(cid:3)(cid:3)(cid:883)(cid:882),(cid:883)(cid:882)(cid:882)(cid:481)(cid:882)(cid:882),(cid:3)(cid:3)(cid:3)(cid:3)(cid:3)(cid:3)(cid:3)(cid:3)(cid:3)(cid:3)(cid:3)(cid:3)(cid:3)(cid:3)(cid:3)(cid:3)(cid:3)(cid:3)(cid:3)(cid:3)(cid:3)(cid:3)(cid:3)(cid:3)(cid:3)(cid:3)(cid:3)(cid:3)(cid:3)(cid:3)(cid:3)(cid:3)(cid:3)(cid:3)(cid:3)(cid:3)(cid:3)(cid:3)(cid:883)(cid:890)(cid:890),(cid:3)(cid:3)(cid:3)(cid:3)(cid:3)(cid:3)(cid:3)(cid:3)(cid:3)(cid:3)(cid:3)(cid:3)(cid:3)(cid:3)(cid:3)(cid:3)(cid:3)(cid:3)(cid:3)(cid:3)(cid:3)(cid:3)(cid:3)(cid:3)(cid:3)(cid:3)(cid:3)(cid:3)(cid:3)(cid:3)(cid:3)(cid:3)(cid:3)(cid:3)(cid:3)(cid:3)(cid:3)(cid:3)(cid:883)(cid:890)(cid:890),(cid:883)(cid:882)(cid:882)(cid:481)(cid:882)(cid:882),,,,,,,,,,,,,,,,,,,,,,,,,,,
(cid:884)(cid:886),(cid:3)(cid:14)(cid:131)(cid:142)(cid:139)(cid:143)(cid:131)(cid:144)(cid:150)(cid:131)(cid:144)(cid:3)(cid:24)(cid:150)(cid:131)(cid:148)(cid:131),(cid:3)(cid:3)(cid:3)(cid:3)(cid:3)(cid:3)(cid:3)(cid:3)(cid:3)(cid:3)(cid:3)(cid:3)(cid:3)(cid:3)(cid:3)(cid:3)(cid:3)(cid:3)(cid:3)(cid:3)(cid:3)(cid:3)(cid:3)(cid:3)(cid:3)(cid:3)(cid:3)(cid:3)(cid:3)(cid:3)(cid:3)(cid:3)(cid:3)(cid:3)(cid:3)(cid:3)(cid:3)(cid:3)(cid:3)(cid:3)(cid:3)(cid:3)(cid:887)(cid:3),(cid:3)(cid:3)(cid:3)(cid:3)(cid:3)(cid:3)(cid:3)(cid:3)(cid:3)(cid:3)(cid:3)(cid:3)(cid:3)(cid:3)(cid:3)(cid:3)(cid:3)(cid:3)(cid:3)(cid:3)(cid:3)(cid:3)(cid:3)(cid:3)(cid:3)(cid:3)(cid:3)(cid:3)(cid:3)(cid:3)(cid:3)(cid:3)(cid:3)(cid:3)(cid:3)(cid:3)(cid:3)(cid:3)(cid:3)(cid:3)(cid:3)(cid:3)(cid:886)(cid:3),(cid:890)(cid:882)(cid:481)(cid:882)(cid:882),(cid:3)(cid:3)(cid:3)(cid:3)(cid:3)(cid:3)(cid:3)(cid:3)(cid:3)(cid:3)(cid:3)(cid:3)(cid:3)(cid:3)(cid:3)(cid:3)(cid:3)(cid:3)(cid:3)(cid:3)(cid:3)(cid:3)(cid:3)(cid:3)(cid:3)(cid:3)(cid:3)(cid:3)(cid:3)(cid:3)(cid:3)(cid:3)(cid:3)(cid:3)(cid:3)(cid:3)(cid:3)(cid:3)(cid:3)(cid:3)(cid:887)(cid:3)(cid:890),(cid:3)(cid:3)(cid:3)(cid:3)(cid:3)(cid:3)(cid:3)(cid:3)(cid:3)(cid:3)(cid:3)(cid:3)(cid:3)(cid:3)(cid:3)(cid:3)(cid:3)(cid:3)(cid:3)(cid:3)(cid:3)(cid:3)(cid:3)(cid:3)(cid:3)(cid:3)(cid:3)(cid:3)(cid:3)(cid:3)(cid:3)(cid:3)(cid:3)(cid:3)(cid:3)(cid:3)(cid:3)(cid:3)(cid:3)(cid:3)(cid:887)(cid:3)(cid:890),(cid:883)(cid:882)(cid:882)(cid:481)(cid:882)(cid:882),,,,,,,,,,,,,,,,,,,,,,,,,,,
(cid:884)(cid:887),(cid:3)(cid:22)(cid:151)(cid:142)(cid:131)(cid:153)(cid:135)(cid:149)(cid:139)(cid:3)(cid:24)(cid:150)(cid:131)(cid:148)(cid:131),(cid:3)(cid:3)(cid:3)(cid:3)(cid:3)(cid:3)(cid:3)(cid:3)(cid:3)(cid:3)(cid:3)(cid:3)(cid:3)(cid:3)(cid:3)(cid:3)(cid:3)(cid:3)(cid:3)(cid:3)(cid:3)(cid:3)(cid:3)(cid:3)(cid:3)(cid:3)(cid:3)(cid:3)(cid:3)(cid:3)(cid:3)(cid:3)(cid:3)(cid:3)(cid:3)(cid:3)(cid:3)(cid:3)(cid:3)(cid:3)(cid:883)(cid:887),(cid:3)(cid:3)(cid:3)(cid:3)(cid:3)(cid:3)(cid:3)(cid:3)(cid:3)(cid:3)(cid:3)(cid:3)(cid:3)(cid:3)(cid:3)(cid:3)(cid:3)(cid:3)(cid:3)(cid:3)(cid:3)(cid:3)(cid:3)(cid:3)(cid:3)(cid:3)(cid:3)(cid:3)(cid:3)(cid:3)(cid:3)(cid:3)(cid:3)(cid:3)(cid:3)(cid:3)(cid:3)(cid:3)(cid:3)(cid:3)(cid:883)(cid:885),(cid:890)(cid:888)(cid:481)(cid:888)(cid:889),(cid:3)(cid:3)(cid:3)(cid:3)(cid:3)(cid:3)(cid:3)(cid:3)(cid:3)(cid:3)(cid:3)(cid:3)(cid:3)(cid:3)(cid:3)(cid:3)(cid:3)(cid:3)(cid:3)(cid:3)(cid:3)(cid:3)(cid:3)(cid:3)(cid:3)(cid:3)(cid:3)(cid:3)(cid:3)(cid:3)(cid:3)(cid:3)(cid:3)(cid:3)(cid:3)(cid:3)(cid:3)(cid:3)(cid:883)(cid:891)(cid:891),(cid:3)(cid:3)(cid:3)(cid:3)(cid:3)(cid:3)(cid:3)(cid:3)(cid:3)(cid:3)(cid:3)(cid:3)(cid:3)(cid:3)(cid:3)(cid:3)(cid:3)(cid:3)(cid:3)(cid:3)(cid:3)(cid:3)(cid:3)(cid:3)(cid:3)(cid:3)(cid:3)(cid:3)(cid:3)(cid:3)(cid:3)(cid:3)(cid:3)(cid:3)(cid:3)(cid:3)(cid:3)(cid:3)(cid:883)(cid:891)(cid:890),(cid:891)(cid:891)(cid:481)(cid:887)(cid:882),,,,,,,,,,,,,,,,,,,,,,,,,,,
(cid:884)(cid:888),(cid:3)(cid:22)(cid:151)(cid:142)(cid:131)(cid:153)(cid:135)(cid:149)(cid:139)(cid:3)(cid:23)(cid:135)(cid:144)(cid:137)(cid:131)(cid:138),(cid:3)(cid:3)(cid:3)(cid:3)(cid:3)(cid:3)(cid:3)(cid:3)(cid:3)(cid:3)(cid:3)(cid:3)(cid:3)(cid:3)(cid:3)(cid:3)(cid:3)(cid:3)(cid:3)(cid:3)(cid:3)(cid:3)(cid:3)(cid:3)(cid:3)(cid:3)(cid:3)(cid:3)(cid:3)(cid:3)(cid:3)(cid:3)(cid:3)(cid:3)(cid:3)(cid:3)(cid:3)(cid:3)(cid:3)(cid:3)(cid:883)(cid:885),(cid:3)(cid:3)(cid:3)(cid:3)(cid:3)(cid:3)(cid:3)(cid:3)(cid:3)(cid:3)(cid:3)(cid:3)(cid:3)(cid:3)(cid:3)(cid:3)(cid:3)(cid:3)(cid:3)(cid:3)(cid:3)(cid:3)(cid:3)(cid:3)(cid:3)(cid:3)(cid:3)(cid:3)(cid:3)(cid:3)(cid:3)(cid:3)(cid:3)(cid:3)(cid:3)(cid:3)(cid:3)(cid:3)(cid:3)(cid:3)(cid:883)(cid:885),(cid:883)(cid:882)(cid:882)(cid:481)(cid:882)(cid:882),(cid:3)(cid:3)(cid:3)(cid:3)(cid:3)(cid:3)(cid:3)(cid:3)(cid:3)(cid:3)(cid:3)(cid:3)(cid:3)(cid:3)(cid:3)(cid:3)(cid:3)(cid:3)(cid:3)(cid:3)(cid:3)(cid:3)(cid:3)(cid:3)(cid:3)(cid:3)(cid:3)(cid:3)(cid:3)(cid:3)(cid:3)(cid:3)(cid:3)(cid:3)(cid:3)(cid:3)(cid:3)(cid:3)(cid:884)(cid:883)(cid:891),(cid:3)(cid:3)(cid:3)(cid:3)(cid:3)(cid:3)(cid:3)(cid:3)(cid:3)(cid:3)(cid:3)(cid:3)(cid:3)(cid:3)(cid:3)(cid:3)(cid:3)(cid:3)(cid:3)(cid:3)(cid:3)(cid:3)(cid:3)(cid:3)(cid:3)(cid:3)(cid:3)(cid:3)(cid:3)(cid:3)(cid:3)(cid:3)(cid:3)(cid:3)(cid:3)(cid:3)(cid:3)(cid:3)(cid:884)(cid:883)(cid:891),(cid:883)(cid:882)(cid:882)(cid:481)(cid:882)(cid:882),,,,,,,,,,,,,,,,,,,,,,,,,,,
(cid:884)(cid:889),(cid:3)(cid:22)(cid:151)(cid:142)(cid:131)(cid:153)(cid:135)(cid:149)(cid:139)(cid:3)(cid:22)(cid:135)(cid:142)(cid:131)(cid:150)(cid:131)(cid:144),(cid:3)(cid:3)(cid:3)(cid:3)(cid:3)(cid:3)(cid:3)(cid:3)(cid:3)(cid:3)(cid:3)(cid:3)(cid:3)(cid:3)(cid:3)(cid:3)(cid:3)(cid:3)(cid:3)(cid:3)(cid:3)(cid:3)(cid:3)(cid:3)(cid:3)(cid:3)(cid:3)(cid:3)(cid:3)(cid:3)(cid:3)(cid:3)(cid:3)(cid:3)(cid:3)(cid:3)(cid:3)(cid:3)(cid:3)(cid:3)(cid:884)(cid:886),(cid:3)(cid:3)(cid:3)(cid:3)(cid:3)(cid:3)(cid:3)(cid:3)(cid:3)(cid:3)(cid:3)(cid:3)(cid:3)(cid:3)(cid:3)(cid:3)(cid:3)(cid:3)(cid:3)(cid:3)(cid:3)(cid:3)(cid:3)(cid:3)(cid:3)(cid:3)(cid:3)(cid:3)(cid:3)(cid:3)(cid:3)(cid:3)(cid:3)(cid:3)(cid:3)(cid:3)(cid:3)(cid:3)(cid:3)(cid:3)(cid:884)(cid:886),(cid:883)(cid:882)(cid:882)(cid:481)(cid:882)(cid:882),(cid:3)(cid:3)(cid:3)(cid:3)(cid:3)(cid:3)(cid:3)(cid:3)(cid:3)(cid:3)(cid:3)(cid:3)(cid:3)(cid:3)(cid:3)(cid:3)(cid:3)(cid:3)(cid:3)(cid:3)(cid:3)(cid:3)(cid:3)(cid:3)(cid:3)(cid:3)(cid:3)(cid:3)(cid:3)(cid:3)(cid:3)(cid:3)(cid:3)(cid:3)(cid:3)(cid:3)(cid:3)(cid:3)(cid:886)(cid:889)(cid:886),(cid:3)(cid:3)(cid:3)(cid:3)(cid:3)(cid:3)(cid:3)(cid:3)(cid:3)(cid:3)(cid:3)(cid:3)(cid:3)(cid:3)(cid:3)(cid:3)(cid:3)(cid:3)(cid:3)(cid:3)(cid:3)(cid:3)(cid:3)(cid:3)(cid:3)(cid:3)(cid:3)(cid:3)(cid:3)(cid:3)(cid:3)(cid:3)(cid:3)(cid:3)(cid:3)(cid:3)(cid:3)(cid:3)(cid:886)(cid:889)(cid:886),(cid:883)(cid:882)(cid:882)(cid:481)(cid:882)(cid:882),,,,,,,,,,,,,,,,,,,,,,,,,,,
(cid:884)(cid:890) (cid:884)(cid:891),(cid:3)(cid:22)(cid:151)(cid:142)(cid:131)(cid:153)(cid:135)(cid:149)(cid:139)(cid:3)(cid:23)(cid:135)(cid:144)(cid:137)(cid:137)(cid:131)(cid:148)(cid:131) (cid:3)(cid:10)(cid:145)(cid:148)(cid:145)(cid:144)(cid:150)(cid:131)(cid:142)(cid:145),(cid:3)(cid:3)(cid:3)(cid:3)(cid:3)(cid:3)(cid:3)(cid:3)(cid:3)(cid:3)(cid:3)(cid:3)(cid:3)(cid:3)(cid:3)(cid:3)(cid:3)(cid:3)(cid:3)(cid:3)(cid:3)(cid:3)(cid:3)(cid:3)(cid:3)(cid:3)(cid:3)(cid:3)(cid:3)(cid:3)(cid:3)(cid:3)(cid:3)(cid:3)(cid:3)(cid:3)(cid:3)(cid:3)(cid:3)(cid:3)(cid:883)(cid:889),(cid:3)(cid:3)(cid:3)(cid:3)(cid:3)(cid:3)(cid:3)(cid:3)(cid:3)(cid:3)(cid:3)(cid:3)(cid:3)(cid:3)(cid:3)(cid:3)(cid:3)(cid:3)(cid:3)(cid:3)(cid:3)(cid:3)(cid:3)(cid:3)(cid:3)(cid:3)(cid:3)(cid:3)(cid:3)(cid:3)(cid:3)(cid:3)(cid:3)(cid:3)(cid:3)(cid:3)(cid:3)(cid:3)(cid:3)(cid:3)(cid:883)(cid:883),(cid:888)(cid:886)(cid:481)(cid:889)(cid:883),(cid:3)(cid:3)(cid:3)(cid:3)(cid:3)(cid:3)(cid:3)(cid:3)(cid:3)(cid:3)(cid:3)(cid:3)(cid:3)(cid:3)(cid:3)(cid:3)(cid:3)(cid:3)(cid:3)(cid:3)(cid:3)(cid:3)(cid:3)(cid:3)(cid:3)(cid:3)(cid:3)(cid:3)(cid:3)(cid:3)(cid:3)(cid:3)(cid:3)(cid:3)(cid:3)(cid:3)(cid:3)(cid:3)(cid:885)(cid:882)(cid:890),(cid:3)(cid:3)(cid:3)(cid:3)(cid:3)(cid:3)(cid:3)(cid:3)(cid:3)(cid:3)(cid:3)(cid:3)(cid:3)(cid:3)(cid:3)(cid:3)(cid:3)(cid:3)(cid:3)(cid:3)(cid:3)(cid:3)(cid:3)(cid:3)(cid:3)(cid:3)(cid:3)(cid:3)(cid:3)(cid:3)(cid:3)(cid:3)(cid:3)(cid:3)(cid:3)(cid:3)(cid:3)(cid:3)(cid:885)(cid:882)(cid:890),(cid:883)(cid:882)(cid:882)(cid:481)(cid:882)(cid:882),,,,,,,,,,,,,,,,,,,,,,,,,,,
,,(cid:3)(cid:3)(cid:3)(cid:3)(cid:3)(cid:3)(cid:3)(cid:3)(cid:3)(cid:3)(cid:3)(cid:3)(cid:3)(cid:3)(cid:3)(cid:3)(cid:3)(cid:3)(cid:3)(cid:3)(cid:3)(cid:3)(cid:3)(cid:3)(cid:3)(cid:3)(cid:3)(cid:3)(cid:3)(cid:3)(cid:3)(cid:3)(cid:3)(cid:3)(cid:3)(cid:3)(cid:3)(cid:3)(cid:3)(cid:3)(cid:3)(cid:3)(cid:888)(cid:3),(cid:3)(cid:3)(cid:3)(cid:3)(cid:3)(cid:3)(cid:3)(cid:3)(cid:3)(cid:3)(cid:3)(cid:3)(cid:3)(cid:3)(cid:3)(cid:3)(cid:3)(cid:3)(cid:3)(cid:3)(cid:3)(cid:3)(cid:3)(cid:3)(cid:3)(cid:3)(cid:3)(cid:3)(cid:3)(cid:3)(cid:3)(cid:3)(cid:3)(cid:3)(cid:3)(cid:3)(cid:3)(cid:3)(cid:3)(cid:3)(cid:3)(cid:3)(cid:888)(cid:3),(cid:883)(cid:882)(cid:882)(cid:481)(cid:882)(cid:882),(cid:3)(cid:3)(cid:3)(cid:3)(cid:3)(cid:3)(cid:3)(cid:3)(cid:3)(cid:3)(cid:3)(cid:3)(cid:3)(cid:3)(cid:3)(cid:3)(cid:3)(cid:3)(cid:3)(cid:3)(cid:3)(cid:3)(cid:3)(cid:3)(cid:3)(cid:3)(cid:3)(cid:3)(cid:3)(cid:3)(cid:3)(cid:3)(cid:3)(cid:3)(cid:3)(cid:3)(cid:3)(cid:3)(cid:3)(cid:3)(cid:891)(cid:3)(cid:887),(cid:3)(cid:3)(cid:3)(cid:3)(cid:3)(cid:3)(cid:3)(cid:3)(cid:3)(cid:3)(cid:3)(cid:3)(cid:3)(cid:3)(cid:3)(cid:3)(cid:3)(cid:3)(cid:3)(cid:3)(cid:3)(cid:3)(cid:3)(cid:3)(cid:3)(cid:3)(cid:3)(cid:3)(cid:3)(cid:3)(cid:3)(cid:3)(cid:3)(cid:3)(cid:3)(cid:3)(cid:3)(cid:3)(cid:3)(cid:3)(cid:891)(cid:3)(cid:887),(cid:883)(cid:882)(cid:882)(cid:481)(cid:882)(cid:882),,,,,,,,,,,,,,,,,,,,,,,,,,,
(cid:885)(cid:882),(cid:3)(cid:22)(cid:151)(cid:142)(cid:131)(cid:153)(cid:135)(cid:149)(cid:139)(cid:3)(cid:5)(cid:131)(cid:148)(cid:131)(cid:150),(cid:3)(cid:3)(cid:3)(cid:3)(cid:3)(cid:3)(cid:3)(cid:3)(cid:3)(cid:3)(cid:3)(cid:3)(cid:3)(cid:3)(cid:3)(cid:3)(cid:3)(cid:3)(cid:3)(cid:3)(cid:3)(cid:3)(cid:3)(cid:3)(cid:3)(cid:3)(cid:3)(cid:3)(cid:3)(cid:3)(cid:3)(cid:3)(cid:3)(cid:3)(cid:3)(cid:3)(cid:3)(cid:3)(cid:3)(cid:3)(cid:3)(cid:3)(cid:888)(cid:3),(cid:3)(cid:3)(cid:3)(cid:3)(cid:3)(cid:3)(cid:3)(cid:3)(cid:3)(cid:3)(cid:3)(cid:3)(cid:3)(cid:3)(cid:3)(cid:3)(cid:3)(cid:3)(cid:3)(cid:3)(cid:3)(cid:3)(cid:3)(cid:3)(cid:3)(cid:3)(cid:3)(cid:3)(cid:3)(cid:3)(cid:3)(cid:3)(cid:3)(cid:3)(cid:3)(cid:3)(cid:3)(cid:3)(cid:3)(cid:3)(cid:3)(cid:3)(cid:887)(cid:3),(cid:890)(cid:885)(cid:481)(cid:885)(cid:885),(cid:3)(cid:3)(cid:3)(cid:3)(cid:3)(cid:3)(cid:3)(cid:3)(cid:3)(cid:3)(cid:3)(cid:3)(cid:3)(cid:3)(cid:3)(cid:3)(cid:3)(cid:3)(cid:3)(cid:3)(cid:3)(cid:3)(cid:3)(cid:3)(cid:3)(cid:3)(cid:3)(cid:3)(cid:3)(cid:3)(cid:3)(cid:3)(cid:3)(cid:3)(cid:3)(cid:3)(cid:3)(cid:3)(cid:3)(cid:3)(cid:891)(cid:3)(cid:890),(cid:3)(cid:3)(cid:3)(cid:3)(cid:3)(cid:3)(cid:3)(cid:3)(cid:3)(cid:3)(cid:3)(cid:3)(cid:3)(cid:3)(cid:3)(cid:3)(cid:3)(cid:3)(cid:3)(cid:3)(cid:3)(cid:3)(cid:3)(cid:3)(cid:3)(cid:3)(cid:3)(cid:3)(cid:3)(cid:3)(cid:3)(cid:3)(cid:3)(cid:3)(cid:3)(cid:3)(cid:3)(cid:3)(cid:3)(cid:3)(cid:891)(cid:3)(cid:890),(cid:883)(cid:882)(cid:882)(cid:481)(cid:882)(cid:882),,,,,,,,,,,,,,,,,,,,,,,,,,,
(cid:885)(cid:883),(cid:3)(cid:16)(cid:131)(cid:142)(cid:151)(cid:141)(cid:151),(cid:3)(cid:3)(cid:3)(cid:3)(cid:3)(cid:3)(cid:3)(cid:3)(cid:3)(cid:3)(cid:3)(cid:3)(cid:3)(cid:3)(cid:3)(cid:3)(cid:3)(cid:3)(cid:3)(cid:3)(cid:3)(cid:3)(cid:3)(cid:3)(cid:3)(cid:3)(cid:3)(cid:3)(cid:3)(cid:3)(cid:3)(cid:3)(cid:3)(cid:3)(cid:3)(cid:3)(cid:3)(cid:3)(cid:3)(cid:3)(cid:883)(cid:883),(cid:3)(cid:3)(cid:3)(cid:3)(cid:3)(cid:3)(cid:3)(cid:3)(cid:3)(cid:3)(cid:3)(cid:3)(cid:3)(cid:3)(cid:3)(cid:3)(cid:3)(cid:3)(cid:3)(cid:3)(cid:3)(cid:3)(cid:3)(cid:3)(cid:3)(cid:3)(cid:3)(cid:3)(cid:3)(cid:3)(cid:3)(cid:3)(cid:3)(cid:3)(cid:3)(cid:3)(cid:3)(cid:3)(cid:3)(cid:3)(cid:3)(cid:3)(cid:890)(cid:3),(cid:889)(cid:884)(cid:481)(cid:889)(cid:885),(cid:3)(cid:3)(cid:3)(cid:3)(cid:3)(cid:3)(cid:3)(cid:3)(cid:3)(cid:3)(cid:3)(cid:3)(cid:3)(cid:3)(cid:3)(cid:3)(cid:3)(cid:3)(cid:3)(cid:3)(cid:3)(cid:3)(cid:3)(cid:3)(cid:3)(cid:3)(cid:3)(cid:3)(cid:3)(cid:3)(cid:3)(cid:3)(cid:3)(cid:3)(cid:3)(cid:3)(cid:3)(cid:3)(cid:884)(cid:886)(cid:882),(cid:3)(cid:3)(cid:3)(cid:3)(cid:3)(cid:3)(cid:3)(cid:3)(cid:3)(cid:3)(cid:3)(cid:3)(cid:3)(cid:3)(cid:3)(cid:3)(cid:3)(cid:3)(cid:3)(cid:3)(cid:3)(cid:3)(cid:3)(cid:3)(cid:3)(cid:3)(cid:3)(cid:3)(cid:3)(cid:3)(cid:3)(cid:3)(cid:3)(cid:3)(cid:3)(cid:3)(cid:3)(cid:3)(cid:883)(cid:891)(cid:889),(cid:890)(cid:884)(cid:481)(cid:882)(cid:890),,,,,,,,,,,,,,,,,,,,,,,,,,,
(cid:885)(cid:884),(cid:3)(cid:16)(cid:131)(cid:142)(cid:151)(cid:141)(cid:151)(cid:3)(cid:24)(cid:150)(cid:131)(cid:148)(cid:131),(cid:3)(cid:3)(cid:3)(cid:3)(cid:3)(cid:3)(cid:3)(cid:3)(cid:3)(cid:3)(cid:3)(cid:3)(cid:3)(cid:3)(cid:3)(cid:3)(cid:3)(cid:3)(cid:3)(cid:3)(cid:3)(cid:3)(cid:3)(cid:3)(cid:3)(cid:3)(cid:3)(cid:3)(cid:3)(cid:3)(cid:3)(cid:3)(cid:3)(cid:3)(cid:3)(cid:3)(cid:3)(cid:3)(cid:3)(cid:3)(cid:883)(cid:882),(cid:3)(cid:3)(cid:3)(cid:3)(cid:3)(cid:3)(cid:3)(cid:3)(cid:3)(cid:3)(cid:3)(cid:3)(cid:3)(cid:3)(cid:3)(cid:3)(cid:3)(cid:3)(cid:3)(cid:3)(cid:3)(cid:3)(cid:3)(cid:3)(cid:3)(cid:3)(cid:3)(cid:3)(cid:3)(cid:3)(cid:3)(cid:3)(cid:3)(cid:3)(cid:3)(cid:3)(cid:3)(cid:3)(cid:3)(cid:3)(cid:883)(cid:882),(cid:883)(cid:882)(cid:882)(cid:481)(cid:882)(cid:882),(cid:3)(cid:3)(cid:3)(cid:3)(cid:3)(cid:3)(cid:3)(cid:3)(cid:3)(cid:3)(cid:3)(cid:3)(cid:3)(cid:3)(cid:3)(cid:3)(cid:3)(cid:3)(cid:3)(cid:3)(cid:3)(cid:3)(cid:3)(cid:3)(cid:3)(cid:3)(cid:3)(cid:3)(cid:3)(cid:3)(cid:3)(cid:3)(cid:3)(cid:3)(cid:3)(cid:3)(cid:3)(cid:3)(cid:883)(cid:887)(cid:882),(cid:3)(cid:3)(cid:3)(cid:3)(cid:3)(cid:3)(cid:3)(cid:3)(cid:3)(cid:3)(cid:3)(cid:3)(cid:3)(cid:3)(cid:3)(cid:3)(cid:3)(cid:3)(cid:3)(cid:3)(cid:3)(cid:3)(cid:3)(cid:3)(cid:3)(cid:3)(cid:3)(cid:3)(cid:3)(cid:3)(cid:3)(cid:3)(cid:3)(cid:3)(cid:3)(cid:3)(cid:3)(cid:3)(cid:883)(cid:887)(cid:882),(cid:883)(cid:882)(cid:882)(cid:481)(cid:882)(cid:882),,,,,,,,,,,,,,,,,,,,,,,,,,,
(cid:885)(cid:885),(cid:19)(cid:131)(cid:146)(cid:151)(cid:131)(cid:3),(cid:3)(cid:3)(cid:3)(cid:3)(cid:3)(cid:3)(cid:3)(cid:3)(cid:3)(cid:3)(cid:3)(cid:3)(cid:3)(cid:3)(cid:3)(cid:3)(cid:3)(cid:3)(cid:3)(cid:3)(cid:3)(cid:3)(cid:3)(cid:3)(cid:3)(cid:3)(cid:3)(cid:3)(cid:3)(cid:3)(cid:3)(cid:3)(cid:3)(cid:3)(cid:3)(cid:3)(cid:3)(cid:3)(cid:3)(cid:3)(cid:3)(cid:3)(cid:891)(cid:3),(cid:3)(cid:3)(cid:3)(cid:3)(cid:3)(cid:3)(cid:3)(cid:3)(cid:3)(cid:3)(cid:3)(cid:3)(cid:3)(cid:3)(cid:3)(cid:3)(cid:3)(cid:3)(cid:3)(cid:3)(cid:3)(cid:3)(cid:3)(cid:3)(cid:3)(cid:3)(cid:3)(cid:3)(cid:3)(cid:3)(cid:3)(cid:3)(cid:3)(cid:3)(cid:3)(cid:3)(cid:3)(cid:3)(cid:3)(cid:3)(cid:3)(cid:3)(cid:885)(cid:3),(cid:885)(cid:885)(cid:481)(cid:885)(cid:885),(cid:3)(cid:3)(cid:3)(cid:3)(cid:3)(cid:3)(cid:3)(cid:3)(cid:3)(cid:3)(cid:3)(cid:3)(cid:3)(cid:3)(cid:3)(cid:3)(cid:3)(cid:3)(cid:3)(cid:3)(cid:3)(cid:3)(cid:3)(cid:3)(cid:3)(cid:3)(cid:3)(cid:3)(cid:3)(cid:3)(cid:3)(cid:3)(cid:3)(cid:3)(cid:3)(cid:3)(cid:3)(cid:3)(cid:883)(cid:884)(cid:884),(cid:3)(cid:3)(cid:3)(cid:3)(cid:3)(cid:3)(cid:3)(cid:3)(cid:3)(cid:3)(cid:3)(cid:3)(cid:3)(cid:3)(cid:3)(cid:3)(cid:3)(cid:3)(cid:3)(cid:3)(cid:3)(cid:3)(cid:3)(cid:3)(cid:3)(cid:3)(cid:3)(cid:3)(cid:3)(cid:3)(cid:3)(cid:3)(cid:3)(cid:3)(cid:3)(cid:3)(cid:3)(cid:3)(cid:3)(cid:3)(cid:887)(cid:3)(cid:883),(cid:886)(cid:883)(cid:481)(cid:890)(cid:882),,,,,,,,,,,,,,,,,,,,,,,,,,,
(cid:885)(cid:886),(cid:19)(cid:131)(cid:146)(cid:151)(cid:131)(cid:3)(cid:5)(cid:131)(cid:148)(cid:131)(cid:150) (cid:19)(cid:131)(cid:146)(cid:151)(cid:131)(cid:3)(cid:22)(cid:135)(cid:142)(cid:131)(cid:150)(cid:131)(cid:144),(cid:3)(cid:3)(cid:3)(cid:3)(cid:3)(cid:3)(cid:3)(cid:3)(cid:3)(cid:3)(cid:3)(cid:3)(cid:3)(cid:3)(cid:3)(cid:3)(cid:3)(cid:3)(cid:3)(cid:3)(cid:3)(cid:3)(cid:3)(cid:3)(cid:3)(cid:3)(cid:3)(cid:3)(cid:3)(cid:3)(cid:3)(cid:3)(cid:3)(cid:3)(cid:3)(cid:3)(cid:3)(cid:3)(cid:3)(cid:3)(cid:3)(cid:3)(cid:889)(cid:3),(cid:3)(cid:3)(cid:3)(cid:3)(cid:3)(cid:3)(cid:3)(cid:3)(cid:3)(cid:3)(cid:3)(cid:3)(cid:3)(cid:3)(cid:3)(cid:3)(cid:3)(cid:3)(cid:3)(cid:3)(cid:3)(cid:3)(cid:3)(cid:3)(cid:3)(cid:3)(cid:3)(cid:3)(cid:3)(cid:3)(cid:3)(cid:3)(cid:3)(cid:3)(cid:3)(cid:3)(cid:3)(cid:3)(cid:3)(cid:3)(cid:3)(cid:3)(cid:883)(cid:3),(cid:883)(cid:886)(cid:481)(cid:884)(cid:891),(cid:3)(cid:3)(cid:3)(cid:3)(cid:3)(cid:3)(cid:3)(cid:3)(cid:3)(cid:3)(cid:3)(cid:3)(cid:3)(cid:3)(cid:3)(cid:3)(cid:3)(cid:3)(cid:3)(cid:3)(cid:3)(cid:3)(cid:3)(cid:3)(cid:3)(cid:3)(cid:3)(cid:3)(cid:3)(cid:3)(cid:3)(cid:3)(cid:3)(cid:3)(cid:3)(cid:3)(cid:3)(cid:3)(cid:3)(cid:3)(cid:889)(cid:3)(cid:888),(cid:3)(cid:3)(cid:3)(cid:3)(cid:3)(cid:3)(cid:3)(cid:3)(cid:3)(cid:3)(cid:3)(cid:3)(cid:3)(cid:3)(cid:3)(cid:3)(cid:3)(cid:3)(cid:3)(cid:3)(cid:3)(cid:3)(cid:3)(cid:3)(cid:3)(cid:3)(cid:3)(cid:3)(cid:3)(cid:3)(cid:3)(cid:3)(cid:3)(cid:3)(cid:3)(cid:3)(cid:3)(cid:3)(cid:3)(cid:3)(cid:884)(cid:3)(cid:889),(cid:885)(cid:887)(cid:481)(cid:887)(cid:885),,,,,,,,,,,,,,,,,,,,,,,,,,,
(cid:885)(cid:887),(cid:19)(cid:131)(cid:146)(cid:151)(cid:131)(cid:3)(cid:23)(cid:135)(cid:144)(cid:137)(cid:131)(cid:138),(cid:3)(cid:3)(cid:3)(cid:3)(cid:3)(cid:3)(cid:3)(cid:3)(cid:3)(cid:3)(cid:3)(cid:3)(cid:3)(cid:3)(cid:3)(cid:3)(cid:3)(cid:3)(cid:3)(cid:3)(cid:3)(cid:3)(cid:3)(cid:3)(cid:3)(cid:3)(cid:3)(cid:3)(cid:3)(cid:3)(cid:3)(cid:3)(cid:3)(cid:3)(cid:3)(cid:3)(cid:3)(cid:3)(cid:3)(cid:3)(cid:3)(cid:3)(cid:886)(cid:3),(cid:3)(cid:3)(cid:3)(cid:3)(cid:3)(cid:3)(cid:3)(cid:3)(cid:3)(cid:3)(cid:3)(cid:3)(cid:3)(cid:3)(cid:3)(cid:3)(cid:3)(cid:3)(cid:3)(cid:3)(cid:3)(cid:3)(cid:3)(cid:3)(cid:3)(cid:3)(cid:3)(cid:3)(cid:3)(cid:3)(cid:3)(cid:3)(cid:3)(cid:3)(cid:3)(cid:3)(cid:3)(cid:3)(cid:3)(cid:3)(cid:3)(cid:3)(cid:885)(cid:3),(cid:889)(cid:887)(cid:481)(cid:882)(cid:882),(cid:3)(cid:3)(cid:3)(cid:3)(cid:3)(cid:3)(cid:3)(cid:3)(cid:3)(cid:3)(cid:3)(cid:3)(cid:3)(cid:3)(cid:3)(cid:3)(cid:3)(cid:3)(cid:3)(cid:3)(cid:3)(cid:3)(cid:3)(cid:3)(cid:3)(cid:3)(cid:3)(cid:3)(cid:3)(cid:3)(cid:3)(cid:3)(cid:3)(cid:3)(cid:3)(cid:3)(cid:3)(cid:3)(cid:3)(cid:3)(cid:890)(cid:3)(cid:887),(cid:3)(cid:3)(cid:3)(cid:3)(cid:3)(cid:3)(cid:3)(cid:3)(cid:3)(cid:3)(cid:3)(cid:3)(cid:3)(cid:3)(cid:3)(cid:3)(cid:3)(cid:3)(cid:3)(cid:3)(cid:3)(cid:3)(cid:3)(cid:3)(cid:3)(cid:3)(cid:3)(cid:3)(cid:3)(cid:3)(cid:3)(cid:3)(cid:3)(cid:3)(cid:3)(cid:3)(cid:3)(cid:3)(cid:3)(cid:3)(cid:889)(cid:3)(cid:891),(cid:891)(cid:884)(cid:481)(cid:891)(cid:886),,,,,,,,,,,,,,,,,,,,,,,,,,,
(cid:885)(cid:888),(cid:19)(cid:131)(cid:146)(cid:151)(cid:131)(cid:3)(cid:19)(cid:135)(cid:137)(cid:151)(cid:144)(cid:151)(cid:144)(cid:137)(cid:131)(cid:144),(cid:3)(cid:3)(cid:3)(cid:3)(cid:3)(cid:3)(cid:3)(cid:3)(cid:3)(cid:3)(cid:3)(cid:3)(cid:3)(cid:3)(cid:3)(cid:3)(cid:3)(cid:3)(cid:3)(cid:3)(cid:3)(cid:3)(cid:3)(cid:3)(cid:3)(cid:3)(cid:3)(cid:3)(cid:3)(cid:3)(cid:3)(cid:3)(cid:3)(cid:3)(cid:3)(cid:3)(cid:3)(cid:3)(cid:3)(cid:3)(cid:3)(cid:3)(cid:890)(cid:3),(cid:3)(cid:3)(cid:3)(cid:3)(cid:3)(cid:3)(cid:3)(cid:3)(cid:3)(cid:3)(cid:3)(cid:3)(cid:3)(cid:3)(cid:3)(cid:3)(cid:3)(cid:3)(cid:3)(cid:3)(cid:3)(cid:3)(cid:3)(cid:3)(cid:3)(cid:3)(cid:3)(cid:3)(cid:3)(cid:3)(cid:3)(cid:3)(cid:3)(cid:3)(cid:3)(cid:3)(cid:3)(cid:3)(cid:486)(cid:3),(cid:882)(cid:481)(cid:882)(cid:882),(cid:3)(cid:3)(cid:3)(cid:3)(cid:3)(cid:3)(cid:3)(cid:3)(cid:3)(cid:3)(cid:3)(cid:3)(cid:3)(cid:3)(cid:3)(cid:3)(cid:3)(cid:3)(cid:3)(cid:3)(cid:3)(cid:3)(cid:3)(cid:3)(cid:3)(cid:3)(cid:3)(cid:3)(cid:3)(cid:3)(cid:3)(cid:3)(cid:3)(cid:3)(cid:3)(cid:3)(cid:3)(cid:3)(cid:883)(cid:884)(cid:884),(cid:3)(cid:3)(cid:3)(cid:3)(cid:3)(cid:3)(cid:3)(cid:3)(cid:3)(cid:3)(cid:3)(cid:3)(cid:3)(cid:3)(cid:3)(cid:3)(cid:3)(cid:3)(cid:3)(cid:3)(cid:3)(cid:3)(cid:3)(cid:3)(cid:3)(cid:3)(cid:3)(cid:3)(cid:3)(cid:3)(cid:3)(cid:3)(cid:3)(cid:3)(cid:3)(cid:3)(cid:3)(cid:3)(cid:3)(cid:3)(cid:883)(cid:3)(cid:882),(cid:890)(cid:481)(cid:884)(cid:882),,,,,,,,,,,,,,,,,,,,,,,,,,,
(cid:885)(cid:889) Indonesia (cid:885)(cid:890) (cid:19)(cid:131)(cid:146)(cid:151)(cid:131)(cid:3)(cid:5)(cid:131)(cid:148)(cid:131)(cid:150)(cid:3)(cid:7)(cid:131)(cid:155)(cid:131),,(cid:3)(cid:3)(cid:3)(cid:3)(cid:3)(cid:3)(cid:3)(cid:3)(cid:3)(cid:3)(cid:3)(cid:3)(cid:3)(cid:3)(cid:3)(cid:3)(cid:3)(cid:3)(cid:3)(cid:3)(cid:3)(cid:3)(cid:3)(cid:3)(cid:3)(cid:3)(cid:3)(cid:3)(cid:3)(cid:3)(cid:3)(cid:3)(cid:3)(cid:3)(cid:3)(cid:3)(cid:3)(cid:3)(cid:3)(cid:3)(cid:3)(cid:3)(cid:890)(cid:3) 514,(cid:3)(cid:3)(cid:3)(cid:3)(cid:3)(cid:3)(cid:3)(cid:3)(cid:3)(cid:3)(cid:3)(cid:3)(cid:3)(cid:3)(cid:3)(cid:3)(cid:3)(cid:3)(cid:3)(cid:3)(cid:3)(cid:3)(cid:3)(cid:3)(cid:3)(cid:3)(cid:3)(cid:3)(cid:3)(cid:3)(cid:3)(cid:3)(cid:3)(cid:3)(cid:3)(cid:3)(cid:3)(cid:3)(cid:486)(cid:3) 455,"(cid:882)(cid:481)(cid:882)(cid:882) 88,52 (cid:883)(cid:888)(cid:481)(cid:888)(cid:889)",(cid:3)(cid:3)(cid:3)(cid:3)(cid:3)(cid:3)(cid:3)(cid:3)(cid:3)(cid:3)(cid:3)(cid:3)(cid:3)(cid:3)(cid:3)(cid:3)(cid:3)(cid:3)(cid:3)(cid:3)(cid:3)(cid:3)(cid:3)(cid:3)(cid:3)(cid:3)(cid:3)(cid:3)(cid:3)(cid:3)(cid:3)(cid:3)(cid:3)(cid:3)(cid:3)(cid:3)(cid:3)(cid:3)(cid:883)(cid:887)(cid:887) 10.213,(cid:3)(cid:3)(cid:3)(cid:3)(cid:3)(cid:3)(cid:3)(cid:3)(cid:3)(cid:3)(cid:3)(cid:3)(cid:3)(cid:3)(cid:3)(cid:3)(cid:3)(cid:3)(cid:3)(cid:3)(cid:3)(cid:3)(cid:3)(cid:3)(cid:3)(cid:3)(cid:3)(cid:3)(cid:3)(cid:3)(cid:3)(cid:3)(cid:3)(cid:3)(cid:3)(cid:3)(cid:3)(cid:3)(cid:3)(cid:3)(cid:3)(cid:3)(cid:3)(cid:885) 9.561,"(cid:883)(cid:481)(cid:891)(cid:886) 93,62 (cid:885)(cid:882)(cid:481)(cid:888)(cid:883)",,,,,,,,,,,,,,,,,,,,,,,,,,,
(cid:3)(cid:3)(cid:3)(cid:3)(cid:3)(cid:3)(cid:3)(cid:3)(cid:3)(cid:3)(cid:3)(cid:3)(cid:3)(cid:3)(cid:3)(cid:3)(cid:3)(cid:3)(cid:3)(cid:3)(cid:3)(cid:3)(cid:3)(cid:3)(cid:3)(cid:3)(cid:3)(cid:3)(cid:3)(cid:3)(cid:3)(cid:3)(cid:3)(cid:3)(cid:3)(cid:3)(cid:3)(cid:3)(cid:3)(cid:3)(cid:3)(cid:3)(cid:888)(cid:3) (cid:3)(cid:3)(cid:3)(cid:3)(cid:3)(cid:3)(cid:3)(cid:3)(cid:3)(cid:3)(cid:3)(cid:3)(cid:3)(cid:3)(cid:3)(cid:3)(cid:3)(cid:3)(cid:3)(cid:3)(cid:3)(cid:3)(cid:3)(cid:3)(cid:3)(cid:3)(cid:3)(cid:3)(cid:3)(cid:3)(cid:3)(cid:3)(cid:3)(cid:3)(cid:3)(cid:3)(cid:3)(cid:3)(cid:3)(cid:3)(cid:3)(cid:3)(cid:883)(cid:3),,,,,,,,,,,,,,,,,,,,,,,,,,,,,,,,,,
No,Provinsi,Persentase lanjut usia yang mendapatkan pelayanan kesehatan,,,,,,,,,,,,,,,,,,,,,,,,,,,,,,,,
,,usia 60 +,Jumlah,%,,,,,,,,,,,,,,,,,,,,,,,,,,,,,,
(1),(2),(3),(4),(5),,,,,,,,,,,,,,,,,,,,,,,,,,,,,,
(cid:883),(cid:3)(cid:4)(cid:133)(cid:135)(cid:138),(cid:3)(cid:3)(cid:3)(cid:3)(cid:3)(cid:3)(cid:3)(cid:3)(cid:3)(cid:3)(cid:3)(cid:3)(cid:3)(cid:3)(cid:3)(cid:3)(cid:3)(cid:3)(cid:3)(cid:3)(cid:3)(cid:3)(cid:3)(cid:3)(cid:3)(cid:3)(cid:3)(cid:3)(cid:3)(cid:3)(cid:3)(cid:3)(cid:3)(cid:3)(cid:3)(cid:3)(cid:3)(cid:887)(cid:883)(cid:884)(cid:484)(cid:882)(cid:885)(cid:887),(cid:3)(cid:3)(cid:3)(cid:3)(cid:3)(cid:3)(cid:3)(cid:3)(cid:3)(cid:3)(cid:3)(cid:3)(cid:3)(cid:3)(cid:3)(cid:3)(cid:3)(cid:3)(cid:3)(cid:3)(cid:3)(cid:3)(cid:3)(cid:3)(cid:3)(cid:3)(cid:3)(cid:3)(cid:3)(cid:3)(cid:3)(cid:3)(cid:3)(cid:3)(cid:3)(cid:3)(cid:3)(cid:886)(cid:885)(cid:888)(cid:484)(cid:889)(cid:891)(cid:886),(cid:3)(cid:3)(cid:3)(cid:3)(cid:3)(cid:3)(cid:3)(cid:3)(cid:3)(cid:3)(cid:3)(cid:3)(cid:3)(cid:3)(cid:3)(cid:3)(cid:3)(cid:3)(cid:3)(cid:3)(cid:3)(cid:3)(cid:3)(cid:3)(cid:3)(cid:3)(cid:3)(cid:3)(cid:3)(cid:3)(cid:3)(cid:3)(cid:3)(cid:3)(cid:3)(cid:3)(cid:3)(cid:3)(cid:3)(cid:3)(cid:3)(cid:3)(cid:3)(cid:3)(cid:3)(cid:3)(cid:3)(cid:3)(cid:3)(cid:3)(cid:3)(cid:3)(cid:890)(cid:887)(cid:481)(cid:885)(cid:883)(cid:3),,,,,,,,,,,,,,,,,,,,,,,,,,,,,,
(cid:884),(cid:3)(cid:22)(cid:151)(cid:143)(cid:131)(cid:150)(cid:135)(cid:148)(cid:131)(cid:3)(cid:24)(cid:150)(cid:131)(cid:148)(cid:131),(cid:3)(cid:3)(cid:3)(cid:3)(cid:3)(cid:3)(cid:3)(cid:3)(cid:3)(cid:3)(cid:3)(cid:3)(cid:3)(cid:3)(cid:3)(cid:3)(cid:3)(cid:3)(cid:3)(cid:3)(cid:3)(cid:3)(cid:3)(cid:3)(cid:3)(cid:3)(cid:3)(cid:3)(cid:3)(cid:3)(cid:3)(cid:3)(cid:3)(cid:883)(cid:3)(cid:484)(cid:887)(cid:885)(cid:888)(cid:484)(cid:888)(cid:891)(cid:884),(cid:3)(cid:3)(cid:3)(cid:3)(cid:3)(cid:3)(cid:3)(cid:3)(cid:3)(cid:3)(cid:3)(cid:3)(cid:3)(cid:3)(cid:3)(cid:3)(cid:3)(cid:3)(cid:3)(cid:3)(cid:3)(cid:3)(cid:3)(cid:3)(cid:3)(cid:3)(cid:3)(cid:3)(cid:3)(cid:3)(cid:3)(cid:3)(cid:3)(cid:883)(cid:3)(cid:484)(cid:885)(cid:891)(cid:882)(cid:484)(cid:887)(cid:889)(cid:887),(cid:3)(cid:3)(cid:3)(cid:3)(cid:3)(cid:3)(cid:3)(cid:3)(cid:3)(cid:3)(cid:3)(cid:3)(cid:3)(cid:3)(cid:3)(cid:3)(cid:3)(cid:3)(cid:3)(cid:3)(cid:3)(cid:3)(cid:3)(cid:3)(cid:3)(cid:3)(cid:3)(cid:3)(cid:3)(cid:3)(cid:3)(cid:3)(cid:3)(cid:3)(cid:3)(cid:3)(cid:3)(cid:3)(cid:3)(cid:3)(cid:3)(cid:3)(cid:3)(cid:3)(cid:3)(cid:3)(cid:3)(cid:3)(cid:3)(cid:3)(cid:3)(cid:3)(cid:891)(cid:882)(cid:481)(cid:886)(cid:891)(cid:3),,,,,,,,,,,,,,,,,,,,,,,,,,,,,,
(cid:885),(cid:3)(cid:22)(cid:151)(cid:143)(cid:131)(cid:150)(cid:135)(cid:148)(cid:131)(cid:3)(cid:5)(cid:131)(cid:148)(cid:131)(cid:150),(cid:3)(cid:3)(cid:3)(cid:3)(cid:3)(cid:3)(cid:3)(cid:3)(cid:3)(cid:3)(cid:3)(cid:3)(cid:3)(cid:3)(cid:3)(cid:3)(cid:3)(cid:3)(cid:3)(cid:3)(cid:3)(cid:3)(cid:3)(cid:3)(cid:3)(cid:3)(cid:3)(cid:3)(cid:3)(cid:3)(cid:3)(cid:3)(cid:3)(cid:3)(cid:3)(cid:3)(cid:3)(cid:888)(cid:890)(cid:882)(cid:484)(cid:891)(cid:889)(cid:885),(cid:3)(cid:3)(cid:3)(cid:3)(cid:3)(cid:3)(cid:3)(cid:3)(cid:3)(cid:3)(cid:3)(cid:3)(cid:3)(cid:3)(cid:3)(cid:3)(cid:3)(cid:3)(cid:3)(cid:3)(cid:3)(cid:3)(cid:3)(cid:3)(cid:3)(cid:3)(cid:3)(cid:3)(cid:3)(cid:3)(cid:3)(cid:3)(cid:3)(cid:3)(cid:3)(cid:3)(cid:3)(cid:887)(cid:888)(cid:886)(cid:484)(cid:888)(cid:883)(cid:887),(cid:3)(cid:3)(cid:3)(cid:3)(cid:3)(cid:3)(cid:3)(cid:3)(cid:3)(cid:3)(cid:3)(cid:3)(cid:3)(cid:3)(cid:3)(cid:3)(cid:3)(cid:3)(cid:3)(cid:3)(cid:3)(cid:3)(cid:3)(cid:3)(cid:3)(cid:3)(cid:3)(cid:3)(cid:3)(cid:3)(cid:3)(cid:3)(cid:3)(cid:3)(cid:3)(cid:3)(cid:3)(cid:3)(cid:3)(cid:3)(cid:3)(cid:3)(cid:3)(cid:3)(cid:3)(cid:3)(cid:3)(cid:3)(cid:3)(cid:3)(cid:3)(cid:3)(cid:890)(cid:884)(cid:481)(cid:891)(cid:883)(cid:3),,,,,,,,,,,,,,,,,,,,,,,,,,,,,,
(cid:886),(cid:3)(cid:21)(cid:139)(cid:131)(cid:151),(cid:3)(cid:3)(cid:3)(cid:3)(cid:3)(cid:3)(cid:3)(cid:3)(cid:3)(cid:3)(cid:3)(cid:3)(cid:3)(cid:3)(cid:3)(cid:3)(cid:3)(cid:3)(cid:3)(cid:3)(cid:3)(cid:3)(cid:3)(cid:3)(cid:3)(cid:3)(cid:3)(cid:3)(cid:3)(cid:3)(cid:3)(cid:3)(cid:3)(cid:3)(cid:3)(cid:3)(cid:3)(cid:887)(cid:887)(cid:882)(cid:484)(cid:887)(cid:884)(cid:888),(cid:3)(cid:3)(cid:3)(cid:3)(cid:3)(cid:3)(cid:3)(cid:3)(cid:3)(cid:3)(cid:3)(cid:3)(cid:3)(cid:3)(cid:3)(cid:3)(cid:3)(cid:3)(cid:3)(cid:3)(cid:3)(cid:3)(cid:3)(cid:3)(cid:3)(cid:3)(cid:3)(cid:3)(cid:3)(cid:3)(cid:3)(cid:3)(cid:3)(cid:3)(cid:3)(cid:3)(cid:3)(cid:886)(cid:885)(cid:887)(cid:484)(cid:889)(cid:887)(cid:884),(cid:3)(cid:3)(cid:3)(cid:3)(cid:3)(cid:3)(cid:3)(cid:3)(cid:3)(cid:3)(cid:3)(cid:3)(cid:3)(cid:3)(cid:3)(cid:3)(cid:3)(cid:3)(cid:3)(cid:3)(cid:3)(cid:3)(cid:3)(cid:3)(cid:3)(cid:3)(cid:3)(cid:3)(cid:3)(cid:3)(cid:3)(cid:3)(cid:3)(cid:3)(cid:3)(cid:3)(cid:3)(cid:3)(cid:3)(cid:3)(cid:3)(cid:3)(cid:3)(cid:3)(cid:3)(cid:3)(cid:3)(cid:3)(cid:3)(cid:3)(cid:3)(cid:3)(cid:889)(cid:891)(cid:481)(cid:883)(cid:887)(cid:3),,,,,,,,,,,,,,,,,,,,,,,,,,,,,,
(cid:887),(cid:3)(cid:13)(cid:131)(cid:143)(cid:132)(cid:139),(cid:3)(cid:3)(cid:3)(cid:3)(cid:3)(cid:3)(cid:3)(cid:3)(cid:3)(cid:3)(cid:3)(cid:3)(cid:3)(cid:3)(cid:3)(cid:3)(cid:3)(cid:3)(cid:3)(cid:3)(cid:3)(cid:3)(cid:3)(cid:3)(cid:3)(cid:3)(cid:3)(cid:3)(cid:3)(cid:3)(cid:3)(cid:3)(cid:3)(cid:3)(cid:3)(cid:3)(cid:3)(cid:885)(cid:887)(cid:886)(cid:484)(cid:882)(cid:885)(cid:888),(cid:3)(cid:3)(cid:3)(cid:3)(cid:3)(cid:3)(cid:3)(cid:3)(cid:3)(cid:3)(cid:3)(cid:3)(cid:3)(cid:3)(cid:3)(cid:3)(cid:3)(cid:3)(cid:3)(cid:3)(cid:3)(cid:3)(cid:3)(cid:3)(cid:3)(cid:3)(cid:3)(cid:3)(cid:3)(cid:3)(cid:3)(cid:3)(cid:3)(cid:3)(cid:3)(cid:3)(cid:3)(cid:885)(cid:884)(cid:891)(cid:484)(cid:882)(cid:884)(cid:886),(cid:3)(cid:3)(cid:3)(cid:3)(cid:3)(cid:3)(cid:3)(cid:3)(cid:3)(cid:3)(cid:3)(cid:3)(cid:3)(cid:3)(cid:3)(cid:3)(cid:3)(cid:3)(cid:3)(cid:3)(cid:3)(cid:3)(cid:3)(cid:3)(cid:3)(cid:3)(cid:3)(cid:3)(cid:3)(cid:3)(cid:3)(cid:3)(cid:3)(cid:3)(cid:3)(cid:3)(cid:3)(cid:3)(cid:3)(cid:3)(cid:3)(cid:3)(cid:3)(cid:3)(cid:3)(cid:3)(cid:3)(cid:3)(cid:3)(cid:3)(cid:3)(cid:3)(cid:891)(cid:884)(cid:481)(cid:891)(cid:886)(cid:3),,,,,,,,,,,,,,,,,,,,,,,,,,,,,,
(cid:888),(cid:3)(cid:22)(cid:151)(cid:143)(cid:131)(cid:150)(cid:135)(cid:148)(cid:131)(cid:3)(cid:22)(cid:135)(cid:142)(cid:131)(cid:150)(cid:131)(cid:144),(cid:3)(cid:3)(cid:3)(cid:3)(cid:3)(cid:3)(cid:3)(cid:3)(cid:3)(cid:3)(cid:3)(cid:3)(cid:3)(cid:3)(cid:3)(cid:3)(cid:3)(cid:3)(cid:3)(cid:3)(cid:3)(cid:3)(cid:3)(cid:3)(cid:3)(cid:3)(cid:3)(cid:3)(cid:3)(cid:3)(cid:3)(cid:3)(cid:3)(cid:3)(cid:3)(cid:3)(cid:3)(cid:891)(cid:882)(cid:885)(cid:484)(cid:890)(cid:886)(cid:891),(cid:3)(cid:3)(cid:3)(cid:3)(cid:3)(cid:3)(cid:3)(cid:3)(cid:3)(cid:3)(cid:3)(cid:3)(cid:3)(cid:3)(cid:3)(cid:3)(cid:3)(cid:3)(cid:3)(cid:3)(cid:3)(cid:3)(cid:3)(cid:3)(cid:3)(cid:3)(cid:3)(cid:3)(cid:3)(cid:3)(cid:3)(cid:3)(cid:3)(cid:3)(cid:3)(cid:3)(cid:3)(cid:889)(cid:891)(cid:888)(cid:484)(cid:885)(cid:891)(cid:882),(cid:3)(cid:3)(cid:3)(cid:3)(cid:3)(cid:3)(cid:3)(cid:3)(cid:3)(cid:3)(cid:3)(cid:3)(cid:3)(cid:3)(cid:3)(cid:3)(cid:3)(cid:3)(cid:3)(cid:3)(cid:3)(cid:3)(cid:3)(cid:3)(cid:3)(cid:3)(cid:3)(cid:3)(cid:3)(cid:3)(cid:3)(cid:3)(cid:3)(cid:3)(cid:3)(cid:3)(cid:3)(cid:3)(cid:3)(cid:3)(cid:3)(cid:3)(cid:3)(cid:3)(cid:3)(cid:3)(cid:3)(cid:3)(cid:3)(cid:3)(cid:3)(cid:3)(cid:890)(cid:890)(cid:481)(cid:883)(cid:883)(cid:3),,,,,,,,,,,,,,,,,,,,,,,,,,,,,,
(cid:889),(cid:3)(cid:5)(cid:135)(cid:144)(cid:137)(cid:141)(cid:151)(cid:142)(cid:151),(cid:3)(cid:3)(cid:3)(cid:3)(cid:3)(cid:3)(cid:3)(cid:3)(cid:3)(cid:3)(cid:3)(cid:3)(cid:3)(cid:3)(cid:3)(cid:3)(cid:3)(cid:3)(cid:3)(cid:3)(cid:3)(cid:3)(cid:3)(cid:3)(cid:3)(cid:3)(cid:3)(cid:3)(cid:3)(cid:3)(cid:3)(cid:3)(cid:3)(cid:3)(cid:3)(cid:3)(cid:3)(cid:884)(cid:882)(cid:889)(cid:484)(cid:886)(cid:891)(cid:886),(cid:3)(cid:3)(cid:3)(cid:3)(cid:3)(cid:3)(cid:3)(cid:3)(cid:3)(cid:3)(cid:3)(cid:3)(cid:3)(cid:3)(cid:3)(cid:3)(cid:3)(cid:3)(cid:3)(cid:3)(cid:3)(cid:3)(cid:3)(cid:3)(cid:3)(cid:3)(cid:3)(cid:3)(cid:3)(cid:3)(cid:3)(cid:3)(cid:3)(cid:3)(cid:3)(cid:3)(cid:3)(cid:883)(cid:889)(cid:890)(cid:484)(cid:891)(cid:886)(cid:891),(cid:3)(cid:3)(cid:3)(cid:3)(cid:3)(cid:3)(cid:3)(cid:3)(cid:3)(cid:3)(cid:3)(cid:3)(cid:3)(cid:3)(cid:3)(cid:3)(cid:3)(cid:3)(cid:3)(cid:3)(cid:3)(cid:3)(cid:3)(cid:3)(cid:3)(cid:3)(cid:3)(cid:3)(cid:3)(cid:3)(cid:3)(cid:3)(cid:3)(cid:3)(cid:3)(cid:3)(cid:3)(cid:3)(cid:3)(cid:3)(cid:3)(cid:3)(cid:3)(cid:3)(cid:3)(cid:3)(cid:3)(cid:3)(cid:3)(cid:3)(cid:3)(cid:3)(cid:890)(cid:888)(cid:481)(cid:884)(cid:886)(cid:3),,,,,,,,,,,,,,,,,,,,,,,,,,,,,,
(cid:890),(cid:3)(cid:15)(cid:131)(cid:143)(cid:146)(cid:151)(cid:144)(cid:137),(cid:3)(cid:3)(cid:3)(cid:3)(cid:3)(cid:3)(cid:3)(cid:3)(cid:3)(cid:3)(cid:3)(cid:3)(cid:3)(cid:3)(cid:3)(cid:3)(cid:3)(cid:3)(cid:3)(cid:3)(cid:3)(cid:3)(cid:3)(cid:3)(cid:3)(cid:3)(cid:3)(cid:3)(cid:3)(cid:3)(cid:3)(cid:3)(cid:3)(cid:883)(cid:3)(cid:484)(cid:882)(cid:885)(cid:886)(cid:484)(cid:891)(cid:883)(cid:887),(cid:3)(cid:3)(cid:3)(cid:3)(cid:3)(cid:3)(cid:3)(cid:3)(cid:3)(cid:3)(cid:3)(cid:3)(cid:3)(cid:3)(cid:3)(cid:3)(cid:3)(cid:3)(cid:3)(cid:3)(cid:3)(cid:3)(cid:3)(cid:3)(cid:3)(cid:3)(cid:3)(cid:3)(cid:3)(cid:3)(cid:3)(cid:3)(cid:3)(cid:3)(cid:3)(cid:3)(cid:3)(cid:891)(cid:888)(cid:885)(cid:484)(cid:888)(cid:890)(cid:886),(cid:3)(cid:3)(cid:3)(cid:3)(cid:3)(cid:3)(cid:3)(cid:3)(cid:3)(cid:3)(cid:3)(cid:3)(cid:3)(cid:3)(cid:3)(cid:3)(cid:3)(cid:3)(cid:3)(cid:3)(cid:3)(cid:3)(cid:3)(cid:3)(cid:3)(cid:3)(cid:3)(cid:3)(cid:3)(cid:3)(cid:3)(cid:3)(cid:3)(cid:3)(cid:3)(cid:3)(cid:3)(cid:3)(cid:3)(cid:3)(cid:3)(cid:3)(cid:3)(cid:3)(cid:3)(cid:3)(cid:3)(cid:3)(cid:3)(cid:3)(cid:3)(cid:3)(cid:891)(cid:885)(cid:481)(cid:883)(cid:884)(cid:3),,,,,,,,,,,,,,,,,,,,,,,,,,,,,,
(cid:891),(cid:3)(cid:14)(cid:135)(cid:146)(cid:151)(cid:142)(cid:131)(cid:151)(cid:131)(cid:144)(cid:3)(cid:21)(cid:139)(cid:131)(cid:151),(cid:3)(cid:3)(cid:3)(cid:3)(cid:3)(cid:3)(cid:3)(cid:3)(cid:3)(cid:3)(cid:3)(cid:3)(cid:3)(cid:3)(cid:3)(cid:3)(cid:3)(cid:3)(cid:3)(cid:3)(cid:3)(cid:3)(cid:3)(cid:3)(cid:3)(cid:3)(cid:3)(cid:3)(cid:3)(cid:3)(cid:3)(cid:3)(cid:3)(cid:3)(cid:3)(cid:3)(cid:3)(cid:883)(cid:887)(cid:882)(cid:484)(cid:889)(cid:888)(cid:888),(cid:3)(cid:3)(cid:3)(cid:3)(cid:3)(cid:3)(cid:3)(cid:3)(cid:3)(cid:3)(cid:3)(cid:3)(cid:3)(cid:3)(cid:3)(cid:3)(cid:3)(cid:3)(cid:3)(cid:3)(cid:3)(cid:3)(cid:3)(cid:3)(cid:3)(cid:3)(cid:3)(cid:3)(cid:3)(cid:3)(cid:3)(cid:3)(cid:3)(cid:3)(cid:3)(cid:3)(cid:3)(cid:883)(cid:884)(cid:883)(cid:484)(cid:889)(cid:890)(cid:882),(cid:3)(cid:3)(cid:3)(cid:3)(cid:3)(cid:3)(cid:3)(cid:3)(cid:3)(cid:3)(cid:3)(cid:3)(cid:3)(cid:3)(cid:3)(cid:3)(cid:3)(cid:3)(cid:3)(cid:3)(cid:3)(cid:3)(cid:3)(cid:3)(cid:3)(cid:3)(cid:3)(cid:3)(cid:3)(cid:3)(cid:3)(cid:3)(cid:3)(cid:3)(cid:3)(cid:3)(cid:3)(cid:3)(cid:3)(cid:3)(cid:3)(cid:3)(cid:3)(cid:3)(cid:3)(cid:3)(cid:3)(cid:3)(cid:3)(cid:3)(cid:3)(cid:3)(cid:890)(cid:882)(cid:481)(cid:889)(cid:889)(cid:3),,,,,,,,,,,,,,,,,,,,,,,,,,,,,,
(cid:883)(cid:882),(cid:3)(cid:14)(cid:135)(cid:146)(cid:151)(cid:142)(cid:131)(cid:151)(cid:131)(cid:144)(cid:3)(cid:5)(cid:131)(cid:144)(cid:137)(cid:141)(cid:131)(cid:3)(cid:5)(cid:135)(cid:142)(cid:139)(cid:150)(cid:151)(cid:144)(cid:137),(cid:3)(cid:3)(cid:3)(cid:3)(cid:3)(cid:3)(cid:3)(cid:3)(cid:3)(cid:3)(cid:3)(cid:3)(cid:3)(cid:3)(cid:3)(cid:3)(cid:3)(cid:3)(cid:3)(cid:3)(cid:3)(cid:3)(cid:3)(cid:3)(cid:3)(cid:3)(cid:3)(cid:3)(cid:3)(cid:3)(cid:3)(cid:3)(cid:3)(cid:3)(cid:3)(cid:3)(cid:3)(cid:883)(cid:888)(cid:888)(cid:484)(cid:884)(cid:886)(cid:888),(cid:3)(cid:3)(cid:3)(cid:3)(cid:3)(cid:3)(cid:3)(cid:3)(cid:3)(cid:3)(cid:3)(cid:3)(cid:3)(cid:3)(cid:3)(cid:3)(cid:3)(cid:3)(cid:3)(cid:3)(cid:3)(cid:3)(cid:3)(cid:3)(cid:3)(cid:3)(cid:3)(cid:3)(cid:3)(cid:3)(cid:3)(cid:3)(cid:3)(cid:3)(cid:3)(cid:3)(cid:3)(cid:883)(cid:884)(cid:885)(cid:484)(cid:890)(cid:884)(cid:886),(cid:3)(cid:3)(cid:3)(cid:3)(cid:3)(cid:3)(cid:3)(cid:3)(cid:3)(cid:3)(cid:3)(cid:3)(cid:3)(cid:3)(cid:3)(cid:3)(cid:3)(cid:3)(cid:3)(cid:3)(cid:3)(cid:3)(cid:3)(cid:3)(cid:3)(cid:3)(cid:3)(cid:3)(cid:3)(cid:3)(cid:3)(cid:3)(cid:3)(cid:3)(cid:3)(cid:3)(cid:3)(cid:3)(cid:3)(cid:3)(cid:3)(cid:3)(cid:3)(cid:3)(cid:3)(cid:3)(cid:3)(cid:3)(cid:3)(cid:3)(cid:3)(cid:3)(cid:889)(cid:886)(cid:481)(cid:886)(cid:890)(cid:3),,,,,,,,,,,,,,,,,,,,,,,,,,,,,,
(cid:883)(cid:883),(cid:3)(cid:7)(cid:14)(cid:12)(cid:3)(cid:13)(cid:131)(cid:141)(cid:131)(cid:148)(cid:150)(cid:131),(cid:3)(cid:3)(cid:3)(cid:3)(cid:3)(cid:3)(cid:3)(cid:3)(cid:3)(cid:3)(cid:3)(cid:3)(cid:3)(cid:3)(cid:3)(cid:3)(cid:3)(cid:3)(cid:3)(cid:3)(cid:3)(cid:3)(cid:3)(cid:3)(cid:3)(cid:3)(cid:3)(cid:3)(cid:3)(cid:3)(cid:3)(cid:3)(cid:3)(cid:883)(cid:3)(cid:484)(cid:884)(cid:883)(cid:882)(cid:484)(cid:884)(cid:887)(cid:890),(cid:3)(cid:3)(cid:3)(cid:3)(cid:3)(cid:3)(cid:3)(cid:3)(cid:3)(cid:3)(cid:3)(cid:3)(cid:3)(cid:3)(cid:3)(cid:3)(cid:3)(cid:3)(cid:3)(cid:3)(cid:3)(cid:3)(cid:3)(cid:3)(cid:3)(cid:3)(cid:3)(cid:3)(cid:3)(cid:3)(cid:3)(cid:3)(cid:3)(cid:883)(cid:3)(cid:484)(cid:882)(cid:884)(cid:891)(cid:484)(cid:883)(cid:888)(cid:890),(cid:3)(cid:3)(cid:3)(cid:3)(cid:3)(cid:3)(cid:3)(cid:3)(cid:3)(cid:3)(cid:3)(cid:3)(cid:3)(cid:3)(cid:3)(cid:3)(cid:3)(cid:3)(cid:3)(cid:3)(cid:3)(cid:3)(cid:3)(cid:3)(cid:3)(cid:3)(cid:3)(cid:3)(cid:3)(cid:3)(cid:3)(cid:3)(cid:3)(cid:3)(cid:3)(cid:3)(cid:3)(cid:3)(cid:3)(cid:3)(cid:3)(cid:3)(cid:3)(cid:3)(cid:3)(cid:3)(cid:3)(cid:3)(cid:3)(cid:3)(cid:3)(cid:3)(cid:890)(cid:887)(cid:481)(cid:882)(cid:886)(cid:3),,,,,,,,,,,,,,,,,,,,,,,,,,,,,,
(cid:883)(cid:884),(cid:3)(cid:13)(cid:131)(cid:153)(cid:131)(cid:3)(cid:5)(cid:131)(cid:148)(cid:131)(cid:150),(cid:3)(cid:3)(cid:3)(cid:3)(cid:3)(cid:3)(cid:3)(cid:3)(cid:3)(cid:3)(cid:3)(cid:3)(cid:3)(cid:3)(cid:3)(cid:3)(cid:3)(cid:3)(cid:3)(cid:3)(cid:3)(cid:3)(cid:3)(cid:3)(cid:3)(cid:3)(cid:3)(cid:3)(cid:3)(cid:3)(cid:3)(cid:3)(cid:3)(cid:887)(cid:3)(cid:484)(cid:887)(cid:885)(cid:889)(cid:484)(cid:884)(cid:888)(cid:888),(cid:3)(cid:3)(cid:3)(cid:3)(cid:3)(cid:3)(cid:3)(cid:3)(cid:3)(cid:3)(cid:3)(cid:3)(cid:3)(cid:3)(cid:3)(cid:3)(cid:3)(cid:3)(cid:3)(cid:3)(cid:3)(cid:3)(cid:3)(cid:3)(cid:3)(cid:3)(cid:3)(cid:3)(cid:3)(cid:3)(cid:3)(cid:3)(cid:3)(cid:886)(cid:3)(cid:484)(cid:891)(cid:891)(cid:886)(cid:484)(cid:884)(cid:887)(cid:882),(cid:3)(cid:3)(cid:3)(cid:3)(cid:3)(cid:3)(cid:3)(cid:3)(cid:3)(cid:3)(cid:3)(cid:3)(cid:3)(cid:3)(cid:3)(cid:3)(cid:3)(cid:3)(cid:3)(cid:3)(cid:3)(cid:3)(cid:3)(cid:3)(cid:3)(cid:3)(cid:3)(cid:3)(cid:3)(cid:3)(cid:3)(cid:3)(cid:3)(cid:3)(cid:3)(cid:3)(cid:3)(cid:3)(cid:3)(cid:3)(cid:3)(cid:3)(cid:3)(cid:3)(cid:3)(cid:3)(cid:3)(cid:3)(cid:3)(cid:3)(cid:3)(cid:3)(cid:891)(cid:882)(cid:481)(cid:883)(cid:891)(cid:3),,,,,,,,,,,,,,,,,,,,,,,,,,,,,,
(cid:883)(cid:885),(cid:3)(cid:13)(cid:131)(cid:153)(cid:131)(cid:3)(cid:23)(cid:135)(cid:144)(cid:137)(cid:131)(cid:138),(cid:3)(cid:3)(cid:3)(cid:3)(cid:3)(cid:3)(cid:3)(cid:3)(cid:3)(cid:3)(cid:3)(cid:3)(cid:3)(cid:3)(cid:3)(cid:3)(cid:3)(cid:3)(cid:3)(cid:3)(cid:3)(cid:3)(cid:3)(cid:3)(cid:3)(cid:3)(cid:3)(cid:3)(cid:3)(cid:3)(cid:3)(cid:3)(cid:3)(cid:887)(cid:3)(cid:484)(cid:884)(cid:886)(cid:885)(cid:484)(cid:887)(cid:882)(cid:883),(cid:3)(cid:3)(cid:3)(cid:3)(cid:3)(cid:3)(cid:3)(cid:3)(cid:3)(cid:3)(cid:3)(cid:3)(cid:3)(cid:3)(cid:3)(cid:3)(cid:3)(cid:3)(cid:3)(cid:3)(cid:3)(cid:3)(cid:3)(cid:3)(cid:3)(cid:3)(cid:3)(cid:3)(cid:3)(cid:3)(cid:3)(cid:3)(cid:3)(cid:886)(cid:3)(cid:484)(cid:891)(cid:885)(cid:884)(cid:484)(cid:883)(cid:884)(cid:891),(cid:3)(cid:3)(cid:3)(cid:3)(cid:3)(cid:3)(cid:3)(cid:3)(cid:3)(cid:3)(cid:3)(cid:3)(cid:3)(cid:3)(cid:3)(cid:3)(cid:3)(cid:3)(cid:3)(cid:3)(cid:3)(cid:3)(cid:3)(cid:3)(cid:3)(cid:3)(cid:3)(cid:3)(cid:3)(cid:3)(cid:3)(cid:3)(cid:3)(cid:3)(cid:3)(cid:3)(cid:3)(cid:3)(cid:3)(cid:3)(cid:3)(cid:3)(cid:3)(cid:3)(cid:3)(cid:3)(cid:3)(cid:3)(cid:3)(cid:3)(cid:3)(cid:3)(cid:891)(cid:886)(cid:481)(cid:882)(cid:888)(cid:3),,,,,,,,,,,,,,,,,,,,,,,,,,,,,,
(cid:883)(cid:886),(cid:3)(cid:7)(cid:12)(cid:3)(cid:28)(cid:145)(cid:137)(cid:155)(cid:131)(cid:141)(cid:131)(cid:148)(cid:150)(cid:131),(cid:3)(cid:3)(cid:3)(cid:3)(cid:3)(cid:3)(cid:3)(cid:3)(cid:3)(cid:3)(cid:3)(cid:3)(cid:3)(cid:3)(cid:3)(cid:3)(cid:3)(cid:3)(cid:3)(cid:3)(cid:3)(cid:3)(cid:3)(cid:3)(cid:3)(cid:3)(cid:3)(cid:3)(cid:3)(cid:3)(cid:3)(cid:3)(cid:3)(cid:3)(cid:3)(cid:3)(cid:3)(cid:888)(cid:887)(cid:885)(cid:484)(cid:885)(cid:885)(cid:886),(cid:3)(cid:3)(cid:3)(cid:3)(cid:3)(cid:3)(cid:3)(cid:3)(cid:3)(cid:3)(cid:3)(cid:3)(cid:3)(cid:3)(cid:3)(cid:3)(cid:3)(cid:3)(cid:3)(cid:3)(cid:3)(cid:3)(cid:3)(cid:3)(cid:3)(cid:3)(cid:3)(cid:3)(cid:3)(cid:3)(cid:3)(cid:3)(cid:3)(cid:3)(cid:3)(cid:3)(cid:3)(cid:886)(cid:882)(cid:882)(cid:484)(cid:888)(cid:885)(cid:883),(cid:3)(cid:3)(cid:3)(cid:3)(cid:3)(cid:3)(cid:3)(cid:3)(cid:3)(cid:3)(cid:3)(cid:3)(cid:3)(cid:3)(cid:3)(cid:3)(cid:3)(cid:3)(cid:3)(cid:3)(cid:3)(cid:3)(cid:3)(cid:3)(cid:3)(cid:3)(cid:3)(cid:3)(cid:3)(cid:3)(cid:3)(cid:3)(cid:3)(cid:3)(cid:3)(cid:3)(cid:3)(cid:3)(cid:3)(cid:3)(cid:3)(cid:3)(cid:3)(cid:3)(cid:3)(cid:3)(cid:3)(cid:3)(cid:3)(cid:3)(cid:3)(cid:3)(cid:888)(cid:883)(cid:481)(cid:885)(cid:884)(cid:3),,,,,,,,,,,,,,,,,,,,,,,,,,,,,,
(cid:883)(cid:887),(cid:3)(cid:13)(cid:131)(cid:153)(cid:131)(cid:3)(cid:23)(cid:139)(cid:143)(cid:151)(cid:148),(cid:3)(cid:3)(cid:3)(cid:3)(cid:3)(cid:3)(cid:3)(cid:3)(cid:3)(cid:3)(cid:3)(cid:3)(cid:3)(cid:3)(cid:3)(cid:3)(cid:3)(cid:3)(cid:3)(cid:3)(cid:3)(cid:3)(cid:3)(cid:3)(cid:3)(cid:3)(cid:3)(cid:3)(cid:3)(cid:3)(cid:3)(cid:3)(cid:3)(cid:888)(cid:3)(cid:484)(cid:884)(cid:885)(cid:888)(cid:484)(cid:886)(cid:883)(cid:883),(cid:3)(cid:3)(cid:3)(cid:3)(cid:3)(cid:3)(cid:3)(cid:3)(cid:3)(cid:3)(cid:3)(cid:3)(cid:3)(cid:3)(cid:3)(cid:3)(cid:3)(cid:3)(cid:3)(cid:3)(cid:3)(cid:3)(cid:3)(cid:3)(cid:3)(cid:3)(cid:3)(cid:3)(cid:3)(cid:3)(cid:3)(cid:3)(cid:3)(cid:887)(cid:3)(cid:484)(cid:891)(cid:884)(cid:888)(cid:484)(cid:887)(cid:886)(cid:890),(cid:3)(cid:3)(cid:3)(cid:3)(cid:3)(cid:3)(cid:3)(cid:3)(cid:3)(cid:3)(cid:3)(cid:3)(cid:3)(cid:3)(cid:3)(cid:3)(cid:3)(cid:3)(cid:3)(cid:3)(cid:3)(cid:3)(cid:3)(cid:3)(cid:3)(cid:3)(cid:3)(cid:3)(cid:3)(cid:3)(cid:3)(cid:3)(cid:3)(cid:3)(cid:3)(cid:3)(cid:3)(cid:3)(cid:3)(cid:3)(cid:3)(cid:3)(cid:3)(cid:3)(cid:3)(cid:3)(cid:3)(cid:3)(cid:3)(cid:3)(cid:3)(cid:3)(cid:891)(cid:887)(cid:481)(cid:882)(cid:885)(cid:3),,,,,,,,,,,,,,,,,,,,,,,,,,,,,,
(cid:883)(cid:888),(cid:3)(cid:5)(cid:131)(cid:144)(cid:150)(cid:135)(cid:144),(cid:3)(cid:3)(cid:3)(cid:3)(cid:3)(cid:3)(cid:3)(cid:3)(cid:3)(cid:3)(cid:3)(cid:3)(cid:3)(cid:3)(cid:3)(cid:3)(cid:3)(cid:3)(cid:3)(cid:3)(cid:3)(cid:3)(cid:3)(cid:3)(cid:3)(cid:3)(cid:3)(cid:3)(cid:3)(cid:3)(cid:3)(cid:3)(cid:3)(cid:883)(cid:3)(cid:484)(cid:882)(cid:883)(cid:887)(cid:484)(cid:884)(cid:886)(cid:883),(cid:3)(cid:3)(cid:3)(cid:3)(cid:3)(cid:3)(cid:3)(cid:3)(cid:3)(cid:3)(cid:3)(cid:3)(cid:3)(cid:3)(cid:3)(cid:3)(cid:3)(cid:3)(cid:3)(cid:3)(cid:3)(cid:3)(cid:3)(cid:3)(cid:3)(cid:3)(cid:3)(cid:3)(cid:3)(cid:3)(cid:3)(cid:3)(cid:3)(cid:3)(cid:3)(cid:3)(cid:3)(cid:891)(cid:889)(cid:886)(cid:484)(cid:883)(cid:888)(cid:883),(cid:3)(cid:3)(cid:3)(cid:3)(cid:3)(cid:3)(cid:3)(cid:3)(cid:3)(cid:3)(cid:3)(cid:3)(cid:3)(cid:3)(cid:3)(cid:3)(cid:3)(cid:3)(cid:3)(cid:3)(cid:3)(cid:3)(cid:3)(cid:3)(cid:3)(cid:3)(cid:3)(cid:3)(cid:3)(cid:3)(cid:3)(cid:3)(cid:3)(cid:3)(cid:3)(cid:3)(cid:3)(cid:3)(cid:3)(cid:3)(cid:3)(cid:3)(cid:3)(cid:3)(cid:3)(cid:3)(cid:3)(cid:3)(cid:3)(cid:3)(cid:3)(cid:3)(cid:891)(cid:887)(cid:481)(cid:891)(cid:887)(cid:3),,,,,,,,,,,,,,,,,,,,,,,,,,,,,,
(cid:883)(cid:889),(cid:3)(cid:5)(cid:131)(cid:142)(cid:139),(cid:3)(cid:3)(cid:3)(cid:3)(cid:3)(cid:3)(cid:3)(cid:3)(cid:3)(cid:3)(cid:3)(cid:3)(cid:3)(cid:3)(cid:3)(cid:3)(cid:3)(cid:3)(cid:3)(cid:3)(cid:3)(cid:3)(cid:3)(cid:3)(cid:3)(cid:3)(cid:3)(cid:3)(cid:3)(cid:3)(cid:3)(cid:3)(cid:3)(cid:3)(cid:3)(cid:3)(cid:3)(cid:888)(cid:886)(cid:887)(cid:484)(cid:890)(cid:886)(cid:887),(cid:3)(cid:3)(cid:3)(cid:3)(cid:3)(cid:3)(cid:3)(cid:3)(cid:3)(cid:3)(cid:3)(cid:3)(cid:3)(cid:3)(cid:3)(cid:3)(cid:3)(cid:3)(cid:3)(cid:3)(cid:3)(cid:3)(cid:3)(cid:3)(cid:3)(cid:3)(cid:3)(cid:3)(cid:3)(cid:3)(cid:3)(cid:3)(cid:3)(cid:3)(cid:3)(cid:3)(cid:3)(cid:888)(cid:882)(cid:887)(cid:484)(cid:883)(cid:891)(cid:890),(cid:3)(cid:3)(cid:3)(cid:3)(cid:3)(cid:3)(cid:3)(cid:3)(cid:3)(cid:3)(cid:3)(cid:3)(cid:3)(cid:3)(cid:3)(cid:3)(cid:3)(cid:3)(cid:3)(cid:3)(cid:3)(cid:3)(cid:3)(cid:3)(cid:3)(cid:3)(cid:3)(cid:3)(cid:3)(cid:3)(cid:3)(cid:3)(cid:3)(cid:3)(cid:3)(cid:3)(cid:3)(cid:3)(cid:3)(cid:3)(cid:3)(cid:3)(cid:3)(cid:3)(cid:3)(cid:3)(cid:3)(cid:3)(cid:3)(cid:3)(cid:3)(cid:3)(cid:891)(cid:885)(cid:481)(cid:889)(cid:883)(cid:3),,,,,,,,,,,,,,,,,,,,,,,,,,,,,,
(cid:883)(cid:890),(cid:3)(cid:17)(cid:151)(cid:149)(cid:131)(cid:3)(cid:23)(cid:135)(cid:144)(cid:137)(cid:137)(cid:131)(cid:148)(cid:131)(cid:3)(cid:5)(cid:131)(cid:148)(cid:131)(cid:150),(cid:3)(cid:3)(cid:3)(cid:3)(cid:3)(cid:3)(cid:3)(cid:3)(cid:3)(cid:3)(cid:3)(cid:3)(cid:3)(cid:3)(cid:3)(cid:3)(cid:3)(cid:3)(cid:3)(cid:3)(cid:3)(cid:3)(cid:3)(cid:3)(cid:3)(cid:3)(cid:3)(cid:3)(cid:3)(cid:3)(cid:3)(cid:3)(cid:3)(cid:3)(cid:3)(cid:3)(cid:3)(cid:887)(cid:884)(cid:891)(cid:484)(cid:882)(cid:887)(cid:890),(cid:3)(cid:3)(cid:3)(cid:3)(cid:3)(cid:3)(cid:3)(cid:3)(cid:3)(cid:3)(cid:3)(cid:3)(cid:3)(cid:3)(cid:3)(cid:3)(cid:3)(cid:3)(cid:3)(cid:3)(cid:3)(cid:3)(cid:3)(cid:3)(cid:3)(cid:3)(cid:3)(cid:3)(cid:3)(cid:3)(cid:3)(cid:3)(cid:3)(cid:3)(cid:3)(cid:3)(cid:3)(cid:887)(cid:882)(cid:885)(cid:484)(cid:886)(cid:890)(cid:887),(cid:3)(cid:3)(cid:3)(cid:3)(cid:3)(cid:3)(cid:3)(cid:3)(cid:3)(cid:3)(cid:3)(cid:3)(cid:3)(cid:3)(cid:3)(cid:3)(cid:3)(cid:3)(cid:3)(cid:3)(cid:3)(cid:3)(cid:3)(cid:3)(cid:3)(cid:3)(cid:3)(cid:3)(cid:3)(cid:3)(cid:3)(cid:3)(cid:3)(cid:3)(cid:3)(cid:3)(cid:3)(cid:3)(cid:3)(cid:3)(cid:3)(cid:3)(cid:3)(cid:3)(cid:3)(cid:3)(cid:3)(cid:3)(cid:3)(cid:3)(cid:3)(cid:3)(cid:891)(cid:887)(cid:481)(cid:883)(cid:889)(cid:3),,,,,,,,,,,,,,,,,,,,,,,,,,,,,,
(cid:883)(cid:891),(cid:3)(cid:17)(cid:151)(cid:149)(cid:131)(cid:3)(cid:23)(cid:135)(cid:144)(cid:137)(cid:137)(cid:131)(cid:148)(cid:131)(cid:3)(cid:23)(cid:139)(cid:143)(cid:151)(cid:148),(cid:3)(cid:3)(cid:3)(cid:3)(cid:3)(cid:3)(cid:3)(cid:3)(cid:3)(cid:3)(cid:3)(cid:3)(cid:3)(cid:3)(cid:3)(cid:3)(cid:3)(cid:3)(cid:3)(cid:3)(cid:3)(cid:3)(cid:3)(cid:3)(cid:3)(cid:3)(cid:3)(cid:3)(cid:3)(cid:3)(cid:3)(cid:3)(cid:3)(cid:3)(cid:3)(cid:3)(cid:3)(cid:887)(cid:886)(cid:891)(cid:484)(cid:888)(cid:882)(cid:888),(cid:3)(cid:3)(cid:3)(cid:3)(cid:3)(cid:3)(cid:3)(cid:3)(cid:3)(cid:3)(cid:3)(cid:3)(cid:3)(cid:3)(cid:3)(cid:3)(cid:3)(cid:3)(cid:3)(cid:3)(cid:3)(cid:3)(cid:3)(cid:3)(cid:3)(cid:3)(cid:3)(cid:3)(cid:3)(cid:3)(cid:3)(cid:3)(cid:3)(cid:3)(cid:3)(cid:3)(cid:3)(cid:886)(cid:885)(cid:886)(cid:484)(cid:883)(cid:885)(cid:885),(cid:3)(cid:3)(cid:3)(cid:3)(cid:3)(cid:3)(cid:3)(cid:3)(cid:3)(cid:3)(cid:3)(cid:3)(cid:3)(cid:3)(cid:3)(cid:3)(cid:3)(cid:3)(cid:3)(cid:3)(cid:3)(cid:3)(cid:3)(cid:3)(cid:3)(cid:3)(cid:3)(cid:3)(cid:3)(cid:3)(cid:3)(cid:3)(cid:3)(cid:3)(cid:3)(cid:3)(cid:3)(cid:3)(cid:3)(cid:3)(cid:3)(cid:3)(cid:3)(cid:3)(cid:3)(cid:3)(cid:3)(cid:3)(cid:3)(cid:3)(cid:3)(cid:3)(cid:889)(cid:890)(cid:481)(cid:891)(cid:891)(cid:3),,,,,,,,,,,,,,,,,,,,,,,,,,,,,,
(cid:884)(cid:882),(cid:3)(cid:14)(cid:131)(cid:142)(cid:139)(cid:143)(cid:131)(cid:144)(cid:150)(cid:131)(cid:144)(cid:3)(cid:5)(cid:131)(cid:148)(cid:131)(cid:150),(cid:3)(cid:3)(cid:3)(cid:3)(cid:3)(cid:3)(cid:3)(cid:3)(cid:3)(cid:3)(cid:3)(cid:3)(cid:3)(cid:3)(cid:3)(cid:3)(cid:3)(cid:3)(cid:3)(cid:3)(cid:3)(cid:3)(cid:3)(cid:3)(cid:3)(cid:3)(cid:3)(cid:3)(cid:3)(cid:3)(cid:3)(cid:3)(cid:3)(cid:3)(cid:3)(cid:3)(cid:3)(cid:887)(cid:886)(cid:882)(cid:484)(cid:883)(cid:887)(cid:890),(cid:3)(cid:3)(cid:3)(cid:3)(cid:3)(cid:3)(cid:3)(cid:3)(cid:3)(cid:3)(cid:3)(cid:3)(cid:3)(cid:3)(cid:3)(cid:3)(cid:3)(cid:3)(cid:3)(cid:3)(cid:3)(cid:3)(cid:3)(cid:3)(cid:3)(cid:3)(cid:3)(cid:3)(cid:3)(cid:3)(cid:3)(cid:3)(cid:3)(cid:3)(cid:3)(cid:3)(cid:3)(cid:885)(cid:891)(cid:885)(cid:484)(cid:886)(cid:882)(cid:891),(cid:3)(cid:3)(cid:3)(cid:3)(cid:3)(cid:3)(cid:3)(cid:3)(cid:3)(cid:3)(cid:3)(cid:3)(cid:3)(cid:3)(cid:3)(cid:3)(cid:3)(cid:3)(cid:3)(cid:3)(cid:3)(cid:3)(cid:3)(cid:3)(cid:3)(cid:3)(cid:3)(cid:3)(cid:3)(cid:3)(cid:3)(cid:3)(cid:3)(cid:3)(cid:3)(cid:3)(cid:3)(cid:3)(cid:3)(cid:3)(cid:3)(cid:3)(cid:3)(cid:3)(cid:3)(cid:3)(cid:3)(cid:3)(cid:3)(cid:3)(cid:3)(cid:3)(cid:889)(cid:884)(cid:481)(cid:890)(cid:885)(cid:3),,,,,,,,,,,,,,,,,,,,,,,,,,,,,,
(cid:884)(cid:883),(cid:3)(cid:14)(cid:131)(cid:142)(cid:139)(cid:143)(cid:131)(cid:144)(cid:150)(cid:131)(cid:144)(cid:3)(cid:23)(cid:135)(cid:144)(cid:137)(cid:131)(cid:138),(cid:3)(cid:3)(cid:3)(cid:3)(cid:3)(cid:3)(cid:3)(cid:3)(cid:3)(cid:3)(cid:3)(cid:3)(cid:3)(cid:3)(cid:3)(cid:3)(cid:3)(cid:3)(cid:3)(cid:3)(cid:3)(cid:3)(cid:3)(cid:3)(cid:3)(cid:3)(cid:3)(cid:3)(cid:3)(cid:3)(cid:3)(cid:3)(cid:3)(cid:3)(cid:3)(cid:3)(cid:3)(cid:884)(cid:886)(cid:889)(cid:484)(cid:887)(cid:889)(cid:888),(cid:3)(cid:3)(cid:3)(cid:3)(cid:3)(cid:3)(cid:3)(cid:3)(cid:3)(cid:3)(cid:3)(cid:3)(cid:3)(cid:3)(cid:3)(cid:3)(cid:3)(cid:3)(cid:3)(cid:3)(cid:3)(cid:3)(cid:3)(cid:3)(cid:3)(cid:3)(cid:3)(cid:3)(cid:3)(cid:3)(cid:3)(cid:3)(cid:3)(cid:3)(cid:3)(cid:3)(cid:3)(cid:884)(cid:884)(cid:887)(cid:484)(cid:882)(cid:884)(cid:884),(cid:3)(cid:3)(cid:3)(cid:3)(cid:3)(cid:3)(cid:3)(cid:3)(cid:3)(cid:3)(cid:3)(cid:3)(cid:3)(cid:3)(cid:3)(cid:3)(cid:3)(cid:3)(cid:3)(cid:3)(cid:3)(cid:3)(cid:3)(cid:3)(cid:3)(cid:3)(cid:3)(cid:3)(cid:3)(cid:3)(cid:3)(cid:3)(cid:3)(cid:3)(cid:3)(cid:3)(cid:3)(cid:3)(cid:3)(cid:3)(cid:3)(cid:3)(cid:3)(cid:3)(cid:3)(cid:3)(cid:3)(cid:3)(cid:3)(cid:3)(cid:3)(cid:3)(cid:891)(cid:882)(cid:481)(cid:890)(cid:891)(cid:3),,,,,,,,,,,,,,,,,,,,,,,,,,,,,,
(cid:884)(cid:884),(cid:3)(cid:14)(cid:131)(cid:142)(cid:139)(cid:143)(cid:131)(cid:144)(cid:150)(cid:131)(cid:144)(cid:3)(cid:22)(cid:135)(cid:142)(cid:131)(cid:150)(cid:131)(cid:144),(cid:3)(cid:3)(cid:3)(cid:3)(cid:3)(cid:3)(cid:3)(cid:3)(cid:3)(cid:3)(cid:3)(cid:3)(cid:3)(cid:3)(cid:3)(cid:3)(cid:3)(cid:3)(cid:3)(cid:3)(cid:3)(cid:3)(cid:3)(cid:3)(cid:3)(cid:3)(cid:3)(cid:3)(cid:3)(cid:3)(cid:3)(cid:3)(cid:3)(cid:3)(cid:3)(cid:3)(cid:3)(cid:886)(cid:883)(cid:889)(cid:484)(cid:887)(cid:889)(cid:883),(cid:3)(cid:3)(cid:3)(cid:3)(cid:3)(cid:3)(cid:3)(cid:3)(cid:3)(cid:3)(cid:3)(cid:3)(cid:3)(cid:3)(cid:3)(cid:3)(cid:3)(cid:3)(cid:3)(cid:3)(cid:3)(cid:3)(cid:3)(cid:3)(cid:3)(cid:3)(cid:3)(cid:3)(cid:3)(cid:3)(cid:3)(cid:3)(cid:3)(cid:3)(cid:3)(cid:3)(cid:3)(cid:885)(cid:888)(cid:884)(cid:484)(cid:887)(cid:885)(cid:888),(cid:3)(cid:3)(cid:3)(cid:3)(cid:3)(cid:3)(cid:3)(cid:3)(cid:3)(cid:3)(cid:3)(cid:3)(cid:3)(cid:3)(cid:3)(cid:3)(cid:3)(cid:3)(cid:3)(cid:3)(cid:3)(cid:3)(cid:3)(cid:3)(cid:3)(cid:3)(cid:3)(cid:3)(cid:3)(cid:3)(cid:3)(cid:3)(cid:3)(cid:3)(cid:3)(cid:3)(cid:3)(cid:3)(cid:3)(cid:3)(cid:3)(cid:3)(cid:3)(cid:3)(cid:3)(cid:3)(cid:3)(cid:3)(cid:3)(cid:3)(cid:3)(cid:3)(cid:890)(cid:888)(cid:481)(cid:890)(cid:884)(cid:3),,,,,,,,,,,,,,,,,,,,,,,,,,,,,,
(cid:884)(cid:885),(cid:3)(cid:14)(cid:131)(cid:142)(cid:139)(cid:143)(cid:131)(cid:144)(cid:150)(cid:131)(cid:144)(cid:3)(cid:23)(cid:139)(cid:143)(cid:151)(cid:148),(cid:3)(cid:3)(cid:3)(cid:3)(cid:3)(cid:3)(cid:3)(cid:3)(cid:3)(cid:3)(cid:3)(cid:3)(cid:3)(cid:3)(cid:3)(cid:3)(cid:3)(cid:3)(cid:3)(cid:3)(cid:3)(cid:3)(cid:3)(cid:3)(cid:3)(cid:3)(cid:3)(cid:3)(cid:3)(cid:3)(cid:3)(cid:3)(cid:3)(cid:3)(cid:3)(cid:3)(cid:3)(cid:885)(cid:887)(cid:891)(cid:484)(cid:883)(cid:889)(cid:884),(cid:3)(cid:3)(cid:3)(cid:3)(cid:3)(cid:3)(cid:3)(cid:3)(cid:3)(cid:3)(cid:3)(cid:3)(cid:3)(cid:3)(cid:3)(cid:3)(cid:3)(cid:3)(cid:3)(cid:3)(cid:3)(cid:3)(cid:3)(cid:3)(cid:3)(cid:3)(cid:3)(cid:3)(cid:3)(cid:3)(cid:3)(cid:3)(cid:3)(cid:3)(cid:3)(cid:3)(cid:3)(cid:884)(cid:885)(cid:883)(cid:484)(cid:889)(cid:890)(cid:891),(cid:3)(cid:3)(cid:3)(cid:3)(cid:3)(cid:3)(cid:3)(cid:3)(cid:3)(cid:3)(cid:3)(cid:3)(cid:3)(cid:3)(cid:3)(cid:3)(cid:3)(cid:3)(cid:3)(cid:3)(cid:3)(cid:3)(cid:3)(cid:3)(cid:3)(cid:3)(cid:3)(cid:3)(cid:3)(cid:3)(cid:3)(cid:3)(cid:3)(cid:3)(cid:3)(cid:3)(cid:3)(cid:3)(cid:3)(cid:3)(cid:3)(cid:3)(cid:3)(cid:3)(cid:3)(cid:3)(cid:3)(cid:3)(cid:3)(cid:3)(cid:3)(cid:3)(cid:888)(cid:886)(cid:481)(cid:887)(cid:885)(cid:3),,,,,,,,,,,,,,,,,,,,,,,,,,,,,,
(cid:884)(cid:886),(cid:3)(cid:14)(cid:131)(cid:142)(cid:139)(cid:143)(cid:131)(cid:144)(cid:150)(cid:131)(cid:144)(cid:3)(cid:24)(cid:150)(cid:131)(cid:148)(cid:131),(cid:3)(cid:3)(cid:3)(cid:3)(cid:3)(cid:3)(cid:3)(cid:3)(cid:3)(cid:3)(cid:3)(cid:3)(cid:3)(cid:3)(cid:3)(cid:3)(cid:3)(cid:3)(cid:3)(cid:3)(cid:3)(cid:3)(cid:3)(cid:3)(cid:3)(cid:3)(cid:3)(cid:3)(cid:3)(cid:3)(cid:3)(cid:3)(cid:3)(cid:3)(cid:3)(cid:3)(cid:3)(cid:3)(cid:3)(cid:888)(cid:3)(cid:883)(cid:484)(cid:890)(cid:887)(cid:883),(cid:3)(cid:3)(cid:3)(cid:3)(cid:3)(cid:3)(cid:3)(cid:3)(cid:3)(cid:3)(cid:3)(cid:3)(cid:3)(cid:3)(cid:3)(cid:3)(cid:3)(cid:3)(cid:3)(cid:3)(cid:3)(cid:3)(cid:3)(cid:3)(cid:3)(cid:3)(cid:3)(cid:3)(cid:3)(cid:3)(cid:3)(cid:3)(cid:3)(cid:3)(cid:3)(cid:3)(cid:3)(cid:3)(cid:3)(cid:886)(cid:3)(cid:882)(cid:484)(cid:891)(cid:884)(cid:888),(cid:3)(cid:3)(cid:3)(cid:3)(cid:3)(cid:3)(cid:3)(cid:3)(cid:3)(cid:3)(cid:3)(cid:3)(cid:3)(cid:3)(cid:3)(cid:3)(cid:3)(cid:3)(cid:3)(cid:3)(cid:3)(cid:3)(cid:3)(cid:3)(cid:3)(cid:3)(cid:3)(cid:3)(cid:3)(cid:3)(cid:3)(cid:3)(cid:3)(cid:3)(cid:3)(cid:3)(cid:3)(cid:3)(cid:3)(cid:3)(cid:3)(cid:3)(cid:3)(cid:3)(cid:3)(cid:3)(cid:3)(cid:3)(cid:3)(cid:3)(cid:3)(cid:3)(cid:888)(cid:888)(cid:481)(cid:883)(cid:889)(cid:3),,,,,,,,,,,,,,,,,,,,,,,,,,,,,,
(cid:884)(cid:887),(cid:3)(cid:22)(cid:151)(cid:142)(cid:131)(cid:153)(cid:135)(cid:149)(cid:139)(cid:3)(cid:24)(cid:150)(cid:131)(cid:148)(cid:131),(cid:3)(cid:3)(cid:3)(cid:3)(cid:3)(cid:3)(cid:3)(cid:3)(cid:3)(cid:3)(cid:3)(cid:3)(cid:3)(cid:3)(cid:3)(cid:3)(cid:3)(cid:3)(cid:3)(cid:3)(cid:3)(cid:3)(cid:3)(cid:3)(cid:3)(cid:3)(cid:3)(cid:3)(cid:3)(cid:3)(cid:3)(cid:3)(cid:3)(cid:3)(cid:3)(cid:3)(cid:3)(cid:885)(cid:888)(cid:891)(cid:484)(cid:888)(cid:891)(cid:889),(cid:3)(cid:3)(cid:3)(cid:3)(cid:3)(cid:3)(cid:3)(cid:3)(cid:3)(cid:3)(cid:3)(cid:3)(cid:3)(cid:3)(cid:3)(cid:3)(cid:3)(cid:3)(cid:3)(cid:3)(cid:3)(cid:3)(cid:3)(cid:3)(cid:3)(cid:3)(cid:3)(cid:3)(cid:3)(cid:3)(cid:3)(cid:3)(cid:3)(cid:3)(cid:3)(cid:3)(cid:3)(cid:885)(cid:883)(cid:886)(cid:484)(cid:884)(cid:885)(cid:882),(cid:3)(cid:3)(cid:3)(cid:3)(cid:3)(cid:3)(cid:3)(cid:3)(cid:3)(cid:3)(cid:3)(cid:3)(cid:3)(cid:3)(cid:3)(cid:3)(cid:3)(cid:3)(cid:3)(cid:3)(cid:3)(cid:3)(cid:3)(cid:3)(cid:3)(cid:3)(cid:3)(cid:3)(cid:3)(cid:3)(cid:3)(cid:3)(cid:3)(cid:3)(cid:3)(cid:3)(cid:3)(cid:3)(cid:3)(cid:3)(cid:3)(cid:3)(cid:3)(cid:3)(cid:3)(cid:3)(cid:3)(cid:3)(cid:3)(cid:3)(cid:3)(cid:3)(cid:890)(cid:887)(cid:481)(cid:882)(cid:882)(cid:3),,,,,,,,,,,,,,,,,,,,,,,,,,,,,,
(cid:884)(cid:888),(cid:3)(cid:22)(cid:151)(cid:142)(cid:131)(cid:153)(cid:135)(cid:149)(cid:139)(cid:3)(cid:23)(cid:135)(cid:144)(cid:137)(cid:131)(cid:138),(cid:3)(cid:3)(cid:3)(cid:3)(cid:3)(cid:3)(cid:3)(cid:3)(cid:3)(cid:3)(cid:3)(cid:3)(cid:3)(cid:3)(cid:3)(cid:3)(cid:3)(cid:3)(cid:3)(cid:3)(cid:3)(cid:3)(cid:3)(cid:3)(cid:3)(cid:3)(cid:3)(cid:3)(cid:3)(cid:3)(cid:3)(cid:3)(cid:3)(cid:3)(cid:3)(cid:3)(cid:3)(cid:884)(cid:891)(cid:889)(cid:484)(cid:890)(cid:889)(cid:891),(cid:3)(cid:3)(cid:3)(cid:3)(cid:3)(cid:3)(cid:3)(cid:3)(cid:3)(cid:3)(cid:3)(cid:3)(cid:3)(cid:3)(cid:3)(cid:3)(cid:3)(cid:3)(cid:3)(cid:3)(cid:3)(cid:3)(cid:3)(cid:3)(cid:3)(cid:3)(cid:3)(cid:3)(cid:3)(cid:3)(cid:3)(cid:3)(cid:3)(cid:3)(cid:3)(cid:3)(cid:3)(cid:884)(cid:885)(cid:882)(cid:484)(cid:882)(cid:884)(cid:889),(cid:3)(cid:3)(cid:3)(cid:3)(cid:3)(cid:3)(cid:3)(cid:3)(cid:3)(cid:3)(cid:3)(cid:3)(cid:3)(cid:3)(cid:3)(cid:3)(cid:3)(cid:3)(cid:3)(cid:3)(cid:3)(cid:3)(cid:3)(cid:3)(cid:3)(cid:3)(cid:3)(cid:3)(cid:3)(cid:3)(cid:3)(cid:3)(cid:3)(cid:3)(cid:3)(cid:3)(cid:3)(cid:3)(cid:3)(cid:3)(cid:3)(cid:3)(cid:3)(cid:3)(cid:3)(cid:3)(cid:3)(cid:3)(cid:3)(cid:3)(cid:3)(cid:3)(cid:889)(cid:889)(cid:481)(cid:884)(cid:884)(cid:3),,,,,,,,,,,,,,,,,,,,,,,,,,,,,,
(cid:884)(cid:889),(cid:3)(cid:22)(cid:151)(cid:142)(cid:131)(cid:153)(cid:135)(cid:149)(cid:139)(cid:3)(cid:22)(cid:135)(cid:142)(cid:131)(cid:150)(cid:131)(cid:144),(cid:3)(cid:3)(cid:3)(cid:3)(cid:3)(cid:3)(cid:3)(cid:3)(cid:3)(cid:3)(cid:3)(cid:3)(cid:3)(cid:3)(cid:3)(cid:3)(cid:3)(cid:3)(cid:3)(cid:3)(cid:3)(cid:3)(cid:3)(cid:3)(cid:3)(cid:3)(cid:3)(cid:3)(cid:3)(cid:3)(cid:3)(cid:3)(cid:3)(cid:883)(cid:3)(cid:484)(cid:882)(cid:889)(cid:886)(cid:484)(cid:890)(cid:883)(cid:889),(cid:3)(cid:3)(cid:3)(cid:3)(cid:3)(cid:3)(cid:3)(cid:3)(cid:3)(cid:3)(cid:3)(cid:3)(cid:3)(cid:3)(cid:3)(cid:3)(cid:3)(cid:3)(cid:3)(cid:3)(cid:3)(cid:3)(cid:3)(cid:3)(cid:3)(cid:3)(cid:3)(cid:3)(cid:3)(cid:3)(cid:3)(cid:3)(cid:3)(cid:3)(cid:3)(cid:3)(cid:3)(cid:890)(cid:883)(cid:891)(cid:484)(cid:884)(cid:891)(cid:890),(cid:3)(cid:3)(cid:3)(cid:3)(cid:3)(cid:3)(cid:3)(cid:3)(cid:3)(cid:3)(cid:3)(cid:3)(cid:3)(cid:3)(cid:3)(cid:3)(cid:3)(cid:3)(cid:3)(cid:3)(cid:3)(cid:3)(cid:3)(cid:3)(cid:3)(cid:3)(cid:3)(cid:3)(cid:3)(cid:3)(cid:3)(cid:3)(cid:3)(cid:3)(cid:3)(cid:3)(cid:3)(cid:3)(cid:3)(cid:3)(cid:3)(cid:3)(cid:3)(cid:3)(cid:3)(cid:3)(cid:3)(cid:3)(cid:3)(cid:3)(cid:3)(cid:3)(cid:889)(cid:888)(cid:481)(cid:884)(cid:885)(cid:3),,,,,,,,,,,,,,,,,,,,,,,,,,,,,,
(cid:884)(cid:890),(cid:3)(cid:22)(cid:151)(cid:142)(cid:131)(cid:153)(cid:135)(cid:149)(cid:139)(cid:3)(cid:23)(cid:135)(cid:144)(cid:137)(cid:137)(cid:131)(cid:148)(cid:131),(cid:3)(cid:3)(cid:3)(cid:3)(cid:3)(cid:3)(cid:3)(cid:3)(cid:3)(cid:3)(cid:3)(cid:3)(cid:3)(cid:3)(cid:3)(cid:3)(cid:3)(cid:3)(cid:3)(cid:3)(cid:3)(cid:3)(cid:3)(cid:3)(cid:3)(cid:3)(cid:3)(cid:3)(cid:3)(cid:3)(cid:3)(cid:3)(cid:3)(cid:3)(cid:3)(cid:3)(cid:3)(cid:884)(cid:885)(cid:890)(cid:484)(cid:888)(cid:889)(cid:885),(cid:3)(cid:3)(cid:3)(cid:3)(cid:3)(cid:3)(cid:3)(cid:3)(cid:3)(cid:3)(cid:3)(cid:3)(cid:3)(cid:3)(cid:3)(cid:3)(cid:3)(cid:3)(cid:3)(cid:3)(cid:3)(cid:3)(cid:3)(cid:3)(cid:3)(cid:3)(cid:3)(cid:3)(cid:3)(cid:3)(cid:3)(cid:3)(cid:3)(cid:3)(cid:3)(cid:3)(cid:3)(cid:883)(cid:890)(cid:882)(cid:484)(cid:887)(cid:887)(cid:887),(cid:3)(cid:3)(cid:3)(cid:3)(cid:3)(cid:3)(cid:3)(cid:3)(cid:3)(cid:3)(cid:3)(cid:3)(cid:3)(cid:3)(cid:3)(cid:3)(cid:3)(cid:3)(cid:3)(cid:3)(cid:3)(cid:3)(cid:3)(cid:3)(cid:3)(cid:3)(cid:3)(cid:3)(cid:3)(cid:3)(cid:3)(cid:3)(cid:3)(cid:3)(cid:3)(cid:3)(cid:3)(cid:3)(cid:3)(cid:3)(cid:3)(cid:3)(cid:3)(cid:3)(cid:3)(cid:3)(cid:3)(cid:3)(cid:3)(cid:3)(cid:3)(cid:3)(cid:889)(cid:887)(cid:481)(cid:888)(cid:887)(cid:3),,,,,,,,,,,,,,,,,,,,,,,,,,,,,,
(cid:884)(cid:891),(cid:3)(cid:10)(cid:145)(cid:148)(cid:145)(cid:144)(cid:150)(cid:131)(cid:142)(cid:145),(cid:3)(cid:3)(cid:3)(cid:3)(cid:3)(cid:3)(cid:3)(cid:3)(cid:3)(cid:3)(cid:3)(cid:3)(cid:3)(cid:3)(cid:3)(cid:3)(cid:3)(cid:3)(cid:3)(cid:3)(cid:3)(cid:3)(cid:3)(cid:3)(cid:3)(cid:3)(cid:3)(cid:3)(cid:3)(cid:3)(cid:3)(cid:3)(cid:3)(cid:3)(cid:3)(cid:3)(cid:3)(cid:883)(cid:884)(cid:886)(cid:484)(cid:883)(cid:886)(cid:882),(cid:3)(cid:3)(cid:3)(cid:3)(cid:3)(cid:3)(cid:3)(cid:3)(cid:3)(cid:3)(cid:3)(cid:3)(cid:3)(cid:3)(cid:3)(cid:3)(cid:3)(cid:3)(cid:3)(cid:3)(cid:3)(cid:3)(cid:3)(cid:3)(cid:3)(cid:3)(cid:3)(cid:3)(cid:3)(cid:3)(cid:3)(cid:3)(cid:3)(cid:3)(cid:3)(cid:3)(cid:3)(cid:3)(cid:3)(cid:891)(cid:3)(cid:886)(cid:484)(cid:883)(cid:883)(cid:885),(cid:3)(cid:3)(cid:3)(cid:3)(cid:3)(cid:3)(cid:3)(cid:3)(cid:3)(cid:3)(cid:3)(cid:3)(cid:3)(cid:3)(cid:3)(cid:3)(cid:3)(cid:3)(cid:3)(cid:3)(cid:3)(cid:3)(cid:3)(cid:3)(cid:3)(cid:3)(cid:3)(cid:3)(cid:3)(cid:3)(cid:3)(cid:3)(cid:3)(cid:3)(cid:3)(cid:3)(cid:3)(cid:3)(cid:3)(cid:3)(cid:3)(cid:3)(cid:3)(cid:3)(cid:3)(cid:3)(cid:3)(cid:3)(cid:3)(cid:3)(cid:3)(cid:3)(cid:889)(cid:887)(cid:481)(cid:890)(cid:883)(cid:3),,,,,,,,,,,,,,,,,,,,,,,,,,,,,,
(cid:885)(cid:882),(cid:3)(cid:22)(cid:151)(cid:142)(cid:131)(cid:153)(cid:135)(cid:149)(cid:139)(cid:3)(cid:5)(cid:131)(cid:148)(cid:131)(cid:150),(cid:3)(cid:3)(cid:3)(cid:3)(cid:3)(cid:3)(cid:3)(cid:3)(cid:3)(cid:3)(cid:3)(cid:3)(cid:3)(cid:3)(cid:3)(cid:3)(cid:3)(cid:3)(cid:3)(cid:3)(cid:3)(cid:3)(cid:3)(cid:3)(cid:3)(cid:3)(cid:3)(cid:3)(cid:3)(cid:3)(cid:3)(cid:3)(cid:3)(cid:3)(cid:3)(cid:3)(cid:3)(cid:883)(cid:884)(cid:890)(cid:484)(cid:882)(cid:889)(cid:884),(cid:3)(cid:3)(cid:3)(cid:3)(cid:3)(cid:3)(cid:3)(cid:3)(cid:3)(cid:3)(cid:3)(cid:3)(cid:3)(cid:3)(cid:3)(cid:3)(cid:3)(cid:3)(cid:3)(cid:3)(cid:3)(cid:3)(cid:3)(cid:3)(cid:3)(cid:3)(cid:3)(cid:3)(cid:3)(cid:3)(cid:3)(cid:3)(cid:3)(cid:3)(cid:3)(cid:3)(cid:3)(cid:3)(cid:3)(cid:890)(cid:3)(cid:885)(cid:484)(cid:888)(cid:882)(cid:889),(cid:3)(cid:3)(cid:3)(cid:3)(cid:3)(cid:3)(cid:3)(cid:3)(cid:3)(cid:3)(cid:3)(cid:3)(cid:3)(cid:3)(cid:3)(cid:3)(cid:3)(cid:3)(cid:3)(cid:3)(cid:3)(cid:3)(cid:3)(cid:3)(cid:3)(cid:3)(cid:3)(cid:3)(cid:3)(cid:3)(cid:3)(cid:3)(cid:3)(cid:3)(cid:3)(cid:3)(cid:3)(cid:3)(cid:3)(cid:3)(cid:3)(cid:3)(cid:3)(cid:3)(cid:3)(cid:3)(cid:3)(cid:3)(cid:3)(cid:3)(cid:3)(cid:3)(cid:888)(cid:887)(cid:481)(cid:884)(cid:890)(cid:3),,,,,,,,,,,,,,,,,,,,,,,,,,,,,,
(cid:885)(cid:883),(cid:3)(cid:16)(cid:131)(cid:142)(cid:151)(cid:141)(cid:151),(cid:3)(cid:3)(cid:3)(cid:3)(cid:3)(cid:3)(cid:3)(cid:3)(cid:3)(cid:3)(cid:3)(cid:3)(cid:3)(cid:3)(cid:3)(cid:3)(cid:3)(cid:3)(cid:3)(cid:3)(cid:3)(cid:3)(cid:3)(cid:3)(cid:3)(cid:3)(cid:3)(cid:3)(cid:3)(cid:3)(cid:3)(cid:3)(cid:3)(cid:3)(cid:3)(cid:3)(cid:3)(cid:883)(cid:891)(cid:885)(cid:484)(cid:886)(cid:887)(cid:890),(cid:3)(cid:3)(cid:3)(cid:3)(cid:3)(cid:3)(cid:3)(cid:3)(cid:3)(cid:3)(cid:3)(cid:3)(cid:3)(cid:3)(cid:3)(cid:3)(cid:3)(cid:3)(cid:3)(cid:3)(cid:3)(cid:3)(cid:3)(cid:3)(cid:3)(cid:3)(cid:3)(cid:3)(cid:3)(cid:3)(cid:3)(cid:3)(cid:3)(cid:3)(cid:3)(cid:3)(cid:3)(cid:883)(cid:884)(cid:884)(cid:484)(cid:884)(cid:891)(cid:891),(cid:3)(cid:3)(cid:3)(cid:3)(cid:3)(cid:3)(cid:3)(cid:3)(cid:3)(cid:3)(cid:3)(cid:3)(cid:3)(cid:3)(cid:3)(cid:3)(cid:3)(cid:3)(cid:3)(cid:3)(cid:3)(cid:3)(cid:3)(cid:3)(cid:3)(cid:3)(cid:3)(cid:3)(cid:3)(cid:3)(cid:3)(cid:3)(cid:3)(cid:3)(cid:3)(cid:3)(cid:3)(cid:3)(cid:3)(cid:3)(cid:3)(cid:3)(cid:3)(cid:3)(cid:3)(cid:3)(cid:3)(cid:3)(cid:3)(cid:3)(cid:3)(cid:3)(cid:888)(cid:885)(cid:481)(cid:884)(cid:884)(cid:3),,,,,,,,,,,,,,,,,,,,,,,,,,,,,,
(cid:885)(cid:884),(cid:3)(cid:16)(cid:131)(cid:142)(cid:151)(cid:141)(cid:151)(cid:3)(cid:24)(cid:150)(cid:131)(cid:148)(cid:131),(cid:3)(cid:3)(cid:3)(cid:3)(cid:3)(cid:3)(cid:3)(cid:3)(cid:3)(cid:3)(cid:3)(cid:3)(cid:3)(cid:3)(cid:3)(cid:3)(cid:3)(cid:3)(cid:3)(cid:3)(cid:3)(cid:3)(cid:3)(cid:3)(cid:3)(cid:3)(cid:3)(cid:3)(cid:3)(cid:3)(cid:3)(cid:3)(cid:3)(cid:3)(cid:3)(cid:3)(cid:3)(cid:883)(cid:883)(cid:883)(cid:484)(cid:885)(cid:891)(cid:882),(cid:3)(cid:3)(cid:3)(cid:3)(cid:3)(cid:3)(cid:3)(cid:3)(cid:3)(cid:3)(cid:3)(cid:3)(cid:3)(cid:3)(cid:3)(cid:3)(cid:3)(cid:3)(cid:3)(cid:3)(cid:3)(cid:3)(cid:3)(cid:3)(cid:3)(cid:3)(cid:3)(cid:3)(cid:3)(cid:3)(cid:3)(cid:3)(cid:3)(cid:3)(cid:3)(cid:3)(cid:3)(cid:3)(cid:3)(cid:891)(cid:3)(cid:891)(cid:484)(cid:890)(cid:889)(cid:885),(cid:3)(cid:3)(cid:3)(cid:3)(cid:3)(cid:3)(cid:3)(cid:3)(cid:3)(cid:3)(cid:3)(cid:3)(cid:3)(cid:3)(cid:3)(cid:3)(cid:3)(cid:3)(cid:3)(cid:3)(cid:3)(cid:3)(cid:3)(cid:3)(cid:3)(cid:3)(cid:3)(cid:3)(cid:3)(cid:3)(cid:3)(cid:3)(cid:3)(cid:3)(cid:3)(cid:3)(cid:3)(cid:3)(cid:3)(cid:3)(cid:3)(cid:3)(cid:3)(cid:3)(cid:3)(cid:3)(cid:3)(cid:3)(cid:3)(cid:3)(cid:3)(cid:3)(cid:890)(cid:891)(cid:481)(cid:888)(cid:888)(cid:3),,,,,,,,,,,,,,,,,,,,,,,,,,,,,,
(cid:885)(cid:885),(cid:3)(cid:19)(cid:131)(cid:146)(cid:151)(cid:131),(cid:3)(cid:3)(cid:3)(cid:3)(cid:3)(cid:3)(cid:3)(cid:3)(cid:3)(cid:3)(cid:3)(cid:3)(cid:3)(cid:3)(cid:3)(cid:3)(cid:3)(cid:3)(cid:3)(cid:3)(cid:3)(cid:3)(cid:3)(cid:3)(cid:3)(cid:3)(cid:3)(cid:3)(cid:3)(cid:3)(cid:3)(cid:3)(cid:3)(cid:3)(cid:3)(cid:3)(cid:3)(cid:3)(cid:3)(cid:890)(cid:3)(cid:883)(cid:484)(cid:889)(cid:886)(cid:889),(cid:3)(cid:3)(cid:3)(cid:3)(cid:3)(cid:3)(cid:3)(cid:3)(cid:3)(cid:3)(cid:3)(cid:3)(cid:3)(cid:3)(cid:3)(cid:3)(cid:3)(cid:3)(cid:3)(cid:3)(cid:3)(cid:3)(cid:3)(cid:3)(cid:3)(cid:3)(cid:3)(cid:3)(cid:3)(cid:3)(cid:3)(cid:3)(cid:3)(cid:3)(cid:3)(cid:3)(cid:3)(cid:3)(cid:3)(cid:888)(cid:3)(cid:883)(cid:484)(cid:890)(cid:882)(cid:890),(cid:3)(cid:3)(cid:3)(cid:3)(cid:3)(cid:3)(cid:3)(cid:3)(cid:3)(cid:3)(cid:3)(cid:3)(cid:3)(cid:3)(cid:3)(cid:3)(cid:3)(cid:3)(cid:3)(cid:3)(cid:3)(cid:3)(cid:3)(cid:3)(cid:3)(cid:3)(cid:3)(cid:3)(cid:3)(cid:3)(cid:3)(cid:3)(cid:3)(cid:3)(cid:3)(cid:3)(cid:3)(cid:3)(cid:3)(cid:3)(cid:3)(cid:3)(cid:3)(cid:3)(cid:3)(cid:3)(cid:3)(cid:3)(cid:3)(cid:3)(cid:3)(cid:3)(cid:889)(cid:887)(cid:481)(cid:888)(cid:883)(cid:3),,,,,,,,,,,,,,,,,,,,,,,,,,,,,,
(cid:885)(cid:886),(cid:3)(cid:19)(cid:131)(cid:146)(cid:151)(cid:131)(cid:3)(cid:5)(cid:131)(cid:148)(cid:131)(cid:150),(cid:3)(cid:3)(cid:3)(cid:3)(cid:3)(cid:3)(cid:3)(cid:3)(cid:3)(cid:3)(cid:3)(cid:3)(cid:3)(cid:3)(cid:3)(cid:3)(cid:3)(cid:3)(cid:3)(cid:3)(cid:3)(cid:3)(cid:3)(cid:3)(cid:3)(cid:3)(cid:3)(cid:3)(cid:3)(cid:3)(cid:3)(cid:3)(cid:3)(cid:3)(cid:3)(cid:3)(cid:3)(cid:3)(cid:3)(cid:885)(cid:3)(cid:889)(cid:484)(cid:883)(cid:886)(cid:888),(cid:3)(cid:3)(cid:3)(cid:3)(cid:3)(cid:3)(cid:3)(cid:3)(cid:3)(cid:3)(cid:3)(cid:3)(cid:3)(cid:3)(cid:3)(cid:3)(cid:3)(cid:3)(cid:3)(cid:3)(cid:3)(cid:3)(cid:3)(cid:3)(cid:3)(cid:3)(cid:3)(cid:3)(cid:3)(cid:3)(cid:3)(cid:3)(cid:3)(cid:3)(cid:3)(cid:3)(cid:3)(cid:3)(cid:3)(cid:884)(cid:3)(cid:890)(cid:484)(cid:883)(cid:885)(cid:883),(cid:3)(cid:3)(cid:3)(cid:3)(cid:3)(cid:3)(cid:3)(cid:3)(cid:3)(cid:3)(cid:3)(cid:3)(cid:3)(cid:3)(cid:3)(cid:3)(cid:3)(cid:3)(cid:3)(cid:3)(cid:3)(cid:3)(cid:3)(cid:3)(cid:3)(cid:3)(cid:3)(cid:3)(cid:3)(cid:3)(cid:3)(cid:3)(cid:3)(cid:3)(cid:3)(cid:3)(cid:3)(cid:3)(cid:3)(cid:3)(cid:3)(cid:3)(cid:3)(cid:3)(cid:3)(cid:3)(cid:3)(cid:3)(cid:3)(cid:3)(cid:3)(cid:3)(cid:889)(cid:887)(cid:481)(cid:889)(cid:885)(cid:3),,,,,,,,,,,,,,,,,,,,,,,,,,,,,,
(cid:885)(cid:887),(cid:3)(cid:19)(cid:131)(cid:146)(cid:151)(cid:131)(cid:3)(cid:22)(cid:135)(cid:142)(cid:131)(cid:150)(cid:131)(cid:144),(cid:3)(cid:3)(cid:3)(cid:3)(cid:3)(cid:3)(cid:3)(cid:3)(cid:3)(cid:3)(cid:3)(cid:3)(cid:3)(cid:3)(cid:3)(cid:3)(cid:3)(cid:3)(cid:3)(cid:3)(cid:3)(cid:3)(cid:3)(cid:3)(cid:3)(cid:3)(cid:3)(cid:3)(cid:3)(cid:3)(cid:3)(cid:3)(cid:3)(cid:3)(cid:3)(cid:3)(cid:3)(cid:3)(cid:3)(cid:885)(cid:3)(cid:887)(cid:484)(cid:888)(cid:891)(cid:888),(cid:3)(cid:3)(cid:3)(cid:3)(cid:3)(cid:3)(cid:3)(cid:3)(cid:3)(cid:3)(cid:3)(cid:3)(cid:3)(cid:3)(cid:3)(cid:3)(cid:3)(cid:3)(cid:3)(cid:3)(cid:3)(cid:3)(cid:3)(cid:3)(cid:3)(cid:3)(cid:3)(cid:3)(cid:3)(cid:3)(cid:3)(cid:3)(cid:3)(cid:3)(cid:3)(cid:3)(cid:3)(cid:3)(cid:3)(cid:883)(cid:3)(cid:890)(cid:484)(cid:882)(cid:885)(cid:887),(cid:3)(cid:3)(cid:3)(cid:3)(cid:3)(cid:3)(cid:3)(cid:3)(cid:3)(cid:3)(cid:3)(cid:3)(cid:3)(cid:3)(cid:3)(cid:3)(cid:3)(cid:3)(cid:3)(cid:3)(cid:3)(cid:3)(cid:3)(cid:3)(cid:3)(cid:3)(cid:3)(cid:3)(cid:3)(cid:3)(cid:3)(cid:3)(cid:3)(cid:3)(cid:3)(cid:3)(cid:3)(cid:3)(cid:3)(cid:3)(cid:3)(cid:3)(cid:3)(cid:3)(cid:3)(cid:3)(cid:3)(cid:3)(cid:3)(cid:3)(cid:3)(cid:3)(cid:887)(cid:882)(cid:481)(cid:887)(cid:884)(cid:3),,,,,,,,,,,,,,,,,,,,,,,,,,,,,,
(cid:885)(cid:888),(cid:3)(cid:19)(cid:131)(cid:146)(cid:151)(cid:131)(cid:3)(cid:23)(cid:135)(cid:144)(cid:137)(cid:131)(cid:138),(cid:3)(cid:3)(cid:3)(cid:3)(cid:3)(cid:3)(cid:3)(cid:3)(cid:3)(cid:3)(cid:3)(cid:3)(cid:3)(cid:3)(cid:3)(cid:3)(cid:3)(cid:3)(cid:3)(cid:3)(cid:3)(cid:3)(cid:3)(cid:3)(cid:3)(cid:3)(cid:3)(cid:3)(cid:3)(cid:3)(cid:3)(cid:3)(cid:3)(cid:3)(cid:3)(cid:3)(cid:3)(cid:3)(cid:3)(cid:891)(cid:3)(cid:884)(cid:484)(cid:890)(cid:888)(cid:889),(cid:3)(cid:3)(cid:3)(cid:3)(cid:3)(cid:3)(cid:3)(cid:3)(cid:3)(cid:3)(cid:3)(cid:3)(cid:3)(cid:3)(cid:3)(cid:3)(cid:3)(cid:3)(cid:3)(cid:3)(cid:3)(cid:3)(cid:3)(cid:3)(cid:3)(cid:3)(cid:3)(cid:3)(cid:3)(cid:3)(cid:3)(cid:3)(cid:3)(cid:3)(cid:3)(cid:3)(cid:3)(cid:3)(cid:3)(cid:883)(cid:3)(cid:884)(cid:484)(cid:890)(cid:890)(cid:890),(cid:3)(cid:3)(cid:3)(cid:3)(cid:3)(cid:3)(cid:3)(cid:3)(cid:3)(cid:3)(cid:3)(cid:3)(cid:3)(cid:3)(cid:3)(cid:3)(cid:3)(cid:3)(cid:3)(cid:3)(cid:3)(cid:3)(cid:3)(cid:3)(cid:3)(cid:3)(cid:3)(cid:3)(cid:3)(cid:3)(cid:3)(cid:3)(cid:3)(cid:3)(cid:3)(cid:3)(cid:3)(cid:3)(cid:3)(cid:3)(cid:3)(cid:3)(cid:3)(cid:3)(cid:3)(cid:3)(cid:3)(cid:3)(cid:3)(cid:3)(cid:3)(cid:3)(cid:883)(cid:885)(cid:481)(cid:890)(cid:890)(cid:3),,,,,,,,,,,,,,,,,,,,,,,,,,,,,,
(cid:885)(cid:889) (cid:3)(cid:19)(cid:131)(cid:146)(cid:151)(cid:131)(cid:3)(cid:19)(cid:135)(cid:137)(cid:151)(cid:144)(cid:151)(cid:144)(cid:137)(cid:131)(cid:144) Indonesia (cid:885)(cid:890) (cid:3)(cid:19)(cid:131)(cid:146)(cid:151)(cid:131)(cid:3)(cid:5)(cid:131)(cid:148)(cid:131)(cid:150)(cid:3)(cid:7)(cid:131)(cid:155)(cid:131),,(cid:3)(cid:3)(cid:3)(cid:3)(cid:3)(cid:3)(cid:3)(cid:3)(cid:3)(cid:3)(cid:3)(cid:3)(cid:3)(cid:3)(cid:3)(cid:3)(cid:3)(cid:3)(cid:3)(cid:3)(cid:3)(cid:3)(cid:3)(cid:3)(cid:3)(cid:3)(cid:3)(cid:3)(cid:3)(cid:3)(cid:3)(cid:3)(cid:3)(cid:3)(cid:3)(cid:3)(cid:3)(cid:883)(cid:883)(cid:891)(cid:484)(cid:887)(cid:882)(cid:889) 32.296.689,(cid:3)(cid:3)(cid:3)(cid:3)(cid:3)(cid:3)(cid:3)(cid:3)(cid:3)(cid:3)(cid:3)(cid:3)(cid:3)(cid:3)(cid:3)(cid:3)(cid:3)(cid:3)(cid:3)(cid:3)(cid:3)(cid:3)(cid:3)(cid:3)(cid:3)(cid:3)(cid:3)(cid:3)(cid:3)(cid:3)(cid:3)(cid:3)(cid:3)(cid:3)(cid:3)(cid:3)(cid:3)(cid:3)(cid:3)(cid:3)(cid:3)(cid:3)(cid:3)(cid:3)(cid:3)(cid:886)(cid:883)(cid:882) 28.476.219,"(cid:3)(cid:3)(cid:3)(cid:3)(cid:3)(cid:3)(cid:3)(cid:3)(cid:3)(cid:3)(cid:3)(cid:3)(cid:3)(cid:3)(cid:3)(cid:3)(cid:3)(cid:3)(cid:3)(cid:3)(cid:3)(cid:3)(cid:3)(cid:3)(cid:3)(cid:3)(cid:3)(cid:3)(cid:3)(cid:3)(cid:3)(cid:3)(cid:3)(cid:3)(cid:3)(cid:3)(cid:3)(cid:3)(cid:3)(cid:3)(cid:3)(cid:3)(cid:3)(cid:3)(cid:3)(cid:3)(cid:3)(cid:3)(cid:3)(cid:3)(cid:3)(cid:3)(cid:3)(cid:3)(cid:882)(cid:481)(cid:885)(cid:886)(cid:3) 88,17 (cid:3)(cid:3)(cid:3)(cid:3)(cid:3)(cid:3)(cid:3)(cid:3)(cid:3)(cid:3)(cid:3)(cid:3)(cid:3)(cid:3)(cid:3)(cid:3)(cid:3)(cid:3)(cid:3)(cid:3)(cid:3)(cid:3)(cid:3)(cid:3)(cid:3)(cid:3)(cid:3)(cid:3)(cid:3)(cid:3)(cid:3)(cid:3)(cid:3)(cid:3)(cid:3)(cid:3)(cid:3)(cid:3)(cid:3)(cid:3)(cid:3)(cid:3)(cid:3)(cid:3)(cid:3)(cid:3)(cid:3)(cid:3)(cid:3)(cid:3)(cid:3)(cid:3)(cid:885)(cid:886)(cid:481)(cid:884)(cid:887)(cid:3)",,,,,,,,,,,,,,,,,,,,,,,,,,,,,,
(cid:3)(cid:3)(cid:3)(cid:3)(cid:3)(cid:3)(cid:3)(cid:3)(cid:3)(cid:3)(cid:3)(cid:3)(cid:3)(cid:3)(cid:3)(cid:3)(cid:3)(cid:3)(cid:3)(cid:3)(cid:3)(cid:3)(cid:3)(cid:3)(cid:3)(cid:3)(cid:3)(cid:3)(cid:3)(cid:3)(cid:3)(cid:3)(cid:3)(cid:3)(cid:3)(cid:3)(cid:3)(cid:3)(cid:3)(cid:886)(cid:3)(cid:889)(cid:484)(cid:884)(cid:884)(cid:882) (cid:3)(cid:3)(cid:3)(cid:3)(cid:3)(cid:3)(cid:3)(cid:3)(cid:3)(cid:3)(cid:3)(cid:3)(cid:3)(cid:3)(cid:3)(cid:3)(cid:3)(cid:3)(cid:3)(cid:3)(cid:3)(cid:3)(cid:3)(cid:3)(cid:3)(cid:3)(cid:3)(cid:3)(cid:3)(cid:3)(cid:3)(cid:3)(cid:3)(cid:3)(cid:3)(cid:3)(cid:3)(cid:3)(cid:3)(cid:883)(cid:3)(cid:888)(cid:484)(cid:883)(cid:889)(cid:885),,,,,,,,,,,,,,,,,,,,,,,,,,,,,,,,,,
No,Provinsi,Perkiraan Jumlah Terduga Tuberkulosis,Jumlah Terduga Tuberkulosis Yang Mendapatkan Pelayanan Sesuai Standar,% Orang Terduga Tuberkulosis (TBC) Mendapatkan Pelayanan Tuberkulosis Sesuai Standar,Jumlah Semua Kasus Tuberkulosis,,,,,Case Notification Rate (CNR) Semua Kasus Tuberkulosis Per 100.000 Penduduk,Perkiraan Insiden Tuberkulosis (Dalam Absolut),Treatment Coverage (TC%),Kasus Tuberkulosis Anak 0-14 Tahun,Cakupan Penemuan Kasus Tuberkulosis Anak (%),,,,,,,,,,,,,,,,,,,,
,,,,,Laki-laki,,Perempuan,,Laki-laki + Perempuan,,,,,,,,,,,,,,,,,,,,,,,,,
,,,,,Jumlah,%,Jumlah,%,,,,,,,,,,,,,,,,,,,,,,,,,,
(1),(2),(3),(4),(5),(6),(7),(8),(9),(10),(11),(12),(13),(14),(15),,,,,,,,,,,,,,,,,,,,
1,Aceh,89.726,65.788,73%,8.047,64%,4.530,36%,12.577,226,18.462,68%,681,19%,,,,,,,,,,,,,,,,,,,,
2,Sumatera Utara,361.748,267.120,74%,32.650,65%,17.759,35%,50.409,323,74.434,68%,3.053,21%,,,,,,,,,,,,,,,,,,,,
3,Sumatera Barat,121.903,110.345,91%,9.473,60%,6.222,40%,15.695,269,25.083,63%,2.931,61%,,,,,,,,,,,,,,,,,,,,
4,Riau,113.309,135.647,120%,10.709,63%,6.182,37%,16.891,251,23.315,72%,1.679,37%,,,,,,,,,,,,,,,,,,,,
5,Jambi,58.458,28.545,49%,4.466,60%,2.953,40%,7.419,199,12.028,62%,1.091,47%,,,,,,,,,,,,,,,,,,,,
6,Sumatera Selatan,184.417,128.617,70%,14.680,63%,8.740,37%,23.420,265,37.946,62%,2.092,29%,,,,,,,,,,,,,,,,,,,,
7,Bengkulu,37.772,15.971,42%,2.124,64%,1.219,36%,3.343,158,7.772,43%,464,31%,,,,,,,,,,,,,,,,,,,,
8,Lampung,152.128,157.143,103%,10.719,59%,7.336,41%,18.055,192,31.302,58%,3.265,54%,,,,,,,,,,,,,,,,,,,,
9,Kep. Bangka Belitung,24.521,29.215,119%,1.952,63%,1.154,37%,3.106,203,5.045,62%,543,56%,,,,,,,,,,,,,,,,,,,,
10,Kepulauan Riau,66.856,72.500,108%,4.303,61%,2.797,39%,7.100,325,13.756,52%,837,32%,,,,,,,,,,,,,,,,,,,,
11,DKI Jakarta,342.079,304.659,89%,35.640,56%,27.763,44%,63.403,593,70.387,90%,9.429,69%,,,,,,,,,,,,,,,,,,,,
12,Jawa Barat,1.140.692,938.662,82%,124.743,55%,101.098,45%,225.841,449,234.710,96%,52.537,116%,,,,,,,,,,,,,,,,,,,,
13,Jawa Tengah,523.350,494.067,94%,50.213,56%,39.517,44%,89.730,237,107.685,83%,18.657,90%,,,,,,,,,,,,,,,,,,,,
14,DI Yogyakarta,38.080,42.622,112%,3.589,56%,2.802,44%,6.391,170,7.835,82%,1.814,120%,,,,,,,,,,,,,,,,,,,,
15,Jawa Timur,567.414,663.259,117%,49.932,56%,39.110,44%,89.042,213,116.752,76%,10.699,47%,,,,,,,,,,,,,,,,,,,,
16,Banten,244.899,301.737,123%,32.474,58%,23.656,42%,56.130,452,50.391,111%,9.955,102%,,,,,,,,,,,,,,,,,,,,
17,Bali,31.575,35.046,111%,3.250,61%,2.082,39%,5.332,120,6.497,82%,436,35%,,,,,,,,,,,,,,,,,,,,
18,Nusa Tenggara Barat,93.387,79.716,85%,6.790,61%,4.299,39%,11.089,196,19.215,58%,1.216,33%,,,,,,,,,,,,,,,,,,,,
19,Nusa Tenggara Timur,87.291,68.026,78%,5.755,58%,4.083,42%,9.838,174,17.961,55%,832,24%,,,,,,,,,,,,,,,,,,,,
20,Kalimantan Barat,90.315,71.854,80%,8.762,63%,5.070,37%,13.832,243,18.583,74%,1.989,55%,,,,,,,,,,,,,,,,,,,,
21,Kalimantan Tengah,37.924,37.848,100%,3.561,63%,2.133,37%,5.694,203,7.803,73%,789,52%,,,,,,,,,,,,,,,,,,,,
22,Kalimantan Selatan,73.512,61.386,84%,7.416,60%,4.876,40%,12.292,288,15.126,81%,2.347,80%,,,,,,,,,,,,,,,,,,,,
23,Kalimantan Timur,105.395,81.936,78%,6.892,61%,4.400,39%,11.292,279,21.686,52%,2.267,54%,,,,,,,,,,,,,,,,,,,,
24,Kalimantan Utara,17.190,14.296,83%,1.296,63%,755,37%,2.051,277,3.537,58%,262,38%,,,,,,,,,,,,,,,,,,,,
25,Sulawesi Utara,69.872,38.753,55%,6.645,66%,3.437,34%,10.082,373,14.377,70%,341,12%,,,,,,,,,,,,,,,,,,,,
26,Sulawesi Tengah,49.009,43.131,88%,5.227,61%,3.293,39%,8.520,273,10.084,84%,494,25%,,,,,,,,,,,,,,,,,,,,
27,Sulawesi Selatan,221.401,206.598,93%,17.100,59%,12.054,41%,29.154,308,45.556,64%,1.791,20%,,,,,,,,,,,,,,,,,,,,
28,Sulawesi Tenggara,48.265,25.796,53%,4.037,61%,2.610,39%,6.647,238,9.931,67%,409,21%,,,,,,,,,,,,,,,,,,,,
29,Gorontalo,33.753,30.836,91%,2.862,58%,2.102,42%,4.964,404,6.945,71%,201,15%,,,,,,,,,,,,,,,,,,,,
30,Sulawesi Barat,24.592,21.284,87%,2.309,58%,1.698,42%,4.007,267,5.060,79%,229,23%,,,,,,,,,,,,,,,,,,,,
31,Maluku,45.231,22.037,49%,3.193,58%,2.281,42%,5.474,281,9.307,59%,604,34%,,,,,,,,,,,,,,,,,,,,
32,Maluku Utara,23.873,14.089,59%,2.453,63%,1.431,37%,3.884,287,4.912,79%,201,21%,,,,,,,,,,,,,,,,,,,,
33,Papua,56.594,27.754,49%,3.649,54%,3.138,46%,6.787,640,11.645,58%,1.090,48%,,,,,,,,,,,,,,,,,,,,
34,Papua Barat,15.842,6.981,44%,1.588,55%,1.304,45%,2.892,500,3.260,89%,432,69%,,,,,,,,,,,,,,,,,,,,
35,Papua Selatan,29.729,14.284,48%,2.424,51%,2.301,49%,4.725,872,6.117,77%,1.109,94%,,,,,,,,,,,,,,,,,,,,
36,Papua Tengah,44.684,20.054,45%,3.295,55%,2.675,45%,5.970,405,9.194,65%,1.304,73%,,,,,,,,,,,,,,,,,,,,
37,Papua Pegunungan,27.913,1.400,5%,887,58%,643,42%,1.530,104,5.743,27%,327,30%,,,,,,,,,,,,,,,,,,,,
38 PapuaI nBdaroant eDsaiaya,,5.31027..412220,4.6843..338879,"3858%,2",4916..012216,"5567%,9",360.729914,"4442%,1",8516..841220,"31218,96",1.0920..505060,"7718%,6",138.265429,"5614%,4",,,,,,,,,,,,,,,,,,,,
No,Provinsi,K e l o m p o k U m u r ( T a h u n ),,,,,,,,,,,,,,,,,,,,,,,,,,,,,,,,
,,0 - 14,,15 - 24,,25 - 34,,35 - 44,,45 - 54,,55 - 64,,≥ 65,,Total,,,,,,,,,,,,,,,,,,
,,L,P,L,P,L,P,L,P,L,P,L,P,L,P,L,P,T,,,,,,,,,,,,,,,,
(1),(2),(3),(4),(5),(6),(7),(8),(9),(10),(11),(12),(13),(14),(15),(16),(17),(18),(19),,,,,,,,,,,,,,,,
1,Aceh,343,338,704,656,973,578,1.206,662,1.700,884,1.715,814,1.406,598,8.047,4.530,12.577,,,,,,,,,,,,,,,,
2,Sumatera Utara,1.681,1.372,3.234,3.067,4.065,2.438,5.215,2.443,6.501,3.037,6.840,3.208,5.114,2.194,32.650,17.759,50.409,,,,,,,,,,,,,,,,
3,Sumatera Barat,1.539,1.392,844,979,1.085,776,1.137,748,1.425,826,1.673,769,1.770,732,9.473,6.222,15.695,,,,,,,,,,,,,,,,
4,Riau,886,793,1.049,968,1.473,953,1.798,971,2.150,1.101,2.013,898,1.340,498,10.709,6.182,16.891,,,,,,,,,,,,,,,,
5,Jambi,548,543,445,427,564,394,612,416,773,465,836,417,688,291,4.466,2.953,7.419,,,,,,,,,,,,,,,,
6,Sumatera Selatan,1.098,994,1.246,1.094,1.764,1.201,2.366,1.372,2.703,1.488,2.762,1.402,2.741,1.189,14.680,8.740,23.420,,,,,,,,,,,,,,,,
7,Bengkulu,254,210,164,142,260,179,312,163,355,193,390,202,389,130,2.124,1.219,3.343,,,,,,,,,,,,,,,,
8,Lampung,1.645,1.620,790,906,1.261,937,1.396,919,1.793,1.138,1.831,989,2.003,827,10.719,7.336,18.055,,,,,,,,,,,,,,,,
9,Kep. Bangka Belitung,283,260,169,139,242,158,304,172,377,179,325,146,252,100,1.952,1.154,3.106,,,,,,,,,,,,,,,,
10,Kepulauan Riau,424,413,607,609,744,527,768,431,788,402,585,251,387,164,4.303,2.797,7.100,,,,,,,,,,,,,,,,
11,DKI Jakarta,4.781,4.648,4.585,5.145,5.596,4.208,5.389,3.596,6.022,4.087,5.313,3.660,3.954,2.419,35.640,27.763,63.403,,,,,,,,,,,,,,,,
12,Jawa Barat,26.910,25.627,14.620,17.875,17.147,14.270,16.015,11.798,17.846,13.312,17.710,11.222,14.495,6.994,124.743,101.098,225.841,,,,,,,,,,,,,,,,
13,Jawa Tengah,9.674,8.983,4.459,5.916,5.505,4.834,6.057,4.551,7.308,5.349,8.760,5.632,8.450,4.252,50.213,39.517,89.730,,,,,,,,,,,,,,,,
14,DI Yogyakarta,940,874,360,424,395,337,357,269,471,304,496,320,570,274,3.589,2.802,6.391,,,,,,,,,,,,,,,,
15,Jawa Timur,5.458,5.241,5.214,6.148,5.364,5.229,6.287,5.204,8.845,6.695,10.024,6.342,8.740,4.251,49.932,39.110,89.042,,,,,,,,,,,,,,,,
16,Banten,5.110,4.845,3.435,4.070,5.040,3.556,5.010,3.191,5.445,3.579,5.088,2.844,3.346,1.571,32.474,23.656,56.130,,,,,,,,,,,,,,,,
17,Bali,208,228,331,350,479,361,486,286,625,332,559,289,562,236,3.250,2.082,5.332,,,,,,,,,,,,,,,,
18,Nusa Tenggara Barat,632,584,571,547,861,605,1.061,616,1.281,769,1.244,690,1.140,488,6.790,4.299,11.089,,,,,,,,,,,,,,,,
19,Nusa Tenggara Timur,442,390,749,772,834,688,834,566,879,554,986,580,1.031,533,5.755,4.083,9.838,,,,,,,,,,,,,,,,
20,Kalimantan Barat,1.043,946,926,723,1.095,649,1.430,726,1.547,824,1.481,692,1.240,510,8.762,5.070,13.832,,,,,,,,,,,,,,,,
21,Kalimantan Tengah,409,380,284,275,451,334,579,338,703,342,662,292,473,172,3.561,2.133,5.694,,,,,,,,,,,,,,,,
22,Kalimantan Selatan,1.256,1.091,588,548,794,517,990,605,1.289,817,1.447,796,1.052,502,7.416,4.876,12.292,,,,,,,,,,,,,,,,
23,Kalimantan Timur,1.188,1.079,700,609,991,687,1.070,609,1.176,629,999,485,768,302,6.892,4.400,11.292,,,,,,,,,,,,,,,,
24,Kalimantan Utara,135,127,126,123,154,115,191,106,263,114,236,92,191,78,1.296,755,2.051,,,,,,,,,,,,,,,,
25,Sulawesi Utara,193,148,735,549,908,473,997,475,1.318,734,1.307,575,1.187,483,6.645,3.437,10.082,,,,,,,,,,,,,,,,
26,Sulawesi Tengah,254,240,629,600,762,480,857,488,914,634,984,458,827,393,5.227,3.293,8.520,,,,,,,,,,,,,,,,
27,Sulawesi Selatan,941,850,1.844,1.906,2.241,1.706,2.548,1.713,3.250,2.211,3.400,2.098,2.876,1.570,17.100,12.054,29.154,,,,,,,,,,,,,,,,
28,Sulawesi Tenggara,213,196,538,479,589,405,657,381,747,500,760,406,533,243,4.037,2.610,6.647,,,,,,,,,,,,,,,,
29,Gorontalo,103,98,386,399,401,294,393,306,648,432,525,380,406,193,2.862,2.102,4.964,,,,,,,,,,,,,,,,
30,Sulawesi Barat,111,118,262,332,337,259,326,238,452,290,399,262,422,199,2.309,1.698,4.007,,,,,,,,,,,,,,,,
31,Maluku,293,311,516,463,580,418,495,340,472,322,462,274,375,153,3.193,2.281,5.474,,,,,,,,,,,,,,,,
32,Maluku Utara,98,103,457,350,482,257,406,222,397,200,321,185,292,114,2.453,1.431,3.884,,,,,,,,,,,,,,,,
33,Papua,570,520,751,879,802,742,540,431,435,288,335,182,216,96,3.649,3.138,6.787,,,,,,,,,,,,,,,,
34,Papua Barat,231,201,323,361,313,284,270,172,188,132,149,94,114,60,1.588,1.304,2.892,,,,,,,,,,,,,,,,
35,Papua Selatan,535,574,568,627,398,416,379,314,264,192,175,115,105,63,2.424,2.301,4.725,,,,,,,,,,,,,,,,
36,Papua Tengah,656,648,739,661,674,497,492,373,386,297,215,131,133,68,3.295,2.675,5.970,,,,,,,,,,,,,,,,
37 Papua Pegunungan 38 Pa p u a B Inadraotn Deasyiaa,,180 7 1 .132816,147 6 7 . 216331,210 5 4 . 313735,158 6 0 . 415882,203 6 6 . 023047,160 5 1 . 019764,124 6 9 . 419473,86 4 6 . 410170,106 8 1 . 918431,48 5 3 . 7 8800,49 8 3 . 119337,34 4 8 . 2 9615,15 6 9 . 7 0907,10 3 2 . 9 9499,887 4 9 61..102261,643 3 6 0 . 279941,1.530 8 5 61..482102,,,,,,,,,,,,,,,,
,,"16,19%",,"13,40%",,"13,68%",,"13,53%",,"15,85%",,"15,35%",,"11,99%",,100%,,,,,,,,,,,,,,,,,,
No,Provinsi,K e l o m p o k U m u r ( T a h u n ),,,,,,,,,,,,,,,,,,,,,,,,,,,,,,,,
,,0 - 14,,15 - 24,,25 - 34,,35 - 44,,45 - 54,,55 - 64,,≥ 65,,Total,,,,,,,,,,,,,,,,,,
,,L,P,L,P,L,P,L,P,L,P,L,P,L,P,L,P,T,,,,,,,,,,,,,,,,
(1),(2),(3),(4),(5),(6),(7),(8),(9),(10),(11),(12),(13),(14),(15),(16),(17),(18),(19),,,,,,,,,,,,,,,,
1,Aceh,34,48,387,348,636,357,866,440,1.217,578,1.155,518,895,329,5.190,2.618,7.808,,,,,,,,,,,,,,,,
2,Sumatera Utara,267,248,1.753,1.663,2.464,1.398,3.430,1.454,4.287,1.825,4.272,1.840,2.948,1.074,19.421,9.502,28.923,,,,,,,,,,,,,,,,
3,Sumatera Barat,72,95,581,581,837,482,929,527,1.153,611,1.307,546,1.325,483,6.204,3.325,9.529,,,,,,,,,,,,,,,,
4,Riau,71,103,656,531,1.031,562,1.306,598,1.552,736,1.390,553,836,267,6.842,3.350,10.192,,,,,,,,,,,,,,,,
5,Jambi,45,51,301,285,423,272,456,286,573,329,577,281,469,159,2.844,1.663,4.507,,,,,,,,,,,,,,,,
6,Sumatera Selatan,140,158,825,627,1.159,749,1.575,880,1.783,923,1.688,870,1.511,543,8.681,4.750,13.431,,,,,,,,,,,,,,,,
7,Bengkulu,23,16,111,82,183,101,219,104,242,125,261,131,250,86,1.289,645,1.934,,,,,,,,,,,,,,,,
8,Lampung,107,102,491,527,805,567,932,570,1.166,704,1.118,562,1.105,396,5.724,3.428,9.152,,,,,,,,,,,,,,,,
9,Kep. Bangka Belitung,11,9,97,88,174,100,227,120,294,109,211,91,156,58,1.170,575,1.745,,,,,,,,,,,,,,,,
10,Kepulauan Riau,25,42,452,432,546,344,590,282,582,259,414,157,245,92,2.854,1.608,4.462,,,,,,,,,,,,,,,,
11,DKI Jakarta,227,363,2.714,2.723,3.326,2.043,3.275,1.834,3.708,2.065,3.025,1.648,1.834,814,18.109,11.490,29.599,,,,,,,,,,,,,,,,
12,Jawa Barat,870,1.169,7.897,9.033,10.084,7.213,9.706,6.073,10.302,6.759,9.368,5.195,6.678,2.641,54.905,38.083,92.988,,,,,,,,,,,,,,,,
13,Jawa Tengah,220,356,2.712,3.429,3.635,2.932,4.217,2.803,4.863,3.092,5.327,2.936,4.317,1.710,25.291,17.258,42.549,,,,,,,,,,,,,,,,
14,DI Yogyakarta,17,22,200,222,239,158,216,124,290,140,286,144,297,98,1.545,908,2.453,,,,,,,,,,,,,,,,
15,Jawa Timur,304,432,3.194,3.513,3.565,2.982,4.521,3.251,6.401,4.360,6.848,3.833,5.373,2.105,30.206,20.476,50.682,,,,,,,,,,,,,,,,
16,Banten,202,220,1.848,1.946,2.962,1.772,3.005,1.667,3.178,1.822,2.703,1.285,1.574,621,15.472,9.333,24.805,,,,,,,,,,,,,,,,
17,Bali,14,13,238,220,327,194,343,184,459,231,378,178,353,123,2.112,1.143,3.255,,,,,,,,,,,,,,,,
18,Nusa Tenggara Barat,43,54,372,348,590,394,763,414,967,561,883,465,821,317,4.439,2.553,6.992,,,,,,,,,,,,,,,,
19,Nusa Tenggara Timur,47,63,492,545,551,475,565,376,591,339,611,317,590,252,3.447,2.367,5.814,,,,,,,,,,,,,,,,
20,Kalimantan Barat,96,93,673,503,802,451,1.056,514,1.118,592,1.040,467,795,292,5.580,2.912,8.492,,,,,,,,,,,,,,,,
21,Kalimantan Tengah,26,27,196,184,316,206,434,227,508,227,468,155,282,97,2.230,1.123,3.353,,,,,,,,,,,,,,,,
22,Kalimantan Selatan,38,45,345,289,499,271,671,348,800,451,839,391,512,190,3.704,1.985,5.689,,,,,,,,,,,,,,,,
23,Kalimantan Timur,30,41,469,355,646,392,739,365,808,383,683,296,482,158,3.857,1.990,5.847,,,,,,,,,,,,,,,,
24,Kalimantan Utara,1,10,94,85,120,80,158,77,237,81,187,68,143,57,940,458,1.398,,,,,,,,,,,,,,,,
25,Sulawesi Utara,48,45,547,401,708,380,821,387,1.092,588,1.033,434,853,321,5.102,2.556,7.658,,,,,,,,,,,,,,,,
26,Sulawesi Tengah,35,38,441,416,537,340,626,354,671,438,649,259,474,165,3.433,2.010,5.443,,,,,,,,,,,,,,,,
27,Sulawesi Selatan,126,147,1.329,1.347,1.705,1.247,1.967,1.269,2.497,1.655,2.426,1.382,1.866,894,11.916,7.941,19.857,,,,,,,,,,,,,,,,
28,Sulawesi Tenggara,27,31,382,333,428,291,473,275,515,358,525,254,330,134,2.680,1.676,4.356,,,,,,,,,,,,,,,,
29,Gorontalo,21,28,290,282,305,228,306,232,494,314,372,246,270,107,2.058,1.437,3.495,,,,,,,,,,,,,,,,
30,Sulawesi Barat,15,22,209,239,265,185,232,167,339,191,248,139,231,92,1.539,1.035,2.574,,,,,,,,,,,,,,,,
31,Maluku,40,65,361,342,413,314,370,246,354,234,336,168,258,86,2.132,1.455,3.587,,,,,,,,,,,,,,,,
32,Maluku Utara,23,24,380,269,385,202,328,179,309,155,230,131,207,65,1.862,1.025,2.887,,,,,,,,,,,,,,,,
33,Papua,96,103,524,638,548,499,355,258,267,166,197,102,120,36,2.107,1.802,3.909,,,,,,,,,,,,,,,,
34,Papua Barat,26,24,227,224,205,173,170,105,112,63,74,49,49,15,863,653,1.516,,,,,,,,,,,,,,,,
35,Papua Selatan,83,91,366,347,244,216,210,163,151,95,82,52,51,16,1.187,980,2.167,,,,,,,,,,,,,,,,
36,Papua Tengah,111,121,481,412,427,267,262,184,191,117,101,53,57,21,1.630,1.175,2.805,,,,,,,,,,,,,,,,
37,Papua Pegunungan,45,22,95,51,99,65,50,32,45,15,18,4,3,1,355,190,545,,,,,,,,,,,,,,,,
38 Papua Barat Daya Indonesia,,3 . 6 1440,4 . 5 5110,3 2 . 813000,3 3 . 916066,4 2 . 312323,2 9 . 011019,4 6 . 417001,2 7 . 4 3645,5 4 . 2 0804,3 1 . 7 3443,5 1 . 4 0711,2 6 . 2 1199,3 8 . 5 9377,1 4 . 9 3261,2 6 9 . 456400,1 6 7 . 835713,4 3 7 . 391131,,,,,,,,,,,,,,,,
,,"1,87%",,"15,27%",,"16,31%",,"16,90%",,"19,65%",,"17,75%",,"12,24%",,100%,,,,,,,,,,,,,,,,,,
No,Provinsi,Jumlah Kasus Tuberkulosis Paru Terkonfirmasi Bakteriologis Yang Terdaftar dan Diobati*),,,Jumlah Semua Kasus Tuberkulosis Terdaftar Dan Diobati*),,,Angka Kesembuhan (Cure Rate) Tuberkulosis Paru Terkonfirmasi Bakteriologis,,,,,,Angka Pengobatan Lengkap (Complete Rate) Semua Kasus Tuberkulosis,,,,,,Angka Keberhasilan Pengobatan (Treatment Success Rate/TSR) Semua Kasus Tuberkulosis,,,,,,Jumlah Kematian Selama Pengobatan Tuberkulosis,,,,,,,,
,,,,,,,,Laki-laki,,Perempuan,,Laki-laki + Perempuan,,Laki-laki,,Perempuan,,Laki-laki + Perempuan,,Laki-laki,,Perempuan,,Laki-laki + Perempuan,,,,,,,,,,
,,L,P,L + P,L,P,L + P,Jumlah,%,Jumlah,%,Jumlah,%,Jumlah,%,Jumlah,%,Jumlah,%,Jumlah,%,Jumlah,%,Jumlah,%,Jumlah,%,,,,,,,
(1),(2),(3),(4),(5),(6),(7),(8),(9),(10),(11),(12),(13),(14),(15),(16),(17),(18),(19),(20),(21),(22),(23),(24),(25),(26),(27),(28),,,,,,,
1,Aceh,4.551,2.281,6.832,7.458,4.183,11.641,1.070,"23,5",601,"26,3",1.671,"24,5",5.302,"71,1",3.065,"73,3",8.367,"71,9",6.372,"85,4",3.666,"87,6",10.038,"86,2",408,"3,5",,,,,,,
2,Sumatera Utara,15.048,7.104,22.152,27.208,14.542,41.750,5.694,"37,8",2.804,"39,5",8.498,"38,4",17.209,"63,2",9.572,"65,8",26.781,"64,1",22.903,"84,2",12.376,"85,1",35.279,"84,5",1.530,"3,7",,,,,,,
3,Sumatera Barat,4.930,2.693,7.623,8.500,5.637,14.137,2.454,"49,8",1.429,"53,1",3.883,"50,9",4.852,"57,1",3.618,"64,2",8.470,"59,9",7.306,"86,0",5.047,"89,5",12.353,"87,4",646,"4,6",,,,,,,
4,Riau,5.255,2.538,7.793,8.945,5.317,14.262,2.010,"38,2",1.003,"39,5",3.013,"38,7",6.030,"67,4",3.848,"72,4",9.878,"69,3",8.040,"89,9",4.851,"91,2",12.891,"90,4",471,"3,3",,,,,,,
5,Jambi,2.259,1.248,3.507,4.145,2.642,6.787,1.117,"49,4",652,"52,2",1.769,"50,4",2.491,"60,1",1.729,"65,4",4.220,"62,2",3.608,"87,0",2.381,"90,1",5.989,"88,2",325,"4,8",,,,,,,
6,Sumatera Selatan,6.991,3.930,10.921,13.219,7.955,21.174,2.531,"36,2",1.558,"39,6",4.089,"37,4",9.552,"72,3",5.842,"73,4",15.394,"72,7",12.083,"91,4",7.400,"93,0",19.483,"92,0",743,"3,5",,,,,,,
7,Bengkulu,1.041,568,1.609,1.864,1.170,3.034,317,"30,5",183,"32,2",500,"31,1",1.230,"66,0",836,"71,5",2.066,"68,1",1.547,"83,0",1.019,"87,1",2.566,"84,6",170,"5,6",,,,,,,
8,Lampung,4.919,2.836,7.755,10.111,6.777,16.888,2.565,"52,1",1.578,"55,6",4.143,"53,4",6.763,"66,9",4.792,"70,7",11.555,"68,4",9.328,"92,3",6.370,"94,0",15.698,"93,0",396,"2,3",,,,,,,
9,Kep. Bangka Belitung,970,498,1.468,1.793,1.108,2.901,488,"50,3",248,"49,8",736,"50,1",1.039,"57,9",707,"63,8",1.746,"60,2",1.527,"85,2",955,"86,2",2.482,"85,6",171,"5,9",,,,,,,
10,Kepulauan Riau,2.096,1.266,3.362,3.816,2.491,6.307,958,"45,7",628,"49,6",1.586,"47,2",2.164,"56,7",1.508,"60,5",3.672,"58,2",3.122,"81,8",2.136,"85,7",5.258,"83,4",279,"4,4",,,,,,,
11,DKI Jakarta,13.716,8.797,22.513,29.383,23.445,52.828,5.041,"36,8",3.408,"38,7",8.449,"37,5",17.994,"61,2",15.945,"68,0",33.939,"64,2",23.035,"78,4",19.353,"82,5",42.388,"80,2",1.759,"3,3",,,,,,,
12,Jawa Barat,39.350,27.795,67.145,102.877,86.248,189.125,15.642,"39,8",11.771,"42,3",27.413,"40,8",70.144,"68,2",62.302,"72,2",132.446,"70,0",85.786,"83,4",74.073,"85,9",159.859,"84,5",4.810,"2,5",,,,,,,
13,Jawa Tengah,20.528,14.312,34.840,43.759,35.231,78.990,10.711,"52,2",8.147,"56,9",18.858,"54,1",26.451,"60,4",23.228,"65,9",49.679,"62,9",37.162,"84,9",31.375,"89,1",68.537,"86,8",3.354,"4,2",,,,,,,
14,DI Yogyakarta,1.296,833,2.129,3.467,2.797,6.264,606,"46,8",432,"51,9",1.038,"48,8",2.336,"67,4",2.057,"73,5",4.393,"70,1",2.942,"84,9",2.489,"89,0",5.431,"86,7",333,"5,3",,,,,,,
15,Jawa Timur,24.492,17.049,41.541,42.895,34.211,77.106,14.509,"59,2",10.693,"62,7",25.202,"60,7",22.989,"53,6",20.397,"59,6",43.386,"56,3",37.498,"87,4",31.090,"90,9",68.588,"89,0",3.709,"4,8",,,,,,,
16,Banten,10.606,6.913,17.519,26.173,19.891,46.064,3.860,"36,4",2.516,"36,4",6.376,"36,4",19.649,"75,1",15.669,"78,8",35.318,"76,7",23.509,"89,8",18.185,"91,4",41.694,"90,5",1.098,"2,4",,,,,,,
17,Bali,1.788,1.010,2.798,2.983,1.948,4.931,1.150,"64,3",689,"68,2",1.839,"65,7",1.298,"43,5",985,"50,6",2.283,"46,3",2.448,"82,1",1.674,"85,9",4.122,"83,6",426,"8,6",,,,,,,
18,Nusa Tenggara Barat,3.900,2.392,6.292,6.309,4.143,10.452,2.293,"58,8",1.542,"64,5",3.835,"61,0",3.222,"51,1",2.212,"53,4",5.434,"52,0",5.515,"87,4",3.754,"90,6",9.269,"88,7",704,"6,7",,,,,,,
19,Nusa Tenggara Timur,2.999,1.997,4.996,5.225,3.675,8.900,1.199,"40,0",814,"40,8",2.013,"40,3",3.348,"64,1",2.453,"66,7",5.801,"65,2",4.547,"87,0",3.267,"88,9",7.814,"87,8",562,"6,3",,,,,,,
20,Kalimantan Barat,4.458,2.218,6.676,7.633,4.321,11.954,1.857,"41,7",1.008,"45,4",2.865,"42,9",4.665,"61,1",2.791,"64,6",7.456,"62,4",6.522,"85,4",3.799,"87,9",10.321,"86,3",447,"3,7",,,,,,,
21,Kalimantan Tengah,1.750,891,2.641,3.125,1.891,5.016,665,"38,0",368,"41,3",1.033,"39,1",1.751,"56,0",1.160,"61,3",2.911,"58,0",2.416,"77,3",1.528,"80,8",3.944,"78,6",244,"4,9",,,,,,,
22,Kalimantan Selatan,2.818,1.576,4.394,5.782,3.720,9.502,1.267,"45,0",794,"50,4",2.061,"46,9",3.056,"52,9",2.060,"55,4",5.116,"53,8",4.323,"74,8",2.854,"76,7",7.177,"75,5",420,"4,4",,,,,,,
23,Kalimantan Timur,2.823,1.435,4.258,6.016,4.152,10.168,1.193,"42,3",643,"44,8",1.836,"43,1",3.750,"62,3",2.892,"69,7",6.642,"65,3",4.943,"82,2",3.535,"85,1",8.478,"83,4",417,"4,1",,,,,,,
24,Kalimantan Utara,800,360,1.160,1.176,664,1.840,290,"36,3",162,"45,0",452,"39,0",597,"50,8",367,"55,3",964,"52,4",887,"75,4",529,"79,7",1.416,"77,0",113,"6,1",,,,,,,
25,Sulawesi Utara,3.794,1.971,5.765,5.311,2.907,8.218,1.211,"31,9",701,"35,6",1.912,"33,2",3.099,"58,4",1.760,"60,5",4.859,"59,1",4.310,"81,2",2.461,"84,7",6.771,"82,4",428,"5,2",,,,,,,
26,Sulawesi Tengah,2.538,1.599,4.137,4.228,2.844,7.072,620,"24,4",388,"24,3",1.008,"24,4",2.831,"67,0",2.029,"71,3",4.860,"68,7",3.451,"81,6",2.417,"85,0",5.868,"83,0",467,"6,6",,,,,,,
27,Sulawesi Selatan,8.853,5.909,14.762,13.139,9.436,22.575,4.008,"45,3",2.856,"48,3",6.864,"46,5",6.687,"50,9",5.220,"55,3",11.907,"52,7",10.695,"81,4",8.076,"85,6",18.771,"83,1",1.227,"5,4",,,,,,,
28,Sulawesi Tenggara,2.155,1.326,3.481,3.426,2.192,5.618,872,"40,5",580,"43,7",1.452,"41,7",1.808,"52,8",1.208,"55,1",3.016,"53,7",2.680,"78,2",1.788,"81,6",4.468,"79,5",328,"5,8",,,,,,,
29,Gorontalo,1.399,928,2.327,2.167,1.525,3.692,598,"42,7",431,"46,4",1.029,"44,2",1.335,"61,6",976,"64,0",2.311,"62,6",1.933,"89,2",1.407,"92,3",3.340,"90,5",149,"4,0",,,,,,,
30,Sulawesi Barat,1.299,907,2.206,1.930,1.375,3.305,636,"49,0",443,"48,8",1.079,"48,9",1.061,"55,0",798,"58,0",1.859,"56,2",1.697,"87,9",1.241,"90,3",2.938,"88,9",197,"6,0",,,,,,,
31,Maluku,1.656,1.099,2.755,2.712,1.901,4.613,413,"24,9",279,"25,4",692,"25,1",1.928,"71,1",1.355,"71,3",3.283,"71,2",2.341,"86,3",1.634,"86,0",3.975,"86,2",208,"4,5",,,,,,,
32,Maluku Utara,1.208,760,1.968,1.765,1.122,2.887,293,"24,3",193,"25,4",486,"24,7",1.079,"61,1",735,"65,5",1.814,"62,8",1.372,"77,7",928,"82,7",2.300,"79,7",167,"5,8",,,,,,,
33,Papua,1.439,1.068,2.507,2.953,2.302,5.255,589,"40,9",424,"39,7",1.013,"40,4",1.524,"51,6",1.249,"54,3",2.773,"52,8",2.113,"71,6",1.673,"72,7",3.786,"72,0",269,"5,1",,,,,,,
34,Papua Barat,586,443,1.029,1.198,1.001,2.199,195,"33,3",149,"33,6",344,"33,4",644,"53,8",571,"57,0",1.215,"55,3",839,"70,0",720,"71,9",1.559,"70,9",140,"6,4",,,,,,,
35,Papua Selatan,867,740,1.607,2.053,1.900,3.953,351,"40,5",294,"39,7",645,"40,1",1.194,"58,2",1.178,"62,0",2.372,"60,0",1.545,"75,3",1.472,"77,5",3.017,"76,3",142,"3,6",,,,,,,
36,Papua Tengah,1.045,772,1.817,2.873,2.354,5.227,433,"41,4",328,"42,5",761,"41,9",1.759,"61,2",1.539,"65,4",3.298,"63,1",2.192,"76,3",1.867,"79,3",4.059,"77,7",164,"3,1",,,,,,,
37,Papua Pegunungan,181,128,309,951,740,1.691,45,"24,9",28,"21,9",73,"23,6",354,"37,2",311,"42,0",665,"39,3",399,"42,0",339,"45,8",738,"43,6",54,"3,2",,,,,,,
38 PapuIna dBoanraets Diaaya,,206.846517,130.439000,337.375517,419.499224,310.464835,7219..693059,89.198343,"4403,,05",60.182905,"4461,,77",150.832048,"4440,,77",263.658083,"6524,,94",209.336993,"5687,,24",473.095021,"5664,,18",353.662862,"7844,,23",270.255243,"7867,,51",6231..827105,"7855,,25",27.58661,"53,,38",,,,,,,
No,Provinsi,Jumlah Penduduk,Jumlah Kasus,Incidence Rate per 100.000 Penduduk,Meninggal,CFR (%),,,,,,,,,,,,,,,,,,,,,,,,,,,,
(1),(2),(3),(4),(5),(6),(7),,,,,,,,,,,,,,,,,,,,,,,,,,,,
1,Aceh,5.669.606,3.450,"60,85",21,"0,6",,,,,,,,,,,,,,,,,,,,,,,,,,,,
2,Sumatera Utara,15.405.644,9.366,"60,80",58,"0,6",,,,,,,,,,,,,,,,,,,,,,,,,,,,
3,Sumatera Barat,5.802.172,2.823,"48,65",12,"0,4",,,,,,,,,,,,,,,,,,,,,,,,,,,,
4,Riau,7.410.230,3.206,"43,26",19,"0,6",,,,,,,,,,,,,,,,,,,,,,,,,,,,
5,Jambi,3.748.137,2.321,"61,92",3,"0,1",,,,,,,,,,,,,,,,,,,,,,,,,,,,
6,Sumatera Selatan,9.000.101,6.263,"69,59",37,"0,6",,,,,,,,,,,,,,,,,,,,,,,,,,,,
7,Bengkulu,2.080.246,3.103,"149,17",16,"0,5",,,,,,,,,,,,,,,,,,,,,,,,,,,,
8,Lampung,8.824.030,9.068,"102,76",30,"0,3",,,,,,,,,,,,,,,,,,,,,,,,,,,,
9,Kepulauan Bangka Belitung,1.542.390,1.914,"124,09",23,"1,2",,,,,,,,,,,,,,,,,,,,,,,,,,,,
10,Kepulauan Riau,2.594.369,1.685,"64,95",16,"0,9",,,,,,,,,,,,,,,,,,,,,,,,,,,,
11,DKI Jakarta,10.835.148,13.276,"122,53",30,"0,2",,,,,,,,,,,,,,,,,,,,,,,,,,,,
12,Jawa Barat,51.701.460,61.423,"118,80",339,"0,6",,,,,,,,,,,,,,,,,,,,,,,,,,,,
13,Jawa Tengah,35.420.092,17.636,"49,79",257,"1,5",,,,,,,,,,,,,,,,,,,,,,,,,,,,
14,DI Yogyakarta,4.126.444,4.027,"97,59",10,"0,2",,,,,,,,,,,,,,,,,,,,,,,,,,,,
15,Jawa Timur,40.703.833,32.086,"78,83",264,"0,8",,,,,,,,,,,,,,,,,,,,,,,,,,,,
16,Banten,13.600.575,13.727,"100,93",48,"0,3",,,,,,,,,,,,,,,,,,,,,,,,,,,,
17,Bali,4.622.547,15.570,"336,83",25,"0,2",,,,,,,,,,,,,,,,,,,,,,,,,,,,
18,Nusa Tenggara Barat,5.511.473,4.218,"76,53",7,"0,2",,,,,,,,,,,,,,,,,,,,,,,,,,,,
19,Nusa Tenggara Timur,5.807.691,3.987,"68,65",29,"0,7",,,,,,,,,,,,,,,,,,,,,,,,,,,,
20,Kalimantan Barat,5.332.218,2.529,"47,43",23,"0,9",,,,,,,,,,,,,,,,,,,,,,,,,,,,
21,Kalimantan Tengah,2.827.450,4.015,"142,00",22,"0,5",,,,,,,,,,,,,,,,,,,,,,,,,,,,
22,Kalimantan Selatan,4.469.992,3.232,"72,30",16,"0,5",,,,,,,,,,,,,,,,,,,,,,,,,,,,
23,Kalimantan Timur,3.837.948,10.902,"284,06",20,"0,2",,,,,,,,,,,,,,,,,,,,,,,,,,,,
24,Kalimantan Utara,760.222,644,"84,71",7,"1,1",,,,,,,,,,,,,,,,,,,,,,,,,,,,
25,Sulawesi Utara,2.581.013,4.826,"186,98",29,"0,6",,,,,,,,,,,,,,,,,,,,,,,,,,,,
26,Sulawesi Tengah,3.236.561,2.473,"76,41",10,"0,4",,,,,,,,,,,,,,,,,,,,,,,,,,,,
27,Sulawesi Selatan,9.150.274,6.043,"66,04",27,"0,4",,,,,,,,,,,,,,,,,,,,,,,,,,,,
28,Sulawesi Tenggara,2.862.285,4.867,"170,04",24,"0,5",,,,,,,,,,,,,,,,,,,,,,,,,,,,
29,Gorontalo,1.223.639,2319,"189,52",23,"1,0",,,,,,,,,,,,,,,,,,,,,,,,,,,,
30,Sulawesi Barat,1.451.058,2.491,"171,67",4,"0,2",,,,,,,,,,,,,,,,,,,,,,,,,,,,
31,Maluku,1.859.254,398,"21,41",4,"1,0",,,,,,,,,,,,,,,,,,,,,,,,,,,,
32,Maluku Utara,1.318.213,1.089,"82,61",6,"0,6",,,,,,,,,,,,,,,,,,,,,,,,,,,,
33,Papua,888.142,481,"54,16",0,"0,0",,,,,,,,,,,,,,,,,,,,,,,,,,,,
34,Papua Barat,491.895,325,"66,07",2,"0,6",,,,,,,,,,,,,,,,,,,,,,,,,,,,
35,Papua Selatan,515.717,0,"0,00",0,"0,0",,,,,,,,,,,,,,,,,,,,,,,,,,,,
36,Papua Tengah,1.017.614,976,"95,91",0,"0,0",,,,,,,,,,,,,,,,,,,,,,,,,,,,
37 Papua Pegunungan Indonesia 38 Papua Barat Daya,,1.080.522 279.849.986 539.781,249 257.271 263,"23,04 91,93 48,72",0 1.461 0,"0,0 0,57 0,0",,,,,,,,,,,,,,,,,,,,,,,,,,,,
No,Provinsi,Jumlah Kab/Kota,Kabupaten/Kota Terjangkit,,,,,,,,,,,,,,,,,,,,,,,,,,,,,,,
,,,2022,,2023,,2024,,,,,,,,,,,,,,,,,,,,,,,,,,,
,,,Jumlah,%,Jumlah,%,Jumlah,%,,,,,,,,,,,,,,,,,,,,,,,,,,
(1),(2),(3),(6),(7),(8),(9),(8),(9),,,,,,,,,,,,,,,,,,,,,,,,,,
1,Aceh,23,22,"95,65",22,"95,65",23,"100,00",,,,,,,,,,,,,,,,,,,,,,,,,,
2,Sumatera Utara,33,33,"100,00",33,"100,00",33,"100,00",,,,,,,,,,,,,,,,,,,,,,,,,,
3,Sumatera Barat,19,19,"100,00",19,"100,00",19,"100,00",,,,,,,,,,,,,,,,,,,,,,,,,,
4,Riau,12,12,"100,00",12,"100,00",12,"100,00",,,,,,,,,,,,,,,,,,,,,,,,,,
5,Jambi,11,11,"100,00",11,"100,00",11,"100,00",,,,,,,,,,,,,,,,,,,,,,,,,,
6,Sumatera Selatan,17,17,"100,00",17,"100,00",17,"100,00",,,,,,,,,,,,,,,,,,,,,,,,,,
7,Bengkulu,10,10,"100,00",10,"100,00",10,"100,00",,,,,,,,,,,,,,,,,,,,,,,,,,
8,Lampung,15,15,"100,00",15,"100,00",15,"100,00",,,,,,,,,,,,,,,,,,,,,,,,,,
9,Kepulauan Bangka Belitung,7,7,"100,00",7,"100,00",7,"100,00",,,,,,,,,,,,,,,,,,,,,,,,,,
10,Kepulauan Riau,7,7,"100,00",6,"85,71",7,"100,00",,,,,,,,,,,,,,,,,,,,,,,,,,
11,DKI Jakarta,6,6,"100,00",6,"100,00",6,"100,00",,,,,,,,,,,,,,,,,,,,,,,,,,
12,Jawa Barat,27,27,"100,00",27,"100,00",27,"100,00",,,,,,,,,,,,,,,,,,,,,,,,,,
13,Jawa Tengah,35,35,"100,00",35,"100,00",35,"100,00",,,,,,,,,,,,,,,,,,,,,,,,,,
14,DI Yogyakarta,5,5,"100,00",5,"100,00",5,"100,00",,,,,,,,,,,,,,,,,,,,,,,,,,
15,Jawa Timur,38,38,"100,00",38,"100,00",38,"100,00",,,,,,,,,,,,,,,,,,,,,,,,,,
16,Banten,8,8,"100,00",8,"100,00",8,"100,00",,,,,,,,,,,,,,,,,,,,,,,,,,
17,Bali,9,9,"100,00",9,"100,00",9,"100,00",,,,,,,,,,,,,,,,,,,,,,,,,,
18,Nusa Tenggara Barat,10,10,"100,00",10,"100,00",10,"100,00",,,,,,,,,,,,,,,,,,,,,,,,,,
19,Nusa Tenggara Timur,22,22,"100,00",21,"95,45",22,"100,00",,,,,,,,,,,,,,,,,,,,,,,,,,
20,Kalimantan Barat,14,14,"100,00",14,"100,00",14,"100,00",,,,,,,,,,,,,,,,,,,,,,,,,,
21,Kalimantan Tengah,14,14,"100,00",14,"100,00",14,"100,00",,,,,,,,,,,,,,,,,,,,,,,,,,
22,Kalimantan Selatan,13,13,"100,00",13,"100,00",13,"100,00",,,,,,,,,,,,,,,,,,,,,,,,,,
23,Kalimantan Timur,10,10,"100,00",10,"100,00",10,"100,00",,,,,,,,,,,,,,,,,,,,,,,,,,
24,Kalimantan Utara,5,5,"100,00",5,"100,00",5,"100,00",,,,,,,,,,,,,,,,,,,,,,,,,,
25,Sulawesi Utara,15,15,"100,00",15,"100,00",15,"100,00",,,,,,,,,,,,,,,,,,,,,,,,,,
26,Sulawesi Tengah,13,13,"100,00",13,"100,00",13,"100,00",,,,,,,,,,,,,,,,,,,,,,,,,,
27,Sulawesi Selatan,24,24,"100,00",24,"100,00",24,"100,00",,,,,,,,,,,,,,,,,,,,,,,,,,
28,Sulawesi Tenggara,17,17,"100,00",17,"100,00",17,"100,00",,,,,,,,,,,,,,,,,,,,,,,,,,
29,Gorontalo,6,6,"100,00",6,"100,00",6,"100,00",,,,,,,,,,,,,,,,,,,,,,,,,,
30,Sulawesi Barat,6,6,"100,00",6,"100,00",6,"100,00",,,,,,,,,,,,,,,,,,,,,,,,,,
31,Maluku,11,9,"81,82",9,"81,82",9,"81,82",,,,,,,,,,,,,,,,,,,,,,,,,,
32,Maluku Utara,10,9,"90,00",10,"100,00",9,"90,00",,,,,,,,,,,,,,,,,,,,,,,,,,
33,Papua,9,8,"27,59",5,"55,56",5,"55,56",,,,,,,,,,,,,,,,,,,,,,,,,,
34,Papua Barat,7,8,"61,54",5,"71,43",5,"71,43",,,,,,,,,,,,,,,,,,,,,,,,,,
35,Papua Selatan,4,-,-,0,"0,00",0,"0,00",,,,,,,,,,,,,,,,,,,,,,,,,,
36,Papua Tengah,8,-,-,1,"12,50",2,"25,00",,,,,,,,,,,,,,,,,,,,,,,,,,
37 Papua Pegunungan Indonesia 38 Papua Barat Daya,,8 514 6,- 484 -,"- 94,16 -",0 478 0,"0,00 93,00 0,00",2 488 5,"25,00 94,94 83,33",,,,,,,,,,,,,,,,,,,,,,,,,,
No,Provinsi,Penduduk,Malaria,,,,,,,,,,,,,,,,,,,,,,,,,,,,,,,
,,,Suspek,Konfirmasi Laboratorium,,,% Konfirmasi Laboratorium,Positif,,,Pengobatan Standar,% Pengobatan Standar,Annual Paracite Incidence (API) per 1.000 Penduduk,,,,,,,,,,,,,,,,,,,,,
,,,,Mikroskopis,Rapid Diagnostic Test (RDT),Total,,L,P,L+P,,,,,,,,,,,,,,,,,,,,,,,,
(1),(2),(3),(4),(5),(6),(7),(8),(9),(10),(11),(12),(13),(14),,,,,,,,,,,,,,,,,,,,,
1,Aceh,5.554.815,48.631,14.695,33.936,48.631,"100,00%",305,67,372,372,"100,00%","0,07",,,,,,,,,,,,,,,,,,,,,
2,Sumatera Utara,15.588.525,44.379,17.467,26.910,44.377,"100,00%",4.061,2.535,6.596,4.822,"73,10%","0,42",,,,,,,,,,,,,,,,,,,,,
3,Sumatera Barat,5.836.156,13.042,2.850,10.192,13.042,"100,00%",43,11,54,45,"83,33%","0,01",,,,,,,,,,,,,,,,,,,,,
4,Riau,6.728.053,19.617,6.395,13.222,19.617,"100,00%",1.747,969,2.716,2.690,"99,04%","0,40",,,,,,,,,,,,,,,,,,,,,
5,Jambi,3.724.284,29.797,10.981,18.761,29.742,"99,82%",43,6,49,49,"100,00%","0,01",,,,,,,,,,,,,,,,,,,,,
6,Sumatera Selatan,8.837.301,42.263,12.656,29.607,42.263,"100,00%",91,8,99,99,"100,00%","0,01",,,,,,,,,,,,,,,,,,,,,
7,Bengkulu,2.112.235,16.325,3.493,12.823,16.316,"99,94%",3,0,3,3,"100,00%","0,00",,,,,,,,,,,,,,,,,,,,,
8,Lampung,9.419.582,67.360,38.029,29.331,67.360,"100,00%",1.584,1.012,2.596,2.596,"100,00%","0,28",,,,,,,,,,,,,,,,,,,,,
9,Kepulauan Bangka Belitung,1.531.530,12.453,4.129,8.324,12.453,"100,00%",12,1,13,10,"76,92%","0,01",,,,,,,,,,,,,,,,,,,,,
10,Kepulauan Riau,2.183.292,13.376,7.139,6.237,13.376,"100,00%",206,100,306,306,"100,00%","0,14",,,,,,,,,,,,,,,,,,,,,
11,DKI Jakarta,10.684.946,7.665,1.865,5.800,7.665,"100,00%",314,44,358,341,"95,25%","0,03",,,,,,,,,,,,,,,,,,,,,
12,Jawa Barat,50.345.189,12.146,8.456,3.690,12.146,"100,00%",477,35,512,489,"95,51%","0,01",,,,,,,,,,,,,,,,,,,,,
13,Jawa Tengah,37.892.283,30.979,17.334,13.199,30.533,"98,56%",709,38,747,562,"75,23%","0,02",,,,,,,,,,,,,,,,,,,,,
14,DI Yogyakarta,3.759.503,19.383,11.790,7.593,19.383,"100,00%",88,33,121,27,"22,31%","0,03",,,,,,,,,,,,,,,,,,,,,
15,Jawa Timur,41.814.499,12.915,6.498,6.417,12.915,"100,00%",505,48,553,544,"98,37%","0,01",,,,,,,,,,,,,,,,,,,,,
16,Banten,12.431.391,4.268,781,3.487,4.268,"100,00%",119,11,130,130,"100,00%","0,01",,,,,,,,,,,,,,,,,,,,,
17,Bali,4.433.262,11.334,8.199,3.135,11.334,"100,00%",64,11,75,60,"80,00%","0,02",,,,,,,,,,,,,,,,,,,,,
18,Nusa Tenggara Barat,5.646.015,82.783,56.200,26.582,82.782,"100,00%",158,92,250,215,"86,00%","0,04",,,,,,,,,,,,,,,,,,,,,
19,Nusa Tenggara Timur,5.656.039,935.007,419.262,515.745,935.007,"100,00%",5075,3819,8894,8472,"95,26%","1,57",,,,,,,,,,,,,,,,,,,,,
20,Kalimantan Barat,5.695.475,28.319,8.105,20.214,28.319,"100,00%",48,14,62,39,"62,90%","0,01",,,,,,,,,,,,,,,,,,,,,
21,Kalimantan Tengah,2.809.698,14.880,2.902,11.978,14.880,"100,00%",120,17,137,122,"89,05%","0,05",,,,,,,,,,,,,,,,,,,,,
22,Kalimantan Selatan,4.273.400,28.659,3.959,24.697,28.656,"99,99%",284,18,302,275,"91,06%","0,07",,,,,,,,,,,,,,,,,,,,,
23,Kalimantan Timur,4.045.858,34.291,7.559,26.731,34.290,"100,00%",1484,122,1606,1476,"91,91%","0,40",,,,,,,,,,,,,,,,,,,,,
24,Kalimantan Utara,739.778,8.301,1.064,7.237,8.301,"100,00%",126,11,137,93,"67,88%","0,19",,,,,,,,,,,,,,,,,,,,,
25,Sulawesi Utara,2.701.777,40.048,26.153,13.895,40.048,"100,00%",833,412,1245,1092,"87,71%","0,46",,,,,,,,,,,,,,,,,,,,,
26,Sulawesi Tengah,3.121.753,28.466,2.995,25.471,28.466,"100,00%",754,387,1.141,940,"82,38%","0,37",,,,,,,,,,,,,,,,,,,,,
27,Sulawesi Selatan,9.463.385,46.782,8.533,38.249,46.782,"100,00%",1558,347,1905,1777,"93,28%","0,20",,,,,,,,,,,,,,,,,,,,,
28,Sulawesi Tenggara,2.793.072,19.553,2.922,16.631,19.553,"100,00%",413,112,525,417,"79,43%","0,19",,,,,,,,,,,,,,,,,,,,,
29,Gorontalo,1.227.794,67.945,37.603,30.342,67.945,"100,00%",1463,118,1581,1580,"99,94%","1,29",,,,,,,,,,,,,,,,,,,,,
30,Sulawesi Barat,1.503.232,10.025,1.829,7.920,9.749,"97,25%",283,32,315,291,"92,38%","0,21",,,,,,,,,,,,,,,,,,,,,
31,Maluku,1.945.648,64.904,32.224,32.679,64.903,"100,00%",1432,856,2288,2174,"95,02%","1,18",,,,,,,,,,,,,,,,,,,,,
32,Maluku Utara,1.355.622,17.420,11.085,6.335,17.420,"100,00%",141,64,205,205,"100,00%","0,15",,,,,,,,,,,,,,,,,,,,,
33,Papua,1.060.551,1.107.215,510.314,595.999,1.106.313,"99,92%",130711,99075,229786,219460,"95,51%","216,67",,,,,,,,,,,,,,,,,,,,,
34,Papua Barat,578.696,203.146,75.855,127.291,203.146,"100,00%",4.828,2.995,7.823,7.127,"91,10%","13,52",,,,,,,,,,,,,,,,,,,,,
35,Papua Selatan,542.075,237.537,99.990,135.653,235.643,"99,20%",31796,25195,56991,52017,"91,27%","105,13",,,,,,,,,,,,,,,,,,,,,
36,Papua Tengah,1.472.912,817.160,447.038,370.002,817.040,"99,99%",99.560,68.718,168.278,157.447,"93,56%","114,25",,,,,,,,,,,,,,,,,,,,,
37,Papua Pegunungan,1.467.046,72.152,38.447,32.862,71.309,"98,83%",21744,16231,37975,32523,"85,64%","25,89",,,,,,,,,,,,,,,,,,,,,
Indonesia 38 Papua Barat Daya,,281.662073..719297,4.35877..945204,1.99269..462360,2.35576..469741,4.35837..019274,"9999,,8696%%",3147..231913,2236..050782,5473..291695,5056..984341,"9832,,1374%%","111,,5913",,,,,,,,,,,,,,,,,,,,,
No,Provinsi,Jumlah Kabupaten/Kota Berdasarkan Tingkat Endemisitas Malaria,,,,% Kabupaten/Kota Mendapat Sertifikat Eliminasi Malaria,,,,,,,,,,,,,,,,,,,,,,,,,,,,
,,Bebas Malaria (Sudah Mendapat Sertifikat Eliminasi),Endemis Rendah (API<1),Endemis Sedang (API 1- 5),Endemis Tinggi (API >5),,,,,,,,,,,,,,,,,,,,,,,,,,,,,
(1),(2),(3),(4),(5),(6),(7),,,,,,,,,,,,,,,,,,,,,,,,,,,,
1,Aceh,22,1,0,0,96%,,,,,,,,,,,,,,,,,,,,,,,,,,,,
2,Sumatera Utara,25,4,4,0,76%,,,,,,,,,,,,,,,,,,,,,,,,,,,,
3,Sumatera Barat,18,1,0,0,95%,,,,,,,,,,,,,,,,,,,,,,,,,,,,
4,Riau,12,0,0,0,100%,,,,,,,,,,,,,,,,,,,,,,,,,,,,
5,Jambi,8,3,0,0,73%,,,,,,,,,,,,,,,,,,,,,,,,,,,,
6,Sumatera Selatan,17,0,0,0,100%,,,,,,,,,,,,,,,,,,,,,,,,,,,,
7,Bengkulu,10,0,0,0,100%,,,,,,,,,,,,,,,,,,,,,,,,,,,,
8,Lampung,14,0,1,0,93%,,,,,,,,,,,,,,,,,,,,,,,,,,,,
9,Kepulauan Bangka Belitung,6,1,0,0,86%,,,,,,,,,,,,,,,,,,,,,,,,,,,,
10,Kepulauan Riau,6,1,0,0,86%,,,,,,,,,,,,,,,,,,,,,,,,,,,,
11,DKI Jakarta,6,0,0,0,100%,,,,,,,,,,,,,,,,,,,,,,,,,,,,
12,Jawa Barat,27,0,0,0,100%,,,,,,,,,,,,,,,,,,,,,,,,,,,,
13,Jawa Tengah,34,1,0,0,97%,,,,,,,,,,,,,,,,,,,,,,,,,,,,
14,DI Yogyakarta,5,0,0,0,100%,,,,,,,,,,,,,,,,,,,,,,,,,,,,
15,Jawa Timur,38,0,0,0,100%,,,,,,,,,,,,,,,,,,,,,,,,,,,,
16,Banten,8,0,0,0,100%,,,,,,,,,,,,,,,,,,,,,,,,,,,,
17,Bali,9,0,0,0,100%,,,,,,,,,,,,,,,,,,,,,,,,,,,,
18,Nusa Tenggara Barat,7,3,0,0,70%,,,,,,,,,,,,,,,,,,,,,,,,,,,,
19,Nusa Tenggara Timur,9,8,4,1,41%,,,,,,,,,,,,,,,,,,,,,,,,,,,,
20,Kalimantan Barat,12,2,0,0,86%,,,,,,,,,,,,,,,,,,,,,,,,,,,,
21,Kalimantan Tengah,12,2,0,0,86%,,,,,,,,,,,,,,,,,,,,,,,,,,,,
22,Kalimantan Selatan,11,2,0,0,85%,,,,,,,,,,,,,,,,,,,,,,,,,,,,
23,Kalimantan Timur,5,4,1,0,50%,,,,,,,,,,,,,,,,,,,,,,,,,,,,
24,Kalimantan Utara,3,2,0,0,60%,,,,,,,,,,,,,,,,,,,,,,,,,,,,
25,Sulawesi Utara,10,4,1,0,67%,,,,,,,,,,,,,,,,,,,,,,,,,,,,
26,Sulawesi Tengah,8,3,2,0,62%,,,,,,,,,,,,,,,,,,,,,,,,,,,,
27,Sulawesi Selatan,23,0,1,0,96%,,,,,,,,,,,,,,,,,,,,,,,,,,,,
28,Sulawesi Tenggara,15,2,0,0,88%,,,,,,,,,,,,,,,,,,,,,,,,,,,,
29,Gorontalo,5,1,0,0,83%,,,,,,,,,,,,,,,,,,,,,,,,,,,,
30,Sulawesi Barat,5,1,0,0,83%,,,,,,,,,,,,,,,,,,,,,,,,,,,,
31,Maluku,3,4,4,0,27%,,,,,,,,,,,,,,,,,,,,,,,,,,,,
32,Maluku Utara,6,4,0,0,60%,,,,,,,,,,,,,,,,,,,,,,,,,,,,
33,Papua,0,0,0,9,0%,,,,,,,,,,,,,,,,,,,,,,,,,,,,
34,Papua Barat,1,0,3,3,14%,,,,,,,,,,,,,,,,,,,,,,,,,,,,
35,Papua Selatan,0,0,0,4,0%,,,,,,,,,,,,,,,,,,,,,,,,,,,,
36,Papua Tengah,0,4,0,4,0%,,,,,,,,,,,,,,,,,,,,,,,,,,,,
37 Papua Pegunungan Indonesia 38 Papua Barat Daya,,0 401 1,1 60 1,2 23 0,5 30 4,"0% 78,02 17%",,,,,,,,,,,,,,,,,,,,,,,,,,,,
No,Provinsi,Jumlah Kabupaten/Kota,Kabupaten/Kota Menerapkan KTR,,,,,,,,,,,,,,,,,,,,,,,,,,,,,,,
,,,Jumlah,Cakupan (%),,,,,,,,,,,,,,,,,,,,,,,,,,,,,,
(1),(2),(3),(4),(5),,,,,,,,,,,,,,,,,,,,,,,,,,,,,,
1,Aceh,23,23,"100,0",,,,,,,,,,,,,,,,,,,,,,,,,,,,,,
2,Sumatera Utara,33,31,"93,9",,,,,,,,,,,,,,,,,,,,,,,,,,,,,,
3,Sumatera Barat,19,19,"100,0",,,,,,,,,,,,,,,,,,,,,,,,,,,,,,
4,Riau,12,11,"91,7",,,,,,,,,,,,,,,,,,,,,,,,,,,,,,
5,Jambi,11,11,"100,0",,,,,,,,,,,,,,,,,,,,,,,,,,,,,,
6,Sumatera Selatan,17,17,"100,0",,,,,,,,,,,,,,,,,,,,,,,,,,,,,,
7,Bengkulu,10,9,"90,0",,,,,,,,,,,,,,,,,,,,,,,,,,,,,,
8,Lampung,15,15,"100,0",,,,,,,,,,,,,,,,,,,,,,,,,,,,,,
9,Kepulauan Bangka Belitung,7,7,"100,0",,,,,,,,,,,,,,,,,,,,,,,,,,,,,,
10,Kepulauan Riau,7,7,"100,0",,,,,,,,,,,,,,,,,,,,,,,,,,,,,,
11,DKI Jakarta,6,6,"100,0",,,,,,,,,,,,,,,,,,,,,,,,,,,,,,
12,Jawa Barat,27,27,"100,0",,,,,,,,,,,,,,,,,,,,,,,,,,,,,,
13,Jawa Tengah,35,35,"100,0",,,,,,,,,,,,,,,,,,,,,,,,,,,,,,
14,DI Yogyakarta,5,5,"100,0",,,,,,,,,,,,,,,,,,,,,,,,,,,,,,
15,Jawa Timur,38,36,"94,7",,,,,,,,,,,,,,,,,,,,,,,,,,,,,,
16,Banten,8,8,"100,0",,,,,,,,,,,,,,,,,,,,,,,,,,,,,,
17,Bali,9,9,"100,0",,,,,,,,,,,,,,,,,,,,,,,,,,,,,,
18,Nusa Tenggara Barat,10,10,"100,0",,,,,,,,,,,,,,,,,,,,,,,,,,,,,,
19,Nusa Tenggara Timur,22,19,"86,4",,,,,,,,,,,,,,,,,,,,,,,,,,,,,,
20,Kalimantan Barat,14,14,"100,0",,,,,,,,,,,,,,,,,,,,,,,,,,,,,,
21,Kalimantan Tengah,14,13,"92,9",,,,,,,,,,,,,,,,,,,,,,,,,,,,,,
22,Kalimantan Selatan,13,13,"100,0",,,,,,,,,,,,,,,,,,,,,,,,,,,,,,
23,Kalimantan Timur,10,10,"100,0",,,,,,,,,,,,,,,,,,,,,,,,,,,,,,
24,Kalimantan Utara,5,5,"100,0",,,,,,,,,,,,,,,,,,,,,,,,,,,,,,
25,Sulawesi Utara,15,15,"100,0",,,,,,,,,,,,,,,,,,,,,,,,,,,,,,
26,Sulawesi Tengah,13,13,"100,0",,,,,,,,,,,,,,,,,,,,,,,,,,,,,,
27,Sulawesi Selatan,24,24,"100,0",,,,,,,,,,,,,,,,,,,,,,,,,,,,,,
28,Sulawesi Tenggara,17,16,"94,1",,,,,,,,,,,,,,,,,,,,,,,,,,,,,,
29,Gorontalo,6,5,"83,3",,,,,,,,,,,,,,,,,,,,,,,,,,,,,,
30,Sulawesi Barat,6,6,"100,0",,,,,,,,,,,,,,,,,,,,,,,,,,,,,,
31,Maluku,11,11,"100,0",,,,,,,,,,,,,,,,,,,,,,,,,,,,,,
32,Maluku Utara,10,10,"100,0",,,,,,,,,,,,,,,,,,,,,,,,,,,,,,
33,Papua,9,7,"77,8",,,,,,,,,,,,,,,,,,,,,,,,,,,,,,
34,Papua Barat,7,6,"85,7",,,,,,,,,,,,,,,,,,,,,,,,,,,,,,
35,Papua Selatan,4,4,"100,0",,,,,,,,,,,,,,,,,,,,,,,,,,,,,,
36,Papua Tengah,8,1,"12,5",,,,,,,,,,,,,,,,,,,,,,,,,,,,,,
37 Papua Pegunungan Indonesia 38 Papua Barat Daya,,8 514 6,2 485 5,"25,0 94,4 83,3",,,,,,,,,,,,,,,,,,,,,,,,,,,,,,
No,Provinsi,Jumlah Kabupaten/Kota,Kabupaten/Kota Menyelenggarakan UBM,,,,,,,,,,,,,,,,,,,,,,,,,,,,,,,
,,,Jumlah,%,,,,,,,,,,,,,,,,,,,,,,,,,,,,,,
(1),(2),(3),(4),(5),,,,,,,,,,,,,,,,,,,,,,,,,,,,,,
1,Aceh,23,15,"65,2",,,,,,,,,,,,,,,,,,,,,,,,,,,,,,
2,Sumatera Utara,33,27,"81,8",,,,,,,,,,,,,,,,,,,,,,,,,,,,,,
3,Sumatera Barat,19,16,"84,2",,,,,,,,,,,,,,,,,,,,,,,,,,,,,,
4,Riau,12,4,"33,3",,,,,,,,,,,,,,,,,,,,,,,,,,,,,,
5,Jambi,11,11,"100,0",,,,,,,,,,,,,,,,,,,,,,,,,,,,,,
6,Sumatera Selatan,17,13,"76,5",,,,,,,,,,,,,,,,,,,,,,,,,,,,,,
7,Bengkulu,10,7,"70,0",,,,,,,,,,,,,,,,,,,,,,,,,,,,,,
8,Lampung,15,13,"86,7",,,,,,,,,,,,,,,,,,,,,,,,,,,,,,
9,Kepulauan Bangka Belitung,7,4,"57,1",,,,,,,,,,,,,,,,,,,,,,,,,,,,,,
10,Kepulauan Riau,7,5,"71,4",,,,,,,,,,,,,,,,,,,,,,,,,,,,,,
11,DKI Jakarta,6,6,"100,0",,,,,,,,,,,,,,,,,,,,,,,,,,,,,,
12,Jawa Barat,27,26,"96,3",,,,,,,,,,,,,,,,,,,,,,,,,,,,,,
13,Jawa Tengah,35,20,"57,1",,,,,,,,,,,,,,,,,,,,,,,,,,,,,,
14,DI Yogyakarta,5,5,"100,0",,,,,,,,,,,,,,,,,,,,,,,,,,,,,,
15,Jawa Timur,38,38,"100,0",,,,,,,,,,,,,,,,,,,,,,,,,,,,,,
16,Banten,8,8,"100,0",,,,,,,,,,,,,,,,,,,,,,,,,,,,,,
17,Bali,9,9,"100,0",,,,,,,,,,,,,,,,,,,,,,,,,,,,,,
18,Nusa Tenggara Barat,10,7,"70,0",,,,,,,,,,,,,,,,,,,,,,,,,,,,,,
19,Nusa Tenggara Timur,22,19,"86,4",,,,,,,,,,,,,,,,,,,,,,,,,,,,,,
20,Kalimantan Barat,14,5,"35,7",,,,,,,,,,,,,,,,,,,,,,,,,,,,,,
21,Kalimantan Tengah,14,6,"42,9",,,,,,,,,,,,,,,,,,,,,,,,,,,,,,
22,Kalimantan Selatan,13,13,"100,0",,,,,,,,,,,,,,,,,,,,,,,,,,,,,,
23,Kalimantan Timur,10,4,"40,0",,,,,,,,,,,,,,,,,,,,,,,,,,,,,,
24,Kalimantan Utara,5,3,"60,0",,,,,,,,,,,,,,,,,,,,,,,,,,,,,,
25,Sulawesi Utara,15,1,"6,7",,,,,,,,,,,,,,,,,,,,,,,,,,,,,,
26,Sulawesi Tengah,13,8,"61,5",,,,,,,,,,,,,,,,,,,,,,,,,,,,,,
27,Sulawesi Selatan,24,17,"70,8",,,,,,,,,,,,,,,,,,,,,,,,,,,,,,
28,Sulawesi Tenggara,17,7,"41,2",,,,,,,,,,,,,,,,,,,,,,,,,,,,,,
29,Gorontalo,6,6,"100,0",,,,,,,,,,,,,,,,,,,,,,,,,,,,,,
30,Sulawesi Barat,6,4,"66,7",,,,,,,,,,,,,,,,,,,,,,,,,,,,,,
31,Maluku,11,4,"36,4",,,,,,,,,,,,,,,,,,,,,,,,,,,,,,
32,Maluku Utara,10,5,"50,0",,,,,,,,,,,,,,,,,,,,,,,,,,,,,,
33,Papua,9,2,"22,2",,,,,,,,,,,,,,,,,,,,,,,,,,,,,,
34,Papua Barat,7,0,"0,0",,,,,,,,,,,,,,,,,,,,,,,,,,,,,,
35,Papua Selatan,4,2,"50,0",,,,,,,,,,,,,,,,,,,,,,,,,,,,,,
36,Papua Tengah,8,0,"0,0",,,,,,,,,,,,,,,,,,,,,,,,,,,,,,
37 Papua Pegunungan Indonesia 38 Papua Barat Daya,,8 514 6,0 340 0,"0,0 66,1 0,0",,,,,,,,,,,,,,,,,,,,,,,,,,,,,,
No,Provinsi,Jumlah Kabupaten/Kota,Jumlah Target Kabupaten/Kota,Kabupaten/Kota Melakukan Pelayanan PANDU,,,,,,,,,,,,,,,,,,,,,,,,,,,,,,
,,,,Jumlah,%,,,,,,,,,,,,,,,,,,,,,,,,,,,,,
(1),(2),(3),(4),(5),(6),,,,,,,,,,,,,,,,,,,,,,,,,,,,,
1,Aceh,23,23,23,"100,0",,,,,,,,,,,,,,,,,,,,,,,,,,,,,
2,Sumatera Utara,33,33,30,"90,9",,,,,,,,,,,,,,,,,,,,,,,,,,,,,
3,Sumatera Barat,19,19,19,"100,0",,,,,,,,,,,,,,,,,,,,,,,,,,,,,
4,Riau,12,12,7,"58,3",,,,,,,,,,,,,,,,,,,,,,,,,,,,,
5,Jambi,11,11,11,"100,0",,,,,,,,,,,,,,,,,,,,,,,,,,,,,
6,Sumatera Selatan,17,17,17,"100,0",,,,,,,,,,,,,,,,,,,,,,,,,,,,,
7,Bengkulu,10,10,10,"100,0",,,,,,,,,,,,,,,,,,,,,,,,,,,,,
8,Lampung,15,15,15,"100,0",,,,,,,,,,,,,,,,,,,,,,,,,,,,,
9,Kepulauan Bangka Belitung,7,7,7,"100,0",,,,,,,,,,,,,,,,,,,,,,,,,,,,,
10,Kepulauan Riau,7,7,7,"100,0",,,,,,,,,,,,,,,,,,,,,,,,,,,,,
11,DKI Jakarta,6,6,6,"100,0",,,,,,,,,,,,,,,,,,,,,,,,,,,,,
12,Jawa Barat,27,27,18,"66,7",,,,,,,,,,,,,,,,,,,,,,,,,,,,,
13,Jawa Tengah,35,35,32,"91,4",,,,,,,,,,,,,,,,,,,,,,,,,,,,,
14,Di Yogyakarta,5,5,5,"100,0",,,,,,,,,,,,,,,,,,,,,,,,,,,,,
15,Jawa Timur,38,38,38,"100,0",,,,,,,,,,,,,,,,,,,,,,,,,,,,,
16,Banten,8,8,8,"100,0",,,,,,,,,,,,,,,,,,,,,,,,,,,,,
17,Bali,9,9,9,"100,0",,,,,,,,,,,,,,,,,,,,,,,,,,,,,
18,Nusa Tenggara Barat,10,10,10,"100,0",,,,,,,,,,,,,,,,,,,,,,,,,,,,,
19,Nusa Tenggara Timur,22,22,18,"81,8",,,,,,,,,,,,,,,,,,,,,,,,,,,,,
20,Kalimantan Barat,14,14,5,"35,7",,,,,,,,,,,,,,,,,,,,,,,,,,,,,
21,Kalimantan Tengah,14,14,13,"92,9",,,,,,,,,,,,,,,,,,,,,,,,,,,,,
22,Kalimantan Selatan,13,13,13,"100,0",,,,,,,,,,,,,,,,,,,,,,,,,,,,,
23,Kalimantan Timur,10,10,4,"40,0",,,,,,,,,,,,,,,,,,,,,,,,,,,,,
24,Kalimantan Utara,5,5,5,"100,0",,,,,,,,,,,,,,,,,,,,,,,,,,,,,
25,Sulawesi Utara,15,15,6,"40,0",,,,,,,,,,,,,,,,,,,,,,,,,,,,,
26,Sulawesi Tengah,13,13,5,"38,5",,,,,,,,,,,,,,,,,,,,,,,,,,,,,
27,Sulawesi Selatan,24,24,24,"100,0",,,,,,,,,,,,,,,,,,,,,,,,,,,,,
28,Sulawesi Tenggara,17,17,10,"58,8",,,,,,,,,,,,,,,,,,,,,,,,,,,,,
29,Gorontalo,6,6,5,"83,3",,,,,,,,,,,,,,,,,,,,,,,,,,,,,
30,Sulawesi Barat,6,6,5,"83,3",,,,,,,,,,,,,,,,,,,,,,,,,,,,,
31,Maluku,11,11,11,"100,0",,,,,,,,,,,,,,,,,,,,,,,,,,,,,
32,Maluku Utara,10,10,2,"20,0",,,,,,,,,,,,,,,,,,,,,,,,,,,,,
33,Papua,9,9,3,"33,3",,,,,,,,,,,,,,,,,,,,,,,,,,,,,
34,Papua Barat,7,7,6,"85,7",,,,,,,,,,,,,,,,,,,,,,,,,,,,,
35,Papua Selatan,4,4,2,"50,0",,,,,,,,,,,,,,,,,,,,,,,,,,,,,
36,Papua Tengah,8,8,2,"25,0",,,,,,,,,,,,,,,,,,,,,,,,,,,,,
37 Papua Pegunungan Indonesia,,8 514,8 514,0 414,"0,0 80,5",,,,,,,,,,,,,,,,,,,,,,,,,,,,,
No,Provinsi,Sasaran,Target (70%),Capaian,,,,,,,,,,,,,,,,,,,,,,,,,,,,,,
,,,,Jumlah,%,,,,,,,,,,,,,,,,,,,,,,,,,,,,,
(1),(2),(3),(4),(5),(6),,,,,,,,,,,,,,,,,,,,,,,,,,,,,
1,Aceh,4.659.719,3.261.803,335.271,"10,28",,,,,,,,,,,,,,,,,,,,,,,,,,,,,
2,Sumatera Utara,13.874.625,9.712.238,1.418.348,"14,60",,,,,,,,,,,,,,,,,,,,,,,,,,,,,
3,Sumatera Barat,5.238.026,3.666.618,600.518,"16,38",,,,,,,,,,,,,,,,,,,,,,,,,,,,,
4,Riau,6.010.080,4.207.056,422.165,"10,03",,,,,,,,,,,,,,,,,,,,,,,,,,,,,
5,Jambi,3.337.416,2.336.191,363.357,"15,55",,,,,,,,,,,,,,,,,,,,,,,,,,,,,
6,Sumatera Selatan,7.937.687,5.556.381,366.354,"6,59",,,,,,,,,,,,,,,,,,,,,,,,,,,,,
7,Bengkulu,1.893.097,1.325.168,104.879,"7,91",,,,,,,,,,,,,,,,,,,,,,,,,,,,,
8,Lampung,8.463.605,5.924.524,1.374.647,"23,20",,,,,,,,,,,,,,,,,,,,,,,,,,,,,
9,Kepulauan Bangka Belitung,1.383.079,968.155,111.156,"11,48",,,,,,,,,,,,,,,,,,,,,,,,,,,,,
10,Kepulauan Riau,1.948.991,1.364.294,500.008,"36,65",,,,,,,,,,,,,,,,,,,,,,,,,,,,,
11,DKI Jakarta,9.796.369,6.857.458,3.161.171,"46,10",,,,,,,,,,,,,,,,,,,,,,,,,,,,,
12,Jawa Barat,45.597.881,31.918.517,9.614.077,"30,12",,,,,,,,,,,,,,,,,,,,,,,,,,,,,
13,Jawa Tengah,34.542.595,24.179.817,3.603.615,"14,90",,,,,,,,,,,,,,,,,,,,,,,,,,,,,
14,DI Yogyakarta,3.471.497,2.430.048,71.144,"2,93",,,,,,,,,,,,,,,,,,,,,,,,,,,,,
15,Jawa Timur,38.365.581,26.855.907,9.214.436,"34,31",,,,,,,,,,,,,,,,,,,,,,,,,,,,,
16,Banten,11.231.988,7.862.392,3.364.612,"42,79",,,,,,,,,,,,,,,,,,,,,,,,,,,,,
17,Bali,4.059.523,2.841.666,472.828,"16,64",,,,,,,,,,,,,,,,,,,,,,,,,,,,,
18,Nusa Tenggara Barat,5.022.089,3.515.462,1.752.994,"49,87",,,,,,,,,,,,,,,,,,,,,,,,,,,,,
19,Nusa Tenggara Timur,4.958.059,3.470.641,404.339,"11,65",,,,,,,,,,,,,,,,,,,,,,,,,,,,,
20,Kalimantan Barat,5.102.633,3.571.843,436.819,"12,23",,,,,,,,,,,,,,,,,,,,,,,,,,,,,
21,Kalimantan Tengah,2.520.061,1.764.043,129.986,"7,37",,,,,,,,,,,,,,,,,,,,,,,,,,,,,
22,Kalimantan Selatan,3.832.028,2.682.420,721.862,"26,91",,,,,,,,,,,,,,,,,,,,,,,,,,,,,
23,Kalimantan Timur,3.655.547,2.558.883,517.987,"20,24",,,,,,,,,,,,,,,,,,,,,,,,,,,,,
24,Kalimantan Utara,663.805,464.664,40.843,"8,79",,,,,,,,,,,,,,,,,,,,,,,,,,,,,
25,Sulawesi Utara,2.462.247,1.723.573,135.552,"7,86",,,,,,,,,,,,,,,,,,,,,,,,,,,,,
26,Sulawesi Tengah,2.794.889,1.956.422,259.452,"13,26",,,,,,,,,,,,,,,,,,,,,,,,,,,,,
27,Sulawesi Selatan,8.539.536,5.977.675,897.518,"15,01",,,,,,,,,,,,,,,,,,,,,,,,,,,,,
28,Sulawesi Tenggara,2.472.534,1.730.774,364.581,"21,06",,,,,,,,,,,,,,,,,,,,,,,,,,,,,
29,Gorontalo,1.102.946,772.062,453.509,"58,74",,,,,,,,,,,,,,,,,,,,,,,,,,,,,
30,Sulawesi Barat,1.329.563,930.694,47.189,"5,07",,,,,,,,,,,,,,,,,,,,,,,,,,,,,
31,Maluku,1.346.674,942.672,81.041,"8,60",,,,,,,,,,,,,,,,,,,,,,,,,,,,,
32,Maluku Utara,1.207.348,845.144,48.974,"5,79",,,,,,,,,,,,,,,,,,,,,,,,,,,,,
33,Papua,919.730,643.811,24.000,"3,73",,,,,,,,,,,,,,,,,,,,,,,,,,,,,
34,Papua Barat,512.052,358.436,11.541,"3,22",,,,,,,,,,,,,,,,,,,,,,,,,,,,,
35,Papua Selatan,450.984,315.689,4.838,"1,53",,,,,,,,,,,,,,,,,,,,,,,,,,,,,
36,Papua Tengah,1.307.578,915.305,23.168,"2,53",,,,,,,,,,,,,,,,,,,,,,,,,,,,,
37 Papua Pegunungan Indonesia 38 Papua Barat Daya,,1.320.904 253.887.545 554.579,924.633 177.721.282 388.205,87 41.463.659 8.793,"0,01 23,33 2,27",,,,,,,,,,,,,,,,,,,,,,,,,,,,,
No,Provinsi,TFU Terdaftar,,,,TFU Yang Dilakukan Pengawasan Sesuai Standar,,,,,,,,,,,,,,,,,,,,,,,,,,,,
,,Sarana Pendidikan (SD/MI dan SMP/MTs),Pasar,Puskesmas,Jumlah TFU Terdaftar,Sarana Pendidikan (SD/MI dan SMP/MTs),,Pasar,,Puskesmas,,Jumlah Total,,,,,,,,,,,,,,,,,,,,,,
,,,,,,∑,%,∑,%,∑,%,∑,%,,,,,,,,,,,,,,,,,,,,,
(1),(2),(3),(4),(5),(6),(7),(8),(9),(10),(11),(12),(13),(14),,,,,,,,,,,,,,,,,,,,,
(cid:883),(cid:4)(cid:133)(cid:135)(cid:138),(cid:884)(cid:484)(cid:889)(cid:885)(cid:885),,,,,,,,,,,,,,,,,,,,,,,,,,,,,,,,
,,,(cid:883)(cid:883)(cid:887),(cid:885)(cid:883)(cid:888),(cid:885)(cid:883)(cid:888)(cid:886),(cid:883)(cid:484)(cid:889)(cid:891)(cid:882),(cid:888)(cid:887)(cid:481)(cid:887)(cid:882),(cid:888)(cid:888),(cid:887)(cid:889)(cid:481)(cid:885)(cid:891),(cid:884)(cid:882)(cid:891),(cid:888)(cid:888)(cid:481)(cid:883)(cid:886),(cid:884)(cid:484)(cid:882)(cid:888)(cid:887),(cid:888)(cid:887)(cid:481)(cid:884)(cid:889),,,,,,,,,,,,,,,,,,,,,
(cid:884) (cid:885),(cid:22)(cid:151)(cid:143)(cid:131)(cid:150)(cid:135)(cid:148)(cid:131)(cid:3)(cid:24)(cid:150)(cid:131)(cid:148)(cid:131) (cid:22)(cid:151)(cid:143)(cid:131)(cid:150)(cid:135)(cid:148)(cid:131)(cid:3)(cid:5)(cid:131)(cid:148)(cid:131)(cid:150),(cid:887)(cid:484)(cid:889)(cid:882)(cid:887) (cid:887)(cid:484)(cid:886)(cid:890)(cid:882),(cid:884)(cid:888)(cid:885),(cid:887)(cid:884)(cid:882),(cid:888)(cid:886)(cid:890)(cid:890),(cid:886)(cid:484)(cid:884)(cid:888)(cid:890),(cid:889)(cid:886)(cid:481)(cid:890)(cid:883),(cid:883)(cid:888)(cid:887),(cid:888)(cid:884)(cid:481)(cid:889)(cid:886),(cid:886)(cid:884)(cid:891),(cid:890)(cid:884)(cid:481)(cid:887)(cid:882),(cid:886)(cid:484)(cid:890)(cid:888)(cid:884),(cid:889)(cid:886)(cid:481)(cid:891)(cid:886),,,,,,,,,,,,,,,,,,,,,
,,,(cid:885)(cid:882)(cid:891),(cid:885)(cid:885)(cid:887),(cid:888)(cid:883)(cid:884)(cid:886),(cid:887)(cid:484)(cid:882)(cid:884)(cid:885),(cid:891)(cid:883)(cid:481)(cid:888)(cid:888),(cid:884)(cid:890)(cid:885),(cid:891)(cid:883)(cid:481)(cid:887)(cid:891),(cid:885)(cid:883)(cid:891),(cid:891)(cid:887)(cid:481)(cid:884)(cid:884),(cid:887)(cid:484)(cid:888)(cid:884)(cid:887),(cid:891)(cid:883)(cid:481)(cid:890)(cid:887),,,,,,,,,,,,,,,,,,,,,
(cid:886) (cid:887),(cid:21)(cid:139)(cid:131)(cid:151) (cid:13)(cid:131)(cid:143)(cid:132)(cid:139),(cid:887)(cid:484)(cid:884)(cid:889)(cid:889) (cid:885)(cid:484)(cid:882)(cid:885)(cid:886),(cid:886)(cid:883)(cid:887),(cid:884)(cid:886)(cid:885),(cid:887)(cid:891)(cid:885)(cid:887),(cid:886)(cid:484)(cid:887)(cid:888)(cid:887),(cid:890)(cid:888)(cid:481)(cid:887)(cid:883),(cid:885)(cid:887)(cid:882),(cid:890)(cid:886)(cid:481)(cid:885)(cid:886),(cid:884)(cid:882)(cid:883),(cid:890)(cid:884)(cid:481)(cid:889)(cid:884),(cid:887)(cid:484)(cid:883)(cid:883)(cid:888),(cid:890)(cid:888)(cid:481)(cid:884)(cid:882),,,,,,,,,,,,,,,,,,,,,
,,,(cid:889)(cid:887),(cid:883)(cid:891)(cid:891),(cid:885)(cid:885)(cid:882)(cid:890),(cid:884)(cid:484)(cid:891)(cid:882)(cid:884),(cid:891)(cid:887)(cid:481)(cid:888)(cid:887),(cid:889)(cid:887),(cid:883)(cid:882)(cid:882)(cid:481)(cid:882)(cid:882),(cid:883)(cid:891)(cid:891),(cid:883)(cid:882)(cid:882)(cid:481)(cid:882)(cid:882),(cid:885)(cid:484)(cid:883)(cid:889)(cid:888),(cid:891)(cid:888)(cid:481)(cid:882)(cid:883),,,,,,,,,,,,,,,,,,,,,
(cid:888) (cid:889),(cid:22)(cid:151)(cid:143)(cid:131)(cid:150)(cid:135)(cid:148)(cid:131)(cid:3)(cid:22)(cid:135)(cid:142)(cid:131)(cid:150)(cid:131)(cid:144) (cid:5)(cid:135)(cid:144)(cid:137)(cid:141)(cid:151)(cid:142)(cid:151),(cid:886)(cid:484)(cid:885)(cid:890)(cid:890) (cid:884)(cid:484)(cid:882)(cid:891)(cid:889),(cid:884)(cid:882)(cid:882),(cid:885)(cid:883)(cid:889),(cid:886)(cid:891)(cid:882)(cid:887),(cid:885)(cid:484)(cid:889)(cid:885)(cid:887),(cid:890)(cid:887)(cid:481)(cid:883)(cid:884),(cid:884)(cid:882)(cid:882),(cid:883)(cid:882)(cid:882)(cid:481)(cid:882)(cid:882),(cid:884)(cid:890)(cid:884),(cid:890)(cid:890)(cid:481)(cid:891)(cid:888),(cid:886)(cid:484)(cid:884)(cid:883)(cid:889),(cid:890)(cid:887)(cid:481)(cid:891)(cid:889),,,,,,,,,,,,,,,,,,,,,
,,,(cid:883)(cid:887)(cid:889),(cid:883)(cid:889)(cid:888),(cid:884)(cid:886)(cid:885)(cid:882),(cid:884)(cid:484)(cid:882)(cid:891)(cid:882),(cid:891)(cid:891)(cid:481)(cid:888)(cid:889),(cid:883)(cid:887)(cid:889),(cid:883)(cid:882)(cid:882)(cid:481)(cid:882)(cid:882),(cid:883)(cid:889)(cid:888),(cid:883)(cid:882)(cid:882)(cid:481)(cid:882)(cid:882),(cid:884)(cid:484)(cid:886)(cid:884)(cid:885),(cid:891)(cid:891)(cid:481)(cid:889)(cid:883),,,,,,,,,,,,,,,,,,,,,
(cid:890) (cid:891),(cid:15)(cid:131)(cid:143)(cid:146)(cid:151)(cid:144)(cid:137) (cid:14)(cid:135)(cid:146)(cid:151)(cid:142)(cid:131)(cid:151)(cid:131)(cid:144)(cid:3)(cid:5)(cid:131)(cid:144)(cid:137)(cid:141)(cid:131)(cid:3)(cid:5)(cid:135)(cid:142)(cid:139)(cid:150)(cid:151)(cid:144)(cid:137),(cid:887)(cid:484)(cid:886)(cid:888)(cid:884) (cid:883)(cid:484)(cid:882)(cid:890)(cid:887),(cid:885)(cid:888)(cid:890),(cid:886)(cid:882)(cid:889),(cid:888)(cid:884)(cid:885)(cid:889),(cid:886)(cid:484)(cid:882)(cid:884)(cid:882),(cid:889)(cid:885)(cid:481)(cid:888)(cid:882),(cid:884)(cid:890)(cid:887),(cid:889)(cid:889)(cid:481)(cid:886)(cid:887),(cid:885)(cid:885)(cid:888),(cid:890)(cid:884)(cid:481)(cid:887)(cid:888),(cid:886)(cid:484)(cid:888)(cid:886)(cid:883),(cid:889)(cid:886)(cid:481)(cid:886)(cid:883),,,,,,,,,,,,,,,,,,,,,
,,,(cid:886)(cid:887),(cid:888)(cid:884),(cid:883)(cid:883)(cid:891)(cid:884),(cid:891)(cid:887)(cid:888),(cid:890)(cid:890)(cid:481)(cid:883)(cid:883),(cid:886)(cid:882),(cid:890)(cid:890)(cid:481)(cid:890)(cid:891),(cid:887)(cid:889),(cid:891)(cid:883)(cid:481)(cid:891)(cid:886),(cid:883)(cid:484)(cid:882)(cid:887)(cid:885),(cid:890)(cid:890)(cid:481)(cid:885)(cid:886),,,,,,,,,,,,,,,,,,,,,
(cid:883)(cid:882) (cid:883)(cid:883),(cid:14)(cid:135)(cid:146)(cid:151)(cid:142)(cid:131)(cid:151)(cid:131)(cid:144)(cid:3)(cid:21)(cid:139)(cid:131)(cid:151) (cid:7)(cid:14)(cid:12)(cid:3)(cid:13)(cid:131)(cid:141)(cid:131)(cid:148)(cid:150)(cid:131),(cid:883)(cid:484)(cid:886)(cid:883)(cid:887) (cid:886)(cid:484)(cid:882)(cid:886)(cid:889),(cid:887)(cid:889),(cid:890)(cid:882),(cid:883)(cid:887)(cid:887)(cid:884),(cid:883)(cid:484)(cid:885)(cid:885)(cid:885),(cid:891)(cid:886)(cid:481)(cid:884)(cid:882),(cid:887)(cid:883),(cid:890)(cid:891)(cid:481)(cid:886)(cid:889),(cid:888)(cid:890),(cid:890)(cid:887)(cid:481)(cid:882)(cid:882),(cid:883)(cid:484)(cid:886)(cid:887)(cid:884),(cid:891)(cid:885)(cid:481)(cid:887)(cid:888),,,,,,,,,,,,,,,,,,,,,
,,,(cid:883)(cid:884)(cid:891),(cid:885)(cid:885)(cid:886),(cid:886)(cid:887)(cid:883)(cid:882),(cid:885)(cid:484)(cid:889)(cid:888)(cid:885),(cid:891)(cid:884)(cid:481)(cid:891)(cid:890),(cid:883)(cid:883)(cid:885),(cid:890)(cid:889)(cid:481)(cid:888)(cid:882),(cid:885)(cid:883)(cid:889),(cid:891)(cid:886)(cid:481)(cid:891)(cid:883),(cid:886)(cid:484)(cid:883)(cid:891)(cid:885),(cid:891)(cid:884)(cid:481)(cid:891)(cid:889),,,,,,,,,,,,,,,,,,,,,
(cid:883)(cid:884) (cid:883)(cid:885),(cid:13)(cid:131)(cid:153)(cid:131)(cid:3)(cid:5)(cid:131)(cid:148)(cid:131)(cid:150) (cid:13)(cid:131)(cid:153)(cid:131)(cid:3)(cid:23)(cid:135)(cid:144)(cid:137)(cid:131)(cid:138),(cid:884)(cid:884)(cid:484)(cid:891)(cid:887)(cid:889) (cid:884)(cid:884)(cid:484)(cid:886)(cid:888)(cid:886),(cid:887)(cid:885)(cid:885),(cid:883)(cid:883)(cid:889)(cid:889),(cid:884)(cid:886)(cid:888)(cid:888)(cid:889),(cid:883)(cid:891)(cid:484)(cid:890)(cid:891)(cid:890),(cid:890)(cid:888)(cid:481)(cid:888)(cid:890),(cid:886)(cid:887)(cid:889),(cid:890)(cid:887)(cid:481)(cid:889)(cid:886),(cid:883)(cid:484)(cid:882)(cid:891)(cid:884),(cid:891)(cid:884)(cid:481)(cid:889)(cid:890),(cid:884)(cid:883)(cid:484)(cid:886)(cid:886)(cid:889),(cid:890)(cid:888)(cid:481)(cid:891)(cid:887),,,,,,,,,,,,,,,,,,,,,
,,,(cid:890)(cid:891)(cid:887),(cid:891)(cid:891)(cid:886),(cid:884)(cid:886)(cid:885)(cid:887)(cid:885),(cid:884)(cid:882)(cid:484)(cid:891)(cid:883)(cid:888),(cid:891)(cid:885)(cid:481)(cid:883)(cid:883),(cid:889)(cid:891)(cid:884),(cid:890)(cid:890)(cid:481)(cid:886)(cid:891),(cid:891)(cid:886)(cid:890),(cid:891)(cid:887)(cid:481)(cid:885)(cid:889),(cid:884)(cid:884)(cid:484)(cid:888)(cid:887)(cid:888),(cid:891)(cid:885)(cid:481)(cid:882)(cid:885),,,,,,,,,,,,,,,,,,,,,
(cid:883)(cid:886) (cid:883)(cid:887),(cid:7)(cid:12)(cid:3)(cid:28)(cid:145)(cid:137)(cid:155)(cid:131)(cid:141)(cid:131)(cid:148)(cid:150)(cid:131) (cid:13)(cid:131)(cid:153)(cid:131)(cid:3)(cid:23)(cid:139)(cid:143)(cid:151)(cid:148),(cid:884)(cid:484)(cid:891)(cid:882)(cid:889) (cid:884)(cid:890)(cid:484)(cid:883)(cid:890)(cid:890),(cid:883)(cid:886)(cid:887),(cid:883)(cid:884)(cid:883),(cid:885)(cid:883)(cid:889)(cid:885),(cid:884)(cid:484)(cid:890)(cid:890)(cid:886),(cid:891)(cid:891)(cid:481)(cid:884)(cid:883),(cid:883)(cid:886)(cid:887),(cid:883)(cid:882)(cid:882)(cid:481)(cid:882)(cid:882),(cid:883)(cid:883)(cid:891),(cid:891)(cid:890)(cid:481)(cid:885)(cid:887),(cid:885)(cid:484)(cid:883)(cid:886)(cid:890),(cid:891)(cid:891)(cid:481)(cid:884)(cid:883),,,,,,,,,,,,,,,,,,,,,
(cid:883)(cid:888),(cid:5)(cid:131)(cid:144)(cid:150)(cid:135)(cid:144),(cid:888)(cid:484)(cid:889)(cid:891)(cid:885),(cid:889)(cid:884)(cid:887),(cid:891)(cid:888)(cid:886),(cid:884)(cid:891)(cid:890)(cid:889)(cid:889),(cid:884)(cid:888)(cid:484)(cid:885)(cid:891)(cid:887),(cid:891)(cid:885)(cid:481)(cid:888)(cid:886),(cid:889)(cid:884)(cid:887),(cid:883)(cid:882)(cid:882)(cid:481)(cid:882)(cid:882),(cid:891)(cid:888)(cid:886),(cid:883)(cid:882)(cid:882)(cid:481)(cid:882)(cid:882),(cid:884)(cid:890)(cid:484)(cid:882)(cid:890)(cid:886),(cid:891)(cid:886)(cid:481)(cid:882)(cid:882),,,,,,,,,,,,,,,,,,,,,
(cid:883)(cid:889),(cid:5)(cid:131)(cid:142)(cid:139),(cid:884)(cid:484)(cid:887)(cid:882)(cid:889),(cid:883)(cid:887)(cid:891),(cid:884)(cid:888)(cid:891),(cid:889)(cid:884)(cid:884)(cid:883),(cid:888)(cid:484)(cid:883)(cid:890)(cid:886),(cid:891)(cid:883)(cid:481)(cid:882)(cid:885),(cid:883)(cid:886)(cid:886),(cid:891)(cid:882)(cid:481)(cid:887)(cid:889),(cid:884)(cid:887)(cid:888),(cid:891)(cid:887)(cid:481)(cid:883)(cid:889),(cid:888)(cid:484)(cid:887)(cid:890)(cid:886),(cid:891)(cid:883)(cid:481)(cid:883)(cid:890),,,,,,,,,,,,,,,,,,,,,
,,,(cid:884)(cid:885)(cid:883),(cid:883)(cid:886)(cid:882),(cid:884)(cid:890)(cid:889)(cid:890),(cid:884)(cid:484)(cid:885)(cid:890)(cid:888),(cid:891)(cid:887)(cid:481)(cid:883)(cid:889),(cid:884)(cid:884)(cid:884),(cid:891)(cid:888)(cid:481)(cid:883)(cid:882),(cid:883)(cid:886)(cid:882),(cid:883)(cid:882)(cid:882)(cid:481)(cid:882)(cid:882),(cid:884)(cid:484)(cid:889)(cid:886)(cid:890),(cid:891)(cid:887)(cid:481)(cid:886)(cid:890),,,,,,,,,,,,,,,,,,,,,
(cid:883)(cid:890) (cid:883)(cid:891),(cid:17)(cid:151)(cid:149)(cid:131)(cid:3)(cid:23)(cid:135)(cid:144)(cid:137)(cid:137)(cid:131)(cid:148)(cid:131)(cid:3)(cid:5)(cid:131)(cid:148)(cid:131)(cid:150) (cid:17)(cid:151)(cid:149)(cid:131)(cid:3)(cid:23)(cid:135)(cid:144)(cid:137)(cid:137)(cid:131)(cid:148)(cid:131)(cid:3)(cid:23)(cid:139)(cid:143)(cid:151)(cid:148),(cid:887)(cid:484)(cid:884)(cid:886)(cid:890) (cid:887)(cid:484)(cid:891)(cid:886)(cid:888),(cid:883)(cid:884)(cid:889),(cid:884)(cid:884)(cid:886),(cid:887)(cid:887)(cid:891)(cid:891),(cid:886)(cid:484)(cid:887)(cid:891)(cid:886),(cid:890)(cid:889)(cid:481)(cid:887)(cid:886),(cid:883)(cid:882)(cid:885),(cid:890)(cid:883)(cid:481)(cid:883)(cid:882),(cid:883)(cid:890)(cid:883),(cid:890)(cid:882)(cid:481)(cid:890)(cid:882),(cid:886)(cid:484)(cid:890)(cid:889)(cid:890),(cid:890)(cid:889)(cid:481)(cid:883)(cid:884),,,,,,,,,,,,,,,,,,,,,
,,,(cid:884)(cid:888)(cid:889),(cid:885)(cid:891)(cid:884),(cid:888)(cid:888)(cid:882)(cid:887),(cid:885)(cid:484)(cid:891)(cid:891)(cid:888),(cid:888)(cid:889)(cid:481)(cid:884)(cid:882),(cid:883)(cid:889)(cid:887),(cid:888)(cid:887)(cid:481)(cid:887)(cid:886),(cid:884)(cid:886)(cid:882),(cid:888)(cid:883)(cid:481)(cid:884)(cid:884),(cid:886)(cid:484)(cid:886)(cid:883)(cid:883),(cid:888)(cid:888)(cid:481)(cid:889)(cid:890),,,,,,,,,,,,,,,,,,,,,
(cid:884)(cid:882) (cid:884)(cid:883),(cid:14)(cid:131)(cid:142)(cid:139)(cid:143)(cid:131)(cid:144)(cid:150)(cid:131)(cid:144)(cid:3)(cid:5)(cid:131)(cid:148)(cid:131)(cid:150) (cid:14)(cid:131)(cid:142)(cid:139)(cid:143)(cid:131)(cid:144)(cid:150)(cid:131)(cid:144)(cid:3)(cid:23)(cid:135)(cid:144)(cid:137)(cid:131)(cid:138),(cid:885)(cid:484)(cid:886)(cid:886)(cid:886) (cid:884)(cid:484)(cid:887)(cid:891)(cid:887),(cid:889)(cid:882),(cid:884)(cid:886)(cid:887),(cid:885)(cid:889)(cid:887)(cid:891),(cid:884)(cid:484)(cid:888)(cid:890)(cid:890),(cid:889)(cid:890)(cid:481)(cid:882)(cid:887),(cid:887)(cid:887),(cid:889)(cid:890)(cid:481)(cid:887)(cid:889),(cid:884)(cid:882)(cid:884),(cid:890)(cid:884)(cid:481)(cid:886)(cid:887),(cid:884)(cid:484)(cid:891)(cid:886)(cid:887),(cid:889)(cid:890)(cid:481)(cid:885)(cid:887),,,,,,,,,,,,,,,,,,,,,
,,,(cid:883)(cid:882)(cid:884),(cid:883)(cid:889)(cid:884),(cid:884)(cid:890)(cid:888)(cid:891),(cid:884)(cid:484)(cid:882)(cid:885)(cid:891),(cid:889)(cid:890)(cid:481)(cid:887)(cid:889),(cid:890)(cid:887),(cid:890)(cid:885)(cid:481)(cid:885)(cid:885),(cid:883)(cid:886)(cid:890),(cid:890)(cid:888)(cid:481)(cid:882)(cid:887),(cid:884)(cid:484)(cid:884)(cid:889)(cid:884),(cid:889)(cid:891)(cid:481)(cid:883)(cid:891),,,,,,,,,,,,,,,,,,,,,
(cid:884)(cid:884) (cid:884)(cid:885),(cid:14)(cid:131)(cid:142)(cid:139)(cid:143)(cid:131)(cid:144)(cid:150)(cid:131)(cid:144)(cid:3)(cid:22)(cid:135)(cid:142)(cid:131)(cid:150)(cid:131)(cid:144) (cid:14)(cid:131)(cid:142)(cid:139)(cid:143)(cid:131)(cid:144)(cid:150)(cid:131)(cid:144)(cid:3)(cid:23)(cid:139)(cid:143)(cid:151)(cid:148),(cid:885)(cid:484)(cid:891)(cid:891)(cid:889) (cid:885)(cid:484)(cid:883)(cid:884)(cid:886),(cid:883)(cid:886)(cid:890),(cid:884)(cid:889)(cid:883),(cid:886)(cid:886)(cid:883)(cid:888),(cid:885)(cid:484)(cid:888)(cid:886)(cid:885),(cid:891)(cid:883)(cid:481)(cid:883)(cid:886),(cid:883)(cid:883)(cid:886),(cid:889)(cid:889)(cid:481)(cid:882)(cid:885),(cid:884)(cid:886)(cid:891),(cid:891)(cid:883)(cid:481)(cid:890)(cid:890),(cid:886)(cid:484)(cid:882)(cid:882)(cid:888),(cid:891)(cid:882)(cid:481)(cid:889)(cid:884),,,,,,,,,,,,,,,,,,,,,
,,,(cid:889)(cid:882),(cid:883)(cid:890)(cid:886),(cid:885)(cid:885)(cid:889)(cid:890),(cid:885)(cid:484)(cid:882)(cid:885)(cid:887),(cid:891)(cid:889)(cid:481)(cid:883)(cid:887),(cid:888)(cid:889),(cid:891)(cid:887)(cid:481)(cid:889)(cid:883),(cid:883)(cid:890)(cid:886),(cid:883)(cid:882)(cid:882)(cid:481)(cid:882)(cid:882),(cid:885)(cid:484)(cid:884)(cid:890)(cid:888),(cid:891)(cid:889)(cid:481)(cid:884)(cid:890),,,,,,,,,,,,,,,,,,,,,
(cid:884)(cid:886) (cid:884)(cid:887),(cid:14)(cid:131)(cid:142)(cid:139)(cid:143)(cid:131)(cid:144)(cid:150)(cid:131)(cid:144)(cid:3)(cid:24)(cid:150)(cid:131)(cid:148)(cid:131) (cid:22)(cid:151)(cid:142)(cid:131)(cid:153)(cid:135)(cid:149)(cid:139)(cid:3)(cid:24)(cid:150)(cid:131)(cid:148)(cid:131),(cid:891)(cid:884)(cid:883) (cid:883)(cid:484)(cid:886)(cid:882)(cid:890),(cid:885)(cid:888),(cid:887)(cid:889),(cid:883)(cid:882)(cid:883)(cid:886),(cid:890)(cid:886)(cid:891),(cid:891)(cid:884)(cid:481)(cid:883)(cid:890),(cid:884)(cid:888),(cid:889)(cid:884)(cid:481)(cid:884)(cid:884),(cid:887)(cid:882),(cid:890)(cid:889)(cid:481)(cid:889)(cid:884),(cid:891)(cid:884)(cid:887),(cid:891)(cid:883)(cid:481)(cid:884)(cid:884),,,,,,,,,,,,,,,,,,,,,
,,,(cid:888)(cid:886),(cid:891)(cid:888),(cid:883)(cid:887)(cid:888)(cid:890),(cid:883)(cid:484)(cid:882)(cid:882)(cid:890),(cid:889)(cid:883)(cid:481)(cid:887)(cid:891),(cid:885)(cid:888),(cid:887)(cid:888)(cid:481)(cid:884)(cid:887),(cid:889)(cid:888),(cid:889)(cid:891)(cid:481)(cid:883)(cid:889),(cid:883)(cid:484)(cid:883)(cid:884)(cid:882),(cid:889)(cid:883)(cid:481)(cid:886)(cid:885),,,,,,,,,,,,,,,,,,,,,
(cid:884)(cid:888) (cid:884)(cid:889),(cid:22)(cid:151)(cid:142)(cid:131)(cid:153)(cid:135)(cid:149)(cid:139)(cid:3)(cid:23)(cid:135)(cid:144)(cid:137)(cid:131)(cid:138) (cid:22)(cid:151)(cid:142)(cid:131)(cid:153)(cid:135)(cid:149)(cid:139)(cid:3)(cid:22)(cid:135)(cid:142)(cid:131)(cid:150)(cid:131)(cid:144),(cid:884)(cid:484)(cid:887)(cid:886)(cid:882) (cid:890)(cid:484)(cid:891)(cid:882)(cid:890),(cid:883)(cid:888)(cid:888),(cid:883)(cid:887)(cid:891),(cid:884)(cid:890)(cid:888)(cid:887),(cid:883)(cid:484)(cid:891)(cid:891)(cid:888),(cid:889)(cid:890)(cid:481)(cid:887)(cid:890),(cid:883)(cid:883)(cid:891),(cid:889)(cid:883)(cid:481)(cid:888)(cid:891),(cid:883)(cid:884)(cid:890),(cid:890)(cid:882)(cid:481)(cid:887)(cid:882),(cid:884)(cid:484)(cid:884)(cid:886)(cid:885),(cid:889)(cid:890)(cid:481)(cid:884)(cid:891),,,,,,,,,,,,,,,,,,,,,
,,,(cid:887)(cid:888)(cid:882),(cid:886)(cid:890)(cid:890),(cid:891)(cid:891)(cid:887)(cid:888),(cid:890)(cid:484)(cid:887)(cid:890)(cid:888),(cid:891)(cid:888)(cid:481)(cid:885)(cid:891),(cid:887)(cid:884)(cid:883),(cid:891)(cid:885)(cid:481)(cid:882)(cid:886),(cid:886)(cid:888)(cid:890),(cid:891)(cid:887)(cid:481)(cid:891)(cid:882),(cid:891)(cid:484)(cid:887)(cid:889)(cid:887),(cid:891)(cid:888)(cid:481)(cid:883)(cid:889),,,,,,,,,,,,,,,,,,,,,
(cid:884)(cid:890) (cid:884)(cid:891),(cid:22)(cid:151)(cid:142)(cid:131)(cid:153)(cid:135)(cid:149)(cid:139)(cid:3)(cid:23)(cid:135)(cid:144)(cid:137)(cid:137)(cid:131)(cid:148)(cid:131) (cid:10)(cid:145)(cid:148)(cid:145)(cid:144)(cid:150)(cid:131)(cid:142)(cid:145),(cid:885)(cid:484)(cid:884)(cid:885)(cid:891) (cid:883)(cid:484)(cid:885)(cid:886)(cid:888),(cid:885)(cid:882)(cid:887),(cid:884)(cid:889)(cid:886),(cid:885)(cid:890)(cid:883)(cid:890),(cid:884)(cid:484)(cid:891)(cid:888)(cid:882),(cid:891)(cid:883)(cid:481)(cid:885)(cid:891),(cid:884)(cid:889)(cid:883),(cid:890)(cid:890)(cid:481)(cid:890)(cid:887),(cid:884)(cid:888)(cid:883),(cid:891)(cid:887)(cid:481)(cid:884)(cid:888),(cid:885)(cid:484)(cid:886)(cid:891)(cid:884),(cid:891)(cid:883)(cid:481)(cid:886)(cid:888),,,,,,,,,,,,,,,,,,,,,
(cid:885)(cid:882),(cid:22)(cid:151)(cid:142)(cid:131)(cid:153)(cid:135)(cid:149)(cid:139)(cid:3)(cid:5)(cid:131)(cid:148)(cid:131)(cid:150),(cid:883)(cid:484)(cid:889)(cid:887)(cid:888),(cid:883)(cid:882)(cid:885),(cid:883)(cid:882)(cid:886),(cid:883)(cid:887)(cid:887)(cid:885),(cid:891)(cid:886)(cid:889),(cid:889)(cid:882)(cid:481)(cid:885)(cid:888),(cid:889)(cid:883),(cid:888)(cid:890)(cid:481)(cid:891)(cid:885),(cid:888)(cid:886),(cid:888)(cid:883)(cid:481)(cid:887)(cid:886),(cid:883)(cid:484)(cid:882)(cid:890)(cid:884),(cid:888)(cid:891)(cid:481)(cid:888)(cid:889),,,,,,,,,,,,,,,,,,,,,
(cid:885)(cid:883),(cid:16)(cid:131)(cid:142)(cid:151)(cid:141)(cid:151),(cid:884)(cid:484)(cid:882)(cid:888)(cid:886),(cid:883)(cid:885)(cid:885),(cid:883)(cid:882)(cid:887),(cid:883)(cid:891)(cid:891)(cid:886),(cid:883)(cid:484)(cid:889)(cid:885)(cid:890),(cid:891)(cid:890)(cid:481)(cid:891)(cid:889),(cid:883)(cid:884)(cid:886),(cid:891)(cid:885)(cid:481)(cid:884)(cid:885),(cid:883)(cid:882)(cid:882),(cid:891)(cid:887)(cid:481)(cid:884)(cid:886),(cid:883)(cid:484)(cid:891)(cid:888)(cid:884),(cid:891)(cid:890)(cid:481)(cid:886)(cid:882),,,,,,,,,,,,,,,,,,,,,
,,,(cid:885)(cid:887),(cid:883)(cid:891)(cid:890),(cid:884)(cid:884)(cid:891)(cid:889),(cid:883)(cid:484)(cid:887)(cid:884)(cid:891),(cid:889)(cid:886)(cid:481)(cid:882)(cid:890),(cid:884)(cid:887),(cid:889)(cid:883)(cid:481)(cid:886)(cid:885),(cid:883)(cid:887)(cid:889),(cid:889)(cid:891)(cid:481)(cid:884)(cid:891),(cid:883)(cid:484)(cid:889)(cid:883)(cid:883),(cid:889)(cid:886)(cid:481)(cid:886)(cid:891),,,,,,,,,,,,,,,,,,,,,
(cid:885)(cid:884) (cid:885)(cid:885),(cid:16)(cid:131)(cid:142)(cid:151)(cid:141)(cid:151)(cid:3)(cid:24)(cid:150)(cid:131)(cid:148)(cid:131) (cid:19)(cid:131)(cid:146)(cid:151)(cid:131),(cid:883)(cid:484)(cid:886)(cid:886)(cid:884) (cid:890)(cid:886)(cid:891),(cid:886)(cid:889),(cid:883)(cid:882)(cid:889),(cid:883)(cid:887)(cid:891)(cid:888),(cid:883)(cid:484)(cid:884)(cid:887)(cid:884),(cid:890)(cid:888)(cid:481)(cid:890)(cid:884),(cid:885)(cid:889),(cid:889)(cid:890)(cid:481)(cid:889)(cid:884),(cid:891)(cid:889),(cid:891)(cid:882)(cid:481)(cid:888)(cid:887),(cid:883)(cid:484)(cid:885)(cid:890)(cid:888),(cid:890)(cid:888)(cid:481)(cid:890)(cid:886),,,,,,,,,,,,,,,,,,,,,
,,,(cid:885)(cid:888),(cid:883)(cid:884)(cid:886),(cid:883)(cid:882)(cid:882)(cid:891),(cid:889)(cid:886)(cid:885),(cid:890)(cid:889)(cid:481)(cid:887)(cid:883),(cid:885)(cid:882),(cid:890)(cid:885)(cid:481)(cid:885)(cid:885),(cid:883)(cid:883)(cid:882),(cid:890)(cid:890)(cid:481)(cid:889)(cid:883),(cid:890)(cid:890)(cid:885),(cid:890)(cid:889)(cid:481)(cid:887)(cid:883),,,,,,,,,,,,,,,,,,,,,
(cid:885)(cid:886) (cid:885)(cid:887),(cid:19)(cid:131)(cid:146)(cid:151)(cid:131)(cid:3)(cid:5)(cid:131)(cid:148)(cid:131)(cid:150) (cid:19)(cid:131)(cid:146)(cid:151)(cid:131)(cid:3)(cid:22)(cid:135)(cid:142)(cid:131)(cid:150)(cid:131)(cid:144),(cid:887)(cid:890)(cid:888) (cid:887)(cid:883)(cid:891),(cid:883)(cid:889),(cid:889)(cid:883),(cid:888)(cid:889)(cid:886),(cid:887)(cid:885)(cid:884),(cid:891)(cid:882)(cid:481)(cid:889)(cid:890),(cid:883)(cid:887),(cid:890)(cid:890)(cid:481)(cid:884)(cid:886),(cid:889)(cid:883),(cid:883)(cid:882)(cid:882)(cid:481)(cid:882)(cid:882),(cid:888)(cid:883)(cid:890),(cid:891)(cid:883)(cid:481)(cid:888)(cid:891),,,,,,,,,,,,,,,,,,,,,
,,,(cid:883)(cid:887),(cid:888)(cid:888),(cid:888)(cid:882)(cid:882),(cid:886)(cid:890)(cid:887),(cid:891)(cid:885)(cid:481)(cid:886)(cid:887),(cid:883)(cid:886),(cid:891)(cid:885)(cid:481)(cid:885)(cid:885),(cid:888)(cid:884),(cid:891)(cid:885)(cid:481)(cid:891)(cid:886),(cid:887)(cid:888)(cid:883),(cid:891)(cid:885)(cid:481)(cid:887)(cid:882),,,,,,,,,,,,,,,,,,,,,
(cid:885)(cid:888) (cid:885)(cid:889),(cid:19)(cid:131)(cid:146)(cid:151)(cid:131)(cid:3)(cid:23)(cid:135)(cid:144)(cid:137)(cid:131)(cid:138) (cid:19)(cid:131)(cid:146)(cid:151)(cid:131)(cid:3)(cid:19)(cid:135)(cid:137)(cid:151)(cid:144)(cid:151)(cid:144)(cid:137)(cid:131)(cid:144),(cid:885)(cid:888)(cid:883) (cid:890)(cid:887),(cid:883)(cid:885),(cid:887)(cid:886),(cid:886)(cid:884)(cid:890),(cid:885)(cid:884)(cid:882),(cid:890)(cid:890)(cid:481)(cid:888)(cid:886),(cid:891),(cid:888)(cid:891)(cid:481)(cid:884)(cid:885),(cid:885)(cid:891),(cid:889)(cid:884)(cid:481)(cid:884)(cid:884),(cid:885)(cid:888)(cid:890),(cid:890)(cid:887)(cid:481)(cid:891)(cid:890),,,,,,,,,,,,,,,,,,,,,
Indonesia (cid:885)(cid:890) (cid:19)(cid:131)(cid:146)(cid:151)(cid:131)(cid:3)(cid:5)(cid:131)(cid:148)(cid:131)(cid:150)(cid:3)(cid:7)(cid:131)(cid:155)(cid:131),,177.262 (cid:885)(cid:886)(cid:887),(cid:883)(cid:884) 7.156,(cid:884)(cid:889) 10.125,(cid:883)(cid:884)(cid:886) 194.543,(cid:888)(cid:887) 156.309,"(cid:889)(cid:888)(cid:481)(cid:886)(cid:889) 88,18",(cid:883)(cid:884) 6.184,"(cid:883)(cid:882)(cid:882)(cid:481)(cid:882)(cid:882) 86,42",(cid:884)(cid:884) 9.050,"(cid:890)(cid:883)(cid:481)(cid:886)(cid:890) 89,38",(cid:891)(cid:891) 171.543,"(cid:889)(cid:891)(cid:481)(cid:890)(cid:886) 88,18",,,,,,,,,,,,,,,,,,,,,
No,Provinsi,Jasa Boga,,,Restoran,,,TPP Tertentu,,,Depot Air Minum (DAM),,,Rumah Makan,,,Kelompok Gerai Pangan Jajanan,,,Sentra Pangan Jajanan / Kantin,,,Total,,,,,,,,,,,
,,Terdaftar,Laik HSP,,Terdaftar,Laik HSP,,Terdaftar,Laik HSP,,Terdaftar,Laik HSP,,Terdaftar,Laik HSP,,Terdaftar,Laik HSP,,Terdaftar,Laik HSP,,Terdaftar,Laik HSP/ Memenuhi Syarat Sesuai Standar,,,,,,,,,,
,,,Jumlah,%,,Jumlah,%,,Jumlah,%,,Jumlah,%,,Jumlah,%,,Jumlah,%,,Jumlah,%,,Jumlah,%,,,,,,,,,
(1),(2),(3),(4),(5),(6),(7),(8),(9),(10),(11),(12),(13),(14),(15),(16),(17),(18),(19),(20),(21),(22),(23),(24),(25),(26),,,,,,,,,
(cid:883),(cid:4)(cid:133)(cid:135)(cid:138),(cid:884)(cid:882)(cid:886),(cid:889)(cid:887),(cid:885)(cid:888)(cid:481)(cid:889)(cid:888),(cid:887)(cid:886)(cid:890),(cid:885)(cid:882)(cid:890),(cid:887)(cid:888)(cid:481)(cid:884)(cid:882),(cid:885)(cid:883)(cid:883),(cid:883)(cid:890)(cid:887),(cid:887)(cid:891)(cid:481)(cid:886)(cid:891),(cid:886)(cid:886)(cid:884),(cid:885)(cid:885)(cid:891),(cid:889)(cid:888)(cid:481)(cid:889)(cid:882),(cid:885)(cid:889),(cid:883)(cid:883),(cid:884)(cid:891)(cid:481)(cid:889)(cid:885),(cid:883)(cid:484)(cid:883)(cid:883)(cid:886),(cid:888)(cid:889)(cid:882),(cid:888)(cid:882)(cid:481)(cid:883)(cid:886),(cid:885)(cid:891)(cid:886),(cid:884)(cid:882)(cid:888),(cid:887)(cid:884)(cid:481)(cid:884)(cid:890),(cid:885)(cid:484)(cid:882)(cid:887)(cid:882),(cid:883)(cid:484)(cid:889)(cid:891)(cid:886),(cid:887)(cid:890)(cid:481)(cid:890)(cid:884),,,,,,,,,
(cid:884),(cid:22)(cid:151)(cid:143)(cid:131)(cid:150)(cid:135)(cid:148)(cid:131)(cid:3)(cid:24)(cid:150)(cid:131)(cid:148)(cid:131),(cid:885)(cid:883)(cid:888),(cid:883)(cid:888)(cid:886),(cid:887)(cid:883)(cid:481)(cid:891)(cid:882),(cid:883)(cid:484)(cid:885)(cid:890)(cid:891),(cid:887)(cid:890)(cid:887),(cid:886)(cid:884)(cid:481)(cid:883)(cid:884),(cid:891)(cid:882)(cid:886),(cid:888)(cid:883)(cid:886),(cid:888)(cid:889)(cid:481)(cid:891)(cid:884),(cid:891)(cid:887)(cid:890),(cid:886)(cid:890)(cid:887),(cid:887)(cid:882)(cid:481)(cid:888)(cid:885),(cid:884)(cid:886)(cid:886),(cid:883)(cid:884)(cid:884),(cid:887)(cid:882)(cid:481)(cid:882)(cid:882),(cid:884)(cid:484)(cid:888)(cid:886)(cid:885),(cid:883)(cid:484)(cid:886)(cid:884)(cid:886),(cid:887)(cid:885)(cid:481)(cid:890)(cid:890),(cid:888)(cid:883)(cid:883),(cid:884)(cid:883)(cid:885),(cid:885)(cid:886)(cid:481)(cid:890)(cid:888),(cid:889)(cid:484)(cid:882)(cid:888)(cid:887),(cid:885)(cid:484)(cid:888)(cid:882)(cid:889),(cid:887)(cid:883)(cid:481)(cid:882)(cid:887),,,,,,,,,
(cid:885),(cid:22)(cid:151)(cid:143)(cid:131)(cid:150)(cid:135)(cid:148)(cid:131)(cid:3)(cid:5)(cid:131)(cid:148)(cid:131)(cid:150),(cid:884)(cid:883)(cid:886),(cid:883)(cid:882)(cid:891),(cid:887)(cid:882)(cid:481)(cid:891)(cid:885),(cid:883)(cid:484)(cid:886)(cid:887)(cid:882),(cid:889)(cid:882)(cid:886),(cid:886)(cid:890)(cid:481)(cid:887)(cid:887),(cid:890)(cid:884)(cid:890),(cid:887)(cid:889)(cid:886),(cid:888)(cid:891)(cid:481)(cid:885)(cid:884),(cid:884)(cid:484)(cid:882)(cid:884)(cid:890),(cid:883)(cid:484)(cid:887)(cid:884)(cid:887),(cid:889)(cid:887)(cid:481)(cid:884)(cid:882),(cid:891)(cid:882),(cid:886)(cid:882),(cid:886)(cid:886)(cid:481)(cid:886)(cid:886),(cid:885)(cid:484)(cid:884)(cid:882)(cid:890),(cid:884)(cid:484)(cid:886)(cid:888)(cid:887),(cid:889)(cid:888)(cid:481)(cid:890)(cid:886),(cid:890)(cid:890)(cid:891),(cid:887)(cid:882)(cid:890),(cid:887)(cid:889)(cid:481)(cid:883)(cid:886),(cid:890)(cid:484)(cid:889)(cid:882)(cid:889),(cid:887)(cid:484)(cid:891)(cid:884)(cid:887),(cid:888)(cid:890)(cid:481)(cid:882)(cid:887),,,,,,,,,
(cid:886),(cid:21)(cid:139)(cid:131)(cid:151),(cid:886)(cid:882)(cid:885),(cid:884)(cid:884)(cid:891),(cid:887)(cid:888)(cid:481)(cid:890)(cid:884),(cid:883)(cid:484)(cid:887)(cid:885)(cid:891),(cid:889)(cid:889)(cid:887),(cid:887)(cid:882)(cid:481)(cid:885)(cid:888),(cid:888)(cid:890)(cid:889),(cid:886)(cid:888)(cid:885),(cid:888)(cid:889)(cid:481)(cid:885)(cid:891),(cid:889)(cid:887)(cid:885),(cid:886)(cid:888)(cid:884),(cid:888)(cid:883)(cid:481)(cid:885)(cid:887),(cid:884)(cid:887),(cid:883)(cid:885),(cid:887)(cid:884)(cid:481)(cid:882)(cid:882),(cid:884)(cid:484)(cid:889)(cid:888)(cid:888),(cid:883)(cid:484)(cid:889)(cid:885)(cid:883),(cid:888)(cid:884)(cid:481)(cid:887)(cid:890),(cid:883)(cid:484)(cid:885)(cid:889)(cid:889),(cid:886)(cid:885)(cid:890),(cid:885)(cid:883)(cid:481)(cid:890)(cid:883),(cid:889)(cid:484)(cid:887)(cid:887)(cid:882),(cid:886)(cid:484)(cid:883)(cid:883)(cid:883),(cid:887)(cid:886)(cid:481)(cid:886)(cid:887),,,,,,,,,
(cid:887),(cid:13)(cid:131)(cid:143)(cid:132)(cid:139),(cid:883)(cid:887)(cid:891),(cid:883)(cid:885)(cid:882),(cid:890)(cid:883)(cid:481)(cid:889)(cid:888),(cid:891)(cid:891)(cid:886),(cid:888)(cid:883)(cid:890),(cid:888)(cid:884)(cid:481)(cid:883)(cid:889),(cid:887)(cid:882)(cid:886),(cid:886)(cid:882)(cid:888),(cid:890)(cid:882)(cid:481)(cid:887)(cid:888),(cid:889)(cid:883)(cid:887),(cid:887)(cid:884)(cid:889),(cid:889)(cid:885)(cid:481)(cid:889)(cid:883),(cid:885)(cid:887),(cid:888),(cid:883)(cid:889)(cid:481)(cid:883)(cid:886),(cid:883)(cid:484)(cid:889)(cid:889)(cid:891),(cid:883)(cid:484)(cid:885)(cid:883)(cid:891),(cid:889)(cid:886)(cid:481)(cid:883)(cid:886),(cid:885)(cid:885)(cid:890),(cid:883)(cid:891)(cid:882),(cid:887)(cid:888)(cid:481)(cid:884)(cid:883),(cid:886)(cid:484)(cid:887)(cid:884)(cid:886),(cid:885)(cid:484)(cid:883)(cid:891)(cid:888),(cid:889)(cid:882)(cid:481)(cid:888)(cid:887),,,,,,,,,
(cid:888),(cid:22)(cid:151)(cid:143)(cid:131)(cid:150)(cid:135)(cid:148)(cid:131)(cid:3)(cid:22)(cid:135)(cid:142)(cid:131)(cid:150)(cid:131)(cid:144),(cid:884)(cid:883)(cid:886),(cid:883)(cid:889)(cid:882),(cid:889)(cid:891)(cid:481)(cid:886)(cid:886),(cid:889)(cid:885)(cid:882),(cid:887)(cid:888)(cid:882),(cid:889)(cid:888)(cid:481)(cid:889)(cid:883),(cid:889)(cid:890)(cid:891),(cid:888)(cid:889)(cid:887),(cid:890)(cid:887)(cid:481)(cid:887)(cid:887),(cid:887)(cid:883)(cid:883),(cid:885)(cid:891)(cid:891),(cid:889)(cid:890)(cid:481)(cid:882)(cid:890),(cid:884)(cid:885)(cid:887),(cid:883)(cid:889)(cid:882),(cid:889)(cid:884)(cid:481)(cid:885)(cid:886),(cid:883)(cid:484)(cid:886)(cid:886)(cid:882),(cid:883)(cid:484)(cid:884)(cid:885)(cid:890),(cid:890)(cid:887)(cid:481)(cid:891)(cid:889),(cid:886)(cid:887)(cid:884),(cid:885)(cid:884)(cid:882),(cid:889)(cid:882)(cid:481)(cid:890)(cid:882),(cid:886)(cid:484)(cid:885)(cid:889)(cid:883),(cid:885)(cid:484)(cid:887)(cid:885)(cid:884),(cid:890)(cid:882)(cid:481)(cid:890)(cid:883),,,,,,,,,
(cid:889),(cid:5)(cid:135)(cid:144)(cid:137)(cid:141)(cid:151)(cid:142)(cid:151),(cid:883)(cid:883)(cid:890),(cid:888)(cid:885),(cid:887)(cid:885)(cid:481)(cid:885)(cid:891),(cid:886)(cid:886)(cid:887),(cid:884)(cid:888)(cid:888),(cid:887)(cid:891)(cid:481)(cid:889)(cid:890),(cid:884)(cid:884)(cid:886),(cid:883)(cid:888)(cid:886),(cid:889)(cid:885)(cid:481)(cid:884)(cid:883),(cid:889)(cid:888)(cid:883),(cid:887)(cid:886)(cid:889),(cid:889)(cid:883)(cid:481)(cid:890)(cid:890),(cid:886)(cid:885),(cid:883)(cid:891),(cid:886)(cid:886)(cid:481)(cid:883)(cid:891),(cid:890)(cid:889)(cid:882),(cid:888)(cid:888)(cid:887),(cid:889)(cid:888)(cid:481)(cid:886)(cid:886),(cid:887)(cid:888)(cid:882),(cid:884)(cid:888)(cid:887),(cid:886)(cid:889)(cid:481)(cid:885)(cid:884),(cid:885)(cid:484)(cid:882)(cid:884)(cid:883),(cid:883)(cid:484)(cid:891)(cid:890)(cid:891),(cid:888)(cid:887)(cid:481)(cid:890)(cid:886),,,,,,,,,
(cid:890),(cid:15)(cid:131)(cid:143)(cid:146)(cid:151)(cid:144)(cid:137),(cid:885)(cid:882)(cid:889),(cid:883)(cid:890)(cid:889),(cid:888)(cid:882)(cid:481)(cid:891)(cid:883),(cid:883)(cid:484)(cid:883)(cid:890)(cid:885),(cid:889)(cid:887)(cid:890),(cid:888)(cid:886)(cid:481)(cid:882)(cid:889),(cid:883)(cid:484)(cid:883)(cid:882)(cid:890),(cid:890)(cid:887)(cid:886),(cid:889)(cid:889)(cid:481)(cid:882)(cid:890),(cid:883)(cid:484)(cid:887)(cid:890)(cid:884),(cid:883)(cid:484)(cid:884)(cid:886)(cid:883),(cid:889)(cid:890)(cid:481)(cid:886)(cid:887),(cid:884)(cid:883)(cid:883),(cid:883)(cid:883)(cid:883),(cid:887)(cid:884)(cid:481)(cid:888)(cid:883),(cid:883)(cid:484)(cid:891)(cid:891)(cid:885),(cid:883)(cid:484)(cid:885)(cid:888)(cid:885),(cid:888)(cid:890)(cid:481)(cid:885)(cid:891),(cid:889)(cid:886)(cid:886),(cid:885)(cid:882)(cid:885),(cid:886)(cid:882)(cid:481)(cid:889)(cid:885),(cid:889)(cid:484)(cid:883)(cid:884)(cid:890),(cid:886)(cid:484)(cid:890)(cid:883)(cid:889),(cid:888)(cid:889)(cid:481)(cid:887)(cid:890),,,,,,,,,
(cid:891),(cid:14)(cid:135)(cid:146)(cid:151)(cid:142)(cid:131)(cid:151)(cid:131)(cid:144)(cid:3)(cid:5)(cid:131)(cid:144)(cid:137)(cid:141)(cid:131)(cid:3)(cid:5)(cid:135)(cid:142)(cid:139)(cid:150)(cid:151)(cid:144)(cid:137),(cid:888)(cid:882),(cid:885)(cid:888),(cid:888)(cid:882)(cid:481)(cid:882)(cid:882),(cid:886)(cid:888)(cid:891),(cid:885)(cid:884)(cid:887),(cid:888)(cid:891)(cid:481)(cid:885)(cid:882),(cid:885)(cid:885)(cid:888),(cid:884)(cid:888)(cid:888),(cid:889)(cid:891)(cid:481)(cid:883)(cid:889),(cid:886)(cid:888)(cid:891),(cid:886)(cid:884)(cid:889),(cid:891)(cid:883)(cid:481)(cid:882)(cid:886),(cid:883)(cid:885),(cid:891),(cid:888)(cid:891)(cid:481)(cid:884)(cid:885),(cid:883)(cid:484)(cid:884)(cid:890)(cid:883),(cid:891)(cid:888)(cid:887),(cid:889)(cid:887)(cid:481)(cid:885)(cid:885),(cid:885)(cid:885)(cid:888),(cid:884)(cid:882)(cid:889),(cid:888)(cid:883)(cid:481)(cid:888)(cid:883),(cid:884)(cid:484)(cid:891)(cid:888)(cid:886),(cid:884)(cid:484)(cid:884)(cid:885)(cid:887),(cid:889)(cid:887)(cid:481)(cid:886)(cid:882),,,,,,,,,
(cid:883)(cid:882),(cid:14)(cid:135)(cid:146)(cid:151)(cid:142)(cid:131)(cid:151)(cid:131)(cid:144)(cid:3)(cid:21)(cid:139)(cid:131)(cid:151),(cid:885)(cid:883)(cid:888),(cid:884)(cid:882)(cid:883),(cid:888)(cid:885)(cid:481)(cid:888)(cid:883),(cid:883)(cid:484)(cid:884)(cid:888)(cid:891),(cid:889)(cid:883)(cid:888),(cid:887)(cid:888)(cid:481)(cid:886)(cid:884),(cid:886)(cid:885)(cid:889),(cid:885)(cid:882)(cid:891),(cid:889)(cid:882)(cid:481)(cid:889)(cid:883),(cid:889)(cid:883)(cid:883),(cid:886)(cid:883)(cid:882),(cid:887)(cid:889)(cid:481)(cid:888)(cid:889),(cid:886)(cid:883)(cid:888),(cid:884)(cid:890)(cid:883),(cid:888)(cid:889)(cid:481)(cid:887)(cid:887),(cid:883)(cid:484)(cid:886)(cid:891)(cid:886),(cid:883)(cid:484)(cid:882)(cid:889)(cid:885),(cid:889)(cid:883)(cid:481)(cid:890)(cid:884),(cid:889)(cid:885)(cid:885),(cid:885)(cid:889)(cid:882),(cid:887)(cid:882)(cid:481)(cid:886)(cid:890),(cid:887)(cid:484)(cid:885)(cid:889)(cid:888),(cid:885)(cid:484)(cid:885)(cid:888)(cid:882),(cid:888)(cid:884)(cid:481)(cid:887)(cid:882),,,,,,,,,
(cid:883)(cid:883),(cid:7)(cid:14)(cid:12)(cid:3)(cid:13)(cid:131)(cid:141)(cid:131)(cid:148)(cid:150)(cid:131),(cid:887)(cid:886)(cid:888),(cid:885)(cid:891)(cid:883),(cid:889)(cid:883)(cid:481)(cid:888)(cid:883),(cid:887)(cid:484)(cid:882)(cid:885)(cid:887),(cid:886)(cid:484)(cid:886)(cid:883)(cid:888),(cid:890)(cid:889)(cid:481)(cid:889)(cid:883),(cid:884)(cid:888)(cid:891),(cid:884)(cid:886)(cid:882),(cid:890)(cid:891)(cid:481)(cid:884)(cid:884),(cid:883)(cid:484)(cid:884)(cid:886)(cid:884),(cid:883)(cid:484)(cid:882)(cid:885)(cid:889),(cid:890)(cid:885)(cid:481)(cid:886)(cid:891),(cid:884)(cid:882),(cid:883)(cid:890),(cid:891)(cid:882)(cid:481)(cid:882)(cid:882),(cid:884)(cid:484)(cid:890)(cid:883)(cid:890),(cid:884)(cid:484)(cid:882)(cid:890)(cid:883),(cid:889)(cid:885)(cid:481)(cid:890)(cid:887),(cid:884)(cid:484)(cid:887)(cid:885)(cid:888),(cid:884)(cid:484)(cid:883)(cid:882)(cid:887),(cid:890)(cid:885)(cid:481)(cid:882)(cid:882),(cid:883)(cid:884)(cid:484)(cid:886)(cid:888)(cid:888),(cid:883)(cid:882)(cid:484)(cid:884)(cid:890)(cid:890),(cid:890)(cid:884)(cid:481)(cid:887)(cid:885),,,,,,,,,
(cid:883)(cid:884),(cid:13)(cid:131)(cid:153)(cid:131)(cid:3)(cid:5)(cid:131)(cid:148)(cid:131)(cid:150),(cid:884)(cid:484)(cid:883)(cid:887)(cid:888),(cid:883)(cid:484)(cid:883)(cid:888)(cid:884),(cid:887)(cid:885)(cid:481)(cid:891)(cid:882),(cid:886)(cid:484)(cid:886)(cid:891)(cid:891),(cid:884)(cid:484)(cid:886)(cid:882)(cid:882),(cid:887)(cid:885)(cid:481)(cid:885)(cid:887),(cid:884)(cid:484)(cid:890)(cid:889)(cid:883),(cid:883)(cid:484)(cid:891)(cid:887)(cid:888),(cid:888)(cid:890)(cid:481)(cid:883)(cid:885),(cid:890)(cid:484)(cid:885)(cid:882)(cid:891),(cid:887)(cid:484)(cid:882)(cid:882)(cid:887),(cid:888)(cid:882)(cid:481)(cid:884)(cid:886),(cid:883)(cid:484)(cid:889)(cid:889)(cid:888),(cid:891)(cid:882)(cid:884),(cid:887)(cid:882)(cid:481)(cid:889)(cid:891),(cid:883)(cid:883)(cid:484)(cid:882)(cid:882)(cid:883),(cid:888)(cid:484)(cid:887)(cid:885)(cid:886),(cid:887)(cid:891)(cid:481)(cid:885)(cid:891),(cid:884)(cid:484)(cid:882)(cid:890)(cid:891),(cid:883)(cid:484)(cid:883)(cid:886)(cid:890),(cid:887)(cid:886)(cid:481)(cid:891)(cid:887),(cid:885)(cid:884)(cid:484)(cid:889)(cid:882)(cid:883),(cid:883)(cid:891)(cid:484)(cid:883)(cid:882)(cid:889),(cid:887)(cid:890)(cid:481)(cid:886)(cid:885),,,,,,,,,
(cid:883)(cid:885),(cid:13)(cid:131)(cid:153)(cid:131)(cid:3)(cid:23)(cid:135)(cid:144)(cid:137)(cid:131)(cid:138),(cid:884)(cid:484)(cid:890)(cid:888)(cid:891),(cid:884)(cid:484)(cid:885)(cid:885)(cid:889),(cid:890)(cid:883)(cid:481)(cid:886)(cid:888),(cid:884)(cid:484)(cid:890)(cid:890)(cid:884),(cid:884)(cid:484)(cid:885)(cid:886)(cid:890),(cid:890)(cid:883)(cid:481)(cid:886)(cid:889),(cid:883)(cid:484)(cid:888)(cid:888)(cid:883),(cid:883)(cid:484)(cid:885)(cid:887)(cid:889),(cid:890)(cid:883)(cid:481)(cid:889)(cid:882),(cid:884)(cid:484)(cid:886)(cid:882)(cid:886),(cid:883)(cid:484)(cid:890)(cid:886)(cid:888),(cid:889)(cid:888)(cid:481)(cid:889)(cid:891),(cid:886)(cid:888)(cid:888),(cid:885)(cid:882)(cid:889),(cid:888)(cid:887)(cid:481)(cid:890)(cid:890),(cid:890)(cid:484)(cid:886)(cid:890)(cid:887),(cid:889)(cid:484)(cid:885)(cid:886)(cid:883),(cid:890)(cid:888)(cid:481)(cid:887)(cid:884),(cid:883)(cid:484)(cid:885)(cid:890)(cid:890),(cid:883)(cid:484)(cid:882)(cid:888)(cid:885),(cid:889)(cid:888)(cid:481)(cid:887)(cid:891),(cid:884)(cid:882)(cid:484)(cid:883)(cid:887)(cid:887),(cid:883)(cid:888)(cid:484)(cid:887)(cid:891)(cid:891),(cid:890)(cid:884)(cid:481)(cid:885)(cid:888),,,,,,,,,
(cid:883)(cid:886),(cid:7)(cid:12)(cid:3)(cid:28)(cid:145)(cid:137)(cid:155)(cid:131)(cid:141)(cid:131)(cid:148)(cid:150)(cid:131),(cid:885)(cid:887)(cid:888),(cid:884)(cid:889)(cid:885),(cid:889)(cid:888)(cid:481)(cid:888)(cid:891),(cid:885)(cid:884)(cid:882),(cid:884)(cid:889)(cid:884),(cid:890)(cid:887)(cid:481)(cid:882)(cid:882),(cid:890)(cid:886)(cid:891),(cid:888)(cid:889)(cid:883),(cid:889)(cid:891)(cid:481)(cid:882)(cid:885),(cid:883)(cid:484)(cid:882)(cid:887)(cid:890),(cid:891)(cid:884)(cid:885),(cid:890)(cid:889)(cid:481)(cid:884)(cid:886),(cid:885)(cid:890),(cid:883)(cid:889),(cid:886)(cid:886)(cid:481)(cid:889)(cid:886),(cid:887)(cid:889)(cid:885),(cid:886)(cid:888)(cid:882),(cid:890)(cid:882)(cid:481)(cid:884)(cid:890),(cid:886)(cid:889)(cid:886),(cid:885)(cid:891)(cid:891),(cid:890)(cid:886)(cid:481)(cid:883)(cid:890),(cid:885)(cid:484)(cid:888)(cid:888)(cid:890),(cid:885)(cid:484)(cid:882)(cid:883)(cid:887),(cid:890)(cid:884)(cid:481)(cid:884)(cid:882),,,,,,,,,
(cid:883)(cid:887),(cid:13)(cid:131)(cid:153)(cid:131)(cid:3)(cid:23)(cid:139)(cid:143)(cid:151)(cid:148),(cid:884)(cid:484)(cid:885)(cid:885)(cid:882),(cid:883)(cid:484)(cid:888)(cid:882)(cid:890),(cid:888)(cid:891)(cid:481)(cid:882)(cid:883),(cid:884)(cid:484)(cid:886)(cid:886)(cid:883),(cid:883)(cid:484)(cid:890)(cid:884)(cid:882),(cid:889)(cid:886)(cid:481)(cid:887)(cid:888),(cid:884)(cid:484)(cid:887)(cid:887)(cid:885),(cid:884)(cid:484)(cid:882)(cid:883)(cid:886),(cid:889)(cid:890)(cid:481)(cid:890)(cid:891),(cid:884)(cid:484)(cid:889)(cid:889)(cid:883),(cid:884)(cid:484)(cid:882)(cid:888)(cid:883),(cid:889)(cid:886)(cid:481)(cid:885)(cid:890),(cid:884)(cid:884)(cid:883),(cid:883)(cid:883)(cid:890),(cid:887)(cid:885)(cid:481)(cid:885)(cid:891),(cid:890)(cid:484)(cid:889)(cid:882)(cid:891),(cid:889)(cid:484)(cid:887)(cid:884)(cid:886),(cid:890)(cid:888)(cid:481)(cid:885)(cid:891),(cid:885)(cid:484)(cid:883)(cid:891)(cid:882),(cid:884)(cid:484)(cid:885)(cid:887)(cid:883),(cid:889)(cid:885)(cid:481)(cid:889)(cid:882),(cid:884)(cid:884)(cid:484)(cid:884)(cid:883)(cid:887),(cid:883)(cid:889)(cid:484)(cid:886)(cid:891)(cid:888),(cid:889)(cid:890)(cid:481)(cid:889)(cid:888),,,,,,,,,
(cid:883)(cid:888),(cid:5)(cid:131)(cid:144)(cid:150)(cid:135)(cid:144),(cid:888)(cid:888)(cid:884),(cid:886)(cid:882)(cid:886),(cid:888)(cid:883)(cid:481)(cid:882)(cid:885),(cid:883)(cid:484)(cid:886)(cid:890)(cid:883),(cid:891)(cid:887)(cid:884),(cid:888)(cid:886)(cid:481)(cid:884)(cid:890),(cid:886)(cid:882)(cid:888),(cid:885)(cid:883)(cid:885),(cid:889)(cid:889)(cid:481)(cid:882)(cid:891),(cid:884)(cid:891)(cid:885),(cid:883)(cid:884)(cid:888),(cid:886)(cid:885)(cid:481)(cid:882)(cid:882),(cid:883)(cid:888),(cid:883)(cid:883),(cid:888)(cid:890)(cid:481)(cid:889)(cid:887),(cid:886)(cid:484)(cid:885)(cid:891)(cid:890),(cid:884)(cid:484)(cid:888)(cid:884)(cid:888),(cid:887)(cid:891)(cid:481)(cid:889)(cid:883),(cid:885)(cid:885)(cid:885),(cid:883)(cid:890)(cid:887),(cid:887)(cid:887)(cid:481)(cid:887)(cid:888),(cid:889)(cid:484)(cid:887)(cid:890)(cid:891),(cid:886)(cid:484)(cid:888)(cid:883)(cid:889),(cid:888)(cid:882)(cid:481)(cid:890)(cid:886),,,,,,,,,
(cid:883)(cid:889),(cid:5)(cid:131)(cid:142)(cid:139),(cid:884)(cid:883)(cid:886),(cid:883)(cid:884)(cid:886),(cid:887)(cid:889)(cid:481)(cid:891)(cid:886),(cid:883)(cid:484)(cid:885)(cid:889)(cid:884),(cid:891)(cid:891)(cid:886),(cid:889)(cid:884)(cid:481)(cid:886)(cid:887),(cid:886)(cid:889)(cid:885),(cid:885)(cid:884)(cid:884),(cid:888)(cid:890)(cid:481)(cid:882)(cid:890),(cid:883)(cid:484)(cid:891)(cid:891)(cid:887),(cid:883)(cid:484)(cid:883)(cid:888)(cid:891),(cid:887)(cid:890)(cid:481)(cid:888)(cid:882),(cid:885)(cid:882)(cid:886),(cid:884)(cid:888)(cid:890),(cid:890)(cid:890)(cid:481)(cid:883)(cid:888),(cid:890)(cid:887)(cid:882),(cid:889)(cid:884)(cid:884),(cid:890)(cid:886)(cid:481)(cid:891)(cid:886),(cid:883)(cid:484)(cid:884)(cid:889)(cid:889),(cid:891)(cid:885)(cid:887),(cid:889)(cid:885)(cid:481)(cid:884)(cid:884),(cid:888)(cid:484)(cid:886)(cid:890)(cid:887),(cid:886)(cid:484)(cid:887)(cid:885)(cid:886),(cid:888)(cid:891)(cid:481)(cid:891)(cid:884),,,,,,,,,
(cid:883)(cid:890),(cid:17)(cid:151)(cid:149)(cid:131)(cid:3)(cid:23)(cid:135)(cid:144)(cid:137)(cid:137)(cid:131)(cid:148)(cid:131)(cid:3)(cid:5)(cid:131)(cid:148)(cid:131)(cid:150),(cid:886)(cid:886)(cid:882),(cid:883)(cid:891)(cid:886),(cid:886)(cid:886)(cid:481)(cid:882)(cid:891),(cid:891)(cid:888)(cid:885),(cid:886)(cid:885)(cid:891),(cid:886)(cid:887)(cid:481)(cid:887)(cid:891),(cid:884)(cid:890)(cid:882),(cid:883)(cid:885)(cid:886),(cid:886)(cid:889)(cid:481)(cid:890)(cid:888),(cid:883)(cid:484)(cid:883)(cid:888)(cid:885),(cid:888)(cid:884)(cid:882),(cid:887)(cid:885)(cid:481)(cid:885)(cid:883),(cid:884)(cid:889)(cid:890),(cid:883)(cid:882)(cid:888),(cid:885)(cid:890)(cid:481)(cid:883)(cid:885),(cid:883)(cid:484)(cid:882)(cid:883)(cid:885),(cid:888)(cid:885)(cid:882),(cid:888)(cid:884)(cid:481)(cid:883)(cid:891),(cid:885)(cid:890)(cid:882),(cid:883)(cid:890)(cid:885),(cid:886)(cid:890)(cid:481)(cid:883)(cid:888),(cid:886)(cid:484)(cid:887)(cid:883)(cid:889),(cid:884)(cid:484)(cid:885)(cid:882)(cid:888),(cid:887)(cid:883)(cid:481)(cid:882)(cid:887),,,,,,,,,
(cid:883)(cid:891),(cid:17)(cid:151)(cid:149)(cid:131)(cid:3)(cid:23)(cid:135)(cid:144)(cid:137)(cid:137)(cid:131)(cid:148)(cid:131)(cid:3)(cid:23)(cid:139)(cid:143)(cid:151)(cid:148),(cid:883)(cid:890)(cid:882),(cid:891)(cid:888),(cid:887)(cid:885)(cid:481)(cid:885)(cid:885),(cid:889)(cid:884)(cid:889),(cid:885)(cid:890)(cid:887),(cid:887)(cid:884)(cid:481)(cid:891)(cid:888),(cid:890)(cid:889)(cid:888),(cid:886)(cid:889)(cid:889),(cid:887)(cid:886)(cid:481)(cid:886)(cid:887),(cid:887)(cid:889)(cid:882),(cid:885)(cid:885)(cid:890),(cid:887)(cid:891)(cid:481)(cid:885)(cid:882),(cid:888)(cid:888)(cid:883),(cid:886)(cid:883)(cid:883),(cid:888)(cid:884)(cid:481)(cid:883)(cid:890),(cid:883)(cid:484)(cid:884)(cid:891)(cid:886),(cid:890)(cid:882)(cid:882),(cid:888)(cid:883)(cid:481)(cid:890)(cid:884),(cid:884)(cid:884)(cid:888),(cid:890)(cid:886),(cid:885)(cid:889)(cid:481)(cid:883)(cid:889),(cid:886)(cid:484)(cid:887)(cid:885)(cid:886),(cid:884)(cid:484)(cid:887)(cid:891)(cid:883),(cid:887)(cid:889)(cid:481)(cid:883)(cid:887),,,,,,,,,
(cid:884)(cid:882),(cid:14)(cid:131)(cid:142)(cid:139)(cid:143)(cid:131)(cid:144)(cid:150)(cid:131)(cid:144)(cid:3)(cid:5)(cid:131)(cid:148)(cid:131)(cid:150),(cid:883)(cid:891)(cid:890),(cid:883)(cid:885)(cid:886),(cid:888)(cid:889)(cid:481)(cid:888)(cid:890),(cid:887)(cid:882)(cid:883),(cid:885)(cid:883)(cid:887),(cid:888)(cid:884)(cid:481)(cid:890)(cid:889),(cid:885)(cid:890)(cid:882),(cid:884)(cid:887)(cid:891),(cid:888)(cid:890)(cid:481)(cid:883)(cid:888),(cid:883)(cid:484)(cid:888)(cid:883)(cid:882),(cid:883)(cid:484)(cid:883)(cid:885)(cid:890),(cid:889)(cid:882)(cid:481)(cid:888)(cid:890),(cid:883)(cid:484)(cid:882)(cid:886)(cid:887),(cid:887)(cid:889)(cid:889),(cid:887)(cid:887)(cid:481)(cid:884)(cid:884),(cid:883)(cid:484)(cid:884)(cid:886)(cid:882),(cid:890)(cid:884)(cid:887),(cid:888)(cid:888)(cid:481)(cid:887)(cid:885),(cid:888)(cid:886)(cid:891),(cid:886)(cid:885)(cid:883),(cid:888)(cid:888)(cid:481)(cid:886)(cid:883),(cid:887)(cid:484)(cid:888)(cid:884)(cid:885),(cid:885)(cid:484)(cid:888)(cid:889)(cid:891),(cid:888)(cid:887)(cid:481)(cid:886)(cid:885),,,,,,,,,
(cid:884)(cid:883),(cid:14)(cid:131)(cid:142)(cid:139)(cid:143)(cid:131)(cid:144)(cid:150)(cid:131)(cid:144)(cid:3)(cid:23)(cid:135)(cid:144)(cid:137)(cid:131)(cid:138),(cid:883)(cid:887)(cid:885),(cid:891)(cid:883),(cid:887)(cid:891)(cid:481)(cid:886)(cid:890),(cid:887)(cid:888)(cid:891),(cid:884)(cid:890)(cid:888),(cid:887)(cid:882)(cid:481)(cid:884)(cid:888),(cid:885)(cid:887)(cid:891),(cid:884)(cid:882)(cid:888),(cid:887)(cid:889)(cid:481)(cid:885)(cid:890),(cid:883)(cid:484)(cid:882)(cid:885)(cid:886),(cid:890)(cid:882)(cid:887),(cid:889)(cid:889)(cid:481)(cid:890)(cid:887),(cid:890)(cid:883),(cid:888)(cid:888),(cid:890)(cid:883)(cid:481)(cid:886)(cid:890),(cid:883)(cid:484)(cid:890)(cid:885)(cid:885),(cid:891)(cid:891)(cid:884),(cid:887)(cid:886)(cid:481)(cid:883)(cid:884),(cid:886)(cid:891)(cid:882),(cid:884)(cid:887)(cid:888),(cid:887)(cid:884)(cid:481)(cid:884)(cid:886),(cid:886)(cid:484)(cid:887)(cid:883)(cid:891),(cid:884)(cid:484)(cid:889)(cid:882)(cid:884),(cid:887)(cid:891)(cid:481)(cid:889)(cid:891),,,,,,,,,
(cid:884)(cid:884),(cid:14)(cid:131)(cid:142)(cid:139)(cid:143)(cid:131)(cid:144)(cid:150)(cid:131)(cid:144)(cid:3)(cid:22)(cid:135)(cid:142)(cid:131)(cid:150)(cid:131)(cid:144),(cid:884)(cid:890)(cid:885),(cid:883)(cid:885)(cid:891),(cid:886)(cid:891)(cid:481)(cid:883)(cid:884),(cid:890)(cid:883)(cid:886),(cid:885)(cid:887)(cid:891),(cid:886)(cid:886)(cid:481)(cid:883)(cid:882),(cid:887)(cid:886)(cid:891),(cid:885)(cid:889)(cid:888),(cid:888)(cid:890)(cid:481)(cid:886)(cid:891),(cid:885)(cid:484)(cid:882)(cid:891)(cid:889),(cid:883)(cid:484)(cid:888)(cid:887)(cid:891),(cid:887)(cid:885)(cid:481)(cid:887)(cid:889),(cid:891)(cid:882),(cid:886)(cid:885),(cid:886)(cid:889)(cid:481)(cid:889)(cid:890),(cid:884)(cid:484)(cid:889)(cid:888)(cid:887),(cid:883)(cid:484)(cid:890)(cid:891)(cid:887),(cid:888)(cid:890)(cid:481)(cid:887)(cid:886),(cid:885)(cid:884)(cid:885),(cid:883)(cid:885)(cid:891),(cid:886)(cid:885)(cid:481)(cid:882)(cid:885),(cid:889)(cid:484)(cid:891)(cid:884)(cid:883),(cid:886)(cid:484)(cid:888)(cid:883)(cid:882),(cid:887)(cid:890)(cid:481)(cid:884)(cid:882),,,,,,,,,
(cid:884)(cid:885),(cid:14)(cid:131)(cid:142)(cid:139)(cid:143)(cid:131)(cid:144)(cid:150)(cid:131)(cid:144)(cid:3)(cid:23)(cid:139)(cid:143)(cid:151)(cid:148),(cid:886)(cid:890)(cid:882),(cid:885)(cid:890)(cid:882),(cid:889)(cid:891)(cid:481)(cid:883)(cid:889),(cid:883)(cid:484)(cid:883)(cid:890)(cid:890),(cid:889)(cid:884)(cid:890),(cid:888)(cid:883)(cid:481)(cid:884)(cid:890),(cid:883)(cid:484)(cid:890)(cid:882)(cid:882),(cid:883)(cid:484)(cid:886)(cid:886)(cid:890),(cid:890)(cid:882)(cid:481)(cid:886)(cid:886),(cid:883)(cid:484)(cid:884)(cid:882)(cid:887),(cid:890)(cid:890)(cid:883),(cid:889)(cid:885)(cid:481)(cid:883)(cid:883),(cid:888)(cid:884),(cid:885)(cid:886),(cid:887)(cid:886)(cid:481)(cid:890)(cid:886),(cid:886)(cid:484)(cid:883)(cid:888)(cid:887),(cid:885)(cid:484)(cid:882)(cid:888)(cid:883),(cid:889)(cid:885)(cid:481)(cid:886)(cid:891),(cid:883)(cid:484)(cid:885)(cid:884)(cid:890),(cid:890)(cid:883)(cid:890),(cid:888)(cid:883)(cid:481)(cid:888)(cid:882),(cid:883)(cid:882)(cid:484)(cid:884)(cid:884)(cid:890),(cid:889)(cid:484)(cid:885)(cid:887)(cid:882),(cid:889)(cid:883)(cid:481)(cid:890)(cid:888),,,,,,,,,
(cid:884)(cid:886),(cid:14)(cid:131)(cid:142)(cid:139)(cid:143)(cid:131)(cid:144)(cid:150)(cid:131)(cid:144)(cid:3)(cid:24)(cid:150)(cid:131)(cid:148)(cid:131),(cid:883)(cid:883)(cid:891),(cid:890)(cid:882),(cid:888)(cid:889)(cid:481)(cid:884)(cid:885),(cid:885)(cid:882)(cid:890),(cid:883)(cid:890)(cid:887),(cid:888)(cid:882)(cid:481)(cid:882)(cid:888),(cid:886)(cid:885)(cid:882),(cid:885)(cid:888)(cid:889),(cid:890)(cid:887)(cid:481)(cid:885)(cid:887),(cid:889)(cid:883)(cid:885),(cid:888)(cid:883)(cid:889),(cid:890)(cid:888)(cid:481)(cid:887)(cid:886),(cid:888)(cid:887),(cid:887)(cid:888),(cid:890)(cid:888)(cid:481)(cid:883)(cid:887),(cid:890)(cid:890)(cid:884),(cid:888)(cid:884)(cid:890),(cid:889)(cid:883)(cid:481)(cid:884)(cid:882),(cid:886)(cid:883)(cid:888),(cid:885)(cid:882)(cid:887),(cid:889)(cid:885)(cid:481)(cid:885)(cid:884),(cid:884)(cid:484)(cid:891)(cid:885)(cid:885),(cid:884)(cid:484)(cid:884)(cid:885)(cid:890),(cid:889)(cid:888)(cid:481)(cid:885)(cid:882),,,,,,,,,
(cid:884)(cid:887),(cid:22)(cid:151)(cid:142)(cid:131)(cid:153)(cid:135)(cid:149)(cid:139)(cid:3)(cid:24)(cid:150)(cid:131)(cid:148)(cid:131),(cid:890)(cid:885),(cid:883)(cid:891),(cid:884)(cid:884)(cid:481)(cid:890)(cid:891),(cid:890)(cid:889)(cid:890),(cid:884)(cid:889)(cid:883),(cid:885)(cid:882)(cid:481)(cid:890)(cid:889),(cid:883)(cid:883)(cid:890),(cid:889)(cid:887),(cid:888)(cid:885)(cid:481)(cid:887)(cid:888),(cid:884)(cid:891)(cid:887),(cid:884)(cid:888)(cid:885),(cid:890)(cid:891)(cid:481)(cid:883)(cid:887),(cid:886),(cid:884),(cid:887)(cid:882)(cid:481)(cid:882)(cid:882),(cid:888)(cid:891)(cid:883),(cid:885)(cid:884)(cid:886),(cid:886)(cid:888)(cid:481)(cid:890)(cid:891),(cid:884)(cid:882)(cid:882),(cid:887)(cid:890),(cid:884)(cid:891)(cid:481)(cid:882)(cid:882),(cid:884)(cid:484)(cid:884)(cid:888)(cid:891),(cid:883)(cid:484)(cid:882)(cid:883)(cid:884),(cid:886)(cid:886)(cid:481)(cid:888)(cid:882),,,,,,,,,
(cid:884)(cid:888),(cid:22)(cid:151)(cid:142)(cid:131)(cid:153)(cid:135)(cid:149)(cid:139)(cid:3)(cid:23)(cid:135)(cid:144)(cid:137)(cid:131)(cid:138),(cid:883)(cid:885)(cid:888),(cid:883)(cid:882)(cid:889),(cid:889)(cid:890)(cid:481)(cid:888)(cid:890),(cid:891)(cid:882)(cid:884),(cid:889)(cid:885)(cid:885),(cid:890)(cid:883)(cid:481)(cid:884)(cid:888),(cid:887)(cid:882)(cid:887),(cid:886)(cid:885)(cid:882),(cid:890)(cid:887)(cid:481)(cid:883)(cid:887),(cid:888)(cid:891)(cid:884),(cid:888)(cid:883)(cid:891),(cid:890)(cid:891)(cid:481)(cid:886)(cid:887),(cid:891)(cid:886),(cid:888)(cid:884),(cid:888)(cid:887)(cid:481)(cid:891)(cid:888),(cid:883)(cid:484)(cid:887)(cid:883)(cid:885),(cid:883)(cid:484)(cid:884)(cid:883)(cid:888),(cid:890)(cid:882)(cid:481)(cid:885)(cid:889),(cid:888)(cid:888)(cid:891),(cid:887)(cid:882)(cid:888),(cid:889)(cid:887)(cid:481)(cid:888)(cid:886),(cid:886)(cid:484)(cid:887)(cid:883)(cid:883),(cid:885)(cid:484)(cid:888)(cid:889)(cid:885),(cid:890)(cid:883)(cid:481)(cid:886)(cid:884),,,,,,,,,
(cid:884)(cid:889),(cid:22)(cid:151)(cid:142)(cid:131)(cid:153)(cid:135)(cid:149)(cid:139)(cid:3)(cid:22)(cid:135)(cid:142)(cid:131)(cid:150)(cid:131)(cid:144),(cid:887)(cid:890)(cid:886),(cid:886)(cid:888)(cid:887),(cid:889)(cid:891)(cid:481)(cid:888)(cid:884),(cid:883)(cid:484)(cid:882)(cid:889)(cid:882),(cid:889)(cid:883)(cid:888),(cid:888)(cid:888)(cid:481)(cid:891)(cid:884),(cid:889)(cid:886)(cid:883),(cid:887)(cid:883)(cid:889),(cid:888)(cid:891)(cid:481)(cid:889)(cid:889),(cid:885)(cid:484)(cid:883)(cid:883)(cid:882),(cid:884)(cid:484)(cid:884)(cid:888)(cid:883),(cid:889)(cid:884)(cid:481)(cid:889)(cid:882),(cid:885)(cid:484)(cid:885)(cid:882)(cid:886),(cid:884)(cid:484)(cid:884)(cid:882)(cid:891),(cid:888)(cid:888)(cid:481)(cid:890)(cid:888),(cid:887)(cid:484)(cid:883)(cid:887)(cid:886),(cid:885)(cid:484)(cid:884)(cid:885)(cid:882),(cid:888)(cid:884)(cid:481)(cid:888)(cid:889),(cid:885)(cid:484)(cid:888)(cid:882)(cid:887),(cid:884)(cid:484)(cid:882)(cid:890)(cid:891),(cid:887)(cid:889)(cid:481)(cid:891)(cid:887),(cid:883)(cid:889)(cid:484)(cid:887)(cid:888)(cid:890),(cid:883)(cid:883)(cid:484)(cid:886)(cid:890)(cid:889),(cid:888)(cid:887)(cid:481)(cid:885)(cid:891),,,,,,,,,
(cid:884)(cid:890),(cid:22)(cid:151)(cid:142)(cid:131)(cid:153)(cid:135)(cid:149)(cid:139)(cid:3)(cid:23)(cid:135)(cid:144)(cid:137)(cid:137)(cid:131)(cid:148)(cid:131),(cid:889)(cid:891),(cid:885)(cid:884),(cid:886)(cid:882)(cid:481)(cid:887)(cid:883),(cid:889)(cid:885)(cid:890),(cid:885)(cid:889)(cid:887),(cid:887)(cid:882)(cid:481)(cid:890)(cid:883),(cid:889)(cid:883)(cid:891),(cid:887)(cid:882)(cid:890),(cid:889)(cid:882)(cid:481)(cid:888)(cid:887),(cid:883)(cid:484)(cid:885)(cid:884)(cid:882),(cid:889)(cid:888)(cid:885),(cid:887)(cid:889)(cid:481)(cid:890)(cid:882),(cid:886)(cid:883),(cid:883)(cid:882),(cid:884)(cid:886)(cid:481)(cid:885)(cid:891),(cid:883)(cid:484)(cid:883)(cid:891)(cid:891),(cid:888)(cid:888)(cid:888),(cid:887)(cid:887)(cid:481)(cid:887)(cid:887),(cid:889)(cid:883)(cid:884),(cid:884)(cid:886)(cid:886),(cid:885)(cid:886)(cid:481)(cid:884)(cid:889),(cid:886)(cid:484)(cid:890)(cid:882)(cid:890),(cid:884)(cid:484)(cid:887)(cid:891)(cid:890),(cid:887)(cid:886)(cid:481)(cid:882)(cid:885),,,,,,,,,
(cid:884)(cid:891),(cid:10)(cid:145)(cid:148)(cid:145)(cid:144)(cid:150)(cid:131)(cid:142)(cid:145),(cid:884)(cid:886)(cid:886),(cid:883)(cid:890)(cid:882),(cid:889)(cid:885)(cid:481)(cid:889)(cid:889),(cid:884)(cid:885)(cid:889),(cid:883)(cid:884)(cid:883),(cid:887)(cid:883)(cid:481)(cid:882)(cid:887),(cid:889)(cid:886),(cid:887)(cid:888),(cid:889)(cid:887)(cid:481)(cid:888)(cid:890),(cid:883)(cid:484)(cid:882)(cid:887)(cid:890),(cid:889)(cid:890)(cid:885),(cid:889)(cid:886)(cid:481)(cid:882)(cid:883),(cid:889)(cid:882)(cid:888),(cid:886)(cid:887)(cid:884),(cid:888)(cid:886)(cid:481)(cid:882)(cid:884),(cid:883)(cid:484)(cid:888)(cid:885)(cid:884),(cid:889)(cid:885)(cid:884),(cid:886)(cid:886)(cid:481)(cid:890)(cid:887),(cid:883)(cid:484)(cid:883)(cid:887)(cid:891),(cid:887)(cid:884)(cid:886),(cid:886)(cid:887)(cid:481)(cid:884)(cid:883),(cid:887)(cid:484)(cid:883)(cid:883)(cid:882),(cid:884)(cid:484)(cid:890)(cid:886)(cid:890),(cid:887)(cid:887)(cid:481)(cid:889)(cid:885),,,,,,,,,
(cid:885)(cid:882),(cid:22)(cid:151)(cid:142)(cid:131)(cid:153)(cid:135)(cid:149)(cid:139)(cid:3)(cid:5)(cid:131)(cid:148)(cid:131)(cid:150),(cid:883)(cid:886)(cid:887),(cid:889)(cid:885),(cid:887)(cid:882)(cid:481)(cid:885)(cid:886),(cid:886)(cid:889)(cid:889),(cid:883)(cid:891)(cid:885),(cid:886)(cid:882)(cid:481)(cid:886)(cid:888),(cid:883)(cid:484)(cid:882)(cid:882)(cid:883),(cid:886)(cid:887)(cid:890),(cid:886)(cid:887)(cid:481)(cid:889)(cid:887),(cid:886)(cid:889)(cid:885),(cid:885)(cid:883)(cid:883),(cid:888)(cid:887)(cid:481)(cid:889)(cid:887),(cid:883)(cid:484)(cid:882)(cid:888)(cid:884),(cid:886)(cid:887)(cid:890),(cid:886)(cid:885)(cid:481)(cid:883)(cid:885),(cid:891)(cid:891)(cid:886),(cid:887)(cid:888)(cid:882),(cid:887)(cid:888)(cid:481)(cid:885)(cid:886),(cid:887)(cid:884)(cid:885),(cid:883)(cid:890)(cid:885),(cid:885)(cid:886)(cid:481)(cid:891)(cid:891),(cid:886)(cid:484)(cid:888)(cid:889)(cid:887),(cid:884)(cid:484)(cid:884)(cid:885)(cid:888),(cid:886)(cid:889)(cid:481)(cid:890)(cid:885),,,,,,,,,
(cid:885)(cid:883),(cid:16)(cid:131)(cid:142)(cid:151)(cid:141)(cid:151),(cid:883)(cid:888)(cid:887),(cid:883)(cid:882)(cid:887),(cid:888)(cid:885)(cid:481)(cid:888)(cid:886),(cid:886)(cid:883),(cid:883)(cid:891),(cid:886)(cid:888)(cid:481)(cid:885)(cid:886),(cid:885)(cid:884)(cid:886),(cid:883)(cid:885)(cid:888),(cid:886)(cid:883)(cid:481)(cid:891)(cid:890),(cid:883)(cid:484)(cid:882)(cid:890)(cid:883),(cid:889)(cid:885)(cid:887),(cid:888)(cid:889)(cid:481)(cid:891)(cid:891),(cid:883)(cid:484)(cid:884)(cid:882)(cid:886),(cid:888)(cid:885)(cid:882),(cid:887)(cid:884)(cid:481)(cid:885)(cid:885),(cid:884)(cid:484)(cid:888)(cid:888)(cid:888),(cid:883)(cid:484)(cid:882)(cid:891)(cid:888),(cid:886)(cid:883)(cid:481)(cid:883)(cid:883),(cid:886)(cid:887)(cid:889),(cid:885)(cid:882)(cid:891),(cid:888)(cid:889)(cid:481)(cid:888)(cid:883),(cid:887)(cid:484)(cid:891)(cid:885)(cid:890),(cid:885)(cid:484)(cid:882)(cid:885)(cid:882),(cid:887)(cid:883)(cid:481)(cid:882)(cid:885),,,,,,,,,
(cid:885)(cid:884),(cid:16)(cid:131)(cid:142)(cid:151)(cid:141)(cid:151)(cid:3)(cid:24)(cid:150)(cid:131)(cid:148)(cid:131),(cid:883)(cid:884)(cid:883),(cid:889)(cid:886),(cid:888)(cid:883)(cid:481)(cid:883)(cid:888),(cid:883)(cid:888)(cid:888),(cid:883)(cid:884)(cid:888),(cid:889)(cid:887)(cid:481)(cid:891)(cid:882),(cid:884)(cid:888)(cid:888),(cid:883)(cid:890)(cid:883),(cid:888)(cid:890)(cid:481)(cid:882)(cid:887),(cid:883)(cid:884)(cid:888),(cid:891)(cid:890),(cid:889)(cid:889)(cid:481)(cid:889)(cid:890),(cid:884)(cid:887),(cid:884)(cid:886),(cid:891)(cid:888)(cid:481)(cid:882)(cid:882),(cid:886)(cid:884)(cid:891),(cid:885)(cid:885)(cid:887),(cid:889)(cid:890)(cid:481)(cid:882)(cid:891),(cid:887)(cid:889),(cid:884)(cid:890),(cid:886)(cid:891)(cid:481)(cid:883)(cid:884),(cid:883)(cid:484)(cid:883)(cid:891)(cid:882),(cid:890)(cid:888)(cid:888),(cid:889)(cid:884)(cid:481)(cid:889)(cid:889),,,,,,,,,
(cid:885)(cid:885),(cid:19)(cid:131)(cid:146)(cid:151)(cid:131),(cid:888)(cid:882),(cid:884)(cid:883),(cid:885)(cid:887)(cid:481)(cid:882)(cid:882),(cid:884)(cid:886)(cid:888),(cid:883)(cid:886)(cid:882),(cid:887)(cid:888)(cid:481)(cid:891)(cid:883),(cid:884)(cid:883)(cid:889),(cid:883)(cid:887)(cid:887),(cid:889)(cid:883)(cid:481)(cid:886)(cid:885),(cid:884)(cid:882)(cid:891),(cid:883)(cid:887)(cid:890),(cid:889)(cid:887)(cid:481)(cid:888)(cid:882),(cid:891),(cid:887),(cid:887)(cid:887)(cid:481)(cid:887)(cid:888),(cid:888)(cid:883)(cid:886),(cid:886)(cid:885)(cid:883),(cid:889)(cid:882)(cid:481)(cid:884)(cid:882),(cid:886)(cid:882),(cid:885)(cid:884),(cid:890)(cid:882)(cid:481)(cid:882)(cid:882),(cid:883)(cid:484)(cid:885)(cid:891)(cid:887),(cid:891)(cid:886)(cid:884),(cid:888)(cid:889)(cid:481)(cid:887)(cid:885),,,,,,,,,
(cid:885)(cid:886),(cid:19)(cid:131)(cid:146)(cid:151)(cid:131)(cid:3)(cid:5)(cid:131)(cid:148)(cid:131)(cid:150),(cid:888)(cid:889),(cid:885)(cid:889),(cid:887)(cid:887)(cid:481)(cid:884)(cid:884),(cid:883)(cid:890)(cid:886),(cid:883)(cid:886)(cid:885),(cid:889)(cid:889)(cid:481)(cid:889)(cid:884),(cid:884)(cid:888)(cid:885),(cid:883)(cid:888)(cid:887),(cid:888)(cid:884)(cid:481)(cid:889)(cid:886),(cid:887)(cid:890),(cid:887)(cid:882),(cid:890)(cid:888)(cid:481)(cid:884)(cid:883),(cid:883)(cid:887),(cid:888),(cid:886)(cid:882)(cid:481)(cid:882)(cid:882),(cid:883)(cid:889)(cid:884),(cid:883)(cid:885)(cid:890),(cid:890)(cid:882)(cid:481)(cid:884)(cid:885),(cid:885)(cid:891),(cid:883)(cid:889),(cid:886)(cid:885)(cid:481)(cid:887)(cid:891),(cid:889)(cid:891)(cid:890),(cid:887)(cid:887)(cid:888),(cid:888)(cid:891)(cid:481)(cid:888)(cid:889),,,,,,,,,
(cid:885)(cid:887),(cid:19)(cid:131)(cid:146)(cid:151)(cid:131)(cid:3)(cid:22)(cid:135)(cid:142)(cid:131)(cid:150)(cid:131)(cid:144),(cid:885)(cid:888),(cid:883)(cid:885),(cid:885)(cid:888)(cid:481)(cid:883)(cid:883),(cid:883)(cid:884)(cid:883),(cid:886)(cid:888),(cid:885)(cid:890)(cid:481)(cid:882)(cid:884),(cid:883)(cid:888)(cid:882),(cid:883)(cid:884)(cid:882),(cid:889)(cid:887)(cid:481)(cid:882)(cid:882),(cid:883)(cid:890),(cid:883)(cid:883),(cid:888)(cid:883)(cid:481)(cid:883)(cid:883),(cid:882),(cid:882),(cid:882)(cid:481)(cid:882)(cid:882),(cid:886)(cid:886),(cid:884)(cid:887),(cid:887)(cid:888)(cid:481)(cid:890)(cid:884),(cid:887)(cid:883),(cid:883)(cid:890),(cid:885)(cid:887)(cid:481)(cid:884)(cid:891),(cid:886)(cid:885)(cid:882),(cid:884)(cid:885)(cid:885),(cid:887)(cid:886)(cid:481)(cid:883)(cid:891),,,,,,,,,
(cid:885)(cid:888),(cid:19)(cid:131)(cid:146)(cid:151)(cid:131)(cid:3)(cid:23)(cid:135)(cid:144)(cid:137)(cid:131)(cid:138),(cid:884)(cid:889),(cid:883)(cid:884),(cid:886)(cid:886)(cid:481)(cid:886)(cid:886),(cid:883)(cid:884)(cid:891),(cid:886)(cid:886),(cid:885)(cid:886)(cid:481)(cid:883)(cid:883),(cid:885)(cid:889)(cid:884),(cid:885)(cid:883)(cid:891),(cid:890)(cid:887)(cid:481)(cid:889)(cid:887),(cid:884)(cid:888)(cid:891),(cid:883)(cid:890)(cid:884),(cid:888)(cid:889)(cid:481)(cid:888)(cid:888),(cid:883)(cid:885),(cid:890),(cid:888)(cid:883)(cid:481)(cid:887)(cid:886),(cid:884)(cid:887)(cid:888),(cid:883)(cid:890)(cid:890),(cid:889)(cid:885)(cid:481)(cid:886)(cid:886),(cid:884)(cid:882),(cid:891),(cid:886)(cid:887)(cid:481)(cid:882)(cid:882),(cid:883)(cid:484)(cid:882)(cid:890)(cid:888),(cid:889)(cid:888)(cid:884),(cid:889)(cid:882)(cid:481)(cid:883)(cid:889),,,,,,,,,
(cid:885)(cid:889) (cid:19)(cid:131)(cid:146)(cid:151)(cid:131)(cid:3)(cid:19)(cid:135)(cid:137)(cid:151)(cid:144)(cid:151)(cid:144)(cid:137)(cid:131)(cid:144) (cid:885)(cid:890) (cid:19)(cid:131)(cid:146)(cid:151)(cid:131)(cid:3)(cid:5)I(cid:131)n(cid:148)d(cid:131)o(cid:150)(cid:3)n(cid:7)e(cid:131)s(cid:155)i(cid:131)a,,(cid:882) 15.05(cid:883)8(cid:886),(cid:882) 9.92(cid:883)5(cid:882),"(cid:882)(cid:481)(cid:882)(cid:882) 6(cid:889)5(cid:883),(cid:481)9(cid:886)1(cid:885)",(cid:884)(cid:889) 38.4(cid:883)6(cid:885)4(cid:884),(cid:883)(cid:883) 24.51(cid:888)4(cid:884),"(cid:886)(cid:882)(cid:481)(cid:889)(cid:886) 6(cid:886)3(cid:888),(cid:481)7(cid:891)3(cid:889)",(cid:884)(cid:886) 24.75(cid:890)4(cid:888),(cid:884)(cid:886) 17.84(cid:887)7(cid:885),"(cid:883)(cid:882)(cid:882)(cid:481)(cid:882)(cid:882) 7(cid:888)2(cid:883),(cid:481)1(cid:888)0(cid:885)",(cid:884) 45.17(cid:889)6(cid:883),(cid:882) 30.87(cid:887)4(cid:885),"(cid:882)(cid:481)(cid:882)(cid:882) 6(cid:889)8(cid:886),(cid:481)3(cid:888)4(cid:887)",(cid:882) 12.97(cid:884)8(cid:891),(cid:882) 7.60(cid:884)6(cid:886),"(cid:882)(cid:481)(cid:882)(cid:882) 5(cid:890)8(cid:884),(cid:481)6(cid:889)1(cid:888)",(cid:889)(cid:891)(cid:883) 84.9(cid:883)4(cid:889)5(cid:888),(cid:888) 58.06(cid:890)3(cid:886),"(cid:882)(cid:481)(cid:889)(cid:888) 6(cid:886)8(cid:889),(cid:481)3(cid:889)5(cid:885)",(cid:883) 29.08(cid:883)3(cid:889),(cid:882) 17.441(cid:884),"(cid:882)(cid:481)(cid:882)(cid:882) 5(cid:883)9(cid:883),(cid:481)9(cid:889)7(cid:888)",(cid:890)(cid:886)(cid:887) 250.4(cid:887)5(cid:884)8(cid:887),(cid:886)(cid:883) 166.2(cid:884)7(cid:890)0(cid:890),"(cid:886)(cid:481)(cid:890)(cid:887) 6(cid:887)6(cid:886),(cid:481)3(cid:890)9(cid:888)",,,,,,,,,
No,Provinsi,Jumlah Kabupaten/Kota,Jumlah Kabupaten/ Kota Sehat,%,,,,,,,,,,,,,,,,,,,,,,,,,,,,,,
(1),(2),(3),(4),(5),,,,,,,,,,,,,,,,,,,,,,,,,,,,,,
,(cid:4)(cid:133)(cid:135)(cid:138),,,,,,,,,,,,,,,,,,,,,,,,,,,,,,,,,
(cid:883),,(cid:884)(cid:885),(cid:890),(cid:885)(cid:886)(cid:481)(cid:889)(cid:890),,,,,,,,,,,,,,,,,,,,,,,,,,,,,,
(cid:884),(cid:22)(cid:151)(cid:143)(cid:131)(cid:150)(cid:135)(cid:148)(cid:131)(cid:3)(cid:24)(cid:150)(cid:131)(cid:148)(cid:131) (cid:22)(cid:151)(cid:143)(cid:131)(cid:150)(cid:135)(cid:148)(cid:131)(cid:3)(cid:5)(cid:131)(cid:148)(cid:131)(cid:150),(cid:885)(cid:885),(cid:883)(cid:886),(cid:886)(cid:884)(cid:481)(cid:886)(cid:884),,,,,,,,,,,,,,,,,,,,,,,,,,,,,,
(cid:885),,(cid:883)(cid:891),(cid:883)(cid:891),(cid:883)(cid:882)(cid:882)(cid:481)(cid:882)(cid:882),,,,,,,,,,,,,,,,,,,,,,,,,,,,,,
(cid:886),(cid:21)(cid:139)(cid:131)(cid:151) (cid:13)(cid:131)(cid:143)(cid:132)(cid:139),(cid:883)(cid:884),(cid:883)(cid:884),(cid:883)(cid:882)(cid:882)(cid:481)(cid:882)(cid:882),,,,,,,,,,,,,,,,,,,,,,,,,,,,,,
(cid:887),,(cid:883)(cid:883),(cid:883)(cid:883),(cid:883)(cid:882)(cid:882)(cid:481)(cid:882)(cid:882),,,,,,,,,,,,,,,,,,,,,,,,,,,,,,
(cid:888),(cid:22)(cid:151)(cid:143)(cid:131)(cid:150)(cid:135)(cid:148)(cid:131)(cid:3)(cid:22)(cid:135)(cid:142)(cid:131)(cid:150)(cid:131)(cid:144) (cid:5)(cid:135)(cid:144)(cid:137)(cid:141)(cid:151)(cid:142)(cid:151),(cid:883)(cid:889),(cid:883)(cid:889),(cid:883)(cid:882)(cid:882)(cid:481)(cid:882)(cid:882),,,,,,,,,,,,,,,,,,,,,,,,,,,,,,
(cid:889),,(cid:883)(cid:882),(cid:883)(cid:882),(cid:883)(cid:882)(cid:882)(cid:481)(cid:882)(cid:882),,,,,,,,,,,,,,,,,,,,,,,,,,,,,,
(cid:890),(cid:15)(cid:131)(cid:143)(cid:146)(cid:151)(cid:144)(cid:137) (cid:14)(cid:135)(cid:146)(cid:151)(cid:142)(cid:131)(cid:151)(cid:131)(cid:144)(cid:3)(cid:5)(cid:131)(cid:144)(cid:137)(cid:141)(cid:131)(cid:3)(cid:5)(cid:135)(cid:142)(cid:139)(cid:150)(cid:151)(cid:144)(cid:137),(cid:883)(cid:887),(cid:883)(cid:887),(cid:883)(cid:882)(cid:882)(cid:481)(cid:882)(cid:882),,,,,,,,,,,,,,,,,,,,,,,,,,,,,,
(cid:891),,(cid:889),(cid:889),(cid:883)(cid:882)(cid:882)(cid:481)(cid:882)(cid:882),,,,,,,,,,,,,,,,,,,,,,,,,,,,,,
(cid:883)(cid:882),(cid:14)(cid:135)(cid:146)(cid:151)(cid:142)(cid:131)(cid:151)(cid:131)(cid:144)(cid:3)(cid:21)(cid:139)(cid:131)(cid:151) (cid:7)(cid:14)(cid:12)(cid:3)(cid:13)(cid:131)(cid:141)(cid:131)(cid:148)(cid:150)(cid:131),(cid:889),(cid:889),(cid:883)(cid:882)(cid:882)(cid:481)(cid:882)(cid:882),,,,,,,,,,,,,,,,,,,,,,,,,,,,,,
(cid:883)(cid:883),,(cid:888),(cid:888),(cid:883)(cid:882)(cid:882)(cid:481)(cid:882)(cid:882),,,,,,,,,,,,,,,,,,,,,,,,,,,,,,
(cid:883)(cid:884),(cid:13)(cid:131)(cid:153)(cid:131)(cid:3)(cid:5)(cid:131)(cid:148)(cid:131)(cid:150) (cid:13)(cid:131)(cid:153)(cid:131)(cid:3)(cid:23)(cid:135)(cid:144)(cid:137)(cid:131)(cid:138),(cid:884)(cid:889),(cid:884)(cid:889),(cid:883)(cid:882)(cid:882)(cid:481)(cid:882)(cid:882),,,,,,,,,,,,,,,,,,,,,,,,,,,,,,
(cid:883)(cid:885),,(cid:885)(cid:887),(cid:885)(cid:887),(cid:883)(cid:882)(cid:882)(cid:481)(cid:882)(cid:882),,,,,,,,,,,,,,,,,,,,,,,,,,,,,,
(cid:883)(cid:886),(cid:7)(cid:12)(cid:3)(cid:28)(cid:145)(cid:137)(cid:155)(cid:131)(cid:141)(cid:131)(cid:148)(cid:150)(cid:131) (cid:13)(cid:131)(cid:153)(cid:131)(cid:3)(cid:23)(cid:139)(cid:143)(cid:151)(cid:148),(cid:887),(cid:887),(cid:883)(cid:882)(cid:882)(cid:481)(cid:882)(cid:882),,,,,,,,,,,,,,,,,,,,,,,,,,,,,,
(cid:883)(cid:887),,(cid:885)(cid:890),(cid:885)(cid:890),(cid:883)(cid:882)(cid:882)(cid:481)(cid:882)(cid:882),,,,,,,,,,,,,,,,,,,,,,,,,,,,,,
(cid:883)(cid:888),(cid:5)(cid:131)(cid:144)(cid:150)(cid:135)(cid:144) (cid:5)(cid:131)(cid:142)(cid:139),(cid:890),(cid:890),(cid:883)(cid:882)(cid:882)(cid:481)(cid:882)(cid:882),,,,,,,,,,,,,,,,,,,,,,,,,,,,,,
(cid:883)(cid:889),,(cid:891),(cid:891),(cid:883)(cid:882)(cid:882)(cid:481)(cid:882)(cid:882),,,,,,,,,,,,,,,,,,,,,,,,,,,,,,
(cid:883)(cid:890),(cid:17)(cid:151)(cid:149)(cid:131)(cid:3)(cid:23)(cid:135)(cid:144)(cid:137)(cid:137)(cid:131)(cid:148)(cid:131)(cid:3)(cid:5)(cid:131)(cid:148)(cid:131)(cid:150) (cid:17)(cid:151)(cid:149)(cid:131)(cid:3)(cid:23)(cid:135)(cid:144)(cid:137)(cid:137)(cid:131)(cid:148)(cid:131)(cid:3)(cid:23)(cid:139)(cid:143)(cid:151)(cid:148),(cid:883)(cid:882),(cid:883)(cid:882),(cid:883)(cid:882)(cid:882)(cid:481)(cid:882)(cid:882),,,,,,,,,,,,,,,,,,,,,,,,,,,,,,
(cid:883)(cid:891),,(cid:884)(cid:884),(cid:883)(cid:891),(cid:890)(cid:888)(cid:481)(cid:885)(cid:888),,,,,,,,,,,,,,,,,,,,,,,,,,,,,,
(cid:884)(cid:882),(cid:14)(cid:131)(cid:142)(cid:139)(cid:143)(cid:131)(cid:144)(cid:150)(cid:131)(cid:144)(cid:3)(cid:5)(cid:131)(cid:148)(cid:131)(cid:150) (cid:14)(cid:131)(cid:142)(cid:139)(cid:143)(cid:131)(cid:144)(cid:150)(cid:131)(cid:144)(cid:3)(cid:23)(cid:135)(cid:144)(cid:137)(cid:131)(cid:138),(cid:883)(cid:886),(cid:888),(cid:886)(cid:884)(cid:481)(cid:890)(cid:888),,,,,,,,,,,,,,,,,,,,,,,,,,,,,,
(cid:884)(cid:883),,(cid:883)(cid:886),(cid:883)(cid:886),(cid:883)(cid:882)(cid:882)(cid:481)(cid:882)(cid:882),,,,,,,,,,,,,,,,,,,,,,,,,,,,,,
(cid:884)(cid:884),(cid:14)(cid:131)(cid:142)(cid:139)(cid:143)(cid:131)(cid:144)(cid:150)(cid:131)(cid:144)(cid:3)(cid:22)(cid:135)(cid:142)(cid:131)(cid:150)(cid:131)(cid:144) (cid:14)(cid:131)(cid:142)(cid:139)(cid:143)(cid:131)(cid:144)(cid:150)(cid:131)(cid:144)(cid:3)(cid:23)(cid:139)(cid:143)(cid:151)(cid:148),(cid:883)(cid:885),(cid:883)(cid:885),(cid:883)(cid:882)(cid:882)(cid:481)(cid:882)(cid:882),,,,,,,,,,,,,,,,,,,,,,,,,,,,,,
(cid:884)(cid:885),,(cid:883)(cid:882),(cid:883)(cid:882),(cid:883)(cid:882)(cid:882)(cid:481)(cid:882)(cid:882),,,,,,,,,,,,,,,,,,,,,,,,,,,,,,
(cid:884)(cid:886),(cid:14)(cid:131)(cid:142)(cid:139)(cid:143)(cid:131)(cid:144)(cid:150)(cid:131)(cid:144)(cid:3)(cid:24)(cid:150)(cid:131)(cid:148)(cid:131) (cid:22)(cid:151)(cid:142)(cid:131)(cid:153)(cid:135)(cid:149)(cid:139)(cid:3)(cid:24)(cid:150)(cid:131)(cid:148)(cid:131),(cid:887),(cid:887),(cid:883)(cid:882)(cid:882)(cid:481)(cid:882)(cid:882),,,,,,,,,,,,,,,,,,,,,,,,,,,,,,
(cid:884)(cid:887),,(cid:883)(cid:887),(cid:883)(cid:887),(cid:883)(cid:882)(cid:882)(cid:481)(cid:882)(cid:882),,,,,,,,,,,,,,,,,,,,,,,,,,,,,,
(cid:884)(cid:888),(cid:22)(cid:151)(cid:142)(cid:131)(cid:153)(cid:135)(cid:149)(cid:139)(cid:3)(cid:23)(cid:135)(cid:144)(cid:137)(cid:131)(cid:138) (cid:22)(cid:151)(cid:142)(cid:131)(cid:153)(cid:135)(cid:149)(cid:139)(cid:3)(cid:22)(cid:135)(cid:142)(cid:131)(cid:150)(cid:131)(cid:144),(cid:883)(cid:885),(cid:883)(cid:882),(cid:889)(cid:888)(cid:481)(cid:891)(cid:884),,,,,,,,,,,,,,,,,,,,,,,,,,,,,,
(cid:884)(cid:889),,(cid:884)(cid:886),(cid:884)(cid:886),(cid:883)(cid:882)(cid:882)(cid:481)(cid:882)(cid:882),,,,,,,,,,,,,,,,,,,,,,,,,,,,,,
(cid:884)(cid:890),(cid:22)(cid:151)(cid:142)(cid:131)(cid:153)(cid:135)(cid:149)(cid:139)(cid:3)(cid:23)(cid:135)(cid:144)(cid:137)(cid:137)(cid:131)(cid:148)(cid:131) (cid:10)(cid:145)(cid:148)(cid:145)(cid:144)(cid:150)(cid:131)(cid:142)(cid:145),(cid:883)(cid:889),(cid:883)(cid:887),(cid:890)(cid:890)(cid:481)(cid:884)(cid:886),,,,,,,,,,,,,,,,,,,,,,,,,,,,,,
(cid:884)(cid:891),,(cid:888),(cid:888),(cid:883)(cid:882)(cid:882)(cid:481)(cid:882)(cid:882),,,,,,,,,,,,,,,,,,,,,,,,,,,,,,
(cid:885)(cid:882),(cid:22)(cid:151)(cid:142)(cid:131)(cid:153)(cid:135)(cid:149)(cid:139)(cid:3)(cid:5)(cid:131)(cid:148)(cid:131)(cid:150) (cid:16)(cid:131)(cid:142)(cid:151)(cid:141)(cid:151),(cid:888),(cid:887),(cid:890)(cid:885)(cid:481)(cid:885)(cid:885),,,,,,,,,,,,,,,,,,,,,,,,,,,,,,
(cid:885)(cid:883),,(cid:883)(cid:883),(cid:887),(cid:886)(cid:887)(cid:481)(cid:886)(cid:887),,,,,,,,,,,,,,,,,,,,,,,,,,,,,,
(cid:885)(cid:884),(cid:16)(cid:131)(cid:142)(cid:151)(cid:141)(cid:151)(cid:3)(cid:24)(cid:150)(cid:131)(cid:148)(cid:131) (cid:19)(cid:131)(cid:146)(cid:151)(cid:131),(cid:883)(cid:882),(cid:889),(cid:889)(cid:882)(cid:481)(cid:882)(cid:882),,,,,,,,,,,,,,,,,,,,,,,,,,,,,,
(cid:885)(cid:885),,(cid:891),(cid:886),(cid:886)(cid:886)(cid:481)(cid:886)(cid:886),,,,,,,,,,,,,,,,,,,,,,,,,,,,,,
(cid:885)(cid:886),(cid:19)(cid:131)(cid:146)(cid:151)(cid:131)(cid:3)(cid:5)(cid:131)(cid:148)(cid:131)(cid:150) (cid:19)(cid:131)(cid:146)(cid:151)(cid:131)(cid:3)(cid:22)(cid:135)(cid:142)(cid:131)(cid:150)(cid:131)(cid:144),(cid:889),(cid:883),(cid:883)(cid:886)(cid:481)(cid:884)(cid:891),,,,,,,,,,,,,,,,,,,,,,,,,,,,,,
(cid:885)(cid:887),,(cid:886),(cid:883),(cid:884)(cid:887)(cid:481)(cid:882)(cid:882),,,,,,,,,,,,,,,,,,,,,,,,,,,,,,
(cid:885)(cid:888),(cid:19)(cid:131)(cid:146)(cid:151)(cid:131)(cid:3)(cid:23)(cid:135)(cid:144)(cid:137)(cid:131)(cid:138),(cid:890),(cid:883),(cid:883)(cid:884)(cid:481)(cid:887)(cid:882),,,,,,,,,,,,,,,,,,,,,,,,,,,,,,
(cid:885)(cid:889) (cid:19)(cid:131)(cid:146)(cid:151)(cid:131)(cid:3)(cid:19)(cid:135)(cid:137)(cid:151)(cid:144)(cid:151)(cid:144)(cid:137)(cid:131)(cid:144) Indonesia,,(cid:890) 514,(cid:884) 422,"(cid:884)(cid:887)(cid:481)(cid:882)(cid:882) 82,10",,,,,,,,,,,,,,,,,,,,,,,,,,,,,,
No,Provinsi,Jumlah RS dan Puskesmas,Jumlah RS dan Puskesmas yang Melakukan Pengelolaan Limbah Medis,%,,,,,,,,,,,,,,,,,,,,,,,,,,,,,,
(1),(2),(3),(4),(5),,,,,,,,,,,,,,,,,,,,,,,,,,,,,,
(cid:883),(cid:4)(cid:133)(cid:135)(cid:138),,,,,,,,,,,,,,,,,,,,,,,,,,,,,,,,,
(cid:884),(cid:22)(cid:151)(cid:143)(cid:131)(cid:150)(cid:135)(cid:148)(cid:131)(cid:3)(cid:24)(cid:150)(cid:131)(cid:148)(cid:131),(cid:886)(cid:886)(cid:889),(cid:884)(cid:889)(cid:883),(cid:888)(cid:882)(cid:481)(cid:888)(cid:885),,,,,,,,,,,,,,,,,,,,,,,,,,,,,,
(cid:885),(cid:22)(cid:151)(cid:143)(cid:131)(cid:150)(cid:135)(cid:148)(cid:131)(cid:3)(cid:5)(cid:131)(cid:148)(cid:131)(cid:150),(cid:890)(cid:884)(cid:891),(cid:885)(cid:890)(cid:884),(cid:886)(cid:888)(cid:481)(cid:882)(cid:890),,,,,,,,,,,,,,,,,,,,,,,,,,,,,,
(cid:886),(cid:21)(cid:139)(cid:131)(cid:151),(cid:885)(cid:887)(cid:890),(cid:884)(cid:884)(cid:890),(cid:888)(cid:885)(cid:481)(cid:888)(cid:891),,,,,,,,,,,,,,,,,,,,,,,,,,,,,,
(cid:887),(cid:13)(cid:131)(cid:143)(cid:132)(cid:139),(cid:885)(cid:884)(cid:886),(cid:883)(cid:890)(cid:891),(cid:887)(cid:890)(cid:481)(cid:885)(cid:885),,,,,,,,,,,,,,,,,,,,,,,,,,,,,,
(cid:888),(cid:22)(cid:151)(cid:143)(cid:131)(cid:150)(cid:135)(cid:148)(cid:131)(cid:3)(cid:22)(cid:135)(cid:142)(cid:131)(cid:150)(cid:131)(cid:144),(cid:884)(cid:887)(cid:884),(cid:883)(cid:887)(cid:882),(cid:887)(cid:891)(cid:481)(cid:887)(cid:884),,,,,,,,,,,,,,,,,,,,,,,,,,,,,,
(cid:889),(cid:5)(cid:135)(cid:144)(cid:137)(cid:141)(cid:151)(cid:142)(cid:151),(cid:886)(cid:886)(cid:884),(cid:885)(cid:888)(cid:890),(cid:890)(cid:885)(cid:481)(cid:884)(cid:888),,,,,,,,,,,,,,,,,,,,,,,,,,,,,,
(cid:890),(cid:15)(cid:131)(cid:143)(cid:146)(cid:151)(cid:144)(cid:137),(cid:884)(cid:882)(cid:887),(cid:883)(cid:884)(cid:887),(cid:888)(cid:882)(cid:481)(cid:891)(cid:890),,,,,,,,,,,,,,,,,,,,,,,,,,,,,,
(cid:891),(cid:14)(cid:135)(cid:146)(cid:151)(cid:142)(cid:131)(cid:151)(cid:131)(cid:144)(cid:3)(cid:5)(cid:131)(cid:144)(cid:137)(cid:141)(cid:131)(cid:3)(cid:5)(cid:135)(cid:142)(cid:139)(cid:150)(cid:151)(cid:144)(cid:137),(cid:886)(cid:882)(cid:886),(cid:885)(cid:884)(cid:889),(cid:890)(cid:882)(cid:481)(cid:891)(cid:886),,,,,,,,,,,,,,,,,,,,,,,,,,,,,,
(cid:883)(cid:882),(cid:14)(cid:135)(cid:146)(cid:151)(cid:142)(cid:131)(cid:151)(cid:131)(cid:144)(cid:3)(cid:21)(cid:139)(cid:131)(cid:151),(cid:891)(cid:885),(cid:889)(cid:887),(cid:890)(cid:882)(cid:481)(cid:888)(cid:887),,,,,,,,,,,,,,,,,,,,,,,,,,,,,,
(cid:883)(cid:883),(cid:7)(cid:14)(cid:12)(cid:3)(cid:13)(cid:131)(cid:141)(cid:131)(cid:148)(cid:150)(cid:131),(cid:883)(cid:885)(cid:884),(cid:889)(cid:888),(cid:887)(cid:889)(cid:481)(cid:887)(cid:890),,,,,,,,,,,,,,,,,,,,,,,,,,,,,,
(cid:883)(cid:884),(cid:13)(cid:131)(cid:153)(cid:131)(cid:3)(cid:5)(cid:131)(cid:148)(cid:131)(cid:150),(cid:884)(cid:885)(cid:886),(cid:883)(cid:885)(cid:883),(cid:887)(cid:887)(cid:481)(cid:891)(cid:890),,,,,,,,,,,,,,,,,,,,,,,,,,,,,,
(cid:883)(cid:885),(cid:13)(cid:131)(cid:153)(cid:131)(cid:3)(cid:23)(cid:135)(cid:144)(cid:137)(cid:131)(cid:138),(cid:883)(cid:887)(cid:885)(cid:888),(cid:883)(cid:882)(cid:890)(cid:885),(cid:889)(cid:882)(cid:481)(cid:887)(cid:883),,,,,,,,,,,,,,,,,,,,,,,,,,,,,,
(cid:883)(cid:886),(cid:7)(cid:12)(cid:3)(cid:28)(cid:145)(cid:137)(cid:155)(cid:131)(cid:141)(cid:131)(cid:148)(cid:150)(cid:131),(cid:883)(cid:884)(cid:886)(cid:883),(cid:883)(cid:882)(cid:891)(cid:882),(cid:890)(cid:889)(cid:481)(cid:890)(cid:885),,,,,,,,,,,,,,,,,,,,,,,,,,,,,,
(cid:883)(cid:887),(cid:13)(cid:131)(cid:153)(cid:131)(cid:3)(cid:23)(cid:139)(cid:143)(cid:151)(cid:148),(cid:884)(cid:882)(cid:882),(cid:883)(cid:890)(cid:884),(cid:891)(cid:883)(cid:481)(cid:882)(cid:882),,,,,,,,,,,,,,,,,,,,,,,,,,,,,,
(cid:883)(cid:888),(cid:5)(cid:131)(cid:144)(cid:150)(cid:135)(cid:144),(cid:883)(cid:886)(cid:883)(cid:884),(cid:883)(cid:885)(cid:887)(cid:888),(cid:891)(cid:888)(cid:481)(cid:882)(cid:885),,,,,,,,,,,,,,,,,,,,,,,,,,,,,,
(cid:883)(cid:889),(cid:5)(cid:131)(cid:142)(cid:139),(cid:885)(cid:890)(cid:886),(cid:885)(cid:887)(cid:885),(cid:891)(cid:883)(cid:481)(cid:891)(cid:885),,,,,,,,,,,,,,,,,,,,,,,,,,,,,,
(cid:883)(cid:890),(cid:17)(cid:151)(cid:149)(cid:131)(cid:3)(cid:23)(cid:135)(cid:144)(cid:137)(cid:137)(cid:131)(cid:148)(cid:131)(cid:3)(cid:5)(cid:131)(cid:148)(cid:131)(cid:150),(cid:884)(cid:882)(cid:884),(cid:883)(cid:888)(cid:890),(cid:890)(cid:885)(cid:481)(cid:883)(cid:889),,,,,,,,,,,,,,,,,,,,,,,,,,,,,,
(cid:883)(cid:891),(cid:17)(cid:151)(cid:149)(cid:131)(cid:3)(cid:23)(cid:135)(cid:144)(cid:137)(cid:137)(cid:131)(cid:148)(cid:131)(cid:3)(cid:23)(cid:139)(cid:143)(cid:151)(cid:148),(cid:884)(cid:884)(cid:885),(cid:883)(cid:890)(cid:883),(cid:890)(cid:883)(cid:481)(cid:883)(cid:889),,,,,,,,,,,,,,,,,,,,,,,,,,,,,,
(cid:884)(cid:882),(cid:14)(cid:131)(cid:142)(cid:139)(cid:143)(cid:131)(cid:144)(cid:150)(cid:131)(cid:144)(cid:3)(cid:5)(cid:131)(cid:148)(cid:131)(cid:150),(cid:887)(cid:882)(cid:888),(cid:884)(cid:884)(cid:887),(cid:886)(cid:886)(cid:481)(cid:886)(cid:889),,,,,,,,,,,,,,,,,,,,,,,,,,,,,,
(cid:884)(cid:883),(cid:14)(cid:131)(cid:142)(cid:139)(cid:143)(cid:131)(cid:144)(cid:150)(cid:131)(cid:144)(cid:3)(cid:23)(cid:135)(cid:144)(cid:137)(cid:131)(cid:138),(cid:885)(cid:882)(cid:889),(cid:883)(cid:887)(cid:890),(cid:887)(cid:883)(cid:481)(cid:886)(cid:889),,,,,,,,,,,,,,,,,,,,,,,,,,,,,,
(cid:884)(cid:884),(cid:14)(cid:131)(cid:142)(cid:139)(cid:143)(cid:131)(cid:144)(cid:150)(cid:131)(cid:144)(cid:3)(cid:22)(cid:135)(cid:142)(cid:131)(cid:150)(cid:131)(cid:144),(cid:884)(cid:885)(cid:890),(cid:883)(cid:883)(cid:890),(cid:886)(cid:891)(cid:481)(cid:887)(cid:890),,,,,,,,,,,,,,,,,,,,,,,,,,,,,,
(cid:884)(cid:885),(cid:14)(cid:131)(cid:142)(cid:139)(cid:143)(cid:131)(cid:144)(cid:150)(cid:131)(cid:144)(cid:3)(cid:23)(cid:139)(cid:143)(cid:151)(cid:148),(cid:884)(cid:891)(cid:885),(cid:884)(cid:885)(cid:887),(cid:890)(cid:882)(cid:481)(cid:884)(cid:882),,,,,,,,,,,,,,,,,,,,,,,,,,,,,,
(cid:884)(cid:886),(cid:14)(cid:131)(cid:142)(cid:139)(cid:143)(cid:131)(cid:144)(cid:150)(cid:131)(cid:144)(cid:3)(cid:24)(cid:150)(cid:131)(cid:148)(cid:131),(cid:884)(cid:887)(cid:882),(cid:883)(cid:890)(cid:889),(cid:889)(cid:886)(cid:481)(cid:890)(cid:882),,,,,,,,,,,,,,,,,,,,,,,,,,,,,,
(cid:884)(cid:887),(cid:22)(cid:151)(cid:142)(cid:131)(cid:153)(cid:135)(cid:149)(cid:139)(cid:3)(cid:24)(cid:150)(cid:131)(cid:148)(cid:131),(cid:889)(cid:887),(cid:885)(cid:890),(cid:887)(cid:882)(cid:481)(cid:888)(cid:889),,,,,,,,,,,,,,,,,,,,,,,,,,,,,,
(cid:884)(cid:888),(cid:22)(cid:151)(cid:142)(cid:131)(cid:153)(cid:135)(cid:149)(cid:139)(cid:3)(cid:23)(cid:135)(cid:144)(cid:137)(cid:131)(cid:138),(cid:884)(cid:887)(cid:891),(cid:883)(cid:888)(cid:891),(cid:888)(cid:887)(cid:481)(cid:884)(cid:887),,,,,,,,,,,,,,,,,,,,,,,,,,,,,,
(cid:884)(cid:889),(cid:22)(cid:151)(cid:142)(cid:131)(cid:153)(cid:135)(cid:149)(cid:139)(cid:3)(cid:22)(cid:135)(cid:142)(cid:131)(cid:150)(cid:131)(cid:144),(cid:884)(cid:887)(cid:891),(cid:883)(cid:884)(cid:891),(cid:886)(cid:891)(cid:481)(cid:890)(cid:883),,,,,,,,,,,,,,,,,,,,,,,,,,,,,,
(cid:884)(cid:890),(cid:22)(cid:151)(cid:142)(cid:131)(cid:153)(cid:135)(cid:149)(cid:139)(cid:3)(cid:23)(cid:135)(cid:144)(cid:137)(cid:137)(cid:131)(cid:148)(cid:131),(cid:888)(cid:882)(cid:882),(cid:885)(cid:889)(cid:890),(cid:888)(cid:885)(cid:481)(cid:882)(cid:882),,,,,,,,,,,,,,,,,,,,,,,,,,,,,,
(cid:884)(cid:891),(cid:10)(cid:145)(cid:148)(cid:145)(cid:144)(cid:150)(cid:131)(cid:142)(cid:145),(cid:885)(cid:886)(cid:890),(cid:883)(cid:888)(cid:883),(cid:886)(cid:888)(cid:481)(cid:884)(cid:888),,,,,,,,,,,,,,,,,,,,,,,,,,,,,,
(cid:885)(cid:882),(cid:22)(cid:151)(cid:142)(cid:131)(cid:153)(cid:135)(cid:149)(cid:139)(cid:3)(cid:5)(cid:131)(cid:148)(cid:131)(cid:150),(cid:883)(cid:883)(cid:887),(cid:887)(cid:886),(cid:886)(cid:888)(cid:481)(cid:891)(cid:888),,,,,,,,,,,,,,,,,,,,,,,,,,,,,,
(cid:885)(cid:883),(cid:16)(cid:131)(cid:142)(cid:151)(cid:141)(cid:151),(cid:883)(cid:883)(cid:886),(cid:888)(cid:884),(cid:887)(cid:886)(cid:481)(cid:885)(cid:891),,,,,,,,,,,,,,,,,,,,,,,,,,,,,,
(cid:885)(cid:884),(cid:16)(cid:131)(cid:142)(cid:151)(cid:141)(cid:151)(cid:3)(cid:24)(cid:150)(cid:131)(cid:148)(cid:131),(cid:884)(cid:889)(cid:883),(cid:887)(cid:887),(cid:884)(cid:882)(cid:481)(cid:885)(cid:882),,,,,,,,,,,,,,,,,,,,,,,,,,,,,,
(cid:885)(cid:885),(cid:19)(cid:131)(cid:146)(cid:151)(cid:131),(cid:883)(cid:889)(cid:885),(cid:887)(cid:884),(cid:885)(cid:882)(cid:481)(cid:882)(cid:888),,,,,,,,,,,,,,,,,,,,,,,,,,,,,,
(cid:885)(cid:886),(cid:19)(cid:131)(cid:146)(cid:151)(cid:131)(cid:3)(cid:5)(cid:131)(cid:148)(cid:131)(cid:150),(cid:883)(cid:886)(cid:883),(cid:887)(cid:883),(cid:885)(cid:888)(cid:481)(cid:883)(cid:889),,,,,,,,,,,,,,,,,,,,,,,,,,,,,,
(cid:885)(cid:887),(cid:19)(cid:131)(cid:146)(cid:151)(cid:131)(cid:3)(cid:22)(cid:135)(cid:142)(cid:131)(cid:150)(cid:131)(cid:144),(cid:891)(cid:884),(cid:884)(cid:884),(cid:884)(cid:885)(cid:481)(cid:891)(cid:883),,,,,,,,,,,,,,,,,,,,,,,,,,,,,,
(cid:885)(cid:888),(cid:19)(cid:131)(cid:146)(cid:151)(cid:131)(cid:3)(cid:23)(cid:135)(cid:144)(cid:137)(cid:131)(cid:138),(cid:891)(cid:885),(cid:883)(cid:890),(cid:883)(cid:891)(cid:481)(cid:885)(cid:887),,,,,,,,,,,,,,,,,,,,,,,,,,,,,,
(cid:885)(cid:889),(cid:19)(cid:131)(cid:146)(cid:151)(cid:131)(cid:3)(cid:19)(cid:135)(cid:137)(cid:151)(cid:144)(cid:151)(cid:144)(cid:137)(cid:131)(cid:144),(cid:883)(cid:886)(cid:882),(cid:884)(cid:889),(cid:883)(cid:891)(cid:481)(cid:884)(cid:891),,,,,,,,,,,,,,,,,,,,,,,,,,,,,,
Indonesia (cid:885)(cid:890) (cid:19)(cid:131)(cid:146)(cid:151)(cid:131)(cid:3)(cid:5)(cid:131)(cid:148)(cid:131)(cid:150)(cid:3)(cid:7)(cid:131)(cid:155)(cid:131),,(cid:883)(cid:890)(cid:890) 13.496,(cid:891) 8.907,"(cid:886)(cid:481)(cid:889)(cid:891) 66,00",,,,,,,,,,,,,,,,,,,,,,,,,,,,,,
