"9 9 9 39 29 29 29 ,19 ,19 ,09 ,09 3,09 9,98 7,98 5,88 1,78 8,58 5,58 4,58 3,58 1,58 9,48 9,48 5,18 3,47 4,37 8,07 3,06 3,25 8,84 496.12 438.81 713.71 784.71 268.51 687.41 021.51 863.51 986.51 710.11 588.01 725.31 824.31 352.21 654.11 544.8 065.9 799.11 047.9 349.11 057.9 722.11 139.21 532.9 444.9 950.9 250.01 766.01 624.11 743.21 154.01 656.31 117.31 735.11",,,,,,,,,,,,,,,,,,,,,,,,,,,,,,,,
,,,,,,,,,,,496.12,,,,,,,,,,,,,,,,,,,,,
,,,,,,,,,,,,,,,,438.81,,,,,,,,,,,,,,,,
,,,,,,,,,784.71,,,,,,,,,,,,,,,,,,,,,,,
,,,268.51,,,,,021.51,,,,863.51,,,986.51,,,,,,,,,,,,,,,,,
,,725.31,,824.31,,,,,,,,,,,,,,656.31,117.31,,,,,,,,,,,,,
710.11,588.01,,,,352.21,654.11,,,,766.01,,,624.11,743.21,,,154.01,,,735.11,,,,,,,,,,,,
,,,,,,,544.8,,,,,,,,,,,,,,,,,,,,,,,,,
713.71,,,,,,,,,,,,,,,,,,,,,,,,,,,,,,,,
,799.11,047.9,,,,,,,,,,,,,,,,,,,,,,,,,,,,,,
,,,139.21,,,,,,,,,,,,,,,,,,,,,,,,,,,,,
349.11,057.9,722.11,,,,,,,,,,,,,,,,,,,,,,,,,,,,,,
TAHUN 2022,,,,,,,,,,,,,,,,,,,,,,,,,,,,,,,,
Indonesia : 12 kematian : 21 kasus TN,,,,,,,,,,,,,,,,,,,,,,,,,,,,,,,,
TAHUN 2023,,,,,,,,,,,,,,,,,,,,,,,,,,,,,,,,
Indonesia : 13 kematian : 27 kasus TN,,,,,,,,,,,,,,,,,,,,,,,,,,,,,,,,
No,Provinsi,Jumlah UTD,,,,,,,,,,,,,,,,,,,,,,,,,,,,,,
,,Pemerintah/ Pemerintah Daerah,Palang Merah Indonesia (PMI),Jumlah,,,,,,,,,,,,,,,,,,,,,,,,,,,,
(1),(2),(3),(4),(5),,,,,,,,,,,,,,,,,,,,,,,,,,,,
(cid:883),(cid:4)(cid:133)(cid:135)(cid:138),(cid:883)(cid:886),(cid:887),(cid:883)(cid:891),,,,,,,,,,,,,,,,,,,,,,,,,,,,
(cid:884),(cid:22)(cid:151)(cid:143)(cid:131)(cid:150)(cid:135)(cid:148)(cid:131)(cid:3)(cid:24)(cid:150)(cid:131)(cid:148)(cid:131),(cid:884)(cid:882),(cid:883)(cid:885),(cid:885)(cid:885),,,,,,,,,,,,,,,,,,,,,,,,,,,,
(cid:885),(cid:22)(cid:151)(cid:143)(cid:131)(cid:150)(cid:135)(cid:148)(cid:131)(cid:3)(cid:5)(cid:131)(cid:148)(cid:131)(cid:150),(cid:883)(cid:883),(cid:886),(cid:883)(cid:887),,,,,,,,,,,,,,,,,,,,,,,,,,,,
(cid:886),(cid:21)(cid:139)(cid:131)(cid:151),(cid:889),(cid:887),(cid:883)(cid:884),,,,,,,,,,,,,,,,,,,,,,,,,,,,
(cid:887),(cid:13)(cid:131)(cid:143)(cid:132)(cid:139),(cid:885),(cid:883),(cid:886),,,,,,,,,,,,,,,,,,,,,,,,,,,,
(cid:888),(cid:22)(cid:151)(cid:143)(cid:131)(cid:150)(cid:135)(cid:148)(cid:131)(cid:3)(cid:22)(cid:135)(cid:142)(cid:131)(cid:150)(cid:131)(cid:144),(cid:883)(cid:883),(cid:888),(cid:883)(cid:889),,,,,,,,,,,,,,,,,,,,,,,,,,,,
(cid:889),(cid:5)(cid:135)(cid:144)(cid:137)(cid:141)(cid:151)(cid:142)(cid:151),(cid:887),(cid:886),(cid:891),,,,,,,,,,,,,,,,,,,,,,,,,,,,
(cid:890),(cid:15)(cid:131)(cid:143)(cid:146)(cid:151)(cid:144)(cid:137),(cid:888),(cid:890),(cid:883)(cid:886),,,,,,,,,,,,,,,,,,,,,,,,,,,,
(cid:891),(cid:14)(cid:135)(cid:146)(cid:151)(cid:142)(cid:131)(cid:151)(cid:131)(cid:144)(cid:3)(cid:5)(cid:131)(cid:144)(cid:137)(cid:141)(cid:131)(cid:3)(cid:5)(cid:135)(cid:142)(cid:139)(cid:150)(cid:151)(cid:144)(cid:137),(cid:887),(cid:885),(cid:890),,,,,,,,,,,,,,,,,,,,,,,,,,,,
(cid:883)(cid:882),(cid:14)(cid:135)(cid:146)(cid:151)(cid:142)(cid:131)(cid:151)(cid:131)(cid:144)(cid:3)(cid:21)(cid:139)(cid:131)(cid:151),(cid:884),(cid:884),(cid:886),,,,,,,,,,,,,,,,,,,,,,,,,,,,
(cid:883)(cid:883),(cid:7)(cid:14)(cid:12)(cid:3)(cid:13)(cid:131)(cid:141)(cid:131)(cid:148)(cid:150)(cid:131),(cid:887),(cid:884),(cid:889),,,,,,,,,,,,,,,,,,,,,,,,,,,,
(cid:883)(cid:884),(cid:13)(cid:131)(cid:153)(cid:131)(cid:3)(cid:5)(cid:131)(cid:148)(cid:131)(cid:150),(cid:886),(cid:884)(cid:888),(cid:885)(cid:882),,,,,,,,,,,,,,,,,,,,,,,,,,,,
(cid:883)(cid:885),(cid:13)(cid:131)(cid:153)(cid:131)(cid:3)(cid:23)(cid:135)(cid:144)(cid:137)(cid:131)(cid:138),(cid:884),(cid:885)(cid:887),(cid:885)(cid:889),,,,,,,,,,,,,,,,,,,,,,,,,,,,
(cid:883)(cid:886),(cid:7)(cid:12)(cid:3)(cid:28)(cid:145)(cid:137)(cid:155)(cid:131)(cid:141)(cid:131)(cid:148)(cid:150)(cid:131),(cid:883),(cid:887),(cid:888),,,,,,,,,,,,,,,,,,,,,,,,,,,,
(cid:883)(cid:887),(cid:13)(cid:131)(cid:153)(cid:131)(cid:3)(cid:23)(cid:139)(cid:143)(cid:151)(cid:148),(cid:885),(cid:885)(cid:890),(cid:886)(cid:883),,,,,,,,,,,,,,,,,,,,,,,,,,,,
(cid:883)(cid:888),(cid:5)(cid:131)(cid:144)(cid:150)(cid:135)(cid:144),(cid:882),(cid:888),(cid:888),,,,,,,,,,,,,,,,,,,,,,,,,,,,
(cid:883)(cid:889),(cid:5)(cid:131)(cid:142)(cid:139),(cid:883),(cid:883)(cid:882),(cid:883)(cid:883),,,,,,,,,,,,,,,,,,,,,,,,,,,,
(cid:883)(cid:890),(cid:17)(cid:151)(cid:149)(cid:131)(cid:3)(cid:23)(cid:135)(cid:144)(cid:137)(cid:137)(cid:131)(cid:148)(cid:131)(cid:3)(cid:5)(cid:131)(cid:148)(cid:131)(cid:150),(cid:890),(cid:885),(cid:883)(cid:883),,,,,,,,,,,,,,,,,,,,,,,,,,,,
(cid:883)(cid:891),(cid:17)(cid:151)(cid:149)(cid:131)(cid:3)(cid:23)(cid:135)(cid:144)(cid:137)(cid:137)(cid:131)(cid:148)(cid:131)(cid:3)(cid:23)(cid:139)(cid:143)(cid:151)(cid:148),(cid:884),(cid:888),(cid:890),,,,,,,,,,,,,,,,,,,,,,,,,,,,
(cid:884)(cid:882),(cid:14)(cid:131)(cid:142)(cid:139)(cid:143)(cid:131)(cid:144)(cid:150)(cid:131)(cid:144)(cid:3)(cid:5)(cid:131)(cid:148)(cid:131)(cid:150),(cid:888),(cid:885),(cid:891),,,,,,,,,,,,,,,,,,,,,,,,,,,,
(cid:884)(cid:883),(cid:14)(cid:131)(cid:142)(cid:139)(cid:143)(cid:131)(cid:144)(cid:150)(cid:131)(cid:144)(cid:3)(cid:23)(cid:135)(cid:144)(cid:137)(cid:131)(cid:138),(cid:891),(cid:884),(cid:883)(cid:883),,,,,,,,,,,,,,,,,,,,,,,,,,,,
(cid:884)(cid:884),(cid:14)(cid:131)(cid:142)(cid:139)(cid:143)(cid:131)(cid:144)(cid:150)(cid:131)(cid:144)(cid:3)(cid:22)(cid:135)(cid:142)(cid:131)(cid:150)(cid:131)(cid:144),(cid:890),(cid:887),(cid:883)(cid:885),,,,,,,,,,,,,,,,,,,,,,,,,,,,
(cid:884)(cid:885),(cid:14)(cid:131)(cid:142)(cid:139)(cid:143)(cid:131)(cid:144)(cid:150)(cid:131)(cid:144)(cid:3)(cid:23)(cid:139)(cid:143)(cid:151)(cid:148),(cid:886),(cid:885),(cid:889),,,,,,,,,,,,,,,,,,,,,,,,,,,,
(cid:884)(cid:886),(cid:14)(cid:131)(cid:142)(cid:139)(cid:143)(cid:131)(cid:144)(cid:150)(cid:131)(cid:144)(cid:3)(cid:24)(cid:150)(cid:131)(cid:148)(cid:131),(cid:883),(cid:884),(cid:885),,,,,,,,,,,,,,,,,,,,,,,,,,,,
(cid:884)(cid:887),(cid:22)(cid:151)(cid:142)(cid:131)(cid:153)(cid:135)(cid:149)(cid:139)(cid:3)(cid:24)(cid:150)(cid:131)(cid:148)(cid:131),(cid:884),(cid:887),(cid:889),,,,,,,,,,,,,,,,,,,,,,,,,,,,
(cid:884)(cid:888),(cid:22)(cid:151)(cid:142)(cid:131)(cid:153)(cid:135)(cid:149)(cid:139)(cid:3)(cid:23)(cid:135)(cid:144)(cid:137)(cid:131)(cid:138),(cid:889),(cid:888),(cid:883)(cid:885),,,,,,,,,,,,,,,,,,,,,,,,,,,,
(cid:884)(cid:889),(cid:22)(cid:151)(cid:142)(cid:131)(cid:153)(cid:135)(cid:149)(cid:139)(cid:3)(cid:22)(cid:135)(cid:142)(cid:131)(cid:150)(cid:131)(cid:144),(cid:883)(cid:890),(cid:887),(cid:884)(cid:885),,,,,,,,,,,,,,,,,,,,,,,,,,,,
(cid:884)(cid:890),(cid:22)(cid:151)(cid:142)(cid:131)(cid:153)(cid:135)(cid:149)(cid:139)(cid:3)(cid:23)(cid:135)(cid:144)(cid:137)(cid:137)(cid:131)(cid:148)(cid:131),(cid:886),(cid:882),(cid:886),,,,,,,,,,,,,,,,,,,,,,,,,,,,
(cid:884)(cid:891),(cid:10)(cid:145)(cid:148)(cid:145)(cid:144)(cid:150)(cid:131)(cid:142)(cid:145),(cid:885),(cid:885),(cid:888),,,,,,,,,,,,,,,,,,,,,,,,,,,,
(cid:885)(cid:882),(cid:22)(cid:151)(cid:142)(cid:131)(cid:153)(cid:135)(cid:149)(cid:139)(cid:3)(cid:5)(cid:131)(cid:148)(cid:131)(cid:150),(cid:885),(cid:883),(cid:886),,,,,,,,,,,,,,,,,,,,,,,,,,,,
(cid:885)(cid:883),(cid:16)(cid:131)(cid:142)(cid:151)(cid:141)(cid:151),(cid:888),(cid:882),(cid:888),,,,,,,,,,,,,,,,,,,,,,,,,,,,
(cid:885)(cid:884),(cid:16)(cid:131)(cid:142)(cid:151)(cid:141)(cid:151)(cid:3)(cid:24)(cid:150)(cid:131)(cid:148)(cid:131),(cid:887),(cid:883),(cid:888),,,,,,,,,,,,,,,,,,,,,,,,,,,,
(cid:885)(cid:885),(cid:19)(cid:131)(cid:146)(cid:151)(cid:131),(cid:882),(cid:882),(cid:882),,,,,,,,,,,,,,,,,,,,,,,,,,,,
(cid:885)(cid:886) (cid:885)(cid:887),(cid:19)(cid:131)(cid:146)(cid:151)(cid:131)(cid:3)(cid:5)(cid:131)(cid:148)(cid:131)(cid:150) (cid:19)(cid:131)(cid:146)(cid:151)(cid:131)(cid:3)(cid:22)(cid:135)(cid:142)(cid:131)(cid:150)(cid:131)(cid:144),(cid:883) (cid:883),(cid:882) (cid:882),(cid:883) (cid:883),,,,,,,,,,,,,,,,,,,,,,,,,,,,
(cid:885)(cid:888),(cid:19)(cid:131)(cid:146)(cid:151)(cid:131)(cid:3)(cid:23)(cid:135)(cid:144)(cid:137)(cid:131)(cid:138),(cid:882),(cid:882),(cid:882),,,,,,,,,,,,,,,,,,,,,,,,,,,,
(cid:885)(cid:889),(cid:19)(cid:131)(cid:146)(cid:151)(cid:131)(cid:3)(cid:19)(cid:135)(cid:137)(cid:151)(cid:144)(cid:151)(cid:144)(cid:137)(cid:131)(cid:144),(cid:882),(cid:882),(cid:882),,,,,,,,,,,,,,,,,,,,,,,,,,,,
Indonesia,,190,218,408,,,,,,,,,,,,,,,,,,,,,,,,,,,,
No,Fasilitas Kesehatan,Pemilikan/Pengelola,,,,,,,,,,,,,,,,,,,,,,,,,,,,,,
,,Kemenkes,,Pemerintah Provinsi,,Pemerintah Kab/Kota,,TNI/POLRI,,BUMN/Kementerian Lain,,Swasta,,Jumlah,,,,,,,,,,,,,,,,,,
,,RS Umum,RS Khusus,RS Umum,RS Khusus,RS Umum,RS Khusus,RS Umum,RS Khusus,RS Umum,RS Khusus,RS Umum,RS Khusus,RS Umum,RS Khusus,,,,,,,,,,,,,,,,,
(1),(2),(3),(4),(5),(6),(7),(8),(9),(10),(11),(12),(13),(14),(15),(16),,,,,,,,,,,,,,,,,
(cid:883),(cid:3)(cid:4)(cid:133)(cid:135)(cid:138),(cid:882),(cid:882),(cid:883),(cid:884),(cid:884)(cid:887),(cid:882),(cid:887),(cid:882),(cid:886),(cid:882),(cid:885)(cid:886),(cid:888),(cid:888)(cid:891),(cid:890),,,,,,,,,,,,,,,,,
(cid:884),(cid:3)(cid:22)(cid:151)(cid:143)(cid:131)(cid:150)(cid:135)(cid:148)(cid:131)(cid:3)(cid:24)(cid:150)(cid:131)(cid:148)(cid:131),(cid:883),(cid:882),(cid:884),(cid:885),(cid:886)(cid:883),(cid:882),(cid:891),(cid:882),(cid:891),(cid:883),(cid:883)(cid:884)(cid:886),(cid:884)(cid:884),(cid:883)(cid:890)(cid:888),(cid:884)(cid:888),,,,,,,,,,,,,,,,,
(cid:885),(cid:3)(cid:22)(cid:151)(cid:143)(cid:131)(cid:150)(cid:135)(cid:148)(cid:131)(cid:3)(cid:5)(cid:131)(cid:148)(cid:131)(cid:150),(cid:883),(cid:883),(cid:885),(cid:884),(cid:884)(cid:886),(cid:882),(cid:886),(cid:882),(cid:884),(cid:883),(cid:883)(cid:890),(cid:884)(cid:888),(cid:887)(cid:884),(cid:885)(cid:882),,,,,,,,,,,,,,,,,
(cid:886),(cid:3)(cid:21)(cid:139)(cid:131)(cid:151),(cid:882),(cid:882),(cid:884),(cid:883),(cid:883)(cid:888),(cid:882),(cid:886),(cid:882),(cid:885),(cid:882),(cid:886)(cid:882),(cid:883)(cid:885),(cid:888)(cid:887),(cid:883)(cid:886),,,,,,,,,,,,,,,,,
(cid:887),(cid:3)(cid:13)(cid:131)(cid:143)(cid:132)(cid:139),(cid:882),(cid:882),(cid:883),(cid:883),(cid:883)(cid:889),(cid:882),(cid:884),(cid:882),(cid:882),(cid:882),(cid:883)(cid:891),(cid:884),(cid:885)(cid:891),(cid:885),,,,,,,,,,,,,,,,,
(cid:888),(cid:3)(cid:22)(cid:151)(cid:143)(cid:131)(cid:150)(cid:135)(cid:148)(cid:131)(cid:3)(cid:22)(cid:135)(cid:142)(cid:131)(cid:150)(cid:131)(cid:144),(cid:884),(cid:882),(cid:883),(cid:885),(cid:885)(cid:882),(cid:882),(cid:886),(cid:882),(cid:885),(cid:882),(cid:884)(cid:891),(cid:883)(cid:885),(cid:888)(cid:891),(cid:883)(cid:888),,,,,,,,,,,,,,,,,
(cid:889),(cid:3)(cid:5)(cid:135)(cid:144)(cid:137)(cid:141)(cid:151)(cid:142)(cid:151),(cid:882),(cid:882),(cid:883),(cid:883),(cid:883)(cid:884),(cid:883),(cid:884),(cid:882),(cid:882),(cid:882),(cid:890),(cid:883),(cid:884)(cid:885),(cid:885),,,,,,,,,,,,,,,,,
(cid:890),(cid:3)(cid:15)(cid:131)(cid:143)(cid:146)(cid:151)(cid:144)(cid:137),(cid:882),(cid:882),(cid:884),(cid:883),(cid:883)(cid:888),(cid:882),(cid:884),(cid:882),(cid:882),(cid:882),(cid:886)(cid:884),(cid:883)(cid:890),(cid:888)(cid:884),(cid:883)(cid:891),,,,,,,,,,,,,,,,,
(cid:891),(cid:3)(cid:14)(cid:135)(cid:146)(cid:151)(cid:142)(cid:131)(cid:151)(cid:131)(cid:144)(cid:3)(cid:5)(cid:131)(cid:144)(cid:137)(cid:141)(cid:131)(cid:3),(cid:882),(cid:882),(cid:883),(cid:883),(cid:883)(cid:883),(cid:882),(cid:883),(cid:882),(cid:882),(cid:882),(cid:883)(cid:882),(cid:885),(cid:884)(cid:885),(cid:886),,,,,,,,,,,,,,,,,
(cid:883)(cid:882),(cid:5)(cid:135)(cid:142)(cid:139)(cid:150)(cid:151)(cid:144)(cid:137) (cid:3)(cid:14)(cid:135)(cid:146)(cid:151)(cid:142)(cid:131)(cid:151)(cid:131)(cid:144)(cid:3)(cid:21)(cid:139)(cid:131)(cid:151),(cid:882),(cid:882),(cid:883),(cid:883),(cid:883)(cid:884),(cid:882),(cid:885),(cid:882),(cid:883),(cid:882),(cid:883)(cid:888),(cid:886),(cid:885)(cid:885),(cid:887),,,,,,,,,,,,,,,,,
(cid:883)(cid:883),(cid:3)(cid:7)(cid:14)(cid:12)(cid:3)(cid:13)(cid:131)(cid:141)(cid:131)(cid:148)(cid:150)(cid:131),(cid:885),(cid:889),(cid:885)(cid:882),(cid:883),(cid:882),(cid:882),(cid:891),(cid:884),(cid:890),(cid:883),(cid:891)(cid:882),(cid:886)(cid:887),(cid:883)(cid:886)(cid:882),(cid:887)(cid:888),,,,,,,,,,,,,,,,,
(cid:883)(cid:884),(cid:3)(cid:13)(cid:131)(cid:153)(cid:131)(cid:3)(cid:5)(cid:131)(cid:148)(cid:131)(cid:150),(cid:883),(cid:886),(cid:886),(cid:884),(cid:887)(cid:889),(cid:883),(cid:883)(cid:887),(cid:882),(cid:886),(cid:883),(cid:884)(cid:889)(cid:886),(cid:887)(cid:883),(cid:885)(cid:887)(cid:887),(cid:887)(cid:891),,,,,,,,,,,,,,,,,
(cid:883)(cid:885),(cid:3)(cid:13)(cid:131)(cid:153)(cid:131)(cid:3)(cid:23)(cid:135)(cid:144)(cid:137)(cid:131)(cid:138),(cid:885),(cid:885),(cid:886),(cid:885),(cid:888)(cid:882),(cid:883),(cid:883)(cid:884),(cid:882),(cid:886),(cid:883),(cid:884)(cid:883)(cid:888),(cid:885)(cid:890),(cid:884)(cid:891)(cid:891),(cid:886)(cid:888),,,,,,,,,,,,,,,,,
(cid:883)(cid:886),(cid:3)(cid:7)(cid:12)(cid:3)(cid:28)(cid:145)(cid:137)(cid:155)(cid:131)(cid:141)(cid:131)(cid:148)(cid:150)(cid:131),(cid:883),(cid:882),(cid:882),(cid:884),(cid:883)(cid:882),(cid:882),(cid:885),(cid:882),(cid:883),(cid:883),(cid:886)(cid:889),(cid:883)(cid:887),(cid:888)(cid:884),(cid:883)(cid:890),,,,,,,,,,,,,,,,,
(cid:883)(cid:887),(cid:3)(cid:13)(cid:131)(cid:153)(cid:131)(cid:3)(cid:23)(cid:139)(cid:143)(cid:151)(cid:148),(cid:882),(cid:883),(cid:883)(cid:882),(cid:886),(cid:889)(cid:884),(cid:882),(cid:884)(cid:886),(cid:883),(cid:886),(cid:884),(cid:884)(cid:885)(cid:882),(cid:889)(cid:887),(cid:885)(cid:886)(cid:882),(cid:890)(cid:885),,,,,,,,,,,,,,,,,
(cid:883)(cid:888),(cid:3)(cid:5)(cid:131)(cid:144)(cid:150)(cid:135)(cid:144),(cid:883),(cid:882),(cid:884),(cid:882),(cid:883)(cid:885),(cid:882),(cid:885),(cid:882),(cid:885),(cid:882),(cid:890)(cid:883),(cid:884)(cid:887),(cid:883)(cid:882)(cid:885),(cid:884)(cid:887),,,,,,,,,,,,,,,,,
(cid:883)(cid:889),(cid:3)(cid:5)(cid:131)(cid:142)(cid:139),(cid:883),(cid:882),(cid:883),(cid:884),(cid:883)(cid:887),(cid:882),(cid:885),(cid:882),(cid:883),(cid:882),(cid:886)(cid:884),(cid:883)(cid:882),(cid:888)(cid:885),(cid:883)(cid:884),,,,,,,,,,,,,,,,,
(cid:883)(cid:890),(cid:3)(cid:17)(cid:151)(cid:149)(cid:131)(cid:3)(cid:23)(cid:135)(cid:144)(cid:137)(cid:137)(cid:131)(cid:148)(cid:131)(cid:3)(cid:5)(cid:131)(cid:148)(cid:131)(cid:150),(cid:882),(cid:882),(cid:885),(cid:884),(cid:883)(cid:888),(cid:882),(cid:884),(cid:882),(cid:882),(cid:882),(cid:883)(cid:889),(cid:887),(cid:885)(cid:890),(cid:889),,,,,,,,,,,,,,,,,
(cid:883)(cid:891),(cid:3)(cid:17)(cid:151)(cid:149)(cid:131)(cid:3)(cid:23)(cid:135)(cid:144)(cid:137)(cid:137)(cid:131)(cid:148)(cid:131)(cid:3)(cid:23)(cid:139)(cid:143)(cid:151)(cid:148),(cid:883),(cid:882),(cid:883),(cid:883),(cid:884)(cid:889),(cid:882),(cid:886),(cid:882),(cid:883),(cid:882),(cid:884)(cid:884),(cid:884),(cid:887)(cid:888),(cid:885),,,,,,,,,,,,,,,,,
(cid:884)(cid:882),(cid:3)(cid:14)(cid:131)(cid:142)(cid:139)(cid:143)(cid:131)(cid:144)(cid:150)(cid:131)(cid:144)(cid:3)(cid:5)(cid:131)(cid:148)(cid:131)(cid:150),(cid:882),(cid:882),(cid:883),(cid:883),(cid:884)(cid:884),(cid:883),(cid:887),(cid:882),(cid:883),(cid:882),(cid:883)(cid:891),(cid:888),(cid:886)(cid:890),(cid:890),,,,,,,,,,,,,,,,,
(cid:884)(cid:883),(cid:3)(cid:14)(cid:131)(cid:142)(cid:139)(cid:143)(cid:131)(cid:144)(cid:150)(cid:131)(cid:144)(cid:3)(cid:23)(cid:135)(cid:144)(cid:137)(cid:131)(cid:138),(cid:882),(cid:882),(cid:884),(cid:883),(cid:883)(cid:891),(cid:882),(cid:884),(cid:882),(cid:882),(cid:882),(cid:889),(cid:884),(cid:885)(cid:882),(cid:885),,,,,,,,,,,,,,,,,
(cid:884)(cid:884),(cid:3)(cid:14)(cid:131)(cid:142)(cid:139)(cid:143)(cid:131)(cid:144)(cid:150)(cid:131)(cid:144)(cid:3)(cid:22)(cid:135)(cid:142)(cid:131)(cid:150)(cid:131)(cid:144),(cid:882),(cid:882),(cid:884),(cid:884),(cid:883)(cid:888),(cid:882),(cid:886),(cid:882),(cid:884),(cid:882),(cid:883)(cid:891),(cid:889),(cid:886)(cid:885),(cid:891),,,,,,,,,,,,,,,,,
(cid:884)(cid:885),(cid:3)(cid:14)(cid:131)(cid:142)(cid:139)(cid:143)(cid:131)(cid:144)(cid:150)(cid:131)(cid:144)(cid:3)(cid:23)(cid:139)(cid:143)(cid:151)(cid:148),(cid:882),(cid:882),(cid:885),(cid:884),(cid:883)(cid:890),(cid:883),(cid:886),(cid:882),(cid:883),(cid:882),(cid:884)(cid:883),(cid:890),(cid:886)(cid:889),(cid:883)(cid:883),,,,,,,,,,,,,,,,,
(cid:884)(cid:886),(cid:3)(cid:14)(cid:131)(cid:142)(cid:139)(cid:143)(cid:131)(cid:144)(cid:150)(cid:131)(cid:144)(cid:3)(cid:24)(cid:150)(cid:131)(cid:148)(cid:131),(cid:882),(cid:882),(cid:883),(cid:882),(cid:883)(cid:883),(cid:882),(cid:884),(cid:882),(cid:883),(cid:882),(cid:883),(cid:882),(cid:883)(cid:888),(cid:882),,,,,,,,,,,,,,,,,
(cid:884)(cid:887),(cid:3)(cid:22)(cid:151)(cid:142)(cid:131)(cid:153)(cid:135)(cid:149)(cid:139)(cid:3)(cid:24)(cid:150)(cid:131)(cid:148)(cid:131),(cid:884),(cid:882),(cid:885),(cid:885),(cid:883)(cid:891),(cid:883),(cid:886),(cid:882),(cid:882),(cid:883),(cid:884)(cid:883),(cid:885),(cid:886)(cid:891),(cid:890),,,,,,,,,,,,,,,,,
(cid:884)(cid:888),(cid:3)(cid:22)(cid:151)(cid:142)(cid:131)(cid:153)(cid:135)(cid:149)(cid:139)(cid:3)(cid:23)(cid:135)(cid:144)(cid:137)(cid:131)(cid:138),(cid:882),(cid:882),(cid:884),(cid:882),(cid:884)(cid:886),(cid:882),(cid:885),(cid:882),(cid:883),(cid:882),(cid:888),(cid:886),(cid:885)(cid:888),(cid:886),,,,,,,,,,,,,,,,,
(cid:884)(cid:889),(cid:3)(cid:22)(cid:151)(cid:142)(cid:131)(cid:153)(cid:135)(cid:149)(cid:139)(cid:3)(cid:22)(cid:135)(cid:142)(cid:131)(cid:150)(cid:131)(cid:144),(cid:884),(cid:883),(cid:886),(cid:886),(cid:885)(cid:891),(cid:883),(cid:888),(cid:883),(cid:884),(cid:884),(cid:886)(cid:886),(cid:883)(cid:891),(cid:891)(cid:889),(cid:884)(cid:890),,,,,,,,,,,,,,,,,
(cid:884)(cid:890),(cid:3)(cid:22)(cid:151)(cid:142)(cid:131)(cid:153)(cid:135)(cid:149)(cid:139)(cid:3)(cid:23)(cid:135)(cid:144)(cid:137)(cid:137)(cid:131)(cid:148)(cid:131),(cid:882),(cid:882),(cid:883),(cid:884),(cid:883)(cid:889),(cid:882),(cid:884),(cid:882),(cid:883),(cid:882),(cid:883)(cid:890),(cid:884),(cid:885)(cid:891),(cid:886),,,,,,,,,,,,,,,,,
(cid:884)(cid:891),(cid:3)(cid:10)(cid:145)(cid:148)(cid:145)(cid:144)(cid:150)(cid:131)(cid:142)(cid:145),(cid:882),(cid:882),(cid:883),(cid:882),(cid:883)(cid:884),(cid:882),(cid:884),(cid:882),(cid:882),(cid:882),(cid:886),(cid:883),(cid:883)(cid:891),(cid:883),,,,,,,,,,,,,,,,,
(cid:885)(cid:882),(cid:3)(cid:22)(cid:151)(cid:142)(cid:131)(cid:153)(cid:135)(cid:149)(cid:139)(cid:3)(cid:5)(cid:131)(cid:148)(cid:131)(cid:150),(cid:882),(cid:882),(cid:883),(cid:882),(cid:890),(cid:882),(cid:883),(cid:882),(cid:882),(cid:882),(cid:885),(cid:884),(cid:883)(cid:885),(cid:884),,,,,,,,,,,,,,,,,
(cid:885)(cid:883),(cid:3)(cid:16)(cid:131)(cid:142)(cid:151)(cid:141)(cid:151),(cid:883),(cid:882),(cid:884),(cid:883),(cid:883)(cid:888),(cid:882),(cid:885),(cid:882),(cid:882),(cid:882),(cid:889),(cid:882),(cid:884)(cid:891),(cid:883),,,,,,,,,,,,,,,,,
(cid:885)(cid:884),(cid:3)(cid:16)(cid:131)(cid:142)(cid:151)(cid:141)(cid:151)(cid:3)(cid:24)(cid:150)(cid:131)(cid:148)(cid:131),(cid:882),(cid:882),(cid:884),(cid:883),(cid:883)(cid:885),(cid:882),(cid:884),(cid:882),(cid:882),(cid:882),(cid:886),(cid:883),(cid:884)(cid:883),(cid:884),,,,,,,,,,,,,,,,,
(cid:885)(cid:885),(cid:3)(cid:19)(cid:131)(cid:146)(cid:151)(cid:131)(cid:3)(cid:3),(cid:882),(cid:882),(cid:884),(cid:883),(cid:891),(cid:882),(cid:887),(cid:882),(cid:882),(cid:882),(cid:884),(cid:882),(cid:883)(cid:890),(cid:883),,,,,,,,,,,,,,,,,
(cid:885)(cid:886),(cid:3)(cid:19)(cid:131)(cid:146)(cid:151)(cid:131)(cid:3)(cid:5)(cid:131)(cid:148)(cid:131)(cid:150),(cid:882),(cid:882),(cid:883),(cid:882),(cid:889),(cid:882),(cid:885),(cid:882),(cid:882),(cid:882),(cid:883),(cid:882),(cid:883)(cid:884),(cid:882),,,,,,,,,,,,,,,,,
(cid:885)(cid:887),(cid:3)(cid:19)(cid:131)(cid:146)(cid:151)(cid:131)(cid:3)(cid:22)(cid:135)(cid:142)(cid:131)(cid:150)(cid:131)(cid:144),(cid:882),(cid:882),(cid:882),(cid:882),(cid:887),(cid:882),(cid:884),(cid:882),(cid:882),(cid:882),(cid:883),(cid:882),(cid:890),(cid:882),,,,,,,,,,,,,,,,,
(cid:885)(cid:888),(cid:3)(cid:19)(cid:131)(cid:146)(cid:151)(cid:131)(cid:3)(cid:23)(cid:135)(cid:144)(cid:137)(cid:131)(cid:138),(cid:882),(cid:882),(cid:882),(cid:882),(cid:890),(cid:882),(cid:882),(cid:882),(cid:883),(cid:882),(cid:886),(cid:882),(cid:883)(cid:885),(cid:882),,,,,,,,,,,,,,,,,
(cid:885)(cid:889),(cid:3)(cid:19)(cid:131)(cid:146)(cid:151)(cid:131)(cid:3)(cid:19)(cid:135)(cid:137)(cid:151)(cid:144)(cid:151)(cid:144)(cid:137)(cid:131)(cid:144),(cid:882),(cid:882),(cid:882),(cid:882),(cid:890),(cid:882),(cid:882),(cid:882),(cid:882),(cid:882),(cid:883),(cid:882),(cid:891),(cid:882),,,,,,,,,,,,,,,,,
Indonesia,,20,17,98,51,751,7,163,4,59,11,1.545,429,2.636,519,,,,,,,,,,,,,,,,,
(cid:885)(cid:890) (cid:3)(cid:19)(cid:131)(cid:146)(cid:151)(cid:131)(cid:3)(cid:5)(cid:131)(cid:148)(cid:131)(cid:150)(cid:3)(cid:7)(cid:131)(cid:155)(cid:131) (cid:882) (cid:882),,,,,,,,,,,,,,,,,,,,,,,,,,,,,,,,
,(cid:483)(cid:3)(cid:7)(cid:139)(cid:150)(cid:140)(cid:135)(cid:144)(cid:484)(cid:3)(cid:19)(cid:135)(cid:142)(cid:131)(cid:155)(cid:131)(cid:144)(cid:131)(cid:144)(cid:3)(cid:14)(cid:135)(cid:149)(cid:135)(cid:138)(cid:131)(cid:150)(cid:131)(cid:144)(cid:481)(cid:3)(cid:14)(cid:135)(cid:143)(cid:135)(cid:144)(cid:141)(cid:135)(cid:149)(cid:3)(cid:21)(cid:12)(cid:481)(cid:3)(cid:884)(cid:882)(cid:884)(cid:886)(cid:3)(cid:146)(cid:135)(cid:148)(cid:3)(cid:884)(cid:3)(cid:13)(cid:131)(cid:144)(cid:151)(cid:131)(cid:148)(cid:139)(cid:3)(cid:884)(cid:882)(cid:884)(cid:886),,,,,,,,,,,,,,,,,,,,,,,,,,,,,,,
No,Provinsi,Kelas A,,,Kelas B,,,Kelas C,,,Kelas D (Kelas D dan Kelas D Pratama),,,Belum Ditetapkan Kelas,,,,,,,,,,,,,,,,,,
,,RS,,TT,RS,,TT,RS,,TT,RS,,TT,RS,,TT,,,,,,,,,,,,,,,,
,,Jumlah,%,,Jumlah,%,,Jumlah,%,,Jumlah,%,,Jumlah,%,,,,,,,,,,,,,,,,,
(1),(2),(4),(5),(6),(7),(8),(9),(10),(11),(12),(13),(14),(15),(16),(17),(18),,,,,,,,,,,,,,,,
(cid:883),(cid:3)(cid:4)(cid:133)(cid:135)(cid:138),,,,,,,,,,,,,,,,,,,,,,,,,,,,,,,
(cid:884),(cid:3)(cid:22)(cid:151)(cid:143)(cid:131)(cid:150)(cid:135)(cid:148)(cid:131)(cid:3)(cid:24)(cid:150)(cid:131)(cid:148)(cid:131),(cid:884),(cid:884)(cid:481)(cid:888)(cid:936),(cid:883)(cid:484)(cid:884)(cid:884)(cid:884),(cid:883)(cid:884),(cid:883)(cid:887)(cid:481)(cid:888)(cid:936),(cid:885)(cid:484)(cid:882)(cid:886)(cid:883),(cid:885)(cid:885),(cid:886)(cid:884)(cid:481)(cid:891)(cid:936),(cid:886)(cid:484)(cid:885)(cid:884)(cid:883),(cid:885)(cid:882),(cid:885)(cid:891)(cid:481)(cid:882)(cid:936),(cid:883)(cid:484)(cid:888)(cid:885)(cid:884),(cid:882),(cid:882)(cid:481)(cid:882)(cid:936),(cid:882),,,,,,,,,,,,,,,,
(cid:885),(cid:3)(cid:22)(cid:151)(cid:143)(cid:131)(cid:150)(cid:135)(cid:148)(cid:131)(cid:3)(cid:5)(cid:131)(cid:148)(cid:131)(cid:150),(cid:884),(cid:882)(cid:481)(cid:891)(cid:936),(cid:883)(cid:484)(cid:883)(cid:887)(cid:882),(cid:884)(cid:889),(cid:883)(cid:884)(cid:481)(cid:889)(cid:936),(cid:888)(cid:484)(cid:886)(cid:889)(cid:889),(cid:883)(cid:884)(cid:885),(cid:887)(cid:890)(cid:481)(cid:882)(cid:936),(cid:883)(cid:885)(cid:484)(cid:887)(cid:886)(cid:890),(cid:887)(cid:891),(cid:884)(cid:889)(cid:481)(cid:890)(cid:936),(cid:885)(cid:484)(cid:883)(cid:886)(cid:889),(cid:883),(cid:882)(cid:481)(cid:887)(cid:936),(cid:882),,,,,,,,,,,,,,,,
(cid:886),(cid:3)(cid:21)(cid:139)(cid:131)(cid:151),(cid:885),(cid:885)(cid:481)(cid:889)(cid:936),(cid:883)(cid:484)(cid:883)(cid:888)(cid:890),(cid:889),(cid:890)(cid:481)(cid:887)(cid:936),(cid:883)(cid:484)(cid:882)(cid:886)(cid:889),(cid:887)(cid:882),(cid:888)(cid:883)(cid:481)(cid:882)(cid:936),(cid:886)(cid:484)(cid:888)(cid:882)(cid:886),(cid:883)(cid:890),(cid:884)(cid:884)(cid:481)(cid:882)(cid:936),(cid:883)(cid:484)(cid:883)(cid:886)(cid:882),(cid:886),(cid:886)(cid:481)(cid:891)(cid:936),(cid:883)(cid:890),,,,,,,,,,,,,,,,
(cid:887),(cid:3)(cid:13)(cid:131)(cid:143)(cid:132)(cid:139),(cid:884),(cid:884)(cid:481)(cid:887)(cid:936),(cid:889)(cid:886)(cid:886),(cid:888),(cid:889)(cid:481)(cid:888)(cid:936),(cid:883)(cid:484)(cid:888)(cid:891)(cid:883),(cid:886)(cid:885),(cid:887)(cid:886)(cid:481)(cid:886)(cid:936),(cid:887)(cid:484)(cid:883)(cid:890)(cid:885),(cid:884)(cid:890),(cid:885)(cid:887)(cid:481)(cid:886)(cid:936),(cid:883)(cid:484)(cid:888)(cid:885)(cid:886),(cid:882),(cid:882)(cid:481)(cid:882)(cid:936),(cid:882),,,,,,,,,,,,,,,,
(cid:888),(cid:3)(cid:22)(cid:151)(cid:143)(cid:131)(cid:150)(cid:135)(cid:148)(cid:131)(cid:3)(cid:22)(cid:135)(cid:142)(cid:131)(cid:150)(cid:131)(cid:144),(cid:882),(cid:882)(cid:481)(cid:882)(cid:936),(cid:882),(cid:886),(cid:891)(cid:481)(cid:887)(cid:936),(cid:891)(cid:890)(cid:887),(cid:884)(cid:886),(cid:887)(cid:889)(cid:481)(cid:883)(cid:936),(cid:885)(cid:484)(cid:883)(cid:885)(cid:886),(cid:883)(cid:885),(cid:885)(cid:883)(cid:481)(cid:882)(cid:936),(cid:889)(cid:888)(cid:885),(cid:883),(cid:884)(cid:481)(cid:886)(cid:936),(cid:882),,,,,,,,,,,,,,,,
(cid:889),(cid:3)(cid:5)(cid:135)(cid:144)(cid:137)(cid:141)(cid:151)(cid:142)(cid:151),(cid:884),(cid:884)(cid:481)(cid:886)(cid:936),(cid:883)(cid:484)(cid:882)(cid:891)(cid:883),(cid:889),(cid:890)(cid:481)(cid:884)(cid:936),(cid:883)(cid:484)(cid:889)(cid:886)(cid:890),(cid:887)(cid:883),(cid:888)(cid:882)(cid:481)(cid:882)(cid:936),(cid:887)(cid:484)(cid:888)(cid:884)(cid:882),(cid:884)(cid:887),(cid:884)(cid:891)(cid:481)(cid:886)(cid:936),(cid:883)(cid:484)(cid:888)(cid:886)(cid:888),(cid:882),(cid:882)(cid:481)(cid:882)(cid:936),(cid:882),,,,,,,,,,,,,,,,
(cid:890),(cid:3)(cid:15)(cid:131)(cid:143)(cid:146)(cid:151)(cid:144)(cid:137),(cid:882),(cid:882)(cid:481)(cid:882)(cid:936),(cid:882),(cid:884),(cid:889)(cid:481)(cid:889)(cid:936),(cid:886)(cid:888)(cid:883),(cid:883)(cid:888),(cid:888)(cid:883)(cid:481)(cid:887)(cid:936),(cid:883)(cid:484)(cid:889)(cid:884)(cid:882),(cid:890),(cid:885)(cid:882)(cid:481)(cid:890)(cid:936),(cid:886)(cid:887)(cid:884),(cid:882),(cid:882)(cid:481)(cid:882)(cid:936),(cid:882),,,,,,,,,,,,,,,,
(cid:891),(cid:3)(cid:14)(cid:135)(cid:146)(cid:484)(cid:3)(cid:5)(cid:131)(cid:144)(cid:137)(cid:141)(cid:131)(cid:3)(cid:5)(cid:135)(cid:142)(cid:139)(cid:150)(cid:151)(cid:144)(cid:137),(cid:883),(cid:883)(cid:481)(cid:884)(cid:936),(cid:887)(cid:889)(cid:885),(cid:887),(cid:888)(cid:481)(cid:884)(cid:936),(cid:883)(cid:484)(cid:885)(cid:884)(cid:891),(cid:887)(cid:886),(cid:888)(cid:888)(cid:481)(cid:889)(cid:936),(cid:887)(cid:484)(cid:889)(cid:890)(cid:886),(cid:884)(cid:883),(cid:884)(cid:887)(cid:481)(cid:891)(cid:936),(cid:883)(cid:484)(cid:885)(cid:890)(cid:882),(cid:882),(cid:882)(cid:481)(cid:882)(cid:936),(cid:882),,,,,,,,,,,,,,,,
(cid:883)(cid:882),(cid:3)(cid:14)(cid:135)(cid:146)(cid:151)(cid:142)(cid:131)(cid:151)(cid:131)(cid:144)(cid:3)(cid:21)(cid:139)(cid:131)(cid:151),(cid:882),(cid:882)(cid:481)(cid:882)(cid:936),(cid:882),(cid:884),(cid:889)(cid:481)(cid:886)(cid:936),(cid:885)(cid:886)(cid:884),(cid:883)(cid:888),(cid:887)(cid:891)(cid:481)(cid:885)(cid:936),(cid:883)(cid:484)(cid:889)(cid:886)(cid:887),(cid:891),(cid:885)(cid:885)(cid:481)(cid:885)(cid:936),(cid:885)(cid:890)(cid:890),(cid:882),(cid:882)(cid:481)(cid:882)(cid:936),(cid:882),,,,,,,,,,,,,,,,
(cid:883)(cid:883),(cid:3)(cid:7)(cid:14)(cid:12)(cid:3)(cid:13)(cid:131)(cid:141)(cid:131)(cid:148)(cid:150)(cid:131),(cid:882),(cid:882)(cid:481)(cid:882)(cid:936),(cid:882),(cid:890),(cid:884)(cid:883)(cid:481)(cid:883)(cid:936),(cid:883)(cid:484)(cid:888)(cid:888)(cid:883),(cid:884)(cid:882),(cid:887)(cid:884)(cid:481)(cid:888)(cid:936),(cid:884)(cid:484)(cid:883)(cid:887)(cid:887),(cid:883)(cid:882),(cid:884)(cid:888)(cid:481)(cid:885)(cid:936),(cid:885)(cid:890)(cid:891),(cid:882),(cid:882)(cid:481)(cid:882)(cid:936),(cid:882),,,,,,,,,,,,,,,,
(cid:883)(cid:884),(cid:3)(cid:13)(cid:131)(cid:153)(cid:131)(cid:3)(cid:5)(cid:131)(cid:148)(cid:131)(cid:150),(cid:883)(cid:890),(cid:891)(cid:481)(cid:884)(cid:936),(cid:888)(cid:484)(cid:888)(cid:885)(cid:882),(cid:888)(cid:883),(cid:885)(cid:883)(cid:481)(cid:883)(cid:936),(cid:883)(cid:884)(cid:484)(cid:883)(cid:886)(cid:882),(cid:891)(cid:882),(cid:886)(cid:887)(cid:481)(cid:891)(cid:936),(cid:889)(cid:484)(cid:883)(cid:885)(cid:885),(cid:884)(cid:888),(cid:883)(cid:885)(cid:481)(cid:885)(cid:936),(cid:883)(cid:484)(cid:887)(cid:883)(cid:891),(cid:883),(cid:882)(cid:481)(cid:887)(cid:936),(cid:883)(cid:882)(cid:882),,,,,,,,,,,,,,,,
(cid:883)(cid:885),(cid:3)(cid:13)(cid:131)(cid:153)(cid:131)(cid:3)(cid:23)(cid:135)(cid:144)(cid:137)(cid:131)(cid:138),(cid:891),(cid:884)(cid:481)(cid:884)(cid:936),(cid:884)(cid:484)(cid:890)(cid:885)(cid:888),(cid:889)(cid:890),(cid:883)(cid:890)(cid:481)(cid:890)(cid:936),(cid:884)(cid:882)(cid:484)(cid:882)(cid:885)(cid:888),(cid:884)(cid:886)(cid:891),(cid:888)(cid:882)(cid:481)(cid:883)(cid:936),(cid:884)(cid:891)(cid:484)(cid:882)(cid:890)(cid:889),(cid:889)(cid:890),(cid:883)(cid:890)(cid:481)(cid:890)(cid:936),(cid:886)(cid:484)(cid:891)(cid:885)(cid:885),(cid:882),(cid:882)(cid:481)(cid:882)(cid:936),(cid:882),,,,,,,,,,,,,,,,
(cid:883)(cid:886),(cid:3)(cid:7)(cid:12)(cid:3)(cid:28)(cid:145)(cid:137)(cid:155)(cid:131)(cid:141)(cid:131)(cid:148)(cid:150)(cid:131),(cid:883)(cid:882),(cid:884)(cid:481)(cid:891)(cid:936),(cid:886)(cid:484)(cid:884)(cid:885)(cid:886),(cid:885)(cid:887),(cid:883)(cid:882)(cid:481)(cid:883)(cid:936),(cid:883)(cid:882)(cid:484)(cid:890)(cid:887)(cid:882),(cid:883)(cid:889)(cid:883),(cid:886)(cid:891)(cid:481)(cid:888)(cid:936),(cid:884)(cid:884)(cid:484)(cid:883)(cid:889)(cid:883),(cid:883)(cid:884)(cid:889),(cid:885)(cid:888)(cid:481)(cid:890)(cid:936),(cid:891)(cid:484)(cid:886)(cid:884)(cid:885),(cid:884),(cid:882)(cid:481)(cid:888)(cid:936),(cid:883)(cid:883)(cid:887),,,,,,,,,,,,,,,,
(cid:883)(cid:887),(cid:3)(cid:13)(cid:131)(cid:153)(cid:131)(cid:3)(cid:23)(cid:139)(cid:143)(cid:151)(cid:148),(cid:884),(cid:884)(cid:481)(cid:887)(cid:936),(cid:883)(cid:484)(cid:882)(cid:888)(cid:885),(cid:883)(cid:886),(cid:883)(cid:889)(cid:481)(cid:887)(cid:936),(cid:884)(cid:484)(cid:891)(cid:888)(cid:889),(cid:884)(cid:890),(cid:885)(cid:887)(cid:481)(cid:882)(cid:936),(cid:884)(cid:484)(cid:882)(cid:886)(cid:887),(cid:885)(cid:888),(cid:886)(cid:887)(cid:481)(cid:882)(cid:936),(cid:883)(cid:484)(cid:891)(cid:889)(cid:891),(cid:882),(cid:882)(cid:481)(cid:882)(cid:936),(cid:882),,,,,,,,,,,,,,,,
(cid:883)(cid:888),(cid:3)(cid:5)(cid:131)(cid:144)(cid:150)(cid:135)(cid:144),(cid:888),(cid:883)(cid:481)(cid:886)(cid:936),(cid:886)(cid:484)(cid:883)(cid:889)(cid:883),(cid:888)(cid:884),(cid:883)(cid:886)(cid:481)(cid:889)(cid:936),(cid:883)(cid:887)(cid:484)(cid:890)(cid:890)(cid:891),(cid:884)(cid:883)(cid:883),(cid:886)(cid:891)(cid:481)(cid:891)(cid:936),(cid:884)(cid:884)(cid:484)(cid:884)(cid:883)(cid:887),(cid:883)(cid:886)(cid:884),(cid:885)(cid:885)(cid:481)(cid:888)(cid:936),(cid:891)(cid:484)(cid:889)(cid:884)(cid:891),(cid:884),(cid:882)(cid:481)(cid:887)(cid:936),(cid:883)(cid:887)(cid:887),,,,,,,,,,,,,,,,
(cid:883)(cid:889),(cid:3)(cid:5)(cid:131)(cid:142)(cid:139),(cid:882),(cid:882)(cid:481)(cid:882)(cid:936),(cid:882),(cid:884)(cid:883),(cid:883)(cid:888)(cid:481)(cid:886)(cid:936),(cid:887)(cid:484)(cid:884)(cid:885)(cid:889),(cid:890)(cid:890),(cid:888)(cid:890)(cid:481)(cid:890)(cid:936),(cid:890)(cid:484)(cid:888)(cid:883)(cid:888),(cid:883)(cid:890),(cid:883)(cid:886)(cid:481)(cid:883)(cid:936),(cid:883)(cid:484)(cid:882)(cid:887)(cid:883),(cid:883),(cid:882)(cid:481)(cid:890)(cid:936),(cid:884)(cid:882)(cid:884),,,,,,,,,,,,,,,,
(cid:883)(cid:890),(cid:3)(cid:17)(cid:151)(cid:149)(cid:131)(cid:3)(cid:23)(cid:135)(cid:144)(cid:137)(cid:137)(cid:131)(cid:148)(cid:131)(cid:3)(cid:5)(cid:131)(cid:148)(cid:131)(cid:150),(cid:885),(cid:886)(cid:481)(cid:882)(cid:936),(cid:883)(cid:484)(cid:883)(cid:891)(cid:883),(cid:883)(cid:884),(cid:883)(cid:888)(cid:481)(cid:882)(cid:936),(cid:884)(cid:484)(cid:885)(cid:891)(cid:886),(cid:886)(cid:888),(cid:888)(cid:883)(cid:481)(cid:885)(cid:936),(cid:886)(cid:484)(cid:890)(cid:890)(cid:887),(cid:883)(cid:886),(cid:883)(cid:890)(cid:481)(cid:889)(cid:936),(cid:889)(cid:884)(cid:888),(cid:882),(cid:882)(cid:481)(cid:882)(cid:936),(cid:882),,,,,,,,,,,,,,,,
(cid:883)(cid:891),(cid:3)(cid:17)(cid:151)(cid:149)(cid:131)(cid:3)(cid:23)(cid:135)(cid:144)(cid:137)(cid:137)(cid:131)(cid:148)(cid:131)(cid:3)(cid:23)(cid:139)(cid:143)(cid:151)(cid:148),(cid:883),(cid:884)(cid:481)(cid:884)(cid:936),(cid:889)(cid:886)(cid:888),(cid:886),(cid:890)(cid:481)(cid:891)(cid:936),(cid:891)(cid:891)(cid:890),(cid:884)(cid:885),(cid:887)(cid:883)(cid:481)(cid:883)(cid:936),(cid:884)(cid:484)(cid:890)(cid:889)(cid:886),(cid:883)(cid:889),(cid:885)(cid:889)(cid:481)(cid:890)(cid:936),(cid:883)(cid:484)(cid:882)(cid:889)(cid:886),(cid:882),(cid:882)(cid:481)(cid:882)(cid:936),(cid:882),,,,,,,,,,,,,,,,
(cid:884)(cid:882),(cid:3)(cid:14)(cid:131)(cid:142)(cid:139)(cid:143)(cid:131)(cid:144)(cid:150)(cid:131)(cid:144)(cid:3)(cid:5)(cid:131)(cid:148)(cid:131)(cid:150),(cid:882),(cid:882)(cid:481)(cid:882)(cid:936),(cid:882),(cid:885),(cid:887)(cid:481)(cid:883)(cid:936),(cid:889)(cid:886)(cid:891),(cid:885)(cid:883),(cid:887)(cid:884)(cid:481)(cid:887)(cid:936),(cid:885)(cid:484)(cid:890)(cid:891)(cid:889),(cid:884)(cid:887),(cid:886)(cid:884)(cid:481)(cid:886)(cid:936),(cid:883)(cid:484)(cid:887)(cid:884)(cid:890),(cid:882),(cid:882)(cid:481)(cid:882)(cid:936),(cid:882),,,,,,,,,,,,,,,,
(cid:884)(cid:883),(cid:3)(cid:14)(cid:131)(cid:142)(cid:139)(cid:143)(cid:131)(cid:144)(cid:150)(cid:131)(cid:144)(cid:3)(cid:23)(cid:135)(cid:144)(cid:137)(cid:131)(cid:138),(cid:883),(cid:883)(cid:481)(cid:890)(cid:936),(cid:885)(cid:882)(cid:886),(cid:885),(cid:887)(cid:481)(cid:886)(cid:936),(cid:883)(cid:484)(cid:884)(cid:882)(cid:887),(cid:885)(cid:884),(cid:887)(cid:889)(cid:481)(cid:883)(cid:936),(cid:885)(cid:484)(cid:890)(cid:887)(cid:887),(cid:884)(cid:882),(cid:885)(cid:887)(cid:481)(cid:889)(cid:936),(cid:891)(cid:884)(cid:883),(cid:882),(cid:882)(cid:481)(cid:882)(cid:936),(cid:882),,,,,,,,,,,,,,,,
(cid:884)(cid:884),(cid:3)(cid:14)(cid:131)(cid:142)(cid:139)(cid:143)(cid:131)(cid:144)(cid:150)(cid:131)(cid:144)(cid:3)(cid:22)(cid:135)(cid:142)(cid:131)(cid:150)(cid:131)(cid:144),(cid:882),(cid:882)(cid:481)(cid:882)(cid:936),(cid:882),(cid:886),(cid:883)(cid:884)(cid:481)(cid:883)(cid:936),(cid:891)(cid:890)(cid:884),(cid:883)(cid:890),(cid:887)(cid:886)(cid:481)(cid:887)(cid:936),(cid:884)(cid:484)(cid:883)(cid:891)(cid:886),(cid:883)(cid:882),(cid:885)(cid:882)(cid:481)(cid:885)(cid:936),(cid:885)(cid:886)(cid:888),(cid:883),(cid:885)(cid:481)(cid:882)(cid:936),(cid:889)(cid:887),,,,,,,,,,,,,,,,
(cid:884)(cid:885),(cid:3)(cid:14)(cid:131)(cid:142)(cid:139)(cid:143)(cid:131)(cid:144)(cid:150)(cid:131)(cid:144)(cid:3)(cid:23)(cid:139)(cid:143)(cid:151)(cid:148),(cid:884),(cid:885)(cid:481)(cid:890)(cid:936),(cid:883)(cid:484)(cid:883)(cid:882)(cid:882),(cid:888),(cid:883)(cid:883)(cid:481)(cid:887)(cid:936),(cid:883)(cid:484)(cid:882)(cid:884)(cid:889),(cid:884)(cid:890),(cid:887)(cid:885)(cid:481)(cid:890)(cid:936),(cid:885)(cid:484)(cid:887)(cid:891)(cid:889),(cid:883)(cid:888),(cid:885)(cid:882)(cid:481)(cid:890)(cid:936),(cid:890)(cid:884)(cid:884),(cid:882),(cid:882)(cid:481)(cid:882)(cid:936),(cid:882),,,,,,,,,,,,,,,,
(cid:884)(cid:886),(cid:3)(cid:14)(cid:131)(cid:142)(cid:139)(cid:143)(cid:131)(cid:144)(cid:150)(cid:131)(cid:144)(cid:3)(cid:24)(cid:150)(cid:131)(cid:148)(cid:131),(cid:885),(cid:887)(cid:481)(cid:884)(cid:936),(cid:883)(cid:484)(cid:886)(cid:885)(cid:884),(cid:887),(cid:890)(cid:481)(cid:888)(cid:936),(cid:883)(cid:484)(cid:883)(cid:889)(cid:883),(cid:884)(cid:891),(cid:887)(cid:882)(cid:481)(cid:882)(cid:936),(cid:885)(cid:484)(cid:882)(cid:887)(cid:889),(cid:884)(cid:883),(cid:885)(cid:888)(cid:481)(cid:884)(cid:936),(cid:883)(cid:484)(cid:884)(cid:882)(cid:888),(cid:882),(cid:882)(cid:481)(cid:882)(cid:936),(cid:882),,,,,,,,,,,,,,,,
(cid:884)(cid:887),(cid:3)(cid:22)(cid:151)(cid:142)(cid:131)(cid:153)(cid:135)(cid:149)(cid:139)(cid:3)(cid:24)(cid:150)(cid:131)(cid:148)(cid:131),(cid:882),(cid:882)(cid:481)(cid:882)(cid:936),(cid:882),(cid:883),(cid:888)(cid:481)(cid:885)(cid:936),(cid:885)(cid:884)(cid:890),(cid:887),(cid:885)(cid:883)(cid:481)(cid:885)(cid:936),(cid:890)(cid:891)(cid:888),(cid:883)(cid:882),(cid:888)(cid:884)(cid:481)(cid:887)(cid:936),(cid:884)(cid:890)(cid:886),(cid:882),(cid:882)(cid:481)(cid:882)(cid:936),(cid:882),,,,,,,,,,,,,,,,
(cid:884)(cid:888),(cid:3)(cid:22)(cid:151)(cid:142)(cid:131)(cid:153)(cid:135)(cid:149)(cid:139)(cid:3)(cid:23)(cid:135)(cid:144)(cid:137)(cid:131)(cid:138),(cid:883),(cid:883)(cid:481)(cid:890)(cid:936),(cid:890)(cid:883)(cid:889),(cid:887),(cid:890)(cid:481)(cid:890)(cid:936),(cid:883)(cid:484)(cid:882)(cid:887)(cid:891),(cid:885)(cid:886),(cid:887)(cid:891)(cid:481)(cid:888)(cid:936),(cid:886)(cid:484)(cid:883)(cid:887)(cid:888),(cid:883)(cid:889),(cid:884)(cid:891)(cid:481)(cid:890)(cid:936),(cid:883)(cid:484)(cid:883)(cid:890)(cid:891),(cid:882),(cid:882)(cid:481)(cid:882)(cid:936),(cid:882),,,,,,,,,,,,,,,,
(cid:884)(cid:889),(cid:3)(cid:22)(cid:151)(cid:142)(cid:131)(cid:153)(cid:135)(cid:149)(cid:139)(cid:3)(cid:22)(cid:135)(cid:142)(cid:131)(cid:150)(cid:131)(cid:144),(cid:882),(cid:882)(cid:481)(cid:882)(cid:936),(cid:882),(cid:886),(cid:883)(cid:882)(cid:481)(cid:882)(cid:936),(cid:883)(cid:484)(cid:884)(cid:890)(cid:883),(cid:884)(cid:885),(cid:887)(cid:889)(cid:481)(cid:887)(cid:936),(cid:885)(cid:484)(cid:883)(cid:883)(cid:889),(cid:883)(cid:885),(cid:885)(cid:884)(cid:481)(cid:887)(cid:936),(cid:888)(cid:884)(cid:887),(cid:882),(cid:882)(cid:481)(cid:882)(cid:936),(cid:882),,,,,,,,,,,,,,,,
(cid:884)(cid:890),(cid:3)(cid:22)(cid:151)(cid:142)(cid:131)(cid:153)(cid:135)(cid:149)(cid:139)(cid:3)(cid:23)(cid:135)(cid:144)(cid:137)(cid:137)(cid:131)(cid:148)(cid:131),(cid:884),(cid:883)(cid:481)(cid:888)(cid:936),(cid:883)(cid:484)(cid:883)(cid:891)(cid:888),(cid:884)(cid:889),(cid:884)(cid:883)(cid:481)(cid:888)(cid:936),(cid:887)(cid:484)(cid:888)(cid:891)(cid:883),(cid:888)(cid:891),(cid:887)(cid:887)(cid:481)(cid:884)(cid:936),(cid:889)(cid:484)(cid:889)(cid:890)(cid:882),(cid:884)(cid:889),(cid:884)(cid:883)(cid:481)(cid:888)(cid:936),(cid:883)(cid:484)(cid:886)(cid:887)(cid:887),(cid:882),(cid:882)(cid:481)(cid:882)(cid:936),(cid:882),,,,,,,,,,,,,,,,
(cid:884)(cid:891),(cid:3)(cid:10)(cid:145)(cid:148)(cid:145)(cid:144)(cid:150)(cid:131)(cid:142)(cid:145),(cid:882),(cid:882)(cid:481)(cid:882)(cid:936),(cid:882),(cid:885),(cid:889)(cid:481)(cid:882)(cid:936),(cid:888)(cid:890)(cid:885),(cid:883)(cid:891),(cid:886)(cid:886)(cid:481)(cid:884)(cid:936),(cid:884)(cid:484)(cid:883)(cid:891)(cid:888),(cid:883)(cid:891),(cid:886)(cid:886)(cid:481)(cid:884)(cid:936),(cid:891)(cid:891)(cid:885),(cid:884),(cid:886)(cid:481)(cid:889)(cid:936),(cid:887)(cid:890),,,,,,,,,,,,,,,,
(cid:885)(cid:882),(cid:3)(cid:22)(cid:151)(cid:142)(cid:131)(cid:153)(cid:135)(cid:149)(cid:139)(cid:3)(cid:5)(cid:131)(cid:148)(cid:131)(cid:150),(cid:882),(cid:882)(cid:481)(cid:882)(cid:936),(cid:882),(cid:884),(cid:883)(cid:882)(cid:481)(cid:882)(cid:936),(cid:888)(cid:883)(cid:884),(cid:890),(cid:886)(cid:882)(cid:481)(cid:882)(cid:936),(cid:891)(cid:891)(cid:886),(cid:883)(cid:882),(cid:887)(cid:882)(cid:481)(cid:882)(cid:936),(cid:888)(cid:887)(cid:889),(cid:882),(cid:882)(cid:481)(cid:882)(cid:936),(cid:882),,,,,,,,,,,,,,,,
(cid:885)(cid:883),(cid:3)(cid:16)(cid:131)(cid:142)(cid:151)(cid:141)(cid:151),(cid:882),(cid:882)(cid:481)(cid:882)(cid:936),(cid:882),(cid:882),(cid:882)(cid:481)(cid:882)(cid:936),(cid:882),(cid:891),(cid:888)(cid:882)(cid:481)(cid:882)(cid:936),(cid:883)(cid:484)(cid:884)(cid:888)(cid:883),(cid:888),(cid:886)(cid:882)(cid:481)(cid:882)(cid:936),(cid:885)(cid:886)(cid:885),(cid:882),(cid:882)(cid:481)(cid:882)(cid:936),(cid:882),,,,,,,,,,,,,,,,
(cid:885)(cid:884),(cid:3)(cid:16)(cid:131)(cid:142)(cid:151)(cid:141)(cid:151)(cid:3)(cid:24)(cid:150)(cid:131)(cid:148)(cid:131),(cid:882),(cid:882)(cid:481)(cid:882)(cid:936),(cid:882),(cid:886),(cid:883)(cid:885)(cid:481)(cid:885)(cid:936),(cid:890)(cid:887)(cid:888),(cid:891),(cid:885)(cid:882)(cid:481)(cid:882)(cid:936),(cid:883)(cid:484)(cid:884)(cid:887)(cid:883),(cid:883)(cid:889),(cid:887)(cid:888)(cid:481)(cid:889)(cid:936),(cid:891)(cid:888)(cid:887),(cid:882),(cid:882)(cid:481)(cid:882)(cid:936),(cid:882),,,,,,,,,,,,,,,,
(cid:885)(cid:885),(cid:3)(cid:19)(cid:131)(cid:146)(cid:151)(cid:131)(cid:3)(cid:3),(cid:882),(cid:882)(cid:481)(cid:882)(cid:936),(cid:882),(cid:883),(cid:886)(cid:481)(cid:885)(cid:936),(cid:883)(cid:886)(cid:882),(cid:889),(cid:885)(cid:882)(cid:481)(cid:886)(cid:936),(cid:889)(cid:891)(cid:888),(cid:883)(cid:887),(cid:888)(cid:887)(cid:481)(cid:884)(cid:936),(cid:889)(cid:883)(cid:888),(cid:882),(cid:882)(cid:481)(cid:882)(cid:936),(cid:882),,,,,,,,,,,,,,,,
(cid:885)(cid:886),(cid:3)(cid:19)(cid:131)(cid:146)(cid:151)(cid:131)(cid:3)(cid:5)(cid:131)(cid:148)(cid:131)(cid:150),(cid:882),(cid:882)(cid:481)(cid:882)(cid:936),(cid:882),(cid:884),(cid:883)(cid:882)(cid:481)(cid:887)(cid:936),(cid:885)(cid:890)(cid:890),(cid:883)(cid:882),(cid:887)(cid:884)(cid:481)(cid:888)(cid:936),(cid:883)(cid:484)(cid:886)(cid:887)(cid:890),(cid:889),(cid:885)(cid:888)(cid:481)(cid:890)(cid:936),(cid:885)(cid:886)(cid:884),(cid:882),(cid:882)(cid:481)(cid:882)(cid:936),(cid:882),,,,,,,,,,,,,,,,
(cid:885)(cid:887),(cid:3)(cid:19)(cid:131)(cid:146)(cid:151)(cid:131)(cid:3)(cid:22)(cid:135)(cid:142)(cid:131)(cid:150)(cid:131)(cid:144),(cid:882),(cid:882)(cid:481)(cid:882)(cid:936),(cid:882),(cid:882),(cid:882)(cid:481)(cid:882)(cid:936),(cid:882),(cid:888),(cid:887)(cid:882)(cid:481)(cid:882)(cid:936),(cid:888)(cid:888)(cid:882),(cid:887),(cid:886)(cid:883)(cid:481)(cid:889)(cid:936),(cid:884)(cid:891)(cid:882),(cid:883),(cid:890)(cid:481)(cid:885)(cid:936),(cid:884)(cid:884),,,,,,,,,,,,,,,,
(cid:885)(cid:888),(cid:3)(cid:19)(cid:131)(cid:146)(cid:151)(cid:131)(cid:3)(cid:23)(cid:135)(cid:144)(cid:137)(cid:131)(cid:138),(cid:882),(cid:882)(cid:481)(cid:882)(cid:936),(cid:882),(cid:882),(cid:882)(cid:481)(cid:882)(cid:936),(cid:882),(cid:884),(cid:884)(cid:887)(cid:481)(cid:882)(cid:936),(cid:885)(cid:885)(cid:889),(cid:888),(cid:889)(cid:887)(cid:481)(cid:882)(cid:936),(cid:885)(cid:891)(cid:891),(cid:882),(cid:882)(cid:481)(cid:882)(cid:936),(cid:882),,,,,,,,,,,,,,,,
(cid:885)(cid:889),(cid:3)(cid:19)(cid:131)(cid:146)(cid:151)(cid:131)(cid:3)(cid:19)(cid:135)(cid:137)(cid:151)(cid:144)(cid:151)(cid:144)(cid:137)(cid:131)(cid:144),(cid:882) 0,(cid:882)(cid:481)(cid:882)(cid:936),(cid:882),(cid:882),(cid:882)(cid:481)(cid:882)(cid:936),(cid:882),(cid:886),(cid:885)(cid:882)(cid:481)(cid:890)(cid:936),(cid:890)(cid:884)(cid:887),(cid:890),(cid:888)(cid:883)(cid:481)(cid:887)(cid:936),(cid:884)(cid:887)(cid:890),(cid:883),(cid:889)(cid:481)(cid:889)(cid:936),(cid:882),,,,,,,,,,,,,,,,
Indonesia,,(cid:882) 70,"(cid:882)(cid:481)(cid:882)(cid:936) 2,2",(cid:882) 31.668,(cid:882) 437,"(cid:882)(cid:481)(cid:882)(cid:936) 13,9",(cid:882) 105.465,(cid:883) 1.683,"(cid:883)(cid:883)(cid:481)(cid:883)(cid:936) 53,3",(cid:884)(cid:883)(cid:888) 189.834,(cid:889) 946,"(cid:889)(cid:889)(cid:481)(cid:890)(cid:936) 30,0",(cid:885)(cid:882)(cid:882) 57.074,(cid:883) 19,"(cid:883)(cid:883)(cid:481)(cid:883)(cid:936) 0,6",(cid:882) 777,,,,,,,,,,,,,,,,
No,Provinsi,2022,,,,2023,,,,,,,,,,,,,,,,,,,,,,,,,,
,,Estimasi Jumlah Penduduk 2022,Total,,,Estimasi Jumlah Penduduk 2023,Total,,,,,,,,,,,,,,,,,,,,,,,,,
,,,RS,TT,,,RS,TT,,,,,,,,,,,,,,,,,,,,,,,,
,,,,Jumlah,Rasio,,,Jumlah,Rasio,,,,,,,,,,,,,,,,,,,,,,,
(1),(2),(7),(8),(9),(10),(7),(8),(9),(10),,,,,,,,,,,,,,,,,,,,,,,
(cid:883),(cid:4)(cid:133)(cid:135)(cid:138),,,,,,,,,,,,,,,,,,,,,,,,,,,,,,,
(cid:884),(cid:22)(cid:151)(cid:143)(cid:131)(cid:150)(cid:135)(cid:148)(cid:131)(cid:3)(cid:24)(cid:150)(cid:131)(cid:148)(cid:131),(cid:3)(cid:3)(cid:3)(cid:3)(cid:3)(cid:3)(cid:3)(cid:3)(cid:3)(cid:887)(cid:484)(cid:887)(cid:884)(cid:891)(cid:484)(cid:889)(cid:889)(cid:885)(cid:3),(cid:3)(cid:3)(cid:3)(cid:3)(cid:3)(cid:3)(cid:3)(cid:3)(cid:3)(cid:3)(cid:3)(cid:3)(cid:3)(cid:3)(cid:3)(cid:3)(cid:3)(cid:3)(cid:3)(cid:3)(cid:3)(cid:889)(cid:885)(cid:3),(cid:883)(cid:882)(cid:484)(cid:884)(cid:885)(cid:888),(cid:3)(cid:3)(cid:3)(cid:3)(cid:3)(cid:3)(cid:3)(cid:3)(cid:3)(cid:3)(cid:3)(cid:3)(cid:3)(cid:3)(cid:3)(cid:3)(cid:3)(cid:3)(cid:3)(cid:3)(cid:883)(cid:481)(cid:891)(cid:3),(cid:3)(cid:3)(cid:3)(cid:3)(cid:3)(cid:3)(cid:3)(cid:3)(cid:3)(cid:887)(cid:484)(cid:886)(cid:890)(cid:884)(cid:484)(cid:887)(cid:884)(cid:889)(cid:3),(cid:3)(cid:3)(cid:3)(cid:3)(cid:3)(cid:3)(cid:3)(cid:3)(cid:3)(cid:3)(cid:3)(cid:3)(cid:3)(cid:3)(cid:3)(cid:3)(cid:3)(cid:3)(cid:3)(cid:3) (cid:889)(cid:889),(cid:883)(cid:882)(cid:884)(cid:883)(cid:888),(cid:3)(cid:3)(cid:3)(cid:3)(cid:3)(cid:3)(cid:3)(cid:3)(cid:3)(cid:3)(cid:3)(cid:3)(cid:3)(cid:3)(cid:3)(cid:3)(cid:3)(cid:3)(cid:3)(cid:3)(cid:883)(cid:481)(cid:891)(cid:3),,,,,,,,,,,,,,,,,,,,,,,
(cid:885),(cid:22)(cid:151)(cid:143)(cid:131)(cid:150)(cid:135)(cid:148)(cid:131)(cid:3)(cid:5)(cid:131)(cid:148)(cid:131)(cid:150),(cid:3)(cid:3)(cid:3)(cid:3)(cid:3)(cid:3)(cid:883)(cid:887)(cid:484)(cid:883)(cid:882)(cid:889)(cid:484)(cid:884)(cid:884)(cid:888)(cid:3),(cid:3)(cid:3)(cid:3)(cid:3)(cid:3)(cid:3)(cid:3)(cid:3)(cid:3)(cid:3)(cid:3)(cid:3)(cid:3)(cid:3)(cid:3)(cid:3)(cid:3)(cid:3)(cid:3)(cid:884)(cid:883)(cid:883)(cid:3),(cid:884)(cid:886)(cid:484)(cid:889)(cid:885)(cid:884),(cid:3)(cid:3)(cid:3)(cid:3)(cid:3)(cid:3)(cid:3)(cid:3)(cid:3)(cid:3)(cid:3)(cid:3)(cid:3)(cid:3)(cid:3)(cid:3)(cid:3)(cid:3)(cid:3)(cid:3)(cid:883)(cid:481)(cid:888)(cid:3),(cid:3)(cid:3)(cid:3)(cid:3)(cid:3)(cid:3)(cid:883)(cid:887)(cid:484)(cid:885)(cid:890)(cid:888)(cid:484)(cid:888)(cid:886)(cid:882)(cid:3),(cid:3)(cid:3)(cid:3)(cid:3)(cid:3)(cid:3)(cid:3)(cid:3)(cid:3)(cid:3)(cid:3)(cid:3)(cid:3)(cid:3)(cid:3)(cid:3)(cid:3) (cid:884)(cid:883)(cid:884),(cid:884)(cid:886)(cid:885)(cid:884)(cid:884),(cid:3)(cid:3)(cid:3)(cid:3)(cid:3)(cid:3)(cid:3)(cid:3)(cid:3)(cid:3)(cid:3)(cid:3)(cid:3)(cid:3)(cid:3)(cid:3)(cid:3)(cid:3)(cid:3)(cid:3)(cid:883)(cid:481)(cid:888)(cid:3),,,,,,,,,,,,,,,,,,,,,,,
(cid:886),(cid:21)(cid:139)(cid:131)(cid:151),(cid:3)(cid:3)(cid:3)(cid:3)(cid:3)(cid:3)(cid:3)(cid:3)(cid:3)(cid:887)(cid:484)(cid:888)(cid:889)(cid:887)(cid:484)(cid:885)(cid:887)(cid:889)(cid:3),(cid:3)(cid:3)(cid:3)(cid:3)(cid:3)(cid:3)(cid:3)(cid:3)(cid:3)(cid:3)(cid:3)(cid:3)(cid:3)(cid:3)(cid:3)(cid:3)(cid:3)(cid:3)(cid:3)(cid:3)(cid:3)(cid:890)(cid:883)(cid:3),(cid:890)(cid:484)(cid:883)(cid:882)(cid:882),(cid:3)(cid:3)(cid:3)(cid:3)(cid:3)(cid:3)(cid:3)(cid:3)(cid:3)(cid:3)(cid:3)(cid:3)(cid:3)(cid:3)(cid:3)(cid:3)(cid:3)(cid:3)(cid:3)(cid:3)(cid:883)(cid:481)(cid:886)(cid:3),(cid:3)(cid:3)(cid:3)(cid:3)(cid:3)(cid:3)(cid:3)(cid:3)(cid:3)(cid:887)(cid:484)(cid:889)(cid:887)(cid:889)(cid:484)(cid:884)(cid:882)(cid:887)(cid:3),(cid:3)(cid:3)(cid:3)(cid:3)(cid:3)(cid:3)(cid:3)(cid:3)(cid:3)(cid:3)(cid:3)(cid:3)(cid:3)(cid:3)(cid:3)(cid:3)(cid:3)(cid:3)(cid:3)(cid:3) (cid:890)(cid:884),(cid:889)(cid:891)(cid:889)(cid:889),(cid:3)(cid:3)(cid:3)(cid:3)(cid:3)(cid:3)(cid:3)(cid:3)(cid:3)(cid:3)(cid:3)(cid:3)(cid:3)(cid:3)(cid:3)(cid:3)(cid:3)(cid:3)(cid:3)(cid:3)(cid:883)(cid:481)(cid:886)(cid:3),,,,,,,,,,,,,,,,,,,,,,,
(cid:887),(cid:13)(cid:131)(cid:143)(cid:132)(cid:139),(cid:3)(cid:3)(cid:3)(cid:3)(cid:3)(cid:3)(cid:3)(cid:3)(cid:3)(cid:889)(cid:484)(cid:883)(cid:890)(cid:883)(cid:484)(cid:885)(cid:882)(cid:882)(cid:3),(cid:3)(cid:3)(cid:3)(cid:3)(cid:3)(cid:3)(cid:3)(cid:3)(cid:3)(cid:3)(cid:3)(cid:3)(cid:3)(cid:3)(cid:3)(cid:3)(cid:3)(cid:3)(cid:3)(cid:3)(cid:3)(cid:889)(cid:888)(cid:3),(cid:891)(cid:484)(cid:882)(cid:890)(cid:883),(cid:3)(cid:3)(cid:3)(cid:3)(cid:3)(cid:3)(cid:3)(cid:3)(cid:3)(cid:3)(cid:3)(cid:3)(cid:3)(cid:3)(cid:3)(cid:3)(cid:3)(cid:3)(cid:3)(cid:3)(cid:883)(cid:481)(cid:885)(cid:3),(cid:3)(cid:3)(cid:3)(cid:3)(cid:3)(cid:3)(cid:3)(cid:3)(cid:3)(cid:888)(cid:484)(cid:888)(cid:886)(cid:884)(cid:484)(cid:890)(cid:889)(cid:886)(cid:3),(cid:3)(cid:3)(cid:3)(cid:3)(cid:3)(cid:3)(cid:3)(cid:3)(cid:3)(cid:3)(cid:3)(cid:3)(cid:3)(cid:3)(cid:3)(cid:3)(cid:3)(cid:3)(cid:3)(cid:3) (cid:889)(cid:891),(cid:891)(cid:884)(cid:887)(cid:884),(cid:3)(cid:3)(cid:3)(cid:3)(cid:3)(cid:3)(cid:3)(cid:3)(cid:3)(cid:3)(cid:3)(cid:3)(cid:3)(cid:3)(cid:3)(cid:3)(cid:3)(cid:3)(cid:3)(cid:3)(cid:883)(cid:481)(cid:886)(cid:3),,,,,,,,,,,,,,,,,,,,,,,
(cid:888),(cid:22)(cid:151)(cid:143)(cid:131)(cid:150)(cid:135)(cid:148)(cid:131)(cid:3)(cid:22)(cid:135)(cid:142)(cid:131)(cid:150)(cid:131)(cid:144),(cid:3)(cid:3)(cid:3)(cid:3)(cid:3)(cid:3)(cid:3)(cid:3)(cid:3)(cid:885)(cid:484)(cid:888)(cid:889)(cid:889)(cid:484)(cid:888)(cid:889)(cid:890)(cid:3),(cid:3)(cid:3)(cid:3)(cid:3)(cid:3)(cid:3)(cid:3)(cid:3)(cid:3)(cid:3)(cid:3)(cid:3)(cid:3)(cid:3)(cid:3)(cid:3)(cid:3)(cid:3)(cid:3)(cid:3)(cid:3)(cid:886)(cid:882)(cid:3),(cid:886)(cid:484)(cid:890)(cid:891)(cid:884),(cid:3)(cid:3)(cid:3)(cid:3)(cid:3)(cid:3)(cid:3)(cid:3)(cid:3)(cid:3)(cid:3)(cid:3)(cid:3)(cid:3)(cid:3)(cid:3)(cid:3)(cid:3)(cid:3)(cid:3)(cid:883)(cid:481)(cid:885)(cid:3),(cid:3)(cid:3)(cid:3)(cid:3)(cid:3)(cid:3)(cid:3)(cid:3)(cid:3)(cid:885)(cid:484)(cid:888)(cid:889)(cid:891)(cid:484)(cid:883)(cid:888)(cid:891)(cid:3),(cid:3)(cid:3)(cid:3)(cid:3)(cid:3)(cid:3)(cid:3)(cid:3)(cid:3)(cid:3)(cid:3)(cid:3)(cid:3)(cid:3)(cid:3)(cid:3)(cid:3)(cid:3)(cid:3)(cid:3) (cid:886)(cid:884),(cid:886)(cid:890)(cid:890)(cid:884),(cid:3)(cid:3)(cid:3)(cid:3)(cid:3)(cid:3)(cid:3)(cid:3)(cid:3)(cid:3)(cid:3)(cid:3)(cid:3)(cid:3)(cid:3)(cid:3)(cid:3)(cid:3)(cid:3)(cid:3)(cid:883)(cid:481)(cid:885)(cid:3),,,,,,,,,,,,,,,,,,,,,,,
(cid:889),(cid:5)(cid:135)(cid:144)(cid:137)(cid:141)(cid:151)(cid:142)(cid:151),(cid:3)(cid:3)(cid:3)(cid:3)(cid:3)(cid:3)(cid:3)(cid:3)(cid:3)(cid:890)(cid:484)(cid:890)(cid:882)(cid:885)(cid:484)(cid:884)(cid:883)(cid:885)(cid:3),(cid:3)(cid:3)(cid:3)(cid:3)(cid:3)(cid:3)(cid:3)(cid:3)(cid:3)(cid:3)(cid:3)(cid:3)(cid:3)(cid:3)(cid:3)(cid:3)(cid:3)(cid:3)(cid:3)(cid:3)(cid:3)(cid:890)(cid:887)(cid:3),(cid:883)(cid:882)(cid:484)(cid:885)(cid:886)(cid:886),(cid:3)(cid:3)(cid:3)(cid:3)(cid:3)(cid:3)(cid:3)(cid:3)(cid:3)(cid:3)(cid:3)(cid:3)(cid:3)(cid:3)(cid:3)(cid:3)(cid:3)(cid:3)(cid:3)(cid:3)(cid:883)(cid:481)(cid:884)(cid:3),(cid:3)(cid:3)(cid:3)(cid:3)(cid:3)(cid:3)(cid:3)(cid:3)(cid:3)(cid:890)(cid:484)(cid:889)(cid:886)(cid:885)(cid:484)(cid:887)(cid:884)(cid:884)(cid:3),(cid:3)(cid:3)(cid:3)(cid:3)(cid:3)(cid:3)(cid:3)(cid:3)(cid:3)(cid:3)(cid:3)(cid:3)(cid:3)(cid:3)(cid:3)(cid:3)(cid:3)(cid:3)(cid:3)(cid:3) (cid:890)(cid:887),(cid:883)(cid:882)(cid:883)(cid:882)(cid:887),(cid:3)(cid:3)(cid:3)(cid:3)(cid:3)(cid:3)(cid:3)(cid:3)(cid:3)(cid:3)(cid:3)(cid:3)(cid:3)(cid:3)(cid:3)(cid:3)(cid:3)(cid:3)(cid:3)(cid:3)(cid:883)(cid:481)(cid:884)(cid:3),,,,,,,,,,,,,,,,,,,,,,,
(cid:890),(cid:15)(cid:131)(cid:143)(cid:146)(cid:151)(cid:144)(cid:137),(cid:3)(cid:3)(cid:3)(cid:3)(cid:3)(cid:3)(cid:3)(cid:3)(cid:3)(cid:884)(cid:484)(cid:882)(cid:885)(cid:890)(cid:484)(cid:883)(cid:886)(cid:888)(cid:3),(cid:3)(cid:3)(cid:3)(cid:3)(cid:3)(cid:3)(cid:3)(cid:3)(cid:3)(cid:3)(cid:3)(cid:3)(cid:3)(cid:3)(cid:3)(cid:3)(cid:3)(cid:3)(cid:3)(cid:3)(cid:3)(cid:884)(cid:887)(cid:3),(cid:884)(cid:484)(cid:888)(cid:886)(cid:883),(cid:3)(cid:3)(cid:3)(cid:3)(cid:3)(cid:3)(cid:3)(cid:3)(cid:3)(cid:3)(cid:3)(cid:3)(cid:3)(cid:3)(cid:3)(cid:3)(cid:3)(cid:3)(cid:3)(cid:3)(cid:883)(cid:481)(cid:885)(cid:3),(cid:3)(cid:3)(cid:3)(cid:3)(cid:3)(cid:3)(cid:3)(cid:3)(cid:3)(cid:884)(cid:484)(cid:882)(cid:890)(cid:888)(cid:484)(cid:882)(cid:882)(cid:888)(cid:3),(cid:3)(cid:3)(cid:3)(cid:3)(cid:3)(cid:3)(cid:3)(cid:3)(cid:3)(cid:3)(cid:3)(cid:3)(cid:3)(cid:3)(cid:3)(cid:3)(cid:3)(cid:3)(cid:3)(cid:3) (cid:884)(cid:888),(cid:884)(cid:888)(cid:885)(cid:885),(cid:3)(cid:3)(cid:3)(cid:3)(cid:3)(cid:3)(cid:3)(cid:3)(cid:3)(cid:3)(cid:3)(cid:3)(cid:3)(cid:3)(cid:3)(cid:3)(cid:3)(cid:3)(cid:3)(cid:3)(cid:883)(cid:481)(cid:885)(cid:3),,,,,,,,,,,,,,,,,,,,,,,
(cid:891),(cid:14)(cid:135)(cid:146)(cid:484)(cid:3)(cid:5)(cid:131)(cid:144)(cid:137)(cid:141)(cid:131)(cid:3)(cid:5)(cid:135)(cid:142)(cid:139)(cid:150)(cid:151)(cid:144)(cid:137),(cid:3)(cid:3)(cid:3)(cid:3)(cid:3)(cid:3)(cid:3)(cid:3)(cid:3)(cid:890)(cid:484)(cid:888)(cid:890)(cid:885)(cid:484)(cid:883)(cid:888)(cid:889)(cid:3),(cid:3)(cid:3)(cid:3)(cid:3)(cid:3)(cid:3)(cid:3)(cid:3)(cid:3)(cid:3)(cid:3)(cid:3)(cid:3)(cid:3)(cid:3)(cid:3)(cid:3)(cid:3)(cid:3)(cid:3)(cid:3)(cid:890)(cid:884)(cid:3),(cid:891)(cid:484)(cid:882)(cid:888)(cid:887),(cid:3)(cid:3)(cid:3)(cid:3)(cid:3)(cid:3)(cid:3)(cid:3)(cid:3)(cid:3)(cid:3)(cid:3)(cid:3)(cid:3)(cid:3)(cid:3)(cid:3)(cid:3)(cid:3)(cid:3)(cid:883)(cid:481)(cid:882)(cid:3),(cid:3)(cid:3)(cid:3)(cid:3)(cid:3)(cid:3)(cid:3)(cid:3)(cid:3)(cid:891)(cid:484)(cid:885)(cid:883)(cid:885)(cid:484)(cid:891)(cid:890)(cid:888)(cid:3),(cid:3)(cid:3)(cid:3)(cid:3)(cid:3)(cid:3)(cid:3)(cid:3)(cid:3)(cid:3)(cid:3)(cid:3)(cid:3)(cid:3)(cid:3)(cid:3)(cid:3)(cid:3)(cid:3)(cid:3) (cid:890)(cid:883),(cid:891)(cid:882)(cid:888)(cid:888),(cid:3)(cid:3)(cid:3)(cid:3)(cid:3)(cid:3)(cid:3)(cid:3)(cid:3)(cid:3)(cid:3)(cid:3)(cid:3)(cid:3)(cid:3)(cid:3)(cid:3)(cid:3)(cid:3)(cid:3)(cid:883)(cid:481)(cid:882)(cid:3),,,,,,,,,,,,,,,,,,,,,,,
(cid:883)(cid:882),(cid:14)(cid:135)(cid:146)(cid:151)(cid:142)(cid:131)(cid:151)(cid:131)(cid:144)(cid:3)(cid:21)(cid:139)(cid:131)(cid:151),(cid:3)(cid:3)(cid:3)(cid:3)(cid:3)(cid:3)(cid:3)(cid:3)(cid:3)(cid:883)(cid:484)(cid:887)(cid:882)(cid:888)(cid:484)(cid:887)(cid:882)(cid:887)(cid:3),(cid:3)(cid:3)(cid:3)(cid:3)(cid:3)(cid:3)(cid:3)(cid:3)(cid:3)(cid:3)(cid:3)(cid:3)(cid:3)(cid:3)(cid:3)(cid:3)(cid:3)(cid:3)(cid:3)(cid:3)(cid:3)(cid:884)(cid:889)(cid:3),(cid:884)(cid:484)(cid:889)(cid:886)(cid:887),(cid:3)(cid:3)(cid:3)(cid:3)(cid:3)(cid:3)(cid:3)(cid:3)(cid:3)(cid:3)(cid:3)(cid:3)(cid:3)(cid:3)(cid:3)(cid:3)(cid:3)(cid:3)(cid:3)(cid:3)(cid:883)(cid:481)(cid:890)(cid:3),(cid:3)(cid:3)(cid:3)(cid:3)(cid:3)(cid:3)(cid:3)(cid:3)(cid:3)(cid:883)(cid:484)(cid:887)(cid:883)(cid:883)(cid:484)(cid:890)(cid:891)(cid:891)(cid:3),(cid:3)(cid:3)(cid:3)(cid:3)(cid:3)(cid:3)(cid:3)(cid:3)(cid:3)(cid:3)(cid:3)(cid:3)(cid:3)(cid:3)(cid:3)(cid:3)(cid:3)(cid:3)(cid:3)(cid:3) (cid:884)(cid:889),(cid:884)(cid:886)(cid:889)(cid:887),(cid:3)(cid:3)(cid:3)(cid:3)(cid:3)(cid:3)(cid:3)(cid:3)(cid:3)(cid:3)(cid:3)(cid:3)(cid:3)(cid:3)(cid:3)(cid:3)(cid:3)(cid:3)(cid:3)(cid:3)(cid:883)(cid:481)(cid:888)(cid:3),,,,,,,,,,,,,,,,,,,,,,,
(cid:883)(cid:883),(cid:7)(cid:14)(cid:12)(cid:3)(cid:13)(cid:131)(cid:141)(cid:131)(cid:148)(cid:150)(cid:131),(cid:3)(cid:3)(cid:3)(cid:3)(cid:3)(cid:3)(cid:3)(cid:3)(cid:3)(cid:884)(cid:484)(cid:886)(cid:886)(cid:891)(cid:484)(cid:886)(cid:884)(cid:884)(cid:3),(cid:3)(cid:3)(cid:3)(cid:3)(cid:3)(cid:3)(cid:3)(cid:3)(cid:3)(cid:3)(cid:3)(cid:3)(cid:3)(cid:3)(cid:3)(cid:3)(cid:3)(cid:3)(cid:3)(cid:3)(cid:3)(cid:885)(cid:887)(cid:3),(cid:886)(cid:484)(cid:885)(cid:883)(cid:885),(cid:3)(cid:3)(cid:3)(cid:3)(cid:3)(cid:3)(cid:3)(cid:3)(cid:3)(cid:3)(cid:3)(cid:3)(cid:3)(cid:3)(cid:3)(cid:3)(cid:3)(cid:3)(cid:3)(cid:3)(cid:883)(cid:481)(cid:890)(cid:3),(cid:3)(cid:3)(cid:3)(cid:3)(cid:3)(cid:3)(cid:3)(cid:3)(cid:3)(cid:884)(cid:484)(cid:883)(cid:887)(cid:884)(cid:484)(cid:888)(cid:884)(cid:887)(cid:3),(cid:3)(cid:3)(cid:3)(cid:3)(cid:3)(cid:3)(cid:3)(cid:3)(cid:3)(cid:3)(cid:3)(cid:3)(cid:3)(cid:3)(cid:3)(cid:3)(cid:3)(cid:3)(cid:3)(cid:3) (cid:885)(cid:890),(cid:886)(cid:884)(cid:882)(cid:887),(cid:3)(cid:3)(cid:3)(cid:3)(cid:3)(cid:3)(cid:3)(cid:3)(cid:3)(cid:3)(cid:3)(cid:3)(cid:3)(cid:3)(cid:3)(cid:3)(cid:3)(cid:3)(cid:3)(cid:3)(cid:884)(cid:481)(cid:882)(cid:3),,,,,,,,,,,,,,,,,,,,,,,
(cid:883)(cid:884),(cid:13)(cid:131)(cid:153)(cid:131)(cid:3)(cid:5)(cid:131)(cid:148)(cid:131)(cid:150),(cid:3)(cid:3)(cid:3)(cid:3)(cid:3)(cid:3)(cid:883)(cid:882)(cid:484)(cid:889)(cid:883)(cid:883)(cid:484)(cid:890)(cid:882)(cid:891)(cid:3),(cid:3)(cid:3)(cid:3)(cid:3)(cid:3)(cid:3)(cid:3)(cid:3)(cid:3)(cid:3)(cid:3)(cid:3)(cid:3)(cid:3)(cid:3)(cid:3)(cid:3)(cid:3)(cid:3)(cid:883)(cid:891)(cid:887)(cid:3),(cid:884)(cid:889)(cid:484)(cid:887)(cid:882)(cid:884),(cid:3)(cid:3)(cid:3)(cid:3)(cid:3)(cid:3)(cid:3)(cid:3)(cid:3)(cid:3)(cid:3)(cid:3)(cid:3)(cid:3)(cid:3)(cid:3)(cid:3)(cid:3)(cid:3)(cid:3)(cid:884)(cid:481)(cid:888)(cid:3),(cid:3)(cid:3)(cid:3)(cid:3)(cid:3)(cid:3)(cid:883)(cid:882)(cid:484)(cid:888)(cid:889)(cid:884)(cid:484)(cid:883)(cid:882)(cid:882)(cid:3),(cid:3)(cid:3)(cid:3)(cid:3)(cid:3)(cid:3)(cid:3)(cid:3)(cid:3)(cid:3)(cid:3)(cid:3)(cid:3)(cid:3)(cid:3)(cid:3)(cid:3) (cid:883)(cid:891)(cid:888),(cid:884)(cid:889)(cid:887)(cid:884)(cid:884),(cid:3)(cid:3)(cid:3)(cid:3)(cid:3)(cid:3)(cid:3)(cid:3)(cid:3)(cid:3)(cid:3)(cid:3)(cid:3)(cid:3)(cid:3)(cid:3)(cid:3)(cid:3)(cid:3)(cid:3)(cid:884)(cid:481)(cid:888)(cid:3),,,,,,,,,,,,,,,,,,,,,,,
(cid:883)(cid:885),(cid:13)(cid:131)(cid:153)(cid:131)(cid:3)(cid:23)(cid:135)(cid:144)(cid:137)(cid:131)(cid:138),(cid:3)(cid:3)(cid:3)(cid:3)(cid:3)(cid:3)(cid:887)(cid:882)(cid:484)(cid:888)(cid:885)(cid:891)(cid:484)(cid:883)(cid:887)(cid:888)(cid:3),(cid:3)(cid:3)(cid:3)(cid:3)(cid:3)(cid:3)(cid:3)(cid:3)(cid:3)(cid:3)(cid:3)(cid:3)(cid:3)(cid:3)(cid:3)(cid:3)(cid:3)(cid:3)(cid:3)(cid:885)(cid:891)(cid:891)(cid:3),(cid:887)(cid:888)(cid:484)(cid:884)(cid:885)(cid:884),(cid:3)(cid:3)(cid:3)(cid:3)(cid:3)(cid:3)(cid:3)(cid:3)(cid:3)(cid:3)(cid:3)(cid:3)(cid:3)(cid:3)(cid:3)(cid:3)(cid:3)(cid:3)(cid:3)(cid:3)(cid:883)(cid:481)(cid:883)(cid:3),(cid:3)(cid:3)(cid:3)(cid:3)(cid:3)(cid:3)(cid:886)(cid:891)(cid:484)(cid:890)(cid:888)(cid:882)(cid:484)(cid:885)(cid:885)(cid:882)(cid:3),(cid:3)(cid:3)(cid:3)(cid:3)(cid:3)(cid:3)(cid:3)(cid:3)(cid:3)(cid:3)(cid:3)(cid:3)(cid:3)(cid:3)(cid:3)(cid:3)(cid:3) (cid:886)(cid:883)(cid:886),(cid:887)(cid:888)(cid:890)(cid:891)(cid:884),(cid:3)(cid:3)(cid:3)(cid:3)(cid:3)(cid:3)(cid:3)(cid:3)(cid:3)(cid:3)(cid:3)(cid:3)(cid:3)(cid:3)(cid:3)(cid:3)(cid:3)(cid:3)(cid:3)(cid:3)(cid:883)(cid:481)(cid:883)(cid:3),,,,,,,,,,,,,,,,,,,,,,,
(cid:883)(cid:886),(cid:7)(cid:12)(cid:3)(cid:28)(cid:145)(cid:137)(cid:155)(cid:131)(cid:141)(cid:131)(cid:148)(cid:150)(cid:131),(cid:3)(cid:3)(cid:3)(cid:3)(cid:3)(cid:3)(cid:885)(cid:887)(cid:484)(cid:882)(cid:891)(cid:882)(cid:484)(cid:885)(cid:889)(cid:890)(cid:3),(cid:3)(cid:3)(cid:3)(cid:3)(cid:3)(cid:3)(cid:3)(cid:3)(cid:3)(cid:3)(cid:3)(cid:3)(cid:3)(cid:3)(cid:3)(cid:3)(cid:3)(cid:3)(cid:3)(cid:885)(cid:885)(cid:886)(cid:3),(cid:886)(cid:887)(cid:484)(cid:891)(cid:886)(cid:883),(cid:3)(cid:3)(cid:3)(cid:3)(cid:3)(cid:3)(cid:3)(cid:3)(cid:3)(cid:3)(cid:3)(cid:3)(cid:3)(cid:3)(cid:3)(cid:3)(cid:3)(cid:3)(cid:3)(cid:3)(cid:883)(cid:481)(cid:885)(cid:3),(cid:3)(cid:3)(cid:3)(cid:3)(cid:3)(cid:3)(cid:885)(cid:889)(cid:484)(cid:887)(cid:886)(cid:882)(cid:484)(cid:891)(cid:888)(cid:884)(cid:3),(cid:3)(cid:3)(cid:3)(cid:3)(cid:3)(cid:3)(cid:3)(cid:3)(cid:3)(cid:3)(cid:3)(cid:3)(cid:3)(cid:3)(cid:3)(cid:3)(cid:3) (cid:885)(cid:886)(cid:887),(cid:886)(cid:888)(cid:889)(cid:891)(cid:885),(cid:3)(cid:3)(cid:3)(cid:3)(cid:3)(cid:3)(cid:3)(cid:3)(cid:3)(cid:3)(cid:3)(cid:3)(cid:3)(cid:3)(cid:3)(cid:3)(cid:3)(cid:3)(cid:3)(cid:3)(cid:883)(cid:481)(cid:884)(cid:3),,,,,,,,,,,,,,,,,,,,,,,
(cid:883)(cid:887),(cid:13)(cid:131)(cid:153)(cid:131)(cid:3)(cid:23)(cid:139)(cid:143)(cid:151)(cid:148),(cid:3)(cid:3)(cid:3)(cid:3)(cid:3)(cid:3)(cid:3)(cid:3)(cid:3)(cid:886)(cid:484)(cid:882)(cid:884)(cid:883)(cid:484)(cid:890)(cid:883)(cid:888)(cid:3),(cid:3)(cid:3)(cid:3)(cid:3)(cid:3)(cid:3)(cid:3)(cid:3)(cid:3)(cid:3)(cid:3)(cid:3)(cid:3)(cid:3)(cid:3)(cid:3)(cid:3)(cid:3)(cid:3)(cid:3)(cid:3)(cid:890)(cid:882)(cid:3),(cid:889)(cid:484)(cid:891)(cid:886)(cid:888),(cid:3)(cid:3)(cid:3)(cid:3)(cid:3)(cid:3)(cid:3)(cid:3)(cid:3)(cid:3)(cid:3)(cid:3)(cid:3)(cid:3)(cid:3)(cid:3)(cid:3)(cid:3)(cid:3)(cid:3)(cid:884)(cid:481)(cid:882)(cid:3),(cid:3)(cid:3)(cid:3)(cid:3)(cid:3)(cid:3)(cid:3)(cid:3)(cid:3)(cid:885)(cid:484)(cid:889)(cid:885)(cid:888)(cid:484)(cid:886)(cid:890)(cid:891)(cid:3),(cid:3)(cid:3)(cid:3)(cid:3)(cid:3)(cid:3)(cid:3)(cid:3)(cid:3)(cid:3)(cid:3)(cid:3)(cid:3)(cid:3)(cid:3)(cid:3)(cid:3)(cid:3)(cid:3)(cid:3) (cid:890)(cid:882),(cid:890)(cid:882)(cid:887)(cid:886),(cid:3)(cid:3)(cid:3)(cid:3)(cid:3)(cid:3)(cid:3)(cid:3)(cid:3)(cid:3)(cid:3)(cid:3)(cid:3)(cid:3)(cid:3)(cid:3)(cid:3)(cid:3)(cid:3)(cid:3)(cid:884)(cid:481)(cid:884)(cid:3),,,,,,,,,,,,,,,,,,,,,,,
(cid:883)(cid:888),(cid:5)(cid:131)(cid:144)(cid:150)(cid:135)(cid:144),(cid:3)(cid:3)(cid:3)(cid:3)(cid:3)(cid:3)(cid:886)(cid:882)(cid:484)(cid:885)(cid:886)(cid:890)(cid:484)(cid:886)(cid:886)(cid:883)(cid:3),(cid:3)(cid:3)(cid:3)(cid:3)(cid:3)(cid:3)(cid:3)(cid:3)(cid:3)(cid:3)(cid:3)(cid:3)(cid:3)(cid:3)(cid:3)(cid:3)(cid:3)(cid:3)(cid:3)(cid:886)(cid:883)(cid:882)(cid:3),(cid:887)(cid:883)(cid:484)(cid:885)(cid:891)(cid:883),(cid:3)(cid:3)(cid:3)(cid:3)(cid:3)(cid:3)(cid:3)(cid:3)(cid:3)(cid:3)(cid:3)(cid:3)(cid:3)(cid:3)(cid:3)(cid:3)(cid:3)(cid:3)(cid:3)(cid:3)(cid:883)(cid:481)(cid:885)(cid:3),(cid:3)(cid:3)(cid:3)(cid:3)(cid:3)(cid:3)(cid:886)(cid:883)(cid:484)(cid:887)(cid:884)(cid:889)(cid:484)(cid:891)(cid:885)(cid:886)(cid:3),(cid:3)(cid:3)(cid:3)(cid:3)(cid:3)(cid:3)(cid:3)(cid:3)(cid:3)(cid:3)(cid:3)(cid:3)(cid:3)(cid:3)(cid:3)(cid:3)(cid:3) (cid:886)(cid:884)(cid:885),(cid:887)(cid:884)(cid:883)(cid:887)(cid:891),(cid:3)(cid:3)(cid:3)(cid:3)(cid:3)(cid:3)(cid:3)(cid:3)(cid:3)(cid:3)(cid:3)(cid:3)(cid:3)(cid:3)(cid:3)(cid:3)(cid:3)(cid:3)(cid:3)(cid:3)(cid:883)(cid:481)(cid:885)(cid:3),,,,,,,,,,,,,,,,,,,,,,,
(cid:883)(cid:889),(cid:5)(cid:131)(cid:142)(cid:139),(cid:3)(cid:3)(cid:3)(cid:3)(cid:3)(cid:3)(cid:883)(cid:885)(cid:484)(cid:884)(cid:887)(cid:883)(cid:484)(cid:887)(cid:885)(cid:885)(cid:3),(cid:3)(cid:3)(cid:3)(cid:3)(cid:3)(cid:3)(cid:3)(cid:3)(cid:3)(cid:3)(cid:3)(cid:3)(cid:3)(cid:3)(cid:3)(cid:3)(cid:3)(cid:3)(cid:3)(cid:883)(cid:884)(cid:888)(cid:3),(cid:883)(cid:886)(cid:484)(cid:889)(cid:889)(cid:887),(cid:3)(cid:3)(cid:3)(cid:3)(cid:3)(cid:3)(cid:3)(cid:3)(cid:3)(cid:3)(cid:3)(cid:3)(cid:3)(cid:3)(cid:3)(cid:3)(cid:3)(cid:3)(cid:3)(cid:3)(cid:883)(cid:481)(cid:883)(cid:3),(cid:3)(cid:3)(cid:3)(cid:3)(cid:3)(cid:3)(cid:883)(cid:884)(cid:484)(cid:885)(cid:882)(cid:889)(cid:484)(cid:889)(cid:885)(cid:884)(cid:3),(cid:3)(cid:3)(cid:3)(cid:3)(cid:3)(cid:3)(cid:3)(cid:3)(cid:3)(cid:3)(cid:3)(cid:3)(cid:3)(cid:3)(cid:3)(cid:3)(cid:3) (cid:883)(cid:884)(cid:890),(cid:883)(cid:887)(cid:883)(cid:882)(cid:888),(cid:3)(cid:3)(cid:3)(cid:3)(cid:3)(cid:3)(cid:3)(cid:3)(cid:3)(cid:3)(cid:3)(cid:3)(cid:3)(cid:3)(cid:3)(cid:3)(cid:3)(cid:3)(cid:3)(cid:3)(cid:883)(cid:481)(cid:884)(cid:3),,,,,,,,,,,,,,,,,,,,,,,
(cid:883)(cid:890),(cid:17)(cid:151)(cid:149)(cid:131)(cid:3)(cid:23)(cid:135)(cid:144)(cid:137)(cid:137)(cid:131)(cid:148)(cid:131)(cid:3)(cid:5)(cid:131)(cid:148)(cid:131)(cid:150),(cid:3)(cid:3)(cid:3)(cid:3)(cid:3)(cid:3)(cid:3)(cid:3)(cid:3)(cid:886)(cid:484)(cid:887)(cid:883)(cid:890)(cid:484)(cid:888)(cid:890)(cid:882)(cid:3),(cid:3)(cid:3)(cid:3)(cid:3)(cid:3)(cid:3)(cid:3)(cid:3)(cid:3)(cid:3)(cid:3)(cid:3)(cid:3)(cid:3)(cid:3)(cid:3)(cid:3)(cid:3)(cid:3)(cid:3)(cid:3)(cid:889)(cid:886)(cid:3),(cid:891)(cid:484)(cid:884)(cid:886)(cid:882),(cid:3)(cid:3)(cid:3)(cid:3)(cid:3)(cid:3)(cid:3)(cid:3)(cid:3)(cid:3)(cid:3)(cid:3)(cid:3)(cid:3)(cid:3)(cid:3)(cid:3)(cid:3)(cid:3)(cid:3)(cid:884)(cid:481)(cid:882)(cid:3),(cid:3)(cid:3)(cid:3)(cid:3)(cid:3)(cid:3)(cid:3)(cid:3)(cid:3)(cid:886)(cid:484)(cid:886)(cid:882)(cid:886)(cid:484)(cid:884)(cid:888)(cid:884)(cid:3),(cid:3)(cid:3)(cid:3)(cid:3)(cid:3)(cid:3)(cid:3)(cid:3)(cid:3)(cid:3)(cid:3)(cid:3)(cid:3)(cid:3)(cid:3)(cid:3)(cid:3)(cid:3)(cid:3)(cid:3) (cid:889)(cid:887),(cid:891)(cid:883)(cid:891)(cid:888),(cid:3)(cid:3)(cid:3)(cid:3)(cid:3)(cid:3)(cid:3)(cid:3)(cid:3)(cid:3)(cid:3)(cid:3)(cid:3)(cid:3)(cid:3)(cid:3)(cid:3)(cid:3)(cid:3)(cid:3)(cid:884)(cid:481)(cid:883)(cid:3),,,,,,,,,,,,,,,,,,,,,,,
(cid:883)(cid:891),(cid:17)(cid:151)(cid:149)(cid:131)(cid:3)(cid:23)(cid:135)(cid:144)(cid:137)(cid:137)(cid:131)(cid:148)(cid:131)(cid:3)(cid:23)(cid:139)(cid:143)(cid:151)(cid:148),(cid:3)(cid:3)(cid:3)(cid:3)(cid:3)(cid:3)(cid:3)(cid:3)(cid:3)(cid:887)(cid:484)(cid:885)(cid:889)(cid:882)(cid:484)(cid:885)(cid:882)(cid:884)(cid:3),(cid:3)(cid:3)(cid:3)(cid:3)(cid:3)(cid:3)(cid:3)(cid:3)(cid:3)(cid:3)(cid:3)(cid:3)(cid:3)(cid:3)(cid:3)(cid:3)(cid:3)(cid:3)(cid:3)(cid:3)(cid:3)(cid:886)(cid:884)(cid:3),(cid:887)(cid:484)(cid:888)(cid:885)(cid:891),(cid:3)(cid:3)(cid:3)(cid:3)(cid:3)(cid:3)(cid:3)(cid:3)(cid:3)(cid:3)(cid:3)(cid:3)(cid:3)(cid:3)(cid:3)(cid:3)(cid:3)(cid:3)(cid:3)(cid:3)(cid:883)(cid:481)(cid:883)(cid:3),(cid:3)(cid:3)(cid:3)(cid:3)(cid:3)(cid:3)(cid:3)(cid:3)(cid:3)(cid:887)(cid:484)(cid:887)(cid:888)(cid:882)(cid:484)(cid:884)(cid:890)(cid:889)(cid:3),(cid:3)(cid:3)(cid:3)(cid:3)(cid:3)(cid:3)(cid:3)(cid:3)(cid:3)(cid:3)(cid:3)(cid:3)(cid:3)(cid:3)(cid:3)(cid:3)(cid:3)(cid:3)(cid:3)(cid:3) (cid:886)(cid:887),(cid:887)(cid:888)(cid:891)(cid:884),(cid:3)(cid:3)(cid:3)(cid:3)(cid:3)(cid:3)(cid:3)(cid:3)(cid:3)(cid:3)(cid:3)(cid:3)(cid:3)(cid:3)(cid:3)(cid:3)(cid:3)(cid:3)(cid:3)(cid:3)(cid:883)(cid:481)(cid:882)(cid:3),,,,,,,,,,,,,,,,,,,,,,,
(cid:884)(cid:882),(cid:14)(cid:131)(cid:142)(cid:139)(cid:143)(cid:131)(cid:144)(cid:150)(cid:131)(cid:144)(cid:3)(cid:5)(cid:131)(cid:148)(cid:131)(cid:150),(cid:3)(cid:3)(cid:3)(cid:3)(cid:3)(cid:3)(cid:3)(cid:3)(cid:3)(cid:887)(cid:484)(cid:888)(cid:888)(cid:884)(cid:484)(cid:891)(cid:886)(cid:890)(cid:3),(cid:3)(cid:3)(cid:3)(cid:3)(cid:3)(cid:3)(cid:3)(cid:3)(cid:3)(cid:3)(cid:3)(cid:3)(cid:3)(cid:3)(cid:3)(cid:3)(cid:3)(cid:3)(cid:3)(cid:3)(cid:3)(cid:887)(cid:889)(cid:3),(cid:887)(cid:484)(cid:890)(cid:888)(cid:884),(cid:3)(cid:3)(cid:3)(cid:3)(cid:3)(cid:3)(cid:3)(cid:3)(cid:3)(cid:3)(cid:3)(cid:3)(cid:3)(cid:3)(cid:3)(cid:3)(cid:3)(cid:3)(cid:3)(cid:3)(cid:883)(cid:481)(cid:882)(cid:3),(cid:3)(cid:3)(cid:3)(cid:3)(cid:3)(cid:3)(cid:3)(cid:3)(cid:3)(cid:887)(cid:484)(cid:887)(cid:888)(cid:891)(cid:484)(cid:882)(cid:888)(cid:890)(cid:3),(cid:3)(cid:3)(cid:3)(cid:3)(cid:3)(cid:3)(cid:3)(cid:3)(cid:3)(cid:3)(cid:3)(cid:3)(cid:3)(cid:3)(cid:3)(cid:3)(cid:3)(cid:3)(cid:3)(cid:3) (cid:887)(cid:891),(cid:888)(cid:883)(cid:889)(cid:886),(cid:3)(cid:3)(cid:3)(cid:3)(cid:3)(cid:3)(cid:3)(cid:3)(cid:3)(cid:3)(cid:3)(cid:3)(cid:3)(cid:3)(cid:3)(cid:3)(cid:3)(cid:3)(cid:3)(cid:3)(cid:883)(cid:481)(cid:883)(cid:3),,,,,,,,,,,,,,,,,,,,,,,
(cid:884)(cid:883),(cid:14)(cid:131)(cid:142)(cid:139)(cid:143)(cid:131)(cid:144)(cid:150)(cid:131)(cid:144)(cid:3)(cid:23)(cid:135)(cid:144)(cid:137)(cid:131)(cid:138),(cid:3)(cid:3)(cid:3)(cid:3)(cid:3)(cid:3)(cid:3)(cid:3)(cid:3)(cid:887)(cid:484)(cid:884)(cid:884)(cid:882)(cid:484)(cid:884)(cid:883)(cid:883)(cid:3),(cid:3)(cid:3)(cid:3)(cid:3)(cid:3)(cid:3)(cid:3)(cid:3)(cid:3)(cid:3)(cid:3)(cid:3)(cid:3)(cid:3)(cid:3)(cid:3)(cid:3)(cid:3)(cid:3)(cid:3)(cid:3)(cid:887)(cid:885)(cid:3),(cid:888)(cid:484)(cid:886)(cid:883)(cid:883),(cid:3)(cid:3)(cid:3)(cid:3)(cid:3)(cid:3)(cid:3)(cid:3)(cid:3)(cid:3)(cid:3)(cid:3)(cid:3)(cid:3)(cid:3)(cid:3)(cid:3)(cid:3)(cid:3)(cid:3)(cid:883)(cid:481)(cid:884)(cid:3),(cid:3)(cid:3)(cid:3)(cid:3)(cid:3)(cid:3)(cid:3)(cid:3)(cid:3)(cid:887)(cid:484)(cid:888)(cid:884)(cid:885)(cid:484)(cid:885)(cid:884)(cid:890)(cid:3),(cid:3)(cid:3)(cid:3)(cid:3)(cid:3)(cid:3)(cid:3)(cid:3)(cid:3)(cid:3)(cid:3)(cid:3)(cid:3)(cid:3)(cid:3)(cid:3)(cid:3)(cid:3)(cid:3)(cid:3) (cid:887)(cid:888),(cid:888)(cid:884)(cid:890)(cid:887),(cid:3)(cid:3)(cid:3)(cid:3)(cid:3)(cid:3)(cid:3)(cid:3)(cid:3)(cid:3)(cid:3)(cid:3)(cid:3)(cid:3)(cid:3)(cid:3)(cid:3)(cid:3)(cid:3)(cid:3)(cid:883)(cid:481)(cid:883)(cid:3),,,,,,,,,,,,,,,,,,,,,,,
(cid:884)(cid:884),(cid:14)(cid:131)(cid:142)(cid:139)(cid:143)(cid:131)(cid:144)(cid:150)(cid:131)(cid:144)(cid:3)(cid:22)(cid:135)(cid:142)(cid:131)(cid:150)(cid:131)(cid:144),(cid:3)(cid:3)(cid:3)(cid:3)(cid:3)(cid:3)(cid:3)(cid:3)(cid:3)(cid:884)(cid:484)(cid:889)(cid:887)(cid:889)(cid:484)(cid:888)(cid:891)(cid:889)(cid:3),(cid:3)(cid:3)(cid:3)(cid:3)(cid:3)(cid:3)(cid:3)(cid:3)(cid:3)(cid:3)(cid:3)(cid:3)(cid:3)(cid:3)(cid:3)(cid:3)(cid:3)(cid:3)(cid:3)(cid:3)(cid:3)(cid:885)(cid:883)(cid:3),(cid:886)(cid:484)(cid:882)(cid:885)(cid:882),(cid:3)(cid:3)(cid:3)(cid:3)(cid:3)(cid:3)(cid:3)(cid:3)(cid:3)(cid:3)(cid:3)(cid:3)(cid:3)(cid:3)(cid:3)(cid:3)(cid:3)(cid:3)(cid:3)(cid:3)(cid:883)(cid:481)(cid:887)(cid:3),(cid:3)(cid:3)(cid:3)(cid:3)(cid:3)(cid:3)(cid:3)(cid:3)(cid:3)(cid:884)(cid:484)(cid:889)(cid:889)(cid:885)(cid:484)(cid:889)(cid:886)(cid:889)(cid:3),(cid:3)(cid:3)(cid:3)(cid:3)(cid:3)(cid:3)(cid:3)(cid:3)(cid:3)(cid:3)(cid:3)(cid:3)(cid:3)(cid:3)(cid:3)(cid:3)(cid:3)(cid:3)(cid:3)(cid:3) (cid:885)(cid:885),(cid:885)(cid:887)(cid:891)(cid:889),(cid:3)(cid:3)(cid:3)(cid:3)(cid:3)(cid:3)(cid:3)(cid:3)(cid:3)(cid:3)(cid:3)(cid:3)(cid:3)(cid:3)(cid:3)(cid:3)(cid:3)(cid:3)(cid:3)(cid:3)(cid:883)(cid:481)(cid:885)(cid:3),,,,,,,,,,,,,,,,,,,,,,,
(cid:884)(cid:885),(cid:14)(cid:131)(cid:142)(cid:139)(cid:143)(cid:131)(cid:144)(cid:150)(cid:131)(cid:144)(cid:3)(cid:23)(cid:139)(cid:143)(cid:151)(cid:148),(cid:3)(cid:3)(cid:3)(cid:3)(cid:3)(cid:3)(cid:3)(cid:3)(cid:3)(cid:886)(cid:484)(cid:885)(cid:889)(cid:882)(cid:484)(cid:886)(cid:886)(cid:886)(cid:3),(cid:3)(cid:3)(cid:3)(cid:3)(cid:3)(cid:3)(cid:3)(cid:3)(cid:3)(cid:3)(cid:3)(cid:3)(cid:3)(cid:3)(cid:3)(cid:3)(cid:3)(cid:3)(cid:3)(cid:3)(cid:3)(cid:887)(cid:885)(cid:3),(cid:888)(cid:484)(cid:887)(cid:885)(cid:888),(cid:3)(cid:3)(cid:3)(cid:3)(cid:3)(cid:3)(cid:3)(cid:3)(cid:3)(cid:3)(cid:3)(cid:3)(cid:3)(cid:3)(cid:3)(cid:3)(cid:3)(cid:3)(cid:3)(cid:3)(cid:883)(cid:481)(cid:887)(cid:3),(cid:3)(cid:3)(cid:3)(cid:3)(cid:3)(cid:3)(cid:3)(cid:3)(cid:3)(cid:886)(cid:484)(cid:884)(cid:884)(cid:884)(cid:484)(cid:885)(cid:885)(cid:885)(cid:3),(cid:3)(cid:3)(cid:3)(cid:3)(cid:3)(cid:3)(cid:3)(cid:3)(cid:3)(cid:3)(cid:3)(cid:3)(cid:3)(cid:3)(cid:3)(cid:3)(cid:3)(cid:3)(cid:3)(cid:3) (cid:887)(cid:884),(cid:888)(cid:887)(cid:886)(cid:888),(cid:3)(cid:3)(cid:3)(cid:3)(cid:3)(cid:3)(cid:3)(cid:3)(cid:3)(cid:3)(cid:3)(cid:3)(cid:3)(cid:3)(cid:3)(cid:3)(cid:3)(cid:3)(cid:3)(cid:3)(cid:883)(cid:481)(cid:888)(cid:3),,,,,,,,,,,,,,,,,,,,,,,
(cid:884)(cid:886),(cid:14)(cid:131)(cid:142)(cid:139)(cid:143)(cid:131)(cid:144)(cid:150)(cid:131)(cid:144)(cid:3)(cid:24)(cid:150)(cid:131)(cid:148)(cid:131),(cid:3)(cid:3)(cid:3)(cid:3)(cid:3)(cid:3)(cid:3)(cid:3)(cid:3)(cid:885)(cid:484)(cid:889)(cid:887)(cid:884)(cid:484)(cid:888)(cid:882)(cid:887)(cid:3),(cid:3)(cid:3)(cid:3)(cid:3)(cid:3)(cid:3)(cid:3)(cid:3)(cid:3)(cid:3)(cid:3)(cid:3)(cid:3)(cid:3)(cid:3)(cid:3)(cid:3)(cid:3)(cid:3)(cid:3)(cid:3)(cid:887)(cid:891)(cid:3),(cid:888)(cid:484)(cid:889)(cid:890)(cid:884),(cid:3)(cid:3)(cid:3)(cid:3)(cid:3)(cid:3)(cid:3)(cid:3)(cid:3)(cid:3)(cid:3)(cid:3)(cid:3)(cid:3)(cid:3)(cid:3)(cid:3)(cid:3)(cid:3)(cid:3)(cid:883)(cid:481)(cid:890)(cid:3),(cid:3)(cid:3)(cid:3)(cid:3)(cid:3)(cid:3)(cid:3)(cid:3)(cid:3)(cid:885)(cid:484)(cid:891)(cid:882)(cid:891)(cid:484)(cid:889)(cid:886)(cid:883)(cid:3),(cid:3)(cid:3)(cid:3)(cid:3)(cid:3)(cid:3)(cid:3)(cid:3)(cid:3)(cid:3)(cid:3)(cid:3)(cid:3)(cid:3)(cid:3)(cid:3)(cid:3)(cid:3)(cid:3)(cid:3) (cid:887)(cid:890),(cid:888)(cid:890)(cid:888)(cid:888),(cid:3)(cid:3)(cid:3)(cid:3)(cid:3)(cid:3)(cid:3)(cid:3)(cid:3)(cid:3)(cid:3)(cid:3)(cid:3)(cid:3)(cid:3)(cid:3)(cid:3)(cid:3)(cid:3)(cid:3)(cid:883)(cid:481)(cid:890)(cid:3),,,,,,,,,,,,,,,,,,,,,,,
(cid:884)(cid:887),(cid:22)(cid:151)(cid:142)(cid:131)(cid:153)(cid:135)(cid:149)(cid:139)(cid:3)(cid:24)(cid:150)(cid:131)(cid:148)(cid:131),(cid:3)(cid:3)(cid:3)(cid:3)(cid:3)(cid:3)(cid:3)(cid:3)(cid:3)(cid:3)(cid:3)(cid:3)(cid:889)(cid:885)(cid:886)(cid:484)(cid:883)(cid:883)(cid:884)(cid:3),(cid:3)(cid:3)(cid:3)(cid:3)(cid:3)(cid:3)(cid:3)(cid:3)(cid:3)(cid:3)(cid:3)(cid:3)(cid:3)(cid:3)(cid:3)(cid:3)(cid:3)(cid:3)(cid:3)(cid:3)(cid:3)(cid:883)(cid:885)(cid:3),(cid:883)(cid:484)(cid:885)(cid:885)(cid:885),(cid:3)(cid:3)(cid:3)(cid:3)(cid:3)(cid:3)(cid:3)(cid:3)(cid:3)(cid:3)(cid:3)(cid:3)(cid:3)(cid:3)(cid:3)(cid:3)(cid:3)(cid:3)(cid:3)(cid:3)(cid:883)(cid:481)(cid:890)(cid:3),(cid:3)(cid:3)(cid:3)(cid:3)(cid:3)(cid:3)(cid:3)(cid:3)(cid:3)(cid:3)(cid:3)(cid:3)(cid:889)(cid:885)(cid:882)(cid:484)(cid:882)(cid:883)(cid:882)(cid:3),(cid:3)(cid:3)(cid:3)(cid:3)(cid:3)(cid:3)(cid:3)(cid:3)(cid:3)(cid:3)(cid:3)(cid:3)(cid:3)(cid:3)(cid:3)(cid:3)(cid:3)(cid:3)(cid:3)(cid:3) (cid:883)(cid:888),(cid:883)(cid:887)(cid:882)(cid:890),(cid:3)(cid:3)(cid:3)(cid:3)(cid:3)(cid:3)(cid:3)(cid:3)(cid:3)(cid:3)(cid:3)(cid:3)(cid:3)(cid:3)(cid:3)(cid:3)(cid:3)(cid:3)(cid:3)(cid:3)(cid:884)(cid:481)(cid:883)(cid:3),,,,,,,,,,,,,,,,,,,,,,,
(cid:884)(cid:888),(cid:22)(cid:151)(cid:142)(cid:131)(cid:153)(cid:135)(cid:149)(cid:139)(cid:3)(cid:23)(cid:135)(cid:144)(cid:137)(cid:131)(cid:138),(cid:3)(cid:3)(cid:3)(cid:3)(cid:3)(cid:3)(cid:3)(cid:3)(cid:3)(cid:884)(cid:484)(cid:887)(cid:886)(cid:890)(cid:484)(cid:885)(cid:885)(cid:890)(cid:3),(cid:3)(cid:3)(cid:3)(cid:3)(cid:3)(cid:3)(cid:3)(cid:3)(cid:3)(cid:3)(cid:3)(cid:3)(cid:3)(cid:3)(cid:3)(cid:3)(cid:3)(cid:3)(cid:3)(cid:3)(cid:3)(cid:887)(cid:887)(cid:3),(cid:889)(cid:484)(cid:884)(cid:890)(cid:883),(cid:3)(cid:3)(cid:3)(cid:3)(cid:3)(cid:3)(cid:3)(cid:3)(cid:3)(cid:3)(cid:3)(cid:3)(cid:3)(cid:3)(cid:3)(cid:3)(cid:3)(cid:3)(cid:3)(cid:3)(cid:884)(cid:481)(cid:891)(cid:3),(cid:3)(cid:3)(cid:3)(cid:3)(cid:3)(cid:3)(cid:3)(cid:3)(cid:3)(cid:884)(cid:484)(cid:888)(cid:890)(cid:883)(cid:484)(cid:887)(cid:885)(cid:887)(cid:3),(cid:3)(cid:3)(cid:3)(cid:3)(cid:3)(cid:3)(cid:3)(cid:3)(cid:3)(cid:3)(cid:3)(cid:3)(cid:3)(cid:3)(cid:3)(cid:3)(cid:3)(cid:3)(cid:3)(cid:3) (cid:887)(cid:889),(cid:889)(cid:884)(cid:884)(cid:883),(cid:3)(cid:3)(cid:3)(cid:3)(cid:3)(cid:3)(cid:3)(cid:3)(cid:3)(cid:3)(cid:3)(cid:3)(cid:3)(cid:3)(cid:3)(cid:3)(cid:3)(cid:3)(cid:3)(cid:3)(cid:884)(cid:481)(cid:889)(cid:3),,,,,,,,,,,,,,,,,,,,,,,
(cid:884)(cid:889),(cid:22)(cid:151)(cid:142)(cid:131)(cid:153)(cid:135)(cid:149)(cid:139)(cid:3)(cid:22)(cid:135)(cid:142)(cid:131)(cid:150)(cid:131)(cid:144),(cid:3)(cid:3)(cid:3)(cid:3)(cid:3)(cid:3)(cid:3)(cid:3)(cid:3)(cid:885)(cid:484)(cid:883)(cid:887)(cid:891)(cid:484)(cid:889)(cid:886)(cid:891)(cid:3),(cid:3)(cid:3)(cid:3)(cid:3)(cid:3)(cid:3)(cid:3)(cid:3)(cid:3)(cid:3)(cid:3)(cid:3)(cid:3)(cid:3)(cid:3)(cid:3)(cid:3)(cid:3)(cid:3)(cid:3)(cid:3)(cid:885)(cid:891)(cid:3),(cid:887)(cid:484)(cid:883)(cid:891)(cid:884),(cid:3)(cid:3)(cid:3)(cid:3)(cid:3)(cid:3)(cid:3)(cid:3)(cid:3)(cid:3)(cid:3)(cid:3)(cid:3)(cid:3)(cid:3)(cid:3)(cid:3)(cid:3)(cid:3)(cid:3)(cid:883)(cid:481)(cid:888)(cid:3),(cid:3)(cid:3)(cid:3)(cid:3)(cid:3)(cid:3)(cid:3)(cid:3)(cid:3)(cid:885)(cid:484)(cid:882)(cid:890)(cid:888)(cid:484)(cid:889)(cid:887)(cid:882)(cid:3),(cid:3)(cid:3)(cid:3)(cid:3)(cid:3)(cid:3)(cid:3)(cid:3)(cid:3)(cid:3)(cid:3)(cid:3)(cid:3)(cid:3)(cid:3)(cid:3)(cid:3)(cid:3)(cid:3)(cid:3) (cid:886)(cid:882),(cid:887)(cid:882)(cid:884)(cid:885),(cid:3)(cid:3)(cid:3)(cid:3)(cid:3)(cid:3)(cid:3)(cid:3)(cid:3)(cid:3)(cid:3)(cid:3)(cid:3)(cid:3)(cid:3)(cid:3)(cid:3)(cid:3)(cid:3)(cid:3)(cid:883)(cid:481)(cid:888)(cid:3),,,,,,,,,,,,,,,,,,,,,,,
(cid:884)(cid:890),(cid:22)(cid:151)(cid:142)(cid:131)(cid:153)(cid:135)(cid:149)(cid:139)(cid:3)(cid:23)(cid:135)(cid:144)(cid:137)(cid:137)(cid:131)(cid:148)(cid:131),(cid:3)(cid:3)(cid:3)(cid:3)(cid:3)(cid:3)(cid:3)(cid:3)(cid:3)(cid:891)(cid:484)(cid:882)(cid:884)(cid:884)(cid:484)(cid:884)(cid:889)(cid:888)(cid:3),(cid:3)(cid:3)(cid:3)(cid:3)(cid:3)(cid:3)(cid:3)(cid:3)(cid:3)(cid:3)(cid:3)(cid:3)(cid:3)(cid:3)(cid:3)(cid:3)(cid:3)(cid:3)(cid:3)(cid:883)(cid:883)(cid:890)(cid:3),(cid:883)(cid:888)(cid:484)(cid:887)(cid:891)(cid:888),(cid:3)(cid:3)(cid:3)(cid:3)(cid:3)(cid:3)(cid:3)(cid:3)(cid:3)(cid:3)(cid:3)(cid:3)(cid:3)(cid:3)(cid:3)(cid:3)(cid:3)(cid:3)(cid:3)(cid:3)(cid:883)(cid:481)(cid:890)(cid:3),(cid:3)(cid:3)(cid:3)(cid:3)(cid:3)(cid:3)(cid:3)(cid:3)(cid:3)(cid:891)(cid:484)(cid:885)(cid:888)(cid:884)(cid:484)(cid:884)(cid:891)(cid:882)(cid:3),(cid:3)(cid:3)(cid:3)(cid:3)(cid:3)(cid:3)(cid:3)(cid:3)(cid:3)(cid:3)(cid:3)(cid:3)(cid:3)(cid:3)(cid:3)(cid:3)(cid:3) (cid:883)(cid:884)(cid:887),(cid:883)(cid:888)(cid:883)(cid:884)(cid:884),(cid:3)(cid:3)(cid:3)(cid:3)(cid:3)(cid:3)(cid:3)(cid:3)(cid:3)(cid:3)(cid:3)(cid:3)(cid:3)(cid:3)(cid:3)(cid:3)(cid:3)(cid:3)(cid:3)(cid:3)(cid:883)(cid:481)(cid:889)(cid:3),,,,,,,,,,,,,,,,,,,,,,,
(cid:884)(cid:891),(cid:10)(cid:145)(cid:148)(cid:145)(cid:144)(cid:150)(cid:131)(cid:142)(cid:145),(cid:3)(cid:3)(cid:3)(cid:3)(cid:3)(cid:3)(cid:3)(cid:3)(cid:3)(cid:884)(cid:484)(cid:889)(cid:890)(cid:884)(cid:484)(cid:890)(cid:890)(cid:884)(cid:3),(cid:3)(cid:3)(cid:3)(cid:3)(cid:3)(cid:3)(cid:3)(cid:3)(cid:3)(cid:3)(cid:3)(cid:3)(cid:3)(cid:3)(cid:3)(cid:3)(cid:3)(cid:3)(cid:3)(cid:3)(cid:3)(cid:885)(cid:891)(cid:3),(cid:885)(cid:484)(cid:890)(cid:890)(cid:884),(cid:3)(cid:3)(cid:3)(cid:3)(cid:3)(cid:3)(cid:3)(cid:3)(cid:3)(cid:3)(cid:3)(cid:3)(cid:3)(cid:3)(cid:3)(cid:3)(cid:3)(cid:3)(cid:3)(cid:3)(cid:883)(cid:481)(cid:886)(cid:3),(cid:3)(cid:3)(cid:3)(cid:3)(cid:3)(cid:3)(cid:3)(cid:3)(cid:3)(cid:884)(cid:484)(cid:889)(cid:886)(cid:891)(cid:484)(cid:882)(cid:883)(cid:886)(cid:3),(cid:3)(cid:3)(cid:3)(cid:3)(cid:3)(cid:3)(cid:3)(cid:3)(cid:3)(cid:3)(cid:3)(cid:3)(cid:3)(cid:3)(cid:3)(cid:3)(cid:3)(cid:3)(cid:3)(cid:3) (cid:886)(cid:885),(cid:885)(cid:891)(cid:885)(cid:882),(cid:3)(cid:3)(cid:3)(cid:3)(cid:3)(cid:3)(cid:3)(cid:3)(cid:3)(cid:3)(cid:3)(cid:3)(cid:3)(cid:3)(cid:3)(cid:3)(cid:3)(cid:3)(cid:3)(cid:3)(cid:883)(cid:481)(cid:886)(cid:3),,,,,,,,,,,,,,,,,,,,,,,
(cid:885)(cid:882),(cid:22)(cid:151)(cid:142)(cid:131)(cid:153)(cid:135)(cid:149)(cid:139)(cid:3)(cid:5)(cid:131)(cid:148)(cid:131)(cid:150),(cid:3)(cid:3)(cid:3)(cid:3)(cid:3)(cid:3)(cid:3)(cid:3)(cid:3)(cid:883)(cid:484)(cid:884)(cid:882)(cid:887)(cid:484)(cid:885)(cid:886)(cid:883)(cid:3),(cid:3)(cid:3)(cid:3)(cid:3)(cid:3)(cid:3)(cid:3)(cid:3)(cid:3)(cid:3)(cid:3)(cid:3)(cid:3)(cid:3)(cid:3)(cid:3)(cid:3)(cid:3)(cid:3)(cid:3)(cid:3)(cid:883)(cid:891)(cid:3),(cid:884)(cid:484)(cid:883)(cid:886)(cid:890),(cid:3)(cid:3)(cid:3)(cid:3)(cid:3)(cid:3)(cid:3)(cid:3)(cid:3)(cid:3)(cid:3)(cid:3)(cid:3)(cid:3)(cid:3)(cid:3)(cid:3)(cid:3)(cid:3)(cid:3)(cid:883)(cid:481)(cid:890)(cid:3),(cid:3)(cid:3)(cid:3)(cid:3)(cid:3)(cid:3)(cid:3)(cid:3)(cid:3)(cid:883)(cid:484)(cid:884)(cid:883)(cid:885)(cid:484)(cid:883)(cid:890)(cid:884)(cid:3),(cid:3)(cid:3)(cid:3)(cid:3)(cid:3)(cid:3)(cid:3)(cid:3)(cid:3)(cid:3)(cid:3)(cid:3)(cid:3)(cid:3)(cid:3)(cid:3)(cid:3)(cid:3)(cid:3)(cid:3) (cid:884)(cid:882),(cid:884)(cid:884)(cid:888)(cid:885),(cid:3)(cid:3)(cid:3)(cid:3)(cid:3)(cid:3)(cid:3)(cid:3)(cid:3)(cid:3)(cid:3)(cid:3)(cid:3)(cid:3)(cid:3)(cid:3)(cid:3)(cid:3)(cid:3)(cid:3)(cid:883)(cid:481)(cid:891)(cid:3),,,,,,,,,,,,,,,,,,,,,,,
(cid:885)(cid:883),(cid:16)(cid:131)(cid:142)(cid:151)(cid:141)(cid:151),(cid:3)(cid:3)(cid:3)(cid:3)(cid:3)(cid:3)(cid:3)(cid:3)(cid:3)(cid:883)(cid:484)(cid:886)(cid:883)(cid:887)(cid:484)(cid:883)(cid:885)(cid:882)(cid:3),(cid:3)(cid:3)(cid:3)(cid:3)(cid:3)(cid:3)(cid:3)(cid:3)(cid:3)(cid:3)(cid:3)(cid:3)(cid:3)(cid:3)(cid:3)(cid:3)(cid:3)(cid:3)(cid:3)(cid:3)(cid:3)(cid:883)(cid:886)(cid:3),(cid:883)(cid:484)(cid:886)(cid:888)(cid:889),(cid:3)(cid:3)(cid:3)(cid:3)(cid:3)(cid:3)(cid:3)(cid:3)(cid:3)(cid:3)(cid:3)(cid:3)(cid:3)(cid:3)(cid:3)(cid:3)(cid:3)(cid:3)(cid:3)(cid:3)(cid:883)(cid:481)(cid:882)(cid:3),(cid:3)(cid:3)(cid:3)(cid:3)(cid:3)(cid:3)(cid:3)(cid:3)(cid:3)(cid:883)(cid:484)(cid:886)(cid:890)(cid:883)(cid:484)(cid:882)(cid:889)(cid:889)(cid:3),(cid:3)(cid:3)(cid:3)(cid:3)(cid:3)(cid:3)(cid:3)(cid:3)(cid:3)(cid:3)(cid:3)(cid:3)(cid:3)(cid:3)(cid:3)(cid:3)(cid:3)(cid:3)(cid:3)(cid:3) (cid:883)(cid:887),(cid:883)(cid:888)(cid:882)(cid:886),(cid:3)(cid:3)(cid:3)(cid:3)(cid:3)(cid:3)(cid:3)(cid:3)(cid:3)(cid:3)(cid:3)(cid:3)(cid:3)(cid:3)(cid:3)(cid:3)(cid:3)(cid:3)(cid:3)(cid:3)(cid:883)(cid:481)(cid:883)(cid:3),,,,,,,,,,,,,,,,,,,,,,,
(cid:885)(cid:884),(cid:16)(cid:131)(cid:142)(cid:151)(cid:141)(cid:151)(cid:3)(cid:24)(cid:150)(cid:131)(cid:148)(cid:131),(cid:3)(cid:3)(cid:3)(cid:3)(cid:3)(cid:3)(cid:3)(cid:3)(cid:3)(cid:883)(cid:484)(cid:890)(cid:884)(cid:885)(cid:484)(cid:887)(cid:883)(cid:890)(cid:3),(cid:3)(cid:3)(cid:3)(cid:3)(cid:3)(cid:3)(cid:3)(cid:3)(cid:3)(cid:3)(cid:3)(cid:3)(cid:3)(cid:3)(cid:3)(cid:3)(cid:3)(cid:3)(cid:3)(cid:3)(cid:3)(cid:885)(cid:882)(cid:3),(cid:885)(cid:484)(cid:882)(cid:889)(cid:889),(cid:3)(cid:3)(cid:3)(cid:3)(cid:3)(cid:3)(cid:3)(cid:3)(cid:3)(cid:3)(cid:3)(cid:3)(cid:3)(cid:3)(cid:3)(cid:3)(cid:3)(cid:3)(cid:3)(cid:3)(cid:883)(cid:481)(cid:889)(cid:3),(cid:3)(cid:3)(cid:3)(cid:3)(cid:3)(cid:3)(cid:3)(cid:3)(cid:3)(cid:883)(cid:484)(cid:891)(cid:884)(cid:882)(cid:484)(cid:886)(cid:888)(cid:884)(cid:3),(cid:3)(cid:3)(cid:3)(cid:3)(cid:3)(cid:3)(cid:3)(cid:3)(cid:3)(cid:3)(cid:3)(cid:3)(cid:3)(cid:3)(cid:3)(cid:3)(cid:3)(cid:3)(cid:3)(cid:3) (cid:885)(cid:882),(cid:885)(cid:882)(cid:889)(cid:884),(cid:3)(cid:3)(cid:3)(cid:3)(cid:3)(cid:3)(cid:3)(cid:3)(cid:3)(cid:3)(cid:3)(cid:3)(cid:3)(cid:3)(cid:3)(cid:3)(cid:3)(cid:3)(cid:3)(cid:3)(cid:883)(cid:481)(cid:888)(cid:3),,,,,,,,,,,,,,,,,,,,,,,
(cid:885)(cid:885),(cid:19)(cid:131)(cid:146)(cid:151)(cid:131),(cid:3)(cid:3)(cid:3)(cid:3)(cid:3)(cid:3)(cid:3)(cid:3)(cid:3)(cid:883)(cid:484)(cid:884)(cid:890)(cid:887)(cid:484)(cid:885)(cid:889)(cid:886)(cid:3),(cid:3)(cid:3)(cid:3)(cid:3)(cid:3)(cid:3)(cid:3)(cid:3)(cid:3)(cid:3)(cid:3)(cid:3)(cid:3)(cid:3)(cid:3)(cid:3)(cid:3)(cid:3)(cid:3)(cid:3)(cid:3)(cid:884)(cid:884)(cid:3),(cid:883)(cid:484)(cid:890)(cid:883)(cid:883),(cid:3)(cid:3)(cid:3)(cid:3)(cid:3)(cid:3)(cid:3)(cid:3)(cid:3)(cid:3)(cid:3)(cid:3)(cid:3)(cid:3)(cid:3)(cid:3)(cid:3)(cid:3)(cid:3)(cid:3)(cid:883)(cid:481)(cid:886)(cid:3),(cid:3)(cid:3)(cid:3)(cid:3)(cid:3)(cid:3)(cid:3)(cid:3)(cid:3)(cid:883)(cid:484)(cid:885)(cid:885)(cid:889)(cid:484)(cid:883)(cid:886)(cid:890)(cid:3),(cid:3)(cid:3)(cid:3)(cid:3)(cid:3)(cid:3)(cid:3)(cid:3)(cid:3)(cid:3)(cid:3)(cid:3)(cid:3)(cid:3)(cid:3)(cid:3)(cid:3)(cid:3)(cid:3)(cid:3) (cid:884)(cid:885),(cid:883)(cid:888)(cid:887)(cid:884),(cid:3)(cid:3)(cid:3)(cid:3)(cid:3)(cid:3)(cid:3)(cid:3)(cid:3)(cid:3)(cid:3)(cid:3)(cid:3)(cid:3)(cid:3)(cid:3)(cid:3)(cid:3)(cid:3)(cid:3)(cid:883)(cid:481)(cid:884)(cid:3),,,,,,,,,,,,,,,,,,,,,,,
(cid:885)(cid:886),(cid:19)(cid:131)(cid:146)(cid:151)(cid:131)(cid:3)(cid:5)(cid:131)(cid:148)(cid:131)(cid:150),(cid:3)(cid:3)(cid:3)(cid:3)(cid:3)(cid:3)(cid:3)(cid:3)(cid:3)(cid:885)(cid:484)(cid:886)(cid:890)(cid:884)(cid:484)(cid:890)(cid:891)(cid:883)(cid:3),(cid:3)(cid:3)(cid:3)(cid:3)(cid:3)(cid:3)(cid:3)(cid:3)(cid:3)(cid:3)(cid:3)(cid:3)(cid:3)(cid:3)(cid:3)(cid:3)(cid:3)(cid:3)(cid:3)(cid:3)(cid:3)(cid:887)(cid:882)(cid:3),(cid:887)(cid:484)(cid:882)(cid:886)(cid:890),(cid:3)(cid:3)(cid:3)(cid:3)(cid:3)(cid:3)(cid:3)(cid:3)(cid:3)(cid:3)(cid:3)(cid:3)(cid:3)(cid:3)(cid:3)(cid:3)(cid:3)(cid:3)(cid:3)(cid:3)(cid:883)(cid:481)(cid:886)(cid:3),(cid:3)(cid:3)(cid:3)(cid:3)(cid:3)(cid:3)(cid:3)(cid:3)(cid:3)(cid:883)(cid:484)(cid:882)(cid:886)(cid:889)(cid:484)(cid:882)(cid:891)(cid:890)(cid:3),(cid:3)(cid:3)(cid:3)(cid:3)(cid:3)(cid:3)(cid:3)(cid:3)(cid:3)(cid:3)(cid:3)(cid:3)(cid:3)(cid:3)(cid:3)(cid:3)(cid:3)(cid:3)(cid:3)(cid:3) (cid:883)(cid:891),(cid:884)(cid:883)(cid:890)(cid:890),(cid:3)(cid:3)(cid:3)(cid:3)(cid:3)(cid:3)(cid:3)(cid:3)(cid:3)(cid:3)(cid:3)(cid:3)(cid:3)(cid:3)(cid:3)(cid:3)(cid:3)(cid:3)(cid:3)(cid:3)(cid:884)(cid:481)(cid:883)(cid:3),,,,,,,,,,,,,,,,,,,,,,,
(cid:885)(cid:887),(cid:19)(cid:131)(cid:146)(cid:151)(cid:131)(cid:3)(cid:22)(cid:135)(cid:142)(cid:131)(cid:150)(cid:131)(cid:144),(cid:3)(cid:3)(cid:3)(cid:3)(cid:3)(cid:3)(cid:3)(cid:3)(cid:3)(cid:883)(cid:484)(cid:882)(cid:885)(cid:883)(cid:484)(cid:888)(cid:889)(cid:888)(cid:3),(cid:3)(cid:3)(cid:3)(cid:3)(cid:3)(cid:3)(cid:3)(cid:3)(cid:3)(cid:3)(cid:3)(cid:3)(cid:3)(cid:3)(cid:3)(cid:3)(cid:3)(cid:3)(cid:3)(cid:3)(cid:3)(cid:884)(cid:887)(cid:3),(cid:883)(cid:484)(cid:891)(cid:889)(cid:888),(cid:3)(cid:3)(cid:3)(cid:3)(cid:3)(cid:3)(cid:3)(cid:3)(cid:3)(cid:3)(cid:3)(cid:3)(cid:3)(cid:3)(cid:3)(cid:3)(cid:3)(cid:3)(cid:3)(cid:3)(cid:883)(cid:481)(cid:891)(cid:3),(cid:3)(cid:3)(cid:3)(cid:3)(cid:3)(cid:3)(cid:3)(cid:3)(cid:3)(cid:3)(cid:3)(cid:3)(cid:887)(cid:888)(cid:891)(cid:484)(cid:887)(cid:889)(cid:882)(cid:3),(cid:3)(cid:3)(cid:3)(cid:3)(cid:3)(cid:3)(cid:3)(cid:3)(cid:3)(cid:3)(cid:3)(cid:3)(cid:3)(cid:3)(cid:3)(cid:3)(cid:3)(cid:3)(cid:3)(cid:3) (cid:883)(cid:884),(cid:891)(cid:889)(cid:884),(cid:3)(cid:3)(cid:3)(cid:3)(cid:3)(cid:3)(cid:3)(cid:3)(cid:3)(cid:3)(cid:3)(cid:3)(cid:3)(cid:3)(cid:3)(cid:3)(cid:3)(cid:3)(cid:3)(cid:3)(cid:883)(cid:481)(cid:889)(cid:3),,,,,,,,,,,,,,,,,,,,,,,
(cid:885)(cid:888),(cid:19)(cid:131)(cid:146)(cid:151)(cid:131)(cid:3)(cid:23)(cid:135)(cid:144)(cid:137)(cid:131)(cid:138),(cid:3)(cid:486)(cid:3),(cid:3)(cid:486)(cid:3),(cid:486),(cid:3)(cid:486)(cid:3),(cid:3)(cid:3)(cid:3)(cid:3)(cid:3)(cid:3)(cid:3)(cid:3)(cid:3)(cid:3)(cid:3)(cid:3)(cid:887)(cid:885)(cid:886)(cid:484)(cid:886)(cid:883)(cid:888)(cid:3),(cid:3)(cid:3)(cid:3)(cid:3)(cid:3)(cid:3)(cid:3)(cid:3)(cid:3)(cid:3)(cid:3)(cid:3)(cid:3)(cid:3)(cid:3)(cid:3)(cid:3)(cid:3)(cid:3)(cid:3)(cid:3)(cid:3) (cid:890),(cid:889)(cid:885)(cid:888),(cid:3)(cid:3)(cid:3)(cid:3)(cid:3)(cid:3)(cid:3)(cid:3)(cid:3)(cid:3)(cid:3)(cid:3)(cid:3)(cid:3)(cid:3)(cid:3)(cid:3)(cid:3)(cid:3)(cid:3)(cid:883)(cid:481)(cid:886)(cid:3),,,,,,,,,,,,,,,,,,,,,,,
(cid:885)(cid:889),(cid:19)(cid:131)(cid:146)(cid:151)(cid:131)(cid:3)(cid:19)(cid:135)(cid:137)(cid:151)(cid:144)(cid:151)(cid:144)(cid:137)(cid:131)(cid:144),(cid:3)(cid:486)(cid:3),(cid:3)(cid:486)(cid:3),(cid:486),(cid:3)(cid:486)(cid:3),(cid:3)(cid:3)(cid:3)(cid:3)(cid:3)(cid:3)(cid:3)(cid:3)(cid:3)(cid:883)(cid:484)(cid:886)(cid:887)(cid:884)(cid:484)(cid:890)(cid:882)(cid:888)(cid:3),(cid:3)(cid:3)(cid:3)(cid:3)(cid:3)(cid:3)(cid:3)(cid:3)(cid:3)(cid:3)(cid:3)(cid:3)(cid:3)(cid:3)(cid:3)(cid:3)(cid:3)(cid:3)(cid:3)(cid:3) (cid:883)(cid:885),(cid:883)(cid:882)(cid:890)(cid:885),(cid:3)(cid:3)(cid:3)(cid:3)(cid:3)(cid:3)(cid:3)(cid:3)(cid:3)(cid:3)(cid:3)(cid:3)(cid:3)(cid:3)(cid:3)(cid:3)(cid:3)(cid:3)(cid:3)(cid:3)(cid:882)(cid:481)(cid:889)(cid:3),,,,,,,,,,,,,,,,,,,,,,,
Indonesia,,(cid:3)(cid:486)(cid:3) 274.859.094,"(cid:3)(cid:486)(cid:3) 3.072,0",(cid:486) 384.247,"(cid:3)(cid:486)(cid:3) 1,4",(cid:3)(cid:3)(cid:3)(cid:3)(cid:3)(cid:3)(cid:3)(cid:3)(cid:3)(cid:883)(cid:484)(cid:886)(cid:886)(cid:890)(cid:484)(cid:885)(cid:889)(cid:884)(cid:3) 278.696.193,"(cid:3)(cid:3)(cid:3)(cid:3)(cid:3)(cid:3)(cid:3)(cid:3)(cid:3)(cid:3)(cid:3)(cid:3)(cid:3)(cid:3)(cid:3)(cid:3)(cid:3)(cid:3)(cid:3)(cid:3)(cid:3)(cid:3) (cid:891) 3.155,0",(cid:887)(cid:883)(cid:888) 384.818,"(cid:3)(cid:3)(cid:3)(cid:3)(cid:3)(cid:3)(cid:3)(cid:3)(cid:3)(cid:3)(cid:3)(cid:3)(cid:3)(cid:3)(cid:3)(cid:3)(cid:3)(cid:3)(cid:3)(cid:3)(cid:882)(cid:481)(cid:886)(cid:3) 1,4",,,,,,,,,,,,,,,,,,,,,,,
No,Provinsi,Jumlah Rumah Sakit,Rumah Sakit Pemerintah Terakreditasi,Rumah Sakit Swasta Terakreditasi,Total Rumah Sakit Terakreditasi,Persentase Rumah Sakit Terakreditasi,,,,,,,,,,,,,,,,,,,,,,,,,,
(1),(2),(3),(4),(5),(6),(7),,,,,,,,,,,,,,,,,,,,,,,,,,
(cid:883),(cid:3)(cid:4)(cid:133)(cid:135)(cid:138),(cid:889)(cid:889),(cid:885)(cid:887),(cid:885)(cid:887),(cid:889)(cid:882),(cid:891)(cid:882)(cid:481)(cid:891),,,,,,,,,,,,,,,,,,,,,,,,,,
(cid:884),(cid:3)(cid:22)(cid:151)(cid:143)(cid:131)(cid:150)(cid:135)(cid:148)(cid:131)(cid:3)(cid:24)(cid:150)(cid:131)(cid:148)(cid:131),(cid:884)(cid:883)(cid:884),(cid:887)(cid:889),(cid:883)(cid:885)(cid:882),(cid:883)(cid:890)(cid:889),(cid:890)(cid:890)(cid:481)(cid:884),,,,,,,,,,,,,,,,,,,,,,,,,,
(cid:885),(cid:3)(cid:22)(cid:151)(cid:143)(cid:131)(cid:150)(cid:135)(cid:148)(cid:131)(cid:3)(cid:5)(cid:131)(cid:148)(cid:131)(cid:150),(cid:890)(cid:884),(cid:885)(cid:887),(cid:886)(cid:882),(cid:889)(cid:887),(cid:891)(cid:883)(cid:481)(cid:887),,,,,,,,,,,,,,,,,,,,,,,,,,
(cid:886),(cid:3)(cid:21)(cid:139)(cid:131)(cid:151),(cid:889)(cid:891),(cid:884)(cid:887),(cid:887)(cid:883),(cid:889)(cid:888),(cid:891)(cid:888)(cid:481)(cid:884),,,,,,,,,,,,,,,,,,,,,,,,,,
(cid:887),(cid:3)(cid:13)(cid:131)(cid:143)(cid:132)(cid:139),(cid:886)(cid:884),(cid:883)(cid:890),(cid:883)(cid:890),(cid:885)(cid:888),(cid:890)(cid:887)(cid:481)(cid:889),,,,,,,,,,,,,,,,,,,,,,,,,,
(cid:888),(cid:3)(cid:22)(cid:151)(cid:143)(cid:131)(cid:150)(cid:135)(cid:148)(cid:131)(cid:3)(cid:22)(cid:135)(cid:142)(cid:131)(cid:150)(cid:131)(cid:144),(cid:890)(cid:887),(cid:885)(cid:888),(cid:885)(cid:890),(cid:889)(cid:886),(cid:890)(cid:889)(cid:481)(cid:883),,,,,,,,,,,,,,,,,,,,,,,,,,
(cid:889),(cid:3)(cid:5)(cid:135)(cid:144)(cid:137)(cid:141)(cid:151)(cid:142)(cid:151)(cid:3),(cid:884)(cid:888),(cid:883)(cid:888),(cid:890),(cid:884)(cid:886),(cid:891)(cid:884)(cid:481)(cid:885),,,,,,,,,,,,,,,,,,,,,,,,,,
(cid:890),(cid:3)(cid:15)(cid:131)(cid:143)(cid:146)(cid:151)(cid:144)(cid:137),(cid:890)(cid:883),(cid:884)(cid:882),(cid:887)(cid:890),(cid:889)(cid:890),(cid:891)(cid:888)(cid:481)(cid:885),,,,,,,,,,,,,,,,,,,,,,,,,,
(cid:891),(cid:3)(cid:14)(cid:135)(cid:146)(cid:151)(cid:142)(cid:131)(cid:151)(cid:131)(cid:144)(cid:3)(cid:5)(cid:131)(cid:144)(cid:137)(cid:141)(cid:131)(cid:3)(cid:5)(cid:135)(cid:142)(cid:139)(cid:150)(cid:151)(cid:144)(cid:137),(cid:884)(cid:889),(cid:883)(cid:884),(cid:883)(cid:885),(cid:884)(cid:887),(cid:891)(cid:884)(cid:481)(cid:888),,,,,,,,,,,,,,,,,,,,,,,,,,
(cid:883)(cid:882),(cid:3)(cid:14)(cid:135)(cid:146)(cid:151)(cid:142)(cid:131)(cid:151)(cid:131)(cid:144)(cid:3)(cid:21)(cid:139)(cid:131)(cid:151),(cid:885)(cid:889),(cid:883)(cid:886),(cid:884)(cid:882),(cid:885)(cid:886),(cid:891)(cid:883)(cid:481)(cid:891),,,,,,,,,,,,,,,,,,,,,,,,,,
(cid:883)(cid:883),(cid:3)(cid:7)(cid:14)(cid:12)(cid:3)(cid:13)(cid:131)(cid:141)(cid:131)(cid:148)(cid:150)(cid:131),(cid:883)(cid:891)(cid:888),(cid:888)(cid:883),(cid:883)(cid:884)(cid:888),(cid:883)(cid:890)(cid:889),(cid:891)(cid:887)(cid:481)(cid:886),,,,,,,,,,,,,,,,,,,,,,,,,,
(cid:883)(cid:884),(cid:3)(cid:13)(cid:131)(cid:153)(cid:131)(cid:3)(cid:5)(cid:131)(cid:148)(cid:131)(cid:150),(cid:886)(cid:883)(cid:887),(cid:890)(cid:887),(cid:885)(cid:882)(cid:890),(cid:885)(cid:891)(cid:885),(cid:891)(cid:886)(cid:481)(cid:889),,,,,,,,,,,,,,,,,,,,,,,,,,
(cid:883)(cid:885),(cid:3)(cid:13)(cid:131)(cid:153)(cid:131)(cid:3)(cid:23)(cid:135)(cid:144)(cid:137)(cid:131)(cid:138),(cid:885)(cid:886)(cid:887),(cid:890)(cid:891),(cid:884)(cid:886)(cid:884),(cid:885)(cid:885)(cid:883),(cid:891)(cid:887)(cid:481)(cid:891),,,,,,,,,,,,,,,,,,,,,,,,,,
(cid:883)(cid:886),(cid:3)(cid:7)(cid:12)(cid:3)(cid:28)(cid:145)(cid:137)(cid:155)(cid:131)(cid:141)(cid:131)(cid:148)(cid:150)(cid:131),(cid:890)(cid:882),(cid:883)(cid:890),(cid:888)(cid:883),(cid:889)(cid:891),(cid:891)(cid:890)(cid:481)(cid:890),,,,,,,,,,,,,,,,,,,,,,,,,,
(cid:883)(cid:887),(cid:3)(cid:13)(cid:131)(cid:153)(cid:131)(cid:3)(cid:23)(cid:139)(cid:143)(cid:151)(cid:148),(cid:886)(cid:884)(cid:885),(cid:883)(cid:883)(cid:884),(cid:884)(cid:891)(cid:883),(cid:886)(cid:882)(cid:885),(cid:891)(cid:887)(cid:481)(cid:885),,,,,,,,,,,,,,,,,,,,,,,,,,
(cid:883)(cid:888),(cid:3)(cid:5)(cid:131)(cid:144)(cid:150)(cid:135)(cid:144),(cid:883)(cid:884)(cid:890),(cid:883)(cid:891),(cid:891)(cid:891),(cid:883)(cid:883)(cid:890),(cid:891)(cid:884)(cid:481)(cid:884),,,,,,,,,,,,,,,,,,,,,,,,,,
(cid:883)(cid:889),(cid:3)(cid:5)(cid:131)(cid:142)(cid:139),(cid:889)(cid:887),(cid:884)(cid:885),(cid:887)(cid:882),(cid:889)(cid:885),(cid:891)(cid:889)(cid:481)(cid:885),,,,,,,,,,,,,,,,,,,,,,,,,,
(cid:883)(cid:890),(cid:3)(cid:17)(cid:151)(cid:149)(cid:131)(cid:3)(cid:23)(cid:135)(cid:144)(cid:137)(cid:137)(cid:131)(cid:148)(cid:131)(cid:3)(cid:5)(cid:131)(cid:148)(cid:131)(cid:150),(cid:886)(cid:887),(cid:884)(cid:882),(cid:884)(cid:883),(cid:886)(cid:883),(cid:891)(cid:883)(cid:481)(cid:883),,,,,,,,,,,,,,,,,,,,,,,,,,
(cid:883)(cid:891),(cid:3)(cid:17)(cid:151)(cid:149)(cid:131)(cid:3)(cid:23)(cid:135)(cid:144)(cid:137)(cid:137)(cid:131)(cid:148)(cid:131)(cid:3)(cid:23)(cid:139)(cid:143)(cid:151)(cid:148),(cid:887)(cid:891),(cid:884)(cid:890),(cid:884)(cid:886),(cid:887)(cid:884),(cid:890)(cid:890)(cid:481)(cid:883),,,,,,,,,,,,,,,,,,,,,,,,,,
(cid:884)(cid:882),(cid:3)(cid:14)(cid:131)(cid:142)(cid:139)(cid:143)(cid:131)(cid:144)(cid:150)(cid:131)(cid:144)(cid:3)(cid:5)(cid:131)(cid:148)(cid:131)(cid:150),(cid:887)(cid:888),(cid:884)(cid:888),(cid:884)(cid:882),(cid:886)(cid:888),(cid:890)(cid:884)(cid:481)(cid:883),,,,,,,,,,,,,,,,,,,,,,,,,,
(cid:884)(cid:883),(cid:3)(cid:14)(cid:131)(cid:142)(cid:139)(cid:143)(cid:131)(cid:144)(cid:150)(cid:131)(cid:144)(cid:3)(cid:23)(cid:135)(cid:144)(cid:137)(cid:131)(cid:138),(cid:885)(cid:885),(cid:883)(cid:891),(cid:891),(cid:884)(cid:890),(cid:890)(cid:886)(cid:481)(cid:890),,,,,,,,,,,,,,,,,,,,,,,,,,
(cid:884)(cid:884),(cid:3)(cid:14)(cid:131)(cid:142)(cid:139)(cid:143)(cid:131)(cid:144)(cid:150)(cid:131)(cid:144)(cid:3)(cid:22)(cid:135)(cid:142)(cid:131)(cid:150)(cid:131)(cid:144),(cid:887)(cid:884),(cid:884)(cid:887),(cid:884)(cid:887),(cid:887)(cid:882),(cid:891)(cid:888)(cid:481)(cid:884),,,,,,,,,,,,,,,,,,,,,,,,,,
(cid:884)(cid:885),(cid:3)(cid:14)(cid:131)(cid:142)(cid:139)(cid:143)(cid:131)(cid:144)(cid:150)(cid:131)(cid:144)(cid:3)(cid:23)(cid:139)(cid:143)(cid:151)(cid:148),(cid:887)(cid:890),(cid:884)(cid:885),(cid:884)(cid:889),(cid:887)(cid:882),(cid:890)(cid:888)(cid:481)(cid:884),,,,,,,,,,,,,,,,,,,,,,,,,,
(cid:884)(cid:886),(cid:3)(cid:14)(cid:131)(cid:142)(cid:139)(cid:143)(cid:131)(cid:144)(cid:150)(cid:131)(cid:144)(cid:3)(cid:24)(cid:150)(cid:131)(cid:148)(cid:131),(cid:883)(cid:888),(cid:883)(cid:882),(cid:883),(cid:883)(cid:883),(cid:888)(cid:890)(cid:481)(cid:890),,,,,,,,,,,,,,,,,,,,,,,,,,
(cid:884)(cid:887),(cid:3)(cid:22)(cid:151)(cid:142)(cid:131)(cid:153)(cid:135)(cid:149)(cid:139)(cid:3)(cid:24)(cid:150)(cid:131)(cid:148)(cid:131),(cid:887)(cid:889),(cid:884)(cid:889),(cid:884)(cid:885),(cid:887)(cid:882),(cid:890)(cid:889)(cid:481)(cid:889),,,,,,,,,,,,,,,,,,,,,,,,,,
(cid:884)(cid:888),(cid:3)(cid:22)(cid:151)(cid:142)(cid:131)(cid:153)(cid:135)(cid:149)(cid:139)(cid:3)(cid:23)(cid:135)(cid:144)(cid:137)(cid:131)(cid:138),(cid:886)(cid:882),(cid:884)(cid:885),(cid:883)(cid:882),(cid:885)(cid:885),(cid:890)(cid:884)(cid:481)(cid:887),,,,,,,,,,,,,,,,,,,,,,,,,,
(cid:884)(cid:889),(cid:3)(cid:22)(cid:151)(cid:142)(cid:131)(cid:153)(cid:135)(cid:149)(cid:139)(cid:3)(cid:22)(cid:135)(cid:142)(cid:131)(cid:150)(cid:131)(cid:144),(cid:883)(cid:884)(cid:887),(cid:887)(cid:884),(cid:887)(cid:888),(cid:883)(cid:882)(cid:890),(cid:890)(cid:888)(cid:481)(cid:886),,,,,,,,,,,,,,,,,,,,,,,,,,
(cid:884)(cid:890),(cid:3)(cid:22)(cid:151)(cid:142)(cid:131)(cid:153)(cid:135)(cid:149)(cid:139)(cid:3)(cid:23)(cid:135)(cid:144)(cid:137)(cid:137)(cid:131)(cid:148)(cid:131),(cid:886)(cid:885),(cid:884)(cid:884),(cid:883)(cid:883),(cid:885)(cid:885),(cid:889)(cid:888)(cid:481)(cid:889),,,,,,,,,,,,,,,,,,,,,,,,,,
(cid:884)(cid:891),(cid:3)(cid:10)(cid:145)(cid:148)(cid:145)(cid:144)(cid:150)(cid:131)(cid:142)(cid:145),(cid:884)(cid:882),(cid:883)(cid:884),(cid:887),(cid:883)(cid:889),(cid:890)(cid:887)(cid:481)(cid:882),,,,,,,,,,,,,,,,,,,,,,,,,,
(cid:885)(cid:882),(cid:3)(cid:22)(cid:151)(cid:142)(cid:131)(cid:153)(cid:135)(cid:149)(cid:139)(cid:3)(cid:5)(cid:131)(cid:148)(cid:131)(cid:150),(cid:883)(cid:887),(cid:891),(cid:887),(cid:883)(cid:886),(cid:891)(cid:885)(cid:481)(cid:885),,,,,,,,,,,,,,,,,,,,,,,,,,
(cid:885)(cid:883),(cid:3)(cid:16)(cid:131)(cid:142)(cid:151)(cid:141)(cid:151),(cid:885)(cid:882),(cid:884)(cid:883),(cid:888),(cid:884)(cid:889),(cid:891)(cid:882)(cid:481)(cid:882),,,,,,,,,,,,,,,,,,,,,,,,,,
(cid:885)(cid:884),(cid:3)(cid:16)(cid:131)(cid:142)(cid:151)(cid:141)(cid:151)(cid:3)(cid:24)(cid:150)(cid:131)(cid:148)(cid:131),(cid:884)(cid:885),(cid:883)(cid:886),(cid:886),(cid:883)(cid:890),(cid:889)(cid:890)(cid:481)(cid:885),,,,,,,,,,,,,,,,,,,,,,,,,,
(cid:885)(cid:885),(cid:3)(cid:19)(cid:131)(cid:146)(cid:151)(cid:131),(cid:886)(cid:891),(cid:884)(cid:890),(cid:888),(cid:885)(cid:886),(cid:888)(cid:891)(cid:481)(cid:886),,,,,,,,,,,,,,,,,,,,,,,,,,
(cid:885)(cid:886),(cid:3)(cid:19)(cid:131)(cid:146)(cid:151)(cid:131)(cid:3)(cid:5)(cid:131)(cid:148)(cid:131)(cid:150),(cid:884)(cid:886),(cid:883)(cid:885),(cid:886),(cid:883)(cid:889),(cid:889)(cid:882)(cid:481)(cid:890),,,,,,,,,,,,,,,,,,,,,,,,,,
(cid:885)(cid:887),(cid:3)(cid:19)(cid:131)(cid:146)(cid:151)(cid:131)(cid:3)(cid:22)(cid:135)(cid:142)(cid:131)(cid:150)(cid:131)(cid:144),(cid:486),(cid:486),(cid:486),(cid:486),(cid:486),,,,,,,,,,,,,,,,,,,,,,,,,,
(cid:885)(cid:888),(cid:3)(cid:19)(cid:131)(cid:146)(cid:151)(cid:131)(cid:3)(cid:23)(cid:135)(cid:144)(cid:137)(cid:131)(cid:138),(cid:486),(cid:486),(cid:486),(cid:486),(cid:486),,,,,,,,,,,,,,,,,,,,,,,,,,
(cid:885)(cid:889) (cid:3)(cid:19)(cid:131)(cid:146)(cid:151)(cid:131)(cid:3)(cid:19)(cid:135)(cid:137)(cid:151)(cid:144)(cid:151)(cid:144)(cid:137)(cid:131)(cid:144) Indonesia,,(cid:486) 3.155,(cid:486) 1.047,(cid:486) 1.845,(cid:486) 2.892,"(cid:486) 91,7",,,,,,,,,,,,,,,,,,,,,,,,,,
No,Provinsi,Jumlah Rumah Sakit Kabupaten/Kota Kelas C *),Jumlah RS yang Memiliki 4 Dokter Spesialis Dasar dan 3 Dokter Spesialis Penunjang,Persentase,,,,,,,,,,,,,,,,,,,,,,,,,,,,
(1),(2),(3),(4),(5),,,,,,,,,,,,,,,,,,,,,,,,,,,,
(cid:883),(cid:4)(cid:133)(cid:135)(cid:138),(cid:884)(cid:886),(cid:884)(cid:886),(cid:883)(cid:882)(cid:882)(cid:481)(cid:882),,,,,,,,,,,,,,,,,,,,,,,,,,,,
(cid:884),(cid:22)(cid:151)(cid:143)(cid:131)(cid:150)(cid:135)(cid:148)(cid:131)(cid:3)(cid:24)(cid:150)(cid:131)(cid:148)(cid:131),(cid:885)(cid:889),(cid:884)(cid:891),(cid:889)(cid:890)(cid:481)(cid:886),,,,,,,,,,,,,,,,,,,,,,,,,,,,
(cid:885),(cid:22)(cid:151)(cid:143)(cid:131)(cid:150)(cid:135)(cid:148)(cid:131)(cid:3)(cid:5)(cid:131)(cid:148)(cid:131)(cid:150),(cid:884)(cid:883),(cid:883)(cid:888),(cid:889)(cid:888)(cid:481)(cid:884),,,,,,,,,,,,,,,,,,,,,,,,,,,,
(cid:886),(cid:21)(cid:139)(cid:131)(cid:151),(cid:883)(cid:888),(cid:883)(cid:885),(cid:890)(cid:883)(cid:481)(cid:885),,,,,,,,,,,,,,,,,,,,,,,,,,,,
(cid:887),(cid:13)(cid:131)(cid:143)(cid:132)(cid:139),(cid:883)(cid:888),(cid:883)(cid:885),(cid:890)(cid:883)(cid:481)(cid:885),,,,,,,,,,,,,,,,,,,,,,,,,,,,
(cid:888),(cid:22)(cid:151)(cid:143)(cid:131)(cid:150)(cid:135)(cid:148)(cid:131)(cid:3)(cid:22)(cid:135)(cid:142)(cid:131)(cid:150)(cid:131)(cid:144),(cid:884)(cid:890),(cid:884)(cid:885),(cid:890)(cid:884)(cid:481)(cid:883),,,,,,,,,,,,,,,,,,,,,,,,,,,,
(cid:889),(cid:5)(cid:135)(cid:144)(cid:137)(cid:141)(cid:151)(cid:142)(cid:151),(cid:883)(cid:883),(cid:883)(cid:883),(cid:883)(cid:882)(cid:882)(cid:481)(cid:882),,,,,,,,,,,,,,,,,,,,,,,,,,,,
(cid:890),(cid:15)(cid:131)(cid:143)(cid:146)(cid:151)(cid:144)(cid:137),(cid:883)(cid:889),(cid:883)(cid:887),(cid:890)(cid:890)(cid:481)(cid:884),,,,,,,,,,,,,,,,,,,,,,,,,,,,
(cid:891),(cid:14)(cid:135)(cid:146)(cid:151)(cid:142)(cid:131)(cid:151)(cid:131)(cid:144)(cid:3)(cid:5)(cid:131)(cid:144)(cid:137)(cid:141)(cid:131)(cid:3)(cid:5)(cid:135)(cid:142)(cid:139)(cid:150)(cid:151)(cid:144)(cid:137),(cid:891),(cid:890),(cid:890)(cid:890)(cid:481)(cid:891),,,,,,,,,,,,,,,,,,,,,,,,,,,,
(cid:883)(cid:882),(cid:14)(cid:135)(cid:146)(cid:151)(cid:142)(cid:131)(cid:151)(cid:131)(cid:144)(cid:3)(cid:21)(cid:139)(cid:131)(cid:151),(cid:883)(cid:882),(cid:887),(cid:887)(cid:882)(cid:481)(cid:882),,,,,,,,,,,,,,,,,,,,,,,,,,,,
(cid:883)(cid:883),(cid:7)(cid:14)(cid:12)(cid:3)(cid:13)(cid:131)(cid:141)(cid:131)(cid:148)(cid:150)(cid:131),(cid:882),(cid:882),(cid:882)(cid:481)(cid:882),,,,,,,,,,,,,,,,,,,,,,,,,,,,
(cid:883)(cid:884),(cid:13)(cid:131)(cid:153)(cid:131)(cid:3)(cid:5)(cid:131)(cid:148)(cid:131)(cid:150),(cid:887)(cid:885),(cid:887)(cid:882),(cid:891)(cid:886)(cid:481)(cid:885),,,,,,,,,,,,,,,,,,,,,,,,,,,,
(cid:883)(cid:885),(cid:13)(cid:131)(cid:153)(cid:131)(cid:3)(cid:23)(cid:135)(cid:144)(cid:137)(cid:131)(cid:138),(cid:887)(cid:891),(cid:887)(cid:888),(cid:891)(cid:886)(cid:481)(cid:891),,,,,,,,,,,,,,,,,,,,,,,,,,,,
(cid:883)(cid:886),(cid:7)(cid:12)(cid:3)(cid:28)(cid:145)(cid:137)(cid:155)(cid:131)(cid:141)(cid:131)(cid:148)(cid:150)(cid:131),(cid:883)(cid:882),(cid:891),(cid:891)(cid:882)(cid:481)(cid:882),,,,,,,,,,,,,,,,,,,,,,,,,,,,
(cid:883)(cid:887),(cid:13)(cid:131)(cid:153)(cid:131)(cid:3)(cid:23)(cid:139)(cid:143)(cid:151)(cid:148),(cid:889)(cid:883),(cid:888)(cid:886),(cid:891)(cid:882)(cid:481)(cid:883),,,,,,,,,,,,,,,,,,,,,,,,,,,,
(cid:883)(cid:888),(cid:5)(cid:131)(cid:144)(cid:150)(cid:135)(cid:144),(cid:883)(cid:885),(cid:883)(cid:883),(cid:890)(cid:886)(cid:481)(cid:888),,,,,,,,,,,,,,,,,,,,,,,,,,,,
(cid:883)(cid:889),(cid:5)(cid:131)(cid:142)(cid:139),(cid:883)(cid:886),(cid:883)(cid:885),(cid:891)(cid:884)(cid:481)(cid:891),,,,,,,,,,,,,,,,,,,,,,,,,,,,
(cid:883)(cid:890),(cid:17)(cid:151)(cid:149)(cid:131)(cid:3)(cid:23)(cid:135)(cid:144)(cid:137)(cid:137)(cid:131)(cid:148)(cid:131)(cid:3)(cid:5)(cid:131)(cid:148)(cid:131)(cid:150),(cid:883)(cid:887),(cid:883)(cid:884),(cid:890)(cid:882)(cid:481)(cid:882),,,,,,,,,,,,,,,,,,,,,,,,,,,,
(cid:883)(cid:891),(cid:17)(cid:151)(cid:149)(cid:131)(cid:3)(cid:23)(cid:135)(cid:144)(cid:137)(cid:137)(cid:131)(cid:148)(cid:131)(cid:3)(cid:23)(cid:139)(cid:143)(cid:151)(cid:148),(cid:884)(cid:884),(cid:883)(cid:886),(cid:888)(cid:885)(cid:481)(cid:888),,,,,,,,,,,,,,,,,,,,,,,,,,,,
(cid:884)(cid:882),(cid:14)(cid:131)(cid:142)(cid:139)(cid:143)(cid:131)(cid:144)(cid:150)(cid:131)(cid:144)(cid:3)(cid:5)(cid:131)(cid:148)(cid:131)(cid:150),(cid:884)(cid:882),(cid:883)(cid:884),(cid:888)(cid:882)(cid:481)(cid:882),,,,,,,,,,,,,,,,,,,,,,,,,,,,
(cid:884)(cid:883),(cid:14)(cid:131)(cid:142)(cid:139)(cid:143)(cid:131)(cid:144)(cid:150)(cid:131)(cid:144)(cid:3)(cid:23)(cid:135)(cid:144)(cid:137)(cid:131)(cid:138),(cid:883)(cid:886),(cid:883)(cid:885),(cid:891)(cid:884)(cid:481)(cid:891),,,,,,,,,,,,,,,,,,,,,,,,,,,,
(cid:884)(cid:884),(cid:14)(cid:131)(cid:142)(cid:139)(cid:143)(cid:131)(cid:144)(cid:150)(cid:131)(cid:144)(cid:3)(cid:22)(cid:135)(cid:142)(cid:131)(cid:150)(cid:131)(cid:144),(cid:883)(cid:889),(cid:883)(cid:886),(cid:890)(cid:884)(cid:481)(cid:886),,,,,,,,,,,,,,,,,,,,,,,,,,,,
(cid:884)(cid:885),(cid:14)(cid:131)(cid:142)(cid:139)(cid:143)(cid:131)(cid:144)(cid:150)(cid:131)(cid:144)(cid:3)(cid:23)(cid:139)(cid:143)(cid:151)(cid:148),(cid:883)(cid:887),(cid:883)(cid:882),(cid:888)(cid:888)(cid:481)(cid:889),,,,,,,,,,,,,,,,,,,,,,,,,,,,
(cid:884)(cid:886),(cid:14)(cid:131)(cid:142)(cid:139)(cid:143)(cid:131)(cid:144)(cid:150)(cid:131)(cid:144)(cid:3)(cid:24)(cid:150)(cid:131)(cid:148)(cid:131),(cid:887),(cid:886),(cid:890)(cid:882)(cid:481)(cid:882),,,,,,,,,,,,,,,,,,,,,,,,,,,,
(cid:884)(cid:887),(cid:22)(cid:151)(cid:142)(cid:131)(cid:153)(cid:135)(cid:149)(cid:139)(cid:3)(cid:24)(cid:150)(cid:131)(cid:148)(cid:131),(cid:883)(cid:889),(cid:883)(cid:884),(cid:889)(cid:882)(cid:481)(cid:888),,,,,,,,,,,,,,,,,,,,,,,,,,,,
(cid:884)(cid:888),(cid:22)(cid:151)(cid:142)(cid:131)(cid:153)(cid:135)(cid:149)(cid:139)(cid:3)(cid:23)(cid:135)(cid:144)(cid:137)(cid:131)(cid:138),(cid:884)(cid:882),(cid:883)(cid:883),(cid:887)(cid:887)(cid:481)(cid:882),,,,,,,,,,,,,,,,,,,,,,,,,,,,
(cid:884)(cid:889),(cid:22)(cid:151)(cid:142)(cid:131)(cid:153)(cid:135)(cid:149)(cid:139)(cid:3)(cid:22)(cid:135)(cid:142)(cid:131)(cid:150)(cid:131)(cid:144),(cid:885)(cid:883),(cid:884)(cid:889),(cid:890)(cid:889)(cid:481)(cid:883),,,,,,,,,,,,,,,,,,,,,,,,,,,,
(cid:884)(cid:890),(cid:22)(cid:151)(cid:142)(cid:131)(cid:153)(cid:135)(cid:149)(cid:139)(cid:3)(cid:23)(cid:135)(cid:144)(cid:137)(cid:137)(cid:131)(cid:148)(cid:131),(cid:883)(cid:889),(cid:883)(cid:882),(cid:887)(cid:890)(cid:481)(cid:890),,,,,,,,,,,,,,,,,,,,,,,,,,,,
(cid:884)(cid:891),(cid:10)(cid:145)(cid:148)(cid:145)(cid:144)(cid:150)(cid:131)(cid:142)(cid:145),(cid:891),(cid:890),(cid:890)(cid:890)(cid:481)(cid:891),,,,,,,,,,,,,,,,,,,,,,,,,,,,
(cid:885)(cid:882),(cid:22)(cid:151)(cid:142)(cid:131)(cid:153)(cid:135)(cid:149)(cid:139)(cid:3)(cid:5)(cid:131)(cid:148)(cid:131)(cid:150),(cid:889),(cid:887),(cid:889)(cid:883)(cid:481)(cid:886),,,,,,,,,,,,,,,,,,,,,,,,,,,,
(cid:885)(cid:883),(cid:16)(cid:131)(cid:142)(cid:151)(cid:141)(cid:151),(cid:883)(cid:885),(cid:886),(cid:885)(cid:882)(cid:481)(cid:890),,,,,,,,,,,,,,,,,,,,,,,,,,,,
(cid:885)(cid:884),(cid:16)(cid:131)(cid:142)(cid:151)(cid:141)(cid:151)(cid:3)(cid:24)(cid:150)(cid:131)(cid:148)(cid:131),(cid:883)(cid:882),(cid:888),(cid:888)(cid:882)(cid:481)(cid:882),,,,,,,,,,,,,,,,,,,,,,,,,,,,
(cid:885)(cid:885),(cid:19)(cid:131)(cid:146)(cid:151)(cid:131)(cid:3)(cid:3),(cid:888),(cid:884),(cid:885)(cid:885)(cid:481)(cid:885),,,,,,,,,,,,,,,,,,,,,,,,,,,,
(cid:885)(cid:886),(cid:19)(cid:131)(cid:146)(cid:151)(cid:131)(cid:3)(cid:5)(cid:131)(cid:148)(cid:131)(cid:150),(cid:888),(cid:887),(cid:890)(cid:885)(cid:481)(cid:885),,,,,,,,,,,,,,,,,,,,,,,,,,,,
(cid:885)(cid:887),(cid:19)(cid:131)(cid:146)(cid:151)(cid:131)(cid:3)(cid:22)(cid:135)(cid:142)(cid:131)(cid:150)(cid:131)(cid:144),(cid:886),(cid:883),(cid:884)(cid:887)(cid:481)(cid:882),,,,,,,,,,,,,,,,,,,,,,,,,,,,
(cid:885)(cid:888),(cid:19)(cid:131)(cid:146)(cid:151)(cid:131)(cid:3)(cid:23)(cid:135)(cid:144)(cid:137)(cid:131)(cid:138),(cid:888),(cid:885),(cid:887)(cid:882)(cid:481)(cid:882),,,,,,,,,,,,,,,,,,,,,,,,,,,,
(cid:885)(cid:889) (cid:19)(cid:131)(cid:146)(cid:151)(cid:131)(cid:3)(cid:19)(cid:135)(cid:137)(cid:151)(cid:144)(cid:151)(cid:144)(cid:137)(cid:131)(cid:144) Indonesia,,(cid:887) 673,(cid:883) 536,"(cid:884)(cid:882)(cid:481)(cid:882) 79,6",,,,,,,,,,,,,,,,,,,,,,,,,,,,
No,Provinsi,Sepenuhnya RME,Sebagian RME,Belum RME,,,,,,,,,,,,,,,,,,,,,,,,,,,,
(1),(2),(3),(4),(5),,,,,,,,,,,,,,,,,,,,,,,,,,,,
(cid:883),(cid:4)(cid:133)(cid:135)(cid:138),(cid:883)(cid:886),(cid:885)(cid:882),(cid:884)(cid:891),,,,,,,,,,,,,,,,,,,,,,,,,,,,
(cid:884),(cid:22)(cid:151)(cid:143)(cid:131)(cid:150)(cid:135)(cid:148)(cid:131)(cid:3)(cid:24)(cid:150)(cid:131)(cid:148)(cid:131),(cid:884)(cid:889),(cid:883)(cid:890),(cid:883)(cid:888)(cid:888),,,,,,,,,,,,,,,,,,,,,,,,,,,,
(cid:885),(cid:22)(cid:151)(cid:143)(cid:131)(cid:150)(cid:135)(cid:148)(cid:131)(cid:3)(cid:5)(cid:131)(cid:148)(cid:131)(cid:150),(cid:883)(cid:883),(cid:886)(cid:884),(cid:884)(cid:891),,,,,,,,,,,,,,,,,,,,,,,,,,,,
(cid:886),(cid:21)(cid:139)(cid:131)(cid:151),(cid:884)(cid:882),(cid:885)(cid:883),(cid:884)(cid:890),,,,,,,,,,,,,,,,,,,,,,,,,,,,
(cid:887),(cid:13)(cid:131)(cid:143)(cid:132)(cid:139),(cid:883)(cid:883),(cid:883)(cid:883),(cid:884)(cid:882),,,,,,,,,,,,,,,,,,,,,,,,,,,,
(cid:888),(cid:22)(cid:151)(cid:143)(cid:131)(cid:150)(cid:135)(cid:148)(cid:131)(cid:3)(cid:22)(cid:135)(cid:142)(cid:131)(cid:150)(cid:131)(cid:144),(cid:884)(cid:889),(cid:884)(cid:891),(cid:884)(cid:891),,,,,,,,,,,,,,,,,,,,,,,,,,,,
(cid:889),(cid:5)(cid:135)(cid:144)(cid:137)(cid:141)(cid:151)(cid:142)(cid:151),(cid:883),(cid:883)(cid:884),(cid:883)(cid:885),,,,,,,,,,,,,,,,,,,,,,,,,,,,
(cid:890),(cid:15)(cid:131)(cid:143)(cid:146)(cid:151)(cid:144)(cid:137),(cid:891),(cid:886)(cid:887),(cid:884)(cid:889),,,,,,,,,,,,,,,,,,,,,,,,,,,,
(cid:891),(cid:14)(cid:135)(cid:146)(cid:484)(cid:3)(cid:5)(cid:131)(cid:144)(cid:137)(cid:141)(cid:131)(cid:3)(cid:5)(cid:135)(cid:142)(cid:139)(cid:150)(cid:151)(cid:144)(cid:137),(cid:883)(cid:884),(cid:886),(cid:883)(cid:883),,,,,,,,,,,,,,,,,,,,,,,,,,,,
(cid:883)(cid:882),(cid:14)(cid:135)(cid:146)(cid:151)(cid:142)(cid:131)(cid:151)(cid:131)(cid:144)(cid:3)(cid:21)(cid:139)(cid:131)(cid:151),(cid:889),(cid:888),(cid:884)(cid:886),,,,,,,,,,,,,,,,,,,,,,,,,,,,
(cid:883)(cid:883),(cid:7)(cid:14)(cid:12)(cid:3)(cid:13)(cid:131)(cid:141)(cid:131)(cid:148)(cid:150)(cid:131),(cid:883)(cid:882)(cid:889),(cid:888)(cid:891),(cid:884)(cid:882),,,,,,,,,,,,,,,,,,,,,,,,,,,,
(cid:883)(cid:884),(cid:13)(cid:131)(cid:153)(cid:131)(cid:3)(cid:5)(cid:131)(cid:148)(cid:131)(cid:150),(cid:883)(cid:889)(cid:883),(cid:884)(cid:883)(cid:888),(cid:884)(cid:889),,,,,,,,,,,,,,,,,,,,,,,,,,,,
(cid:883)(cid:885),(cid:13)(cid:131)(cid:153)(cid:131)(cid:3)(cid:23)(cid:135)(cid:144)(cid:137)(cid:131)(cid:138),(cid:891)(cid:886),(cid:883)(cid:885)(cid:890),(cid:883)(cid:883)(cid:883),,,,,,,,,,,,,,,,,,,,,,,,,,,,
(cid:883)(cid:886),(cid:7)(cid:12)(cid:3)(cid:28)(cid:145)(cid:137)(cid:155)(cid:131)(cid:141)(cid:131)(cid:148)(cid:150)(cid:131),(cid:885)(cid:887),(cid:883)(cid:891),(cid:884)(cid:888),,,,,,,,,,,,,,,,,,,,,,,,,,,,
(cid:883)(cid:887),(cid:13)(cid:131)(cid:153)(cid:131)(cid:3)(cid:23)(cid:139)(cid:143)(cid:151)(cid:148),(cid:891)(cid:882),(cid:884)(cid:882)(cid:888),(cid:883)(cid:884)(cid:886),,,,,,,,,,,,,,,,,,,,,,,,,,,,
(cid:883)(cid:888),(cid:5)(cid:131)(cid:144)(cid:150)(cid:135)(cid:144),(cid:886)(cid:890),(cid:885)(cid:888),(cid:886)(cid:884),,,,,,,,,,,,,,,,,,,,,,,,,,,,
(cid:883)(cid:889),(cid:5)(cid:131)(cid:142)(cid:139),(cid:884)(cid:886),(cid:885)(cid:882),(cid:884)(cid:883),,,,,,,,,,,,,,,,,,,,,,,,,,,,
(cid:883)(cid:890),(cid:17)(cid:151)(cid:149)(cid:131)(cid:3)(cid:23)(cid:135)(cid:144)(cid:137)(cid:137)(cid:131)(cid:148)(cid:131)(cid:3)(cid:5)(cid:131)(cid:148)(cid:131)(cid:150),(cid:884),(cid:884)(cid:883),(cid:884)(cid:884),,,,,,,,,,,,,,,,,,,,,,,,,,,,
(cid:883)(cid:891),(cid:17)(cid:151)(cid:149)(cid:131)(cid:3)(cid:23)(cid:135)(cid:144)(cid:137)(cid:137)(cid:131)(cid:148)(cid:131)(cid:3)(cid:23)(cid:139)(cid:143)(cid:151)(cid:148),(cid:882),(cid:884)(cid:887),(cid:885)(cid:886),,,,,,,,,,,,,,,,,,,,,,,,,,,,
(cid:884)(cid:882),(cid:14)(cid:131)(cid:142)(cid:139)(cid:143)(cid:131)(cid:144)(cid:150)(cid:131)(cid:144)(cid:3)(cid:5)(cid:131)(cid:148)(cid:131)(cid:150),(cid:889),(cid:889),(cid:886)(cid:884),,,,,,,,,,,,,,,,,,,,,,,,,,,,
(cid:884)(cid:883),(cid:14)(cid:131)(cid:142)(cid:139)(cid:143)(cid:131)(cid:144)(cid:150)(cid:131)(cid:144)(cid:3)(cid:23)(cid:135)(cid:144)(cid:137)(cid:131)(cid:138),(cid:887),(cid:883)(cid:885),(cid:883)(cid:887),,,,,,,,,,,,,,,,,,,,,,,,,,,,
(cid:884)(cid:884),(cid:14)(cid:131)(cid:142)(cid:139)(cid:143)(cid:131)(cid:144)(cid:150)(cid:131)(cid:144)(cid:3)(cid:22)(cid:135)(cid:142)(cid:131)(cid:150)(cid:131)(cid:144),(cid:886),(cid:884)(cid:888),(cid:884)(cid:884),,,,,,,,,,,,,,,,,,,,,,,,,,,,
(cid:884)(cid:885),(cid:14)(cid:131)(cid:142)(cid:139)(cid:143)(cid:131)(cid:144)(cid:150)(cid:131)(cid:144)(cid:3)(cid:23)(cid:139)(cid:143)(cid:151)(cid:148),(cid:885),(cid:885)(cid:886),(cid:884)(cid:883),,,,,,,,,,,,,,,,,,,,,,,,,,,,
(cid:884)(cid:886),(cid:14)(cid:131)(cid:142)(cid:139)(cid:143)(cid:131)(cid:144)(cid:150)(cid:131)(cid:144)(cid:3)(cid:24)(cid:150)(cid:131)(cid:148)(cid:131),(cid:883),(cid:884),(cid:883)(cid:885),,,,,,,,,,,,,,,,,,,,,,,,,,,,
(cid:884)(cid:887),(cid:22)(cid:151)(cid:142)(cid:131)(cid:153)(cid:135)(cid:149)(cid:139)(cid:3)(cid:24)(cid:150)(cid:131)(cid:148)(cid:131),(cid:890),(cid:883)(cid:886),(cid:885)(cid:886),,,,,,,,,,,,,,,,,,,,,,,,,,,,
(cid:884)(cid:888),(cid:22)(cid:151)(cid:142)(cid:131)(cid:153)(cid:135)(cid:149)(cid:139)(cid:3)(cid:23)(cid:135)(cid:144)(cid:137)(cid:131)(cid:138),(cid:889),(cid:891),(cid:884)(cid:886),,,,,,,,,,,,,,,,,,,,,,,,,,,,
(cid:884)(cid:889),(cid:22)(cid:151)(cid:142)(cid:131)(cid:153)(cid:135)(cid:149)(cid:139)(cid:3)(cid:22)(cid:135)(cid:142)(cid:131)(cid:150)(cid:131)(cid:144),(cid:883)(cid:884),(cid:889)(cid:884),(cid:885)(cid:889),,,,,,,,,,,,,,,,,,,,,,,,,,,,
(cid:884)(cid:890),(cid:22)(cid:151)(cid:142)(cid:131)(cid:153)(cid:135)(cid:149)(cid:139)(cid:3)(cid:23)(cid:135)(cid:144)(cid:137)(cid:137)(cid:131)(cid:148)(cid:131),(cid:887),(cid:889),(cid:885)(cid:883),,,,,,,,,,,,,,,,,,,,,,,,,,,,
(cid:884)(cid:891),(cid:10)(cid:145)(cid:148)(cid:145)(cid:144)(cid:150)(cid:131)(cid:142)(cid:145),(cid:886),(cid:883)(cid:885),(cid:885),,,,,,,,,,,,,,,,,,,,,,,,,,,,
(cid:885)(cid:882),(cid:22)(cid:151)(cid:142)(cid:131)(cid:153)(cid:135)(cid:149)(cid:139)(cid:3)(cid:5)(cid:131)(cid:148)(cid:131)(cid:150),(cid:882),(cid:886),(cid:883)(cid:883),,,,,,,,,,,,,,,,,,,,,,,,,,,,
(cid:885)(cid:883),(cid:16)(cid:131)(cid:142)(cid:151)(cid:141)(cid:151),(cid:882),(cid:885),(cid:884)(cid:889),,,,,,,,,,,,,,,,,,,,,,,,,,,,
(cid:885)(cid:884),(cid:16)(cid:131)(cid:142)(cid:151)(cid:141)(cid:151)(cid:3)(cid:24)(cid:150)(cid:131)(cid:148)(cid:131),(cid:882),(cid:883)(cid:882),(cid:883)(cid:885),,,,,,,,,,,,,,,,,,,,,,,,,,,,
(cid:885)(cid:885),(cid:19)(cid:131)(cid:146)(cid:151)(cid:131)(cid:3)(cid:3),(cid:882),(cid:889),(cid:883)(cid:884),,,,,,,,,,,,,,,,,,,,,,,,,,,,
(cid:885)(cid:886),(cid:19)(cid:131)(cid:146)(cid:151)(cid:131)(cid:3)(cid:5)(cid:131)(cid:148)(cid:131)(cid:150),(cid:883),(cid:888),(cid:887),,,,,,,,,,,,,,,,,,,,,,,,,,,,
(cid:885)(cid:887),(cid:19)(cid:131)(cid:146)(cid:151)(cid:131)(cid:3)(cid:22)(cid:135)(cid:142)(cid:131)(cid:150)(cid:131)(cid:144),(cid:882),(cid:883),(cid:889),,,,,,,,,,,,,,,,,,,,,,,,,,,,
(cid:885)(cid:888),(cid:19)(cid:131)(cid:146)(cid:151)(cid:131)(cid:3)(cid:23)(cid:135)(cid:144)(cid:137)(cid:131)(cid:138),(cid:882),(cid:884),(cid:883)(cid:883),,,,,,,,,,,,,,,,,,,,,,,,,,,,
(cid:885)(cid:889) (cid:19)(cid:131)(cid:146)(cid:151)(cid:131)(cid:3)(cid:19)(cid:135)(cid:137)(cid:151)(cid:144)(cid:151)(cid:144)(cid:137)(cid:131)(cid:144) Indonesia,,(cid:882) 768,(cid:883) 1.225,(cid:890) 1.145,,,,,,,,,,,,,,,,,,,,,,,,,,,,
No,Provinsi,Jumlah Puskesmas yang Melapor,Puskesmas dengan Ketersediaan Obat Esensial**,,,,,,,,,,,,,,,,,,,,,,,,,,,,,
,,,Jumlah,%,,,,,,,,,,,,,,,,,,,,,,,,,,,,
(1),(2),(3),(4),(5),,,,,,,,,,,,,,,,,,,,,,,,,,,,
(cid:883),(cid:4)(cid:133)(cid:135)(cid:138),(cid:885)(cid:885)(cid:889),(cid:885)(cid:883)(cid:888),(cid:891)(cid:885)(cid:481)(cid:890),,,,,,,,,,,,,,,,,,,,,,,,,,,,
(cid:884),(cid:22)(cid:151)(cid:143)(cid:131)(cid:150)(cid:135)(cid:148)(cid:131)(cid:3)(cid:24)(cid:150)(cid:131)(cid:148)(cid:131),(cid:888)(cid:882)(cid:885),(cid:887)(cid:888)(cid:890),(cid:891)(cid:886)(cid:481)(cid:884),,,,,,,,,,,,,,,,,,,,,,,,,,,,
(cid:885),(cid:22)(cid:151)(cid:143)(cid:131)(cid:150)(cid:135)(cid:148)(cid:131)(cid:3)(cid:5)(cid:131)(cid:148)(cid:131)(cid:150),(cid:884)(cid:889)(cid:882),(cid:884)(cid:887)(cid:888),(cid:891)(cid:886)(cid:481)(cid:890),,,,,,,,,,,,,,,,,,,,,,,,,,,,
(cid:886),(cid:21)(cid:139)(cid:131)(cid:151),(cid:884)(cid:884)(cid:888),(cid:884)(cid:882)(cid:888),(cid:891)(cid:883)(cid:481)(cid:884),,,,,,,,,,,,,,,,,,,,,,,,,,,,
(cid:887),(cid:13)(cid:131)(cid:143)(cid:132)(cid:139),(cid:884)(cid:882)(cid:889),(cid:883)(cid:891)(cid:891),(cid:891)(cid:888)(cid:481)(cid:883),,,,,,,,,,,,,,,,,,,,,,,,,,,,
(cid:888),(cid:22)(cid:151)(cid:143)(cid:131)(cid:150)(cid:135)(cid:148)(cid:131)(cid:3)(cid:22)(cid:135)(cid:142)(cid:131)(cid:150)(cid:131)(cid:144),(cid:884)(cid:890)(cid:890),(cid:884)(cid:888)(cid:883),(cid:891)(cid:882)(cid:481)(cid:888),,,,,,,,,,,,,,,,,,,,,,,,,,,,
(cid:889),(cid:5)(cid:135)(cid:144)(cid:137)(cid:141)(cid:151)(cid:142)(cid:151),(cid:883)(cid:889)(cid:891),(cid:883)(cid:889)(cid:890),(cid:891)(cid:891)(cid:481)(cid:886),,,,,,,,,,,,,,,,,,,,,,,,,,,,
(cid:890),(cid:15)(cid:131)(cid:143)(cid:146)(cid:151)(cid:144)(cid:137),(cid:884)(cid:891)(cid:882),(cid:884)(cid:886)(cid:887),(cid:890)(cid:886)(cid:481)(cid:887),,,,,,,,,,,,,,,,,,,,,,,,,,,,
(cid:891),(cid:14)(cid:135)(cid:146)(cid:151)(cid:142)(cid:131)(cid:151)(cid:131)(cid:144)(cid:3)(cid:5)(cid:131)(cid:144)(cid:137)(cid:141)(cid:131)(cid:3)(cid:5)(cid:135)(cid:142)(cid:139)(cid:150)(cid:151)(cid:144)(cid:137),(cid:888)(cid:886),(cid:888)(cid:886),(cid:883)(cid:882)(cid:882)(cid:481)(cid:882),,,,,,,,,,,,,,,,,,,,,,,,,,,,
(cid:883)(cid:882),(cid:14)(cid:135)(cid:146)(cid:151)(cid:142)(cid:131)(cid:151)(cid:131)(cid:144)(cid:3)(cid:21)(cid:139)(cid:131)(cid:151),(cid:890)(cid:883),(cid:889)(cid:886),(cid:891)(cid:883)(cid:481)(cid:886),,,,,,,,,,,,,,,,,,,,,,,,,,,,
(cid:883)(cid:883),(cid:7)(cid:14)(cid:12)(cid:3)(cid:13)(cid:131)(cid:141)(cid:131)(cid:148)(cid:150)(cid:131),(cid:885)(cid:883)(cid:887),(cid:885)(cid:883)(cid:885),(cid:891)(cid:891)(cid:481)(cid:886),,,,,,,,,,,,,,,,,,,,,,,,,,,,
(cid:883)(cid:884),(cid:13)(cid:131)(cid:153)(cid:131)(cid:3)(cid:5)(cid:131)(cid:148)(cid:131)(cid:150),(cid:891)(cid:884)(cid:891),(cid:890)(cid:891)(cid:886),(cid:891)(cid:888)(cid:481)(cid:884),,,,,,,,,,,,,,,,,,,,,,,,,,,,
(cid:883)(cid:885),(cid:13)(cid:131)(cid:153)(cid:131)(cid:3)(cid:23)(cid:135)(cid:144)(cid:137)(cid:131)(cid:138),(cid:890)(cid:884)(cid:882),(cid:890)(cid:882)(cid:883),(cid:891)(cid:889)(cid:481)(cid:889),,,,,,,,,,,,,,,,,,,,,,,,,,,,
(cid:883)(cid:886),(cid:7)(cid:484)(cid:12)(cid:484)(cid:3)(cid:28)(cid:145)(cid:137)(cid:155)(cid:131)(cid:141)(cid:131)(cid:148)(cid:150)(cid:131),(cid:883)(cid:884)(cid:883),(cid:883)(cid:884)(cid:883),(cid:883)(cid:882)(cid:882)(cid:481)(cid:882),,,,,,,,,,,,,,,,,,,,,,,,,,,,
(cid:883)(cid:887),(cid:13)(cid:131)(cid:153)(cid:131)(cid:3)(cid:23)(cid:139)(cid:143)(cid:151)(cid:148),(cid:891)(cid:888)(cid:890),(cid:891)(cid:887)(cid:890),(cid:891)(cid:891)(cid:481)(cid:882),,,,,,,,,,,,,,,,,,,,,,,,,,,,
(cid:883)(cid:888),(cid:5)(cid:131)(cid:144)(cid:150)(cid:135)(cid:144),(cid:884)(cid:886)(cid:886),(cid:884)(cid:885)(cid:888),(cid:891)(cid:888)(cid:481)(cid:889),,,,,,,,,,,,,,,,,,,,,,,,,,,,
(cid:883)(cid:889),(cid:5)(cid:131)(cid:142)(cid:139),(cid:883)(cid:884)(cid:882),(cid:883)(cid:883)(cid:891),(cid:891)(cid:891)(cid:481)(cid:884),,,,,,,,,,,,,,,,,,,,,,,,,,,,
(cid:883)(cid:890),(cid:17)(cid:151)(cid:149)(cid:131)(cid:3)(cid:23)(cid:135)(cid:144)(cid:137)(cid:137)(cid:131)(cid:148)(cid:131)(cid:3)(cid:5)(cid:131)(cid:148)(cid:131)(cid:150),(cid:883)(cid:889)(cid:887),(cid:883)(cid:889)(cid:885),(cid:891)(cid:890)(cid:481)(cid:891),,,,,,,,,,,,,,,,,,,,,,,,,,,,
(cid:883)(cid:891),(cid:17)(cid:151)(cid:149)(cid:131)(cid:3)(cid:23)(cid:135)(cid:144)(cid:137)(cid:137)(cid:131)(cid:148)(cid:131)(cid:3)(cid:23)(cid:139)(cid:143)(cid:151)(cid:148),(cid:886)(cid:883)(cid:887),(cid:885)(cid:888)(cid:891),(cid:890)(cid:890)(cid:481)(cid:891),,,,,,,,,,,,,,,,,,,,,,,,,,,,
(cid:884)(cid:882),(cid:14)(cid:131)(cid:142)(cid:139)(cid:143)(cid:131)(cid:144)(cid:150)(cid:131)(cid:144)(cid:3)(cid:5)(cid:131)(cid:148)(cid:131)(cid:150),(cid:884)(cid:884)(cid:890),(cid:884)(cid:884)(cid:883),(cid:891)(cid:888)(cid:481)(cid:891),,,,,,,,,,,,,,,,,,,,,,,,,,,,
(cid:884)(cid:883),(cid:14)(cid:131)(cid:142)(cid:139)(cid:143)(cid:131)(cid:144)(cid:150)(cid:131)(cid:144)(cid:3)(cid:23)(cid:135)(cid:144)(cid:137)(cid:131)(cid:138),(cid:884)(cid:882)(cid:887),(cid:883)(cid:891)(cid:885),(cid:891)(cid:886)(cid:481)(cid:883),,,,,,,,,,,,,,,,,,,,,,,,,,,,
(cid:884)(cid:884),(cid:14)(cid:131)(cid:142)(cid:139)(cid:143)(cid:131)(cid:144)(cid:150)(cid:131)(cid:144)(cid:3)(cid:22)(cid:135)(cid:142)(cid:131)(cid:150)(cid:131)(cid:144),(cid:884)(cid:885)(cid:891),(cid:884)(cid:885)(cid:889),(cid:891)(cid:891)(cid:481)(cid:884),,,,,,,,,,,,,,,,,,,,,,,,,,,,
(cid:884)(cid:885),(cid:14)(cid:131)(cid:142)(cid:139)(cid:143)(cid:131)(cid:144)(cid:150)(cid:131)(cid:144)(cid:3)(cid:23)(cid:139)(cid:143)(cid:151)(cid:148),(cid:883)(cid:890)(cid:890),(cid:883)(cid:890)(cid:890),(cid:883)(cid:882)(cid:882)(cid:481)(cid:882),,,,,,,,,,,,,,,,,,,,,,,,,,,,
(cid:884)(cid:886),(cid:14)(cid:131)(cid:142)(cid:139)(cid:143)(cid:131)(cid:144)(cid:150)(cid:131)(cid:144)(cid:3)(cid:24)(cid:150)(cid:131)(cid:148)(cid:131),(cid:887)(cid:890),(cid:887)(cid:890),(cid:883)(cid:882)(cid:882)(cid:481)(cid:882),,,,,,,,,,,,,,,,,,,,,,,,,,,,
(cid:884)(cid:887),(cid:22)(cid:151)(cid:142)(cid:131)(cid:153)(cid:135)(cid:149)(cid:139)(cid:3)(cid:24)(cid:150)(cid:131)(cid:148)(cid:131),(cid:883)(cid:891)(cid:890),(cid:883)(cid:889)(cid:887),(cid:890)(cid:890)(cid:481)(cid:886),,,,,,,,,,,,,,,,,,,,,,,,,,,,
(cid:884)(cid:888),(cid:22)(cid:151)(cid:142)(cid:131)(cid:153)(cid:135)(cid:149)(cid:139)(cid:3)(cid:23)(cid:135)(cid:144)(cid:137)(cid:131)(cid:138),(cid:884)(cid:883)(cid:889),(cid:884)(cid:882)(cid:886),(cid:891)(cid:886)(cid:481)(cid:882),,,,,,,,,,,,,,,,,,,,,,,,,,,,
(cid:884)(cid:889),(cid:22)(cid:151)(cid:142)(cid:131)(cid:153)(cid:135)(cid:149)(cid:139)(cid:3)(cid:22)(cid:135)(cid:142)(cid:131)(cid:150)(cid:131)(cid:144),(cid:886)(cid:888)(cid:888),(cid:886)(cid:883)(cid:890),(cid:890)(cid:891)(cid:481)(cid:889),,,,,,,,,,,,,,,,,,,,,,,,,,,,
(cid:884)(cid:890),(cid:22)(cid:151)(cid:142)(cid:131)(cid:153)(cid:135)(cid:149)(cid:139)(cid:3)(cid:23)(cid:135)(cid:144)(cid:137)(cid:137)(cid:131)(cid:148)(cid:131),(cid:884)(cid:889)(cid:891),(cid:884)(cid:886)(cid:882),(cid:890)(cid:888)(cid:481)(cid:882),,,,,,,,,,,,,,,,,,,,,,,,,,,,
(cid:884)(cid:891),(cid:10)(cid:145)(cid:148)(cid:145)(cid:144)(cid:150)(cid:131)(cid:142)(cid:145),(cid:891)(cid:885),(cid:891)(cid:885),(cid:883)(cid:882)(cid:882)(cid:481)(cid:882),,,,,,,,,,,,,,,,,,,,,,,,,,,,
(cid:885)(cid:882),(cid:22)(cid:151)(cid:142)(cid:131)(cid:153)(cid:135)(cid:149)(cid:139)(cid:3)(cid:5)(cid:131)(cid:148)(cid:131)(cid:150),(cid:890)(cid:884),(cid:889)(cid:886),(cid:891)(cid:882)(cid:481)(cid:884),,,,,,,,,,,,,,,,,,,,,,,,,,,,
(cid:885)(cid:883),(cid:16)(cid:131)(cid:142)(cid:151)(cid:141)(cid:151),(cid:883)(cid:886)(cid:886),(cid:883)(cid:884)(cid:883),(cid:890)(cid:886)(cid:481)(cid:882),,,,,,,,,,,,,,,,,,,,,,,,,,,,
(cid:885)(cid:884),(cid:16)(cid:131)(cid:142)(cid:151)(cid:141)(cid:151)(cid:3)(cid:24)(cid:150)(cid:131)(cid:148)(cid:131),(cid:883)(cid:885)(cid:891),(cid:883)(cid:884)(cid:890),(cid:891)(cid:884)(cid:481)(cid:883),,,,,,,,,,,,,,,,,,,,,,,,,,,,
(cid:885)(cid:885),(cid:19)(cid:131)(cid:146)(cid:151)(cid:131),(cid:883)(cid:882)(cid:887),(cid:891)(cid:891),(cid:891)(cid:886)(cid:481)(cid:885),,,,,,,,,,,,,,,,,,,,,,,,,,,,
(cid:885)(cid:886),(cid:19)(cid:131)(cid:146)(cid:151)(cid:131)(cid:3)(cid:5)(cid:131)(cid:148)(cid:131)(cid:150),(cid:888)(cid:890),(cid:888)(cid:886),(cid:891)(cid:886)(cid:481)(cid:883),,,,,,,,,,,,,,,,,,,,,,,,,,,,
(cid:885)(cid:887),(cid:19)(cid:131)(cid:146)(cid:151)(cid:131)(cid:3)(cid:22)(cid:135)(cid:142)(cid:131)(cid:150)(cid:131)(cid:144),(cid:888)(cid:887),(cid:887)(cid:891),(cid:891)(cid:882)(cid:481)(cid:890),,,,,,,,,,,,,,,,,,,,,,,,,,,,
(cid:885)(cid:888),(cid:19)(cid:131)(cid:146)(cid:151)(cid:131)(cid:3)(cid:23)(cid:135)(cid:144)(cid:137)(cid:131)(cid:138),(cid:891)(cid:884),(cid:888)(cid:891),(cid:889)(cid:887)(cid:481)(cid:882),,,,,,,,,,,,,,,,,,,,,,,,,,,,
(cid:885)(cid:889) (cid:19)(cid:131)(cid:146)(cid:151)(cid:131)(cid:3)(cid:19)(cid:135)(cid:137)(cid:151)(cid:144)(cid:151)(cid:144)(cid:137)(cid:131)(cid:144) Indonesia,,(cid:891)(cid:891) 9.703,(cid:891)(cid:890) 9.153,"(cid:891)(cid:891)(cid:481)(cid:882) 94,3",,,,,,,,,,,,,,,,,,,,,,,,,,,,
No,Provinsi,Dokter Spesialis,,,Dokter,,,Total,,,Dokter Gigi Spesialis,,,Dokter Gigi,,,Total,,,,,,,,,,,,,,,
,,L,P,L+P,L,P,L+P,L,P,L+P,L,P,L+P,L,P,L+P,L,P,L+P,,,,,,,,,,,,,
(1),(2),(3),(4),(5),(6),(7),(8),(9),(10),(11),(12),(13),(14),(15),(16),(17),(18),(19),(20),,,,,,,,,,,,,
(cid:883),(cid:4)(cid:133)(cid:135)(cid:138),(cid:882)(cid:3),(cid:882)(cid:3),(cid:882)(cid:3),(cid:884)(cid:889)(cid:888)(cid:3),(cid:891)(cid:884)(cid:886)(cid:3),(cid:883)(cid:484)(cid:884)(cid:882)(cid:882)(cid:3),(cid:884)(cid:889)(cid:888)(cid:3),(cid:891)(cid:884)(cid:886)(cid:3),(cid:883)(cid:484)(cid:884)(cid:882)(cid:882)(cid:3),(cid:882)(cid:3),(cid:882)(cid:3),(cid:882)(cid:3),(cid:888)(cid:887)(cid:3),(cid:885)(cid:886)(cid:889)(cid:3),(cid:886)(cid:883)(cid:884)(cid:3),(cid:888)(cid:887)(cid:3),(cid:885)(cid:886)(cid:889)(cid:3),(cid:886)(cid:883)(cid:884)(cid:3),,,,,,,,,,,,,
(cid:884),(cid:22)(cid:151)(cid:143)(cid:131)(cid:150)(cid:135)(cid:148)(cid:131)(cid:3)(cid:24)(cid:150)(cid:131)(cid:148)(cid:131),(cid:885)(cid:3),(cid:886)(cid:3),(cid:889)(cid:3),(cid:887)(cid:890)(cid:889)(cid:3),(cid:883)(cid:484)(cid:886)(cid:890)(cid:883)(cid:3),(cid:884)(cid:484)(cid:882)(cid:888)(cid:890)(cid:3),(cid:887)(cid:891)(cid:882)(cid:3),(cid:883)(cid:484)(cid:886)(cid:890)(cid:887)(cid:3),(cid:884)(cid:484)(cid:882)(cid:889)(cid:887)(cid:3),(cid:883)(cid:3),(cid:883)(cid:3),(cid:884)(cid:3),(cid:891)(cid:887)(cid:3),(cid:887)(cid:890)(cid:885)(cid:3),(cid:888)(cid:889)(cid:890)(cid:3),(cid:891)(cid:888)(cid:3),(cid:887)(cid:890)(cid:886)(cid:3),(cid:888)(cid:890)(cid:882)(cid:3),,,,,,,,,,,,,
(cid:885),(cid:22)(cid:151)(cid:143)(cid:131)(cid:150)(cid:135)(cid:148)(cid:131)(cid:3)(cid:5)(cid:131)(cid:148)(cid:131)(cid:150),(cid:884)(cid:3),(cid:885)(cid:3),(cid:887)(cid:3),(cid:883)(cid:888)(cid:883)(cid:3),(cid:888)(cid:886)(cid:884)(cid:3),(cid:890)(cid:882)(cid:885)(cid:3),(cid:883)(cid:888)(cid:885)(cid:3),(cid:888)(cid:886)(cid:887)(cid:3),(cid:890)(cid:882)(cid:890)(cid:3),(cid:882)(cid:3),(cid:882)(cid:3),(cid:882)(cid:3),(cid:886)(cid:884)(cid:3),(cid:885)(cid:885)(cid:883)(cid:3),(cid:885)(cid:889)(cid:885)(cid:3),(cid:886)(cid:884)(cid:3),(cid:885)(cid:885)(cid:883)(cid:3),(cid:885)(cid:889)(cid:885)(cid:3),,,,,,,,,,,,,
(cid:886),(cid:21)(cid:139)(cid:131)(cid:151),(cid:884)(cid:3),(cid:883)(cid:3),(cid:885)(cid:3),(cid:884)(cid:886)(cid:890)(cid:3),(cid:890)(cid:882)(cid:887)(cid:3),(cid:883)(cid:484)(cid:882)(cid:887)(cid:885)(cid:3),(cid:884)(cid:887)(cid:882)(cid:3),(cid:890)(cid:882)(cid:888)(cid:3),(cid:883)(cid:484)(cid:882)(cid:887)(cid:888)(cid:3),(cid:882)(cid:3),(cid:882)(cid:3),(cid:882)(cid:3),(cid:887)(cid:883)(cid:3),(cid:885)(cid:883)(cid:887)(cid:3),(cid:885)(cid:888)(cid:888)(cid:3),(cid:887)(cid:883)(cid:3),(cid:885)(cid:883)(cid:887)(cid:3),(cid:885)(cid:888)(cid:888)(cid:3),,,,,,,,,,,,,
(cid:887),(cid:13)(cid:131)(cid:143)(cid:132)(cid:139),(cid:882)(cid:3),(cid:882)(cid:3),(cid:882)(cid:3),(cid:883)(cid:886)(cid:885)(cid:3),(cid:886)(cid:882)(cid:883)(cid:3),(cid:887)(cid:886)(cid:886)(cid:3),(cid:883)(cid:886)(cid:885)(cid:3),(cid:886)(cid:882)(cid:883)(cid:3),(cid:887)(cid:886)(cid:886)(cid:3),(cid:882)(cid:3),(cid:882)(cid:3),(cid:882)(cid:3),(cid:885)(cid:884)(cid:3),(cid:883)(cid:886)(cid:891)(cid:3),(cid:883)(cid:890)(cid:883)(cid:3),(cid:885)(cid:884)(cid:3),(cid:883)(cid:886)(cid:891)(cid:3),(cid:883)(cid:890)(cid:883)(cid:3),,,,,,,,,,,,,
(cid:888),(cid:22)(cid:151)(cid:143)(cid:131)(cid:150)(cid:135)(cid:148)(cid:131)(cid:3)(cid:22)(cid:135)(cid:142)(cid:131)(cid:150)(cid:131)(cid:144),(cid:883)(cid:3),(cid:884)(cid:3),(cid:885)(cid:3),(cid:884)(cid:882)(cid:885)(cid:3),(cid:888)(cid:882)(cid:891)(cid:3),(cid:890)(cid:883)(cid:884)(cid:3),(cid:884)(cid:882)(cid:886)(cid:3),(cid:888)(cid:883)(cid:883)(cid:3),(cid:890)(cid:883)(cid:887)(cid:3),(cid:882)(cid:3),(cid:882)(cid:3),(cid:882)(cid:3),(cid:886)(cid:889)(cid:3),(cid:883)(cid:891)(cid:883)(cid:3),(cid:884)(cid:885)(cid:890)(cid:3),(cid:886)(cid:889)(cid:3),(cid:883)(cid:891)(cid:883)(cid:3),(cid:884)(cid:885)(cid:890)(cid:3),,,,,,,,,,,,,
(cid:889),(cid:5)(cid:135)(cid:144)(cid:137)(cid:141)(cid:151)(cid:142)(cid:151),(cid:882)(cid:3),(cid:882)(cid:3),(cid:882)(cid:3),(cid:891)(cid:891)(cid:3),(cid:884)(cid:884)(cid:889)(cid:3),(cid:885)(cid:884)(cid:888)(cid:3),(cid:891)(cid:891)(cid:3),(cid:884)(cid:884)(cid:889)(cid:3),(cid:885)(cid:884)(cid:888)(cid:3),(cid:882)(cid:3),(cid:882)(cid:3),(cid:882)(cid:3),(cid:883)(cid:889)(cid:3),(cid:890)(cid:887)(cid:3),(cid:883)(cid:882)(cid:884)(cid:3),(cid:883)(cid:889)(cid:3),(cid:890)(cid:887)(cid:3),(cid:883)(cid:882)(cid:884)(cid:3),,,,,,,,,,,,,
(cid:890),(cid:15)(cid:131)(cid:143)(cid:146)(cid:151)(cid:144)(cid:137),(cid:882)(cid:3),(cid:883)(cid:3),(cid:883)(cid:3),(cid:884)(cid:887)(cid:886)(cid:3),(cid:888)(cid:890)(cid:886)(cid:3),(cid:891)(cid:885)(cid:890)(cid:3),(cid:884)(cid:887)(cid:886)(cid:3),(cid:888)(cid:890)(cid:887)(cid:3),(cid:891)(cid:885)(cid:891)(cid:3),(cid:882)(cid:3),(cid:882)(cid:3),(cid:882)(cid:3),(cid:884)(cid:884)(cid:3),(cid:883)(cid:887)(cid:885)(cid:3),(cid:883)(cid:889)(cid:887)(cid:3),(cid:884)(cid:884)(cid:3),(cid:883)(cid:887)(cid:885)(cid:3),(cid:883)(cid:889)(cid:887)(cid:3),,,,,,,,,,,,,
(cid:891),(cid:14)(cid:135)(cid:146)(cid:484)(cid:3)(cid:5)(cid:131)(cid:144)(cid:137)(cid:141)(cid:131)(cid:3)(cid:5)(cid:135)(cid:142)(cid:139)(cid:150)(cid:151)(cid:144)(cid:137),(cid:882)(cid:3),(cid:882)(cid:3),(cid:882)(cid:3),(cid:890)(cid:886)(cid:3),(cid:883)(cid:887)(cid:887)(cid:3),(cid:884)(cid:885)(cid:891)(cid:3),(cid:890)(cid:886)(cid:3),(cid:883)(cid:887)(cid:887)(cid:3),(cid:884)(cid:885)(cid:891)(cid:3),(cid:882)(cid:3),(cid:882)(cid:3),(cid:882)(cid:3),(cid:884)(cid:886)(cid:3),(cid:887)(cid:884)(cid:3),(cid:889)(cid:888)(cid:3),(cid:884)(cid:886)(cid:3),(cid:887)(cid:884)(cid:3),(cid:889)(cid:888)(cid:3),,,,,,,,,,,,,
(cid:883)(cid:882),(cid:14)(cid:135)(cid:146)(cid:151)(cid:142)(cid:131)(cid:151)(cid:131)(cid:144)(cid:3)(cid:21)(cid:139)(cid:131)(cid:151),(cid:884)(cid:3),(cid:882)(cid:3),(cid:884)(cid:3),(cid:883)(cid:885)(cid:883)(cid:3),(cid:885)(cid:883)(cid:889)(cid:3),(cid:886)(cid:886)(cid:890)(cid:3),(cid:883)(cid:885)(cid:885)(cid:3),(cid:885)(cid:883)(cid:889)(cid:3),(cid:886)(cid:887)(cid:882)(cid:3),(cid:882)(cid:3),(cid:882)(cid:3),(cid:882)(cid:3),(cid:884)(cid:888)(cid:3),(cid:890)(cid:891)(cid:3),(cid:883)(cid:883)(cid:887)(cid:3),(cid:884)(cid:888)(cid:3),(cid:890)(cid:891)(cid:3),(cid:883)(cid:883)(cid:887)(cid:3),,,,,,,,,,,,,
(cid:883)(cid:883),(cid:7)(cid:14)(cid:12)(cid:3)(cid:13)(cid:131)(cid:141)(cid:131)(cid:148)(cid:150)(cid:131),(cid:882)(cid:3),(cid:882)(cid:3),(cid:882)(cid:3),(cid:885)(cid:890)(cid:885)(cid:3),(cid:883)(cid:484)(cid:885)(cid:882)(cid:890)(cid:3),(cid:883)(cid:484)(cid:888)(cid:891)(cid:883)(cid:3),(cid:885)(cid:890)(cid:885)(cid:3),(cid:883)(cid:484)(cid:885)(cid:882)(cid:890)(cid:3),(cid:883)(cid:484)(cid:888)(cid:891)(cid:883)(cid:3),(cid:882)(cid:3),(cid:882)(cid:3),(cid:882)(cid:3),(cid:889)(cid:886)(cid:3),(cid:885)(cid:889)(cid:888)(cid:3),(cid:886)(cid:887)(cid:882)(cid:3),(cid:889)(cid:886)(cid:3),(cid:885)(cid:889)(cid:888)(cid:3),(cid:886)(cid:887)(cid:882)(cid:3),,,,,,,,,,,,,
(cid:883)(cid:884),(cid:13)(cid:131)(cid:153)(cid:131)(cid:3)(cid:5)(cid:131)(cid:148)(cid:131)(cid:150),(cid:882)(cid:3),(cid:883)(cid:3),(cid:883)(cid:3),(cid:891)(cid:883)(cid:883)(cid:3),(cid:884)(cid:484)(cid:882)(cid:884)(cid:887)(cid:3),(cid:884)(cid:484)(cid:891)(cid:885)(cid:888)(cid:3),(cid:891)(cid:883)(cid:883)(cid:3),(cid:884)(cid:484)(cid:882)(cid:884)(cid:888)(cid:3),(cid:884)(cid:484)(cid:891)(cid:885)(cid:889)(cid:3),(cid:882)(cid:3),(cid:882)(cid:3),(cid:882)(cid:3),(cid:883)(cid:888)(cid:886)(cid:3),(cid:890)(cid:886)(cid:888)(cid:3),(cid:883)(cid:484)(cid:882)(cid:883)(cid:882)(cid:3),(cid:883)(cid:888)(cid:886)(cid:3),(cid:890)(cid:886)(cid:888)(cid:3),(cid:883)(cid:484)(cid:882)(cid:883)(cid:882)(cid:3),,,,,,,,,,,,,
(cid:883)(cid:885),(cid:13)(cid:131)(cid:153)(cid:131)(cid:3)(cid:23)(cid:135)(cid:144)(cid:137)(cid:131)(cid:138),(cid:882)(cid:3),(cid:882)(cid:3),(cid:882)(cid:3),(cid:891)(cid:885)(cid:886)(cid:3),(cid:883)(cid:484)(cid:891)(cid:888)(cid:882)(cid:3),(cid:884)(cid:484)(cid:890)(cid:891)(cid:886)(cid:3),(cid:891)(cid:885)(cid:886)(cid:3),(cid:883)(cid:484)(cid:891)(cid:888)(cid:882)(cid:3),(cid:884)(cid:484)(cid:890)(cid:891)(cid:886)(cid:3),(cid:882)(cid:3),(cid:882)(cid:3),(cid:882)(cid:3),(cid:883)(cid:889)(cid:885)(cid:3),(cid:890)(cid:885)(cid:890)(cid:3),(cid:883)(cid:484)(cid:882)(cid:883)(cid:883)(cid:3),(cid:883)(cid:889)(cid:885)(cid:3),(cid:890)(cid:885)(cid:890)(cid:3),(cid:883)(cid:484)(cid:882)(cid:883)(cid:883)(cid:3),,,,,,,,,,,,,
(cid:883)(cid:886),(cid:7)(cid:12)(cid:3)(cid:28)(cid:145)(cid:137)(cid:155)(cid:131)(cid:141)(cid:131)(cid:148)(cid:150)(cid:131),(cid:883)(cid:3),(cid:882)(cid:3),(cid:883)(cid:3),(cid:883)(cid:883)(cid:887)(cid:3),(cid:886)(cid:883)(cid:885)(cid:3),(cid:887)(cid:884)(cid:890)(cid:3),(cid:883)(cid:883)(cid:888)(cid:3),(cid:886)(cid:883)(cid:885)(cid:3),(cid:887)(cid:884)(cid:891)(cid:3),(cid:882)(cid:3),(cid:883)(cid:3),(cid:883)(cid:3),(cid:884)(cid:882)(cid:3),(cid:883)(cid:889)(cid:888)(cid:3),(cid:883)(cid:891)(cid:888)(cid:3),(cid:884)(cid:882)(cid:3),(cid:883)(cid:889)(cid:889)(cid:3),(cid:883)(cid:891)(cid:889)(cid:3),,,,,,,,,,,,,
(cid:883)(cid:887),(cid:13)(cid:131)(cid:153)(cid:131)(cid:3)(cid:23)(cid:139)(cid:143)(cid:151)(cid:148),(cid:882)(cid:3),(cid:882)(cid:3),(cid:882)(cid:3),(cid:890)(cid:891)(cid:888)(cid:3),(cid:883)(cid:484)(cid:891)(cid:886)(cid:889)(cid:3),(cid:884)(cid:484)(cid:890)(cid:886)(cid:885)(cid:3),(cid:890)(cid:891)(cid:888)(cid:3),(cid:883)(cid:484)(cid:891)(cid:886)(cid:889)(cid:3),(cid:884)(cid:484)(cid:890)(cid:886)(cid:885)(cid:3),(cid:882)(cid:3),(cid:884)(cid:3),(cid:884)(cid:3),(cid:884)(cid:882)(cid:887)(cid:3),(cid:883)(cid:484)(cid:882)(cid:883)(cid:891)(cid:3),(cid:883)(cid:484)(cid:884)(cid:884)(cid:886)(cid:3),(cid:884)(cid:882)(cid:887)(cid:3),(cid:883)(cid:484)(cid:882)(cid:884)(cid:883)(cid:3),(cid:883)(cid:484)(cid:884)(cid:884)(cid:888)(cid:3),,,,,,,,,,,,,
(cid:883)(cid:888),(cid:5)(cid:131)(cid:144)(cid:150)(cid:135)(cid:144),(cid:882)(cid:3),(cid:882)(cid:3),(cid:882)(cid:3),(cid:884)(cid:884)(cid:884)(cid:3),(cid:888)(cid:882)(cid:884)(cid:3),(cid:890)(cid:884)(cid:886)(cid:3),(cid:884)(cid:884)(cid:884)(cid:3),(cid:888)(cid:882)(cid:884)(cid:3),(cid:890)(cid:884)(cid:886)(cid:3),(cid:882)(cid:3),(cid:882)(cid:3),(cid:882)(cid:3),(cid:887)(cid:882)(cid:3),(cid:885)(cid:883)(cid:887)(cid:3),(cid:885)(cid:888)(cid:887)(cid:3),(cid:887)(cid:882)(cid:3),(cid:885)(cid:883)(cid:887)(cid:3),(cid:885)(cid:888)(cid:887)(cid:3),,,,,,,,,,,,,
(cid:883)(cid:889),(cid:5)(cid:131)(cid:142)(cid:139),(cid:882)(cid:3),(cid:882)(cid:3),(cid:882)(cid:3),(cid:884)(cid:889)(cid:885)(cid:3),(cid:885)(cid:885)(cid:885)(cid:3),(cid:888)(cid:882)(cid:888)(cid:3),(cid:884)(cid:889)(cid:885)(cid:3),(cid:885)(cid:885)(cid:885)(cid:3),(cid:888)(cid:882)(cid:888)(cid:3),(cid:882)(cid:3),(cid:882)(cid:3),(cid:882)(cid:3),(cid:889)(cid:890)(cid:3),(cid:884)(cid:883)(cid:883)(cid:3),(cid:884)(cid:890)(cid:891)(cid:3),(cid:889)(cid:890)(cid:3),(cid:884)(cid:883)(cid:883)(cid:3),(cid:884)(cid:890)(cid:891)(cid:3),,,,,,,,,,,,,
(cid:883)(cid:890),(cid:17)(cid:151)(cid:149)(cid:131)(cid:3)(cid:23)(cid:135)(cid:144)(cid:137)(cid:137)(cid:131)(cid:148)(cid:131)(cid:3)(cid:5)(cid:131)(cid:148)(cid:131)(cid:150),(cid:882)(cid:3),(cid:882)(cid:3),(cid:882)(cid:3),(cid:883)(cid:891)(cid:888)(cid:3),(cid:885)(cid:890)(cid:886)(cid:3),(cid:887)(cid:890)(cid:882)(cid:3),(cid:883)(cid:891)(cid:888)(cid:3),(cid:885)(cid:890)(cid:886)(cid:3),(cid:887)(cid:890)(cid:882)(cid:3),(cid:882)(cid:3),(cid:882)(cid:3),(cid:882)(cid:3),(cid:885)(cid:889)(cid:3),(cid:883)(cid:885)(cid:888)(cid:3),(cid:883)(cid:889)(cid:885)(cid:3),(cid:885)(cid:889)(cid:3),(cid:883)(cid:885)(cid:888)(cid:3),(cid:883)(cid:889)(cid:885)(cid:3),,,,,,,,,,,,,
(cid:883)(cid:891),(cid:17)(cid:151)(cid:149)(cid:131)(cid:3)(cid:23)(cid:135)(cid:144)(cid:137)(cid:137)(cid:131)(cid:148)(cid:131)(cid:3)(cid:23)(cid:139)(cid:143)(cid:151)(cid:148),(cid:882)(cid:3),(cid:883)(cid:3),(cid:883)(cid:3),(cid:884)(cid:882)(cid:885)(cid:3),(cid:886)(cid:883)(cid:884)(cid:3),(cid:888)(cid:883)(cid:887)(cid:3),(cid:884)(cid:882)(cid:885)(cid:3),(cid:886)(cid:883)(cid:885)(cid:3),(cid:888)(cid:883)(cid:888)(cid:3),(cid:882)(cid:3),(cid:882)(cid:3),(cid:882)(cid:3),(cid:886)(cid:884)(cid:3),(cid:883)(cid:884)(cid:886)(cid:3),(cid:883)(cid:888)(cid:888)(cid:3),(cid:886)(cid:884)(cid:3),(cid:883)(cid:884)(cid:886)(cid:3),(cid:883)(cid:888)(cid:888)(cid:3),,,,,,,,,,,,,
(cid:884)(cid:882),(cid:14)(cid:131)(cid:142)(cid:139)(cid:143)(cid:131)(cid:144)(cid:150)(cid:131)(cid:144)(cid:3)(cid:5)(cid:131)(cid:148)(cid:131)(cid:150),(cid:882)(cid:3),(cid:882)(cid:3),(cid:882)(cid:3),(cid:884)(cid:883)(cid:890)(cid:3),(cid:885)(cid:882)(cid:889)(cid:3),(cid:887)(cid:884)(cid:887)(cid:3),(cid:884)(cid:883)(cid:890)(cid:3),(cid:885)(cid:882)(cid:889)(cid:3),(cid:887)(cid:884)(cid:887)(cid:3),(cid:882)(cid:3),(cid:882)(cid:3),(cid:882)(cid:3),(cid:885)(cid:889)(cid:3),(cid:883)(cid:882)(cid:889)(cid:3),(cid:883)(cid:886)(cid:886)(cid:3),(cid:885)(cid:889)(cid:3),(cid:883)(cid:882)(cid:889)(cid:3),(cid:883)(cid:886)(cid:886)(cid:3),,,,,,,,,,,,,
(cid:884)(cid:883),(cid:14)(cid:131)(cid:142)(cid:139)(cid:143)(cid:131)(cid:144)(cid:150)(cid:131)(cid:144)(cid:3)(cid:23)(cid:135)(cid:144)(cid:137)(cid:131)(cid:138),(cid:882)(cid:3),(cid:882)(cid:3),(cid:882)(cid:3),(cid:883)(cid:886)(cid:890)(cid:3),(cid:884)(cid:887)(cid:886)(cid:3),(cid:886)(cid:882)(cid:884)(cid:3),(cid:883)(cid:886)(cid:890)(cid:3),(cid:884)(cid:887)(cid:886)(cid:3),(cid:886)(cid:882)(cid:884)(cid:3),(cid:882)(cid:3),(cid:882)(cid:3),(cid:882)(cid:3),(cid:884)(cid:890)(cid:3),(cid:891)(cid:882)(cid:3),(cid:883)(cid:883)(cid:890)(cid:3),(cid:884)(cid:890)(cid:3),(cid:891)(cid:882)(cid:3),(cid:883)(cid:883)(cid:890)(cid:3),,,,,,,,,,,,,
(cid:884)(cid:884),(cid:14)(cid:131)(cid:142)(cid:139)(cid:143)(cid:131)(cid:144)(cid:150)(cid:131)(cid:144)(cid:3)(cid:22)(cid:135)(cid:142)(cid:131)(cid:150)(cid:131)(cid:144),(cid:882)(cid:3),(cid:882)(cid:3),(cid:882)(cid:3),(cid:883)(cid:886)(cid:889)(cid:3),(cid:885)(cid:889)(cid:886)(cid:3),(cid:887)(cid:884)(cid:883)(cid:3),(cid:883)(cid:886)(cid:889)(cid:3),(cid:885)(cid:889)(cid:886)(cid:3),(cid:887)(cid:884)(cid:883)(cid:3),(cid:882)(cid:3),(cid:882)(cid:3),(cid:882)(cid:3),(cid:888)(cid:888)(cid:3),(cid:883)(cid:890)(cid:891)(cid:3),(cid:884)(cid:887)(cid:887)(cid:3),(cid:888)(cid:888)(cid:3),(cid:883)(cid:890)(cid:891)(cid:3),(cid:884)(cid:887)(cid:887)(cid:3),,,,,,,,,,,,,
(cid:884)(cid:885),(cid:14)(cid:131)(cid:142)(cid:139)(cid:143)(cid:131)(cid:144)(cid:150)(cid:131)(cid:144)(cid:3)(cid:23)(cid:139)(cid:143)(cid:151)(cid:148),(cid:882)(cid:3),(cid:882)(cid:3),(cid:882)(cid:3),(cid:883)(cid:888)(cid:887)(cid:3),(cid:885)(cid:886)(cid:889)(cid:3),(cid:887)(cid:883)(cid:884)(cid:3),(cid:883)(cid:888)(cid:887)(cid:3),(cid:885)(cid:886)(cid:889)(cid:3),(cid:887)(cid:883)(cid:884)(cid:3),(cid:882)(cid:3),(cid:882)(cid:3),(cid:882)(cid:3),(cid:886)(cid:889)(cid:3),(cid:883)(cid:889)(cid:890)(cid:3),(cid:884)(cid:884)(cid:887)(cid:3),(cid:886)(cid:889)(cid:3),(cid:883)(cid:889)(cid:890)(cid:3),(cid:884)(cid:884)(cid:887)(cid:3),,,,,,,,,,,,,
(cid:884)(cid:886),(cid:14)(cid:131)(cid:142)(cid:139)(cid:143)(cid:131)(cid:144)(cid:150)(cid:131)(cid:144)(cid:3)(cid:24)(cid:150)(cid:131)(cid:148)(cid:131),(cid:882)(cid:3),(cid:882)(cid:3),(cid:882)(cid:3),(cid:887)(cid:890)(cid:3),(cid:891)(cid:890)(cid:3),(cid:883)(cid:887)(cid:888)(cid:3),(cid:887)(cid:890)(cid:3),(cid:891)(cid:890)(cid:3),(cid:883)(cid:887)(cid:888)(cid:3),(cid:882)(cid:3),(cid:882)(cid:3),(cid:882)(cid:3),(cid:883)(cid:888)(cid:3),(cid:885)(cid:887)(cid:3),(cid:887)(cid:883)(cid:3),(cid:883)(cid:888)(cid:3),(cid:885)(cid:887)(cid:3),(cid:887)(cid:883)(cid:3),,,,,,,,,,,,,
(cid:884)(cid:887),(cid:22)(cid:151)(cid:142)(cid:131)(cid:153)(cid:135)(cid:149)(cid:139)(cid:3)(cid:24)(cid:150)(cid:131)(cid:148)(cid:131),(cid:882)(cid:3),(cid:883)(cid:3),(cid:883)(cid:3),(cid:883)(cid:887)(cid:891)(cid:3),(cid:886)(cid:889)(cid:889)(cid:3),(cid:888)(cid:885)(cid:888)(cid:3),(cid:883)(cid:887)(cid:891)(cid:3),(cid:886)(cid:889)(cid:890)(cid:3),(cid:888)(cid:885)(cid:889)(cid:3),(cid:882)(cid:3),(cid:882)(cid:3),(cid:882)(cid:3),(cid:885)(cid:885)(cid:3),(cid:883)(cid:882)(cid:887)(cid:3),(cid:883)(cid:885)(cid:890)(cid:3),(cid:885)(cid:885)(cid:3),(cid:883)(cid:882)(cid:887)(cid:3),(cid:883)(cid:885)(cid:890)(cid:3),,,,,,,,,,,,,
(cid:884)(cid:888),(cid:22)(cid:151)(cid:142)(cid:131)(cid:153)(cid:135)(cid:149)(cid:139)(cid:3)(cid:23)(cid:135)(cid:144)(cid:137)(cid:131)(cid:138),(cid:882)(cid:3),(cid:882)(cid:3),(cid:882)(cid:3),(cid:883)(cid:887)(cid:883)(cid:3),(cid:885)(cid:884)(cid:885)(cid:3),(cid:886)(cid:889)(cid:886)(cid:3),(cid:883)(cid:887)(cid:883)(cid:3),(cid:885)(cid:884)(cid:885)(cid:3),(cid:886)(cid:889)(cid:886)(cid:3),(cid:882)(cid:3),(cid:882)(cid:3),(cid:882)(cid:3),(cid:885)(cid:882)(cid:3),(cid:883)(cid:884)(cid:882)(cid:3),(cid:883)(cid:887)(cid:882)(cid:3),(cid:885)(cid:882)(cid:3),(cid:883)(cid:884)(cid:882)(cid:3),(cid:883)(cid:887)(cid:882)(cid:3),,,,,,,,,,,,,
(cid:884)(cid:889),(cid:22)(cid:151)(cid:142)(cid:131)(cid:153)(cid:135)(cid:149)(cid:139)(cid:3)(cid:22)(cid:135)(cid:142)(cid:131)(cid:150)(cid:131)(cid:144),(cid:883)(cid:3),(cid:884)(cid:3),(cid:885)(cid:3),(cid:884)(cid:884)(cid:882)(cid:3),(cid:889)(cid:891)(cid:882)(cid:3),(cid:883)(cid:484)(cid:882)(cid:883)(cid:882)(cid:3),(cid:884)(cid:884)(cid:883)(cid:3),(cid:889)(cid:891)(cid:884)(cid:3),(cid:883)(cid:484)(cid:882)(cid:883)(cid:885)(cid:3),(cid:882)(cid:3),(cid:882)(cid:3),(cid:882)(cid:3),(cid:890)(cid:888)(cid:3),(cid:887)(cid:883)(cid:887)(cid:3),(cid:888)(cid:882)(cid:883)(cid:3),(cid:890)(cid:888)(cid:3),(cid:887)(cid:883)(cid:887)(cid:3),(cid:888)(cid:882)(cid:883)(cid:3),,,,,,,,,,,,,
(cid:884)(cid:890),(cid:22)(cid:151)(cid:142)(cid:131)(cid:153)(cid:135)(cid:149)(cid:139)(cid:3)(cid:23)(cid:135)(cid:144)(cid:137)(cid:137)(cid:131)(cid:148)(cid:131),(cid:882)(cid:3),(cid:882)(cid:3),(cid:882)(cid:3),(cid:883)(cid:886)(cid:883)(cid:3),(cid:885)(cid:891)(cid:889)(cid:3),(cid:887)(cid:885)(cid:890)(cid:3),(cid:883)(cid:886)(cid:883)(cid:3),(cid:885)(cid:891)(cid:889)(cid:3),(cid:887)(cid:885)(cid:890)(cid:3),(cid:882)(cid:3),(cid:882)(cid:3),(cid:882)(cid:3),(cid:884)(cid:888)(cid:3),(cid:883)(cid:887)(cid:889)(cid:3),(cid:883)(cid:890)(cid:885)(cid:3),(cid:884)(cid:888)(cid:3),(cid:883)(cid:887)(cid:889)(cid:3),(cid:883)(cid:890)(cid:885)(cid:3),,,,,,,,,,,,,
(cid:884)(cid:891),(cid:10)(cid:145)(cid:148)(cid:145)(cid:144)(cid:150)(cid:131)(cid:142)(cid:145),(cid:882)(cid:3),(cid:882)(cid:3),(cid:882)(cid:3),(cid:886)(cid:883)(cid:3),(cid:883)(cid:882)(cid:889)(cid:3),(cid:883)(cid:886)(cid:890)(cid:3),(cid:886)(cid:883)(cid:3),(cid:883)(cid:882)(cid:889)(cid:3),(cid:883)(cid:886)(cid:890)(cid:3),(cid:882)(cid:3),(cid:882)(cid:3),(cid:882)(cid:3),(cid:883)(cid:882)(cid:3),(cid:887)(cid:882)(cid:3),(cid:888)(cid:882)(cid:3),(cid:883)(cid:882)(cid:3),(cid:887)(cid:882)(cid:3),(cid:888)(cid:882)(cid:3),,,,,,,,,,,,,
(cid:885)(cid:882),(cid:22)(cid:151)(cid:142)(cid:131)(cid:153)(cid:135)(cid:149)(cid:139)(cid:3)(cid:5)(cid:131)(cid:148)(cid:131)(cid:150),(cid:882)(cid:3),(cid:882)(cid:3),(cid:882)(cid:3),(cid:887)(cid:884)(cid:3),(cid:883)(cid:886)(cid:883)(cid:3),(cid:883)(cid:891)(cid:885)(cid:3),(cid:887)(cid:884)(cid:3),(cid:883)(cid:886)(cid:883)(cid:3),(cid:883)(cid:891)(cid:885)(cid:3),(cid:882)(cid:3),(cid:882)(cid:3),(cid:882)(cid:3),(cid:883)(cid:886)(cid:3),(cid:888)(cid:890)(cid:3),(cid:890)(cid:884)(cid:3),(cid:883)(cid:886)(cid:3),(cid:888)(cid:890)(cid:3),(cid:890)(cid:884)(cid:3),,,,,,,,,,,,,
(cid:885)(cid:883),(cid:16)(cid:131)(cid:142)(cid:151)(cid:141)(cid:151),(cid:882)(cid:3),(cid:882)(cid:3),(cid:882)(cid:3),(cid:890)(cid:890)(cid:3),(cid:884)(cid:887)(cid:883)(cid:3),(cid:885)(cid:885)(cid:891)(cid:3),(cid:890)(cid:890)(cid:3),(cid:884)(cid:887)(cid:883)(cid:3),(cid:885)(cid:885)(cid:891)(cid:3),(cid:882)(cid:3),(cid:882)(cid:3),(cid:882)(cid:3),(cid:883)(cid:883)(cid:3),(cid:887)(cid:886)(cid:3),(cid:888)(cid:887)(cid:3),(cid:883)(cid:883)(cid:3),(cid:887)(cid:886)(cid:3),(cid:888)(cid:887)(cid:3),,,,,,,,,,,,,
(cid:885)(cid:884),(cid:16)(cid:131)(cid:142)(cid:151)(cid:141)(cid:151)(cid:3)(cid:24)(cid:150)(cid:131)(cid:148)(cid:131),(cid:882)(cid:3),(cid:882)(cid:3),(cid:882)(cid:3),(cid:890)(cid:888)(cid:3),(cid:883)(cid:888)(cid:884)(cid:3),(cid:884)(cid:886)(cid:890)(cid:3),(cid:890)(cid:888)(cid:3),(cid:883)(cid:888)(cid:884)(cid:3),(cid:884)(cid:886)(cid:890)(cid:3),(cid:882)(cid:3),(cid:882)(cid:3),(cid:882)(cid:3),(cid:884)(cid:887)(cid:3),(cid:886)(cid:885)(cid:3),(cid:888)(cid:890)(cid:3),(cid:884)(cid:887)(cid:3),(cid:886)(cid:885)(cid:3),(cid:888)(cid:890)(cid:3),,,,,,,,,,,,,
(cid:885)(cid:885),(cid:19)(cid:131)(cid:146)(cid:151)(cid:131),(cid:882)(cid:3),(cid:882)(cid:3),(cid:882)(cid:3),(cid:886)(cid:883)(cid:3),(cid:883)(cid:885)(cid:888)(cid:3),(cid:883)(cid:889)(cid:889)(cid:3),(cid:886)(cid:883)(cid:3),(cid:883)(cid:885)(cid:888)(cid:3),(cid:883)(cid:889)(cid:889)(cid:3),(cid:882)(cid:3),(cid:882)(cid:3),(cid:882)(cid:3),(cid:890)(cid:3),(cid:884)(cid:889)(cid:3),(cid:885)(cid:887)(cid:3),(cid:890)(cid:3),(cid:884)(cid:889)(cid:3),(cid:885)(cid:887)(cid:3),,,,,,,,,,,,,
(cid:885)(cid:886),(cid:19)(cid:131)(cid:146)(cid:151)(cid:131)(cid:3)(cid:5)(cid:131)(cid:148)(cid:131)(cid:150),(cid:882)(cid:3),(cid:882)(cid:3),(cid:882)(cid:3),(cid:887)(cid:886)(cid:3),(cid:890)(cid:883)(cid:3),(cid:883)(cid:885)(cid:887)(cid:3),(cid:887)(cid:886)(cid:3),(cid:890)(cid:883)(cid:3),(cid:883)(cid:885)(cid:887)(cid:3),(cid:882)(cid:3),(cid:882)(cid:3),(cid:882)(cid:3),(cid:888)(cid:3),(cid:883)(cid:889)(cid:3),(cid:884)(cid:885)(cid:3),(cid:888)(cid:3),(cid:883)(cid:889)(cid:3),(cid:884)(cid:885)(cid:3),,,,,,,,,,,,,
(cid:885)(cid:887),(cid:19)(cid:131)(cid:146)(cid:151)(cid:131)(cid:3)(cid:22)(cid:135)(cid:142)(cid:131)(cid:150)(cid:131)(cid:144),(cid:882)(cid:3),(cid:882)(cid:3),(cid:882)(cid:3),(cid:884)(cid:890)(cid:3),(cid:890)(cid:883)(cid:3),(cid:883)(cid:882)(cid:891)(cid:3),(cid:884)(cid:890)(cid:3),(cid:890)(cid:883)(cid:3),(cid:883)(cid:882)(cid:891)(cid:3),(cid:882)(cid:3),(cid:882)(cid:3),(cid:882)(cid:3),(cid:885)(cid:3),(cid:883)(cid:884)(cid:3),(cid:883)(cid:887)(cid:3),(cid:885)(cid:3),(cid:883)(cid:884)(cid:3),(cid:883)(cid:887)(cid:3),,,,,,,,,,,,,
(cid:885)(cid:888),(cid:19)(cid:131)(cid:146)(cid:151)(cid:131)(cid:3)(cid:23)(cid:135)(cid:144)(cid:137)(cid:131)(cid:138),(cid:882)(cid:3),(cid:882)(cid:3),(cid:882)(cid:3),(cid:886)(cid:888)(cid:3),(cid:891)(cid:885)(cid:3),(cid:883)(cid:885)(cid:891)(cid:3),(cid:886)(cid:888)(cid:3),(cid:891)(cid:885)(cid:3),(cid:883)(cid:885)(cid:891)(cid:3),(cid:882)(cid:3),(cid:882)(cid:3),(cid:882)(cid:3),(cid:884)(cid:3),(cid:884)(cid:882)(cid:3),(cid:884)(cid:884)(cid:3),(cid:884)(cid:3),(cid:884)(cid:882)(cid:3),(cid:884)(cid:884)(cid:3),,,,,,,,,,,,,
(cid:885)(cid:889) (cid:19)(cid:131)(cid:146)(cid:151)(cid:131)(cid:3)(cid:19)(cid:135)(cid:137)(cid:151)(cid:144)(cid:151)(cid:144)(cid:137)(cid:131)(cid:144) Indonesia (cid:885)(cid:890) (cid:19)(cid:131)(cid:146)(cid:151)(cid:131)(cid:3)(cid:5)(cid:131)(cid:148)(cid:131)(cid:150)(cid:3)(cid:7)(cid:131)(cid:155)(cid:131),,(cid:882)(cid:3) 12 (cid:882)(cid:3),(cid:882)(cid:3) 16 (cid:882)(cid:3),(cid:882)(cid:3) 28 (cid:882)(cid:3),(cid:886)(cid:889)(cid:3) 8.244 (cid:885)(cid:887)(cid:3),(cid:886)(cid:889)(cid:3) 20.179 (cid:890)(cid:886)(cid:3),(cid:891)(cid:886)(cid:3) 28.423 (cid:883)(cid:883)(cid:891)(cid:3),(cid:886)(cid:889)(cid:3) 8.256 (cid:885)(cid:887)(cid:3),(cid:886)(cid:889)(cid:3) 20.195 (cid:890)(cid:886)(cid:3),(cid:891)(cid:886)(cid:3) 28.451 (cid:883)(cid:883)(cid:891)(cid:3),(cid:882)(cid:3) 1 (cid:882)(cid:3),(cid:882)(cid:3) 4 (cid:882)(cid:3),(cid:882)(cid:3) 5 (cid:882)(cid:3),(cid:885)(cid:3) 1.719 (cid:886)(cid:3),(cid:883)(cid:886)(cid:3) 8.158 (cid:884)(cid:883)(cid:3),(cid:883)(cid:889)(cid:3) 9.877 (cid:884)(cid:887)(cid:3),(cid:885)(cid:3) 1.720 (cid:886)(cid:3),(cid:883)(cid:886)(cid:3) 8.162 (cid:884)(cid:883)(cid:3),(cid:883)(cid:889)(cid:3) 9.882 (cid:884)(cid:887)(cid:3),,,,,,,,,,,,,
No,Provinsi,Dokter Spesialis,,,Dokter,,,Total,,,Dokter Gigi Spesialis,,,Dokter Gigi,,,Total,,,,,,,,,,,,,,,
,,L,P,L+P,L,P,L+P,L,P,L+P,L,P,L+P,L,P,L+P,L,P,L+P,,,,,,,,,,,,,
(1),(2),(3),(4),(5),(6),(7),(8),(9),(10),(11),(12),(13),(14),(15),(16),(17),(18),(19),(20),,,,,,,,,,,,,
(cid:883),(cid:4)(cid:133)(cid:135)(cid:138),(cid:887)(cid:885)(cid:888)(cid:3),(cid:887)(cid:882)(cid:883)(cid:3),(cid:883)(cid:484)(cid:882)(cid:885)(cid:889)(cid:3),(cid:887)(cid:891)(cid:888)(cid:3),(cid:891)(cid:891)(cid:884)(cid:3),(cid:883)(cid:484)(cid:887)(cid:890)(cid:890)(cid:3),(cid:883)(cid:484)(cid:883)(cid:885)(cid:884)(cid:3),(cid:883)(cid:484)(cid:886)(cid:891)(cid:885)(cid:3),(cid:884)(cid:484)(cid:888)(cid:884)(cid:887)(cid:3),(cid:891)(cid:3),(cid:884)(cid:882)(cid:3),(cid:884)(cid:891)(cid:3),(cid:886)(cid:882)(cid:3),(cid:883)(cid:883)(cid:887)(cid:3),(cid:883)(cid:887)(cid:887)(cid:3),(cid:886)(cid:891)(cid:3),(cid:883)(cid:885)(cid:887)(cid:3),(cid:883)(cid:890)(cid:886)(cid:3),,,,,,,,,,,,,
(cid:884),(cid:22)(cid:151)(cid:143)(cid:131)(cid:150)(cid:135)(cid:148)(cid:131)(cid:3)(cid:24)(cid:150)(cid:131)(cid:148)(cid:131),(cid:883)(cid:484)(cid:885)(cid:886)(cid:886)(cid:3),(cid:891)(cid:883)(cid:890)(cid:3),(cid:884)(cid:484)(cid:884)(cid:888)(cid:884)(cid:3),(cid:883)(cid:484)(cid:885)(cid:890)(cid:883)(cid:3),(cid:883)(cid:484)(cid:891)(cid:883)(cid:885)(cid:3),(cid:885)(cid:484)(cid:884)(cid:891)(cid:886)(cid:3),(cid:884)(cid:484)(cid:889)(cid:884)(cid:887)(cid:3),(cid:884)(cid:484)(cid:890)(cid:885)(cid:883)(cid:3),(cid:887)(cid:484)(cid:887)(cid:887)(cid:888)(cid:3),(cid:884)(cid:890)(cid:3),(cid:889)(cid:884)(cid:3),(cid:883)(cid:882)(cid:882)(cid:3),(cid:891)(cid:884)(cid:3),(cid:884)(cid:891)(cid:887)(cid:3),(cid:885)(cid:890)(cid:889)(cid:3),(cid:883)(cid:884)(cid:882)(cid:3),(cid:885)(cid:888)(cid:889)(cid:3),(cid:886)(cid:890)(cid:889)(cid:3),,,,,,,,,,,,,
(cid:885),(cid:22)(cid:151)(cid:143)(cid:131)(cid:150)(cid:135)(cid:148)(cid:131)(cid:3)(cid:5)(cid:131)(cid:148)(cid:131)(cid:150),(cid:887)(cid:885)(cid:889)(cid:3),(cid:887)(cid:886)(cid:886)(cid:3),(cid:883)(cid:484)(cid:882)(cid:890)(cid:883)(cid:3),(cid:886)(cid:883)(cid:888)(cid:3),(cid:891)(cid:887)(cid:885)(cid:3),(cid:883)(cid:484)(cid:885)(cid:888)(cid:891)(cid:3),(cid:891)(cid:887)(cid:885)(cid:3),(cid:883)(cid:484)(cid:886)(cid:891)(cid:889)(cid:3),(cid:884)(cid:484)(cid:886)(cid:887)(cid:882)(cid:3),(cid:883)(cid:883)(cid:3),(cid:884)(cid:888)(cid:3),(cid:885)(cid:889)(cid:3),(cid:885)(cid:886)(cid:3),(cid:883)(cid:886)(cid:889)(cid:3),(cid:883)(cid:890)(cid:883)(cid:3),(cid:886)(cid:887)(cid:3),(cid:883)(cid:889)(cid:885)(cid:3),(cid:884)(cid:883)(cid:890)(cid:3),,,,,,,,,,,,,
(cid:886),(cid:21)(cid:139)(cid:131)(cid:151),(cid:888)(cid:886)(cid:888)(cid:3),(cid:886)(cid:885)(cid:883)(cid:3),(cid:883)(cid:484)(cid:882)(cid:889)(cid:889)(cid:3),(cid:887)(cid:882)(cid:884)(cid:3),(cid:890)(cid:889)(cid:884)(cid:3),(cid:883)(cid:484)(cid:885)(cid:889)(cid:886)(cid:3),(cid:883)(cid:484)(cid:883)(cid:886)(cid:890)(cid:3),(cid:883)(cid:484)(cid:885)(cid:882)(cid:885)(cid:3),(cid:884)(cid:484)(cid:886)(cid:887)(cid:883)(cid:3),(cid:883)(cid:887)(cid:3),(cid:885)(cid:884)(cid:3),(cid:886)(cid:889)(cid:3),(cid:886)(cid:889)(cid:3),(cid:883)(cid:885)(cid:890)(cid:3),(cid:883)(cid:890)(cid:887)(cid:3),(cid:888)(cid:884)(cid:3),(cid:883)(cid:889)(cid:882)(cid:3),(cid:884)(cid:885)(cid:884)(cid:3),,,,,,,,,,,,,
(cid:887),(cid:13)(cid:131)(cid:143)(cid:132)(cid:139),(cid:884)(cid:885)(cid:889)(cid:3),(cid:883)(cid:891)(cid:885)(cid:3),(cid:886)(cid:885)(cid:882)(cid:3),(cid:883)(cid:891)(cid:882)(cid:3),(cid:885)(cid:889)(cid:888)(cid:3),(cid:887)(cid:888)(cid:888)(cid:3),(cid:886)(cid:884)(cid:889)(cid:3),(cid:887)(cid:888)(cid:891)(cid:3),(cid:891)(cid:891)(cid:888)(cid:3),(cid:891)(cid:3),(cid:883)(cid:885)(cid:3),(cid:884)(cid:884)(cid:3),(cid:883)(cid:889)(cid:3),(cid:887)(cid:888)(cid:3),(cid:889)(cid:885)(cid:3),(cid:884)(cid:888)(cid:3),(cid:888)(cid:891)(cid:3),(cid:891)(cid:887)(cid:3),,,,,,,,,,,,,
(cid:888),(cid:22)(cid:151)(cid:143)(cid:131)(cid:150)(cid:135)(cid:148)(cid:131)(cid:3)(cid:22)(cid:135)(cid:142)(cid:131)(cid:150)(cid:131)(cid:144),(cid:888)(cid:882)(cid:887)(cid:3),(cid:887)(cid:889)(cid:882)(cid:3),(cid:883)(cid:484)(cid:883)(cid:889)(cid:887)(cid:3),(cid:888)(cid:885)(cid:887)(cid:3),(cid:883)(cid:484)(cid:882)(cid:889)(cid:890)(cid:3),(cid:883)(cid:484)(cid:889)(cid:883)(cid:885)(cid:3),(cid:883)(cid:484)(cid:884)(cid:886)(cid:882)(cid:3),(cid:883)(cid:484)(cid:888)(cid:886)(cid:890)(cid:3),(cid:884)(cid:484)(cid:890)(cid:890)(cid:890)(cid:3),(cid:883)(cid:891)(cid:3),(cid:885)(cid:884)(cid:3),(cid:887)(cid:883)(cid:3),(cid:884)(cid:889)(cid:3),(cid:883)(cid:887)(cid:884)(cid:3),(cid:883)(cid:889)(cid:891)(cid:3),(cid:886)(cid:888)(cid:3),(cid:883)(cid:890)(cid:886)(cid:3),(cid:884)(cid:885)(cid:882)(cid:3),,,,,,,,,,,,,
(cid:889),(cid:5)(cid:135)(cid:144)(cid:137)(cid:141)(cid:151)(cid:142)(cid:151),(cid:883)(cid:885)(cid:885)(cid:3),(cid:883)(cid:882)(cid:888)(cid:3),(cid:884)(cid:885)(cid:891)(cid:3),(cid:891)(cid:889)(cid:3),(cid:884)(cid:882)(cid:890)(cid:3),(cid:885)(cid:882)(cid:887)(cid:3),(cid:884)(cid:885)(cid:882)(cid:3),(cid:885)(cid:883)(cid:886)(cid:3),(cid:887)(cid:886)(cid:886)(cid:3),(cid:885)(cid:3),(cid:889)(cid:3),(cid:883)(cid:882)(cid:3),(cid:883)(cid:884)(cid:3),(cid:886)(cid:882)(cid:3),(cid:887)(cid:884)(cid:3),(cid:883)(cid:887)(cid:3),(cid:886)(cid:889)(cid:3),(cid:888)(cid:884)(cid:3),,,,,,,,,,,,,
(cid:890),(cid:15)(cid:131)(cid:143)(cid:146)(cid:151)(cid:144)(cid:137),(cid:886)(cid:891)(cid:888)(cid:3),(cid:885)(cid:882)(cid:885)(cid:3),(cid:889)(cid:891)(cid:891)(cid:3),(cid:885)(cid:886)(cid:888)(cid:3),(cid:887)(cid:891)(cid:888)(cid:3),(cid:891)(cid:886)(cid:884)(cid:3),(cid:890)(cid:886)(cid:884)(cid:3),(cid:890)(cid:891)(cid:891)(cid:3),(cid:883)(cid:484)(cid:889)(cid:886)(cid:883)(cid:3),(cid:891)(cid:3),(cid:883)(cid:887)(cid:3),(cid:884)(cid:886)(cid:3),(cid:884)(cid:887)(cid:3),(cid:888)(cid:886)(cid:3),(cid:890)(cid:891)(cid:3),(cid:885)(cid:886)(cid:3),(cid:889)(cid:891)(cid:3),(cid:883)(cid:883)(cid:885)(cid:3),,,,,,,,,,,,,
(cid:891),(cid:14)(cid:135)(cid:146)(cid:484)(cid:3)(cid:5)(cid:131)(cid:144)(cid:137)(cid:141)(cid:131)(cid:3)(cid:5)(cid:135)(cid:142)(cid:139)(cid:150)(cid:151)(cid:144)(cid:137),(cid:883)(cid:886)(cid:885)(cid:3),(cid:883)(cid:882)(cid:882)(cid:3),(cid:884)(cid:886)(cid:885)(cid:3),(cid:883)(cid:883)(cid:887)(cid:3),(cid:883)(cid:891)(cid:889)(cid:3),(cid:885)(cid:883)(cid:884)(cid:3),(cid:884)(cid:887)(cid:890)(cid:3),(cid:884)(cid:891)(cid:889)(cid:3),(cid:887)(cid:887)(cid:887)(cid:3),(cid:890)(cid:3),(cid:883)(cid:888)(cid:3),(cid:884)(cid:886)(cid:3),(cid:890)(cid:3),(cid:883)(cid:888)(cid:3),(cid:884)(cid:886)(cid:3),(cid:883)(cid:888)(cid:3),(cid:885)(cid:884)(cid:3),(cid:886)(cid:890)(cid:3),,,,,,,,,,,,,
(cid:883)(cid:882),(cid:14)(cid:135)(cid:146)(cid:151)(cid:142)(cid:131)(cid:151)(cid:131)(cid:144)(cid:3)(cid:21)(cid:139)(cid:131)(cid:151),(cid:885)(cid:882)(cid:890)(cid:3),(cid:883)(cid:890)(cid:888)(cid:3),(cid:886)(cid:891)(cid:886)(cid:3),(cid:884)(cid:883)(cid:884)(cid:3),(cid:885)(cid:885)(cid:886)(cid:3),(cid:887)(cid:886)(cid:888)(cid:3),(cid:887)(cid:884)(cid:882)(cid:3),(cid:887)(cid:884)(cid:882)(cid:3),(cid:883)(cid:484)(cid:882)(cid:886)(cid:882)(cid:3),(cid:883)(cid:883)(cid:3),(cid:883)(cid:888)(cid:3),(cid:884)(cid:889)(cid:3),(cid:883)(cid:887)(cid:3),(cid:886)(cid:889)(cid:3),(cid:888)(cid:884)(cid:3),(cid:884)(cid:888)(cid:3),(cid:888)(cid:885)(cid:3),(cid:890)(cid:891)(cid:3),,,,,,,,,,,,,
(cid:883)(cid:883),(cid:7)(cid:14)(cid:12)(cid:3)(cid:13)(cid:131)(cid:141)(cid:131)(cid:148)(cid:150)(cid:131),(cid:885)(cid:484)(cid:889)(cid:891)(cid:882)(cid:3),(cid:885)(cid:484)(cid:885)(cid:887)(cid:888)(cid:3),(cid:889)(cid:484)(cid:883)(cid:886)(cid:888)(cid:3),(cid:883)(cid:484)(cid:888)(cid:885)(cid:884)(cid:3),(cid:884)(cid:484)(cid:891)(cid:886)(cid:888)(cid:3),(cid:886)(cid:484)(cid:887)(cid:889)(cid:890)(cid:3),(cid:887)(cid:484)(cid:886)(cid:884)(cid:884)(cid:3),(cid:888)(cid:484)(cid:885)(cid:882)(cid:884)(cid:3),(cid:883)(cid:883)(cid:484)(cid:889)(cid:884)(cid:886)(cid:3),(cid:884)(cid:884)(cid:891)(cid:3),(cid:887)(cid:882)(cid:883)(cid:3),(cid:889)(cid:885)(cid:882)(cid:3),(cid:884)(cid:886)(cid:886)(cid:3),(cid:890)(cid:891)(cid:886)(cid:3),(cid:883)(cid:484)(cid:883)(cid:885)(cid:890)(cid:3),(cid:886)(cid:889)(cid:885)(cid:3),(cid:883)(cid:484)(cid:885)(cid:891)(cid:887)(cid:3),(cid:883)(cid:484)(cid:890)(cid:888)(cid:890)(cid:3),,,,,,,,,,,,,
(cid:883)(cid:884),(cid:13)(cid:131)(cid:153)(cid:131)(cid:3)(cid:5)(cid:131)(cid:148)(cid:131)(cid:150),(cid:886)(cid:484)(cid:884)(cid:882)(cid:888)(cid:3),(cid:885)(cid:484)(cid:884)(cid:887)(cid:890)(cid:3),(cid:889)(cid:484)(cid:886)(cid:888)(cid:886)(cid:3),(cid:885)(cid:484)(cid:882)(cid:887)(cid:886)(cid:3),(cid:886)(cid:484)(cid:885)(cid:882)(cid:887)(cid:3),(cid:889)(cid:484)(cid:885)(cid:887)(cid:891)(cid:3),(cid:889)(cid:484)(cid:884)(cid:888)(cid:882)(cid:3),(cid:889)(cid:484)(cid:887)(cid:888)(cid:885)(cid:3),(cid:883)(cid:886)(cid:484)(cid:890)(cid:884)(cid:885)(cid:3),(cid:884)(cid:882)(cid:887)(cid:3),(cid:885)(cid:890)(cid:888)(cid:3),(cid:887)(cid:891)(cid:883)(cid:3),(cid:884)(cid:886)(cid:887)(cid:3),(cid:889)(cid:887)(cid:890)(cid:3),(cid:883)(cid:484)(cid:882)(cid:882)(cid:885)(cid:3),(cid:886)(cid:887)(cid:882)(cid:3),(cid:883)(cid:484)(cid:883)(cid:886)(cid:886)(cid:3),(cid:883)(cid:484)(cid:887)(cid:891)(cid:886)(cid:3),,,,,,,,,,,,,
(cid:883)(cid:885),(cid:13)(cid:131)(cid:153)(cid:131)(cid:3)(cid:23)(cid:135)(cid:144)(cid:137)(cid:131)(cid:138),(cid:884)(cid:484)(cid:891)(cid:882)(cid:890)(cid:3),(cid:883)(cid:484)(cid:891)(cid:888)(cid:889)(cid:3),(cid:886)(cid:484)(cid:890)(cid:889)(cid:887)(cid:3),(cid:883)(cid:484)(cid:890)(cid:884)(cid:884)(cid:3),(cid:884)(cid:484)(cid:887)(cid:891)(cid:884)(cid:3),(cid:886)(cid:484)(cid:886)(cid:883)(cid:886)(cid:3),(cid:886)(cid:484)(cid:889)(cid:885)(cid:882)(cid:3),(cid:886)(cid:484)(cid:887)(cid:887)(cid:891)(cid:3),(cid:891)(cid:484)(cid:884)(cid:890)(cid:891)(cid:3),(cid:891)(cid:886)(cid:3),(cid:883)(cid:888)(cid:882)(cid:3),(cid:884)(cid:887)(cid:886)(cid:3),(cid:884)(cid:883)(cid:890)(cid:3),(cid:888)(cid:884)(cid:888)(cid:3),(cid:890)(cid:886)(cid:886)(cid:3),(cid:885)(cid:883)(cid:884)(cid:3),(cid:889)(cid:890)(cid:888)(cid:3),(cid:883)(cid:484)(cid:882)(cid:891)(cid:890)(cid:3),,,,,,,,,,,,,
(cid:883)(cid:886),(cid:7)(cid:12)(cid:3)(cid:28)(cid:145)(cid:137)(cid:155)(cid:131)(cid:141)(cid:131)(cid:148)(cid:150)(cid:131),(cid:889)(cid:882)(cid:888)(cid:3),(cid:888)(cid:887)(cid:888)(cid:3),(cid:883)(cid:484)(cid:885)(cid:888)(cid:884)(cid:3),(cid:885)(cid:889)(cid:888)(cid:3),(cid:887)(cid:891)(cid:889)(cid:3),(cid:891)(cid:889)(cid:885)(cid:3),(cid:883)(cid:484)(cid:882)(cid:890)(cid:884)(cid:3),(cid:883)(cid:484)(cid:884)(cid:887)(cid:885)(cid:3),(cid:884)(cid:484)(cid:885)(cid:885)(cid:887)(cid:3),(cid:888)(cid:891)(cid:3),(cid:883)(cid:885)(cid:886)(cid:3),(cid:884)(cid:882)(cid:885)(cid:3),(cid:890)(cid:884)(cid:3),(cid:883)(cid:890)(cid:890)(cid:3),(cid:884)(cid:889)(cid:882)(cid:3),(cid:883)(cid:887)(cid:883)(cid:3),(cid:885)(cid:884)(cid:884)(cid:3),(cid:886)(cid:889)(cid:885)(cid:3),,,,,,,,,,,,,
(cid:883)(cid:887),(cid:13)(cid:131)(cid:153)(cid:131)(cid:3)(cid:23)(cid:139)(cid:143)(cid:151)(cid:148),(cid:885)(cid:484)(cid:886)(cid:887)(cid:885)(cid:3),(cid:884)(cid:484)(cid:887)(cid:882)(cid:883)(cid:3),(cid:887)(cid:484)(cid:891)(cid:887)(cid:886)(cid:3),(cid:884)(cid:484)(cid:888)(cid:882)(cid:886)(cid:3),(cid:885)(cid:484)(cid:885)(cid:889)(cid:882)(cid:3),(cid:887)(cid:484)(cid:891)(cid:889)(cid:886)(cid:3),(cid:888)(cid:484)(cid:882)(cid:887)(cid:889)(cid:3),(cid:887)(cid:484)(cid:890)(cid:889)(cid:883)(cid:3),(cid:883)(cid:883)(cid:484)(cid:891)(cid:884)(cid:890)(cid:3),(cid:883)(cid:891)(cid:882)(cid:3),(cid:885)(cid:888)(cid:888)(cid:3),(cid:887)(cid:887)(cid:888)(cid:3),(cid:885)(cid:882)(cid:885)(cid:3),(cid:891)(cid:882)(cid:884)(cid:3),(cid:883)(cid:484)(cid:884)(cid:882)(cid:887)(cid:3),(cid:886)(cid:891)(cid:885)(cid:3),(cid:883)(cid:484)(cid:884)(cid:888)(cid:890)(cid:3),(cid:883)(cid:484)(cid:889)(cid:888)(cid:883)(cid:3),,,,,,,,,,,,,
(cid:883)(cid:888),(cid:5)(cid:131)(cid:144)(cid:150)(cid:135)(cid:144),(cid:883)(cid:484)(cid:887)(cid:885)(cid:891)(cid:3),(cid:883)(cid:484)(cid:885)(cid:882)(cid:882)(cid:3),(cid:884)(cid:484)(cid:890)(cid:885)(cid:891)(cid:3),(cid:890)(cid:889)(cid:887)(cid:3),(cid:883)(cid:484)(cid:887)(cid:883)(cid:888)(cid:3),(cid:884)(cid:484)(cid:885)(cid:891)(cid:883)(cid:3),(cid:884)(cid:484)(cid:886)(cid:883)(cid:886)(cid:3),(cid:884)(cid:484)(cid:890)(cid:883)(cid:888)(cid:3),(cid:887)(cid:484)(cid:884)(cid:885)(cid:882)(cid:3),(cid:887)(cid:882)(cid:3),(cid:883)(cid:887)(cid:883)(cid:3),(cid:884)(cid:882)(cid:883)(cid:3),(cid:886)(cid:891)(cid:3),(cid:884)(cid:885)(cid:884)(cid:3),(cid:884)(cid:890)(cid:883)(cid:3),(cid:891)(cid:891)(cid:3),(cid:885)(cid:890)(cid:885)(cid:3),(cid:886)(cid:890)(cid:884)(cid:3),,,,,,,,,,,,,
(cid:883)(cid:889),(cid:5)(cid:131)(cid:142)(cid:139),(cid:883)(cid:484)(cid:882)(cid:884)(cid:885)(cid:3),(cid:888)(cid:885)(cid:890)(cid:3),(cid:883)(cid:484)(cid:888)(cid:888)(cid:883)(cid:3),(cid:883)(cid:484)(cid:884)(cid:890)(cid:887)(cid:3),(cid:883)(cid:484)(cid:885)(cid:890)(cid:886)(cid:3),(cid:884)(cid:484)(cid:888)(cid:888)(cid:891)(cid:3),(cid:884)(cid:484)(cid:885)(cid:882)(cid:890)(cid:3),(cid:884)(cid:484)(cid:882)(cid:884)(cid:884)(cid:3),(cid:886)(cid:484)(cid:885)(cid:885)(cid:882)(cid:3),(cid:885)(cid:884)(cid:3),(cid:885)(cid:886)(cid:3),(cid:888)(cid:888)(cid:3),(cid:888)(cid:889)(cid:3),(cid:883)(cid:889)(cid:889)(cid:3),(cid:884)(cid:886)(cid:886)(cid:3),(cid:891)(cid:891)(cid:3),(cid:884)(cid:883)(cid:883)(cid:3),(cid:885)(cid:883)(cid:882)(cid:3),,,,,,,,,,,,,
(cid:883)(cid:890),(cid:17)(cid:151)(cid:149)(cid:131)(cid:3)(cid:23)(cid:135)(cid:144)(cid:137)(cid:137)(cid:131)(cid:148)(cid:131)(cid:3)(cid:5)(cid:131)(cid:148)(cid:131)(cid:150),(cid:884)(cid:889)(cid:888)(cid:3),(cid:884)(cid:884)(cid:889)(cid:3),(cid:887)(cid:882)(cid:885)(cid:3),(cid:884)(cid:889)(cid:883)(cid:3),(cid:886)(cid:887)(cid:882)(cid:3),(cid:889)(cid:884)(cid:883)(cid:3),(cid:887)(cid:886)(cid:889)(cid:3),(cid:888)(cid:889)(cid:889)(cid:3),(cid:883)(cid:484)(cid:884)(cid:884)(cid:886)(cid:3),(cid:887)(cid:3),(cid:884)(cid:882)(cid:3),(cid:884)(cid:887)(cid:3),(cid:883)(cid:884)(cid:3),(cid:887)(cid:887)(cid:3),(cid:888)(cid:889)(cid:3),(cid:883)(cid:889)(cid:3),(cid:889)(cid:887)(cid:3),(cid:891)(cid:884)(cid:3),,,,,,,,,,,,,
(cid:883)(cid:891),(cid:17)(cid:151)(cid:149)(cid:131)(cid:3)(cid:23)(cid:135)(cid:144)(cid:137)(cid:137)(cid:131)(cid:148)(cid:131)(cid:3)(cid:23)(cid:139)(cid:143)(cid:151)(cid:148),(cid:884)(cid:885)(cid:885)(cid:3),(cid:884)(cid:882)(cid:890)(cid:3),(cid:886)(cid:886)(cid:883)(cid:3),(cid:884)(cid:886)(cid:884)(cid:3),(cid:886)(cid:882)(cid:883)(cid:3),(cid:888)(cid:886)(cid:885)(cid:3),(cid:886)(cid:889)(cid:887)(cid:3),(cid:888)(cid:882)(cid:891)(cid:3),(cid:883)(cid:484)(cid:882)(cid:890)(cid:886)(cid:3),(cid:885)(cid:3),(cid:889)(cid:3),(cid:883)(cid:882)(cid:3),(cid:883)(cid:886)(cid:3),(cid:887)(cid:885)(cid:3),(cid:888)(cid:889)(cid:3),(cid:883)(cid:889)(cid:3),(cid:888)(cid:882)(cid:3),(cid:889)(cid:889)(cid:3),,,,,,,,,,,,,
(cid:884)(cid:882),(cid:14)(cid:131)(cid:142)(cid:139)(cid:143)(cid:131)(cid:144)(cid:150)(cid:131)(cid:144)(cid:3)(cid:5)(cid:131)(cid:148)(cid:131)(cid:150),(cid:885)(cid:882)(cid:889)(cid:3),(cid:883)(cid:890)(cid:887)(cid:3),(cid:886)(cid:891)(cid:884)(cid:3),(cid:884)(cid:888)(cid:886)(cid:3),(cid:885)(cid:885)(cid:888)(cid:3),(cid:888)(cid:882)(cid:882)(cid:3),(cid:887)(cid:889)(cid:883)(cid:3),(cid:887)(cid:884)(cid:883)(cid:3),(cid:883)(cid:484)(cid:882)(cid:891)(cid:884)(cid:3),(cid:883)(cid:889)(cid:3),(cid:883)(cid:887)(cid:3),(cid:885)(cid:884)(cid:3),(cid:884)(cid:889)(cid:3),(cid:887)(cid:884)(cid:3),(cid:889)(cid:891)(cid:3),(cid:886)(cid:886)(cid:3),(cid:888)(cid:889)(cid:3),(cid:883)(cid:883)(cid:883)(cid:3),,,,,,,,,,,,,
(cid:884)(cid:883),(cid:14)(cid:131)(cid:142)(cid:139)(cid:143)(cid:131)(cid:144)(cid:150)(cid:131)(cid:144)(cid:3)(cid:23)(cid:135)(cid:144)(cid:137)(cid:131)(cid:138),(cid:884)(cid:882)(cid:882)(cid:3),(cid:883)(cid:887)(cid:887)(cid:3),(cid:885)(cid:887)(cid:887)(cid:3),(cid:883)(cid:887)(cid:882)(cid:3),(cid:884)(cid:886)(cid:889)(cid:3),(cid:885)(cid:891)(cid:889)(cid:3),(cid:885)(cid:887)(cid:882)(cid:3),(cid:886)(cid:882)(cid:884)(cid:3),(cid:889)(cid:887)(cid:884)(cid:3),(cid:891)(cid:3),(cid:883)(cid:884)(cid:3),(cid:884)(cid:883)(cid:3),(cid:883)(cid:886)(cid:3),(cid:885)(cid:889)(cid:3),(cid:887)(cid:883)(cid:3),(cid:884)(cid:885)(cid:3),(cid:886)(cid:891)(cid:3),(cid:889)(cid:884)(cid:3),,,,,,,,,,,,,
(cid:884)(cid:884),(cid:14)(cid:131)(cid:142)(cid:139)(cid:143)(cid:131)(cid:144)(cid:150)(cid:131)(cid:144)(cid:3)(cid:22)(cid:135)(cid:142)(cid:131)(cid:150)(cid:131)(cid:144),(cid:885)(cid:891)(cid:882)(cid:3),(cid:884)(cid:888)(cid:885)(cid:3),(cid:888)(cid:887)(cid:885)(cid:3),(cid:884)(cid:886)(cid:886)(cid:3),(cid:885)(cid:886)(cid:888)(cid:3),(cid:887)(cid:891)(cid:882)(cid:3),(cid:888)(cid:885)(cid:886)(cid:3),(cid:888)(cid:882)(cid:891)(cid:3),(cid:883)(cid:484)(cid:884)(cid:886)(cid:885)(cid:3),(cid:884)(cid:882)(cid:3),(cid:884)(cid:889)(cid:3),(cid:886)(cid:889)(cid:3),(cid:886)(cid:890)(cid:3),(cid:889)(cid:889)(cid:3),(cid:883)(cid:884)(cid:887)(cid:3),(cid:888)(cid:890)(cid:3),(cid:883)(cid:882)(cid:886)(cid:3),(cid:883)(cid:889)(cid:884)(cid:3),,,,,,,,,,,,,
(cid:884)(cid:885),(cid:14)(cid:131)(cid:142)(cid:139)(cid:143)(cid:131)(cid:144)(cid:150)(cid:131)(cid:144)(cid:3)(cid:23)(cid:139)(cid:143)(cid:151)(cid:148),(cid:886)(cid:889)(cid:882)(cid:3),(cid:885)(cid:888)(cid:888)(cid:3),(cid:890)(cid:885)(cid:888)(cid:3),(cid:885)(cid:882)(cid:890)(cid:3),(cid:887)(cid:890)(cid:882)(cid:3),(cid:890)(cid:890)(cid:890)(cid:3),(cid:889)(cid:889)(cid:890)(cid:3),(cid:891)(cid:886)(cid:888)(cid:3),(cid:883)(cid:484)(cid:889)(cid:884)(cid:886)(cid:3),(cid:884)(cid:884)(cid:3),(cid:886)(cid:888)(cid:3),(cid:888)(cid:890)(cid:3),(cid:884)(cid:889)(cid:3),(cid:889)(cid:890)(cid:3),(cid:883)(cid:882)(cid:887)(cid:3),(cid:886)(cid:891)(cid:3),(cid:883)(cid:884)(cid:886)(cid:3),(cid:883)(cid:889)(cid:885)(cid:3),,,,,,,,,,,,,
(cid:884)(cid:886),(cid:14)(cid:131)(cid:142)(cid:139)(cid:143)(cid:131)(cid:144)(cid:150)(cid:131)(cid:144)(cid:3)(cid:24)(cid:150)(cid:131)(cid:148)(cid:131),(cid:890)(cid:890)(cid:3),(cid:888)(cid:882)(cid:3),(cid:883)(cid:886)(cid:890)(cid:3),(cid:891)(cid:884)(cid:3),(cid:883)(cid:884)(cid:891)(cid:3),(cid:884)(cid:884)(cid:883)(cid:3),(cid:883)(cid:890)(cid:882)(cid:3),(cid:883)(cid:890)(cid:891)(cid:3),(cid:885)(cid:888)(cid:891)(cid:3),(cid:890)(cid:3),(cid:888)(cid:3),(cid:883)(cid:886)(cid:3),(cid:887)(cid:3),(cid:884)(cid:882)(cid:3),(cid:884)(cid:887)(cid:3),(cid:883)(cid:885)(cid:3),(cid:884)(cid:888)(cid:3),(cid:885)(cid:891)(cid:3),,,,,,,,,,,,,
(cid:884)(cid:887),(cid:22)(cid:151)(cid:142)(cid:131)(cid:153)(cid:135)(cid:149)(cid:139)(cid:3)(cid:24)(cid:150)(cid:131)(cid:148)(cid:131),(cid:885)(cid:885)(cid:885)(cid:3),(cid:885)(cid:883)(cid:884)(cid:3),(cid:888)(cid:886)(cid:887)(cid:3),(cid:888)(cid:888)(cid:890)(cid:3),(cid:889)(cid:888)(cid:882)(cid:3),(cid:883)(cid:484)(cid:886)(cid:884)(cid:890)(cid:3),(cid:883)(cid:484)(cid:882)(cid:882)(cid:883)(cid:3),(cid:883)(cid:484)(cid:882)(cid:889)(cid:884)(cid:3),(cid:884)(cid:484)(cid:882)(cid:889)(cid:885)(cid:3),(cid:889)(cid:3),(cid:890)(cid:3),(cid:883)(cid:887)(cid:3),(cid:885)(cid:889)(cid:3),(cid:891)(cid:889)(cid:3),(cid:883)(cid:885)(cid:886)(cid:3),(cid:886)(cid:886)(cid:3),(cid:883)(cid:882)(cid:887)(cid:3),(cid:883)(cid:886)(cid:891)(cid:3),,,,,,,,,,,,,
(cid:884)(cid:888),(cid:22)(cid:151)(cid:142)(cid:131)(cid:153)(cid:135)(cid:149)(cid:139)(cid:3)(cid:23)(cid:135)(cid:144)(cid:137)(cid:131)(cid:138),(cid:883)(cid:887)(cid:890)(cid:3),(cid:883)(cid:889)(cid:884)(cid:3),(cid:885)(cid:885)(cid:882)(cid:3),(cid:883)(cid:890)(cid:886)(cid:3),(cid:885)(cid:884)(cid:886)(cid:3),(cid:887)(cid:882)(cid:890)(cid:3),(cid:885)(cid:886)(cid:884)(cid:3),(cid:886)(cid:891)(cid:888)(cid:3),(cid:890)(cid:885)(cid:890)(cid:3),(cid:884)(cid:3),(cid:883)(cid:882)(cid:3),(cid:883)(cid:884)(cid:3),(cid:883)(cid:888)(cid:3),(cid:886)(cid:887)(cid:3),(cid:888)(cid:883)(cid:3),(cid:883)(cid:890)(cid:3),(cid:887)(cid:887)(cid:3),(cid:889)(cid:885)(cid:3),,,,,,,,,,,,,
(cid:884)(cid:889),(cid:22)(cid:151)(cid:142)(cid:131)(cid:153)(cid:135)(cid:149)(cid:139)(cid:3)(cid:22)(cid:135)(cid:142)(cid:131)(cid:150)(cid:131)(cid:144),(cid:889)(cid:890)(cid:891)(cid:3),(cid:891)(cid:886)(cid:886)(cid:3),(cid:883)(cid:484)(cid:889)(cid:885)(cid:885)(cid:3),(cid:890)(cid:889)(cid:891)(cid:3),(cid:883)(cid:484)(cid:886)(cid:889)(cid:889)(cid:3),(cid:884)(cid:484)(cid:885)(cid:887)(cid:888)(cid:3),(cid:883)(cid:484)(cid:888)(cid:888)(cid:890)(cid:3),(cid:884)(cid:484)(cid:886)(cid:884)(cid:883)(cid:3),(cid:886)(cid:484)(cid:882)(cid:890)(cid:891)(cid:3),(cid:886)(cid:884)(cid:3),(cid:883)(cid:882)(cid:882)(cid:3),(cid:883)(cid:886)(cid:884)(cid:3),(cid:883)(cid:882)(cid:884)(cid:3),(cid:885)(cid:883)(cid:888)(cid:3),(cid:886)(cid:883)(cid:890)(cid:3),(cid:883)(cid:886)(cid:886)(cid:3),(cid:886)(cid:883)(cid:888)(cid:3),(cid:887)(cid:888)(cid:882)(cid:3),,,,,,,,,,,,,
(cid:884)(cid:890),(cid:22)(cid:151)(cid:142)(cid:131)(cid:153)(cid:135)(cid:149)(cid:139)(cid:3)(cid:23)(cid:135)(cid:144)(cid:137)(cid:137)(cid:131)(cid:148)(cid:131),(cid:883)(cid:888)(cid:884)(cid:3),(cid:883)(cid:886)(cid:886)(cid:3),(cid:885)(cid:882)(cid:888)(cid:3),(cid:883)(cid:889)(cid:891)(cid:3),(cid:884)(cid:886)(cid:887)(cid:3),(cid:886)(cid:884)(cid:886)(cid:3),(cid:885)(cid:886)(cid:883)(cid:3),(cid:885)(cid:890)(cid:891)(cid:3),(cid:889)(cid:885)(cid:882)(cid:3),(cid:883)(cid:882)(cid:3),(cid:883)(cid:888)(cid:3),(cid:884)(cid:888)(cid:3),(cid:883)(cid:891)(cid:3),(cid:887)(cid:887)(cid:3),(cid:889)(cid:886)(cid:3),(cid:884)(cid:891)(cid:3),(cid:889)(cid:883)(cid:3),(cid:883)(cid:882)(cid:882)(cid:3),,,,,,,,,,,,,
(cid:884)(cid:891),(cid:10)(cid:145)(cid:148)(cid:145)(cid:144)(cid:150)(cid:131)(cid:142)(cid:145),(cid:891)(cid:886)(cid:3),(cid:890)(cid:888)(cid:3),(cid:883)(cid:890)(cid:882)(cid:3),(cid:890)(cid:891)(cid:3),(cid:883)(cid:885)(cid:891)(cid:3),(cid:884)(cid:884)(cid:890)(cid:3),(cid:883)(cid:890)(cid:885)(cid:3),(cid:884)(cid:884)(cid:887)(cid:3),(cid:886)(cid:882)(cid:890)(cid:3),(cid:885)(cid:3),(cid:884)(cid:3),(cid:887)(cid:3),(cid:889)(cid:3),(cid:883)(cid:885)(cid:3),(cid:884)(cid:882)(cid:3),(cid:883)(cid:882)(cid:3),(cid:883)(cid:887)(cid:3),(cid:884)(cid:887)(cid:3),,,,,,,,,,,,,
(cid:885)(cid:882),(cid:22)(cid:151)(cid:142)(cid:131)(cid:153)(cid:135)(cid:149)(cid:139)(cid:3)(cid:5)(cid:131)(cid:148)(cid:131)(cid:150),(cid:887)(cid:890)(cid:3),(cid:889)(cid:890)(cid:3),(cid:883)(cid:885)(cid:888)(cid:3),(cid:885)(cid:884)(cid:3),(cid:890)(cid:888)(cid:3),(cid:883)(cid:883)(cid:890)(cid:3),(cid:891)(cid:882)(cid:3),(cid:883)(cid:888)(cid:886)(cid:3),(cid:884)(cid:887)(cid:886)(cid:3),(cid:885)(cid:3),(cid:883)(cid:882)(cid:3),(cid:883)(cid:885)(cid:3),(cid:889)(cid:3),(cid:883)(cid:886)(cid:3),(cid:884)(cid:883)(cid:3),(cid:883)(cid:882)(cid:3),(cid:884)(cid:886)(cid:3),(cid:885)(cid:886)(cid:3),,,,,,,,,,,,,
(cid:885)(cid:883),(cid:16)(cid:131)(cid:142)(cid:151)(cid:141)(cid:151),(cid:891)(cid:886)(cid:3),(cid:891)(cid:890)(cid:3),(cid:883)(cid:891)(cid:884)(cid:3),(cid:891)(cid:890)(cid:3),(cid:884)(cid:886)(cid:887)(cid:3),(cid:885)(cid:886)(cid:885)(cid:3),(cid:883)(cid:891)(cid:884)(cid:3),(cid:885)(cid:886)(cid:885)(cid:3),(cid:887)(cid:885)(cid:887)(cid:3),(cid:884)(cid:3),(cid:888)(cid:3),(cid:890)(cid:3),(cid:891)(cid:3),(cid:884)(cid:885)(cid:3),(cid:885)(cid:884)(cid:3),(cid:883)(cid:883)(cid:3),(cid:884)(cid:891)(cid:3),(cid:886)(cid:882)(cid:3),,,,,,,,,,,,,
(cid:885)(cid:884),(cid:16)(cid:131)(cid:142)(cid:151)(cid:141)(cid:151)(cid:3)(cid:24)(cid:150)(cid:131)(cid:148)(cid:131),(cid:890)(cid:890)(cid:3),(cid:889)(cid:882)(cid:3),(cid:883)(cid:887)(cid:890)(cid:3),(cid:889)(cid:886)(cid:3),(cid:883)(cid:885)(cid:882)(cid:3),(cid:884)(cid:882)(cid:886)(cid:3),(cid:883)(cid:888)(cid:884)(cid:3),(cid:884)(cid:882)(cid:882)(cid:3),(cid:885)(cid:888)(cid:884)(cid:3),(cid:887)(cid:3),(cid:885)(cid:3),(cid:890)(cid:3),(cid:887)(cid:3),(cid:883)(cid:889)(cid:3),(cid:884)(cid:884)(cid:3),(cid:883)(cid:882)(cid:3),(cid:884)(cid:882)(cid:3),(cid:885)(cid:882)(cid:3),,,,,,,,,,,,,
(cid:885)(cid:885),(cid:19)(cid:131)(cid:146)(cid:151)(cid:131),(cid:883)(cid:882)(cid:886)(cid:3),(cid:891)(cid:888)(cid:3),(cid:884)(cid:882)(cid:882)(cid:3),(cid:883)(cid:882)(cid:888)(cid:3),(cid:883)(cid:890)(cid:891)(cid:3),(cid:884)(cid:891)(cid:887)(cid:3),(cid:884)(cid:883)(cid:882)(cid:3),(cid:884)(cid:890)(cid:887)(cid:3),(cid:886)(cid:891)(cid:887)(cid:3),(cid:883)(cid:3),(cid:889)(cid:3),(cid:890)(cid:3),(cid:883)(cid:885)(cid:3),(cid:883)(cid:889)(cid:3),(cid:885)(cid:882)(cid:3),(cid:883)(cid:886)(cid:3),(cid:884)(cid:886)(cid:3),(cid:885)(cid:890)(cid:3),,,,,,,,,,,,,
(cid:885)(cid:886),(cid:19)(cid:131)(cid:146)(cid:151)(cid:131)(cid:3)(cid:5)(cid:131)(cid:148)(cid:131)(cid:150),(cid:886)(cid:888)(cid:3),(cid:885)(cid:886)(cid:3),(cid:890)(cid:882)(cid:3),(cid:887)(cid:885)(cid:3),(cid:891)(cid:890)(cid:3),(cid:883)(cid:887)(cid:883)(cid:3),(cid:891)(cid:891)(cid:3),(cid:883)(cid:885)(cid:884)(cid:3),(cid:884)(cid:885)(cid:883)(cid:3),(cid:882)(cid:3),(cid:883)(cid:3),(cid:883)(cid:3),(cid:890)(cid:3),(cid:883)(cid:883)(cid:3),(cid:883)(cid:891)(cid:3),(cid:890)(cid:3),(cid:883)(cid:884)(cid:3),(cid:884)(cid:882)(cid:3),,,,,,,,,,,,,
(cid:885)(cid:887),(cid:19)(cid:131)(cid:146)(cid:151)(cid:131)(cid:3)(cid:22)(cid:135)(cid:142)(cid:131)(cid:150)(cid:131)(cid:144),(cid:884)(cid:891)(cid:3),(cid:884)(cid:885)(cid:3),(cid:887)(cid:884)(cid:3),(cid:885)(cid:891)(cid:3),(cid:887)(cid:891)(cid:3),(cid:891)(cid:890)(cid:3),(cid:888)(cid:890)(cid:3),(cid:890)(cid:884)(cid:3),(cid:883)(cid:887)(cid:882)(cid:3),(cid:882)(cid:3),(cid:886)(cid:3),(cid:886)(cid:3),(cid:888)(cid:3),(cid:886)(cid:3),(cid:883)(cid:882)(cid:3),(cid:888)(cid:3),(cid:890)(cid:3),(cid:883)(cid:886)(cid:3),,,,,,,,,,,,,
(cid:885)(cid:888),(cid:19)(cid:131)(cid:146)(cid:151)(cid:131)(cid:3)(cid:23)(cid:135)(cid:144)(cid:137)(cid:131)(cid:138),(cid:886)(cid:886)(cid:3),(cid:885)(cid:886)(cid:3),(cid:889)(cid:890)(cid:3),(cid:886)(cid:888)(cid:3),(cid:887)(cid:891)(cid:3),(cid:883)(cid:882)(cid:887)(cid:3),(cid:891)(cid:882)(cid:3),(cid:891)(cid:885)(cid:3),(cid:883)(cid:890)(cid:885)(cid:3),(cid:882)(cid:3),(cid:884)(cid:3),(cid:884)(cid:3),(cid:887)(cid:3),(cid:891)(cid:3),(cid:883)(cid:886)(cid:3),(cid:887)(cid:3),(cid:883)(cid:883)(cid:3),(cid:883)(cid:888)(cid:3),,,,,,,,,,,,,
(cid:885)(cid:889) (cid:19)(cid:131)(cid:146)(cid:151)(cid:131)(cid:3)(cid:19)(cid:135)(cid:137)(cid:151)(cid:144)(cid:151)(cid:144)(cid:137)(cid:131)(cid:144) Indonesia (cid:885)(cid:890) (cid:19)(cid:131)(cid:146)(cid:151)(cid:131)(cid:3)(cid:5)(cid:131)(cid:148)(cid:131)(cid:150)(cid:3)(cid:7)(cid:131)(cid:155)(cid:131),,(cid:883)(cid:890)(cid:3) 26.636 (cid:886)(cid:887)(cid:3),(cid:883)(cid:886)(cid:3) 21.130 (cid:885)(cid:885)(cid:3),(cid:885)(cid:884)(cid:3) 47.766 (cid:889)(cid:890)(cid:3),(cid:884)(cid:890)(cid:3) 20.224 (cid:886)(cid:882)(cid:3),(cid:887)(cid:884)(cid:3) 30.652 (cid:889)(cid:883)(cid:3),(cid:890)(cid:882)(cid:3) 50.876 (cid:883)(cid:883)(cid:883)(cid:3),(cid:886)(cid:888)(cid:3) 46.860 (cid:890)(cid:887)(cid:3),(cid:888)(cid:888)(cid:3) 51.782 (cid:883)(cid:882)(cid:886)(cid:3),(cid:883)(cid:883)(cid:884)(cid:3) 98.642 (cid:883)(cid:890)(cid:891)(cid:3),(cid:882)(cid:3) 1.151 (cid:883)(cid:3),(cid:882)(cid:3) 2.284 (cid:883)(cid:3),(cid:882)(cid:3) 3.435 (cid:884)(cid:3),(cid:885)(cid:3) 1.918 (cid:891)(cid:3),(cid:890)(cid:3) 5.859 (cid:883)(cid:883)(cid:3),(cid:883)(cid:883)(cid:3) 7.777 (cid:884)(cid:882)(cid:3),(cid:885)(cid:3) 3.069 (cid:883)(cid:882)(cid:3),(cid:890)(cid:3) 8.143 (cid:883)(cid:884)(cid:3),(cid:883)(cid:883)(cid:3) 11.212 (cid:884)(cid:884)(cid:3),,,,,,,,,,,,,
No,Provinsi,Dokter Spesialis Dasar,,,,Dokter Spesialis Penunjang,,,,,Spesialis Lain,Dokter Gigi Spesialis,Total,,,,,,,,,,,,,,,,,,,
,,Spesialis Penyakit Dalam,Spesialis Obstetri dan Ginekologi,Spesialis Anak,Spesialis Bedah,Spesialis Radiologi,Spesialis Anestesi,Spesialis Patologi Klinik,Spesialis Patologi Anatomi,Spesialis Rehabilitasi Medik,,,,,,,,,,,,,,,,,,,,,,
(1),(2),(3),(4),(5),(6),(7),(8),(9),(10),(11),(12),(13),(14),,,,,,,,,,,,,,,,,,,
(cid:883),(cid:4)(cid:133)(cid:135)(cid:138),(cid:883)(cid:886)(cid:885)(cid:3),(cid:883)(cid:882)(cid:884)(cid:3),(cid:891)(cid:885)(cid:3),(cid:889)(cid:891)(cid:3),(cid:885)(cid:884)(cid:3),(cid:889)(cid:890)(cid:3),(cid:886)(cid:883)(cid:3),(cid:883)(cid:887)(cid:3),(cid:887)(cid:3),(cid:886)(cid:886)(cid:891)(cid:3),(cid:884)(cid:891)(cid:3),(cid:883)(cid:484)(cid:882)(cid:888)(cid:888)(cid:3),,,,,,,,,,,,,,,,,,,
(cid:884),(cid:22)(cid:151)(cid:143)(cid:131)(cid:150)(cid:135)(cid:148)(cid:131)(cid:3)(cid:24)(cid:150)(cid:131)(cid:148)(cid:131),(cid:884)(cid:891)(cid:890)(cid:3),(cid:884)(cid:889)(cid:887)(cid:3),(cid:884)(cid:888)(cid:882)(cid:3),(cid:883)(cid:888)(cid:883)(cid:3),(cid:888)(cid:885)(cid:3),(cid:883)(cid:885)(cid:882)(cid:3),(cid:883)(cid:882)(cid:891)(cid:3),(cid:886)(cid:890)(cid:3),(cid:889)(cid:3),(cid:891)(cid:883)(cid:883)(cid:3),(cid:883)(cid:882)(cid:882)(cid:3),(cid:884)(cid:484)(cid:885)(cid:888)(cid:884)(cid:3),,,,,,,,,,,,,,,,,,,
(cid:885),(cid:22)(cid:151)(cid:143)(cid:131)(cid:150)(cid:135)(cid:148)(cid:131)(cid:3)(cid:5)(cid:131)(cid:148)(cid:131)(cid:150),(cid:883)(cid:883)(cid:890)(cid:3),(cid:883)(cid:883)(cid:889)(cid:3),(cid:883)(cid:882)(cid:888)(cid:3),(cid:889)(cid:883)(cid:3),(cid:884)(cid:889)(cid:3),(cid:888)(cid:889)(cid:3),(cid:887)(cid:886)(cid:3),(cid:884)(cid:887)(cid:3),(cid:886)(cid:3),(cid:886)(cid:891)(cid:884)(cid:3),(cid:885)(cid:889)(cid:3),(cid:883)(cid:484)(cid:883)(cid:883)(cid:890)(cid:3),,,,,,,,,,,,,,,,,,,
(cid:886),(cid:21)(cid:139)(cid:131)(cid:151),(cid:883)(cid:884)(cid:890)(cid:3),(cid:883)(cid:885)(cid:884)(cid:3),(cid:883)(cid:882)(cid:889)(cid:3),(cid:890)(cid:888)(cid:3),(cid:886)(cid:883)(cid:3),(cid:888)(cid:885)(cid:3),(cid:885)(cid:889)(cid:3),(cid:884)(cid:883)(cid:3),(cid:886)(cid:3),(cid:886)(cid:887)(cid:890)(cid:3),(cid:886)(cid:889)(cid:3),(cid:883)(cid:484)(cid:883)(cid:884)(cid:886)(cid:3),,,,,,,,,,,,,,,,,,,
(cid:887),(cid:13)(cid:131)(cid:143)(cid:132)(cid:139),(cid:887)(cid:888)(cid:3),(cid:887)(cid:888)(cid:3),(cid:886)(cid:883)(cid:3),(cid:885)(cid:884)(cid:3),(cid:883)(cid:889)(cid:3),(cid:885)(cid:884)(cid:3),(cid:884)(cid:884)(cid:3),(cid:891)(cid:3),(cid:882)(cid:3),(cid:883)(cid:888)(cid:887)(cid:3),(cid:884)(cid:884)(cid:3),(cid:886)(cid:887)(cid:884)(cid:3),,,,,,,,,,,,,,,,,,,
(cid:888),(cid:22)(cid:151)(cid:143)(cid:131)(cid:150)(cid:135)(cid:148)(cid:131)(cid:3)(cid:22)(cid:135)(cid:142)(cid:131)(cid:150)(cid:131)(cid:144),(cid:883)(cid:886)(cid:888)(cid:3),(cid:883)(cid:887)(cid:888)(cid:3),(cid:883)(cid:883)(cid:889)(cid:3),(cid:890)(cid:882)(cid:3),(cid:886)(cid:883)(cid:3),(cid:887)(cid:890)(cid:3),(cid:885)(cid:889)(cid:3),(cid:885)(cid:888)(cid:3),(cid:887)(cid:3),(cid:886)(cid:891)(cid:891)(cid:3),(cid:887)(cid:883)(cid:3),(cid:883)(cid:484)(cid:884)(cid:884)(cid:888)(cid:3),,,,,,,,,,,,,,,,,,,
(cid:889),(cid:5)(cid:135)(cid:144)(cid:137)(cid:141)(cid:151)(cid:142)(cid:151),(cid:885)(cid:882)(cid:3),(cid:885)(cid:884)(cid:3),(cid:884)(cid:887)(cid:3),(cid:884)(cid:890)(cid:3),(cid:883)(cid:883)(cid:3),(cid:883)(cid:888)(cid:3),(cid:883)(cid:887)(cid:3),(cid:886)(cid:3),(cid:882)(cid:3),(cid:889)(cid:890)(cid:3),(cid:883)(cid:882)(cid:3),(cid:884)(cid:886)(cid:891)(cid:3),,,,,,,,,,,,,,,,,,,
(cid:890),(cid:15)(cid:131)(cid:143)(cid:146)(cid:151)(cid:144)(cid:137),(cid:891)(cid:885)(cid:3),(cid:883)(cid:883)(cid:886)(cid:3),(cid:890)(cid:883)(cid:3),(cid:888)(cid:888)(cid:3),(cid:886)(cid:882)(cid:3),(cid:887)(cid:884)(cid:3),(cid:885)(cid:889)(cid:3),(cid:883)(cid:886)(cid:3),(cid:886)(cid:3),(cid:884)(cid:891)(cid:890)(cid:3),(cid:884)(cid:886)(cid:3),(cid:890)(cid:884)(cid:885)(cid:3),,,,,,,,,,,,,,,,,,,
(cid:891),(cid:14)(cid:135)(cid:146)(cid:484)(cid:3)(cid:5)(cid:131)(cid:144)(cid:137)(cid:141)(cid:131)(cid:3)(cid:5)(cid:135)(cid:142)(cid:139)(cid:150)(cid:151)(cid:144)(cid:137),(cid:884)(cid:891)(cid:3),(cid:885)(cid:883)(cid:3),(cid:884)(cid:889)(cid:3),(cid:883)(cid:889)(cid:3),(cid:883)(cid:885)(cid:3),(cid:883)(cid:885)(cid:3),(cid:883)(cid:887)(cid:3),(cid:888)(cid:3),(cid:883)(cid:3),(cid:891)(cid:883)(cid:3),(cid:884)(cid:886)(cid:3),(cid:884)(cid:888)(cid:889)(cid:3),,,,,,,,,,,,,,,,,,,
(cid:883)(cid:882),(cid:14)(cid:135)(cid:146)(cid:151)(cid:142)(cid:131)(cid:151)(cid:131)(cid:144)(cid:3)(cid:21)(cid:139)(cid:131)(cid:151),(cid:887)(cid:886)(cid:3),(cid:887)(cid:887)(cid:3),(cid:887)(cid:889)(cid:3),(cid:886)(cid:887)(cid:3),(cid:884)(cid:883)(cid:3),(cid:886)(cid:886)(cid:3),(cid:884)(cid:884)(cid:3),(cid:883)(cid:883)(cid:3),(cid:883)(cid:3),(cid:883)(cid:890)(cid:886)(cid:3),(cid:884)(cid:889)(cid:3),(cid:887)(cid:884)(cid:883)(cid:3),,,,,,,,,,,,,,,,,,,
(cid:883)(cid:883),(cid:7)(cid:14)(cid:12)(cid:3)(cid:13)(cid:131)(cid:141)(cid:131)(cid:148)(cid:150)(cid:131),(cid:889)(cid:882)(cid:891)(cid:3),(cid:888)(cid:888)(cid:888)(cid:3),(cid:889)(cid:882)(cid:884)(cid:3),(cid:884)(cid:891)(cid:889)(cid:3),(cid:884)(cid:891)(cid:885)(cid:3),(cid:886)(cid:889)(cid:890)(cid:3),(cid:884)(cid:882)(cid:886)(cid:3),(cid:883)(cid:883)(cid:885)(cid:3),(cid:885)(cid:882)(cid:3),(cid:885)(cid:484)(cid:888)(cid:887)(cid:886)(cid:3),(cid:889)(cid:885)(cid:882)(cid:3),(cid:889)(cid:484)(cid:890)(cid:889)(cid:888)(cid:3),,,,,,,,,,,,,,,,,,,
(cid:883)(cid:884),(cid:13)(cid:131)(cid:153)(cid:131)(cid:3)(cid:5)(cid:131)(cid:148)(cid:131)(cid:150),(cid:890)(cid:882)(cid:890)(cid:3),(cid:890)(cid:885)(cid:890)(cid:3),(cid:890)(cid:883)(cid:882)(cid:3),(cid:886)(cid:890)(cid:885)(cid:3),(cid:885)(cid:886)(cid:885)(cid:3),(cid:887)(cid:886)(cid:885)(cid:3),(cid:884)(cid:888)(cid:887)(cid:3),(cid:883)(cid:882)(cid:886)(cid:3),(cid:886)(cid:882)(cid:3),(cid:885)(cid:484)(cid:884)(cid:885)(cid:882)(cid:3),(cid:887)(cid:891)(cid:883)(cid:3),(cid:890)(cid:484)(cid:882)(cid:887)(cid:887)(cid:3),,,,,,,,,,,,,,,,,,,
(cid:883)(cid:885),(cid:13)(cid:131)(cid:153)(cid:131)(cid:3)(cid:23)(cid:135)(cid:144)(cid:137)(cid:131)(cid:138),(cid:887)(cid:891)(cid:887)(cid:3),(cid:887)(cid:883)(cid:883)(cid:3),(cid:886)(cid:890)(cid:885)(cid:3),(cid:885)(cid:887)(cid:882)(cid:3),(cid:884)(cid:885)(cid:882)(cid:3),(cid:885)(cid:889)(cid:887)(cid:3),(cid:883)(cid:889)(cid:888)(cid:3),(cid:888)(cid:887)(cid:3),(cid:884)(cid:887)(cid:3),(cid:884)(cid:484)(cid:882)(cid:888)(cid:887)(cid:3),(cid:884)(cid:887)(cid:886)(cid:3),(cid:887)(cid:484)(cid:883)(cid:884)(cid:891)(cid:3),,,,,,,,,,,,,,,,,,,
(cid:883)(cid:886),(cid:7)(cid:12)(cid:3)(cid:28)(cid:145)(cid:137)(cid:155)(cid:131)(cid:141)(cid:131)(cid:148)(cid:150)(cid:131),(cid:883)(cid:885)(cid:889)(cid:3),(cid:891)(cid:889)(cid:3),(cid:883)(cid:882)(cid:885)(cid:3),(cid:889)(cid:891)(cid:3),(cid:887)(cid:891)(cid:3),(cid:889)(cid:889)(cid:3),(cid:887)(cid:882)(cid:3),(cid:883)(cid:890)(cid:3),(cid:884)(cid:3),(cid:889)(cid:886)(cid:882)(cid:3),(cid:884)(cid:882)(cid:885)(cid:3),(cid:883)(cid:484)(cid:887)(cid:888)(cid:887)(cid:3),,,,,,,,,,,,,,,,,,,
(cid:883)(cid:887),(cid:13)(cid:131)(cid:153)(cid:131)(cid:3)(cid:23)(cid:139)(cid:143)(cid:151)(cid:148),(cid:888)(cid:886)(cid:888)(cid:3),(cid:888)(cid:882)(cid:882)(cid:3),(cid:887)(cid:886)(cid:887)(cid:3),(cid:885)(cid:890)(cid:882)(cid:3),(cid:884)(cid:889)(cid:884)(cid:3),(cid:886)(cid:882)(cid:887)(cid:3),(cid:884)(cid:883)(cid:889)(cid:3),(cid:883)(cid:882)(cid:890)(cid:3),(cid:884)(cid:887)(cid:3),(cid:884)(cid:484)(cid:889)(cid:887)(cid:888)(cid:3),(cid:887)(cid:887)(cid:888)(cid:3),(cid:888)(cid:484)(cid:887)(cid:883)(cid:882)(cid:3),,,,,,,,,,,,,,,,,,,
(cid:883)(cid:888),(cid:5)(cid:131)(cid:144)(cid:150)(cid:135)(cid:144),(cid:885)(cid:882)(cid:888)(cid:3),(cid:885)(cid:886)(cid:889)(cid:3),(cid:885)(cid:882)(cid:888)(cid:3),(cid:883)(cid:887)(cid:887)(cid:3),(cid:883)(cid:884)(cid:887)(cid:3),(cid:883)(cid:891)(cid:890)(cid:3),(cid:891)(cid:887)(cid:3),(cid:885)(cid:884)(cid:3),(cid:883)(cid:885)(cid:3),(cid:883)(cid:484)(cid:884)(cid:888)(cid:884)(cid:3),(cid:884)(cid:882)(cid:883)(cid:3),(cid:885)(cid:484)(cid:882)(cid:886)(cid:882)(cid:3),,,,,,,,,,,,,,,,,,,
(cid:883)(cid:889),(cid:5)(cid:131)(cid:142)(cid:139),(cid:883)(cid:888)(cid:883)(cid:3),(cid:883)(cid:889)(cid:889)(cid:3),(cid:883)(cid:886)(cid:890)(cid:3),(cid:883)(cid:884)(cid:886)(cid:3),(cid:887)(cid:883)(cid:3),(cid:883)(cid:883)(cid:882)(cid:3),(cid:885)(cid:891)(cid:3),(cid:885)(cid:885)(cid:3),(cid:886)(cid:3),(cid:890)(cid:883)(cid:886)(cid:3),(cid:888)(cid:888)(cid:3),(cid:883)(cid:484)(cid:889)(cid:884)(cid:889)(cid:3),,,,,,,,,,,,,,,,,,,
(cid:883)(cid:890),(cid:17)(cid:151)(cid:149)(cid:131)(cid:3)(cid:23)(cid:135)(cid:144)(cid:137)(cid:137)(cid:131)(cid:148)(cid:131)(cid:3)(cid:5)(cid:131)(cid:148)(cid:131)(cid:150),(cid:887)(cid:888)(cid:3),(cid:887)(cid:889)(cid:3),(cid:887)(cid:882)(cid:3),(cid:885)(cid:887)(cid:3),(cid:884)(cid:886)(cid:3),(cid:885)(cid:884)(cid:3),(cid:884)(cid:889)(cid:3),(cid:883)(cid:884)(cid:3),(cid:883)(cid:3),(cid:884)(cid:882)(cid:891)(cid:3),(cid:884)(cid:887)(cid:3),(cid:887)(cid:884)(cid:890)(cid:3),,,,,,,,,,,,,,,,,,,
(cid:883)(cid:891),(cid:17)(cid:151)(cid:149)(cid:131)(cid:3)(cid:23)(cid:135)(cid:144)(cid:137)(cid:137)(cid:131)(cid:148)(cid:131)(cid:3)(cid:23)(cid:139)(cid:143)(cid:151)(cid:148),(cid:889)(cid:886)(cid:3),(cid:888)(cid:885)(cid:3),(cid:887)(cid:885)(cid:3),(cid:886)(cid:891)(cid:3),(cid:884)(cid:887)(cid:3),(cid:885)(cid:885)(cid:3),(cid:884)(cid:885)(cid:3),(cid:890)(cid:3),(cid:884)(cid:3),(cid:883)(cid:883)(cid:883)(cid:3),(cid:883)(cid:882)(cid:3),(cid:886)(cid:887)(cid:883)(cid:3),,,,,,,,,,,,,,,,,,,
(cid:884)(cid:882),(cid:14)(cid:131)(cid:142)(cid:139)(cid:143)(cid:131)(cid:144)(cid:150)(cid:131)(cid:144)(cid:3)(cid:5)(cid:131)(cid:148)(cid:131)(cid:150),(cid:888)(cid:884)(cid:3),(cid:887)(cid:891)(cid:3),(cid:887)(cid:883)(cid:3),(cid:886)(cid:890)(cid:3),(cid:884)(cid:887)(cid:3),(cid:885)(cid:889)(cid:3),(cid:883)(cid:891)(cid:3),(cid:888)(cid:3),(cid:884)(cid:3),(cid:883)(cid:890)(cid:885)(cid:3),(cid:885)(cid:884)(cid:3),(cid:887)(cid:884)(cid:886)(cid:3),,,,,,,,,,,,,,,,,,,
(cid:884)(cid:883),(cid:14)(cid:131)(cid:142)(cid:139)(cid:143)(cid:131)(cid:144)(cid:150)(cid:131)(cid:144)(cid:3)(cid:23)(cid:135)(cid:144)(cid:137)(cid:131)(cid:138),(cid:886)(cid:886)(cid:3),(cid:886)(cid:882)(cid:3),(cid:885)(cid:890)(cid:3),(cid:885)(cid:884)(cid:3),(cid:883)(cid:890)(cid:3),(cid:884)(cid:891)(cid:3),(cid:884)(cid:885)(cid:3),(cid:890)(cid:3),(cid:884)(cid:3),(cid:883)(cid:884)(cid:883)(cid:3),(cid:884)(cid:883)(cid:3),(cid:885)(cid:889)(cid:888)(cid:3),,,,,,,,,,,,,,,,,,,
(cid:884)(cid:884),(cid:14)(cid:131)(cid:142)(cid:139)(cid:143)(cid:131)(cid:144)(cid:150)(cid:131)(cid:144)(cid:3)(cid:22)(cid:135)(cid:142)(cid:131)(cid:150)(cid:131)(cid:144),(cid:889)(cid:887)(cid:3),(cid:889)(cid:883)(cid:3),(cid:887)(cid:888)(cid:3),(cid:885)(cid:891)(cid:3),(cid:884)(cid:890)(cid:3),(cid:886)(cid:891)(cid:3),(cid:884)(cid:891)(cid:3),(cid:891)(cid:3),(cid:883)(cid:3),(cid:884)(cid:891)(cid:888)(cid:3),(cid:886)(cid:889)(cid:3),(cid:889)(cid:882)(cid:882)(cid:3),,,,,,,,,,,,,,,,,,,
(cid:884)(cid:885),(cid:14)(cid:131)(cid:142)(cid:139)(cid:143)(cid:131)(cid:144)(cid:150)(cid:131)(cid:144)(cid:3)(cid:23)(cid:139)(cid:143)(cid:151)(cid:148),(cid:890)(cid:889)(cid:3),(cid:891)(cid:885)(cid:3),(cid:890)(cid:891)(cid:3),(cid:887)(cid:883)(cid:3),(cid:885)(cid:885)(cid:3),(cid:889)(cid:884)(cid:3),(cid:885)(cid:884)(cid:3),(cid:883)(cid:889)(cid:3),(cid:885)(cid:3),(cid:885)(cid:887)(cid:891)(cid:3),(cid:888)(cid:890)(cid:3),(cid:891)(cid:882)(cid:886)(cid:3),,,,,,,,,,,,,,,,,,,
(cid:884)(cid:886),(cid:14)(cid:131)(cid:142)(cid:139)(cid:143)(cid:131)(cid:144)(cid:150)(cid:131)(cid:144)(cid:3)(cid:24)(cid:150)(cid:131)(cid:148)(cid:131),(cid:883)(cid:889)(cid:3),(cid:883)(cid:890)(cid:3),(cid:883)(cid:891)(cid:3),(cid:883)(cid:886)(cid:3),(cid:889)(cid:3),(cid:883)(cid:882)(cid:3),(cid:889)(cid:3),(cid:884)(cid:3),(cid:883)(cid:3),(cid:887)(cid:885)(cid:3),(cid:883)(cid:886)(cid:3),(cid:883)(cid:888)(cid:884)(cid:3),,,,,,,,,,,,,,,,,,,
(cid:884)(cid:887),(cid:22)(cid:151)(cid:142)(cid:131)(cid:153)(cid:135)(cid:149)(cid:139)(cid:3)(cid:24)(cid:150)(cid:131)(cid:148)(cid:131),(cid:891)(cid:890)(cid:3),(cid:888)(cid:891)(cid:3),(cid:888)(cid:891)(cid:3),(cid:887)(cid:882)(cid:3),(cid:884)(cid:886)(cid:3),(cid:886)(cid:885)(cid:3),(cid:883)(cid:888)(cid:3),(cid:888)(cid:3),(cid:884)(cid:3),(cid:884)(cid:888)(cid:890)(cid:3),(cid:883)(cid:887)(cid:3),(cid:888)(cid:888)(cid:882)(cid:3),,,,,,,,,,,,,,,,,,,
(cid:884)(cid:888),(cid:22)(cid:151)(cid:142)(cid:131)(cid:153)(cid:135)(cid:149)(cid:139)(cid:3)(cid:23)(cid:135)(cid:144)(cid:137)(cid:131)(cid:138),(cid:886)(cid:889)(cid:3),(cid:886)(cid:885)(cid:3),(cid:885)(cid:890)(cid:3),(cid:885)(cid:883)(cid:3),(cid:884)(cid:884)(cid:3),(cid:884)(cid:884)(cid:3),(cid:883)(cid:885)(cid:3),(cid:887)(cid:3),(cid:883)(cid:3),(cid:883)(cid:882)(cid:890)(cid:3),(cid:883)(cid:884)(cid:3),(cid:885)(cid:886)(cid:884)(cid:3),,,,,,,,,,,,,,,,,,,
(cid:884)(cid:889),(cid:22)(cid:151)(cid:142)(cid:131)(cid:153)(cid:135)(cid:149)(cid:139)(cid:3)(cid:22)(cid:135)(cid:142)(cid:131)(cid:150)(cid:131)(cid:144),(cid:883)(cid:891)(cid:883)(cid:3),(cid:883)(cid:889)(cid:884)(cid:3),(cid:883)(cid:886)(cid:886)(cid:3),(cid:883)(cid:884)(cid:887)(cid:3),(cid:891)(cid:889)(cid:3),(cid:883)(cid:882)(cid:885)(cid:3),(cid:890)(cid:883)(cid:3),(cid:885)(cid:890)(cid:3),(cid:886)(cid:3),(cid:889)(cid:889)(cid:890)(cid:3),(cid:883)(cid:886)(cid:884)(cid:3),(cid:883)(cid:484)(cid:890)(cid:889)(cid:887)(cid:3),,,,,,,,,,,,,,,,,,,
(cid:884)(cid:890),(cid:22)(cid:151)(cid:142)(cid:131)(cid:153)(cid:135)(cid:149)(cid:139)(cid:3)(cid:23)(cid:135)(cid:144)(cid:137)(cid:137)(cid:131)(cid:148)(cid:131),(cid:885)(cid:891)(cid:3),(cid:885)(cid:887)(cid:3),(cid:885)(cid:884)(cid:3),(cid:884)(cid:885)(cid:3),(cid:883)(cid:889)(cid:3),(cid:884)(cid:888)(cid:3),(cid:883)(cid:889)(cid:3),(cid:884)(cid:3),(cid:882)(cid:3),(cid:883)(cid:883)(cid:887)(cid:3),(cid:884)(cid:888)(cid:3),(cid:885)(cid:885)(cid:884)(cid:3),,,,,,,,,,,,,,,,,,,
(cid:884)(cid:891),(cid:10)(cid:145)(cid:148)(cid:145)(cid:144)(cid:150)(cid:131)(cid:142)(cid:145),(cid:884)(cid:887)(cid:3),(cid:883)(cid:891)(cid:3),(cid:883)(cid:889)(cid:3),(cid:883)(cid:885)(cid:3),(cid:883)(cid:882)(cid:3),(cid:883)(cid:884)(cid:3),(cid:890)(cid:3),(cid:886)(cid:3),(cid:883)(cid:3),(cid:889)(cid:883)(cid:3),(cid:887)(cid:3),(cid:883)(cid:890)(cid:887)(cid:3),,,,,,,,,,,,,,,,,,,
(cid:885)(cid:882),(cid:22)(cid:151)(cid:142)(cid:131)(cid:153)(cid:135)(cid:149)(cid:139)(cid:3)(cid:5)(cid:131)(cid:148)(cid:131)(cid:150),(cid:883)(cid:886)(cid:3),(cid:883)(cid:885)(cid:3),(cid:883)(cid:886)(cid:3),(cid:883)(cid:884)(cid:3),(cid:890)(cid:3),(cid:883)(cid:885)(cid:3),(cid:891)(cid:3),(cid:883)(cid:3),(cid:882)(cid:3),(cid:887)(cid:884)(cid:3),(cid:883)(cid:885)(cid:3),(cid:883)(cid:886)(cid:891)(cid:3),,,,,,,,,,,,,,,,,,,
(cid:885)(cid:883),(cid:16)(cid:131)(cid:142)(cid:151)(cid:141)(cid:151),(cid:884)(cid:885)(cid:3),(cid:884)(cid:883)(cid:3),(cid:883)(cid:891)(cid:3),(cid:884)(cid:883)(cid:3),(cid:883)(cid:882)(cid:3),(cid:883)(cid:887)(cid:3),(cid:883)(cid:887)(cid:3),(cid:888)(cid:3),(cid:882)(cid:3),(cid:888)(cid:884)(cid:3),(cid:890)(cid:3),(cid:884)(cid:882)(cid:882)(cid:3),,,,,,,,,,,,,,,,,,,
(cid:885)(cid:884),(cid:16)(cid:131)(cid:142)(cid:151)(cid:141)(cid:151)(cid:3)(cid:24)(cid:150)(cid:131)(cid:148)(cid:131),(cid:884)(cid:885)(cid:3),(cid:883)(cid:890)(cid:3),(cid:884)(cid:883)(cid:3),(cid:883)(cid:891)(cid:3),(cid:889)(cid:3),(cid:883)(cid:884)(cid:3),(cid:889)(cid:3),(cid:883)(cid:3),(cid:882)(cid:3),(cid:887)(cid:882)(cid:3),(cid:890)(cid:3),(cid:883)(cid:888)(cid:888)(cid:3),,,,,,,,,,,,,,,,,,,
(cid:885)(cid:885),(cid:19)(cid:131)(cid:146)(cid:151)(cid:131),(cid:884)(cid:886)(cid:3),(cid:884)(cid:884)(cid:3),(cid:883)(cid:889)(cid:3),(cid:884)(cid:888)(cid:3),(cid:891)(cid:3),(cid:883)(cid:886)(cid:3),(cid:891)(cid:3),(cid:883)(cid:3),(cid:882)(cid:3),(cid:889)(cid:890)(cid:3),(cid:890)(cid:3),(cid:884)(cid:882)(cid:890)(cid:3),,,,,,,,,,,,,,,,,,,
(cid:885)(cid:886),(cid:19)(cid:131)(cid:146)(cid:151)(cid:131)(cid:3)(cid:5)(cid:131)(cid:148)(cid:131)(cid:150),(cid:883)(cid:885)(cid:3),(cid:883)(cid:886)(cid:3),(cid:883)(cid:883)(cid:3),(cid:883)(cid:883)(cid:3),(cid:887)(cid:3),(cid:889)(cid:3),(cid:886)(cid:3),(cid:883)(cid:3),(cid:882)(cid:3),(cid:883)(cid:886)(cid:3),(cid:883)(cid:3),(cid:890)(cid:883)(cid:3),,,,,,,,,,,,,,,,,,,
(cid:885)(cid:887),(cid:19)(cid:131)(cid:146)(cid:151)(cid:131)(cid:3)(cid:22)(cid:135)(cid:142)(cid:131)(cid:150)(cid:131)(cid:144),(cid:889)(cid:3),(cid:888)(cid:3),(cid:888)(cid:3),(cid:890)(cid:3),(cid:884)(cid:3),(cid:886)(cid:3),(cid:887)(cid:3),(cid:883)(cid:3),(cid:882)(cid:3),(cid:883)(cid:885)(cid:3),(cid:886)(cid:3),(cid:887)(cid:888)(cid:3),,,,,,,,,,,,,,,,,,,
(cid:885)(cid:888),(cid:19)(cid:131)(cid:146)(cid:151)(cid:131)(cid:3)(cid:23)(cid:135)(cid:144)(cid:137)(cid:131)(cid:138),(cid:883)(cid:883)(cid:3),(cid:883)(cid:882)(cid:3),(cid:883)(cid:885)(cid:3),(cid:891)(cid:3),(cid:886)(cid:3),(cid:889)(cid:3),(cid:888)(cid:3),(cid:883)(cid:3),(cid:882)(cid:3),(cid:883)(cid:889)(cid:3),(cid:884)(cid:3),(cid:890)(cid:882)(cid:3),,,,,,,,,,,,,,,,,,,
(cid:885)(cid:889) (cid:19)(cid:131)(cid:146)(cid:151)(cid:131)(cid:3)(cid:19)(cid:135)(cid:137)(cid:151)(cid:144)(cid:151)(cid:144)(cid:137)(cid:131)(cid:144) Indonesia (cid:885)(cid:890) (cid:19)(cid:131)(cid:146)(cid:151)(cid:131)(cid:3)(cid:5)(cid:131)(cid:148)(cid:131)(cid:150)(cid:3)(cid:7)(cid:131)(cid:155)(cid:131),,(cid:885)(cid:3) 5.402 (cid:883)(cid:884)(cid:3),(cid:887)(cid:3) 5.167 (cid:883)(cid:885)(cid:3),(cid:885)(cid:3) 4.781 (cid:883)(cid:882)(cid:3),(cid:886)(cid:3) 3.162 (cid:891)(cid:3),(cid:885)(cid:3) 2.061 (cid:886)(cid:3),(cid:886)(cid:3) 3.288 (cid:887)(cid:3),(cid:884)(cid:3) 1.790 (cid:885)(cid:3),(cid:882)(cid:3) 793 (cid:884)(cid:3),(cid:883)(cid:3) 191 (cid:882)(cid:3),(cid:889)(cid:3) 21.131 (cid:884)(cid:882)(cid:3),(cid:882)(cid:3) 3.435 (cid:884)(cid:3),(cid:885)(cid:884)(cid:3) 51.201 (cid:890)(cid:882)(cid:3),,,,,,,,,,,,,,,,,,,
No,Provinsi,Persentase Puskesmas dengan Kecukupan Dokter,,,Persentase Puskesmas dengan Kecukupan Dokter Gigi,,,Persentase Puskesmas dengan Kecukupan Perawat,,,Persentase Puskesmas dengan Kecukupan Bidan,,,,,,,,,,,,,,,,,,,,,
,,Cukup,Kurang,Lebih,Cukup,Kurang,Lebih,Cukup,Kurang,Lebih,Cukup,Kurang,Lebih,,,,,,,,,,,,,,,,,,,
(1),(2),(3),(4),(5),(6),(7),(8),(9),(10),(11),(12),(13),(14),,,,,,,,,,,,,,,,,,,
(cid:883),(cid:4)(cid:133)(cid:135)(cid:138),(cid:883)(cid:888)(cid:481)(cid:884)(cid:936),(cid:886)(cid:481)(cid:889)(cid:936),(cid:889)(cid:891)(cid:481)(cid:884)(cid:936),(cid:888)(cid:886)(cid:481)(cid:889)(cid:936),(cid:883)(cid:884)(cid:481)(cid:891)(cid:936),(cid:884)(cid:884)(cid:481)(cid:887)(cid:936),(cid:882)(cid:481)(cid:888)(cid:936),(cid:884)(cid:481)(cid:884)(cid:936),(cid:891)(cid:889)(cid:481)(cid:885)(cid:936),(cid:882)(cid:481)(cid:882)(cid:936),(cid:882)(cid:481)(cid:882)(cid:936),(cid:883)(cid:882)(cid:882)(cid:481)(cid:882)(cid:936),,,,,,,,,,,,,,,,,,,
(cid:884),(cid:22)(cid:151)(cid:143)(cid:131)(cid:150)(cid:135)(cid:148)(cid:131)(cid:3)(cid:24)(cid:150)(cid:131)(cid:148)(cid:131),(cid:884)(cid:882)(cid:481)(cid:885)(cid:936),(cid:885)(cid:481)(cid:883)(cid:936),(cid:889)(cid:888)(cid:481)(cid:888)(cid:936),(cid:887)(cid:882)(cid:481)(cid:889)(cid:936),(cid:884)(cid:887)(cid:481)(cid:889)(cid:936),(cid:884)(cid:885)(cid:481)(cid:889)(cid:936),(cid:888)(cid:481)(cid:885)(cid:936),(cid:883)(cid:887)(cid:481)(cid:883)(cid:936),(cid:889)(cid:890)(cid:481)(cid:888)(cid:936),(cid:882)(cid:481)(cid:885)(cid:936),(cid:883)(cid:481)(cid:885)(cid:936),(cid:891)(cid:890)(cid:481)(cid:886)(cid:936),,,,,,,,,,,,,,,,,,,
(cid:885),(cid:22)(cid:151)(cid:143)(cid:131)(cid:150)(cid:135)(cid:148)(cid:131)(cid:3)(cid:5)(cid:131)(cid:148)(cid:131)(cid:150),(cid:884)(cid:889)(cid:481)(cid:891)(cid:936),(cid:887)(cid:481)(cid:882)(cid:936),(cid:888)(cid:889)(cid:481)(cid:883)(cid:936),(cid:888)(cid:883)(cid:481)(cid:886)(cid:936),(cid:889)(cid:481)(cid:883)(cid:936),(cid:885)(cid:883)(cid:481)(cid:886)(cid:936),(cid:887)(cid:481)(cid:886)(cid:936),(cid:883)(cid:885)(cid:481)(cid:891)(cid:936),(cid:890)(cid:882)(cid:481)(cid:889)(cid:936),(cid:882)(cid:481)(cid:886)(cid:936),(cid:882)(cid:481)(cid:882)(cid:936),(cid:891)(cid:891)(cid:481)(cid:888)(cid:936),,,,,,,,,,,,,,,,,,,
(cid:886),(cid:21)(cid:139)(cid:131)(cid:151),(cid:883)(cid:882)(cid:481)(cid:887)(cid:936),(cid:885)(cid:481)(cid:890)(cid:936),(cid:890)(cid:887)(cid:481)(cid:890)(cid:936),(cid:886)(cid:886)(cid:481)(cid:886)(cid:936),(cid:883)(cid:885)(cid:481)(cid:886)(cid:936),(cid:886)(cid:884)(cid:481)(cid:885)(cid:936),(cid:884)(cid:481)(cid:891)(cid:936),(cid:886)(cid:481)(cid:884)(cid:936),(cid:891)(cid:884)(cid:481)(cid:891)(cid:936),(cid:882)(cid:481)(cid:890)(cid:936),(cid:882)(cid:481)(cid:886)(cid:936),(cid:891)(cid:890)(cid:481)(cid:889)(cid:936),,,,,,,,,,,,,,,,,,,
(cid:887),(cid:13)(cid:131)(cid:143)(cid:132)(cid:139),(cid:884)(cid:891)(cid:481)(cid:885)(cid:936),(cid:888)(cid:481)(cid:889)(cid:936),(cid:888)(cid:885)(cid:481)(cid:891)(cid:936),(cid:888)(cid:889)(cid:481)(cid:885)(cid:936),(cid:884)(cid:885)(cid:481)(cid:888)(cid:936),(cid:891)(cid:481)(cid:883)(cid:936),(cid:886)(cid:481)(cid:885)(cid:936),(cid:885)(cid:481)(cid:886)(cid:936),(cid:891)(cid:884)(cid:481)(cid:885)(cid:936),(cid:882)(cid:481)(cid:882)(cid:936),(cid:882)(cid:481)(cid:882)(cid:936),(cid:883)(cid:882)(cid:882)(cid:481)(cid:882)(cid:936),,,,,,,,,,,,,,,,,,,
(cid:888),(cid:22)(cid:151)(cid:143)(cid:131)(cid:150)(cid:135)(cid:148)(cid:131)(cid:3)(cid:22)(cid:135)(cid:142)(cid:131)(cid:150)(cid:131)(cid:144),(cid:885)(cid:882)(cid:481)(cid:885)(cid:936),(cid:883)(cid:883)(cid:481)(cid:883)(cid:936),(cid:887)(cid:890)(cid:481)(cid:888)(cid:936),(cid:887)(cid:886)(cid:481)(cid:882)(cid:936),(cid:885)(cid:891)(cid:481)(cid:883)(cid:936),(cid:888)(cid:481)(cid:891)(cid:936),(cid:883)(cid:481)(cid:889)(cid:936),(cid:885)(cid:481)(cid:886)(cid:936),(cid:891)(cid:886)(cid:481)(cid:891)(cid:936),(cid:882)(cid:481)(cid:882)(cid:936),(cid:882)(cid:481)(cid:885)(cid:936),(cid:891)(cid:891)(cid:481)(cid:889)(cid:936),,,,,,,,,,,,,,,,,,,
(cid:889),(cid:5)(cid:135)(cid:144)(cid:137)(cid:141)(cid:151)(cid:142)(cid:151),(cid:886)(cid:884)(cid:481)(cid:887)(cid:936),(cid:883)(cid:882)(cid:481)(cid:888)(cid:936),(cid:886)(cid:888)(cid:481)(cid:891)(cid:936),(cid:887)(cid:885)(cid:481)(cid:888)(cid:936),(cid:886)(cid:886)(cid:481)(cid:883)(cid:936),(cid:884)(cid:481)(cid:884)(cid:936),(cid:886)(cid:481)(cid:887)(cid:936),(cid:887)(cid:481)(cid:882)(cid:936),(cid:891)(cid:882)(cid:481)(cid:887)(cid:936),(cid:882)(cid:481)(cid:882)(cid:936),(cid:882)(cid:481)(cid:882)(cid:936),(cid:883)(cid:882)(cid:882)(cid:481)(cid:882)(cid:936),,,,,,,,,,,,,,,,,,,
(cid:890),(cid:15)(cid:131)(cid:143)(cid:146)(cid:151)(cid:144)(cid:137),(cid:884)(cid:885)(cid:481)(cid:886)(cid:936),(cid:886)(cid:481)(cid:889)(cid:936),(cid:889)(cid:883)(cid:481)(cid:891)(cid:936),(cid:885)(cid:887)(cid:481)(cid:888)(cid:936),(cid:887)(cid:888)(cid:481)(cid:885)(cid:936),(cid:890)(cid:481)(cid:883)(cid:936),(cid:887)(cid:481)(cid:882)(cid:936),(cid:886)(cid:481)(cid:883)(cid:936),(cid:891)(cid:882)(cid:481)(cid:891)(cid:936),(cid:882)(cid:481)(cid:882)(cid:936),(cid:882)(cid:481)(cid:888)(cid:936),(cid:891)(cid:891)(cid:481)(cid:886)(cid:936),,,,,,,,,,,,,,,,,,,
(cid:891),(cid:14)(cid:135)(cid:146)(cid:484)(cid:3)(cid:5)(cid:131)(cid:144)(cid:137)(cid:141)(cid:131)(cid:3)(cid:5)(cid:135)(cid:142)(cid:139)(cid:150)(cid:151)(cid:144)(cid:137),(cid:883)(cid:886)(cid:481)(cid:883)(cid:936),(cid:885)(cid:481)(cid:883)(cid:936),(cid:890)(cid:884)(cid:481)(cid:890)(cid:936),(cid:889)(cid:888)(cid:481)(cid:888)(cid:936),(cid:889)(cid:481)(cid:890)(cid:936),(cid:883)(cid:887)(cid:481)(cid:888)(cid:936),(cid:885)(cid:481)(cid:883)(cid:936),(cid:885)(cid:481)(cid:883)(cid:936),(cid:891)(cid:885)(cid:481)(cid:890)(cid:936),(cid:882)(cid:481)(cid:882)(cid:936),(cid:883)(cid:481)(cid:888)(cid:936),(cid:891)(cid:890)(cid:481)(cid:886)(cid:936),,,,,,,,,,,,,,,,,,,
(cid:883)(cid:882),(cid:14)(cid:135)(cid:146)(cid:151)(cid:142)(cid:131)(cid:151)(cid:131)(cid:144)(cid:3)(cid:21)(cid:139)(cid:131)(cid:151),(cid:883)(cid:889)(cid:481)(cid:889)(cid:936),(cid:887)(cid:481)(cid:884)(cid:936),(cid:889)(cid:889)(cid:481)(cid:883)(cid:936),(cid:887)(cid:884)(cid:481)(cid:883)(cid:936),(cid:883)(cid:888)(cid:481)(cid:889)(cid:936),(cid:885)(cid:883)(cid:481)(cid:885)(cid:936),(cid:886)(cid:481)(cid:884)(cid:936),(cid:885)(cid:481)(cid:883)(cid:936),(cid:891)(cid:884)(cid:481)(cid:889)(cid:936),(cid:885)(cid:481)(cid:883)(cid:936),(cid:883)(cid:481)(cid:882)(cid:936),(cid:891)(cid:887)(cid:481)(cid:890)(cid:936),,,,,,,,,,,,,,,,,,,
(cid:883)(cid:883),(cid:7)(cid:14)(cid:12)(cid:3)(cid:13)(cid:131)(cid:141)(cid:131)(cid:148)(cid:150)(cid:131),(cid:882)(cid:481)(cid:882)(cid:936),(cid:882)(cid:481)(cid:882)(cid:936),(cid:883)(cid:882)(cid:882)(cid:481)(cid:882)(cid:936),(cid:884)(cid:481)(cid:885)(cid:936),(cid:882)(cid:481)(cid:882)(cid:936),(cid:891)(cid:889)(cid:481)(cid:889)(cid:936),(cid:882)(cid:481)(cid:882)(cid:936),(cid:882)(cid:481)(cid:882)(cid:936),(cid:883)(cid:882)(cid:882)(cid:481)(cid:882)(cid:936),(cid:882)(cid:481)(cid:882)(cid:936),(cid:882)(cid:481)(cid:882)(cid:936),(cid:883)(cid:882)(cid:882)(cid:481)(cid:882)(cid:936),,,,,,,,,,,,,,,,,,,
(cid:883)(cid:884),(cid:13)(cid:131)(cid:153)(cid:131)(cid:3)(cid:5)(cid:131)(cid:148)(cid:131)(cid:150),(cid:884)(cid:884)(cid:481)(cid:890)(cid:936),(cid:883)(cid:481)(cid:891)(cid:936),(cid:889)(cid:887)(cid:481)(cid:885)(cid:936),(cid:888)(cid:884)(cid:481)(cid:884)(cid:936),(cid:884)(cid:886)(cid:481)(cid:887)(cid:936),(cid:883)(cid:885)(cid:481)(cid:886)(cid:936),(cid:883)(cid:882)(cid:481)(cid:882)(cid:936),(cid:883)(cid:891)(cid:481)(cid:888)(cid:936),(cid:889)(cid:882)(cid:481)(cid:887)(cid:936),(cid:887)(cid:481)(cid:891)(cid:936),(cid:885)(cid:481)(cid:887)(cid:936),(cid:891)(cid:882)(cid:481)(cid:888)(cid:936),,,,,,,,,,,,,,,,,,,
(cid:883)(cid:885),(cid:13)(cid:131)(cid:153)(cid:131)(cid:3)(cid:23)(cid:135)(cid:144)(cid:137)(cid:131)(cid:138),(cid:883)(cid:888)(cid:481)(cid:888)(cid:936),(cid:883)(cid:481)(cid:885)(cid:936),(cid:890)(cid:884)(cid:481)(cid:884)(cid:936),(cid:889)(cid:888)(cid:481)(cid:884)(cid:936),(cid:889)(cid:481)(cid:886)(cid:936),(cid:883)(cid:888)(cid:481)(cid:887)(cid:936),(cid:888)(cid:481)(cid:887)(cid:936),(cid:886)(cid:481)(cid:887)(cid:936),(cid:890)(cid:891)(cid:481)(cid:882)(cid:936),(cid:882)(cid:481)(cid:885)(cid:936),(cid:882)(cid:481)(cid:887)(cid:936),(cid:891)(cid:891)(cid:481)(cid:884)(cid:936),,,,,,,,,,,,,,,,,,,
(cid:883)(cid:886),(cid:7)(cid:12)(cid:3)(cid:28)(cid:145)(cid:137)(cid:155)(cid:131)(cid:141)(cid:131)(cid:148)(cid:150)(cid:131),(cid:890)(cid:481)(cid:885)(cid:936),(cid:882)(cid:481)(cid:890)(cid:936),(cid:891)(cid:882)(cid:481)(cid:891)(cid:936),(cid:887)(cid:884)(cid:481)(cid:891)(cid:936),(cid:882)(cid:481)(cid:882)(cid:936),(cid:886)(cid:889)(cid:481)(cid:883)(cid:936),(cid:883)(cid:890)(cid:481)(cid:884)(cid:936),(cid:883)(cid:886)(cid:481)(cid:891)(cid:936),(cid:888)(cid:888)(cid:481)(cid:891)(cid:936),(cid:891)(cid:481)(cid:891)(cid:936),(cid:891)(cid:481)(cid:891)(cid:936),(cid:890)(cid:882)(cid:481)(cid:884)(cid:936),,,,,,,,,,,,,,,,,,,
(cid:883)(cid:887),(cid:13)(cid:131)(cid:153)(cid:131)(cid:3)(cid:23)(cid:139)(cid:143)(cid:151)(cid:148),(cid:885)(cid:886)(cid:481)(cid:886)(cid:936),(cid:889)(cid:481)(cid:887)(cid:936),(cid:887)(cid:890)(cid:481)(cid:883)(cid:936),(cid:888)(cid:890)(cid:481)(cid:888)(cid:936),(cid:888)(cid:481)(cid:883)(cid:936),(cid:884)(cid:887)(cid:481)(cid:885)(cid:936),(cid:885)(cid:481)(cid:886)(cid:936),(cid:883)(cid:481)(cid:887)(cid:936),(cid:891)(cid:887)(cid:481)(cid:883)(cid:936),(cid:882)(cid:481)(cid:887)(cid:936),(cid:882)(cid:481)(cid:885)(cid:936),(cid:891)(cid:891)(cid:481)(cid:884)(cid:936),,,,,,,,,,,,,,,,,,,
(cid:883)(cid:888),(cid:5)(cid:131)(cid:144)(cid:150)(cid:135)(cid:144),(cid:883)(cid:883)(cid:481)(cid:887)(cid:936),(cid:884)(cid:481)(cid:890)(cid:936),(cid:890)(cid:887)(cid:481)(cid:890)(cid:936),(cid:886)(cid:886)(cid:481)(cid:885)(cid:936),(cid:883)(cid:886)(cid:481)(cid:888)(cid:936),(cid:886)(cid:883)(cid:481)(cid:883)(cid:936),(cid:883)(cid:882)(cid:481)(cid:885)(cid:936),(cid:889)(cid:481)(cid:891)(cid:936),(cid:890)(cid:883)(cid:481)(cid:890)(cid:936),(cid:882)(cid:481)(cid:890)(cid:936),(cid:883)(cid:481)(cid:884)(cid:936),(cid:891)(cid:890)(cid:481)(cid:882)(cid:936),,,,,,,,,,,,,,,,,,,
(cid:883)(cid:889),(cid:5)(cid:131)(cid:142)(cid:139),(cid:886)(cid:481)(cid:884)(cid:936),(cid:882)(cid:481)(cid:882)(cid:936),(cid:891)(cid:887)(cid:481)(cid:890)(cid:936),(cid:885)(cid:884)(cid:481)(cid:887)(cid:936),(cid:882)(cid:481)(cid:890)(cid:936),(cid:888)(cid:888)(cid:481)(cid:889)(cid:936),(cid:884)(cid:481)(cid:887)(cid:936),(cid:882)(cid:481)(cid:882)(cid:936),(cid:891)(cid:889)(cid:481)(cid:887)(cid:936),(cid:882)(cid:481)(cid:882)(cid:936),(cid:882)(cid:481)(cid:882)(cid:936),(cid:883)(cid:882)(cid:882)(cid:481)(cid:882)(cid:936),,,,,,,,,,,,,,,,,,,
(cid:883)(cid:890),(cid:17)(cid:151)(cid:149)(cid:131)(cid:3)(cid:23)(cid:135)(cid:144)(cid:137)(cid:137)(cid:131)(cid:148)(cid:131)(cid:3)(cid:5)(cid:131)(cid:148)(cid:131)(cid:150),(cid:884)(cid:884)(cid:481)(cid:889)(cid:936),(cid:891)(cid:481)(cid:883)(cid:936),(cid:888)(cid:890)(cid:481)(cid:884)(cid:936),(cid:889)(cid:884)(cid:481)(cid:889)(cid:936),(cid:883)(cid:887)(cid:481)(cid:885)(cid:936),(cid:883)(cid:883)(cid:481)(cid:891)(cid:936),(cid:882)(cid:481)(cid:882)(cid:936),(cid:882)(cid:481)(cid:882)(cid:936),(cid:883)(cid:882)(cid:882)(cid:481)(cid:882)(cid:936),(cid:882)(cid:481)(cid:882)(cid:936),(cid:882)(cid:481)(cid:882)(cid:936),(cid:883)(cid:882)(cid:882)(cid:481)(cid:882)(cid:936),,,,,,,,,,,,,,,,,,,
(cid:883)(cid:891),(cid:17)(cid:151)(cid:149)(cid:131)(cid:3)(cid:23)(cid:135)(cid:144)(cid:137)(cid:137)(cid:131)(cid:148)(cid:131)(cid:3)(cid:23)(cid:139)(cid:143)(cid:151)(cid:148),(cid:886)(cid:890)(cid:481)(cid:884)(cid:936),(cid:885)(cid:882)(cid:481)(cid:889)(cid:936),(cid:884)(cid:883)(cid:481)(cid:884)(cid:936),(cid:885)(cid:884)(cid:481)(cid:885)(cid:936),(cid:888)(cid:886)(cid:481)(cid:885)(cid:936),(cid:885)(cid:481)(cid:887)(cid:936),(cid:882)(cid:481)(cid:884)(cid:936),(cid:882)(cid:481)(cid:887)(cid:936),(cid:891)(cid:891)(cid:481)(cid:885)(cid:936),(cid:882)(cid:481)(cid:882)(cid:936),(cid:882)(cid:481)(cid:887)(cid:936),(cid:891)(cid:891)(cid:481)(cid:887)(cid:936),,,,,,,,,,,,,,,,,,,
(cid:884)(cid:882),(cid:14)(cid:131)(cid:142)(cid:139)(cid:143)(cid:131)(cid:144)(cid:150)(cid:131)(cid:144)(cid:3)(cid:5)(cid:131)(cid:148)(cid:131)(cid:150),(cid:886)(cid:882)(cid:481)(cid:884)(cid:936),(cid:883)(cid:891)(cid:481)(cid:885)(cid:936),(cid:886)(cid:882)(cid:481)(cid:888)(cid:936),(cid:887)(cid:883)(cid:481)(cid:890)(cid:936),(cid:886)(cid:888)(cid:481)(cid:884)(cid:936),(cid:884)(cid:481)(cid:882)(cid:936),(cid:885)(cid:481)(cid:884)(cid:936),(cid:888)(cid:481)(cid:882)(cid:936),(cid:891)(cid:882)(cid:481)(cid:890)(cid:936),(cid:884)(cid:481)(cid:890)(cid:936),(cid:884)(cid:481)(cid:882)(cid:936),(cid:891)(cid:887)(cid:481)(cid:884)(cid:936),,,,,,,,,,,,,,,,,,,
(cid:884)(cid:883),(cid:14)(cid:131)(cid:142)(cid:139)(cid:143)(cid:131)(cid:144)(cid:150)(cid:131)(cid:144)(cid:3)(cid:23)(cid:135)(cid:144)(cid:137)(cid:131)(cid:138),(cid:885)(cid:887)(cid:481)(cid:885)(cid:936),(cid:884)(cid:888)(cid:481)(cid:887)(cid:936),(cid:885)(cid:890)(cid:481)(cid:884)(cid:936),(cid:886)(cid:887)(cid:481)(cid:888)(cid:936),(cid:886)(cid:890)(cid:481)(cid:882)(cid:936),(cid:888)(cid:481)(cid:886)(cid:936),(cid:883)(cid:481)(cid:887)(cid:936),(cid:882)(cid:481)(cid:887)(cid:936),(cid:891)(cid:890)(cid:481)(cid:882)(cid:936),(cid:882)(cid:481)(cid:882)(cid:936),(cid:882)(cid:481)(cid:887)(cid:936),(cid:891)(cid:891)(cid:481)(cid:887)(cid:936),,,,,,,,,,,,,,,,,,,
(cid:884)(cid:884),(cid:14)(cid:131)(cid:142)(cid:139)(cid:143)(cid:131)(cid:144)(cid:150)(cid:131)(cid:144)(cid:3)(cid:22)(cid:135)(cid:142)(cid:131)(cid:150)(cid:131)(cid:144),(cid:885)(cid:888)(cid:481)(cid:887)(cid:936),(cid:888)(cid:481)(cid:888)(cid:936),(cid:887)(cid:888)(cid:481)(cid:891)(cid:936),(cid:889)(cid:891)(cid:481)(cid:885)(cid:936),(cid:889)(cid:481)(cid:887)(cid:936),(cid:883)(cid:885)(cid:481)(cid:885)(cid:936),(cid:887)(cid:481)(cid:886)(cid:936),(cid:888)(cid:481)(cid:888)(cid:936),(cid:890)(cid:890)(cid:481)(cid:882)(cid:936),(cid:883)(cid:481)(cid:889)(cid:936),(cid:882)(cid:481)(cid:890)(cid:936),(cid:891)(cid:889)(cid:481)(cid:887)(cid:936),,,,,,,,,,,,,,,,,,,
(cid:884)(cid:885),(cid:14)(cid:131)(cid:142)(cid:139)(cid:143)(cid:131)(cid:144)(cid:150)(cid:131)(cid:144)(cid:3)(cid:23)(cid:139)(cid:143)(cid:151)(cid:148),(cid:884)(cid:888)(cid:481)(cid:888)(cid:936),(cid:883)(cid:887)(cid:481)(cid:886)(cid:936),(cid:887)(cid:890)(cid:481)(cid:882)(cid:936),(cid:887)(cid:884)(cid:481)(cid:883)(cid:936),(cid:883)(cid:890)(cid:481)(cid:888)(cid:936),(cid:884)(cid:891)(cid:481)(cid:885)(cid:936),(cid:886)(cid:481)(cid:890)(cid:936),(cid:883)(cid:883)(cid:481)(cid:884)(cid:936),(cid:890)(cid:886)(cid:481)(cid:882)(cid:936),(cid:886)(cid:481)(cid:885)(cid:936),(cid:889)(cid:481)(cid:887)(cid:936),(cid:890)(cid:890)(cid:481)(cid:885)(cid:936),,,,,,,,,,,,,,,,,,,
(cid:884)(cid:886),(cid:14)(cid:131)(cid:142)(cid:139)(cid:143)(cid:131)(cid:144)(cid:150)(cid:131)(cid:144)(cid:3)(cid:24)(cid:150)(cid:131)(cid:148)(cid:131),(cid:885)(cid:888)(cid:481)(cid:884)(cid:936),(cid:883)(cid:887)(cid:481)(cid:887)(cid:936),(cid:886)(cid:890)(cid:481)(cid:885)(cid:936),(cid:888)(cid:889)(cid:481)(cid:884)(cid:936),(cid:884)(cid:884)(cid:481)(cid:886)(cid:936),(cid:883)(cid:882)(cid:481)(cid:885)(cid:936),(cid:883)(cid:481)(cid:889)(cid:936),(cid:885)(cid:481)(cid:887)(cid:936),(cid:891)(cid:886)(cid:481)(cid:890)(cid:936),(cid:885)(cid:481)(cid:887)(cid:936),(cid:885)(cid:481)(cid:887)(cid:936),(cid:891)(cid:885)(cid:481)(cid:883)(cid:936),,,,,,,,,,,,,,,,,,,
(cid:884)(cid:887),(cid:22)(cid:151)(cid:142)(cid:131)(cid:153)(cid:135)(cid:149)(cid:139)(cid:3)(cid:24)(cid:150)(cid:131)(cid:148)(cid:131),(cid:884)(cid:884)(cid:481)(cid:883)(cid:936),(cid:883)(cid:883)(cid:481)(cid:888)(cid:936),(cid:888)(cid:888)(cid:481)(cid:885)(cid:936),(cid:886)(cid:888)(cid:481)(cid:884)(cid:936),(cid:886)(cid:886)(cid:481)(cid:884)(cid:936),(cid:891)(cid:481)(cid:888)(cid:936),(cid:886)(cid:481)(cid:882)(cid:936),(cid:888)(cid:481)(cid:882)(cid:936),(cid:891)(cid:882)(cid:481)(cid:882)(cid:936),(cid:891)(cid:481)(cid:883)(cid:936),(cid:884)(cid:882)(cid:481)(cid:883)(cid:936),(cid:889)(cid:882)(cid:481)(cid:891)(cid:936),,,,,,,,,,,,,,,,,,,
(cid:884)(cid:888),(cid:22)(cid:151)(cid:142)(cid:131)(cid:153)(cid:135)(cid:149)(cid:139)(cid:3)(cid:23)(cid:135)(cid:144)(cid:137)(cid:131)(cid:138),(cid:885)(cid:891)(cid:481)(cid:891)(cid:936),(cid:884)(cid:882)(cid:481)(cid:884)(cid:936),(cid:885)(cid:891)(cid:481)(cid:891)(cid:936),(cid:887)(cid:887)(cid:481)(cid:883)(cid:936),(cid:885)(cid:890)(cid:481)(cid:883)(cid:936),(cid:888)(cid:481)(cid:891)(cid:936),(cid:882)(cid:481)(cid:887)(cid:936),(cid:885)(cid:481)(cid:889)(cid:936),(cid:891)(cid:887)(cid:481)(cid:891)(cid:936),(cid:882)(cid:481)(cid:882)(cid:936),(cid:882)(cid:481)(cid:882)(cid:936),(cid:883)(cid:882)(cid:882)(cid:481)(cid:882)(cid:936),,,,,,,,,,,,,,,,,,,
(cid:884)(cid:889),(cid:22)(cid:151)(cid:142)(cid:131)(cid:153)(cid:135)(cid:149)(cid:139)(cid:3)(cid:22)(cid:135)(cid:142)(cid:131)(cid:150)(cid:131)(cid:144),(cid:886)(cid:883)(cid:481)(cid:889)(cid:936),(cid:883)(cid:888)(cid:481)(cid:886)(cid:936),(cid:886)(cid:883)(cid:481)(cid:891)(cid:936),(cid:888)(cid:883)(cid:481)(cid:891)(cid:936),(cid:889)(cid:481)(cid:888)(cid:936),(cid:885)(cid:882)(cid:481)(cid:887)(cid:936),(cid:883)(cid:481)(cid:891)(cid:936),(cid:883)(cid:481)(cid:883)(cid:936),(cid:891)(cid:889)(cid:481)(cid:883)(cid:936),(cid:882)(cid:481)(cid:886)(cid:936),(cid:882)(cid:481)(cid:886)(cid:936),(cid:891)(cid:891)(cid:481)(cid:884)(cid:936),,,,,,,,,,,,,,,,,,,
(cid:884)(cid:890),(cid:22)(cid:151)(cid:142)(cid:131)(cid:153)(cid:135)(cid:149)(cid:139)(cid:3)(cid:23)(cid:135)(cid:144)(cid:137)(cid:137)(cid:131)(cid:148)(cid:131),(cid:887)(cid:886)(cid:481)(cid:885)(cid:936),(cid:883)(cid:884)(cid:481)(cid:886)(cid:936),(cid:885)(cid:885)(cid:481)(cid:885)(cid:936),(cid:886)(cid:887)(cid:481)(cid:890)(cid:936),(cid:886)(cid:889)(cid:481)(cid:886)(cid:936),(cid:888)(cid:481)(cid:891)(cid:936),(cid:882)(cid:481)(cid:885)(cid:936),(cid:883)(cid:481)(cid:885)(cid:936),(cid:891)(cid:890)(cid:481)(cid:886)(cid:936),(cid:882)(cid:481)(cid:882)(cid:936),(cid:882)(cid:481)(cid:889)(cid:936),(cid:891)(cid:891)(cid:481)(cid:886)(cid:936),,,,,,,,,,,,,,,,,,,
(cid:884)(cid:891),(cid:10)(cid:145)(cid:148)(cid:145)(cid:144)(cid:150)(cid:131)(cid:142)(cid:145),(cid:887)(cid:889)(cid:481)(cid:882)(cid:936),(cid:883)(cid:883)(cid:481)(cid:890)(cid:936),(cid:885)(cid:883)(cid:481)(cid:884)(cid:936),(cid:888)(cid:883)(cid:481)(cid:885)(cid:936),(cid:885)(cid:888)(cid:481)(cid:888)(cid:936),(cid:884)(cid:481)(cid:884)(cid:936),(cid:883)(cid:481)(cid:883)(cid:936),(cid:883)(cid:481)(cid:883)(cid:936),(cid:891)(cid:889)(cid:481)(cid:891)(cid:936),(cid:882)(cid:481)(cid:882)(cid:936),(cid:882)(cid:481)(cid:882)(cid:936),(cid:883)(cid:882)(cid:882)(cid:481)(cid:882)(cid:936),,,,,,,,,,,,,,,,,,,
(cid:885)(cid:882),(cid:22)(cid:151)(cid:142)(cid:131)(cid:153)(cid:135)(cid:149)(cid:139)(cid:3)(cid:5)(cid:131)(cid:148)(cid:131)(cid:150),(cid:886)(cid:886)(cid:481)(cid:891)(cid:936),(cid:883)(cid:890)(cid:481)(cid:886)(cid:936),(cid:885)(cid:888)(cid:481)(cid:889)(cid:936),(cid:888)(cid:884)(cid:481)(cid:884)(cid:936),(cid:884)(cid:889)(cid:481)(cid:888)(cid:936),(cid:883)(cid:882)(cid:481)(cid:884)(cid:936),(cid:884)(cid:481)(cid:882)(cid:936),(cid:884)(cid:481)(cid:882)(cid:936),(cid:891)(cid:887)(cid:481)(cid:891)(cid:936),(cid:882)(cid:481)(cid:882)(cid:936),(cid:882)(cid:481)(cid:882)(cid:936),(cid:883)(cid:882)(cid:882)(cid:481)(cid:882)(cid:936),,,,,,,,,,,,,,,,,,,
(cid:885)(cid:883),(cid:16)(cid:131)(cid:142)(cid:151)(cid:141)(cid:151),(cid:886)(cid:887)(cid:481)(cid:882)(cid:936),(cid:884)(cid:890)(cid:481)(cid:887)(cid:936),(cid:884)(cid:888)(cid:481)(cid:887)(cid:936),(cid:884)(cid:887)(cid:481)(cid:888)(cid:936),(cid:889)(cid:885)(cid:481)(cid:883)(cid:936),(cid:883)(cid:481)(cid:884)(cid:936),(cid:885)(cid:481)(cid:889)(cid:936),(cid:889)(cid:481)(cid:891)(cid:936),(cid:890)(cid:890)(cid:481)(cid:886)(cid:936),(cid:890)(cid:481)(cid:889)(cid:936),(cid:883)(cid:885)(cid:481)(cid:888)(cid:936),(cid:889)(cid:889)(cid:481)(cid:889)(cid:936),,,,,,,,,,,,,,,,,,,
(cid:885)(cid:884),(cid:16)(cid:131)(cid:142)(cid:151)(cid:141)(cid:151)(cid:3)(cid:24)(cid:150)(cid:131)(cid:148)(cid:131),(cid:887)(cid:888)(cid:481)(cid:889)(cid:936),(cid:883)(cid:885)(cid:481)(cid:885)(cid:936),(cid:885)(cid:882)(cid:481)(cid:882)(cid:936),(cid:886)(cid:884)(cid:481)(cid:882)(cid:936),(cid:887)(cid:888)(cid:481)(cid:889)(cid:936),(cid:883)(cid:481)(cid:885)(cid:936),(cid:886)(cid:481)(cid:882)(cid:936),(cid:886)(cid:481)(cid:889)(cid:936),(cid:891)(cid:883)(cid:481)(cid:885)(cid:936),(cid:882)(cid:481)(cid:889)(cid:936),(cid:882)(cid:481)(cid:882)(cid:936),(cid:891)(cid:891)(cid:481)(cid:885)(cid:936),,,,,,,,,,,,,,,,,,,
(cid:885)(cid:885),(cid:19)(cid:131)(cid:146)(cid:151)(cid:131),(cid:886)(cid:882)(cid:481)(cid:887)(cid:936),(cid:884)(cid:891)(cid:481)(cid:890)(cid:936),(cid:884)(cid:891)(cid:481)(cid:890)(cid:936),(cid:884)(cid:890)(cid:481)(cid:891)(cid:936),(cid:889)(cid:883)(cid:481)(cid:883)(cid:936),(cid:882)(cid:481)(cid:882)(cid:936),(cid:885)(cid:481)(cid:885)(cid:936),(cid:882)(cid:481)(cid:882)(cid:936),(cid:891)(cid:888)(cid:481)(cid:889)(cid:936),(cid:890)(cid:481)(cid:885)(cid:936),(cid:883)(cid:886)(cid:481)(cid:883)(cid:936),(cid:889)(cid:889)(cid:481)(cid:889)(cid:936),,,,,,,,,,,,,,,,,,,
(cid:885)(cid:886),(cid:19)(cid:131)(cid:146)(cid:151)(cid:131)(cid:3)(cid:5)(cid:131)(cid:148)(cid:131)(cid:150),(cid:886)(cid:885)(cid:481)(cid:888)(cid:936),(cid:884)(cid:887)(cid:481)(cid:888)(cid:936),(cid:885)(cid:882)(cid:481)(cid:890)(cid:936),(cid:884)(cid:888)(cid:481)(cid:891)(cid:936),(cid:889)(cid:883)(cid:481)(cid:890)(cid:936),(cid:883)(cid:481)(cid:885)(cid:936),(cid:883)(cid:481)(cid:885)(cid:936),(cid:888)(cid:481)(cid:886)(cid:936),(cid:891)(cid:884)(cid:481)(cid:885)(cid:936),(cid:888)(cid:481)(cid:886)(cid:936),(cid:888)(cid:481)(cid:886)(cid:936),(cid:890)(cid:889)(cid:481)(cid:884)(cid:936),,,,,,,,,,,,,,,,,,,
(cid:885)(cid:887),(cid:19)(cid:131)(cid:146)(cid:151)(cid:131)(cid:3)(cid:22)(cid:135)(cid:142)(cid:131)(cid:150)(cid:131)(cid:144),(cid:884)(cid:888)(cid:481)(cid:884)(cid:936),(cid:887)(cid:888)(cid:481)(cid:882)(cid:936),(cid:883)(cid:889)(cid:481)(cid:891)(cid:936),(cid:883)(cid:886)(cid:481)(cid:885)(cid:936),(cid:890)(cid:885)(cid:481)(cid:885)(cid:936),(cid:884)(cid:481)(cid:886)(cid:936),(cid:891)(cid:481)(cid:887)(cid:936),(cid:883)(cid:887)(cid:481)(cid:887)(cid:936),(cid:889)(cid:887)(cid:481)(cid:882)(cid:936),(cid:889)(cid:481)(cid:883)(cid:936),(cid:884)(cid:889)(cid:481)(cid:886)(cid:936),(cid:888)(cid:887)(cid:481)(cid:887)(cid:936),,,,,,,,,,,,,,,,,,,
(cid:885)(cid:888),(cid:19)(cid:131)(cid:146)(cid:151)(cid:131)(cid:3)(cid:23)(cid:135)(cid:144)(cid:137)(cid:131)(cid:138),(cid:884)(cid:887)(cid:481)(cid:886)(cid:936),(cid:887)(cid:885)(cid:481)(cid:891)(cid:936),(cid:884)(cid:882)(cid:481)(cid:890)(cid:936),(cid:883)(cid:882)(cid:481)(cid:882)(cid:936),(cid:890)(cid:888)(cid:481)(cid:891)(cid:936),(cid:885)(cid:481)(cid:883)(cid:936),(cid:885)(cid:481)(cid:883)(cid:936),(cid:884)(cid:885)(cid:481)(cid:883)(cid:936),(cid:889)(cid:885)(cid:481)(cid:891)(cid:936),(cid:887)(cid:481)(cid:886)(cid:936),(cid:886)(cid:888)(cid:481)(cid:891)(cid:936),(cid:886)(cid:889)(cid:481)(cid:889)(cid:936),,,,,,,,,,,,,,,,,,,
(cid:885)(cid:889) (cid:19)(cid:131)(cid:146)(cid:151)(cid:131)(cid:3)(cid:19)(cid:135)(cid:137)(cid:151)(cid:144)(cid:151)(cid:144)(cid:137)(cid:131)(cid:144) Indonesia (cid:885)(cid:890) (cid:19)(cid:131)(cid:146)(cid:151)(cid:131)(cid:3)(cid:5)(cid:131)(cid:148)(cid:131)(cid:150)(cid:3)(cid:7)(cid:131)(cid:155)(cid:131),,"(cid:885)(cid:882)(cid:481)(cid:883)(cid:936) 29,4% (cid:886)(cid:887)(cid:481)(cid:886)(cid:936)","(cid:888)(cid:884)(cid:481)(cid:890)(cid:936) 11,5% (cid:885)(cid:884)(cid:481)(cid:882)(cid:936)","(cid:889)(cid:481)(cid:884)(cid:936) 59,1% (cid:884)(cid:884)(cid:481)(cid:889)(cid:936)","(cid:890)(cid:481)(cid:887)(cid:936) 54,2% (cid:884)(cid:888)(cid:481)(cid:890)(cid:936)","(cid:891)(cid:882)(cid:481)(cid:884)(cid:936) 28,9% (cid:889)(cid:885)(cid:481)(cid:884)(cid:936)","(cid:883)(cid:481)(cid:885)(cid:936) 16,9% (cid:882)(cid:481)(cid:882)(cid:936)","(cid:883)(cid:883)(cid:481)(cid:890)(cid:936) 4,6% (cid:884)(cid:481)(cid:883)(cid:936)","(cid:886)(cid:887)(cid:481)(cid:883)(cid:936) 7,3% (cid:883)(cid:883)(cid:481)(cid:885)(cid:936)","(cid:886)(cid:885)(cid:481)(cid:883)(cid:936) 88,1% (cid:890)(cid:888)(cid:481)(cid:888)(cid:936)","(cid:889)(cid:481)(cid:884)(cid:936) 2,0% (cid:887)(cid:481)(cid:884)(cid:936)","(cid:889)(cid:884)(cid:481)(cid:888)(cid:936) 4,1% (cid:883)(cid:891)(cid:481)(cid:888)(cid:936)","(cid:884)(cid:882)(cid:481)(cid:885)(cid:936) 94,0% (cid:889)(cid:887)(cid:481)(cid:885)(cid:936)",,,,,,,,,,,,,,,,,,,
No,Provinsi,Puskesmas,,,,Rumah Sakit,,,,Sarana Pelayanan Kesehatan Lainnya,,,,Total,,,,,,,,,,,,,,,,,,
,,Perawat,,,Bidan,Perawat,,,Bidan,Perawat,,,Bidan,Perawat,,,Bidan,,,,,,,,,,,,,,,
,,L,P,L+P,,L,P,L+P,,L,P,L+P,,L,P,L+P,,,,,,,,,,,,,,,,
(1),(2),(3),(4),(5),(6),(7),(8),(9),(10),(11),(12),(13),(14),(15),(16),(17),(18),,,,,,,,,,,,,,,
(cid:883),(cid:4)(cid:133)(cid:135)(cid:138),(cid:884)(cid:484)(cid:887)(cid:885)(cid:883)(cid:3),(cid:888)(cid:484)(cid:889)(cid:887)(cid:885)(cid:3),(cid:891)(cid:484)(cid:884)(cid:890)(cid:886)(cid:3),(cid:883)(cid:888)(cid:484)(cid:885)(cid:891)(cid:885)(cid:3),(cid:885)(cid:484)(cid:888)(cid:882)(cid:885)(cid:3),(cid:889)(cid:484)(cid:886)(cid:891)(cid:885)(cid:3),(cid:883)(cid:883)(cid:484)(cid:882)(cid:891)(cid:888)(cid:3),(cid:886)(cid:484)(cid:889)(cid:886)(cid:888)(cid:3),(cid:886)(cid:883)(cid:888)(cid:3),(cid:888)(cid:885)(cid:891)(cid:3),(cid:883)(cid:484)(cid:882)(cid:887)(cid:887)(cid:3),(cid:888)(cid:884)(cid:890)(cid:3),(cid:888)(cid:484)(cid:887)(cid:887)(cid:882)(cid:3),(cid:883)(cid:886)(cid:484)(cid:890)(cid:890)(cid:887)(cid:3),(cid:884)(cid:883)(cid:484)(cid:886)(cid:885)(cid:887)(cid:3),(cid:884)(cid:883)(cid:484)(cid:889)(cid:888)(cid:889)(cid:3),,,,,,,,,,,,,,,
(cid:884),(cid:22)(cid:151)(cid:143)(cid:131)(cid:150)(cid:135)(cid:148)(cid:131)(cid:3)(cid:24)(cid:150)(cid:131)(cid:148)(cid:131),(cid:884)(cid:484)(cid:886)(cid:887)(cid:887)(cid:3),(cid:888)(cid:484)(cid:882)(cid:885)(cid:886)(cid:3),(cid:890)(cid:484)(cid:886)(cid:890)(cid:891)(cid:3),(cid:883)(cid:891)(cid:484)(cid:882)(cid:882)(cid:882)(cid:3),(cid:885)(cid:484)(cid:891)(cid:890)(cid:884)(cid:3),(cid:883)(cid:883)(cid:484)(cid:889)(cid:890)(cid:883)(cid:3),(cid:883)(cid:887)(cid:484)(cid:889)(cid:888)(cid:885)(cid:3),(cid:888)(cid:484)(cid:883)(cid:890)(cid:888)(cid:3),(cid:887)(cid:885)(cid:885)(cid:3),(cid:883)(cid:484)(cid:882)(cid:882)(cid:884)(cid:3),(cid:883)(cid:484)(cid:887)(cid:885)(cid:887)(cid:3),(cid:883)(cid:484)(cid:891)(cid:885)(cid:888)(cid:3),(cid:888)(cid:484)(cid:891)(cid:889)(cid:882)(cid:3),(cid:883)(cid:890)(cid:484)(cid:890)(cid:883)(cid:889)(cid:3),(cid:884)(cid:887)(cid:484)(cid:889)(cid:890)(cid:889)(cid:3),(cid:884)(cid:889)(cid:484)(cid:883)(cid:884)(cid:884)(cid:3),,,,,,,,,,,,,,,
(cid:885),(cid:22)(cid:151)(cid:143)(cid:131)(cid:150)(cid:135)(cid:148)(cid:131)(cid:3)(cid:5)(cid:131)(cid:148)(cid:131)(cid:150),(cid:887)(cid:889)(cid:887)(cid:3),(cid:884)(cid:484)(cid:890)(cid:884)(cid:887)(cid:3),(cid:885)(cid:484)(cid:886)(cid:882)(cid:882)(cid:3),(cid:888)(cid:484)(cid:890)(cid:886)(cid:889)(cid:3),(cid:883)(cid:484)(cid:887)(cid:883)(cid:883)(cid:3),(cid:888)(cid:484)(cid:888)(cid:883)(cid:886)(cid:3),(cid:890)(cid:484)(cid:883)(cid:884)(cid:887)(cid:3),(cid:883)(cid:484)(cid:890)(cid:889)(cid:889)(cid:3),(cid:883)(cid:888)(cid:888)(cid:3),(cid:887)(cid:886)(cid:887)(cid:3),(cid:889)(cid:883)(cid:883)(cid:3),(cid:887)(cid:890)(cid:891)(cid:3),(cid:884)(cid:484)(cid:884)(cid:887)(cid:884)(cid:3),(cid:891)(cid:484)(cid:891)(cid:890)(cid:886)(cid:3),(cid:883)(cid:884)(cid:484)(cid:884)(cid:885)(cid:888)(cid:3),(cid:891)(cid:484)(cid:885)(cid:883)(cid:885)(cid:3),,,,,,,,,,,,,,,
(cid:886),(cid:21)(cid:139)(cid:131)(cid:151),(cid:883)(cid:484)(cid:882)(cid:883)(cid:891)(cid:3),(cid:884)(cid:484)(cid:891)(cid:883)(cid:890)(cid:3),(cid:885)(cid:484)(cid:891)(cid:885)(cid:889)(cid:3),(cid:888)(cid:484)(cid:885)(cid:888)(cid:887)(cid:3),(cid:883)(cid:484)(cid:890)(cid:888)(cid:883)(cid:3),(cid:887)(cid:484)(cid:885)(cid:888)(cid:882)(cid:3),(cid:889)(cid:484)(cid:884)(cid:884)(cid:883)(cid:3),(cid:884)(cid:484)(cid:885)(cid:888)(cid:887)(cid:3),(cid:885)(cid:885)(cid:891)(cid:3),(cid:888)(cid:890)(cid:890)(cid:3),(cid:883)(cid:484)(cid:882)(cid:884)(cid:889)(cid:3),(cid:883)(cid:484)(cid:887)(cid:883)(cid:888)(cid:3),(cid:885)(cid:484)(cid:884)(cid:883)(cid:891)(cid:3),(cid:890)(cid:484)(cid:891)(cid:888)(cid:888)(cid:3),(cid:883)(cid:884)(cid:484)(cid:883)(cid:890)(cid:887)(cid:3),(cid:883)(cid:882)(cid:484)(cid:884)(cid:886)(cid:888)(cid:3),,,,,,,,,,,,,,,
(cid:887),(cid:13)(cid:131)(cid:143)(cid:132)(cid:139),(cid:883)(cid:484)(cid:882)(cid:883)(cid:891)(cid:3),(cid:884)(cid:484)(cid:886)(cid:890)(cid:889)(cid:3),(cid:885)(cid:484)(cid:887)(cid:882)(cid:888)(cid:3),(cid:887)(cid:484)(cid:886)(cid:887)(cid:888)(cid:3),(cid:883)(cid:484)(cid:883)(cid:891)(cid:884)(cid:3),(cid:885)(cid:484)(cid:883)(cid:887)(cid:886)(cid:3),(cid:886)(cid:484)(cid:885)(cid:886)(cid:888)(cid:3),(cid:883)(cid:484)(cid:885)(cid:890)(cid:886)(cid:3),(cid:884)(cid:882)(cid:886)(cid:3),(cid:885)(cid:888)(cid:891)(cid:3),(cid:887)(cid:889)(cid:885)(cid:3),(cid:888)(cid:889)(cid:884)(cid:3),(cid:884)(cid:484)(cid:886)(cid:883)(cid:887)(cid:3),(cid:888)(cid:484)(cid:882)(cid:883)(cid:882)(cid:3),(cid:890)(cid:484)(cid:886)(cid:884)(cid:887)(cid:3),(cid:889)(cid:484)(cid:887)(cid:883)(cid:884)(cid:3),,,,,,,,,,,,,,,
(cid:888),(cid:22)(cid:151)(cid:143)(cid:131)(cid:150)(cid:135)(cid:148)(cid:131)(cid:3)(cid:22)(cid:135)(cid:142)(cid:131)(cid:150)(cid:131)(cid:144),(cid:883)(cid:484)(cid:887)(cid:890)(cid:891)(cid:3),(cid:887)(cid:484)(cid:882)(cid:888)(cid:885)(cid:3),(cid:888)(cid:484)(cid:888)(cid:887)(cid:884)(cid:3),(cid:883)(cid:883)(cid:484)(cid:890)(cid:886)(cid:889)(cid:3),(cid:884)(cid:484)(cid:882)(cid:890)(cid:886)(cid:3),(cid:889)(cid:484)(cid:883)(cid:889)(cid:883)(cid:3),(cid:891)(cid:484)(cid:884)(cid:887)(cid:887)(cid:3),(cid:884)(cid:484)(cid:891)(cid:882)(cid:889)(cid:3),(cid:886)(cid:888)(cid:886)(cid:3),(cid:891)(cid:885)(cid:890)(cid:3),(cid:883)(cid:484)(cid:886)(cid:882)(cid:884)(cid:3),(cid:883)(cid:484)(cid:883)(cid:890)(cid:890)(cid:3),(cid:886)(cid:484)(cid:883)(cid:885)(cid:889)(cid:3),(cid:883)(cid:885)(cid:484)(cid:883)(cid:889)(cid:884)(cid:3),(cid:883)(cid:889)(cid:484)(cid:885)(cid:882)(cid:891)(cid:3),(cid:883)(cid:887)(cid:484)(cid:891)(cid:886)(cid:884)(cid:3),,,,,,,,,,,,,,,
(cid:889),(cid:5)(cid:135)(cid:144)(cid:137)(cid:141)(cid:151)(cid:142)(cid:151),(cid:888)(cid:883)(cid:889)(cid:3),(cid:883)(cid:484)(cid:887)(cid:890)(cid:883)(cid:3),(cid:884)(cid:484)(cid:883)(cid:891)(cid:890)(cid:3),(cid:885)(cid:484)(cid:887)(cid:882)(cid:889)(cid:3),(cid:890)(cid:884)(cid:888)(cid:3),(cid:883)(cid:484)(cid:890)(cid:887)(cid:886)(cid:3),(cid:884)(cid:484)(cid:888)(cid:890)(cid:882)(cid:3),(cid:883)(cid:484)(cid:883)(cid:885)(cid:890)(cid:3),(cid:883)(cid:885)(cid:891)(cid:3),(cid:884)(cid:885)(cid:883)(cid:3),(cid:885)(cid:889)(cid:882)(cid:3),(cid:884)(cid:888)(cid:890)(cid:3),(cid:883)(cid:484)(cid:887)(cid:890)(cid:884)(cid:3),(cid:885)(cid:484)(cid:888)(cid:888)(cid:888)(cid:3),(cid:887)(cid:484)(cid:884)(cid:886)(cid:890)(cid:3),(cid:886)(cid:484)(cid:891)(cid:883)(cid:885)(cid:3),,,,,,,,,,,,,,,
(cid:890),(cid:15)(cid:131)(cid:143)(cid:146)(cid:151)(cid:144)(cid:137),(cid:883)(cid:484)(cid:889)(cid:889)(cid:888)(cid:3),(cid:884)(cid:484)(cid:889)(cid:891)(cid:890)(cid:3),(cid:886)(cid:484)(cid:887)(cid:889)(cid:886)(cid:3),(cid:890)(cid:484)(cid:883)(cid:885)(cid:883)(cid:3),(cid:884)(cid:484)(cid:888)(cid:882)(cid:888)(cid:3),(cid:886)(cid:484)(cid:887)(cid:891)(cid:886)(cid:3),(cid:889)(cid:484)(cid:884)(cid:882)(cid:882)(cid:3),(cid:883)(cid:484)(cid:891)(cid:888)(cid:891)(cid:3),(cid:887)(cid:889)(cid:887)(cid:3),(cid:890)(cid:888)(cid:890)(cid:3),(cid:883)(cid:484)(cid:886)(cid:886)(cid:885)(cid:3),(cid:883)(cid:484)(cid:884)(cid:886)(cid:882)(cid:3),(cid:886)(cid:484)(cid:891)(cid:887)(cid:889)(cid:3),(cid:890)(cid:484)(cid:884)(cid:888)(cid:882)(cid:3),(cid:883)(cid:885)(cid:484)(cid:884)(cid:883)(cid:889)(cid:3),(cid:883)(cid:883)(cid:484)(cid:885)(cid:886)(cid:882)(cid:3),,,,,,,,,,,,,,,
(cid:891),(cid:14)(cid:135)(cid:146)(cid:484)(cid:3)(cid:5)(cid:131)(cid:144)(cid:137)(cid:141)(cid:131)(cid:3)(cid:5)(cid:135)(cid:142)(cid:139)(cid:150)(cid:151)(cid:144)(cid:137),(cid:885)(cid:885)(cid:890)(cid:3),(cid:889)(cid:890)(cid:888)(cid:3),(cid:883)(cid:484)(cid:883)(cid:884)(cid:886)(cid:3),(cid:891)(cid:889)(cid:890)(cid:3),(cid:889)(cid:882)(cid:890)(cid:3),(cid:883)(cid:484)(cid:888)(cid:888)(cid:888)(cid:3),(cid:884)(cid:484)(cid:885)(cid:889)(cid:886)(cid:3),(cid:887)(cid:882)(cid:885)(cid:3),(cid:883)(cid:885)(cid:891)(cid:3),(cid:884)(cid:891)(cid:889)(cid:3),(cid:886)(cid:885)(cid:888)(cid:3),(cid:884)(cid:886)(cid:883)(cid:3),(cid:883)(cid:484)(cid:883)(cid:890)(cid:887)(cid:3),(cid:884)(cid:484)(cid:889)(cid:886)(cid:891)(cid:3),(cid:885)(cid:484)(cid:891)(cid:885)(cid:886)(cid:3),(cid:883)(cid:484)(cid:889)(cid:884)(cid:884)(cid:3),,,,,,,,,,,,,,,
(cid:883)(cid:882),(cid:14)(cid:135)(cid:146)(cid:151)(cid:142)(cid:131)(cid:151)(cid:131)(cid:144)(cid:3)(cid:21)(cid:139)(cid:131)(cid:151),(cid:885)(cid:883)(cid:890)(cid:3),(cid:891)(cid:885)(cid:884)(cid:3),(cid:883)(cid:484)(cid:884)(cid:887)(cid:882)(cid:3),(cid:883)(cid:484)(cid:887)(cid:882)(cid:884)(cid:3),(cid:891)(cid:883)(cid:882)(cid:3),(cid:884)(cid:484)(cid:889)(cid:884)(cid:890)(cid:3),(cid:885)(cid:484)(cid:888)(cid:885)(cid:890)(cid:3),(cid:891)(cid:883)(cid:887)(cid:3),(cid:884)(cid:882)(cid:885)(cid:3),(cid:886)(cid:885)(cid:883)(cid:3),(cid:888)(cid:885)(cid:886)(cid:3),(cid:887)(cid:886)(cid:887)(cid:3),(cid:883)(cid:484)(cid:886)(cid:885)(cid:883)(cid:3),(cid:886)(cid:484)(cid:882)(cid:891)(cid:883)(cid:3),(cid:887)(cid:484)(cid:887)(cid:884)(cid:884)(cid:3),(cid:884)(cid:484)(cid:891)(cid:888)(cid:884)(cid:3),,,,,,,,,,,,,,,
(cid:883)(cid:883),(cid:7)(cid:14)(cid:12)(cid:3)(cid:13)(cid:131)(cid:141)(cid:131)(cid:148)(cid:150)(cid:131),(cid:887)(cid:883)(cid:887)(cid:3),(cid:883)(cid:484)(cid:886)(cid:882)(cid:885)(cid:3),(cid:883)(cid:484)(cid:891)(cid:883)(cid:890)(cid:3),(cid:883)(cid:484)(cid:890)(cid:888)(cid:891)(cid:3),(cid:888)(cid:484)(cid:889)(cid:886)(cid:882)(cid:3),(cid:884)(cid:888)(cid:484)(cid:885)(cid:890)(cid:889)(cid:3),(cid:885)(cid:885)(cid:484)(cid:883)(cid:884)(cid:889)(cid:3),(cid:885)(cid:484)(cid:888)(cid:889)(cid:890)(cid:3),(cid:883)(cid:484)(cid:886)(cid:883)(cid:890)(cid:3),(cid:885)(cid:484)(cid:882)(cid:889)(cid:886)(cid:3),(cid:886)(cid:484)(cid:886)(cid:891)(cid:884)(cid:3),(cid:883)(cid:484)(cid:891)(cid:887)(cid:888)(cid:3),(cid:890)(cid:484)(cid:888)(cid:889)(cid:885)(cid:3),(cid:885)(cid:882)(cid:484)(cid:890)(cid:888)(cid:886)(cid:3),(cid:885)(cid:891)(cid:484)(cid:887)(cid:885)(cid:889)(cid:3),(cid:889)(cid:484)(cid:887)(cid:882)(cid:885)(cid:3),,,,,,,,,,,,,,,
(cid:883)(cid:884),(cid:13)(cid:131)(cid:153)(cid:131)(cid:3)(cid:5)(cid:131)(cid:148)(cid:131)(cid:150),(cid:886)(cid:484)(cid:891)(cid:885)(cid:885)(cid:3),(cid:888)(cid:484)(cid:888)(cid:884)(cid:883)(cid:3),(cid:883)(cid:883)(cid:484)(cid:887)(cid:887)(cid:886)(cid:3),(cid:883)(cid:889)(cid:484)(cid:884)(cid:885)(cid:890)(cid:3),(cid:883)(cid:887)(cid:484)(cid:889)(cid:888)(cid:884)(cid:3),(cid:885)(cid:888)(cid:484)(cid:883)(cid:887)(cid:885)(cid:3),(cid:887)(cid:883)(cid:484)(cid:891)(cid:883)(cid:887)(cid:3),(cid:891)(cid:484)(cid:883)(cid:883)(cid:882)(cid:3),(cid:884)(cid:484)(cid:885)(cid:887)(cid:889)(cid:3),(cid:886)(cid:484)(cid:888)(cid:891)(cid:890)(cid:3),(cid:889)(cid:484)(cid:882)(cid:887)(cid:887)(cid:3),(cid:888)(cid:484)(cid:889)(cid:887)(cid:889)(cid:3),(cid:884)(cid:885)(cid:484)(cid:882)(cid:887)(cid:884)(cid:3),(cid:886)(cid:889)(cid:484)(cid:886)(cid:889)(cid:884)(cid:3),(cid:889)(cid:882)(cid:484)(cid:887)(cid:884)(cid:886)(cid:3),(cid:885)(cid:885)(cid:484)(cid:883)(cid:882)(cid:887)(cid:3),,,,,,,,,,,,,,,
(cid:883)(cid:885),(cid:13)(cid:131)(cid:153)(cid:131)(cid:3)(cid:23)(cid:135)(cid:144)(cid:137)(cid:131)(cid:138),(cid:885)(cid:484)(cid:889)(cid:884)(cid:885)(cid:3),(cid:888)(cid:484)(cid:890)(cid:883)(cid:885)(cid:3),(cid:883)(cid:882)(cid:484)(cid:887)(cid:885)(cid:888)(cid:3),(cid:883)(cid:889)(cid:484)(cid:884)(cid:885)(cid:885)(cid:3),(cid:883)(cid:886)(cid:484)(cid:882)(cid:882)(cid:885)(cid:3),(cid:885)(cid:884)(cid:484)(cid:886)(cid:888)(cid:889)(cid:3),(cid:886)(cid:888)(cid:484)(cid:886)(cid:889)(cid:882)(cid:3),(cid:890)(cid:484)(cid:884)(cid:884)(cid:882)(cid:3),(cid:884)(cid:484)(cid:882)(cid:888)(cid:886)(cid:3),(cid:887)(cid:484)(cid:886)(cid:888)(cid:885)(cid:3),(cid:889)(cid:484)(cid:887)(cid:884)(cid:889)(cid:3),(cid:887)(cid:484)(cid:889)(cid:885)(cid:890)(cid:3),(cid:883)(cid:891)(cid:484)(cid:889)(cid:891)(cid:882)(cid:3),(cid:886)(cid:886)(cid:484)(cid:889)(cid:886)(cid:885)(cid:3),(cid:888)(cid:886)(cid:484)(cid:887)(cid:885)(cid:885)(cid:3),(cid:885)(cid:883)(cid:484)(cid:883)(cid:891)(cid:883)(cid:3),,,,,,,,,,,,,,,
(cid:883)(cid:886),(cid:7)(cid:12)(cid:3)(cid:28)(cid:145)(cid:137)(cid:155)(cid:131)(cid:141)(cid:131)(cid:148)(cid:150)(cid:131),(cid:884)(cid:886)(cid:890)(cid:3),(cid:888)(cid:891)(cid:885)(cid:3),(cid:891)(cid:886)(cid:883)(cid:3),(cid:891)(cid:887)(cid:890)(cid:3),(cid:883)(cid:484)(cid:891)(cid:891)(cid:885)(cid:3),(cid:888)(cid:484)(cid:891)(cid:883)(cid:888)(cid:3),(cid:890)(cid:484)(cid:891)(cid:882)(cid:891)(cid:3),(cid:883)(cid:484)(cid:883)(cid:885)(cid:889)(cid:3),(cid:884)(cid:889)(cid:889)(cid:3),(cid:891)(cid:890)(cid:887)(cid:3),(cid:883)(cid:484)(cid:884)(cid:888)(cid:884)(cid:3),(cid:890)(cid:890)(cid:888)(cid:3),(cid:884)(cid:484)(cid:887)(cid:883)(cid:890)(cid:3),(cid:890)(cid:484)(cid:887)(cid:891)(cid:886)(cid:3),(cid:883)(cid:883)(cid:484)(cid:883)(cid:883)(cid:884)(cid:3),(cid:884)(cid:484)(cid:891)(cid:890)(cid:883)(cid:3),,,,,,,,,,,,,,,
(cid:883)(cid:887),(cid:13)(cid:131)(cid:153)(cid:131)(cid:3)(cid:23)(cid:139)(cid:143)(cid:151)(cid:148),(cid:888)(cid:484)(cid:891)(cid:891)(cid:891)(cid:3),(cid:891)(cid:484)(cid:890)(cid:889)(cid:885)(cid:3),(cid:883)(cid:888)(cid:484)(cid:890)(cid:889)(cid:884)(cid:3),(cid:883)(cid:890)(cid:484)(cid:887)(cid:891)(cid:885)(cid:3),(cid:883)(cid:887)(cid:484)(cid:889)(cid:882)(cid:889)(cid:3),(cid:885)(cid:883)(cid:484)(cid:885)(cid:887)(cid:882)(cid:3),(cid:886)(cid:889)(cid:484)(cid:882)(cid:887)(cid:889)(cid:3),(cid:891)(cid:484)(cid:884)(cid:885)(cid:883)(cid:3),(cid:885)(cid:484)(cid:882)(cid:890)(cid:885)(cid:3),(cid:887)(cid:484)(cid:890)(cid:888)(cid:889)(cid:3),(cid:890)(cid:484)(cid:891)(cid:887)(cid:882)(cid:3),(cid:887)(cid:484)(cid:891)(cid:891)(cid:886)(cid:3),(cid:884)(cid:887)(cid:484)(cid:889)(cid:890)(cid:891)(cid:3),(cid:886)(cid:889)(cid:484)(cid:882)(cid:891)(cid:882)(cid:3),(cid:889)(cid:884)(cid:484)(cid:890)(cid:889)(cid:891)(cid:3),(cid:885)(cid:885)(cid:484)(cid:890)(cid:883)(cid:890)(cid:3),,,,,,,,,,,,,,,
(cid:883)(cid:888),(cid:5)(cid:131)(cid:144)(cid:150)(cid:135)(cid:144),(cid:883)(cid:484)(cid:884)(cid:884)(cid:887)(cid:3),(cid:883)(cid:484)(cid:888)(cid:884)(cid:885)(cid:3),(cid:884)(cid:484)(cid:890)(cid:886)(cid:890)(cid:3),(cid:886)(cid:484)(cid:888)(cid:883)(cid:884)(cid:3),(cid:885)(cid:484)(cid:885)(cid:886)(cid:884)(cid:3),(cid:883)(cid:882)(cid:484)(cid:886)(cid:888)(cid:883)(cid:3),(cid:883)(cid:885)(cid:484)(cid:890)(cid:882)(cid:885)(cid:3),(cid:884)(cid:484)(cid:888)(cid:890)(cid:890)(cid:3),(cid:887)(cid:888)(cid:891)(cid:3),(cid:883)(cid:484)(cid:884)(cid:891)(cid:888)(cid:3),(cid:883)(cid:484)(cid:890)(cid:888)(cid:887)(cid:3),(cid:884)(cid:484)(cid:883)(cid:886)(cid:891)(cid:3),(cid:887)(cid:484)(cid:883)(cid:885)(cid:888)(cid:3),(cid:883)(cid:885)(cid:484)(cid:885)(cid:890)(cid:882)(cid:3),(cid:883)(cid:890)(cid:484)(cid:887)(cid:883)(cid:888)(cid:3),(cid:891)(cid:484)(cid:886)(cid:886)(cid:891)(cid:3),,,,,,,,,,,,,,,
(cid:883)(cid:889),(cid:5)(cid:131)(cid:142)(cid:139),(cid:887)(cid:886)(cid:888)(cid:3),(cid:883)(cid:484)(cid:883)(cid:891)(cid:882)(cid:3),(cid:883)(cid:484)(cid:889)(cid:885)(cid:888)(cid:3),(cid:884)(cid:484)(cid:887)(cid:888)(cid:891)(cid:3),(cid:884)(cid:484)(cid:889)(cid:887)(cid:891)(cid:3),(cid:888)(cid:484)(cid:891)(cid:883)(cid:887)(cid:3),(cid:891)(cid:484)(cid:888)(cid:889)(cid:886)(cid:3),(cid:884)(cid:484)(cid:885)(cid:886)(cid:884)(cid:3),(cid:886)(cid:885)(cid:890)(cid:3),(cid:883)(cid:484)(cid:882)(cid:891)(cid:884)(cid:3),(cid:883)(cid:484)(cid:887)(cid:885)(cid:882)(cid:3),(cid:891)(cid:890)(cid:883)(cid:3),(cid:885)(cid:484)(cid:889)(cid:886)(cid:885)(cid:3),(cid:891)(cid:484)(cid:883)(cid:891)(cid:889)(cid:3),(cid:883)(cid:884)(cid:484)(cid:891)(cid:886)(cid:882)(cid:3),(cid:887)(cid:484)(cid:890)(cid:891)(cid:884)(cid:3),,,,,,,,,,,,,,,
(cid:883)(cid:890),(cid:17)(cid:151)(cid:149)(cid:131)(cid:3)(cid:23)(cid:135)(cid:144)(cid:137)(cid:137)(cid:131)(cid:148)(cid:131)(cid:3)(cid:5)(cid:131)(cid:148)(cid:131)(cid:150),(cid:884)(cid:484)(cid:887)(cid:887)(cid:884)(cid:3),(cid:886)(cid:484)(cid:882)(cid:883)(cid:883)(cid:3),(cid:888)(cid:484)(cid:887)(cid:888)(cid:885)(cid:3),(cid:888)(cid:484)(cid:884)(cid:885)(cid:886)(cid:3),(cid:884)(cid:484)(cid:882)(cid:887)(cid:885)(cid:3),(cid:885)(cid:484)(cid:886)(cid:889)(cid:889)(cid:3),(cid:887)(cid:484)(cid:887)(cid:885)(cid:882)(cid:3),(cid:883)(cid:484)(cid:889)(cid:882)(cid:888)(cid:3),(cid:886)(cid:884)(cid:890)(cid:3),(cid:886)(cid:884)(cid:883)(cid:3),(cid:890)(cid:886)(cid:891)(cid:3),(cid:884)(cid:890)(cid:891)(cid:3),(cid:887)(cid:484)(cid:882)(cid:885)(cid:885)(cid:3),(cid:889)(cid:484)(cid:891)(cid:882)(cid:891)(cid:3),(cid:883)(cid:884)(cid:484)(cid:891)(cid:886)(cid:884)(cid:3),(cid:890)(cid:484)(cid:884)(cid:884)(cid:891)(cid:3),,,,,,,,,,,,,,,
(cid:883)(cid:891),(cid:17)(cid:151)(cid:149)(cid:131)(cid:3)(cid:23)(cid:135)(cid:144)(cid:137)(cid:137)(cid:131)(cid:148)(cid:131)(cid:3)(cid:23)(cid:139)(cid:143)(cid:151)(cid:148),(cid:884)(cid:484)(cid:891)(cid:891)(cid:889)(cid:3),(cid:888)(cid:484)(cid:887)(cid:889)(cid:884)(cid:3),(cid:891)(cid:484)(cid:887)(cid:888)(cid:891)(cid:3),(cid:883)(cid:882)(cid:484)(cid:886)(cid:887)(cid:888)(cid:3),(cid:883)(cid:484)(cid:887)(cid:883)(cid:888)(cid:3),(cid:886)(cid:484)(cid:885)(cid:887)(cid:886)(cid:3),(cid:887)(cid:484)(cid:890)(cid:889)(cid:882)(cid:3),(cid:884)(cid:484)(cid:883)(cid:888)(cid:888)(cid:3),(cid:884)(cid:884)(cid:884)(cid:3),(cid:886)(cid:885)(cid:890)(cid:3),(cid:888)(cid:888)(cid:882)(cid:3),(cid:884)(cid:885)(cid:884)(cid:3),(cid:886)(cid:484)(cid:889)(cid:885)(cid:887)(cid:3),(cid:883)(cid:883)(cid:484)(cid:885)(cid:888)(cid:886)(cid:3),(cid:883)(cid:888)(cid:484)(cid:882)(cid:891)(cid:891)(cid:3),(cid:883)(cid:884)(cid:484)(cid:890)(cid:887)(cid:886)(cid:3),,,,,,,,,,,,,,,
(cid:884)(cid:882),(cid:14)(cid:131)(cid:142)(cid:139)(cid:143)(cid:131)(cid:144)(cid:150)(cid:131)(cid:144)(cid:3)(cid:5)(cid:131)(cid:148)(cid:131)(cid:150),(cid:884)(cid:484)(cid:884)(cid:890)(cid:889)(cid:3),(cid:884)(cid:484)(cid:888)(cid:889)(cid:882)(cid:3),(cid:886)(cid:484)(cid:891)(cid:887)(cid:889)(cid:3),(cid:886)(cid:484)(cid:888)(cid:889)(cid:885)(cid:3),(cid:884)(cid:484)(cid:882)(cid:882)(cid:885)(cid:3),(cid:885)(cid:484)(cid:890)(cid:890)(cid:886)(cid:3),(cid:887)(cid:484)(cid:890)(cid:890)(cid:889)(cid:3),(cid:883)(cid:484)(cid:885)(cid:889)(cid:886)(cid:3),(cid:887)(cid:889)(cid:886)(cid:3),(cid:888)(cid:886)(cid:887)(cid:3),(cid:883)(cid:484)(cid:884)(cid:883)(cid:891)(cid:3),(cid:883)(cid:484)(cid:883)(cid:882)(cid:887)(cid:3),(cid:886)(cid:484)(cid:890)(cid:888)(cid:886)(cid:3),(cid:889)(cid:484)(cid:883)(cid:891)(cid:891)(cid:3),(cid:883)(cid:884)(cid:484)(cid:882)(cid:888)(cid:885)(cid:3),(cid:889)(cid:484)(cid:883)(cid:887)(cid:884)(cid:3),,,,,,,,,,,,,,,
(cid:884)(cid:883),(cid:14)(cid:131)(cid:142)(cid:139)(cid:143)(cid:131)(cid:144)(cid:150)(cid:131)(cid:144)(cid:3)(cid:23)(cid:135)(cid:144)(cid:137)(cid:131)(cid:138),(cid:883)(cid:484)(cid:888)(cid:886)(cid:888)(cid:3),(cid:884)(cid:484)(cid:885)(cid:886)(cid:890)(cid:3),(cid:885)(cid:484)(cid:891)(cid:891)(cid:886)(cid:3),(cid:885)(cid:484)(cid:887)(cid:887)(cid:891)(cid:3),(cid:883)(cid:484)(cid:883)(cid:889)(cid:890)(cid:3),(cid:884)(cid:484)(cid:885)(cid:882)(cid:886)(cid:3),(cid:885)(cid:484)(cid:886)(cid:890)(cid:884)(cid:3),(cid:883)(cid:484)(cid:882)(cid:882)(cid:883)(cid:3),(cid:885)(cid:887)(cid:883)(cid:3),(cid:885)(cid:885)(cid:890)(cid:3),(cid:888)(cid:890)(cid:891)(cid:3),(cid:886)(cid:890)(cid:887)(cid:3),(cid:885)(cid:484)(cid:883)(cid:889)(cid:887)(cid:3),(cid:886)(cid:484)(cid:891)(cid:891)(cid:882)(cid:3),(cid:890)(cid:484)(cid:883)(cid:888)(cid:887)(cid:3),(cid:887)(cid:484)(cid:882)(cid:886)(cid:887)(cid:3),,,,,,,,,,,,,,,
(cid:884)(cid:884),(cid:14)(cid:131)(cid:142)(cid:139)(cid:143)(cid:131)(cid:144)(cid:150)(cid:131)(cid:144)(cid:3)(cid:22)(cid:135)(cid:142)(cid:131)(cid:150)(cid:131)(cid:144),(cid:883)(cid:484)(cid:883)(cid:888)(cid:882)(cid:3),(cid:883)(cid:484)(cid:889)(cid:889)(cid:887)(cid:3),(cid:884)(cid:484)(cid:891)(cid:885)(cid:887)(cid:3),(cid:885)(cid:484)(cid:891)(cid:891)(cid:888)(cid:3),(cid:884)(cid:484)(cid:886)(cid:891)(cid:884)(cid:3),(cid:885)(cid:484)(cid:888)(cid:882)(cid:891)(cid:3),(cid:888)(cid:484)(cid:883)(cid:882)(cid:883)(cid:3),(cid:883)(cid:484)(cid:888)(cid:882)(cid:885)(cid:3),(cid:886)(cid:888)(cid:886)(cid:3),(cid:886)(cid:890)(cid:888)(cid:3),(cid:891)(cid:887)(cid:882)(cid:3),(cid:885)(cid:891)(cid:885)(cid:3),(cid:886)(cid:484)(cid:883)(cid:883)(cid:888)(cid:3),(cid:887)(cid:484)(cid:890)(cid:889)(cid:882)(cid:3),(cid:891)(cid:484)(cid:891)(cid:890)(cid:888)(cid:3),(cid:887)(cid:484)(cid:891)(cid:891)(cid:884)(cid:3),,,,,,,,,,,,,,,
(cid:884)(cid:885),(cid:14)(cid:131)(cid:142)(cid:139)(cid:143)(cid:131)(cid:144)(cid:150)(cid:131)(cid:144)(cid:3)(cid:23)(cid:139)(cid:143)(cid:151)(cid:148),(cid:890)(cid:888)(cid:886)(cid:3),(cid:883)(cid:484)(cid:890)(cid:882)(cid:882)(cid:3),(cid:884)(cid:484)(cid:888)(cid:888)(cid:886)(cid:3),(cid:884)(cid:484)(cid:888)(cid:889)(cid:890)(cid:3),(cid:884)(cid:484)(cid:882)(cid:882)(cid:885)(cid:3),(cid:887)(cid:484)(cid:883)(cid:887)(cid:885)(cid:3),(cid:889)(cid:484)(cid:883)(cid:887)(cid:888)(cid:3),(cid:883)(cid:484)(cid:887)(cid:886)(cid:888)(cid:3),(cid:887)(cid:889)(cid:883)(cid:3),(cid:890)(cid:885)(cid:888)(cid:3),(cid:883)(cid:484)(cid:886)(cid:882)(cid:889)(cid:3),(cid:891)(cid:889)(cid:883)(cid:3),(cid:885)(cid:484)(cid:886)(cid:885)(cid:890)(cid:3),(cid:889)(cid:484)(cid:889)(cid:890)(cid:891)(cid:3),(cid:883)(cid:883)(cid:484)(cid:884)(cid:884)(cid:889)(cid:3),(cid:887)(cid:484)(cid:883)(cid:891)(cid:887)(cid:3),,,,,,,,,,,,,,,
(cid:884)(cid:886),(cid:14)(cid:131)(cid:142)(cid:139)(cid:143)(cid:131)(cid:144)(cid:150)(cid:131)(cid:144)(cid:3)(cid:24)(cid:150)(cid:131)(cid:148)(cid:131),(cid:885)(cid:884)(cid:883)(cid:3),(cid:888)(cid:887)(cid:889)(cid:3),(cid:891)(cid:889)(cid:890)(cid:3),(cid:889)(cid:889)(cid:882)(cid:3),(cid:886)(cid:891)(cid:884)(cid:3),(cid:883)(cid:484)(cid:882)(cid:891)(cid:890)(cid:3),(cid:883)(cid:484)(cid:887)(cid:891)(cid:882)(cid:3),(cid:886)(cid:887)(cid:884)(cid:3),(cid:890)(cid:886)(cid:3),(cid:891)(cid:890)(cid:3),(cid:883)(cid:890)(cid:884)(cid:3),(cid:883)(cid:884)(cid:882)(cid:3),(cid:890)(cid:891)(cid:889)(cid:3),(cid:883)(cid:484)(cid:890)(cid:887)(cid:885)(cid:3),(cid:884)(cid:484)(cid:889)(cid:887)(cid:882)(cid:3),(cid:883)(cid:484)(cid:885)(cid:886)(cid:884)(cid:3),,,,,,,,,,,,,,,
(cid:884)(cid:887),(cid:22)(cid:151)(cid:142)(cid:131)(cid:153)(cid:135)(cid:149)(cid:139)(cid:3)(cid:24)(cid:150)(cid:131)(cid:148)(cid:131),(cid:887)(cid:883)(cid:889)(cid:3),(cid:884)(cid:484)(cid:886)(cid:890)(cid:884)(cid:3),(cid:884)(cid:484)(cid:891)(cid:891)(cid:891)(cid:3),(cid:884)(cid:484)(cid:883)(cid:883)(cid:882)(cid:3),(cid:883)(cid:484)(cid:887)(cid:890)(cid:888)(cid:3),(cid:887)(cid:484)(cid:883)(cid:891)(cid:890)(cid:3),(cid:888)(cid:484)(cid:889)(cid:890)(cid:886)(cid:3),(cid:883)(cid:484)(cid:883)(cid:884)(cid:883)(cid:3),(cid:883)(cid:885)(cid:887)(cid:3),(cid:885)(cid:885)(cid:884)(cid:3),(cid:886)(cid:888)(cid:889)(cid:3),(cid:891)(cid:890)(cid:3),(cid:884)(cid:484)(cid:884)(cid:885)(cid:890)(cid:3),(cid:890)(cid:484)(cid:882)(cid:883)(cid:884)(cid:3),(cid:883)(cid:882)(cid:484)(cid:884)(cid:887)(cid:882)(cid:3),(cid:885)(cid:484)(cid:885)(cid:884)(cid:891)(cid:3),,,,,,,,,,,,,,,
(cid:884)(cid:888),(cid:22)(cid:151)(cid:142)(cid:131)(cid:153)(cid:135)(cid:149)(cid:139)(cid:3)(cid:23)(cid:135)(cid:144)(cid:137)(cid:131)(cid:138),(cid:883)(cid:484)(cid:884)(cid:886)(cid:882)(cid:3),(cid:884)(cid:484)(cid:890)(cid:890)(cid:886)(cid:3),(cid:886)(cid:484)(cid:883)(cid:884)(cid:886)(cid:3),(cid:887)(cid:484)(cid:883)(cid:888)(cid:889)(cid:3),(cid:883)(cid:484)(cid:885)(cid:889)(cid:890)(cid:3),(cid:885)(cid:484)(cid:888)(cid:889)(cid:884)(cid:3),(cid:887)(cid:484)(cid:882)(cid:887)(cid:882)(cid:3),(cid:883)(cid:484)(cid:889)(cid:889)(cid:889)(cid:3),(cid:884)(cid:888)(cid:882)(cid:3),(cid:885)(cid:885)(cid:889)(cid:3),(cid:887)(cid:891)(cid:889)(cid:3),(cid:883)(cid:891)(cid:891)(cid:3),(cid:884)(cid:484)(cid:890)(cid:889)(cid:890)(cid:3),(cid:888)(cid:484)(cid:890)(cid:891)(cid:885)(cid:3),(cid:891)(cid:484)(cid:889)(cid:889)(cid:883)(cid:3),(cid:889)(cid:484)(cid:883)(cid:886)(cid:885)(cid:3),,,,,,,,,,,,,,,
(cid:884)(cid:889),(cid:22)(cid:151)(cid:142)(cid:131)(cid:153)(cid:135)(cid:149)(cid:139)(cid:3)(cid:22)(cid:135)(cid:142)(cid:131)(cid:150)(cid:131)(cid:144),(cid:883)(cid:484)(cid:891)(cid:889)(cid:886)(cid:3),(cid:890)(cid:484)(cid:891)(cid:889)(cid:886)(cid:3),(cid:883)(cid:882)(cid:484)(cid:891)(cid:886)(cid:890)(cid:3),(cid:883)(cid:887)(cid:484)(cid:885)(cid:889)(cid:888)(cid:3),(cid:885)(cid:484)(cid:882)(cid:887)(cid:884)(cid:3),(cid:883)(cid:883)(cid:484)(cid:891)(cid:891)(cid:891)(cid:3),(cid:883)(cid:887)(cid:484)(cid:882)(cid:887)(cid:883)(cid:3),(cid:886)(cid:484)(cid:888)(cid:887)(cid:885)(cid:3),(cid:887)(cid:890)(cid:888)(cid:3),(cid:883)(cid:484)(cid:884)(cid:888)(cid:887)(cid:3),(cid:883)(cid:484)(cid:890)(cid:887)(cid:883)(cid:3),(cid:890)(cid:890)(cid:883)(cid:3),(cid:887)(cid:484)(cid:888)(cid:883)(cid:884)(cid:3),(cid:884)(cid:884)(cid:484)(cid:884)(cid:885)(cid:890)(cid:3),(cid:884)(cid:889)(cid:484)(cid:890)(cid:887)(cid:882)(cid:3),(cid:884)(cid:882)(cid:484)(cid:891)(cid:883)(cid:882)(cid:3),,,,,,,,,,,,,,,
(cid:884)(cid:890),(cid:22)(cid:151)(cid:142)(cid:131)(cid:153)(cid:135)(cid:149)(cid:139)(cid:3)(cid:23)(cid:135)(cid:144)(cid:137)(cid:137)(cid:131)(cid:148)(cid:131),(cid:883)(cid:484)(cid:886)(cid:891)(cid:889)(cid:3),(cid:886)(cid:484)(cid:891)(cid:883)(cid:891)(cid:3),(cid:888)(cid:484)(cid:886)(cid:883)(cid:888)(cid:3),(cid:889)(cid:484)(cid:883)(cid:891)(cid:887)(cid:3),(cid:883)(cid:484)(cid:882)(cid:884)(cid:888)(cid:3),(cid:884)(cid:484)(cid:888)(cid:887)(cid:889)(cid:3),(cid:885)(cid:484)(cid:888)(cid:890)(cid:885)(cid:3),(cid:883)(cid:484)(cid:885)(cid:885)(cid:885)(cid:3),(cid:883)(cid:890)(cid:883)(cid:3),(cid:884)(cid:891)(cid:884)(cid:3),(cid:886)(cid:889)(cid:885)(cid:3),(cid:883)(cid:887)(cid:888)(cid:3),(cid:884)(cid:484)(cid:889)(cid:882)(cid:886)(cid:3),(cid:889)(cid:484)(cid:890)(cid:888)(cid:890)(cid:3),(cid:883)(cid:882)(cid:484)(cid:887)(cid:889)(cid:884)(cid:3),(cid:890)(cid:484)(cid:888)(cid:890)(cid:886)(cid:3),,,,,,,,,,,,,,,
(cid:884)(cid:891),(cid:10)(cid:145)(cid:148)(cid:145)(cid:144)(cid:150)(cid:131)(cid:142)(cid:145),(cid:885)(cid:885)(cid:891)(cid:3),(cid:891)(cid:887)(cid:889)(cid:3),(cid:883)(cid:484)(cid:884)(cid:891)(cid:888)(cid:3),(cid:883)(cid:484)(cid:886)(cid:891)(cid:889)(cid:3),(cid:888)(cid:886)(cid:885)(cid:3),(cid:883)(cid:484)(cid:887)(cid:888)(cid:886)(cid:3),(cid:884)(cid:484)(cid:884)(cid:882)(cid:889)(cid:3),(cid:889)(cid:888)(cid:886)(cid:3),(cid:891)(cid:888)(cid:3),(cid:883)(cid:885)(cid:887)(cid:3),(cid:884)(cid:885)(cid:883)(cid:3),(cid:891)(cid:887)(cid:3),(cid:883)(cid:484)(cid:882)(cid:889)(cid:890)(cid:3),(cid:884)(cid:484)(cid:888)(cid:887)(cid:888)(cid:3),(cid:885)(cid:484)(cid:889)(cid:885)(cid:886)(cid:3),(cid:884)(cid:484)(cid:885)(cid:887)(cid:888)(cid:3),,,,,,,,,,,,,,,
(cid:885)(cid:882),(cid:22)(cid:151)(cid:142)(cid:131)(cid:153)(cid:135)(cid:149)(cid:139)(cid:3)(cid:5)(cid:131)(cid:148)(cid:131)(cid:150),(cid:887)(cid:887)(cid:889)(cid:3),(cid:883)(cid:484)(cid:888)(cid:889)(cid:889)(cid:3),(cid:884)(cid:484)(cid:884)(cid:885)(cid:886)(cid:3),(cid:885)(cid:484)(cid:882)(cid:889)(cid:885)(cid:3),(cid:885)(cid:891)(cid:887)(cid:3),(cid:883)(cid:484)(cid:882)(cid:890)(cid:889)(cid:3),(cid:883)(cid:484)(cid:886)(cid:890)(cid:884)(cid:3),(cid:888)(cid:889)(cid:891)(cid:3),(cid:888)(cid:891)(cid:3),(cid:890)(cid:886)(cid:3),(cid:883)(cid:887)(cid:885)(cid:3),(cid:890)(cid:889)(cid:3),(cid:883)(cid:484)(cid:882)(cid:884)(cid:883)(cid:3),(cid:884)(cid:484)(cid:890)(cid:886)(cid:890)(cid:3),(cid:885)(cid:484)(cid:890)(cid:888)(cid:891)(cid:3),(cid:885)(cid:484)(cid:890)(cid:885)(cid:891)(cid:3),,,,,,,,,,,,,,,
(cid:885)(cid:883),(cid:16)(cid:131)(cid:142)(cid:151)(cid:141)(cid:151),(cid:883)(cid:484)(cid:883)(cid:884)(cid:885)(cid:3),(cid:885)(cid:484)(cid:882)(cid:891)(cid:886)(cid:3),(cid:886)(cid:484)(cid:884)(cid:883)(cid:889)(cid:3),(cid:884)(cid:484)(cid:889)(cid:887)(cid:890)(cid:3),(cid:888)(cid:890)(cid:883)(cid:3),(cid:884)(cid:484)(cid:887)(cid:885)(cid:882)(cid:3),(cid:885)(cid:484)(cid:884)(cid:883)(cid:883)(cid:3),(cid:890)(cid:891)(cid:888)(cid:3),(cid:883)(cid:885)(cid:882)(cid:3),(cid:885)(cid:882)(cid:885)(cid:3),(cid:886)(cid:885)(cid:885)(cid:3),(cid:883)(cid:883)(cid:883)(cid:3),(cid:883)(cid:484)(cid:891)(cid:885)(cid:886)(cid:3),(cid:887)(cid:484)(cid:891)(cid:884)(cid:889)(cid:3),(cid:889)(cid:484)(cid:890)(cid:888)(cid:883)(cid:3),(cid:885)(cid:484)(cid:889)(cid:888)(cid:887)(cid:3),,,,,,,,,,,,,,,
(cid:885)(cid:884),(cid:16)(cid:131)(cid:142)(cid:151)(cid:141)(cid:151)(cid:3)(cid:24)(cid:150)(cid:131)(cid:148)(cid:131),(cid:888)(cid:884)(cid:890)(cid:3),(cid:883)(cid:484)(cid:887)(cid:889)(cid:882)(cid:3),(cid:884)(cid:484)(cid:883)(cid:891)(cid:890)(cid:3),(cid:885)(cid:484)(cid:884)(cid:889)(cid:882)(cid:3),(cid:886)(cid:887)(cid:882)(cid:3),(cid:883)(cid:484)(cid:885)(cid:889)(cid:885)(cid:3),(cid:883)(cid:484)(cid:890)(cid:884)(cid:885)(cid:3),(cid:889)(cid:889)(cid:890)(cid:3),(cid:883)(cid:887)(cid:889)(cid:3),(cid:883)(cid:889)(cid:882)(cid:3),(cid:885)(cid:884)(cid:889)(cid:3),(cid:883)(cid:882)(cid:890)(cid:3),(cid:883)(cid:484)(cid:884)(cid:885)(cid:887)(cid:3),(cid:885)(cid:484)(cid:883)(cid:883)(cid:885)(cid:3),(cid:886)(cid:484)(cid:885)(cid:886)(cid:890)(cid:3),(cid:886)(cid:484)(cid:883)(cid:887)(cid:888)(cid:3),,,,,,,,,,,,,,,
(cid:885)(cid:885),(cid:19)(cid:131)(cid:146)(cid:151)(cid:131),(cid:889)(cid:888)(cid:882)(cid:3),(cid:883)(cid:484)(cid:884)(cid:890)(cid:890)(cid:3),(cid:884)(cid:484)(cid:882)(cid:886)(cid:890)(cid:3),(cid:883)(cid:484)(cid:883)(cid:891)(cid:885)(cid:3),(cid:888)(cid:887)(cid:890)(cid:3),(cid:883)(cid:484)(cid:889)(cid:888)(cid:882)(cid:3),(cid:884)(cid:484)(cid:886)(cid:883)(cid:890)(cid:3),(cid:887)(cid:883)(cid:891)(cid:3),(cid:883)(cid:886)(cid:891)(cid:3),(cid:883)(cid:884)(cid:882)(cid:3),(cid:884)(cid:888)(cid:891)(cid:3),(cid:886)(cid:888)(cid:3),(cid:883)(cid:484)(cid:887)(cid:888)(cid:889)(cid:3),(cid:885)(cid:484)(cid:883)(cid:888)(cid:890)(cid:3),(cid:886)(cid:484)(cid:889)(cid:885)(cid:887)(cid:3),(cid:883)(cid:484)(cid:889)(cid:887)(cid:890)(cid:3),,,,,,,,,,,,,,,
(cid:885)(cid:886),(cid:19)(cid:131)(cid:146)(cid:151)(cid:131)(cid:3)(cid:5)(cid:131)(cid:148)(cid:131)(cid:150),(cid:888)(cid:883)(cid:885)(cid:3),(cid:891)(cid:885)(cid:888)(cid:3),(cid:883)(cid:484)(cid:887)(cid:886)(cid:891)(cid:3),(cid:883)(cid:484)(cid:882)(cid:887)(cid:883)(cid:3),(cid:885)(cid:888)(cid:891)(cid:3),(cid:889)(cid:889)(cid:886)(cid:3),(cid:883)(cid:484)(cid:883)(cid:886)(cid:885)(cid:3),(cid:885)(cid:891)(cid:883)(cid:3),(cid:888)(cid:889)(cid:3),(cid:885)(cid:888)(cid:3),(cid:883)(cid:882)(cid:885)(cid:3),(cid:884)(cid:891)(cid:3),(cid:883)(cid:484)(cid:882)(cid:886)(cid:891)(cid:3),(cid:883)(cid:484)(cid:889)(cid:886)(cid:888)(cid:3),(cid:884)(cid:484)(cid:889)(cid:891)(cid:887)(cid:3),(cid:883)(cid:484)(cid:886)(cid:889)(cid:883)(cid:3),,,,,,,,,,,,,,,
(cid:885)(cid:887),(cid:19)(cid:131)(cid:146)(cid:151)(cid:131)(cid:3)(cid:22)(cid:135)(cid:142)(cid:131)(cid:150)(cid:131)(cid:144),(cid:885)(cid:886)(cid:887)(cid:3),(cid:887)(cid:887)(cid:889)(cid:3),(cid:891)(cid:882)(cid:884)(cid:3),(cid:889)(cid:887)(cid:886)(cid:3),(cid:883)(cid:887)(cid:891)(cid:3),(cid:887)(cid:888)(cid:887)(cid:3),(cid:889)(cid:884)(cid:886)(cid:3),(cid:884)(cid:890)(cid:888)(cid:3),(cid:889)(cid:882)(cid:3),(cid:887)(cid:891)(cid:3),(cid:883)(cid:884)(cid:891)(cid:3),(cid:886)(cid:882)(cid:3),(cid:887)(cid:889)(cid:886)(cid:3),(cid:883)(cid:484)(cid:883)(cid:890)(cid:883)(cid:3),(cid:883)(cid:484)(cid:889)(cid:887)(cid:887)(cid:3),(cid:883)(cid:484)(cid:882)(cid:890)(cid:882)(cid:3),,,,,,,,,,,,,,,
(cid:885)(cid:888),(cid:19)(cid:131)(cid:146)(cid:151)(cid:131)(cid:3)(cid:23)(cid:135)(cid:144)(cid:137)(cid:131)(cid:138),(cid:888)(cid:886)(cid:890)(cid:3),(cid:883)(cid:484)(cid:883)(cid:888)(cid:887)(cid:3),(cid:883)(cid:484)(cid:890)(cid:883)(cid:885)(cid:3),(cid:890)(cid:890)(cid:886)(cid:3),(cid:885)(cid:885)(cid:882)(cid:3),(cid:889)(cid:887)(cid:887)(cid:3),(cid:883)(cid:484)(cid:882)(cid:890)(cid:887)(cid:3),(cid:884)(cid:888)(cid:888)(cid:3),(cid:883)(cid:882)(cid:891)(cid:3),(cid:883)(cid:883)(cid:883)(cid:3),(cid:884)(cid:884)(cid:882)(cid:3),(cid:883)(cid:883)(cid:885)(cid:3),(cid:883)(cid:484)(cid:882)(cid:890)(cid:889)(cid:3),(cid:884)(cid:484)(cid:882)(cid:885)(cid:883)(cid:3),(cid:885)(cid:484)(cid:883)(cid:883)(cid:890)(cid:3),(cid:883)(cid:484)(cid:884)(cid:888)(cid:885)(cid:3),,,,,,,,,,,,,,,
(cid:885)(cid:889) (cid:19)(cid:131)(cid:146)(cid:151)(cid:131)(cid:3)(cid:19)(cid:135)(cid:137)(cid:151)(cid:144)(cid:151)(cid:144)(cid:137)(cid:131)(cid:144) Indonesia (cid:885)(cid:890) (cid:19)(cid:131)(cid:146)(cid:151)(cid:131)(cid:3)(cid:5)(cid:131)(cid:148)(cid:131)(cid:150)(cid:3)(cid:7)(cid:131)(cid:155)(cid:131),,(cid:886)(cid:891)(cid:886)(cid:3) 53.382 (cid:885)(cid:891)(cid:886)(cid:3),(cid:887)(cid:884)(cid:889)(cid:3) 112.360 (cid:883)(cid:484)(cid:883)(cid:882)(cid:886)(cid:3),(cid:883)(cid:484)(cid:882)(cid:884)(cid:883)(cid:3) 165.742 (cid:883)(cid:484)(cid:886)(cid:891)(cid:890)(cid:3),(cid:886)(cid:891)(cid:891)(cid:3) 221.323 (cid:883)(cid:484)(cid:882)(cid:885)(cid:884)(cid:3),(cid:883)(cid:886)(cid:886)(cid:3) 102.420 (cid:884)(cid:884)(cid:885)(cid:3),(cid:885)(cid:883)(cid:887)(cid:3) 261.834 (cid:888)(cid:886)(cid:884)(cid:3),(cid:886)(cid:887)(cid:891)(cid:3) 364.254 (cid:890)(cid:888)(cid:887)(cid:3),(cid:885)(cid:883)(cid:887)(cid:3) 84.664 (cid:888)(cid:886)(cid:884)(cid:3),(cid:888)(cid:885)(cid:3) 18.220 (cid:889)(cid:882)(cid:3),(cid:889)(cid:883)(cid:3) 35.131 (cid:889)(cid:883)(cid:3),(cid:883)(cid:885)(cid:886)(cid:3) 53.351 (cid:883)(cid:886)(cid:883)(cid:3),(cid:886)(cid:883)(cid:3) 38.941 (cid:887)(cid:890)(cid:3),(cid:889)(cid:882)(cid:883)(cid:3) 174.022 (cid:888)(cid:890)(cid:889)(cid:3),(cid:891)(cid:883)(cid:885)(cid:3) 409.325 (cid:883)(cid:484)(cid:890)(cid:883)(cid:889)(cid:3),(cid:883)(cid:484)(cid:888)(cid:883)(cid:886)(cid:3) 583.347 (cid:884)(cid:484)(cid:887)(cid:882)(cid:886)(cid:3),(cid:890)(cid:887)(cid:887)(cid:3) 344.928 (cid:883)(cid:484)(cid:889)(cid:885)(cid:884)(cid:3),,,,,,,,,,,,,,,
No,Provinsi,natawarepeK aganeT,nanadibeK aganeT,Tenaga Kesehatan Masyarakat,,,,nagnukgniL nataheseK aganeT,iziG aganeT,Tenaga Keterapian Fisik,,,,Tenaga Keteknisian Medik,,,,,,,,Tenaga Teknik Biomedika,,,,,Tenaga Kesehatan Tradisional,,,sinilK igolokisP aganeT,reketopA,latoT
,,,,nataheseK takaraysaM,nataheseK isomorP,goloimedipE nataheseK,ajreK gnibmibmeP nataheseK,,,iparetoisiF,sipareT isapukO,araciW sipareT,rutknupukA,sideM makeR,raluksavoidraK kinkeT,nanayaleP isinkeT haraD,sinoiskarfeR neisitpO,igiG isinkeT,isetsenA ataneP,nad igiG tuluM sipareT,sigoloiduA,refargoidaR,sidemortkelE,igolonkeT muirotarobaL kideM ilhA,sideM nawakisiF,kitetsorP sitotrO,tabogneP lanoisidarT,umaJ naumaR,latnenitnokretnI,,,
(1),(2),(3),(4),(5),(6),(7),(8),(9),(10),(11),(12),(13),(14),(15),(16),(17),(18),(19),(20),(21),(22),(23),(24),(25),(26),(27),(28),(29),(30),(31),(32),(33)
,,,,,,,,,,,,,,,,,,,,107,0,43,15,,,,,0,0,4,802,4.748
,,,,,,,,,,,,,,,,,,,,162,1,117,49,,,,,0,0,5,613,7.538
(cid:883),(cid:4)(cid:133)(cid:135)(cid:138),(cid:884)(cid:484)(cid:884)(cid:882)(cid:891)(cid:3),(cid:888)(cid:883)(cid:885)(cid:3),(cid:884)(cid:890)(cid:888)(cid:3),(cid:886)(cid:884)(cid:3),(cid:886)(cid:886)(cid:3),(cid:883)(cid:3),(cid:883)(cid:885)(cid:884)(cid:3),(cid:884)(cid:882)(cid:891)(cid:3),(cid:884)(cid:890)(cid:3),(cid:882)(cid:3),(cid:883)(cid:3),(cid:882)(cid:3),(cid:890)(cid:888)(cid:3),(cid:883)(cid:3),(cid:887)(cid:3),(cid:884)(cid:890)(cid:3),(cid:882)(cid:3),(cid:886)(cid:3),63,0,72,71,(cid:890)(cid:888)(cid:3),(cid:883)(cid:3),(cid:883)(cid:3),(cid:882)(cid:3),0,0,4,357,3.903
(cid:884),(cid:22)(cid:151)(cid:143)(cid:131)(cid:150)(cid:135)(cid:148)(cid:131)(cid:3)(cid:24)(cid:150)(cid:131)(cid:148)(cid:131),(cid:885)(cid:484)(cid:882)(cid:889)(cid:882)(cid:3),(cid:883)(cid:484)(cid:888)(cid:888)(cid:882)(cid:3),(cid:885)(cid:882)(cid:886)(cid:3),(cid:886)(cid:882)(cid:3),(cid:883)(cid:883)(cid:3),(cid:883)(cid:3),(cid:884)(cid:882)(cid:891)(cid:3),(cid:886)(cid:883)(cid:889)(cid:3),(cid:890)(cid:891)(cid:3),(cid:884)(cid:3),(cid:883)(cid:883)(cid:3),(cid:883)(cid:3),(cid:884)(cid:884)(cid:886)(cid:3),(cid:882)(cid:3),(cid:889)(cid:3),(cid:886)(cid:887)(cid:3),(cid:885)(cid:3),(cid:889)(cid:3),19,0,77,31,(cid:886)(cid:890)(cid:890)(cid:3),(cid:883)(cid:3),(cid:882)(cid:3),(cid:883)(cid:3),0,0,9,430,3.457
(cid:885),(cid:22)(cid:151)(cid:143)(cid:131)(cid:150)(cid:135)(cid:148)(cid:131)(cid:3)(cid:5)(cid:131)(cid:148)(cid:131)(cid:150),(cid:883)(cid:484)(cid:887)(cid:884)(cid:883)(cid:3),(cid:888)(cid:884)(cid:887)(cid:3),(cid:884)(cid:883)(cid:884)(cid:3),(cid:886)(cid:886)(cid:3),(cid:883)(cid:887)(cid:3),(cid:883)(cid:3),(cid:883)(cid:884)(cid:891)(cid:3),(cid:883)(cid:890)(cid:886)(cid:3),(cid:890)(cid:883)(cid:3),(cid:890)(cid:3),(cid:888)(cid:883)(cid:3),(cid:883)(cid:3),(cid:883)(cid:886)(cid:887)(cid:3),(cid:883)(cid:3),(cid:883)(cid:888)(cid:3),(cid:886)(cid:889)(cid:3),(cid:884)(cid:3),(cid:886)(cid:890)(cid:3),83,0,30,13,(cid:883)(cid:891)(cid:884)(cid:3),(cid:883)(cid:3),(cid:883)(cid:3),(cid:883)(cid:3),0,0,5,203,1.873
(cid:886),(cid:21)(cid:139)(cid:131)(cid:151),(cid:883)(cid:484)(cid:884)(cid:888)(cid:883)(cid:3),(cid:888)(cid:888)(cid:890)(cid:3),(cid:883)(cid:891)(cid:882)(cid:3),(cid:884)(cid:887)(cid:3),(cid:883)(cid:891)(cid:3),(cid:884)(cid:3),(cid:885)(cid:884)(cid:3),(cid:883)(cid:882)(cid:884)(cid:3),(cid:889)(cid:886)(cid:3),(cid:886)(cid:3),(cid:883)(cid:883)(cid:3),(cid:883)(cid:3),(cid:883)(cid:891)(cid:883)(cid:3),(cid:884)(cid:3),(cid:884)(cid:3),(cid:883)(cid:890)(cid:3),(cid:883)(cid:3),(cid:883)(cid:888)(cid:3),81,0,55,20,(cid:884)(cid:889)(cid:882)(cid:3),(cid:883)(cid:3),(cid:882)(cid:3),(cid:883)(cid:3),0,0,10,710,4.181
(cid:887),(cid:13)(cid:131)(cid:143)(cid:132)(cid:139),(cid:889)(cid:882)(cid:890)(cid:3),(cid:885)(cid:889)(cid:891)(cid:3),(cid:883)(cid:882)(cid:887)(cid:3),(cid:884)(cid:882)(cid:3),(cid:883)(cid:890)(cid:3),(cid:884)(cid:3),(cid:886)(cid:891)(cid:3),(cid:885)(cid:884)(cid:3),(cid:885)(cid:887)(cid:3),(cid:884)(cid:3),(cid:884)(cid:3),(cid:882)(cid:3),(cid:887)(cid:887)(cid:3),(cid:883)(cid:3),(cid:883)(cid:3),(cid:888)(cid:3),(cid:882)(cid:3),(cid:883)(cid:888)(cid:3),6,0,26,24,(cid:883)(cid:882)(cid:889)(cid:3),(cid:882)(cid:3),(cid:883)(cid:3),(cid:882)(cid:3),0,0,2,211,1.749
(cid:888),(cid:22)(cid:151)(cid:143)(cid:131)(cid:150)(cid:135)(cid:148)(cid:131)(cid:3)(cid:22)(cid:135)(cid:142)(cid:131)(cid:150)(cid:131)(cid:144),(cid:883)(cid:484)(cid:885)(cid:888)(cid:887)(cid:3),(cid:891)(cid:882)(cid:884)(cid:3),(cid:883)(cid:885)(cid:884)(cid:3),(cid:890)(cid:882)(cid:3),(cid:884)(cid:888)(cid:3),(cid:882)(cid:3),(cid:883)(cid:885)(cid:889)(cid:3),(cid:883)(cid:884)(cid:891)(cid:3),(cid:886)(cid:888)(cid:3),(cid:885)(cid:3),(cid:890)(cid:3),(cid:884)(cid:3),(cid:883)(cid:887)(cid:883)(cid:3),(cid:882)(cid:3),(cid:883)(cid:888)(cid:3),(cid:883)(cid:888)(cid:3),(cid:888)(cid:3),(cid:886)(cid:883)(cid:3),63,3,58,43,(cid:884)(cid:886)(cid:886)(cid:3),(cid:882)(cid:3),(cid:882)(cid:3),(cid:883)(cid:3),0,0,3,583,3.873
(cid:889),(cid:5)(cid:135)(cid:144)(cid:137)(cid:141)(cid:151)(cid:142)(cid:151),(cid:887)(cid:888)(cid:882)(cid:3),(cid:885)(cid:883)(cid:890)(cid:3),(cid:887)(cid:890)(cid:3),(cid:888)(cid:884)(cid:3),(cid:886)(cid:3),(cid:883)(cid:3),(cid:890)(cid:887)(cid:3),(cid:891)(cid:887)(cid:3),(cid:883)(cid:884)(cid:3),(cid:883)(cid:3),(cid:882)(cid:3),(cid:883)(cid:3),(cid:891)(cid:887)(cid:3),(cid:883)(cid:3),(cid:884)(cid:3),(cid:887)(cid:3),(cid:882)(cid:3),(cid:885)(cid:891)(cid:3),2,0,10,3,(cid:883)(cid:886)(cid:883)(cid:3),(cid:882)(cid:3),(cid:882)(cid:3),(cid:882)(cid:3),0,0,6,302,874
(cid:890),(cid:15)(cid:131)(cid:143)(cid:146)(cid:151)(cid:144)(cid:137),(cid:883)(cid:484)(cid:886)(cid:885)(cid:888)(cid:3),(cid:889)(cid:882)(cid:886)(cid:3),(cid:886)(cid:887)(cid:3),(cid:884)(cid:890)(cid:3),(cid:888)(cid:3),(cid:882)(cid:3),(cid:884)(cid:886)(cid:887)(cid:3),(cid:883)(cid:890)(cid:889)(cid:3),(cid:888)(cid:886)(cid:3),(cid:885)(cid:3),(cid:883)(cid:884)(cid:3),(cid:888)(cid:3),(cid:891)(cid:884)(cid:3),(cid:886)(cid:3),(cid:891)(cid:3),(cid:885)(cid:882)(cid:3),(cid:886)(cid:891)(cid:3),(cid:885)(cid:887)(cid:3),11,0,15,4,(cid:883)(cid:888)(cid:884)(cid:3),(cid:883)(cid:3),(cid:884)(cid:3),(cid:882)(cid:3),0,0,4,129,1.008
(cid:891),(cid:14)(cid:135)(cid:146)(cid:484)(cid:3)(cid:5)(cid:131)(cid:144)(cid:137)(cid:141)(cid:131)(cid:3)(cid:5)(cid:135)(cid:142)(cid:139)(cid:150)(cid:151)(cid:144)(cid:137),(cid:884)(cid:889)(cid:890)(cid:3),(cid:891)(cid:891)(cid:3),(cid:884)(cid:884)(cid:3),(cid:883)(cid:886)(cid:3),(cid:887)(cid:3),(cid:885)(cid:3),(cid:888)(cid:3),(cid:887)(cid:888)(cid:3),(cid:891)(cid:3),(cid:882)(cid:3),(cid:884)(cid:3),(cid:882)(cid:3),(cid:884)(cid:885)(cid:3),(cid:885)(cid:3),(cid:889)(cid:3),(cid:882)(cid:3),(cid:882)(cid:3),(cid:884)(cid:3),50,4,78,90,(cid:884)(cid:884)(cid:3),(cid:882)(cid:3),(cid:882)(cid:3),(cid:882)(cid:3),0,6,60,924,4.294
(cid:883)(cid:882),(cid:14)(cid:135)(cid:146)(cid:151)(cid:142)(cid:131)(cid:151)(cid:131)(cid:144)(cid:3)(cid:21)(cid:139)(cid:131)(cid:151),(cid:885)(cid:889)(cid:884)(cid:3),(cid:884)(cid:884)(cid:882)(cid:3),(cid:884)(cid:889)(cid:3),(cid:890)(cid:3),(cid:889)(cid:3),(cid:882)(cid:3),(cid:889)(cid:889)(cid:3),(cid:884)(cid:883)(cid:3),(cid:883)(cid:884)(cid:3),(cid:885)(cid:3),(cid:884)(cid:3),(cid:883)(cid:3),(cid:886)(cid:883)(cid:3),(cid:882)(cid:3),(cid:888)(cid:3),(cid:884)(cid:3),(cid:884)(cid:3),(cid:885)(cid:3),190,2,199,119,(cid:885)(cid:890)(cid:3),(cid:883)(cid:3),(cid:883)(cid:3),(cid:883)(cid:3),0,1,100,3.477,18.206
(cid:883)(cid:883),(cid:7)(cid:14)(cid:12)(cid:3)(cid:13)(cid:131)(cid:141)(cid:131)(cid:148)(cid:150)(cid:131),(cid:883)(cid:484)(cid:887)(cid:885)(cid:888)(cid:3),(cid:885)(cid:882)(cid:884)(cid:3),(cid:883)(cid:889)(cid:891)(cid:3),(cid:883)(cid:884)(cid:3),(cid:883)(cid:891)(cid:3),(cid:888)(cid:3),(cid:883)(cid:887)(cid:886)(cid:3),(cid:884)(cid:886)(cid:891)(cid:3),(cid:883)(cid:883)(cid:883)(cid:3),(cid:883)(cid:887)(cid:3),(cid:883)(cid:889)(cid:3),(cid:886)(cid:887)(cid:3),(cid:889)(cid:888)(cid:3),(cid:884)(cid:3),(cid:883)(cid:887)(cid:3),(cid:887)(cid:887)(cid:3),(cid:884)(cid:888)(cid:3),(cid:883)(cid:3),150,3,251,160,(cid:884)(cid:886)(cid:890)(cid:3),(cid:887)(cid:3),(cid:890)(cid:3),(cid:883)(cid:3),4,0,53,2.391,14.815
(cid:883)(cid:884),(cid:13)(cid:131)(cid:153)(cid:131)(cid:3)(cid:5)(cid:131)(cid:148)(cid:131)(cid:150),(cid:889)(cid:484)(cid:886)(cid:891)(cid:889)(cid:3),(cid:884)(cid:484)(cid:883)(cid:884)(cid:885)(cid:3),(cid:885)(cid:891)(cid:890)(cid:3),(cid:883)(cid:886)(cid:890)(cid:3),(cid:890)(cid:882)(cid:3),(cid:891)(cid:3),(cid:885)(cid:883)(cid:887)(cid:3),(cid:888)(cid:887)(cid:882)(cid:3),(cid:884)(cid:887)(cid:883)(cid:3),(cid:885)(cid:884)(cid:3),(cid:886)(cid:891)(cid:3),(cid:887)(cid:886)(cid:3),(cid:891)(cid:889)(cid:882)(cid:3),(cid:888)(cid:3),(cid:887)(cid:885)(cid:3),(cid:883)(cid:889)(cid:889)(cid:3),(cid:884)(cid:887)(cid:3),(cid:886)(cid:889)(cid:3),38,1,39,31,(cid:883)(cid:484)(cid:884)(cid:883)(cid:890)(cid:3),(cid:885)(cid:3),(cid:883)(cid:883)(cid:3),(cid:884)(cid:3),0,0,24,265,1.648
(cid:883)(cid:885),(cid:13)(cid:131)(cid:153)(cid:131)(cid:3)(cid:23)(cid:135)(cid:144)(cid:137)(cid:131)(cid:138),(cid:888)(cid:484)(cid:887)(cid:888)(cid:883)(cid:3),(cid:883)(cid:484)(cid:884)(cid:883)(cid:884)(cid:3),(cid:884)(cid:889)(cid:890)(cid:3),(cid:888)(cid:891)(cid:3),(cid:889)(cid:885)(cid:3),(cid:884)(cid:885)(cid:3),(cid:884)(cid:886)(cid:890)(cid:3),(cid:887)(cid:891)(cid:889)(cid:3),(cid:885)(cid:889)(cid:882)(cid:3),(cid:883)(cid:882)(cid:890)(cid:3),(cid:883)(cid:883)(cid:884)(cid:3),(cid:889)(cid:888)(cid:3),(cid:891)(cid:882)(cid:891)(cid:3),(cid:885)(cid:3),(cid:890)(cid:890)(cid:3),(cid:891)(cid:891)(cid:3),(cid:885)(cid:3),(cid:890)(cid:890)(cid:3),104,0,171,130,(cid:890)(cid:883)(cid:886)(cid:3),(cid:883)(cid:887)(cid:3),(cid:887)(cid:889)(cid:3),(cid:882)(cid:3),0,5,46,2.934,18.598
(cid:883)(cid:886),(cid:7)(cid:12)(cid:3)(cid:28)(cid:145)(cid:137)(cid:155)(cid:131)(cid:141)(cid:131)(cid:148)(cid:150)(cid:131),(cid:887)(cid:889)(cid:889)(cid:3),(cid:883)(cid:889)(cid:885)(cid:3),(cid:883)(cid:890)(cid:3),(cid:885)(cid:3),(cid:888)(cid:3),(cid:882)(cid:3),(cid:883)(cid:882)(cid:887)(cid:3),(cid:891)(cid:888)(cid:3),(cid:886)(cid:882)(cid:3),(cid:883)(cid:3),(cid:885)(cid:3),(cid:882)(cid:3),(cid:883)(cid:884)(cid:889)(cid:3),(cid:882)(cid:3),(cid:887)(cid:3),(cid:884)(cid:3),(cid:882)(cid:3),(cid:884)(cid:885)(cid:3),28,0,39,51,(cid:889)(cid:882)(cid:3),(cid:882)(cid:3),(cid:883)(cid:3),(cid:882)(cid:3),0,0,22,880,4.064
(cid:883)(cid:887),(cid:13)(cid:131)(cid:153)(cid:131)(cid:3)(cid:23)(cid:139)(cid:143)(cid:151)(cid:148),(cid:890)(cid:484)(cid:883)(cid:890)(cid:889)(cid:3),(cid:884)(cid:484)(cid:887)(cid:886)(cid:886)(cid:3),(cid:885)(cid:885)(cid:888)(cid:3),(cid:883)(cid:882)(cid:891)(cid:3),(cid:886)(cid:889)(cid:3),(cid:887)(cid:3),(cid:884)(cid:885)(cid:891)(cid:3),(cid:890)(cid:890)(cid:890)(cid:3),(cid:885)(cid:883)(cid:883)(cid:3),(cid:884)(cid:890)(cid:3),(cid:885)(cid:882)(cid:3),(cid:884)(cid:891)(cid:3),(cid:891)(cid:882)(cid:885)(cid:3),(cid:882)(cid:3),(cid:883)(cid:884)(cid:883)(cid:3),(cid:890)(cid:889)(cid:3),(cid:885)(cid:883)(cid:3),(cid:883)(cid:885)(cid:3),62,0,32,20,(cid:883)(cid:484)(cid:884)(cid:882)(cid:883)(cid:3),(cid:883)(cid:891)(cid:3),(cid:884)(cid:883)(cid:3),(cid:887)(cid:891)(cid:3),0,0,9,471,2.134
(cid:883)(cid:888),(cid:5)(cid:131)(cid:144)(cid:150)(cid:135)(cid:144),(cid:883)(cid:484)(cid:887)(cid:885)(cid:884)(cid:3),(cid:887)(cid:891)(cid:887)(cid:3),(cid:883)(cid:890)(cid:886)(cid:3),(cid:884)(cid:884)(cid:3),(cid:891)(cid:3),(cid:885)(cid:3),(cid:888)(cid:887)(cid:3),(cid:883)(cid:883)(cid:887)(cid:3),(cid:888)(cid:886)(cid:3),(cid:883)(cid:882)(cid:3),(cid:885)(cid:3),(cid:888)(cid:3),(cid:883)(cid:886)(cid:886)(cid:3),(cid:883)(cid:883)(cid:3),(cid:883)(cid:884)(cid:3),(cid:885)(cid:884)(cid:3),(cid:883)(cid:884)(cid:3),(cid:886)(cid:3),49,0,35,36,(cid:884)(cid:883)(cid:886)(cid:3),(cid:883)(cid:3),(cid:887)(cid:3),(cid:883)(cid:3),0,0,3,495,2.938
(cid:883)(cid:889),(cid:5)(cid:131)(cid:142)(cid:139),(cid:889)(cid:888)(cid:883)(cid:3),(cid:883)(cid:891)(cid:885)(cid:3),(cid:884)(cid:891)(cid:3),(cid:883)(cid:886)(cid:3),(cid:884)(cid:882)(cid:3),(cid:882)(cid:3),(cid:888)(cid:889)(cid:3),(cid:891)(cid:890)(cid:3),(cid:889)(cid:891)(cid:3),(cid:882)(cid:3),(cid:883)(cid:3),(cid:887)(cid:3),(cid:886)(cid:888)(cid:3),(cid:882)(cid:3),(cid:883)(cid:883)(cid:3),(cid:887)(cid:3),(cid:884)(cid:3),(cid:887)(cid:891)(cid:3),138,1,33,34,(cid:883)(cid:886)(cid:889)(cid:3),(cid:884)(cid:3),(cid:882)(cid:3),(cid:883)(cid:3),0,0,1,352,4.743
(cid:883)(cid:890),(cid:17)(cid:151)(cid:149)(cid:131)(cid:3)(cid:23)(cid:135)(cid:144)(cid:137)(cid:137)(cid:131)(cid:148)(cid:131)(cid:3)(cid:5)(cid:131)(cid:148)(cid:131)(cid:150),(cid:883)(cid:484)(cid:882)(cid:883)(cid:886)(cid:3),(cid:886)(cid:886)(cid:891)(cid:3),(cid:887)(cid:891)(cid:3),(cid:886)(cid:888)(cid:3),(cid:883)(cid:887)(cid:3),(cid:882)(cid:3),(cid:886)(cid:885)(cid:3),(cid:884)(cid:882)(cid:885)(cid:3),(cid:888)(cid:885)(cid:3),(cid:885)(cid:3),(cid:885)(cid:3),(cid:882)(cid:3),(cid:883)(cid:886)(cid:887)(cid:3),(cid:884)(cid:3),(cid:883)(cid:891)(cid:3),(cid:883)(cid:886)(cid:3),(cid:884)(cid:3),(cid:884)(cid:883)(cid:3),88,0,30,18,(cid:884)(cid:883)(cid:890)(cid:3),(cid:883)(cid:3),(cid:882)(cid:3),(cid:882)(cid:3),0,0,2,231,2.348
(cid:883)(cid:891),(cid:17)(cid:151)(cid:149)(cid:131)(cid:3)(cid:23)(cid:135)(cid:144)(cid:137)(cid:137)(cid:131)(cid:148)(cid:131)(cid:3)(cid:23)(cid:139)(cid:143)(cid:151)(cid:148),(cid:883)(cid:484)(cid:891)(cid:890)(cid:889)(cid:3),(cid:890)(cid:891)(cid:890)(cid:3),(cid:885)(cid:887)(cid:883)(cid:3),(cid:888)(cid:889)(cid:3),(cid:886)(cid:888)(cid:3),(cid:882)(cid:3),(cid:883)(cid:891)(cid:887)(cid:3),(cid:883)(cid:890)(cid:885)(cid:3),(cid:886)(cid:886)(cid:3),(cid:882)(cid:3),(cid:883)(cid:3),(cid:883)(cid:3),(cid:883)(cid:884)(cid:887)(cid:3),(cid:884)(cid:3),(cid:884)(cid:886)(cid:3),(cid:885)(cid:3),(cid:883)(cid:3),(cid:883)(cid:888)(cid:3),24,1,20,11,(cid:884)(cid:885)(cid:891)(cid:3),(cid:883)(cid:3),(cid:882)(cid:3),(cid:882)(cid:3),0,0,4,220,1.660
(cid:884)(cid:882),(cid:14)(cid:131)(cid:142)(cid:139)(cid:143)(cid:131)(cid:144)(cid:150)(cid:131)(cid:144)(cid:3)(cid:5)(cid:131)(cid:148)(cid:131)(cid:150),(cid:890)(cid:889)(cid:884)(cid:3),(cid:886)(cid:883)(cid:882)(cid:3),(cid:889)(cid:882)(cid:3),(cid:886)(cid:888)(cid:3),(cid:884)(cid:882)(cid:3),(cid:887)(cid:3),(cid:889)(cid:884)(cid:3),(cid:883)(cid:886)(cid:891)(cid:3),(cid:884)(cid:883)(cid:3),(cid:884)(cid:3),(cid:887)(cid:3),(cid:882)(cid:3),(cid:889)(cid:883)(cid:3),(cid:882)(cid:3),(cid:889)(cid:3),(cid:884)(cid:887)(cid:3),(cid:883)(cid:3),(cid:889)(cid:3),122,0,22,25,(cid:883)(cid:891)(cid:887)(cid:3),(cid:882)(cid:3),(cid:882)(cid:3),(cid:883)(cid:3),0,0,8,517,2.212
(cid:884)(cid:883),(cid:14)(cid:131)(cid:142)(cid:139)(cid:143)(cid:131)(cid:144)(cid:150)(cid:131)(cid:144)(cid:3)(cid:23)(cid:135)(cid:144)(cid:137)(cid:131)(cid:138),(cid:887)(cid:890)(cid:888)(cid:3),(cid:885)(cid:884)(cid:888)(cid:3),(cid:888)(cid:887)(cid:3),(cid:884)(cid:889)(cid:3),(cid:883)(cid:885)(cid:3),(cid:883)(cid:3),(cid:884)(cid:887)(cid:3),(cid:883)(cid:884)(cid:885)(cid:3),(cid:884)(cid:883)(cid:3),(cid:886)(cid:3),(cid:886)(cid:3),(cid:882)(cid:3),(cid:888)(cid:882)(cid:3),(cid:882)(cid:3),(cid:890)(cid:3),(cid:884)(cid:3),(cid:882)(cid:3),(cid:886)(cid:3),24,0,25,18,(cid:883)(cid:883)(cid:882)(cid:3),(cid:882)(cid:3),(cid:883)(cid:3),(cid:882)(cid:3),0,0,4,172,2.223
(cid:884)(cid:884),(cid:14)(cid:131)(cid:142)(cid:139)(cid:143)(cid:131)(cid:144)(cid:150)(cid:131)(cid:144)(cid:3)(cid:22)(cid:135)(cid:142)(cid:131)(cid:150)(cid:131)(cid:144),(cid:887)(cid:884)(cid:886)(cid:3),(cid:883)(cid:889)(cid:888)(cid:3),(cid:883)(cid:883)(cid:882)(cid:3),(cid:885)(cid:888)(cid:3),(cid:886)(cid:886)(cid:3),(cid:886)(cid:3),(cid:883)(cid:885)(cid:883)(cid:3),(cid:883)(cid:882)(cid:884)(cid:3),(cid:886)(cid:884)(cid:3),(cid:884)(cid:3),(cid:887)(cid:3),(cid:884)(cid:3),(cid:883)(cid:887)(cid:887)(cid:3),(cid:882)(cid:3),(cid:889)(cid:3),(cid:883)(cid:885)(cid:3),(cid:882)(cid:3),(cid:891)(cid:3),2,0,9,5,(cid:883)(cid:887)(cid:886)(cid:3),(cid:882)(cid:3),(cid:884)(cid:3),(cid:882)(cid:3),0,0,3,100,521
(cid:884)(cid:885),(cid:14)(cid:131)(cid:142)(cid:139)(cid:143)(cid:131)(cid:144)(cid:150)(cid:131)(cid:144)(cid:3)(cid:23)(cid:139)(cid:143)(cid:151)(cid:148),(cid:883)(cid:484)(cid:882)(cid:882)(cid:891)(cid:3),(cid:884)(cid:890)(cid:890)(cid:3),(cid:888)(cid:884)(cid:3),(cid:885)(cid:887)(cid:3),(cid:885)(cid:889)(cid:3),(cid:887)(cid:3),(cid:887)(cid:883)(cid:3),(cid:883)(cid:884)(cid:882)(cid:3),(cid:887)(cid:889)(cid:3),(cid:885)(cid:3),(cid:883)(cid:882)(cid:3),(cid:882)(cid:3),(cid:891)(cid:883)(cid:3),(cid:884)(cid:3),(cid:887)(cid:3),(cid:890)(cid:3),(cid:883)(cid:3),(cid:885)(cid:3),38,0,17,5,(cid:883)(cid:890)(cid:891)(cid:3),(cid:883)(cid:3),(cid:885)(cid:3),(cid:882)(cid:3),0,0,1,372,2.606
(cid:884)(cid:886),(cid:14)(cid:131)(cid:142)(cid:139)(cid:143)(cid:131)(cid:144)(cid:150)(cid:131)(cid:144)(cid:3)(cid:24)(cid:150)(cid:131)(cid:148)(cid:131),(cid:883)(cid:889)(cid:884)(cid:3),(cid:890)(cid:882)(cid:3),(cid:886)(cid:883)(cid:3),(cid:886)(cid:3),(cid:883)(cid:887)(cid:3),(cid:884)(cid:3),(cid:890)(cid:3),(cid:884)(cid:888)(cid:3),(cid:883)(cid:882)(cid:3),(cid:883)(cid:3),(cid:882)(cid:3),(cid:882)(cid:3),(cid:883)(cid:884)(cid:3),(cid:882)(cid:3),(cid:885)(cid:3),(cid:883)(cid:3),(cid:882)(cid:3),(cid:882)(cid:3),35,0,34,10,(cid:884)(cid:889)(cid:3),(cid:882)(cid:3),(cid:882)(cid:3),(cid:882)(cid:3),0,0,6,398,2.839
(cid:884)(cid:887),(cid:22)(cid:151)(cid:142)(cid:131)(cid:153)(cid:135)(cid:149)(cid:139)(cid:3)(cid:24)(cid:150)(cid:131)(cid:148)(cid:131),(cid:883)(cid:484)(cid:884)(cid:889)(cid:890)(cid:3),(cid:885)(cid:884)(cid:891)(cid:3),(cid:883)(cid:885)(cid:887)(cid:3),(cid:885)(cid:886)(cid:3),(cid:884)(cid:889)(cid:3),(cid:884)(cid:3),(cid:891)(cid:889)(cid:3),(cid:883)(cid:883)(cid:885)(cid:3),(cid:883)(cid:884)(cid:3),(cid:882)(cid:3),(cid:882)(cid:3),(cid:882)(cid:3),(cid:884)(cid:882)(cid:3),(cid:882)(cid:3),(cid:883)(cid:882)(cid:3),(cid:883)(cid:3),(cid:882)(cid:3),(cid:887)(cid:3),117,1,56,42,(cid:883)(cid:882)(cid:890)(cid:3),(cid:884)(cid:3),(cid:882)(cid:3),(cid:882)(cid:3),0,0,6,1.606,6.450
(cid:884)(cid:888),(cid:22)(cid:151)(cid:142)(cid:131)(cid:153)(cid:135)(cid:149)(cid:139)(cid:3)(cid:23)(cid:135)(cid:144)(cid:137)(cid:131)(cid:138),(cid:883)(cid:484)(cid:882)(cid:883)(cid:884)(cid:3),(cid:886)(cid:889)(cid:886)(cid:3),(cid:884)(cid:888)(cid:889)(cid:3),(cid:888)(cid:886)(cid:3),(cid:889)(cid:891)(cid:3),(cid:883)(cid:3),(cid:890)(cid:884)(cid:3),(cid:883)(cid:884)(cid:886)(cid:3),(cid:883)(cid:884)(cid:3),(cid:883)(cid:3),(cid:884)(cid:3),(cid:882)(cid:3),(cid:884)(cid:885)(cid:3),(cid:883)(cid:882)(cid:3),(cid:885)(cid:887)(cid:3),(cid:883)(cid:3),(cid:889)(cid:3),(cid:891)(cid:3),83,0,21,59,(cid:883)(cid:887)(cid:883)(cid:3),(cid:883)(cid:3),(cid:883)(cid:3),(cid:882)(cid:3),0,0,2,448,2.943
(cid:884)(cid:889),(cid:22)(cid:151)(cid:142)(cid:131)(cid:153)(cid:135)(cid:149)(cid:139)(cid:3)(cid:22)(cid:135)(cid:142)(cid:131)(cid:150)(cid:131)(cid:144),(cid:884)(cid:484)(cid:882)(cid:887)(cid:886)(cid:3),(cid:891)(cid:883)(cid:884)(cid:3),(cid:884)(cid:884)(cid:889)(cid:3),(cid:883)(cid:882)(cid:883)(cid:3),(cid:883)(cid:884)(cid:883)(cid:3),(cid:884)(cid:882)(cid:3),(cid:883)(cid:891)(cid:887)(cid:3),(cid:883)(cid:891)(cid:884)(cid:3),(cid:883)(cid:886)(cid:885)(cid:3),(cid:883)(cid:3),(cid:886)(cid:3),(cid:883)(cid:3),(cid:884)(cid:883)(cid:885)(cid:3),(cid:884)(cid:882)(cid:3),(cid:884)(cid:3),(cid:883)(cid:889)(cid:3),(cid:883)(cid:891)(cid:3),(cid:890)(cid:3),7,0,9,3,(cid:885)(cid:888)(cid:888)(cid:3),(cid:888)(cid:3),(cid:882)(cid:3),(cid:882)(cid:3),0,0,4,226,1.207
(cid:884)(cid:890),(cid:22)(cid:151)(cid:142)(cid:131)(cid:153)(cid:135)(cid:149)(cid:139)(cid:3)(cid:23)(cid:135)(cid:144)(cid:137)(cid:137)(cid:131)(cid:148)(cid:131),(cid:889)(cid:886)(cid:887)(cid:3),(cid:887)(cid:883)(cid:882)(cid:3),(cid:884)(cid:885)(cid:883)(cid:3),(cid:888)(cid:889)(cid:3),(cid:891)(cid:889)(cid:3),(cid:890)(cid:3),(cid:890)(cid:887)(cid:3),(cid:883)(cid:887)(cid:887)(cid:3),(cid:884)(cid:889)(cid:3),(cid:882)(cid:3),(cid:882)(cid:3),(cid:882)(cid:3),(cid:890)(cid:887)(cid:3),(cid:890)(cid:3),(cid:883)(cid:884)(cid:3),(cid:885)(cid:3),(cid:886)(cid:3),(cid:883)(cid:885)(cid:3),8,0,8,0,(cid:884)(cid:890)(cid:882)(cid:3),(cid:882)(cid:3),(cid:882)(cid:3),(cid:882)(cid:3),0,0,1,181,1.125
(cid:884)(cid:891),(cid:10)(cid:145)(cid:148)(cid:145)(cid:144)(cid:150)(cid:131)(cid:142)(cid:145),(cid:886)(cid:885)(cid:889)(cid:3),(cid:883)(cid:889)(cid:888)(cid:3),(cid:891)(cid:888)(cid:3),(cid:883)(cid:884)(cid:3),(cid:884)(cid:890)(cid:3),(cid:883)(cid:3),(cid:883)(cid:884)(cid:3),(cid:887)(cid:884)(cid:3),(cid:889)(cid:3),(cid:882)(cid:3),(cid:883)(cid:3),(cid:882)(cid:3),(cid:884)(cid:891)(cid:3),(cid:886)(cid:3),(cid:884)(cid:3),(cid:882)(cid:3),(cid:882)(cid:3),(cid:882)(cid:3),19,0,22,6,(cid:883)(cid:882)(cid:883)(cid:3),(cid:882)(cid:3),(cid:882)(cid:3),(cid:882)(cid:3),0,0,3,78,2.769
(cid:885)(cid:882),(cid:22)(cid:151)(cid:142)(cid:131)(cid:153)(cid:135)(cid:149)(cid:139)(cid:3)(cid:5)(cid:131)(cid:148)(cid:131)(cid:150),(cid:886)(cid:883)(cid:885)(cid:3),(cid:884)(cid:885)(cid:888)(cid:3),(cid:886)(cid:886)(cid:3),(cid:884)(cid:884)(cid:3),(cid:883)(cid:882)(cid:3),(cid:882)(cid:3),(cid:888)(cid:887)(cid:3),(cid:890)(cid:888)(cid:3),(cid:888)(cid:3),(cid:882)(cid:3),(cid:882)(cid:3),(cid:882)(cid:3),(cid:883)(cid:886)(cid:3),(cid:886)(cid:3),(cid:882)(cid:3),(cid:884)(cid:3),(cid:883)(cid:3),(cid:882)(cid:3),13,0,6,7,(cid:884)(cid:886)(cid:3),(cid:882)(cid:3),(cid:882)(cid:3),(cid:882)(cid:3),0,0,0,66,1.442
(cid:885)(cid:883),(cid:16)(cid:131)(cid:142)(cid:151)(cid:141)(cid:151),(cid:883)(cid:484)(cid:885)(cid:888)(cid:887)(cid:3),(cid:887)(cid:885)(cid:890)(cid:3),(cid:884)(cid:885)(cid:889)(cid:3),(cid:884)(cid:887)(cid:3),(cid:885)(cid:883)(cid:3),(cid:882)(cid:3),(cid:891)(cid:882)(cid:3),(cid:883)(cid:883)(cid:889)(cid:3),(cid:888)(cid:3),(cid:882)(cid:3),(cid:883)(cid:3),(cid:882)(cid:3),(cid:883)(cid:886)(cid:3),(cid:889)(cid:3),(cid:883)(cid:883)(cid:3),(cid:884)(cid:3),(cid:885)(cid:3),(cid:887)(cid:3),7,0,15,21,(cid:883)(cid:890)(cid:891)(cid:3),(cid:882)(cid:3),(cid:882)(cid:3),(cid:882)(cid:3),0,0,0,208,2.823
(cid:885)(cid:884),(cid:16)(cid:131)(cid:142)(cid:151)(cid:141)(cid:151)(cid:3)(cid:24)(cid:150)(cid:131)(cid:148)(cid:131),(cid:887)(cid:882)(cid:888)(cid:3),(cid:885)(cid:888)(cid:890)(cid:3),(cid:890)(cid:887)(cid:3),(cid:885)(cid:886)(cid:3),(cid:886)(cid:884)(cid:3),(cid:882)(cid:3),(cid:891)(cid:884)(cid:3),(cid:888)(cid:888)(cid:3),(cid:886)(cid:3),(cid:884)(cid:3),(cid:882)(cid:3),(cid:882)(cid:3),(cid:884)(cid:884)(cid:3),(cid:883)(cid:883)(cid:3),(cid:886)(cid:3),(cid:883)(cid:3),(cid:883)(cid:3),(cid:883)(cid:3),3,0,3,4,(cid:883)(cid:883)(cid:883)(cid:3),(cid:882)(cid:3),(cid:882)(cid:3),(cid:882)(cid:3),0,0,0,59,1.296
(cid:885)(cid:885) (cid:19)(cid:131)(cid:146)(cid:151)(cid:131) Indonesia (cid:885)(cid:886) (cid:19)(cid:131)(cid:146)(cid:151)(cid:131)(cid:3)(cid:5)(cid:131)(cid:148)(cid:131)(cid:150),,(cid:883)(cid:484)(cid:886)(cid:886)(cid:890)(cid:3) 55.574 (cid:889)(cid:884)(cid:883)(cid:3),(cid:886)(cid:882)(cid:887)(cid:3) 20.122 (cid:884)(cid:883)(cid:889)(cid:3),(cid:884)(cid:882)(cid:891)(cid:3) 5.183 (cid:891)(cid:883)(cid:3),(cid:883)(cid:886)(cid:3) 1.377 (cid:885)(cid:3),(cid:883)(cid:890)(cid:3) 1.061 (cid:891)(cid:3),(cid:882)(cid:3) 107 (cid:883)(cid:3),(cid:883)(cid:882)(cid:888)(cid:3) 3.655 (cid:883)(cid:884)(cid:3),(cid:891)(cid:890)(cid:3) 6.116 (cid:890)(cid:884)(cid:3),(cid:883)(cid:889)(cid:3) 2.177 (cid:891)(cid:3),(cid:882)(cid:3) 239 (cid:882)(cid:3),(cid:882)(cid:3) 361 (cid:882)(cid:3),(cid:882)(cid:3) 233 (cid:883)(cid:3),(cid:884)(cid:886)(cid:3) 5.399 (cid:883)(cid:890)(cid:3),(cid:885)(cid:3) 109 (cid:883)(cid:3),(cid:884)(cid:3) 528 (cid:883)(cid:3),(cid:884)(cid:3) 752 (cid:885)(cid:3),(cid:884)(cid:3) 206 (cid:884)(cid:3),(cid:888)(cid:3) 553 (cid:882)(cid:3),1.996,17,1.677,1.178,(cid:884)(cid:883)(cid:890)(cid:3) 8.398 (cid:887)(cid:888)(cid:3),(cid:882)(cid:3) 63 (cid:882)(cid:3),(cid:882)(cid:3) 116 (cid:882)(cid:3),(cid:882)(cid:3) 70 (cid:882)(cid:3),4,12,414,21.411,139.108
No,Provinsi,Kesehatan Masyarakat,,,Kesehatan Lingkungan,,,Gizi,,,,,,,,,,,,,,,,,,,,,,,,
,,L,P,L+P,L,P,L+P,L,P,L+P,,,,,,,,,,,,,,,,,,,,,,
(1),(2),(3),(4),(5),(6),(7),(8),(9),(10),(11),,,,,,,,,,,,,,,,,,,,,,
(cid:883),(cid:4)(cid:133)(cid:135)(cid:138),(cid:884)(cid:882)(cid:891)(cid:3),(cid:887)(cid:887)(cid:886)(cid:3),(cid:889)(cid:888)(cid:885)(cid:3),(cid:890)(cid:889)(cid:3),(cid:884)(cid:885)(cid:891)(cid:3),(cid:885)(cid:884)(cid:888)(cid:3),(cid:890)(cid:888)(cid:3),(cid:886)(cid:885)(cid:891)(cid:3),(cid:887)(cid:884)(cid:887)(cid:3),,,,,,,,,,,,,,,,,,,,,,
(cid:884),(cid:22)(cid:151)(cid:143)(cid:131)(cid:150)(cid:135)(cid:148)(cid:131)(cid:3)(cid:24)(cid:150)(cid:131)(cid:148)(cid:131),(cid:883)(cid:882)(cid:887)(cid:3),(cid:886)(cid:890)(cid:882)(cid:3),(cid:887)(cid:890)(cid:887)(cid:3),(cid:889)(cid:890)(cid:3),(cid:883)(cid:887)(cid:882)(cid:3),(cid:884)(cid:884)(cid:890)(cid:3),(cid:887)(cid:883)(cid:3),(cid:888)(cid:886)(cid:882)(cid:3),(cid:888)(cid:891)(cid:883)(cid:3),,,,,,,,,,,,,,,,,,,,,,
(cid:885),(cid:22)(cid:151)(cid:143)(cid:131)(cid:150)(cid:135)(cid:148)(cid:131)(cid:3)(cid:5)(cid:131)(cid:148)(cid:131)(cid:150),(cid:887)(cid:888)(cid:3),(cid:884)(cid:883)(cid:888)(cid:3),(cid:884)(cid:889)(cid:884)(cid:3),(cid:886)(cid:889)(cid:3),(cid:883)(cid:884)(cid:882)(cid:3),(cid:883)(cid:888)(cid:889)(cid:3),(cid:886)(cid:888)(cid:3),(cid:886)(cid:886)(cid:887)(cid:3),(cid:886)(cid:891)(cid:883)(cid:3),,,,,,,,,,,,,,,,,,,,,,
(cid:886),(cid:21)(cid:139)(cid:131)(cid:151),(cid:887)(cid:891)(cid:3),(cid:884)(cid:885)(cid:889)(cid:3),(cid:884)(cid:891)(cid:888)(cid:3),(cid:884)(cid:890)(cid:3),(cid:887)(cid:891)(cid:3),(cid:890)(cid:889)(cid:3),(cid:883)(cid:890)(cid:3),(cid:885)(cid:885)(cid:891)(cid:3),(cid:885)(cid:887)(cid:889)(cid:3),,,,,,,,,,,,,,,,,,,,,,
(cid:887),(cid:13)(cid:131)(cid:143)(cid:132)(cid:139),(cid:886)(cid:887)(cid:3),(cid:883)(cid:884)(cid:889)(cid:3),(cid:883)(cid:889)(cid:884)(cid:3),(cid:886)(cid:891)(cid:3),(cid:888)(cid:887)(cid:3),(cid:883)(cid:883)(cid:886)(cid:3),(cid:884)(cid:882)(cid:3),(cid:883)(cid:889)(cid:888)(cid:3),(cid:883)(cid:891)(cid:888)(cid:3),,,,,,,,,,,,,,,,,,,,,,
(cid:888),(cid:22)(cid:151)(cid:143)(cid:131)(cid:150)(cid:135)(cid:148)(cid:131)(cid:3)(cid:22)(cid:135)(cid:142)(cid:131)(cid:150)(cid:131)(cid:144),(cid:889)(cid:884)(cid:3),(cid:884)(cid:888)(cid:887)(cid:3),(cid:885)(cid:885)(cid:889)(cid:3),(cid:886)(cid:883)(cid:3),(cid:883)(cid:889)(cid:884)(cid:3),(cid:884)(cid:883)(cid:885)(cid:3),(cid:884)(cid:890)(cid:3),(cid:886)(cid:883)(cid:885)(cid:3),(cid:886)(cid:886)(cid:883)(cid:3),,,,,,,,,,,,,,,,,,,,,,
(cid:889),(cid:5)(cid:135)(cid:144)(cid:137)(cid:141)(cid:151)(cid:142)(cid:151),(cid:887)(cid:885)(cid:3),(cid:884)(cid:882)(cid:882)(cid:3),(cid:884)(cid:887)(cid:885)(cid:3),(cid:884)(cid:887)(cid:3),(cid:885)(cid:891)(cid:3),(cid:888)(cid:886)(cid:3),(cid:884)(cid:888)(cid:3),(cid:884)(cid:882)(cid:891)(cid:3),(cid:884)(cid:885)(cid:887)(cid:3),,,,,,,,,,,,,,,,,,,,,,
(cid:890),(cid:15)(cid:131)(cid:143)(cid:146)(cid:151)(cid:144)(cid:137),(cid:884)(cid:887)(cid:3),(cid:891)(cid:888)(cid:3),(cid:883)(cid:884)(cid:883)(cid:3),(cid:886)(cid:888)(cid:3),(cid:883)(cid:882)(cid:887)(cid:3),(cid:883)(cid:887)(cid:883)(cid:3),(cid:884)(cid:884)(cid:3),(cid:884)(cid:885)(cid:889)(cid:3),(cid:884)(cid:887)(cid:891)(cid:3),,,,,,,,,,,,,,,,,,,,,,
(cid:891),(cid:14)(cid:135)(cid:146)(cid:484)(cid:3)(cid:5)(cid:131)(cid:144)(cid:137)(cid:141)(cid:131)(cid:3)(cid:5)(cid:135)(cid:142)(cid:139)(cid:150)(cid:151)(cid:144)(cid:137),(cid:884)(cid:891)(cid:3),(cid:889)(cid:882)(cid:3),(cid:891)(cid:891)(cid:3),(cid:889)(cid:3),(cid:885)(cid:883)(cid:3),(cid:885)(cid:890)(cid:3),(cid:883)(cid:883)(cid:3),(cid:891)(cid:888)(cid:3),(cid:883)(cid:882)(cid:889)(cid:3),,,,,,,,,,,,,,,,,,,,,,
(cid:883)(cid:882),(cid:14)(cid:135)(cid:146)(cid:151)(cid:142)(cid:131)(cid:151)(cid:131)(cid:144)(cid:3)(cid:21)(cid:139)(cid:131)(cid:151),(cid:883)(cid:888)(cid:3),(cid:887)(cid:884)(cid:3),(cid:888)(cid:890)(cid:3),(cid:884)(cid:888)(cid:3),(cid:887)(cid:890)(cid:3),(cid:890)(cid:886)(cid:3),(cid:883)(cid:891)(cid:3),(cid:883)(cid:884)(cid:887)(cid:3),(cid:883)(cid:886)(cid:886)(cid:3),,,,,,,,,,,,,,,,,,,,,,
(cid:883)(cid:883),(cid:7)(cid:14)(cid:12)(cid:3)(cid:13)(cid:131)(cid:141)(cid:131)(cid:148)(cid:150)(cid:131),(cid:890)(cid:888)(cid:3),(cid:884)(cid:883)(cid:890)(cid:3),(cid:885)(cid:882)(cid:886)(cid:3),(cid:883)(cid:885)(cid:886)(cid:3),(cid:883)(cid:890)(cid:891)(cid:3),(cid:885)(cid:884)(cid:885)(cid:3),(cid:883)(cid:888)(cid:883)(cid:3),(cid:890)(cid:888)(cid:884)(cid:3),(cid:883)(cid:484)(cid:882)(cid:884)(cid:885)(cid:3),,,,,,,,,,,,,,,,,,,,,,
(cid:883)(cid:884),(cid:13)(cid:131)(cid:153)(cid:131)(cid:3)(cid:5)(cid:131)(cid:148)(cid:131)(cid:150),(cid:883)(cid:891)(cid:886)(cid:3),(cid:885)(cid:883)(cid:883)(cid:3),(cid:887)(cid:882)(cid:887)(cid:3),(cid:883)(cid:890)(cid:886)(cid:3),(cid:885)(cid:885)(cid:891)(cid:3),(cid:887)(cid:884)(cid:885)(cid:3),(cid:884)(cid:887)(cid:884)(cid:3),(cid:883)(cid:484)(cid:887)(cid:891)(cid:882)(cid:3),(cid:883)(cid:484)(cid:890)(cid:886)(cid:884)(cid:3),,,,,,,,,,,,,,,,,,,,,,
(cid:883)(cid:885),(cid:13)(cid:131)(cid:153)(cid:131)(cid:3)(cid:23)(cid:135)(cid:144)(cid:137)(cid:131)(cid:138),(cid:889)(cid:890)(cid:3),(cid:884)(cid:887)(cid:890)(cid:3),(cid:885)(cid:885)(cid:888)(cid:3),(cid:883)(cid:891)(cid:888)(cid:3),(cid:886)(cid:882)(cid:887)(cid:3),(cid:888)(cid:882)(cid:883)(cid:3),(cid:883)(cid:888)(cid:885)(cid:3),(cid:883)(cid:484)(cid:887)(cid:886)(cid:889)(cid:3),(cid:883)(cid:484)(cid:889)(cid:883)(cid:882)(cid:3),,,,,,,,,,,,,,,,,,,,,,
(cid:883)(cid:886),(cid:7)(cid:12)(cid:3)(cid:28)(cid:145)(cid:137)(cid:155)(cid:131)(cid:141)(cid:131)(cid:148)(cid:150)(cid:131),(cid:890)(cid:3),(cid:886)(cid:888)(cid:3),(cid:887)(cid:886)(cid:3),(cid:888)(cid:889)(cid:3),(cid:891)(cid:884)(cid:3),(cid:883)(cid:887)(cid:891)(cid:3),(cid:885)(cid:885)(cid:3),(cid:884)(cid:891)(cid:887)(cid:3),(cid:885)(cid:884)(cid:890)(cid:3),,,,,,,,,,,,,,,,,,,,,,
(cid:883)(cid:887),(cid:13)(cid:131)(cid:153)(cid:131)(cid:3)(cid:23)(cid:139)(cid:143)(cid:151)(cid:148),(cid:883)(cid:884)(cid:889)(cid:3),(cid:887)(cid:889)(cid:890)(cid:3),(cid:889)(cid:882)(cid:887)(cid:3),(cid:884)(cid:882)(cid:886)(cid:3),(cid:886)(cid:888)(cid:883)(cid:3),(cid:888)(cid:888)(cid:887)(cid:3),(cid:884)(cid:882)(cid:886)(cid:3),(cid:883)(cid:484)(cid:890)(cid:886)(cid:887)(cid:3),(cid:884)(cid:484)(cid:882)(cid:886)(cid:891)(cid:3),,,,,,,,,,,,,,,,,,,,,,
(cid:883)(cid:888),(cid:5)(cid:131)(cid:144)(cid:150)(cid:135)(cid:144),(cid:887)(cid:883)(cid:3),(cid:883)(cid:882)(cid:889)(cid:3),(cid:883)(cid:887)(cid:890)(cid:3),(cid:887)(cid:890)(cid:3),(cid:891)(cid:891)(cid:3),(cid:883)(cid:887)(cid:889)(cid:3),(cid:891)(cid:882)(cid:3),(cid:885)(cid:889)(cid:887)(cid:3),(cid:886)(cid:888)(cid:887)(cid:3),,,,,,,,,,,,,,,,,,,,,,
(cid:883)(cid:889),(cid:5)(cid:131)(cid:142)(cid:139),(cid:886)(cid:882)(cid:3),(cid:883)(cid:884)(cid:883)(cid:3),(cid:883)(cid:888)(cid:883)(cid:3),(cid:889)(cid:890)(cid:3),(cid:883)(cid:884)(cid:886)(cid:3),(cid:884)(cid:882)(cid:884)(cid:3),(cid:887)(cid:888)(cid:3),(cid:886)(cid:886)(cid:884)(cid:3),(cid:886)(cid:891)(cid:890)(cid:3),,,,,,,,,,,,,,,,,,,,,,
(cid:883)(cid:890),(cid:17)(cid:151)(cid:149)(cid:131)(cid:3)(cid:23)(cid:135)(cid:144)(cid:137)(cid:137)(cid:131)(cid:148)(cid:131)(cid:3)(cid:5)(cid:131)(cid:148)(cid:131)(cid:150),(cid:885)(cid:883)(cid:3),(cid:889)(cid:891)(cid:3),(cid:883)(cid:883)(cid:882)(cid:3),(cid:886)(cid:884)(cid:3),(cid:890)(cid:884)(cid:3),(cid:883)(cid:884)(cid:886)(cid:3),(cid:884)(cid:891)(cid:3),(cid:885)(cid:882)(cid:889)(cid:3),(cid:885)(cid:885)(cid:888)(cid:3),,,,,,,,,,,,,,,,,,,,,,
(cid:883)(cid:891),(cid:17)(cid:151)(cid:149)(cid:131)(cid:3)(cid:23)(cid:135)(cid:144)(cid:137)(cid:137)(cid:131)(cid:148)(cid:131)(cid:3)(cid:23)(cid:139)(cid:143)(cid:151)(cid:148),(cid:890)(cid:883)(cid:3),(cid:883)(cid:891)(cid:888)(cid:3),(cid:884)(cid:889)(cid:889)(cid:3),(cid:889)(cid:887)(cid:3),(cid:891)(cid:891)(cid:3),(cid:883)(cid:889)(cid:886)(cid:3),(cid:888)(cid:888)(cid:3),(cid:884)(cid:891)(cid:890)(cid:3),(cid:885)(cid:888)(cid:886)(cid:3),,,,,,,,,,,,,,,,,,,,,,
(cid:884)(cid:882),(cid:14)(cid:131)(cid:142)(cid:139)(cid:143)(cid:131)(cid:144)(cid:150)(cid:131)(cid:144)(cid:3)(cid:5)(cid:131)(cid:148)(cid:131)(cid:150),(cid:885)(cid:888)(cid:3),(cid:890)(cid:891)(cid:3),(cid:883)(cid:884)(cid:887)(cid:3),(cid:889)(cid:888)(cid:3),(cid:888)(cid:887)(cid:3),(cid:883)(cid:886)(cid:883)(cid:3),(cid:886)(cid:885)(cid:3),(cid:884)(cid:884)(cid:885)(cid:3),(cid:884)(cid:888)(cid:888)(cid:3),,,,,,,,,,,,,,,,,,,,,,
(cid:884)(cid:883),(cid:14)(cid:131)(cid:142)(cid:139)(cid:143)(cid:131)(cid:144)(cid:150)(cid:131)(cid:144)(cid:3)(cid:23)(cid:135)(cid:144)(cid:137)(cid:131)(cid:138),(cid:883)(cid:887)(cid:3),(cid:887)(cid:887)(cid:3),(cid:889)(cid:882)(cid:3),(cid:884)(cid:888)(cid:3),(cid:885)(cid:891)(cid:3),(cid:888)(cid:887)(cid:3),(cid:884)(cid:888)(cid:3),(cid:883)(cid:889)(cid:888)(cid:3),(cid:884)(cid:882)(cid:884)(cid:3),,,,,,,,,,,,,,,,,,,,,,
(cid:884)(cid:884),(cid:14)(cid:131)(cid:142)(cid:139)(cid:143)(cid:131)(cid:144)(cid:150)(cid:131)(cid:144)(cid:3)(cid:22)(cid:135)(cid:142)(cid:131)(cid:150)(cid:131)(cid:144),(cid:885)(cid:890)(cid:3),(cid:891)(cid:891)(cid:3),(cid:883)(cid:885)(cid:889)(cid:3),(cid:887)(cid:890)(cid:3),(cid:890)(cid:887)(cid:3),(cid:883)(cid:886)(cid:885)(cid:3),(cid:886)(cid:882)(cid:3),(cid:885)(cid:882)(cid:883)(cid:3),(cid:885)(cid:886)(cid:883)(cid:3),,,,,,,,,,,,,,,,,,,,,,
(cid:884)(cid:885),(cid:14)(cid:131)(cid:142)(cid:139)(cid:143)(cid:131)(cid:144)(cid:150)(cid:131)(cid:144)(cid:3)(cid:23)(cid:139)(cid:143)(cid:151)(cid:148),(cid:885)(cid:889)(cid:3),(cid:890)(cid:884)(cid:3),(cid:883)(cid:883)(cid:891)(cid:3),(cid:886)(cid:883)(cid:3),(cid:887)(cid:885)(cid:3),(cid:891)(cid:886)(cid:3),(cid:885)(cid:882)(cid:3),(cid:883)(cid:888)(cid:889)(cid:3),(cid:883)(cid:891)(cid:889)(cid:3),,,,,,,,,,,,,,,,,,,,,,
(cid:884)(cid:886),(cid:14)(cid:131)(cid:142)(cid:139)(cid:143)(cid:131)(cid:144)(cid:150)(cid:131)(cid:144)(cid:3)(cid:24)(cid:150)(cid:131)(cid:148)(cid:131),(cid:884)(cid:887)(cid:3),(cid:885)(cid:889)(cid:3),(cid:888)(cid:884)(cid:3),(cid:883)(cid:885)(cid:3),(cid:883)(cid:889)(cid:3),(cid:885)(cid:882)(cid:3),(cid:883)(cid:883)(cid:3),(cid:887)(cid:887)(cid:3),(cid:888)(cid:888)(cid:3),,,,,,,,,,,,,,,,,,,,,,
(cid:884)(cid:887),(cid:22)(cid:151)(cid:142)(cid:131)(cid:153)(cid:135)(cid:149)(cid:139)(cid:3)(cid:24)(cid:150)(cid:131)(cid:148)(cid:131),(cid:888)(cid:890)(cid:3),(cid:884)(cid:884)(cid:891)(cid:3),(cid:884)(cid:891)(cid:889)(cid:3),(cid:889)(cid:883)(cid:3),(cid:890)(cid:886)(cid:3),(cid:883)(cid:887)(cid:887)(cid:3),(cid:888)(cid:889)(cid:3),(cid:884)(cid:887)(cid:884)(cid:3),(cid:885)(cid:883)(cid:891)(cid:3),,,,,,,,,,,,,,,,,,,,,,
(cid:884)(cid:888),(cid:22)(cid:151)(cid:142)(cid:131)(cid:153)(cid:135)(cid:149)(cid:139)(cid:3)(cid:23)(cid:135)(cid:144)(cid:137)(cid:131)(cid:138),(cid:883)(cid:887)(cid:882)(cid:3),(cid:886)(cid:888)(cid:884)(cid:3),(cid:888)(cid:883)(cid:884)(cid:3),(cid:888)(cid:886)(cid:3),(cid:883)(cid:883)(cid:887)(cid:3),(cid:883)(cid:889)(cid:891)(cid:3),(cid:883)(cid:890)(cid:3),(cid:883)(cid:890)(cid:891)(cid:3),(cid:884)(cid:882)(cid:889)(cid:3),,,,,,,,,,,,,,,,,,,,,,
(cid:884)(cid:889),(cid:22)(cid:151)(cid:142)(cid:131)(cid:153)(cid:135)(cid:149)(cid:139)(cid:3)(cid:22)(cid:135)(cid:142)(cid:131)(cid:150)(cid:131)(cid:144),(cid:883)(cid:891)(cid:887)(cid:3),(cid:890)(cid:885)(cid:882)(cid:3),(cid:883)(cid:484)(cid:882)(cid:884)(cid:887)(cid:3),(cid:891)(cid:885)(cid:3),(cid:884)(cid:887)(cid:887)(cid:3),(cid:885)(cid:886)(cid:890)(cid:3),(cid:890)(cid:886)(cid:3),(cid:889)(cid:882)(cid:886)(cid:3),(cid:889)(cid:890)(cid:890)(cid:3),,,,,,,,,,,,,,,,,,,,,,
(cid:884)(cid:890),(cid:22)(cid:151)(cid:142)(cid:131)(cid:153)(cid:135)(cid:149)(cid:139)(cid:3)(cid:23)(cid:135)(cid:144)(cid:137)(cid:137)(cid:131)(cid:148)(cid:131),(cid:888)(cid:883)(cid:3),(cid:885)(cid:885)(cid:886)(cid:3),(cid:885)(cid:891)(cid:887)(cid:3),(cid:885)(cid:890)(cid:3),(cid:890)(cid:885)(cid:3),(cid:883)(cid:884)(cid:883)(cid:3),(cid:884)(cid:884)(cid:3),(cid:884)(cid:885)(cid:884)(cid:3),(cid:884)(cid:887)(cid:886)(cid:3),,,,,,,,,,,,,,,,,,,,,,
(cid:884)(cid:891),(cid:10)(cid:145)(cid:148)(cid:145)(cid:144)(cid:150)(cid:131)(cid:142)(cid:145),(cid:884)(cid:890)(cid:3),(cid:883)(cid:887)(cid:883)(cid:3),(cid:883)(cid:889)(cid:891)(cid:3),(cid:883)(cid:886)(cid:3),(cid:885)(cid:889)(cid:3),(cid:887)(cid:883)(cid:3),(cid:883)(cid:891)(cid:3),(cid:883)(cid:887)(cid:890)(cid:3),(cid:883)(cid:889)(cid:889)(cid:3),,,,,,,,,,,,,,,,,,,,,,
(cid:885)(cid:882),(cid:22)(cid:151)(cid:142)(cid:131)(cid:153)(cid:135)(cid:149)(cid:139)(cid:3)(cid:5)(cid:131)(cid:148)(cid:131)(cid:150),(cid:884)(cid:884)(cid:3),(cid:888)(cid:889)(cid:3),(cid:890)(cid:891)(cid:3),(cid:883)(cid:888)(cid:3),(cid:884)(cid:887)(cid:3),(cid:886)(cid:883)(cid:3),(cid:886)(cid:3),(cid:891)(cid:887)(cid:3),(cid:891)(cid:891)(cid:3),,,,,,,,,,,,,,,,,,,,,,
(cid:885)(cid:883),(cid:16)(cid:131)(cid:142)(cid:151)(cid:141)(cid:151),(cid:888)(cid:882)(cid:3),(cid:883)(cid:889)(cid:888)(cid:3),(cid:884)(cid:885)(cid:888)(cid:3),(cid:887)(cid:885)(cid:3),(cid:889)(cid:888)(cid:3),(cid:883)(cid:884)(cid:891)(cid:3),(cid:885)(cid:882)(cid:3),(cid:883)(cid:890)(cid:891)(cid:3),(cid:884)(cid:883)(cid:891)(cid:3),,,,,,,,,,,,,,,,,,,,,,
(cid:885)(cid:884),(cid:16)(cid:131)(cid:142)(cid:151)(cid:141)(cid:151)(cid:3)(cid:24)(cid:150)(cid:131)(cid:148)(cid:131),(cid:887)(cid:884)(cid:3),(cid:884)(cid:884)(cid:882)(cid:3),(cid:884)(cid:889)(cid:884)(cid:3),(cid:884)(cid:883)(cid:3),(cid:884)(cid:884)(cid:3),(cid:886)(cid:885)(cid:3),(cid:889)(cid:3),(cid:883)(cid:885)(cid:885)(cid:3),(cid:883)(cid:886)(cid:882)(cid:3),,,,,,,,,,,,,,,,,,,,,,
(cid:885)(cid:885),(cid:19)(cid:131)(cid:146)(cid:151)(cid:131),(cid:884)(cid:883)(cid:3),(cid:890)(cid:882)(cid:3),(cid:883)(cid:882)(cid:883)(cid:3),(cid:885)(cid:883)(cid:3),(cid:886)(cid:887)(cid:3),(cid:889)(cid:888)(cid:3),(cid:885)(cid:883)(cid:3),(cid:883)(cid:885)(cid:891)(cid:3),(cid:883)(cid:889)(cid:882)(cid:3),,,,,,,,,,,,,,,,,,,,,,
(cid:885)(cid:886),(cid:19)(cid:131)(cid:146)(cid:151)(cid:131)(cid:3)(cid:5)(cid:131)(cid:148)(cid:131)(cid:150),(cid:884)(cid:885)(cid:3),(cid:889)(cid:888)(cid:3),(cid:891)(cid:891)(cid:3),(cid:890)(cid:3),(cid:883)(cid:882)(cid:3),(cid:883)(cid:890)(cid:3),(cid:883)(cid:884)(cid:3),(cid:888)(cid:884)(cid:3),(cid:889)(cid:886)(cid:3),,,,,,,,,,,,,,,,,,,,,,
(cid:885)(cid:887),(cid:19)(cid:131)(cid:146)(cid:151)(cid:131)(cid:3)(cid:22)(cid:135)(cid:142)(cid:131)(cid:150)(cid:131)(cid:144),(cid:883)(cid:882)(cid:3),(cid:885)(cid:884)(cid:3),(cid:886)(cid:884)(cid:3),(cid:887)(cid:3),(cid:888)(cid:3),(cid:883)(cid:883)(cid:3),(cid:889)(cid:3),(cid:885)(cid:883)(cid:3),(cid:885)(cid:890)(cid:3),,,,,,,,,,,,,,,,,,,,,,
(cid:885)(cid:888),(cid:19)(cid:131)(cid:146)(cid:151)(cid:131)(cid:3)(cid:23)(cid:135)(cid:144)(cid:137)(cid:131)(cid:138),(cid:883)(cid:889)(cid:3),(cid:886)(cid:891)(cid:3),(cid:888)(cid:888)(cid:3),(cid:891)(cid:3),(cid:890)(cid:3),(cid:883)(cid:889)(cid:3),(cid:890)(cid:3),(cid:884)(cid:888)(cid:3),(cid:885)(cid:886)(cid:3),,,,,,,,,,,,,,,,,,,,,,
(cid:885)(cid:889) (cid:19)(cid:131)(cid:146)(cid:151)(cid:131)(cid:3)(cid:19)(cid:135)(cid:137)(cid:151)(cid:144)(cid:151)(cid:144)(cid:137)(cid:131)(cid:144) Indonesia (cid:885)(cid:890) (cid:19)(cid:131)(cid:146)(cid:151)(cid:131)(cid:3)(cid:5)(cid:131)(cid:148)(cid:131)(cid:150)(cid:3)(cid:7)(cid:131)(cid:155)(cid:131),,(cid:883)(cid:885)(cid:3) 2.246 (cid:883)(cid:882)(cid:3),(cid:886)(cid:883)(cid:3) 7.360 (cid:886)(cid:882)(cid:3),(cid:887)(cid:886)(cid:3) 9.606 (cid:887)(cid:882)(cid:3),(cid:883)(cid:886)(cid:3) 2.130 (cid:889)(cid:3),(cid:890)(cid:3) 3.973 (cid:883)(cid:884)(cid:3),(cid:884)(cid:884)(cid:3) 6.103 (cid:883)(cid:891)(cid:3),(cid:886)(cid:3) 1.850 (cid:888)(cid:3),(cid:884)(cid:887)(cid:3) 13.878 (cid:886)(cid:883)(cid:3),(cid:884)(cid:891)(cid:3) 15.728 (cid:886)(cid:889)(cid:3),,,,,,,,,,,,,,,,,,,,,,
No,Provinsi,Ahli Teknologi Laboratorium Medik,,,Tenaga Teknik Biomedika Lainnya,,,Keterapian Fisik,,,Keteknisian Medis,,,,,,,,,,,,,,,,,,,,,
,,L,P,L + P,L,P,L + P,L,P,L + P,L,P,L + P,,,,,,,,,,,,,,,,,,,
(1),(2),(3),(4),(5),(6),(7),(8),(9),(10),(11),(12),(13),(14),,,,,,,,,,,,,,,,,,,
(cid:883),(cid:4)(cid:133)(cid:135)(cid:138),(cid:883)(cid:888)(cid:885)(cid:3),(cid:883)(cid:484)(cid:884)(cid:886)(cid:882)(cid:3),(cid:883)(cid:484)(cid:886)(cid:882)(cid:885)(cid:3),(cid:885)(cid:888)(cid:883)(cid:3),(cid:886)(cid:885)(cid:884)(cid:3),(cid:889)(cid:891)(cid:885)(cid:3),(cid:891)(cid:888)(cid:3),(cid:885)(cid:890)(cid:887)(cid:3),(cid:886)(cid:890)(cid:883)(cid:3),(cid:885)(cid:886)(cid:891)(cid:3),(cid:883)(cid:484)(cid:885)(cid:891)(cid:888)(cid:3),(cid:883)(cid:484)(cid:889)(cid:886)(cid:887)(cid:3),,,,,,,,,,,,,,,,,,,
(cid:884),(cid:22)(cid:151)(cid:143)(cid:131)(cid:150)(cid:135)(cid:148)(cid:131)(cid:3)(cid:24)(cid:150)(cid:131)(cid:148)(cid:131),(cid:885)(cid:882)(cid:885)(cid:3),(cid:883)(cid:484)(cid:888)(cid:888)(cid:884)(cid:3),(cid:883)(cid:484)(cid:891)(cid:888)(cid:887)(cid:3),(cid:886)(cid:888)(cid:883)(cid:3),(cid:889)(cid:891)(cid:884)(cid:3),(cid:883)(cid:484)(cid:884)(cid:887)(cid:885)(cid:3),(cid:883)(cid:890)(cid:883)(cid:3),(cid:884)(cid:891)(cid:884)(cid:3),(cid:886)(cid:889)(cid:885)(cid:3),(cid:885)(cid:884)(cid:890)(cid:3),(cid:883)(cid:484)(cid:885)(cid:883)(cid:885)(cid:3),(cid:883)(cid:484)(cid:888)(cid:886)(cid:883)(cid:3),,,,,,,,,,,,,,,,,,,
(cid:885),(cid:22)(cid:151)(cid:143)(cid:131)(cid:150)(cid:135)(cid:148)(cid:131)(cid:3)(cid:5)(cid:131)(cid:148)(cid:131)(cid:150),(cid:884)(cid:882)(cid:888)(cid:3),(cid:883)(cid:484)(cid:882)(cid:886)(cid:891)(cid:3),(cid:883)(cid:484)(cid:884)(cid:887)(cid:887)(cid:3),(cid:885)(cid:884)(cid:887)(cid:3),(cid:886)(cid:882)(cid:889)(cid:3),(cid:889)(cid:885)(cid:884)(cid:3),(cid:891)(cid:889)(cid:3),(cid:884)(cid:883)(cid:885)(cid:3),(cid:885)(cid:883)(cid:882)(cid:3),(cid:885)(cid:885)(cid:886)(cid:3),(cid:883)(cid:484)(cid:887)(cid:884)(cid:883)(cid:3),(cid:883)(cid:484)(cid:890)(cid:887)(cid:887)(cid:3),,,,,,,,,,,,,,,,,,,
(cid:886),(cid:21)(cid:139)(cid:131)(cid:151),(cid:883)(cid:889)(cid:890)(cid:3),(cid:883)(cid:484)(cid:882)(cid:884)(cid:889)(cid:3),(cid:883)(cid:484)(cid:884)(cid:882)(cid:887)(cid:3),(cid:884)(cid:882)(cid:885)(cid:3),(cid:885)(cid:885)(cid:889)(cid:3),(cid:887)(cid:886)(cid:882)(cid:3),(cid:883)(cid:882)(cid:884)(cid:3),(cid:884)(cid:887)(cid:887)(cid:3),(cid:885)(cid:887)(cid:889)(cid:3),(cid:884)(cid:887)(cid:884)(cid:3),(cid:889)(cid:882)(cid:885)(cid:3),(cid:891)(cid:887)(cid:887)(cid:3),,,,,,,,,,,,,,,,,,,
(cid:887),(cid:13)(cid:131)(cid:143)(cid:132)(cid:139),(cid:883)(cid:888)(cid:883)(cid:3),(cid:889)(cid:891)(cid:891)(cid:3),(cid:891)(cid:888)(cid:882)(cid:3),(cid:883)(cid:883)(cid:887)(cid:3),(cid:883)(cid:885)(cid:886)(cid:3),(cid:884)(cid:886)(cid:891)(cid:3),(cid:885)(cid:890)(cid:3),(cid:883)(cid:886)(cid:889)(cid:3),(cid:883)(cid:890)(cid:887)(cid:3),(cid:883)(cid:883)(cid:888)(cid:3),(cid:887)(cid:890)(cid:890)(cid:3),(cid:889)(cid:882)(cid:886)(cid:3),,,,,,,,,,,,,,,,,,,
(cid:888),(cid:22)(cid:151)(cid:143)(cid:131)(cid:150)(cid:135)(cid:148)(cid:131)(cid:3)(cid:22)(cid:135)(cid:142)(cid:131)(cid:150)(cid:131)(cid:144),(cid:884)(cid:887)(cid:882)(cid:3),(cid:883)(cid:484)(cid:884)(cid:888)(cid:889)(cid:3),(cid:883)(cid:484)(cid:887)(cid:883)(cid:889)(cid:3),(cid:884)(cid:890)(cid:882)(cid:3),(cid:886)(cid:883)(cid:885)(cid:3),(cid:888)(cid:891)(cid:885)(cid:3),(cid:889)(cid:887)(cid:3),(cid:884)(cid:889)(cid:884)(cid:3),(cid:885)(cid:886)(cid:889)(cid:3),(cid:884)(cid:891)(cid:887)(cid:3),(cid:883)(cid:484)(cid:883)(cid:888)(cid:886)(cid:3),(cid:883)(cid:484)(cid:886)(cid:887)(cid:891)(cid:3),,,,,,,,,,,,,,,,,,,
(cid:889),(cid:5)(cid:135)(cid:144)(cid:137)(cid:141)(cid:151)(cid:142)(cid:151),(cid:883)(cid:886)(cid:887)(cid:3),(cid:886)(cid:889)(cid:887)(cid:3),(cid:888)(cid:884)(cid:882)(cid:3),(cid:883)(cid:882)(cid:885)(cid:3),(cid:883)(cid:882)(cid:882)(cid:3),(cid:884)(cid:882)(cid:885)(cid:3),(cid:883)(cid:891)(cid:3),(cid:887)(cid:882)(cid:3),(cid:888)(cid:891)(cid:3),(cid:890)(cid:882)(cid:3),(cid:883)(cid:891)(cid:884)(cid:3),(cid:884)(cid:889)(cid:884)(cid:3),,,,,,,,,,,,,,,,,,,
(cid:890),(cid:15)(cid:131)(cid:143)(cid:146)(cid:151)(cid:144)(cid:137),(cid:884)(cid:885)(cid:891)(cid:3),(cid:891)(cid:891)(cid:888)(cid:3),(cid:883)(cid:484)(cid:884)(cid:885)(cid:887)(cid:3),(cid:884)(cid:887)(cid:889)(cid:3),(cid:884)(cid:889)(cid:883)(cid:3),(cid:887)(cid:884)(cid:890)(cid:3),(cid:889)(cid:884)(cid:3),(cid:883)(cid:885)(cid:883)(cid:3),(cid:884)(cid:882)(cid:885)(cid:3),(cid:884)(cid:888)(cid:884)(cid:3),(cid:888)(cid:886)(cid:890)(cid:3),(cid:891)(cid:883)(cid:882)(cid:3),,,,,,,,,,,,,,,,,,,
(cid:891),(cid:14)(cid:135)(cid:146)(cid:484)(cid:3)(cid:5)(cid:131)(cid:144)(cid:137)(cid:141)(cid:131)(cid:3)(cid:5)(cid:135)(cid:142)(cid:139)(cid:150)(cid:151)(cid:144)(cid:137),(cid:890)(cid:891)(cid:3),(cid:885)(cid:883)(cid:885)(cid:3),(cid:886)(cid:882)(cid:884)(cid:3),(cid:891)(cid:887)(cid:3),(cid:889)(cid:888)(cid:3),(cid:883)(cid:889)(cid:883)(cid:3),(cid:883)(cid:887)(cid:3),(cid:889)(cid:885)(cid:3),(cid:890)(cid:890)(cid:3),(cid:890)(cid:885)(cid:3),(cid:884)(cid:889)(cid:889)(cid:3),(cid:885)(cid:888)(cid:882)(cid:3),,,,,,,,,,,,,,,,,,,
(cid:883)(cid:882),(cid:14)(cid:135)(cid:146)(cid:151)(cid:142)(cid:131)(cid:151)(cid:131)(cid:144)(cid:3)(cid:21)(cid:139)(cid:131)(cid:151),(cid:883)(cid:882)(cid:884)(cid:3),(cid:885)(cid:888)(cid:889)(cid:3),(cid:886)(cid:888)(cid:891)(cid:3),(cid:883)(cid:885)(cid:889)(cid:3),(cid:883)(cid:886)(cid:886)(cid:3),(cid:884)(cid:890)(cid:883)(cid:3),(cid:885)(cid:883)(cid:3),(cid:891)(cid:883)(cid:3),(cid:883)(cid:884)(cid:884)(cid:3),(cid:883)(cid:882)(cid:889)(cid:3),(cid:884)(cid:891)(cid:884)(cid:3),(cid:885)(cid:891)(cid:891)(cid:3),,,,,,,,,,,,,,,,,,,
(cid:883)(cid:883),(cid:7)(cid:14)(cid:12)(cid:3)(cid:13)(cid:131)(cid:141)(cid:131)(cid:148)(cid:150)(cid:131),(cid:883)(cid:484)(cid:883)(cid:888)(cid:883)(cid:3),(cid:885)(cid:484)(cid:884)(cid:889)(cid:885)(cid:3),(cid:886)(cid:484)(cid:886)(cid:885)(cid:886)(cid:3),(cid:883)(cid:484)(cid:886)(cid:890)(cid:891)(cid:3),(cid:883)(cid:484)(cid:886)(cid:886)(cid:891)(cid:3),(cid:884)(cid:484)(cid:891)(cid:885)(cid:890)(cid:3),(cid:888)(cid:884)(cid:884)(cid:3),(cid:891)(cid:888)(cid:884)(cid:3),(cid:883)(cid:484)(cid:887)(cid:890)(cid:886)(cid:3),(cid:883)(cid:484)(cid:883)(cid:891)(cid:885)(cid:3),(cid:884)(cid:484)(cid:889)(cid:883)(cid:886)(cid:3),(cid:885)(cid:484)(cid:891)(cid:882)(cid:889)(cid:3),,,,,,,,,,,,,,,,,,,
(cid:883)(cid:884),(cid:13)(cid:131)(cid:153)(cid:131)(cid:3)(cid:5)(cid:131)(cid:148)(cid:131)(cid:150),(cid:883)(cid:484)(cid:887)(cid:884)(cid:884)(cid:3),(cid:887)(cid:484)(cid:882)(cid:888)(cid:886)(cid:3),(cid:888)(cid:484)(cid:887)(cid:890)(cid:888)(cid:3),(cid:883)(cid:484)(cid:889)(cid:890)(cid:888)(cid:3),(cid:883)(cid:484)(cid:889)(cid:887)(cid:891)(cid:3),(cid:885)(cid:484)(cid:887)(cid:886)(cid:887)(cid:3),(cid:888)(cid:882)(cid:883)(cid:3),(cid:883)(cid:484)(cid:883)(cid:891)(cid:884)(cid:3),(cid:883)(cid:484)(cid:889)(cid:891)(cid:885)(cid:3),(cid:884)(cid:484)(cid:882)(cid:888)(cid:884)(cid:3),(cid:886)(cid:484)(cid:887)(cid:883)(cid:885)(cid:3),(cid:888)(cid:484)(cid:887)(cid:889)(cid:887)(cid:3),,,,,,,,,,,,,,,,,,,
(cid:883)(cid:885),(cid:13)(cid:131)(cid:153)(cid:131)(cid:3)(cid:23)(cid:135)(cid:144)(cid:137)(cid:131)(cid:138),(cid:883)(cid:484)(cid:883)(cid:883)(cid:889)(cid:3),(cid:887)(cid:484)(cid:882)(cid:886)(cid:889)(cid:3),(cid:888)(cid:484)(cid:883)(cid:888)(cid:886)(cid:3),(cid:883)(cid:484)(cid:887)(cid:886)(cid:891)(cid:3),(cid:883)(cid:484)(cid:887)(cid:889)(cid:884)(cid:3),(cid:885)(cid:484)(cid:883)(cid:884)(cid:883)(cid:3),(cid:889)(cid:883)(cid:887)(cid:3),(cid:883)(cid:484)(cid:886)(cid:891)(cid:889)(cid:3),(cid:884)(cid:484)(cid:884)(cid:883)(cid:884)(cid:3),(cid:883)(cid:484)(cid:888)(cid:888)(cid:886)(cid:3),(cid:887)(cid:484)(cid:884)(cid:882)(cid:884)(cid:3),(cid:888)(cid:484)(cid:890)(cid:888)(cid:888)(cid:3),,,,,,,,,,,,,,,,,,,
(cid:883)(cid:886),(cid:7)(cid:12)(cid:3)(cid:28)(cid:145)(cid:137)(cid:155)(cid:131)(cid:141)(cid:131)(cid:148)(cid:150)(cid:131),(cid:884)(cid:888)(cid:882)(cid:3),(cid:883)(cid:484)(cid:882)(cid:886)(cid:885)(cid:3),(cid:883)(cid:484)(cid:885)(cid:882)(cid:885)(cid:3),(cid:885)(cid:886)(cid:888)(cid:3),(cid:885)(cid:882)(cid:888)(cid:3),(cid:888)(cid:887)(cid:884)(cid:3),(cid:883)(cid:888)(cid:883)(cid:3),(cid:885)(cid:883)(cid:891)(cid:3),(cid:886)(cid:890)(cid:882)(cid:3),(cid:885)(cid:884)(cid:882)(cid:3),(cid:883)(cid:484)(cid:885)(cid:885)(cid:890)(cid:3),(cid:883)(cid:484)(cid:888)(cid:887)(cid:890)(cid:3),,,,,,,,,,,,,,,,,,,
(cid:883)(cid:887),(cid:13)(cid:131)(cid:153)(cid:131)(cid:3)(cid:23)(cid:139)(cid:143)(cid:151)(cid:148),(cid:883)(cid:484)(cid:884)(cid:886)(cid:885)(cid:3),(cid:887)(cid:484)(cid:885)(cid:885)(cid:883)(cid:3),(cid:888)(cid:484)(cid:887)(cid:889)(cid:886)(cid:3),(cid:883)(cid:484)(cid:886)(cid:887)(cid:891)(cid:3),(cid:883)(cid:484)(cid:888)(cid:888)(cid:890)(cid:3),(cid:885)(cid:484)(cid:883)(cid:884)(cid:889)(cid:3),(cid:887)(cid:886)(cid:887)(cid:3),(cid:891)(cid:884)(cid:889)(cid:3),(cid:883)(cid:484)(cid:886)(cid:889)(cid:884)(cid:3),(cid:883)(cid:484)(cid:889)(cid:886)(cid:888)(cid:3),(cid:886)(cid:484)(cid:883)(cid:888)(cid:891)(cid:3),(cid:887)(cid:484)(cid:891)(cid:883)(cid:887)(cid:3),,,,,,,,,,,,,,,,,,,
(cid:883)(cid:888),(cid:5)(cid:131)(cid:144)(cid:150)(cid:135)(cid:144),(cid:885)(cid:884)(cid:891)(cid:3),(cid:883)(cid:484)(cid:884)(cid:884)(cid:888)(cid:3),(cid:883)(cid:484)(cid:887)(cid:887)(cid:887)(cid:3),(cid:886)(cid:885)(cid:890)(cid:3),(cid:887)(cid:883)(cid:884)(cid:3),(cid:891)(cid:887)(cid:882)(cid:3),(cid:883)(cid:889)(cid:891)(cid:3),(cid:885)(cid:889)(cid:882)(cid:3),(cid:887)(cid:886)(cid:891)(cid:3),(cid:885)(cid:883)(cid:891)(cid:3),(cid:890)(cid:884)(cid:888)(cid:3),(cid:883)(cid:484)(cid:883)(cid:886)(cid:887)(cid:3),,,,,,,,,,,,,,,,,,,
(cid:883)(cid:889),(cid:5)(cid:131)(cid:142)(cid:139),(cid:884)(cid:891)(cid:884)(cid:3),(cid:890)(cid:890)(cid:888)(cid:3),(cid:883)(cid:484)(cid:883)(cid:889)(cid:890)(cid:3),(cid:885)(cid:891)(cid:882)(cid:3),(cid:885)(cid:882)(cid:886)(cid:3),(cid:888)(cid:891)(cid:886)(cid:3),(cid:883)(cid:885)(cid:891)(cid:3),(cid:883)(cid:885)(cid:889)(cid:3),(cid:884)(cid:889)(cid:888)(cid:3),(cid:884)(cid:885)(cid:883)(cid:3),(cid:888)(cid:884)(cid:885)(cid:3),(cid:890)(cid:887)(cid:886)(cid:3),,,,,,,,,,,,,,,,,,,
(cid:883)(cid:890),(cid:17)(cid:151)(cid:149)(cid:131)(cid:3)(cid:23)(cid:135)(cid:144)(cid:137)(cid:137)(cid:131)(cid:148)(cid:131)(cid:3)(cid:5)(cid:131)(cid:148)(cid:131)(cid:150),(cid:885)(cid:882)(cid:889)(cid:3),(cid:883)(cid:484)(cid:883)(cid:888)(cid:886)(cid:3),(cid:883)(cid:484)(cid:886)(cid:889)(cid:883)(cid:3),(cid:884)(cid:890)(cid:891)(cid:3),(cid:884)(cid:884)(cid:890)(cid:3),(cid:887)(cid:883)(cid:889)(cid:3),(cid:889)(cid:887)(cid:3),(cid:883)(cid:890)(cid:886)(cid:3),(cid:884)(cid:887)(cid:891)(cid:3),(cid:887)(cid:882)(cid:885)(cid:3),(cid:891)(cid:882)(cid:890)(cid:3),(cid:883)(cid:484)(cid:886)(cid:883)(cid:883)(cid:3),,,,,,,,,,,,,,,,,,,
(cid:883)(cid:891),(cid:17)(cid:151)(cid:149)(cid:131)(cid:3)(cid:23)(cid:135)(cid:144)(cid:137)(cid:137)(cid:131)(cid:148)(cid:131)(cid:3)(cid:23)(cid:139)(cid:143)(cid:151)(cid:148),(cid:885)(cid:889)(cid:888)(cid:3),(cid:883)(cid:484)(cid:883)(cid:886)(cid:889)(cid:3),(cid:883)(cid:484)(cid:887)(cid:884)(cid:885)(cid:3),(cid:884)(cid:884)(cid:887)(cid:3),(cid:884)(cid:886)(cid:890)(cid:3),(cid:886)(cid:889)(cid:885)(cid:3),(cid:887)(cid:885)(cid:3),(cid:883)(cid:885)(cid:891)(cid:3),(cid:883)(cid:891)(cid:884)(cid:3),(cid:885)(cid:889)(cid:891)(cid:3),(cid:883)(cid:484)(cid:883)(cid:887)(cid:887)(cid:3),(cid:883)(cid:484)(cid:887)(cid:885)(cid:886)(cid:3),,,,,,,,,,,,,,,,,,,
(cid:884)(cid:882),(cid:14)(cid:131)(cid:142)(cid:139)(cid:143)(cid:131)(cid:144)(cid:150)(cid:131)(cid:144)(cid:3)(cid:5)(cid:131)(cid:148)(cid:131)(cid:150),(cid:884)(cid:890)(cid:889)(cid:3),(cid:890)(cid:884)(cid:890)(cid:3),(cid:883)(cid:484)(cid:883)(cid:883)(cid:887)(cid:3),(cid:883)(cid:891)(cid:887)(cid:3),(cid:883)(cid:887)(cid:890)(cid:3),(cid:885)(cid:887)(cid:885)(cid:3),(cid:886)(cid:890)(cid:3),(cid:883)(cid:883)(cid:882)(cid:3),(cid:883)(cid:887)(cid:890)(cid:3),(cid:886)(cid:882)(cid:888)(cid:3),(cid:890)(cid:883)(cid:886)(cid:3),(cid:883)(cid:484)(cid:884)(cid:884)(cid:882)(cid:3),,,,,,,,,,,,,,,,,,,
(cid:884)(cid:883),(cid:14)(cid:131)(cid:142)(cid:139)(cid:143)(cid:131)(cid:144)(cid:150)(cid:131)(cid:144)(cid:3)(cid:23)(cid:135)(cid:144)(cid:137)(cid:131)(cid:138),(cid:883)(cid:890)(cid:884)(cid:3),(cid:888)(cid:883)(cid:884)(cid:3),(cid:889)(cid:891)(cid:886)(cid:3),(cid:883)(cid:887)(cid:886)(cid:3),(cid:891)(cid:891)(cid:3),(cid:884)(cid:887)(cid:885)(cid:3),(cid:885)(cid:886)(cid:3),(cid:890)(cid:886)(cid:3),(cid:883)(cid:883)(cid:890)(cid:3),(cid:883)(cid:888)(cid:884)(cid:3),(cid:885)(cid:888)(cid:888)(cid:3),(cid:887)(cid:884)(cid:890)(cid:3),,,,,,,,,,,,,,,,,,,
(cid:884)(cid:884),(cid:14)(cid:131)(cid:142)(cid:139)(cid:143)(cid:131)(cid:144)(cid:150)(cid:131)(cid:144)(cid:3)(cid:22)(cid:135)(cid:142)(cid:131)(cid:150)(cid:131)(cid:144),(cid:884)(cid:891)(cid:886)(cid:3),(cid:883)(cid:484)(cid:882)(cid:889)(cid:890)(cid:3),(cid:883)(cid:484)(cid:885)(cid:889)(cid:884)(cid:3),(cid:884)(cid:887)(cid:883)(cid:3),(cid:884)(cid:882)(cid:883)(cid:3),(cid:886)(cid:887)(cid:884)(cid:3),(cid:889)(cid:889)(cid:3),(cid:883)(cid:882)(cid:887)(cid:3),(cid:883)(cid:890)(cid:884)(cid:3),(cid:885)(cid:884)(cid:886)(cid:3),(cid:890)(cid:889)(cid:882)(cid:3),(cid:883)(cid:484)(cid:883)(cid:891)(cid:886)(cid:3),,,,,,,,,,,,,,,,,,,
(cid:884)(cid:885),(cid:14)(cid:131)(cid:142)(cid:139)(cid:143)(cid:131)(cid:144)(cid:150)(cid:131)(cid:144)(cid:3)(cid:23)(cid:139)(cid:143)(cid:151)(cid:148),(cid:885)(cid:883)(cid:886)(cid:3),(cid:891)(cid:883)(cid:889)(cid:3),(cid:883)(cid:484)(cid:884)(cid:885)(cid:883)(cid:3),(cid:884)(cid:885)(cid:883)(cid:3),(cid:884)(cid:885)(cid:889)(cid:3),(cid:886)(cid:888)(cid:890)(cid:3),(cid:891)(cid:887)(cid:3),(cid:883)(cid:889)(cid:888)(cid:3),(cid:884)(cid:889)(cid:883)(cid:3),(cid:884)(cid:883)(cid:883)(cid:3),(cid:886)(cid:887)(cid:886)(cid:3),(cid:888)(cid:888)(cid:887)(cid:3),,,,,,,,,,,,,,,,,,,
(cid:884)(cid:886),(cid:14)(cid:131)(cid:142)(cid:139)(cid:143)(cid:131)(cid:144)(cid:150)(cid:131)(cid:144)(cid:3)(cid:24)(cid:150)(cid:131)(cid:148)(cid:131),(cid:889)(cid:883)(cid:3),(cid:883)(cid:888)(cid:883)(cid:3),(cid:884)(cid:885)(cid:884)(cid:3),(cid:888)(cid:887)(cid:3),(cid:886)(cid:890)(cid:3),(cid:883)(cid:883)(cid:885)(cid:3),(cid:883)(cid:885)(cid:3),(cid:884)(cid:889)(cid:3),(cid:886)(cid:882)(cid:3),(cid:889)(cid:884)(cid:3),(cid:883)(cid:882)(cid:891)(cid:3),(cid:883)(cid:890)(cid:883)(cid:3),,,,,,,,,,,,,,,,,,,
(cid:884)(cid:887),(cid:22)(cid:151)(cid:142)(cid:131)(cid:153)(cid:135)(cid:149)(cid:139)(cid:3)(cid:24)(cid:150)(cid:131)(cid:148)(cid:131),(cid:883)(cid:887)(cid:885)(cid:3),(cid:885)(cid:887)(cid:885)(cid:3),(cid:887)(cid:882)(cid:888)(cid:3),(cid:883)(cid:886)(cid:888)(cid:3),(cid:891)(cid:883)(cid:3),(cid:884)(cid:885)(cid:889)(cid:3),(cid:889)(cid:884)(cid:3),(cid:883)(cid:883)(cid:888)(cid:3),(cid:883)(cid:890)(cid:890)(cid:3),(cid:883)(cid:885)(cid:882)(cid:3),(cid:886)(cid:883)(cid:887)(cid:3),(cid:887)(cid:886)(cid:887)(cid:3),,,,,,,,,,,,,,,,,,,
(cid:884)(cid:888),(cid:22)(cid:151)(cid:142)(cid:131)(cid:153)(cid:135)(cid:149)(cid:139)(cid:3)(cid:23)(cid:135)(cid:144)(cid:137)(cid:131)(cid:138),(cid:883)(cid:888)(cid:887)(cid:3),(cid:887)(cid:888)(cid:888)(cid:3),(cid:889)(cid:885)(cid:883)(cid:3),(cid:891)(cid:886)(cid:3),(cid:883)(cid:885)(cid:882)(cid:3),(cid:884)(cid:884)(cid:886)(cid:3),(cid:885)(cid:884)(cid:3),(cid:890)(cid:891)(cid:3),(cid:883)(cid:884)(cid:883)(cid:3),(cid:883)(cid:886)(cid:891)(cid:3),(cid:884)(cid:890)(cid:882)(cid:3),(cid:886)(cid:884)(cid:891)(cid:3),,,,,,,,,,,,,,,,,,,
(cid:884)(cid:889),(cid:22)(cid:151)(cid:142)(cid:131)(cid:153)(cid:135)(cid:149)(cid:139)(cid:3)(cid:22)(cid:135)(cid:142)(cid:131)(cid:150)(cid:131)(cid:144),(cid:886)(cid:882)(cid:890)(cid:3),(cid:883)(cid:484)(cid:890)(cid:887)(cid:885)(cid:3),(cid:884)(cid:484)(cid:884)(cid:888)(cid:883)(cid:3),(cid:885)(cid:891)(cid:890)(cid:3),(cid:888)(cid:884)(cid:887)(cid:3),(cid:883)(cid:484)(cid:882)(cid:884)(cid:885)(cid:3),(cid:883)(cid:887)(cid:884)(cid:3),(cid:885)(cid:890)(cid:888)(cid:3),(cid:887)(cid:885)(cid:890)(cid:3),(cid:885)(cid:891)(cid:890)(cid:3),(cid:883)(cid:484)(cid:888)(cid:884)(cid:889)(cid:3),(cid:884)(cid:484)(cid:882)(cid:884)(cid:887)(cid:3),,,,,,,,,,,,,,,,,,,
(cid:884)(cid:890),(cid:22)(cid:151)(cid:142)(cid:131)(cid:153)(cid:135)(cid:149)(cid:139)(cid:3)(cid:23)(cid:135)(cid:144)(cid:137)(cid:137)(cid:131)(cid:148)(cid:131),(cid:883)(cid:891)(cid:882)(cid:3),(cid:890)(cid:885)(cid:883)(cid:3),(cid:883)(cid:484)(cid:882)(cid:884)(cid:883)(cid:3),(cid:883)(cid:882)(cid:888)(cid:3),(cid:884)(cid:882)(cid:886)(cid:3),(cid:885)(cid:883)(cid:882)(cid:3),(cid:884)(cid:882)(cid:3),(cid:883)(cid:883)(cid:888)(cid:3),(cid:883)(cid:885)(cid:888)(cid:3),(cid:883)(cid:890)(cid:886)(cid:3),(cid:888)(cid:888)(cid:890)(cid:3),(cid:890)(cid:887)(cid:884)(cid:3),,,,,,,,,,,,,,,,,,,
(cid:884)(cid:891),(cid:10)(cid:145)(cid:148)(cid:145)(cid:144)(cid:150)(cid:131)(cid:142)(cid:145),(cid:890)(cid:889)(cid:3),(cid:884)(cid:882)(cid:891)(cid:3),(cid:884)(cid:891)(cid:888)(cid:3),(cid:886)(cid:887)(cid:3),(cid:888)(cid:884)(cid:3),(cid:883)(cid:882)(cid:889)(cid:3),(cid:883)(cid:886)(cid:3),(cid:884)(cid:882)(cid:3),(cid:885)(cid:886)(cid:3),(cid:887)(cid:884)(cid:3),(cid:883)(cid:885)(cid:886)(cid:3),(cid:883)(cid:890)(cid:888)(cid:3),,,,,,,,,,,,,,,,,,,
(cid:885)(cid:882),(cid:22)(cid:151)(cid:142)(cid:131)(cid:153)(cid:135)(cid:149)(cid:139)(cid:3)(cid:5)(cid:131)(cid:148)(cid:131)(cid:150),(cid:887)(cid:889)(cid:3),(cid:883)(cid:890)(cid:884)(cid:3),(cid:884)(cid:885)(cid:891)(cid:3),(cid:885)(cid:883)(cid:3),(cid:887)(cid:891)(cid:3),(cid:891)(cid:882)(cid:3),(cid:891)(cid:3),(cid:885)(cid:891)(cid:3),(cid:886)(cid:890)(cid:3),(cid:885)(cid:887)(cid:3),(cid:883)(cid:885)(cid:887)(cid:3),(cid:883)(cid:889)(cid:882)(cid:3),,,,,,,,,,,,,,,,,,,
(cid:885)(cid:883),(cid:16)(cid:131)(cid:142)(cid:151)(cid:141)(cid:151),(cid:883)(cid:884)(cid:883)(cid:3),(cid:886)(cid:889)(cid:884)(cid:3),(cid:887)(cid:891)(cid:885)(cid:3),(cid:887)(cid:885)(cid:3),(cid:891)(cid:886)(cid:3),(cid:883)(cid:886)(cid:889)(cid:3),(cid:883)(cid:886)(cid:3),(cid:887)(cid:890)(cid:3),(cid:889)(cid:884)(cid:3),(cid:887)(cid:883)(cid:3),(cid:883)(cid:885)(cid:883)(cid:3),(cid:883)(cid:890)(cid:884)(cid:3),,,,,,,,,,,,,,,,,,,
(cid:885)(cid:884),(cid:16)(cid:131)(cid:142)(cid:151)(cid:141)(cid:151)(cid:3)(cid:24)(cid:150)(cid:131)(cid:148)(cid:131),(cid:883)(cid:886)(cid:885)(cid:3),(cid:886)(cid:885)(cid:886)(cid:3),(cid:887)(cid:889)(cid:889)(cid:3),(cid:888)(cid:886)(cid:3),(cid:883)(cid:884)(cid:885)(cid:3),(cid:883)(cid:890)(cid:889)(cid:3),(cid:883)(cid:891)(cid:3),(cid:885)(cid:891)(cid:3),(cid:887)(cid:890)(cid:3),(cid:887)(cid:888)(cid:3),(cid:883)(cid:887)(cid:884)(cid:3),(cid:884)(cid:882)(cid:890)(cid:3),,,,,,,,,,,,,,,,,,,
(cid:885)(cid:885),(cid:19)(cid:131)(cid:146)(cid:151)(cid:131),(cid:883)(cid:886)(cid:883)(cid:3),(cid:885)(cid:889)(cid:890)(cid:3),(cid:887)(cid:883)(cid:891)(cid:3),(cid:889)(cid:888)(cid:3),(cid:883)(cid:882)(cid:888)(cid:3),(cid:883)(cid:890)(cid:884)(cid:3),(cid:883)(cid:883)(cid:3),(cid:885)(cid:885)(cid:3),(cid:886)(cid:886)(cid:3),(cid:886)(cid:884)(cid:3),(cid:890)(cid:888)(cid:3),(cid:883)(cid:884)(cid:890)(cid:3),,,,,,,,,,,,,,,,,,,
(cid:885)(cid:886),(cid:19)(cid:131)(cid:146)(cid:151)(cid:131)(cid:3)(cid:5)(cid:131)(cid:148)(cid:131)(cid:150),(cid:889)(cid:889)(cid:3),(cid:883)(cid:891)(cid:883)(cid:3),(cid:884)(cid:888)(cid:890)(cid:3),(cid:885)(cid:885)(cid:3),(cid:887)(cid:882)(cid:3),(cid:890)(cid:885)(cid:3),(cid:885)(cid:3),(cid:883)(cid:889)(cid:3),(cid:884)(cid:882)(cid:3),(cid:884)(cid:891)(cid:3),(cid:888)(cid:890)(cid:3),(cid:891)(cid:889)(cid:3),,,,,,,,,,,,,,,,,,,
(cid:885)(cid:887),(cid:19)(cid:131)(cid:146)(cid:151)(cid:131)(cid:3)(cid:22)(cid:135)(cid:142)(cid:131)(cid:150)(cid:131)(cid:144),(cid:887)(cid:885)(cid:3),(cid:891)(cid:888)(cid:3),(cid:883)(cid:886)(cid:891)(cid:3),(cid:883)(cid:888)(cid:3),(cid:884)(cid:890)(cid:3),(cid:886)(cid:886)(cid:3),(cid:890)(cid:3),(cid:887)(cid:3),(cid:883)(cid:885)(cid:3),(cid:884)(cid:887)(cid:3),(cid:884)(cid:886)(cid:3),(cid:886)(cid:891)(cid:3),,,,,,,,,,,,,,,,,,,
(cid:885)(cid:888),(cid:19)(cid:131)(cid:146)(cid:151)(cid:131)(cid:3)(cid:23)(cid:135)(cid:144)(cid:137)(cid:131)(cid:138),(cid:889)(cid:891)(cid:3),(cid:883)(cid:887)(cid:887)(cid:3),(cid:884)(cid:885)(cid:886)(cid:3),(cid:886)(cid:883)(cid:3),(cid:886)(cid:884)(cid:3),(cid:890)(cid:885)(cid:3),(cid:889)(cid:3),(cid:883)(cid:885)(cid:3),(cid:884)(cid:882)(cid:3),(cid:884)(cid:884)(cid:3),(cid:886)(cid:885)(cid:3),(cid:888)(cid:887)(cid:3),,,,,,,,,,,,,,,,,,,
(cid:885)(cid:889) (cid:19)(cid:131)(cid:146)(cid:151)(cid:131)(cid:3)(cid:19)(cid:135)(cid:137)(cid:151)(cid:144)(cid:151)(cid:144)(cid:137)(cid:131)(cid:144) Indonesia (cid:885)(cid:890) (cid:19)(cid:131)(cid:146)(cid:151)(cid:131)(cid:3)(cid:5)(cid:131)(cid:148)(cid:131)(cid:150)(cid:3)(cid:7)(cid:131)(cid:155)(cid:131),,(cid:885)(cid:891)(cid:3) 11.346 (cid:886)(cid:884)(cid:3),(cid:888)(cid:888)(cid:3) 42.886 (cid:883)(cid:884)(cid:890)(cid:3),(cid:883)(cid:882)(cid:887)(cid:3) 54.232 (cid:883)(cid:889)(cid:882)(cid:3),(cid:883)(cid:883)(cid:3) 12.336 (cid:883)(cid:890)(cid:3),(cid:884)(cid:885)(cid:3) 13.562 (cid:885)(cid:882)(cid:3),(cid:885)(cid:886)(cid:3) 25.898 (cid:886)(cid:890)(cid:3),(cid:885)(cid:3) 4.451 (cid:886)(cid:3),(cid:885)(cid:3) 9.077 (cid:887)(cid:3),(cid:888)(cid:3) 13.528 (cid:891)(cid:3),(cid:889)(cid:3) 12.989 (cid:883)(cid:883)(cid:3),(cid:883)(cid:887)(cid:3) 35.986 (cid:887)(cid:885)(cid:3),(cid:884)(cid:884)(cid:3) 48.975 (cid:888)(cid:886)(cid:3),,,,,,,,,,,,,,,,,,,
No,Provinsi,Ahli Teknologi Laboratorium Medik,,,Tenaga Teknik Biomedika Lainnya,,,Keterapian Fisik,,,Keteknisian Medis,,,,,,,,,,,,,,,,,,,,,
,,L,P,L + P,L,P,L + P,L,P,L + P,L,P,L + P,,,,,,,,,,,,,,,,,,,
(1),(2),(3),(4),(5),(6),(7),(8),(9),(10),(11),(12),(13),(14),,,,,,,,,,,,,,,,,,,
(cid:883),(cid:4)(cid:133)(cid:135)(cid:138),(cid:887)(cid:890)(cid:3),(cid:887)(cid:885)(cid:891)(cid:3),(cid:887)(cid:891)(cid:889)(cid:3),(cid:883)(cid:882)(cid:3),(cid:887)(cid:889)(cid:3),(cid:888)(cid:889)(cid:3),(cid:884)(cid:882)(cid:3),(cid:883)(cid:883)(cid:891)(cid:3),(cid:883)(cid:885)(cid:891)(cid:3),(cid:883)(cid:886)(cid:889)(cid:3),(cid:889)(cid:890)(cid:884)(cid:3),(cid:891)(cid:884)(cid:891)(cid:3),,,,,,,,,,,,,,,,,,,
(cid:884),(cid:22)(cid:151)(cid:143)(cid:131)(cid:150)(cid:135)(cid:148)(cid:131)(cid:3)(cid:24)(cid:150)(cid:131)(cid:148)(cid:131),(cid:890)(cid:883)(cid:3),(cid:887)(cid:883)(cid:890)(cid:3),(cid:887)(cid:891)(cid:891)(cid:3),(cid:883)(cid:889)(cid:3),(cid:887)(cid:882)(cid:3),(cid:888)(cid:889)(cid:3),(cid:891)(cid:3),(cid:883)(cid:883)(cid:3),(cid:884)(cid:882)(cid:3),(cid:891)(cid:885)(cid:3),(cid:887)(cid:891)(cid:888)(cid:3),(cid:888)(cid:890)(cid:891)(cid:3),,,,,,,,,,,,,,,,,,,
(cid:885),(cid:22)(cid:151)(cid:143)(cid:131)(cid:150)(cid:135)(cid:148)(cid:131)(cid:3)(cid:5)(cid:131)(cid:148)(cid:131)(cid:150),(cid:887)(cid:886)(cid:3),(cid:885)(cid:889)(cid:888)(cid:3),(cid:886)(cid:885)(cid:882)(cid:3),(cid:891)(cid:3),(cid:883)(cid:890)(cid:3),(cid:884)(cid:889)(cid:3),(cid:883)(cid:3),(cid:885)(cid:884)(cid:3),(cid:885)(cid:885)(cid:3),(cid:891)(cid:888)(cid:3),(cid:888)(cid:884)(cid:890)(cid:3),(cid:889)(cid:884)(cid:886)(cid:3),,,,,,,,,,,,,,,,,,,
(cid:886),(cid:21)(cid:139)(cid:131)(cid:151),(cid:886)(cid:890)(cid:3),(cid:885)(cid:886)(cid:887)(cid:3),(cid:885)(cid:891)(cid:885)(cid:3),(cid:885)(cid:3),(cid:884)(cid:883)(cid:3),(cid:884)(cid:886)(cid:3),(cid:886)(cid:3),(cid:885)(cid:888)(cid:3),(cid:886)(cid:882)(cid:3),(cid:886)(cid:890)(cid:3),(cid:884)(cid:888)(cid:888)(cid:3),(cid:885)(cid:883)(cid:886)(cid:3),,,,,,,,,,,,,,,,,,,
(cid:887),(cid:13)(cid:131)(cid:143)(cid:132)(cid:139),(cid:886)(cid:890)(cid:3),(cid:884)(cid:889)(cid:883)(cid:3),(cid:885)(cid:883)(cid:891)(cid:3),(cid:885)(cid:3),(cid:887)(cid:3),(cid:890)(cid:3),(cid:885)(cid:3),(cid:883)(cid:890)(cid:3),(cid:884)(cid:883)(cid:3),(cid:887)(cid:888)(cid:3),(cid:885)(cid:884)(cid:886)(cid:3),(cid:885)(cid:890)(cid:882)(cid:3),,,,,,,,,,,,,,,,,,,
(cid:888),(cid:22)(cid:151)(cid:143)(cid:131)(cid:150)(cid:135)(cid:148)(cid:131)(cid:3)(cid:22)(cid:135)(cid:142)(cid:131)(cid:150)(cid:131)(cid:144),(cid:890)(cid:884)(cid:3),(cid:886)(cid:886)(cid:888)(cid:3),(cid:887)(cid:884)(cid:890)(cid:3),(cid:889)(cid:3),(cid:884)(cid:888)(cid:3),(cid:885)(cid:885)(cid:3),(cid:883)(cid:3),(cid:884)(cid:884)(cid:3),(cid:884)(cid:885)(cid:3),(cid:889)(cid:882)(cid:3),(cid:887)(cid:887)(cid:885)(cid:3),(cid:888)(cid:884)(cid:885)(cid:3),,,,,,,,,,,,,,,,,,,
(cid:889),(cid:5)(cid:135)(cid:144)(cid:137)(cid:141)(cid:151)(cid:142)(cid:151),(cid:887)(cid:889)(cid:3),(cid:883)(cid:891)(cid:887)(cid:3),(cid:884)(cid:887)(cid:884)(cid:3),(cid:887)(cid:3),(cid:883)(cid:884)(cid:3),(cid:883)(cid:889)(cid:3),(cid:882)(cid:3),(cid:884)(cid:3),(cid:884)(cid:3),(cid:891)(cid:3),(cid:890)(cid:884)(cid:3),(cid:891)(cid:883)(cid:3),,,,,,,,,,,,,,,,,,,
(cid:890),(cid:15)(cid:131)(cid:143)(cid:146)(cid:151)(cid:144)(cid:137),(cid:890)(cid:888)(cid:3),(cid:885)(cid:886)(cid:891)(cid:3),(cid:886)(cid:885)(cid:887)(cid:3),(cid:886)(cid:3),(cid:883)(cid:891)(cid:3),(cid:884)(cid:885)(cid:3),(cid:883)(cid:3),(cid:885)(cid:3),(cid:886)(cid:3),(cid:883)(cid:883)(cid:891)(cid:3),(cid:885)(cid:889)(cid:891)(cid:3),(cid:886)(cid:891)(cid:890)(cid:3),,,,,,,,,,,,,,,,,,,
(cid:891),(cid:14)(cid:135)(cid:146)(cid:484)(cid:3)(cid:5)(cid:131)(cid:144)(cid:137)(cid:141)(cid:131)(cid:3)(cid:5)(cid:135)(cid:142)(cid:139)(cid:150)(cid:151)(cid:144)(cid:137),(cid:884)(cid:882)(cid:3),(cid:891)(cid:887)(cid:3),(cid:883)(cid:883)(cid:887)(cid:3),(cid:884)(cid:3),(cid:883)(cid:3),(cid:885)(cid:3),(cid:883)(cid:3),(cid:883)(cid:3),(cid:884)(cid:3),(cid:885)(cid:882)(cid:3),(cid:883)(cid:883)(cid:891)(cid:3),(cid:883)(cid:886)(cid:891)(cid:3),,,,,,,,,,,,,,,,,,,
(cid:883)(cid:882),(cid:14)(cid:135)(cid:146)(cid:151)(cid:142)(cid:131)(cid:151)(cid:131)(cid:144)(cid:3)(cid:21)(cid:139)(cid:131)(cid:151),(cid:883)(cid:890)(cid:3),(cid:890)(cid:885)(cid:3),(cid:883)(cid:882)(cid:883)(cid:3),(cid:885)(cid:3),(cid:884)(cid:3),(cid:887)(cid:3),(cid:882)(cid:3),(cid:885)(cid:3),(cid:885)(cid:3),(cid:883)(cid:886)(cid:3),(cid:891)(cid:885)(cid:3),(cid:883)(cid:882)(cid:889)(cid:3),,,,,,,,,,,,,,,,,,,
(cid:883)(cid:883),(cid:7)(cid:14)(cid:12)(cid:3)(cid:13)(cid:131)(cid:141)(cid:131)(cid:148)(cid:150)(cid:131),(cid:883)(cid:885)(cid:884)(cid:3),(cid:884)(cid:884)(cid:889)(cid:3),(cid:885)(cid:887)(cid:891)(cid:3),(cid:883)(cid:3),(cid:882)(cid:3),(cid:883)(cid:3),(cid:882)(cid:3),(cid:884)(cid:3),(cid:884)(cid:3),(cid:891)(cid:886)(cid:3),(cid:885)(cid:882)(cid:887)(cid:3),(cid:885)(cid:891)(cid:891)(cid:3),,,,,,,,,,,,,,,,,,,
(cid:883)(cid:884),(cid:13)(cid:131)(cid:153)(cid:131)(cid:3)(cid:5)(cid:131)(cid:148)(cid:131)(cid:150),(cid:884)(cid:890)(cid:887)(cid:3),(cid:883)(cid:484)(cid:883)(cid:882)(cid:884)(cid:3),(cid:883)(cid:484)(cid:885)(cid:890)(cid:889)(cid:3),(cid:883)(cid:891)(cid:3),(cid:887)(cid:884)(cid:3),(cid:889)(cid:883)(cid:3),(cid:883)(cid:884)(cid:3),(cid:883)(cid:890)(cid:3),(cid:885)(cid:882)(cid:3),(cid:886)(cid:883)(cid:887)(cid:3),(cid:883)(cid:484)(cid:885)(cid:889)(cid:887)(cid:3),(cid:883)(cid:484)(cid:889)(cid:891)(cid:882)(cid:3),,,,,,,,,,,,,,,,,,,
(cid:883)(cid:885),(cid:13)(cid:131)(cid:153)(cid:131)(cid:3)(cid:23)(cid:135)(cid:144)(cid:137)(cid:131)(cid:138),(cid:884)(cid:886)(cid:888)(cid:3),(cid:883)(cid:484)(cid:884)(cid:883)(cid:890)(cid:3),(cid:883)(cid:484)(cid:886)(cid:888)(cid:886)(cid:3),(cid:884)(cid:884)(cid:3),(cid:886)(cid:883)(cid:3),(cid:888)(cid:885)(cid:3),(cid:889)(cid:884)(cid:3),(cid:883)(cid:890)(cid:888)(cid:3),(cid:884)(cid:887)(cid:890)(cid:3),(cid:886)(cid:882)(cid:883)(cid:3),(cid:883)(cid:484)(cid:888)(cid:889)(cid:891)(cid:3),(cid:884)(cid:484)(cid:882)(cid:890)(cid:882)(cid:3),,,,,,,,,,,,,,,,,,,
(cid:883)(cid:886),(cid:7)(cid:12)(cid:3)(cid:28)(cid:145)(cid:137)(cid:155)(cid:131)(cid:141)(cid:131)(cid:148)(cid:150)(cid:131),(cid:885)(cid:882)(cid:3),(cid:884)(cid:883)(cid:883)(cid:3),(cid:884)(cid:886)(cid:883)(cid:3),(cid:882)(cid:3),(cid:888)(cid:3),(cid:888)(cid:3),(cid:884)(cid:885)(cid:3),(cid:885)(cid:890)(cid:3),(cid:888)(cid:883)(cid:3),(cid:888)(cid:882)(cid:3),(cid:885)(cid:886)(cid:884)(cid:3),(cid:886)(cid:882)(cid:884)(cid:3),,,,,,,,,,,,,,,,,,,
(cid:883)(cid:887),(cid:13)(cid:131)(cid:153)(cid:131)(cid:3)(cid:23)(cid:139)(cid:143)(cid:151)(cid:148),(cid:884)(cid:887)(cid:886)(cid:3),(cid:883)(cid:484)(cid:884)(cid:891)(cid:883)(cid:3),(cid:883)(cid:484)(cid:887)(cid:886)(cid:887)(cid:3),(cid:883)(cid:888)(cid:3),(cid:888)(cid:886)(cid:3),(cid:890)(cid:882)(cid:3),(cid:885)(cid:883)(cid:3),(cid:887)(cid:884)(cid:3),(cid:890)(cid:885)(cid:3),(cid:886)(cid:882)(cid:888)(cid:3),(cid:883)(cid:484)(cid:884)(cid:891)(cid:887)(cid:3),(cid:883)(cid:484)(cid:889)(cid:882)(cid:883)(cid:3),,,,,,,,,,,,,,,,,,,
(cid:883)(cid:888),(cid:5)(cid:131)(cid:144)(cid:150)(cid:135)(cid:144),(cid:886)(cid:891)(cid:3),(cid:883)(cid:890)(cid:890)(cid:3),(cid:884)(cid:885)(cid:889)(cid:3),(cid:890)(cid:3),(cid:884)(cid:886)(cid:3),(cid:885)(cid:884)(cid:3),(cid:882)(cid:3),(cid:886)(cid:3),(cid:886)(cid:3),(cid:888)(cid:886)(cid:3),(cid:884)(cid:883)(cid:889)(cid:3),(cid:884)(cid:890)(cid:883)(cid:3),,,,,,,,,,,,,,,,,,,
(cid:883)(cid:889),(cid:5)(cid:131)(cid:142)(cid:139),(cid:885)(cid:891)(cid:3),(cid:883)(cid:886)(cid:882)(cid:3),(cid:883)(cid:889)(cid:891)(cid:3),(cid:887)(cid:3),(cid:888)(cid:3),(cid:883)(cid:883)(cid:3),(cid:883)(cid:3),(cid:882)(cid:3),(cid:883)(cid:3),(cid:887)(cid:887)(cid:3),(cid:884)(cid:882)(cid:889)(cid:3),(cid:884)(cid:888)(cid:884)(cid:3),,,,,,,,,,,,,,,,,,,
(cid:883)(cid:890),(cid:17)(cid:151)(cid:149)(cid:131)(cid:3)(cid:23)(cid:135)(cid:144)(cid:137)(cid:137)(cid:131)(cid:148)(cid:131)(cid:3)(cid:5)(cid:131)(cid:148)(cid:131)(cid:150),(cid:883)(cid:884)(cid:890)(cid:3),(cid:887)(cid:885)(cid:891)(cid:3),(cid:888)(cid:888)(cid:889)(cid:3),(cid:884)(cid:891)(cid:3),(cid:883)(cid:889)(cid:3),(cid:886)(cid:888)(cid:3),(cid:887)(cid:3),(cid:883)(cid:884)(cid:3),(cid:883)(cid:889)(cid:3),(cid:884)(cid:883)(cid:888)(cid:3),(cid:886)(cid:886)(cid:890)(cid:3),(cid:888)(cid:888)(cid:886)(cid:3),,,,,,,,,,,,,,,,,,,
(cid:883)(cid:891),(cid:17)(cid:151)(cid:149)(cid:131)(cid:3)(cid:23)(cid:135)(cid:144)(cid:137)(cid:137)(cid:131)(cid:148)(cid:131)(cid:3)(cid:23)(cid:139)(cid:143)(cid:151)(cid:148),(cid:884)(cid:883)(cid:885)(cid:3),(cid:887)(cid:891)(cid:882)(cid:3),(cid:890)(cid:882)(cid:885)(cid:3),(cid:885)(cid:884)(cid:3),(cid:888)(cid:882)(cid:3),(cid:891)(cid:884)(cid:3),(cid:891)(cid:3),(cid:885)(cid:888)(cid:3),(cid:886)(cid:887)(cid:3),(cid:884)(cid:882)(cid:890)(cid:3),(cid:889)(cid:883)(cid:883)(cid:3),(cid:891)(cid:883)(cid:891)(cid:3),,,,,,,,,,,,,,,,,,,
(cid:884)(cid:882),(cid:14)(cid:131)(cid:142)(cid:139)(cid:143)(cid:131)(cid:144)(cid:150)(cid:131)(cid:144)(cid:3)(cid:5)(cid:131)(cid:148)(cid:131)(cid:150),(cid:891)(cid:885)(cid:3),(cid:885)(cid:887)(cid:883)(cid:3),(cid:886)(cid:886)(cid:886)(cid:3),(cid:883)(cid:886)(cid:3),(cid:883)(cid:884)(cid:3),(cid:884)(cid:888)(cid:3),(cid:883)(cid:3),(cid:885)(cid:3),(cid:886)(cid:3),(cid:883)(cid:891)(cid:885)(cid:3),(cid:886)(cid:885)(cid:891)(cid:3),(cid:888)(cid:885)(cid:884)(cid:3),,,,,,,,,,,,,,,,,,,
(cid:884)(cid:883),(cid:14)(cid:131)(cid:142)(cid:139)(cid:143)(cid:131)(cid:144)(cid:150)(cid:131)(cid:144)(cid:3)(cid:23)(cid:135)(cid:144)(cid:137)(cid:131)(cid:138),(cid:888)(cid:884)(cid:3),(cid:884)(cid:885)(cid:891)(cid:3),(cid:885)(cid:882)(cid:883)(cid:3),(cid:887)(cid:3),(cid:888)(cid:3),(cid:883)(cid:883)(cid:3),(cid:883)(cid:3),(cid:882)(cid:3),(cid:883)(cid:3),(cid:889)(cid:891)(cid:3),(cid:883)(cid:891)(cid:884)(cid:3),(cid:884)(cid:889)(cid:883)(cid:3),,,,,,,,,,,,,,,,,,,
(cid:884)(cid:884),(cid:14)(cid:131)(cid:142)(cid:139)(cid:143)(cid:131)(cid:144)(cid:150)(cid:131)(cid:144)(cid:3)(cid:22)(cid:135)(cid:142)(cid:131)(cid:150)(cid:131)(cid:144),(cid:890)(cid:890)(cid:3),(cid:885)(cid:891)(cid:887)(cid:3),(cid:886)(cid:890)(cid:885)(cid:3),(cid:886)(cid:3),(cid:883)(cid:884)(cid:3),(cid:883)(cid:888)(cid:3),(cid:885)(cid:3),(cid:886)(cid:3),(cid:889)(cid:3),(cid:883)(cid:884)(cid:886)(cid:3),(cid:886)(cid:889)(cid:890)(cid:3),(cid:888)(cid:882)(cid:884)(cid:3),,,,,,,,,,,,,,,,,,,
(cid:884)(cid:885),(cid:14)(cid:131)(cid:142)(cid:139)(cid:143)(cid:131)(cid:144)(cid:150)(cid:131)(cid:144)(cid:3)(cid:23)(cid:139)(cid:143)(cid:151)(cid:148),(cid:888)(cid:888)(cid:3),(cid:884)(cid:889)(cid:885)(cid:3),(cid:885)(cid:885)(cid:891)(cid:3),(cid:885)(cid:3),(cid:883)(cid:882)(cid:3),(cid:883)(cid:885)(cid:3),(cid:885)(cid:3),(cid:883)(cid:883)(cid:3),(cid:883)(cid:886)(cid:3),(cid:888)(cid:890)(cid:3),(cid:883)(cid:888)(cid:884)(cid:3),(cid:884)(cid:885)(cid:882)(cid:3),,,,,,,,,,,,,,,,,,,
(cid:884)(cid:886),(cid:14)(cid:131)(cid:142)(cid:139)(cid:143)(cid:131)(cid:144)(cid:150)(cid:131)(cid:144)(cid:3)(cid:24)(cid:150)(cid:131)(cid:148)(cid:131),(cid:884)(cid:888)(cid:3),(cid:887)(cid:890)(cid:3),(cid:890)(cid:886)(cid:3),(cid:884)(cid:3),(cid:883)(cid:3),(cid:885)(cid:3),(cid:882)(cid:3),(cid:882)(cid:3),(cid:882)(cid:3),(cid:885)(cid:882)(cid:3),(cid:885)(cid:891)(cid:3),(cid:888)(cid:891)(cid:3),,,,,,,,,,,,,,,,,,,
(cid:884)(cid:887),(cid:22)(cid:151)(cid:142)(cid:131)(cid:153)(cid:135)(cid:149)(cid:139)(cid:3)(cid:24)(cid:150)(cid:131)(cid:148)(cid:131),(cid:886)(cid:890)(cid:3),(cid:891)(cid:882)(cid:3),(cid:883)(cid:885)(cid:890)(cid:3),(cid:886)(cid:3),(cid:890)(cid:3),(cid:883)(cid:884)(cid:3),(cid:886)(cid:3),(cid:884)(cid:884)(cid:3),(cid:884)(cid:888)(cid:3),(cid:886)(cid:885)(cid:3),(cid:884)(cid:884)(cid:882)(cid:3),(cid:884)(cid:888)(cid:885)(cid:3),,,,,,,,,,,,,,,,,,,
(cid:884)(cid:888),(cid:22)(cid:151)(cid:142)(cid:131)(cid:153)(cid:135)(cid:149)(cid:139)(cid:3)(cid:23)(cid:135)(cid:144)(cid:137)(cid:131)(cid:138),(cid:888)(cid:890)(cid:3),(cid:884)(cid:886)(cid:890)(cid:3),(cid:885)(cid:883)(cid:888)(cid:3),(cid:886)(cid:3),(cid:886)(cid:3),(cid:890)(cid:3),(cid:886)(cid:3),(cid:885)(cid:3),(cid:889)(cid:3),(cid:888)(cid:887)(cid:3),(cid:883)(cid:887)(cid:890)(cid:3),(cid:884)(cid:884)(cid:885)(cid:3),,,,,,,,,,,,,,,,,,,
(cid:884)(cid:889),(cid:22)(cid:151)(cid:142)(cid:131)(cid:153)(cid:135)(cid:149)(cid:139)(cid:3)(cid:22)(cid:135)(cid:142)(cid:131)(cid:150)(cid:131)(cid:144),(cid:883)(cid:883)(cid:884)(cid:3),(cid:889)(cid:887)(cid:889)(cid:3),(cid:890)(cid:888)(cid:891)(cid:3),(cid:883)(cid:882)(cid:3),(cid:886)(cid:891)(cid:3),(cid:887)(cid:891)(cid:3),(cid:888)(cid:3),(cid:884)(cid:886)(cid:3),(cid:885)(cid:882)(cid:3),(cid:883)(cid:888)(cid:884)(cid:3),(cid:889)(cid:890)(cid:886)(cid:3),(cid:891)(cid:886)(cid:888)(cid:3),,,,,,,,,,,,,,,,,,,
(cid:884)(cid:890),(cid:22)(cid:151)(cid:142)(cid:131)(cid:153)(cid:135)(cid:149)(cid:139)(cid:3)(cid:23)(cid:135)(cid:144)(cid:137)(cid:137)(cid:131)(cid:148)(cid:131),(cid:891)(cid:891)(cid:3),(cid:887)(cid:882)(cid:882)(cid:3),(cid:887)(cid:891)(cid:891)(cid:3),(cid:886)(cid:3),(cid:884)(cid:890)(cid:3),(cid:885)(cid:884)(cid:3),(cid:887)(cid:3),(cid:883)(cid:887)(cid:3),(cid:884)(cid:882)(cid:3),(cid:891)(cid:886)(cid:3),(cid:886)(cid:887)(cid:887)(cid:3),(cid:887)(cid:886)(cid:891)(cid:3),,,,,,,,,,,,,,,,,,,
(cid:884)(cid:891),(cid:10)(cid:145)(cid:148)(cid:145)(cid:144)(cid:150)(cid:131)(cid:142)(cid:145),(cid:885)(cid:882)(cid:3),(cid:890)(cid:891)(cid:3),(cid:883)(cid:883)(cid:891)(cid:3),(cid:883)(cid:3),(cid:884)(cid:3),(cid:885)(cid:3),(cid:882)(cid:3),(cid:882)(cid:3),(cid:882)(cid:3),(cid:883)(cid:885)(cid:3),(cid:887)(cid:883)(cid:3),(cid:888)(cid:886)(cid:3),,,,,,,,,,,,,,,,,,,
(cid:885)(cid:882),(cid:22)(cid:151)(cid:142)(cid:131)(cid:153)(cid:135)(cid:149)(cid:139)(cid:3)(cid:5)(cid:131)(cid:148)(cid:131)(cid:150),(cid:884)(cid:885)(cid:3),(cid:890)(cid:890)(cid:3),(cid:883)(cid:883)(cid:883)(cid:3),(cid:883)(cid:3),(cid:887)(cid:3),(cid:888)(cid:3),(cid:882)(cid:3),(cid:889)(cid:3),(cid:889)(cid:3),(cid:883)(cid:888)(cid:3),(cid:888)(cid:885)(cid:3),(cid:889)(cid:891)(cid:3),,,,,,,,,,,,,,,,,,,
(cid:885)(cid:883),(cid:16)(cid:131)(cid:142)(cid:151)(cid:141)(cid:151),(cid:888)(cid:885)(cid:3),(cid:884)(cid:888)(cid:883)(cid:3),(cid:885)(cid:884)(cid:886)(cid:3),(cid:883)(cid:3),(cid:887)(cid:3),(cid:888)(cid:3),(cid:883)(cid:3),(cid:885)(cid:3),(cid:886)(cid:3),(cid:883)(cid:886)(cid:3),(cid:887)(cid:886)(cid:3),(cid:888)(cid:890)(cid:3),,,,,,,,,,,,,,,,,,,
(cid:885)(cid:884),(cid:16)(cid:131)(cid:142)(cid:151)(cid:141)(cid:151)(cid:3)(cid:24)(cid:150)(cid:131)(cid:148)(cid:131),(cid:888)(cid:889)(cid:3),(cid:884)(cid:884)(cid:888)(cid:3),(cid:884)(cid:891)(cid:885)(cid:3),(cid:885)(cid:3),(cid:883)(cid:890)(cid:3),(cid:884)(cid:883)(cid:3),(cid:885)(cid:3),(cid:886)(cid:3),(cid:889)(cid:3),(cid:884)(cid:883)(cid:3),(cid:889)(cid:885)(cid:3),(cid:891)(cid:886)(cid:3),,,,,,,,,,,,,,,,,,,
(cid:885)(cid:885),(cid:19)(cid:131)(cid:146)(cid:151)(cid:131),(cid:887)(cid:885)(cid:3),(cid:883)(cid:891)(cid:891)(cid:3),(cid:884)(cid:887)(cid:884)(cid:3),(cid:891)(cid:3),(cid:884)(cid:882)(cid:3),(cid:884)(cid:891)(cid:3),(cid:882)(cid:3),(cid:882)(cid:3),(cid:882)(cid:3),(cid:889)(cid:3),(cid:884)(cid:890)(cid:3),(cid:885)(cid:887)(cid:3),,,,,,,,,,,,,,,,,,,
(cid:885)(cid:886),(cid:19)(cid:131)(cid:146)(cid:151)(cid:131)(cid:3)(cid:5)(cid:131)(cid:148)(cid:131)(cid:150),(cid:886)(cid:886)(cid:3),(cid:891)(cid:891)(cid:3),(cid:883)(cid:886)(cid:885)(cid:3),(cid:885)(cid:3),(cid:890)(cid:3),(cid:883)(cid:883)(cid:3),(cid:883)(cid:3),(cid:883)(cid:3),(cid:884)(cid:3),(cid:883)(cid:883)(cid:3),(cid:884)(cid:886)(cid:3),(cid:885)(cid:887)(cid:3),,,,,,,,,,,,,,,,,,,
(cid:885)(cid:887),(cid:19)(cid:131)(cid:146)(cid:151)(cid:131)(cid:3)(cid:22)(cid:135)(cid:142)(cid:131)(cid:150)(cid:131)(cid:144),(cid:884)(cid:891)(cid:3),(cid:887)(cid:884)(cid:3),(cid:890)(cid:883)(cid:3),(cid:889)(cid:3),(cid:883)(cid:885)(cid:3),(cid:884)(cid:882)(cid:3),(cid:883)(cid:3),(cid:884)(cid:3),(cid:885)(cid:3),(cid:884)(cid:3),(cid:891)(cid:3),(cid:883)(cid:883)(cid:3),,,,,,,,,,,,,,,,,,,
(cid:885)(cid:888),(cid:19)(cid:131)(cid:146)(cid:151)(cid:131)(cid:3)(cid:23)(cid:135)(cid:144)(cid:137)(cid:131)(cid:138),(cid:885)(cid:888)(cid:3),(cid:891)(cid:884)(cid:3),(cid:883)(cid:884)(cid:890)(cid:3),(cid:889)(cid:3),(cid:883)(cid:884)(cid:3),(cid:883)(cid:891)(cid:3),(cid:884)(cid:3),(cid:886)(cid:3),(cid:888)(cid:3),(cid:887)(cid:3),(cid:884)(cid:885)(cid:3),(cid:884)(cid:890)(cid:3),,,,,,,,,,,,,,,,,,,
(cid:885)(cid:889) (cid:19)(cid:131)(cid:146)(cid:151)(cid:131)(cid:3)(cid:19)(cid:135)(cid:137)(cid:151)(cid:144)(cid:151)(cid:144)(cid:137)(cid:131)(cid:144) Indonesia (cid:885)(cid:890) (cid:19)(cid:131)(cid:146)(cid:151)(cid:131)(cid:3)(cid:5)(cid:131)(cid:148)(cid:131)(cid:150)(cid:3)(cid:7)(cid:131)(cid:155)(cid:131),,(cid:884)(cid:885)(cid:3) 2.984 (cid:884)(cid:888)(cid:3),(cid:886)(cid:883)(cid:3) 12.861 (cid:890)(cid:882)(cid:3),(cid:888)(cid:886)(cid:3) 15.845 (cid:883)(cid:882)(cid:888)(cid:3),(cid:887)(cid:3) 283 (cid:883)(cid:3),(cid:883)(cid:885)(cid:3) 715 (cid:890)(cid:3),(cid:883)(cid:890)(cid:3) 998 (cid:891)(cid:3),(cid:882)(cid:3) 228 (cid:882)(cid:3),(cid:882)(cid:3) 698 (cid:882)(cid:3),(cid:882)(cid:3) 926 (cid:882)(cid:3),(cid:883)(cid:3) 3.553 (cid:886)(cid:3),(cid:886)(cid:3) 13.670 (cid:883)(cid:885)(cid:3),(cid:887)(cid:3) 17.223 (cid:883)(cid:889)(cid:3),,,,,,,,,,,,,,,,,,,
No,Provinsi,Ahli Teknologi Laboratorium Medik,,,Tenaga Teknik Biomedika Lainnya,,,Keterapian Fisik,,,Keteknisian Medis,,,,,,,,,,,,,,,,,,,,,
,,L,P,L + P,L,P,L + P,L,P,L + P,L,P,L + P,,,,,,,,,,,,,,,,,,,
(1),(2),(3),(4),(5),(6),(7),(8),(9),(10),(11),(12),(13),(14),,,,,,,,,,,,,,,,,,,
(cid:883),(cid:4)(cid:133)(cid:135)(cid:138),(cid:891)(cid:889)(cid:3),(cid:888)(cid:883)(cid:887)(cid:3),(cid:889)(cid:883)(cid:884)(cid:3),(cid:885)(cid:885)(cid:891)(cid:3),(cid:885)(cid:888)(cid:888)(cid:3),(cid:889)(cid:882)(cid:887)(cid:3),(cid:889)(cid:886)(cid:3),(cid:884)(cid:888)(cid:886)(cid:3),(cid:885)(cid:885)(cid:890)(cid:3),(cid:883)(cid:891)(cid:887)(cid:3),(cid:887)(cid:889)(cid:886)(cid:3),(cid:889)(cid:888)(cid:891)(cid:3),,,,,,,,,,,,,,,,,,,
(cid:884),(cid:22)(cid:151)(cid:143)(cid:131)(cid:150)(cid:135)(cid:148)(cid:131)(cid:3)(cid:24)(cid:150)(cid:131)(cid:148)(cid:131),(cid:883)(cid:886)(cid:884)(cid:3),(cid:890)(cid:891)(cid:885)(cid:3),(cid:883)(cid:484)(cid:882)(cid:885)(cid:887)(cid:3),(cid:885)(cid:890)(cid:888)(cid:3),(cid:888)(cid:891)(cid:888)(cid:3),(cid:883)(cid:484)(cid:882)(cid:890)(cid:884)(cid:3),(cid:883)(cid:888)(cid:887)(cid:3),(cid:884)(cid:889)(cid:889)(cid:3),(cid:886)(cid:886)(cid:884)(cid:3),(cid:884)(cid:884)(cid:890)(cid:3),(cid:888)(cid:890)(cid:888)(cid:3),(cid:891)(cid:883)(cid:886)(cid:3),,,,,,,,,,,,,,,,,,,
(cid:885),(cid:22)(cid:151)(cid:143)(cid:131)(cid:150)(cid:135)(cid:148)(cid:131)(cid:3)(cid:5)(cid:131)(cid:148)(cid:131)(cid:150),(cid:883)(cid:885)(cid:888)(cid:3),(cid:887)(cid:889)(cid:889)(cid:3),(cid:889)(cid:883)(cid:885)(cid:3),(cid:884)(cid:891)(cid:889)(cid:3),(cid:885)(cid:884)(cid:885)(cid:3),(cid:888)(cid:884)(cid:882)(cid:3),(cid:890)(cid:890)(cid:3),(cid:883)(cid:889)(cid:886)(cid:3),(cid:884)(cid:888)(cid:884)(cid:3),(cid:884)(cid:884)(cid:889)(cid:3),(cid:890)(cid:884)(cid:883)(cid:3),(cid:883)(cid:484)(cid:882)(cid:886)(cid:890)(cid:3),,,,,,,,,,,,,,,,,,,
(cid:886),(cid:21)(cid:139)(cid:131)(cid:151),(cid:883)(cid:883)(cid:884)(cid:3),(cid:887)(cid:891)(cid:884)(cid:3),(cid:889)(cid:882)(cid:886)(cid:3),(cid:883)(cid:891)(cid:888)(cid:3),(cid:885)(cid:882)(cid:883)(cid:3),(cid:886)(cid:891)(cid:889)(cid:3),(cid:891)(cid:889)(cid:3),(cid:884)(cid:883)(cid:886)(cid:3),(cid:885)(cid:883)(cid:883)(cid:3),(cid:883)(cid:891)(cid:885)(cid:3),(cid:886)(cid:882)(cid:885)(cid:3),(cid:887)(cid:891)(cid:888)(cid:3),,,,,,,,,,,,,,,,,,,
(cid:887),(cid:13)(cid:131)(cid:143)(cid:132)(cid:139),(cid:890)(cid:889)(cid:3),(cid:885)(cid:891)(cid:888)(cid:3),(cid:886)(cid:890)(cid:885)(cid:3),(cid:883)(cid:882)(cid:891)(cid:3),(cid:883)(cid:884)(cid:887)(cid:3),(cid:884)(cid:885)(cid:886)(cid:3),(cid:885)(cid:885)(cid:3),(cid:883)(cid:884)(cid:889)(cid:3),(cid:883)(cid:888)(cid:882)(cid:3),(cid:887)(cid:888)(cid:3),(cid:884)(cid:885)(cid:889)(cid:3),(cid:884)(cid:891)(cid:885)(cid:3),,,,,,,,,,,,,,,,,,,
(cid:888),(cid:22)(cid:151)(cid:143)(cid:131)(cid:150)(cid:135)(cid:148)(cid:131)(cid:3)(cid:22)(cid:135)(cid:142)(cid:131)(cid:150)(cid:131)(cid:144),(cid:883)(cid:885)(cid:884)(cid:3),(cid:888)(cid:891)(cid:887)(cid:3),(cid:890)(cid:884)(cid:889)(cid:3),(cid:884)(cid:888)(cid:884)(cid:3),(cid:885)(cid:887)(cid:882)(cid:3),(cid:888)(cid:883)(cid:884)(cid:3),(cid:889)(cid:886)(cid:3),(cid:884)(cid:886)(cid:888)(cid:3),(cid:885)(cid:884)(cid:882)(cid:3),(cid:884)(cid:883)(cid:884)(cid:3),(cid:887)(cid:886)(cid:887)(cid:3),(cid:889)(cid:887)(cid:889)(cid:3),,,,,,,,,,,,,,,,,,,
(cid:889),(cid:5)(cid:135)(cid:144)(cid:137)(cid:141)(cid:151)(cid:142)(cid:151),(cid:889)(cid:887)(cid:3),(cid:884)(cid:883)(cid:885)(cid:3),(cid:884)(cid:890)(cid:890)(cid:3),(cid:891)(cid:889)(cid:3),(cid:890)(cid:885)(cid:3),(cid:883)(cid:890)(cid:882)(cid:3),(cid:883)(cid:891)(cid:3),(cid:886)(cid:889)(cid:3),(cid:888)(cid:888)(cid:3),(cid:889)(cid:884)(cid:3),(cid:883)(cid:882)(cid:889)(cid:3),(cid:883)(cid:889)(cid:891)(cid:3),,,,,,,,,,,,,,,,,,,
(cid:890),(cid:15)(cid:131)(cid:143)(cid:146)(cid:151)(cid:144)(cid:137),(cid:883)(cid:884)(cid:889)(cid:3),(cid:887)(cid:883)(cid:887)(cid:3),(cid:888)(cid:886)(cid:884)(cid:3),(cid:884)(cid:885)(cid:886)(cid:3),(cid:884)(cid:884)(cid:891)(cid:3),(cid:886)(cid:888)(cid:885)(cid:3),(cid:888)(cid:883)(cid:3),(cid:883)(cid:883)(cid:886)(cid:3),(cid:883)(cid:889)(cid:887)(cid:3),(cid:883)(cid:885)(cid:891)(cid:3),(cid:884)(cid:886)(cid:885)(cid:3),(cid:885)(cid:890)(cid:884)(cid:3),,,,,,,,,,,,,,,,,,,
(cid:891),(cid:14)(cid:135)(cid:146)(cid:484)(cid:3)(cid:5)(cid:131)(cid:144)(cid:137)(cid:141)(cid:131)(cid:3)(cid:5)(cid:135)(cid:142)(cid:139)(cid:150)(cid:151)(cid:144)(cid:137),(cid:886)(cid:891)(cid:3),(cid:883)(cid:889)(cid:884)(cid:3),(cid:884)(cid:884)(cid:883)(cid:3),(cid:891)(cid:883)(cid:3),(cid:888)(cid:891)(cid:3),(cid:883)(cid:888)(cid:882)(cid:3),(cid:883)(cid:886)(cid:3),(cid:888)(cid:887)(cid:3),(cid:889)(cid:891)(cid:3),(cid:887)(cid:883)(cid:3),(cid:883)(cid:887)(cid:885)(cid:3),(cid:884)(cid:882)(cid:886)(cid:3),,,,,,,,,,,,,,,,,,,
(cid:883)(cid:882),(cid:14)(cid:135)(cid:146)(cid:151)(cid:142)(cid:131)(cid:151)(cid:131)(cid:144)(cid:3)(cid:21)(cid:139)(cid:131)(cid:151),(cid:888)(cid:884)(cid:3),(cid:884)(cid:884)(cid:887)(cid:3),(cid:884)(cid:890)(cid:889)(cid:3),(cid:883)(cid:884)(cid:890)(cid:3),(cid:883)(cid:884)(cid:884)(cid:3),(cid:884)(cid:887)(cid:882)(cid:3),(cid:885)(cid:882)(cid:3),(cid:890)(cid:888)(cid:3),(cid:883)(cid:883)(cid:888)(cid:3),(cid:890)(cid:889)(cid:3),(cid:883)(cid:890)(cid:884)(cid:3),(cid:884)(cid:888)(cid:891)(cid:3),,,,,,,,,,,,,,,,,,,
(cid:883)(cid:883),(cid:7)(cid:14)(cid:12)(cid:3)(cid:13)(cid:131)(cid:141)(cid:131)(cid:148)(cid:150)(cid:131),(cid:889)(cid:888)(cid:884)(cid:3),(cid:884)(cid:484)(cid:883)(cid:886)(cid:889)(cid:3),(cid:884)(cid:484)(cid:891)(cid:882)(cid:891)(cid:3),(cid:883)(cid:484)(cid:884)(cid:888)(cid:887)(cid:3),(cid:883)(cid:484)(cid:883)(cid:884)(cid:890)(cid:3),(cid:884)(cid:484)(cid:885)(cid:891)(cid:885)(cid:3),(cid:886)(cid:889)(cid:882)(cid:3),(cid:889)(cid:885)(cid:886)(cid:3),(cid:883)(cid:484)(cid:884)(cid:882)(cid:886)(cid:3),(cid:891)(cid:883)(cid:886)(cid:3),(cid:883)(cid:484)(cid:890)(cid:885)(cid:889)(cid:3),(cid:884)(cid:484)(cid:889)(cid:887)(cid:883)(cid:3),,,,,,,,,,,,,,,,,,,
(cid:883)(cid:884),(cid:13)(cid:131)(cid:153)(cid:131)(cid:3)(cid:5)(cid:131)(cid:148)(cid:131)(cid:150),(cid:883)(cid:484)(cid:882)(cid:887)(cid:883)(cid:3),(cid:885)(cid:484)(cid:883)(cid:886)(cid:883)(cid:3),(cid:886)(cid:484)(cid:883)(cid:891)(cid:884)(cid:3),(cid:883)(cid:484)(cid:888)(cid:884)(cid:883)(cid:3),(cid:883)(cid:484)(cid:885)(cid:890)(cid:883)(cid:3),(cid:885)(cid:484)(cid:882)(cid:882)(cid:884)(cid:3),(cid:887)(cid:885)(cid:891)(cid:3),(cid:883)(cid:484)(cid:882)(cid:891)(cid:883)(cid:3),(cid:883)(cid:484)(cid:888)(cid:885)(cid:882)(cid:3),(cid:883)(cid:484)(cid:886)(cid:885)(cid:890)(cid:3),(cid:884)(cid:484)(cid:888)(cid:885)(cid:883)(cid:3),(cid:886)(cid:484)(cid:882)(cid:888)(cid:891)(cid:3),,,,,,,,,,,,,,,,,,,
(cid:883)(cid:885),(cid:13)(cid:131)(cid:153)(cid:131)(cid:3)(cid:23)(cid:135)(cid:144)(cid:137)(cid:131)(cid:138),(cid:888)(cid:888)(cid:887)(cid:3),(cid:884)(cid:484)(cid:890)(cid:884)(cid:885)(cid:3),(cid:885)(cid:484)(cid:886)(cid:890)(cid:890)(cid:3),(cid:883)(cid:484)(cid:886)(cid:883)(cid:882)(cid:3),(cid:883)(cid:484)(cid:885)(cid:882)(cid:888)(cid:3),(cid:884)(cid:484)(cid:889)(cid:883)(cid:888)(cid:3),(cid:887)(cid:888)(cid:883)(cid:3),(cid:883)(cid:484)(cid:882)(cid:891)(cid:883)(cid:3),(cid:883)(cid:484)(cid:888)(cid:887)(cid:884)(cid:3),(cid:883)(cid:484)(cid:883)(cid:885)(cid:883)(cid:3),(cid:885)(cid:484)(cid:882)(cid:888)(cid:886)(cid:3),(cid:886)(cid:484)(cid:883)(cid:891)(cid:887)(cid:3),,,,,,,,,,,,,,,,,,,
(cid:883)(cid:886),(cid:7)(cid:12)(cid:3)(cid:28)(cid:145)(cid:137)(cid:155)(cid:131)(cid:141)(cid:131)(cid:148)(cid:150)(cid:131),(cid:883)(cid:887)(cid:890)(cid:3),(cid:887)(cid:887)(cid:884)(cid:3),(cid:889)(cid:883)(cid:882)(cid:3),(cid:885)(cid:884)(cid:883)(cid:3),(cid:884)(cid:888)(cid:891)(cid:3),(cid:887)(cid:891)(cid:882)(cid:3),(cid:883)(cid:885)(cid:884)(cid:3),(cid:884)(cid:886)(cid:884)(cid:3),(cid:885)(cid:889)(cid:886)(cid:3),(cid:884)(cid:886)(cid:885)(cid:3),(cid:890)(cid:886)(cid:888)(cid:3),(cid:883)(cid:484)(cid:882)(cid:890)(cid:891)(cid:3),,,,,,,,,,,,,,,,,,,
(cid:883)(cid:887),(cid:13)(cid:131)(cid:153)(cid:131)(cid:3)(cid:23)(cid:139)(cid:143)(cid:151)(cid:148),(cid:889)(cid:888)(cid:884)(cid:3),(cid:884)(cid:484)(cid:890)(cid:889)(cid:888)(cid:3),(cid:885)(cid:484)(cid:888)(cid:885)(cid:890)(cid:3),(cid:883)(cid:484)(cid:884)(cid:891)(cid:883)(cid:3),(cid:883)(cid:484)(cid:885)(cid:884)(cid:885)(cid:3),(cid:884)(cid:484)(cid:888)(cid:883)(cid:886)(cid:3),(cid:886)(cid:888)(cid:891)(cid:3),(cid:889)(cid:886)(cid:887)(cid:3),(cid:883)(cid:484)(cid:884)(cid:883)(cid:886)(cid:3),(cid:883)(cid:484)(cid:883)(cid:882)(cid:889)(cid:3),(cid:884)(cid:484)(cid:886)(cid:883)(cid:886)(cid:3),(cid:885)(cid:484)(cid:887)(cid:884)(cid:883)(cid:3),,,,,,,,,,,,,,,,,,,
(cid:883)(cid:888),(cid:5)(cid:131)(cid:144)(cid:150)(cid:135)(cid:144),(cid:884)(cid:884)(cid:888)(cid:3),(cid:890)(cid:889)(cid:884)(cid:3),(cid:883)(cid:484)(cid:882)(cid:891)(cid:890)(cid:3),(cid:886)(cid:882)(cid:889)(cid:3),(cid:886)(cid:887)(cid:884)(cid:3),(cid:890)(cid:887)(cid:891)(cid:3),(cid:883)(cid:888)(cid:889)(cid:3),(cid:885)(cid:887)(cid:885)(cid:3),(cid:887)(cid:884)(cid:882)(cid:3),(cid:884)(cid:883)(cid:887)(cid:3),(cid:887)(cid:883)(cid:882)(cid:3),(cid:889)(cid:884)(cid:887)(cid:3),,,,,,,,,,,,,,,,,,,
(cid:883)(cid:889),(cid:5)(cid:131)(cid:142)(cid:139),(cid:883)(cid:891)(cid:887)(cid:3),(cid:887)(cid:889)(cid:887)(cid:3),(cid:889)(cid:889)(cid:882)(cid:3),(cid:885)(cid:887)(cid:888)(cid:3),(cid:884)(cid:885)(cid:886)(cid:3),(cid:887)(cid:891)(cid:882)(cid:3),(cid:883)(cid:883)(cid:887)(cid:3),(cid:891)(cid:891)(cid:3),(cid:884)(cid:883)(cid:886)(cid:3),(cid:883)(cid:886)(cid:890)(cid:3),(cid:885)(cid:884)(cid:887)(cid:3),(cid:886)(cid:889)(cid:885)(cid:3),,,,,,,,,,,,,,,,,,,
(cid:883)(cid:890),(cid:17)(cid:151)(cid:149)(cid:131)(cid:3)(cid:23)(cid:135)(cid:144)(cid:137)(cid:137)(cid:131)(cid:148)(cid:131)(cid:3)(cid:5)(cid:131)(cid:148)(cid:131)(cid:150),(cid:883)(cid:886)(cid:883)(cid:3),(cid:886)(cid:890)(cid:890)(cid:3),(cid:888)(cid:884)(cid:891)(cid:3),(cid:884)(cid:886)(cid:882)(cid:3),(cid:883)(cid:891)(cid:891)(cid:3),(cid:886)(cid:885)(cid:891)(cid:3),(cid:888)(cid:885)(cid:3),(cid:883)(cid:887)(cid:891)(cid:3),(cid:884)(cid:884)(cid:884)(cid:3),(cid:884)(cid:889)(cid:891)(cid:3),(cid:886)(cid:884)(cid:887)(cid:3),(cid:889)(cid:882)(cid:886)(cid:3),,,,,,,,,,,,,,,,,,,
(cid:883)(cid:891),(cid:17)(cid:151)(cid:149)(cid:131)(cid:3)(cid:23)(cid:135)(cid:144)(cid:137)(cid:137)(cid:131)(cid:148)(cid:131)(cid:3)(cid:23)(cid:139)(cid:143)(cid:151)(cid:148),(cid:883)(cid:885)(cid:884)(cid:3),(cid:886)(cid:884)(cid:891)(cid:3),(cid:887)(cid:888)(cid:883)(cid:3),(cid:883)(cid:890)(cid:888)(cid:3),(cid:883)(cid:889)(cid:888)(cid:3),(cid:885)(cid:888)(cid:884)(cid:3),(cid:886)(cid:886)(cid:3),(cid:891)(cid:882)(cid:3),(cid:883)(cid:885)(cid:886)(cid:3),(cid:883)(cid:887)(cid:890)(cid:3),(cid:886)(cid:882)(cid:888)(cid:3),(cid:887)(cid:888)(cid:886)(cid:3),,,,,,,,,,,,,,,,,,,
(cid:884)(cid:882),(cid:14)(cid:131)(cid:142)(cid:139)(cid:143)(cid:131)(cid:144)(cid:150)(cid:131)(cid:144)(cid:3)(cid:5)(cid:131)(cid:148)(cid:131)(cid:150),(cid:883)(cid:885)(cid:888)(cid:3),(cid:885)(cid:887)(cid:885)(cid:3),(cid:886)(cid:890)(cid:891)(cid:3),(cid:883)(cid:889)(cid:885)(cid:3),(cid:883)(cid:886)(cid:883)(cid:3),(cid:885)(cid:883)(cid:886)(cid:3),(cid:885)(cid:891)(cid:3),(cid:890)(cid:883)(cid:3),(cid:883)(cid:884)(cid:882)(cid:3),(cid:883)(cid:889)(cid:883)(cid:3),(cid:885)(cid:882)(cid:882)(cid:3),(cid:886)(cid:889)(cid:883)(cid:3),,,,,,,,,,,,,,,,,,,
(cid:884)(cid:883),(cid:14)(cid:131)(cid:142)(cid:139)(cid:143)(cid:131)(cid:144)(cid:150)(cid:131)(cid:144)(cid:3)(cid:23)(cid:135)(cid:144)(cid:137)(cid:131)(cid:138),(cid:883)(cid:882)(cid:882)(cid:3),(cid:885)(cid:882)(cid:884)(cid:3),(cid:886)(cid:882)(cid:884)(cid:3),(cid:883)(cid:886)(cid:887)(cid:3),(cid:891)(cid:882)(cid:3),(cid:884)(cid:885)(cid:887)(cid:3),(cid:884)(cid:891)(cid:3),(cid:890)(cid:882)(cid:3),(cid:883)(cid:882)(cid:891)(cid:3),(cid:890)(cid:882)(cid:3),(cid:883)(cid:888)(cid:891)(cid:3),(cid:884)(cid:886)(cid:891)(cid:3),,,,,,,,,,,,,,,,,,,
(cid:884)(cid:884),(cid:14)(cid:131)(cid:142)(cid:139)(cid:143)(cid:131)(cid:144)(cid:150)(cid:131)(cid:144)(cid:3)(cid:22)(cid:135)(cid:142)(cid:131)(cid:150)(cid:131)(cid:144),(cid:883)(cid:887)(cid:888)(cid:3),(cid:886)(cid:891)(cid:891)(cid:3),(cid:888)(cid:887)(cid:887)(cid:3),(cid:884)(cid:883)(cid:887)(cid:3),(cid:883)(cid:888)(cid:886)(cid:3),(cid:885)(cid:889)(cid:891)(cid:3),(cid:889)(cid:885)(cid:3),(cid:891)(cid:889)(cid:3),(cid:883)(cid:889)(cid:882)(cid:3),(cid:883)(cid:891)(cid:882)(cid:3),(cid:885)(cid:887)(cid:883)(cid:3),(cid:887)(cid:886)(cid:883)(cid:3),,,,,,,,,,,,,,,,,,,
(cid:884)(cid:885),(cid:14)(cid:131)(cid:142)(cid:139)(cid:143)(cid:131)(cid:144)(cid:150)(cid:131)(cid:144)(cid:3)(cid:23)(cid:139)(cid:143)(cid:151)(cid:148),(cid:883)(cid:889)(cid:890)(cid:3),(cid:886)(cid:887)(cid:882)(cid:3),(cid:888)(cid:884)(cid:890)(cid:3),(cid:883)(cid:891)(cid:890)(cid:3),(cid:883)(cid:889)(cid:887)(cid:3),(cid:885)(cid:889)(cid:885)(cid:3),(cid:890)(cid:891)(cid:3),(cid:883)(cid:885)(cid:891)(cid:3),(cid:884)(cid:884)(cid:890)(cid:3),(cid:883)(cid:884)(cid:890)(cid:3),(cid:884)(cid:885)(cid:885)(cid:3),(cid:885)(cid:888)(cid:883)(cid:3),,,,,,,,,,,,,,,,,,,
(cid:884)(cid:886),(cid:14)(cid:131)(cid:142)(cid:139)(cid:143)(cid:131)(cid:144)(cid:150)(cid:131)(cid:144)(cid:3)(cid:24)(cid:150)(cid:131)(cid:148)(cid:131),(cid:885)(cid:888)(cid:3),(cid:890)(cid:886)(cid:3),(cid:883)(cid:884)(cid:882)(cid:3),(cid:887)(cid:888)(cid:3),(cid:886)(cid:888)(cid:3),(cid:883)(cid:882)(cid:884)(cid:3),(cid:883)(cid:884)(cid:3),(cid:884)(cid:889)(cid:3),(cid:885)(cid:891)(cid:3),(cid:886)(cid:882)(cid:3),(cid:888)(cid:890)(cid:3),(cid:883)(cid:882)(cid:890)(cid:3),,,,,,,,,,,,,,,,,,,
(cid:884)(cid:887),(cid:22)(cid:151)(cid:142)(cid:131)(cid:153)(cid:135)(cid:149)(cid:139)(cid:3)(cid:24)(cid:150)(cid:131)(cid:148)(cid:131),(cid:890)(cid:890)(cid:3),(cid:884)(cid:883)(cid:889)(cid:3),(cid:885)(cid:882)(cid:887)(cid:3),(cid:883)(cid:885)(cid:888)(cid:3),(cid:890)(cid:882)(cid:3),(cid:884)(cid:883)(cid:888)(cid:3),(cid:888)(cid:887)(cid:3),(cid:891)(cid:883)(cid:3),(cid:883)(cid:887)(cid:888)(cid:3),(cid:889)(cid:890)(cid:3),(cid:883)(cid:889)(cid:884)(cid:3),(cid:884)(cid:887)(cid:882)(cid:3),,,,,,,,,,,,,,,,,,,
(cid:884)(cid:888),(cid:22)(cid:151)(cid:142)(cid:131)(cid:153)(cid:135)(cid:149)(cid:139)(cid:3)(cid:23)(cid:135)(cid:144)(cid:137)(cid:131)(cid:138),(cid:889)(cid:887)(cid:3),(cid:884)(cid:889)(cid:882)(cid:3),(cid:885)(cid:886)(cid:887)(cid:3),(cid:890)(cid:885)(cid:3),(cid:883)(cid:883)(cid:888)(cid:3),(cid:883)(cid:891)(cid:891)(cid:3),(cid:884)(cid:886)(cid:3),(cid:889)(cid:888)(cid:3),(cid:883)(cid:882)(cid:882)(cid:3),(cid:889)(cid:890)(cid:3),(cid:883)(cid:883)(cid:887)(cid:3),(cid:883)(cid:891)(cid:885)(cid:3),,,,,,,,,,,,,,,,,,,
(cid:884)(cid:889),(cid:22)(cid:151)(cid:142)(cid:131)(cid:153)(cid:135)(cid:149)(cid:139)(cid:3)(cid:22)(cid:135)(cid:142)(cid:131)(cid:150)(cid:131)(cid:144),(cid:884)(cid:887)(cid:887)(cid:3),(cid:891)(cid:883)(cid:890)(cid:3),(cid:883)(cid:484)(cid:883)(cid:889)(cid:885)(cid:3),(cid:885)(cid:885)(cid:886)(cid:3),(cid:887)(cid:886)(cid:888)(cid:3),(cid:890)(cid:890)(cid:882)(cid:3),(cid:883)(cid:884)(cid:882)(cid:3),(cid:885)(cid:885)(cid:882)(cid:3),(cid:886)(cid:887)(cid:882)(cid:3),(cid:884)(cid:884)(cid:888)(cid:3),(cid:889)(cid:889)(cid:886)(cid:3),(cid:883)(cid:484)(cid:882)(cid:882)(cid:882)(cid:3),,,,,,,,,,,,,,,,,,,
(cid:884)(cid:890),(cid:22)(cid:151)(cid:142)(cid:131)(cid:153)(cid:135)(cid:149)(cid:139)(cid:3)(cid:23)(cid:135)(cid:144)(cid:137)(cid:137)(cid:131)(cid:148)(cid:131),(cid:889)(cid:884)(cid:3),(cid:884)(cid:887)(cid:886)(cid:3),(cid:885)(cid:884)(cid:888)(cid:3),(cid:891)(cid:886)(cid:3),(cid:883)(cid:888)(cid:887)(cid:3),(cid:884)(cid:887)(cid:891)(cid:3),(cid:883)(cid:882)(cid:3),(cid:891)(cid:885)(cid:3),(cid:883)(cid:882)(cid:885)(cid:3),(cid:891)(cid:884)(cid:3),(cid:884)(cid:882)(cid:884)(cid:3),(cid:884)(cid:891)(cid:886)(cid:3),,,,,,,,,,,,,,,,,,,
(cid:884)(cid:891),(cid:10)(cid:145)(cid:148)(cid:145)(cid:144)(cid:150)(cid:131)(cid:142)(cid:145),(cid:886)(cid:886)(cid:3),(cid:883)(cid:882)(cid:885)(cid:3),(cid:883)(cid:886)(cid:889)(cid:3),(cid:886)(cid:884)(cid:3),(cid:888)(cid:883)(cid:3),(cid:883)(cid:882)(cid:885)(cid:3),(cid:883)(cid:884)(cid:3),(cid:883)(cid:890)(cid:3),(cid:885)(cid:882)(cid:3),(cid:885)(cid:886)(cid:3),(cid:889)(cid:890)(cid:3),(cid:883)(cid:883)(cid:884)(cid:3),,,,,,,,,,,,,,,,,,,
(cid:885)(cid:882),(cid:22)(cid:151)(cid:142)(cid:131)(cid:153)(cid:135)(cid:149)(cid:139)(cid:3)(cid:5)(cid:131)(cid:148)(cid:131)(cid:150),(cid:884)(cid:888)(cid:3),(cid:889)(cid:882)(cid:3),(cid:891)(cid:888)(cid:3),(cid:884)(cid:891)(cid:3),(cid:887)(cid:886)(cid:3),(cid:890)(cid:885)(cid:3),(cid:890)(cid:3),(cid:884)(cid:891)(cid:3),(cid:885)(cid:889)(cid:3),(cid:883)(cid:891)(cid:3),(cid:888)(cid:890)(cid:3),(cid:890)(cid:889)(cid:3),,,,,,,,,,,,,,,,,,,
(cid:885)(cid:883),(cid:16)(cid:131)(cid:142)(cid:151)(cid:141)(cid:151),(cid:887)(cid:882)(cid:3),(cid:883)(cid:889)(cid:891)(cid:3),(cid:884)(cid:884)(cid:891)(cid:3),(cid:886)(cid:891)(cid:3),(cid:890)(cid:888)(cid:3),(cid:883)(cid:885)(cid:887)(cid:3),(cid:883)(cid:885)(cid:3),(cid:887)(cid:886)(cid:3),(cid:888)(cid:889)(cid:3),(cid:885)(cid:886)(cid:3),(cid:889)(cid:885)(cid:3),(cid:883)(cid:882)(cid:889)(cid:3),,,,,,,,,,,,,,,,,,,
(cid:885)(cid:884),(cid:16)(cid:131)(cid:142)(cid:151)(cid:141)(cid:151)(cid:3)(cid:24)(cid:150)(cid:131)(cid:148)(cid:131),(cid:887)(cid:887)(cid:3),(cid:883)(cid:888)(cid:884)(cid:3),(cid:884)(cid:883)(cid:889)(cid:3),(cid:887)(cid:888)(cid:3),(cid:891)(cid:889)(cid:3),(cid:883)(cid:887)(cid:885)(cid:3),(cid:883)(cid:888)(cid:3),(cid:885)(cid:886)(cid:3),(cid:887)(cid:882)(cid:3),(cid:885)(cid:885)(cid:3),(cid:889)(cid:886)(cid:3),(cid:883)(cid:882)(cid:889)(cid:3),,,,,,,,,,,,,,,,,,,
(cid:885)(cid:885),(cid:19)(cid:131)(cid:146)(cid:151)(cid:131),(cid:888)(cid:888)(cid:3),(cid:883)(cid:883)(cid:890)(cid:3),(cid:883)(cid:890)(cid:886)(cid:3),(cid:888)(cid:882)(cid:3),(cid:890)(cid:883)(cid:3),(cid:883)(cid:886)(cid:883)(cid:3),(cid:883)(cid:883)(cid:3),(cid:885)(cid:885)(cid:3),(cid:886)(cid:886)(cid:3),(cid:885)(cid:886)(cid:3),(cid:887)(cid:890)(cid:3),(cid:891)(cid:884)(cid:3),,,,,,,,,,,,,,,,,,,
(cid:885)(cid:886),(cid:19)(cid:131)(cid:146)(cid:151)(cid:131)(cid:3)(cid:5)(cid:131)(cid:148)(cid:131)(cid:150),(cid:885)(cid:887)(cid:3),(cid:890)(cid:889)(cid:3),(cid:883)(cid:884)(cid:884)(cid:3),(cid:884)(cid:889)(cid:3),(cid:885)(cid:891)(cid:3),(cid:888)(cid:888)(cid:3),(cid:885)(cid:3),(cid:883)(cid:888)(cid:3),(cid:883)(cid:891)(cid:3),(cid:883)(cid:890)(cid:3),(cid:885)(cid:891)(cid:3),(cid:887)(cid:889)(cid:3),,,,,,,,,,,,,,,,,,,
(cid:885)(cid:887),(cid:19)(cid:131)(cid:146)(cid:151)(cid:131)(cid:3)(cid:22)(cid:135)(cid:142)(cid:131)(cid:150)(cid:131)(cid:144),(cid:883)(cid:889)(cid:3),(cid:885)(cid:889)(cid:3),(cid:887)(cid:886)(cid:3),(cid:891)(cid:3),(cid:883)(cid:887)(cid:3),(cid:884)(cid:886)(cid:3),(cid:889)(cid:3),(cid:885)(cid:3),(cid:883)(cid:882)(cid:3),(cid:884)(cid:884)(cid:3),(cid:883)(cid:885)(cid:3),(cid:885)(cid:887)(cid:3),,,,,,,,,,,,,,,,,,,
(cid:885)(cid:888),(cid:19)(cid:131)(cid:146)(cid:151)(cid:131)(cid:3)(cid:23)(cid:135)(cid:144)(cid:137)(cid:131)(cid:138),(cid:885)(cid:888)(cid:3),(cid:886)(cid:890)(cid:3),(cid:890)(cid:886)(cid:3),(cid:885)(cid:883)(cid:3),(cid:884)(cid:887)(cid:3),(cid:887)(cid:888)(cid:3),(cid:886)(cid:3),(cid:891)(cid:3),(cid:883)(cid:885)(cid:3),(cid:883)(cid:887)(cid:3),(cid:883)(cid:891)(cid:3),(cid:885)(cid:886)(cid:3),,,,,,,,,,,,,,,,,,,
(cid:885)(cid:889) (cid:19)(cid:131)(cid:146)(cid:151)(cid:131)(cid:3)(cid:19)(cid:135)(cid:137)(cid:151)(cid:144)(cid:151)(cid:144)(cid:137)(cid:131)(cid:144) Indonesia (cid:885)(cid:890) (cid:19)(cid:131)(cid:146)(cid:151)(cid:131)(cid:3)(cid:5)(cid:131)(cid:148)(cid:131)(cid:150)(cid:3)(cid:7)(cid:131)(cid:155)(cid:131),,(cid:883)(cid:886)(cid:3) 6.565 (cid:883)(cid:887)(cid:3),(cid:884)(cid:882)(cid:3) 23.005 (cid:885)(cid:890)(cid:3),(cid:885)(cid:886)(cid:3) 29.570 (cid:887)(cid:885)(cid:3),(cid:888)(cid:3) 10.996 (cid:883)(cid:889)(cid:3),(cid:883)(cid:882)(cid:3) 11.145 (cid:884)(cid:884)(cid:3),(cid:883)(cid:888)(cid:3) 22.141 (cid:885)(cid:891)(cid:3),(cid:885)(cid:3) 3.757 (cid:886)(cid:3),(cid:885)(cid:3) 7.436 (cid:887)(cid:3),(cid:888)(cid:3) 11.193 (cid:891)(cid:3),(cid:888)(cid:3) 8.397 (cid:888)(cid:3),(cid:883)(cid:884)(cid:3) 19.269 (cid:886)(cid:884)(cid:3),(cid:883)(cid:890)(cid:3) 27.666 (cid:886)(cid:890)(cid:3),,,,,,,,,,,,,,,,,,,
No,Provinsi,Tenaga Kefarmasian,,,,,,,,,,,,,,,,,,,,,,,,,,,,,,
,,Tenaga Kefarmasiana,,,Apoteker,,,Total,,,,,,,,,,,,,,,,,,,,,,,,
,,L,P,L + P,L,P,L + P,L,P,L + P,,,,,,,,,,,,,,,,,,,,,,
(1),(2),(3),(4),(5),(6),(7),(8),(9),(10),(11),,,,,,,,,,,,,,,,,,,,,,
(cid:883),(cid:4)(cid:133)(cid:135)(cid:138),(cid:883)(cid:888)(cid:888)(cid:3),(cid:883)(cid:484)(cid:882)(cid:884)(cid:883)(cid:3),(cid:883)(cid:484)(cid:883)(cid:890)(cid:889)(cid:3),(cid:888)(cid:885)(cid:3),(cid:885)(cid:885)(cid:886)(cid:3),(cid:885)(cid:891)(cid:889)(cid:3),(cid:884)(cid:884)(cid:891)(cid:3),(cid:883)(cid:484)(cid:885)(cid:887)(cid:887)(cid:3),(cid:883)(cid:484)(cid:887)(cid:890)(cid:886)(cid:3),,,,,,,,,,,,,,,,,,,,,,
(cid:884),(cid:22)(cid:151)(cid:143)(cid:131)(cid:150)(cid:135)(cid:148)(cid:131)(cid:3)(cid:24)(cid:150)(cid:131)(cid:148)(cid:131),(cid:883)(cid:891)(cid:888)(cid:3),(cid:883)(cid:484)(cid:886)(cid:888)(cid:884)(cid:3),(cid:883)(cid:484)(cid:888)(cid:887)(cid:890)(cid:3),(cid:883)(cid:882)(cid:887)(cid:3),(cid:887)(cid:888)(cid:885)(cid:3),(cid:888)(cid:888)(cid:890)(cid:3),(cid:885)(cid:882)(cid:883)(cid:3),(cid:884)(cid:484)(cid:882)(cid:884)(cid:887)(cid:3),(cid:884)(cid:484)(cid:885)(cid:884)(cid:888)(cid:3),,,,,,,,,,,,,,,,,,,,,,
(cid:885),(cid:22)(cid:151)(cid:143)(cid:131)(cid:150)(cid:135)(cid:148)(cid:131)(cid:3)(cid:5)(cid:131)(cid:148)(cid:131)(cid:150),(cid:883)(cid:884)(cid:887)(cid:3),(cid:891)(cid:885)(cid:885)(cid:3),(cid:883)(cid:484)(cid:882)(cid:887)(cid:890)(cid:3),(cid:888)(cid:885)(cid:3),(cid:885)(cid:888)(cid:891)(cid:3),(cid:886)(cid:885)(cid:884)(cid:3),(cid:883)(cid:890)(cid:890)(cid:3),(cid:883)(cid:484)(cid:885)(cid:882)(cid:884)(cid:3),(cid:883)(cid:484)(cid:886)(cid:891)(cid:882)(cid:3),,,,,,,,,,,,,,,,,,,,,,
(cid:886),(cid:21)(cid:139)(cid:131)(cid:151),(cid:883)(cid:884)(cid:884)(cid:3),(cid:889)(cid:890)(cid:891)(cid:3),(cid:891)(cid:883)(cid:883)(cid:3),(cid:888)(cid:889)(cid:3),(cid:886)(cid:883)(cid:886)(cid:3),(cid:886)(cid:890)(cid:883)(cid:3),(cid:883)(cid:890)(cid:891)(cid:3),(cid:883)(cid:484)(cid:884)(cid:882)(cid:885)(cid:3),(cid:883)(cid:484)(cid:885)(cid:891)(cid:884)(cid:3),,,,,,,,,,,,,,,,,,,,,,
(cid:887),(cid:13)(cid:131)(cid:143)(cid:132)(cid:139),(cid:887)(cid:887)(cid:3),(cid:885)(cid:891)(cid:885)(cid:3),(cid:886)(cid:886)(cid:890)(cid:3),(cid:886)(cid:887)(cid:3),(cid:884)(cid:882)(cid:889)(cid:3),(cid:884)(cid:887)(cid:884)(cid:3),(cid:883)(cid:882)(cid:882)(cid:3),(cid:888)(cid:882)(cid:882)(cid:3),(cid:889)(cid:882)(cid:882)(cid:3),,,,,,,,,,,,,,,,,,,,,,
(cid:888),(cid:22)(cid:151)(cid:143)(cid:131)(cid:150)(cid:135)(cid:148)(cid:131)(cid:3)(cid:22)(cid:135)(cid:142)(cid:131)(cid:150)(cid:131)(cid:144),(cid:883)(cid:889)(cid:883)(cid:3),(cid:883)(cid:484)(cid:882)(cid:883)(cid:883)(cid:3),(cid:883)(cid:484)(cid:883)(cid:890)(cid:884)(cid:3),(cid:890)(cid:890)(cid:3),(cid:885)(cid:887)(cid:882)(cid:3),(cid:886)(cid:885)(cid:890)(cid:3),(cid:884)(cid:887)(cid:891)(cid:3),(cid:883)(cid:484)(cid:885)(cid:888)(cid:883)(cid:3),(cid:883)(cid:484)(cid:888)(cid:884)(cid:882)(cid:3),,,,,,,,,,,,,,,,,,,,,,
(cid:889),(cid:5)(cid:135)(cid:144)(cid:137)(cid:141)(cid:151)(cid:142)(cid:151),(cid:886)(cid:886)(cid:3),(cid:884)(cid:887)(cid:884)(cid:3),(cid:884)(cid:891)(cid:888)(cid:3),(cid:884)(cid:888)(cid:3),(cid:883)(cid:884)(cid:886)(cid:3),(cid:883)(cid:887)(cid:882)(cid:3),(cid:889)(cid:882)(cid:3),(cid:885)(cid:889)(cid:888)(cid:3),(cid:886)(cid:886)(cid:888)(cid:3),,,,,,,,,,,,,,,,,,,,,,
(cid:890),(cid:15)(cid:131)(cid:143)(cid:146)(cid:151)(cid:144)(cid:137),(cid:883)(cid:883)(cid:884)(cid:3),(cid:886)(cid:888)(cid:885)(cid:3),(cid:887)(cid:889)(cid:887)(cid:3),(cid:888)(cid:890)(cid:3),(cid:884)(cid:883)(cid:886)(cid:3),(cid:884)(cid:890)(cid:884)(cid:3),(cid:883)(cid:890)(cid:882)(cid:3),(cid:888)(cid:889)(cid:889)(cid:3),(cid:890)(cid:887)(cid:889)(cid:3),,,,,,,,,,,,,,,,,,,,,,
(cid:891),(cid:14)(cid:135)(cid:146)(cid:484)(cid:3)(cid:5)(cid:131)(cid:144)(cid:137)(cid:141)(cid:131)(cid:3)(cid:5)(cid:135)(cid:142)(cid:139)(cid:150)(cid:151)(cid:144)(cid:137),(cid:887)(cid:887)(cid:3),(cid:883)(cid:891)(cid:889)(cid:3),(cid:884)(cid:887)(cid:884)(cid:3),(cid:884)(cid:885)(cid:3),(cid:890)(cid:888)(cid:3),(cid:883)(cid:882)(cid:891)(cid:3),(cid:889)(cid:890)(cid:3),(cid:884)(cid:890)(cid:885)(cid:3),(cid:885)(cid:888)(cid:883)(cid:3),,,,,,,,,,,,,,,,,,,,,,
(cid:883)(cid:882),(cid:14)(cid:135)(cid:146)(cid:151)(cid:142)(cid:131)(cid:151)(cid:131)(cid:144)(cid:3)(cid:21)(cid:139)(cid:131)(cid:151),(cid:890)(cid:886)(cid:3),(cid:884)(cid:890)(cid:890)(cid:3),(cid:885)(cid:889)(cid:884)(cid:3),(cid:887)(cid:889)(cid:3),(cid:883)(cid:888)(cid:889)(cid:3),(cid:884)(cid:884)(cid:886)(cid:3),(cid:883)(cid:886)(cid:883)(cid:3),(cid:886)(cid:887)(cid:887)(cid:3),(cid:887)(cid:891)(cid:888)(cid:3),,,,,,,,,,,,,,,,,,,,,,
(cid:883)(cid:883),(cid:7)(cid:14)(cid:12)(cid:3)(cid:13)(cid:131)(cid:141)(cid:131)(cid:148)(cid:150)(cid:131),(cid:891)(cid:882)(cid:883)(cid:3),(cid:885)(cid:484)(cid:887)(cid:887)(cid:889)(cid:3),(cid:886)(cid:484)(cid:886)(cid:887)(cid:890)(cid:3),(cid:885)(cid:887)(cid:883)(cid:3),(cid:883)(cid:484)(cid:883)(cid:887)(cid:884)(cid:3),(cid:883)(cid:484)(cid:887)(cid:882)(cid:885)(cid:3),(cid:883)(cid:484)(cid:884)(cid:887)(cid:884)(cid:3),(cid:886)(cid:484)(cid:889)(cid:882)(cid:891)(cid:3),(cid:887)(cid:484)(cid:891)(cid:888)(cid:883)(cid:3),,,,,,,,,,,,,,,,,,,,,,
(cid:883)(cid:884),(cid:13)(cid:131)(cid:153)(cid:131)(cid:3)(cid:5)(cid:131)(cid:148)(cid:131)(cid:150),(cid:883)(cid:484)(cid:885)(cid:886)(cid:885)(cid:3),(cid:887)(cid:484)(cid:882)(cid:887)(cid:883)(cid:3),(cid:888)(cid:484)(cid:885)(cid:891)(cid:886)(cid:3),(cid:887)(cid:883)(cid:889)(cid:3),(cid:883)(cid:484)(cid:891)(cid:882)(cid:884)(cid:3),(cid:884)(cid:484)(cid:886)(cid:883)(cid:891)(cid:3),(cid:883)(cid:484)(cid:890)(cid:888)(cid:882)(cid:3),(cid:888)(cid:484)(cid:891)(cid:887)(cid:885)(cid:3),(cid:890)(cid:484)(cid:890)(cid:883)(cid:885)(cid:3),,,,,,,,,,,,,,,,,,,,,,
(cid:883)(cid:885),(cid:13)(cid:131)(cid:153)(cid:131)(cid:3)(cid:23)(cid:135)(cid:144)(cid:137)(cid:131)(cid:138),(cid:890)(cid:883)(cid:888)(cid:3),(cid:886)(cid:484)(cid:887)(cid:887)(cid:886)(cid:3),(cid:887)(cid:484)(cid:885)(cid:889)(cid:882)(cid:3),(cid:885)(cid:887)(cid:888)(cid:3),(cid:883)(cid:484)(cid:890)(cid:883)(cid:883)(cid:3),(cid:884)(cid:484)(cid:883)(cid:888)(cid:889)(cid:3),(cid:883)(cid:484)(cid:883)(cid:889)(cid:884)(cid:3),(cid:888)(cid:484)(cid:885)(cid:888)(cid:887)(cid:3),(cid:889)(cid:484)(cid:887)(cid:885)(cid:889)(cid:3),,,,,,,,,,,,,,,,,,,,,,
(cid:883)(cid:886),(cid:7)(cid:12)(cid:3)(cid:28)(cid:145)(cid:137)(cid:155)(cid:131)(cid:141)(cid:131)(cid:148)(cid:150)(cid:131),(cid:883)(cid:882)(cid:891)(cid:3),(cid:890)(cid:891)(cid:884)(cid:3),(cid:883)(cid:484)(cid:882)(cid:882)(cid:883)(cid:3),(cid:889)(cid:884)(cid:3),(cid:886)(cid:886)(cid:883)(cid:3),(cid:887)(cid:883)(cid:885)(cid:3),(cid:883)(cid:890)(cid:883)(cid:3),(cid:883)(cid:484)(cid:885)(cid:885)(cid:885)(cid:3),(cid:883)(cid:484)(cid:887)(cid:883)(cid:886)(cid:3),,,,,,,,,,,,,,,,,,,,,,
(cid:883)(cid:887),(cid:13)(cid:131)(cid:153)(cid:131)(cid:3)(cid:23)(cid:139)(cid:143)(cid:151)(cid:148),(cid:890)(cid:886)(cid:888)(cid:3),(cid:886)(cid:484)(cid:889)(cid:887)(cid:887)(cid:3),(cid:887)(cid:484)(cid:888)(cid:882)(cid:883)(cid:3),(cid:885)(cid:891)(cid:885)(cid:3),(cid:883)(cid:484)(cid:890)(cid:883)(cid:884)(cid:3),(cid:884)(cid:484)(cid:884)(cid:882)(cid:887)(cid:3),(cid:883)(cid:484)(cid:884)(cid:885)(cid:891)(cid:3),(cid:888)(cid:484)(cid:887)(cid:888)(cid:889)(cid:3),(cid:889)(cid:484)(cid:890)(cid:882)(cid:888)(cid:3),,,,,,,,,,,,,,,,,,,,,,
(cid:883)(cid:888),(cid:5)(cid:131)(cid:144)(cid:150)(cid:135)(cid:144),(cid:885)(cid:885)(cid:883)(cid:3),(cid:883)(cid:484)(cid:885)(cid:884)(cid:886)(cid:3),(cid:883)(cid:484)(cid:888)(cid:887)(cid:887)(cid:3),(cid:883)(cid:885)(cid:886)(cid:3),(cid:888)(cid:887)(cid:886)(cid:3),(cid:889)(cid:890)(cid:890)(cid:3),(cid:886)(cid:888)(cid:887)(cid:3),(cid:883)(cid:484)(cid:891)(cid:889)(cid:890)(cid:3),(cid:884)(cid:484)(cid:886)(cid:886)(cid:885)(cid:3),,,,,,,,,,,,,,,,,,,,,,
(cid:883)(cid:889),(cid:5)(cid:131)(cid:142)(cid:139),(cid:883)(cid:885)(cid:888)(cid:3),(cid:889)(cid:883)(cid:884)(cid:3),(cid:890)(cid:886)(cid:890)(cid:3),(cid:883)(cid:883)(cid:884)(cid:3),(cid:884)(cid:888)(cid:884)(cid:3),(cid:885)(cid:889)(cid:886)(cid:3),(cid:884)(cid:886)(cid:890)(cid:3),(cid:891)(cid:889)(cid:886)(cid:3),(cid:883)(cid:484)(cid:884)(cid:884)(cid:884)(cid:3),,,,,,,,,,,,,,,,,,,,,,
(cid:883)(cid:890),(cid:17)(cid:151)(cid:149)(cid:131)(cid:3)(cid:23)(cid:135)(cid:144)(cid:137)(cid:137)(cid:131)(cid:148)(cid:131)(cid:3)(cid:5)(cid:131)(cid:148)(cid:131)(cid:150),(cid:884)(cid:882)(cid:885)(cid:3),(cid:886)(cid:882)(cid:890)(cid:3),(cid:888)(cid:883)(cid:883)(cid:3),(cid:891)(cid:888)(cid:3),(cid:884)(cid:885)(cid:887)(cid:3),(cid:885)(cid:885)(cid:883)(cid:3),(cid:884)(cid:891)(cid:891)(cid:3),(cid:888)(cid:886)(cid:885)(cid:3),(cid:891)(cid:886)(cid:884)(cid:3),,,,,,,,,,,,,,,,,,,,,,
(cid:883)(cid:891),(cid:17)(cid:151)(cid:149)(cid:131)(cid:3)(cid:23)(cid:135)(cid:144)(cid:137)(cid:137)(cid:131)(cid:148)(cid:131)(cid:3)(cid:23)(cid:139)(cid:143)(cid:151)(cid:148),(cid:883)(cid:883)(cid:882)(cid:3),(cid:886)(cid:886)(cid:884)(cid:3),(cid:887)(cid:887)(cid:884)(cid:3),(cid:887)(cid:882)(cid:3),(cid:884)(cid:884)(cid:889)(cid:3),(cid:884)(cid:889)(cid:889)(cid:3),(cid:883)(cid:888)(cid:882)(cid:3),(cid:888)(cid:888)(cid:891)(cid:3),(cid:890)(cid:884)(cid:891)(cid:3),,,,,,,,,,,,,,,,,,,,,,
(cid:884)(cid:882),(cid:14)(cid:131)(cid:142)(cid:139)(cid:143)(cid:131)(cid:144)(cid:150)(cid:131)(cid:144)(cid:3)(cid:5)(cid:131)(cid:148)(cid:131)(cid:150),(cid:883)(cid:884)(cid:885)(cid:3),(cid:885)(cid:886)(cid:883)(cid:3),(cid:886)(cid:888)(cid:886)(cid:3),(cid:890)(cid:882)(cid:3),(cid:884)(cid:883)(cid:887)(cid:3),(cid:884)(cid:891)(cid:887)(cid:3),(cid:884)(cid:882)(cid:885)(cid:3),(cid:887)(cid:887)(cid:888)(cid:3),(cid:889)(cid:887)(cid:891)(cid:3),,,,,,,,,,,,,,,,,,,,,,
(cid:884)(cid:883),(cid:14)(cid:131)(cid:142)(cid:139)(cid:143)(cid:131)(cid:144)(cid:150)(cid:131)(cid:144)(cid:3)(cid:23)(cid:135)(cid:144)(cid:137)(cid:131)(cid:138),(cid:888)(cid:887)(cid:3),(cid:884)(cid:885)(cid:888)(cid:3),(cid:885)(cid:882)(cid:883)(cid:3),(cid:886)(cid:882)(cid:3),(cid:883)(cid:889)(cid:891)(cid:3),(cid:884)(cid:883)(cid:891)(cid:3),(cid:883)(cid:882)(cid:887)(cid:3),(cid:886)(cid:883)(cid:887)(cid:3),(cid:887)(cid:884)(cid:882)(cid:3),,,,,,,,,,,,,,,,,,,,,,
(cid:884)(cid:884),(cid:14)(cid:131)(cid:142)(cid:139)(cid:143)(cid:131)(cid:144)(cid:150)(cid:131)(cid:144)(cid:3)(cid:22)(cid:135)(cid:142)(cid:131)(cid:150)(cid:131)(cid:144),(cid:883)(cid:890)(cid:885)(cid:3),(cid:887)(cid:884)(cid:888)(cid:3),(cid:889)(cid:882)(cid:891)(cid:3),(cid:889)(cid:887)(cid:3),(cid:884)(cid:884)(cid:886)(cid:3),(cid:884)(cid:891)(cid:891)(cid:3),(cid:884)(cid:887)(cid:890)(cid:3),(cid:889)(cid:887)(cid:882)(cid:3),(cid:883)(cid:484)(cid:882)(cid:882)(cid:890)(cid:3),,,,,,,,,,,,,,,,,,,,,,
(cid:884)(cid:885),(cid:14)(cid:131)(cid:142)(cid:139)(cid:143)(cid:131)(cid:144)(cid:150)(cid:131)(cid:144)(cid:3)(cid:23)(cid:139)(cid:143)(cid:151)(cid:148),(cid:884)(cid:884)(cid:885)(cid:3),(cid:888)(cid:882)(cid:885)(cid:3),(cid:890)(cid:884)(cid:888)(cid:3),(cid:891)(cid:884)(cid:3),(cid:885)(cid:882)(cid:887)(cid:3),(cid:885)(cid:891)(cid:889)(cid:3),(cid:885)(cid:883)(cid:887)(cid:3),(cid:891)(cid:882)(cid:890)(cid:3),(cid:883)(cid:484)(cid:884)(cid:884)(cid:885)(cid:3),,,,,,,,,,,,,,,,,,,,,,
(cid:884)(cid:886),(cid:14)(cid:131)(cid:142)(cid:139)(cid:143)(cid:131)(cid:144)(cid:150)(cid:131)(cid:144)(cid:3)(cid:24)(cid:150)(cid:131)(cid:148)(cid:131),(cid:886)(cid:882)(cid:3),(cid:883)(cid:887)(cid:885)(cid:3),(cid:883)(cid:891)(cid:885)(cid:3),(cid:884)(cid:887)(cid:3),(cid:890)(cid:884)(cid:3),(cid:883)(cid:882)(cid:889)(cid:3),(cid:888)(cid:887)(cid:3),(cid:884)(cid:885)(cid:887)(cid:3),(cid:885)(cid:882)(cid:882)(cid:3),,,,,,,,,,,,,,,,,,,,,,
(cid:884)(cid:887),(cid:22)(cid:151)(cid:142)(cid:131)(cid:153)(cid:135)(cid:149)(cid:139)(cid:3)(cid:24)(cid:150)(cid:131)(cid:148)(cid:131),(cid:883)(cid:886)(cid:886)(cid:3),(cid:885)(cid:889)(cid:882)(cid:3),(cid:887)(cid:883)(cid:886)(cid:3),(cid:889)(cid:882)(cid:3),(cid:883)(cid:889)(cid:891)(cid:3),(cid:884)(cid:886)(cid:891)(cid:3),(cid:884)(cid:883)(cid:886)(cid:3),(cid:887)(cid:886)(cid:891)(cid:3),(cid:889)(cid:888)(cid:885)(cid:3),,,,,,,,,,,,,,,,,,,,,,
(cid:884)(cid:888),(cid:22)(cid:151)(cid:142)(cid:131)(cid:153)(cid:135)(cid:149)(cid:139)(cid:3)(cid:23)(cid:135)(cid:144)(cid:137)(cid:131)(cid:138),(cid:891)(cid:888)(cid:3),(cid:885)(cid:888)(cid:889)(cid:3),(cid:886)(cid:888)(cid:885)(cid:3),(cid:887)(cid:884)(cid:3),(cid:883)(cid:891)(cid:888)(cid:3),(cid:884)(cid:886)(cid:890)(cid:3),(cid:883)(cid:886)(cid:890)(cid:3),(cid:887)(cid:888)(cid:885)(cid:3),(cid:889)(cid:883)(cid:883)(cid:3),,,,,,,,,,,,,,,,,,,,,,
(cid:884)(cid:889),(cid:22)(cid:151)(cid:142)(cid:131)(cid:153)(cid:135)(cid:149)(cid:139)(cid:3)(cid:22)(cid:135)(cid:142)(cid:131)(cid:150)(cid:131)(cid:144),(cid:884)(cid:883)(cid:891)(cid:3),(cid:883)(cid:484)(cid:883)(cid:889)(cid:884)(cid:3),(cid:883)(cid:484)(cid:885)(cid:891)(cid:883)(cid:3),(cid:883)(cid:886)(cid:885)(cid:3),(cid:889)(cid:890)(cid:889)(cid:3),(cid:891)(cid:885)(cid:882)(cid:3),(cid:885)(cid:888)(cid:884)(cid:3),(cid:883)(cid:484)(cid:891)(cid:887)(cid:891)(cid:3),(cid:884)(cid:484)(cid:885)(cid:884)(cid:883)(cid:3),,,,,,,,,,,,,,,,,,,,,,
(cid:884)(cid:890),(cid:22)(cid:151)(cid:142)(cid:131)(cid:153)(cid:135)(cid:149)(cid:139)(cid:3)(cid:23)(cid:135)(cid:144)(cid:137)(cid:137)(cid:131)(cid:148)(cid:131),(cid:887)(cid:884)(cid:3),(cid:884)(cid:888)(cid:889)(cid:3),(cid:885)(cid:883)(cid:891)(cid:3),(cid:887)(cid:883)(cid:3),(cid:884)(cid:886)(cid:891)(cid:3),(cid:885)(cid:882)(cid:882)(cid:3),(cid:883)(cid:882)(cid:885)(cid:3),(cid:887)(cid:883)(cid:888)(cid:3),(cid:888)(cid:883)(cid:891)(cid:3),,,,,,,,,,,,,,,,,,,,,,
(cid:884)(cid:891),(cid:10)(cid:145)(cid:148)(cid:145)(cid:144)(cid:150)(cid:131)(cid:142)(cid:145),(cid:885)(cid:891)(cid:3),(cid:883)(cid:885)(cid:891)(cid:3),(cid:883)(cid:889)(cid:890)(cid:3),(cid:884)(cid:882)(cid:3),(cid:889)(cid:888)(cid:3),(cid:891)(cid:888)(cid:3),(cid:887)(cid:891)(cid:3),(cid:884)(cid:883)(cid:887)(cid:3),(cid:884)(cid:889)(cid:886)(cid:3),,,,,,,,,,,,,,,,,,,,,,
(cid:885)(cid:882),(cid:22)(cid:151)(cid:142)(cid:131)(cid:153)(cid:135)(cid:149)(cid:139)(cid:3)(cid:5)(cid:131)(cid:148)(cid:131)(cid:150),(cid:883)(cid:883)(cid:3),(cid:883)(cid:883)(cid:887)(cid:3),(cid:883)(cid:884)(cid:888)(cid:3),(cid:883)(cid:883)(cid:3),(cid:889)(cid:887)(cid:3),(cid:890)(cid:888)(cid:3),(cid:884)(cid:884)(cid:3),(cid:883)(cid:891)(cid:882)(cid:3),(cid:884)(cid:883)(cid:884)(cid:3),,,,,,,,,,,,,,,,,,,,,,
(cid:885)(cid:883),(cid:16)(cid:131)(cid:142)(cid:151)(cid:141)(cid:151),(cid:885)(cid:883)(cid:3),(cid:883)(cid:884)(cid:889)(cid:3),(cid:883)(cid:887)(cid:890)(cid:3),(cid:883)(cid:885)(cid:3),(cid:883)(cid:883)(cid:884)(cid:3),(cid:883)(cid:884)(cid:887)(cid:3),(cid:886)(cid:886)(cid:3),(cid:884)(cid:885)(cid:891)(cid:3),(cid:884)(cid:890)(cid:885)(cid:3),,,,,,,,,,,,,,,,,,,,,,
(cid:885)(cid:884),(cid:16)(cid:131)(cid:142)(cid:151)(cid:141)(cid:151)(cid:3)(cid:24)(cid:150)(cid:131)(cid:148)(cid:131),(cid:884)(cid:882)(cid:3),(cid:883)(cid:882)(cid:891)(cid:3),(cid:883)(cid:884)(cid:891)(cid:3),(cid:884)(cid:882)(cid:3),(cid:891)(cid:882)(cid:3),(cid:883)(cid:883)(cid:882)(cid:3),(cid:886)(cid:882)(cid:3),(cid:883)(cid:891)(cid:891)(cid:3),(cid:884)(cid:885)(cid:891)(cid:3),,,,,,,,,,,,,,,,,,,,,,
(cid:885)(cid:885),(cid:19)(cid:131)(cid:146)(cid:151)(cid:131),(cid:887)(cid:884)(cid:3),(cid:883)(cid:885)(cid:890)(cid:3),(cid:883)(cid:891)(cid:882)(cid:3),(cid:884)(cid:886)(cid:3),(cid:891)(cid:882)(cid:3),(cid:883)(cid:883)(cid:886)(cid:3),(cid:889)(cid:888)(cid:3),(cid:884)(cid:884)(cid:890)(cid:3),(cid:885)(cid:882)(cid:886)(cid:3),,,,,,,,,,,,,,,,,,,,,,
(cid:885)(cid:886),(cid:19)(cid:131)(cid:146)(cid:151)(cid:131)(cid:3)(cid:5)(cid:131)(cid:148)(cid:131)(cid:150),(cid:884)(cid:882)(cid:3),(cid:889)(cid:883)(cid:3),(cid:891)(cid:883)(cid:3),(cid:891)(cid:3),(cid:888)(cid:885)(cid:3),(cid:889)(cid:884)(cid:3),(cid:884)(cid:891)(cid:3),(cid:883)(cid:885)(cid:886)(cid:3),(cid:883)(cid:888)(cid:885)(cid:3),,,,,,,,,,,,,,,,,,,,,,
(cid:885)(cid:887),(cid:19)(cid:131)(cid:146)(cid:151)(cid:131)(cid:3)(cid:22)(cid:135)(cid:142)(cid:131)(cid:150)(cid:131)(cid:144),(cid:883)(cid:882)(cid:3),(cid:885)(cid:890)(cid:3),(cid:886)(cid:890)(cid:3),(cid:883)(cid:883)(cid:3),(cid:884)(cid:887)(cid:3),(cid:885)(cid:888)(cid:3),(cid:884)(cid:883)(cid:3),(cid:888)(cid:885)(cid:3),(cid:890)(cid:886)(cid:3),,,,,,,,,,,,,,,,,,,,,,
(cid:885)(cid:888),(cid:19)(cid:131)(cid:146)(cid:151)(cid:131)(cid:3)(cid:23)(cid:135)(cid:144)(cid:137)(cid:131)(cid:138),(cid:883)(cid:887)(cid:3),(cid:885)(cid:891)(cid:3),(cid:887)(cid:886)(cid:3),(cid:883)(cid:885)(cid:3),(cid:886)(cid:885)(cid:3),(cid:887)(cid:888)(cid:3),(cid:884)(cid:890)(cid:3),(cid:890)(cid:884)(cid:3),(cid:883)(cid:883)(cid:882)(cid:3),,,,,,,,,,,,,,,,,,,,,,
(cid:885)(cid:889) (cid:19)(cid:131)(cid:146)(cid:151)(cid:131)(cid:3)(cid:19)(cid:135)(cid:137)(cid:151)(cid:144)(cid:151)(cid:144)(cid:137)(cid:131)(cid:144) Indonesia (cid:885)(cid:890) (cid:19)(cid:131)(cid:146)(cid:151)(cid:131)(cid:3)(cid:5)(cid:131)(cid:148)(cid:131)(cid:150)(cid:3)(cid:7)(cid:131)(cid:155)(cid:131),,(cid:883)(cid:884)(cid:3) 7.295 (cid:883)(cid:887)(cid:3),(cid:885)(cid:884)(cid:3) 33.401 (cid:887)(cid:886)(cid:3),(cid:886)(cid:886)(cid:3) 40.696 (cid:888)(cid:891)(cid:3),(cid:883)(cid:882)(cid:3) 3.453 (cid:890)(cid:3),(cid:885)(cid:882)(cid:3) 14.380 (cid:885)(cid:888)(cid:3),(cid:886)(cid:882)(cid:3) 17.833 (cid:886)(cid:886)(cid:3),(cid:884)(cid:884)(cid:3) 10.748 (cid:884)(cid:885)(cid:3),(cid:888)(cid:884)(cid:3) 47.781 (cid:891)(cid:882)(cid:3),(cid:890)(cid:886)(cid:3) 58.529 (cid:883)(cid:883)(cid:885)(cid:3),,,,,,,,,,,,,,,,,,,,,,
No,Provinsi,Tenaga Penunjang/Pendukung Kesehatan,,,,,,,,,Total,,,,,,,,,,,,,,,,,,,,,
,,Pejabat Struktural,,,Tenaga Pendidik,,,Tenaga Dukungan Manajemen,,,,,,,,,,,,,,,,,,,,,,,,
,,L,P,L+P,L,P,L+P,L,P,L+P,L,P,L+P,,,,,,,,,,,,,,,,,,,
(1),(2),(3),(4),(5),(6),(7),(8),(9),(10),(11),(12),(13),(14),,,,,,,,,,,,,,,,,,,
(cid:883),(cid:4)(cid:133)(cid:135)(cid:138),(cid:886)(cid:882)(cid:884)(cid:3),(cid:886)(cid:883)(cid:884)(cid:3),(cid:890)(cid:883)(cid:886)(cid:3),(cid:883)(cid:884)(cid:3),(cid:883)(cid:886)(cid:3),(cid:884)(cid:888)(cid:3),(cid:888)(cid:484)(cid:887)(cid:887)(cid:883)(cid:3),(cid:887)(cid:484)(cid:891)(cid:882)(cid:882)(cid:3),(cid:883)(cid:884)(cid:484)(cid:886)(cid:887)(cid:883)(cid:3),(cid:888)(cid:484)(cid:891)(cid:888)(cid:887)(cid:3),(cid:888)(cid:484)(cid:885)(cid:884)(cid:888)(cid:3),(cid:883)(cid:885)(cid:484)(cid:884)(cid:891)(cid:883)(cid:3),,,,,,,,,,,,,,,,,,,
(cid:884),(cid:22)(cid:151)(cid:143)(cid:131)(cid:150)(cid:135)(cid:148)(cid:131)(cid:3)(cid:24)(cid:150)(cid:131)(cid:148)(cid:131),(cid:886)(cid:888)(cid:890)(cid:3),(cid:889)(cid:889)(cid:883)(cid:3),(cid:883)(cid:484)(cid:884)(cid:885)(cid:891)(cid:3),(cid:885)(cid:884)(cid:3),(cid:883)(cid:891)(cid:3),(cid:887)(cid:883)(cid:3),(cid:890)(cid:484)(cid:883)(cid:884)(cid:888)(cid:3),(cid:883)(cid:882)(cid:484)(cid:883)(cid:885)(cid:885)(cid:3),(cid:883)(cid:890)(cid:484)(cid:884)(cid:887)(cid:891)(cid:3),(cid:890)(cid:484)(cid:888)(cid:884)(cid:888)(cid:3),(cid:883)(cid:882)(cid:484)(cid:891)(cid:884)(cid:885)(cid:3),(cid:883)(cid:891)(cid:484)(cid:887)(cid:886)(cid:891)(cid:3),,,,,,,,,,,,,,,,,,,
(cid:885),(cid:22)(cid:151)(cid:143)(cid:131)(cid:150)(cid:135)(cid:148)(cid:131)(cid:3)(cid:5)(cid:131)(cid:148)(cid:131)(cid:150),(cid:884)(cid:887)(cid:887)(cid:3),(cid:887)(cid:891)(cid:885)(cid:3),(cid:890)(cid:886)(cid:890)(cid:3),(cid:885)(cid:3),(cid:889)(cid:3),(cid:883)(cid:882)(cid:3),(cid:886)(cid:484)(cid:883)(cid:886)(cid:885)(cid:3),(cid:886)(cid:484)(cid:891)(cid:889)(cid:889)(cid:3),(cid:891)(cid:484)(cid:883)(cid:884)(cid:882)(cid:3),(cid:886)(cid:484)(cid:886)(cid:882)(cid:883)(cid:3),(cid:887)(cid:484)(cid:887)(cid:889)(cid:889)(cid:3),(cid:891)(cid:484)(cid:891)(cid:889)(cid:890)(cid:3),,,,,,,,,,,,,,,,,,,
(cid:886),(cid:21)(cid:139)(cid:131)(cid:151),(cid:884)(cid:887)(cid:887)(cid:3),(cid:885)(cid:886)(cid:890)(cid:3),(cid:888)(cid:882)(cid:885)(cid:3),(cid:883)(cid:882)(cid:3),(cid:891)(cid:3),(cid:883)(cid:891)(cid:3),(cid:887)(cid:484)(cid:890)(cid:887)(cid:890)(cid:3),(cid:888)(cid:484)(cid:887)(cid:882)(cid:883)(cid:3),(cid:883)(cid:884)(cid:484)(cid:885)(cid:887)(cid:891)(cid:3),(cid:888)(cid:484)(cid:883)(cid:884)(cid:885)(cid:3),(cid:888)(cid:484)(cid:890)(cid:887)(cid:890)(cid:3),(cid:883)(cid:884)(cid:484)(cid:891)(cid:890)(cid:883)(cid:3),,,,,,,,,,,,,,,,,,,
(cid:887),(cid:13)(cid:131)(cid:143)(cid:132)(cid:139),(cid:884)(cid:886)(cid:891)(cid:3),(cid:884)(cid:882)(cid:886)(cid:3),(cid:886)(cid:887)(cid:885)(cid:3),(cid:885)(cid:3),(cid:886)(cid:3),(cid:889)(cid:3),(cid:885)(cid:484)(cid:884)(cid:885)(cid:890)(cid:3),(cid:885)(cid:484)(cid:887)(cid:888)(cid:882)(cid:3),(cid:888)(cid:484)(cid:889)(cid:891)(cid:890)(cid:3),(cid:885)(cid:484)(cid:886)(cid:891)(cid:882)(cid:3),(cid:885)(cid:484)(cid:889)(cid:888)(cid:890)(cid:3),(cid:889)(cid:484)(cid:884)(cid:887)(cid:890)(cid:3),,,,,,,,,,,,,,,,,,,
(cid:888),(cid:22)(cid:151)(cid:143)(cid:131)(cid:150)(cid:135)(cid:148)(cid:131)(cid:3)(cid:22)(cid:135)(cid:142)(cid:131)(cid:150)(cid:131)(cid:144),(cid:885)(cid:887)(cid:888)(cid:3),(cid:887)(cid:888)(cid:882)(cid:3),(cid:891)(cid:883)(cid:888)(cid:3),(cid:885)(cid:3),(cid:891)(cid:3),(cid:883)(cid:884)(cid:3),(cid:888)(cid:484)(cid:884)(cid:882)(cid:886)(cid:3),(cid:888)(cid:484)(cid:890)(cid:890)(cid:890)(cid:3),(cid:883)(cid:885)(cid:484)(cid:882)(cid:891)(cid:884)(cid:3),(cid:888)(cid:484)(cid:887)(cid:888)(cid:885)(cid:3),(cid:889)(cid:484)(cid:886)(cid:887)(cid:889)(cid:3),(cid:883)(cid:886)(cid:484)(cid:882)(cid:884)(cid:882)(cid:3),,,,,,,,,,,,,,,,,,,
(cid:889),(cid:5)(cid:135)(cid:144)(cid:137)(cid:141)(cid:151)(cid:142)(cid:151),(cid:883)(cid:889)(cid:883)(cid:3),(cid:884)(cid:885)(cid:884)(cid:3),(cid:886)(cid:882)(cid:885)(cid:3),(cid:885)(cid:3),(cid:888)(cid:3),(cid:891)(cid:3),(cid:883)(cid:484)(cid:886)(cid:883)(cid:891)(cid:3),(cid:884)(cid:484)(cid:882)(cid:890)(cid:885)(cid:3),(cid:885)(cid:484)(cid:887)(cid:882)(cid:884)(cid:3),(cid:883)(cid:484)(cid:887)(cid:891)(cid:885)(cid:3),(cid:884)(cid:484)(cid:885)(cid:884)(cid:883)(cid:3),(cid:885)(cid:484)(cid:891)(cid:883)(cid:886)(cid:3),,,,,,,,,,,,,,,,,,,
(cid:890),(cid:15)(cid:131)(cid:143)(cid:146)(cid:151)(cid:144)(cid:137),(cid:886)(cid:888)(cid:891)(cid:3),(cid:887)(cid:882)(cid:882)(cid:3),(cid:891)(cid:888)(cid:891)(cid:3),(cid:888)(cid:3),(cid:883)(cid:889)(cid:3),(cid:884)(cid:885)(cid:3),(cid:887)(cid:484)(cid:891)(cid:883)(cid:883)(cid:3),(cid:888)(cid:484)(cid:890)(cid:885)(cid:888)(cid:3),(cid:883)(cid:884)(cid:484)(cid:889)(cid:886)(cid:889)(cid:3),(cid:888)(cid:484)(cid:885)(cid:890)(cid:888)(cid:3),(cid:889)(cid:484)(cid:885)(cid:887)(cid:885)(cid:3),(cid:883)(cid:885)(cid:484)(cid:889)(cid:885)(cid:891)(cid:3),,,,,,,,,,,,,,,,,,,
(cid:891),(cid:14)(cid:135)(cid:146)(cid:484)(cid:3)(cid:5)(cid:131)(cid:144)(cid:137)(cid:141)(cid:131)(cid:3)(cid:5)(cid:135)(cid:142)(cid:139)(cid:150)(cid:151)(cid:144)(cid:137),(cid:883)(cid:886)(cid:885)(cid:3),(cid:883)(cid:891)(cid:890)(cid:3),(cid:885)(cid:886)(cid:883)(cid:3),(cid:882)(cid:3),(cid:882)(cid:3),(cid:882)(cid:3),(cid:884)(cid:484)(cid:882)(cid:889)(cid:889)(cid:3),(cid:884)(cid:484)(cid:886)(cid:884)(cid:885)(cid:3),(cid:886)(cid:484)(cid:887)(cid:882)(cid:882)(cid:3),(cid:884)(cid:484)(cid:884)(cid:884)(cid:882)(cid:3),(cid:884)(cid:484)(cid:888)(cid:884)(cid:883)(cid:3),(cid:886)(cid:484)(cid:890)(cid:886)(cid:883)(cid:3),,,,,,,,,,,,,,,,,,,
(cid:883)(cid:882),(cid:14)(cid:135)(cid:146)(cid:151)(cid:142)(cid:131)(cid:151)(cid:131)(cid:144)(cid:3)(cid:21)(cid:139)(cid:131)(cid:151),(cid:884)(cid:888)(cid:882)(cid:3),(cid:884)(cid:886)(cid:885)(cid:3),(cid:887)(cid:882)(cid:885)(cid:3),(cid:885)(cid:3),(cid:888)(cid:3),(cid:891)(cid:3),(cid:885)(cid:484)(cid:882)(cid:889)(cid:884)(cid:3),(cid:885)(cid:484)(cid:883)(cid:891)(cid:885)(cid:3),(cid:888)(cid:484)(cid:884)(cid:888)(cid:887)(cid:3),(cid:885)(cid:484)(cid:885)(cid:885)(cid:887)(cid:3),(cid:885)(cid:484)(cid:886)(cid:886)(cid:884)(cid:3),(cid:888)(cid:484)(cid:889)(cid:889)(cid:889)(cid:3),,,,,,,,,,,,,,,,,,,
(cid:883)(cid:883),(cid:7)(cid:14)(cid:12)(cid:3)(cid:13)(cid:131)(cid:141)(cid:131)(cid:148)(cid:150)(cid:131),(cid:889)(cid:888)(cid:885)(cid:3),(cid:883)(cid:484)(cid:882)(cid:883)(cid:883)(cid:3),(cid:883)(cid:484)(cid:889)(cid:889)(cid:886)(cid:3),(cid:885)(cid:890)(cid:3),(cid:887)(cid:883)(cid:3),(cid:890)(cid:891)(cid:3),(cid:884)(cid:891)(cid:484)(cid:886)(cid:887)(cid:885)(cid:3),(cid:884)(cid:887)(cid:484)(cid:883)(cid:891)(cid:882)(cid:3),(cid:887)(cid:886)(cid:484)(cid:888)(cid:886)(cid:885)(cid:3),(cid:885)(cid:882)(cid:484)(cid:884)(cid:887)(cid:886)(cid:3),(cid:884)(cid:888)(cid:484)(cid:884)(cid:887)(cid:884)(cid:3),(cid:887)(cid:888)(cid:484)(cid:887)(cid:882)(cid:888)(cid:3),,,,,,,,,,,,,,,,,,,
(cid:883)(cid:884),(cid:13)(cid:131)(cid:153)(cid:131)(cid:3)(cid:5)(cid:131)(cid:148)(cid:131)(cid:150),(cid:883)(cid:484)(cid:890)(cid:883)(cid:891)(cid:3),(cid:883)(cid:484)(cid:891)(cid:888)(cid:890)(cid:3),(cid:885)(cid:484)(cid:889)(cid:890)(cid:889)(cid:3),(cid:885)(cid:888)(cid:3),(cid:888)(cid:889)(cid:3),(cid:883)(cid:882)(cid:885)(cid:3),(cid:886)(cid:886)(cid:484)(cid:885)(cid:883)(cid:886)(cid:3),(cid:885)(cid:886)(cid:484)(cid:886)(cid:891)(cid:884)(cid:3),(cid:889)(cid:890)(cid:484)(cid:890)(cid:882)(cid:888)(cid:3),(cid:886)(cid:888)(cid:484)(cid:883)(cid:888)(cid:891)(cid:3),(cid:885)(cid:888)(cid:484)(cid:887)(cid:884)(cid:889)(cid:3),(cid:890)(cid:884)(cid:484)(cid:888)(cid:891)(cid:888)(cid:3),,,,,,,,,,,,,,,,,,,
(cid:883)(cid:885),(cid:13)(cid:131)(cid:153)(cid:131)(cid:3)(cid:23)(cid:135)(cid:144)(cid:137)(cid:131)(cid:138),(cid:883)(cid:484)(cid:886)(cid:882)(cid:888)(cid:3),(cid:883)(cid:484)(cid:887)(cid:883)(cid:885)(cid:3),(cid:884)(cid:484)(cid:891)(cid:883)(cid:891)(cid:3),(cid:885)(cid:885)(cid:3),(cid:887)(cid:888)(cid:3),(cid:890)(cid:891)(cid:3),(cid:886)(cid:883)(cid:484)(cid:887)(cid:888)(cid:886)(cid:3),(cid:885)(cid:888)(cid:484)(cid:882)(cid:890)(cid:885)(cid:3),(cid:889)(cid:889)(cid:484)(cid:888)(cid:886)(cid:889)(cid:3),(cid:886)(cid:885)(cid:484)(cid:882)(cid:882)(cid:885)(cid:3),(cid:885)(cid:889)(cid:484)(cid:888)(cid:887)(cid:884)(cid:3),(cid:890)(cid:882)(cid:484)(cid:888)(cid:887)(cid:887)(cid:3),,,,,,,,,,,,,,,,,,,
(cid:883)(cid:886),(cid:7)(cid:12)(cid:3)(cid:28)(cid:145)(cid:137)(cid:155)(cid:131)(cid:141)(cid:131)(cid:148)(cid:150)(cid:131),(cid:885)(cid:883)(cid:882)(cid:3),(cid:885)(cid:890)(cid:889)(cid:3),(cid:888)(cid:891)(cid:889)(cid:3),(cid:883)(cid:886)(cid:3),(cid:885)(cid:883)(cid:3),(cid:886)(cid:887)(cid:3),(cid:888)(cid:484)(cid:890)(cid:885)(cid:883)(cid:3),(cid:889)(cid:484)(cid:882)(cid:890)(cid:886)(cid:3),(cid:883)(cid:885)(cid:484)(cid:891)(cid:883)(cid:887)(cid:3),(cid:889)(cid:484)(cid:883)(cid:887)(cid:887)(cid:3),(cid:889)(cid:484)(cid:887)(cid:882)(cid:884)(cid:3),(cid:883)(cid:886)(cid:484)(cid:888)(cid:887)(cid:889)(cid:3),,,,,,,,,,,,,,,,,,,
(cid:883)(cid:887),(cid:13)(cid:131)(cid:153)(cid:131)(cid:3)(cid:23)(cid:139)(cid:143)(cid:151)(cid:148),(cid:883)(cid:484)(cid:887)(cid:885)(cid:882)(cid:3),(cid:883)(cid:484)(cid:889)(cid:883)(cid:891)(cid:3),(cid:885)(cid:484)(cid:884)(cid:886)(cid:891)(cid:3),(cid:888)(cid:889)(cid:3),(cid:890)(cid:882)(cid:3),(cid:883)(cid:886)(cid:889)(cid:3),(cid:886)(cid:887)(cid:484)(cid:889)(cid:888)(cid:885)(cid:3),(cid:885)(cid:890)(cid:484)(cid:890)(cid:889)(cid:887)(cid:3),(cid:890)(cid:886)(cid:484)(cid:888)(cid:885)(cid:890)(cid:3),(cid:886)(cid:889)(cid:484)(cid:885)(cid:888)(cid:882)(cid:3),(cid:886)(cid:882)(cid:484)(cid:888)(cid:889)(cid:886)(cid:3),(cid:890)(cid:890)(cid:484)(cid:882)(cid:885)(cid:886)(cid:3),,,,,,,,,,,,,,,,,,,
(cid:883)(cid:888),(cid:5)(cid:131)(cid:144)(cid:150)(cid:135)(cid:144),(cid:886)(cid:887)(cid:884)(cid:3),(cid:888)(cid:885)(cid:886)(cid:3),(cid:883)(cid:484)(cid:882)(cid:890)(cid:888)(cid:3),(cid:888)(cid:3),(cid:883)(cid:884)(cid:3),(cid:883)(cid:890)(cid:3),(cid:883)(cid:882)(cid:484)(cid:890)(cid:885)(cid:891)(cid:3),(cid:891)(cid:484)(cid:891)(cid:886)(cid:888)(cid:3),(cid:884)(cid:882)(cid:484)(cid:889)(cid:890)(cid:887)(cid:3),(cid:883)(cid:883)(cid:484)(cid:884)(cid:891)(cid:889)(cid:3),(cid:883)(cid:882)(cid:484)(cid:887)(cid:891)(cid:884)(cid:3),(cid:884)(cid:883)(cid:484)(cid:890)(cid:890)(cid:891)(cid:3),,,,,,,,,,,,,,,,,,,
(cid:883)(cid:889),(cid:5)(cid:131)(cid:142)(cid:139),(cid:885)(cid:882)(cid:885)(cid:3),(cid:885)(cid:883)(cid:891)(cid:3),(cid:888)(cid:884)(cid:884)(cid:3),(cid:883)(cid:884)(cid:3),(cid:884)(cid:882)(cid:3),(cid:885)(cid:884)(cid:3),(cid:888)(cid:484)(cid:891)(cid:888)(cid:887)(cid:3),(cid:890)(cid:484)(cid:885)(cid:885)(cid:890)(cid:3),(cid:883)(cid:887)(cid:484)(cid:885)(cid:882)(cid:885)(cid:3),(cid:889)(cid:484)(cid:884)(cid:890)(cid:882)(cid:3),(cid:890)(cid:484)(cid:888)(cid:889)(cid:889)(cid:3),(cid:883)(cid:887)(cid:484)(cid:891)(cid:887)(cid:889)(cid:3),,,,,,,,,,,,,,,,,,,
(cid:883)(cid:890),(cid:17)(cid:151)(cid:149)(cid:131)(cid:3)(cid:23)(cid:135)(cid:144)(cid:137)(cid:137)(cid:131)(cid:148)(cid:131)(cid:3)(cid:5)(cid:131)(cid:148)(cid:131)(cid:150),(cid:885)(cid:887)(cid:882)(cid:3),(cid:884)(cid:887)(cid:888)(cid:3),(cid:888)(cid:882)(cid:888)(cid:3),(cid:883)(cid:882)(cid:3),(cid:883)(cid:882)(cid:3),(cid:884)(cid:882)(cid:3),(cid:887)(cid:484)(cid:884)(cid:885)(cid:884)(cid:3),(cid:885)(cid:484)(cid:888)(cid:882)(cid:885)(cid:3),(cid:890)(cid:484)(cid:890)(cid:885)(cid:887)(cid:3),(cid:887)(cid:484)(cid:887)(cid:891)(cid:884)(cid:3),(cid:885)(cid:484)(cid:890)(cid:888)(cid:891)(cid:3),(cid:891)(cid:484)(cid:886)(cid:888)(cid:883)(cid:3),,,,,,,,,,,,,,,,,,,
(cid:883)(cid:891),(cid:17)(cid:151)(cid:149)(cid:131)(cid:3)(cid:23)(cid:135)(cid:144)(cid:137)(cid:137)(cid:131)(cid:148)(cid:131)(cid:3)(cid:23)(cid:139)(cid:143)(cid:151)(cid:148),(cid:884)(cid:886)(cid:886)(cid:3),(cid:885)(cid:884)(cid:885)(cid:3),(cid:887)(cid:888)(cid:889)(cid:3),(cid:882)(cid:3),(cid:884)(cid:3),(cid:884)(cid:3),(cid:886)(cid:484)(cid:886)(cid:884)(cid:886)(cid:3),(cid:885)(cid:484)(cid:891)(cid:883)(cid:890)(cid:3),(cid:890)(cid:484)(cid:885)(cid:886)(cid:884)(cid:3),(cid:886)(cid:484)(cid:888)(cid:888)(cid:890)(cid:3),(cid:886)(cid:484)(cid:884)(cid:886)(cid:885)(cid:3),(cid:890)(cid:484)(cid:891)(cid:883)(cid:883)(cid:3),,,,,,,,,,,,,,,,,,,
(cid:884)(cid:882),(cid:14)(cid:131)(cid:142)(cid:139)(cid:143)(cid:131)(cid:144)(cid:150)(cid:131)(cid:144)(cid:3)(cid:5)(cid:131)(cid:148)(cid:131)(cid:150),(cid:885)(cid:886)(cid:885)(cid:3),(cid:884)(cid:884)(cid:882)(cid:3),(cid:887)(cid:888)(cid:885)(cid:3),(cid:885)(cid:3),(cid:883)(cid:882)(cid:3),(cid:883)(cid:885)(cid:3),(cid:885)(cid:484)(cid:887)(cid:885)(cid:882)(cid:3),(cid:885)(cid:484)(cid:891)(cid:891)(cid:882)(cid:3),(cid:889)(cid:484)(cid:887)(cid:884)(cid:882)(cid:3),(cid:885)(cid:484)(cid:890)(cid:889)(cid:888)(cid:3),(cid:886)(cid:484)(cid:884)(cid:884)(cid:882)(cid:3),(cid:890)(cid:484)(cid:882)(cid:891)(cid:888)(cid:3),,,,,,,,,,,,,,,,,,,
(cid:884)(cid:883),(cid:14)(cid:131)(cid:142)(cid:139)(cid:143)(cid:131)(cid:144)(cid:150)(cid:131)(cid:144)(cid:3)(cid:23)(cid:135)(cid:144)(cid:137)(cid:131)(cid:138),(cid:884)(cid:886)(cid:887)(cid:3),(cid:884)(cid:882)(cid:887)(cid:3),(cid:886)(cid:887)(cid:882)(cid:3),(cid:882)(cid:3),(cid:883)(cid:3),(cid:883)(cid:3),(cid:884)(cid:484)(cid:888)(cid:887)(cid:890)(cid:3),(cid:885)(cid:484)(cid:883)(cid:884)(cid:889)(cid:3),(cid:887)(cid:484)(cid:889)(cid:890)(cid:887)(cid:3),(cid:884)(cid:484)(cid:891)(cid:882)(cid:885)(cid:3),(cid:885)(cid:484)(cid:885)(cid:885)(cid:885)(cid:3),(cid:888)(cid:484)(cid:884)(cid:885)(cid:888)(cid:3),,,,,,,,,,,,,,,,,,,
(cid:884)(cid:884),(cid:14)(cid:131)(cid:142)(cid:139)(cid:143)(cid:131)(cid:144)(cid:150)(cid:131)(cid:144)(cid:3)(cid:22)(cid:135)(cid:142)(cid:131)(cid:150)(cid:131)(cid:144),(cid:885)(cid:889)(cid:891)(cid:3),(cid:885)(cid:883)(cid:886)(cid:3),(cid:888)(cid:891)(cid:885)(cid:3),(cid:883)(cid:884)(cid:3),(cid:883)(cid:888)(cid:3),(cid:884)(cid:890)(cid:3),(cid:886)(cid:484)(cid:888)(cid:889)(cid:889)(cid:3),(cid:886)(cid:484)(cid:884)(cid:888)(cid:890)(cid:3),(cid:890)(cid:484)(cid:891)(cid:886)(cid:887)(cid:3),(cid:887)(cid:484)(cid:882)(cid:888)(cid:890)(cid:3),(cid:886)(cid:484)(cid:887)(cid:891)(cid:890)(cid:3),(cid:891)(cid:484)(cid:888)(cid:888)(cid:888)(cid:3),,,,,,,,,,,,,,,,,,,
(cid:884)(cid:885),(cid:14)(cid:131)(cid:142)(cid:139)(cid:143)(cid:131)(cid:144)(cid:150)(cid:131)(cid:144)(cid:3)(cid:23)(cid:139)(cid:143)(cid:151)(cid:148),(cid:885)(cid:889)(cid:885)(cid:3),(cid:885)(cid:886)(cid:884)(cid:3),(cid:889)(cid:883)(cid:887)(cid:3),(cid:891)(cid:3),(cid:887)(cid:3),(cid:883)(cid:886)(cid:3),(cid:887)(cid:484)(cid:889)(cid:888)(cid:888)(cid:3),(cid:888)(cid:484)(cid:883)(cid:884)(cid:883)(cid:3),(cid:883)(cid:883)(cid:484)(cid:890)(cid:890)(cid:889)(cid:3),(cid:888)(cid:484)(cid:883)(cid:886)(cid:890)(cid:3),(cid:888)(cid:484)(cid:886)(cid:888)(cid:890)(cid:3),(cid:883)(cid:884)(cid:484)(cid:888)(cid:883)(cid:888)(cid:3),,,,,,,,,,,,,,,,,,,
(cid:884)(cid:886),(cid:14)(cid:131)(cid:142)(cid:139)(cid:143)(cid:131)(cid:144)(cid:150)(cid:131)(cid:144)(cid:3)(cid:24)(cid:150)(cid:131)(cid:148)(cid:131),(cid:891)(cid:885)(cid:3),(cid:890)(cid:890)(cid:3),(cid:883)(cid:890)(cid:883)(cid:3),(cid:883)(cid:3),(cid:886)(cid:3),(cid:887)(cid:3),(cid:883)(cid:484)(cid:886)(cid:890)(cid:887)(cid:3),(cid:883)(cid:484)(cid:885)(cid:887)(cid:887)(cid:3),(cid:884)(cid:484)(cid:890)(cid:886)(cid:882)(cid:3),(cid:883)(cid:484)(cid:887)(cid:889)(cid:891)(cid:3),(cid:883)(cid:484)(cid:886)(cid:886)(cid:889)(cid:3),(cid:885)(cid:484)(cid:882)(cid:884)(cid:888)(cid:3),,,,,,,,,,,,,,,,,,,
(cid:884)(cid:887),(cid:22)(cid:151)(cid:142)(cid:131)(cid:153)(cid:135)(cid:149)(cid:139)(cid:3)(cid:24)(cid:150)(cid:131)(cid:148)(cid:131),(cid:883)(cid:891)(cid:886)(cid:3),(cid:885)(cid:885)(cid:883)(cid:3),(cid:887)(cid:884)(cid:887)(cid:3),(cid:882)(cid:3),(cid:887)(cid:3),(cid:887)(cid:3),(cid:884)(cid:484)(cid:890)(cid:889)(cid:891)(cid:3),(cid:885)(cid:484)(cid:882)(cid:889)(cid:889)(cid:3),(cid:887)(cid:484)(cid:891)(cid:887)(cid:888)(cid:3),(cid:885)(cid:484)(cid:882)(cid:889)(cid:885)(cid:3),(cid:885)(cid:484)(cid:886)(cid:883)(cid:885)(cid:3),(cid:888)(cid:484)(cid:886)(cid:890)(cid:888)(cid:3),,,,,,,,,,,,,,,,,,,
(cid:884)(cid:888),(cid:22)(cid:151)(cid:142)(cid:131)(cid:153)(cid:135)(cid:149)(cid:139)(cid:3)(cid:23)(cid:135)(cid:144)(cid:137)(cid:131)(cid:138),(cid:884)(cid:883)(cid:887)(cid:3),(cid:884)(cid:887)(cid:886)(cid:3),(cid:886)(cid:888)(cid:891)(cid:3),(cid:882)(cid:3),(cid:888)(cid:3),(cid:888)(cid:3),(cid:884)(cid:484)(cid:884)(cid:891)(cid:886)(cid:3),(cid:884)(cid:484)(cid:888)(cid:889)(cid:890)(cid:3),(cid:886)(cid:484)(cid:891)(cid:889)(cid:884)(cid:3),(cid:884)(cid:484)(cid:887)(cid:882)(cid:891)(cid:3),(cid:884)(cid:484)(cid:891)(cid:885)(cid:890)(cid:3),(cid:887)(cid:484)(cid:886)(cid:886)(cid:889)(cid:3),,,,,,,,,,,,,,,,,,,
(cid:884)(cid:889),(cid:22)(cid:151)(cid:142)(cid:131)(cid:153)(cid:135)(cid:149)(cid:139)(cid:3)(cid:22)(cid:135)(cid:142)(cid:131)(cid:150)(cid:131)(cid:144),(cid:885)(cid:891)(cid:882)(cid:3),(cid:887)(cid:886)(cid:888)(cid:3),(cid:891)(cid:885)(cid:888)(cid:3),(cid:885)(cid:3),(cid:887)(cid:3),(cid:890)(cid:3),(cid:888)(cid:484)(cid:883)(cid:882)(cid:883)(cid:3),(cid:889)(cid:484)(cid:884)(cid:885)(cid:882)(cid:3),(cid:883)(cid:885)(cid:484)(cid:885)(cid:885)(cid:883)(cid:3),(cid:888)(cid:484)(cid:886)(cid:891)(cid:886)(cid:3),(cid:889)(cid:484)(cid:889)(cid:890)(cid:883)(cid:3),(cid:883)(cid:886)(cid:484)(cid:884)(cid:889)(cid:887)(cid:3),,,,,,,,,,,,,,,,,,,
(cid:884)(cid:890),(cid:22)(cid:151)(cid:142)(cid:131)(cid:153)(cid:135)(cid:149)(cid:139)(cid:3)(cid:23)(cid:135)(cid:144)(cid:137)(cid:137)(cid:131)(cid:148)(cid:131),(cid:884)(cid:888)(cid:891)(cid:3),(cid:885)(cid:885)(cid:882)(cid:3),(cid:887)(cid:891)(cid:891)(cid:3),(cid:884)(cid:3),(cid:887)(cid:3),(cid:889)(cid:3),(cid:883)(cid:484)(cid:891)(cid:887)(cid:890)(cid:3),(cid:884)(cid:484)(cid:885)(cid:890)(cid:888)(cid:3),(cid:886)(cid:484)(cid:885)(cid:886)(cid:886)(cid:3),(cid:884)(cid:484)(cid:884)(cid:884)(cid:891)(cid:3),(cid:884)(cid:484)(cid:889)(cid:884)(cid:883)(cid:3),(cid:886)(cid:484)(cid:891)(cid:887)(cid:882)(cid:3),,,,,,,,,,,,,,,,,,,
(cid:884)(cid:891),(cid:10)(cid:145)(cid:148)(cid:145)(cid:144)(cid:150)(cid:131)(cid:142)(cid:145),(cid:890)(cid:884)(cid:3),(cid:883)(cid:885)(cid:890)(cid:3),(cid:884)(cid:884)(cid:882)(cid:3),(cid:883)(cid:3),(cid:882)(cid:3),(cid:883)(cid:3),(cid:883)(cid:484)(cid:883)(cid:883)(cid:882)(cid:3),(cid:883)(cid:484)(cid:885)(cid:891)(cid:885)(cid:3),(cid:884)(cid:484)(cid:887)(cid:882)(cid:885)(cid:3),(cid:883)(cid:484)(cid:883)(cid:891)(cid:885)(cid:3),(cid:883)(cid:484)(cid:887)(cid:885)(cid:883)(cid:3),(cid:884)(cid:484)(cid:889)(cid:884)(cid:886)(cid:3),,,,,,,,,,,,,,,,,,,
(cid:885)(cid:882),(cid:22)(cid:151)(cid:142)(cid:131)(cid:153)(cid:135)(cid:149)(cid:139)(cid:3)(cid:5)(cid:131)(cid:148)(cid:131)(cid:150),(cid:889)(cid:891)(cid:3),(cid:883)(cid:882)(cid:884)(cid:3),(cid:883)(cid:890)(cid:883)(cid:3),(cid:882)(cid:3),(cid:882)(cid:3),(cid:882)(cid:3),(cid:891)(cid:890)(cid:887)(cid:3),(cid:883)(cid:484)(cid:884)(cid:890)(cid:889)(cid:3),(cid:884)(cid:484)(cid:884)(cid:889)(cid:884)(cid:3),(cid:883)(cid:484)(cid:882)(cid:888)(cid:886)(cid:3),(cid:883)(cid:484)(cid:885)(cid:890)(cid:891)(cid:3),(cid:884)(cid:484)(cid:886)(cid:887)(cid:885)(cid:3),,,,,,,,,,,,,,,,,,,
(cid:885)(cid:883),(cid:16)(cid:131)(cid:142)(cid:151)(cid:141)(cid:151),(cid:883)(cid:886)(cid:887)(cid:3),(cid:883)(cid:886)(cid:891)(cid:3),(cid:884)(cid:891)(cid:886)(cid:3),(cid:885)(cid:3),(cid:885)(cid:3),(cid:888)(cid:3),(cid:883)(cid:484)(cid:888)(cid:882)(cid:886)(cid:3),(cid:883)(cid:484)(cid:888)(cid:885)(cid:890)(cid:3),(cid:885)(cid:484)(cid:884)(cid:886)(cid:884)(cid:3),(cid:883)(cid:484)(cid:889)(cid:887)(cid:884)(cid:3),(cid:883)(cid:484)(cid:889)(cid:891)(cid:882)(cid:3),(cid:885)(cid:484)(cid:887)(cid:886)(cid:884)(cid:3),,,,,,,,,,,,,,,,,,,
(cid:885)(cid:884),(cid:16)(cid:131)(cid:142)(cid:151)(cid:141)(cid:151)(cid:3)(cid:24)(cid:150)(cid:131)(cid:148)(cid:131),(cid:883)(cid:884)(cid:883)(cid:3),(cid:883)(cid:886)(cid:883)(cid:3),(cid:884)(cid:888)(cid:884)(cid:3),(cid:882)(cid:3),(cid:883)(cid:3),(cid:883)(cid:3),(cid:889)(cid:890)(cid:891)(cid:3),(cid:891)(cid:887)(cid:889)(cid:3),(cid:883)(cid:484)(cid:889)(cid:886)(cid:888)(cid:3),(cid:891)(cid:883)(cid:882)(cid:3),(cid:883)(cid:484)(cid:882)(cid:891)(cid:891)(cid:3),(cid:884)(cid:484)(cid:882)(cid:882)(cid:891)(cid:3),,,,,,,,,,,,,,,,,,,
(cid:885)(cid:885),(cid:19)(cid:131)(cid:146)(cid:151)(cid:131),(cid:883)(cid:887)(cid:882)(cid:3),(cid:883)(cid:886)(cid:889)(cid:3),(cid:884)(cid:891)(cid:889)(cid:3),(cid:883)(cid:883)(cid:3),(cid:887)(cid:3),(cid:883)(cid:888)(cid:3),(cid:883)(cid:484)(cid:883)(cid:887)(cid:891)(cid:3),(cid:883)(cid:484)(cid:883)(cid:886)(cid:886)(cid:3),(cid:884)(cid:484)(cid:885)(cid:882)(cid:885)(cid:3),(cid:883)(cid:484)(cid:885)(cid:884)(cid:882)(cid:3),(cid:883)(cid:484)(cid:884)(cid:891)(cid:888)(cid:3),(cid:884)(cid:484)(cid:888)(cid:883)(cid:888)(cid:3),,,,,,,,,,,,,,,,,,,
(cid:885)(cid:886),(cid:19)(cid:131)(cid:146)(cid:151)(cid:131)(cid:3)(cid:5)(cid:131)(cid:148)(cid:131)(cid:150),(cid:883)(cid:884)(cid:890)(cid:3),(cid:889)(cid:890)(cid:3),(cid:884)(cid:882)(cid:888)(cid:3),(cid:882)(cid:3),(cid:882)(cid:3),(cid:882)(cid:3),(cid:891)(cid:883)(cid:885)(cid:3),(cid:890)(cid:888)(cid:890)(cid:3),(cid:883)(cid:484)(cid:889)(cid:890)(cid:883)(cid:3),(cid:883)(cid:484)(cid:882)(cid:886)(cid:883)(cid:3),(cid:891)(cid:886)(cid:888)(cid:3),(cid:883)(cid:484)(cid:891)(cid:890)(cid:889)(cid:3),,,,,,,,,,,,,,,,,,,
(cid:885)(cid:887),(cid:19)(cid:131)(cid:146)(cid:151)(cid:131)(cid:3)(cid:22)(cid:135)(cid:142)(cid:131)(cid:150)(cid:131)(cid:144),(cid:886)(cid:888)(cid:3),(cid:887)(cid:886)(cid:3),(cid:883)(cid:882)(cid:882)(cid:3),(cid:882)(cid:3),(cid:882)(cid:3),(cid:882)(cid:3),(cid:885)(cid:886)(cid:884)(cid:3),(cid:886)(cid:885)(cid:887)(cid:3),(cid:889)(cid:889)(cid:889)(cid:3),(cid:885)(cid:890)(cid:890)(cid:3),(cid:886)(cid:890)(cid:891)(cid:3),(cid:890)(cid:889)(cid:889)(cid:3),,,,,,,,,,,,,,,,,,,
(cid:885)(cid:888),(cid:19)(cid:131)(cid:146)(cid:151)(cid:131)(cid:3)(cid:23)(cid:135)(cid:144)(cid:137)(cid:131)(cid:138),(cid:883)(cid:886)(cid:882)(cid:3),(cid:883)(cid:882)(cid:883)(cid:3),(cid:884)(cid:886)(cid:883)(cid:3),(cid:887)(cid:3),(cid:884)(cid:3),(cid:889)(cid:3),(cid:889)(cid:883)(cid:884)(cid:3),(cid:889)(cid:883)(cid:886)(cid:3),(cid:883)(cid:484)(cid:886)(cid:884)(cid:888)(cid:3),(cid:890)(cid:887)(cid:889)(cid:3),(cid:890)(cid:883)(cid:889)(cid:3),(cid:883)(cid:484)(cid:888)(cid:889)(cid:886)(cid:3),,,,,,,,,,,,,,,,,,,
(cid:885)(cid:889) (cid:19)(cid:131)(cid:146)(cid:151)(cid:131)(cid:3)(cid:19)(cid:135)(cid:137)(cid:151)(cid:144)(cid:151)(cid:144)(cid:137)(cid:131)(cid:144) Indonesia (cid:885)(cid:890) (cid:19)(cid:131)(cid:146)(cid:151)(cid:131)(cid:3)(cid:5)(cid:131)(cid:148)(cid:131)(cid:150)(cid:3)(cid:7)(cid:131)(cid:155)(cid:131),,(cid:883)(cid:885)(cid:889)(cid:3) 13.811 (cid:889)(cid:889)(cid:3),(cid:891)(cid:891)(cid:3) 15.899 (cid:888)(cid:891)(cid:3),(cid:884)(cid:885)(cid:888)(cid:3) 29.710 (cid:883)(cid:886)(cid:888)(cid:3),(cid:882)(cid:3) 341 (cid:882)(cid:3),(cid:882)(cid:3) 488 (cid:882)(cid:3),(cid:882)(cid:3) 829 (cid:882)(cid:3),(cid:886)(cid:883)(cid:884)(cid:3) 282.012 (cid:888)(cid:887)(cid:886)(cid:3),(cid:885)(cid:883)(cid:889)(cid:3) 263.639 (cid:888)(cid:885)(cid:883)(cid:3),(cid:889)(cid:884)(cid:891)(cid:3) 545.651 (cid:883)(cid:484)(cid:884)(cid:890)(cid:887)(cid:3),(cid:887)(cid:886)(cid:891)(cid:3) 296.164 (cid:889)(cid:885)(cid:883)(cid:3),(cid:886)(cid:883)(cid:888)(cid:3) 280.026 (cid:889)(cid:882)(cid:882)(cid:3),(cid:891)(cid:888)(cid:887)(cid:3) 576.190 (cid:883)(cid:484)(cid:886)(cid:885)(cid:883)(cid:3),,,,,,,,,,,,,,,,,,,
No,Provinsi,Pejabat Struktural,,,Tenaga Pendidik,,,Tenaga Dukungan Manajemen,,,Total,,,,,,,,,,,,,,,,,,,,,
,,L,P,L+P,L,P,L+P,L,P,L+P,L,P,L+P,,,,,,,,,,,,,,,,,,,
(1),(2),(3),(4),(5),(6),(7),(8),(9),(10),(11),(12),(13),(14),,,,,,,,,,,,,,,,,,,
(cid:883),(cid:4)(cid:133)(cid:135)(cid:138),(cid:889)(cid:884)(cid:3),(cid:890)(cid:885)(cid:3),(cid:883)(cid:887)(cid:887)(cid:3),(cid:882)(cid:3),(cid:883)(cid:3),(cid:883)(cid:3),(cid:883)(cid:484)(cid:885)(cid:882)(cid:890)(cid:3),(cid:883)(cid:484)(cid:887)(cid:887)(cid:890)(cid:3),(cid:884)(cid:484)(cid:890)(cid:888)(cid:888)(cid:3),(cid:883)(cid:484)(cid:885)(cid:890)(cid:882)(cid:3),(cid:883)(cid:484)(cid:888)(cid:886)(cid:884)(cid:3),(cid:885)(cid:484)(cid:882)(cid:884)(cid:884)(cid:3),,,,,,,,,,,,,,,,,,,
(cid:884),(cid:22)(cid:151)(cid:143)(cid:131)(cid:150)(cid:135)(cid:148)(cid:131)(cid:3)(cid:24)(cid:150)(cid:131)(cid:148)(cid:131),(cid:887)(cid:885)(cid:3),(cid:883)(cid:883)(cid:884)(cid:3),(cid:883)(cid:888)(cid:887)(cid:3),(cid:882)(cid:3),(cid:882)(cid:3),(cid:882)(cid:3),(cid:890)(cid:890)(cid:891)(cid:3),(cid:883)(cid:484)(cid:883)(cid:890)(cid:891)(cid:3),(cid:884)(cid:484)(cid:882)(cid:889)(cid:890)(cid:3),(cid:891)(cid:886)(cid:884)(cid:3),(cid:883)(cid:484)(cid:885)(cid:882)(cid:883)(cid:3),(cid:884)(cid:484)(cid:884)(cid:886)(cid:885)(cid:3),,,,,,,,,,,,,,,,,,,
(cid:885),(cid:22)(cid:151)(cid:143)(cid:131)(cid:150)(cid:135)(cid:148)(cid:131)(cid:3)(cid:5)(cid:131)(cid:148)(cid:131)(cid:150),(cid:884)(cid:885)(cid:3),(cid:890)(cid:884)(cid:3),(cid:883)(cid:882)(cid:887)(cid:3),(cid:882)(cid:3),(cid:882)(cid:3),(cid:882)(cid:3),(cid:891)(cid:886)(cid:891)(cid:3),(cid:883)(cid:484)(cid:882)(cid:886)(cid:885)(cid:3),(cid:883)(cid:484)(cid:891)(cid:891)(cid:884)(cid:3),(cid:891)(cid:889)(cid:884)(cid:3),(cid:883)(cid:484)(cid:883)(cid:884)(cid:887)(cid:3),(cid:884)(cid:484)(cid:882)(cid:891)(cid:889)(cid:3),,,,,,,,,,,,,,,,,,,
(cid:886),(cid:21)(cid:139)(cid:131)(cid:151),(cid:886)(cid:889)(cid:3),(cid:887)(cid:885)(cid:3),(cid:883)(cid:882)(cid:882)(cid:3),(cid:882)(cid:3),(cid:882)(cid:3),(cid:882)(cid:3),(cid:883)(cid:484)(cid:882)(cid:884)(cid:890)(cid:3),(cid:883)(cid:484)(cid:882)(cid:882)(cid:891)(cid:3),(cid:884)(cid:484)(cid:882)(cid:885)(cid:889)(cid:3),(cid:883)(cid:484)(cid:882)(cid:889)(cid:887)(cid:3),(cid:883)(cid:484)(cid:882)(cid:888)(cid:884)(cid:3),(cid:884)(cid:484)(cid:883)(cid:885)(cid:889)(cid:3),,,,,,,,,,,,,,,,,,,
(cid:887),(cid:13)(cid:131)(cid:143)(cid:132)(cid:139),(cid:886)(cid:890)(cid:3),(cid:885)(cid:889)(cid:3),(cid:890)(cid:887)(cid:3),(cid:882)(cid:3),(cid:882)(cid:3),(cid:882)(cid:3),(cid:886)(cid:883)(cid:887)(cid:3),(cid:886)(cid:890)(cid:889)(cid:3),(cid:891)(cid:882)(cid:884)(cid:3),(cid:886)(cid:888)(cid:885)(cid:3),(cid:887)(cid:884)(cid:886)(cid:3),(cid:891)(cid:890)(cid:889)(cid:3),,,,,,,,,,,,,,,,,,,
(cid:888),(cid:22)(cid:151)(cid:143)(cid:131)(cid:150)(cid:135)(cid:148)(cid:131)(cid:3)(cid:22)(cid:135)(cid:142)(cid:131)(cid:150)(cid:131)(cid:144),(cid:890)(cid:889)(cid:3),(cid:883)(cid:883)(cid:882)(cid:3),(cid:883)(cid:891)(cid:889)(cid:3),(cid:882)(cid:3),(cid:882)(cid:3),(cid:882)(cid:3),(cid:891)(cid:891)(cid:889)(cid:3),(cid:883)(cid:484)(cid:885)(cid:889)(cid:882)(cid:3),(cid:884)(cid:484)(cid:885)(cid:888)(cid:889)(cid:3),(cid:883)(cid:484)(cid:882)(cid:890)(cid:886)(cid:3),(cid:883)(cid:484)(cid:886)(cid:890)(cid:882)(cid:3),(cid:884)(cid:484)(cid:887)(cid:888)(cid:886)(cid:3),,,,,,,,,,,,,,,,,,,
(cid:889),(cid:5)(cid:135)(cid:144)(cid:137)(cid:141)(cid:151)(cid:142)(cid:151),(cid:886)(cid:885)(cid:3),(cid:890)(cid:885)(cid:3),(cid:883)(cid:884)(cid:888)(cid:3),(cid:882)(cid:3),(cid:882)(cid:3),(cid:882)(cid:3),(cid:885)(cid:883)(cid:890)(cid:3),(cid:888)(cid:889)(cid:884)(cid:3),(cid:891)(cid:891)(cid:882)(cid:3),(cid:885)(cid:888)(cid:883)(cid:3),(cid:889)(cid:887)(cid:887)(cid:3),(cid:883)(cid:484)(cid:883)(cid:883)(cid:888)(cid:3),,,,,,,,,,,,,,,,,,,
(cid:890),(cid:15)(cid:131)(cid:143)(cid:146)(cid:151)(cid:144)(cid:137),(cid:883)(cid:882)(cid:889)(cid:3),(cid:883)(cid:883)(cid:891)(cid:3),(cid:884)(cid:884)(cid:888)(cid:3),(cid:882)(cid:3),(cid:882)(cid:3),(cid:882)(cid:3),(cid:883)(cid:484)(cid:882)(cid:886)(cid:889)(cid:3),(cid:883)(cid:484)(cid:885)(cid:883)(cid:889)(cid:3),(cid:884)(cid:484)(cid:885)(cid:888)(cid:886)(cid:3),(cid:883)(cid:484)(cid:883)(cid:887)(cid:886)(cid:3),(cid:883)(cid:484)(cid:886)(cid:885)(cid:888)(cid:3),(cid:884)(cid:484)(cid:887)(cid:891)(cid:882)(cid:3),,,,,,,,,,,,,,,,,,,
(cid:891),(cid:14)(cid:135)(cid:146)(cid:484)(cid:3)(cid:5)(cid:131)(cid:144)(cid:137)(cid:141)(cid:131)(cid:3)(cid:5)(cid:135)(cid:142)(cid:139)(cid:150)(cid:151)(cid:144)(cid:137),(cid:884)(cid:888)(cid:3),(cid:884)(cid:890)(cid:3),(cid:887)(cid:886)(cid:3),(cid:882)(cid:3),(cid:882)(cid:3),(cid:882)(cid:3),(cid:886)(cid:882)(cid:884)(cid:3),(cid:886)(cid:890)(cid:889)(cid:3),(cid:890)(cid:890)(cid:891)(cid:3),(cid:886)(cid:884)(cid:890)(cid:3),(cid:887)(cid:883)(cid:887)(cid:3),(cid:891)(cid:886)(cid:885)(cid:3),,,,,,,,,,,,,,,,,,,
(cid:883)(cid:882),(cid:14)(cid:135)(cid:146)(cid:151)(cid:142)(cid:131)(cid:151)(cid:131)(cid:144)(cid:3)(cid:21)(cid:139)(cid:131)(cid:151),(cid:886)(cid:890)(cid:3),(cid:887)(cid:890)(cid:3),(cid:883)(cid:882)(cid:888)(cid:3),(cid:882)(cid:3),(cid:882)(cid:3),(cid:882)(cid:3),(cid:887)(cid:882)(cid:890)(cid:3),(cid:886)(cid:890)(cid:890)(cid:3),(cid:891)(cid:891)(cid:888)(cid:3),(cid:887)(cid:887)(cid:888)(cid:3),(cid:887)(cid:886)(cid:888)(cid:3),(cid:883)(cid:484)(cid:883)(cid:882)(cid:884)(cid:3),,,,,,,,,,,,,,,,,,,
(cid:883)(cid:883),(cid:7)(cid:14)(cid:12)(cid:3)(cid:13)(cid:131)(cid:141)(cid:131)(cid:148)(cid:150)(cid:131),(cid:883)(cid:885)(cid:3),(cid:885)(cid:888)(cid:3),(cid:886)(cid:891)(cid:3),(cid:882)(cid:3),(cid:882)(cid:3),(cid:882)(cid:3),(cid:884)(cid:484)(cid:889)(cid:888)(cid:887)(cid:3),(cid:883)(cid:484)(cid:883)(cid:889)(cid:883)(cid:3),(cid:885)(cid:484)(cid:891)(cid:885)(cid:888)(cid:3),(cid:884)(cid:484)(cid:889)(cid:889)(cid:890)(cid:3),(cid:883)(cid:484)(cid:884)(cid:882)(cid:889)(cid:3),(cid:885)(cid:484)(cid:891)(cid:890)(cid:887)(cid:3),,,,,,,,,,,,,,,,,,,
(cid:883)(cid:884),(cid:13)(cid:131)(cid:153)(cid:131)(cid:3)(cid:5)(cid:131)(cid:148)(cid:131)(cid:150),(cid:885)(cid:890)(cid:884)(cid:3),(cid:885)(cid:886)(cid:882)(cid:3),(cid:889)(cid:884)(cid:884)(cid:3),(cid:882)(cid:3),(cid:882)(cid:3),(cid:882)(cid:3),(cid:887)(cid:484)(cid:884)(cid:888)(cid:888)(cid:3),(cid:886)(cid:484)(cid:882)(cid:889)(cid:890)(cid:3),(cid:891)(cid:484)(cid:885)(cid:886)(cid:886)(cid:3),(cid:887)(cid:484)(cid:888)(cid:886)(cid:890)(cid:3),(cid:886)(cid:484)(cid:886)(cid:883)(cid:890)(cid:3),(cid:883)(cid:882)(cid:484)(cid:882)(cid:888)(cid:888)(cid:3),,,,,,,,,,,,,,,,,,,
(cid:883)(cid:885),(cid:13)(cid:131)(cid:153)(cid:131)(cid:3)(cid:23)(cid:135)(cid:144)(cid:137)(cid:131)(cid:138),(cid:883)(cid:886)(cid:887)(cid:3),(cid:883)(cid:891)(cid:882)(cid:3),(cid:885)(cid:885)(cid:887)(cid:3),(cid:882)(cid:3),(cid:882)(cid:3),(cid:882)(cid:3),(cid:887)(cid:484)(cid:882)(cid:890)(cid:887)(cid:3),(cid:885)(cid:484)(cid:891)(cid:882)(cid:886)(cid:3),(cid:890)(cid:484)(cid:891)(cid:890)(cid:891)(cid:3),(cid:887)(cid:484)(cid:884)(cid:885)(cid:882)(cid:3),(cid:886)(cid:484)(cid:882)(cid:891)(cid:886)(cid:3),(cid:891)(cid:484)(cid:885)(cid:884)(cid:886)(cid:3),,,,,,,,,,,,,,,,,,,
(cid:883)(cid:886),(cid:7)(cid:12)(cid:3)(cid:28)(cid:145)(cid:137)(cid:155)(cid:131)(cid:141)(cid:131)(cid:148)(cid:150)(cid:131),(cid:886)(cid:884)(cid:3),(cid:889)(cid:891)(cid:3),(cid:883)(cid:884)(cid:883)(cid:3),(cid:882)(cid:3),(cid:882)(cid:3),(cid:882)(cid:3),(cid:890)(cid:883)(cid:891)(cid:3),(cid:888)(cid:888)(cid:886)(cid:3),(cid:883)(cid:484)(cid:886)(cid:890)(cid:885)(cid:3),(cid:890)(cid:888)(cid:883)(cid:3),(cid:889)(cid:886)(cid:885)(cid:3),(cid:883)(cid:484)(cid:888)(cid:882)(cid:886)(cid:3),,,,,,,,,,,,,,,,,,,
(cid:883)(cid:887),(cid:13)(cid:131)(cid:153)(cid:131)(cid:3)(cid:23)(cid:139)(cid:143)(cid:151)(cid:148),(cid:888)(cid:884)(cid:3),(cid:889)(cid:884)(cid:3),(cid:883)(cid:885)(cid:886)(cid:3),(cid:882)(cid:3),(cid:882)(cid:3),(cid:882)(cid:3),(cid:888)(cid:484)(cid:883)(cid:889)(cid:888)(cid:3),(cid:886)(cid:484)(cid:888)(cid:889)(cid:886)(cid:3),(cid:883)(cid:882)(cid:484)(cid:890)(cid:887)(cid:882)(cid:3),(cid:888)(cid:484)(cid:884)(cid:885)(cid:890)(cid:3),(cid:886)(cid:484)(cid:889)(cid:886)(cid:888)(cid:3),(cid:883)(cid:882)(cid:484)(cid:891)(cid:890)(cid:886)(cid:3),,,,,,,,,,,,,,,,,,,
(cid:883)(cid:888),(cid:5)(cid:131)(cid:144)(cid:150)(cid:135)(cid:144),(cid:890)(cid:888)(cid:3),(cid:883)(cid:886)(cid:884)(cid:3),(cid:884)(cid:884)(cid:890)(cid:3),(cid:882)(cid:3),(cid:882)(cid:3),(cid:882)(cid:3),(cid:883)(cid:484)(cid:891)(cid:883)(cid:882)(cid:3),(cid:883)(cid:484)(cid:882)(cid:885)(cid:888)(cid:3),(cid:884)(cid:484)(cid:891)(cid:886)(cid:888)(cid:3),(cid:883)(cid:484)(cid:891)(cid:891)(cid:888)(cid:3),(cid:883)(cid:484)(cid:883)(cid:889)(cid:890)(cid:3),(cid:885)(cid:484)(cid:883)(cid:889)(cid:886)(cid:3),,,,,,,,,,,,,,,,,,,
(cid:883)(cid:889),(cid:5)(cid:131)(cid:142)(cid:139),(cid:885)(cid:883)(cid:3),(cid:885)(cid:886)(cid:3),(cid:888)(cid:887)(cid:3),(cid:882)(cid:3),(cid:882)(cid:3),(cid:882)(cid:3),(cid:883)(cid:484)(cid:885)(cid:890)(cid:889)(cid:3),(cid:883)(cid:484)(cid:886)(cid:886)(cid:887)(cid:3),(cid:884)(cid:484)(cid:890)(cid:885)(cid:884)(cid:3),(cid:883)(cid:484)(cid:886)(cid:883)(cid:890)(cid:3),(cid:883)(cid:484)(cid:886)(cid:889)(cid:891)(cid:3),(cid:884)(cid:484)(cid:890)(cid:891)(cid:889)(cid:3),,,,,,,,,,,,,,,,,,,
(cid:883)(cid:890),(cid:17)(cid:151)(cid:149)(cid:131)(cid:3)(cid:23)(cid:135)(cid:144)(cid:137)(cid:137)(cid:131)(cid:148)(cid:131)(cid:3)(cid:5)(cid:131)(cid:148)(cid:131)(cid:150),(cid:883)(cid:883)(cid:886)(cid:3),(cid:889)(cid:883)(cid:3),(cid:883)(cid:890)(cid:887)(cid:3),(cid:882)(cid:3),(cid:882)(cid:3),(cid:882)(cid:3),(cid:883)(cid:484)(cid:884)(cid:889)(cid:884)(cid:3),(cid:891)(cid:884)(cid:890)(cid:3),(cid:884)(cid:484)(cid:884)(cid:882)(cid:882)(cid:3),(cid:883)(cid:484)(cid:885)(cid:890)(cid:888)(cid:3),(cid:891)(cid:891)(cid:891)(cid:3),(cid:884)(cid:484)(cid:885)(cid:890)(cid:887)(cid:3),,,,,,,,,,,,,,,,,,,
(cid:883)(cid:891),(cid:17)(cid:151)(cid:149)(cid:131)(cid:3)(cid:23)(cid:135)(cid:144)(cid:137)(cid:137)(cid:131)(cid:148)(cid:131)(cid:3)(cid:23)(cid:139)(cid:143)(cid:151)(cid:148),(cid:885)(cid:888)(cid:3),(cid:885)(cid:889)(cid:3),(cid:889)(cid:885)(cid:3),(cid:882)(cid:3),(cid:882)(cid:3),(cid:882)(cid:3),(cid:883)(cid:484)(cid:885)(cid:885)(cid:891)(cid:3),(cid:891)(cid:890)(cid:885)(cid:3),(cid:884)(cid:484)(cid:885)(cid:884)(cid:884)(cid:3),(cid:883)(cid:484)(cid:885)(cid:889)(cid:887)(cid:3),(cid:883)(cid:484)(cid:882)(cid:884)(cid:882)(cid:3),(cid:884)(cid:484)(cid:885)(cid:891)(cid:887)(cid:3),,,,,,,,,,,,,,,,,,,
(cid:884)(cid:882),(cid:14)(cid:131)(cid:142)(cid:139)(cid:143)(cid:131)(cid:144)(cid:150)(cid:131)(cid:144)(cid:3)(cid:5)(cid:131)(cid:148)(cid:131)(cid:150),(cid:889)(cid:888)(cid:3),(cid:886)(cid:883)(cid:3),(cid:883)(cid:883)(cid:889)(cid:3),(cid:882)(cid:3),(cid:884)(cid:3),(cid:884)(cid:3),(cid:889)(cid:891)(cid:882)(cid:3),(cid:891)(cid:884)(cid:886)(cid:3),(cid:883)(cid:484)(cid:889)(cid:883)(cid:886)(cid:3),(cid:890)(cid:888)(cid:888)(cid:3),(cid:891)(cid:888)(cid:889)(cid:3),(cid:883)(cid:484)(cid:890)(cid:885)(cid:885)(cid:3),,,,,,,,,,,,,,,,,,,
(cid:884)(cid:883),(cid:14)(cid:131)(cid:142)(cid:139)(cid:143)(cid:131)(cid:144)(cid:150)(cid:131)(cid:144)(cid:3)(cid:23)(cid:135)(cid:144)(cid:137)(cid:131)(cid:138),(cid:887)(cid:890)(cid:3),(cid:884)(cid:887)(cid:3),(cid:890)(cid:885)(cid:3),(cid:882)(cid:3),(cid:882)(cid:3),(cid:882)(cid:3),(cid:887)(cid:884)(cid:887)(cid:3),(cid:888)(cid:885)(cid:887)(cid:3),(cid:883)(cid:484)(cid:883)(cid:888)(cid:882)(cid:3),(cid:887)(cid:890)(cid:885)(cid:3),(cid:888)(cid:888)(cid:882)(cid:3),(cid:883)(cid:484)(cid:884)(cid:886)(cid:885)(cid:3),,,,,,,,,,,,,,,,,,,
(cid:884)(cid:884),(cid:14)(cid:131)(cid:142)(cid:139)(cid:143)(cid:131)(cid:144)(cid:150)(cid:131)(cid:144)(cid:3)(cid:22)(cid:135)(cid:142)(cid:131)(cid:150)(cid:131)(cid:144),(cid:890)(cid:883)(cid:3),(cid:889)(cid:885)(cid:3),(cid:883)(cid:887)(cid:886)(cid:3),(cid:882)(cid:3),(cid:882)(cid:3),(cid:882)(cid:3),(cid:889)(cid:888)(cid:886)(cid:3),(cid:889)(cid:889)(cid:886)(cid:3),(cid:883)(cid:484)(cid:887)(cid:885)(cid:890)(cid:3),(cid:890)(cid:886)(cid:887)(cid:3),(cid:890)(cid:886)(cid:889)(cid:3),(cid:883)(cid:484)(cid:888)(cid:891)(cid:884)(cid:3),,,,,,,,,,,,,,,,,,,
(cid:884)(cid:885),(cid:14)(cid:131)(cid:142)(cid:139)(cid:143)(cid:131)(cid:144)(cid:150)(cid:131)(cid:144)(cid:3)(cid:23)(cid:139)(cid:143)(cid:151)(cid:148),(cid:890)(cid:888)(cid:3),(cid:889)(cid:888)(cid:3),(cid:883)(cid:888)(cid:884)(cid:3),(cid:882)(cid:3),(cid:882)(cid:3),(cid:882)(cid:3),(cid:891)(cid:884)(cid:891)(cid:3),(cid:883)(cid:484)(cid:883)(cid:883)(cid:890)(cid:3),(cid:884)(cid:484)(cid:882)(cid:886)(cid:889)(cid:3),(cid:883)(cid:484)(cid:882)(cid:883)(cid:887)(cid:3),(cid:883)(cid:484)(cid:883)(cid:891)(cid:886)(cid:3),(cid:884)(cid:484)(cid:884)(cid:882)(cid:891)(cid:3),,,,,,,,,,,,,,,,,,,
(cid:884)(cid:886),(cid:14)(cid:131)(cid:142)(cid:139)(cid:143)(cid:131)(cid:144)(cid:150)(cid:131)(cid:144)(cid:3)(cid:24)(cid:150)(cid:131)(cid:148)(cid:131),(cid:884)(cid:885)(cid:3),(cid:884)(cid:882)(cid:3),(cid:886)(cid:885)(cid:3),(cid:882)(cid:3),(cid:882)(cid:3),(cid:882)(cid:3),(cid:884)(cid:890)(cid:888)(cid:3),(cid:884)(cid:886)(cid:888)(cid:3),(cid:887)(cid:885)(cid:884)(cid:3),(cid:885)(cid:882)(cid:891)(cid:3),(cid:884)(cid:888)(cid:888)(cid:3),(cid:887)(cid:889)(cid:887)(cid:3),,,,,,,,,,,,,,,,,,,
(cid:884)(cid:887),(cid:22)(cid:151)(cid:142)(cid:131)(cid:153)(cid:135)(cid:149)(cid:139)(cid:3)(cid:24)(cid:150)(cid:131)(cid:148)(cid:131),(cid:883)(cid:891)(cid:3),(cid:885)(cid:890)(cid:3),(cid:887)(cid:889)(cid:3),(cid:882)(cid:3),(cid:882)(cid:3),(cid:882)(cid:3),(cid:885)(cid:887)(cid:885)(cid:3),(cid:886)(cid:888)(cid:885)(cid:3),(cid:890)(cid:883)(cid:888)(cid:3),(cid:885)(cid:889)(cid:884)(cid:3),(cid:887)(cid:882)(cid:883)(cid:3),(cid:890)(cid:889)(cid:885)(cid:3),,,,,,,,,,,,,,,,,,,
(cid:884)(cid:888),(cid:22)(cid:151)(cid:142)(cid:131)(cid:153)(cid:135)(cid:149)(cid:139)(cid:3)(cid:23)(cid:135)(cid:144)(cid:137)(cid:131)(cid:138),(cid:886)(cid:890)(cid:3),(cid:885)(cid:885)(cid:3),(cid:890)(cid:883)(cid:3),(cid:882)(cid:3),(cid:883)(cid:3),(cid:883)(cid:3),(cid:886)(cid:891)(cid:890)(cid:3),(cid:887)(cid:889)(cid:889)(cid:3),(cid:883)(cid:484)(cid:882)(cid:889)(cid:887)(cid:3),(cid:887)(cid:886)(cid:888)(cid:3),(cid:888)(cid:883)(cid:883)(cid:3),(cid:883)(cid:484)(cid:883)(cid:887)(cid:889)(cid:3),,,,,,,,,,,,,,,,,,,
(cid:884)(cid:889),(cid:22)(cid:151)(cid:142)(cid:131)(cid:153)(cid:135)(cid:149)(cid:139)(cid:3)(cid:22)(cid:135)(cid:142)(cid:131)(cid:150)(cid:131)(cid:144),(cid:885)(cid:882)(cid:3),(cid:889)(cid:882)(cid:3),(cid:883)(cid:882)(cid:882)(cid:3),(cid:882)(cid:3),(cid:882)(cid:3),(cid:882)(cid:3),(cid:883)(cid:484)(cid:884)(cid:882)(cid:884)(cid:3),(cid:883)(cid:484)(cid:887)(cid:887)(cid:885)(cid:3),(cid:884)(cid:484)(cid:889)(cid:887)(cid:887)(cid:3),(cid:883)(cid:484)(cid:884)(cid:885)(cid:884)(cid:3),(cid:883)(cid:484)(cid:888)(cid:884)(cid:885)(cid:3),(cid:884)(cid:484)(cid:890)(cid:887)(cid:887)(cid:3),,,,,,,,,,,,,,,,,,,
(cid:884)(cid:890),(cid:22)(cid:151)(cid:142)(cid:131)(cid:153)(cid:135)(cid:149)(cid:139)(cid:3)(cid:23)(cid:135)(cid:144)(cid:137)(cid:137)(cid:131)(cid:148)(cid:131),(cid:889)(cid:882)(cid:3),(cid:891)(cid:887)(cid:3),(cid:883)(cid:888)(cid:887)(cid:3),(cid:882)(cid:3),(cid:882)(cid:3),(cid:882)(cid:3),(cid:887)(cid:885)(cid:884)(cid:3),(cid:888)(cid:884)(cid:885)(cid:3),(cid:883)(cid:484)(cid:883)(cid:887)(cid:887)(cid:3),(cid:888)(cid:882)(cid:884)(cid:3),(cid:889)(cid:883)(cid:890)(cid:3),(cid:883)(cid:484)(cid:885)(cid:884)(cid:882)(cid:3),,,,,,,,,,,,,,,,,,,
(cid:884)(cid:891),(cid:10)(cid:145)(cid:148)(cid:145)(cid:144)(cid:150)(cid:131)(cid:142)(cid:145),(cid:883)(cid:883)(cid:3),(cid:884)(cid:889)(cid:3),(cid:885)(cid:890)(cid:3),(cid:882)(cid:3),(cid:882)(cid:3),(cid:882)(cid:3),(cid:884)(cid:885)(cid:885)(cid:3),(cid:886)(cid:885)(cid:890)(cid:3),(cid:888)(cid:889)(cid:883)(cid:3),(cid:884)(cid:886)(cid:886)(cid:3),(cid:886)(cid:888)(cid:887)(cid:3),(cid:889)(cid:882)(cid:891)(cid:3),,,,,,,,,,,,,,,,,,,
(cid:885)(cid:882),(cid:22)(cid:151)(cid:142)(cid:131)(cid:153)(cid:135)(cid:149)(cid:139)(cid:3)(cid:5)(cid:131)(cid:148)(cid:131)(cid:150),(cid:885)(cid:882)(cid:3),(cid:885)(cid:886)(cid:3),(cid:888)(cid:886)(cid:3),(cid:882)(cid:3),(cid:882)(cid:3),(cid:882)(cid:3),(cid:886)(cid:883)(cid:883)(cid:3),(cid:889)(cid:883)(cid:887)(cid:3),(cid:883)(cid:484)(cid:883)(cid:884)(cid:888)(cid:3),(cid:886)(cid:886)(cid:883)(cid:3),(cid:889)(cid:886)(cid:891)(cid:3),(cid:883)(cid:484)(cid:883)(cid:891)(cid:882)(cid:3),,,,,,,,,,,,,,,,,,,
(cid:885)(cid:883),(cid:16)(cid:131)(cid:142)(cid:151)(cid:141)(cid:151),(cid:884)(cid:889)(cid:3),(cid:884)(cid:887)(cid:3),(cid:887)(cid:884)(cid:3),(cid:882)(cid:3),(cid:883)(cid:3),(cid:883)(cid:3),(cid:885)(cid:888)(cid:888)(cid:3),(cid:885)(cid:887)(cid:884)(cid:3),(cid:889)(cid:883)(cid:890)(cid:3),(cid:885)(cid:891)(cid:885)(cid:3),(cid:885)(cid:889)(cid:890)(cid:3),(cid:889)(cid:889)(cid:883)(cid:3),,,,,,,,,,,,,,,,,,,
(cid:885)(cid:884),(cid:16)(cid:131)(cid:142)(cid:151)(cid:141)(cid:151)(cid:3)(cid:24)(cid:150)(cid:131)(cid:148)(cid:131),(cid:885)(cid:887)(cid:3),(cid:885)(cid:889)(cid:3),(cid:889)(cid:884)(cid:3),(cid:882)(cid:3),(cid:882)(cid:3),(cid:882)(cid:3),(cid:883)(cid:888)(cid:890)(cid:3),(cid:883)(cid:891)(cid:887)(cid:3),(cid:885)(cid:888)(cid:885)(cid:3),(cid:884)(cid:882)(cid:885)(cid:3),(cid:884)(cid:885)(cid:884)(cid:3),(cid:886)(cid:885)(cid:887)(cid:3),,,,,,,,,,,,,,,,,,,
(cid:885)(cid:885),(cid:19)(cid:131)(cid:146)(cid:151)(cid:131),(cid:883)(cid:890)(cid:3),(cid:884)(cid:886)(cid:3),(cid:886)(cid:884)(cid:3),(cid:882)(cid:3),(cid:882)(cid:3),(cid:882)(cid:3),(cid:883)(cid:890)(cid:883)(cid:3),(cid:883)(cid:887)(cid:884)(cid:3),(cid:885)(cid:885)(cid:885)(cid:3),(cid:883)(cid:891)(cid:891)(cid:3),(cid:883)(cid:889)(cid:888)(cid:3),(cid:885)(cid:889)(cid:887)(cid:3),,,,,,,,,,,,,,,,,,,
(cid:885)(cid:886),(cid:19)(cid:131)(cid:146)(cid:151)(cid:131)(cid:3)(cid:5)(cid:131)(cid:148)(cid:131)(cid:150),(cid:883)(cid:891)(cid:3),(cid:889)(cid:3),(cid:884)(cid:888)(cid:3),(cid:882)(cid:3),(cid:882)(cid:3),(cid:882)(cid:3),(cid:884)(cid:882)(cid:888)(cid:3),(cid:884)(cid:882)(cid:891)(cid:3),(cid:886)(cid:883)(cid:887)(cid:3),(cid:884)(cid:884)(cid:887)(cid:3),(cid:884)(cid:883)(cid:888)(cid:3),(cid:886)(cid:886)(cid:883)(cid:3),,,,,,,,,,,,,,,,,,,
(cid:885)(cid:887),(cid:19)(cid:131)(cid:146)(cid:151)(cid:131)(cid:3)(cid:22)(cid:135)(cid:142)(cid:131)(cid:150)(cid:131)(cid:144),(cid:888)(cid:3),(cid:890)(cid:3),(cid:883)(cid:886)(cid:3),(cid:882)(cid:3),(cid:882)(cid:3),(cid:882)(cid:3),(cid:889)(cid:891)(cid:3),(cid:890)(cid:886)(cid:3),(cid:883)(cid:888)(cid:885)(cid:3),(cid:890)(cid:887)(cid:3),(cid:891)(cid:884)(cid:3),(cid:883)(cid:889)(cid:889)(cid:3),,,,,,,,,,,,,,,,,,,
(cid:885)(cid:888),(cid:19)(cid:131)(cid:146)(cid:151)(cid:131)(cid:3)(cid:23)(cid:135)(cid:144)(cid:137)(cid:131)(cid:138),(cid:887)(cid:886)(cid:3),(cid:886)(cid:882)(cid:3),(cid:891)(cid:886)(cid:3),(cid:882)(cid:3),(cid:882)(cid:3),(cid:882)(cid:3),(cid:883)(cid:886)(cid:886)(cid:3),(cid:883)(cid:885)(cid:889)(cid:3),(cid:884)(cid:890)(cid:883)(cid:3),(cid:883)(cid:891)(cid:890)(cid:3),(cid:883)(cid:889)(cid:889)(cid:3),(cid:885)(cid:889)(cid:887)(cid:3),,,,,,,,,,,,,,,,,,,
(cid:885)(cid:889) (cid:19)(cid:131)(cid:146)(cid:151)(cid:131)(cid:3)(cid:19)(cid:135)(cid:137)(cid:151)(cid:144)(cid:151)(cid:144)(cid:137)(cid:131)(cid:144) Indonesia (cid:885)(cid:890) (cid:19)(cid:131)(cid:146)(cid:151)(cid:131)(cid:3)(cid:5)(cid:131)(cid:148)(cid:131)(cid:150)(cid:3)(cid:7)(cid:131)(cid:155)(cid:131),,(cid:888)(cid:887)(cid:3) 2.234 (cid:883)(cid:885)(cid:3),(cid:884)(cid:888)(cid:3) 2.478 (cid:883)(cid:885)(cid:3),(cid:891)(cid:883)(cid:3) 4.712 (cid:884)(cid:888)(cid:3),(cid:882)(cid:3) 0 (cid:882)(cid:3),(cid:882)(cid:3) 5 (cid:882)(cid:3),(cid:882)(cid:3) 5 (cid:882)(cid:3),(cid:883)(cid:886)(cid:891)(cid:3) 41.860 (cid:883)(cid:888)(cid:886)(cid:3),(cid:890)(cid:886)(cid:3) 37.936 (cid:883)(cid:887)(cid:886)(cid:3),(cid:884)(cid:885)(cid:885)(cid:3) 79.796 (cid:885)(cid:883)(cid:890)(cid:3),(cid:884)(cid:883)(cid:886)(cid:3) 44.094 (cid:883)(cid:889)(cid:889)(cid:3),(cid:883)(cid:883)(cid:882)(cid:3) 40.419 (cid:883)(cid:888)(cid:889)(cid:3),(cid:885)(cid:884)(cid:886)(cid:3) 84.513 (cid:885)(cid:886)(cid:886)(cid:3),,,,,,,,,,,,,,,,,,,
No,Provinsi,Pejabat Struktural,,,Tenaga Pendidik,,,Tenaga Dukungan Manajemen,,,Total,,,,,,,,,,,,,,,,,,,,,
,,L,P,L+P,L,P,L+P,L,P,L+P,L,P,L+P,,,,,,,,,,,,,,,,,,,
(1),(2),(3),(4),(5),(6),(7),(8),(9),(10),(11),(12),(13),(14),,,,,,,,,,,,,,,,,,,
(cid:883),(cid:4)(cid:133)(cid:135)(cid:138),(cid:883)(cid:891)(cid:888)(cid:3),(cid:883)(cid:891)(cid:888)(cid:3),(cid:885)(cid:891)(cid:884)(cid:3),(cid:887)(cid:3),(cid:885)(cid:3),(cid:890)(cid:3),(cid:886)(cid:484)(cid:885)(cid:884)(cid:887)(cid:3),(cid:885)(cid:484)(cid:885)(cid:882)(cid:890)(cid:3),(cid:889)(cid:484)(cid:888)(cid:885)(cid:885)(cid:3),(cid:886)(cid:484)(cid:887)(cid:884)(cid:888)(cid:3),(cid:885)(cid:484)(cid:887)(cid:882)(cid:889)(cid:3),(cid:890)(cid:484)(cid:882)(cid:885)(cid:885)(cid:3),,,,,,,,,,,,,,,,,,,
(cid:884),(cid:22)(cid:151)(cid:143)(cid:131)(cid:150)(cid:135)(cid:148)(cid:131)(cid:3)(cid:24)(cid:150)(cid:131)(cid:148)(cid:131),(cid:884)(cid:887)(cid:891)(cid:3),(cid:886)(cid:882)(cid:884)(cid:3),(cid:888)(cid:888)(cid:883)(cid:3),(cid:887)(cid:3),(cid:886)(cid:3),(cid:891)(cid:3),(cid:887)(cid:484)(cid:888)(cid:888)(cid:886)(cid:3),(cid:888)(cid:484)(cid:891)(cid:886)(cid:889)(cid:3),(cid:883)(cid:884)(cid:484)(cid:888)(cid:883)(cid:883)(cid:3),(cid:887)(cid:484)(cid:891)(cid:884)(cid:890)(cid:3),(cid:889)(cid:484)(cid:885)(cid:887)(cid:885)(cid:3),(cid:883)(cid:885)(cid:484)(cid:884)(cid:890)(cid:883)(cid:3),,,,,,,,,,,,,,,,,,,
(cid:885),(cid:22)(cid:151)(cid:143)(cid:131)(cid:150)(cid:135)(cid:148)(cid:131)(cid:3)(cid:5)(cid:131)(cid:148)(cid:131)(cid:150),(cid:883)(cid:887)(cid:889)(cid:3),(cid:885)(cid:888)(cid:891)(cid:3),(cid:887)(cid:884)(cid:888)(cid:3),(cid:883)(cid:3),(cid:882)(cid:3),(cid:883)(cid:3),(cid:884)(cid:484)(cid:887)(cid:884)(cid:882)(cid:3),(cid:884)(cid:484)(cid:891)(cid:888)(cid:889)(cid:3),(cid:887)(cid:484)(cid:886)(cid:890)(cid:889)(cid:3),(cid:884)(cid:484)(cid:888)(cid:889)(cid:890)(cid:3),(cid:885)(cid:484)(cid:885)(cid:885)(cid:888)(cid:3),(cid:888)(cid:484)(cid:882)(cid:883)(cid:886)(cid:3),,,,,,,,,,,,,,,,,,,
(cid:886),(cid:21)(cid:139)(cid:131)(cid:151),(cid:883)(cid:886)(cid:884)(cid:3),(cid:883)(cid:889)(cid:890)(cid:3),(cid:885)(cid:884)(cid:882)(cid:3),(cid:885)(cid:3),(cid:883)(cid:3),(cid:886)(cid:3),(cid:885)(cid:484)(cid:889)(cid:888)(cid:882)(cid:3),(cid:886)(cid:484)(cid:882)(cid:887)(cid:890)(cid:3),(cid:889)(cid:484)(cid:890)(cid:883)(cid:890)(cid:3),(cid:885)(cid:484)(cid:891)(cid:882)(cid:887)(cid:3),(cid:886)(cid:484)(cid:884)(cid:885)(cid:889)(cid:3),(cid:890)(cid:484)(cid:883)(cid:886)(cid:884)(cid:3),,,,,,,,,,,,,,,,,,,
(cid:887),(cid:13)(cid:131)(cid:143)(cid:132)(cid:139),(cid:883)(cid:882)(cid:885)(cid:3),(cid:883)(cid:882)(cid:886)(cid:3),(cid:884)(cid:882)(cid:889)(cid:3),(cid:882)(cid:3),(cid:882)(cid:3),(cid:882)(cid:3),(cid:883)(cid:484)(cid:888)(cid:891)(cid:882)(cid:3),(cid:884)(cid:484)(cid:882)(cid:883)(cid:891)(cid:3),(cid:885)(cid:484)(cid:889)(cid:882)(cid:891)(cid:3),(cid:883)(cid:484)(cid:889)(cid:891)(cid:885)(cid:3),(cid:884)(cid:484)(cid:883)(cid:884)(cid:885)(cid:3),(cid:885)(cid:484)(cid:891)(cid:883)(cid:888)(cid:3),,,,,,,,,,,,,,,,,,,
(cid:888),(cid:22)(cid:151)(cid:143)(cid:131)(cid:150)(cid:135)(cid:148)(cid:131)(cid:3)(cid:22)(cid:135)(cid:142)(cid:131)(cid:150)(cid:131)(cid:144),(cid:883)(cid:887)(cid:891)(cid:3),(cid:884)(cid:890)(cid:884)(cid:3),(cid:886)(cid:886)(cid:883)(cid:3),(cid:882)(cid:3),(cid:883)(cid:3),(cid:883)(cid:3),(cid:886)(cid:484)(cid:885)(cid:882)(cid:882)(cid:3),(cid:886)(cid:484)(cid:884)(cid:889)(cid:884)(cid:3),(cid:890)(cid:484)(cid:887)(cid:889)(cid:884)(cid:3),(cid:886)(cid:484)(cid:886)(cid:887)(cid:891)(cid:3),(cid:886)(cid:484)(cid:887)(cid:887)(cid:887)(cid:3),(cid:891)(cid:484)(cid:882)(cid:883)(cid:886)(cid:3),,,,,,,,,,,,,,,,,,,
(cid:889),(cid:5)(cid:135)(cid:144)(cid:137)(cid:141)(cid:151)(cid:142)(cid:151),(cid:887)(cid:891)(cid:3),(cid:891)(cid:883)(cid:3),(cid:883)(cid:887)(cid:882)(cid:3),(cid:882)(cid:3),(cid:882)(cid:3),(cid:882)(cid:3),(cid:889)(cid:887)(cid:885)(cid:3),(cid:890)(cid:890)(cid:885)(cid:3),(cid:883)(cid:484)(cid:888)(cid:885)(cid:888)(cid:3),(cid:890)(cid:883)(cid:884)(cid:3),(cid:891)(cid:889)(cid:886)(cid:3),(cid:883)(cid:484)(cid:889)(cid:890)(cid:888)(cid:3),,,,,,,,,,,,,,,,,,,
(cid:890),(cid:15)(cid:131)(cid:143)(cid:146)(cid:151)(cid:144)(cid:137),(cid:883)(cid:884)(cid:886)(cid:3),(cid:884)(cid:885)(cid:883)(cid:3),(cid:885)(cid:887)(cid:887)(cid:3),(cid:882)(cid:3),(cid:882)(cid:3),(cid:882)(cid:3),(cid:885)(cid:484)(cid:885)(cid:890)(cid:887)(cid:3),(cid:885)(cid:484)(cid:886)(cid:889)(cid:887)(cid:3),(cid:888)(cid:484)(cid:890)(cid:888)(cid:882)(cid:3),(cid:885)(cid:484)(cid:887)(cid:882)(cid:891)(cid:3),(cid:885)(cid:484)(cid:889)(cid:882)(cid:888)(cid:3),(cid:889)(cid:484)(cid:884)(cid:883)(cid:887)(cid:3),,,,,,,,,,,,,,,,,,,
(cid:891),(cid:14)(cid:135)(cid:146)(cid:484)(cid:3)(cid:5)(cid:131)(cid:144)(cid:137)(cid:141)(cid:131)(cid:3)(cid:5)(cid:135)(cid:142)(cid:139)(cid:150)(cid:151)(cid:144)(cid:137),(cid:889)(cid:886)(cid:3),(cid:883)(cid:883)(cid:883)(cid:3),(cid:883)(cid:890)(cid:887)(cid:3),(cid:882)(cid:3),(cid:882)(cid:3),(cid:882)(cid:3),(cid:883)(cid:484)(cid:883)(cid:890)(cid:886)(cid:3),(cid:883)(cid:484)(cid:882)(cid:886)(cid:884)(cid:3),(cid:884)(cid:484)(cid:884)(cid:884)(cid:888)(cid:3),(cid:883)(cid:484)(cid:884)(cid:887)(cid:890)(cid:3),(cid:883)(cid:484)(cid:883)(cid:887)(cid:885)(cid:3),(cid:884)(cid:484)(cid:886)(cid:883)(cid:883)(cid:3),,,,,,,,,,,,,,,,,,,
(cid:883)(cid:882),(cid:14)(cid:135)(cid:146)(cid:151)(cid:142)(cid:131)(cid:151)(cid:131)(cid:144)(cid:3)(cid:21)(cid:139)(cid:131)(cid:151),(cid:891)(cid:883)(cid:3),(cid:883)(cid:882)(cid:884)(cid:3),(cid:883)(cid:891)(cid:885)(cid:3),(cid:882)(cid:3),(cid:882)(cid:3),(cid:882)(cid:3),(cid:883)(cid:484)(cid:888)(cid:888)(cid:888)(cid:3),(cid:883)(cid:484)(cid:887)(cid:889)(cid:884)(cid:3),(cid:885)(cid:484)(cid:884)(cid:885)(cid:890)(cid:3),(cid:883)(cid:484)(cid:889)(cid:887)(cid:889)(cid:3),(cid:883)(cid:484)(cid:888)(cid:889)(cid:886)(cid:3),(cid:885)(cid:484)(cid:886)(cid:885)(cid:883)(cid:3),,,,,,,,,,,,,,,,,,,
(cid:883)(cid:883),(cid:7)(cid:14)(cid:12)(cid:3)(cid:13)(cid:131)(cid:141)(cid:131)(cid:148)(cid:150)(cid:131),(cid:888)(cid:889)(cid:882)(cid:3),(cid:890)(cid:889)(cid:882)(cid:3),(cid:883)(cid:484)(cid:887)(cid:886)(cid:882)(cid:3),(cid:884)(cid:886)(cid:3),(cid:886)(cid:883)(cid:3),(cid:888)(cid:887)(cid:3),(cid:884)(cid:882)(cid:484)(cid:887)(cid:884)(cid:887)(cid:3),(cid:883)(cid:888)(cid:484)(cid:884)(cid:890)(cid:885)(cid:3),(cid:885)(cid:888)(cid:484)(cid:890)(cid:882)(cid:890)(cid:3),(cid:884)(cid:883)(cid:484)(cid:884)(cid:883)(cid:891)(cid:3),(cid:883)(cid:889)(cid:484)(cid:883)(cid:891)(cid:886)(cid:3),(cid:885)(cid:890)(cid:484)(cid:886)(cid:883)(cid:885)(cid:3),,,,,,,,,,,,,,,,,,,
(cid:883)(cid:884),(cid:13)(cid:131)(cid:153)(cid:131)(cid:3)(cid:5)(cid:131)(cid:148)(cid:131)(cid:150),(cid:890)(cid:886)(cid:885)(cid:3),(cid:883)(cid:484)(cid:882)(cid:886)(cid:887)(cid:3),(cid:883)(cid:484)(cid:890)(cid:890)(cid:890)(cid:3),(cid:891)(cid:3),(cid:883)(cid:887)(cid:3),(cid:884)(cid:886)(cid:3),(cid:884)(cid:890)(cid:484)(cid:886)(cid:887)(cid:884)(cid:3),(cid:884)(cid:882)(cid:484)(cid:890)(cid:887)(cid:884)(cid:3),(cid:886)(cid:891)(cid:484)(cid:885)(cid:882)(cid:886)(cid:3),(cid:884)(cid:891)(cid:484)(cid:885)(cid:882)(cid:886)(cid:3),(cid:884)(cid:883)(cid:484)(cid:891)(cid:883)(cid:884)(cid:3),(cid:887)(cid:883)(cid:484)(cid:884)(cid:883)(cid:888)(cid:3),,,,,,,,,,,,,,,,,,,
(cid:883)(cid:885),(cid:13)(cid:131)(cid:153)(cid:131)(cid:3)(cid:23)(cid:135)(cid:144)(cid:137)(cid:131)(cid:138),(cid:891)(cid:885)(cid:888)(cid:3),(cid:890)(cid:890)(cid:884)(cid:3),(cid:883)(cid:484)(cid:890)(cid:883)(cid:890)(cid:3),(cid:890)(cid:3),(cid:890)(cid:3),(cid:883)(cid:888)(cid:3),(cid:884)(cid:885)(cid:484)(cid:888)(cid:889)(cid:888)(cid:3),(cid:883)(cid:890)(cid:484)(cid:885)(cid:883)(cid:889)(cid:3),(cid:886)(cid:883)(cid:484)(cid:891)(cid:891)(cid:885)(cid:3),(cid:884)(cid:886)(cid:484)(cid:888)(cid:884)(cid:882)(cid:3),(cid:883)(cid:891)(cid:484)(cid:884)(cid:882)(cid:889)(cid:3),(cid:886)(cid:885)(cid:484)(cid:890)(cid:884)(cid:889)(cid:3),,,,,,,,,,,,,,,,,,,
(cid:883)(cid:886),(cid:7)(cid:12)(cid:3)(cid:28)(cid:145)(cid:137)(cid:155)(cid:131)(cid:141)(cid:131)(cid:148)(cid:150)(cid:131),(cid:883)(cid:888)(cid:888)(cid:3),(cid:883)(cid:890)(cid:888)(cid:3),(cid:885)(cid:887)(cid:884)(cid:3),(cid:885)(cid:3),(cid:891)(cid:3),(cid:883)(cid:884)(cid:3),(cid:885)(cid:484)(cid:889)(cid:889)(cid:882)(cid:3),(cid:885)(cid:484)(cid:886)(cid:887)(cid:884)(cid:3),(cid:889)(cid:484)(cid:884)(cid:884)(cid:884)(cid:3),(cid:885)(cid:484)(cid:891)(cid:885)(cid:891)(cid:3),(cid:885)(cid:484)(cid:888)(cid:886)(cid:889)(cid:3),(cid:889)(cid:484)(cid:887)(cid:890)(cid:888)(cid:3),,,,,,,,,,,,,,,,,,,
(cid:883)(cid:887),(cid:13)(cid:131)(cid:153)(cid:131)(cid:3)(cid:23)(cid:139)(cid:143)(cid:151)(cid:148),(cid:890)(cid:889)(cid:882)(cid:3),(cid:883)(cid:484)(cid:882)(cid:887)(cid:889)(cid:3),(cid:883)(cid:484)(cid:891)(cid:884)(cid:889)(cid:3),(cid:888)(cid:3),(cid:883)(cid:885)(cid:3),(cid:883)(cid:891)(cid:3),(cid:884)(cid:886)(cid:484)(cid:884)(cid:887)(cid:883)(cid:3),(cid:883)(cid:890)(cid:484)(cid:890)(cid:891)(cid:884)(cid:3),(cid:886)(cid:885)(cid:484)(cid:883)(cid:886)(cid:885)(cid:3),(cid:884)(cid:887)(cid:484)(cid:883)(cid:884)(cid:889)(cid:3),(cid:883)(cid:891)(cid:484)(cid:891)(cid:888)(cid:884)(cid:3),(cid:886)(cid:887)(cid:484)(cid:882)(cid:890)(cid:891)(cid:3),,,,,,,,,,,,,,,,,,,
(cid:883)(cid:888),(cid:5)(cid:131)(cid:144)(cid:150)(cid:135)(cid:144),(cid:883)(cid:890)(cid:891)(cid:3),(cid:884)(cid:890)(cid:886)(cid:3),(cid:886)(cid:889)(cid:885)(cid:3),(cid:884)(cid:3),(cid:883)(cid:3),(cid:885)(cid:3),(cid:888)(cid:484)(cid:888)(cid:891)(cid:891)(cid:3),(cid:888)(cid:484)(cid:885)(cid:886)(cid:886)(cid:3),(cid:883)(cid:885)(cid:484)(cid:882)(cid:886)(cid:885)(cid:3),(cid:888)(cid:484)(cid:890)(cid:891)(cid:882)(cid:3),(cid:888)(cid:484)(cid:888)(cid:884)(cid:891)(cid:3),(cid:883)(cid:885)(cid:484)(cid:887)(cid:883)(cid:891)(cid:3),,,,,,,,,,,,,,,,,,,
(cid:883)(cid:889),(cid:5)(cid:131)(cid:142)(cid:139),(cid:884)(cid:883)(cid:886)(cid:3),(cid:884)(cid:884)(cid:890)(cid:3),(cid:886)(cid:886)(cid:884)(cid:3),(cid:884)(cid:3),(cid:887)(cid:3),(cid:889)(cid:3),(cid:886)(cid:484)(cid:883)(cid:883)(cid:885)(cid:3),(cid:887)(cid:484)(cid:883)(cid:884)(cid:883)(cid:3),(cid:891)(cid:484)(cid:884)(cid:885)(cid:886)(cid:3),(cid:886)(cid:484)(cid:885)(cid:884)(cid:891)(cid:3),(cid:887)(cid:484)(cid:885)(cid:887)(cid:886)(cid:3),(cid:891)(cid:484)(cid:888)(cid:890)(cid:885)(cid:3),,,,,,,,,,,,,,,,,,,
(cid:883)(cid:890),(cid:17)(cid:151)(cid:149)(cid:131)(cid:3)(cid:23)(cid:135)(cid:144)(cid:137)(cid:137)(cid:131)(cid:148)(cid:131)(cid:3)(cid:5)(cid:131)(cid:148)(cid:131)(cid:150),(cid:883)(cid:887)(cid:884)(cid:3),(cid:883)(cid:886)(cid:887)(cid:3),(cid:884)(cid:891)(cid:889)(cid:3),(cid:885)(cid:3),(cid:887)(cid:3),(cid:890)(cid:3),(cid:885)(cid:484)(cid:882)(cid:888)(cid:890)(cid:3),(cid:883)(cid:484)(cid:891)(cid:889)(cid:891)(cid:3),(cid:887)(cid:484)(cid:882)(cid:886)(cid:889)(cid:3),(cid:885)(cid:484)(cid:884)(cid:884)(cid:885)(cid:3),(cid:884)(cid:484)(cid:883)(cid:884)(cid:891)(cid:3),(cid:887)(cid:484)(cid:885)(cid:887)(cid:884)(cid:3),,,,,,,,,,,,,,,,,,,
(cid:883)(cid:891),(cid:17)(cid:151)(cid:149)(cid:131)(cid:3)(cid:23)(cid:135)(cid:144)(cid:137)(cid:137)(cid:131)(cid:148)(cid:131)(cid:3)(cid:23)(cid:139)(cid:143)(cid:151)(cid:148),(cid:891)(cid:888)(cid:3),(cid:883)(cid:886)(cid:883)(cid:3),(cid:884)(cid:885)(cid:889)(cid:3),(cid:882)(cid:3),(cid:883)(cid:3),(cid:883)(cid:3),(cid:884)(cid:484)(cid:884)(cid:887)(cid:885)(cid:3),(cid:884)(cid:484)(cid:883)(cid:882)(cid:884)(cid:3),(cid:886)(cid:484)(cid:885)(cid:887)(cid:887)(cid:3),(cid:884)(cid:484)(cid:885)(cid:886)(cid:891)(cid:3),(cid:884)(cid:484)(cid:884)(cid:886)(cid:886)(cid:3),(cid:886)(cid:484)(cid:887)(cid:891)(cid:885)(cid:3),,,,,,,,,,,,,,,,,,,
(cid:884)(cid:882),(cid:14)(cid:131)(cid:142)(cid:139)(cid:143)(cid:131)(cid:144)(cid:150)(cid:131)(cid:144)(cid:3)(cid:5)(cid:131)(cid:148)(cid:131)(cid:150),(cid:883)(cid:885)(cid:882)(cid:3),(cid:883)(cid:883)(cid:890)(cid:3),(cid:884)(cid:886)(cid:890)(cid:3),(cid:882)(cid:3),(cid:882)(cid:3),(cid:882)(cid:3),(cid:883)(cid:484)(cid:889)(cid:887)(cid:887)(cid:3),(cid:884)(cid:484)(cid:884)(cid:884)(cid:888)(cid:3),(cid:885)(cid:484)(cid:891)(cid:890)(cid:883)(cid:3),(cid:883)(cid:484)(cid:890)(cid:890)(cid:887)(cid:3),(cid:884)(cid:484)(cid:885)(cid:886)(cid:886)(cid:3),(cid:886)(cid:484)(cid:884)(cid:884)(cid:891)(cid:3),,,,,,,,,,,,,,,,,,,
(cid:884)(cid:883),(cid:14)(cid:131)(cid:142)(cid:139)(cid:143)(cid:131)(cid:144)(cid:150)(cid:131)(cid:144)(cid:3)(cid:23)(cid:135)(cid:144)(cid:137)(cid:131)(cid:138),(cid:883)(cid:882)(cid:890)(cid:3),(cid:883)(cid:882)(cid:889)(cid:3),(cid:884)(cid:883)(cid:887)(cid:3),(cid:882)(cid:3),(cid:882)(cid:3),(cid:882)(cid:3),(cid:883)(cid:484)(cid:886)(cid:884)(cid:887)(cid:3),(cid:883)(cid:484)(cid:888)(cid:883)(cid:890)(cid:3),(cid:885)(cid:484)(cid:882)(cid:886)(cid:885)(cid:3),(cid:883)(cid:484)(cid:887)(cid:885)(cid:885)(cid:3),(cid:883)(cid:484)(cid:889)(cid:884)(cid:887)(cid:3),(cid:885)(cid:484)(cid:884)(cid:887)(cid:890)(cid:3),,,,,,,,,,,,,,,,,,,
(cid:884)(cid:884),(cid:14)(cid:131)(cid:142)(cid:139)(cid:143)(cid:131)(cid:144)(cid:150)(cid:131)(cid:144)(cid:3)(cid:22)(cid:135)(cid:142)(cid:131)(cid:150)(cid:131)(cid:144),(cid:883)(cid:889)(cid:884)(cid:3),(cid:883)(cid:883)(cid:889)(cid:3),(cid:884)(cid:890)(cid:891)(cid:3),(cid:882)(cid:3),(cid:882)(cid:3),(cid:882)(cid:3),(cid:884)(cid:484)(cid:890)(cid:891)(cid:889)(cid:3),(cid:884)(cid:484)(cid:886)(cid:890)(cid:888)(cid:3),(cid:887)(cid:484)(cid:885)(cid:890)(cid:885)(cid:3),(cid:885)(cid:484)(cid:882)(cid:888)(cid:891)(cid:3),(cid:884)(cid:484)(cid:888)(cid:882)(cid:885)(cid:3),(cid:887)(cid:484)(cid:888)(cid:889)(cid:884)(cid:3),,,,,,,,,,,,,,,,,,,
(cid:884)(cid:885),(cid:14)(cid:131)(cid:142)(cid:139)(cid:143)(cid:131)(cid:144)(cid:150)(cid:131)(cid:144)(cid:3)(cid:23)(cid:139)(cid:143)(cid:151)(cid:148),(cid:883)(cid:887)(cid:882)(cid:3),(cid:883)(cid:886)(cid:889)(cid:3),(cid:884)(cid:891)(cid:889)(cid:3),(cid:882)(cid:3),(cid:883)(cid:3),(cid:883)(cid:3),(cid:885)(cid:484)(cid:885)(cid:882)(cid:884)(cid:3),(cid:885)(cid:484)(cid:884)(cid:885)(cid:883)(cid:3),(cid:888)(cid:484)(cid:887)(cid:885)(cid:885)(cid:3),(cid:885)(cid:484)(cid:886)(cid:887)(cid:884)(cid:3),(cid:885)(cid:484)(cid:885)(cid:889)(cid:891)(cid:3),(cid:888)(cid:484)(cid:890)(cid:885)(cid:883)(cid:3),,,,,,,,,,,,,,,,,,,
(cid:884)(cid:886),(cid:14)(cid:131)(cid:142)(cid:139)(cid:143)(cid:131)(cid:144)(cid:150)(cid:131)(cid:144)(cid:3)(cid:24)(cid:150)(cid:131)(cid:148)(cid:131),(cid:886)(cid:882)(cid:3),(cid:885)(cid:885)(cid:3),(cid:889)(cid:885)(cid:3),(cid:882)(cid:3),(cid:882)(cid:3),(cid:882)(cid:3),(cid:891)(cid:882)(cid:886)(cid:3),(cid:889)(cid:889)(cid:889)(cid:3),(cid:883)(cid:484)(cid:888)(cid:890)(cid:883)(cid:3),(cid:891)(cid:886)(cid:886)(cid:3),(cid:890)(cid:883)(cid:882)(cid:3),(cid:883)(cid:484)(cid:889)(cid:887)(cid:886)(cid:3),,,,,,,,,,,,,,,,,,,
(cid:884)(cid:887),(cid:22)(cid:151)(cid:142)(cid:131)(cid:153)(cid:135)(cid:149)(cid:139)(cid:3)(cid:24)(cid:150)(cid:131)(cid:148)(cid:131),(cid:883)(cid:883)(cid:883)(cid:3),(cid:883)(cid:890)(cid:891)(cid:3),(cid:885)(cid:882)(cid:882)(cid:3),(cid:882)(cid:3),(cid:884)(cid:3),(cid:884)(cid:3),(cid:884)(cid:484)(cid:882)(cid:883)(cid:886)(cid:3),(cid:884)(cid:484)(cid:882)(cid:882)(cid:885)(cid:3),(cid:886)(cid:484)(cid:882)(cid:883)(cid:889)(cid:3),(cid:884)(cid:484)(cid:883)(cid:884)(cid:887)(cid:3),(cid:884)(cid:484)(cid:883)(cid:891)(cid:886)(cid:3),(cid:886)(cid:484)(cid:885)(cid:883)(cid:891)(cid:3),,,,,,,,,,,,,,,,,,,
(cid:884)(cid:888),(cid:22)(cid:151)(cid:142)(cid:131)(cid:153)(cid:135)(cid:149)(cid:139)(cid:3)(cid:23)(cid:135)(cid:144)(cid:137)(cid:131)(cid:138),(cid:891)(cid:887)(cid:3),(cid:883)(cid:886)(cid:891)(cid:3),(cid:884)(cid:886)(cid:886)(cid:3),(cid:882)(cid:3),(cid:882)(cid:3),(cid:882)(cid:3),(cid:883)(cid:484)(cid:885)(cid:891)(cid:883)(cid:3),(cid:883)(cid:484)(cid:887)(cid:889)(cid:890)(cid:3),(cid:884)(cid:484)(cid:891)(cid:888)(cid:891)(cid:3),(cid:883)(cid:484)(cid:886)(cid:890)(cid:888)(cid:3),(cid:883)(cid:484)(cid:889)(cid:884)(cid:889)(cid:3),(cid:885)(cid:484)(cid:884)(cid:883)(cid:885)(cid:3),,,,,,,,,,,,,,,,,,,
(cid:884)(cid:889),(cid:22)(cid:151)(cid:142)(cid:131)(cid:153)(cid:135)(cid:149)(cid:139)(cid:3)(cid:22)(cid:135)(cid:142)(cid:131)(cid:150)(cid:131)(cid:144),(cid:884)(cid:885)(cid:888)(cid:3),(cid:885)(cid:885)(cid:889)(cid:3),(cid:887)(cid:889)(cid:885)(cid:3),(cid:885)(cid:3),(cid:885)(cid:3),(cid:888)(cid:3),(cid:885)(cid:484)(cid:890)(cid:884)(cid:891)(cid:3),(cid:886)(cid:484)(cid:887)(cid:888)(cid:888)(cid:3),(cid:890)(cid:484)(cid:885)(cid:891)(cid:887)(cid:3),(cid:886)(cid:484)(cid:882)(cid:888)(cid:890)(cid:3),(cid:886)(cid:484)(cid:891)(cid:882)(cid:888)(cid:3),(cid:890)(cid:484)(cid:891)(cid:889)(cid:886)(cid:3),,,,,,,,,,,,,,,,,,,
(cid:884)(cid:890),(cid:22)(cid:151)(cid:142)(cid:131)(cid:153)(cid:135)(cid:149)(cid:139)(cid:3)(cid:23)(cid:135)(cid:144)(cid:137)(cid:137)(cid:131)(cid:148)(cid:131),(cid:891)(cid:886)(cid:3),(cid:883)(cid:884)(cid:886)(cid:3),(cid:884)(cid:883)(cid:890)(cid:3),(cid:882)(cid:3),(cid:882)(cid:3),(cid:882)(cid:3),(cid:891)(cid:884)(cid:890)(cid:3),(cid:883)(cid:484)(cid:882)(cid:885)(cid:886)(cid:3),(cid:883)(cid:484)(cid:891)(cid:888)(cid:884)(cid:3),(cid:883)(cid:484)(cid:882)(cid:884)(cid:884)(cid:3),(cid:883)(cid:484)(cid:883)(cid:887)(cid:890)(cid:3),(cid:884)(cid:484)(cid:883)(cid:890)(cid:882)(cid:3),,,,,,,,,,,,,,,,,,,
(cid:884)(cid:891),(cid:10)(cid:145)(cid:148)(cid:145)(cid:144)(cid:150)(cid:131)(cid:142)(cid:145),(cid:886)(cid:889)(cid:3),(cid:890)(cid:884)(cid:3),(cid:883)(cid:884)(cid:891)(cid:3),(cid:883)(cid:3),(cid:882)(cid:3),(cid:883)(cid:3),(cid:889)(cid:882)(cid:883)(cid:3),(cid:889)(cid:884)(cid:891)(cid:3),(cid:883)(cid:484)(cid:886)(cid:885)(cid:882)(cid:3),(cid:889)(cid:886)(cid:891)(cid:3),(cid:890)(cid:883)(cid:883)(cid:3),(cid:883)(cid:484)(cid:887)(cid:888)(cid:882)(cid:3),,,,,,,,,,,,,,,,,,,
(cid:885)(cid:882),(cid:22)(cid:151)(cid:142)(cid:131)(cid:153)(cid:135)(cid:149)(cid:139)(cid:3)(cid:5)(cid:131)(cid:148)(cid:131)(cid:150),(cid:884)(cid:885)(cid:3),(cid:885)(cid:891)(cid:3),(cid:888)(cid:884)(cid:3),(cid:882)(cid:3),(cid:882)(cid:3),(cid:882)(cid:3),(cid:885)(cid:891)(cid:889)(cid:3),(cid:886)(cid:882)(cid:890)(cid:3),(cid:890)(cid:882)(cid:887)(cid:3),(cid:886)(cid:884)(cid:882)(cid:3),(cid:886)(cid:886)(cid:889)(cid:3),(cid:890)(cid:888)(cid:889)(cid:3),,,,,,,,,,,,,,,,,,,
(cid:885)(cid:883),(cid:16)(cid:131)(cid:142)(cid:151)(cid:141)(cid:151),(cid:888)(cid:885)(cid:3),(cid:888)(cid:884)(cid:3),(cid:883)(cid:884)(cid:887)(cid:3),(cid:882)(cid:3),(cid:883)(cid:3),(cid:883)(cid:3),(cid:890)(cid:884)(cid:891)(cid:3),(cid:890)(cid:889)(cid:891)(cid:3),(cid:883)(cid:484)(cid:889)(cid:882)(cid:890)(cid:3),(cid:890)(cid:891)(cid:884)(cid:3),(cid:891)(cid:886)(cid:884)(cid:3),(cid:883)(cid:484)(cid:890)(cid:885)(cid:886)(cid:3),,,,,,,,,,,,,,,,,,,
(cid:885)(cid:884),(cid:16)(cid:131)(cid:142)(cid:151)(cid:141)(cid:151)(cid:3)(cid:24)(cid:150)(cid:131)(cid:148)(cid:131),(cid:885)(cid:887)(cid:3),(cid:886)(cid:886)(cid:3),(cid:889)(cid:891)(cid:3),(cid:882)(cid:3),(cid:883)(cid:3),(cid:883)(cid:3),(cid:886)(cid:886)(cid:886)(cid:3),(cid:888)(cid:883)(cid:883)(cid:3),(cid:883)(cid:484)(cid:882)(cid:887)(cid:887)(cid:3),(cid:886)(cid:889)(cid:891)(cid:3),(cid:888)(cid:887)(cid:888)(cid:3),(cid:883)(cid:484)(cid:883)(cid:885)(cid:887)(cid:3),,,,,,,,,,,,,,,,,,,
(cid:885)(cid:885),(cid:19)(cid:131)(cid:146)(cid:151)(cid:131),(cid:886)(cid:884)(cid:3),(cid:886)(cid:888)(cid:3),(cid:890)(cid:890)(cid:3),(cid:883)(cid:3),(cid:882)(cid:3),(cid:883)(cid:3),(cid:888)(cid:887)(cid:884)(cid:3),(cid:888)(cid:891)(cid:887)(cid:3),(cid:883)(cid:484)(cid:885)(cid:886)(cid:889)(cid:3),(cid:888)(cid:891)(cid:887)(cid:3),(cid:889)(cid:886)(cid:883)(cid:3),(cid:883)(cid:484)(cid:886)(cid:885)(cid:888)(cid:3),,,,,,,,,,,,,,,,,,,
(cid:885)(cid:886),(cid:19)(cid:131)(cid:146)(cid:151)(cid:131)(cid:3)(cid:5)(cid:131)(cid:148)(cid:131)(cid:150),(cid:884)(cid:891)(cid:3),(cid:884)(cid:882)(cid:3),(cid:886)(cid:891)(cid:3),(cid:882)(cid:3),(cid:882)(cid:3),(cid:882)(cid:3),(cid:886)(cid:887)(cid:888)(cid:3),(cid:885)(cid:891)(cid:889)(cid:3),(cid:890)(cid:887)(cid:885)(cid:3),(cid:886)(cid:890)(cid:887)(cid:3),(cid:886)(cid:883)(cid:889)(cid:3),(cid:891)(cid:882)(cid:884)(cid:3),,,,,,,,,,,,,,,,,,,
(cid:885)(cid:887),(cid:19)(cid:131)(cid:146)(cid:151)(cid:131)(cid:3)(cid:22)(cid:135)(cid:142)(cid:131)(cid:150)(cid:131)(cid:144),(cid:883)(cid:3),(cid:885)(cid:3),(cid:886)(cid:3),(cid:882)(cid:3),(cid:882)(cid:3),(cid:882)(cid:3),(cid:883)(cid:888)(cid:890)(cid:3),(cid:884)(cid:887)(cid:887)(cid:3),(cid:886)(cid:884)(cid:885)(cid:3),(cid:883)(cid:888)(cid:891)(cid:3),(cid:884)(cid:887)(cid:890)(cid:3),(cid:886)(cid:884)(cid:889)(cid:3),,,,,,,,,,,,,,,,,,,
(cid:885)(cid:888),(cid:19)(cid:131)(cid:146)(cid:151)(cid:131)(cid:3)(cid:23)(cid:135)(cid:144)(cid:137)(cid:131)(cid:138),(cid:884)(cid:882)(cid:3),(cid:884)(cid:883)(cid:3),(cid:886)(cid:883)(cid:3),(cid:883)(cid:3),(cid:882)(cid:3),(cid:883)(cid:3),(cid:885)(cid:889)(cid:890)(cid:3),(cid:885)(cid:889)(cid:887)(cid:3),(cid:889)(cid:887)(cid:885)(cid:3),(cid:885)(cid:891)(cid:891)(cid:3),(cid:885)(cid:891)(cid:888)(cid:3),(cid:889)(cid:891)(cid:887)(cid:3),,,,,,,,,,,,,,,,,,,
(cid:885)(cid:889) (cid:19)(cid:131)(cid:146)(cid:151)(cid:131)(cid:3)(cid:19)(cid:135)(cid:137)(cid:151)(cid:144)(cid:151)(cid:144)(cid:137)(cid:131)(cid:144) Indonesia (cid:885)(cid:890) (cid:19)(cid:131)(cid:146)(cid:151)(cid:131)(cid:3)(cid:5)(cid:131)(cid:148)(cid:131)(cid:150)(cid:3)(cid:7)(cid:131)(cid:155)(cid:131),,(cid:889)(cid:3) 6.922 (cid:883)(cid:891)(cid:3),(cid:883)(cid:884)(cid:3) 8.565 (cid:883)(cid:883)(cid:3),(cid:883)(cid:891)(cid:3) 15.487 (cid:885)(cid:882)(cid:3),(cid:882)(cid:3) 77 (cid:882)(cid:3),(cid:882)(cid:3) 115 (cid:882)(cid:3),(cid:882)(cid:3) 192 (cid:882)(cid:3),(cid:883)(cid:886)(cid:882)(cid:3) 168.999 (cid:885)(cid:885)(cid:887)(cid:3),(cid:883)(cid:883)(cid:891)(cid:3) 148.233 (cid:885)(cid:888)(cid:883)(cid:3),(cid:884)(cid:887)(cid:891)(cid:3) 317.232 (cid:888)(cid:891)(cid:888)(cid:3),(cid:883)(cid:886)(cid:889)(cid:3) 175.998 (cid:885)(cid:887)(cid:886)(cid:3),(cid:883)(cid:885)(cid:883)(cid:3) 156.913 (cid:885)(cid:889)(cid:884)(cid:3),(cid:884)(cid:889)(cid:890)(cid:3) 332.911 (cid:889)(cid:884)(cid:888)(cid:3),,,,,,,,,,,,,,,,,,,
No,Provinsi,Tenaga Psikologi Klinis,,,Tenaga Kesehatan Tradisional,,,,,,,,,,,,,,,,,,,,,,,,,,,
,,,,,Tenaga Kesehatan Tradisional Ramuan,,,Tenaga Kesehatan Tradisional Keterampilan,,,,,,,,,,,,,,,,,,,,,,,,
,,L,P,L + P,L,P,L + P,L,P,L + P,,,,,,,,,,,,,,,,,,,,,,
(1),(2),(3),(4),(5),(6),(7),(8),(9),(10),(11),,,,,,,,,,,,,,,,,,,,,,
(cid:883),(cid:4)(cid:133)(cid:135)(cid:138),(cid:887)(cid:3),(cid:886)(cid:885)(cid:3),(cid:886)(cid:890)(cid:3),(cid:882)(cid:3),(cid:882)(cid:3),(cid:882)(cid:3),(cid:882)(cid:3),(cid:882)(cid:3),(cid:882)(cid:3),,,,,,,,,,,,,,,,,,,,,,
(cid:884),(cid:22)(cid:151)(cid:143)(cid:131)(cid:150)(cid:135)(cid:148)(cid:131)(cid:3)(cid:24)(cid:150)(cid:131)(cid:148)(cid:131),(cid:887)(cid:3),(cid:884)(cid:886)(cid:3),(cid:884)(cid:891)(cid:3),(cid:882)(cid:3),(cid:882)(cid:3),(cid:882)(cid:3),(cid:882)(cid:3),(cid:882)(cid:3),(cid:882)(cid:3),,,,,,,,,,,,,,,,,,,,,,
(cid:885),(cid:22)(cid:151)(cid:143)(cid:131)(cid:150)(cid:135)(cid:148)(cid:131)(cid:3)(cid:5)(cid:131)(cid:148)(cid:131)(cid:150),(cid:883)(cid:3),(cid:883)(cid:890)(cid:3),(cid:883)(cid:891)(cid:3),(cid:882)(cid:3),(cid:882)(cid:3),(cid:882)(cid:3),(cid:882)(cid:3),(cid:882)(cid:3),(cid:882)(cid:3),,,,,,,,,,,,,,,,,,,,,,
(cid:886),(cid:21)(cid:139)(cid:131)(cid:151),(cid:884)(cid:3),(cid:884)(cid:889)(cid:3),(cid:884)(cid:891)(cid:3),(cid:883)(cid:3),(cid:882)(cid:3),(cid:883)(cid:3),(cid:882)(cid:3),(cid:882)(cid:3),(cid:882)(cid:3),,,,,,,,,,,,,,,,,,,,,,
(cid:887),(cid:13)(cid:131)(cid:143)(cid:132)(cid:139),(cid:883)(cid:3),(cid:883)(cid:884)(cid:3),(cid:883)(cid:885)(cid:3),(cid:882)(cid:3),(cid:882)(cid:3),(cid:882)(cid:3),(cid:882)(cid:3),(cid:882)(cid:3),(cid:882)(cid:3),,,,,,,,,,,,,,,,,,,,,,
(cid:888),(cid:22)(cid:151)(cid:143)(cid:131)(cid:150)(cid:135)(cid:148)(cid:131)(cid:3)(cid:22)(cid:135)(cid:142)(cid:131)(cid:150)(cid:131)(cid:144),(cid:883)(cid:882)(cid:3),(cid:884)(cid:890)(cid:3),(cid:885)(cid:890)(cid:3),(cid:882)(cid:3),(cid:882)(cid:3),(cid:882)(cid:3),(cid:882)(cid:3),(cid:882)(cid:3),(cid:882)(cid:3),,,,,,,,,,,,,,,,,,,,,,
(cid:889),(cid:5)(cid:135)(cid:144)(cid:137)(cid:141)(cid:151)(cid:142)(cid:151),(cid:885)(cid:3),(cid:888)(cid:3),(cid:891)(cid:3),(cid:882)(cid:3),(cid:882)(cid:3),(cid:882)(cid:3),(cid:882)(cid:3),(cid:882)(cid:3),(cid:882)(cid:3),,,,,,,,,,,,,,,,,,,,,,
(cid:890),(cid:15)(cid:131)(cid:143)(cid:146)(cid:151)(cid:144)(cid:137),(cid:886)(cid:3),(cid:886)(cid:3),(cid:890)(cid:3),(cid:882)(cid:3),(cid:882)(cid:3),(cid:882)(cid:3),(cid:882)(cid:3),(cid:882)(cid:3),(cid:882)(cid:3),,,,,,,,,,,,,,,,,,,,,,
(cid:891),(cid:14)(cid:135)(cid:146)(cid:484)(cid:3)(cid:5)(cid:131)(cid:144)(cid:137)(cid:141)(cid:131)(cid:3)(cid:5)(cid:135)(cid:142)(cid:139)(cid:150)(cid:151)(cid:144)(cid:137),(cid:883)(cid:3),(cid:890)(cid:3),(cid:891)(cid:3),(cid:882)(cid:3),(cid:882)(cid:3),(cid:882)(cid:3),(cid:882)(cid:3),(cid:882)(cid:3),(cid:882)(cid:3),,,,,,,,,,,,,,,,,,,,,,
(cid:883)(cid:882),(cid:14)(cid:135)(cid:146)(cid:151)(cid:142)(cid:131)(cid:151)(cid:131)(cid:144)(cid:3)(cid:21)(cid:139)(cid:131)(cid:151),(cid:883)(cid:3),(cid:883)(cid:884)(cid:3),(cid:883)(cid:885)(cid:3),(cid:882)(cid:3),(cid:882)(cid:3),(cid:882)(cid:3),(cid:882)(cid:3),(cid:882)(cid:3),(cid:882)(cid:3),,,,,,,,,,,,,,,,,,,,,,
(cid:883)(cid:883),(cid:7)(cid:14)(cid:12)(cid:3)(cid:13)(cid:131)(cid:141)(cid:131)(cid:148)(cid:150)(cid:131),(cid:883)(cid:882)(cid:3),(cid:890)(cid:882)(cid:3),(cid:891)(cid:882)(cid:3),(cid:882)(cid:3),(cid:882)(cid:3),(cid:882)(cid:3),(cid:882)(cid:3),(cid:882)(cid:3),(cid:882)(cid:3),,,,,,,,,,,,,,,,,,,,,,
(cid:883)(cid:884),(cid:13)(cid:131)(cid:153)(cid:131)(cid:3)(cid:5)(cid:131)(cid:148)(cid:131)(cid:150),(cid:887)(cid:3),(cid:889)(cid:889)(cid:3),(cid:890)(cid:884)(cid:3),(cid:882)(cid:3),(cid:883)(cid:3),(cid:883)(cid:3),(cid:882)(cid:3),(cid:883)(cid:3),(cid:883)(cid:3),,,,,,,,,,,,,,,,,,,,,,
(cid:883)(cid:885),(cid:13)(cid:131)(cid:153)(cid:131)(cid:3)(cid:23)(cid:135)(cid:144)(cid:137)(cid:131)(cid:138),(cid:884)(cid:888)(cid:3),(cid:883)(cid:884)(cid:887)(cid:3),(cid:883)(cid:887)(cid:883)(cid:3),(cid:883)(cid:3),(cid:882)(cid:3),(cid:883)(cid:3),(cid:883)(cid:3),(cid:882)(cid:3),(cid:883)(cid:3),,,,,,,,,,,,,,,,,,,,,,
(cid:883)(cid:886),(cid:7)(cid:12)(cid:3)(cid:28)(cid:145)(cid:137)(cid:155)(cid:131)(cid:141)(cid:131)(cid:148)(cid:150)(cid:131),(cid:887)(cid:3),(cid:885)(cid:883)(cid:3),(cid:885)(cid:888)(cid:3),(cid:883)(cid:3),(cid:886)(cid:3),(cid:887)(cid:3),(cid:882)(cid:3),(cid:882)(cid:3),(cid:882)(cid:3),,,,,,,,,,,,,,,,,,,,,,
(cid:883)(cid:887),(cid:13)(cid:131)(cid:153)(cid:131)(cid:3)(cid:23)(cid:139)(cid:143)(cid:151)(cid:148),(cid:883)(cid:890)(cid:3),(cid:889)(cid:885)(cid:3),(cid:891)(cid:883)(cid:3),(cid:883)(cid:3),(cid:884)(cid:3),(cid:885)(cid:3),(cid:885)(cid:3),(cid:884)(cid:3),(cid:887)(cid:3),,,,,,,,,,,,,,,,,,,,,,
(cid:883)(cid:888),(cid:5)(cid:131)(cid:144)(cid:150)(cid:135)(cid:144),(cid:888)(cid:3),(cid:885)(cid:883)(cid:3),(cid:885)(cid:889)(cid:3),(cid:882)(cid:3),(cid:882)(cid:3),(cid:882)(cid:3),(cid:882)(cid:3),(cid:882)(cid:3),(cid:882)(cid:3),,,,,,,,,,,,,,,,,,,,,,
(cid:883)(cid:889),(cid:5)(cid:131)(cid:142)(cid:139),(cid:885)(cid:3),(cid:884)(cid:882)(cid:3),(cid:884)(cid:885)(cid:3),(cid:882)(cid:3),(cid:884)(cid:3),(cid:884)(cid:3),(cid:882)(cid:3),(cid:882)(cid:3),(cid:882)(cid:3),,,,,,,,,,,,,,,,,,,,,,
(cid:883)(cid:890),(cid:17)(cid:151)(cid:149)(cid:131)(cid:3)(cid:23)(cid:135)(cid:144)(cid:137)(cid:137)(cid:131)(cid:148)(cid:131)(cid:3)(cid:5)(cid:131)(cid:148)(cid:131)(cid:150),(cid:882)(cid:3),(cid:883)(cid:889)(cid:3),(cid:883)(cid:889)(cid:3),(cid:882)(cid:3),(cid:882)(cid:3),(cid:882)(cid:3),(cid:882)(cid:3),(cid:882)(cid:3),(cid:882)(cid:3),,,,,,,,,,,,,,,,,,,,,,
(cid:883)(cid:891),(cid:17)(cid:151)(cid:149)(cid:131)(cid:3)(cid:23)(cid:135)(cid:144)(cid:137)(cid:137)(cid:131)(cid:148)(cid:131)(cid:3)(cid:23)(cid:139)(cid:143)(cid:151)(cid:148),(cid:882)(cid:3),(cid:888)(cid:3),(cid:888)(cid:3),(cid:882)(cid:3),(cid:882)(cid:3),(cid:882)(cid:3),(cid:882)(cid:3),(cid:882)(cid:3),(cid:882)(cid:3),,,,,,,,,,,,,,,,,,,,,,
(cid:884)(cid:882),(cid:14)(cid:131)(cid:142)(cid:139)(cid:143)(cid:131)(cid:144)(cid:150)(cid:131)(cid:144)(cid:3)(cid:5)(cid:131)(cid:148)(cid:131)(cid:150),(cid:885)(cid:3),(cid:883)(cid:883)(cid:3),(cid:883)(cid:886)(cid:3),(cid:882)(cid:3),(cid:882)(cid:3),(cid:882)(cid:3),(cid:882)(cid:3),(cid:882)(cid:3),(cid:882)(cid:3),,,,,,,,,,,,,,,,,,,,,,
(cid:884)(cid:883),(cid:14)(cid:131)(cid:142)(cid:139)(cid:143)(cid:131)(cid:144)(cid:150)(cid:131)(cid:144)(cid:3)(cid:23)(cid:135)(cid:144)(cid:137)(cid:131)(cid:138),(cid:883)(cid:3),(cid:883)(cid:882)(cid:3),(cid:883)(cid:883)(cid:3),(cid:882)(cid:3),(cid:882)(cid:3),(cid:882)(cid:3),(cid:882)(cid:3),(cid:882)(cid:3),(cid:882)(cid:3),,,,,,,,,,,,,,,,,,,,,,
(cid:884)(cid:884),(cid:14)(cid:131)(cid:142)(cid:139)(cid:143)(cid:131)(cid:144)(cid:150)(cid:131)(cid:144)(cid:3)(cid:22)(cid:135)(cid:142)(cid:131)(cid:150)(cid:131)(cid:144),(cid:883)(cid:3),(cid:885)(cid:884)(cid:3),(cid:885)(cid:885)(cid:3),(cid:882)(cid:3),(cid:882)(cid:3),(cid:882)(cid:3),(cid:882)(cid:3),(cid:882)(cid:3),(cid:882)(cid:3),,,,,,,,,,,,,,,,,,,,,,
(cid:884)(cid:885),(cid:14)(cid:131)(cid:142)(cid:139)(cid:143)(cid:131)(cid:144)(cid:150)(cid:131)(cid:144)(cid:3)(cid:23)(cid:139)(cid:143)(cid:151)(cid:148),(cid:883)(cid:3),(cid:883)(cid:884)(cid:3),(cid:883)(cid:885)(cid:3),(cid:882)(cid:3),(cid:882)(cid:3),(cid:882)(cid:3),(cid:882)(cid:3),(cid:882)(cid:3),(cid:882)(cid:3),,,,,,,,,,,,,,,,,,,,,,
(cid:884)(cid:886),(cid:14)(cid:131)(cid:142)(cid:139)(cid:143)(cid:131)(cid:144)(cid:150)(cid:131)(cid:144)(cid:3)(cid:24)(cid:150)(cid:131)(cid:148)(cid:131),(cid:883)(cid:3),(cid:882)(cid:3),(cid:883)(cid:3),(cid:882)(cid:3),(cid:882)(cid:3),(cid:882)(cid:3),(cid:882)(cid:3),(cid:882)(cid:3),(cid:882)(cid:3),,,,,,,,,,,,,,,,,,,,,,
(cid:884)(cid:887),(cid:22)(cid:151)(cid:142)(cid:131)(cid:153)(cid:135)(cid:149)(cid:139)(cid:3)(cid:24)(cid:150)(cid:131)(cid:148)(cid:131),(cid:884)(cid:3),(cid:890)(cid:3),(cid:883)(cid:882)(cid:3),(cid:883)(cid:3),(cid:883)(cid:3),(cid:884)(cid:3),(cid:882)(cid:3),(cid:882)(cid:3),(cid:882)(cid:3),,,,,,,,,,,,,,,,,,,,,,
(cid:884)(cid:888),(cid:22)(cid:151)(cid:142)(cid:131)(cid:153)(cid:135)(cid:149)(cid:139)(cid:3)(cid:23)(cid:135)(cid:144)(cid:137)(cid:131)(cid:138),(cid:883)(cid:882)(cid:3),(cid:883)(cid:885)(cid:3),(cid:884)(cid:885)(cid:3),(cid:882)(cid:3),(cid:882)(cid:3),(cid:882)(cid:3),(cid:882)(cid:3),(cid:882)(cid:3),(cid:882)(cid:3),,,,,,,,,,,,,,,,,,,,,,
(cid:884)(cid:889),(cid:22)(cid:151)(cid:142)(cid:131)(cid:153)(cid:135)(cid:149)(cid:139)(cid:3)(cid:22)(cid:135)(cid:142)(cid:131)(cid:150)(cid:131)(cid:144),(cid:887)(cid:3),(cid:888)(cid:3),(cid:883)(cid:883)(cid:3),(cid:882)(cid:3),(cid:882)(cid:3),(cid:882)(cid:3),(cid:884)(cid:3),(cid:883)(cid:3),(cid:885)(cid:3),,,,,,,,,,,,,,,,,,,,,,
(cid:884)(cid:890),(cid:22)(cid:151)(cid:142)(cid:131)(cid:153)(cid:135)(cid:149)(cid:139)(cid:3)(cid:23)(cid:135)(cid:144)(cid:137)(cid:137)(cid:131)(cid:148)(cid:131),(cid:883)(cid:3),(cid:883)(cid:882)(cid:3),(cid:883)(cid:883)(cid:3),(cid:882)(cid:3),(cid:882)(cid:3),(cid:882)(cid:3),(cid:882)(cid:3),(cid:882)(cid:3),(cid:882)(cid:3),,,,,,,,,,,,,,,,,,,,,,
(cid:884)(cid:891),(cid:10)(cid:145)(cid:148)(cid:145)(cid:144)(cid:150)(cid:131)(cid:142)(cid:145),(cid:882)(cid:3),(cid:882)(cid:3),(cid:882)(cid:3),(cid:882)(cid:3),(cid:882)(cid:3),(cid:882)(cid:3),(cid:882)(cid:3),(cid:882)(cid:3),(cid:882)(cid:3),,,,,,,,,,,,,,,,,,,,,,
(cid:885)(cid:882),(cid:22)(cid:151)(cid:142)(cid:131)(cid:153)(cid:135)(cid:149)(cid:139)(cid:3)(cid:5)(cid:131)(cid:148)(cid:131)(cid:150),(cid:883)(cid:3),(cid:883)(cid:3),(cid:884)(cid:3),(cid:882)(cid:3),(cid:882)(cid:3),(cid:882)(cid:3),(cid:882)(cid:3),(cid:882)(cid:3),(cid:882)(cid:3),,,,,,,,,,,,,,,,,,,,,,
(cid:885)(cid:883),(cid:16)(cid:131)(cid:142)(cid:151)(cid:141)(cid:151),(cid:882)(cid:3),(cid:886)(cid:3),(cid:886)(cid:3),(cid:882)(cid:3),(cid:882)(cid:3),(cid:882)(cid:3),(cid:882)(cid:3),(cid:882)(cid:3),(cid:882)(cid:3),,,,,,,,,,,,,,,,,,,,,,
(cid:885)(cid:884),(cid:16)(cid:131)(cid:142)(cid:151)(cid:141)(cid:151)(cid:3)(cid:24)(cid:150)(cid:131)(cid:148)(cid:131),(cid:882)(cid:3),(cid:887)(cid:3),(cid:887)(cid:3),(cid:882)(cid:3),(cid:882)(cid:3),(cid:882)(cid:3),(cid:882)(cid:3),(cid:882)(cid:3),(cid:882)(cid:3),,,,,,,,,,,,,,,,,,,,,,
(cid:885)(cid:885),(cid:19)(cid:131)(cid:146)(cid:151)(cid:131),(cid:882)(cid:3),(cid:885)(cid:3),(cid:885)(cid:3),(cid:882)(cid:3),(cid:882)(cid:3),(cid:882)(cid:3),(cid:882)(cid:3),(cid:882)(cid:3),(cid:882)(cid:3),,,,,,,,,,,,,,,,,,,,,,
(cid:885)(cid:886),(cid:19)(cid:131)(cid:146)(cid:151)(cid:131)(cid:3)(cid:5)(cid:131)(cid:148)(cid:131)(cid:150),(cid:882)(cid:3),(cid:885)(cid:3),(cid:885)(cid:3),(cid:882)(cid:3),(cid:882)(cid:3),(cid:882)(cid:3),(cid:882)(cid:3),(cid:882)(cid:3),(cid:882)(cid:3),,,,,,,,,,,,,,,,,,,,,,
(cid:885)(cid:887),(cid:19)(cid:131)(cid:146)(cid:151)(cid:131)(cid:3)(cid:22)(cid:135)(cid:142)(cid:131)(cid:150)(cid:131)(cid:144),(cid:882)(cid:3),(cid:884)(cid:3),(cid:884)(cid:3),(cid:882)(cid:3),(cid:882)(cid:3),(cid:882)(cid:3),(cid:882)(cid:3),(cid:882)(cid:3),(cid:882)(cid:3),,,,,,,,,,,,,,,,,,,,,,
(cid:885)(cid:888),(cid:19)(cid:131)(cid:146)(cid:151)(cid:131)(cid:3)(cid:23)(cid:135)(cid:144)(cid:137)(cid:131)(cid:138),(cid:883)(cid:3),(cid:884)(cid:3),(cid:885)(cid:3),(cid:882)(cid:3),(cid:882)(cid:3),(cid:882)(cid:3),(cid:882)(cid:3),(cid:882)(cid:3),(cid:882)(cid:3),,,,,,,,,,,,,,,,,,,,,,
(cid:885)(cid:889) (cid:19)(cid:131)(cid:146)(cid:151)(cid:131)(cid:3)(cid:19)(cid:135)(cid:137)(cid:151)(cid:144)(cid:151)(cid:144)(cid:137)(cid:131)(cid:144) Indonesia (cid:885)(cid:890) (cid:19)(cid:131)(cid:146)(cid:151)(cid:131)(cid:3)(cid:5)(cid:131)(cid:148)(cid:131)(cid:150)(cid:3)(cid:7)(cid:131)(cid:155)(cid:131),,(cid:882)(cid:3) 133 (cid:882)(cid:3),(cid:883)(cid:3) 766 (cid:883)(cid:3),(cid:883)(cid:3) 899 (cid:883)(cid:3),(cid:882)(cid:3) 5 (cid:882)(cid:3),(cid:882)(cid:3) 10 (cid:882)(cid:3),(cid:882)(cid:3) 15 (cid:882)(cid:3),(cid:882)(cid:3) 6 (cid:882)(cid:3),(cid:882)(cid:3) 4 (cid:882)(cid:3),(cid:882)(cid:3) 10 (cid:882)(cid:3),,,,,,,,,,,,,,,,,,,,,,
No,Nama Poltekkes,Program Studi,,,,,,,,,,,,,,,,,,,,Total,,,,,,,,,,
,,natawarepeK,nanadibeK,igiG nataheseK,naD isamraF nanakaM silanA,isamraF,umaJ,isatinaS,iziG,iparetoisiF,ipareT isapukO,araciW ipareT,rutknupukA,sideM igolonkeT muirotarobaL,nataheseK isnarusA,igiG kinkeT,igoloidaR,nataheseK nad makeR isamrofnI,ortkelE sideM igolonkeT,kitetsorP kitetrO,knaB igolonkeT haraD,,,,,,,,,,,
(1),(2),(3),(4),(5),(6),(7),(8),(9),(10),(11),(12),(13),(14),(15),(16),(17),(18),(19),(20),(21),(22),(23),,,,,,,,,,
,,,,,,,,,,,,,,,,,,,,0,0,694,,,,,,,,,,
,,,,,,,,,,,,,,,,,,,,0,0,874,,,,,,,,,,
(cid:883),(cid:4)(cid:133)(cid:135)(cid:138),(cid:884)(cid:889)(cid:891),(cid:883)(cid:885)(cid:890),(cid:886)(cid:883),,(cid:889)(cid:889),(cid:882),(cid:885)(cid:890),(cid:887)(cid:882),(cid:882),(cid:882),(cid:882),(cid:882),(cid:889)(cid:883),(cid:882),(cid:882),(cid:882),(cid:882),(cid:882),0,0,495,,,,,,,,,,
(cid:884),(cid:16)(cid:135)(cid:134)(cid:131)(cid:144),(cid:884)(cid:882)(cid:885),(cid:883)(cid:887)(cid:886),(cid:891)(cid:885),,(cid:883)(cid:883)(cid:882),(cid:882),(cid:886)(cid:883),(cid:883)(cid:882)(cid:891),(cid:882),(cid:882),(cid:882),(cid:882),(cid:883)(cid:888)(cid:886),(cid:882),(cid:882),(cid:882),(cid:882),(cid:882),0,0,249,,,,,,,,,,
(cid:885),(cid:19)(cid:131)(cid:134)(cid:131)(cid:144)(cid:137),(cid:883)(cid:888)(cid:887),(cid:883)(cid:887)(cid:884),(cid:889)(cid:883),,(cid:882),(cid:882),(cid:888)(cid:890),(cid:885)(cid:891),(cid:882),(cid:882),(cid:882),(cid:882),(cid:882),(cid:882),(cid:882),(cid:882),(cid:882),(cid:882),0,0,310,,,,,,,,,,
(cid:886),(cid:21)(cid:139)(cid:131)(cid:151),(cid:883)(cid:883)(cid:882),(cid:888)(cid:890),(cid:882),(cid:882),(cid:882),(cid:882),(cid:882),(cid:889)(cid:883),(cid:882),(cid:882),(cid:882),(cid:882),(cid:882),(cid:882),(cid:882),(cid:882),(cid:882),(cid:882),0,0,792,,,,,,,,,,
(cid:887),(cid:13)(cid:131)(cid:143)(cid:132)(cid:139),(cid:888)(cid:888),(cid:885)(cid:885),(cid:885)(cid:884),,(cid:890)(cid:884),(cid:882),(cid:886)(cid:888),(cid:882),(cid:882),(cid:882),(cid:882),(cid:882),(cid:887)(cid:883),(cid:882),(cid:882),(cid:882),(cid:882),(cid:882),0,0,595,,,,,,,,,,
(cid:888),(cid:19)(cid:131)(cid:142)(cid:135)(cid:143)(cid:132)(cid:131)(cid:144)(cid:137),(cid:884)(cid:890)(cid:891),(cid:883)(cid:888)(cid:886),(cid:889)(cid:884),,(cid:889)(cid:885),(cid:882),(cid:888)(cid:887),(cid:888)(cid:883),(cid:882),(cid:882),(cid:882),(cid:882),(cid:888)(cid:890),(cid:882),(cid:882),(cid:882),(cid:882),(cid:882),0,0,757,,,,,,,,,,
(cid:889),(cid:5)(cid:135)(cid:144)(cid:137)(cid:141)(cid:151)(cid:142)(cid:151),(cid:883)(cid:887)(cid:886),(cid:883)(cid:887)(cid:883),(cid:882),(cid:882),(cid:888)(cid:883),(cid:882),(cid:887)(cid:889),(cid:890)(cid:889),(cid:882),(cid:882),(cid:882),(cid:882),(cid:890)(cid:887),(cid:882),(cid:882),(cid:882),(cid:882),(cid:882),0,0,182,,,,,,,,,,
(cid:890),(cid:23)(cid:131)(cid:144)(cid:140)(cid:151)(cid:144)(cid:137)(cid:3)(cid:14)(cid:131)(cid:148)(cid:131)(cid:144)(cid:137),(cid:883)(cid:891)(cid:888),(cid:883)(cid:883)(cid:889),(cid:886)(cid:886),(cid:882),(cid:887)(cid:882),(cid:882),(cid:883)(cid:885)(cid:887),(cid:883)(cid:885)(cid:888),(cid:882),(cid:882),(cid:882),(cid:882),(cid:886)(cid:886),(cid:882),(cid:885)(cid:887),(cid:882),(cid:882),(cid:882),0,0,173,,,,,,,,,,
(cid:891),(cid:23)(cid:131)(cid:144)(cid:140)(cid:151)(cid:144)(cid:137)(cid:3)(cid:19)(cid:139)(cid:144)(cid:131)(cid:144)(cid:137),(cid:887)(cid:891),(cid:888)(cid:884),,,(cid:882),(cid:882),(cid:888)(cid:883),(cid:882),(cid:882),(cid:882),(cid:882),(cid:882),(cid:882),(cid:882),(cid:882),(cid:882),(cid:882),(cid:882),15,0,250,,,,,,,,,,
(cid:883)(cid:882),(cid:19)(cid:131)(cid:144)(cid:137)(cid:141)(cid:131)(cid:142)(cid:3)(cid:19)(cid:139)(cid:144)(cid:131)(cid:144)(cid:137),(cid:888)(cid:891),(cid:885)(cid:888),,,(cid:885)(cid:891),(cid:882),(cid:882),(cid:884)(cid:891),(cid:882),(cid:882),(cid:882),(cid:882),(cid:882),(cid:882),(cid:882),(cid:882),(cid:882),(cid:882),0,0,449,,,,,,,,,,
(cid:883)(cid:883),(cid:13)(cid:131)(cid:141)(cid:131)(cid:148)(cid:150)(cid:131)(cid:3)(cid:12),(cid:883)(cid:885)(cid:882),(cid:889)(cid:885),(cid:885)(cid:884),,(cid:882),(cid:882),(cid:882),(cid:882),(cid:882),(cid:882),(cid:882),(cid:882),(cid:882),(cid:882),(cid:882),(cid:882),(cid:882),(cid:882),0,0,900,,,,,,,,,,
(cid:883)(cid:884),(cid:13)(cid:131)(cid:141)(cid:131)(cid:148)(cid:150)(cid:131)(cid:3)(cid:12)(cid:12),(cid:882),(cid:882),(cid:882),(cid:890)(cid:887),(cid:891)(cid:890),(cid:882),(cid:888)(cid:887),(cid:889)(cid:890),(cid:882),(cid:882),(cid:882),(cid:882),(cid:882),(cid:882),(cid:887)(cid:887),(cid:885)(cid:887),(cid:882),(cid:885)(cid:885),-,-,863,,,,,,,,,,
(cid:883)(cid:885),(cid:13)(cid:131)(cid:141)(cid:131)(cid:148)(cid:150)(cid:131)(cid:3)(cid:12)(cid:12)(cid:12),(cid:883)(cid:890)(cid:889),(cid:885)(cid:890)(cid:890),(cid:882),(cid:882),(cid:882),(cid:882),(cid:882),(cid:882),(cid:883)(cid:883)(cid:891),(cid:882),(cid:882),(cid:882),(cid:884)(cid:882)(cid:888),(cid:882),(cid:882),(cid:882),(cid:882),(cid:882),0,0,647,,,,,,,,,,
(cid:883)(cid:886),(cid:5)(cid:131)(cid:144)(cid:134)(cid:151)(cid:144)(cid:137),(cid:883)(cid:889)(cid:883),(cid:883)(cid:890)(cid:889),(cid:886)(cid:885),(cid:486),(cid:889)(cid:883),(cid:486),(cid:889)(cid:886),(cid:889)(cid:885),(cid:486),(cid:486),(cid:486),(cid:486),(cid:884)(cid:886)(cid:886),(cid:486),(cid:486),(cid:486),(cid:486),(cid:486),0,49,1.835,,,,,,,,,,
(cid:883)(cid:887),(cid:23)(cid:131)(cid:149)(cid:139)(cid:141)(cid:143)(cid:131)(cid:142)(cid:131)(cid:155)(cid:131),(cid:883)(cid:887)(cid:890),(cid:889)(cid:888),(cid:885)(cid:890),(cid:882),(cid:889)(cid:889),(cid:882),(cid:882),(cid:883)(cid:886)(cid:886),(cid:882),(cid:882),(cid:882),(cid:882),(cid:882),(cid:882),(cid:882),(cid:882),(cid:883)(cid:887)(cid:886),(cid:882),67,0,835,,,,,,,,,,
(cid:883)(cid:888),(cid:22)(cid:135)(cid:143)(cid:131)(cid:148)(cid:131)(cid:144)(cid:137),(cid:889)(cid:888)(cid:889),(cid:885)(cid:886)(cid:888),(cid:891)(cid:885),,(cid:882),(cid:882),(cid:891)(cid:889),(cid:890)(cid:883),(cid:882),(cid:882),(cid:882),(cid:882),(cid:886)(cid:885),(cid:882),(cid:882),(cid:883)(cid:890)(cid:883),(cid:883)(cid:889)(cid:890),(cid:882),0,0,330,,,,,,,,,,
(cid:883)(cid:889),(cid:22)(cid:151)(cid:148)(cid:131)(cid:141)(cid:131)(cid:148)(cid:150)(cid:131),(cid:891)(cid:883),(cid:887)(cid:890),,(cid:891)(cid:884),(cid:891)(cid:891),(cid:888)(cid:882),(cid:882),(cid:882),(cid:890)(cid:891),(cid:883)(cid:882)(cid:886),(cid:883)(cid:882)(cid:891),(cid:888)(cid:888),(cid:882),(cid:882),(cid:882),(cid:882),(cid:882),(cid:882),0,0,892,,,,,,,,,,
(cid:883)(cid:890),(cid:28)(cid:145)(cid:137)(cid:155)(cid:131)(cid:141)(cid:131)(cid:148)(cid:150)(cid:131),(cid:886)(cid:884),(cid:886)(cid:889),(cid:885)(cid:891),(cid:882),(cid:882),(cid:882),(cid:889)(cid:887),(cid:886)(cid:885),(cid:882),(cid:882),(cid:882),(cid:882),(cid:885)(cid:889),(cid:882),(cid:882),(cid:882),(cid:886)(cid:889),(cid:882),0,112,1.116,,,,,,,,,,
(cid:883)(cid:891),(cid:22)(cid:151)(cid:148)(cid:131)(cid:132)(cid:131)(cid:155)(cid:131),(cid:885)(cid:882)(cid:889),(cid:883)(cid:888)(cid:888),(cid:886)(cid:891),(cid:882),(cid:882),(cid:882),(cid:883)(cid:887)(cid:887),(cid:883)(cid:882)(cid:885),(cid:882),(cid:882),(cid:882),(cid:882),(cid:886)(cid:884),(cid:882),(cid:882),(cid:882),(cid:882),(cid:889)(cid:882),0,0,288,,,,,,,,,,
(cid:884)(cid:882),(cid:16)(cid:131)(cid:142)(cid:131)(cid:144)(cid:137),(cid:886)(cid:888)(cid:882),(cid:891)(cid:891),,(cid:888)(cid:882),(cid:882),(cid:882),(cid:882),(cid:883)(cid:884)(cid:890),(cid:882),(cid:882),(cid:882),(cid:882),(cid:882),(cid:891)(cid:887),(cid:882),(cid:882),(cid:883)(cid:888)(cid:884),(cid:882),0,0,350,,,,,,,,,,
(cid:884)(cid:883),(cid:5)(cid:131)(cid:144)(cid:150)(cid:135)(cid:144),(cid:891)(cid:882),(cid:890)(cid:887),(cid:882),(cid:882),(cid:882),(cid:882),(cid:882),(cid:882),(cid:882),(cid:882),(cid:882),(cid:882),(cid:883)(cid:883)(cid:885),(cid:882),(cid:882),(cid:882),(cid:882),(cid:882),0,0,321,,,,,,,,,,
(cid:884)(cid:884),(cid:7)(cid:135)(cid:144)(cid:146)(cid:131)(cid:149)(cid:131)(cid:148),(cid:890)(cid:889),(cid:885)(cid:890),(cid:886)(cid:883),,(cid:882),(cid:882),(cid:890),(cid:886)(cid:886),(cid:882),(cid:882),(cid:882),(cid:882),(cid:883)(cid:885)(cid:884),(cid:882),(cid:882),(cid:882),(cid:882),(cid:882),0,0,931,,,,,,,,,,
(cid:884)(cid:885),(cid:16)(cid:131)(cid:150)(cid:131)(cid:148)(cid:131)(cid:143),(cid:883)(cid:885)(cid:882),(cid:890)(cid:882),(cid:882),(cid:882),(cid:882),(cid:882),(cid:882),(cid:886)(cid:885),(cid:882),(cid:882),(cid:882),(cid:882),(cid:888)(cid:890),(cid:882),(cid:882),(cid:882),(cid:882),(cid:882),0,0,404,,,,,,,,,,
(cid:884)(cid:886),(cid:14)(cid:151)(cid:146)(cid:131)(cid:144)(cid:137),(cid:885)(cid:884)(cid:890),(cid:883)(cid:886)(cid:887),(cid:890)(cid:887),(cid:882),(cid:890)(cid:889),(cid:882),(cid:890)(cid:891),(cid:890)(cid:891),(cid:882),(cid:882),(cid:882),(cid:882),(cid:883)(cid:882)(cid:890),(cid:882),(cid:882),(cid:882),(cid:882),(cid:882),,,353,,,,,,,,,,
(cid:884)(cid:887),(cid:19)(cid:145)(cid:144)(cid:150)(cid:139)(cid:131)(cid:144)(cid:131)(cid:141),(cid:889)(cid:886),(cid:887)(cid:886),(cid:891)(cid:886),(cid:882),(cid:882),(cid:882),(cid:884)(cid:883),(cid:888)(cid:887),(cid:882),(cid:882),(cid:882),(cid:882),(cid:891)(cid:888),(cid:882),(cid:882),(cid:882),(cid:882),(cid:882),0,0,335,,,,,,,,,,
(cid:884)(cid:888),(cid:19)(cid:131)(cid:142)(cid:131)(cid:144)(cid:137)(cid:141)(cid:131)(cid:148)(cid:131)(cid:155)(cid:131),(cid:888)(cid:886),(cid:884)(cid:882)(cid:884),(cid:882),(cid:882),(cid:882),(cid:882),(cid:882),(cid:890)(cid:889),(cid:882),(cid:882),(cid:882),(cid:882),(cid:882),(cid:882),(cid:882),(cid:882),(cid:882),(cid:882),(cid:882) 0,(cid:882) 0,271,,,,,,,,,,
(cid:884)(cid:889),(cid:5)(cid:131)(cid:144)(cid:140)(cid:131)(cid:148)(cid:143)(cid:131)(cid:149)(cid:139)(cid:144),(cid:885)(cid:889),(cid:887)(cid:887),(cid:888)(cid:890),(cid:882),(cid:882),(cid:882),(cid:891)(cid:883),(cid:886)(cid:887),(cid:882),(cid:882),(cid:882),(cid:882),(cid:885)(cid:891),(cid:882),(cid:882),(cid:882),(cid:882),(cid:882),0,0,424,,,,,,,,,,
(cid:884)(cid:890),(cid:14)(cid:131)(cid:142)(cid:139)(cid:143)(cid:131)(cid:144)(cid:150)(cid:131)(cid:144)(cid:3)(cid:23)(cid:139)(cid:143)(cid:151)(cid:148),(cid:883)(cid:882)(cid:884),(cid:888)(cid:887),(cid:882),(cid:882),(cid:882),(cid:882),(cid:882),(cid:882),(cid:882),(cid:882),(cid:882),(cid:882),(cid:882),(cid:882),(cid:882),(cid:882),(cid:882),(cid:883)(cid:882)(cid:886),0,0,264,,,,,,,,,,
(cid:884)(cid:891),(cid:16)(cid:131)(cid:144)(cid:131)(cid:134)(cid:145),(cid:889)(cid:889),(cid:890)(cid:889),(cid:886)(cid:887),(cid:882),(cid:889)(cid:891),(cid:882),(cid:883)(cid:889),(cid:884)(cid:889),(cid:882),(cid:882),(cid:882),(cid:882),(cid:891)(cid:884),(cid:882),(cid:882),(cid:882),(cid:882),(cid:882),0,0,685,,,,,,,,,,
(cid:885)(cid:882),(cid:19)(cid:131)(cid:142)(cid:151),(cid:883)(cid:885)(cid:885),(cid:887)(cid:891),(cid:882),(cid:882),(cid:882),(cid:882),(cid:884)(cid:891),(cid:886)(cid:885),(cid:882),(cid:882),(cid:882),(cid:882),(cid:882),(cid:882),(cid:882),(cid:882),(cid:882),(cid:882),0,0,374,,,,,,,,,,
(cid:885)(cid:883),(cid:16)(cid:131)(cid:141)(cid:131)(cid:149)(cid:149)(cid:131)(cid:148),(cid:884)(cid:888)(cid:886),(cid:883)(cid:882)(cid:885),(cid:886)(cid:890),,(cid:890)(cid:885),(cid:882),(cid:886)(cid:886),(cid:886)(cid:889),(cid:886)(cid:886),(cid:882),(cid:882),(cid:882),(cid:887)(cid:884),(cid:882),(cid:882),(cid:882),(cid:882),(cid:882),0,0,331,,,,,,,,,,
(cid:885)(cid:884),(cid:14)(cid:135)(cid:144)(cid:134)(cid:131)(cid:148)(cid:139),(cid:883)(cid:884)(cid:889),(cid:884)(cid:890),,,(cid:882),(cid:882),(cid:882),(cid:883)(cid:884)(cid:890),(cid:882),(cid:882),(cid:882),(cid:882),(cid:891)(cid:883),(cid:882),(cid:882),(cid:882),(cid:882),(cid:882),0,0,152,,,,,,,,,,
(cid:885)(cid:885),(cid:10)(cid:145)(cid:148)(cid:145)(cid:144)(cid:150)(cid:131)(cid:142)(cid:145),(cid:890)(cid:891),(cid:891)(cid:890),(cid:882),(cid:882),(cid:890)(cid:885),(cid:882),(cid:882),(cid:888)(cid:883),(cid:882),(cid:882),(cid:882),(cid:882),(cid:882),(cid:882),(cid:882),(cid:882),(cid:882),(cid:882),0,0,93,,,,,,,,,,
(cid:885)(cid:886),(cid:16)(cid:131)(cid:143)(cid:151)(cid:140)(cid:151),(cid:885)(cid:882),(cid:884)(cid:888),(cid:882),(cid:882),(cid:882),(cid:882),(cid:884)(cid:886),(cid:889)(cid:884),(cid:882),(cid:882),(cid:882),(cid:882),(cid:882),(cid:882),(cid:882),(cid:882),(cid:882),(cid:882),0,0,300,,,,,,,,,,
(cid:885)(cid:887),(cid:16)(cid:131)(cid:142)(cid:151)(cid:141)(cid:151),(cid:886)(cid:887),(cid:882),,,(cid:882),(cid:882),(cid:886)(cid:890),(cid:882),(cid:882),(cid:882),(cid:882),(cid:882),(cid:882),(cid:882),(cid:882),(cid:882),(cid:882),(cid:882),0,0,642,,,,,,,,,,
(cid:885)(cid:888),(cid:23)(cid:135)(cid:148)(cid:144)(cid:131)(cid:150)(cid:135),(cid:889)(cid:889),(cid:889)(cid:891),(cid:882),(cid:882),(cid:882),(cid:882),(cid:886)(cid:890),(cid:887)(cid:882),(cid:882),(cid:882),(cid:882),(cid:882),(cid:886)(cid:888),(cid:882),(cid:882),(cid:882),(cid:882),(cid:882),0,0,239,,,,,,,,,,
(cid:885)(cid:889) (cid:13)(cid:131)(cid:155)(cid:131)(cid:146)(cid:151)(cid:148)(cid:131) Total (cid:885)(cid:890) (cid:22)(cid:145)(cid:148)(cid:145)(cid:144)(cid:137),,(cid:885)(cid:889)(cid:882) 6.171 (cid:883)(cid:886)(cid:886),(cid:883)(cid:882)(cid:887) 3.891 (cid:888)(cid:889),(cid:882) 1.028 (cid:882),(cid:882) 237 (cid:882),(cid:886)(cid:883) 1.210 (cid:882),(cid:882) 60 (cid:882),(cid:885)(cid:882) 1.426 (cid:882),(cid:883)(cid:890) 2.079 (cid:884)(cid:890),(cid:882) 252 (cid:882),(cid:882) 104 (cid:882),(cid:882) 109 (cid:882),(cid:882) 66 (cid:882),(cid:889)(cid:890) 1.970 (cid:882),(cid:882) 95 (cid:882),(cid:882) 90 (cid:882),(cid:882) 216 (cid:882),(cid:882) 541 (cid:882),(cid:882) 207 (cid:882),82,161,19.995,,,,,,,,,,
