cluster_id,node_label,nama_perusahaan,provinsi,lokasi_izin,alamat,jumlah_izin,jumlah_izin_nikel,status_iup,komoditas,is_core_nickel,source_dataset
NODE-SULTENG-MOROWALI-IMIP,Simpul logistik pesisir IMIP-Bahodopi,ALASKA DWIPA PERDANA,Sulawesi Tengah,KAB. MOROWALI,"World Capital Tower, lantai 39 Jl. Mega Kuningan Barat Lingkar Mega Kuningan No.3",1,1,LEGAL,Nikel,ya,data/processed/sulawesi_esdm_nikel.csv
NODE-SULTENG-MOROWALI-IMIP,Simpul logistik pesisir IMIP-Bahodopi,AMANAT SEPUH LESTARI,Sulawesi Tengah,KAB. MOROWALI,"Jl. Brigjen H. Hasan Basri, Kel. Alalak Selatan, Kec. Banjarmasin Utara, Kota Banjarmasih, Prov. Kalimantan Selatan",1,1,LEGAL,Nikel,ya,data/processed/sulawesi_esdm_nikel.csv
NODE-SULTENG-MOROWALI-IMIP,Simpul logistik pesisir IMIP-Bahodopi,ANG AND FANG BROTHER,Sulawesi Tengah,KAB. MOROWALI,"JL.BOULEVARD JASPER 1 NO 4 PANAKUKANG MAS MAKASSAR & JL. PANGERAN DIPONEGORO 95 AM MAKASSAR 90171 SULAWESI SELATAN. TELP : +624113615560, FAX: +624113610689",1,1,LEGAL,Nikel,ya,data/processed/sulawesi_esdm_nikel.csv
NODE-SULTENG-MOROWALI-IMIP,Simpul logistik pesisir IMIP-Bahodopi,ANUGERAH ARGA PRATAMA,Sulawesi Tengah,KAB. MOROWALI,"KOMPLEK RUKAN BANDENGAN INDAH BLOK A 29, JL. BANDENGAN UTARA RAYA KAV. 80, RT. 7 / RW. 15, PENJARINGAN, KEC. PENJARINGAN, JAKARTA UTARA, DKI JAKARTA 14440",1,1,LEGAL,Nikel,ya,data/processed/sulawesi_esdm_nikel.csv
NODE-SULTENG-MOROWALI-IMIP,Simpul logistik pesisir IMIP-Bahodopi,Abadi Nikel Nusantara,Sulawesi Tengah,KAB. MOROWALI,JL. BOULEVARD RAYA RUKO INKOPAL BLOK A NO. 21-23 KELAPA GADING,1,1,LEGAL,Nikel,ya,data/processed/sulawesi_esdm_nikel.csv
NODE-SULTENG-MOROWALI-IMIP,Simpul logistik pesisir IMIP-Bahodopi,BIMA CAKRA PERKASA MINERALINDO,Sulawesi Tengah,KAB. MOROWALI,"APL TOWER CENTRAL PARK LT 38 UNIT T5-T6, JL LETJEN S PARMAN KAV 28 RT.008/RW.008 KEL. TANJUNG DUREN SELATAN, KEC. GROGOL PETAMBURAN, JAKARTA BARAT 11470",1,1,LEGAL,Nikel,ya,data/processed/sulawesi_esdm_nikel.csv
NODE-SULTENG-MOROWALI-IMIP,Simpul logistik pesisir IMIP-Bahodopi,BINEKA KARYA,Sulawesi Tengah,KAB. MOROWALI,Sisingamangaraja No.09 Palu,1,1,LEGAL,Nikel,ya,data/processed/sulawesi_esdm_nikel.csv
NODE-SULTENG-MOROWALI-IMIP,Simpul logistik pesisir IMIP-Bahodopi,BINTANG SINAR PERKASA,Sulawesi Tengah,KAB. MOROWALI,"ALAMANDA TOWER LANTAI 25, JL. TB SIMATUPANG KAV 22-26, KELURAHAN CILANDAK BARAT, KECAMATAN CILANDAK, JAKARTA SELATAN",1,1,LEGAL,Nikel,ya,data/processed/sulawesi_esdm_nikel.csv
NODE-SULTENG-MOROWALI-IMIP,Simpul logistik pesisir IMIP-Bahodopi,BINTANGDELAPAN MINERAL,Sulawesi Tengah,KAB. MOROWALI,"GEDUNG IMIP, JALAN BATU MULIA 8, Desa/Kelurahan Meruya Utara,
Kec. Kembangan, Kota Adm. Jakarta Barat, Provinsi DKI Jakarta,
Kode Pos: 11620",1,1,LEGAL,Nikel,ya,data/processed/sulawesi_esdm_nikel.csv
NODE-SULTENG-MOROWALI-IMIP,Simpul logistik pesisir IMIP-Bahodopi,BRATAMA MERCINDO ABADI,Sulawesi Tengah,KAB. MOROWALI,"Infiniti Office, arcade Business Center 6th Floor Unit 6-03, Desa/Kelurahan Kapuk Muara, Kec. Penjaringan, Kota Adm. Jakarta Utara, Provinsi DKI
Jakarta, Kode Pos: 14470",1,1,LEGAL,Nikel,ya,data/processed/sulawesi_esdm_nikel.csv
NODE-SULTENG-MOROWALI-IMIP,Simpul logistik pesisir IMIP-Bahodopi,BUMI KALAENA PERSADA,Sulawesi Tengah,KAB. MOROWALI,Rukan Osaka Nomor G 08 (PIK 2),1,1,LEGAL,Nikel,ya,data/processed/sulawesi_esdm_nikel.csv
NODE-SULTENG-MOROWALI-IMIP,Simpul logistik pesisir IMIP-Bahodopi,BUMI MATANO INDAH,Sulawesi Tengah,KAB. MOROWALI,"JL. ANDI MANGERANGI III NO. 16, Desa/Kelurahan Pisang Selatan, Kec.
Ujung Pandang, Kota Makassar, Provinsi Sulawesi Selatan,
Kode Pos: 90114",1,1,LEGAL,Nikel,ya,data/processed/sulawesi_esdm_nikel.csv
NODE-SULTENG-MOROWALI-IMIP,Simpul logistik pesisir IMIP-Bahodopi,BUMI MOROWALI UTAMA,Sulawesi Tengah,KAB. MOROWALI,"Soho Podomoro City Lantai 30 Unit 02, Jalan Letjen S. Parman Kaveling 28",1,1,LEGAL,Nikel,ya,data/processed/sulawesi_esdm_nikel.csv
NODE-SULTENG-MOROWALI-IMIP,Simpul logistik pesisir IMIP-Bahodopi,BUMI ROUTA MINING,Sulawesi Tengah,KAB. MOROWALI,"JL. AHMAD YANI NO.18, LORONG ILMIAH, KEL. MATAIMOI, KEC. BARUGA, KOTA KENDARI, SULAWESI TENGGARA",1,1,LEGAL,Nikel,ya,data/processed/sulawesi_esdm_nikel.csv
NODE-SULTENG-MOROWALI-IMIP,Simpul logistik pesisir IMIP-Bahodopi,CAHAYA GINDA GANDA,Sulawesi Tengah,KAB. MOROWALI,"Summarecon	Bekasi,	Jl.	Bulevar	Selatan	Blok	UB53,	RT.	004,	RW.	011,
 Kelurahan	Marga	Mulya,	Kecamatan	Bekasi	Utara,	Jawa	Barat	17142,
 Desa/Kelurahan	Margamulya,	Kec.	Bekasi	Utara,	Kota	Bekasi,	Provinsi
 Jawa	Barat",1,1,LEGAL,Nikel,ya,data/processed/sulawesi_esdm_nikel.csv
NODE-SULTENG-MOROWALI-IMIP,Simpul logistik pesisir IMIP-Bahodopi,CAHYA ADITAMA TEKNINDO,Sulawesi Tengah,KAB. MOROWALI,Mega Legenda 2 Blok C2 No. 21,1,1,LEGAL,Nikel,ya,data/processed/sulawesi_esdm_nikel.csv
NODE-SULTENG-MOROWALI-IMIP,Simpul logistik pesisir IMIP-Bahodopi,CETARA BANGUN PERSADA,Sulawesi Tengah,KAB. MOROWALI,"Treasury Tower Lantai 18 Unit N, District 8 SCBD Lot 28, Jalan Jendral Sudirman Kav 52-53, Senayan, Kebayoran Baru, Jakarta Selatan",1,1,LEGAL,Nikel,ya,data/processed/sulawesi_esdm_nikel.csv
NODE-SULTENG-MOROWALI-IMIP,Simpul logistik pesisir IMIP-Bahodopi,CITRA ANGGUN BARATAMA,Sulawesi Tengah,KAB. MOROWALI,"Jl. Kuda Laut No. 8, Komp. Pertamina, Lok Barat, Desa/Kelurahan Lotabat Utara, Kec. Banjarbaru, Kota Banjarbaru, Kalimantan Selatan",1,1,LEGAL,Nikel,ya,data/processed/sulawesi_esdm_nikel.csv
NODE-SULTENG-MOROWALI-IMIP,Simpul logistik pesisir IMIP-Bahodopi,DELAPAN INTI POWER,Sulawesi Tengah,KAB. MOROWALI,"JL. IMAM BONJOL NO. 68 RT. 002 RW. 005, KEL. MENTENG, KEC. MENTENG, JAKARTA PUSAT",1,1,LEGAL,Nikel,ya,data/processed/sulawesi_esdm_nikel.csv
NODE-SULTENG-MOROWALI-IMIP,Simpul logistik pesisir IMIP-Bahodopi,DUA SAUDARA NIKELINDO,Sulawesi Tengah,KAB. MOROWALI,"Sona Topas Tower Lt. 5A, Jl. Jendral Sudirman Kav. 26, Desa/Kelurahan Karet Kuningan, Kec. setiabudi, Kota Adm. Jakarta Selatan, Provinsi DKI Jakarta,",1,1,LEGAL,Nikel,ya,data/processed/sulawesi_esdm_nikel.csv
NODE-SULTENG-MOROWALI-IMIP,Simpul logistik pesisir IMIP-Bahodopi,EMAS HIJAU JAYA,Sulawesi Tengah,KAB. MOROWALI,JL. A. Yani Kav. 66-67 Plaza Dwima I Lt. 6,1,1,LEGAL,Nikel,ya,data/processed/sulawesi_esdm_nikel.csv
NODE-SULTENG-MOROWALI-IMIP,Simpul logistik pesisir IMIP-Bahodopi,ERABARU TIMUR LESTARI,Sulawesi Tengah,KAB. MOROWALI,"Neo Soho Residence Unit 3518, Jalan Letjen S. Parman Kavling 28 , ,
Kota Adm. Jakarta Barat, Provinsi DKI JakaRTA",1,1,LEGAL,Nikel,ya,data/processed/sulawesi_esdm_nikel.csv
NODE-SULTENG-MOROWALI-IMIP,Simpul logistik pesisir IMIP-Bahodopi,FADLAN MULIA JAYA,Sulawesi Tengah,KAB. MOROWALI,"Lippo Tower Office St. Moritz Unit 16.01 Jl. Puri Indah Raya, Blok U 13, St. Moritz, CBD, Jakarta Barat-11610",1,1,LEGAL,Nikel,ya,data/processed/sulawesi_esdm_nikel.csv
NODE-SULTENG-MOROWALI-IMIP,Simpul logistik pesisir IMIP-Bahodopi,FAJAR PRIMA SUKSES,Sulawesi Tengah,KAB. MOROWALI,"SOHO CAPITAL Lt. 32 Unit 7 Jl. Letjen. S. Parman Kav. 28, Kel. Tanjung Duren Selatan, Kec. Grogol Petamburan.
Kode Pos: 11470",1,1,LEGAL,Nikel,ya,data/processed/sulawesi_esdm_nikel.csv
NODE-SULTENG-MOROWALI-IMIP,Simpul logistik pesisir IMIP-Bahodopi,GALIH INSTRUMENTASI,Sulawesi Tengah,KAB. MOROWALI,"Office EightyEight@Kasablanka, Lt. 9 Unit A,  Jl. Casablanka Kav.88, Desa/Kelurahan Menteng Dalam, Kec. Tebet, Kota Adm. Jakarta Selatan, Provinsi DKI Jakarta",1,1,LEGAL,Nikel,ya,data/processed/sulawesi_esdm_nikel.csv
NODE-SULTENG-MOROWALI-IMIP,Simpul logistik pesisir IMIP-Bahodopi,GENBA MULTI MINERAL,Sulawesi Tengah,KAB. MOROWALI,"Perwata Tower Lantai 2 Suite Blok D-E-F, Pluit Selatan Raya Kavling 1, Komplek Kawasan CBD Pluit Jakarta Utara 14440 - Indonesia",1,1,LEGAL,Nikel,ya,data/processed/sulawesi_esdm_nikel.csv
NODE-SULTENG-MOROWALI-IMIP,Simpul logistik pesisir IMIP-Bahodopi,GITA FLORA,Sulawesi Tengah,KAB. MOROWALI,"SONA TOPAS TOWER LANTAI 5A, JL. JENDRAL SUDIRMAN, KAVLING
26, Desa/Kelurahan Karet Kuningan, Kec. Setiabudi, Kota Adm. Jakarta
Selatan, Provinsi DKI Jakarta,
Kode Pos: 12920",1,1,LEGAL,Nikel,ya,data/processed/sulawesi_esdm_nikel.csv
NODE-SULTENG-MOROWALI-IMIP,Simpul logistik pesisir IMIP-Bahodopi,GRAHA MINING UTAMA,Sulawesi Tengah,KAB. MOROWALI,Jl. Chairil Anwar No.23 Palu,2,2,LEGAL,Nikel,ya,data/processed/sulawesi_esdm_nikel.csv
NODE-SULTENG-MOROWALI-IMIP,Simpul logistik pesisir IMIP-Bahodopi,HARAPAN JAYA NIKELINDO,Sulawesi Tengah,KAB. MOROWALI,SONA TOPAS TOWER,1,1,LEGAL,Nikel,ya,data/processed/sulawesi_esdm_nikel.csv
NODE-SULTENG-MOROWALI-IMIP,Simpul logistik pesisir IMIP-Bahodopi,HENGJAYA MINERALINDO,Sulawesi Tengah,KAB. MOROWALI,"NOBLE HOUSE BUILDING LT.20-UNIT 6 , JL DR IDE ANAK AGUNG GDE AGUNG KAV.E.4.2 NO.2, MEGA KUNINGAN, SETIABUDI",1,1,LEGAL,Nikel,ya,data/processed/sulawesi_esdm_nikel.csv
NODE-SULTENG-MOROWALI-IMIP,Simpul logistik pesisir IMIP-Bahodopi,HERBINDO LIFE SANOBAR,Sulawesi Tengah,KAB. MOROWALI,"RUKAN BATAVIA BLOK N-O JL.TIANG BENDERA V NO.41-43 , Kel. Roa Malaka, Kec. Tambora, Kota Adm. Jakarta Barat, Provinsi DKI Jakarta, Kode Pas: 11230",1,1,LEGAL,Nikel,ya,data/processed/sulawesi_esdm_nikel.csv
NODE-SULTENG-MOROWALI-IMIP,Simpul logistik pesisir IMIP-Bahodopi,INDOBERKAH JAYA MANDIRI,Sulawesi Tengah,KAB. MOROWALI,"District 8, Treasury Tower Lantai 52 SCBD LOT 28 Jalan Jenderal Sudirman, Kav. 52-53, Kel. Senayan, Kec. Kebayoran Baru",1,1,LEGAL,Nikel,ya,data/processed/sulawesi_esdm_nikel.csv
NODE-SULTENG-MOROWALI-IMIP,Simpul logistik pesisir IMIP-Bahodopi,INDUSTRI TAMBANG UTAMA,Sulawesi Tengah,KAB. MOROWALI,"PATRA OFFICE TOWER LANTAI 11, JL GATOT SUBROTO KAV 32-34, KUNINGAN TIMUR, SETIABUDI, JAKARTA SELATAN",1,1,LEGAL,Nikel,ya,data/processed/sulawesi_esdm_nikel.csv
NODE-SULTENG-MOROWALI-IMIP,Simpul logistik pesisir IMIP-Bahodopi,KENCANA BUMI MINERAL,Sulawesi Tengah,KAB. MOROWALI,"GEDUNG IMIP, JALAN BATU MULIA 8",1,1,LEGAL,Nikel,ya,data/processed/sulawesi_esdm_nikel.csv
NODE-SULTENG-MOROWALI-IMIP,Simpul logistik pesisir IMIP-Bahodopi,KENCANA NUSANTARA SAKTI,Sulawesi Tengah,KAB. MOROWALI,JALAN KEMBANGAN KEREP NO.14 A,1,1,LEGAL,Nikel,ya,data/processed/sulawesi_esdm_nikel.csv
NODE-SULTENG-MOROWALI-IMIP,Simpul logistik pesisir IMIP-Bahodopi,KIMBERWAN INTERBUANA,Sulawesi Tengah,KAB. MOROWALI,"RUKAN BATAVIA BLOK N-0 JL. TIANG BENDERA V NO. 41-43, KEL. ROA MALAKA, KEC. TAMBORA, KOTA ADM. JAKARTA BARAT, PROV. DKI JAKARTA",1,1,LEGAL,Nikel,ya,data/processed/sulawesi_esdm_nikel.csv
NODE-SULTENG-MOROWALI-IMIP,Simpul logistik pesisir IMIP-Bahodopi,KURNIA DEGESS RAPTAMA,Sulawesi Tengah,KAB. MOROWALI,"Gedung Menara Anugrah Lantai 17 Unit B, Jalan Dr. Ide Anak Agung Gde Agung Lot. 8.6-8.7, Kel. Kuningan Timur, Kec. Setiabudi, Kota Adm. Jakarta Selatan, Prov. DKI Jakarta",1,1,LEGAL,Nikel,ya,data/processed/sulawesi_esdm_nikel.csv
NODE-SULTENG-MOROWALI-IMIP,Simpul logistik pesisir IMIP-Bahodopi,LABOTA BAHODOPI SORAJAI,Sulawesi Tengah,KAB. MOROWALI,"APL Tower 35 th Floor Suite 2, Jl. Letjen S. Parman Kav 28",1,1,LEGAL,Nikel,ya,data/processed/sulawesi_esdm_nikel.csv
NODE-SULTENG-MOROWALI-IMIP,Simpul logistik pesisir IMIP-Bahodopi,LAROENAI BUNGSEL SORAJAI,Sulawesi Tengah,KAB. MOROWALI,"APL Tower 35 th Floor Suite 2, Jl. Letjen S. Parman Kav 28",1,1,LEGAL,Nikel,ya,data/processed/sulawesi_esdm_nikel.csv
NODE-SULTENG-MOROWALI-IMIP,Simpul logistik pesisir IMIP-Bahodopi,MACRO PURI INDAH PERKASA,Sulawesi Tengah,KAB. MOROWALI,"Jl. Ahmad Yani No. 113 B, Kelurahan Bonggoeya, Kecamatan Wua-Wua, Kode Pos 93118.",1,1,LEGAL,Nikel,ya,data/processed/sulawesi_esdm_nikel.csv
NODE-SULTENG-MOROWALI-IMIP,Simpul logistik pesisir IMIP-Bahodopi,MAGHANTARA MULTIMEDIA NUSAPHALA,Sulawesi Tengah,KAB. MOROWALI,"Rukan Batavia Blok N-O Jl. Tiang Bendera V No 41, Jakarta Barat, DKI Jakarta",1,1,LEGAL,Nikel,ya,data/processed/sulawesi_esdm_nikel.csv
NODE-SULTENG-MOROWALI-IMIP,Simpul logistik pesisir IMIP-Bahodopi,MAHLIGAI ARTHA SEJAHTERA,Sulawesi Tengah,KAB. MOROWALI,JL. ALAM ELOK VI NO 30 KEL PONDOK PINANG JAKARTA SELATAN 12310,1,1,LEGAL,Nikel,ya,data/processed/sulawesi_esdm_nikel.csv
NODE-SULTENG-MOROWALI-IMIP,Simpul logistik pesisir IMIP-Bahodopi,MAKARTI PADABAHO SORAJAI,Sulawesi Tengah,KAB. MOROWALI,"APL Tower 35 th Floor Suite 2, Jl. Letjen S. Parman Kav 28",1,1,LEGAL,Nikel,ya,data/processed/sulawesi_esdm_nikel.csv
NODE-SULTENG-MOROWALI-IMIP,Simpul logistik pesisir IMIP-Bahodopi,MAKASSAR SUKSES SEJAHTERA,Sulawesi Tengah,KAB. MOROWALI,"APL Tower unit OT, lantai 7 T5 Central Park Jalan Letjen S.Parman Tanjung Duren Selatan Grogol petamburan Jakarta Barat",1,1,LEGAL,Nikel,ya,data/processed/sulawesi_esdm_nikel.csv
NODE-SULTENG-MOROWALI-IMIP,Simpul logistik pesisir IMIP-Bahodopi,MINERAL BUMI NUSANTARA,Sulawesi Tengah,KAB. MOROWALI,"KOMPLEK MITRA BAHARI, JL. PAKIN BLOK D KAVLING 15, KOTA JAKARTA UTARA, kel. Pluit, Kec Penjaringan, Kota Adm. Jakarta Utara, Provinsi DKI Jakarta",2,1,LEGAL,Batu Gamping; Nikel,ya,data/processed/sulawesi_esdm_nikel.csv
NODE-SULTENG-MOROWALI-IMIP,Simpul logistik pesisir IMIP-Bahodopi,MITRA JAYA PERKASA ABADI,Sulawesi Tengah,KAB. MOROWALI,Jalan Taman Gunawarman Timur Nomor 14,1,1,LEGAL,Nikel,ya,data/processed/sulawesi_esdm_nikel.csv
NODE-SULTENG-MOROWALI-IMIP,Simpul logistik pesisir IMIP-Bahodopi,MITRA KARYA AGUNG LESTARI,Sulawesi Tengah,KAB. MOROWALI,EIGHTYEIGHT@KASABLANKA OFFICE TOWER LANTAI 21 UNIT E-F JL. CASABLANCA KAV.88 RT/RW.00/00 KEL.MENTENG DALAM KEC. TEBET KOTA ADMINISTRASI JAKARTA SELATAN,1,1,LEGAL,Nikel,ya,data/processed/sulawesi_esdm_nikel.csv
NODE-SULTENG-MOROWALI-IMIP,Simpul logistik pesisir IMIP-Bahodopi,MULAI DARI INDONESIA,Sulawesi Tengah,KAB. MOROWALI,"Jl. Keroncong Permai DP 3/9 Kel. Keroncong, Kec. Jatiuwung, Kota Tangerang",1,1,LEGAL,Nikel,ya,data/processed/sulawesi_esdm_nikel.csv
NODE-SULTENG-MOROWALI-IMIP,Simpul logistik pesisir IMIP-Bahodopi,MULIA TANGJONG,Sulawesi Tengah,KAB. MOROWALI,"JL.GUNUNGTAMBORA NO.37,RT.III/03,NIKKEL-NUHA, Desa/Kelurahan
Nikkel, Kec. Nuha, Kab. Luwu Timur, Provinsi Sulawesi Selatan,
Kode Pos: 92983",1,1,LEGAL,Nikel,ya,data/processed/sulawesi_esdm_nikel.csv
NODE-SULTENG-MOROWALI-IMIP,Simpul logistik pesisir IMIP-Bahodopi,MULTI MENTARI INTERNUSA,Sulawesi Tengah,KAB. MOROWALI,Jl. Brigjen. H. Hasan Basri ,1,1,LEGAL,Nikel,ya,data/processed/sulawesi_esdm_nikel.csv
NODE-SULTENG-MOROWALI-IMIP,Simpul logistik pesisir IMIP-Bahodopi,NUSA MINERAL SEMESTA,Sulawesi Tengah,KAB. MOROWALI,"Jalan Kembangan Kerep No. 14A, Meruya Utara, Kembangan, Kota Adm. Jakarta Barat, DKI Jakarta",1,1,LEGAL,Nikel,ya,data/processed/sulawesi_esdm_nikel.csv
NODE-SULTENG-MOROWALI-IMIP,Simpul logistik pesisir IMIP-Bahodopi,NUSAJAYA PERSADATAMA MANDIRI,Sulawesi Tengah,KAB. MOROWALI,"GEDUNG OFFICE 8, LANTAI 21 UNIT E&F, SCBD LOT 28. JL. JEND. SUDIRMAN KAV. 52-53, KEBAYORAN BARU",1,1,LEGAL,Nikel,ya,data/processed/sulawesi_esdm_nikel.csv
NODE-SULTENG-MOROWALI-IMIP,Simpul logistik pesisir IMIP-Bahodopi,ODDELL INDONESIA,Sulawesi Tengah,KAB. MOROWALI,,1,1,LEGAL,Nikel,ya,data/processed/sulawesi_esdm_nikel.csv
NODE-SULTENG-MOROWALI-IMIP,Simpul logistik pesisir IMIP-Bahodopi,OTI EYA ABADI,Sulawesi Tengah,KAB. MOROWALI,JL. CHAERIL ANWAR NO.23 PALU - SULTENG (0451)  422463,1,1,LEGAL,Nikel,ya,data/processed/sulawesi_esdm_nikel.csv
NODE-SULTENG-MOROWALI-IMIP,Simpul logistik pesisir IMIP-Bahodopi,PAM MINERAL,Sulawesi Tengah,KAB. MOROWALI,Jalan Batu Jajar nomor 37,1,1,LEGAL,Nikel,ya,data/processed/sulawesi_esdm_nikel.csv
NODE-SULTENG-MOROWALI-IMIP,Simpul logistik pesisir IMIP-Bahodopi,PT MITRA SULAWESI BERSAMA,Sulawesi Tengah,KAB. MOROWALI,"Gold Coast Office, Tower Eiffel Unit 7/D, Jalan Pantai Indah Kapuk",1,1,LEGAL,Nikel,ya,data/processed/sulawesi_esdm_nikel.csv
NODE-SULTENG-MOROWALI-IMIP,Simpul logistik pesisir IMIP-Bahodopi,PUTRA SULAWESI MINNING,Sulawesi Tengah,KAB. MOROWALI,"Menara BCA - Grand Indonesia Lt. 50, Jl. MH Thamrin No. 1, Jakarta Pusat",1,1,LEGAL,Nikel,ya,data/processed/sulawesi_esdm_nikel.csv
NODE-SULTENG-MOROWALI-IMIP,Simpul logistik pesisir IMIP-Bahodopi,RAIHAN CATURPUTRA,Sulawesi Tengah,KAB. MOROWALI,"18 Parc Place SCBD Tower D Lt.11, Jalan Jendral Sudirman Kav.52-53",1,1,LEGAL,Nikel,ya,data/processed/sulawesi_esdm_nikel.csv
NODE-SULTENG-MOROWALI-IMIP,Simpul logistik pesisir IMIP-Bahodopi,ROUDHOH PRATAMA,Sulawesi Tengah,KAB. MOROWALI,"The Honey Lady Tower Lt. 2 Unit 202-205 Jl. Pluit Selatan Raya No. 1, Kel. Penjaringan, Kec. Penjaringan.
Kode Pos: 14440",1,1,LEGAL,Nikel,ya,data/processed/sulawesi_esdm_nikel.csv
NODE-SULTENG-MOROWALI-IMIP,Simpul logistik pesisir IMIP-Bahodopi,SARANA ERANAS TAMBANG,Sulawesi Tengah,KAB. MOROWALI,-,1,1,LEGAL,Nikel,ya,data/processed/sulawesi_esdm_nikel.csv
NODE-SULTENG-MOROWALI-IMIP,Simpul logistik pesisir IMIP-Bahodopi,SARANA MAJU CEMERLANG,Sulawesi Tengah,KAB. MOROWALI,MENARA DAGANG NEGARA LT 9 JL MH THAMRIN NO 5 JAKARTA PUSAT,1,1,LEGAL,Nikel,ya,data/processed/sulawesi_esdm_nikel.csv
NODE-SULTENG-MOROWALI-IMIP,Simpul logistik pesisir IMIP-Bahodopi,SELARAS MAJU,Sulawesi Tengah,KAB. MOROWALI,"Jalan Pluit Selatan Raya, Ruko CBD Pluit Blok C No.01
Kelurahan Pluit Kecamatan Penjaringan 
Jakarta Utara - 14450",1,1,LEGAL,Nikel,ya,data/processed/sulawesi_esdm_nikel.csv
NODE-SULTENG-MOROWALI-IMIP,Simpul logistik pesisir IMIP-Bahodopi,SUGICO PENDRAGON ENERGI,Sulawesi Tengah,KAB. MOROWALI,"Komplek Griya Kemayoran, Jalan Industri Raya Kav 9-11, R101, Kel. Gunung Sahari Utara, Kec. Sawah Besar, Jakarta Pusat 10720",2,2,LEGAL,Nikel,ya,data/processed/sulawesi_esdm_nikel.csv
NODE-SULTENG-MOROWALI-IMIP,Simpul logistik pesisir IMIP-Bahodopi,SUMBER PERMATA MINERAL,Sulawesi Tengah,KAB. MOROWALI,"JL. GUNUNG TINOMBALA NO 73, KEL. TALISE, KEC. MANTIKULORE, KOTA PALU",1,1,LEGAL,Nikel,ya,data/processed/sulawesi_esdm_nikel.csv
NODE-SULTENG-MOROWALI-IMIP,Simpul logistik pesisir IMIP-Bahodopi,SYNERGY BARAPRIMA GEMILANG,Sulawesi Tengah,KAB. MOROWALI,"GOLD COAST OFFICE, TOWER LIBERTY  OTB LT5 UNIT K, JL. PANTAI INDAH KAPUK BOULEVARD, PENJARINGAN",1,1,LEGAL,Nikel,ya,data/processed/sulawesi_esdm_nikel.csv
NODE-SULTENG-MOROWALI-IMIP,Simpul logistik pesisir IMIP-Bahodopi,TANJUNG BATANGA SAKTI,Sulawesi Tengah,KAB. MOROWALI,"Jln Trans Sulawesi, Kel Wosu, Kec Bungku Barat, Kab Morowali",1,1,LEGAL,Nikel,ya,data/processed/sulawesi_esdm_nikel.csv
NODE-SULTENG-MOROWALI-IMIP,Simpul logistik pesisir IMIP-Bahodopi,TEKNIK ALUM SERVICE,Sulawesi Tengah,KAB. MOROWALI,"Pondok Indah Office Tower 2 Lt. 11 Suite 1101, Jl. Iskandar Muda kav. V-TA",1,1,LEGAL,Nikel,ya,data/processed/sulawesi_esdm_nikel.csv
NODE-SULTENG-MOROWALI-IMIP,Simpul logistik pesisir IMIP-Bahodopi,TERATAI BINDO UTAMA,Sulawesi Tengah,KAB. MOROWALI,"JL. GEDONG PANJANG II NO. 18/3.A,, Desa/Kelurahan Pekojan, Kec.
Tambora, Kota Adm. Jakarta Barat, Provinsi DKI Jakarta,
Kode Pos: 11240",1,1,LEGAL,Nikel,ya,data/processed/sulawesi_esdm_nikel.csv
NODE-SULTENG-MOROWALI-IMIP,Simpul logistik pesisir IMIP-Bahodopi,TIGA BAJI,Sulawesi Tengah,KAB. MOROWALI,"Jalan Jend Gatot Subroto Kav.27,kel.kuningan timur,kec setiabudi, Jakarta Selatan",1,1,LEGAL,Nikel,ya,data/processed/sulawesi_esdm_nikel.csv
NODE-SULTENG-MOROWALI-IMIP,Simpul logistik pesisir IMIP-Bahodopi,TOPOGARO BUNGBAR SORAJAI,Sulawesi Tengah,KAB. MOROWALI,"APL Tower 35 th Floor Suite 2, Jl. Letjen S Parman Kav 28",1,1,LEGAL,Nikel,ya,data/processed/sulawesi_esdm_nikel.csv
NODE-SULTENG-MOROWALI-IMIP,Simpul logistik pesisir IMIP-Bahodopi,VITA INDAH SEJATI,Sulawesi Tengah,KAB. MOROWALI,"Rukan Batavia Blok N-O Jl. Tiang Bendera V No 41, Jakarta Barat, DKI Jakarta",1,1,LEGAL,Nikel,ya,data/processed/sulawesi_esdm_nikel.csv
NODE-SULTENG-MOROWALI-IMIP,Simpul logistik pesisir IMIP-Bahodopi,WAHIDA PERSADA,Sulawesi Tengah,KAB. MOROWALI,"AKR Tower L.t 16 Unit 16A.
Jalan Panjang Nomor 5. Desa/Kel. Kebon Jeruk, Kec. Kebon Jeruk.",1,1,LEGAL,Nikel,ya,data/processed/sulawesi_esdm_nikel.csv
NODE-SULTENG-MOROWALI-IMIP,Simpul logistik pesisir IMIP-Bahodopi,WOSINDO MINERAL PERKASA,Sulawesi Tengah,KAB. MOROWALI,World Capital Tower Lt. 39 Jalan Mega Kuningan Barat Lingkar Kuningan No.3 Rt 005 Rw 002,1,1,LEGAL,Nikel,ya,data/processed/sulawesi_esdm_nikel.csv
NODE-SULTENG-MOROWALI-IMIP,Simpul logistik pesisir IMIP-Bahodopi,WOSINDO PERKASA,Sulawesi Tengah,KAB. MOROWALI,"JL.TRANS SULAWESI NO.04, KEC. BUNGKU BARAT, KAB. MOROWALI, PROV. SULAWESI TENGAH",1,1,LEGAL,Nikel,ya,data/processed/sulawesi_esdm_nikel.csv
NODE-SULTENG-MOROWALI-IMIP,Simpul logistik pesisir IMIP-Bahodopi,VALE INDONESIA,Sulawesi Tenggara,"KAB. KOLAKA; KAB. KOLAKA UTARA; KAB. MOROWALI, KAB. LUWU TIMUR",SEQUIS TOWER LT. 20 UNIT 6 & 7 JALAN JENDERAL SUDIRMAN KAV. 71,4,4,LEGAL,Nikel,ya,data/processed/sulawesi_esdm_nikel.csv
NODE-SULTENG-MOROWALI-IMIP,Simpul logistik pesisir IMIP-Bahodopi,ANUGERAH BATU PUTIH,Sulawesi Tengah,KAB. MOROWALI,GEDUNG TREASURY TOWER LT.69 DISTRICT 8 SCBD LOT.28 JL. JEND SUDIRMAN KAV.52-53 SENAYAN KEBAYORAN BARU,1,0,LEGAL,Batu Gamping,tidak,data/processed/sulawesi_esdm_nikel.csv
NODE-SULTENG-MOROWALI-IMIP,Simpul logistik pesisir IMIP-Bahodopi,ASET SULAWESI MINERALINDO,Sulawesi Tengah,KAB. MOROWALI,,1,0,LEGAL,Batu Gamping,tidak,data/processed/sulawesi_esdm_nikel.csv
NODE-SULTENG-MOROWALI-IMIP,Simpul logistik pesisir IMIP-Bahodopi,BAHOEA ALAM JAYA,Sulawesi Tengah,KAB. MOROWALI,BAHORURU DESA BAHORURU KECAMATAN BUNGKU TENGAH KABUPATEN MOROWALI SULAWESI TENGAH,1,0,LEGAL,Kerikil Berpasir Alami (Sirtu),tidak,data/processed/sulawesi_esdm_nikel.csv
NODE-SULTENG-MOROWALI-IMIP,Simpul logistik pesisir IMIP-Bahodopi,BATU ALAM PRIMA,Sulawesi Tengah,KAB. MOROWALI,"JL. SAMRATULANGI NO. 77 A, Desa/Kelurahan Besusu Tengah, Kec.
Palu Timur, Kota Palu, Provinsi Sulawesi Tengah",1,0,LEGAL,Batu Gamping,tidak,data/processed/sulawesi_esdm_nikel.csv
NODE-SULTENG-MOROWALI-IMIP,Simpul logistik pesisir IMIP-Bahodopi,BATU TAMBANG SAMBALAGI,Sulawesi Tengah,KAB. MOROWALI,"DESA SAMBALAGI, KEC. BUNGKU PESISIR",1,0,LEGAL,Batu Gamping,tidak,data/processed/sulawesi_esdm_nikel.csv
NODE-SULTENG-MOROWALI-IMIP,Simpul logistik pesisir IMIP-Bahodopi,BATUAN UNGGUL PERKASA,Sulawesi Tengah,KAB. MOROWALI,APL Tower Lantai 38 Unit T5-T6,1,0,LEGAL,Batu Gamping untuk Industri,tidak,data/processed/sulawesi_esdm_nikel.csv
NODE-SULTENG-MOROWALI-IMIP,Simpul logistik pesisir IMIP-Bahodopi,BERKAH UTAMA MOROWALI,Sulawesi Tengah,KAB. MOROWALI,"Desa Bahomoahi, Kecamatan Bungku Timur,Kabupaten Morowali, Provinsi Sulawesi Tengah, Desa/Kelurahan Bahomoahi, Kec. Bungku Timur, Kab. Morowali, Provinsi Sulawesi Tengah",1,0,LEGAL,Kerikil Berpasir Alami (Sirtu),tidak,data/processed/sulawesi_esdm_nikel.csv
NODE-SULTENG-MOROWALI-IMIP,Simpul logistik pesisir IMIP-Bahodopi,BIOMAS INTERNASIONAL,Sulawesi Tengah,KAB. MOROWALI,"Gedung De Ploeit Centrale Lantai 8, Jalan Pluit Selatan Raya",1,0,LEGAL,Batu Gamping,tidak,data/processed/sulawesi_esdm_nikel.csv
NODE-SULTENG-MOROWALI-IMIP,Simpul logistik pesisir IMIP-Bahodopi,BRAVO MAHESA ARKATAMA,Sulawesi Tengah,KAB. MOROWALI,"Jalan Let Jend. S. Parman kav. 28, Lantai 16-T9 APL Tower Podomoro City (Central Park), Kota Adm. Jakarta Barat Provinsi DKI Jakarta 11470",1,0,LEGAL,Batu Gamping,tidak,data/processed/sulawesi_esdm_nikel.csv
NODE-SULTENG-MOROWALI-IMIP,Simpul logistik pesisir IMIP-Bahodopi,BUKIT INDAH NIRWANA,Sulawesi Tengah,KAB. MOROWALI,"DESA BAHOMOHONI, KECAMATAN BUNGKU TENGAH, KABUPATEN MOROWALI PROVINSI SULAWESI TENGAH",1,0,LEGAL,Batu Gamping untuk Industri,tidak,data/processed/sulawesi_esdm_nikel.csv
NODE-SULTENG-MOROWALI-IMIP,Simpul logistik pesisir IMIP-Bahodopi,BUMI MOROWALI ABADI,Sulawesi Tengah,KAB. MOROWALI,Dusun 003 Dekat Mesjid Desa Laroenai Kecamatan Bungku Pesisir,1,0,LEGAL,Batu Gamping,tidak,data/processed/sulawesi_esdm_nikel.csv
NODE-SULTENG-MOROWALI-IMIP,Simpul logistik pesisir IMIP-Bahodopi,BUMI NICKEL MOROWALI,Sulawesi Tengah,KAB. MOROWALI,JL. TRANS SULAWESI,1,0,LEGAL,Kerikil Berpasir Alami (Sirtu),tidak,data/processed/sulawesi_esdm_nikel.csv
NODE-SULTENG-MOROWALI-IMIP,Simpul logistik pesisir IMIP-Bahodopi,CAHAYA ALAM MAKMUR,Sulawesi Tengah,KAB. MOROWALI,"DESA PEBATAE, Desa/Kelurahan Pebatae, Kec. Bumi Raya, Kab. Morowali, Provinsi Sulawesi Tengah 94976",1,0,LEGAL,Pasir,tidak,data/processed/sulawesi_esdm_nikel.csv
NODE-SULTENG-MOROWALI-IMIP,Simpul logistik pesisir IMIP-Bahodopi,CAHAYA MINERAL INDUSTRI,Sulawesi Tengah,KAB. MOROWALI,DESA KEUREA,1,0,LEGAL,Kerikil Berpasir Alami (Sirtu),tidak,data/processed/sulawesi_esdm_nikel.csv
NODE-SULTENG-MOROWALI-IMIP,Simpul logistik pesisir IMIP-Bahodopi,CAHAYA MINERAL SEJAHTERA,Sulawesi Tengah,KAB. MOROWALI,Jalan Trans Sulawesi Nomor 07,1,0,LEGAL,Batu Gamping,tidak,data/processed/sulawesi_esdm_nikel.csv
NODE-SULTENG-MOROWALI-IMIP,Simpul logistik pesisir IMIP-Bahodopi,CALMONA PRIMA JAYA,Sulawesi Tengah,KAB. MOROWALI,-,2,0,LEGAL,Batu Gamping untuk Industri,tidak,data/processed/sulawesi_esdm_nikel.csv
NODE-SULTENG-MOROWALI-IMIP,Simpul logistik pesisir IMIP-Bahodopi,CETARA KARYA PERKASA,Sulawesi Tengah,KAB. MOROWALI,"Jl. DANAU TONDANO T. 10A RT 013 RW 005, BENDUNGAN HILIR, TANAH ABANG JAKARTA PUSAT",2,0,LEGAL,Batu Gunung Quarry Besar,tidak,data/processed/sulawesi_esdm_nikel.csv
NODE-SULTENG-MOROWALI-IMIP,Simpul logistik pesisir IMIP-Bahodopi,CIPTA MINERAL PERKASA,Sulawesi Tengah,KAB. MOROWALI,"Jalan Maleo No.12, Tanamodindi, Mantikulore, Palu",1,0,LEGAL,Batu Gunung Quarry Besar,tidak,data/processed/sulawesi_esdm_nikel.csv
NODE-SULTENG-MOROWALI-IMIP,Simpul logistik pesisir IMIP-Bahodopi,DAMPALA SEJAHTERA BERSAMA,Sulawesi Tengah,KAB. MOROWALI,"Jl. Trans Sulawesi Desa Dampala Kecamatan Bahodopi,
Kabupaten Morowali, Propinsi Sulawesi Tengah",1,0,LEGAL,Kerikil Berpasir Alami (Sirtu),tidak,data/processed/sulawesi_esdm_nikel.csv
NODE-SULTENG-MOROWALI-IMIP,Simpul logistik pesisir IMIP-Bahodopi,DENMAR JAYA MANDIRI,Sulawesi Tengah,KAB. MOROWALI,"Desa Geresa dan laroue, kec. Bungku Timur, Kab. Morowali, Provinsi Sulawesi tengah",1,0,LEGAL,Batu Gamping,tidak,data/processed/sulawesi_esdm_nikel.csv
NODE-SULTENG-MOROWALI-IMIP,Simpul logistik pesisir IMIP-Bahodopi,DUTA SARANA MINERAL,Sulawesi Tengah,KAB. MOROWALI,Jalan Trans Sulawesi Desa Siumbatu,1,0,LEGAL,Tanah Urug,tidak,data/processed/sulawesi_esdm_nikel.csv
NODE-SULTENG-MOROWALI-IMIP,Simpul logistik pesisir IMIP-Bahodopi,FINARA RAMA MOROWALI,Sulawesi Tengah,KAB. MOROWALI,"Desa Kolono, Desa/Kel. Kolono, Kec. Bungku Timur, Kab. Morowali, Provinsi Sulawesi Tengah, 94973",1,0,LEGAL,Batu Gamping,tidak,data/processed/sulawesi_esdm_nikel.csv
NODE-SULTENG-MOROWALI-IMIP,Simpul logistik pesisir IMIP-Bahodopi,GOSYEN ALAM SEJAHTERA,Sulawesi Tengah,KAB. MOROWALI,"Desa Kolono, Desa/Kelurahan Kolono, Kec. Bungku Timur, Kab. Morowali,
Provinsi Sulawesi Tengah",1,0,LEGAL,Kerikil Berpasir Alami (Sirtu),tidak,data/processed/sulawesi_esdm_nikel.csv
NODE-SULTENG-MOROWALI-IMIP,Simpul logistik pesisir IMIP-Bahodopi,GRAHA BATU PERDANA,Sulawesi Tengah,KAB. MOROWALI,": Jl. Poros Trans Sulawesi Tengah, Desa Bahomohoni,Kel. Bahomohoni , Kec. Bungku Tengah, Kab.Morowali,( Sulawesi Tengah )",1,0,LEGAL,Batu Gamping,tidak,data/processed/sulawesi_esdm_nikel.csv
NODE-SULTENG-MOROWALI-IMIP,Simpul logistik pesisir IMIP-Bahodopi,GRAHA ISTIKA UTAMA,Sulawesi Tengah,KAB. MOROWALI,Jl. Chairil Anwar No 23 Palu,1,0,LEGAL,Batu Gamping,tidak,data/processed/sulawesi_esdm_nikel.csv
NODE-SULTENG-MOROWALI-IMIP,Simpul logistik pesisir IMIP-Bahodopi,HARAPAN BARU,Sulawesi Tengah,KAB. MOROWALI,,1,0,LEGAL,Batu Gamping untuk Industri,tidak,data/processed/sulawesi_esdm_nikel.csv
NODE-SULTENG-MOROWALI-IMIP,Simpul logistik pesisir IMIP-Bahodopi,INIA MPUU SEJAHTERA,Sulawesi Tengah,KAB. MOROWALI,"Desa Umpanga, Kecamatan Bungku Barat",1,0,LEGAL,Kerikil Berpasir Alami (Sirtu),tidak,data/processed/sulawesi_esdm_nikel.csv
NODE-SULTENG-MOROWALI-IMIP,Simpul logistik pesisir IMIP-Bahodopi,INVESTASI STALAKTIT INDONESIA,Sulawesi Tengah,KAB. MOROWALI,"Ruko Permata Regency Blok D No. 37, Jl. Hj. Kelik Kelurahan Srengseng Kecamatan Kembangan Kota Adm. Jakarta Barat Provinsi DKI Jakarta",1,0,LEGAL,Batu Gamping,tidak,data/processed/sulawesi_esdm_nikel.csv
NODE-SULTENG-MOROWALI-IMIP,Simpul logistik pesisir IMIP-Bahodopi,JASATAMA MANDIRI SUKSES,Sulawesi Tengah,KAB. MOROWALI,"JALAN TASIKMADU-KEBAKKRAMAT KM. 1 NOMOR 17, Kel. Pandeyan, Kec. Tasikmadu, Kab. Karanganyar, Provinsi Jawa Tengah,",1,0,LEGAL,Batu Gamping untuk Industri,tidak,data/processed/sulawesi_esdm_nikel.csv
NODE-SULTENG-MOROWALI-IMIP,Simpul logistik pesisir IMIP-Bahodopi,KENCANA BATU ALAM,Sulawesi Tengah,KAB. MOROWALI,-,1,0,LEGAL,Batu Gamping untuk Industri,tidak,data/processed/sulawesi_esdm_nikel.csv
NODE-SULTENG-MOROWALI-IMIP,Simpul logistik pesisir IMIP-Bahodopi,LEWUTO BIMA PERSADA,Sulawesi Tengah,KAB. MOROWALI,,1,0,LEGAL,Batu Gamping,tidak,data/processed/sulawesi_esdm_nikel.csv
NODE-SULTENG-MOROWALI-IMIP,Simpul logistik pesisir IMIP-Bahodopi,LOGAM JAYA UTAMA,Sulawesi Tengah,KAB. MOROWALI,"Jl. Kangkung No. 31 Kel. Wawondula, Kec. Towuti, Kab. Luwu Timur, Prop Sulawesi Selatan",1,0,LEGAL,Batu Gamping,tidak,data/processed/sulawesi_esdm_nikel.csv
NODE-SULTENG-MOROWALI-IMIP,Simpul logistik pesisir IMIP-Bahodopi,MAKMUR TAMIN RAYA,Sulawesi Tengah,KAB. MOROWALI,"Jalan Trans Sulawesi, Desa Topogaro Kecamatan Bungku Barat Kabupaten Morowali",1,0,LEGAL,Batu Gamping,tidak,data/processed/sulawesi_esdm_nikel.csv
NODE-SULTENG-MOROWALI-IMIP,Simpul logistik pesisir IMIP-Bahodopi,MENDUI PUTERA ABADI,Sulawesi Tengah,KAB. MOROWALI,Mendui Kelurahan Mendui Kecamatan Bungku Tengah Kabupaten Morowali Provinsi Sulawesi Tengah,1,0,LEGAL,Batu Gamping,tidak,data/processed/sulawesi_esdm_nikel.csv
NODE-SULTENG-MOROWALI-IMIP,Simpul logistik pesisir IMIP-Bahodopi,MINERAL BUMI PULUTI,Sulawesi Tengah,KAB. MOROWALI,"Kelurahan Lamberea, Kecamatan Bungku Tengah, Kabupaten
Morowali, Provinsi Sulawesi Tengah",1,0,LEGAL,Batu Gamping,tidak,data/processed/sulawesi_esdm_nikel.csv
NODE-SULTENG-MOROWALI-IMIP,Simpul logistik pesisir IMIP-Bahodopi,MOFARAH ENERGI TOPOGARO,Sulawesi Tengah,KAB. MOROWALI,"jln.kihajar dewantara no.12 Marsaoleh, Bungku Tengah Kab. Morowali Sulawesi Tengah",1,0,LEGAL,Batu Gamping,tidak,data/processed/sulawesi_esdm_nikel.csv
NODE-SULTENG-MOROWALI-IMIP,Simpul logistik pesisir IMIP-Bahodopi,MOROWALI BANGKIT SEJAHTERA,Sulawesi Tengah,KAB. MOROWALI,"DESA BENTE, Kel. Bente, Kec. Bungku Tengah, Kab. Morowali,
Prov. Sulawesi Tengah",1,0,LEGAL,Batu Gamping,tidak,data/processed/sulawesi_esdm_nikel.csv
NODE-SULTENG-MOROWALI-IMIP,Simpul logistik pesisir IMIP-Bahodopi,MOROWALI NUSANTARA MINERAL,Sulawesi Tengah,KAB. MOROWALI,"JL. Larino, Kel. Bahoruru, Kec. Bungku Tengah, Kab. Morowali, Provinsi Sulawesi Tengah, Kode Pos: 94973",1,0,LEGAL,Kerikil Berpasir Alami (Sirtu),tidak,data/processed/sulawesi_esdm_nikel.csv
NODE-SULTENG-MOROWALI-IMIP,Simpul logistik pesisir IMIP-Bahodopi,MULIA JAYA MOROWALI,Sulawesi Tengah,KAB. MOROWALI,Jl. Trans Sulawesi Bungku – Kendari No. 81 – Morowali,1,0,LEGAL,Kerikil Berpasir Alami (Sirtu),tidak,data/processed/sulawesi_esdm_nikel.csv
NODE-SULTENG-MOROWALI-IMIP,Simpul logistik pesisir IMIP-Bahodopi,MUTIA KARYA MANDIRI,Sulawesi Tengah,KAB. MOROWALI,Jl. BTN Mangasa Permai Blok Z 2/3 Kelurahan Gunung Sari Kelurahan Rappocini,1,0,LEGAL,Kerikil Berpasir Alami (Sirtu),tidak,data/processed/sulawesi_esdm_nikel.csv
NODE-SULTENG-MOROWALI-IMIP,Simpul logistik pesisir IMIP-Bahodopi,MUTIARA SELATAN,Sulawesi Tengah,KAB. MOROWALI,,1,0,LEGAL,Kerikil Berpasir Alami (Sirtu),tidak,data/processed/sulawesi_esdm_nikel.csv
NODE-SULTENG-MOROWALI-IMIP,Simpul logistik pesisir IMIP-Bahodopi,NATURAL PERSADA MOROWALI,Sulawesi Tengah,KAB. MOROWALI,Jl. Jati jaya No. A/6 RT 04 RW 01 Kel. Tavanjuka Kec. Tatanga Kota Palu Sulawesi Tengah,1,0,LEGAL,Batu Gamping,tidak,data/processed/sulawesi_esdm_nikel.csv
NODE-SULTENG-MOROWALI-IMIP,Simpul logistik pesisir IMIP-Bahodopi,NOVUS BUMI PERSADA,Sulawesi Tengah,KAB. MOROWALI,JL. TB SIMATUPANG KAV. 35 CILANDAK BARAT JAKARTA SELATAN,1,0,LEGAL,Batu Gamping,tidak,data/processed/sulawesi_esdm_nikel.csv
NODE-SULTENG-MOROWALI-IMIP,Simpul logistik pesisir IMIP-Bahodopi,PALEWAI REZEKI PAMMASE,Sulawesi Tengah,KAB. MOROWALI,BTN Graha Asri Blok K No. 17,1,0,LEGAL,Kerikil Berpasir Alami (Sirtu),tidak,data/processed/sulawesi_esdm_nikel.csv
NODE-SULTENG-MOROWALI-IMIP,Simpul logistik pesisir IMIP-Bahodopi,PANORAMA FATUTOKO GRUP,Sulawesi Tengah,KAB. MOROWALI,Jalan Trans Sulawesi,1,0,LEGAL,Kerikil Berpasir Alami (Sirtu),tidak,data/processed/sulawesi_esdm_nikel.csv
NODE-SULTENG-MOROWALI-IMIP,Simpul logistik pesisir IMIP-Bahodopi,PENINSULA KAPUR PRIMA,Sulawesi Tengah,KAB. MOROWALI,"Alamanda Tower lantai 25 
Jl. TB Simatupang Kav. 22-26, Cilandak,",1,0,LEGAL,Batu Gamping,tidak,data/processed/sulawesi_esdm_nikel.csv
NODE-SULTENG-MOROWALI-IMIP,Simpul logistik pesisir IMIP-Bahodopi,PRIMA BERKAT MINERAL,Sulawesi Tengah,KAB. MOROWALI,GD STC SENAYAN ROOM.31-34. JL ASIA AFRIKA PINTU IX TANANH ABANG,1,0,LEGAL,Batu Gamping,tidak,data/processed/sulawesi_esdm_nikel.csv
NODE-SULTENG-MOROWALI-IMIP,Simpul logistik pesisir IMIP-Bahodopi,PRIMA MINERAL ABADI,Sulawesi Tengah,KAB. MOROWALI,,1,0,LEGAL,Batu Gamping,tidak,data/processed/sulawesi_esdm_nikel.csv
NODE-SULTENG-MOROWALI-IMIP,Simpul logistik pesisir IMIP-Bahodopi,PRIMA MOROWALI SEJAHTERA,Sulawesi Tengah,KAB. MOROWALI,"Jl. Y. Wayong Perumahan Graha Wika Furi Indah Blok D No 1, Ruko Warkop Ana Wonua",1,0,LEGAL,Batu Gamping,tidak,data/processed/sulawesi_esdm_nikel.csv
NODE-SULTENG-MOROWALI-IMIP,Simpul logistik pesisir IMIP-Bahodopi,PUTRA SEJAHTERA MEMBANGUN,Sulawesi Tengah,KAB. MOROWALI,DESA EMEA,1,0,LEGAL,Kerikil Berpasir Alami (Sirtu),tidak,data/processed/sulawesi_esdm_nikel.csv
NODE-SULTENG-MOROWALI-IMIP,Simpul logistik pesisir IMIP-Bahodopi,REZKY UTAMA JAYA,Sulawesi Tengah,KAB. MOROWALI,"Desa Unsongi, Kel. Unsongi, Kec. Bungku Timur, Kab. Morowali,
Prov. Sulawesi Tengah",1,0,LEGAL,Batu Gamping,tidak,data/processed/sulawesi_esdm_nikel.csv
NODE-SULTENG-MOROWALI-IMIP,Simpul logistik pesisir IMIP-Bahodopi,SAMUDRA LIMESTONE ABADI,Sulawesi Tengah,KAB. MOROWALI,"Infiniti Office, MTH Square GF, A4 A Jl. Letjen MT Haryono Kav. 10 Kelurahan Bidara Cina Kecamatan Jatinegara Kota Adm. Jakarta Timur Provinsi DKI Jakarta",1,0,LEGAL,Batu Gamping,tidak,data/processed/sulawesi_esdm_nikel.csv
NODE-SULTENG-MOROWALI-IMIP,Simpul logistik pesisir IMIP-Bahodopi,SANDY KARYA MOROWALI,Sulawesi Tengah,KAB. MOROWALI,Jln Saptamarga Kelurahan Botu Kecamatan Dumbo Raya Kota Gorontalo Provinsi Gorontalo,1,0,LEGAL,Batu Gamping,tidak,data/processed/sulawesi_esdm_nikel.csv
NODE-SULTENG-MOROWALI-IMIP,Simpul logistik pesisir IMIP-Bahodopi,SULAWESI UTAMA MANDIRI,Sulawesi Tengah,KAB. MOROWALI,"Jl. Sedap Malam No.5 Kel. Besusu Tengah, Kec. Palu Timur, Kota Palu, Prov. Sulawesi Tengah",1,0,LEGAL,Batu Gamping,tidak,data/processed/sulawesi_esdm_nikel.csv
NODE-SULTENG-MOROWALI-IMIP,Simpul logistik pesisir IMIP-Bahodopi,SUMBER GLORI MAKMUR,Sulawesi Tengah,KAB. MOROWALI,"Ruko Mangga Dua Mall No. 20 Lt. 4 Jl. Mangga Dua Raya, Kel. Mangga Dua Selatan, Kec. Sawah Besar, Jakarta Pusat, DKI Jakarta",1,0,LEGAL,Kerikil Berpasir Alami (Sirtu),tidak,data/processed/sulawesi_esdm_nikel.csv
NODE-SULTENG-MOROWALI-IMIP,Simpul logistik pesisir IMIP-Bahodopi,TAMA OTOLU METUTUAI,Sulawesi Tengah,KAB. MOROWALI,DESA LANONA,1,0,LEGAL,Kerikil Berpasir Alami (Sirtu),tidak,data/processed/sulawesi_esdm_nikel.csv
NODE-SULTENG-MOROWALI-IMIP,Simpul logistik pesisir IMIP-Bahodopi,TERA LIMESTONE SEJAHTERA,Sulawesi Tengah,KAB. MOROWALI,"MENARA CAKRAWALA LT 12, UNIT 1205 A, JL MH THAMRIN NO. 9 KELURAHAN KEBON SIRIH KECAMATAN MENTENG KOTA ADM JAKARTA PUSAT PROVINSI DKI JAKARTA",1,0,LEGAL,Batu Gamping,tidak,data/processed/sulawesi_esdm_nikel.csv
NODE-SULTENG-MOROWALI-IMIP,Simpul logistik pesisir IMIP-Bahodopi,WIKA MANUNGGAL PERKASA,Sulawesi Tengah,KAB. MOROWALI,JALAN TRANS SULAWESI NOMOR 07 (RUKAN PMS PLAZA),1,0,LEGAL,Kerikil Berpasir Alami (Sirtu),tidak,data/processed/sulawesi_esdm_nikel.csv
NODE-SULTENG-MORUT-PETASIA-GNI,Simpul logistik pesisir Petasia-GNI,ANEKA USAHA CEMERLANG,Sulawesi Tengah,KAB. MOROWALI UTARA,"Gedung Bursa Efek Indonesia (Indonesia Stock Exchange Building) Tower I, Lantai 29, Suite 2901, Jalan Jenderal Sudirman Kaveling 52-53, Kelurahan Senayan, Kecamatan Kebayoran Baru, Jakarta 12190",1,1,LEGAL,Nikel,ya,data/processed/sulawesi_esdm_nikel.csv
NODE-SULTENG-MORUT-PETASIA-GNI,Simpul logistik pesisir Petasia-GNI,ARTHA BUMI MINERAL,Sulawesi Tengah,"KAB. BOMBANA; KAB. MOROWALI, KAB. MOROWALI UTARA","GEDUNG OFFICE 8 LT. 11 UNIT A JL JEND. SUDIRMAN KAV 52-53 SCBD LOT. 28, RT 001, RW 002",2,2,LEGAL,Nikel,ya,data/processed/sulawesi_esdm_nikel.csv
NODE-SULTENG-MORUT-PETASIA-GNI,Simpul logistik pesisir Petasia-GNI,AULIA PRIMA PERKASA,Sulawesi Tengah,KAB. MOROWALI UTARA,"Jalan Tanjung Priok Blok 29 E No.11, Kel. Perak Barat, Kec. Krembangan, Kota Surabaya, Provinsi Jawa Timur",1,1,LEGAL,Nikel,ya,data/processed/sulawesi_esdm_nikel.csv
NODE-SULTENG-MORUT-PETASIA-GNI,Simpul logistik pesisir Petasia-GNI,BHAKTIPUTRA PERSADA NUSANTARA,Sulawesi Tengah,KAB. MOROWALI UTARA,"Prosperity Office Tower Lt 18E, District 8 SCBD Lot 28, Jln. Jenderal Sudirman Kav. 52-53",1,1,LEGAL,Nikel,ya,data/processed/sulawesi_esdm_nikel.csv
NODE-SULTENG-MORUT-PETASIA-GNI,Simpul logistik pesisir Petasia-GNI,BUKIT MAKMUR ISTINDO NIKELTAMA,Sulawesi Tengah,"KAB. MOROWALI, KAB. MOROWALI UTARA",GED.BLK.DS.IV TOMPIRA JL. TRANS SULAWESI TOMPIRA PETASIA MOROWALI SULTENG 94671,1,1,LEGAL,Nikel,ya,data/processed/sulawesi_esdm_nikel.csv
NODE-SULTENG-MORUT-PETASIA-GNI,Simpul logistik pesisir Petasia-GNI,BUMI INDAH SULTRA,Sulawesi Tengah,KAB. MOROWALI UTARA,JL. SYECH YUSUF NO.33 KORUMBA MANDONGA - KENDARI,1,1,LEGAL,Nikel,ya,data/processed/sulawesi_esdm_nikel.csv
NODE-SULTENG-MORUT-PETASIA-GNI,Simpul logistik pesisir Petasia-GNI,CAHAYA MURNI SEJAHTERA,Sulawesi Tengah,KAB. MOROWALI UTARA,Komplek Ruko Grand Wijaya Center Ruko No.H II  Jalan Darmawangsa Raya ,1,1,LEGAL,Nikel,ya,data/processed/sulawesi_esdm_nikel.csv
NODE-SULTENG-MORUT-PETASIA-GNI,Simpul logistik pesisir Petasia-GNI,CIPTA HUTAMA MARANTI,Sulawesi Tengah,KAB. MOROWALI UTARA,"JL.YOS SUDARSO, NOMOR : 56",1,1,LEGAL,Nikel,ya,data/processed/sulawesi_esdm_nikel.csv
NODE-SULTENG-MORUT-PETASIA-GNI,Simpul logistik pesisir Petasia-GNI,COCOMAN,Sulawesi Tengah,KAB. MOROWALI UTARA,"APL TOWER 23 TH FLOOR SIUTE 5 JL. LETJEN S. PARMAN, TJ. DUREN Kel. Tanjung Duren Selatan, Kec. Grogol Petamburan, JAKARTA BARAT",1,1,LEGAL,Nikel,ya,data/processed/sulawesi_esdm_nikel.csv
NODE-SULTENG-MORUT-PETASIA-GNI,Simpul logistik pesisir Petasia-GNI,ENERSTEEL,Sulawesi Tengah,KAB. MOROWALI UTARA,"Jalan Pejaten Barat II No. 20 Kav. C RT 003 RW 08 Kelurahan Pejaten Barat,  Kecamatan Pasar Minggu, Jakarta Selatan 12510",1,1,LEGAL,Nikel,ya,data/processed/sulawesi_esdm_nikel.csv
NODE-SULTENG-MORUT-PETASIA-GNI,Simpul logistik pesisir Petasia-GNI,GEMA RIPAH PRATAMA,Sulawesi Tengah,KAB. MOROWALI UTARA,Menara Pertiwi lantai 37 unit c-d Jalan Mega Kuningan Barat III Kav 10.1 No 3,1,1,LEGAL,Nikel,ya,data/processed/sulawesi_esdm_nikel.csv
NODE-SULTENG-MORUT-PETASIA-GNI,Simpul logistik pesisir Petasia-GNI,GHANESA WANA UTAMA,Sulawesi Tengah,KAB. MOROWALI UTARA,Puri Kencana Utama II Blok M4 No. 1C,1,1,LEGAL,Nikel,ya,data/processed/sulawesi_esdm_nikel.csv
NODE-SULTENG-MORUT-PETASIA-GNI,Simpul logistik pesisir Petasia-GNI,GUNUNG WANGI NIKELINDO,Sulawesi Tengah,KAB. MOROWALI UTARA,"Gedung Office 8, Level 18-A, Jalan Senopati No. 8B",1,1,LEGAL,Nikel,ya,data/processed/sulawesi_esdm_nikel.csv
NODE-SULTENG-MORUT-PETASIA-GNI,Simpul logistik pesisir Petasia-GNI,HALMAHERA INTERNATIONAL RESOURCES,Sulawesi Tengah,KAB. MOROWALI UTARA,"Treasury Tower Lantai 1, District 8 SCBD, Jl. Jend. Sudirman No. 52 - 53",1,1,LEGAL,Nikel,ya,data/processed/sulawesi_esdm_nikel.csv
NODE-SULTENG-MORUT-PETASIA-GNI,Simpul logistik pesisir Petasia-GNI,HOFFMEN INTERNATIONAL,Sulawesi Tengah,KAB. MOROWALI UTARA,"District 8, Treasury Tower, Lantai 52, Sudirman Central Business District Lot 28, Jalan Jenderal Sudirman, Kaveling 52-53",1,1,LEGAL,Nikel,ya,data/processed/sulawesi_esdm_nikel.csv
NODE-SULTENG-MORUT-PETASIA-GNI,Simpul logistik pesisir Petasia-GNI,ITAMATRA NUSANTARA,Sulawesi Tengah,KAB. MOROWALI UTARA,"APARTEMEN MUARA INDAH 1A LT.1-10. JL PLUIT KARANG BARAT. PLUIT, PENJARINGAN JAKARTA UTARA",1,1,LEGAL,Nikel,ya,data/processed/sulawesi_esdm_nikel.csv
NODE-SULTENG-MORUT-PETASIA-GNI,Simpul logistik pesisir Petasia-GNI,KEINZ VENTURA,Sulawesi Tengah,KAB. MOROWALI UTARA,"Gedung Kirana Two Lantai 10-A, Jalan Boulevard Timur No. 88, RT. 005, RW. 002, Pegangsaan Dua, Kelapa Gading, Jakarta Utara",1,1,LEGAL,Nikel,ya,data/processed/sulawesi_esdm_nikel.csv
NODE-SULTENG-MORUT-PETASIA-GNI,Simpul logistik pesisir Petasia-GNI,LUWUK GAS SEJATI,Sulawesi Tengah,KAB. MOROWALI UTARA,"BTN Afika Residence Blok G 30, Desa/Kelurahan Watulondo, Kec. Puuwatu, Kode Pos: 93114",1,1,LEGAL,Nikel,ya,data/processed/sulawesi_esdm_nikel.csv
NODE-SULTENG-MORUT-PETASIA-GNI,Simpul logistik pesisir Petasia-GNI,MULIA PACIFIC RESOURCES,Sulawesi Tengah,KAB. MOROWALI UTARA,"Gedung Plaza Asia. LT 6 Zona B C, Jalan Jenderal Sudirman Kav. 59, Senayan, Kebayoran Baru, Jakarta Selatan",1,1,LEGAL,Nikel,ya,data/processed/sulawesi_esdm_nikel.csv
NODE-SULTENG-MORUT-PETASIA-GNI,Simpul logistik pesisir Petasia-GNI,PALU BARUGA YAKU,Sulawesi Tengah,KAB. MOROWALI UTARA,"JL. BUMI NANGKA NO. 15, KEL. BAHONTULA, KEC. PETASIA, KAB. MOROWALI UTARA, PROV. SULAWESI TENGAH",1,1,LEGAL,Nikel,ya,data/processed/sulawesi_esdm_nikel.csv
NODE-SULTENG-MORUT-PETASIA-GNI,Simpul logistik pesisir Petasia-GNI,PINHARD INDONESIA,Sulawesi Tengah,KAB. MOROWALI; KAB. MOROWALI UTARA,"Office EightyEight@Kasablanka, Lt. 9 Unit A, Jl. Casablanka
Kav.88",2,2,LEGAL,Nikel,ya,data/processed/sulawesi_esdm_nikel.csv
NODE-SULTENG-MORUT-PETASIA-GNI,Simpul logistik pesisir Petasia-GNI,PUTRI PERDANA,Sulawesi Tengah,KAB. MOROWALI UTARA,"Desa Bente, Kec. Bungku Tengah, Kab. orowali, Prov. Sulawesi Tengah",1,1,LEGAL,Nikel,ya,data/processed/sulawesi_esdm_nikel.csv
NODE-SULTENG-MORUT-PETASIA-GNI,Simpul logistik pesisir Petasia-GNI,REZKY UTAMA,Sulawesi Tengah,KAB. MOROWALI UTARA,Komp Pemda Blok Y.2/1,1,1,LEGAL,Nikel,ya,data/processed/sulawesi_esdm_nikel.csv
NODE-SULTENG-MORUT-PETASIA-GNI,Simpul logistik pesisir Petasia-GNI,SARANA MINERALINDO PERKASA,Sulawesi Tengah,KAB. MOROWALI UTARA,"PLAZA MUTIARA 18TH FLOOR, JL. DR. IDE ANAK AGUNG GDE AGUNG KAV E1.2 NO 1&2, JAKARTA SELATAN 12950, INDONESIA",1,1,LEGAL,Nikel,ya,data/processed/sulawesi_esdm_nikel.csv
NODE-SULTENG-MORUT-PETASIA-GNI,Simpul logistik pesisir Petasia-GNI,SINAR KARYAGAMMA PRIMATAMA,Sulawesi Tengah,KAB. MOROWALI UTARA,RUKAN BATAVIA BLOK O JL. TIANG BENDERA V NO.41,1,1,LEGAL,Nikel,ya,data/processed/sulawesi_esdm_nikel.csv
NODE-SULTENG-MORUT-PETASIA-GNI,Simpul logistik pesisir Petasia-GNI,SINOSTEEL INDONESIA MINING,Sulawesi Tengah,KAB. MOROWALI UTARA,"GEDUNG GRIYA SINTA LT.2 NO.2A, JLN. TOMANG RAYA NO.39, TOMANG, GROGOL PETAMBURAN, JAKARTA BARAT, DKI JAKARTA RAYA - 11440 / WORLD TRADE CENTER BUILDING LT.14 JL. JEND SUDIRMAN KAV.29-31 JAKARTA",1,1,LEGAL,Nikel,ya,data/processed/sulawesi_esdm_nikel.csv
NODE-SULTENG-MORUT-PETASIA-GNI,Simpul logistik pesisir Petasia-GNI,SUMBER MINERAL ABADI,Sulawesi Tengah,KAB. MOROWALI UTARA,"Ruko Redtop, Jalan Pecenongan Nomor 72",1,1,LEGAL,Nikel,ya,data/processed/sulawesi_esdm_nikel.csv
NODE-SULTENG-MORUT-PETASIA-GNI,Simpul logistik pesisir Petasia-GNI,SUMBER PERMATA SELARAS,Sulawesi Tengah,KAB. MOROWALI UTARA,"GEDUNG THE CITY TOWER LT 12 UNIT 1-S JL. MH THAMRIN NO 81, KEL. MENTENG, KEC. MENTENG, JAKARTA PUSAT",1,1,LEGAL,Nikel,ya,data/processed/sulawesi_esdm_nikel.csv
NODE-SULTENG-MORUT-PETASIA-GNI,Simpul logistik pesisir Petasia-GNI,SUMBER SWARNA PRATAMA,Sulawesi Tengah,KAB. MOROWALI; KAB. MOROWALI UTARA,KOMP. PERKANTORAN ROXY MAS BLOK B.1/16 JL. K.H. HASYIM ASHARI NO.125 JAKARTA,2,2,LEGAL,Nikel,ya,data/processed/sulawesi_esdm_nikel.csv
NODE-SULTENG-MORUT-PETASIA-GNI,Simpul logistik pesisir Petasia-GNI,SURYA AMINDO PERKASA,Sulawesi Tengah,KAB. MOROWALI UTARA,Menara Gracia 6Th Floor Jln Rasuna Said Kav C17 Jakarta,1,1,LEGAL,Nikel,ya,data/processed/sulawesi_esdm_nikel.csv
NODE-SULTENG-MORUT-PETASIA-GNI,Simpul logistik pesisir Petasia-GNI,TIGA DARA,Sulawesi Tengah,"KAB. BANGGAI, KAB. MOROWALI UTARA",JALAN SETIA BUDI NOMOR 57,1,1,LEGAL,Nikel,ya,data/processed/sulawesi_esdm_nikel.csv
NODE-SULTENG-MORUT-PETASIA-GNI,Simpul logistik pesisir Petasia-GNI,TOTAL PRIMA INDONESIA,Sulawesi Tengah,KAB. MOROWALI; KAB. MOROWALI UTARA,"JL. TRANS SULAWESI IPI-BUNGKU TENGAH, , Kab. Morowali, Provinsi",2,2,LEGAL,Nikel,ya,data/processed/sulawesi_esdm_nikel.csv
NODE-SULTENG-MORUT-PETASIA-GNI,Simpul logistik pesisir Petasia-GNI,TRINUSA BANGUN PERKASA,Sulawesi Tengah,KAB. MOROWALI UTARA,"SCBD, Gedung Treasury Tower Lantai 1, Kawasan
District 8 Lot 28, Desa/Kelurahan Senayan, Kec.
Kebayoran Baru, Kota Adm. Jakarta Selatan,
Provinsi DKI Jakarta, 12190",1,1,LEGAL,Nikel,ya,data/processed/sulawesi_esdm_nikel.csv
NODE-SULTENG-MORUT-PETASIA-GNI,Simpul logistik pesisir Petasia-GNI,TRINUSA DHARMA UTAMA,Sulawesi Tengah,KAB. MOROWALI UTARA,"JL. GRAHA HARAPAN BLOK B17, NO.6, RT.06/RW.017, KEL.MUSTIKA JAYA, KEC.MUSTIKA JAYA KOTA BEKASI & JL. BILLY DAN MOON BLOK F/9 RT. 004/010 KEL. PONDOK KELAPA KEC. DUREN SAWIT, JAKARTA TIMUR",1,1,LEGAL,Nikel,ya,data/processed/sulawesi_esdm_nikel.csv
NODE-SULTENG-MORUT-PETASIA-GNI,Simpul logistik pesisir Petasia-GNI,USAHA KITA KINERJATAMA,Sulawesi Tengah,KAB. MOROWALI UTARA,"MENARA IMPERIUM LT. 27 SUITE A KAV. NO. 1 JL. HR. RASUNA SAID KEL. GUNTUR JAKARTA SELATAN, TELP. 021-831066, FAX. 8317520",1,1,LEGAL,Nikel,ya,data/processed/sulawesi_esdm_nikel.csv
NODE-SULTENG-MORUT-PETASIA-GNI,Simpul logistik pesisir Petasia-GNI,WARSITA KARYA,Sulawesi Tengah,KAB. MOROWALI; KAB. MOROWALI UTARA,"Jalan Taman Marina, Marina Coast The Forest Blok C2A No.6a, Kelurahan Ancol, Kecamatan Pademangan",2,2,LEGAL,Nikel,ya,data/processed/sulawesi_esdm_nikel.csv
NODE-SULTENG-MORUT-PETASIA-GNI,Simpul logistik pesisir Petasia-GNI,YUDAF PERSADA JAYA,Sulawesi Tengah,"KAB. MOROWALI, KAB. MOROWALI UTARA","Office EightyEight@Kasablanka, Lt. 9 Unit A, 
Jl. Casablanka Kav.88, Desa/Kelurahan Menteng Dalam, Kec. Tebet, Kota Adm. Jakarta Selatan, Provinsi DKI Jakarta,",1,1,LEGAL,Nikel,ya,data/processed/sulawesi_esdm_nikel.csv
NODE-SULTENG-MORUT-PETASIA-GNI,Simpul logistik pesisir Petasia-GNI,AFIT LINTAS JAYA,Sulawesi Tengah,KAB. MOROWALI UTARA,jl. toddopuli VII no34,1,0,LEGAL,Batu Gamping,tidak,data/processed/sulawesi_esdm_nikel.csv
NODE-SULTENG-MORUT-PETASIA-GNI,Simpul logistik pesisir Petasia-GNI,ANUGRAH AFIT ABADI,Sulawesi Tengah,KAB. MOROWALI UTARA,"JL Yos Sudarso No 01, Kolonodale, Petasia",1,0,LEGAL,Batu Gamping untuk Industri,tidak,data/processed/sulawesi_esdm_nikel.csv
NODE-SULTENG-MORUT-PETASIA-GNI,Simpul logistik pesisir Petasia-GNI,ASSAQTI MORUT ENERGY,Sulawesi Tengah,KAB. MOROWALI UTARA,"Beteleme, Kel. Beteleme, Kec. Lembo, Kab. Morowali Utara, Provinsi Sulawesi Tengah, Kode Pos: 94966",1,0,LEGAL,Pasir,tidak,data/processed/sulawesi_esdm_nikel.csv
NODE-SULTENG-MORUT-PETASIA-GNI,Simpul logistik pesisir Petasia-GNI,BINTANG CEMERLANG MINERAL MORUT,Sulawesi Tengah,KAB. MOROWALI UTARA,jln. moh. hatta no 55 Besusu Tengah Palu Timur Kota Palu Sulawesi Tengah,1,0,LEGAL,Batu Gamping,tidak,data/processed/sulawesi_esdm_nikel.csv
NODE-SULTENG-MORUT-PETASIA-GNI,Simpul logistik pesisir Petasia-GNI,BINTANG MINING UTAMA,Sulawesi Tengah,KAB. MOROWALI UTARA,JL. LASEMBA NO.150 WASUPONDA,1,0,LEGAL,Batu Gamping,tidak,data/processed/sulawesi_esdm_nikel.csv
NODE-SULTENG-MORUT-PETASIA-GNI,Simpul logistik pesisir Petasia-GNI,BUKIT MAKMUR PERDANA,Sulawesi Tengah,KAB. MOROWALI UTARA,JL. BIMOR JAYA,1,0,LEGAL,Kerikil Berpasir Alami (Sirtu),tidak,data/processed/sulawesi_esdm_nikel.csv
NODE-SULTENG-MORUT-PETASIA-GNI,Simpul logistik pesisir Petasia-GNI,BUMI BINTANG SILIKA,Sulawesi Tengah,KAB. MOROWALI UTARA,"PLAZA ASIA LT 6, JL JENDERAL SUDIRMAN KAV 59, JAKARTA SELATAN",1,0,LEGAL,Batu Gamping,tidak,data/processed/sulawesi_esdm_nikel.csv
NODE-SULTENG-MORUT-PETASIA-GNI,Simpul logistik pesisir Petasia-GNI,BUMI NUSANTARA RESEARCES,Sulawesi Tengah,KAB. MOROWALI UTARA,"Desa Korololaki, Desa/Kelurahan Korololaki, Kec. Petasia, Kode Pos: 94971",1,0,LEGAL,,tidak,data/processed/sulawesi_esdm_nikel.csv
NODE-SULTENG-MORUT-PETASIA-GNI,Simpul logistik pesisir Petasia-GNI,DAKSA PETRA MINERAL,Sulawesi Tengah,KAB. MOROWALI UTARA,"Jl. H. Mursalim Kelurahan Pisangan, Kec. Ciputat Timur, Kota Tangerang Selatan Provinsi Banteng",1,0,LEGAL,Batu Gamping,tidak,data/processed/sulawesi_esdm_nikel.csv
NODE-SULTENG-MORUT-PETASIA-GNI,Simpul logistik pesisir Petasia-GNI,FAZDA PERTAMBANGAN BEBATUAN,Sulawesi Tengah,KAB. MOROWALI UTARA,"JL. WOLTER MONGINSIDI NO.32 KEL. BAHOUE, KEC. PETASIA, KAB. MOROWALI UTARA, SULAWESI TENGAH",1,0,LEGAL,Batu Gamping,tidak,data/processed/sulawesi_esdm_nikel.csv
NODE-SULTENG-MORUT-PETASIA-GNI,Simpul logistik pesisir Petasia-GNI,GEMILANG BATU KOLO,Sulawesi Tengah,KAB. MOROWALI UTARA,"Jalan Bunga Flamboyan Nomor 17, Kel. Hanga Hanga, Kec.
Luwuk Selatan, Kab. Banggai, Prov. Sulawesi Tengah",1,0,LEGAL,Batu Gamping untuk Industri,tidak,data/processed/sulawesi_esdm_nikel.csv
NODE-SULTENG-MORUT-PETASIA-GNI,Simpul logistik pesisir Petasia-GNI,GIRI MORI SEJAHTERA,Sulawesi Tengah,KAB. MOROWALI UTARA,JALAN PEMBANGUNAN I NOMOR 3,1,0,LEGAL,Batu Gamping,tidak,data/processed/sulawesi_esdm_nikel.csv
NODE-SULTENG-MORUT-PETASIA-GNI,Simpul logistik pesisir Petasia-GNI,GITA PERKASA MINERALINDO,Sulawesi Tengah,KAB. MOROWALI UTARA,,1,0,LEGAL,Batu Gunung Quarry Besar,tidak,data/processed/sulawesi_esdm_nikel.csv
NODE-SULTENG-MORUT-PETASIA-GNI,Simpul logistik pesisir Petasia-GNI,HASTARI NAWASENA ENERGI,Sulawesi Tengah,KAB. MOROWALI UTARA,"Talavera Suite 18th Floor, Jl TB Simatupang, Cilandak Barat",1,0,LEGAL,Batu Gunung Quarry Besar,tidak,data/processed/sulawesi_esdm_nikel.csv
NODE-SULTENG-MORUT-PETASIA-GNI,Simpul logistik pesisir Petasia-GNI,HEMDEV MINERAL PERKASA,Sulawesi Tengah,KAB. MOROWALI UTARA,Jalan Tinumbu No. 3,1,0,LEGAL,Batu Gamping,tidak,data/processed/sulawesi_esdm_nikel.csv
NODE-SULTENG-MORUT-PETASIA-GNI,Simpul logistik pesisir Petasia-GNI,KHATULISTIWA MINERAL AND MINING,Sulawesi Tengah,KAB. MOROWALI UTARA,"JL.RUKAN GARDEN HOUSE BLOK B NO 23 PANTAI INDAH KAPUK, Kel. Kapuk Muara, Kec. Penjaringan, Kota Adm. Jakarta Utara, Prov. DKI Jakarta",1,0,LEGAL,Batu Gunung Quarry Besar,tidak,data/processed/sulawesi_esdm_nikel.csv
NODE-SULTENG-MORUT-PETASIA-GNI,Simpul logistik pesisir Petasia-GNI,MEKAR INDAH BERMANFAAT,Sulawesi Tengah,KAB. MOROWALI UTARA,"Jalan Poros Palu-Kulawi Kilometer 09, Desa/Kelurahan Kabobona, Kec.
Dolo, Kab. Sigi, Provinsi Sulawesi Tengah",1,0,LEGAL,Batu Gamping,tidak,data/processed/sulawesi_esdm_nikel.csv
NODE-SULTENG-MORUT-PETASIA-GNI,Simpul logistik pesisir Petasia-GNI,MINERALINDO ALAM NUSANTARA,Sulawesi Tengah,KAB. MOROWALI UTARA,"Komp. Bukit Villa Mas Blok C No 9, Desa/Kelurahan Paropo, Kec.
Panakkukang, Kota Makassar, Provinsi Sulawesi Selatan,",1,0,LEGAL,Batu Gamping,tidak,data/processed/sulawesi_esdm_nikel.csv
NODE-SULTENG-MORUT-PETASIA-GNI,Simpul logistik pesisir Petasia-GNI,MULIA SILIKA INDONESIA,Sulawesi Tengah,KAB. MOROWALI UTARA,"PLAZA ASIA LT 6, JL JENDERAL SUDIRMAN KAV 59, JAKARTA SELATAN",1,0,LEGAL,Batu Gamping,tidak,data/processed/sulawesi_esdm_nikel.csv
NODE-SULTENG-MORUT-PETASIA-GNI,Simpul logistik pesisir Petasia-GNI,Nadya Sederhana Membangun,Sulawesi Tengah,KAB. MOROWALI UTARA,"Jl. Ahmad Yani, Kel. Kolonodale, Kec. Petasia, Kab. Morowali Utara, Provinsi Sulawesi Tengah",1,0,LEGAL,Batu Gamping,tidak,data/processed/sulawesi_esdm_nikel.csv
NODE-SULTENG-MORUT-PETASIA-GNI,Simpul logistik pesisir Petasia-GNI,PASI WITA AKSATA,Sulawesi Tengah,KAB. MOROWALI UTARA,"Jl. Raya Jemursari No.76, Blok D-22, Surabaya",1,0,LEGAL,Batu Gamping,tidak,data/processed/sulawesi_esdm_nikel.csv
NODE-SULTENG-MORUT-PETASIA-GNI,Simpul logistik pesisir Petasia-GNI,PERDANA GEOMINE MANDIRI,Sulawesi Tengah,KAB. MOROWALI UTARA,"GRAHA MUTIARA BLOCK C6 12 RT.000 RT.000 TINGGEDE, MARAWOLA KAB. SIGI SULAWESI TENGAH",1,0,LEGAL,Batu Gamping,tidak,data/processed/sulawesi_esdm_nikel.csv
NODE-SULTENG-MORUT-PETASIA-GNI,Simpul logistik pesisir Petasia-GNI,PERMATA INDAH MATABOLO,Sulawesi Tengah,KAB. MOROWALI UTARA,"Dusun III, Desa/Kelurahan Bunta, Kec. Petasia Timur, Kab. Morowali Utara, Provinsi Sulawesi Tengah",1,0,LEGAL,Batu Gamping untuk Industri,tidak,data/processed/sulawesi_esdm_nikel.csv
NODE-SULTENG-MORUT-PETASIA-GNI,Simpul logistik pesisir Petasia-GNI,REKAYASA BUMI MOROWALI,Sulawesi Tengah,KAB. MOROWALI UTARA,Jl. Jati Jaya No A/6 Kel. Tavanjuka Kec. Tatanga Kota Palu Sulawesi Tengah,1,0,LEGAL,Batu Gamping,tidak,data/processed/sulawesi_esdm_nikel.csv
NODE-SULTENG-MORUT-PETASIA-GNI,Simpul logistik pesisir Petasia-GNI,SANTINA MAJU BERSAMA,Sulawesi Tengah,KAB. MOROWALI UTARA,"JALAN DAYODARA BTN LAGARUTU CPI 1 BLOK T NOMOR 13, , Kota
Palu, Provinsi Sulawesi Tengah",1,0,LEGAL,Batu Gamping,tidak,data/processed/sulawesi_esdm_nikel.csv
NODE-SULTENG-MORUT-PETASIA-GNI,Simpul logistik pesisir Petasia-GNI,SENTRAL SILIKA ABADI,Sulawesi Tengah,KAB. MOROWALI UTARA,"PLAZA ASIA LANTAI 6, JALAN JENDERAL SUDIRMAN KAV. 59,
Desa/Kelurahan Senayan, Kec. Kebayoran Baru, Kota Adm. Jakarta Selatan, Provinsi DKI Jakarta, Kode Pos: 12190",1,0,LEGAL,Batu Gamping,tidak,data/processed/sulawesi_esdm_nikel.csv
NODE-SULTENG-MORUT-PETASIA-GNI,Simpul logistik pesisir Petasia-GNI,SINAR MESTIKA NUSANTARA,Sulawesi Tengah,KAB. MOROWALI UTARA,"KOMP. KEBAYORAN MALL NO.12A. JL. KYAI MAJA, JAKSEL",1,0,LEGAL,Batu Gamping,tidak,data/processed/sulawesi_esdm_nikel.csv
NODE-SULTENG-MORUT-PETASIA-GNI,Simpul logistik pesisir Petasia-GNI,SOIL EXCAVATION,Sulawesi Tengah,KAB. MOROWALI UTARA,"JLN. YOS SUDARSO, KEL. KOROLAKI, KEC. PETASIA, KAB. MOROWALI UTARA, PROV. SULAWESI TENGAH",1,0,LEGAL,Batu Gamping,tidak,data/processed/sulawesi_esdm_nikel.csv
NODE-SULTENG-MORUT-PETASIA-GNI,Simpul logistik pesisir Petasia-GNI,SUKENA WALET,Sulawesi Tengah,KAB. MOROWALI UTARA,"DUSUN II, DESA TOMPIRA KECAMATAN PETASIA TIMUR KABUPATEN MOROWALI UTARA PROVINSI SULAWESI TENGAH",1,0,LEGAL,Pasir,tidak,data/processed/sulawesi_esdm_nikel.csv
NODE-SULTENG-MORUT-PETASIA-GNI,Simpul logistik pesisir Petasia-GNI,SUMBER BATU NUSANTARA,Sulawesi Tengah,KAB. MOROWALI UTARA,SUNGAI SADDANG,1,0,LEGAL,Batu Gamping,tidak,data/processed/sulawesi_esdm_nikel.csv
NODE-SULTRA-KONAWE-MOROSI-VDNI,Simpul logistik Morosi-VDNI,ALVINDO MINING RESOURCE,Sulawesi Tenggara,KAB. KONAWE,"Gold Coast Office PIK Tower Eiffel Lantai 20 F, Pantai Indah Kapuk St",1,1,LEGAL,Nikel,ya,data/processed/sulawesi_esdm_nikel.csv
NODE-SULTRA-KONAWE-MOROSI-VDNI,Simpul logistik Morosi-VDNI,ANDALAN ENERGI NUSANTARA,Sulawesi Tenggara,KAB. KONAWE,JL. CIDENG TIMUR NO. 73-74,1,1,LEGAL,Nikel,ya,data/processed/sulawesi_esdm_nikel.csv
NODE-SULTRA-KONAWE-MOROSI-VDNI,Simpul logistik Morosi-VDNI,BERKAH TARULI JAYA,Sulawesi Tenggara,KAB. KONAWE,"GEDUNG PATRA OFFICE TOWER LT. 17 RUANG 1704, JL. JEND. GATOT SUBROTO KAV 32-34 , Desa/Kelurahan Kuningan Timur, Kec.
Setiabudi
Kode Pos: 12950",1,1,LEGAL,Nikel,ya,data/processed/sulawesi_esdm_nikel.csv
NODE-SULTRA-KONAWE-MOROSI-VDNI,Simpul logistik Morosi-VDNI,BUMI KONAWE MINING,Sulawesi Tenggara,KAB. KONAWE,Jalan Martandu No. 97 RT 007 RW 003 Kelurahan Anduonohu Kecamatan Poasia Kota Kendari Provinsi Sulawesi Tenggara,1,1,LEGAL,Nikel,ya,data/processed/sulawesi_esdm_nikel.csv
NODE-SULTRA-KONAWE-MOROSI-VDNI,Simpul logistik Morosi-VDNI,CITRA ARYA SENTOSA HUTAMA,Sulawesi Tenggara,KAB. KONAWE,"TAMARA CENTER SUITE 701, Jl. Jend. Sudirman Kav. 24, Jakarta 12920",1,1,LEGAL,Nikel,ya,data/processed/sulawesi_esdm_nikel.csv
NODE-SULTRA-KONAWE-MOROSI-VDNI,Simpul logistik Morosi-VDNI,GEMA KREASI PERDANA,Sulawesi Tenggara,KAB. KONAWE; KAB. KONAWE KEPULAUAN,Jalan Martandu No. 97 RT 007 RW 003 Kelurahan Anduonohu Kecamatan Poasia Kota Kendari,2,2,LEGAL,Nikel,ya,data/processed/sulawesi_esdm_nikel.csv
NODE-SULTRA-KONAWE-MOROSI-VDNI,Simpul logistik Morosi-VDNI,GENERASI AGUNG PERKASA,Sulawesi Tenggara,KAB. KONAWE SELATAN,JL. POROS BANDARA HALUOLEO,1,1,LEGAL,Nikel,ya,data/processed/sulawesi_esdm_nikel.csv
NODE-SULTRA-KONAWE-MOROSI-VDNI,Simpul logistik Morosi-VDNI,GERBANG MULTI SEJAHTERA,Sulawesi Tenggara,KAB. KONAWE SELATAN,"INDONESIA STOCK EXCHANGE BUILDING, TOWER 1 LANTAI 29 SUITE 2903 JL. JEND. SUDIRMAN KAV 52-53, SENAYAN - KEBAYORAN BARU, KOTA ADM. JAKARTA SELATAN - DKI JAKARTA, 12190   TELP. (+62) 21-5154118",1,1,LEGAL,Nikel,ya,data/processed/sulawesi_esdm_nikel.csv
NODE-SULTRA-KONAWE-MOROSI-VDNI,Simpul logistik Morosi-VDNI,HIJRAH SAWITTO MARIORITA,Sulawesi Tenggara,KAB. KONAWE,"Jalan Kwitang Raya Nomor 8 Desa/Kelurahan Kwitang, Kecamatan Senen",1,1,LEGAL,Nikel,ya,data/processed/sulawesi_esdm_nikel.csv
NODE-SULTRA-KONAWE-MOROSI-VDNI,Simpul logistik Morosi-VDNI,HOMKEY INTI PRIMA,Sulawesi Tenggara,KAB. KONAWE,"GEDUNG PATRA OFFICE TOWER LT. 17 RUANG 1704, JL. JEND.
GATOT SUBROTO KAV 32-34 
Kode Pos: 12950",1,1,LEGAL,Nikel,ya,data/processed/sulawesi_esdm_nikel.csv
NODE-SULTRA-KONAWE-MOROSI-VDNI,Simpul logistik Morosi-VDNI,IFISHDECO,Sulawesi Tenggara,KAB. KONAWE SELATAN,"Gedung Sahid Sudirman Center, Lantai 42 F, Jalan Jenderal Sudirman nomor 86, Desa/Kelurahan Karet Tengsin, Kec. Tanah Abang,
Kota Adm. Jakarta Pusat, Provinsi DKI Jakarta, 10250",1,1,LEGAL,Nikel,ya,data/processed/sulawesi_esdm_nikel.csv
NODE-SULTRA-KONAWE-MOROSI-VDNI,Simpul logistik Morosi-VDNI,INTAN PERDHANA PUSPA,Sulawesi Tenggara,KAB. KONAWE,"PERKANTORAN GRAHA MAS BLOK B-3, JL. RS. FATMAWATI NO.71",1,1,LEGAL,Nikel,ya,data/processed/sulawesi_esdm_nikel.csv
NODE-SULTRA-KONAWE-MOROSI-VDNI,Simpul logistik Morosi-VDNI,INTEGRA MINING NUSANTARA,Sulawesi Tenggara,KAB. KONAWE SELATAN,"JL. CIPINANG CEMPEDAK I/38-C RT. 013 RW. 003 JATINEGARA, JAKUT & PATRA JASA BUILDING 11TH SUITE #1143 JL. GATOT SOEBROTO KAV 32-34 JAKARTA 12950 TELP. 021-525992 & GEDUNG PATRA JASA LT. 11 SUIT ROOM 1111 JL. JEND. GATOT SUBROTO KAV. 32-34, JAKARTA SELATAN",1,1,LEGAL,Nikel,ya,data/processed/sulawesi_esdm_nikel.csv
NODE-SULTRA-KONAWE-MOROSI-VDNI,Simpul logistik Morosi-VDNI,JAGAD RAYATAMA,Sulawesi Tenggara,KAB. KONAWE SELATAN,"JL. CIDENG TIMUR NO.12A RT.005 RW.04, PETOJO UTARA, GAMBIR JAKARTA PUSAT",1,1,LEGAL,Nikel,ya,data/processed/sulawesi_esdm_nikel.csv
NODE-SULTRA-KONAWE-MOROSI-VDNI,Simpul logistik Morosi-VDNI,KONUT JAYA MINERAL,Sulawesi Tenggara,KAB. KONAWE,"JL SULTAN HASANUDDIN NO 67, KEL. TIPULU, KEC. KENDARO BARAT, KOTA KENDARI",1,1,LEGAL,Nikel,ya,data/processed/sulawesi_esdm_nikel.csv
NODE-SULTRA-KONAWE-MOROSI-VDNI,Simpul logistik Morosi-VDNI,LAEYA CIPTA GUNA,Sulawesi Tenggara,KAB. KONAWE SELATAN,"jl Bunga Cempaka No. 1 Kel. Kemaraya, Kec. Kendari Barat Kota Kendari Provinsi Sulawesi Tenggara",1,1,LEGAL,Nikel,ya,data/processed/sulawesi_esdm_nikel.csv
NODE-SULTRA-KONAWE-MOROSI-VDNI,Simpul logistik Morosi-VDNI,MACIKA MADA MADANA,Sulawesi Tenggara,KAB. KONAWE SELATAN,GEDUNG INTI CENTRE LT 3 JL. TAMAN KEMANG NO. 32A JAKARTA SELATAN 021-7199711,1,1,LEGAL,Nikel,ya,data/processed/sulawesi_esdm_nikel.csv
NODE-SULTRA-KONAWE-MOROSI-VDNI,Simpul logistik Morosi-VDNI,MEGA TAMBANG INDONESIA,Sulawesi Tenggara,KAB. KONAWE SELATAN,"JL. POROS KENDARI - ANDOOLO DESA WAWONGGURA (SAMPING RUJAB CAMAT PALANGGA) KAB. KONAWE SELATAN, SULAWESI TENGGARA - 93387",1,1,LEGAL,Nikel,ya,data/processed/sulawesi_esdm_nikel.csv
NODE-SULTRA-KONAWE-MOROSI-VDNI,Simpul logistik Morosi-VDNI,MEGA TAMBANG NIKEL,Sulawesi Tenggara,KAB. KONAWE SELATAN,"JL. POROS KENDARI - ANDOOLO DESA WAWONGGURA (SAMPING RUJAB CAMAT PALANGGA) KAB. KONAWE SELATAN, SULAWESI TENGGARA - 93387",1,1,LEGAL,Nikel,ya,data/processed/sulawesi_esdm_nikel.csv
NODE-SULTRA-KONAWE-MOROSI-VDNI,Simpul logistik Morosi-VDNI,MODERN CAHAYA MAKMUR,Sulawesi Tenggara,KAB. KONAWE,"GEDUNG GREEN CENTRAL CITY AREA KOMERSIAL LT. 2 JL GAJAH MADA GREEN CENTRAL CITY AREA KOMERSIAL LT 2, Nomor 188, RT 009, RW 005 KEL. GLODOK KEC. TAMANSARI JAKARTA BARAT 11120 DKI JAKARTA",2,2,LEGAL,Nikel,ya,data/processed/sulawesi_esdm_nikel.csv
NODE-SULTRA-KONAWE-MOROSI-VDNI,Simpul logistik Morosi-VDNI,MUDA PRIMA INSAN,Sulawesi Tenggara,KAB. KONAWE,Bellagio Boutique Mall Unit OUG-25. Jl. Mega Kuningan Barat Kav. E 4.3 Kawasan Mega Kuningan.,1,1,LEGAL,Nikel,ya,data/processed/sulawesi_esdm_nikel.csv
NODE-SULTRA-KONAWE-MOROSI-VDNI,Simpul logistik Morosi-VDNI,NIKELINDO SURYAKENCANA AGUNG,Sulawesi Tenggara,KAB. KONAWE,"Gold Coast Office PIK Tower Eiffel Lantai 20 F, Pantai Indah Kapuk St",1,1,LEGAL,Nikel,ya,data/processed/sulawesi_esdm_nikel.csv
NODE-SULTRA-KONAWE-MOROSI-VDNI,Simpul logistik Morosi-VDNI,PANDU URANE PERKASA,Sulawesi Tenggara,KAB. KONAWE SELATAN,Jalan Banda BTN Bukit Damai Abadi Blok M/15,1,1,LEGAL,Nikel,ya,data/processed/sulawesi_esdm_nikel.csv
NODE-SULTRA-KONAWE-MOROSI-VDNI,Simpul logistik Morosi-VDNI,PANJI NUGRAHA SAKTI,Sulawesi Tenggara,KAB. KONAWE SELATAN,Jalan Sao-sao Nomor 81-B,1,1,LEGAL,Nikel,ya,data/processed/sulawesi_esdm_nikel.csv
NODE-SULTRA-KONAWE-MOROSI-VDNI,Simpul logistik Morosi-VDNI,PELANGI UTAMA JAYA MANDIRI,Sulawesi Tenggara,KAB. KONAWE,"GEDUNG PATRA OFFICE TOWER LT 17 RUANG 1704, JL. JEND GATOT SUBROTO KAV 32-34, KEL. KUNINGAN TIMUR, KEC, SETIABUDI, KOTA ADM. JAKARTA TIMUR, PROV DKI JAKARTA",1,1,LEGAL,Nikel,ya,data/processed/sulawesi_esdm_nikel.csv
NODE-SULTRA-KONAWE-MOROSI-VDNI,Simpul logistik Morosi-VDNI,PERTAMBANGAN BUMI ANOA,Sulawesi Tenggara,KAB. KONAWE SELATAN,"APL Tower Lantai 38 Unit T5-6, Jl. Letjend S. Parman Kav 28",1,1,LEGAL,Nikel,ya,data/processed/sulawesi_esdm_nikel.csv
NODE-SULTRA-KONAWE-MOROSI-VDNI,Simpul logistik Morosi-VDNI,PUTRI GLORY ELSHADAY,Sulawesi Tenggara,KAB. KONAWE,"AKR TOWER LT. 16A, JL. PANJANG NO. 5 RT 011 RW 010",1,1,LEGAL,Nikel,ya,data/processed/sulawesi_esdm_nikel.csv
NODE-SULTRA-KONAWE-MOROSI-VDNI,Simpul logistik Morosi-VDNI,SAMBAS MINERALS MINING,Sulawesi Tenggara,KAB. KONAWE SELATAN,GEDUNG WISMA MRA LANTAI 16 ZONA C JL.TB SIMATUPANG NO.19 JAKARTA SELATAN,1,1,LEGAL,Nikel,ya,data/processed/sulawesi_esdm_nikel.csv
NODE-SULTRA-KONAWE-MOROSI-VDNI,Simpul logistik Morosi-VDNI,SENTRATAMA KARYA CEMERLANG,Sulawesi Tenggara,KAB. KONAWE SELATAN,"Ruko Sedayu Square Blok C No.30 Jl Outer Ring Road RT/RW : 003/008 Kel Cengkareng Barat Kec. Cengkareng , Jakarta Barat 11730",1,1,LEGAL,Nikel,ya,data/processed/sulawesi_esdm_nikel.csv
NODE-SULTRA-KONAWE-MOROSI-VDNI,Simpul logistik Morosi-VDNI,ST NICKEL RESOURCES,Sulawesi Tenggara,KAB. KONAWE,JL. MARDANI RAYA GANG A NO. 27 RT 001/RW 005 CEMPAKA PUTIH BARAT JAKARTA,1,1,LEGAL,Nikel,ya,data/processed/sulawesi_esdm_nikel.csv
NODE-SULTRA-KONAWE-MOROSI-VDNI,Simpul logistik Morosi-VDNI,SULAWESI CAHAYA MINERAL,Sulawesi Tenggara,KAB. KONAWE,"TREASURY TOWER LT.69, DISTRICT 8, SCBD, LOT 28, JL. JENDERAL SUDIRMAN KAV.52-53, KEL. SENAYAN, KEC. KEBAYORAN BARU",1,1,LEGAL,Nikel,ya,data/processed/sulawesi_esdm_nikel.csv
NODE-SULTRA-KONAWE-MOROSI-VDNI,Simpul logistik Morosi-VDNI,SULEMANDARA KONAWE,Sulawesi Tenggara,KAB. KONAWE,Jl. Poros Kendari - Kolaka KM 44 Pondidaha,1,1,LEGAL,Nikel,ya,data/processed/sulawesi_esdm_nikel.csv
NODE-SULTRA-KONAWE-MOROSI-VDNI,Simpul logistik Morosi-VDNI,TAMBANG INDONESIA SEJAHTERA,Sulawesi Tenggara,KAB. KONAWE SELATAN,PULO GADUNG TRADE CENTRE (PTC) BLOK 8 A NO 21 JL. RAYA BEKASI KM 21 RAWA TERATE CAKUNG,1,1,LEGAL,Nikel,ya,data/processed/sulawesi_esdm_nikel.csv
NODE-SULTRA-KONAWE-MOROSI-VDNI,Simpul logistik Morosi-VDNI,VISI DEBTINDO MINERAL,Sulawesi Tenggara,KAB. KONAWE SELATAN,"JL. PANTAI INDAH SELATAN RUKO ELANG LAUT BLOK A NO. 20 RT/RW 003/003 KEL. KAMAL MUARA, KEC. PENJARINGAN, JAKARTA UTARA",1,1,LEGAL,Nikel,ya,data/processed/sulawesi_esdm_nikel.csv
NODE-SULTRA-KONAWE-MOROSI-VDNI,Simpul logistik Morosi-VDNI,WAWONII MAKMUR JAYARAYA,Sulawesi Tenggara,KAB. KONAWE,"GEDUNG BANK PANIN LT.5 JL JEND SUDIRMAN SENAYAN, JAKPUS",1,1,LEGAL,Nikel,ya,data/processed/sulawesi_esdm_nikel.csv
NODE-SULTRA-KONAWE-MOROSI-VDNI,Simpul logistik Morosi-VDNI,WIJAYA INTI NUSANTARA,Sulawesi Tenggara,KAB. KONAWE SELATAN,Jalan Anuang Nomor 86,1,1,LEGAL,Nikel,ya,data/processed/sulawesi_esdm_nikel.csv
NODE-SULTRA-KONAWE-MOROSI-VDNI,Simpul logistik Morosi-VDNI,AKSAN RAYA PERKASA,Sulawesi Tenggara,KAB. KONAWE SELATAN,JL. GUNUNG NIPA-NIPA NO. 11,1,0,LEGAL,Pasir Kuarsa,tidak,data/processed/sulawesi_esdm_nikel.csv
NODE-SULTRA-KONAWE-MOROSI-VDNI,Simpul logistik Morosi-VDNI,ALESHA INTI BUMI,Sulawesi Tenggara,KAB. KONAWE SELATAN,"Jl. Malaka Kompleks Citraland Blok G1 Nomor 09, Kel. Andonohu, Kec. Poasia, Kota Kendari, Provinsi Sulawesi Tenggara",2,0,LEGAL,Batu Gamping untuk Industri,tidak,data/processed/sulawesi_esdm_nikel.csv
NODE-SULTRA-KONAWE-MOROSI-VDNI,Simpul logistik Morosi-VDNI,BENTENG GUNUNG MAS,Sulawesi Tenggara,KAB. KONAWE SELATAN,"18 Office Park Building 21TH Floor Unit C, Jl Kebagusan, Pasar Minggu Kota Adm. Jakarta Selatan DKI Jakarta",1,0,LEGAL,Batu Gamping untuk Industri,tidak,data/processed/sulawesi_esdm_nikel.csv
NODE-SULTRA-KONAWE-MOROSI-VDNI,Simpul logistik Morosi-VDNI,BINTANG ENERGI MINERAL,Sulawesi Tenggara,KAB. KONAWE SELATAN,Jln. Martandu Lorong Kharisma IV Kel. Kambu Kec. Kambu Kendari,1,0,LEGAL,Pasir Kuarsa,tidak,data/processed/sulawesi_esdm_nikel.csv
NODE-SULTRA-KONAWE-MOROSI-VDNI,Simpul logistik Morosi-VDNI,CAHAYA ALAM NUSANTARA,Sulawesi Tenggara,KAB. KONAWE SELATAN,"DESA MATA WAWATU, RT 000, RW 000",1,0,LEGAL,Batu Gamping,tidak,data/processed/sulawesi_esdm_nikel.csv
NODE-SULTRA-KONAWE-MOROSI-VDNI,Simpul logistik Morosi-VDNI,CAHAYA SULTRA INDONESIA,Sulawesi Tenggara,KAB. KONAWE SELATAN,"KAWASAN INDUSTRI VIRTU DRAGON NOMOR	111, Desa/Kelurahan Morosi",1,0,LEGAL,Batu Gamping untuk Industri,tidak,data/processed/sulawesi_esdm_nikel.csv
NODE-SULTRA-KONAWE-MOROSI-VDNI,Simpul logistik Morosi-VDNI,CITRA KHUSUMA SULTRA,Sulawesi Tenggara,KAB. KONAWE SELATAN,JL. MALAKA RUKO SPAZIA CITRALAND KENDARI BLOK K NO. 12,1,0,LEGAL,Batu Gamping,tidak,data/processed/sulawesi_esdm_nikel.csv
NODE-SULTRA-KONAWE-MOROSI-VDNI,Simpul logistik Morosi-VDNI,FARDAN TOLAKINDO PERKASA,Sulawesi Tenggara,KAB. KONAWE SELATAN,JL GUNUNG NIPA-NIPA NO 11,1,0,LEGAL,Batu Gamping,tidak,data/processed/sulawesi_esdm_nikel.csv
NODE-SULTRA-KONAWE-MOROSI-VDNI,Simpul logistik Morosi-VDNI,HANGTIAN NUR CAHAYA,Sulawesi Tenggara,KAB. KONAWE SELATAN,"Jl. Brigjen M. joenoes, kompleks Senopati Land Blok C No.22, bende, Kadia, Kota Kendari, Sulawesi Tenggara",1,0,LEGAL,Pasir Kuarsa,tidak,data/processed/sulawesi_esdm_nikel.csv
NODE-SULTRA-KONAWE-MOROSI-VDNI,Simpul logistik Morosi-VDNI,HOFFMEN ENERGI PERKASA,Sulawesi Tenggara,KAB. KONAWE SELATAN,"DESA WAWATU, KEC. MORAMO UTARA, KAB. KONAWE SELATAN",2,0,LEGAL,Batu Gamping; Batu Gamping untuk Industri,tidak,data/processed/sulawesi_esdm_nikel.csv
NODE-SULTRA-KONAWE-MOROSI-VDNI,Simpul logistik Morosi-VDNI,ILYAS KARYA,Sulawesi Tenggara,KAB. KONAWE SELATAN,JL SAO SAO NO.210 KENDARI,1,0,LEGAL,Batu Gamping,tidak,data/processed/sulawesi_esdm_nikel.csv
NODE-SULTRA-KONAWE-MOROSI-VDNI,Simpul logistik Morosi-VDNI,KEMILAU BERSAMA SAHABAT,Sulawesi Tenggara,KAB. KONAWE SELATAN,"Desa/Kelurahan	Lamokula, Kec. Moramo Utara, Kab. Konawe Selatan, Provinsi Sulawesi Tenggara",1,0,LEGAL,Batu Gamping untuk Industri,tidak,data/processed/sulawesi_esdm_nikel.csv
NODE-SULTRA-KONAWE-MOROSI-VDNI,Simpul logistik Morosi-VDNI,KONAWEHA MAKMUR,Sulawesi Tenggara,KAB. KONAWE,"JL SULTAN HASANUDDIN NO.67A LT.II, KENDARI",1,0,LEGAL,Peridotit,tidak,data/processed/sulawesi_esdm_nikel.csv
NODE-SULTRA-KONAWE-MOROSI-VDNI,Simpul logistik Morosi-VDNI,KREASI KARBONAT UTAMA,Sulawesi Tenggara,KAB. KONAWE SELATAN,"Jl. Sorumba No.03 Desa/Kelurahan Anaiwoi, Kec. Kadia, Kota Kendari, Prov. Sulawesi Tenggara Kode Pos 93118",1,0,LEGAL,Batu Gamping,tidak,data/processed/sulawesi_esdm_nikel.csv
NODE-SULTRA-KONAWE-MOROSI-VDNI,Simpul logistik Morosi-VDNI,LALOMERUI PERKASA,Sulawesi Tenggara,KAB. KONAWE,"Jalan Poros Trans Sulawesi Desa Lalomerui, RT001 RW001, Kec.
Routa, Kab. Konawe – Sulawesi Tenggara",1,0,LEGAL,Pasir,tidak,data/processed/sulawesi_esdm_nikel.csv
NODE-SULTRA-KONAWE-MOROSI-VDNI,Simpul logistik Morosi-VDNI,LAMBOO INTI PASIR SILIKA,Sulawesi Tenggara,KAB. KONAWE SELATAN,Kendari,1,0,LEGAL,Pasir Kuarsa,tidak,data/processed/sulawesi_esdm_nikel.csv
NODE-SULTRA-KONAWE-MOROSI-VDNI,Simpul logistik Morosi-VDNI,LINTAS STONE MINERAL,Sulawesi Tenggara,KAB. KONAWE SELATAN,"Jalan Sorumba Nomor 3, Desa/Kelurahan Anaiwoi, Kec. Kadia, Kota
Kendari, Provinsi Sulawesi Tenggara,
Kode Pos: 93118",1,0,LEGAL,Batu Gamping,tidak,data/processed/sulawesi_esdm_nikel.csv
NODE-SULTRA-KONAWE-MOROSI-VDNI,Simpul logistik Morosi-VDNI,MAPAN MULIA MAKMUR,Sulawesi Tenggara,KAB. KONAWE SELATAN,CITRALAND SPAZIA ARCADEFOOD RUKO BLOK G NO 17 KOTA KENDARI PROVINSI SULAWESI TENGGARA,1,0,LEGAL,Pasir Kuarsa,tidak,data/processed/sulawesi_esdm_nikel.csv
NODE-SULTRA-KONAWE-MOROSI-VDNI,Simpul logistik Morosi-VDNI,MEKAR JAYA MORAMO,Sulawesi Tenggara,KAB. KONAWE SELATAN,"Desa Mekar Jaya, Kec. Moramo Utara,	Kab.
 Konawe Selatan,",1,0,LEGAL,Batu Gamping untuk Industri,tidak,data/processed/sulawesi_esdm_nikel.csv
NODE-SULTRA-KONAWE-MOROSI-VDNI,Simpul logistik Morosi-VDNI,MINERAL ABADI DJOJO,Sulawesi Tenggara,KAB. KONAWE SELATAN,"Darmo Bavarian 2/B-6 RT005/RW003 Kel. Sukomanunggal Kec. Sukomanunggal Kab. Kota Surabaya Prov. Jawa Timur , Kode Pos 60188",1,0,LEGAL,Batu Gamping untuk Industri,tidak,data/processed/sulawesi_esdm_nikel.csv
NODE-SULTRA-KONAWE-MOROSI-VDNI,Simpul logistik Morosi-VDNI,MORAMO KENCANA SAKTI,Sulawesi Tenggara,KAB. KONAWE SELATAN,"Jalan Martandu Nomor 17-19, Desa/Kelurahan Kambu, Kec.Kambu, Kota Kendari, Provinsi Sulawesi Tenggara 93231",1,0,LEGAL,Batu Gamping untuk Industri,tidak,data/processed/sulawesi_esdm_nikel.csv
NODE-SULTRA-KONAWE-MOROSI-VDNI,Simpul logistik Morosi-VDNI,NAGA MAS SULTRA,Sulawesi Tenggara,KAB. KONAWE SELATAN,"Ds Lapuko, Kec. Moramo, Kab- Konawe Selatan
Sulawesi Tenggara 93891",1,0,LEGAL,Pasir Kuarsa,tidak,data/processed/sulawesi_esdm_nikel.csv
NODE-SULTRA-KONAWE-MOROSI-VDNI,Simpul logistik Morosi-VDNI,NURDIN KADIR,Sulawesi Tenggara,KAB. KONAWE SELATAN,JL. MAYJEN S PARMAN/WARUNG SOP SAUDARA NO. 38 KEL. KEMARAYA KEC. KENDARI BARAT,1,0,LEGAL,Batu Gamping,tidak,data/processed/sulawesi_esdm_nikel.csv
NODE-SULTRA-KONAWE-MOROSI-VDNI,Simpul logistik Morosi-VDNI,ORISON MINERAL SYNERGY,Sulawesi Tenggara,KAB. KONAWE SELATAN,"GEDUNG 18 OFFICE PARK LT. 21 UNIT C, JL. TB SIMATUPANG NO.
18, Desa/Kelurahan Kebagusan, Kec. Pasar Minggu, Kota Adm. Jakarta
Selatan, Provinsi DKI Jakarta",1,0,LEGAL,Batu Gamping untuk Industri,tidak,data/processed/sulawesi_esdm_nikel.csv
NODE-SULTRA-KONAWE-MOROSI-VDNI,Simpul logistik Morosi-VDNI,PANRITA BERKAH UTAMA,Sulawesi Tenggara,KAB. KONAWE SELATAN,"Komplek Diamond Alfa Praja, Blok C4, Kel. Anduonohu, Kec. Poasia, Kota Kendari, Sulawesi Tenggara",1,0,LEGAL,Batu Gamping,tidak,data/processed/sulawesi_esdm_nikel.csv
NODE-SULTRA-KONAWE-MOROSI-VDNI,Simpul logistik Morosi-VDNI,RAMADHAN MORAMO RAYA,Sulawesi Tenggara,KAB. KONAWE SELATAN,Jalan Poros Moramo,1,0,LEGAL,Batu Gamping,tidak,data/processed/sulawesi_esdm_nikel.csv
NODE-SULTRA-KONAWE-MOROSI-VDNI,Simpul logistik Morosi-VDNI,SASMAKA ANUGERAH ALAM,Sulawesi Tenggara,KAB. KONAWE SELATAN,"Diamond Park Residence, Permata Juanda Blok B Nomor 1, Raya
Juanda, Desa/Kelurahan Sedatiagung, Kec. Sedati, Kab. Sidoarjo,
Provinsi Jawa Timur,
Kode Pos: 61253",1,0,LEGAL,Batu Gamping untuk Industri,tidak,data/processed/sulawesi_esdm_nikel.csv
NODE-SULTRA-KONAWE-MOROSI-VDNI,Simpul logistik Morosi-VDNI,SEJAHTERA ENERGI RESOURCES,Sulawesi Tenggara,KAB. KONAWE,"TREASURY TOWER LT. 10 UNIT N, DISTRICT 8, SCBD JL. JEND. SUDIRMAN NO. 52-53
",1,0,LEGAL,Batu Gamping untuk Industri,tidak,data/processed/sulawesi_esdm_nikel.csv
NODE-SULTRA-KONAWE-MOROSI-VDNI,Simpul logistik Morosi-VDNI,SILIKA CENTRA PRATAMA,Sulawesi Tenggara,KAB. KONAWE SELATAN,"JL. BUNGA TANJUNG PERUMAHAN GRAND KEMARAYA	NO.	5, Desa/Kelurahan Watu-Watu, Kec. Kendari	Barat",1,0,LEGAL,Pasir Kuarsa,tidak,data/processed/sulawesi_esdm_nikel.csv
NODE-SULTRA-KONAWE-MOROSI-VDNI,Simpul logistik Morosi-VDNI,SUMBER ALAM MATA WAWATU,Sulawesi Tenggara,KAB. KONAWE SELATAN,"DESA MATA WATU WATU, Desa/Kelurahan Wawatu, Kec. Moramo Utara,",2,0,LEGAL,Batu Gamping untuk Industri,tidak,data/processed/sulawesi_esdm_nikel.csv
NODE-SULTRA-KONAWE-MOROSI-VDNI,Simpul logistik Morosi-VDNI,SURYA AMIEN SANTOSO,Sulawesi Tenggara,KAB. KONAWE SELATAN,"Jl. Raya Menganti 479, Desa/Kelurahan Babatan, Kec. Wiyung, Kota
Surabaya, Provinsi Jawa Timur",1,0,LEGAL,Batu Gamping untuk Industri,tidak,data/processed/sulawesi_esdm_nikel.csv
NODE-SULTRA-KONAWE-MOROSI-VDNI,Simpul logistik Morosi-VDNI,WATU MORINI,Sulawesi Tenggara,KAB. KONAWE SELATAN,"Jl. MALIK III NO. 1 B, Kelurahan Mandonga, Kec. Mandonga, Kota Kendari, Provinsi Sulawesi Tenggara",1,0,LEGAL,Batu Gamping untuk Industri,tidak,data/processed/sulawesi_esdm_nikel.csv
NODE-SULTRA-KONAWE-OSS,Simpul logistik Konawe-OSS,ALVINDO MINING RESOURCE,Sulawesi Tenggara,KAB. KONAWE,"Gold Coast Office PIK Tower Eiffel Lantai 20 F, Pantai Indah Kapuk St",1,1,LEGAL,Nikel,ya,data/processed/sulawesi_esdm_nikel.csv
NODE-SULTRA-KONAWE-OSS,Simpul logistik Konawe-OSS,ANDALAN ENERGI NUSANTARA,Sulawesi Tenggara,KAB. KONAWE,JL. CIDENG TIMUR NO. 73-74,1,1,LEGAL,Nikel,ya,data/processed/sulawesi_esdm_nikel.csv
NODE-SULTRA-KONAWE-OSS,Simpul logistik Konawe-OSS,BERKAH TARULI JAYA,Sulawesi Tenggara,KAB. KONAWE,"GEDUNG PATRA OFFICE TOWER LT. 17 RUANG 1704, JL. JEND. GATOT SUBROTO KAV 32-34 , Desa/Kelurahan Kuningan Timur, Kec.
Setiabudi
Kode Pos: 12950",1,1,LEGAL,Nikel,ya,data/processed/sulawesi_esdm_nikel.csv
NODE-SULTRA-KONAWE-OSS,Simpul logistik Konawe-OSS,BUMI KONAWE MINING,Sulawesi Tenggara,KAB. KONAWE,Jalan Martandu No. 97 RT 007 RW 003 Kelurahan Anduonohu Kecamatan Poasia Kota Kendari Provinsi Sulawesi Tenggara,1,1,LEGAL,Nikel,ya,data/processed/sulawesi_esdm_nikel.csv
NODE-SULTRA-KONAWE-OSS,Simpul logistik Konawe-OSS,CITRA ARYA SENTOSA HUTAMA,Sulawesi Tenggara,KAB. KONAWE,"TAMARA CENTER SUITE 701, Jl. Jend. Sudirman Kav. 24, Jakarta 12920",1,1,LEGAL,Nikel,ya,data/processed/sulawesi_esdm_nikel.csv
NODE-SULTRA-KONAWE-OSS,Simpul logistik Konawe-OSS,GEMA KREASI PERDANA,Sulawesi Tenggara,KAB. KONAWE; KAB. KONAWE KEPULAUAN,Jalan Martandu No. 97 RT 007 RW 003 Kelurahan Anduonohu Kecamatan Poasia Kota Kendari,2,2,LEGAL,Nikel,ya,data/processed/sulawesi_esdm_nikel.csv
NODE-SULTRA-KONAWE-OSS,Simpul logistik Konawe-OSS,GENERASI AGUNG PERKASA,Sulawesi Tenggara,KAB. KONAWE SELATAN,JL. POROS BANDARA HALUOLEO,1,1,LEGAL,Nikel,ya,data/processed/sulawesi_esdm_nikel.csv
NODE-SULTRA-KONAWE-OSS,Simpul logistik Konawe-OSS,GERBANG MULTI SEJAHTERA,Sulawesi Tenggara,KAB. KONAWE SELATAN,"INDONESIA STOCK EXCHANGE BUILDING, TOWER 1 LANTAI 29 SUITE 2903 JL. JEND. SUDIRMAN KAV 52-53, SENAYAN - KEBAYORAN BARU, KOTA ADM. JAKARTA SELATAN - DKI JAKARTA, 12190   TELP. (+62) 21-5154118",1,1,LEGAL,Nikel,ya,data/processed/sulawesi_esdm_nikel.csv
NODE-SULTRA-KONAWE-OSS,Simpul logistik Konawe-OSS,HIJRAH SAWITTO MARIORITA,Sulawesi Tenggara,KAB. KONAWE,"Jalan Kwitang Raya Nomor 8 Desa/Kelurahan Kwitang, Kecamatan Senen",1,1,LEGAL,Nikel,ya,data/processed/sulawesi_esdm_nikel.csv
NODE-SULTRA-KONAWE-OSS,Simpul logistik Konawe-OSS,HOMKEY INTI PRIMA,Sulawesi Tenggara,KAB. KONAWE,"GEDUNG PATRA OFFICE TOWER LT. 17 RUANG 1704, JL. JEND.
GATOT SUBROTO KAV 32-34 
Kode Pos: 12950",1,1,LEGAL,Nikel,ya,data/processed/sulawesi_esdm_nikel.csv
NODE-SULTRA-KONAWE-OSS,Simpul logistik Konawe-OSS,IFISHDECO,Sulawesi Tenggara,KAB. KONAWE SELATAN,"Gedung Sahid Sudirman Center, Lantai 42 F, Jalan Jenderal Sudirman nomor 86, Desa/Kelurahan Karet Tengsin, Kec. Tanah Abang,
Kota Adm. Jakarta Pusat, Provinsi DKI Jakarta, 10250",1,1,LEGAL,Nikel,ya,data/processed/sulawesi_esdm_nikel.csv
NODE-SULTRA-KONAWE-OSS,Simpul logistik Konawe-OSS,INTAN PERDHANA PUSPA,Sulawesi Tenggara,KAB. KONAWE,"PERKANTORAN GRAHA MAS BLOK B-3, JL. RS. FATMAWATI NO.71",1,1,LEGAL,Nikel,ya,data/processed/sulawesi_esdm_nikel.csv
NODE-SULTRA-KONAWE-OSS,Simpul logistik Konawe-OSS,INTEGRA MINING NUSANTARA,Sulawesi Tenggara,KAB. KONAWE SELATAN,"JL. CIPINANG CEMPEDAK I/38-C RT. 013 RW. 003 JATINEGARA, JAKUT & PATRA JASA BUILDING 11TH SUITE #1143 JL. GATOT SOEBROTO KAV 32-34 JAKARTA 12950 TELP. 021-525992 & GEDUNG PATRA JASA LT. 11 SUIT ROOM 1111 JL. JEND. GATOT SUBROTO KAV. 32-34, JAKARTA SELATAN",1,1,LEGAL,Nikel,ya,data/processed/sulawesi_esdm_nikel.csv
NODE-SULTRA-KONAWE-OSS,Simpul logistik Konawe-OSS,JAGAD RAYATAMA,Sulawesi Tenggara,KAB. KONAWE SELATAN,"JL. CIDENG TIMUR NO.12A RT.005 RW.04, PETOJO UTARA, GAMBIR JAKARTA PUSAT",1,1,LEGAL,Nikel,ya,data/processed/sulawesi_esdm_nikel.csv
NODE-SULTRA-KONAWE-OSS,Simpul logistik Konawe-OSS,KARYATAMA KONAWE UTARA,Sulawesi Tenggara,KAB. KONAWE UTARA,"KABUPATEN KONAWE UTARA, SULAWESI TENGGARA",1,1,LEGAL,Nikel,ya,data/processed/sulawesi_esdm_nikel.csv
NODE-SULTRA-KONAWE-OSS,Simpul logistik Konawe-OSS,KONUT JAYA MINERAL,Sulawesi Tenggara,KAB. KONAWE,"JL SULTAN HASANUDDIN NO 67, KEL. TIPULU, KEC. KENDARO BARAT, KOTA KENDARI",1,1,LEGAL,Nikel,ya,data/processed/sulawesi_esdm_nikel.csv
NODE-SULTRA-KONAWE-OSS,Simpul logistik Konawe-OSS,LAEYA CIPTA GUNA,Sulawesi Tenggara,KAB. KONAWE SELATAN,"jl Bunga Cempaka No. 1 Kel. Kemaraya, Kec. Kendari Barat Kota Kendari Provinsi Sulawesi Tenggara",1,1,LEGAL,Nikel,ya,data/processed/sulawesi_esdm_nikel.csv
NODE-SULTRA-KONAWE-OSS,Simpul logistik Konawe-OSS,MACIKA MADA MADANA,Sulawesi Tenggara,KAB. KONAWE SELATAN,GEDUNG INTI CENTRE LT 3 JL. TAMAN KEMANG NO. 32A JAKARTA SELATAN 021-7199711,1,1,LEGAL,Nikel,ya,data/processed/sulawesi_esdm_nikel.csv
NODE-SULTRA-KONAWE-OSS,Simpul logistik Konawe-OSS,MEGA TAMBANG INDONESIA,Sulawesi Tenggara,KAB. KONAWE SELATAN,"JL. POROS KENDARI - ANDOOLO DESA WAWONGGURA (SAMPING RUJAB CAMAT PALANGGA) KAB. KONAWE SELATAN, SULAWESI TENGGARA - 93387",1,1,LEGAL,Nikel,ya,data/processed/sulawesi_esdm_nikel.csv
NODE-SULTRA-KONAWE-OSS,Simpul logistik Konawe-OSS,MEGA TAMBANG NIKEL,Sulawesi Tenggara,KAB. KONAWE SELATAN,"JL. POROS KENDARI - ANDOOLO DESA WAWONGGURA (SAMPING RUJAB CAMAT PALANGGA) KAB. KONAWE SELATAN, SULAWESI TENGGARA - 93387",1,1,LEGAL,Nikel,ya,data/processed/sulawesi_esdm_nikel.csv
NODE-SULTRA-KONAWE-OSS,Simpul logistik Konawe-OSS,MODERN CAHAYA MAKMUR,Sulawesi Tenggara,KAB. KONAWE,"GEDUNG GREEN CENTRAL CITY AREA KOMERSIAL LT. 2 JL GAJAH MADA GREEN CENTRAL CITY AREA KOMERSIAL LT 2, Nomor 188, RT 009, RW 005 KEL. GLODOK KEC. TAMANSARI JAKARTA BARAT 11120 DKI JAKARTA",2,2,LEGAL,Nikel,ya,data/processed/sulawesi_esdm_nikel.csv
NODE-SULTRA-KONAWE-OSS,Simpul logistik Konawe-OSS,MUDA PRIMA INSAN,Sulawesi Tenggara,KAB. KONAWE,Bellagio Boutique Mall Unit OUG-25. Jl. Mega Kuningan Barat Kav. E 4.3 Kawasan Mega Kuningan.,1,1,LEGAL,Nikel,ya,data/processed/sulawesi_esdm_nikel.csv
NODE-SULTRA-KONAWE-OSS,Simpul logistik Konawe-OSS,NIKELINDO SURYAKENCANA AGUNG,Sulawesi Tenggara,KAB. KONAWE,"Gold Coast Office PIK Tower Eiffel Lantai 20 F, Pantai Indah Kapuk St",1,1,LEGAL,Nikel,ya,data/processed/sulawesi_esdm_nikel.csv
NODE-SULTRA-KONAWE-OSS,Simpul logistik Konawe-OSS,PANDU URANE PERKASA,Sulawesi Tenggara,KAB. KONAWE SELATAN,Jalan Banda BTN Bukit Damai Abadi Blok M/15,1,1,LEGAL,Nikel,ya,data/processed/sulawesi_esdm_nikel.csv
NODE-SULTRA-KONAWE-OSS,Simpul logistik Konawe-OSS,PANJI NUGRAHA SAKTI,Sulawesi Tenggara,KAB. KONAWE SELATAN,Jalan Sao-sao Nomor 81-B,1,1,LEGAL,Nikel,ya,data/processed/sulawesi_esdm_nikel.csv
NODE-SULTRA-KONAWE-OSS,Simpul logistik Konawe-OSS,PELANGI UTAMA JAYA MANDIRI,Sulawesi Tenggara,KAB. KONAWE,"GEDUNG PATRA OFFICE TOWER LT 17 RUANG 1704, JL. JEND GATOT SUBROTO KAV 32-34, KEL. KUNINGAN TIMUR, KEC, SETIABUDI, KOTA ADM. JAKARTA TIMUR, PROV DKI JAKARTA",1,1,LEGAL,Nikel,ya,data/processed/sulawesi_esdm_nikel.csv
NODE-SULTRA-KONAWE-OSS,Simpul logistik Konawe-OSS,PERTAMBANGAN BUMI ANOA,Sulawesi Tenggara,KAB. KONAWE SELATAN,"APL Tower Lantai 38 Unit T5-6, Jl. Letjend S. Parman Kav 28",1,1,LEGAL,Nikel,ya,data/processed/sulawesi_esdm_nikel.csv
NODE-SULTRA-KONAWE-OSS,Simpul logistik Konawe-OSS,PUTRI GLORY ELSHADAY,Sulawesi Tenggara,KAB. KONAWE,"AKR TOWER LT. 16A, JL. PANJANG NO. 5 RT 011 RW 010",1,1,LEGAL,Nikel,ya,data/processed/sulawesi_esdm_nikel.csv
NODE-SULTRA-KONAWE-OSS,Simpul logistik Konawe-OSS,PUTRI WULANDARI,Sulawesi Tenggara,KAB. KONAWE UTARA,"Jalan Poros kulahi No 51, Desa/Kelurahan Kulahi, Kec. Wawotobi, Kab.
Konawe, Provinsi Sulawesi Tenggara",1,1,LEGAL,Nikel,ya,data/processed/sulawesi_esdm_nikel.csv
NODE-SULTRA-KONAWE-OSS,Simpul logistik Konawe-OSS,RIZQI SINAR BIOKAS,Sulawesi Tenggara,KAB. KONAWE UTARA,"KEL WANGGUDU KEC.ASERA, KONAWE UTARA",1,1,LEGAL,Nikel,ya,data/processed/sulawesi_esdm_nikel.csv
NODE-SULTRA-KONAWE-OSS,Simpul logistik Konawe-OSS,SAMBAS MINERALS MINING,Sulawesi Tenggara,KAB. KONAWE SELATAN,GEDUNG WISMA MRA LANTAI 16 ZONA C JL.TB SIMATUPANG NO.19 JAKARTA SELATAN,1,1,LEGAL,Nikel,ya,data/processed/sulawesi_esdm_nikel.csv
NODE-SULTRA-KONAWE-OSS,Simpul logistik Konawe-OSS,SENTRATAMA KARYA CEMERLANG,Sulawesi Tenggara,KAB. KONAWE SELATAN,"Ruko Sedayu Square Blok C No.30 Jl Outer Ring Road RT/RW : 003/008 Kel Cengkareng Barat Kec. Cengkareng , Jakarta Barat 11730",1,1,LEGAL,Nikel,ya,data/processed/sulawesi_esdm_nikel.csv
NODE-SULTRA-KONAWE-OSS,Simpul logistik Konawe-OSS,ST NICKEL RESOURCES,Sulawesi Tenggara,KAB. KONAWE,JL. MARDANI RAYA GANG A NO. 27 RT 001/RW 005 CEMPAKA PUTIH BARAT JAKARTA,1,1,LEGAL,Nikel,ya,data/processed/sulawesi_esdm_nikel.csv
NODE-SULTRA-KONAWE-OSS,Simpul logistik Konawe-OSS,SULAWESI CAHAYA MINERAL,Sulawesi Tenggara,KAB. KONAWE,"TREASURY TOWER LT.69, DISTRICT 8, SCBD, LOT 28, JL. JENDERAL SUDIRMAN KAV.52-53, KEL. SENAYAN, KEC. KEBAYORAN BARU",1,1,LEGAL,Nikel,ya,data/processed/sulawesi_esdm_nikel.csv
NODE-SULTRA-KONAWE-OSS,Simpul logistik Konawe-OSS,SULEMANDARA KONAWE,Sulawesi Tenggara,KAB. KONAWE,Jl. Poros Kendari - Kolaka KM 44 Pondidaha,1,1,LEGAL,Nikel,ya,data/processed/sulawesi_esdm_nikel.csv
NODE-SULTRA-KONAWE-OSS,Simpul logistik Konawe-OSS,TAMBANG INDONESIA SEJAHTERA,Sulawesi Tenggara,KAB. KONAWE SELATAN,PULO GADUNG TRADE CENTRE (PTC) BLOK 8 A NO 21 JL. RAYA BEKASI KM 21 RAWA TERATE CAKUNG,1,1,LEGAL,Nikel,ya,data/processed/sulawesi_esdm_nikel.csv
NODE-SULTRA-KONAWE-OSS,Simpul logistik Konawe-OSS,VISI DEBTINDO MINERAL,Sulawesi Tenggara,KAB. KONAWE SELATAN,"JL. PANTAI INDAH SELATAN RUKO ELANG LAUT BLOK A NO. 20 RT/RW 003/003 KEL. KAMAL MUARA, KEC. PENJARINGAN, JAKARTA UTARA",1,1,LEGAL,Nikel,ya,data/processed/sulawesi_esdm_nikel.csv
NODE-SULTRA-KONAWE-OSS,Simpul logistik Konawe-OSS,WAWONII MAKMUR JAYARAYA,Sulawesi Tenggara,KAB. KONAWE,"GEDUNG BANK PANIN LT.5 JL JEND SUDIRMAN SENAYAN, JAKPUS",1,1,LEGAL,Nikel,ya,data/processed/sulawesi_esdm_nikel.csv
NODE-SULTRA-KONAWE-OSS,Simpul logistik Konawe-OSS,WIJAYA INTI NUSANTARA,Sulawesi Tenggara,KAB. KONAWE SELATAN,Jalan Anuang Nomor 86,1,1,LEGAL,Nikel,ya,data/processed/sulawesi_esdm_nikel.csv
NODE-SULTRA-KONAWE-OSS,Simpul logistik Konawe-OSS,YULAN PRATAMA,Sulawesi Tenggara,KAB. KONAWE UTARA,KEL. TUOY KEC. UNAAHA KAB. KONAWE PROVINSI SULAWESI TENGGARA,1,1,LEGAL,Nikel,ya,data/processed/sulawesi_esdm_nikel.csv
NODE-SULTRA-KONAWE-OSS,Simpul logistik Konawe-OSS,AKSAN RAYA PERKASA,Sulawesi Tenggara,KAB. KONAWE SELATAN,JL. GUNUNG NIPA-NIPA NO. 11,1,0,LEGAL,Pasir Kuarsa,tidak,data/processed/sulawesi_esdm_nikel.csv
NODE-SULTRA-KONAWE-OSS,Simpul logistik Konawe-OSS,ALESHA INTI BUMI,Sulawesi Tenggara,KAB. KONAWE SELATAN,"Jl. Malaka Kompleks Citraland Blok G1 Nomor 09, Kel. Andonohu, Kec. Poasia, Kota Kendari, Provinsi Sulawesi Tenggara",2,0,LEGAL,Batu Gamping untuk Industri,tidak,data/processed/sulawesi_esdm_nikel.csv
NODE-SULTRA-KONAWE-OSS,Simpul logistik Konawe-OSS,BENTENG GUNUNG MAS,Sulawesi Tenggara,KAB. KONAWE SELATAN,"18 Office Park Building 21TH Floor Unit C, Jl Kebagusan, Pasar Minggu Kota Adm. Jakarta Selatan DKI Jakarta",1,0,LEGAL,Batu Gamping untuk Industri,tidak,data/processed/sulawesi_esdm_nikel.csv
NODE-SULTRA-KONAWE-OSS,Simpul logistik Konawe-OSS,BINTANG ENERGI MINERAL,Sulawesi Tenggara,KAB. KONAWE SELATAN,Jln. Martandu Lorong Kharisma IV Kel. Kambu Kec. Kambu Kendari,1,0,LEGAL,Pasir Kuarsa,tidak,data/processed/sulawesi_esdm_nikel.csv
NODE-SULTRA-KONAWE-OSS,Simpul logistik Konawe-OSS,BUMI NIAGA MANDIRI,Sulawesi Tenggara,KAB. KONAWE UTARA,"DESA LALOWARU,  Kec. Lasolo, Kab. Konawe
Utara, Provinsi Sulawesi Tenggara,",1,0,LEGAL,Pasir,tidak,data/processed/sulawesi_esdm_nikel.csv
NODE-SULTRA-KONAWE-OSS,Simpul logistik Konawe-OSS,CAHAYA ALAM NUSANTARA,Sulawesi Tenggara,KAB. KONAWE SELATAN,"DESA MATA WAWATU, RT 000, RW 000",1,0,LEGAL,Batu Gamping,tidak,data/processed/sulawesi_esdm_nikel.csv
NODE-SULTRA-KONAWE-OSS,Simpul logistik Konawe-OSS,CAHAYA CEMERLANG,Sulawesi Tenggara,KAB. KONAWE UTARA,DESA MATANGGONAWE RT. 002 RW. 002 KEC. SAWA KAB. KONAWE UTARA,1,0,LEGAL,Batu Gamping untuk Industri,tidak,data/processed/sulawesi_esdm_nikel.csv
NODE-SULTRA-KONAWE-OSS,Simpul logistik Konawe-OSS,CAHAYA SULTRA INDONESIA,Sulawesi Tenggara,KAB. KONAWE SELATAN,"KAWASAN INDUSTRI VIRTU DRAGON NOMOR	111, Desa/Kelurahan Morosi",1,0,LEGAL,Batu Gamping untuk Industri,tidak,data/processed/sulawesi_esdm_nikel.csv
NODE-SULTRA-KONAWE-OSS,Simpul logistik Konawe-OSS,CITRA KHUSUMA SULTRA,Sulawesi Tenggara,KAB. KONAWE SELATAN,JL. MALAKA RUKO SPAZIA CITRALAND KENDARI BLOK K NO. 12,1,0,LEGAL,Batu Gamping,tidak,data/processed/sulawesi_esdm_nikel.csv
NODE-SULTRA-KONAWE-OSS,Simpul logistik Konawe-OSS,FARDAN TOLAKINDO PERKASA,Sulawesi Tenggara,KAB. KONAWE SELATAN,JL GUNUNG NIPA-NIPA NO 11,1,0,LEGAL,Batu Gamping,tidak,data/processed/sulawesi_esdm_nikel.csv
NODE-SULTRA-KONAWE-OSS,Simpul logistik Konawe-OSS,HANGTIAN NUR CAHAYA,Sulawesi Tenggara,KAB. KONAWE SELATAN,"Jl. Brigjen M. joenoes, kompleks Senopati Land Blok C No.22, bende, Kadia, Kota Kendari, Sulawesi Tenggara",1,0,LEGAL,Pasir Kuarsa,tidak,data/processed/sulawesi_esdm_nikel.csv
NODE-SULTRA-KONAWE-OSS,Simpul logistik Konawe-OSS,HANKING MAKMUR NICKELSMELT,Sulawesi Tenggara,KAB. KONAWE UTARA,"KONAWE UTARA,
Kode Pos: 93341",1,0,LEGAL,,tidak,data/processed/sulawesi_esdm_nikel.csv
NODE-SULTRA-KONAWE-OSS,Simpul logistik Konawe-OSS,HOFFMEN ENERGI PERKASA,Sulawesi Tenggara,KAB. KONAWE SELATAN,"DESA WAWATU, KEC. MORAMO UTARA, KAB. KONAWE SELATAN",2,0,LEGAL,Batu Gamping; Batu Gamping untuk Industri,tidak,data/processed/sulawesi_esdm_nikel.csv
NODE-SULTRA-KONAWE-OSS,Simpul logistik Konawe-OSS,ILYAS KARYA,Sulawesi Tenggara,KAB. KONAWE SELATAN,JL SAO SAO NO.210 KENDARI,1,0,LEGAL,Batu Gamping,tidak,data/processed/sulawesi_esdm_nikel.csv
NODE-SULTRA-KONAWE-OSS,Simpul logistik Konawe-OSS,KEMILAU BERSAMA SAHABAT,Sulawesi Tenggara,KAB. KONAWE SELATAN,"Desa/Kelurahan	Lamokula, Kec. Moramo Utara, Kab. Konawe Selatan, Provinsi Sulawesi Tenggara",1,0,LEGAL,Batu Gamping untuk Industri,tidak,data/processed/sulawesi_esdm_nikel.csv
NODE-SULTRA-KONAWE-OSS,Simpul logistik Konawe-OSS,KONAWEHA MAKMUR,Sulawesi Tenggara,KAB. KONAWE,"JL SULTAN HASANUDDIN NO.67A LT.II, KENDARI",1,0,LEGAL,Peridotit,tidak,data/processed/sulawesi_esdm_nikel.csv
NODE-SULTRA-KONAWE-OSS,Simpul logistik Konawe-OSS,KREASI KARBONAT UTAMA,Sulawesi Tenggara,KAB. KONAWE SELATAN,"Jl. Sorumba No.03 Desa/Kelurahan Anaiwoi, Kec. Kadia, Kota Kendari, Prov. Sulawesi Tenggara Kode Pos 93118",1,0,LEGAL,Batu Gamping,tidak,data/processed/sulawesi_esdm_nikel.csv
NODE-SULTRA-KONAWE-OSS,Simpul logistik Konawe-OSS,LALOMERUI PERKASA,Sulawesi Tenggara,KAB. KONAWE,"Jalan Poros Trans Sulawesi Desa Lalomerui, RT001 RW001, Kec.
Routa, Kab. Konawe – Sulawesi Tenggara",1,0,LEGAL,Pasir,tidak,data/processed/sulawesi_esdm_nikel.csv
NODE-SULTRA-KONAWE-OSS,Simpul logistik Konawe-OSS,LAMBOO INTI PASIR SILIKA,Sulawesi Tenggara,KAB. KONAWE SELATAN,Kendari,1,0,LEGAL,Pasir Kuarsa,tidak,data/processed/sulawesi_esdm_nikel.csv
NODE-SULTRA-KONAWE-OSS,Simpul logistik Konawe-OSS,LINTAS STONE MINERAL,Sulawesi Tenggara,KAB. KONAWE SELATAN,"Jalan Sorumba Nomor 3, Desa/Kelurahan Anaiwoi, Kec. Kadia, Kota
Kendari, Provinsi Sulawesi Tenggara,
Kode Pos: 93118",1,0,LEGAL,Batu Gamping,tidak,data/processed/sulawesi_esdm_nikel.csv
NODE-SULTRA-KONAWE-OSS,Simpul logistik Konawe-OSS,MAPAN MULIA MAKMUR,Sulawesi Tenggara,KAB. KONAWE SELATAN,CITRALAND SPAZIA ARCADEFOOD RUKO BLOK G NO 17 KOTA KENDARI PROVINSI SULAWESI TENGGARA,1,0,LEGAL,Pasir Kuarsa,tidak,data/processed/sulawesi_esdm_nikel.csv
NODE-SULTRA-KONAWE-OSS,Simpul logistik Konawe-OSS,MEKAR JAYA MORAMO,Sulawesi Tenggara,KAB. KONAWE SELATAN,"Desa Mekar Jaya, Kec. Moramo Utara,	Kab.
 Konawe Selatan,",1,0,LEGAL,Batu Gamping untuk Industri,tidak,data/processed/sulawesi_esdm_nikel.csv
NODE-SULTRA-KONAWE-OSS,Simpul logistik Konawe-OSS,MINERAL ABADI DJOJO,Sulawesi Tenggara,KAB. KONAWE SELATAN,"Darmo Bavarian 2/B-6 RT005/RW003 Kel. Sukomanunggal Kec. Sukomanunggal Kab. Kota Surabaya Prov. Jawa Timur , Kode Pos 60188",1,0,LEGAL,Batu Gamping untuk Industri,tidak,data/processed/sulawesi_esdm_nikel.csv
NODE-SULTRA-KONAWE-OSS,Simpul logistik Konawe-OSS,MORAMO KENCANA SAKTI,Sulawesi Tenggara,KAB. KONAWE SELATAN,"Jalan Martandu Nomor 17-19, Desa/Kelurahan Kambu, Kec.Kambu, Kota Kendari, Provinsi Sulawesi Tenggara 93231",1,0,LEGAL,Batu Gamping untuk Industri,tidak,data/processed/sulawesi_esdm_nikel.csv
NODE-SULTRA-KONAWE-OSS,Simpul logistik Konawe-OSS,NAGA MAS SULTRA,Sulawesi Tenggara,KAB. KONAWE SELATAN,"Ds Lapuko, Kec. Moramo, Kab- Konawe Selatan
Sulawesi Tenggara 93891",1,0,LEGAL,Pasir Kuarsa,tidak,data/processed/sulawesi_esdm_nikel.csv
NODE-SULTRA-KONAWE-OSS,Simpul logistik Konawe-OSS,NURDIN KADIR,Sulawesi Tenggara,KAB. KONAWE SELATAN,JL. MAYJEN S PARMAN/WARUNG SOP SAUDARA NO. 38 KEL. KEMARAYA KEC. KENDARI BARAT,1,0,LEGAL,Batu Gamping,tidak,data/processed/sulawesi_esdm_nikel.csv
NODE-SULTRA-KONAWE-OSS,Simpul logistik Konawe-OSS,ORISON MINERAL SYNERGY,Sulawesi Tenggara,KAB. KONAWE SELATAN,"GEDUNG 18 OFFICE PARK LT. 21 UNIT C, JL. TB SIMATUPANG NO.
18, Desa/Kelurahan Kebagusan, Kec. Pasar Minggu, Kota Adm. Jakarta
Selatan, Provinsi DKI Jakarta",1,0,LEGAL,Batu Gamping untuk Industri,tidak,data/processed/sulawesi_esdm_nikel.csv
NODE-SULTRA-KONAWE-OSS,Simpul logistik Konawe-OSS,PANRITA BERKAH UTAMA,Sulawesi Tenggara,KAB. KONAWE SELATAN,"Komplek Diamond Alfa Praja, Blok C4, Kel. Anduonohu, Kec. Poasia, Kota Kendari, Sulawesi Tenggara",1,0,LEGAL,Batu Gamping,tidak,data/processed/sulawesi_esdm_nikel.csv
NODE-SULTRA-KONAWE-OSS,Simpul logistik Konawe-OSS,RAMADHAN MORAMO RAYA,Sulawesi Tenggara,KAB. KONAWE SELATAN,Jalan Poros Moramo,1,0,LEGAL,Batu Gamping,tidak,data/processed/sulawesi_esdm_nikel.csv
NODE-SULTRA-KONAWE-OSS,Simpul logistik Konawe-OSS,SASMAKA ANUGERAH ALAM,Sulawesi Tenggara,KAB. KONAWE SELATAN,"Diamond Park Residence, Permata Juanda Blok B Nomor 1, Raya
Juanda, Desa/Kelurahan Sedatiagung, Kec. Sedati, Kab. Sidoarjo,
Provinsi Jawa Timur,
Kode Pos: 61253",1,0,LEGAL,Batu Gamping untuk Industri,tidak,data/processed/sulawesi_esdm_nikel.csv
NODE-SULTRA-KONAWE-OSS,Simpul logistik Konawe-OSS,SEJAHTERA ENERGI RESOURCES,Sulawesi Tenggara,KAB. KONAWE,"TREASURY TOWER LT. 10 UNIT N, DISTRICT 8, SCBD JL. JEND. SUDIRMAN NO. 52-53
",1,0,LEGAL,Batu Gamping untuk Industri,tidak,data/processed/sulawesi_esdm_nikel.csv
NODE-SULTRA-KONAWE-OSS,Simpul logistik Konawe-OSS,SILIKA CENTRA PRATAMA,Sulawesi Tenggara,KAB. KONAWE SELATAN,"JL. BUNGA TANJUNG PERUMAHAN GRAND KEMARAYA	NO.	5, Desa/Kelurahan Watu-Watu, Kec. Kendari	Barat",1,0,LEGAL,Pasir Kuarsa,tidak,data/processed/sulawesi_esdm_nikel.csv
NODE-SULTRA-KONAWE-OSS,Simpul logistik Konawe-OSS,SUMBER ALAM MATA WAWATU,Sulawesi Tenggara,KAB. KONAWE SELATAN,"DESA MATA WATU WATU, Desa/Kelurahan Wawatu, Kec. Moramo Utara,",2,0,LEGAL,Batu Gamping untuk Industri,tidak,data/processed/sulawesi_esdm_nikel.csv
NODE-SULTRA-KONAWE-OSS,Simpul logistik Konawe-OSS,SURYA AMIEN SANTOSO,Sulawesi Tenggara,KAB. KONAWE SELATAN,"Jl. Raya Menganti 479, Desa/Kelurahan Babatan, Kec. Wiyung, Kota
Surabaya, Provinsi Jawa Timur",1,0,LEGAL,Batu Gamping untuk Industri,tidak,data/processed/sulawesi_esdm_nikel.csv
NODE-SULTRA-KONAWE-OSS,Simpul logistik Konawe-OSS,WATU MORINI,Sulawesi Tenggara,KAB. KONAWE SELATAN,"Jl. MALIK III NO. 1 B, Kelurahan Mandonga, Kec. Mandonga, Kota Kendari, Provinsi Sulawesi Tenggara",1,0,LEGAL,Batu Gamping untuk Industri,tidak,data/processed/sulawesi_esdm_nikel.csv
NODE-SULTRA-KOLAKA-POMALAA-ANTAM,Simpul logistik Pomalaa-ANTAM,AKAR MAS INTERNASIONAL,Sulawesi Tenggara,KAB. KOLAKA,JALAN HALUOLEO NO.18,1,1,LEGAL,Nikel,ya,data/processed/sulawesi_esdm_nikel.csv
NODE-SULTRA-KOLAKA-POMALAA-ANTAM,Simpul logistik Pomalaa-ANTAM,ANEKA TAMBANG,Sulawesi Tenggara,KAB. KOLAKA; KAB. KONAWE UTARA,GEDUNG ANEKA TAMBANG TOWER A JL. LETJEN TB. SIMATUPANG NO.1 LINGKAR SELATAN,7,7,LEGAL,Nikel,ya,data/processed/sulawesi_esdm_nikel.csv
NODE-SULTRA-KOLAKA-POMALAA-ANTAM,Simpul logistik Pomalaa-ANTAM,BOLA DUNIA MANDIRI,Sulawesi Tenggara,KAB. KOLAKA,JL. PEMUDA NO.96 KOLAKA,1,1,LEGAL,Nikel,ya,data/processed/sulawesi_esdm_nikel.csv
NODE-SULTRA-KOLAKA-POMALAA-ANTAM,Simpul logistik Pomalaa-ANTAM,CERIA NUGRAHA INDOTAMA,Sulawesi Tenggara,KAB. KOLAKA,"KAWASAN INDUSTRI MAKASSAR JL KIMA 12 KAV N NO. 1A, DAYA BIRINGKANAYA, KOTA MAKASSAR, SULAWESI SELATAN, 90421",1,1,LEGAL,Nikel,ya,data/processed/sulawesi_esdm_nikel.csv
NODE-SULTRA-KOLAKA-POMALAA-ANTAM,Simpul logistik Pomalaa-ANTAM,DHARMA BUMI KOLAKA,Sulawesi Tenggara,KAB. KOLAKA,"Jalan A.M. Sangaji Nomor 11H, Kelurahan Petojo Utara, Kecamatan Gambir, Kota Jakarta Pusat",1,1,LEGAL,Nikel,ya,data/processed/sulawesi_esdm_nikel.csv
NODE-SULTRA-KOLAKA-POMALAA-ANTAM,Simpul logistik Pomalaa-ANTAM,PD. ANEKA USAHA KOLAKA,Sulawesi Tenggara,KAB. KOLAKA,"JL. BENDUNGAN KOMP.BTN KHR NO.A1, BALANDETE, KOLAKA, KAB. KOLAKA, SULAWESI TENGGARA",1,1,LEGAL,Nikel,ya,data/processed/sulawesi_esdm_nikel.csv
NODE-SULTRA-KOLAKA-POMALAA-ANTAM,Simpul logistik Pomalaa-ANTAM,PERTAMBANGAN NICKEL SULAWESI TENGGARA,Sulawesi Tenggara,KAB. KOLAKA; KAB. KONAWE UTARA,JL. PROTOKOL N0.40 POMALAA-KOLAKA & JL. PROTOKOL NO.45 DAWI-DAWI POMALA,2,2,LEGAL,Nikel,ya,data/processed/sulawesi_esdm_nikel.csv
NODE-SULTRA-KOLAKA-POMALAA-ANTAM,Simpul logistik Pomalaa-ANTAM,PUTRA MEKONGGA SEJAHTERA,Sulawesi Tenggara,KAB. KOLAKA,JL. PROTOKOL NO. 21 DAWI-DAWI POMALAA,1,1,LEGAL,Nikel,ya,data/processed/sulawesi_esdm_nikel.csv
NODE-SULTRA-KOLAKA-POMALAA-ANTAM,Simpul logistik Pomalaa-ANTAM,SURIA LINTAS GEMILANG,Sulawesi Tenggara,KAB. KOLAKA,JALAN AM. SANGAJI NOMOR 11 L-M,1,1,LEGAL,Nikel,ya,data/processed/sulawesi_esdm_nikel.csv
NODE-SULTRA-KOLAKA-POMALAA-ANTAM,Simpul logistik Pomalaa-ANTAM,TOSHIDA INDONESIA,Sulawesi Tenggara,KAB. KOLAKA,JL. MALAKA NO. 25 TELP. 0405-393639,1,1,LEGAL,Nikel,ya,data/processed/sulawesi_esdm_nikel.csv
NODE-SULTRA-KOLAKA-POMALAA-ANTAM,Simpul logistik Pomalaa-ANTAM,WAJA INTI LESTARI,Sulawesi Tenggara,KAB. KOLAKA,Jl. Nelayan I,1,1,LEGAL,Nikel,ya,data/processed/sulawesi_esdm_nikel.csv
NODE-SULTRA-KOLAKA-POMALAA-ANTAM,Simpul logistik Pomalaa-ANTAM,WIJAYA NIKEL NUSANTARA,Sulawesi Tenggara,KAB. KOLAKA,Bukit Mekongga,1,1,LEGAL,Nikel,ya,data/processed/sulawesi_esdm_nikel.csv
NODE-SULTRA-KOLAKA-POMALAA-ANTAM,Simpul logistik Pomalaa-ANTAM,EVI ANDRIANI SYAM,Sulawesi Tenggara,KAB. KOLAKA,"Jalan Poros Kolaka-Pomalaa, Kec Baula",1,0,LEGAL,Peridotit,tidak,data/processed/sulawesi_esdm_nikel.csv
NODE-SULTRA-KOLAKA-POMALAA-ANTAM,Simpul logistik Pomalaa-ANTAM,GAMPING KOLAKA SEJAHTERA,Sulawesi Tenggara,KAB. KOLAKA,JL. SULTAN HASANUDDIN NO. 60,1,0,LEGAL,Kerikil Berpasir Alami (Sirtu),tidak,data/processed/sulawesi_esdm_nikel.csv
NODE-SULTRA-KOLAKA-POMALAA-ANTAM,Simpul logistik Pomalaa-ANTAM,GASING SULAWESI,Sulawesi Tenggara,KAB. KOLAKA,"JL. TIMAH V NO.9 KEL. BALLAPARANG, KEC. RAPPOCINI, KOTA MAKASSAR, SULAWESI SELATAN",1,0,LEGAL,Pasir Kuarsa,tidak,data/processed/sulawesi_esdm_nikel.csv
NODE-SULTRA-KOLAKA-POMALAA-ANTAM,Simpul logistik Pomalaa-ANTAM,JAYA MINERAL POMALAA,Sulawesi Tenggara,KAB. KOLAKA,Jl. Jambu Kelurahan Tonggoni Kecamatan Pomalaa,1,0,LEGAL,Kerikil Berpasir Alami (Sirtu),tidak,data/processed/sulawesi_esdm_nikel.csv
NODE-SULTRA-KOLAKA-POMALAA-ANTAM,Simpul logistik Pomalaa-ANTAM,KISWAH PERDANA,Sulawesi Tenggara,KAB. KOLAKA,"JL PAHLAWAN NO. 79 KEL. LAMOKATO, KEC. KOLAKA. TELP: 0405-2321160 & 2321161, FAX: 0405-231747",1,0,LEGAL,Pasir Kuarsa,tidak,data/processed/sulawesi_esdm_nikel.csv
NODE-SULTRA-KOLAKA-POMALAA-ANTAM,Simpul logistik Pomalaa-ANTAM,MINERALINDO BERKAH SEMESTA,Sulawesi Tenggara,KAB. KOLAKA,"JL. AHMAD YANI NO. 220, Desa/Kelurahan Anawai, Kec. Wua-Wua",1,0,LEGAL,Grafit,tidak,data/processed/sulawesi_esdm_nikel.csv
NODE-SULTRA-KOLAKA-POMALAA-ANTAM,Simpul logistik Pomalaa-ANTAM,NAKA MOROWALI SEJAHTERA,Sulawesi Tenggara,KAB. KOLAKA,Jalan Trans Sulawesi Nomor 7,1,0,LEGAL,Kerikil Berpasir Alami (Sirtu),tidak,data/processed/sulawesi_esdm_nikel.csv
NODE-SULTRA-KOLAKA-POMALAA-ANTAM,Simpul logistik Pomalaa-ANTAM,PUTRA KOLAKA SEJAHTERA,Sulawesi Tenggara,KAB. KOLAKA,"LAMEDAI, Desa/Kelurahan Lamedai, Kec. Tanggetada, Kab. Kolaka, Provinsi Sulawesi Tenggara, Kode Pos: 93563",1,0,LEGAL,Pasir Kuarsa,tidak,data/processed/sulawesi_esdm_nikel.csv
NODE-SULTRA-KOLAKA-POMALAA-ANTAM,Simpul logistik Pomalaa-ANTAM,REJEKI ALAM SULTRA,Sulawesi Tenggara,KAB. KOLAKA,"JL.	BRIGJEN	M. YOENOES NO. 115 BY PASS, Desa/Kelurahan Kandai,
 Kec. Kendari, Kota Kendari, Provinsi Sulawesi Tenggara,",1,0,LEGAL,Batu Gamping,tidak,data/processed/sulawesi_esdm_nikel.csv
NODE-SULTRA-KOLAKA-POMALAA-ANTAM,Simpul logistik Pomalaa-ANTAM,RIDHA BUANA MANDIRI,Sulawesi Tenggara,KAB. KOLAKA,"JL. KAKATUA NO. 1, KEL. LALOEHA, KEC. KOLAKA, KAB. KOLAKA, PROVINSI SULAWESI TENGGARA",1,0,LEGAL,Peridotit,tidak,data/processed/sulawesi_esdm_nikel.csv
NODE-SULTRA-KOLAKA-POMALAA-ANTAM,Simpul logistik Pomalaa-ANTAM,SULTRA SUMBER SEJAHTERA,Sulawesi Tenggara,KAB. KOLAKA,"JL. BRIGJEN	M. YOENOES NO. 115  BY PASS, Desa/Kelurahan Bende,
 Kec.Kadia,",1,0,LEGAL,Batu Gamping,tidak,data/processed/sulawesi_esdm_nikel.csv
NODE-SULTRA-KOLAKA-POMALAA-ANTAM,Simpul logistik Pomalaa-ANTAM,TRI MITRA BABARINA PUTRA,Sulawesi Tenggara,KAB. KOLAKA,"Desa Muara Lapao pao Kec, wolo Kab. Kolaka Prov. Sulawesi tenggara",1,0,LEGAL,Peridotit,tidak,data/processed/sulawesi_esdm_nikel.csv
NODE-SULTRA-KOLAKA-POMALAA-ANTAM,Simpul logistik Pomalaa-ANTAM,YUANDA JAYA INDONESIA,Sulawesi Tenggara,KAB. KOLAKA,"TAMAN BUMYAGARA BLOK C 3 NOMOR 23, KOTA BEKASI, PROVINSI JAWA BARAT, KODE POS: 17158",1,0,LEGAL,,tidak,data/processed/sulawesi_esdm_nikel.csv
NODE-SULSEL-LUTIM-SOROWAKO-VALE,Simpul logistik Sorowako-Luwu Timur,ANUGERAH JAYA BUANA,Sulawesi Selatan,KAB. LUWU TIMUR,"Sopo Del Office Tower and Lifestyle A Tower Lantai 19, Jl. Mega Kuningan Barat III No.5, RT.3/RW.2, Kuningan Timur, Kota Jakarta Selatan, Daerah Khusus Jakarta – 12950",1,1,LEGAL,Nikel,ya,data/processed/sulawesi_esdm_nikel.csv
NODE-SULSEL-LUTIM-SOROWAKO-VALE,Simpul logistik Sorowako-Luwu Timur,CITRA LAMPIA MANDIRI,Sulawesi Selatan,KAB. LUWU TIMUR,"Gedung Office 8 Lantai 35 Unit H, Jalan Senopati No. 8B, Senayan, Kebayoran Baru, Jakarta Selatan, DKI Jakarta 12190",1,1,LEGAL,Nikel,ya,data/processed/sulawesi_esdm_nikel.csv
NODE-SULSEL-LUTIM-SOROWAKO-VALE,Simpul logistik Sorowako-Luwu Timur,DAYA GUNA GEMILANG,Sulawesi Selatan,KAB. LUWU TIMUR,Jalan Galuh II Nomor 5 ,1,1,LEGAL,Nikel,ya,data/processed/sulawesi_esdm_nikel.csv
NODE-SULSEL-LUTIM-SOROWAKO-VALE,Simpul logistik Sorowako-Luwu Timur,ERA MARPADOT,Sulawesi Selatan,"KAB. LUWU TIMUR, KAB. KOLAKA UTARA","MTH SQUARE GF A4/A, JL. LETJEN M.T. HARYONO KAV 10,
Desa/Kelurahan Bidara Cina, Kec. Jatinegara, Kota Adm. Jakarta Timur,
Provinsi DKI Jakarta,
Kode Pos: 13330",1,1,LEGAL,Nikel,ya,data/processed/sulawesi_esdm_nikel.csv
NODE-SULSEL-LUTIM-SOROWAKO-VALE,Simpul logistik Sorowako-Luwu Timur,KAHALA MINERA,Sulawesi Selatan,KAB. LUWU TIMUR,"JL. JUANDA NO 65 KEL. AIR HITAM, KEC. SAMARINDA ULU, KOTA SAMARINDA",1,1,LEGAL,Nikel,ya,data/processed/sulawesi_esdm_nikel.csv
NODE-SULSEL-LUTIM-SOROWAKO-VALE,Simpul logistik Sorowako-Luwu Timur,LINGKE SULAWESI MINERAL,Sulawesi Selatan,KAB. LUWU TIMUR,"Jalan Sungai Saddang, Kompleks Latanette Plaza, Blok B Nomor 12, Kel. Pisang Selatan, Kec. Ujung Pandang, Kota Makassar, Provinsi Sulawesi Selatan",1,1,LEGAL,Nikel,ya,data/processed/sulawesi_esdm_nikel.csv
NODE-SULSEL-LUTIM-SOROWAKO-VALE,Simpul logistik Sorowako-Luwu Timur,MADUMA ASIH PRATAMA,Sulawesi Selatan,KAB. LUWU TIMUR,"Jl. Agung timur 8 Nomor 12 A, Kel. SUnter Jaya, Kec. Tanjung Priok. Kota Adm. Jakarta Utara, Prov. DKI Jakarta",1,1,LEGAL,Nikel,ya,data/processed/sulawesi_esdm_nikel.csv
NODE-SULSEL-LUTIM-SOROWAKO-VALE,Simpul logistik Sorowako-Luwu Timur,MITRA BERKARYA SEJATI,Sulawesi Selatan,KAB. LUWU TIMUR,"APL Tower Central Park Lantai 39, Jl. Letjend. S. Parman Kav. 28",1,1,LEGAL,Nikel,ya,data/processed/sulawesi_esdm_nikel.csv
NODE-SULSEL-LUTIM-SOROWAKO-VALE,Simpul logistik Sorowako-Luwu Timur,PARAMOS REZEKI INDAH,Sulawesi Selatan,KAB. LUWU TIMUR,"AKR Tower Lt. 16 , Jl. Panjang No.5, Kel. Kebon Jeruk, Kec. Kebon Jeruk",1,1,LEGAL,Nikel,ya,data/processed/sulawesi_esdm_nikel.csv
NODE-SULSEL-LUTIM-SOROWAKO-VALE,Simpul logistik Sorowako-Luwu Timur,PONGKERU MINERAL UTAMA,Sulawesi Selatan,KAB. LUWU TIMUR,"Gedung Antam Tower A, Desa/Kelurahan Tanjung Barat, Kec. Jagakarsa,
Kota Adm. Jakarta Selatan, Provinsi DKI Jakarta,
Kode Pos: 12530",1,1,LEGAL,Nikel,ya,data/processed/sulawesi_esdm_nikel.csv
NODE-SULSEL-LUTIM-SOROWAKO-VALE,Simpul logistik Sorowako-Luwu Timur,PRIMA UTAMA LESTARI,Sulawesi Selatan,KAB. LUWU TIMUR,"CFX Tower Lt. 6, Jl. Jend. Gatot Subroto, Kav 35-36, Kelurahan Kuningan Timur, Kecamatan Setiabudi, Kota Jakarta Selatan, Provinsi DKI Jakarta",1,1,LEGAL,Nikel,ya,data/processed/sulawesi_esdm_nikel.csv
NODE-SULSEL-LUTIM-SOROWAKO-VALE,Simpul logistik Sorowako-Luwu Timur,SANROY MITRA SAUDARA,Sulawesi Selatan,KAB. LUWU TIMUR,"JL. JEND. A. YANI NO. 42 B, Desa/Kelurahan Tiga-belas Ulu, Kec.
Seberang Ulu Dua, Kota Palembang, Provinsi Sumatera Selatan,
Kode Pos: 30263",1,1,LEGAL,Nikel,ya,data/processed/sulawesi_esdm_nikel.csv
NODE-SULSEL-LUTIM-SOROWAKO-VALE,Simpul logistik Sorowako-Luwu Timur,SULAWESI DAMAI MINERAL,Sulawesi Selatan,KAB. LUWU TIMUR,"Jalan Sungai Saddang, Kompleks Latanette Plaza, Blok B Nomor 12, Kel. Pisang Selatan, Kec. Ujung Pandang, Kota Makassar, Provinsi Sulawesi Selatan",1,1,LEGAL,Nikel,ya,data/processed/sulawesi_esdm_nikel.csv
NODE-SULSEL-LUTIM-SOROWAKO-VALE,Simpul logistik Sorowako-Luwu Timur,SUMBER WAHAU JAYA,Sulawesi Selatan,KAB. LUWU TIMUR,JL. KALI BESAR BARAT NO. 40 JAKARTA,1,1,LEGAL,Nikel,ya,data/processed/sulawesi_esdm_nikel.csv
NODE-SULSEL-LUTIM-SOROWAKO-VALE,Simpul logistik Sorowako-Luwu Timur,TAMBORA RAYA,Sulawesi Selatan,KAB. LUWU TIMUR,"18 Parc Place SCBD Tower D Lantai 11, Jl Jendral Sudirman Kav 52-53
",1,1,LEGAL,Nikel,ya,data/processed/sulawesi_esdm_nikel.csv
NODE-SULSEL-LUTIM-SOROWAKO-VALE,Simpul logistik Sorowako-Luwu Timur,TIZAR TIRZIA TRIZARDI,Sulawesi Selatan,KAB. LUWU TIMUR,"GEDUNG OFFICE EIGHTYEIGHT@KASABKANKA, LANTAI 9 UNIT A, JL. CASABKANKA KAV.88",1,1,LEGAL,Nikel,ya,data/processed/sulawesi_esdm_nikel.csv
NODE-SULSEL-LUTIM-SOROWAKO-VALE,Simpul logistik Sorowako-Luwu Timur,VIRGO PUSPITA LESTARI,Sulawesi Selatan,KAB. LUWU TIMUR,,1,1,LEGAL,Nikel,ya,data/processed/sulawesi_esdm_nikel.csv
NODE-SULSEL-LUTIM-SOROWAKO-VALE,Simpul logistik Sorowako-Luwu Timur,MULIA TANGJONG,Sulawesi Tengah,KAB. MOROWALI,"JL.GUNUNGTAMBORA NO.37,RT.III/03,NIKKEL-NUHA, Desa/Kelurahan
Nikkel, Kec. Nuha, Kab. Luwu Timur, Provinsi Sulawesi Selatan,
Kode Pos: 92983",1,1,LEGAL,Nikel,ya,data/processed/sulawesi_esdm_nikel.csv
NODE-SULSEL-LUTIM-SOROWAKO-VALE,Simpul logistik Sorowako-Luwu Timur,VALE INDONESIA,Sulawesi Tenggara,"KAB. KOLAKA; KAB. KOLAKA UTARA; KAB. MOROWALI, KAB. LUWU TIMUR",SEQUIS TOWER LT. 20 UNIT 6 & 7 JALAN JENDERAL SUDIRMAN KAV. 71,4,4,LEGAL,Nikel,ya,data/processed/sulawesi_esdm_nikel.csv
NODE-SULSEL-LUTIM-SOROWAKO-VALE,Simpul logistik Sorowako-Luwu Timur,AEPRRA ENERGI PERSADA,Sulawesi Selatan,KAB. LUWU TIMUR,-,1,0,LEGAL,Batu Gamping untuk Industri,tidak,data/processed/sulawesi_esdm_nikel.csv
NODE-SULSEL-LUTIM-SOROWAKO-VALE,Simpul logistik Sorowako-Luwu Timur,ANUGERAH TEHNIK UTAMA,Sulawesi Selatan,KAB. LUWU TIMUR,"Dusun Kencana, RT.003 / RW.007, Desa Margolembo, Kec. Mangkutana",1,0,LEGAL,Kerikil Berpasir Alami (Sirtu),tidak,data/processed/sulawesi_esdm_nikel.csv
NODE-SULSEL-LUTIM-SOROWAKO-VALE,Simpul logistik Sorowako-Luwu Timur,JUNIOR MANDIRI,Sulawesi Selatan,KAB. LUWU TIMUR,"Dusun Munte-munte, Desa Watangpanua",1,0,LEGAL,Tanah Urug,tidak,data/processed/sulawesi_esdm_nikel.csv
NODE-SULSEL-LUTIM-SOROWAKO-VALE,Simpul logistik Sorowako-Luwu Timur,MATTIRO DECENG LUTIM,Sulawesi Selatan,KAB. LUWU TIMUR,Jalan Gunung Verbeck No. 13 Desa Laskap Kecamatan Malili Kabupaten Luwu Timur Provinsi Sulawesi Selatan,1,0,LEGAL,Batu Gunung Quarry Besar,tidak,data/processed/sulawesi_esdm_nikel.csv
NODE-SULSEL-LUTIM-SOROWAKO-VALE,Simpul logistik Sorowako-Luwu Timur,ORION MEA LUTIM,Sulawesi Selatan,KAB. LUWU TIMUR,"Dusun Sidoarjo Desa Beringin jaya Kecamatan Tomoni
Kabupaten Luwu Timur Provinsi Sulawesi Selatan",1,0,LEGAL,Kerikil Berpasir Alami (Sirtu),tidak,data/processed/sulawesi_esdm_nikel.csv
NODE-SULSEL-LUTIM-SOROWAKO-VALE,Simpul logistik Sorowako-Luwu Timur,PANCA DIGITAL SOLUTION,Sulawesi Selatan,KAB. LUWU TIMUR,"Jl. Trans Sulawesi Tenggara Kav. 668, Desa Harapan, Kec. Malili, Kab. Luwu Timur, Sulawesi Selatan 92981",2,0,LEGAL,Besi,tidak,data/processed/sulawesi_esdm_nikel.csv
NODE-SULSEL-LUTIM-SOROWAKO-VALE,Simpul logistik Sorowako-Luwu Timur,STAR MITRA SULAWESI,Sulawesi Selatan,KAB. LUWU TIMUR,"JL. Pelita Raya 6 no. 8, Desa/Kelurahan Buakana, Kec. Rappocini, Kota Makassar, Provinsi Sulawesi Selatan,",1,0,LEGAL,Kerikil Berpasir Alami (Sirtu),tidak,data/processed/sulawesi_esdm_nikel.csv
NODE-SULSEL-LUTIM-SOROWAKO-VALE,Simpul logistik Sorowako-Luwu Timur,ZAYN AL RAJHI,Sulawesi Selatan,KAB. LUWU TIMUR,-,1,0,LEGAL,Tanah Urug,tidak,data/processed/sulawesi_esdm_nikel.csv
NODE-SULSEL-LUTIM-SOROWAKO-VALE,Simpul logistik Sorowako-Luwu Timur,LOGAM JAYA UTAMA,Sulawesi Tengah,KAB. MOROWALI,"Jl. Kangkung No. 31 Kel. Wawondula, Kec. Towuti, Kab. Luwu Timur, Prop Sulawesi Selatan",1,0,LEGAL,Batu Gamping,tidak,data/processed/sulawesi_esdm_nikel.csv
